publish,标题,图片,名称,名称1,评分,评分2,评分3,评分4,评分5,评分6,评分7,评分8,评分9,评分10,评分11,评分12,评分13,评分14,标题15,信息,信息_链接,信息16,信息17,信息18,信息19,信息20,信息21,信息22,信息23,信息24,标题25,jia_text,信息26,dw_22,dw_23,dw_2327,dw_1,dw_128,dw_2,dw_229,dw_3,dw_330,dw_4,dw_5,dw_431,dw_532,dw_6,dw_633,dw_8,dw_834,dw_7,dw_735,dw_10,dw_1036,up
"
    发表于  2023-04    

      
        
    
    
",对于这款昂科威s我非常喜欢，满意的是这款车子的配置非常丰富，这样配置对我来说已经够用了，我不想再添更高的配置，比如说再增加一款2.0T的发动机，我也不想。再就是这款车的动力比较好一点。他搭载的是1.5t发动机并且加了48V轻混动系统。还搭载了9AT的变速箱，真的是一步到位。,https://image1.xcarimg.com/attachments/my/1/94/67/322_120.jpg,xuser1956732,三星会员,4.88,外观,5,内饰,5,空间,4,舒适,5,油耗,5,动力,操控,性价比,购入信息,爱车车型,https://newcar.xcar.com.cn/m68524/,2023款昂科威S552T 两驱豪华型,购入时间,2023/2/1,购车地点,宁夏新世界锦林汽车销售服务有限公司 [宁夏省],裸车价格,19万  (厂商指导价 21.79万),当前油耗,9L/100km,爱车简评,是这款车子的外观非常漂亮，你看它的外观属于典型的家族式设计，车身整体挺修长的，看着也很大气，内饰的做工材料也用的比较不错，只要看过他的历史，没有说不好的。,爱车评价,[最满意],[不满意],内饰方面都是非常好的，呃，但是说实话，可能我提时间短的问题，这款车子的内饰味道有点大，呃，塑料质感有点大，所以我个人觉得可能有一点刺鼻子的感觉。所以希望别克在于材质这方面能够更好的提升一下。再就是他的后座中间没有头枕，这个对于坐在中间的乘客来说是很不友好的，其他的缺点我没有发现，还是挺满意的。,[外观],外观上面的表现也是比较不错的，你看这款车子的外观有没有像宝马车子的样子，包括奔驰车的样子，确实这款车的外观很漂亮，我个人感觉。别克昂科威s这款车还是采用别克最早的这种家族式设计，在家族式设计的基础上又改了一下，呃，非常敦实，也很耐看，有运动感。确实比较漂亮，她属于耐看型的，咋看都是有点很漂亮，时间久了还是很好看的。,[内饰],内饰的颜色我还是比较喜欢的，但是内饰的味道有一点偏大，所以内饰这方面表现不是很好，座椅的乘坐性坐着还比较舒适的。比如说它很宽大，包裹性也好，方向盘的手感也比较不错，驾驶室也不标不错。,[空间],空间感受是非常不错的，不管是前排驾驶区域还是后排都能给到你一个非常完美的空间，抽空间也是比较多，大概整车有20多个储物空间，随手的物品都可以放在的位置。所以它的外观方面真的是比较不错，我的身高是1m74，我坐在车上的话，驾驶的情况下会感觉头部空间跟腿部空间都是比较充足的，没有丝毫感觉到其他方面不满意的地方，所以整车的空间表现真的是可以，因为家里人比较矮，高个子都坐在前排了，所以后排空间还算是比较宽裕的，但是如果说又高又壮的人做的话可能稍微有点吃力，中间就不能做人了，定位为中型SUV，轴距2m8，前排空间还是比较不错的。,[舒适],[油耗],座椅的舒适度度适中，比较让人伤心的是，座椅没有腰托，感觉长时间驾驶会有点劳累，网上买个腰垫吧。,说实话不够，这款车子目前跑了近1800km了，平均油耗也就不到九升的油耗，这个车的油耗说实话我完全可以接受的了，因为美系车油耗这点儿的话，完全可以接受的了，动力方面没得说，只要你舍得加油，门没有车能跑得过，我方向盘也比较轻，操控感也比较棒，很好开，转弯时侧轻不当悬架支撑性也不错。所以这款车子的整体油耗方面的表现确实非常好，因为之前的十个左右，但是这款车的油耗确实比较低，可能是和他搭载的轻缓动系统有一定关系。所以这款车子提速时候轻混动系统会给你提速,[动力],他的动力还是非常不错的，它的发动机搭载的好是1.5t的发动机，并且加上9At的变速箱还带着轻混动系统，所以动力比较强劲，三档以上的高档线非常平顺，刹车降速到3以下。,[性价比],性价比的话也比较不错，这款车子优惠力度也比较大，正常优惠了5万块钱，店里还赠送了八次保养，所以对于这款车子的整体性价比还是我比较认可的，呃，你看他的价格，说实话，在中型SUV当中属于高的，这个价位来讲还是比较不错的一个价位。,[操控],降档的时候稍微有一点顿挫感，老司机左脚油门就可以缓解，油耗上表现也比较不错，高速上七个多，这辆车在整体价位来说可以说驾乘体验是非常好的，呃，平缓加油门时换挡很平顺，但是减速后30~40之间减速会有略微的感，但是不是很明显可以接受范围内，呃，因为At变速箱可能就是这样的了。,[四驱],昂科威S1.5T，我看马力居然差了四五十，还是动力好开着舒服啊，平常超车也有劲了。 刹车灵敏性：刹车很敏感，刹停很快，18寸的大轮子，不错不错。,展开全部
"
    发表于  2023-04    

      
        
    
    
",最满意的是性价比，还有操控性，因为之前一直都是开飞度，车小，怎么开都方便，想换个SUV感觉不是太大就是太小，没合适的，知道找到它。有旧车置换，保值加上置换补贴相当于额外优惠了2w，总体来讲价格还是不错的。,https://image1.xcarimg.com/attachments/my/1/94/67/318_120.jpg,xuser1956731,三星会员,4.75,外观,4,内饰,4,空间,5,舒适,5,油耗,5,动力,操控,性价比,购入信息,爱车车型,https://newcar.xcar.com.cn/m68524/,2023款昂科威S552T 两驱豪华型,购入时间,2023/4/1,购车地点,绵阳广鸿汽车销售服务有限公司 [四川省],裸车价格,19万  (厂商指导价 21.79万),当前油耗,8L/100km,爱车简评,这台车的外形 ，看着非常运动 线条感十足 ，长长的车头非常霸气 ，因为这台车除了自己开之外， 家里的年轻人也会开。所以在颜值方面不能丑 ，不然会被年轻人嫌弃 。,爱车评价,[最满意],[不满意],非要说不满意就是开习惯了感觉1.5T的动力稍微差点意思了。还有就是没有流媒体后视镜，这个价位怎么也得配上吧，有点失望。,[外观],外观非常性感，车尾和奔驰的gl系列有点像，前脸有昂科威系列的厚重感，车尾有运动车型的运动感，外观颜值还是很高的。,[内饰],内饰没啥可挑的，确实不赖，我最喜欢按键式的换挡和中控屏向主驾驶倾斜的设计，很舒服。这个配置还带前排的座椅加热，冬天很舒服。如果一两个人用车，二排还可以完全放平，野营的时候铺个毯子就可以当床，可以拉货，搬家等等，用处很多。,[空间],空间很大，特别是后备箱空间，很大，感觉搬家都不用叫货拉拉了。后排的空间也可以，我自己试了试腿部距离和前排有不到两圈的距离。主驾和副驾的空间就更大了。175-183的身高没有任何问题。,[舒适],[油耗],车子的静音性也非常满意 ，非常造假的地方 穿上车窗 车里面就瞬间安静了 。说别克静音好看 来真的不是吹的 。,油耗没有啥问题，本人上下班一般不会太堵，油耗在8-9之间，还可以接受。,[动力],上下班代步够用，想要推背感就稍微差点了，毕竟是1.5T的，起码配置还不错，带自动启停，发动机启停关闭按钮，车道偏离辅助，驾驶模式切换，抛开加速性，驾驶操控很舒服。,[性价比],性价比很高，特别是代步车，对于喜欢SUV而且开车技术相对不高的选手，可以入手，车辆尺寸较小容易操控，配置相对丰富，1.5T的排量，搭配了2.0T的配置，自带很多安全配置，安全不用担心，像安吉星，主动刹车，前方碰撞预警这些功能非常重要，哪怕用不到，有总比没有强。安吉星有远程启动，碰撞自动求助，24小时人工客户等功能，随时可以联系，去哪都方便。,[操控],因为是一个运动型车 ，开着也非常的舒服 ，车子的稳定性和操控性也非常好 ，就转弯的时候也没感觉有多侧面倾斜，过很颠簸的路段也不会觉得人弹起来 。,[四驱],开起来很顺手 ，动力是足够用的。,展开全部
"
    发表于  2023-04    

      
        
    
    
",我购买的是别克昂科威S的552T精英版的，我对这款车整体都是比较满意的，因为预算问题所以就买了1.5的低配，但是也确实感觉这个配置性价比很高的。我最满意的就是这个车子的外观和动力，首先外观来说，非常年轻时尚，而且也很有运动感。其实我家里人是想让我买昂科威PLUS的，说空间比较大，但是我还是比较喜欢昂科威s的外观造型，比较我才二十出头，而且也刚毕业没多长时间，车子大部分时间都我自己一个开，最多也就是带着女朋友出去玩。,https://image1.xcarimg.com/attachments/my/1/94/67/316_120.jpg,xuser1956731,三星会员,4.75,外观,5,内饰,4,空间,4,舒适,5,油耗,5,动力,操控,性价比,购入信息,爱车车型,https://newcar.xcar.com.cn/m68523/,2023款昂科威S552T 两驱精英型,购入时间,2023/3/1,购车地点,辉县市威佳百通汽车销售服务有限公司 [河南省],裸车价格,15万  (厂商指导价 20.99万),当前油耗,7.9L/100km,爱车简评,昂科威s的动力也是很可以的，年轻人买车嘛无非就是在意外观和动力。而且s确实是比PLUS要便宜不少，我感觉PLUS更适合年纪再大点的人开。,爱车评价,[最满意],[不满意],要说不满意的地方的话，这个车子的后排空间确实是有点小的，最起码是比同级别其他车子要小的，不过好在我这后边也基本不做人，大部分时间都是我一个人开，最多副驾驶有人做。说到副驾驶，不得不说这个车子对副驾驶也不是很友好，因为这个中控屏是往驾驶座偏斜的，副驾驶会有点不得劲，但是这样的设计驾驶员比较方便，比较方便开车的人操作屏幕。,[外观],昂科威s的外观是最喜欢这个车的地方了，看起来就很赏心悦目，很年轻时尚。这个车的车头就很大气，要说这个车子空间小，肯定跟车头是关系，这个车头确实是很长，再加上车子比较宽，所以看起来非常霸气，气场一点都不输三四十万的车。侧面看起来也很好看，整体的造型和线条让车子看起来都很流畅。车尾的话我个人感觉是有点像保时捷的感觉，比较圆润，不过看起来是很时尚大气的。,[内饰],因为我买的是低配的精英版，座椅是布料的，所以我一买回去就买了一套坐垫。虽然低配的座椅是布料的，不过车上其他的地方也都是用的软包材料，还是比较不错的。空调的效果还是挺好的，而且开着空调也基本上对动力没有影响。,[空间],昂科威s的空间相对来说还是有点小的，尤其是后排空间，比同级别其他车的都要小一点，不过它定位毕竟是一款运动型的车，而且对我来说主要是以驾驶为主，所以对后排空间要求不大。不过呢后备箱空间还是很可以的，能放不少东西，两个人出去玩完全是没有问题的，而且还可以完全放平，跟第二排打通，躺里面睡觉感觉应该都没问题。车里面的储物空间也还不错，四个门上都有两个放东西的地方，而且还有可以拆卸的储物盒，挺方便的，前边中间扶手箱也是挺大的，也能放不少东西。整体来说除了后排空间小了点，其他各方面都是还可以的。,[舒适],[油耗],配置较高。整体也比较舒适。,到目前为止，我的车子是开四千多公里，油耗显示的是9.5，我感觉还是可以的，因为我基本上都是上下班在市区里面开，所以这个油耗还是完全可以接受的。我跑高速比较少，这个车子的跑高速的时候油耗大概在七个左右，不算低也不算高，中规中矩吧。我朋友的买本田皓影，也是基本在市区里面开，油耗也将近九个了，所以我这昂科威s在市区开这个油耗还是可以的了。,[动力],虽然我买的这款昂科威s是1.5的，但是动力还是非常不错的，用的是那个别克最新的阿凡达的发动机，而且还是高功率版本的，虽然是1.5的但是能达到211匹的马力，起步和加速都是很给力的。,[性价比],我个人觉得昂科威s的性价比是很高的，这款车子优惠力度也挺大的，买车之前我朋友就推荐我买本田的皓影或者CRV，不过我这个人对动力和颜值要求比较高一点，而且本田的车基本都没有优惠，办下来价格还是挺高的，就是感觉没有别克的性价比高，而且动力也是昂科威s的要好，再加上确实比较喜欢昂科威s的颜值，所以最终还是选择了它。,[操控],昂科威s开起来也是很灵活的，比较好驾驶，我感觉开起来是比PLUS要更轻巧，可能是毕竟车子要小一点。虽然是低配的，但轮胎用的也是18寸的马牌轮胎，还是很良心的，也比较符合运动型车子的定义。,[四驱],跑高速的话，车子也是很稳的，不亏是美系车一如既往的稳重。,展开全部
"
    发表于  2023-04    

      
        
    
    
",这个车看了好长时间了，买车的时候也对比了很多车型，最终经过这个家里面的商量就选择了昂科威，开了一个月了，感觉超的空间还是挺不错的，而且动力非常强劲，基本上想怎么超车就怎么超车，一脚油门下去动力杠杠的， 很多朋友说别克车油耗高，我开的是百公里油耗八升多，而且我基本上都是在市区里面开。,https://image1.xcarimg.com/attachments/my/1/94/67/310_120.jpg,xuser1956731,三星会员,4.75,外观,5,内饰,5,空间,4,舒适,4,油耗,5,动力,操控,性价比,购入信息,爱车车型,https://newcar.xcar.com.cn/m68523/,2023款昂科威S552T 两驱精英型,购入时间,2023/2/1,购车地点,邯郸市耕耘汽车销售服务有限公司 [河北省],裸车价格,15万  (厂商指导价 20.99万),当前油耗,9L/100km,爱车简评,油耗可以了，毕竟车有这么大呢，外观当初选择它的时候，就是因为外观，看着好看，而且这个线条设计的也非常的完美，感觉车的肌肉感非常饱满。,爱车评价,[最满意],[不满意],当时买车的时候没有这个豪华配置的现车，然后就选择了这个精英版的，除了这个感觉内饰是这个布座椅之外，包括没有电动座椅，还其他都挺好的。毕竟比这个豪华版的便宜了一万多块钱，哎，感觉还是非常合适吧！,[外观],买这个车的最大原因还是因为外观比较好看，新款的昂科威有这个长车头短悬挂轿跑的这个风格特别明显，而且朋友都说像那个保时捷怎么说呢？十几万块钱开出来了几十万块钱的感觉非常的合适，车的整体线条设计的还是非常合理，把整个车的这个肌肉感全部都体现出来了！特别是这个大灯，晚上非常的亮，自动感应的，就像这个眯着眼睛一样秀气而不失奢华。,[内饰],要是当初的话，买豪华版的没有现车，所以说只能选择这个精英版内饰的话，没有皮座椅，没有电动座椅，而且这个方向盘还不是真皮的，其他的话跟高配的基本上差不多嗯，内饰的风格设计的也还可以，中控屏的话要有点侧倾于主驾驶，很好于操作座椅的话，坐着也非常软和吧嗯，他们都说座椅冬天不冷，夏天不热，这也就是布座椅的好处吧！,[空间],这个车的空间是真的很大，家里面人坐后排，腿部空间非常的宽敞，而且这个后备箱的空间也非常大，前几天走亲戚拉了十几箱东西，完全能放得下。,[舒适],[油耗],买这个SUV就是因为想要它这个空间，因为我比较喜欢钓鱼，平常的这个渔具啊什么的都特别的多，这完全都能够满足我对这个车的空间需求了，而且第二排中间的凸起也没有那么高，中间坐人的话踩着也非常舒服。,我基本上都是在市区里面行驶，表显油耗的话，现在显示的是八升多百公里，我朋友的老款昂科威，他的油耗是十升左右，这样完全可以接受吧，这么大的车，而且最近天气比较冷，也一直开着空调，主要是我们这市里边的话，堵车现象特别明显，红绿灯也比较多，这个油耗完全可以接受，在车开了800多公里了，一共才加了400块钱的油，而且油箱里面还有油，我感觉挺不错的，之前我那辆轿车油耗跟这个都差不多了，但是那个轿车它毕竟车辆小，车身也轻。,[动力],这个车用的是1.5 t+9 at的变速箱，最高马力输出可达210匹，比2.0的都不相上下了，而且这个方向盘指向特别精准，略微的动一点方向，轮子就跟着转动了，方向盘也特别轻盈，一点都没有感觉到很累的感觉，而且这个过弯的时候，车辆就特别的稳我度高一点的话，也没有什么特别大的错轻。,[性价比],买这个车当时优惠了五万多块钱，整体下来还比较满意，而且4s店还额外赠送了我两次保养，性价比我也不知道它是个什么东西，但是我感觉这样的价钱买到这个配置的车，其他品牌里面基基本上不好找，这也有可能就是性价比吧！当时买车的时候嗯，销售那边还特别的向我介绍了售后的一些人员，他们的服务态度特别的好，我感觉后期车辆售后这方面绝对是没有问题的，身边朋友买车的话还是非常推荐去买这个车。买车只是第一步，主要还是看这个后期的一些售后啊之类的，我上一辆车就是售后不太好，所以才给他换了。,[操控],体感觉就是开着这个车非常的安全，当时买车的时候试驾，让那个试驾员给我试驾了一下，刹车非常的灵敏，当时我记得速度都开到了100码左右，刹车距离大概在30多米吧，这个系数感觉很多车型都做不到，总之来说，美系车非常安全。,[四驱],是中控台的用料，也是很好的，都是糖塑软包，看起来非常上档次，车的一些按键也比较容易操控。,展开全部
"
    发表于  2022-09    

            
    
    
",我是比较喜欢和朋友一起自驾游，所以在买车的时候我比较关注的就是动力，还有颜值。刚好昂科威s四驱运动版这一款车各方面也比较符合我的需求。要说对这款车最满意的就是这款车的外观，还有就是它的性能，外观方面，整车看起来非常的运动漂亮，车头长，尾部短，再配上幻影蓝的车身颜色，熏黑的轮毂，还有红色的卡钳，无不彰显着它运动的风范，既显得年轻又非常的时尚运动。动力方面匹配的是，2.0t可变缸涡轮增压发动机加9 at的变速箱和48v轻混。马力最高可达237匹，扭矩有350牛米，不仅动力强劲而且有四驱功能，和朋友出去玩的时候不用为一些不好的路况发愁，而且和朋友一起开车出去玩儿，我每次都是走在最前边，不管是提速还是超车还是爬坡，各方面的性能都优于朋友的车辆，朋友也对我这台车非常喜欢，有事没事总想借我的车开着出去玩。听着朋友们的夸赞，我的虚荣心也是爆棚，也对自己能够选择这台车而感到骄傲。而且整车的底盘特别的稳当扎实，在高速的时候我试过这台车的加速性能还有底盘扎实感，超速行驶时速达到200的时候车身还是相当的稳，当然为了安全也不建议这样超高速的行驶。后悬挂过滤舒适性也非常好，自驾游的时候遇到一些不好的路面，它的底盘滤震性非常的好，能够很好的过滤掉过多的颠簸幅度，坐到后排的时候不至于感觉特别的难受，这得益于它的五连杆后悬挂。而且这部车的隔音效果非常的给力。我和朋友的车对比过，同样的路况，同样的环境，昂科威s它的静音效果要比其他车都要好得多，真的能够隔绝大部分的噪音，使车内的环境更加的安静舒适。作为一款SUV，昂科威s的操纵感也非常好，方向盘精准又灵活，开起来非常的得心应手，安全驾驶辅助配备也非常的齐全，可以无形中提高行车中的安全。结合外观，动力，配置，优惠等最终觉得昂科威S四驱运动版更加符合我的购车需求。,https://image1.xcarimg.com/attachments/my/1/94/01/855_120.jpg,xuser1950185,三星会员,4.88,外观,5,内饰,5,空间,5,舒适,5,油耗,4,动力,操控,性价比,购入信息,爱车车型,https://newcar.xcar.com.cn/m65922/,2022款昂科威S改款 GS 四驱运动型,购入时间,2022/6/1,购车地点, [天津市],裸车价格,20万  (厂商指导价 24.99万),当前油耗,8L/100km,爱车简评,昂科威s它的静音效果要比其他车都要好得多，真的能够隔绝大部分的噪音，使车内的环境更加的安静舒适。,爱车评价,[最满意],[不满意],人无完人，车无完车，这款车的副驾没有电动调节多少有点感觉不太合适，虽然不是必须的吧，但是有总比没有强。还有就是后排地板凸起有点高，如果后面坐满人，坐中间的那位多少有点不太舒服。,[外观],当时选择买这台车，最主要的原因就是它的外观，车型外观设计非常的年轻时尚，在匹配运动套件之后运动感十足，宽大的车头设计更具视觉体验。,[内饰],内饰方面的设计用的都是环保用料，不仅摸起来手感好，而且看上去非常的上档次，车机每年赠送的有100G的流量，可以用来听歌，听新闻，导航。语音控制更加方便快捷，还有流媒体后视镜可以实时监控后方车辆情况。,[空间],空间方面对于我来说完全够用，前排的空间还是非常宽敞的，座椅的包裹性也非常好，后排的空间也够用，后备箱的空间还是非常给力的，有时候出去自驾游带的东西比较多，也完全够放。除了后排地板凸起有点高之外，完全没毛病。,[舒适],[油耗],座椅的软硬程度适中，做着非常的舒服。另外双区恒温空调也比较方便。后排配的有这个出风口。可以快速的降低车内温度，达到适宜的温度。,我目前开出的油耗大概是在8.8左右，毕竟是2.0t的发动机，目前对油耗还是比较满意的，不过在高速上行驶的时候，油耗真的是非常不错的，期待他以后的表现吧！,[动力],2.0t可变缸涡轮增压发动机提速真的是没得说，马力最高达到了237匹，油门轻轻点一下响应速度非常快，动力输出马上就体现了出来，在匹配上9at的变速箱，换挡迅速，平顺。跑高速的时候特别的稳，而且油耗比较低。,[性价比],每个人的需求不同，所以选择的配置也会不一样，整体来说昂科威s，不管是外观设计还是内饰的用料，或是它的整体配置，优惠政策，各方面都非常的给力，良心。我是比较推荐这一款车的,[操控],方向盘指向灵活又精准，操控起来特别的方便。没有什么虚位。可以很精准的达到自己想要的方向。,,,展开全部
"
    发表于  2022-09    

      
        
    
    
","虽然说这是我人生中第一辆车，但是我一直以来都是别克的忠实粉丝。我喜欢别克的用料扎实。喜欢别克的，做工精细。最终让我选择昂科威sgs的一大部分原因也是这样。当我第一眼看到这款车的时候，感觉这辆车有点笨重，直观的感觉特别费油。到店谈的时候，销售顾问一直建议我试驾一下。刚开始我觉得新车试驾并没有多大的意义。因为除了动力的话，别的根本就试不出来。来当我选择试驾这辆车的时候，直观感觉出乎意料。在试驾路线的时候比较宽敞。一脚油门下去，感觉提速很轻松。底盘也很扎实。底盘调教特别稳重。2.0t可变缸涡轮增压发东西，9 at变速箱搭载了一个48V的轻混动力系统。零百提速八秒多。特别是在转弯的时候。底盘调校给了我一种特别稳重的感觉，没有慌，打心里感觉很放心。买车和平时买衣服不一样，买了一件不喜欢还可以再换，或者不穿，但是买车可不能这么随便。一开始预算25W以内买一辆SUV,再加上我本来就是别克的忠实粉丝，再接下来的七八年内可能都没有闲钱换车，所以多考虑了几种，包括CRV,探岳，昂科威，大体上就是在网上看评测或者帖子什么的，先说CRV,基本没说多少优惠，感觉车身比较轻。但是没给我多大的影响，最后选择了这款车昂科威s。外观简约大气，一见钟情的感觉。这款车外观造型大气沉稳。前机盖上面的筋线明显，很有力量感，飞翼式进气格栅，车标两侧通过镀铬饰条提升精致。前排主副驾空间富足不紧促，后排乘客无论膝部头部都有一到两拳的空余，而且车身宽敞，并排三人坐也不显得拥挤。后备箱超大，能乘放家庭出行的众多行李。 采用了按键式电子排挡，节约了空间，体现了科技感和人性化，让驾驶者能舒心操控。 想要空间大，动力强，配置高，选择昂科威sgs版本是一个很不错的选择。",https://image1.xcarimg.com/attachments/my/1/94/01/849_120.jpg,xuser1950184,三星会员,4.88,外观,5,内饰,4,空间,5,舒适,5,油耗,5,动力,操控,性价比,购入信息,爱车车型,https://newcar.xcar.com.cn/m59352/,2022款昂科威SGS 四驱运动型,购入时间,2022/8/1,购车地点,山西必高汇通汽车销售服务有限公司 [山西省],裸车价格,20万  (厂商指导价 24.99万),当前油耗,6L/100km,爱车简评,整车做工精良，用料厚道，皮质座椅软硬适中包裹感强，真皮多功能方向盘握感很舒服，油然而生的操纵性。还有方向盘换挡拨片，前排座椅加热，说实话，这些功能让我觉得花的钱很值。,爱车评价,[最满意],[不满意],对于这款车的喜爱，我还没有过去那个新鲜感佛时期。但是理智的去考虑的话，我觉得还是有几个要素的。 第一:我很想明白车上的48v轻混到底是干什么用的，有人说是为了应对国六发动机的排放要求才有了48v轻混。这个轻混我觉得没啥用，虽然说在车辆起步，或者提取的时候提供一个48v的电助力，但是兄弟们，你们觉得有用吗？一吨多的车重，唉，也是绝绝子。 第二:虽然这个车开起来很轻巧，但是感觉还是一个庞然大物。如果是女孩子的话，或者不经常开车的朋友，可能开起来有点吃力。 【空间】 空间：车长4662，车宽1883，车高1641，轴距2779。作为一台中型SUV，我觉得2m7多将近2米8的轴距，作为空间舒适度来讲的话还是非常的宽敞的。本来suv开起来就比轿车厚重，比轿车视线要好的多。将近1米9的车宽，后排坐三个人，不会感觉拥挤。就算是一个1米8的大个坐后排中间的位置也不会感觉到顶头。后排中间的位置还有一个扶手双杯托。后排两人胳膊有一个支撑点，乘坐起来会非常的舒服。,[外观],当初选择这辆车的时候也是因为它外在的一些运动套件。熏黑色的轮毂，红色的卡钳，黑色的后视镜外壳。再加上这辆车前引擎盖上面的棱线，贯穿全车的侧身腰线。都给这辆车增加了一些运动气息。,[内饰],别克车的内饰我觉得不用我多说什么。美系车用料扎实。该用软包的地方不会给你装上硬塑料。整车内部做工，质感较好。,,,,[油耗],,平时我跑市区和郊区都比较多。官方给的油耗是九个油左右。作为我的一个郊区，和市区跑的同样多的车主。综合油耗在九个油和十个油左右。Suv相比于轿车都是比较费油的。这辆车给我的感受还可以。都说别克车费油，我感觉也就那回事儿。237匹的马力，如果说特别省油的话，干嘛还要选择SUV？,[动力],别克车给我最好的驾驶感受，就是他开起来非常的稳重。地盘扎实。虽然是一个中型suv，看起来很笨重。但是它的驾驶感受却给你一种非常轻盈的感觉，2.0t涡轮增压发动机，237匹的马力，一个9变速箱和48V轻混。这个电助力的方向盘真的很赞。特别是在倒车的时候，或者是打方向盘比较频繁的时候，胳膊完全不会感觉到酸疼。电助力方向盘在车速较快的时候转起来比较重，车速越慢，反而越轻。,[性价比],别克车的优惠力度是比较大的，20万多一点的预算真的可以考虑这样的一个suv。别克车打的就是性价比。因为美系车的用料特别扎实。,,,,,展开全部
"
    发表于  2022-09    

      
        
    
    
",选来选去还是选了你。因为之前第一辆车也是别克，那会刚学会开车，家里人给买了辆昂科拉，那会啥也不懂，家里人给钱，无所谓买哪款。就听家里人说别克车安全，昂科拉小，刚拿完驾照，开小点的车，停车好停。那会昂科拉也好看，就买了，用了两年以后感觉不是那么回事。尤其是参加工作和组建家庭以后，就发现昂科拉太小了，实在是不够用的，家里人一致商量以后，决定换车。就在车市场看的一下中型SUV。看了大众探岳和本田CRV和别克昂科威s，这几款车型都是中型SUV市场上面主流的车型。就都去试驾了一下。后来又在网上看了下车评，说大众目前因为颗粒捕捉器问题，有很大问题，一直解决不了，买车好与不好完全看运气，这看的我心突突的。非常犹豫。本田CRV家里人又说不太安全，车皮太薄，车里面都是塑料感，家里人不喜欢。就只能看昂科威s，因为之前开的也是别克，所以对别克也还是有感情的。再有就是别克昂科威s这款车，吸引我的点在于这款车科技配置挺好的，本身马上也是有孩子的人了，家人安全是我放在第一位的。再有就是同品牌置换，我之前的车给的价格我也挺满意。就一致同意，买这款车了。,https://image1.xcarimg.com/attachments/my/1/94/01/847_120.jpg,xuser1950184,三星会员,4.88,外观,5,内饰,5,空间,4,舒适,5,油耗,5,动力,操控,性价比,购入信息,爱车车型,https://newcar.xcar.com.cn/m65921/,2022款昂科威S改款 652T 两驱豪华型,购入时间,2022/6/1,购车地点,牡丹江绿地申通汽车销售服务有限公司 [黑龙江省],裸车价格,17万  (厂商指导价 23.29万),当前油耗,6L/100km,爱车简评,别克昂科威s这款车，吸引我的点在于这款车科技配置挺好的，本身马上也是有孩子的人了，家人安全是我放在第一位的。,爱车评价,[最满意],[不满意],最不满意的就是，别克的车全国的优惠偏差都太大，不好谈价格，我买个车，来来回回跑了5趟才算是谈下来。还有就是这个车的中控台是真的丑，连我之前开的昂卡拉都不如。好好的车，为啥中控台搞个斜角，看的实在是难受。20多万的车了，副驾驶给弄个手动调节，一点也不友爱。我媳妇每次坐车都要吐槽一下。弄得我都想去改个电动的了。希望别克工程师能好好的考虑下，没必要省这一点点钱。,[外观],外观上比较运动。是我喜欢的颜值。说实际的我更喜欢昂科威sGs版本。轮毂看着都舒服。但是因为预算问题和性价比原因，还是选择的652T豪华版的。毕竟配置也没有错什么，无外乎就是轮毂小一点。,[内饰],内饰上面比起我之前开的昂科拉要好很多了。都是真实座椅。我之前开的那辆车都还是布艺的。不喜欢的就是中控台，还没有我之前昂科拉的好看。非要弄个斜角，副驾的空间压缩的好小。还有就是副驾驶的手动调节，我也是够了一点档次感也没有。真的是要接受优点的同时也要接受缺点。,[空间],空间上面，主驾驶的空间和后排的空间说气话没啥好说的，都挺好的。一家人出行，坐在里面也不感觉拥挤，就是副驾驶的空间，坐在里面比较别扭，主要就是因为中控台斜角造成的。感觉空间上面小了很多，坐着也别扭。 后备厢容积：后备箱满足日常出行。我放了个大箱子，还有好大空间可以用。,,[油耗],,油耗我感觉比我之前开的1.3T昂科拉差不太多。我之前开的昂科拉基本上都在6.5L左右。买完这个车以后到目前跑了600多公里，油耗表显示是10L。个人感觉还是能够接受，因为这600多公里都是跑低速跑的。毕竟是2.0T的车子。没有网上说的别克车都是油老虎那么夸张。,[动力],动力方面，我就怕1.5T不够用，所以我选的是652T的。毕竟我要考虑的是一家人出行。之前开的昂科拉1.3T的，之所以换车是因为那车空间和动力方面完全就不能满足我得日常出行用车。所以再次买车的时候，我首选就是买个动力强一点的。这款车的动力系统确实不错。2.0T的发动机和9速的变速箱，还搭配了48V的轻混电机。动力的衔接确实很平顺。比大众7速的车开车来平顺，比本田CRV开起来有操控感。 起步/加速动力：加速动力挺猛的，轻点一下一下子就起来了。而且安全系也挺高的，这车配置的有碰撞预警和前车距离提车，我开这个车，前车速度稍微慢一点，安全系统反应都很快。立马就报警提醒。增加的开车的安全。,[性价比],买这个车还是挺好的，因为是看车主的原因，店里多送了两次保养，加原来的两次，一共4次保养。这也能省不少钱。听说这车一次保养要700-800。又可以省下来千把块钱。,,,,,展开全部
"
    发表于  2022-09    

      
        
    
    
",外观颜值比较吸引人，相比市面上的SUV长的都比较憨厚，昂科威S车头比较长后悬挂比较短，外观更时尚。9AT的变速器加按键式电子档，车内看上去这个挺有档次感，中控屏有向主驾驶座倾斜的角度，阳光下屏幕导航也能看的清，后悬挂采用五连杆独立悬挂，车辆的操作稳定性和乘坐的舒适性都上一个档次。,https://image1.xcarimg.com/attachments/my/1/94/01/846_120.jpg,xuser1950184,三星会员,4.88,外观,5,内饰,5,空间,4,舒适,5,油耗,5,动力,操控,性价比,购入信息,爱车车型,https://newcar.xcar.com.cn/m65921/,2022款昂科威S改款 652T 两驱豪华型,购入时间,2022/6/1,购车地点, [天津市],裸车价格,19万  (厂商指导价 23.29万),当前油耗,8L/100km,爱车简评,外观颜值比较吸引人，相比市面上的SUV长的都比较憨厚，昂科威S车头比较长后悬挂比较短，外观更时尚。,爱车评价,[最满意],[不满意],中控下方的空调出风口设计的太低，对着肚子的位置吹，会吹的肚子疼，胸以上的部位空调都吹不到。,[外观],车头比较长显得比较有力量，后悬挂离车尾比较近，显得车尾比较短。轮毂方面采用的是18寸双色铝合金轮毂搭配马牌轮胎，车辆的抓地力比较强。前进气格栅有智能降阻的功能，前脸车标旁的镀铬饰条与日间行车灯相交互，感观上前脸是比较宽，车顶两侧都有铝合金行李架，提升美观的同时也兼顾使用性。两侧的车窗也有镀铬饰条包裹，提升车辆的档次感，四门都是支持无钥匙进入功能。后车窗采用原厂的隐私玻璃，在隔绝紫外线的同时兼顾隐私性。前后车灯都是采用LED自动感应灯光，光线比较暗的地方会自动开启近光灯和示宽灯能提升行车安全。,[内饰],主驾驶是六项电动调节副驾驶只有六项手动调节，前排两个座椅是有着座椅加热冬天使用比较方便，但缺少座椅通风功能。第二排座椅则不支持前后移动。座椅材质是黑色真皮内饰，方便打理。车辆有每年赠送100G流量，并且可以通过安吉星APP远程控制车辆，还能查看车辆定位。全车共有七个扬声器，音乐的音质效果还算不错，中控屏则是采用10寸的大屏幕，有向主驾驶倾斜的角度，前后排各有两个USB接口，方便车上多人同时给手机充电，后排好有中央扶手带杯托及时长途坐车也不会感觉太累。,[空间],昂科威S有个长长的车头，但前后排的空间都不算小，前排中控采用按键式电子档，在电子档的下方有个镂空的储物格，空间挺大的能放的下抽纸盒，在电子按键的前方有个超大的储物盒，可以放手机也可存放一些下杂物，电子按键的右侧是两个不算小的水杯盒，中央扶手箱是对称式开口，敞口比较大，拿放东西还算方便。在前排座椅调整到合适位置后，坐进第二排膝部离前排座椅还有两拳的空间，头部空间是比较大的超过了五指，全景天窗的透光性也挺好，坐在车内并不会感觉压抑。后备箱有360升的空间，能放下两个20寸的行李箱，第二排座椅还能全部折叠放倒，后备箱发储物空间能进一步放大，并且第二排座椅的椅背和后备箱地板是平齐的，放东西比较方便。,,[油耗],,2.0T的发动机有搭配48V轻混电池，在起步时这块大电池还能给到一定的助力，间接的节省部分的油耗，综合油耗在百公里8.7L油，市区油耗还是偏高一些基本在9个油以上还有时会超过十个油，高速路段油耗相对也低一些路况好的情况下可以控制在百公里6个油一下，昂科威S这款车在比较好的动力情况下8.7L的综合油耗还是可以接受的。,[动力],2.0T的发动机动力还是比较澎湃的，350牛米237马力，起步时多给点油都有强烈的推背感，像爬地库的陡坡还是车内做满人，都感觉不到动力有明显的减弱，车辆起步时的加速度挺快的，当车速上百公里每小时时再提速超车动力提升的也还很快的，9AT的变速器换挡积极且平顺，仔细去感受也没有感觉到明显的顿挫来，且在M档还可以通过方向盘后面的换挡拨片来做九档调节，提升了车辆的操控性，车辆还有三种驾驶模式舒适、运动和雪地。,[性价比],昂科威S豪华版指导价23.29万优惠了四万，购置税还享受减半的政策，车辆落地在20万出头一些，在合资车型，20万出头的同级别车型中昂科威S的性价比是比较高的，有赠送两次保养，并且动力总成方面是支持八年十六万公里的质保。,,,,,展开全部
"
    发表于  2022-09    

      
        
    
    
",其实一开始是没有打算买车的，对车也并不是很感冒，但是没什么办法，因为，我生活的这个城市要整治电动车之类的所以会选择购买一辆车，我对车也并不是很懂，平时关注的也比较少，也是通过朋友的介绍，最后才选择了这款车，现在觉得真的是捡到宝了呢，说实话，这辆车的优点真的挺多的，你像他的超大的天窗，我跟我的女朋友其实都非常喜欢这个东西，有时候晚上跟女朋友出去散散心，可以把第二排座椅完全放平，然后躺上面把天窗打开，看着天上的星星跟月亮聊聊天，真的是非常的浪漫了，我用车也就是两点一线，平时也就是上下班用，不是在家里就是在公司，有时候工作累了，中午的时候还可以躺在上面稍微休息一会儿，还挺不错的，还有就是这辆车的无线car play功能，我也不是很懂，也是朋友给我介绍的，我才明白是不用数据线就可以完成互联，在手机上听歌导航什么的，因为我听我的朋友他们说他们的车都是有线的，嗯，没有我的这个方便，也没有我的我的这个美观。其实，最终选择这款车的原因也不只是车的配置方面，还有，就是，我当时去看车的时候，那家店的服务态度真的超级好，给人一种很舒服的感觉，在去这家店之前，其实也去过别的店，但是好多人都是对我们爱搭不理的，也就没了什么好感，依稀的记得接待我们的那位小哥哥，全程都是脸上挂着笑容，我也给他说了，我并不是很懂车，很多东西都不明白，你可以帮我介绍一下，并没有反感反而，非常有耐心的给，我们介绍功能之类的，还有动力，之类的，最后还主动邀请我们试驾感受一下，有了基础的了解之后，感觉还不错，就接受了他的邀请，没想到啊不试驾，不得了，试驾完之后，简直是一发不可收拾，虽然我的驾驶证比较早，但是我开车的机会确实比较少，但是这款车怎么说呢？就是给我一种非常容易上手的感觉，即便是新手也可以，说是得心应手。后来跟女朋友商量了一下，觉得这款车真的不错，看一下价位合适不合适吧，如果合适的话，今天可以提车那个小哥也挺为客户着想的，说有什么什么东西，我们不需要的就尽量不要购买了，最后算了一下价位还是稍微有一点点超越了我的预算，就问一问他能不能帮忙申请？申请再优惠一点，如果我没记错的话，那个小哥帮忙跑了三次去找他们经理申请价位最后终于达到了我的心理预期。当天。就把车定下来。,https://image1.xcarimg.com/attachments/my/1/94/01/844_120.jpg,xuser1950184,三星会员,4.88,外观,5,内饰,5,空间,5,舒适,5,油耗,4,动力,操控,性价比,购入信息,爱车车型,https://newcar.xcar.com.cn/m65920/,2022款昂科威S改款 552T 两驱豪华型,购入时间,2022/6/1,购车地点,济宁朗巍弘辉汽车销售服务有限公司 [山东省],裸车价格,17万  (厂商指导价 21.79万),当前油耗,6L/100km,爱车简评,我用车也就是两点一线，平时也就是上下班用，不是在家里就是在公司，有时候工作累了，中午的时候还可以躺在上面稍微休息一会儿，还挺不错的。,爱车评价,[最满意],[不满意],稍微有一点点不满意的地方。有可能是他的。环抱式驾驶座舱吧！因为。女朋友说坐在副驾驶的时候。看中控屏幕。不是很方便。感觉有点别扭。其实我觉得挺好的，这样更方便，司机更好的去驾驶，更好的及时观察车况，这样才能， 大大提升车上人员的安全性，不是吗？,[外观],外观看起来挺霸气的，我选的是黑色的，整车的线条看起来也比较流畅，在路上的时候，日行灯一打开，个人觉得还是蛮帅的。,[内饰],内饰做的也是挺用心的，无论是行车，电脑还是中控显示屏尺寸也是刚刚好，而且车内也用了挺多的皮质，最让我喜欢的还是它的那个超大的天窗。,[空间],空间方面也还算满意，我个人是一米七八的身高，我女朋友是一米七二，无论是主驾驶还是副驾驶，乘坐起来都不会有拥挤的感觉，毕竟是SUV嘛，空间还是没问题的。,,[油耗],,我的车还没有上过高速，一直还是在市区里面用，像我夏天开空调的状态下，也就是八个多点的油耗，还没有超出过九个，我也没有开过别的车，也不知道是什么样的一个状态，反正听朋友们说还可以接受，因为毕竟是一个那么大的一个SUV，油耗也还可以。,[动力],开起来也还不错，挺顺手的，因为我选择的是一个1.5t嘛，平时也都是在市区用车，动力是完全够用，因为我也不是特别追求动力的人嘛，平时在市区超个车过个红绿灯之类的，完全没有问题的,[性价比],性价比应该算是挺高的了吧？十几万合资的SUV，而且还有那么高的配置，挺良心的，而且还，赠送了两次保养免费的，反正在我对比的那几款车型当中，性价比是非常的高了,,,,,展开全部
"
    发表于  2022-09    

      
        
    
    
",最满意的就是这款车的外观了很有豪车范儿的感觉，而且的话底盘非常的扎实变速箱发动机都是用的同级别里面规格最高的1.5T的阿凡达动力和九数手机一体变速箱现在的话还带有48V缓动电机油画的话也能得到一定的保证车漆屏幕功能也非常的丰富语音识别度非常流畅，画面的高青路也是非常好的笑里面的在线音乐QQ音乐在线的导航百度地图包括的话带有OTA升级能力虽然说是一款运动型SUV。但是他的空间的话一点也不小天窗也非常大看了几款车里面综合性能比较好的，也只有这款车了，我是刚拿到驾驶证的小白，所以对车辆不是特别懂，但是经过试驾过，以后我对这个车是非常的满意。,https://image1.xcarimg.com/attachments/my/1/94/01/842_120.jpg,xuser1950184,三星会员,4.88,外观,5,内饰,5,空间,5,舒适,5,油耗,5,动力,操控,性价比,购入信息,爱车车型,https://newcar.xcar.com.cn/m65920/,2022款昂科威S改款 552T 两驱豪华型,购入时间,2022/6/1,购车地点, [福建省],裸车价格,16万  (厂商指导价 21.79万),当前油耗,8L/100km,爱车简评,我是刚拿到驾驶证的小白，所以对车辆不是特别懂，但是经过试驾过，以后我对这个车是非常的满意。,爱车评价,[最满意],[不满意],"买车买车之处也做了很多的功课这款车美中不足的就是副驾驶的座椅还是手动调节的，后排的空调，上面也没有按键，档次，感觉有点差劲了1.5T的不行，好歹也是17 80,000的车了，连个电脑尾门都没有配我刚考了驾驶证下入技术一般，但是就是感觉车头有点长是眼前，而是也不太好，如果说有一个360全景影像那就十分的完美了",[外观],刚开始看这款车的时候一眼就相中了开始看的试驾车是黑色的展厅里面有一个白色的家里面人都支持，我要黑色的比较适合男孩子开后面结婚用的话也不影响，但是黑色的没有现车了，勉为其难就要个白色的，但是白色的非常耐看从我订车开始，一直到提车一共用了三天的时间，每天每天看都有不同的感觉非常的不错不错,[内饰],"内饰的用料真的没得说看车的时候，我表哥陪我一起去的，他一直夸这个车用料非常的厚搞门板，中控台都是软包的玻璃还是双层的看了很多200,000级别的车都不带有像这个车在这个价位已经算是非常良心的了在网上也做了很多的功课，看了很多的测评都是夸这个车性价比高的，我想我也没有买错",[空间],我一般的话都是自己一个人开车，所以对空间要求不是说特别高，但是后备箱一定要宽大，因为经常跟朋友出去玩，后备箱难免放一些酒水之类的东西。去聚会用。父母都有自己的车开。这款车的后备箱空间，其实还可以能接受。,,[油耗],,我对油耗这个没有什么概念，刚拿到驾驶证，没几天就已经开到车了，所以说油耗目前没概念，现在跑了有五百多公里了加了300块钱的油了虽然对油耗没什么概念，但是加九二的比要比+9五的油要省很多钱了这点挺不错的,[动力],开始看的是2.0T的，但是试驾车是1.5T的，确实要完以后的话非常的满意1.5T的动力就非常的充沛了，像我这个级别的驾驶技术完全能够满足啦在网上也查了很多的功课。这款发动机的话是通用的第八代阿凡达动力，他的燃油效率非常高，而且动力控制的也非常好，再通知变里面的技术是非常领先的，而且的话还提供了八年的质保。,[性价比],"我感觉性价比的意思就是花最少的钱办大事儿开始，我的预算就是在200,000以内买一款轿车，但是看了很多款轿车都满足不了，我对车辆的要求最后开始看SUV发现很多合资品牌的SUV照的都非常的难看，不适合年轻人开看到这款车一眼就被吸引住了，再深入的了解过以后他的动力操控空间配置性能都能满足我对车辆的要求家人也非常的满意，最主要的是他们说卡车的安全系数是同级别里面数一数二的，我开着他们也放心",,,,,展开全部
"
    发表于  2022-09    

      
        
    
    
",最让我满意的地方就是颜值部分了，我很喜欢看车子的颜值的了，我也是一个不折不扣的颜值控来着，在选车的时候自然也是第一个考虑车子的颜值设计的，这款车子的颜值设计感还是很好看的那种感觉了，车身属于那种满满的运动感车型设计。另外一方面让我满意的还有车子的性能，毕竟选车除了外观重要之外车子的性能部分也是很重要的，这款车子就是很高的一个性能来着。,https://image1.xcarimg.com/attachments/my/1/94/01/841_120.jpg,xuser1950184,三星会员,4.88,外观,5,内饰,5,空间,5,舒适,4,油耗,5,动力,操控,性价比,购入信息,爱车车型,https://newcar.xcar.com.cn/m65919/,2022款昂科威S改款 552T 两驱精英型,购入时间,2022/7/1,购车地点,泉州海翼泰成汽车服务有限公司(别克) [福建省],裸车价格,18万  (厂商指导价 20.99万),当前油耗,7L/100km,爱车简评,我是完全看自己需求选车的，毕竟需要这个东西需要到了才是最重要的，别克昂科威的家用设计感还是很有用的，我是家用车子来的，在家用来考虑第一个就是空间了，这个车子还是很很符合我的家用需求的。,爱车评价,[最满意],[不满意],目前提车也是一段时间了，要说不满意的地方也是有的，比如这款车子的内饰就是一个蛮大的问题点了，我入手的车子要求还是蛮多的，当时自己的试驾的那个时候没有感觉到这个车子的内饰异味问题，可能当时试驾的时候属于比较兴奋的状态吧，所以这些细节问题没有注意到。,[外观],车子外观设计感很美，入手车子第一件事就是考虑车子的颜值设计的，入手这款别克昂科威也是一段时间了，这个车子的颜值还是真是百看不厌的设计感，车型是属于SUV车型，SUV车型最好看的就是运动感设计了，这款别克昂科威的设计感也是很具备运动感的，另外车子的LED大灯很好，超级合适我。,[内饰],内饰稍微差了一点点意思，一开始试驾的时候并没有感觉到内饰有什么问题的，后面自己开车慢慢就开始感觉问题所在了，这个车子的内饰是属于比较差的内饰，内饰的材质其实用手去摸着就感觉问题所在了，内饰的材质属于一般的材质，内饰的异味也是蛮大的，这些内饰问题我都是在后期用车慢慢感觉出来的。,[空间],空间很大，车子的车型定位是中型的SUV，对我日常的家用需求来说还一个比较大的车型设计了，前排以及后排的乘坐空间都是很大很合适的，后排的乘坐空间可以轻松载我一家子出门，后排的空间很大，基本上在后排的位置跷二郎腿都是没有问题的，后备箱也是很大，日常用车感觉这个后备箱还是比较舒服的。,[舒适],[油耗],舒适性很好，车子的舒适性我主要就是看两个方面了，第一个就是避震方面了，别克昂科威的悬挂避震是属于前后独立悬架，这个配置在避震来说很有帮助，日常开车在市区路过一些复杂路段的时候感觉车子的避震还是比较舒服的。第二个我看好的地方就是隔音了，在车子的隔音方面我感觉昂科威考虑蛮多的，比如车子的噪音处理就是比较干净的，关闭车窗后外界的噪音基本上干净的了。,昂科威的油耗不高，我是开车比较喜欢开低油耗的车子的，这款别克昂科威的整体油耗还是很低的，我平时都是市区+高速用车比较多的，目前的车子百公里油耗在7.8L/百公里，这个车子油耗还是很低很舒服的一个车子油耗，日常的家用情况比较多，我后期养车还是轻轻松松的。,[动力],动力搭配还是很舒服的，涡轮发动机搭配1.5的动力排量很给力了，车身起步阶段动力加速感还是很舒服的，一脚油门下去整体的车身推背感也是很强大的，动力是一个很考验的地方了，我经常开车到高速上去的，在高速阶段车子动力提速很快。而且车子在动力方面还是需要考虑多一些的，我自己就在动力选车方面做了不少功课了。,[性价比],性价比很高，入手车子性价比部分自然也是需要考虑的，这款别克昂科威的整体性价比超级高，入手也是感觉很值的一款车子，我自己入手这款别克昂科威也是一段时间了，现在看来这款车子的各方面需求也是可以轻松满足我的需求的，性价比超级高的一款车子。当然别克昂科威的性能也是很高的一个地方，我当时选车第一件事就是看颜值设计，第二件事就是看性能了，毕竟车子的性能还是去衡量一辆车子的标准。,[操控],操控非常舒服，方向盘的多功能的方向盘了，我跟我媳妇都是一个新手司机，对车子的了解不多了，不过还在这款别克的车子搭配操控以及辅助操控功能都是很多的，像我们新手开车来说这个就是一个非常好的配置了，另外一些基础的配置也是很高的，比如倒车影像以及定速巡航都是一些很好很实用的功能了。,,,展开全部
"
    发表于  2022-09    

      
        
    
    
",最满意的地方就是这个车的外观设计。非常的大气，而且也非常的耐看。像整体的线条，看着也非常的流畅。像他这种长车头的设计。只有豪华品牌的车才会这样设计。还有这款车的内饰设计也是比较有科技感的。像中控屏向主驾驶倾斜。这样也有便于。驾驶者看着屏幕。而且也非常的好操作。从后排看，整个中控台。是非常的上档次的。还有它的配置也都是挺满意的，虽然说这个是基础的配置，但是他该有的配置它都有了。当时买车的话也看了很多款的车型，也都进行了对比，各个品牌也有看。看到都是这种类型的车。从国产看到了合资。最开始看的是比亚迪的宋Pro。还有本田的CRV。这几款车。当时买这个别克。是家里人推荐购买的。家人有开别克车的，对别克的话，印象还是非常不错的。当时买别克昂科威s这款车。是因为当时去看车的时候。这个车就放在一进门的地方。而且也是非常的显眼。刚进门就被这款车所吸引了。是我心目中想要的款。因为之前家里面的别克也是在这家店买的。都认识里面的销售。而且现在的购车政策也是非常的好，购置税还要减半。向销售介绍的买车的话，现在能比之前。要省大几千块钱。让销售算了单子。进行了对比。确实，他话买车的话非常的划算。算完价格的话就去试了试了驾。试验体验的话也是非常的满意。看起来的话也是非常的稳当。动力表现也是非常的不错。像我上下班和家用这个动力的话，是非常够用了，整体的体验感非常的不错。当时回家看了看，去商量商量。第二天就来订车了。当时店里没有我想要的这一款。车的话还是从外面给调过来了一台。当天就提车了。,https://image1.xcarimg.com/attachments/my/1/94/01/836_120.jpg,xuser1950183,三星会员,4.88,外观,5,内饰,5,空间,5,舒适,5,油耗,5,动力,操控,性价比,购入信息,爱车车型,https://newcar.xcar.com.cn/m65919/,2022款昂科威S改款 552T 两驱精英型,购入时间,2022/3/1,购车地点, [宁夏省],裸车价格,15万  (厂商指导价 20.99万),当前油耗,8L/100km,爱车简评,当时买这个别克。是家里人推荐购买的。家人有开别克车的，对别克的话，印象还是非常不错的。,爱车评价,[最满意],[不满意],不满意的地方。就是后排的座椅，中间有一点点的凸起台阶。像中间的人，坐在中间会非常的不舒服。,[外观],外观设计也是非常的大气。向整车的线条也是非常的流畅，而且也非常的上档次。从侧面看的话。有一种豪车的感觉。而且从侧面看，车头是非常的长，非常的上档次。而且看着车身的比例非常的协调。轮毂的设计也是非常的好看。而且配的还是一个大的轮毂。真的是非常的上档次。,[内饰],像内饰的话，个人也是非常的喜欢，像他的中控屏是像主驾驶倾斜的，个人比较喜欢这种设计，这样的话，开车的时候非常的方便，触控屏幕非常的好操作。而且的话也是看导航的话也是非常的清楚。这样的设计也是不会产生反光的那种反应。而且像内室的材料设计也是非常的足，用料也是非常的好。能摸到的地方大多数都是软包的材质。,[空间],这个车的空间表现还是不错的，毕竟的话有这么大的车身。这个车主要就是。我平时上下班用。很少有满载的情况。但是坐满人的情况下。空间表现也是非常不错的像这个车的储物空间也比较多，完全能够满足日常的用处。后排还有一个很大的后备箱。像日常家用的话，这个空间是完全够用的。,,[油耗],,这个车的话，现在是跑了几百公里。表显的油耗是八个多油。像这个级别的车，这个油耗的话是差不多的。主要的话，这个车经常是在市区开上下班代步。很少去跑长途。在市区的话，这个油耗的话。个人完全能够接受。毕竟车有那么大，有那么沉。,[动力],像这个车开着的话，也是比较灵巧，底盘的话也是非常的稳当。行驶起来，悬架调校的也比较舒服。而且跑起来也是非常的安静。很静谧。这个车的话，跑一个非常抖的坡。很轻松就能爬上去。刚买回来，开回去的时候。满载的情况下，动力也是非常不错的。,[性价比],像这个车的性价比在同价位真的是非常的高了，这个外观还有这个配置非常的不错。而且无论是从外观颜值来说，配置来说都是非常高的。非常对得起他的这个价位。,,,,,展开全部
"
    发表于  2022-09    

      
        
    
    
",颜值比较的出色，这款车的设计还是比较的偏时尚偏城市的设计，车身的流线更加的运动感一些，还有就是别克的这套动力组合也是比较的让我满意的，换挡平顺，而且加速起步非常的快，空间方面也比较的宽敞，无论乘坐空间还是储物能力都是一个字大。,https://image1.xcarimg.com/attachments/my/1/94/01/834_120.jpg,xuser1950183,三星会员,4.88,外观,5,内饰,5,空间,4,舒适,5,油耗,5,动力,操控,性价比,购入信息,爱车车型,https://newcar.xcar.com.cn/m64680/,2022款昂科威S改款 四驱 Avenir艾维亚,购入时间,2022/7/1,购车地点, [内蒙古],裸车价格,24万  (厂商指导价 27.99万),当前油耗,8L/100km,爱车简评,原因很简单，开了9年的轿车了，自从开过朋友的途观以后，就有了换SUV的想法了。坐姿高、视野开阔，空间大，最关键的通过性好，上个马路牙子或是过个坑，都能应付的了。,爱车评价,[最满意],[不满意],没有十全十美的东西，每个人的感觉也是不一样的，车子也是，要说点不满意的就是第二排中间位置的凸起有点高，这个座中间位置的人就是略微的别扭。,[外观],我们一家都是颜值控，，看到他第一眼就眼前一亮，整个车身流畅的设计，让人看上去就爱了，总体来说，太喜欢了，专属的车身颜色也是比较的有档次的，而且晚上的时候也非常的有辨识度的。,[内饰],别克在内饰设计、工艺方面，可算得上同级别车里最好的。之前看过奇骏、途观、CRV那做工真的是不敢恭维。看过昂科威S内饰后，果断放弃了其他的选择，科技感方面的表现也是非常的亮眼的，比较的智能反应也快。,[空间],我1米81的个子坐进去头部空间还有余量。坐在后排头部稍微顶住顶棚，毕竟保证运动时尚元素，设计的时候车顶肯定会向下收不少。但是腿部有一拳半的空间，我可以向下坐一点，这样头部就会舒服一些。后备箱也不小，居家旅行，肯定是够用了。总的来说，这个车满足一家日常使用肯定是绰绰有余。,[舒适],[油耗],试驾的时候就感觉这款车的舒适性比较的不错，开起来比较的平稳性，和过弯时候的侧倾角度很扎实，这些都是我比较看中的。后排宽大的座椅，让家人坐上去，身体感觉非常的舒服。,目前新车还不稳定，有的时候都要11个油，毕竟2.0T的车再加上将近1.7顿重的车来说这个油耗，还是比较的期待的之后的表现。,[动力],2.0T发动机配上9AT通用变速箱，动力方面要比同级车强不少。提速算是比较给力，起步转速大约在2000转左右这样速度瞬间就可以提上来，而且这款车的换挡也比较的快，比较的平顺。,[性价比],性价比的感觉还是比较的不错的，这个价位基本这个车各方面的表现还是比较的优秀的，而且我和家人都比较的喜欢这款车的表现,[操控],开着的感觉给我满满的操控感，高速过弯的时候倾斜角度也不会太大很扎实，也很稳，底盘悬挂设计的很扎实，不硬也不软，比较适中，刹车很好使，刹车距离一点也不拖拉，说停基本上都能在想要的位置站住，很有安全感。,,,展开全部
"
    发表于  2022-09    

      
        
    
    
",从目前的用车角度来讲，我觉得这台车子确实买的非常合适，也特别值得让我最满意的，除了有着比较实惠的价格以及厚道的配置用料之外，这台车子所带来的驾驶感受也确实很不错，所搭载的2.0T高功率发动机在动力上的表现还是非常出色的，不管是前段的动力输出还是后段的动力储备都没得挑剔，而且底盘也是非常厚重高级的，同时这套四驱系统也比较强大，也使得这台车子拥有着相对更强的通过性，同时车内的配置也相当高，不管是实用性还是档次的，都是非常不错的，尤其是在乘坐舒适度上也有着很明显的优势，隔音做的很好，而且这9个BOSE音响的音质也很棒，同时我也很喜欢这样的外观风格，看起来特别运动厚重，同样也是非常有档次的，完全是我想要的类型。,https://image1.xcarimg.com/attachments/my/1/94/01/831_120.jpg,xuser1950183,三星会员,4.88,外观,5,内饰,4,空间,5,舒适,5,油耗,5,动力,操控,性价比,购入信息,爱车车型,https://newcar.xcar.com.cn/m64680/,2022款昂科威S改款 四驱 Avenir艾维亚,购入时间,2022/7/1,购车地点,新疆天枢德和汽车销售服务有限公司 [新疆省],裸车价格,27万  (厂商指导价 27.99万),当前油耗,11L/100km,爱车简评,对于我来讲更看重实际体验，更看重内在，而且我觉得别克昂科威的外观设计也更漂亮，更适合我的审美同时艾维亚车型的外观也明显更加高贵一些，所以我们也就选择了这台车子。,爱车评价,[最满意],[不满意],虽然说车内的空间也挺宽敞，但从一台中型SUV的角度来讲，我觉得这台车子的内部空间确实不算特别大，同时这台2.0T高功率发动机的油耗也确实是比较高的，现在的综合平均油耗在11.5左右，而且要加95，所以说实际的燃油成本也的确比较高。,[外观],从外观看上去这台车还挺显大的，整个车身确实拥有中型SUV拥有的气势。前脸这延伸至日行灯的飞翼式镀铬条是别克的家族化设计，不过菱形中网是艾维亚车型独家拥有的，所以这辆车开出去辨识度会很高，而且车上这么多的镀铬点缀也挺显高级的。,[内饰],中控造型别具一格，非对称式的中控布局可以很好的方便驾驶员的操作，而且车内用料也特别好，座椅纹理也很漂亮，整个内饰看起来也太上档次了，还有负离子发生器和车载空气净化器也是很实用的配置。,[空间],作为一台中型SUV，昂科威的车身尺寸在同级别车型中还是不太占优势的，当然倒不是说它的空间不够用，只是实际空间跟我的预期还是有一定差距的，而且后排地板中央的凸起也比较高，成年人坐到中间位置肯定不是很舒展，所以我觉得它的空间表现还是挺一般的。,[舒适],[油耗],这台车子的乘坐舒适度确实是挺不错的，首先我觉得这辆车的隔音能力还挺出色，这都是前排多层隔音玻璃和主动降噪的功劳，其次就是昂科威的底盘特别扎实，再加上悬架还支持软硬调节，就算遇到颠簸路面晃动也都不会太明显，而且开车过程中还能体验9个BOSE音响的音质，还别说挺享受的。,这台2.0T高功率发动机的动力表现确实是很不错的，但燃油经济性也确实是没有什么优势，无奈于城市用车的机会比较多，所以油耗一直都挺高的，目前的平均综合油耗在11.5左右，毕竟要加95号汽油，所以加油花费确实不小。,[动力],"这台2.0T高功率发动机就已经很给力了，再说还有48V轻混系统加以辅助， 所以起步阶段的动力输出真的痛快, 包括高速巡航时需要提速的话也能轻松应对，不管城市跟车还是高速行驶都不至于有太大的压力。",[性价比],昂科威带给我们的用车体验真心不错，后续有任何问题去4S店或者打电话过去都能被及时解决，再者就是当时的优惠力度特别大，4S店也送了好几次免费保养，总的来讲这辆车买的真是挺合心意的。,[操控],更强的四驱系统加上较高的底盘离地间隙使得昂科威拥有着非常出色的脱困能力，再说这辆车的辅助性操控配置还特别全面，这样的车子让人开着都很有安全感，还有9AT手自一体变速箱也非常聪明，升挡降挡逻辑非常清晰，换挡过程也足够平顺。,,,展开全部
"
    发表于  2022-04    

            
    
    
",最满意的应该就是它的颜值担当了。整体设计很年轻化，很时尚动感，这也是我选择它的一大理由。,https://image1.xcarimg.com/attachments/my/1/88/39/181_120.jpg,xuser1893918,青铜长老,4.88,外观,5,内饰,5,空间,4,舒适,5,油耗,5,动力,操控,性价比,购入信息,爱车车型,https://newcar.xcar.com.cn/m62381/,2022款昂科威S652T 两驱精英型,购入时间,2022/2/1,购车地点,铜陵翔通汽车销售服务有限责任公司 [安徽省],裸车价格,18.49万  (厂商指导价 21.99万),当前油耗,8.1L/100km,爱车简评,这款车外观和内饰看着都比较大气稳重，而且这个车的整体性能很不错，在路上奔跑的时候动力很强劲,爱车评价,[最满意],[不满意],最不满意的地方目前还没有发现，等我发现了再来追加吧。,[外观],视觉效果相对有冲击力，这样的造型相对于年轻人来说接受度高,[内饰],内饰以一个中轴线为分界分的很明确清晰，整体上也是偏时尚的造型和配色，比较符合我和老婆的审美,[空间],如果人多的话，所有的空间都用上，就会显得车内空间不够用，人与人之间的距离太少，这一点让我感觉比较难受。,[舒适],[油耗],在舒适性的配置上，这个车的硬件设计的还挺不错的，底盘紧凑，能保证这个车在颠簸路段表现平稳，像我们前段时间公司一起去爬山，走了很多盘山公路，无论是修好的还是没修好的路，颠簸一点的路段坐个车表现的都特别好,我买的是2.0T的，油耗方面还是可以的，比1.5T略高一点点,[动力],记得当时去看车的时候，我是被这个车试驾的时候的动力所震撼，跑了一个高架，跑了一段儿无人的路面，测了一下百公里加速，上高架的时候感觉这个车的动力特别强，一点压力都没有,[性价比],外观内饰都不错，主要是别克的品质真的放心,[操控],车头比较长，然后驾驶位置的位置吧就很接近于这辆车的一个正中央位置，学过力学的都知道这种情况下力的分布最合理开车的时候控制车身状态更容易,,,展开全部
"
    发表于  2022-04    

            
    
    
",我是比较喜欢这个车的动力，在上路的时候表现的动力特别强悍，动力储备特别足，走在路上感觉有源源不断的后劲推着它前行，特别霸气；另外这个车的舒适性上比同级别的要好很多，无论是它内在座椅的配置，还是整个车底盘的设置，都特别符合我的预期，走在路上比较稳重，跑高速的时候，它的稳重和性能让人感觉很安全。,https://image1.xcarimg.com/attachments/my/1/88/39/191_120.jpg,xuser1893919,青铜长老,4.75,外观,5,内饰,4,空间,4,舒适,5,油耗,5,动力,操控,性价比,购入信息,爱车车型,https://newcar.xcar.com.cn/m62381/,2022款昂科威S652T 两驱精英型,购入时间,2022/3/1,购车地点,宝鸡凤鸣扬汽车销售服务咨询有限公司 [陕西省],裸车价格,18.49万  (厂商指导价 21.99万),当前油耗,8L/100km,爱车简评,内饰，地盘，车型比较好看，同等价位性价比较高，非常超值的一款车子。,爱车评价,[最满意],[不满意],"不满意的应该是空间，因为我们这个车满载的情况还挺多的,有时候感觉不够用",[外观],我觉得几乎是没有人会不喜欢这辆车吧，它的外观，它的层次感的车头部分的设计等等很多小细节，做的都超出我的想象。,[内饰],不知道是不是因为我对内饰这个要求不是很高吧，我觉得它的设计风格很好看，但是新车入手确实是有一些奇怪的味道的。,[空间],空间不够大，好在我们养的两条狗都不是大型犬，一只比熊一只柴犬扔在后面能相安无事，但如果换上成年人坐我不保证有多么好的乘坐体验，毕竟这车看起来那么的低矮。,[舒适],[油耗],这个整体的人体工学设计是挺不错，坐姿很好，不是很直的坐姿而是有点陷下去的空间，再加上座椅是稍微有点点后凹的造型，坐着就更舒服了,现在越来越感觉到这辆车子比较省油，一开始还没有抱太大的希望，但是磨合的越来越好了。,[动力],动力没话说，就是突然减速 以后再加速会有延迟！,[性价比],价格绝对是大家决定入手一辆车子的，第1个点也是觉得最重要的点，它的价格我觉得还蛮不错的。,[操控],坐姿高，开车时候视野很好，转弯并道，车身的重心转移速度很快，操控起来非常灵活。,,,展开全部
"
    发表于  2022-04    

            
    
    
",我觉得最满意的地方就是它的动力了吧，谁能想到昂科威S在动力这方面真的是做的很优秀，很有特点，让人驾驶起来就不想再放手了。,https://image1.xcarimg.com/attachments/my/1/88/39/207_120.jpg,xuser1893920,青铜长老,4.88,外观,5,内饰,4,空间,5,舒适,5,油耗,5,动力,操控,性价比,购入信息,爱车车型,https://newcar.xcar.com.cn/m62381/,2022款昂科威S652T 两驱精英型,购入时间,2022/1/1,购车地点,阳泉市轩通汽车销售服务有限公司 [山西省],裸车价格,18.49万  (厂商指导价 21.99万),当前油耗,8.2L/100km,爱车简评,说实在的，我选的这辆车就是为了家用，而它能够满足我一切对于家用车的一些需求，动力强，空间还大。,爱车评价,[最满意],[不满意],新车入手稍微有点异味，这一个点可能是很多车子一个问题，它在这方面就有这个小问题，表现的还不是说特别的完美。,[外观],外观非常的大气有档次的，车身的造型很时尚，非常的符合我的审美，比较的年轻。,[内饰],昂科威S配备的多样化的智能化系统，也算是这这款车型区别与同级车子的一个特点了，它的智能化系统特别的多，而且车上软件有OTA系统升级，也使车辆实现操作时可以类似智能手机般的质感。,[空间],空间方面还是可以接受的，我基本上就是上下班，接送孩子，满足家里用车空间还是没啥压力的。,[舒适],[油耗],我觉座椅软硬适中这一点才是最重要的吧，因为它的座椅真的是不觉得硬，坐上去很柔软，很有支撑感。,油耗的表现在接受的范围内的，反正比想象的好。,[动力],动力非常的出色的，选择2.0T的，加速非常的快，起步也是一点都不拖沓的，而且加速加速的平顺性也非常的好。,[性价比],配置方面也算可以的，价位也可接受，开了这段时间各方面的表现也非常的不错。,[操控],车身的稳定性很不错的，换挡是按键的排挡非常的不错，方向盘一只手都可以很轻松的转弯（尽量还是两个手哈哈）。,,,展开全部
"
    发表于  2022-04    

            
    
    
",我最满意的就是它的内饰设计，本身使用的材质就是相当讲究的，而且做工也是特别细致的，方向盘是采用真皮材质，不仅握感好而且造型也很漂亮，上面的按键也便于操控，还有就是中控台上的设计很有层次感。,https://image1.xcarimg.com/attachments/my/1/88/39/216_120.jpg,xuser1893921,青铜长老,4.88,外观,5,内饰,5,空间,4,舒适,5,油耗,5,动力,操控,性价比,购入信息,爱车车型,https://newcar.xcar.com.cn/m62381/,2022款昂科威S652T 两驱精英型,购入时间,2022/1/1,购车地点,邢台蓝池德致龙汽车销售服务有限公司 [河北省],裸车价格,18.49万  (厂商指导价 21.99万),当前油耗,8L/100km,爱车简评,在众多品牌中选择的时候，昂科威S在众多车型中脱颖而出，也许当时就是因为他的外观，动感科技，线条流线感很柔和，但最终选择这台车的原因还远远不止这些。还有它的内饰，很高端大气。,爱车评价,[最满意],[不满意],配置表现一般，没有电动座椅调节，调节方向也很少，在舒适性方面会有所影响。,[外观],前后是LED光源，颜值高，夜间照明亮度也很高，车子的外观看起来时尚而霸气，配合较大的车身，我对于这个设计颇有好感。,[内饰],中控的设计非常的新颖，用了几天感觉非常的方便。,[空间],已中型SUV标准衡量，内部的空间一般，不过对比紧凑型SUV倒是还行。前排中央过道储物空间挖掘很充分，车内的储物格也很多，用起来非常顺手。,[舒适],[油耗],高速的情况下能听见胎噪的声音，整体的舒适性还是可以接受的。,油耗表现还是不错的，市区的油耗百公里8.8的油耗表现，高速上的油耗表现更加的吃惊最好的表现是6.6。,[动力],起步轻快，加速超车，动力响应迅速，很有爆发力。就是后段油门踏板比较虚，整体没那么线性。,[性价比],是一款既注重技术升级，又注重空间升级的SUV，空间这块这台车它的三围尺寸也很有相比这个级别的车型来说更有优势，也带来更好的空间表现。在智能化、静谧性方面，都具有明显特点，让我坐在车里的体验与交流更为舒适惬意。,[操控],车底盘的稳定性特别好，快速行驶车身也是稳稳的，就是刚开始那段时间我可能操控没有那么顺手。,,,展开全部
"
    发表于  2022-04    

            
    
    
",动力强劲，油耗不高，既可以给我一个畅快的加速体验，使用下来成本也不高。总体来说还是不错的选择的,https://image1.xcarimg.com/attachments/my/1/88/39/225_120.jpg,xuser1893922,青铜长老,5,外观,5,内饰,5,空间,5,舒适,5,油耗,5,动力,操控,性价比,购入信息,爱车车型,https://newcar.xcar.com.cn/m62381/,2022款昂科威S652T 两驱精英型,购入时间,2022/1/1,购车地点,重庆鑫坤汽车销售服务有限公司 [重庆市],裸车价格,18.49万  (厂商指导价 21.99万),当前油耗,8L/100km,爱车简评,试驾之后更加坚定了一见钟情的冲动，动力太好了真的。再加上它的配置丰富，科技感十足，这让我最终选择了昂科威S,爱车评价,[最满意],[不满意],后排中间位置的凸起，感觉后面做三个人的时候中间位置肯定的不舒服的，其他方面还是没啥问题的。,[外观],外观非常的好看，尤其是前脸看起来很稳重很成熟。我比较喜欢LED大灯的。型开在路上，回头率比较高。而且身边的亲戚朋友也都觉得我的车很帅气，投来了羡慕的目光，自己觉得脸上也有面子的,[内饰],中控台造型立体，有大屏也保留了部分实体按键，操作使用很方便。新车状态下，内饰没有难闻的异味，在用料环保性方面做的挺好的。,[空间],空间方面前排没啥压力的，而且车内的储物空间也比较的宽敞的。,[舒适],[油耗],底盘调校是很有质感的，隔音效果也好。只是我这个低配在部分功能配置上的确实影响了乘坐体验。,油耗很满意了，确实不算特别的高，我觉得是加入了48V的原因。日常在市区的油耗是非常节省的，给我节约了很大的一笔开支了，这一点对我很关键,[动力],涡轮增压发动机果然不同凡响，一脚下去动力十足,[性价比],性价比的话，看你的需求了。我家人口多，一起出行必须要来一辆这种大点的SUV,[操控],驾驶完全可以做到无障碍，特别棒，安全性能更是一流，主动以及被动安全模式很全面，在拥有速度的时候还能保护车内人员不受到伤害。,,,展开全部
"
    发表于  2022-04    

            
    
    
",动力强劲，买车的时候特地选了2.0T的，个人认为动力这种东西你可以不用，但是不能没有~,https://image1.xcarimg.com/attachments/my/1/88/39/233_120.jpg,xuser1893923,青铜长老,4.75,外观,5,内饰,4,空间,5,舒适,5,油耗,5,动力,操控,性价比,购入信息,爱车车型,https://newcar.xcar.com.cn/m62381/,2022款昂科威S652T 两驱精英型,购入时间,2022/2/1,购车地点,安阳骏越汽车销售服务有限公司 [河南省],裸车价格,18.49万  (厂商指导价 21.99万),当前油耗,8.6L/100km,爱车简评,首先是家里需要一个座位多一点的车，再有就是开着它毕竟还是挺有档次的，开出去也不失面子。,爱车评价,[最满意],[不满意],别看这个车很多地方已经在同类车型里算是比较高的水准了，但是它还是有着自己的不足，比如操作方面，变速箱的平顺性也有待提高，变速箱升挡积极，还有就是内饰的语音识别这一块，感觉好像也慢了一些，不能马上识别出来。,[外观],设计上还是延续了别克品牌最新的设计语言，整体风格感觉越来越有点像昂科旗的感觉，并且在设计上那些锐利的线条也逐渐减少，变得更加圆润，也透出的是舒适、典雅的感觉，这也比较符合我的审美喜好。侧面的线条也很柔美，看起来就很会舒展，从视觉效果上来看这个车不仅显得更长，也感觉很亲民，没有了那种生硬的美。车后的设计和一些细节处也有了和前车头互相呼应的效果，前后车灯的设计也很有辨识度。外观车子做的宽大，走在路上霸气，回头率高。,[内饰],做工和用料都是越级的表现，内饰的味道稍微大了一点，虽然不是刺鼻的味道，不过还是很难闻。,[空间],因为是一辆中型车子，前后空间布局特别的大，而且前排的中排储物格设计的也非常丰富，尤其是中央扶手和门板，中控台下面，还有车门里的的储物空间也非常的深，前后排车门可以放置两瓶水，也不会晃荡，中央扶手箱里的水杯槽位置比较常规，不会晃来晃去，后备箱平时就很宽敞，也没有多余的占用，放倒车座就更大了。,[舒适],[油耗],全景天窗是我们一家人最喜欢的配置，座椅坐在上面也很宽大，就是没有腰部支撑，座椅加热通风等功能，如果加上这些配置，我觉得舒适性会提高一大截。,这个车在动力和操作这一块已经在尽量兼顾舒适和运动两方面，也让它的油耗这一块也只能说达到本身中型车该有的水平，目前使用的时候我也是尽量保持平稳，不会大起大落的操作车子，对于我的车技也是慢慢在和这个车磨合当中，油耗这块也希望更少一些吧。,[动力],百公里不到8秒的加速是真的很强大，尤其是超车的时候稍微给点油就能感觉到座椅猛的推着你向前走一下，推背感非常强,[性价比],看个人的选择吧，我挺喜欢这款车的，所以觉得这款车的性价比也是比较高的。,[操控],车子太大了，不太好控制，平时驾驶还好点，就怕停车还有比较窄的地方通行。,,,展开全部
"
    发表于  2022-04    

            
    
    
",颜值比较的喜欢，车身的线条还有前脸的设计都是非常的时尚的，比较的年轻有活力。动力方面非常的优秀，2.0T的发动机搭配9at的变速箱动力非常平顺有劲，加速的时候爆发力非常强。油耗比较的吃惊，美系车油耗都比较的多，新车的油耗平均在9个油的样子，基本上都是市区里面开的比较的多，比我预期的油耗表现好很多,https://image1.xcarimg.com/attachments/my/1/88/39/238_120.jpg,xuser1893923,青铜长老,4.88,外观,5,内饰,5,空间,5,舒适,5,油耗,5,动力,操控,性价比,购入信息,爱车车型,https://newcar.xcar.com.cn/m62381/,2022款昂科威S652T 两驱精英型,购入时间,2022/2/1,购车地点,大连上通汽车销售服务有限公司 [辽宁省],裸车价格,18.49万  (厂商指导价 21.99万),当前油耗,9L/100km,爱车简评,新车就是颜值即正义，就是别这款SUV的颜值吸引了，，非常的适合都市生活的一款SUV，在这个级别里面性价比也不错，就选择了昂科威s。,爱车评价,[最满意],[不满意],新车基本上还算不错的，非要说点啥那就是这款车的车头感觉有视觉盲区比较的大。,[外观],外观我给满分的，这个车身的颜色也是比较的独特的，特别是的喜欢前脸和车身的线条设计。,[内饰],内饰方面科技感还是可以的，支持手机互联还有语音控制的，而且车机系统的反应也比较的快。,[空间],空间来说的话，不管是乘空间还是后备箱的容积都完全够用啦，也是我期待的大五座的容纳结果。一家人带着出去旅行或者购物，都能坐的舒舒服服，是我最大的欣喜之处。后排空间也不会感觉到拥挤，包括老人坐在后面，腿部地方也有很大的空间，所以担心空间的友友们大可以放心。,,[油耗],,我们的车平时开的并不多，因为城市里面很堵，不如坐地铁方便，加上我们的房子离地铁也很近所以我更愿意坐地铁。只有在闲暇的时候开车外出这个时候才是昂科威S最有价值的时候，通常我们是一路开车一路玩着，并不会去很远，所以我们家车的油耗并不太关心。,[动力],选了大排量的车并不全都是优点，我承认排量大一些在踩油门的时候更加有信心一点，而不是像有一些车油门踩下去自己心里一点底都没有,[性价比],车子综合表现十分均衡，尤其是在机械素质上绝对同级中的佼佼者。我这个低配版本价格实惠，综合看下来性价比很高。,[操控],本身这几年上海通用的别克车在在智能化层面已经算是翘楚了，尤其是车上还搭配了一些比较高科技化安全化的操作系统，比如上坡辅助功能，可以让人带着这么大的车上大坡的时候也会变得更加轻松，驾驶质感提升了、油耗降低了。,,,展开全部
"
    发表于  2022-04    

            
    
    
",操控性和舒适性非常不错，关键是安全性能也不弱。外观来说昂科威S车头设计得确实霸气一点，我们家两个男孩一大家子人呼啦啦下车到是挺有气势的！,https://image1.xcarimg.com/attachments/my/1/88/39/245_120.jpg,xuser1893924,青铜长老,4.88,外观,5,内饰,5,空间,5,舒适,5,油耗,5,动力,操控,性价比,购入信息,爱车车型,https://newcar.xcar.com.cn/m62381/,2022款昂科威S652T 两驱精英型,购入时间,2022/2/1,购车地点,运城市元通嘉润汽车销售服务有限公司 [山西省],裸车价格,18.49万  (厂商指导价 21.99万),当前油耗,7.8L/100km,爱车简评,喜欢别克这个品牌，昂科威S的设计和操控表现又让我很满意。当时还考虑过途观L，但相比之下昂科威S更好开，所以最后选了它。,爱车评价,[最满意],[不满意],车还是大了一点换车之后感觉，慢慢熟悉吧还得,[外观],我爱人说不是一家人不进一家门！她说这个车整体感觉和我本人一样，就是安全可靠、霸气十足！我就当这话是在夸我了，哈哈哈,[内饰],真是精工打造啊！每个细节都透露着用心，都提醒我们这钱不白花。科技感十足的仪表盘和中控设计，语音功能、导航功能、道路救援功能等一应俱全,[空间],由于空间特别的宽敞，所以它的座椅也比较宽大，每一排座椅的距离是非常合适的，也不会别腿。爱人在副驾驶到是挺舒服。再后来，我自己又亲自驾驶一圈，驾驶感很不错，所以当时一合计才买了这辆车。,[舒适],[油耗],底盘悬架调教得非常好，不软也不硬，所以跑起来滤振效果很好，有一点小的坑坑洼洼也没有明显感觉。座椅非常符合人体曲线，坐上去特别的舒适，得到了全家的认可。而且多媒体功能非常彪悍，方向盘这边设计非常有科技感，两个孩子都吵着要开车他们说像开宇宙飞船，哈哈哈！,油耗方面其实欧美车系确实没有日系车那么有优势。但通用公司也是费劲心思在保有涡轮增压发动机保持输出动力的同时，也配置了独有的技术便于高效燃烧能源，减少排放和噪音。,[动力],动力非常的足，而且换挡也是比较的平顺的，2.0T的动力还是完全的足够的，满足各个驾驶路况。,[性价比],综合来说，这台别克昂科威不管是在外形尺寸、内饰豪华感、配置丰富度、乘坐舒适性、行驶品质几个方面都能做到与同级别车车型相比有自己的优点，但是有一些方面也确实有待提高，我只能说我买下它是因为我个人喜好，价格这一块比对其他别的车型后也确实让我动心，所以我觉得这性价比这一块还是看自己喜欢就好。,[操控],这个车方向盘不大不小，而且转弯半径也不是太大，回正的时候也是相当快速，只是变速箱在高速上行驶的时候，总感觉换挡会有点慢一些，我也问过别人，这个问题好像有些人有，有些人说不算错是个问题，我也只能慢慢适应了。底盘这一块它不会完全过滤那些细微的振动，只是把振动化解成比较柔的振动传递给我。,,,展开全部
"
    发表于  2022-04    

            
    
    
",说到别克昂科威，这款车本来是大家所熟悉的车型，它中网仍然是最具辨识度的样式，内部也有智能化的特征。而且它的空间非常的宽敞，而且科技的配置也是相当的丰富，性能这一块，别克旗下2.0发动机也装配在昂科威身上也是可圈可点，而且它相对于其他车型，它的售价，也是在我的预算之内。,https://image1.xcarimg.com/attachments/my/1/88/39/251_120.jpg,xuser1893925,青铜长老,5,外观,5,内饰,5,空间,5,舒适,5,油耗,5,动力,操控,性价比,购入信息,爱车车型,https://newcar.xcar.com.cn/m62381/,2022款昂科威S652T 两驱精英型,购入时间,2022/1/1,购车地点,丽江金鸿运汽车销售服务有限公司 [云南省],裸车价格,18.49万  (厂商指导价 21.99万),当前油耗,8L/100km,爱车简评,车子的动力强劲，而且配置也丰富，其实当时选车的时候品牌也是挑花了眼，最后还是被昂科威S给吸引了，百公里加速不到8个很满意了~,爱车评价,[最满意],[不满意],新车的味道还是有点大，虽然不至于呛鼻子，但是坐进去之后还是很难闻的。,[外观],这台车在设计上还是依旧延续了别克车型大气威武的设计风格，在它的车头部分采用了别克家族式设计语言，加上这个中网，还有车上的线条，车头就会给人沉稳厚重的感觉。因为是中型车，从车身尺寸我们不难看出，空间也更大，车侧线条简洁干练，微微上扬的腰线也营造出很强的运动感，加上下面的四个车轮力量感十足。车尾造型与车头也有一种呼应效果，给人十分安心踏实的感觉。,[内饰],进入车内部分，车里的风格和车外也有一种呼应，环抱式的内饰风格，也非常的有安全感，中控这一块用料比较高档，并且调旋和各种按键设计很有质感，中央的操作屏和液晶仪表屏液晶屏色彩比较正，显示效果也不错，反应速度表现还可以，就是语音识别表现比较一般，有时会出现短暂延迟。,[空间],非常的大，我有一次最多的时候坐过六个人，五个成年人和一个小孩子，70多斤地，不建议大家超载哈，只是想告诉大家这个车的空间很大。后背箱的容积也大的,[舒适],[油耗],座椅的柔软还是挺好的，而且噪音方面的控制也比较的可以，舒适性还是比较的不错的。,油耗高速巡航油耗很低6L多，得益于可变缸的黑科技，在这种通畅路段下都非常省油。市区里面相对高些，9-10L之间，这个油耗对于SUV来说，还是想当不错的。,[动力],这台车开起来以后给人的第一印象就是动力输出有一种总是在的持续感，起步过程也是非常的平顺，中途需要加速的时候也能马上给人一种动力在输出的迸发感觉，有自己的性格特征，并且高速上行驶的时候，中途加速也相当的快速，但不突兀，搭配变速箱整个过程还是配合的非常的舒服的。,[性价比],性价比方面的表现还是可以接受的，开了一个月的时间各个方面的表现还是可以接受的。,[操控],车子的上手难度并不高，车子具有很多调节功能，这些不仅体现在驾驶方面的细节，也极大的提升了使用过程中的便捷性。对于新手来说也是非常友好的,,,展开全部
"
    发表于  2022-04    

            
    
    
",最满意的还是高速上的油耗表现真的是非常的吃惊7.5的油耗表现，还有就是颜值比较的运动年轻的，非常的有活力，还有就是这款车的内饰也比较的有档次感，科技感，设计的比较的新颖。,https://image1.xcarimg.com/attachments/my/1/88/39/283_120.jpg,xuser1893928,青铜长老,4.88,外观,5,内饰,4,空间,5,舒适,5,油耗,5,动力,操控,性价比,购入信息,爱车车型,https://newcar.xcar.com.cn/m62381/,2022款昂科威S652T 两驱精英型,购入时间,2022/1/1,购车地点,泉州通海汽车销售服务有限公司 [福建省],裸车价格,18.49万  (厂商指导价 21.99万),当前油耗,7.5L/100km,爱车简评,朋友推荐的昂科威s我感觉还不错的，而且颜值配置我比较的满意的，就选择了昂科威s这款车。,爱车评价,[最满意],[不满意],当时买了以后觉得这个价格也还不错，但是后来听说人家买的同款的车型，价格比我还优惠，这中间也才没几天的时间，这样看来，我还是买的早了。至于这个车子，大毛病也没有什么，小毛病还是有的，比如这个车的触屏操作的时候，会感觉反应有一些延迟。,[外观],外观给人的感觉就是车前脸时尚精致，侧身线条特别顺畅，车尾部层次感也很好，轮圈尺寸也不小。,[内饰],整个内饰看着还是特别有档次，尤其是中控台以及中控屏的设计都是特别讲究的，既漂亮又显得很高档，车内的实体按键也很容易操控。,[空间],这台车的空间比例比起别的中型车来说，它前后两排空间比较宽敞，尤其是左右宽度这一块很有优势，前排坐两个人头顶和腿下面都比较空旷，后排坐三成人也是绰绰有余，并且前后两排的有好些人储物格，特别是中央扶手箱里面可以放不少的私人物品，车门旁边放水瓶也能稳稳当当的放两瓶水，或者两个水杯。,[舒适],[油耗],在合资品牌当中，别克品牌车型的行驶品质一直以来都是比较高档的，这款车的座椅来还是比较舒适的，座椅设计的比较宽大，坐垫也软硬适中，很厚也有自己的弹性。另外，昂科威S车厢内隔音设计也从细节上为坐在车上的人带来了更好的质感，玻璃厚度相比传统的中型车上的玻璃更厚，也会更好的去隔绝车外的噪音，给人一种舒适、安静的格调，也有助于车内交流和休息。前后座椅间距大，腿脚伸展起来轻松,这个发动机和变速箱在一起的这套动力总成可以说是兼顾充沛动力和高效的燃油经济性，别看车子比较大，但是开起来油耗这一块也不是特别的夸张，我买回来的时候油耗还是有点高，后来磨合了几天，基本上了解了这个车的手感，再加上高速上了几次，现在油耗还不错。,[动力],发动机动力还确实是特别强劲的，尤其是跑高速的时候，提速超车真的是轻而易举，车速也保持得很好。,[性价比],车子开了这一段时间下来，感觉不仅仅是内饰方面让我特别满意，空间也是特别宽敞，跑起来动力也是杠杠的，外观更是很有气势，所以整体性价比不错。,[操控],方向盘比较的轻，而且电子按键的档位也是比较的轻松地，也比较的安全方便，还有就是语音控制比较的灵活。,,,展开全部
"
    发表于  2021-12    

      
        
    
    
",我最满意的就是它的性价比，他的空间足够用，动力又很充沛，而且它的底盘质感非常好，价格比较符合我的预算，,https://image1.xcarimg.com/attachments/my/1/92/13/805_120.jpg,xuser1931380,三星会员,5,外观,5,内饰,5,空间,5,舒适,5,油耗,5,动力,操控,性价比,购入信息,爱车车型,https://newcar.xcar.com.cn/m62384/,2022款昂科威S四驱 Avenir艾维亚,购入时间,2021/4/1,购车地点,天津市中乒上通汽车销售服务有限公司 [天津市],裸车价格,27万  (厂商指导价 27.99万),当前油耗,9L/100km,购入用途,车比较大，动力比较足，用起来非常的实用，车的配置也高，安全系统完善提高了用车的安全度，价格也符合我的预算，性价比较高,爱车评价,[最满意],[不满意],不太满意的就是它的内部空间，隐藏式的小储物仓比较少，我日常带一些小的东西或者物件都不太方便放置，,[外观],外观犀利比较动感，前脸家族式的设计很有韵味，虽然车身大在线条的修饰下看着很俊俏，辨识度挺高,[内饰],内饰的材质很好，用料扎实触感很棒，车内的实体按键布局很规范，内饰的整体造型简洁大气,[空间],它的乘坐空间比较足，后排也很宽敞，后备箱的置物能力比较充足，但是它的内部的规划不是很合理，小的储物仓比较少,[舒适],[油耗],舒适性挺不错的，座椅比较宽厚，车内的视线也比较开阔，隔音效果挺好的,目前的油耗稍微高一点点，主要原因可能是市区跑的比较多，还有就是新车的磨合期还没过，都是正常性的费油，我能接受,[动力],动力非常的充沛，起步的时候略带推背感，只要肯加油，提速和超车完全没有什么问题,,,[操控],它的操控整体比较轻便，开着舒服轻松，车内的实体按键的回馈和阻尼感非常棒即便是新手开车也没有压力,,,展开全部
"
    发表于  2021-12    

      
        
    
    
",喜欢这个车的外观设计，真的是爱了爱了，这款车外观我很满意。看着就是那种时尚有气质的车。,https://image1.xcarimg.com/attachments/my/1/92/13/804_120.jpg,xuser1931380,三星会员,5,外观,5,内饰,5,空间,5,舒适,5,油耗,5,动力,操控,性价比,购入信息,爱车车型,https://newcar.xcar.com.cn/m62384/,2022款昂科威S四驱 Avenir艾维亚,购入时间,2021/3/1,购车地点,天津开发区四联汽车贸易有限公司 [天津市],裸车价格,27万  (厂商指导价 27.99万),当前油耗,9L/100km,购入用途,我感觉真的很值了，关键就是本身的这个实力也是非常强的，这个车开了一段时间了，性价比还是非常不错的，而且开着也是挺顺手。自动挡的本来就挺好开，也不用常换档，也不会憋灭车。,爱车评价,[最满意],[不满意],各方面也都是比较均衡的，是一台让人挑不出太多毛病的车型，可能不满意就是开的速度快了，会有点儿噪音。,[外观],外观的颜色挺中我的意，正好人家有这个颜色的车，直接我们就提了。颜色选的比较稳重，也比较大气，场合也不挑，这个还是非常实用的。因为我自己是不太喜欢过于亮丽的颜色，主要也是不太适合我的年龄了，还是要以稳重大气一些更好。而且颜色的选择我们一家人都是统一的。车漆面儿还是挺硬的，而且也特别亮，手摸着特别的光滑。非常厚实，车门子开关声音特别好听。,[内饰],简约风格比较有设计感，在颜色的装点和搭配上，内饰是比较深的颜色来做搭配，看着低调稳重，整体比较简单，没有那么多花花的设计。这个车内饰好多都是软包的手都能摸到的。而且新车也没有什么异味儿，非常的舒服，孩子坐也都没问题。各个性能操控也是非常好用的，来回滑动非常的流畅，像是开车的时候打开音乐，打开空调，这些操作都都是有的，反馈还是很好。特别的漂亮，整体我是看着非常喜欢的。,[空间],空间还是很大的，前排后排坐着都非常舒服。后备箱能放两三个大行李箱没问题，偶尔我们家里会大购物，后备箱能装特别多的东西，容量还是很可以的。储物格子还是挺多的，随手可以放纸啊什么的，还有一个合适的储物箱，可以放大一点儿的物品，手机还有手提包都可以。基本上没啥太大的味，而且座椅坐起来也是非常的舒服。,[舒适],[油耗],因为它的空间感不错，而且它的舒适性配置也很丰富，座椅材质做工还是很不错的，包裹的特别的好，摸着舒服，坐着也是非常舒服，而且座椅的填充感觉也很不错，软硬度很适中，长时间乘坐也不会特别累,我是觉得整体油耗还算是不错的，我这车也开了有一段时间，油耗居然不是很高，我也没有刻意的去跑，这个真是非常省油。没想到还有点出乎意料，这个真是让我非常喜欢。,[动力],动力还是非常不错的，我这开着非常顺手，平常加速，超车，都是不费劲儿。直接定上速就不用管了。这个变速箱也是非常舒服，换挡是非常平顺的，一点儿也没有顿挫感。不会溜车，走的时候踩油门儿直接就走，不用老换挡。,,,[操控],非常灵活，而且车身的稳定性也比较强，车身是挺大，但是这个方向盘非常好控制，方向转向挺准的，整个操纵也挺顺畅，一点儿也不笨。平常开车超个车呀，还有停车入库，这些都是非常顺手，方向盘也是特别准确。底盘儿这个是比较高，通过性还比较好，而且现在找车位不好找的时候，直接就开马路上边儿去了，特别方便。,,,展开全部
"
    发表于  2021-12    

      
        
    
    
",买他都是因为颜值超高，外形设计时尚，就特别赏心悦目。看起来比较年轻比较适合年轻人外形，看上去像保时捷。,https://image1.xcarimg.com/attachments/my/1/92/13/803_120.jpg,xuser1931380,三星会员,5,外观,5,内饰,5,空间,5,舒适,5,油耗,5,动力,操控,性价比,购入信息,爱车车型,https://newcar.xcar.com.cn/m62384/,2022款昂科威S四驱 Avenir艾维亚,购入时间,2021/3/1,购车地点,天津开发区四联汽车贸易有限公司 [天津市],裸车价格,27万  (厂商指导价 27.99万),当前油耗,8L/100km,购入用途,因为我的这款是老别克凯越置换的哦，所以优惠的力度还算满意，加上车子颜值非常的高，还有免息政策，首付也就付了十来万觉得还是能承受的,爱车评价,[最满意],[不满意],不满意就是等车，时间真的太长太长太长了，从八月份订车到这个月才提车，等到心都碎了。,[外观],觉得，他的大灯非常的耀眼，整个车身都非常的运动，我老婆也被它的颜值所吸引有点像轿跑霸气。,[内饰],内饰黑色的比较耐脏。多功能方向盘也非常的简单易操作。,,,[舒适],[油耗],舒适性还不错，后排座椅挺大的照应，一贯是别克的亮点隔音效果方面，我觉得还是比同等级别的大众要好一些。,油耗我懂你来过还能够接受八个油，可能我还没怎么开得太熟练，不太敢踩油门后期再看看吧。,[动力],这款车的动力，我还是比较满意的，接近240左右的一个玛丽，岂不都特别有劲儿，完全没有任何问题，无论是超车还是在高速上面飙车动力10分充沛。,,,[操控],唯一的感觉就是感觉方向盘稍微有点儿低，如果要能高一点就好了，但是方向打起来还是非常轻松的倒车停车都没有任何问题。两个字完美。,,,
"
    发表于  2021-12    

      
        
    
    
",最满意的地方非外观莫属了，昂科威sgs版颜色是深蓝色的那种，充斥着一股浓浓的运动风，非常符合我这种年轻人,https://image1.xcarimg.com/attachments/my/1/92/13/802_120.jpg,xuser1931380,三星会员,5,外观,5,内饰,5,空间,5,舒适,5,油耗,5,动力,操控,性价比,购入信息,爱车车型,https://newcar.xcar.com.cn/m62384/,2022款昂科威S四驱 Avenir艾维亚,购入时间,2021/3/1,购车地点,天津市中乒上通汽车销售服务有限公司 [天津市],裸车价格,27万  (厂商指导价 27.99万),当前油耗,8L/100km,购入用途,性价比还是可以的，就光动力方面就足以秒杀市面上一般的suv了，唯独就是上面我所提到的副驾不能是电动调节的有点可惜之外，其他的都能超过这价位了，所以我觉得还行吧，当然我也不是富二代。,爱车评价,[最满意],[不满意],最不满意的地方目前还没有找到，要是硬要我说一个的话那就给部分配置吧。,[外观],外观自然是我最欣赏的地方了，深蓝色的外壳就已经能凸显出它的运动气息了，厚重的车头给人感觉里面满满的都是料，这也是为什么我会选择这款车的原因，因为实在是太帅了，我是十足的颜控，自然也是对自己的眼光充满自信心的。,,,,,[舒适],[油耗],舒适性方面感觉还行，内部用材都是真皮的，座椅软硬适中，哪怕久坐也不会感觉腰酸背痛，而且躺着也像在自家床上一样，特别温馨、温暖，车内的隔音效果也很棒，关上门窗，放点音乐，简直就是人间天堂，从此化身为一名沉浸式老司机，不过光说也没啥用，具体还得你们自己去店里试试效果如何。,油耗方面不好说，因人而异吧，因为每个人的用车习惯都不同，像我现在工作单位需要我经常性的出差，所以油耗自然是低的，如果是经常在市区开的话那油耗得提高不少，毕竟市区还有拥堵路段和高峰期；而且美系车油耗本来就不是很低，可以认为一部分已经转化在了动力上，所以还是会有舍有得的，当然对我来说没啥太大的影响。,[动力],动力方面的话建议大伙亲自去体验下，真心赞，起步不会很难受，对于一些急性子来讲完全可以接受，接近240的马力足以让你成为高速一哥了，加上它的底盘非常稳定，有个网络用词叫做稳如老狗可以诠释它的动力了。试问谁不想做秋明山车神？昂科威sgs就能让你体验上，这种快、准、狠的感觉真是倍儿爽。,,,[操控],操控方面很稳定啊，真皮包裹的方向盘让驾驶体验提高了不少，不会像一般的车那样打滑，基本就是指哪打哪，要是在安全的前提下单手秀一下也是没问题的，而且这车功能很齐全，中控区也是偏向主驾驶位的，所以想点什么功能都能够轻松应对，唯独就是档位区是拨片式的可能对于一部分司机来讲不能很快的上手，毕竟握把式的还是更有感觉一点，拨片式的就显得高级一点，也是看个人喜好吧。,,,展开全部
"
    发表于  2021-12    

      
        
    
    
",首要这辆车的外观就十分的时尚，我是一个颜值控，它的颜值真的很符合我的类型,https://image1.xcarimg.com/attachments/my/1/92/13/801_120.jpg,xuser1931380,三星会员,5,外观,5,内饰,5,空间,5,舒适,5,油耗,5,动力,操控,性价比,购入信息,爱车车型,https://newcar.xcar.com.cn/m62384/,2022款昂科威S四驱 Avenir艾维亚,购入时间,2021/3/1,购车地点,天津开发区四联汽车贸易有限公司 [天津市],裸车价格,27万  (厂商指导价 27.99万),当前油耗,8L/100km,购入用途,整体来说车的优惠力度还能够，因为当时我比较急着买车，我没赶到国庆节，假如国庆的时分优惠力度必定更大。当时这辆车也在我的预算之内，因为它的许多亮点,爱车评价,[最满意],[不满意],最不太满意的便是它的油耗了，毕竟是中型SUV，油耗必定略微偏高一些，跑高速的话还好一点，总的来说仍是稍高,[外观],买车的时分我一眼就相中了这辆车，这辆车让我感觉到十分的阳光，大气。不论是前脸仍是后屁股都给人眼前一辆的感觉，并且能看得出来整车的做漆十分的考究，钣金技能更是熟练给力整车的线条性十分的优美，像一个优美的少女，十分的耐看，百看不厌。,,,,,[舒适],[油耗],我最喜欢的便是它的巨大空间和SUV车的超大广大视界，因为我的视力有点近视，工作越好对我驾驭越有利。真皮的座椅让人乘坐起来十分的舒适，感觉像是坐在一个人的腿上，十分的有质感，前后独立的悬架也是让我青睐这款车的最重要的一个原因，当驾驭它回农村老家时，崎岖的路途不会让我感觉到激烈的震动感，减震效果特别给力。车座的包裹力也十分的到位，系上安全带之后，感觉就与车座融为一体。,这款车毕竟是中型SUV，油耗必定相对高一些，这也是我最不太满意的一点，尤其是在拥堵的市区路途行驶时，油耗会更高一点，或许也是新车的磨合期吧，跑跑应该会好许多。,[动力],大家能够看它的装备，动力更不用去置疑。2.0T，涡轮增压不论是超车仍是起步，都能遥遥领先，油门轻轻一踩，登时推背感就体现出来了尽管说车身重量很重，可是加起油来像是一个百米冲刺的运动员，丝毫不会慢待，就算坐满五个人，加起速来也是刚刚的。,,,[操控],这辆车驾驭起来特别的稳，它的反方向盘沉稳并且又很灵活，车辆底盘调教的十分厚实，过减速带什么的不会感觉车很散的感觉，一点不会让人觉得很松胯，按键式的电子排挡，更是稳重之中又增加了一个亮点，控制起来十分的舒服，并且它的方向盘能够依据自己的感觉去调整适合自己的方位。手自一体让我们便利的同时又能体会手动挡的驾驭乐趣，跑高速的时分不会感觉到很无聊。多功用方向盘能够让我们驾驭的时分很便利的接打电话，听听音乐之类的，特别的给力。,,,展开全部
"
    发表于  2021-12    

      
        
    
    
",最满意的一点是这款昂科威S带给我的那种驾驶的愉快感，特别是在动力上觉得特别的强劲,https://image1.xcarimg.com/attachments/my/1/92/13/800_120.jpg,xuser1931380,三星会员,5,外观,5,内饰,5,空间,5,舒适,5,油耗,5,动力,操控,性价比,购入信息,爱车车型,https://newcar.xcar.com.cn/m62384/,2022款昂科威S四驱 Avenir艾维亚,购入时间,2021/4/1,购车地点,上海万兴世界汽车销售服务有限公司 [上海市],裸车价格,27万  (厂商指导价 27.99万),当前油耗,8L/100km,购入用途,这款昂科威S从买来我就比较满意，很喜欢他带给我的自信的感觉hahah,爱车评价,[最满意],[不满意],最不满意的一点是在于他的油耗上面，这种类型的车行驶的时候确实是特别的方便，也特别的霸气,,,[内饰],内饰上的材质触摸起来还是比较舒服的，家用没什么问题,,,[舒适],[油耗],不管是驾驶还是乘坐的舒适性我觉得都是很不错的，在空间上是完全不会拥挤，空间的表现是非常棒的,我觉得这款昂科威S稍微油耗是稍微偏高一些的，不知道以后再多跑跑的话油耗会不会下来一些，不过目前来说我觉得偏高。,[动力],动力上的表现是比较棒的，2.0T的排量加涡轮增压的进气方式行驶起来给我一种畅快无阻的感觉，真正的应了那句，随风奔跑自由是方向，在等红绿灯的时候起步加速都非常快，再也不用担心被别的车给反超了，高速上跑的也比较迅猛，完全感受不够一丝肉肉的感觉，对于这款昂科威S的动力我是特别的满意。,,,[操控],我觉得在操控上对于新手司机来说是需要下一些功夫的，但对于我这个老司机来说是毫无压力的，这款车虽然看着笨重，但其实各个方面都是比较灵敏的，方向盘很好控制没有虚位，刹车和油门也是轻轻一碰就会进行加减速,,,展开全部
"
    发表于  2021-12    

      
        
    
    
",我个人认为这辆车子的的确确是比较优异的，由于它在多各方面带给我的感受都是很满意的。,https://image1.xcarimg.com/attachments/my/1/92/13/799_120.jpg,xuser1931379,三星会员,5,外观,5,内饰,5,空间,5,舒适,5,油耗,5,动力,操控,性价比,购入信息,爱车车型,https://newcar.xcar.com.cn/m62384/,2022款昂科威S四驱 Avenir艾维亚,购入时间,2021/3/1,购车地点, [上海市],裸车价格,27万  (厂商指导价 27.99万),当前油耗,8L/100km,购入用途,车子的配置还挺全的，根本该有的都有了，时不时还给我点小惊喜呢。在同等价格的车子傍边，这辆车子占的优势仍是挺多的，买它我一点都不懊悔，我觉得这样一辆好车是值得当初买它的那个价格的。,爱车评价,[最满意],[不满意],先标明我个人的一个态度，便是我对车子全体都是很满意的，究竟这么优异的车子在我的心里也是挺完美的。,[外观],车头的两个大灯看起来特别精美，并且整个前脸也比较有规划感，两者相互调配起来是相辅相成的，看起来就很时髦美观。,,,,,[舒适],[油耗],车子的座椅包裹性比较强，不软不硬。跑长途的话，就算时间比较长也不会感觉有多累，这或许便是座椅带来的“福利”吧,由于油耗表现跟他们讲的是有所不同的，不说油耗量有多低，至少是在我可以接受的范围之内的。关键是我老是在市区里面开着，红绿灯也比较多，所以总是会走走停停的，便是这样的情况下也没有消耗多少的油，感觉挺不错的。,,,,,[操控],"别看这是辆中型的SUV,可是这辆车的控制是比较稳当的",,,
"
    发表于  2021-12    

      
        
    
    
",首先最满意的就是这款车的外观，动力等各个方面，首先从外观上看，给人的感觉就是那种很适合年轻人审美的SUV,https://image1.xcarimg.com/attachments/my/1/92/13/798_120.jpg,xuser1931379,三星会员,5,外观,5,内饰,5,空间,5,舒适,5,油耗,5,动力,操控,性价比,购入信息,爱车车型,https://newcar.xcar.com.cn/m62382/,2022款昂科威SGS 两驱智慧运动型,购入时间,2021/3/1,购车地点, [上海市],裸车价格,23万  (厂商指导价 23.99万),当前油耗,8L/100km,购入用途,二十多万提到这样一款车，总整体上看我还是很满意的，虽说有些小瑕疵吧，但还是不能影响我对他的喜欢，我对他的保养也很勤，每两周都会去洗一次车，到现在一点磕碰都没有还是很欣慰的了。,爱车评价,[最满意],[不满意],这款车虽说从外观上看起来比较大，整体车距啊什么的都比较大，但是真正内部空间却没有表面上看起来的那么大,[外观],外观更是没得说，选的就是外观，搭配上酒红车漆更是显得豪华大气，不输很多豪华品牌。,[内饰],内饰基本上都是软质包裹，手感很不错，一点塑料感都没有，不过这么好个车才只有8英寸的中控屏，是不是有点抠门了，新车异味也很重，值得改进吧。,[空间],空间上的话别看车的本身比较大，但是里面空间尤其是后排空间个人感觉设计不是太合理吧，这个也算是我比较不满意的一个点，有时候跟同事们出去玩啊什么的，后排坐三个人中间一个人却总是在那里喊累，坐久了腿放的不舒服，突起这么高，难免会有抱怨，所以我觉得要是车友们打算出去游玩什么的，最好后排只坐两个人是最好的。,[舒适],[油耗],真皮材质的座椅坐起来就很舒服，整车的缓震还是做得不错的，尤其是过减速带的时候，基本上那个震动感不是很明显，座椅舒适度很好，不软不硬，值得表扬的是他的隔音降噪能力是真的很不错，配有ANC主动降噪和前排隔音玻璃，就算是在高速上行驶也不会有很大的声音，舒适度还是值得我点赞的。,刚开始提回来的时候，因为这是一款中型的SUV嘛，想必油耗肯定会上两位数的，开的第一个月的时候，可能因为是新车，开的也很小心，一个月下来油耗大概在8个点左右，那时候就觉得诶，油耗还不错，还比较省油，听别人说2.0t的都是比较烧油的，怎么到了自己这里跟小轿车一样了，后来磨合期过了之后就开的比较放纵了吧，油门有时候踩得比较猛，那一段时间油耗10个点的样子，直到现在开始平稳了下来，稳定在9个点的样子，还是感觉油耗跟个人的开车习惯有关吧，不过说实话这辆车油耗方面还是不错的。,[动力],动力不用说，这也是我选择他的一个点，2.0T的动力搭配9AT的变速箱不论在任何场景下都能轻松驾驭，涡轮增压在起步或者超车时，稍微点一下油门就会有很明显的推背感。,,,[操控],怎么说呢，这辆车开起来还是很轻松的，方向盘非常灵活，开起来也特别好操控，尤其是他的后视镜使用起来很方便，视野宽阔也很清楚，这样一来就给行车安全增加了更多的保障。,,,展开全部
"
    发表于  2021-12    

      
        
    
    
",最满意的就是它的外观颜值，非常的运动时尚，比较符合我的个人审美。,https://image1.xcarimg.com/attachments/my/1/92/13/797_120.jpg,xuser1931379,三星会员,5,外观,5,内饰,5,空间,5,舒适,5,油耗,5,动力,操控,性价比,购入信息,爱车车型,https://newcar.xcar.com.cn/m62382/,2022款昂科威SGS 两驱智慧运动型,购入时间,2021/2/1,购车地点, [重庆市],裸车价格,23万  (厂商指导价 23.99万),当前油耗,8L/100km,购入用途,倒车影像有那个线的标识，观看车的动态比较方便，并且它的天窗开启的角度还是比较大的，坐在车内有很好的透光效果，车内整体没有什么异味，如果有考虑s的车的朋友，可以做一个参考,爱车评价,[最满意],[不满意],嗯，感觉他的前方视线不是特别好，因为它的车头比较长，可能是才开了一个多月的时间，没有开顺手,[外观],这个外观颜色我最喜欢，我开出去基本没有重款的。呵呵。搭配黑色的轮毂，红色的卡钳。真的是与众不同。你像这款车的车头比较长，他的主驾驶是在整个轴距的中心，所以给人的感觉是一款运动型的SUV，唯一的缺点就是坐在主驾驶，感觉看前方的视线，不是说特别好，可能是没有开习惯，然后开习惯之后那个那个车距应该就能更好的把控。整体外观颜值还是比较满意的，因为我买车首先考虑的是她的颜值，其次是这款车的颜色比较好看，这款车它的颜色不是说特别的焰，不是说特别的高调。,[内饰],别克的内饰做工非常的不错，和我之前的涵娇车相比嗯，感觉更大方，毕竟价位比我之前买的那个车价位高的多，这个内饰之前是销售顾问帮我推荐的内饰，花了我好几千块钱，不过装饰之后感觉效果还是挺不错的，比较满意，,,,,,,,,,,,[操控],方向盘的转向比较精准，并且灵活度还可以，比较适中，包括这款车有那个定速巡航，开高速的话用起来比较方便，这个方盘的样式不是他们原厂的，是我后期自己改装的，改装成翻毛皮的一个方向盘，冬天的话，比较舒服。一看就是女士用的车。这个车的底盘减震不是说特别的软，也不是说特别的硬，偏适中，过一些颠簸路段，感觉，滤震比较好,,,展开全部
"
    发表于  2021-12    

      
        
    
    
",最满意的是外观，我其实关注这款车很久了，昂科威S的外观设计漂亮，长车头短尾的设计，让整个车看起更加运动，,https://image1.xcarimg.com/attachments/my/1/92/13/796_120.jpg,xuser1931379,三星会员,5,外观,5,内饰,5,空间,5,舒适,5,油耗,5,动力,操控,性价比,购入信息,爱车车型,https://newcar.xcar.com.cn/m62382/,2022款昂科威SGS 两驱智慧运动型,购入时间,2021/3/1,购车地点, [重庆市],裸车价格,23万  (厂商指导价 23.99万),当前油耗,8L/100km,购入用途,我本人算是个颜值控严重的人，我非常喜欢昂科威S的外观设计，其次就是对动力方面，这套2.0T的动力是我喜欢的，而且我选择了四驱版本的车型，都是我中意的。所以我就选择了这款车了。,爱车评价,[最满意],[不满意],不满意的地方有两点，第一是配置方面，我选的四驱版本的，因为增加了一套四驱系统，在配置方面明显简配了,[外观],外观方面，我特别喜欢外观设计，看上去运动时尚，整体看下来有特别精致。大灯设计的设计与前脸相辅相成，日间行车灯的点亮效果也具有辨识度。侧身面线条流线，长车头短尾的设计，整体车的姿态更加流线，GS版本的黑色套件，让整个车看起来更加战斗，红色刹车卡钳也彰显这个性。,[内饰],内饰方面算是讨论最对争议比较大的，作为经常开车的我，我是喜欢这样的设计的，整体中控都是围绕着主驾驶位设计，操作起来更加方便，屏幕的操作流畅，可以选择卡片式的菜单，调用起来也很方便，也可以通用语音操作，其实就是按键式的换挡，刚开始算是新奇，用了一直时间后，觉得这个换挡方便好用，有一次我着急下车忘记换挡，有自动从D档换挡P档的操作，让我记忆犹新。,,,,,,,,,,,[操控],昂科威S本身的定位就是年轻运动的车型，GS版本在这个基础上有强化了这样的属性，我选的是四驱版本就是有四种驾驶模式，除了舒适模式外都是都四驱状态。在舒适模式下，方向盘特别轻，非常好把控，在切换到其他模式下，方向盘的转向就变重了，在驶过颠簸路段时受到影响降低。再有就是在底盘的稳定性方面，无论是高速变道，还会转向时，都能很好的抑制车身的的侧倾，让人在驾驶时更有信心。再有就是在主被动的一些安全配置方面也是很丰富的，自适应巡航加车道保持在高速行驶时，能稍微放松一下，再有就是碰撞预警、行人检测在市区复杂道路时会更好的帮助应付突发情况，侧盲区检测和流媒体后视镜也让我现在感觉没有他们有时候都不会开车的感觉，真的是科技进步啊。,,,展开全部
"
    发表于  2021-12    

      
        
    
    
",我买了这台车之后开下来最满意的一个就是他的外观，这台车子的颜值真的在原本的昂科威S有了一个很大的提升,https://image1.xcarimg.com/attachments/my/1/92/13/793_120.jpg,xuser1931379,三星会员,5,外观,5,内饰,5,空间,5,舒适,5,油耗,5,动力,操控,性价比,购入信息,爱车车型,https://newcar.xcar.com.cn/m62382/,2022款昂科威SGS 两驱智慧运动型,购入时间,2021/3/1,购车地点, [天津市],裸车价格,23万  (厂商指导价 23.99万),当前油耗,8L/100km,购入用途,其实跟我的预算是差不多的，主要是买到了自己心仪的车子，现在身边买别克的人还是挺多的，所以对这个品牌还是比较信任的！！！,爱车评价,[最满意],[不满意],感觉这款车子让我觉得有一个不太舒服的地方就是他的后视镜让我有点别扭，总是觉得我没有调整好,[外观],这款车子的外观真的没的说，尤其是还有GS的运动套件加持，整个的运动时尚感很强，前面的部分比较长，车身显得更加动感，加上红色的刹车卡钳以及超大的全景天窗，真的是SUV的天花板了！！！,[内饰],内饰的做工真的很不错，因为是GS的运动套件，所以有红色的边线，尤其是边线做的真的很细致，黑色的内饰也是很大气更耐看！！,[空间],后排空间对我个人来说是比较充足的，虽然没有昂科威的空间大，但是日常使用是没有问题的，不过我一般后排也只是放放东西，对我来说只要驾驶位的空间舒适就可以了。,[舒适],[油耗],车子驾驶以及乘坐的舒适度都非常好，开车的时候里面的流媒体后视镜真的很实用，真个的后面的视野很大，看的很清楚，包括车子还有远程的一个发动机启动，在冬天的时候热车也是比较方便的，然后车子的静音效果真的很棒，加上车子里面的音响，听歌的时候车子的音效很不错！然后就是他的一个感应式雨刷，这个在雨天很实用，也不用一直手动去调节！,油耗的话我买的时间不长，目前开下来是在9个油左右的样子，之后可以去高速上拉一拉，应该油耗会在更下来一点，整体来说还是满意的！！,[动力],动力的话这款车子完全没有问题，它是2.0T的发动机，起步非常敏捷，很快，动力在起步的时候推背感也是有的，马力很足够了，对于女司机来说能有啥要求呢，哈哈哈哈哈,,,[操控],操控方面的话整体来说我觉得没什么问题，驾驶的时候也是比较舒服的，方向盘轻重也刚刚好，指向也很精准，有些颠簸的路段也过得比较平稳，减震做的比较好！,,,展开全部
"
    发表于  2021-12    

      
        
    
    
",最满意的就是这个车的外观和它的颜色了，再选这个车之前看了很多的车，其实这个车我很早之前就已经关注了,https://image1.xcarimg.com/attachments/my/1/92/13/792_120.jpg,xuser1931379,三星会员,5,外观,5,内饰,5,空间,5,舒适,5,油耗,5,动力,操控,性价比,购入信息,爱车车型,https://newcar.xcar.com.cn/m62382/,2022款昂科威SGS 两驱智慧运动型,购入时间,2021/2/1,购车地点, [天津市],裸车价格,23万  (厂商指导价 23.99万),当前油耗,8L/100km,购入用途,"我买车本来预算就是250,000以内，看这个车感觉价格还是挺合适的配置买的是高配的，就是觉得这个高配的配置性价比比较高，主要它还是一个四驱的，毕竟是高配的配置还是比较全面的",爱车评价,[最满意],[不满意],最不满意的地方，现在开着整体还都可以，要说真的不满意的地方就是这个车的后排空间,,,[内饰],说实话，我媳妇看着这个车的内饰她是比较满意，但是我整体看起来这个中控屏有点倾斜了，看得总是比较别扭，如果说像那种平的中控屏看着还比较舒服，刚开始看可能是不习惯吧，因为这款车主打的是运动，所以这样看着运动感更强了，可能习惯就好了吧……,[空间],不过，说实话，这款车它的后排空间，真的不是很大，这个也是唯一遗憾的地方，不过它后排哪一点还没有凸起的那一块，这点还是挺好的，因为这样后排坐三个人的时候空间还是可以的，起码脚下面比较舒服，没有凸起的那一块，这样中间那个人脚下面起码也比较舒服。,[舒适],[油耗],说实话，这个车平常我跑老家的时候那个路特别差，高低不平，但是开这个这个车走在上面的舒适性还可以起码悬挂没有很硬，走到上面就跟坐船一样很舒服，但是底盘的声音稍微还是有点大平常跑市区的时候感觉不出来只有特别差的路况，才能感觉到他噪音很大。,现在刚跑了1000多公里，平常跑的都是市区高速的时候很少去，现在的油耗是九个油左右，现在油价太贵了，平常开的也不多，油耗也还行吧，比较排量有那么大的。,[动力],这个车的动力现在感觉还是挺好的，毕竟2.0t的涡轮增压发动机，开着还是挺好的，经常超车的时候动力也比较强劲，说实话在市区开车也用不到那么大的动力，但是他的提速进得特别快，他的变速箱是九档的起步的时候没有很大的顿挫感，反正比我老爸那个1.5自然吸气的车好太多了。,,,[操控],这个车的方向盘左右开起来还挺轻的，我平常感觉不出来，但我媳妇说她开着很舒服左右打起来很轻，然后它的刹车也比较灵敏，开着整体还行的。,,,展开全部
"
    发表于  2021-12    

      
        
    
    
",对于自己喜爱的东西，我是毫不吝啬的，当时买这台车的时候直接就上的是顶配，当时优惠了两万多块钱，对于这个优惠力度我也比较满意，当然最满意的还是这台车子的性能，它的外观非常的稳重，动力性能特别的充沛，2.0t的发动机，让我在驾驶这台车的时候，有种随心所欲的驾驶快感，内饰很豪华，从她的造型到它的色彩搭配，都让我感觉到这是一台豪华感诚意满满的车，乘坐的舒适度高，真皮的座椅包裹性特别强，还有加热通风记忆的功能，虽然说是一款新上市的车型，但是有别克这个大品牌做靠山，对于它的品质方面，我是非常信赖的,https://image1.xcarimg.com/attachments/my/1/92/13/791_120.jpg,xuser1931379,三星会员,5,外观,5,内饰,5,空间,5,舒适,5,油耗,5,动力,操控,性价比,购入信息,爱车车型,https://newcar.xcar.com.cn/m62382/,2022款昂科威SGS 两驱智慧运动型,购入时间,2021/4/1,购车地点,北京市勤和汽车销售有限公司 [北京市],裸车价格,23万  (厂商指导价 23.99万),当前油耗,8L/100km,购入用途,这台车的性价比应该算是比较高了，车身的外观造型显得比较有档次，内饰配置也是相当的豪华，再加上他的这个充足的动力，让我感觉这是一款非常有诚意的车，价格优惠力度也算可以，优惠了两万多块钱,爱车评价,[最满意],[不满意],也不知道是不是处在磨合期，或者说我对于这台车子的掌控还不够完全，对于它的油耗，我不是特别的满意，现在都是在11个以上，有的时候堵车在市区都能跑到十三四个，这就有点高了，在磨合磨合看看吧，说不得以后都得调成经济模式驾驶了，再有一个可能就是新车的异味问题的，我之前买的十几万的车内有一步，我也就忍了，现在这台车都20多万，也算是一台豪华级别的车型了，但是新车的时候还是有异味，心里面有点不平衡,[外观],昂科威s这款车跟昂科威是有一些区别的，我觉得这台升级后的昂科威s有一种更加霸气的感觉，他浑身都是美系车的肌肉，会让人感觉特别的安全，强硬的车身造型，再加上她超大的车身轮毂，让整台车子显得特别的魁梧有力，而且整体的造型也比较大气稳重一些，我特别喜欢这种强硬的SUV风格，让人印象深刻，美系车的车漆我也是比较喜欢的，颜色很靓丽，扳金也是相当的厚道,[内饰],内饰这一块的设计我也比较满意，真皮材质的座椅显得还是有一种高级感的，它的中控造型的设计风格也是那种比较大气时尚的造型，完全符合我的审美观念，还有就是这台车子的做工非常的精细精致，车内的颜色搭配让我感觉很温馨，还有就是这台车子在配置方面也是非常的丰富，车联网功能，十英寸的中控液晶大屏幕，有手机互联映射功能，还有智能语音识别系统，一般情况下的用车他都能够满足,[空间],这台车的空间表现是非常让我满意的，从这台车的外观上就能看的出来，它的车身很宽大，而且这台车内部的空间安排的也是非常的合理，空间利用率比较高高，乘坐空间很宽松，再加上SUV开阔的视野，让乘坐这台车或者驾驶这台车的人都是有一种非常舒服的体验，我也比较喜欢这台车的后备箱，它的容积很大，买了这么久，也没有什么东西能够完全把后备箱给塞满，可能也就是过年的时候才能够把它给填满吧！,[舒适],[油耗],整台车子营造出的舒适性体现，我认为是非常让人舒服的，最起码也能够达到90分，它的座椅设计得比较舒服，有腰部支撑的功能，而且还有，加热通风的功能，前后排都有中央扶手，这台车对于颠簸感受处理的也很好，它的悬挂还是比较舒服的，对于一些细小的颠簸，完全不用在意，她都能够很好的过滤掉，空调的效果也不错，制冷速度是非常快的，炙热的话还没有试过，到冬天的话，应该会是一种非常舒服的状态了，这台车子的音响效果我也比较喜欢，他是给了一个bose的音响，这也是一个品牌，而且扬声器也给了九个喇叭，音质效果体验还是挺舒服的,这台车的油耗，说实话，我不是特别满意的，他当时买车的时候看的工信部的油耗也才是八个左右，但是实际跑下下来却相差了太多，我的这一款车跑到这一个多月以来，它的油耗一直都是在11个网上的，如果遇见特别堵车的时候，还能再高一些，这就让我有点受不了了，期望磨合期之后能够再降一降吗？最起码十个左右，我还是很容易接受的，再高的话，确实有些受不了,[动力],动力方面是完全没问题的，这台车子配备的是2.0t的发动机，他在起步的时候，力量还是比较强劲的，一点也不会感觉到肉，轻踩油门就能够感受到，在路上加速的时候，这台车子的加速性能也比较强，超车丝毫没有问题，还有就是这台车只在加速的过程中，它的动力非常的平顺，这是让人特别舒服的，而且这台车子也是一台四驱的车子，因为长治这个地方也是周围有许多山的，偶尔在周末或者节假日的时候带上亲朋好友一块出去爬爬山，这台车子也是不会给你掉链子的，山区路况也是相当的轻松,,,[操控],我觉得一台车子的操控要看它的动力，还有它的配置，这台车子动力性能是比较充足的，这点没问题，它能够在你想要加速的时候给到你强劲的动力，这就让人很舒服了，还有就是配置方面，这台车子搭配配的辅助配置也是比较丰富的，前后都有驻车雷达，还有360度全景影像，这些功能再跑高速的时候也有自试英雄行功能，特别特别是这台车子的一个可变悬架功能，让她一下子变得高大上了起来，我之前只有在一些特别豪华的车型上才见过这个配置,,,展开全部
"
    发表于  2021-12    

      
        
    
    
",第一感受就是这台车的动力表现真的是那种非常强劲的感觉，尤其是能够给到很舒服的推背感，开起来的那种自信，绝对是因为有着充沛的动力。无论是在任何的驾驶环境之下，车辆的提速和动力表现，绝对是一大亮点所在。然后是车子在操控上，还是有很不错的手感，比如方向盘的转向，会很舒服，而且指向也很精准，虽然是作为一台SUV，但是在驾驶的时候感觉很舒服，视野也很开阔。,https://image1.xcarimg.com/attachments/my/1/92/13/790_120.jpg,xuser1931379,三星会员,5,外观,5,内饰,5,空间,5,舒适,5,油耗,5,动力,操控,性价比,购入信息,爱车车型,https://newcar.xcar.com.cn/m62382/,2022款昂科威SGS 两驱智慧运动型,购入时间,2021/3/1,购车地点, [上海市],裸车价格,23万  (厂商指导价 23.99万),当前油耗,8L/100km,购入用途,对于车辆性价比的评价，其实没有和他与其他的车做对比，主要是买来的这台车自己会不会很满意，然后车子本身的质量扎实不，还有车辆的配置是否齐全？总体来说具有很高的性价比,爱车评价,[最满意],[不满意],个人反正是希望这款车在内饰的设计上，如果能够稍微有一些重新的考虑，或者是做一定的提升，那就更棒了。尤其是像这种作为家庭用车的时候，其实更多的是想这辆车的氛围更好一点，一家人坐在车里，有说有笑的去想去的地方，我觉得这是一件幸福的事情。其他不满意的地方，目前倒是没有特别多的发现，后排没有经常乘坐，听媳妇说，中间地板凸起得很高，有时候腿部的施展不是很方便。,[外观],外观的时尚感很充实，和老款的昂科威相比，在外观上就多了一些活力。看上去会觉得很大气，而且很豪华，全led的尾灯，在夜间行驶的时候，有着很高的辨识度。,[内饰],真皮的座椅，非常的舒服，手感也很好，并能够提高车内的豪华性。在驾驶室的座椅，包裹性这一块处理得非常到位，再加上座椅的软硬度刚刚好。我觉得这台车内饰的档次感提升在于拉丝和钢琴漆，显得非常大气，豪华。,[空间],这台车在空间的表现上绝对是没有任何的问题，比如后备箱可以放两个大的行李箱，然后像我钓鱼的工具，登山的包包，还有孩子的一些小玩意，就能够储放得井井有条。其实后备箱的储存能力绝对是可以的，最主要的是车内的空间是否能够让乘坐感得到提升。自己体验最深的那自然是驾驶位置的活动范围，头部空间还是很宽敞，不会觉得很压抑，然后左右的空间发挥也很充足。,[舒适],[油耗],平时天气好的时候，喜欢打开全景天窗，在驾驶的时候就会有一个很不错的心情，最主要的是车内的空间很宽敞，能够让每一个坐在车里的人，感受到那种舒适性。隔音的处理也是很到位的，坐在车里，一些噪音几乎很难听得到。其实我整个人都特别喜欢坐在后排，椅子非常舒服，再加上很宽敞。,其实这么大的一台suv，再加上如此优秀的动力表现，想要它真正的省油，似乎有些不太现实，但是也没有高得很离谱，目前的油耗基本上能够控制在11.5升。,[动力],2.0t可变缸涡轮增压发动机，在驾驶的时候，真的是能够感受到超强动力的发挥，尤其是在达到了一定的速度之后，还能快速的实现超车。这种感觉能够让人很舒服，其实作为一个男人，更多的是关注这台车是否有超强劲的动力表现。,,,[操控],车子在整个操控上倒不会觉得非常的困难，或者是有任何的不适，再加上自己也经常开公司的那台昂克威，所以在开车的时候很快就容易上手。刚开始，老婆出门的时候，经常会选择打车，主要就是担心这台车，操作起来不是很方便，总是觉得很费劲。但是经常不开车，也不是个办法，总是要学会的，然后在上车的时候他觉得操作倒没有很困难，还是很舒服的。,,,展开全部
"
    发表于  2021-12    

      
        
    
    
",安可VS这款车的外观设计是非常的，让我喜欢的，时尚动感的造型，我觉得也算是一台跨界型的SUV吧！稳重中透露着大气与时尚，整个车身的线条充满了年轻与活力，第二就是这台车子的空间还是非常宽敞的，因为我对空间也是有需求的，这台车完全能够满足我的一个大空间的需求，空间大了，确实是要舒服不少，这台车橙多五个人，完全没有问题，再有就是这台车子的配置比较齐全，因为当时也是狠心买了一台顶配车，超多的配置，让我感觉用起来特别的方便，还有它的安全配置也是非常高的，跑在路上也比较放心,https://image1.xcarimg.com/attachments/my/1/92/13/789_120.jpg,xuser1931378,三星会员,5,外观,5,内饰,5,空间,5,舒适,5,油耗,5,动力,操控,性价比,购入信息,爱车车型,https://newcar.xcar.com.cn/m59352/,2022款昂科威SGS 四驱运动型,购入时间,2021/5/1,购车地点,重庆骊业汽车有限公司 [重庆市],裸车价格,25万  (厂商指导价 24.99万),当前油耗,8L/100km,购入用途,我买的这一款是艾尔维亚，是别克昂科威s的顶配车型，他有着非常丰富的配置功能，特别的实用，而且他的价格买的时候也有一定的优惠，我觉得它的综合性能还是比较强的，它的性价比比较高,爱车评价,[最满意],[不满意],到现在为止，唯一不满意的应该就是它的油耗了，也可能是我之前没有开过别克这个车系，对它的油耗也不了解，这台车的油耗，我感觉还是有点高的，也可能是因为我刚从小车换过来的，我之前的那台车油耗一般，也就是在七个多，这台车一下跑到11个，让我感觉差距有些大，可能还是需要一个适应的过程吧！,[外观],这台车怎么说呢？第一次看到他的时候，我就被它给吸引住了，也是因为他的造型太帅了吧？整个车的造型还是比较时尚与动感的，而且他有着一种非常强壮的视觉效果，这是那线条圆润饱满，而且车灯的设计也是非常的个性与时尚的，灯光全都是LED的，而且也都是自动打开的方式，很方便，轮毂是20寸的，也是比较霸气的赶脚,[内饰],内饰方面的设计也是深得我心，我感觉还是非常豪华的一个设计风格，用料厚道，大面积的软材质，给人一种非常舒服的触摸手感，整体的设计风格是一个环抱式的座舱，时尚大气，中控液晶屏幕信息也是显示的非常丰富，功能配备齐全，GPS导航系统导航路况信息显示，道路救援呼叫语音识别控制系统，手机互联映射车联网功能，功能多的用不过来,[空间],因为家里人也不是特别多，所以对于特别大空间也不是有太大的需求，当然这台车的空间也是让我比较满意的，空间大也是它的一个特征啊！童装空间宽敞，后备箱里面也比较大，前排不用说，主要说说它的后排，成本完全没有那种压抑的感觉，陪不到空间，特别的宽松，SUV，在这点上还是比小轿车要舒服的多，反正橙多，这台车完全没有那种压抑的拥挤的感觉，后备箱的储物空间也是非常的宽松的，在空间方面，我是完全满意的,[舒适],[油耗],这台车前后都是独立悬挂在减震效果方面，还是表现得非常优秀的，过坑洼路段没那么颠簸，就是过减速带的时候快速通过，也不是特别大的反应，让我感觉还是非常舒服的，它的座椅设计的也是非常优秀的，材质是真皮的，而且全都是主动调节的方式，有加热通风的功能，驾驶位还有记忆功能，也是比较高级的一个配置了，他前排配备了多层的隔音玻璃在，隔音降噪方面还是非常优秀的，在这台车内明显地感觉到要比之前的小车安静得多，也只有在跑长途的时候才能够稍微感觉到有一点风噪，也是大大方便了，舒适性，不会再忍受噪音的烦恼，这车还配备了一个大天窗，孩子特别喜欢把天窗打开，看他还是非常高兴的,如果是整体来看的话，其实这台车的油耗也不算高，因为同级别的车型我也了解了，跟他的差距也不是特别大，毕竟到这个级别的排量，SUV车型油耗本身就高一些，我也加了许多车友群，问了别人的情况，跟我的也都差不多，现在也对于它的油耗慢慢的有了一个适应的过程，再想有之前那种A级车的油耗也不可能了，而且很多车友都说在磨合期过后还能够稍微下降一些，让我也是比较开心的,[动力],这台车在动力方面的表现也是非常不错的，跑起来的时候感觉动力十分的充沛，有劲儿，而且动力输出也是非常的线性，它搭配的是一个2.0t的发动机，一个9 at的变速箱，最大马力237匹，光看数据就非常的诱人，实际的一个体验也是相当的舒服的，强大的推背感，在加速的时候让我感觉特别的舒服，后劲也足，在超车的时候也是非常轻松的一个状态，很快就能超过去比较油门的事情,,,[操控],我觉得SUV还是比小轿车要好开一些的，因为这种车身比较高，视野很开阔，这一点上要远比小车舒服的多，视野开阔了，心情感觉也跟着顺畅了起来，而且这台车子的硬件设施也不错，方向盘非常的灵敏，油门刹车的反应速度也是相当的快的，而且它也配备了丰富的辅助驾驶功能，毕竟买的是顶配的车型，在配置方面也是顶级的，有360度全景影像，前后驻车雷达，还有自适应巡航倒车车侧预警系统，有主动刹车的安全系统，还有车道偏离预警系统，车道保持系统太多的配置了，顶配确实是要舒服很多，确实是方便了我平常的一个用车,,,展开全部
"
    发表于  2021-12    

      
        
    
    
",最满意肯定是外观了，当初也是因为昂科威S的外观改变了我的选择，整台车比普通版的昂科威要更加运动时尚，更加的激进，而且车身也有一点溜背的感觉，有轿跑SUV那味了。还有就是空间比较充足，整体舒适性不错，后排空间比较大，平时家里人坐在后面也是赞口不绝，说比之前的英朗大太多了，坐着很舒服，能满足到家人我就很满意了。而且这台车的隔音效果做的也是比较好的，在高速上行驶的时候，噪音的声音很小，放些因为就可以把噪音掩盖了。,https://image1.xcarimg.com/attachments/my/1/92/13/788_120.jpg,xuser1931378,三星会员,5,外观,5,内饰,5,空间,5,舒适,5,油耗,5,动力,操控,性价比,购入信息,爱车车型,https://newcar.xcar.com.cn/m59352/,2022款昂科威SGS 四驱运动型,购入时间,2021/4/1,购车地点,重庆中汽沪通汽车销售有限公司 [重庆市],裸车价格,25万  (厂商指导价 24.99万),当前油耗,8L/100km,购入用途,个人觉得这台车的动力、配置、外观、内饰在同级别的车型中性价比还是偏高的了，首先就是价格比较便宜，优惠力度大，这个价格就可以买到这些配置还是挺划算的,爱车评价,[最满意],[不满意],不满意的就是外观尾部排气管竟然还是隐藏式的设计，前脸这么的运动，而尾部就相对来说有点欠缺了。虽然车内的配置很高，空间也大，但是这个座椅舒适度会偏低一点，坐久了会有点觉得累的感觉。车内跟车外的做工一些细节方面做得不够好，如果细看还是很容易察觉出来的。,[外观],我喜欢的就是这车的外观，这车的外观可以说是从昂科威进化而来的，你可以理解成昂科威的升华版，外观变得更加的运动，更加具有战斗气息，车身的线条也变得更加的凌厉，溜背的造型，有轿跑的感觉在里面，特别是大灯亮起那一刻真的是这台车颜值的巅峰。,[内饰],内饰个人感觉还可以，翻毛皮材质的座椅看起来比皮的更有档次，只不过坐起来就会有所欠缺了，车内略带一点科技感，唯一就是车内的一些细节之处做得不太好，只要细看，就会很明显，所以这台车的一些细节之处还是有待提高。,[空间],空间是很足够的了，起码比之前英朗的空间要大很多，之前英朗的时候坐满5人出游都是完全没问题的，现在的昂科威S就更加不用说了，家人坐在后面都说空间很足够，几乎瘫着坐或者是翘着二郎腿都是没有问题的，整体的舒展性良好，后备箱的空间还可以吧，现在还没试过装满后备箱，不够肯定是够用的。,[舒适],[油耗],舒适性整体的都不错的，只不过感觉这座椅做工不太好，可能是用料的原因吧，不过家人也没感觉出来，所以也没太在意了，车的悬架适中吧，过弯的时候还是非常稳定的，不会有明显倾斜的感觉，过减速带的时候颠簸也不会太厉害，整体舒适性挺不错。,别人说这个油耗偏高，但我完全不这么认为，我之前的那台英朗百公里都去到8个多油了，可能是我习惯了吧，反正这个油耗我是可以接受的，毕竟人家的动力也不弱，车还重，可以理解的。,,,,,[操控],操控性可以，有远程启动的功能挺方便的，可以提早先热热车，这台车搭载了别克家族用的9AT变速箱，换挡的过程也是非常的顺畅，没有拖泥带水的感觉，档位也比较清晰，在网上看到油评论会说有顿挫感，我想应该是个别情况吧，还有这车的方向盘不重很容易上手。,,,展开全部
"
    发表于  2021-12    

      
        
    
    
",最满意的就是它的外观了，当时看车的时候我也喊上了老婆一起，在经过多个车型归纳以后，还是昂科威S的外观让我记忆犹新。我老婆和我的眼光都差不多，都喜欢这个外观，在众多车型中脱颖而出。现在已经是我们的车了，平时开车出去玩的时候非常的开心，因为很多朋友也夸赞这款车的外观非常好看。内饰也很不错，所以每次开车都能带来一个好的心情。,https://image1.xcarimg.com/attachments/my/1/92/13/787_120.jpg,xuser1931378,三星会员,5,外观,5,内饰,5,空间,5,舒适,5,油耗,5,动力,操控,性价比,购入信息,爱车车型,https://newcar.xcar.com.cn/m59352/,2022款昂科威SGS 四驱运动型,购入时间,2021/3/1,购车地点,重庆骊业汽车有限公司 [重庆市],裸车价格,25万  (厂商指导价 24.99万),当前油耗,8L/100km,购入用途,综合比较下来，我觉得昂科威S性价比真的很高的，最主要还是它的整体实用性很高，非常的适合家具使用。空间大、性能出色，动力和配置各方面都很全面，在级别的车子里面我感觉还是比较不错的,爱车评价,[最满意],[不满意],真的目前还没有不满意的地方，毕竟从买车到现在才开三个月，而且昂科威S给我的生活带来了很多的驾驶乐趣。自从有了昂科威S以后，让我生活的时光充满了乐趣，周末可以自己开着车带老婆出去玩了，平时上下班也变的非常的方便了，想什么时候出去就什么时候出去，我对车子的要求并不是太高，只要能满足日常生活，而且是我喜欢的就行了。,,,[内饰],内饰很不错，感觉很高档豪华，特别是倒车影响，让我倒车时真的提供了很大的帮助，配备自动空调和车内PM2.5过滤系统，为车内提供了很好的环境，超大的中控液晶10英寸显示屏，感觉很豪华，内饰的做工也比较的不错，缝线这快看过去很优良。,[空间],昂科威S的空间对我来说已经是非常的够用了，我和老婆两个人也用不到多大的空间，前排的空间很宽敞，可以活动自如，我1米78的个子，头顶与车顶还是有一定的距离的。后排的空间坐人比较少，一般我爸妈会做一下，他们在里面坐这还是蛮合适的，在车里可以看得高看的远，后备箱的空间也很大，帮爸妈拉过一些货物，基本上没什么压力很实用。,,[油耗],,昂科威S这个车子的油耗我感觉蛮不错的，我一共开了3600公里，目前平均油耗就8.6，而且是上下班开车居多，大家都知道上下班是汽车行驶的高峰期，那堵车是非常的正常了，所以我说8.6油耗蛮不错的。我觉的这个开车还看个人习惯，喜欢暴力开车的人油耗肯定会高一些点，开车比较柔的肯定就会低一点。,[动力],动力是我非常喜欢的一点，2.0T的排量发动机，配合9挡手自一体变速箱，每次踩油门起步的时候非常的理想。每次起步都相当的快官方百米加速是7.5S。行驶在路上能感觉到速度带来的激情，我对速度其实要求度不高，平时上下班出行够用看满足了。,,,[操控],在行驶过程中，每次换挡都比较的平顺，不会有什么顿挫感，之前以为自动换挡的多多少少有点顿挫感但是这车还真没有什么感觉。日常开车操控还是比较灵活的，方向盘轻盈，转动自如，车子的反应能力也比较不错，给油就走，给刹车就停，操控不错。,,,展开全部
"
    发表于  2021-12    

      
        
    
    
",买这辆车的时候要比第一辆车更加的谨慎，也来回对比了很多的车型。最让我满意的第一是它非常大气的外观造型。车辆的线条使用的很流畅，而且棱角十足，显得特别有力量感，把美系车的暴力美学体现的很到位。特别的是车头的造型霸气，远远看着就有一种不怒自威的感觉。第二就是它的性能调校的很出色，我买车的目的就是为了能够更好出去自驾游。这辆车的动力输出很强劲，非常有爆发力。同时四驱系统可以让我很轻松的面对各种复杂路况。,https://image1.xcarimg.com/attachments/my/1/92/13/784_120.jpg,xuser1931378,三星会员,5,外观,5,内饰,5,空间,5,舒适,5,油耗,5,动力,操控,性价比,购入信息,爱车车型,https://newcar.xcar.com.cn/m59352/,2022款昂科威SGS 四驱运动型,购入时间,2021/2/1,购车地点,上海冠松汽车普陀销售服务有限公司 [上海市],裸车价格,24万  (厂商指导价 24.99万),当前油耗,8L/100km,购入用途,在25万以内这个价位的车来说，这辆昂科威s的性价比我觉得是非常出色的了。和途观L以及锐际比起来，不仅在外观上更加的霸气，而且内饰的造型和设计同样也更具有科技感。,爱车评价,[最满意],[不满意],在选车的时候更多看的都是一些表面的表现，而且试驾的路程很短，感受不是特别的明显。现在驾驶了几天之后，还是有两点让我不是太满意。首先就是变速箱的换挡逻辑性不是太好，之前看别克的其他车就有这样的问题。销售一个劲的表示现在是进行了新的升级，不会出现之前的情况。但是在档位切换的时候，还是有一些顿挫的感觉。其次是车内的用料虽然很厚道，但不知道为啥会有明显的异味。提车的时候贴了膜，不能开车窗透气，味道就特别明显。,[外观],当时买车的时候主要是被它出众的外观颜值所打动了。整体的造型非常的霸气，尤其是车身使用了非常多丰富的线条，把力量和运动融合的很到位。前脸采用了别克家族是中网造型，横向的进气格栅搭配着三色子弹盾牌logo很有气势。LED的大灯造型犀利，特别是在夜间点亮之后，不仅有着很好的穿透效果，而且视觉上也是一种享受。,[内饰],内饰是别克之前的造型上进行了完美的升级。倾斜的中控设计让我坐在驾驶座有一种强烈的包裹感，而且平时操控起来特别的方便，都是触手可及的范围。全新的换挡方式让中控看起来非常的简约，采用了质感出众的软皮材质，让车内的质感很出众。,[空间],虽然从车身尺寸上看会觉得这辆车的空间比较一般，但是坐进去之后会发现内部的空间利用率很出色。我基本上都是一个人使用，更多关注的是前排的空间。宽大的挡风玻璃让视野很开阔，出去户外玩的时候不会有太明显的盲区，保证了行车的安全。同时头部的空间非常的宽敞，我183cm的身高坐在进去还是有很好的活动范围。后排目前没怎么坐过人，但是目测整体的空间坐三个人不会太拥挤。后备箱的深度很容积都很充足，可以满足我自驾游的装备放置。,[舒适],[油耗],座椅的造型很宽大，坐上去之后身体能够很好的贴合在上面。加上软硬合适的座椅材质以及符合人体工学的角度设计，让乘坐起来的感受很舒适。提车之后出去玩了两次，悬架过滤颠簸的能力很出色，车内基本上不会有太明显的颠簸。而且车辆的隔音效果做的很好，高速行驶的时候都不会有太明显的噪音。,我刚提车没多久，现在也才开了1000公里。目前显示的油耗在9.7升。考虑到车身的重量，以及2.0T的排量，我觉得这样的油耗表现还是挺不错的。后期再多跑跑高速，出了磨合期之后油耗应该可以再降一些。,[动力],之前逍客2.0的自吸我觉得都很合适了，这辆昂科威s多了一个涡轮之后，动力的表现更加的出色。起步的时候只要舍得给油，动力来的很迅猛，而且有着很充足的推背感。中后段的提速也特别的给力，不管是在市区还是高速，超车变道都非常的轻松自如。,,,[操控],这辆车的驾驶感觉很不错。方向盘的力度适中，手感控制在一个刚好的程度，加上精准的调校，让我在过弯的时候感觉到非常的得心应手。四驱模式下，车辆的抓地效果很好。在户外和湿滑路面行驶的时候，能够感觉到车身有着非常稳的状态。同时配置了主动刹车，车道保持这些驾驶辅助功能，增加了我开车时的安全性。,,,展开全部
"
    发表于  2021-12    

      
        
    
    
",最满意的是这个外观，比较独特，艾维亚的版本是独一无二的，因为就只有这一个配置，网状式的前脸也比普通版更加的高级，很优雅的感觉，这个外观有点小溜背的感觉，比昂科威要时尚很多，第二就是这台车的配置很高，基本上你能想到的配置它都用，驾驶辅助功能也比较多，对于行驶的时候安全性也有了大大的提升，还有一点值得一提的就是这台车的大灯是像素式大灯，LED数量是矩阵式LED的近三倍，可以投下多至四片更精准阴影区域。,https://image1.xcarimg.com/attachments/my/1/92/13/782_120.jpg,xuser1931378,三星会员,5,外观,5,内饰,5,空间,5,舒适,5,油耗,5,动力,操控,性价比,购入信息,爱车车型,https://newcar.xcar.com.cn/m59352/,2022款昂科威SGS 四驱运动型,购入时间,2021/3/1,购车地点,湖南申湘汽车销售有限责任公司 [湖南省],裸车价格,24万  (厂商指导价 24.99万),当前油耗,8L/100km,购入用途,每个人的看法都不一样吧，毕竟是顶配的版本，性价比只能说还可以，但是我个人觉得还是挺值的，我也是别克的老车主，也很信赖这个品牌，昂科威S的外观很时尚，动力也很充沛，各方面都满足了我的需求,爱车评价,[最满意],[不满意],不满意的就是这个油耗了，对于家用车来说，这个油耗确实是有点高了，平均百公里差不多接近11个油了，对于后期用车的费用还是比较高的，经济性差了些，还有这台车可能更偏向于运动风，后排的乘坐空间对比普通的昂科威来说可能回差了些，中间隆起的地方也比较高，乘坐的舒适性也会有所影响，还有一点就是别克的保值率是比较低的，我之前那台老英朗也不值钱了。,[外观],我当时也是看中了昂科威S的颜值，艾维亚的版本真的是很好看，网状式的前脸，有一种优雅的感觉，车漆也是非常的漂亮，线条也很流畅，特别是大灯白天看着有点彩色的感觉，总之昂科威S的外观我是挑不出毛病的。,[内饰],内饰的设计虽然是比较简约的，但还是能给人一种奢华感，也用到了很多软性包裹，中控台以及档把的位置都用到了钢琴烤漆的材质，档把也是按键式的，但我不是很喜欢这种中控台倾向于主驾驶的设计，感觉有点不对称。,[空间],空间性只能说还可以吧，达到了经凑型SUV的水平，前排的空间是比较宽敞的，我1米78的个子，坐在主驾驶也没有觉得压抑，腿部跟头部的空间还是比较充足的，后排就属于是以个紧凑的水平，但是坐着也不挤，舒展性也还好，后备箱不大也不小，够用。,[舒适],[油耗],舒适性不错，座椅无论是做工还是质量都非常好，坐着很舒服，就像跟在家里的沙发没什么两样，支撑性包裹性都很强，底盘也是比较扎实的，行驶的时候比较的稳定，就是滤震效果会差些，不过把车速降下来也还好。,我个人觉得这个油耗是比较高的，经济性不是很高，如果是想选一台家用代步车，显然昂科威S不是一个好的选择，平均百公里的油耗接近11个，但是这台车的动力强劲，也还可以理解。,[动力],2.0T的发动机237匹的马力，可以说是非常的强劲，而且我这台还是以个四驱的版本，通用的9AT变速也是非常好用的，没什么顿挫感，涡轮介入也是非常的快，提速非常的快，推背感也有，反正这台车的动力问题我是不用担心的。,,,[操控],操控性也挺不错的，当时试驾的时候就觉得挺好开的，方向盘的手感也很好，轻重也适中，打方向轻松，指向精准，底盘的调校偏运动一些，所以过弯的时候也是很稳定的，倾斜感也不明显，刹车也能很快的得到反馈，刹车很及时。,,,展开全部
"
    发表于  2021-12    

      
        
    
    
",综合性价比不错，2.0T加9AT的总成在日常的驾驶给我带来了不错的动力感受，车身的外观设计的也很帅气，车内的舒适性感觉也不错，座椅坐起来很舒服，坐久的话不会觉得特别的累，还有悬挂方面调校的不错，对路上那些坑坑洼洼悬挂可以过滤的很好，经过不平路面的时候，悬挂总是可以很好的过滤，然后传递到车内的颠簸感不会特别的明显，舒适性不错。,https://image1.xcarimg.com/attachments/my/1/92/13/781_120.jpg,xuser1931378,三星会员,5,外观,5,内饰,5,空间,5,舒适,5,油耗,5,动力,操控,性价比,购入信息,爱车车型,https://newcar.xcar.com.cn/m59352/,2022款昂科威SGS 四驱运动型,购入时间,2021/3/1,购车地点,天津市中乒上通汽车销售服务有限公司 [天津市],裸车价格,25万  (厂商指导价 24.99万),当前油耗,8L/100km,购入用途,性价比在我看来是很高的，首先各种配置都很不错，而且配置也很高，外观设计的也很有美感，内饰营造出来的豪华感也很浓烈，就是这个保值率有点低了，总体来看我觉得这个性价比还是很高的,爱车评价,[最满意],[不满意],首先油耗挺高的，美系车感觉都是比较费油的，然后后排中间那个地板凸起的也比较高，这个后排在满座的情况下可能空间就会有点局促了，还有第二排座椅的角度居然不能调，这个感觉不太人性化，要是角度稍微可以调整的话感觉对一些不太会坐车的人还是比较好的，比方说我父母。新车刚买来的时候觉得内饰的味道还是比较大，过了几天就好了,[外观],我觉得这个车头设计的很漂亮，看起来很凌厉，车身设计的也很霸气，看起来很时尚而且很运动派，整体的腰线勾画的也很好看，外观感觉很有设计感，虽然车身的尺寸设计的相对于与其他车型不是特别的有优势，不过还是可以看出来是一辆中型SUV的，开在路上的回头率还是很高的，毕竟这辆车刚刚推出来的，大家对他还是感觉到很陌生，所以这个外观在路上是很吸引注意力的,[内饰],内饰一坐进去就有一种很高端的感觉，看起来就很有高级感，中控屏设计的也是很有特色，中控也是比较偏向于驾驶位，主观视觉上的感受很好，内饰的配色和用料我觉得也很满意，方向盘是多功能的方向盘，在这个社会已经是见怪不怪了，这种设计非常的实用，方向盘的手感不错，用的是真皮的包裹，座椅上面的纹路设计的也很好看，看起来非常的有豪华感,[空间],前排的空间设计得不错，坐起来的感觉很舒服，座椅设计的也很宽，乘坐起来的感受很不错，跑了几次高速后感觉到坐久了也不会特别的累，下车的时候不会感到腰酸背痛的，后排的空间表现也不会很差，毕竟是辆中型的SUV了，乘坐空间这方面营造的感觉还是很优秀的。车内的储物空间也是挺多的，一些零零碎碎的东西也有地方放，周末出游多放点东西也是没问题的,[舒适],[油耗],舒适性不错，座椅很宽大，坐起来很舒服，坐久了也不会觉得累，跑过几次高速给我的感觉很好，下车的时候也不会觉得腰酸背痛的。悬挂调的也不错，多余的震动也比较少，对于路上的坑坑洼洼悬挂过滤的还是不错的，车内的隔音控制的也很好，坐在车里还是觉得很安静的，路上的噪音传到车里的感觉还是比较少的，然后在车里放首音乐，感觉还是很舒服的,油耗觉得有点偏高，可能是我开得比较猛吧，现在在市区油耗基本在11升左右，高速的油耗就低了点，关键还是看个人的驾驶习惯，要是平稳的驾驶油耗应该也不会特别的高，如果说和我一样比较喜欢激烈驾驶的那么就要做好高油耗的准备，因为他的体形和重量都很大，所以在油耗方面表现的就肯定不会和轿车或者是日系车一样那么低，这点的话在我看来不是什么大问题,[动力],动力我觉得很强劲，无论是起步的时候还是说后期的加速我感觉做的都非常的不错，因为我对动力的要求还是比较高的，在起步的时候深踩油门还是可以感觉到很强的推背感，在高速上驾驶的时候，动力是随叫随到的，我每次要加速还是超车的时候都很得心应手，，油门的状态就是你踩多少它给多少油，在换挡的时候也几乎感受不到顿挫，整体的平顺性还是不错的,,,[操控],方向盘使用起来没有过大的虚位，指向性很精准，指哪打哪，底盘调教的也不错，行驶起来的稳定性很好，刹车也很灵敏，每次刹车都能按照我的意愿刹住，这台9AT的变速箱感觉反应还是有点迟钝，没有说特别的迅速，配备了360全景影像，在倒车的时候还是很方便的，车给我的感觉稳定性也很好，在转弯的时候侧倾不会特别的明显,,,展开全部
"
    发表于  2021-12    

      
        
    
    
",别克昂科威S这个外观就非常吸引我，因为在看这台车的时候，真的是被外观所吸引，所谓一见钟情，也许就是这样吧，车里面空间其实也挺大的，本来看过本田皓影，相对于本田皓影来说空间可能稍微小一些，但是内部的乘坐空间还是比较大的，还有就是对油耗也是满意的，一直以来以为美系车都是很费油的，但是这台别克昂科威S在油耗方面的表现真的是让我非常满意。,https://image1.xcarimg.com/attachments/my/1/92/13/780_120.jpg,xuser1931378,三星会员,5,外观,5,内饰,5,空间,5,舒适,5,油耗,5,动力,操控,性价比,购入信息,爱车车型,https://newcar.xcar.com.cn/m59352/,2022款昂科威SGS 四驱运动型,购入时间,2021/4/1,购车地点,上海万兴世界汽车销售服务有限公司 [上海市],裸车价格,24万  (厂商指导价 24.99万),当前油耗,8L/100km,购入用途,我的别克昂科威S配置足够，座椅乘坐非常舒服，虽然很省油，但是美系车柔软舒适的座椅并没有丢掉，这台车的整体舒适性还是不错的。,爱车评价,[最满意],[不满意],说起不满意的地方其实也有挺多的，首先这台别克昂科威S的质感是有些差的，尤其是底盘，当时试驾过德系的大众途观L，也开过日系的本田皓影，而这台美系的别克昂科威S在实际驾驶过程中，感觉底盘表现是非常一般的，尤其是在过减速带的时候，感觉底盘还有多余的震动，而且隔音也很差，尤其是下雨的时候坐在车里，真的毫不夸张的就能够听到水流的声音。,[外观],外观是我买这台别克昂科威S很重的一个原因，特别喜欢前脸设计，前脸看起来特别的大气，而且后尾部造型也还可以，相对于普通版本的别克昂科威来说，外观方面绝对是上了一个档次。,,,[空间],对于别克昂科威S在空间方面的表现，我还是挺满意的，虽然这台车的尺寸不大，内部空间相对于同级别的选手来说，可能不占上游水平，但是实际的空间需求对于我来说是完全够用的，后备箱空间确实作为一大亮点，主要是因为平整，而且车里的储物空间也非常多，挡把附近有很多的储物格，而且车子门板里的储物格也比较深，中央扶手箱深度也还可以，放一些杂物不成问题。,,[油耗],,我这台别克昂科威S在市区里面开起来油耗只需要百公里8升左右，对于这么大的一台SUV来说，在油耗方面真的是超出我的想象的，相对于之前邻居家的别克凯越，那台老凯越开起来都得10个油的油耗，相比之下这台别克昂科威S的油耗真的是挺低的。,[动力],这台别克昂科威S的发动机足够有力气，在市区里面开起来真的是如行云流水一般，提速还是非常快的，而且变速箱也比较积极。,,,[操控],操控也是很满意，虽然作为一台SUV车型，但是实际开起来的驾驶效果还是不错的，就是底盘质感一半。,,,展开全部
"
    发表于  2020-12    

      
        
    
    
",这款车的颜值非常高，20万左右的SUV中，这款车是最吸引我的。长长的车头非常精神，跟保时捷卡宴的设计很像。大灯也很好看，LED的，非常亮。整个车身修长，还非常有运动型车辆的肌肉感，非常棒！,https://image1.xcarimg.com/attachments/my/0/31/01/504_120.jpg,akenbhw4,新手上路,4.75,外观,5,内饰,5,空间,4,舒适,5,油耗,4,动力,操控,性价比,购入信息,爱车车型,https://newcar.xcar.com.cn/m58113/,2020款昂科威S652T 四驱豪华型,购入时间,2020/12/1,购车地点,青岛成达汽车销售集团有限公司 [山东省],裸车价格,21.3万  (厂商指导价 24.99万),当前油耗,9L/100km,购入用途,方向盘转向非常精准，操控性很好，小S用的是六点式全框副车架，支撑性更好,爱车评价,[最满意],[不满意],后排座椅有凸起，不是平整的，朋友开的昂科威后排是平，这样后中间坐人不舒服，尤其是女生穿裙子更不方便了,[外观],小S具有完美的车身比例，修长又漂亮，车身腰线设计的很灵动，视觉效果很棒☆外观感受：车头长而且俯冲，后悬短，营造出更运动的视觉效果车灯设计：车灯是小S的一大亮点，前大灯有208颗LED光源，10种照明模式，还具有非常漂亮的灯光秀功能钣金车漆：钣金和车漆厚度都很好，我买的是黑色，家里有一台白色车了，其他颜色也不是很好看，老婆喜欢黑色，就买这个颜色了。确实不耐脏，洗车的频率明显提高了,[内饰],内饰比较精致，采用别克一贯的360度环抱式设计，既有对称美也增加了安全感☆手机互联/映射：有手机互联和映射功能，使用导航是反应非常灵敏，每年还免费赠送100G的流量，用于导航等APP的免费升级,[空间],"乘坐空间完全满足我们一家三口的需要，很宽敞，后备箱也很大，这点很满意，能放很多东西，中秋节回了趟老家，后备箱拉了很多东西，全家人都很满意。这种运动型的车，肯定不会空间特别宽大，鱼与熊掌不可兼得。既然选择了高颜值的和超强的操控性能，那么空间购用就可以啊，本来我家人口也不多乘坐空间：我们全家人没有身高很高的，所以对车辆的没有太高的要求。我绝得正常身材和身高开这款车肯定都没有问题。前几天一米85的表弟坐进来之后发现这车也宽敞，他坐在车里一点也不顶头，非常宽敞☆空间设计亮点：我的这款昂科威S,以下简称小S，就是典型的运动型SUV，主驾驶调整好之后差不多在车身的二分之一处，车头修长漂亮。家人乘坐评价：乘坐非常舒服，不管前排后排都很满意，小S的悬挂是高端车型一般都会配备的五连杆悬挂，即舒服还提高了操控性能车内储物能力：后备箱的储物能力非常好，后排座椅还可以放倒，放倒后拉个小冰箱没问题",[舒适],[油耗],座椅软硬适中，非常舒服，噪音也很小，别克的噪音，我感觉大部分的别克静音效果都很好☆后座空调出风口：后排空调出风口能够有效改善后排的温度，风力很大，还不错悬架减震舒适性：连续过坑洼路面，没有明显的颠簸，很舒服，主要是悬挂好,差不多10个油，不算省油，不知道是不是因为我开车比较猛，反正是不太满意,[动力],"动力非常好，堪称完美，这款车搭载的是别克最好的2.0T可变缸发动机，最大功率147KW,最大扭矩350NM。还匹配了9AT按键式的电子排挡，这两者在一起匹配，动力超级好，起步快，超车快，跑高速更快，爬坡能力也超级好加速推背感：百公里加速8秒，还算比较满意，有推背感。高速动力储备：高速上轻轻松松跑到120，不用使劲踩油门，依然很有后劲舒适/运动模式：舒适模式下油门温和，一旦切换到运动模式，动力立即就上来了，很给力特殊路况行驶动力：有雪地模式，还没有用过，期待有好的表现，昂科旗的雪地模式我之前用过，很好，不知道小S是不是一样的动力平顺性：拥堵路段，低档位行驶没有顿挫感，这款变速箱表现得可圈可点，不愧是通用最好的变速箱",[性价比],20万左右的SUV这款车算是很棒的，性价比很高。发动机，底盘悬挂，动力，变速箱，内饰，外观，静音都很满意，就是有点担心保值率不好，不确定以后会不会掉价太厉害品牌评价：我们全家对别克还是非常认可的，第一辆是凯越，后来又换了一辆英朗，这次又增购了一台小S，用着都很满意,,,,,展开全部
"
    发表于  2020-12    

      
        
    
    
",其实我要的就是昂科威S这种与众不同的气质，同级别的中型SUV真的是有很多很多，但是像别克昂科威S这么有特色的也真的不多。首先这个外观看起来就非常的有气场，车身尺寸非常长，而且车子的外观设计也是非常的沉稳，而且全新的昂科威S看起来也是特别运动的，但灵魂依旧还是非常沉稳商务的。其次就是这个2.0t发动机的动力了，在这个价位里面能买到2.0t发动机的车子有很多很多，但是像动力这么强的也是比较少的。其次就是这个超级大的空间以及非常好的舒适性了，无不诠释着在中型车里面更加突出的表现，该有的配置一样都不少。,https://image1.xcarimg.com/attachments/my/0/31/01/552_120.jpg,hxxetz58,新手上路,4.75,外观,5,内饰,4,空间,5,舒适,5,油耗,5,动力,操控,性价比,购入信息,爱车车型,https://newcar.xcar.com.cn/m55571/,2020款昂科威S652T 两驱豪华型 ,购入时间,2020/9/1,购车地点,烟台君通华达汽车销售有限公司 [山东省],裸车价格,22.5万  (厂商指导价 23.99万),当前油耗,9L/100km,购入用途,性价比还是非常可以的，其实别克昂科威S给出的优惠力度还是很大的，而且比起同级别车子有着更大的车身尺寸，而且有着更丰富的配置，难道性价比能不高吗？,爱车评价,[最满意],[不满意],这车子其实总体感觉还是很不错的，使用过程中也觉得很方便，但是每款车子他肯定都有问题，都有毛病的，这款车子的毛病就是这个9at的变速箱平顺性还真的是有点差，尤其是在低速的时候，一下子就能把这个变速箱的问题给反映出来，但是速度上了40以后，基本上也不会出现这样的问题了，不过这对于驾驶感受，对于整个动力体验还是有非常大的影响的。还有就是这个内饰的异响问题，这个人确实是比较烦恼的。,[外观],特别喜欢昂科威S的这个外观，感觉非常的有气场，是别克新出走新款车型，所以在外观上面绝对是有颜值的，但是又有一种非常运动的风格，这种感觉还真的是非常棒的，侧面看起来更加修长，而且也更加有年轻，同级别的那些中型SUV来讲，那真的是傲视群雄了。,[内饰],这个内饰的异响问题是有存在的，虽然说配置已经很高了，但是这个异响确实是有点烦人，感觉上汽通用应该在品质控制上面更加提高一些，那么这台车就更会上一个档次的，本来配置都已经这么高了。,[空间],这个车身尺寸已经非常大了，车身尺寸要大于大多数同级别的车子的，4米62车身再加上2米77的轴距，后排空间可以说是相当充足了，差不多将近到了一个商务车的定位呀。,[舒适],[油耗],这个舒适性也是相当不错了，本来车身的尺寸就这么大，而且这个座椅的材质也是非常好的，是一个混搭材质的座椅，舒适度那真的是非常好了，而且主副驾驶也都配有腰部支撑，这个是我非常喜欢的，车内功能配置都是有的，可以说配置也是一个跨级别的表现了，而且我的这个还不是特别高配置的。,油耗也不高，如果说这么大一台车子平9.5个就觉得高的话，那还真的是没办法了，要知道大多数这个级别的车子都是比较费油的，除非像那种有点混合动力的车子，但是就像这种燃油车来讲，别克昂科威S的这个油耗是相当不错的。,[动力],2.0t的涡轮增压发动机也足够给力，其实这台发动机的动力真的是要比大多数的2.0t强一些的，我也开过朋友的迈腾1.8t，但和我这个2.0t比起来的话，差距还是比较大的，而且还是双离合，关键是这台发动机的涡轮介入是非常及时的，从这一点来看就已经要好太多了。,,,[操控],其实底盘一直是别克昂科威的优势，也是大多数美系车的优势，感觉非常的沉稳而且有韧性，但是这个变速箱感觉就真的有点不太好了，虽然说是一个9at的变速箱，但是这个变速箱的换挡逻辑还是不够好的，感觉顿挫感就是比较强一些，尤其是在低速时的顿挫，这真的是有点不太好用。,,,展开全部
"
    发表于  2020-12    

      
        
    
    
",最满意的就是别克的性价比了，没想到这个价格可以买到这个配置的车，这是太划算了。,https://image1.xcarimg.com/attachments/my/0/31/01/576_120.jpg,caoklv2,新手上路,4.88,外观,5,内饰,5,空间,5,舒适,4,油耗,5,动力,操控,性价比,购入信息,爱车车型,https://newcar.xcar.com.cn/m55571/,2020款昂科威S652T 两驱豪华型 ,购入时间,2020/10/1,购车地点,浙江米家汽车销售有限公司 [浙江省],裸车价格,23.99万  (厂商指导价 23.99万),当前油耗,9L/100km,购入用途,性价比是我做满意也最看重的一点，别克的车型都挺不错，而这一款比较有优势，科技大，配置比较丰富，而且优惠也不错，真的是出乎意料。,爱车评价,[最满意],[不满意],不满意的地方觉得油耗有点高吧，比预期的稍微高了一些。,[外观],这款车的外观又气场，又很经典，实用性真的很强。,[内饰],昂科威S的内饰的设计也是很简单大方的，中间的显示屏一目了然，用起来和顺手，置物架安排合理，方便归置物品，空间充足。,[空间],空间真的是太大了，太让人满意了。车内空间灵活多变也是其亮点之一，进一步提升了车内空间的利用率。,[舒适],[油耗],这款车真的是太舒服啦，座椅很柔软，有包裹性。车的后排的空间很大，坐车的人也很舒适。另外车身很平稳，坎坷的路上也不会颠簸，唯独有点新车的味道。,车比较重，油耗就是会大一点，和别的车相比油耗还是很合理的。,[动力],动力上中规中矩，但对于追求实用的我来说，已经足够了。动力比上不足比下有余，总体来说我还是很满意的。,,,[操控],第一次开的时候操控方面还是觉得不习惯，特别是倒车和转弯的时候手上总是没有度，但是开了这几天之后就已经很适应了，还是很好操控的。,,,展开全部
"
    发表于  2020-12    

      
        
    
    
",首先我觉得这台车子也确实是拥有着非常稳定的质量以及非常出色的性能，这台2.0T的发动机动力表现确实是相当不错的，关键就是油耗也比较低呀，目前的平均油耗才10.5，其实对于一台主打性能的SUV来讲，我觉得这个车子的油耗是真的不高。除此之外，别克昂科威S也依旧是拥有着更大的空间，同时也拥有着比较高的配置，相对来讲还是做的比较均衡的，在我看来就已经是相当不错了，这也是我认为目前在这个价位里面能买到最有驾驶乐趣，也是性能相对更强的一台合资紧凑型SUV了，确实是非常符合我的心意。,https://image1.xcarimg.com/attachments/my/0/31/01/568_120.jpg,西门吹雨fp,新手上路,4.75,外观,5,内饰,4,空间,5,舒适,5,油耗,5,动力,操控,性价比,购入信息,爱车车型,https://newcar.xcar.com.cn/m55571/,2020款昂科威S652T 两驱豪华型 ,购入时间,2020/10/1,购车地点,德州红旭汽车销售服务有限公司 [山东省],裸车价格,23.78万  (厂商指导价 23.99万),当前油耗,11L/100km,购入用途,以我对这个车的了解，我感觉它的性价比是很好的，整体的配置比较高，开着乐趣也高，除了油耗稍微高点，没有其他比较凸出的毛病，感觉车内环境也设计的比较高档，整体我很喜欢。,爱车评价,[最满意],[不满意],感觉这台9AT的变速箱并没有一个很快的换挡速度，所以说这也是在一定程度上造成了这台车子的换挡顿挫问题，其实用车这么长时间，我觉得这台车的变速箱质量稳定性还是相当不错的，但就是这个驾驶体验也真的是很一般了。除此之外，我觉得这台车内的用料也不是很好，因为当时觉得美系车的用料一般都是很厚道的，但是在这台车身上也没有得到一个很好的体现，方向盘也都是一个硬质塑料的包裹，总之感觉还是有一点差强人意，其他地方都没有什么太大的问题了。,[外观],相比于之前的别克SUV家族那种商务气息满满的风格，昂科威S的外观可以说是做出了巨大的改变，整台车子看上去更为运动，更为时尚，更为年轻，居然在同级别车型中，车身尺寸并不是很占优势的，但是从它的外观看起来却仍然是非常霸气的一台中型SUV。,[内饰],车内的用料确实不怎么好，其实最让我感到惊讶的就是这个方向盘居然还用的是一个硬质塑料的包裹，当然我也知道我买的这个是最低配的车型，不过这个价格也确实是不低了呀，大家都说美系车的用料比较厚道，但是在这台车身上我也并没有看得出来，这个的确有点说不过去。,[空间],我挺满意昂科威S的空间表现，我们一家五口坐到车上完全是宽宽敞敞的，前后排的乘坐空间都特别宽敞，后排坐满三个成年人都没有任何问题，更何况我们家孩子现在才两岁多，就算是后边孩子再大点也不用着急换车，这样的空间就完全够用了。,[舒适],[油耗],虽然后排座椅不支持前后以及靠背的调节，但是我感觉坐上去并没有任何的不适感，它的座椅设计还是挺人性化的，尤其是后排两边的位置，坐上去还能感受到明显的包裹性，前排肯定就不用多说了，视野还特别开阔，,其实自己平时开车多注意一点，油耗水平完全可以被控制的比较低一点，目前我这车的平均油耗在10.5左右，毕竟从买车到现在也没跑多少里路，对于这台2.0T的发动机来说，油耗能稳定到这个水平我都已经非常开心了。,[动力],用车这么长时间，我感觉这一台2.0T的发动机在动力上的表现是非常出色的，无论是起步还是后半段的加速表现，都给了我一个非常棒的动力反馈，让人觉得每一脚油门踩下去都是特别有信心的，尤其是在高速上开车的时候，充沛的动力储备真会达到一种随叫随到的状态。,[性价比],毕竟昂科威S也是一台中型SUV，它的价格在同级别车型中还是比较亲民的，也很容易让人接受，再说我买的这一款也只是它的最低配车型，车内的配置也都没有让我失望，而且它的外观我们全家人都很喜欢，我觉得买一台非常适合自己的车才是性价比最高的车。,[操控],我感觉这台9AT的手自一体变速箱稍微有点“钝”，反应并不是很迅速，当然这种问题也主要是集中在低速的状态下，不管是升挡还是降挡都不能把那个换挡过程衔接的很平顺，这样以来在行驶过程中就比较容易出现明显的顿挫，其他地方都没有什么问题了，目前就发现了这一处问题。,,,展开全部
"
    发表于  2020-12    

      
        
    
    
",我觉得这台别克昂科威S确实是一台非常运动的SUV车型，要不然后面怎么缀一个“S”呢？首先我觉得昂科威S的这个外观设计就已经是非常漂亮了，看起来真的是很帅，2.0T的发动机也确实是拥有着非常出色的动力表现，这台9AT变速箱也起到了很大的作用，整个底盘依旧是那种非常扎实厚重的感觉。同时，昂科威S车内的配置真的是非常高的，而且整个用料也特别厚道，所带给我的实际用车体验真的是非常高级的，虽然说我买的这个这是一个最低配置车型，但就是最低配也就已经是很厚道了呀。,https://image1.xcarimg.com/attachments/my/0/31/01/562_120.jpg,early888ipyz,新手上路,4.75,外观,5,内饰,5,空间,4,舒适,4,油耗,5,动力,操控,性价比,购入信息,爱车车型,https://newcar.xcar.com.cn/m55571/,2020款昂科威S652T 两驱豪华型 ,购入时间,2020/11/1,购车地点,苏州华正汽车销售服务有限公司 [江苏省],裸车价格,23.78万  (厂商指导价 23.99万),当前油耗,10L/100km,购入用途,这台9AT手自一体变速箱的反应速度巨快，无论是急加速还是急减速的情况都能轻松自如地应对，因此，在平时的开车过程中也不容易出现明显的顿挫，而且我感觉它的底盘也挺扎实的，从而也更好地保证了车身的稳定性。,爱车评价,[最满意],[不满意],其实我觉得这台车子的空间表现并不是特别好的，当然整个空间肯定是够用了，但是对于同级别的这些车子来讲昂科威S的空间完全不占优势，尤其是和以空间为亮点的本田冠道比起来，之间的空间其实并不是很OK的，在我看来这就是一台介于紧凑型SUV和中型SUV之间的空间标准吧，完全没有我想象中那么大。舒适性也完全没有我想象中的那么好，虽然说车内的配置还是比较高的，但是我觉得这台车子内部的噪音真的是有点大了，而且最关键的就是底盘舒适度也不能得到一个很好的保障，行驶过程中产生的低频共振问题确实是比较明显的。,[外观],作为目前别克所有SUV里面最为年轻的一台车子，昂科威S的外观造型简直是太酷了，我决定买这辆车很大一部分原因就是它的外观吸引到我了，不仅仅只是它的车身，18寸铝合金轮毂的造型也是非常帅气的，这整个外观设计真的是彰显出了美式运动，同时也很好的展现出来了别克的全新设计语言，看上去确实是非常漂亮的。,[内饰],尽管我买的这一款是它的次低配车型，但是车内的用料同样很扎实，座椅采用了翻毛材质的包裹，我觉得这辆车完全没有放座椅垫，因为它的座椅材质本身就挺显高级的，而且也没有带来太难闻的气味，车内的其他配置也是比较高的，原车是一个10英寸的中控车机，反应速度很快，同时也支持语音识别，控制，支持CARLIFE和CARPLAY，这都是一些非常实用的配置和功能。,[空间],这辆车的空间表现并不是很理想，尤其是和我当时看的本田冠道对比起来，我觉得昂科威S的这个空间以及尺寸并不是特别占优势的，毕竟它也是一台中型SUV，4.66米的车身长度和1.88米的车身宽度在同级别车型中也都算不上是中等水平，自然而然，空间的表现也就很一般了，跟我朋友的紧凑型SUV（RAV4）给我的感觉差不多。,[舒适],[油耗],我感觉这辆车的底盘调教是偏运动风格的，虽然是给我带来了非常不错的操控体验，但是在一定程度上没有很好的兼顾到它的乘坐舒适感，过减速带或者坑坑洼洼的路面时颠簸感确实比较明显，还有就是我觉得昂科威S在隔音上面也做的确实是挺一般的，或许也是本身的噪音太大的缘故吧，总之所谓的主动降噪其实也起不到太大作用，我觉得这台车子更多的还是有一种低频共振而非噪音，尤其是在低速，或者说是在起步加速的状态下，是最为明显的。,其实昂科威S的油耗表现并没有很夸张的，目前的平均油耗为9.8L/100KM，我觉得对于这样一台中型SUV来讲真不算高的，当然，我个人平时开车也很注意这些，一般也不会刻意的把脚下油门给的太狠，所以说我觉得这台车子的燃油经济性也就已经是相当不错了。,[动力],昂科威S的动力表现真是没得说，2.0T的涡轮增压发动机的最大扭矩能达到350N?M，最大马力能达到237匹，驱动这台不到1.7吨重的车身完全不在话下，车子开起来非常轻快，官方所给出的数据零百加速时间也仅需要7.5秒，我觉得这个动力表现也就已经是相当不错了。,[性价比],其实讨论性价比这个话题主要还是看个人最需要什么，对于我自己来讲，我觉得这台车就挺适合我的，不管是它的外观还是油耗表现等等各方面都很符合我的要求，而且价格也没有超过我的预期，或许很多人会说昂科威S的这个保值率不高，但其实对于我来讲这些并没有什么太大问题，因为我本身就不在乎这个，毕竟这台车子对于我来讲肯定也要用好长时间的，所以说这些是真的不太重要。,,,,,展开全部
"
    发表于  2020-12    

      
        
    
    
",这款车还没上市的时候，因为看了一组万茜的广告才关注到它，刚开始看到那个图片的时候感觉这个车看前面还挺时尚动感，比较炫酷，所以刚开始是被它的样子吸引到，买的时候也对比了昂科威，相较于昂科威板正的车身，我还是更喜欢昂科威S这种不拘一格的造型，感觉会显得更年轻化一些。,https://image1.xcarimg.com/attachments/my/0/31/01/544_120.jpg,handyx6,新手上路,4.63,外观,5,内饰,5,空间,4,舒适,5,油耗,4,动力,操控,性价比,购入信息,爱车车型,https://newcar.xcar.com.cn/m55571/,2020款昂科威S652T 两驱豪华型 ,购入时间,2020/11/1,购车地点,广州安骅骅能汽车有限公司 [广东省],裸车价格,20.99万  (厂商指导价 23.99万),当前油耗,10L/100km,购入用途,说实在的加上置换补贴，这车算下来还是很划算的。我本人非常喜欢别克这个牌子，别克家的很多车子销量都还不错，而且也有较长的售后保障周期，这一点是我一直看在眼里的。,爱车评价,[最满意],[不满意],最不满意的地方，只能说用车的过程有让人遗憾的地方，车子的油耗和空间还是有点遗憾的，听销售说车子的油耗还算经济的，怎么感觉在我的手里，这款车的油耗也没有他们口中说的那么低啊。车子的空间，因为基本上工作的时候是我自己一个人出行，坐起来也还觉得比较的宽敞，但是平时周末带上家人出游，老婆说后排的空间坐三个大人的话就有点窄小了。,[外观],车子的外观设计真的是很喜欢，给人一种特别大气的感觉，非常的有气场，车灯的设计很像情人的眼泪，双眸含水处处可爱。我很喜欢特别的张扬，辨识度也很高，晚上的时候亮度也是没有问题的，真的是非常符合我的审美。,[内饰],整体的内饰我感觉还是挺不错的，虽然说不说特别的豪华，但是对我日常使用来说绝对是没有问题的，整个内饰的布局非常的合理，储物空间的设计也很用心，而且做工啥的真的是没得说，一些细节方面做的很到位，中控区用起来也是特别的方便，显示屏的清晰度也挺高的，而且平常经常用的功能都有。,[空间],车子的空间我感觉不是很大，前排还好一些，座椅能调节一下，开车感觉还算放松，但是后排就有些略微拥挤了，朋友说坐在车里面感觉腿都不能完全放松，如果是短时间坐车还好一些，长时间坐在车里面就会感觉很累的，车子的后备箱也没有很大，但是车子如果把座椅放平，储物能力还是很强大的，装卸都是比较方便的。,[舒适],[油耗],昂科威S座椅的舒适性还是非常不错的，座椅够宽大，也够软了，家人坐上去也比较满意。悬挂非常有韧性，过减速带和坑洼路面是减震效果很好，乘坐比较舒适的。即便是过弯速度稍快也很稳。前排座椅有加热功能，气温低的时候乘坐起来还是很舒适的，另外车子隔音效果也是挺好的。,我平时上下班都是在市区驾驶，红绿灯非常多，走走停停还是非常费油的，这款车油耗比我想象中要高一些，当初买车的时候也逛过不少的，网上说它油耗不高，我自己心里预期的油耗在9个左右，实际上油耗是10.3个油，比我预期的要高上一个油，我不知道是不是因为车子还没有过磨合期的关系,[动力],车子的动力是很不错的，启动就很轻松不费力气，搞得我刚开始都不敢深踩，后来习惯了开起来非常顺快，提速也是相当给力的。尤其是车子跑在高速上就更加不是问题了，轻轻松松就能提到100不成问题。,[性价比],昂科威S作为别克旗下新上市的SUV，我觉得它的性能跟配置都挺好，外形内饰设计的也很有档次，如果忽略保值率的话我觉得这个车性价比算比较高的了。,[操控],我买这辆昂科威S，也看中它配置比较多且实用，因为老婆本本刚拿到手，毕竟是新车刚入手，而且车子也不算太小，让她开的话压力比较大，但是昂科威S辅助操控方面配置挺不错的。即便是新手开车也相当简单，一键启动，松开刹车车子就自己慢慢往前走，而且还有主动刹车，倒车雷达，倒车影像等配置多方位的保驾护航，所以媳妇说这车开起来也挺轻松的，更重要的是刹车跟油门都是相当灵敏的，反应很及时。,,,展开全部
"
    发表于  2020-12    

      
        
    
    
",家里的老车开了很长的时间，就想换辆新车开开，买这辆车主要就是冲着它的外观去的，所以最满意的就是它的外观，设计很前卫，看起来很年轻运动。其次就是空间，我一米八的身高坐在车里，很宽敞，整个车坐五个人也是妥妥的。,https://image1.xcarimg.com/attachments/my/0/31/01/539_120.jpg,ayhxyahq7,新手上路,4.88,外观,5,内饰,4,空间,5,舒适,5,油耗,5,动力,操控,性价比,购入信息,爱车车型,https://newcar.xcar.com.cn/m55571/,2020款昂科威S652T 两驱豪华型 ,购入时间,2020/11/1,购车地点,宁波江北欣元汽车贸易有限公司 [浙江省],裸车价格,23.99万  (厂商指导价 23.99万),当前油耗,9L/100km,购入用途,性价比我觉得还是挺高的，三大件没有问题，而且后期保养也方便，对于家用代步车来说，还是挺满意的。,爱车评价,[最满意],[不满意],不太满意的就是车里的异味有点大。特别是新车刚提回来的时候能明显闻到。,[外观],外观挺稳重大气的，也很时尚。前脸的大灯很有个性，夜间点亮效果不错，整体挺符合年轻人的审美的。,[内饰],内饰做工用料还是不错的，唯一不太好的就是新车刚提回来的时候异味有一点重，,[空间],空间没得说，完全不用担心坐不下，尤其是后排空间，翘二郎腿妥妥的，我觉得挺适合一家人一起出游的。,[舒适],[油耗],座椅包裹性和支撑性都不错，不管是从腿部还是腰部都很符合人体工程学，长时间坐着不会觉得特别累。隔音也还可以，在高速上也没有听到太大的噪音。,目前才开了一千多公里左右，大部分是在市区里开的，平均油耗在9个左右，和我预期差差不多。,[动力],提速表现不错的，油门响应很积极，反应非常快，特别是跑高速的时候。一脚油门速度很快就可以上来。,,,[操控],"方向盘转向精准，打方向很轻松，不费力，而且基本感受不到什么虚位。转弯,掉头都很灵活，侧倾也不是很大。",,,展开全部
"
    发表于  2020-12    

      
        
    
    
",最满意的就是昂科威S的颜值较高，有一种豪华SUV的感觉，这点还是比较吸引人的。车辆前脸及车头的设计，别具一格，还是非常不错的。从车身侧面看这，整体车身比较流畅，一体感很强，有种高档SUV的感觉。还有就是这款车的动力也比较不错，起步加速都非常的快，后劲十足的感觉！,https://image1.xcarimg.com/attachments/my/0/31/01/522_120.jpg,1111111lsz4,新手上路,4.63,外观,5,内饰,5,空间,4,舒适,5,油耗,4,动力,操控,性价比,购入信息,爱车车型,https://newcar.xcar.com.cn/m55571/,2020款昂科威S652T 两驱豪华型 ,购入时间,2020/9/1,购车地点,东莞市遂通汽车销售服务有限公司 [广东省],裸车价格,22万  (厂商指导价 23.99万),当前油耗,12L/100km,购入用途,这款车的性价比还是不错的，各个方面还是非常的满意的，家里人坐着看着也都说买的值得，我还是很高兴的。当然，车辆是优惠越大越好，我也只能想着早买早享受了。,爱车评价,[最满意],[不满意],就是后排的地板有一些突出来的，后排乘坐的人员乘坐舒适感不是很好，这一点还是有待改进一些！还有一点，就是车子的油耗有些高，这点不是特别的满意！,[外观],车辆外观这个是没有什么问题，都挺满意的！开始买昂科威S的时候，也算是爱上了它的外观颜值吧，不一样的车头设计，让人眼前一亮的感受，突然就非常的上档次，一种豪华感油然而生！感觉这车，还是挺适合年轻人开的。,[内饰],别克的内饰，一般都做的非常的棒，一分钱一分货还是值得肯定！特别是一些小的细节上面，就能看出是非常的用心的。整体风格简洁大方，没有一些花里胡哨的，都挺实用的！,[空间],空间还不错吧，就是设计的前头宽，后面短的感觉！整体后部分的空间要是再大一些就好了，后排的舒适性不是特别的好，要是能再宽大一些就非常棒了！,[舒适],[油耗],车辆前排的驾驶室和副驾驶座位坐着还是挺舒服的，没有什么好吐槽的地方。而且，车辆的功能也比较多，非常的方便，不会有太大的感觉！开车的时候，车内的噪音没有什么，除噪做的还挺好，感觉挺安静的，这点比较喜欢！,提车没多久，现在的油耗在12个左右，个人感觉有些偏高！后期也需要再看看，多跑点远路了，情况会不会好一些！,[动力],2.0T的动力配上9AT的变速箱，让昂科威S起步的感觉很好，没有顿挫感，踩油门的时候，还是感觉后劲十足的！车辆加速及超车的时候也挺快的，开着十分的流畅，挺喜欢的！踩着油门，车子就跑着飞快，挺不错的！,,,[操控],车辆方向盘转动转弯比较轻松，很轻巧的可以转向，转动起来还是很简单快捷的！方向盘是指哪打哪一点也不带含糊的，感觉真的超棒！就算是转弯有时候有点大了，也会转向比较稳的，给人一种安全感。车辆的油门及刹车踩着都挺合心意的，该停的停，该跑的跑！,,,展开全部
"
    发表于  2020-12    

      
        
    
    
",这是一台非常纯粹的运动型SUV，从底盘到发动机，从方向盘到脚踏板，可以说很多细节也真的是彰显出了这台车子的运动风范，当然本身的外观设计也是非常漂亮的，看上去非常精致也非常大气，而且整个车身的线条也是非常刚硬的同时又不复杂，真的是江北汽车的外观特色淋漓尽致的展现了出来，车内的空间也是比较大的，毕竟这也是一台中型SUV了，整个车内的用料也非常不错，配置很高，看上去也非常豪华，总之这台车子所带给我的用车感受也真的是相当不错的。,https://image1.xcarimg.com/attachments/my/0/31/01/559_120.jpg,dfghcfmw,新手上路,4.88,外观,5,内饰,5,空间,5,舒适,4,油耗,5,动力,操控,性价比,购入信息,爱车车型,https://newcar.xcar.com.cn/m55571/,2020款昂科威S652T 两驱豪华型 ,购入时间,2020/10/1,购车地点,浙江米家汽车销售有限公司 [浙江省],裸车价格,23.99万  (厂商指导价 23.99万),当前油耗,9L/100km,购入用途,现在我比较后悔的就是当时没有直接去买台四驱车，虽然昂科威S的底盘也同样是比较高的，但脱困能力还是有限，其次就是它的刹车调校稍微有点硬，可能问题也不是很大吧，主要是我比较挑剔这些。,爱车评价,[最满意],[不满意],就是感觉这台车子的底盘舒适度不太好，包括整个车内的噪音也是比较大的，虽然说车内有着比较高的配置，但实际的舒适性体验是真的一般，座椅的舒适性也是一样，整个填充看起来还是非常厚实的，但实际的乘坐感受就不是这样了，实际坐在上面感觉还是有点硬的，而且也没能提供一个很好的包裹性和支撑性，所以说整个的乘坐舒适性并不是很OK的。,[外观],这辆车的外观就比较符合年轻人的审美，这台车子看上去个性又不张扬，大灯和中网几乎是在同一个平面的，这样前脸看上去是非常简洁大方的，侧面造型更是凸显着它的运动气息，车子跑起来之后轮毂的造型也是真的很酷了。,[内饰],整个车子的内饰设计真的是非常漂亮的感觉，看上去很上档次，也拥有着非常厚道的用料，而且车内座椅都采用了翻毛材质的包裹，突然发现这要比真皮座椅看起来更有质感，关键就是坐上去也非常舒服，而且非常厚道的用料也没有给我这车内带来太大的异味，就冲这一点，我对它的内饰都没什么意见了。,[空间],我并不是那种一味只追求大空间的人，对于车子还是自己喜欢就好，虽说昂科威S的车身尺寸在同级别车型中表现并不是很出色，但是它的空间布局是非常合理的，乘坐空间都很宽敞，储物空间也特别丰富，非常实用。,[舒适],[油耗],它的外观看起来真的是运动气息满满，而且整个车子的底盘调校也是非常运动的，这样就有点影响乘坐感受了，车子的底盘舒适度是真的很一般，再说我这车内座椅也并不是特别软，包裹性也受到了一定限制，同时在行驶过程中所产生的噪音也是比较大的，所以它带给我的乘坐感受并不是很好，虽然说车内也有着比较高的配置，但实际的舒适性体验是真的不怎么样。,通过这段时间的用车来看，它的油耗确实要比之前低很多了，新车油耗不稳定也很正常，现在我这车的表显油耗是9.1，对于这辆车来说真不算是高的，就算是它需要加95号汽油我也并不觉得有多么心疼，总之我觉得这个燃油经济性也就已经是相当不错了，毕竟这就是一台主打运动的中型SUV，能把油耗做到现在这个水平也真的是很不容易了。,[动力],我相信谁都不喜欢开那种肉肉的车子，包括我也是一样的，所以试驾的时候我也反复感受了它的动力表现，总的来说，它的动力也确实没有让我失望，提速特别快，这台2.0T的发动机动力响应确实是是非常积极的，带动别克昂科威S这么大一台车子其实也显得不是特别费力。,[性价比],在我看来，昂科威S的性价比还是很高的，虽然说整台车子的个性非常鲜明，可能在很多人看来，这个车子就是一个比较小众的中型SUV，但它也确实是在大的方面都满足了我的要求，而且它的外观也特别酷炫，开出去让人觉得很有面子，还有就是这辆车的维保费用也完全是不贵的，我觉得昂科威S买的特别划算。,,,,,展开全部
"
    发表于  2020-12    

      
        
    
    
",满意度很高的一款车，这车的品质和性能都很好的，还有很好的演着黑科技，配置大气啊。,https://image1.xcarimg.com/attachments/my/0/31/01/549_120.jpg,bluebirdkn2,新手上路,4.88,外观,5,内饰,4,空间,5,舒适,5,油耗,5,动力,操控,性价比,购入信息,爱车车型,https://newcar.xcar.com.cn/m55571/,2020款昂科威S652T 两驱豪华型 ,购入时间,2020/10/1,购车地点,河南新纪元汽车销售服务有限公司 [河南省],裸车价格,23.99万  (厂商指导价 23.99万),当前油耗,9L/100km,购入用途,性价比很高的一款车，科技的发动机还有配置上都是非常实用性的，目前来说是我很满意，它的颜值和外观还有配置上都设计到位。,爱车评价,[最满意],[不满意],开始的时候感觉这车多多少少的有刺激人的气味了，开窗透气还买了一些木炭啥的，现在感觉很好了。,[外观],最关键的还是这款车的外观，一般看过这款车的人都会被吸引的，再就是这款车的配置和科技性可以说是一应俱全。,[内饰],总体感很好的内饰风格，布局合理而且中控楼仪表盘比较的简约大气比较的好操控，感觉这个操作太简单了。,[空间],我身高也就是180左右吧，这车的驾驶座椅感觉很舒服不憋屈的，后排给儿子放了安全座椅还有空间，所以这车很适合我们家。,[舒适],[油耗],底盘很扎实的，质量好操控稳而且很舒服，座椅大气动力很稳而且这车的方向盘和档位都很好上手，驾驶感觉很舒服也很享受。,现在还没有出磨合期虽然不是很理想，但是我感觉首保之后这油耗会更低的，这样高性能的车还有这样的油耗很惊喜啊。,[动力],三大件是很合理的，这样稳定有力的动力发动机组合很好，完全是没有压力的，燃油性能也很好，比较的省油的车型设计。,,,[操控],动力足也没有太多的压力，操控性能和档位都是非常好，开起来不紧张而且很轻松舒适。,,,展开全部
"
    发表于  2020-12    

      
        
    
    
",昂科威s的驾驶乐趣非常高，无论在动力系统的性能上，还是在底盘的质感上，都突出了运动化。买车之前我试驾过很多的中型SUV，但昂科威s是操控感受最好的那一款。年轻人都喜欢性能强的车，昂科威s很好的满足我的需求。既保证了自己的驾驶乐趣，又保证了家人的乘坐舒适度，表现很全面，我非常的喜欢。,https://image1.xcarimg.com/attachments/my/0/31/01/573_120.jpg,kekezebgp,新手上路,4.88,外观,5,内饰,5,空间,4,舒适,5,油耗,5,动力,操控,性价比,购入信息,爱车车型,https://newcar.xcar.com.cn/m55571/,2020款昂科威S652T 两驱豪华型 ,购入时间,2020/11/1,购车地点,哈尔滨美通汽车销售服务有限公司 [黑龙江省],裸车价格,23.99万  (厂商指导价 23.99万),当前油耗,8L/100km,购入用途,车内氛围灯支持多种颜色变化，看起来很炫丽，整车的内饰也相当有档次感，座椅和中控台全部采用皮质材料包裹，手感真的很优秀。车内的整体配色也非常的温馨，和昂科威S家用车的定位相符,爱车评价,[最满意],[不满意],后排座椅的角度固定，并不能进行调节，对于不同身材的乘客适应度较差。发动机在冷启动的状态下会有一定的杂音，针对这一问题，我曾经询问过4s店的技术经理，他给我的反馈是没有任何问题，这并不影响驾驶。对品质方面我倒不担心，但这种杂音确实会显得高档感稍差,[外观],美系车霸气的风格在这台车的外观上展露无，鹰眼式的大灯配合满天星的中网，营造出了很强的运动感，中网上别克的车标辨识度也相当高。作为运动车型，大尺寸轮胎是必须要有的，不仅能提供更强悍的抓地能力，视觉效果也更棒,,,[空间],空间非常充足，买这台车主要就是想改善一下家人的乘坐体验，所以对于空间我特别看重。订车的时候还带着全家人来试乘试驾了一下，家里人对这台车的空间也挺满意的。不过后排座椅的靠背不能调节角度，这点我有些不能接受，对于不同身材的乘客适应度确实不够优秀,[舒适],[油耗],座椅宽大厚实，包裹感十足，坐垫的角度也特别合理，对腿部的支撑很到位，长时间乘坐也并不觉得疲劳。车辆配备了主动降噪技术，隔音效果特别优秀。无论外面的环境有多嘈杂，关上车窗完全就是两个世界，配合效果良好的音响，开车行驶在路上真的很惬意,买车的时候我还真没有考虑过油耗，但把车提回家之后，一个朋友和我说美系车都是油老虎，当时我还真的挺担心的，毕竟后期的用车成本中油费占了很大的一部分。不过经过这段时间的使用，这台车用优秀的表现打消了我的顾虑，虽然车身尺寸和排量都比较大，但百公里油耗真的很经济。最近一箱油综合油耗为8.3升，全新的动力总成对于燃油经济性帮助确实很大,[动力],动力性能绝对强劲，满足了我对动力性能的全部幻想。马力超过230匹，市区代步完全释放不出全部的动力储备，高速上才能纵情释放一下。超车很灵活，变线很稳健。科技感十足的9at变速箱，更是为这台车的动力系统增色不少，换挡平顺的同时，各个档位间的速度变化也更小，保证了车辆行驶起来足够平稳,[性价比],昂科威s这款车的定位很独特，将运动性能和和乘坐舒适性完美的结合到了一起。他可能不适合所有人，但对于我这种喜欢驾驶乐趣，但又对车内的空间和乘坐舒适性有比较高要求的人来说，它真的很适合。美系车出众的安全性，和环保方面的优势也为它增色不少。全新的动力总成不仅赋予了他优秀的动力性能，也保障了它优秀的燃油经济性。结合它的售价，性价比真的很优秀。,[操控],前后独立式悬挂的结构，在过弯时为车身提供了很强的支撑力。美系车厚重的底盘设计，保证了它在高速行驶时的稳定感，底盘对于路面噪音的隔绝也相当出色。方向盘的转动力度比较沉稳，没有那种轻飘飘的感受，保证了驾驶员对车辆的精准操，确实做到了指哪打哪的效果,,,展开全部
"
    发表于  2020-12    

      
        
    
    
",我最为满意的就是车子的外观足够豪华高级，前脸的造型霸气，尤其是LED的车大灯犀利且耐看，日间行车灯有点像半个箭头的造型，挺特别的，车灯下方有银色镀铬装饰条的修饰，显得亮眼，两侧的车窗也有银色镀铬装饰条的修饰，加上车顶行李架，显得车子更加的高档，车尾造型稳重大气，车顶的鲨鱼鳍设计，配上轮毂的造型，时尚又运动。另外它的动力我也是满意的，日常出行时，起步、加速反应都挺快的，不会有拖沓感，深踩油门时，还能感受到满满的推背感，不管是低速还是高速，都不用担心它的动力问题，足够强劲且充沛。,https://image1.xcarimg.com/attachments/my/0/31/01/548_120.jpg,wyqv12,新手上路,4.88,外观,5,内饰,4,空间,5,舒适,5,油耗,5,动力,操控,性价比,购入信息,爱车车型,https://newcar.xcar.com.cn/m55571/,2020款昂科威S652T 两驱豪华型 ,购入时间,2020/11/1,购车地点,大连福斯达汽车销售服务有限公司 [辽宁省],裸车价格,22.63万  (厂商指导价 23.99万),当前油耗,12L/100km,购入用途,它的价格不错，因为是我兄弟跟4S店的人还是比较熟的，所以就以22.63万的价格入手了这款车子，还送了挺多礼品，挺值的，各方面都还不错，所以性价比高。,爱车评价,[最满意],[不满意],新车的异味比较大，我觉得跟车内的材质有一定的关系，因为一打开门，就会涌出一股皮与塑胶混杂在一起的那种味道，还挺难闻的，容易晕车的人是闻不得这些的，我妈就是，一上车就想吐，搞得我现在都不敢载她了。,[外观],前脸的造型时尚，车身的线条流畅，车顶行李架的装饰显得车子更加的高级，还有它的轮毂造型和车顶的鲨鱼鳍设计，运动气息足。,[内饰],内饰设计高级，10英寸的中控液晶屏，触感灵敏，内置的GPS导航系统和导航路况信息显示使用且方便，车内还有道路救援呼叫配置，这个挺不错的，内后视镜带有手动防炫目功能，挺不错的。主副驾的化妆镜都带有照明灯，晚上也实用。唯一不足的就是车内的异味还是比较大的，因为新车的缘故，就那个皮与塑胶混杂的味道挺重的，得多散散味才行。,[空间],空间足够宽敞，前后排我都有坐进去感受过，我觉得后排的腿部空间挺宽敞的，我可以舒适的翘一个二郎腿，买车后，我也开车载了我的几个兄弟，当时周末，我们就约好了一起去钓鱼，满座也不会有拥挤感，个个都是180左右的个子所以身高，坐进去之后，他们的头部空间都是宽敞的，座椅也足够宽敞，后排三个坐着不会挤，后备箱的空间也不错，我有放过渔具、折叠小椅子等，还剩余有一部分空间，家用来说是足够的。,[舒适],[油耗],座椅柔软，乘坐感佳，回弹性也不错，日常出行时，车内安静又平稳，即使走快车道，也不会有明显的胎噪和风噪声，跑高速也还好，它的主动降噪和前排隔音玻璃功不可没，经过比较高的减速带时，车内的颠簸感也不明显，主要是悬挂调校的舒适，所以车内的舒适性才那么高。,因为车子才刚提没多久，开的公里数不多，所以油耗的浮动还是有点大的，一般10-11.5个油之间，加上我这边是市区，路况相对来说是比较拥堵的，所以这个油耗我是可以理解的，等过了磨合期，应该会下降到一个经济的油耗值。,[动力],2.0T的动力，起步的时候反应快，提速也快，而且虽然这辆车的重量定在那，但是一点也没受影响，舍得给油还能感受到它带来的推背感，有时候看见别人超了我的车子，我就会有点不爽，想超回去的时候，它是足够给力的，多给油，妥妥的就超回去了，爽。对于平时出行来说，这个动力是绰绰有余的。,,,[操控],车子各方面的操控性都挺不错的，多功能的方向盘转动起来轻盈，转向精准无虚位，方向盘换挡也很方便我操控驾驶，很多操作在方向盘上就可以实现了，倒车、停车的时候有倒车影像、后驻车雷达、倒车车侧预警系统的辅助真的轻松多了，而且也安全可靠。有三种驾驶模式可以切换来应对不同的路况；它的远程启动功能也不错，上车前5分钟左右我都会让车子先预热一下，车内的空气也没那么燥热，电动后备箱也方便我放、取东西。,,,展开全部
"
    发表于  2020-12    

      
        
    
    
",首先是它的空间够大，我们一家五口坐进去之后，都是宽敞的，一米八的我，坐在车内腿部和头部空间都是宽敞的。后备箱也能装很多东西，周末的时候，一家人出去购物时，大采购的东西都放进去了，像大米啊，被褥啊，两箱面啊，反正很多东西都放进去了。其次就是它的内饰设计了，当初在4S店我对车内的第一感觉就是豪华大气，车内很多地方都是软皮包裹的，全景天窗的尺寸够大，而且还是可以开启的，中控台的设计高级，各个按键布局规整，方向盘是真皮包裹的，手感舒适，翻毛材质的座椅质感也不错，坐上去的时候，也舒服的，而且前排座椅带有加热功能，现在天冷，用这个正好合适。最后就是舒适性方面，不仅隔音好，减震效果也好，出行的时候，车内既安静又平稳，满意。,https://image1.xcarimg.com/attachments/my/0/31/01/529_120.jpg,irenej3,新手上路,4.88,外观,5,内饰,5,空间,5,舒适,5,油耗,4,动力,操控,性价比,购入信息,爱车车型,https://newcar.xcar.com.cn/m55571/,2020款昂科威S652T 两驱豪华型 ,购入时间,2020/11/1,购车地点,大连福斯达汽车销售服务有限公司 [辽宁省],裸车价格,22.69万  (厂商指导价 23.99万),当前油耗,11L/100km,购入用途,车子的价格实惠，因为给到的配置足，而且实用性高，空间也够大，舒适性高，对于我家用来说，性价比高。,爱车评价,[最满意],[不满意],现在的油耗是有点偏高的，工信部给出的油耗是7.2L/100Km，而我实际驾驶的油耗是11.3L/100Km，虽然车子还在磨合阶段，但这个确实是差的有点多，希望过了磨合期之后，油耗能下降多一些吧。,[外观],前脸的造型时尚，LED的车灯造型犀利，晚上也足够亮，开出门也足够有面子，整体看着足够霸气，车身很多地方都有银色镀铬装饰条的修饰，白天开出去时，阳光一照，就显得格外亮眼。,[内饰],车内看着豪华，车内的用料良心，软皮包裹的地方多，前后排都布局有两个充电接口，方便且实用，10英寸的触控液晶屏和可开启的全景天窗都足够高级，科技感也是有的。,[空间],一米八的我坐在前排时，头离车顶还有一拳多的距离，腿部空间也足，后排一般我是我老爸老妈和儿子坐，他们坐着的时候腿部空间足，头部空间就更不用说了，家里我最高，我都不担心会碰头，何况是他们，一般副驾驶位我老婆坐，她才一米六几，对她来说前排空间绰绰有余，车内的储物空间挺多的，很多小物件都能有合适的地方放。,[舒适],[油耗],座椅的填充物厚实，坐上去的时候舒适性不错，支撑性也到位，有时塞车了坐久一点了也不会有腰酸背痛的感觉，开去经过比较坑洼的路时，车内的颠簸感也不会很明显，把车窗升上去之后，车内也基本听不到外面的噪音。,油耗不够经济，大概是因为我这边是市区，经常塞车，加上现在还处于磨合阶段，所以油耗就比较高，不过11.3L/100Km的油耗确实是比我预期的要高，只能等过了磨合期以后看看油耗能下降多少了。,[动力],2.0T的动力足够强劲，即踩即有，只要舍得给油超车也是没问题的，跑盘山公路时，动力也是足够充沛的，在市区日常出行的时候，基本不用担心动力的问题，这车还有运动、标准、雪地三种驾驶模式可以切换，能很好的应对不同的路况。9挡手自一体变速箱在换挡时不会有顿挫感，一路上，车子的动力都是顺畅而又有力的。,,,[操控],后驻车雷达和倒车影像这个功能方便我倒车入库，定速巡航在我跑高速时能轻松许多，方向盘轻盈，转向精准，不会有明显的虚位现象，刹车灵敏，车子的底盘虽然高，但是通过性大，而且高速过弯时也不会有侧倾出现。它的发动机启停技术也不错，像我平时都是在市区出行，红绿灯多，车多人多的，而这个配置可以让我的发动机在走走停停的路上减少对发动机的损耗。,,,展开全部
"
    发表于  2020-12    

      
        
    
    
",之前来的是个红色的瑞纳，14年买的，平时自己上下班开，一直喜欢红颜色的车，所以这次还是选的红颜色的车，本人是在售楼处工作的，平时也是自己开车上下班，路上的白的黑的车太多了，红色的还是与众不同的，从开始选车开始就奔着红颜色去的，看了好几个车型，有的是车型看好，没有喜欢的颜色，有的是颜色好，没有喜欢的配置，刚好昂科威S能达到我理想状态的车型。,https://image1.xcarimg.com/attachments/my/0/31/01/574_120.jpg,sean457fy8,新手上路,4.5,外观,5,内饰,5,空间,4,舒适,4,油耗,5,动力,操控,性价比,购入信息,爱车车型,https://newcar.xcar.com.cn/m55571/,2020款昂科威S652T 两驱豪华型 ,购入时间,2020/11/1,购车地点,青岛成达汽车销售集团有限公司 [山东省],裸车价格,21.99万  (厂商指导价 23.99万),当前油耗,9L/100km,购入用途,换成按键式档头一天不适应，老是低头看，现在完全没问题，内饰用料还是挺可以，但感觉没有昂科威高级,爱车评价,[最满意],[不满意],这个车总体来说是比较满意的，唯一一点美中不足的是副驾驶座椅竟然不是电动的，都20多万的车了，副驾驶给加个座椅电动也花不了多少钱，为啥还不给加一个，每次同事一坐我车都说，你这车竟然不是电动座椅，我每次都要婆婆妈妈的解释一遍。别的方面都挺满意的暂时还没有不满意的地方。,[外观],女人吗，买车就是看眼缘，第一眼看上的东西就是比较认同的，我先是看的昂科威S，后来看了本田CRV，还有大众途观L，日产奇俊，感觉外观都没有这个好看，再就是没有这款昂科威一样的这种红色，比较精致的一款中小型昂科威S，性感的后尾，帅气的前头我都很喜欢，比较有设计感的腰线，紧跟潮流的节奏。提车时车已经放在门口等待提车了。,[内饰],中控挺精致的，更加偏向于驾驶者的一款车，整个中控都是斜向驾驶着这边，替驾驶者考虑的共到位一些，大屏幕也很招人喜，座椅颜色也是这种比较暖的颜色，不是黑乎乎的全黑色，这种暖暖的棕色还挺显得高档的，整个车里面也是一坐进去给人一种比较舒适放松的感觉。,[空间],空间不是重点，够用就好，我和老公刚结婚，也没有要娃娃，老公开着个雅阁，个人开个人的谁也不和谁争，都是各自喜欢的，老公身高180，买回来车他就做了2次，提车一次，还有一次就是，他喝酒了没开车我去接他，做了一次，他这个身高坐在副驾驶，说空间挺好的，后排暂时还没怎么用过，看着坐垫挺平的，应该还不错，不过不是很大的那一种，不过也还可以。,[舒适],[油耗],这个车座椅是反毛绒的，冬天也到了，坐上去不像真皮座椅那样一坐上去凉的很，还挺舒服的，座椅的坐姿和支撑性也比较好，比较大，挺舒服的，坐在车内，前排的玻璃是两层的，隔音性也比较好，过哪些破烂路过滤的也可以，坐在车里开车还是挺舒服的。,刚买回来没多久跑了不到1000公里，一共加了2次油，第一次提车家了300块钱的，跑完又加了300块钱的，现在还有不到一半油，感觉600块钱跑将近1000公里的话，还是比较接受的，比我之前的小车油耗高点，但是动力好，这一点也也能接受，毕竟吗，要想马尔跑的快，就得多吃草，车也是一样的，我驾驶习惯也还算是可以的吧，不属于差劲的那种，上下班表显9.5。不过现在飘忽不定，估计过了首保应该能稳定一些吧。,[动力],比我之前的小车动力好的太多太多，动力越好越安全吗，平时超车也是，一下就过去了，也不用像开小瑞纳那样要超车想超有不敢超了，虽然我是女司机，但是开车还是非常666的，再就是，感觉开起来动力储备也挺足的，加油就呼呼的跑，推背感也有了，开着还挺有驾驶乐趣的。,[性价比],感觉这性价比这个东西吧，没法判定，自己喜欢的就感觉值得，不喜欢的，再怎么便宜再贵也感觉不喜欢，不过这个车同级别级还算是不错的，各项表现都算是比较不错的，颜值，舒适度，配置，都不错，性价比个人感觉还可以吧。,[操控],操控这东西我也不懂，不想很多男人都非常懂车，操控多好多好的，这东西我也试不出来，总而言之，开着挺好开的，方向设计的挺轻快的，我一个手指都可以转的动。就是它很听话，很好驾驭，之前开小车开习惯了，还以为这个车开不了，试驾的时候感觉还挺好上手的，开着也很从容自如。,,,展开全部
"
    发表于  2020-12    

      
        
    
    
",最满意的一点首先来讲的话，就是它的外观，我选了我自己喜欢的颜色，怎么看就觉得这车真的是太好看了，颜色鲜亮，车漆不错，再加上车也比较的大气，超级的耐看，很经典，太喜欢它的外观了，很满意它的外观。买了这车这么久，我觉得除了觉得它特别好看以外，还让我满意的就是它的内部配置也非常的到位，真皮的方向盘材质，还是多功能的方向盘带换档功能，感觉很好用，翻毛材质的座椅材质，感觉也是非常的好的，很到位的包裹，看起来非常的有质感，有一种高大上的感觉，坐着也很舒服，完全不需要再加个什么座椅套子什么的了，很满意。买这台车的时候，正逢国庆期间，当时店里有活动，销售人员的服务也是很到位的，还参加了它们店里的活动，给我还送了些小礼品，我感觉是非常的好的，买车买的很开心，这也是让我满意的一点。,https://image1.xcarimg.com/attachments/my/0/31/01/514_120.jpg,tiannpqv2,新手上路,4.88,外观,5,内饰,5,空间,5,舒适,4,油耗,5,动力,操控,性价比,购入信息,爱车车型,https://newcar.xcar.com.cn/m55571/,2020款昂科威S652T 两驱豪华型 ,购入时间,2020/10/1,购车地点,大庆业勤汽车销售服务有限公司 [黑龙江省],裸车价格,23.99万  (厂商指导价 23.99万),当前油耗,9L/100km,购入用途,我觉得我们家买这台车是比较明智的选择，车大气，开起来也顺手，价格也非常的合理，性价比高。,爱车评价,[最满意],[不满意],问我最不满意的地方的话，我觉得还是没有的，车整体看着都还是很不错的，如果一定要问我哪里不满意的话，我觉得就是车子里没有带车载的空气净化器，为什么我要说这一点呢，是因为冬天来了，空气质量真的是不太好，现在朋友们都说，车里的空气全靠净化器特别的好用，但是看了下，我买的车只带的有PM2.5过滤装置，没有带车载净化器，现在在考虑是否重新加装一个，目前用着来看，也倒是没有什么问题的。,[外观],外观很不错，看起来很大气，特别是车身颜色，是我和家人都喜欢的颜色，越看越让人舒服。还有它的轮圈感觉特别的大，R18的车轮尺寸，看着大气。,[内饰],车子的内饰很好，用的材质都特别的豪华，看着很上档次，带的多媒体的配置也特别的好，有自带的导航系统，10英寸的液晶触控显示屏也是很棒的。,[空间],昂科威S的空间方面来看的话，我觉得它的空间表现是很不错的，驾驶位和副驾驶位的空间足够，用着感觉很好，我1.8米的身高，坐车里开车感觉头顶的空间也还不错，腿部的空间也好，后排座坐三个成年人感觉刚刚好，不会太拥挤，后备箱也是有的，完全够日常的家用，而且还比较的高，后面婴儿车放的话也是没有问题的。,[舒适],[油耗],车坐起来感觉是很舒服的，特别是老婆的评价很好，因为它是孕妇，我都不让她坐副驾驶，坐后排，她说坐着的感觉很不错，舒服，但是有一点，我觉得有一些遗憾，就是没有带车载的空气净化器，孩子生了空气不好的话，车里开个空气净化器感觉应该还是不错的吧，可惜没有带，准备自己加一个，不知道可不可以哟。,目前来看，开的还不算特别的久，一千多公里的里程，现在百公里油耗在9个油左右，我觉得还是很不错了，毕竟排量还是有那么大的，不过我的目标是开到它的工信部综合油耗的标准，努力看看是否可以达成，我相信应该有机会。,[动力],昂科威S带的是2.0T排量的发动机，带涡轮增压的，我觉得马力是特别好的，而且本身我们家对车的要求也不是特别高，就日常的家用，不管是满载还是不是满载，开起来都比较有力，没有顿挫感，起步反应快。,,,[操控],从操控性方面来看的话，我觉得它的操控性也是非常的好的，带的辅助操控配置也很多，最喜欢用的辅助操控配置就是倒车车侧预警系统，因为自己才拿证没一年左右，倒车技术不是特别的好，还好有这个倒车辅助系统，让我感觉方便多了，而且倒车的时候也感觉安全很多，不担心不小心把车刮花了。,,,展开全部
"
    发表于  2020-11    

      
        
    
    
",最满意昂科威S的外观，时尚动感，又很有欧美范，带点点肌肉感，不像昂科威线条比较柔整个车型比较圆的感觉，反正看了第一眼就很喜欢。,https://image1.xcarimg.com/attachments/my/0/31/01/536_120.jpg,goldendavidi,新手上路,4.75,外观,5,内饰,5,空间,5,舒适,5,油耗,4,动力,操控,性价比,购入信息,爱车车型,https://newcar.xcar.com.cn/m55571/,2020款昂科威S652T 两驱豪华型 ,购入时间,2020/11/1,购车地点,云南鸿通汽车贸易有限公司 [云南省],裸车价格,20.99万  (厂商指导价 23.99万),当前油耗,10L/100km,购入用途,购车优惠其实还算大，毕竟别克的优惠幅度从来就没让人失望过，售后服务也信得过，毕竟百年汽车品牌了。,爱车评价,[最满意],[不满意],要说美系车令人不满意的，估计都是它的油耗了吧。,[外观],只因在别克店看了一眼就被吸引了，线条漂亮但又不是很柔的那种，还是能感觉到妥妥的欧美范风格，爱了爱了。,[内饰],别克在内饰上算是比较厚道的了，内饰布局也方便操作，中控台的略微斜向驾驶座操作更便捷，音响音质也还行。,[空间],昂科威S的空间足够大了，毕竟尺寸摆在那，完完全全够用，后背箱空间也够大够装。,[舒适],[油耗],别克的隔音是做得不错的，车内还算静音，车子的减震也不错，过颠簸路段没有其他车的硬。,目前才提车一个星期左右，也仅仅上下班代步，油耗在10.3，消瘦说新车油耗都偏高，等开段时间拉拉高速就会下降了，希望是这样。,[动力],平时也就是上下班代步，2.0T的动力够够的了，提速还算挺快的。,,,[操控],方向盘转向很轻，比探岳好操控，我一女的操作起来不费劲，转向也挺精准的。,,,
"
    发表于  2020-11    

      
        
    
    
",这台车子确实是给我带来了一个非常不错的用车体验，留给我印象最深的就是本身的性能十分强悍，这台2.0T的发动机是真的很厉害了，而且燃油经济性也还不错，“美系车费油”这种说法好像是一去不复返了，车内本身的空间也非常大，配置也非常高，作为别克的全新SUV车型，这台车子的外观设计也是特别帅的，总的来讲我觉得这完全就是一台高颜值，强实力也是非常个性的一台合资中型SUV。,https://image1.xcarimg.com/attachments/my/0/31/01/533_120.jpg,harlanux,新手上路,4.75,外观,5,内饰,4,空间,5,舒适,5,油耗,5,动力,操控,性价比,购入信息,爱车车型,https://newcar.xcar.com.cn/m55571/,2020款昂科威S652T 两驱豪华型 ,购入时间,2020/9/1,购车地点,长春腾跃汽车销售服务有限公司 [吉林省],裸车价格,23.99万  (厂商指导价 23.99万),当前油耗,9L/100km,购入用途,性价比总得来说还可以，送了两次保养，这样只需要等到第三次保养的时候才需要自费，到时间也应该行驶到一万五千多公里了，还算可以。,爱车评价,[最满意],[不满意],在用车的过程中，我觉得这台车子也是很难避免高重心对于车子底盘稳定性所产生的影响，虽然说美系车的底盘已经是非常厚重了，但实际开着真的没有轿车那么容易操控，还有就是本身的这个刹车调校也确实是不够线性的，尤其是在初段的时候，感觉整个刹车反应实在是太过于强烈，对于这一点我还是有些不太满意的；还有就是这台车子内饰做工也不是很好，包括整个用料所带来的这种异味也是比较大的，所以就从这一方面来讲，我觉得这台车子也确实是做的挺一般的。,[外观],网状的进气格栅使得它的前脸看上去更为大气，也多了几分运动的气息，跟这辆车的气质挺匹配的，而且别克昂科威S的车身并没有采用多么复杂的线条反而就是几个比较简洁的线条，构成了整个车身的钣金工艺，总之整体看上去也的确是非常高级的，包括这台车子的LED大灯也拥有着非常强的照明效果，这也是在很大程度上增强了夜间行车的安全性。,[内饰],其实昂科威S的内饰风格并没有让我觉得不满，看着还挺高级的，不过车内的用料以及做工还是有待提高的，做工暂且就不多加强调了，总之上汽的做工也并没有我想象中那么好，品质控制并不是很严格的；主要是在用料方面，虽然整体看上去都挺有质感的，但是异味问题真让人有点头疼。,[空间],这辆车的空间利用率是极高的，车内的空间布局也极其合理，别克昂科威S真的是把有限的空间得到了最为完美的利用，更好地兼顾到了乘坐和储物空间，前后排都有着足够宽敞的乘坐空间，车内的储物空间也同样很实用，总之作为一台中型SUV，我认为别克昂科威S的这个空间是真的很大。,[舒适],[油耗],前后采用的独立悬架支撑性都特别棒，也正是因此让昂科威S在烂路上也可以开的游刃有余，再加上它的底盘也是非常厚重的，所以在开我这车的过程中完全不会觉得很颠，前排座椅的包裹感也特别明显，坐上去不会有明显的塌陷，关键就是这台车子本身的配置也真的是很高，所以说舒适性也真的是特别不错的。,昂科威S也就是我们一家五口的家用车，像我们这种有老人有小孩的家庭我一般开车都是很注意的，无论在哪种路况下我都习惯了非常稳的驾驶方式，我相信驾驶方式对油耗也肯定有一定的影响，再加上这台2.0T的发动机的燃油经济性是真的棒，目前的平均油耗在九个左右，其实对于一台主打性能的SUV车型来讲，我觉得这个车子的油耗就已经是非常可以了。,[动力],这台2.0T的发动机有着足够充沛的动力储备，特别是在高速上开车的时候就能明显地感觉到，需要加速超车都是轻轻松松的，时机成熟完全不必犹豫，而且我感觉每次起步的时候油门踩下去它的动力响应也特别积极，而且这台9AT变速箱也确实是做得非常棒的，平顺性很好，换的逻辑非常清晰。,[性价比],相比于其他的中型SUV，昂科威S的价格确实很实惠了，我买的这一款是它的次低配车型，相对来说更加容易让人接受，而且昂科威S也给出了还不错的优惠政策，再说我这车上的配置也挺丰富的，所以我觉得它的性价比确实是非常高了。,[操控],相对来讲，这种SUV车型的底盘重心肯定比较高的，但这也正是这辆车的软肋，尽管说在它本身底盘调校和设计已经非常成熟的情况下，也是在一定程度上影响到了整台车的车身稳定性，其次就是昂科威S的刹车脚感也偏硬，尤其是刹车初段表现最为明显，刚开始接触这辆车的时候真是让人不习惯，因为确实是比较难控制这台车子的刹车。,,,展开全部
"
    发表于  2020-11    

      
        
    
    
",昂科威s这个车令我非常满意的地方有特别多的地方，首先说这个车的外观非常的时尚，非常的豪华，这是别克家族第一款运动型的SUV，所以说这个外观呢给我的感觉是特别的漂亮。其次他的动力非常好，这个车是拥有2.0T涡轮增压的发动机，并且搭载的9At的变速箱，换挡的时候非常的平顺，这点是非常优秀的如果说你买一个别的品牌的车，他不会搭载这么好的变速箱，也不会拥有这么好的发动机这个车关键是，发动机的亮点是可闭缸发动机，就是说你如果是在市区开的话，非常拥堵的路面他直接给你切换为两缸超经济模式，所以说他非常的省油，最后想说的是，这个车的性价比也比较好一点，二十多万的SUV并且拥有这么好的动力，拥用这么好的配置，它的配置主要是有电动座椅，座椅加热，还有的话它拥有电动尾门儿，想这么好的一些配置，确实是性价比非常好，所以说昂科威S购买他一点错没有。,https://image1.xcarimg.com/attachments/my/0/31/01/546_120.jpg,awbjpd58,新手上路,4.88,外观,5,内饰,5,空间,5,舒适,5,油耗,4,动力,操控,性价比,购入信息,爱车车型,https://newcar.xcar.com.cn/m55571/,2020款昂科威S652T 两驱豪华型 ,购入时间,2020/11/1,购车地点,青岛成达汽车销售集团有限公司 [山东省],裸车价格,21.98万  (厂商指导价 23.99万),当前油耗,10L/100km,购入用途,性价比确确实实不错，二十几万的车，买这么一款大的SUV确实是非常好的，从它的配置，你看看它还有电动尾门儿，电动加热等，这些功能确确实实能带给你不一样的东西,爱车评价,[最满意],[不满意],目前我行驶的公里数大概几百公里，目前油耗相对而言有一点高，其实我知道这么大的发动机，这点油耗来说不能说它太高所以说在这里我不多评价。,[外观],我购买的是一台白色的外观，我喜欢白色，因为白色车本身显得大，并且我不大喜欢黑色，白色车显得比较干净一点，我媳妇儿说安全系数白色会好一点，所以说我选择了白色这个车子，因为我第一台车是一台黑色的车子，我不想再要黑色的了，我感觉黑色车子不耐脏，所以我就选的这款白色车的。,[内饰],内饰方面吧，中规中矩，嗯，如果说它的内饰能成为黑色内饰可能会好一点，显得更加运动吧这个内饰稍微偏老一点。,[空间],我的身高是1米75，坐在前排的话感觉整个车的一点不压抑，本身是SUV吗所以说他的空间感受是非常好的，第三排的话座椅感受也是很好，一点也不感觉拥挤包括他的后备箱空间也是很大,[舒适],[油耗],别克座椅的包裹性非常好，你坐在里面的话不会感觉整个座椅非常软，而是整觉感觉这个座椅的就像家里沙发一样，确实是是很好，包括它的后排舒适性，尤其是你做在后排，当你过非常颠簸的路段儿的时候，你就会感觉昂科威S这款车的舒适程度确确实实是非常好的，所以说买车舒适性也是非常重要，还有就是这个车所带着100G的流量可以免费听音乐并且是不同风格的音乐，这也是它的与众不同的舒适性吧。,油耗方面略微有点高，但是我相信每个人的看法不一样，我觉得都有这么大的发动机，这点油耗还是可以吧，不能说特别的多吧，这个又好,[动力],动动力方面确确实实是非常好的，它的提速9点几秒包括他的爬坡的能力也是非常强的，我拉着三个人跑坡，一点不会感觉这个车的很肉，包括冬天开空调，也是不会感觉到特别肉，所以说这个车的推背感提速确实是非常好的。,,,[操控],这是第一次使用按键的电子排挡，刚开始的时候，感觉不是特别适应，后来的时候感觉特别舒服，一键操作特别方便并且还操作出很多的多余的空间来，所以说别克的操控非常好发动机也是非常好，还有就是变速箱，还有就是说它的平顺性也是非常棒的，方向盘大小也是非常适合所以说别克的这款车确实不错。,,,展开全部
"
    发表于  2020-11    

      
        
    
    
",最喜欢的就是昂科威S的舒适性，俊朗的外观、精致的内饰都让人眼前一亮，但是真正打动我的是他的舒适性，毕竟是家用，舒适性要放在第一位，座椅没有太过宽大，两边支撑比较好，软硬度适中，静音效果做的非常好，后排的五连杆悬架使得过颠簸路段感觉没有太颠簸，舒适度很高，家用很合适,https://image1.xcarimg.com/attachments/my/0/31/01/569_120.jpg,macopaulhp,新手上路,4.88,外观,5,内饰,5,空间,5,舒适,4,油耗,5,动力,操控,性价比,购入信息,爱车车型,https://newcar.xcar.com.cn/m55571/,2020款昂科威S652T 两驱豪华型 ,购入时间,2020/10/1,购车地点,苏州华正汽车销售服务有限公司 [江苏省],裸车价格,20万  (厂商指导价 23.99万),当前油耗,12L/100km,购入用途,别克的内饰，一般都做的非常的棒，一分钱一分货还是值得肯定！特别是一些小的细节上面，就能看出是非常的用心的。整体风格简洁大方，没有一些花里胡哨的，都挺实用的！,爱车评价,[最满意],[不满意],总体来说还是比较满意的，有一点吐槽的是后排地板有突起，这一点不如昂科威，因为车子后排经常做家里老人，腿脚不方便，所以在里面挪动有突起不方便,[外观],车子的外观很年轻，很时尚，但是又不失沉稳，看上去年青但不张扬，宽大低矮的车头，看着比昂科威年青动感，但是又不失昂科威的沉稳，LED的大灯点缀下，又有几分调皮，前后呼应的侧身腰线，整个车子就像一直肌肉线条优美的豹子跃跃欲试前脸后尾犀利的大灯,[内饰],酒红色的内饰很高档，也比较耐脏，中控台往主驾驶方向偏向，在人性化上很值得称赞，不过孩子在后排看不到中控的内容就有点不乐意前排空间后排空间☆手机互联/映射：现在人的生活就离不开手机，跟多的联系还是用手机，开车的时候使用手机又比较危险，带的手机互联就比较喜欢了，也不会因为查找手机内容出现危险，异味异响：新车有点异味正常，别克用料还是比较实在，没有太大的异味，现在经常开窗散味，散的也差不多了,[空间],空间很不错，初一看前排的空间有点小，主要是中央扶手有点宽，然后中控屏偏向主驾驶位置，显得局促，但是坐进去之后，调整好位置，手脚的放置活动很轻松，没有到处束手束脚的感觉，反而感觉各项功能触手可得，方便的很后备厢容积：后备箱空间可以说很大，SUV本来开口就大，加上纵深够深，空间就显得非常大，日常出行带几个行李箱，过年拉一车礼品很有面子,[舒适],[油耗],舒适性总体来说还是很不错的，唯一的扣分点就是后排不是平整化地板，有点失望座椅舒适性：我的老凯越是布座椅，后来加上座套，昂科威S是真皮和翻毛皮的，高档很多，晒一中午坐上去不会太烫，整个座椅的软硬度始终，长时间开车不会太累，加上两边的支撑，包裹性不错，☆后座空调出风口：车子后排经常做人，大多数时间是父母和孩子，虽然后排地板有点吐槽，但是后排空调出风口却值得称赞，车内温度能很快就同步后排出风口悬架减震舒适性：后排的悬架是五连杆的，舒适性更高，在日常城市内开车的时候，没有多大的区别，但是,说道油耗，意料之中的，本来我的老凯越油耗也不低，也有7-8个油，不过在刚开始的时候油耗也蛮高的，后来磨合好了就好了，昂科威S本身排量和车重在，高一点可以接受，后期磨合好了之后，变现应该能更好一点,[动力],2.0T的发动机，动力很有劲，输出的时候比较线性，不会时强时弱的波浪式提升，在后期输出平稳持续，也不会后继无力，加速推背感：本来就是家用，也没有去测试过他的加速多少，但是也试过提速超车，提速的时候，动力很及时，推背感十足，超车soeasy,[性价比],从我上一辆的别克凯越的使用情况来看我就觉得别克品质蛮不错，车子皮实扎实，耐开。再加上昂科威S外观、内饰、动力都很不错，家里人都比较相中他的舒适度和空间，最后加上价格上也能够接受，优惠算是不少，再送了贴膜，最后定了车子，现在开了一段时间，总体表现还算满意。,[操控],这个车的操控还是不错，方向盘虽然比较轻，但是指向比较精准，比较到位，转弯掉头的时候，不用担心会剐蹭到车子，同时在行驶过程中，变道很稳，侧倾比较小，能够很稳定的回正，没有飘的感觉刹车表现：刹车的表现不错，脚踩到刹车上的时候，反馈很及时，能够明显的感觉到车子的刹车效果，刹车的时候路面有点积水也不影响刹车效果，这一项做的值得赞一个,,,展开全部
"
    发表于  2020-11    

      
        
    
    
",最满意的话，这款昂科威S的空间是其中之一吧，空间那是一个充足，五座的布局，整个后排的空间是真的很有优势，自己也是对比过同类型的车子，2779mm的轴距表现挺不错的了，坐进去没有拥挤感，很舒服的坐姿，有时候自己不用开车，老爸开车的话，我自己在后排还能微微躺一下或者爸妈小孩在后排坐着都是挺享受的。另外就是车内的储物空间也是挺多的，自己放一些小东西也方便，找起来也轻松，基本上伸手就能拿到。现在有了这款车之后，出行是真的不用担心家里人坐着会不舒服，长途驾驶也没有任何的不适感，爸妈小孩都能有一个很好的乘坐舒适感，果然挺适合家用的一款SUV。,https://image1.xcarimg.com/attachments/my/0/31/01/508_120.jpg,qjyafmn3,新手上路,4.75,外观,5,内饰,5,空间,5,舒适,4,油耗,4,动力,操控,性价比,购入信息,爱车车型,https://newcar.xcar.com.cn/m55571/,2020款昂科威S652T 两驱豪华型 ,购入时间,2020/11/1,购车地点,大连福斯达汽车销售服务有限公司 [辽宁省],裸车价格,22.89万  (厂商指导价 23.99万),当前油耗,11L/100km,购入用途,性价比这点上，我觉得别克的车子在价格的优惠上上已经是挺有性价比的一件事了，车内的零部件也挺可靠的，买回去放心。,爱车评价,[最满意],[不满意],油耗会有点偏高吧，并没有经济实惠的感觉，可能这也是美系车的缺点吧，动力是挺不错的，但是同样的换回来的缺点就是市区通行代步的油耗普遍还是挺高的。尽管这车也是自己这个月才买回来的，跑的里程数也应该算多了吧，自己带着家里人跑老家了一趟，来回挺远的，现在车子每百公里10.6个油，希望在经济一点吧。,[外观],外观就不用多说了，当初也是喜欢这款车的外观才决定买下来的，在气场的把控上，其实这款昂科威S做的不错。,[内饰],车内看着还是挺落落大方的，皮质包裹的地方是挺多的，有档次感。,[空间],空间很大，2779mm的轴距，车内乘坐的空间感是真的挺充足的，满座一点压抑感都没有，家里人现在都挺喜欢坐我车的，比起以前那老爷车好太多了，后排都不用在挤在一起坐了，大家都有了不错的腿部空间，手脚都能伸展活动，不用担心你会不会挤到我，碍到我这种情况了。车内的储物空间也不错，小卡片，钥匙，耳机，证件等等这些东西都能有不错的收纳地方，完全不用担心等需要的时候回找不着，档把位置也有放手机的地方，水杯架的深度也不错，后备箱也是宽敞的很，之前回老家带了不少的特产回来，车内也是我们一家人的行李，后备箱都能放得下。,[舒适],[油耗],座椅的承托性是挺好的，看上去就有不错的厚实度，填充物挺饱满的感觉，坐感也足够的舒服。就是在悬架的调校上有点偏生硬，过减速带还好，就是遇到坑洼的道路，颠簸感有点明显。,油耗这点就勉强符合我自己的要求吧，省油倒是没感觉出来，费油吧，也不算，自己也见过比这车油耗还高的车子。主要平时城区开的多，低速慢行是挺增加油耗的一件事，跑高速到没有这个顾虑。,[动力],动力这点上，这款车搭配的是2.0T的涡轮增压发动机，在日常生活中绝对是能满足使用，甚至是觉得它的动力还有点充沛过头，低速动力来的迅速，跑高速的时候动力后劲十足，哪怕是上到120码之后都感觉动力还没完全释放出来，不过用定速巡航跑，也轻松方便。,,,[操控],它配备了并线辅助，主动刹车，倒车影像，自动驻车等安全实用的功能，确实在人多车多的地方行驶起来，这种大尺寸的车子还是要小心翼翼一点，有这些辅助功能的帮助下，自己也省心不少。方向盘轻盈，指向性精准，基本没有虚位，过弯掉头的时候都挺容易的。,,,展开全部
"
    发表于  2020-11    

      
        
    
    
",喜欢这个车的外观，运动感十足，车身线条优美流畅，极具时尚感，车内采用的是棕色皮质绒面内饰，比起黑色真皮座椅，更具高级感与舒适感，动力强劲，换挡平顺无顿挫感。,https://image1.xcarimg.com/attachments/my/0/31/01/515_120.jpg,newcarcjklv,新手上路,5,外观,5,内饰,5,空间,5,舒适,5,油耗,5,动力,操控,性价比,购入信息,爱车车型,https://newcar.xcar.com.cn/m55571/,2020款昂科威S652T 两驱豪华型 ,购入时间,2020/9/1,购车地点,青岛成达汽车销售集团有限公司 [山东省],裸车价格,22万  (厂商指导价 23.99万),当前油耗,10L/100km,购入用途,"车内内饰是棕色绒面皮质内饰，增加了车辆.高级感的同时，坐起来也更加舒服，中控屏采用的是微微向驾驶位倾斜的设计，让驾驶位更加方便操作，设计更加人性化,所有的按键都是钢琴烤漆按键，科技感十足。",爱车评价,[最满意],[不满意],后排中间脚踏部分是凸起的，感觉此处空间设计有些不合理，小朋友坐在中间的时候感觉有些不舒服，如果能是全平的就好了。,[外观],"车身线条优美流畅,线条设计增强了凌厉感，使车身看起来更加运动时尚，铝合金行李架，多幅轮毂和车身镀铬饰条更加增加了suv的美感。这款suv又是主打运动时尚，外观看起来非常精致，内饰科技方面也很优秀，像车道保持，前车距离提示，碰撞预警各种辅助.开车的系统也很多。",,,[空间],"这个车车长4663，虽然不算是大型suv,但是轴矩缺达到了2779,车内空间可以说是非常宽敞，平时五个大人坐在上面也不会觉得拥挤，后备箱空间也很大，放三个行李箱也完全没有压力，行李箱.上还可以放-些物品，平时自驾游出去玩行李都能放下。如果一个人出去带的东西又比较多，可以将后排座椅放倒，整整扩大-倍的储物空间。",[舒适],[油耗],"这款车配备了一体环抱式座椅,坐在车里像坐在自己家的沙发.上一样舒服,整车配备自动恒温空调，各区空调分区独立控制，能调节车内各个空间的温度,整辆车的隔音效果非常好，升起玻璃,几乎听不到外面的噪音，减震做的非常优秀，平时过崎岖不平的山路时，也几乎完全感觉不到颠簸感。","这几个月开下来，油耗在10个油左右，一直都听说别克车油耗比较大，但我觉得还可以，我开车也比较猛,经常--脚油门一脚刹车，销售顾问告诉我油耗减少是因为他们使用了闭缸技术，高速低速运转时可以相应的闭缸，而且还带有发动机自动启停功能，在刹车时会自动熄火，综合各个方面可以大大减少油耗。",[动力],"这款车全系都是2.0t的动力，马力可达到200多左右，搭配别克最先进的9at变速箱，平时超车加速什么的平顺无顿挫感，等红绿灯得时候起步也很快，完全没有肉的感觉。2.0t的动力非常优秀,像我这样平时开快车的人也挑不出什么毛病。",[性价比],这个价格买到这款车我觉得还是很合适的，这个型号这个级别这个长度的suv能用这个价格买到我觉得非常合适，更何况这款车还配备了超过了百分之75的高强度钢板，整车安全气囊，安全系数完全没得说，无论是性能，操控，动力，还是舒适度各个方面，我都很喜欢，强烈向大家推荐这款车!!别克的服务态度也很好，不管是前期销售人员的热情接待服务，还是后期的保养维修，只要你提出问题，别克就会马上安排人给您进行解决，整个销售过程都让人感觉非常好。,[操控],"别克车的方向盘都偏小，不会很大，昂科威s也不列外，小小的方向盘操控起来很方便，方向盘比较灵敏，单手操作都完全没问题，家里女生开也完全没有问题，整款车的操控感很好，这款车采用了多连杆独立悬挂，减震做得特别好,崎岖路面也能平稳度过，刹车系统灵敏，轻轻松松就能停稳车辆。",,,展开全部
"
    发表于  2020-11    

      
        
    
    
",最满意的地方就是它的外观时尚，然后车子空间比较大，然后前脸设计比较大气，比较上档次，第一眼就被它的前脸设计给吸引，颜值比较高高,https://image1.xcarimg.com/attachments/my/0/31/01/578_120.jpg,liqct07,新手上路,4.88,外观,5,内饰,5,空间,4,舒适,5,油耗,5,动力,操控,性价比,购入信息,爱车车型,https://newcar.xcar.com.cn/m55571/,2020款昂科威S652T 两驱豪华型 ,购入时间,2020/11/1,购车地点,江苏天泓江北汽车服务有限公司 [江苏省],裸车价格,20.29万  (厂商指导价 23.99万),当前油耗,8L/100km,购入用途,谈不上高，本来想买昂科威的四驱精英，但考虑买新不买旧再加上外观提了昂科威S,爱车评价,[最满意],[不满意],唯一不满意的可能就是后排地板不像昂科威设计平整化，有中间有突出的地方，显得空间没有昂科威那么大，其他整体还是比较满意的,[外观],外观比较，时尚大气，上档次，前脸采用贯穿式和转异型LED日间行车灯，，提升档次，增加识别度，行车灯绝对是颜值担当，尤其是前脸设计超大气，毕竟也有对比过其他品牌的车型，然后经过家人反复研究后，以后还是决定买了这款车，本来想买艾维亚那一款，然后后来觉得还是买个中间配置的话性价比会比较高一些，所以就买了这个豪华版经过销售顾问的介绍觉得这个配置各方面都足够用了！,[内饰],别克的做工内饰没得话说，高级真皮座椅用料讲究做工精致，质感细腻柔软坐进去感觉很舒服，中控台采用法式双缝线设计，360度环抱一体式设计，给人足够的安全感，这个豪华版的内饰颜色看着也比较上档次，相比较艾维亚的话，我个人还是比较喜欢这种颜色的内饰，看着比较高档，中控屏倾向于驾驶员，这个设计非常的人性化，尤其是在高速的时候，方便驾驶员看到屏幕里面的信息,[空间],后排座椅并不是那么宽裕，然后不像昂科威地板平整化，只能说家用的话就够了，前排的空间设计还是不错的，毕竟我一米八的个子，然后空间还是足够，如果后排地板像昂科威那样的话，就更加完美了，不过家里也没有特别胖的人，所以整体来说的话，空间一般般！,[舒适],[油耗],别克车舒适性还是可以的，因为座椅都比较厚实，座椅的包裹性和支撑性比较好，而且座椅带加热功能，密封条比较厚，隔音棉都是采用加厚的，不像大众品牌的黑心棉那么low，再加上双夹层玻璃玻璃，这样的话，隔音效果也比较好，你家里有小孩，本人对静音舒适度这一块还是比较在意的，尤其是跑长途的时候，根本感觉不到累,比预期的昂科威的官方要低一点，在合理范围之内都能接受，毕竟有这么大的车身，这么大的排量，如果想像小轿车一样，那么省油也不现实，以前好多人都会认为别克车比较费油，但是现在别克车各方面技术都比较先进了，而且都采用了整车合金轻量化设计，主要现在国家对排放要求比较高，如果别克车还像以前那样费油的话，估计也不可能上市，给有好这方面来说我还是比较满意的，因为之前家里开的就是别克车，主要是比较稳，高速的话不会感觉飘，电瓶车不费油感受能一样吗？个人观点仅供参考！,[动力],2.0T涡轮增压发动机加9at变速箱，黄金动力组合简直无懈可击，马力可以达到237，油门响应比较快，个人对动力要求这块还是比较高的，所以当初选择了这款车，就是看中了它的动力，超车绝对没问题！特别符合我的气质,[性价比],其实本来是想买昂科威的，但是后来销售顾问给我推荐了昂科威s这款车，又介绍了它的各方面配置，无钥匙进入一键启动，电动座椅调节，电动座椅加热全景天窗，定速巡航，这些配置都是我比较看重的，另外这款车的外观确实比昂科威更加的年轻，而且比较运动，低调中又不失奢华，沉稳而又大气，最主要的话是赶到他做活动的时候买的优惠幅度比较大，所以就果断选择这款车了,[操控],油门响应比较快，五连杆独立悬挂，绝对是豪车专用，这个车居然用这种悬挂，完全是超出了我的想象，方向盘比较轻巧，抓地性比较稳！而且9at的变速箱换挡非常的平顺，无任何顿挫感，这套动力系统调教堪称完美！,,,展开全部
"
    发表于  2020-11    

      
        
    
    
",喜欢S的外观线条比昂科威要优美流畅些有时尚感车内的棕色皮质绒面内饰我也喜欢比黑色的好看按键式电子排档也非常显档次朋友都喜欢这种换挡。灯光也非常醒目,https://image1.xcarimg.com/attachments/my/0/31/01/561_120.jpg,qinghaiu0124,新手上路,4.88,外观,5,内饰,5,空间,5,舒适,5,油耗,4,动力,操控,性价比,购入信息,爱车车型,https://newcar.xcar.com.cn/m55571/,2020款昂科威S652T 两驱豪华型 ,购入时间,2020/9/1,购车地点,安徽惠康汽车服务有限公司 [安徽省],裸车价格,22.49万  (厂商指导价 23.99万),当前油耗,9L/100km,购入用途,操控还是很好的。特别是按键电子排档我个人非常喜欢也非常方便都可以闭眼操作并且有运动标准雪地三种驾驶模式操控感很,爱车评价,[最满意],[不满意],空间没有我想象中的大。后排的凸起是我心里一直很梗的地方如果是全平就更好了。前排的中控屏很偏副驾驶感受不是特别好,[外观],就是看中S的外观线条感显时尚。适合我们年轻人,[内饰],棕色的内饰我个人是非常喜欢的。也不是全皮全皮的我反而不喜欢冬天冰夏天烫,[空间],S这个车的体型一看就不小它里面的空间相对来说没有我想象中的那么大但也够用一家人坐满也不是特别拥挤只是中间有点凸起部分女生就不要坐中间了其他都还满意,[舒适],[油耗],座椅有很强的包裹性软硬适中我跟家人出去玩几个小时坐下来相对来说比较舒适,油耗表现还在我的接受范围内毕竟车子这么大我又经常走城市,[动力],全系都是2.0T的9速变速箱动力储备还是非常充沛的综合来讲这个车的动力我还是很满意的,[性价比],在同等价位里面S这个车的性价比是绝对的动力也强底盘也扎实,,,,,
"
    发表于  2020-11    

      
        
    
    
",昂科威S口碑贴说起来新车昂科威S也用了好几个月了，几天正好说一说用的感受，用车这么长时间，我觉得这次车子的动力肯定是非常可以的，2.0T的发动机在动力上面的表现非常不错，肯定够我用了，而且这个2曲系统的脱困能力也是非常强的，车内的空间也是非常大的，再讲一下这个车的安全配置，不管是这些辅助功能还是车子的主动和被动安全配置都是做的非常到位的，当时在买这台车子的时候，也看了其他的很多车型，我自己的预算大概25万左右，选择的车型还是挺多的，但是最终我还是选了昂科威S的二驱豪华版，虽然本身的价格有点高，但是这个车的外观和内饰是最吸引我的，包括试驾之后的感觉动力这一方面，都是打动到我的，安全性也是一个重要的衡量标准，其次车子的质量稳定性也是相当不错的，别克车就是有着皮实耐用的特点，所以最终就订了这台昂科威S,https://image1.xcarimg.com/attachments/my/0/31/01/520_120.jpg,8ktabms1,新手上路,5,外观,5,内饰,5,空间,5,舒适,5,油耗,5,动力,操控,性价比,购入信息,爱车车型,https://newcar.xcar.com.cn/m55571/,2020款昂科威S652T 两驱豪华型 ,购入时间,2020/10/1,购车地点,四川申蓉九兴汽车销售服务有限公司 [四川省],裸车价格,22万  (厂商指导价 23.99万),当前油耗,9L/100km,购入用途,正常这个车，我们坐五个人都是够用的，一点也不拥挤的☆空间设计亮点：空间大，档次高,爱车评价,[最满意],[不满意],关于这个车动力和内饰各方面没什么问题，就是希望以后价格真低一点就好了,[外观],外观运动时尚，轮毂也比较时尚，前脸看起来也比较大气,[内饰],内饰档次高，用料考究，看起来比其他三十几万车的内饰档次还要高,,,[舒适],[油耗],这个车后排出风口，空调也是自动空调，带了空调净化，带了更好的空气清新效果,这个车虽然我才买了一个多月，但是我已经跑了三千多公里了，长途，市区，油耗只有八点几九个油左右,[动力],正常开的时候动力感受不出来，但是超车的时候，一脚油门，动力瞬间就上来了,[性价比],性价比同等级别车的价格最高，其他车的，15T的都要这个价格了,[操控],方向盘的操控感，转向的时候很轻松，像我老婆开始也说不费劲,,,展开全部
"
    发表于  2020-11    

      
        
    
    
",最开始看这个车的时候是被外观吸引了，以前觉得SUV总体来讲适合男士开，外观粗旷高大，但是看到这个昂科威S的时候，一瞬间的感觉就是这个适合年轻人，也很适合我们女士，外观不仅漂亮时尚，而且内饰里面也很细致，就像一件高档女装的做工，方方面面的细节都处理的很到位，不会看到硬邦邦的钢板，也没有硬邦邦的塑料感，每一道线都透露着一种高级感，坐上去感觉像大沙发一样舒服，而且觉得包裹感很不错，让人感觉舒适，安全感，档位也很特别，不像其他车是哐哐拉的档杆，力气小的女生拉起来还比较吃力，这个按一按就完成了，感觉很高科技，关键是很省事，我不喜欢太繁琐的东西，简单明了最好不过，还有比较喜欢的是这个屏幕，高清的，对于完美主义的我来说比较满意，而且还能听网络音乐，就不用再占用手机了，开着火就可以随时听音乐，以前的车还需要打开手机里的QQ音乐，耗费着手机的流量，感觉这个比较适合，我们年轻人操作。能够实现手机和屏幕的互联嗯，而且这个全景的天窗嗯，给人不是特别压抑，偶尔出去旅行的话，孩子们还能站在座椅上看外面的风景，开起来的话，感觉很平顺，而且这个油耗很满意。在选车之前，听朋友说，别克的油耗有点高，但是后来自己真正开了以后觉得,https://image1.xcarimg.com/attachments/my/0/31/01/623_120.jpg,thvz19,新手上路,4.88,外观,5,内饰,5,空间,4,舒适,5,油耗,5,动力,操控,性价比,购入信息,爱车车型,https://newcar.xcar.com.cn/m55571/,2020款昂科威S652T 两驱豪华型 ,购入时间,2020/9/1,购车地点,山东鸿发森岳汽车销售服务有限公司 [山东省],裸车价格,20.5万  (厂商指导价 23.99万),当前油耗,9L/100km,购入用途,个人感觉花这个价格买这个车比较实用，而且外观内饰比30多万的车。一点都不差。,爱车评价,[最满意],[不满意],觉得还有点欠缺的地方，是如果车头方面能够再短一些的话，可能会视线方面会好一点，尤其是对于我这种个子不太高的女士来说的话，然后后备箱的容积个人感觉稍微有点小嗯，放上一个宝宝，推车再放一些超市买来的东西的话，会稍微有一点急，如果副驾驶能够改成电动的话，个人感觉会体验更好一些。在使用蓝牙播放手机音乐的时候，有的时候会稍微有一点卡顿咨询过4S店。说是网络的原因也就没太在意。,[外观],外观个人感觉比较适合年轻人流线型比较好，而且时尚。,[内饰],内饰做工感觉很精细，没有硬邦邦的塑料感，而且不会像日本车一样，看到裸露的铁皮。,[空间],空间算是够用，不是特别的宽敞，可能是因为作业比较厚实的原因吧。,[舒适],[油耗],感觉像坐在家里的沙发上一样，舒适，开起来的时候没有乱七八糟的杂音。,油耗还是比较满意的，我自己开的话，大约是在九个油左右。,[动力],动力方面，对于我这样的女士来说，开起来完全够用了。,,,[操控],感觉方向盘比较稳重轻便。?操作起来也比较便捷。,,,展开全部
"
    发表于  2020-11    

      
        
    
    
",这款昂科威S确实是一款不错的车子，各个方面的表现都是挺棒的，首先，车子的空间非常宽敞，因为这是一款中型的SUV，所以相对会比较大一些，前排座椅就不用提了，是非常舒适的，关键是后排座椅乘坐起来也会非常宽敞，因为它和前排座椅的间距还是比较大的，每排座椅空间都会非常大，坐在后排座椅上完全不会有别腿的情况，甚至腿部和前排座椅还会有多余的空间，并排坐三个人也完全可以。其次，车子的动力也是非常充足的，无论是起步还是提速，都会非常的顺畅，没有任何的顿挫感。油耗方面的表现也不错，这么大的车子，动力又很足，而且又是经常在市区内行驶，油耗的表现并不高，我是非常满意的。另外，车子的外观也是非常大气而且又很时尚，给人的感觉就像一个庞然大物，但是并不显得臃肿，前脸的设计也是比较前卫的，非常符合年轻人的审美，平时在路上会显得非常有气势。,https://image1.xcarimg.com/attachments/my/0/31/01/570_120.jpg,R345,新手上路,4.75,外观,5,内饰,4,空间,5,舒适,5,油耗,5,动力,操控,性价比,购入信息,爱车车型,https://newcar.xcar.com.cn/m55571/,2020款昂科威S652T 两驱豪华型 ,购入时间,2020/9/1,购车地点,淮南市百世行汽车销售服务有限公司 [安徽省],裸车价格,23.99万  (厂商指导价 23.99万),当前油耗,9L/100km,购入用途,这款车子总的性价比还是非常不错的，配置很实用，平时用得到的也基本上很全面了，虽然会有一点点小瑕疵，但是都可以轻松的解决，所以说车子各方面的优势还是非常明显的。,爱车评价,[最满意],[不满意],其实车子各个方面的表现我觉得都是挺好的，真的没有什么不满意的，只是新车刚提回来的时候，因为车子比较大，我以前也没开过这么大的车子，所以第一次操控的时候会显得生疏一点，遇到比较窄的道路，转弯的时候操控的没有那么自如，所以心里会略有一点紧张。但是没用几次磨合，就会逐渐的熟练起来，到现在已经变得非常轻松了。还有就是新车会稍有一点异味，不过还好，我买了不少的竹炭包放到车内，每天又开车窗通风透气，很快车内的异味就完全的清除掉了，到现在为止，一切都变得非常正常。,[外观],前脸的设计非常的独特，搭配上两个精致的前大灯，使整个车头显得非常圆润，车身的线条也会非常流畅，尾部比较饱满，整个组合显的车子非常的有气势。另外车身的喷漆也是比较细腻光滑的，看上去显得特别的亮丽。,[内饰],新车会略有异味，但是并不算什么事，整个内饰设计比较简洁，但是做工非常的精细，显然是经过用心打造的。,[空间],空间是挺宽敞的，平时我会利用周末的时间带着父母一起出去转转，老人乘坐车子都需要空间宽敞一点，稍微有一些紧凑的话，他们就会觉得不舒服，这款车子乘坐起来会觉得非常不错，起码腿可以很舒适的放着，根本用不着蜷缩着，而且车子也足够高，所以头顶上也不会有压抑感，看着老人乘坐的比较舒适，我也觉得非常的舒心。后备箱也是挺大的，能够装不少东西。,[舒适],[油耗],座椅有很强的包裹性，而且软硬适中，没有觉得硬邦邦，但是也不会有软塌塌的感觉，所以即使长时间乘坐，腰部和腿部都不会感觉到累，比较适合长途旅行。,油耗的表现我觉得是很不错的，毕竟车子这么大，动力是很充足的，又是行驶在市区内经常拥堵的路段，这样的油耗表现已经是算比较低的了，也完全是在我能够接受的范围内。,[动力],动力方面也是比较充足的，本身车子配置的是2.0T的发动机，具有非常强劲的动力，所以说应对日常的驾驶那是小菜一碟，如果跑高速的话，车子的动力可以完全释放，不但提速可以非常的顺畅，超车更是非常轻松，因为发动机的后劲儿十足，所以提起来的车速会稳稳的保持住。,,,[操控],总的来说操控起来还是比较轻松的，只是新车提回来的时候，我第一次操控会显得生疏一点，但是驾驶几次以后，发现车子的方向盘是比较轻盈的，油门和刹车也比较顺滑，所以调整好心态，操控起来是越来越顺手。,,,展开全部
"
    发表于  2020-11    

      
        
    
    
",用车这么长时间，我觉得这个车子也确实是非常是有实力的，最满意的地方，首先想要说的就是昂科威s的这个安全性配置了，不管是这些辅助驾驶功能还是车子的主动和被动安全配置都做的是非常到位的，这台车子把更多的成本还是用到了这些实际的配置上面的，2.0T的发动机在动力上面的表现还不错，对于我来讲也就完全够用了，而且脱困能力确实是非常强的，车内的空间也是非常大的，实用性也完全没有问题，总之就结合这些来讲，我认为这台车子也就已经是做的相当可以了。,https://image1.xcarimg.com/attachments/my/0/31/01/534_120.jpg,愚美人eim19,新手上路,4.75,外观,5,内饰,4,空间,5,舒适,5,油耗,5,动力,操控,性价比,购入信息,爱车车型,https://newcar.xcar.com.cn/m55571/,2020款昂科威S652T 两驱豪华型 ,购入时间,2020/8/1,购车地点,山东鸿发森岳汽车销售服务有限公司 [山东省],裸车价格,23.99万  (厂商指导价 23.99万),当前油耗,9L/100km,购入用途,车子的外观大气时尚，特别的有质感，有一种自身自带的那种气质，让人看了真的是喜欢的不得了。,爱车评价,[最满意],[不满意],就是车内的用料确实是有些不太好的，主要表现就是车内的异味比较大一些，还有就是原车的这台中控车机确实没有一个很好的实用性，而且这个车机屏幕也确实是比较厚的，虽然说叫作豪华版，但在这台车子的内饰里面真的是没有体现出所谓豪华的元素或者是概念；还有就是这台车子的价格确实是比较高的，虽然说确实是给我们带来了一个非常不错的用车体验，这个是毋庸置疑的，但这个价位比其同级别的这些合资SUV来讲高的也不是一点点呀，关键就是优惠力度也非常小。,[外观],这辆车的外观造型看起来是非常年轻化的，运动时尚的外观风格特别符合当下年轻人的审美，尤其是从侧面看上去车身线条真的是太帅了，18寸大轮毂的造型也很个性，但也绝对不显得繁杂，而且整个的外观做工也是相当不错的，毕竟钣金和车漆都做得比较细腻一些，所带给我的视觉体验肯定也是相当不错了。,[内饰],其实整体看起来还不错，但车内的用料我还是不太满意的，最主要的就是异味有点大，还有就是这个中控车机也挺让我失望的，总感觉它的屏幕触屏不灵敏，没有那种我想要的科技感，包括实际的使用感受也确实是挺一般的，所带给我的使用体验真的没有特别好。,[空间],昂科威S的空间表现是非常让我们满意的，它的车身长度和车身宽度分别是4.66和1.88米，在同级别车型中确实很出色的，而且这辆车也把有限的空间得到了完美的利用，我们一家五口坐上去完全没有任何紧迫的感觉，我还打算今年寒假带着孩子家人去自驾游呢。,[舒适],[油耗],昂科威S带给我们的乘坐感受还是很棒的，我觉得前后排的座椅坐上去都很舒服，宽宽大大的座椅填充物也挺柔软的，尤其是前排还有着非常强的包裹感，总之乘坐体验还是非常不错的，车内该有的配置基本上也都已经是很齐全了,相比之下2.0T的发动机动力大了就会有些费油，这是事实，昂科威S对我们家来说，除过我偶尔的出差之外几乎都是在市区用车的，它的平均油耗还可以稳定在8.5~9个左右，对于这样一台SUV车型来说真的很出色了。,[动力],这台2.0T的涡轮增压发动机的动力输出确实是特别猛，动力储备是非常充沛的，无论在国道还是市区开车从没有出现动力不够用的情况，所以就综合来讲，我觉得这台车子的动力表现也就已经是非常出色了。,[性价比],关于它的性价比我还是不太认可的，相比于同级别的竞品车型，昂科威s的价格的确是让人感觉到非常高了，我们买车的时候同样是没有享受到任何的优惠政策，虽然说本身的实力真的很强，安全性各方面都做得很到位，但在这价格一点上这辆车的确是不占优势的。,[操控],SUV车型的底盘固然是比较高的，整台车的重心也自然就高了，但我感觉在正常的开车过程中昂科威S的车身稳定性还是很OK的，过弯掉头等等不会容易出现大幅度的侧倾，主要还是因为底盘比较稳，其次就是它的指向也很清晰，转向特别容易掌控，整台车开起来还是比较轻松的，所以说整个车子的通过性也是相当出色的。,,,展开全部
"
    发表于  2020-11    

      
        
    
    
",我感觉昂科威S的造型设计真的是潮流前线，上海通用是个老牌子了，但是每次升级都给人眼前一亮的感觉，中型SUV车子看着就气派，工艺比较几个功能之，舒适度也有了跨越的提升，内部的配置也升华了，当然了，最为主要的还有动力的输出，涡轮增压2.0的排量很优秀啊，起步就能有一点点的推背感，高速上面叫个速度更是畅快，年轻人开车最怕的就是肉，而车子有很强悍的动力油耗也并没有很过分，百公里不到十个油，况且还没有过磨合期呢，完全能接受这个数据。,https://image1.xcarimg.com/attachments/my/0/31/01/540_120.jpg,ziteng88xyz,新手上路,4.75,外观,5,内饰,4,空间,4,舒适,5,油耗,5,动力,操控,性价比,购入信息,爱车车型,https://newcar.xcar.com.cn/m55571/,2020款昂科威S652T 两驱豪华型 ,购入时间,2020/11/1,购车地点,安庆环通汽车销售服务有限公司 [安徽省],裸车价格,23.99万  (厂商指导价 23.99万),当前油耗,10L/100km,购入用途,就它的那个外观吧我也还能够认可，样式其实挺好看的，也挺时尚。,爱车评价,[最满意],[不满意],本身定位的是一款中型SUV的车子了，但是个人还是感觉车子尺寸不大，视觉上就有点差强人意了，在乘坐上，尤其是满载的时候，有点点拥挤压抑的感觉，也要看车主的主要用途了，如果没有很多满载机会那倒是无所谓的，如果只是看数据显示的话，感觉这车子也就是比紧凑型的汽车稍微大那么一点吧，空间有点唬人的节奏。,[外观],昂科威S的颜值是不管从哪个家度看都是很有时尚运动风范的车子，尾部的设计感一点都不比前脸差，刹车灯很醒目，轮毂的设计都挺个性的，前脸是重中之重了，气势澎湃的强悍车子，选这SUV车子真不遗憾。,[内饰],内饰其实大部分真的很满意了，能达到我的用车标准，唯一的唯一，我不小心发现了一些塑料的边缘处没有那么的光滑，感觉到了瑕疵，这要是个小孩子在储物格子里面拿东西，不会滑到嘛？大品牌的车子不是应该更注重小细节吗？中控台的一些布局倒是还可以，慢慢的科技感，用着也很方便，建议提升一下小细节的处理。,[空间],这车子的内部空间设计有点一般，倒不是我嫌弃它太小，而是感觉定位的中型SUV，感觉也就是比紧凑型的车子大那么一点点，轴距还没有达到两米八，前排的座位在乘坐上是没有问题的，高度还有腿部的伸展都能做到，但是后排的座椅满员以后就有点拥挤了，看个人用车的标准了，漫游很大机会满载还是可以考虑这个空间的。,[舒适],[油耗],说到昂科威S的舒适度，车子的内部座椅真的很像家里的大沙发，有足够的柔软度，贴合感足了开车出门才能更保证安全性了，行驶过程中，这个车子的滤震效果比较棒，不小心压到马路上的井盖都没有什么咯噔的声音，高速上面开的再快噪音也是一点点，开点音乐就听不到了。,油耗可以啦，我知道这排量的车子肯定不会省油的，自己能接受的范围就是只要不超过十个油就是辆优秀的车子了，而且现在是新车阶段，百公里的油耗也没有超十个，难能可贵的，等保养以后估计也就是九个油的样子，冬天还一直开着空调，这个算不得油老虎了，还不错。,[动力],昂科威S的动力表现算的上很强悍了，涡轮增压的怎么着都比自然吸气的合适，排量是2.0的，用着很够格的，市区里面等红灯，起步都明显快过其他车子，超车基本是看准路况都不用犹豫的，高速上面叫个120迈的速度真的很简单了，我最快到过140多迈，再高就算了，为安全还是要时不时的维持在限定速度范围哦。,[性价比],昂科威S的价格定位不算高了，这要看它的配置多少了，毕竟在同等级别的车子里面一比较久能看出来它的优秀了，店里的优惠力度还不少，售后有保证了开车更踏实，质保期不断，保养也不算贵，买着车子商务用或者日常代步开都可以的。,[操控],我感觉车子好不好开在试驾的时候就能体会的到了，因为车子的尺寸不算太大了，倒是增加了它的操控灵敏度，加上方向盘的转弯半径很小，精准度高就很好倒车啥的了，底盘够稳的，有时候有个急刹车都没有什么严重的倾情状态，给足了车内乘坐人的安全感，还有就是高低速转换的时候衔接的到位，一点延迟都没，超棒。,,,展开全部
"
    发表于  2020-11    

      
        
    
    
",我和别克昂科威S的缘分是因为当时正在追乘风破浪的姐姐，万茜代言昂科威S的通告一出来我就被吸引了。感觉外形、动力、操控以及品牌都十分合我意。接着就拉着老公迫不及待到了4S店去试驾。事实证明我的选择真的没错，开着昂科威S真的让我也有一种乘风破浪的错觉。,https://image1.xcarimg.com/attachments/my/0/31/01/571_120.jpg,david_zhangk,新手上路,4.75,外观,5,内饰,4,空间,5,舒适,5,油耗,4,动力,操控,性价比,购入信息,爱车车型,https://newcar.xcar.com.cn/m55571/,2020款昂科威S652T 两驱豪华型 ,购入时间,2020/11/1,购车地点,大庆业勤汽车销售服务有限公司 [黑龙江省],裸车价格,23.99万  (厂商指导价 23.99万),当前油耗,10L/100km,购入用途,外观真是爱了爱了。整体确实符合运动年轻时尚这个主题，车头前面锁子甲的格栅设计得与众不同，两侧进气口造型也很独特。,爱车评价,[最满意],[不满意],油耗真的不算低！这点别克车这么多年也没啥改变。但我觉得这和别克整体的发动机、变速箱等等运转原理有关，另外也受到车身用料的影响。好在油耗尚在我的接受范围内。还有一点，内饰中控台不是对称设计的，它是倾斜的，我真的是有点看不习惯。,[外观],侧面来看，昂科威S的曲线不算是流畅，反而看着肌肉感十足，充满了力量。尾部造型中保险杠采用了和车身整体不同的颜色，反差很大也更突出它的个性。尤其是黑色的车轮毂特外的吸睛，也是整个车身的点睛之笔。,[内饰],中控不对称的设计真的是爱得真爱，恨得真恨！中控液晶屏是有个角度的倾斜，我总忍不住想给它掰过来，简直是逼死处女座的节奏。但老公却对这个设计爱到不行，他说这个角度的倾斜更加突出了以驾驶者为中心的理念，对此他十分欣赏。除此之外的方面我还是挺喜欢的，内饰材质用料考究，看上去特别有档次。各种按键和按钮布局合理，便于操控。,[空间],空间挺大，昂科威S车长约4.7米，轴距约2.8米，已经属于中性SUV范畴。驾驶位座椅可以前后调节自不必说。后排对于腿长星人来说也十分的友好，可以翘个二郎腿。后备箱空间也能装很多东西，尤其是老公喜欢钓鱼，后面足可以放开他各种大箱子、小箱子的渔具。我们家人口多，买了这车以后去超市购物就更方便了，每次都是一大批米面油零食日用，把后备箱填满非常有成就感。虽然现在网购比较方便，但是依然不能取代这种现场购物的快乐！,[舒适],[油耗],昂科威S的座椅我觉得是我驾驶过车里面最舒服的！本人它也是标榜附和人体工程学原理，看来确实是花了大价钱请工程师设计的。而且它还有降噪方面的设计，我平时爱听动感音乐，对这方面不是很在意，但老公说在高速行驶中风噪也不是很大，昂科威S确实是用心了。除此之外，这车方向盘非常轻，让我更加轻松驾驭这个大家伙。,既然爱昂科威S的外形和内涵，那就必须要接受它的油耗。其实这点也不难理解，第一皮子沉啊，这点你多按按各品牌车皮你就知道了。这里为了不引战，不多做解释。第二个，马力大！我个人觉得马力大自然要燃烧汽油，这是成正比的。目前我百公里油耗是9.6个油左右吧，目前还在我们家的承受范围之内。,[动力],动力这个要好好说说了。我买的昂科威S虽然是2.0的排气量，但别克采用的是第八代可变缸涡轮增压发动机外加9速智能变速箱，马力可以达到237！大家可要去查查日系车2.0排气量的马力就知道这个数据的恐怖。给油之后车开得那绝对是带劲，突突突往前冲啊，别提多爽了。昂科威在加速过程中也没有明显的顿挫感，刹车系统也很温柔，很不错。,[性价比],对于人口多的家庭来说SUV车型还是很有优势的，再加上别克品牌响当当后期维修保养都不是大问题。而且昂科威S科技性非常高，它搭配了别克自有的云平台，通过手机APP来来实现车载互联。而且支持同时CarPlay和CarLife，还有OnStar安吉星全时在线助理来为用户提供服务。当然了更多的功能还等待车友们来补充，我感觉这车性价比是超级超级高哒!,[操控],别看昂科威S是个大家伙，但操控便利女生开绝对不吃力！它搭配了运动、标准、雪地三种驾驶模式，在城市中代步使用已经足够了。前后均有驻车雷达，倒车影像和倒车车侧预警完美结合在一起，为手潮的我保驾护航。两驱豪华型配置的定速巡航为跑高速的老公减轻了长途驾驶的疲劳感。,,,展开全部
"
    发表于  2020-11    

      
        
    
    
",昂科威S这个车子让我最满意的地方就是车子的外观看起来特别的大气，前脸的进气栅格配上好看的车标，真的是很大气的，特别的好看，有质感，也是一种身份的向征，我很满意它的外观。,https://image1.xcarimg.com/attachments/my/0/31/01/542_120.jpg,jssp2000pqv2,新手上路,4.88,外观,5,内饰,4,空间,5,舒适,5,油耗,5,动力,操控,性价比,购入信息,爱车车型,https://newcar.xcar.com.cn/m55571/,2020款昂科威S652T 两驱豪华型 ,购入时间,2020/10/1,购车地点,唐山市长晟汽车销售服务有限公司 [河北省],裸车价格,23.99万  (厂商指导价 23.99万),当前油耗,9L/100km,购入用途,坐车里感觉是特别的舒服，空调系统好，车子座椅的贴合性也不错，喜欢它的舒适性。,爱车评价,[最满意],[不满意],车子是我喜欢的车子，大部分都是很不错的，觉得车子开起来的感觉也挺好的，如果要说哪里让我不满意的话，我觉得就是车子油耗不算特别的低,[外观],车子的外观大气时尚，特别的有质感，有一种自身自带的那种气质，让人看了真的是喜欢的不得了。,[内饰],车子的内饰还可以，尤其座椅比较的宽大，非常的舒服坐上去,[空间],空间方面来看的话，我觉得车子的空间还是可以的，前排和后排的空间都不错，坐着大气，后备箱还大。,,[油耗],,油耗不算特别高，平时开车出去玩呀应酬之内的，都觉得还好。但是和朋友的日系车比起来还是差点事,[动力],发动机马力是很足的，不管是跑高速还是跑城区路，车子的动力都是非常可以的，,[性价比],车子的性价比比较的高，买的是很值得的，很适合我现在的身份。,[操控],车子是中级车，也有不错的配置，别看这么大，其实开起来非常顺手。,,,展开全部
"
    发表于  2020-11    

      
        
    
    
",这台车的外观设计真的很漂亮作为别克的全新SUV车型，我认为昂科威S的外观风格真的是非常精致的，同时也是非常运动的，看起来非常个性完全是我想要的风格，同时这台车子所带给我们的舒适性体验也真的是很棒的，因为我买的这个也算是一个中配了，车内的配置确实很高，而且隔音各方面都做得比较好一些，所以我认为这台车子确实是带给了我和我家人一个更有品质的出行体验。除此之外，这台车子的性能也是非常强大的，2.0T的发动机配合上这台9at的变速箱也确实是拥有着非常出色的动力表现，最让我惊喜的就是油耗居然也不是很高，目前的平均油耗才9.5，我觉得还是非常低的，所以说现在的美系车也不见得有多么费油呀。,https://image1.xcarimg.com/attachments/my/0/31/01/512_120.jpg,冬sirmz,新手上路,4.88,外观,5,内饰,5,空间,4,舒适,5,油耗,5,动力,操控,性价比,购入信息,爱车车型,https://newcar.xcar.com.cn/m55571/,2020款昂科威S652T 两驱豪华型 ,购入时间,2020/8/1,购车地点,临沂悦新汽车销售服务有限公司 [山东省],裸车价格,23.99万  (厂商指导价 23.99万),当前油耗,10L/100km,购入用途,性价比蛮高的，因为新车刚上市没有啥价格优惠，但是店里的小姐姐，蛮客气的送了礼品跟其他的优惠，还是蛮顺心的，目前感觉还不错，毕竟刚开没多久，等我老婆体验一段时间之后，再来更新内容！,爱车评价,[最满意],[不满意],感觉这台车子的尺寸还是比较小的，当然也是针对于同级别的中型SUV来讲，因为我当时看的车子也是比较多的，而且也全部都是这些中型SUV，所以说也就能形成一个非常明显的对比，包括我当时看的丰田rav4以及本田crv和这台车子的空间表现都已经差不多了，所以说整个车子的空间所带给我的体验并不是很好的，够用是肯定的，但也完全达不到我想要那种所谓非常宽敞的状态。,[外观],从侧面看上去，这辆车的外观是充满着运动气息的，尤其是车尾的设计层次感特别强，18寸的铝合金大轮毂也是很酷炫的造型，尤其是当车子跑起来之后感觉是真的帅，包括车外的这个车漆和钣金工艺，也都是做的相当不错的且这个车灯也是非常漂亮的，LED大灯的亮度也是非常不错的，同时也有自适应远近光以及自动头灯，所以说整个外观所带给我的感受还是非常不错的。,[内饰],首先内饰给人的视觉效果是很有档次感的，座椅采用了翻毛材质的包裹，整个中控台几乎都是软质材料，看上去感觉真的很棒，其次就是中控车机的部位是偏向于驾驶位这一侧设计的，正常的行驶过程中操作起来肯定会省事很多。,[空间],作为一台中型SUV，昂科威S4.66米的车身长度和1.88米的车身宽度确实有点达标，而且这个轴距连2.8米都没过，这个数据也就是比绝大多数的紧凑型SUV稍大那么一点点吧，可我当时看的本田冠道也是有一定差距的，当然也不是车内的空间不够用，只是它的空间表现没有达到我对中型SUV的空间预期，而且美系车在储物空间上做的也不是很好，准确的来讲就是没有一个很好的人性化设计，所以对于昂科威S的空间表现我也并不是很满意得。,[舒适],[油耗],车内的配置确实是非常高的，而且对于舒适性这台车子也是做出了很大的努力，我这车上前排是有多层隔音玻璃的，这样真是会起到特别大的作用，在行驶过程中也就不会那么吵了，而且它的减震也是比较舒适的，完全可以很好的化解小坑小洼的路面带来的颠簸感。,尽管买车没多久，但它的油耗却已经非常稳定了，目前的平均油耗显示为9.5L/100KM，就是对于它目前的这个油耗表现确实是挺让我满意的，毕竟这也是一台中型SUV，况且我平时在市区用车的机会也挺多的，所以说我感觉这台车子的燃油经济性还是相当不错的。,[动力],这辆车的动力表现从来就没有让我失望过，这台2.0T的涡轮增压发动机始终都有着非常强劲的动力输出，无论是在走走停停的市区路段低速通行还是在高速上开车它的动力也一直都是非常平顺的，所以实际的动力输出真的是非常让我满意了。,[性价比],在同级别车型中，我认为这台昂科威S的价格确实挺实惠的，而且还给出了非常大的优惠力度，主要是它的油耗也不是很高的，最起码不用让我为这个问题发愁了，这样以来也可以节省一定的用车成本，所以我觉得买这辆车真的是特别划算了。,[操控],我觉得这台车开起来挺顺手的，没有太过于长的轴距所以也就不至于有太大的转弯半径了，掉头停车都挺方便的，而且这台车子的底盘也非常厚重，整个车子的悬架的支撑性也很棒，所以说实际驾驶的感受也真的是很棒的，这台9at的变速箱也确实是有着非常快的换挡速度以及非常清晰的换挡逻辑，所以从主观层面上来讲，这台车子确实是给我带来了一个相当不错的操控感受。,,,展开全部
"
    发表于  2020-11    

      
        
    
    
",每一年都有个新的目标，选择一款自己喜欢的座驾就是我今年的目标，最满意的那肯定就是这款车超高的颜值，第一次去看车就被这款车的颜值吸引，非常的个性潮流，车身的线条也非常的大气，整体的气质非常的棒，在就是配置方面比较的丰富，内饰给的感受就是特别的有等次，电子按键，手机映射还有安吉星功能，每年100G的免费流量，高速上有车道保持，定速巡航，侧盲区预警等功能，非常的好用，而且开着也比较的安全。,https://image1.xcarimg.com/attachments/my/0/31/01/518_120.jpg,wjfe7,新手上路,4.75,外观,5,内饰,5,空间,5,舒适,4,油耗,4,动力,操控,性价比,购入信息,爱车车型,https://newcar.xcar.com.cn/m55571/,2020款昂科威S652T 两驱豪华型 ,购入时间,2020/10/1,购车地点,安庆环通汽车销售服务有限公司 [安徽省],裸车价格,20.9万  (厂商指导价 23.99万),当前油耗,9L/100km,购入用途,性价比方面我没有什么感受，我的感觉选择自己喜欢的车就行了，而且美系车在保值方面还是比较的一般的，所以选择自己喜欢的就行，让别人去说吧，期待我的座驾有更加出色的表现。,爱车评价,[最满意],[不满意],不满意就是后排的座椅不是很平整，而且靠背有一点太直，靠上去之后没什么过上一会就感觉比较的难受，主驾驶的座椅包裹性，腰靠的设计都非常的完美，整体来说这算是个设计缺陷，其他各方面的表现还是比较的优秀的，而且表现都非常的完美。,[外观],外观设计我的评价“潮流、大气、有等次”，昂科威S和昂科威就是两个风格，昂科威s更加的符合时代的潮流设计，非常适合现在人的喜好，在就是家族式的前脸设计，搭配流畅的运动的车身线条非常的大气，在就是大灯的设计轮毂的搭配，整体的造型设计真的是非常的有等次，开出去很有面子。,[内饰],内饰方面这款车在材料方面非常的有等次，还有就是非常的科技，电子按键的设计，非常的好用而且考虑的非常到位，很安全，在就是中控的环保设计，支持各种的手机互联映射，还有安吉星的服务，最喜欢的就是每年100G的免费流量真的是非常的给力。,[空间],空间方面还是比较的宽敞的，用的电子按键的档位设计，这样大大的增加了前排的空间更加的舒展，后排的空间也不错，有后排的空调出风口，可是一点都不影响左右的移动的时候的通过性，后备箱的空间虽然比不上昂科威，不过空间还是足够的宽敞的，完全满足家用，第二排的座椅还可以放到真的是非常的优秀。,[舒适],[油耗],舒适性方面表现可以，就是唯一的缺点，后排的座椅靠背设计的太平，而且座三个成年人的时候一会就感觉到非常的难受，噪音方面的控制不错，前排的座椅还可以，包裹性都是非常的棒的，就是后排影响了整体的舒适感受。,油耗的感受有点奇怪，说高也不高，说低吧一点也不感觉省油，基本上就是市区代步去开，油耗的表现还算可以吧，百公里的油耗8.9个油，要是能在8.5的油耗表现我就非常的满意的，过段时间跑到3000公里的时候去首保一下，期待有着更好的油耗表现。,[动力],2.0T的发动机搭配9AT的变速箱，这个动力组合还是比较的优秀的加速起步都比较的不错，而且加减速的情况下动力也非常的平顺，动力就和这款车的造型一样比较的运动一些，跑高速的时候动力也是足够的，完全可以应付各个路况的表现。,,,[操控],操控方面没有让我失望，非常的好开，而且非常的安全，加速的时候油门给的回应很快，随叫随到的那种，在就是刹车的反应，这款车本身就是有主动刹车的功能，遇见紧急情况可以说停就能够停下来，在就是方向盘的转向，方向盘的设计握在手里特别的轻盈，转弯的时候有电子助力非常的轻松，行车的时候也很多的行车辅助功能，让我驾驶起来更加的放心，非常的安全。,,,展开全部
"
    发表于  2020-11    

      
        
    
    
",今年8月份买的车，现在跑了4400多公里了啊，各方面表现还是比较满意的。首先的话就是对这款车的动力还是非常满意的啊，2.0T的发动机不管是在城市道路现实还是在跑高速的时候，都是动力十足的。搭配的9at的变速箱，所以它的这个动力输出平顺性还是非常好的。但是这个换挡的逻辑非常的清晰，升档比较快。其次的话就是对这款车的空间还是非常满意的。尺寸的话也是比较大的，因为这也算是中大型的SUV了吧，轴距应该是2米77这样子。所以的话它的乘坐空间不管是前排还是后排的都是非常的宽敞。还有的话就是这个车的内饰也是非常的不错的一方面表现在它的座椅的材质是翻毛的设计，感觉比真皮的看着更有档次一点。另一方面的话，内饰的用料也比较足，软包的材质比较多，而且没有什么味道。,https://image1.xcarimg.com/attachments/my/0/31/01/528_120.jpg,christopher8,新手上路,4.88,外观,5,内饰,5,空间,5,舒适,4,油耗,5,动力,操控,性价比,购入信息,爱车车型,https://newcar.xcar.com.cn/m55571/,2020款昂科威S652T 两驱豪华型 ,购入时间,2020/8/1,购车地点,安徽惠康汽车服务有限公司 [安徽省],裸车价格,23万  (厂商指导价 23.99万),当前油耗,11L/100km,购入用途,整体的内饰设计以黑色和棕色为主，颜色搭配感觉还是比较好看的。就像刚才前面说的一样，这个整体内饰的质感还是非常有档次的。,爱车评价,[最满意],[不满意],不满意的话就是。这款车上市没多久就买了，所以说优惠的幅度不是很大。现在据了解可能优惠的更多一点。不过新车上市嘛，应该都这样吧。还有一点的话，就是感觉这款车的噪音稍微有一点点，所以说这个坐在车里面开车的话，舒适性的体验稍微要差一点。再一点的话就是后排座椅中间的地板突起稍微有点高，其实可以做便宜点，这样的话坐在中间的乘客可能会更舒适一点吧。不过后面做满三个人的情况比较少啊，影响也不是很大。,[外观],外观方面怎么说呢，这个是仁者见仁智者见智的事情吧。老话说的好，萝卜青菜各有所爱。我只能说我比较喜欢这款车的外观设计，整体的设计风格应该属于这个年轻运动与这个稳重的相结合。开出去的话也是非常的有档次。上路的话回头率还是有的。,,,[空间],就像刚才前面说的一样，这款车的空间还是非常大的啊，也算是一个中型的SUV嘛，内部的空间，自己一家5口出行的话都是非常的方便。后排坐三个人，一点都不会拥挤。,[舒适],[油耗],说实话，这款车的噪音还是稍微有一点的。特别是跑到这个六七十码的时候。座椅舒适性：这款车的座椅是三毛材质的，嗯坐上去非常的舒服，软硬的话也刚好，而且背部的腰部支撑做的也是非常的完美，刚好贴合着背部的曲线靠着的话非常的舒服，开长途的话也不会觉着累。☆后座空调出风口：后台是有出风口的，这应该也算是汽车的标配吧。20多万的车，如果后排连出风口没有，那就简直是太另类了。,在网上看大家的油耗大概都在10个以下，但是自己的油耗基本上就在10和11个油之间吧。不知道是自己技术的问题，还是平时行驶道路的问题，但差别也不是很大。起码还是在自己心理承受范围之内吧，不算省油的，但也不算废油的。毕竟排量和车身的重量在这里嘛。,[动力],自己平时开车还算比较温柔的，所以对动力这块需求不是很多，反正觉得够用了。但2.0T的动力想低调都没办法。加速推背感：百公里加速的话，自己反正没算过，反正挺快的吧，毕竟2.0T的动力也不是盖的。稍微深一点油门的话，推背感还是有的。舒适/运动模式：正常都是在舒适模式下，平时动力也够用了，如果遇到个紧急超车的画，挂上S档，转速就噌噌的往上长深踩油门速度上来的很快。,[性价比],从前面几个方面的综合表现来看的话，这款车的各个方面表现还是算比较出色的，除了当时上市没多久买的价格优惠不多之外各方面感觉还是挺OK的。不管是这个家用代步的需求，还是商务接待的风格，都是能够满足我的要求。后期的话如果有更多的感受，到时候再来和大家分享吧，今天就先分享到这里了。,[操控],这款车开起来没毛病啊，多功能方向盘，行驶途中操控起来也是非常的方便，而且换挡的话也比较平顺。总的来说就是好看好看。自己买的算是这个中配吧，所以说该有的配置还是有的，比如说这个倒车影像啊，电子巡航啊。胎压显示也是有的。,,,展开全部
"
    发表于  2020-11    

      
        
    
    
",最满意的地方就是这款车时尚的外形，也比较保守，尾部的流线很具有楞角，设计挺时尚的，很潮流，很好看，细节丰富，足够抢眼，而且在整体层次干净清爽，让人感觉很不错。,https://image1.xcarimg.com/attachments/my/0/31/01/575_120.jpg,hzhdho6,新手上路,4.88,外观,5,内饰,5,空间,4,舒适,5,油耗,5,动力,操控,性价比,购入信息,爱车车型,https://newcar.xcar.com.cn/m55571/,2020款昂科威S652T 两驱豪华型 ,购入时间,2020/9/1,购车地点,湖南九城上通别克汽车销售服务有限公司 [湖南省],裸车价格,23.99万  (厂商指导价 23.99万),当前油耗,10L/100km,购入用途,外形很大气，配置很丰富，整体表现的很均匀，这款车的购买的时候优惠的挺满意的，我觉得性价比没得说，很值得。,爱车评价,[最满意],[不满意],车型虽然不小，但是就是空间不是宽敞的，后排座坐三个成年人有点紧张。,[外观],外形是我一眼就看上的，前脸很时尚吗，也比较保守，可以说是大气有档次类的。,[内饰],内饰搭配方面设计非常时尚，突显运动风格同时又夹杂着年轻感，真的是很高大上了。,[空间],空间整体还可以，唯独后排座坐三个成年人有点紧张。,[舒适],[油耗],舒适性很不错，这款车底盘扎实，开起来很稳。座椅的包裹性不错，长时间开车不会感觉特别累。,实测油耗有9-10个点。我觉得这个油耗在这个级别的车中是可以接受的，中规中矩。,[动力],动力完全是超出了我的预期，没想到动力这么好，加速又快又稳，真是太惊喜了。,,,[操控],操控方面我是满意的，主要是我感觉这款车开起来很稳，跑高速有安全感，高速时轻轻松松一百几十多，没有飘的感觉，操控没有什么问题，基本上就是指哪打哪。,,,
"
    发表于  2020-11    

      
        
    
    
",最喜欢这个车子的地方还得属它的颜值，不管是它的外观设计还是内饰风格都挺符合我们家的审美，外观是那种可以让我们一眼相中的颜值平时停在路边就属它最亮眼，而且它的内饰不仅设计感十足而且还有满满的科技感在充斥着我们的大脑，毕竟配置还是挺丰富的。,https://image1.xcarimg.com/attachments/my/0/31/01/551_120.jpg,neekh9,新手上路,4.88,外观,5,内饰,5,空间,4,舒适,5,油耗,5,动力,操控,性价比,购入信息,爱车车型,https://newcar.xcar.com.cn/m55571/,2020款昂科威S652T 两驱豪华型 ,购入时间,2020/10/1,购车地点,福州永达汽车销售服务有限公司 [福建省],裸车价格,23.99万  (厂商指导价 23.99万),当前油耗,9L/100km,购入用途,和这辆车子也相处了一段时间了说实话它还是得到了我们家人的宠爱，反正在我们家人的心里它就是最好的，在同级别的车子里性价比不说第一吧至少也是前列前茅的，毕竟它可是一个实力派呢不仅有颜使用起来也是蛮优秀的。,爱车评价,[最满意],[不满意],它再优秀也会有一些小瑕疵存在，其中让我们家感觉美中不足的地方就是它后排中间的那个凸起了吧，我们家正好五口人每次出行的时候我闺女都坐在那有点不舒服，希望以后可以改进一下这一点吧，幸好它的储物空间还是蛮丰富的用起来很方便。,[外观],喜欢它的整体外型感觉它的设计感还是很强的，尤其是它那流畅的腰线可以完美的把前脸儿和车尾连接在一起，给人一种活力十足的感觉，平时开着它出门都感觉自己年轻了好几岁毕竟车子外观那青春活力的气息无时无刻都在包围着我。,[内饰],一坐进去就可以感受到它那内饰满满的科技感在向我扑面而来，配置很齐全不仅看起来很上档次而且使用起来也是挺方便的，它的用料也很实在，不管是座椅方向盘还是中控台各个地方的材料都挺不错，连摸上去的质感就挺得劲。,[空间],这个车子的体型一看就不小它里面的空间表现也还说的过去，再加上本来就是中型的SUV它不仅乘坐空间很宽敞而且储物空间也是蛮丰富的平时用起来也挺方便，我们家里的人都坐上去正好满员坐着的空间试挺不错，但是感觉它后排中间那有个凸起每次我闺女坐在那都不得劲儿，就只有这一个不太理想的地方其他都还说的过去，车里有不少储物格平时放点孩子零食玩具也方便，后备箱的容纳能力也不容小觑平时孩子们的玩具车放进去也还会有空余。,[舒适],[油耗],它座椅设计的还是挺不错的和人体的身体构造有很大的关联，可以让我们在坐上去的时候把身体很好的包裹进去而且对于腰部也有很强劲的支撑性，每次开着它出门也会带来一个不错的驾驶行程，喜欢它的隔音能力对于我们家喜静的人来说很友好，平时大多数都是开着它走在市区里面有的时候会很吵但一关上窗户就可以把那些噪音完全隔离在外。,油耗对于我们来说也挺重要的毕竟关乎着我们一家子的生活质量，开了它也有一段时间了对于它现在的油耗还是可以接受的毕竟它还在我们当初的预算范围之内，本来它就是一个中型的SUV体型也不小再加上我那激烈的驾驶习惯它的油耗能到这个地步对于我们家还是挺友好的，毕竟省油就意味着可以给我们家省钱嘛，和我家上一辆车相比较而言一个月下来可以把我们家孩子的玩具钱省下来了。,[动力],它的动力还是挺充足的毕竟是2.0L涡轮增压发动机在这儿摆着呢，平时开着它出行我自己的心理上也可以得到很大的满足，因为我这个人开车就喜欢动力很强的车子可以带给我满满的刺激感，上次带着我们全家一起出去玩碰见一个特陡的山坡一加油门就轻轻松松的越过去了，而且它动力输出也是很强的在高速上轻轻一踩油门就可以飞驰在路上。,,,[操控],动力强劲了我就喜欢开的很猛但我不需要担心我的安全问题，毕竟它的操控带来的安全系数还是很高的，每次开它出行都有不少辅助功能在保障我们安全的同时还降低了操控它的难度，尤其是它那9TA的变速箱让我们在挂挡的时候可以轻松操控它，挂挡的时候一点儿也不费劲而且方向盘也是如此，平时在转向性精准的同时它那轻盈的方向盘也可以让我们很好打方向，这一点对于我力气很小的妻子来说很友好。,,,展开全部
"
    发表于  2020-11    

      
        
    
    
",对于他各个方面的一些表现上我也是挺认可的，其中最出色的表现肯定是空间上的，不看其他的体验，光从车的外形上就能感受到他空间的那种舒适和宽敞了，毕竟不管怎么说也是一款中型的SUV，在车里乘坐的体验也能随着空间上的充分表现而提升不少，像这样的车身长度和宽度来讲的话，空内部容量肯定是不会存在任何问题的，在保证了车内充分的空间的前提条件下，所给到后备箱的一个储物空间也是比较可观的。,https://image1.xcarimg.com/attachments/my/0/31/01/505_120.jpg,mlh_7920ct2,新手上路,4.88,外观,5,内饰,5,空间,5,舒适,5,油耗,5,动力,操控,性价比,购入信息,爱车车型,https://newcar.xcar.com.cn/m55571/,2020款昂科威S652T 两驱豪华型 ,购入时间,2020/10/1,购车地点,安徽惠康汽车服务有限公司 [安徽省],裸车价格,23.99万  (厂商指导价 23.99万),当前油耗,9L/100km,购入用途,最喜欢的就是车内前后排那种柔软的座椅了，坐上去以后感觉特别的舒服，身体能够得到很大程度上的放松，再加上有宽大空间的加成，那种体验简直是无与伦比的。,爱车评价,[最满意],[不满意],虽然说大的空间带来了更高的乘坐体验和更好的实用性，但与此同时也对操控方面带来了不小的挑战，一方面受制于体型的缘故，所以它本身的灵活性表现就要稍差一点，方向盘对于车辆的掌控程度并不是怎么高，而且多少是有一些沉重的手感，转动起来不会很柔和，因为他的重心离地面是偏高一点的，所以在做一些急转向的时候，侧向的支撑能力就要稍差一点，有相对明显的侧倾感。,[外观],我特别喜欢它外观方面那种给到我霸气的感觉，不管是进气栅格那一个区域的别样设计，还说整个车身分明的棱角，无一例外都是给我那种霸气侧漏的感受。这么帅气的车真的是美到了我心坎儿里。,[内饰],十英寸的中控屏幕完全能配得上那种宽大的内饰，而且便于操控，每项功能都特别好找，电子助力系统齐全又实用，我挺满意的。,[空间],作为一款中型SUV来讲的话，空间方面理所应当就是他的一个亮眼表现才对，他本身的体型是比较大一些的，所以车长和车宽都是比较冲动的那种，不用打开车门，光看外表就不会怀疑它的内在空间有什么问题，而且在保证车内充足的活动空间的前提条件下，甚至还能够留有很大一部分的储位空间，不得不提的是，在这种宽裕的空间条件下，随之带来的是舒适性体验上的提升，坐进去不管是前排还是后排，绝对不会带来任何紧凑压抑的感觉。,,[油耗],,要是说我买完车之后使用车的次数还真的是挺多的，不过也都只是在市内打转而已，真正的长途的驾驶还没怎么感受过，不过我对他这方面的表现也没有怀疑，还是信任他的，而且这种相对于远距离，通畅，高速的驾驶下，油耗肯定不会表现的比市区还要高的。,[动力],关于他发动机的配置是一台2.0排量的涡轮增压发动机，所以我认为它的动力表现应该是不差的，就算是这种中型的SUV也能够提供一个非常良好的输出感受，而且每个人对动力这方面的要求也不是很大虽然我喜欢suv的这种车型但我并不会用它来越野或者干一些别的单纯的就是喜欢他宽大的空间和舒适的出行感受，所以对动力这方面的要求反而是不怎么高的。,[性价比],其实一款车，它的性价比高低不在于别人对这款车的评判是什么，完全在于自己的一个使用体验和喜欢与否了，反正我是认为在这段时间的一个用车感悟当中，也逐渐加深了对它性能方面的了解，觉得这部分钱花的也挺值的，算是得到了相应的表现，不过有一点就是买车的时候确实优惠力度也不怎么大，所以在价格方面可能不是太过于实惠，车用来满足家用的需求，肯定是表现挺好的，性价比也很不错。,[操控],不管是什么样的设计，都会有它有利的一面和不利的一面，比如说这种大体型的车空间方面确实提升不少，而且还有一些其他的好处，但对于精准程度和操控性能方面就是一个比较大的考验了，带来的体验也会相对差一点，就比如说他的车辆灵活性表现就不是很好，在车流中不能做到随意的穿梭，而且周身存在的一些视野盲区也不是很好弥补的，方向盘转动起来偏沉重一点，手感不是太柔和，而且它的底盘离地面过高，所以侧面的稳定支撑性不是很好。,,,展开全部
"
    发表于  2020-11    

      
        
    
    
",就现在来看运动型轿车相对还是比较多的，但运动型SUV也确实不多，不过我觉得别克昂科威S就是其中最突出的一个，这台车子最吸引我的就是它的性能，2.0T的发动机真的是非常强的，同时也拥有着非常优秀的变速箱，这台9AT的变速箱现在是越来越聪明了，逻辑性非常强，而且换挡速度也非常快，可能比起双离合还是有一定差距，但在AT里面就已经是非常不错了，底盘也是非常运动的，整个车子完全就是从骨子里所散发出来的运动特质！上就是这台车子的三大件，所带给我的体验确实是相当不错的，而且这台车子的燃油经济性也是非常可以的，目前的平均油耗9.2，我认为这个油耗对于这台车来讲也就已经是很低了，车内的空间非常大，而且配置也是非常高的，实用性也确实没有问题，价格适中，对于别克来讲就是一个刚刚好的状态，总的来讲，我觉得这台车子也确实是非常优秀了。,https://image1.xcarimg.com/attachments/my/0/31/01/535_120.jpg,ensonboyqxy,新手上路,4.75,外观,5,内饰,4,空间,5,舒适,4,油耗,5,动力,操控,性价比,购入信息,爱车车型,https://newcar.xcar.com.cn/m55571/,2020款昂科威S652T 两驱豪华型 ,购入时间,2020/9/1,购车地点,德州红旭汽车销售服务有限公司 [山东省],裸车价格,23.9万  (厂商指导价 23.99万),当前油耗,9L/100km,购入用途,在同等级别对比下，昂科威S性价比是很高的，价位合适，配置也是很丰富的。,爱车评价,[最满意],[不满意],车内的噪音也真的是比较大的，所以说所带给我的乘坐舒适性体验也真的很一般，后排地板的凸起也确实是比较高的，总的来讲，我认为这台车子也就是在很大程度上牺牲了舒适性而换取更加运动的操控体验；还有就是车内的做工也真的是挺一般的，许多细节的处理做的确实不太好，上汽的品质控制还是有很大提升空间的，虽然说车内的用料还是很厚道的，而且配置也很高，但就因为这不太好的做工，对于整个内饰感受产生了很大影响。,[外观],昂科威S的外观可以说是从昂科威身上得到了一定的蜕变，这辆车看起来就像是个年轻小伙一样充满了活力，车身的线条都是非常凌厉的，大灯的灯组和中网的那个镀铬饰条是有一定互通性的，尤其是在大灯亮起来的那一瞬间特别明显，看起来也很帅。,[内饰],翻毛材质的座椅看起来确实要比皮质座椅更有质感，不过车内的异味问题确实让人有点无法接受，而且整个车内的做工也是比较敷衍的，尤其是很多显眼的接缝处看着一点都不精致，主要是我也比较在意这些，所以缺点在我眼里就会被无限放大，但归根结底还是车子本身做的有问题，所以说，我觉得这台车子在细节之处还是有非常大提升空间的。,[空间],2.77米的轴距长度和1.88米的车身宽度保证了车内的横纵向空间都是很大的，坐到我这车上就有一种特别豁亮而且不受任何限制的感觉，大空间的车子还是爽，而且车内的储物空间也是相当丰富的，虽然都不经常用，但偶尔放个随手拿的小物件就挺方便了。,[舒适],[油耗],车内的座椅确实是比较硬的，包括前排座椅坐上去也不会有特别明显的包裹感，反正我觉得真的是不太舒适的，还有就是后排中间地板凸起相对也是比较高的，无法容纳我42码的脚，哈哈，现在的噪音也比较大，同时底盘也一样很硬，可以说这台车子为了运动真的是很大程度上对舒适性做出了妥协。,对于昂科威S的油耗表现一直都挺让我满意的，这台2.0T的发动机不仅有着非常强劲的动力输出，而且也是很节油的，目前的平均油耗在9个左右，我平时的用车环境不算很固定，各种路况都会跑，总的来说，它的油耗水平一点都没有让我失望。,[动力],这辆车的动力表现还是相当出色的，它的动力输出比较线性一点，没有那种特别猛的感觉，同时也有着非常充沛的动力储备，随踩随有，一点都不拖沓，尤其是在高速上开车的时候充沛的动力储备让人觉得特别有自信。,[性价比],昂科威S的价格在同级别车型中本来就挺占优势的，毕竟也是一台中型SUV，价格确实不高，而且我们买车的时候还有相对比较大的优惠力度，再说这台车子也确实是非常符合我的心意了，可以说在这段时间的用车过程中也真的是给我带来了非同一般的用车体验，更多的还是惊喜，所以我认为我的这些钱就花的很值得！,[操控],9AT的手自一体变速箱在行驶过程中表现的特别“勤快”，因为变速箱升档确实是非常积极的，但是要放在运动模式下，这个变速箱又会非常积极的降档，也就是说油门稍微给的重一点，这个降噪反应就已经是非常积极了，当然动力肯定也就有着更强的输出了；一般来讲，我还是喜欢在标准模式下开，因为这样更好控制车子，同时这样也能更好的保证发动机的燃油经济性，可以说是一举两得了。,,,展开全部
"
    发表于  2020-11    

      
        
    
    
",最满意的就是会这款车的颜值，非常的大气时尚，而且运动感十足，非常的年轻有活力。,https://image1.xcarimg.com/attachments/my/0/31/01/556_120.jpg,babyzzaz3,新手上路,4.75,外观,5,内饰,5,空间,5,舒适,5,油耗,4,动力,操控,性价比,购入信息,爱车车型,https://newcar.xcar.com.cn/m55571/,2020款昂科威S652T 两驱豪华型 ,购入时间,2020/10/1,购车地点,山西必高上通汽车销售服务有限公司 [山西省],裸车价格,21.4万  (厂商指导价 23.99万),当前油耗,12L/100km,购入用途,动力方面起步稍微的有点慢，加速还是比较的块的，而且有很强的推背感，还有好几种的驾驶模式。,爱车评价,[最满意],[不满意],不满意的就是油耗，现在百公里的油耗12.1还是比较的高的，期待磨合之后的表现。,[外观],外观非常的吸引我，非常的时尚大气，而且整天的造型很有特点，运动感十足。,[内饰],内饰中控的设计很不错，支持手机互联映射，还有终身每年100G的免费流量。,[空间],中控电子按键的设计，大大的增加了中间的位置，车内的储物空间也是非常的优秀。,[舒适],[油耗],舒适性方面不错，座椅的包裹性很好，噪音方面的控制也非常的棒。,油耗目前新车不稳定，油耗还是比较的高的，期待磨合之后的油耗表现。,,,[性价比],整体的性价比非常的高，而且别克的口碑也不错，开出去很有面子的。,[操控],方向盘的转向很不错，刹车的比较的灵敏，而且该有的行车辅助配置全都有。,,,
"
    发表于  2020-10    

      
        
    
    
",很优秀的一台运动型SUV，因为定位是中型SUV，所以说在尺寸以及空间各方面就比较好一些。这台车子全系都标配的是一台2.0T的发动机，通用也可以把这台2.0T的发动机最大马力做到237匹，同时也拥有着最大350牛米的扭矩，其实对于这台车子来讲，我觉得就完全够用了，毕竟这台车子的车身重量也就1.66吨（轻量化做的很好），所以说整个车子跑起来还是很轻快的，包括油耗也不高，目前的平均油耗8.9，我认为是比较省油了。总之我觉得这个车子实际的表现还真的是挺出色的，各方面比我想象中的都要更好一些，从这个价格角度来衡量的话，因为买这台车也真的是很值得了。,https://image1.xcarimg.com/attachments/my/0/31/01/547_120.jpg,路易bgq,新手上路,4.75,外观,5,内饰,5,空间,5,舒适,4,油耗,5,动力,操控,性价比,购入信息,爱车车型,https://newcar.xcar.com.cn/m55571/,2020款昂科威S652T 两驱豪华型 ,购入时间,2020/9/1,购车地点,宁波江北欣元汽车贸易有限公司 [浙江省],裸车价格,23.78万  (厂商指导价 23.99万),当前油耗,9L/100km,购入用途,车子的外观大气时尚，特别的有质感，有一种自身自带的那种气质，让人看了真的是喜欢的不得了。,爱车评价,[最满意],[不满意],车身尺寸大，对于空间肯定是有着非常有利的影响的，但是对于操控的影响也比较大，首先灵活性就受到了很大的限制，尤其是在市区里面开车，感觉真的是有点麻烦，同时比较高的底盘也带来了比较高的重心，所以说车子的侧向支撑性也是比较差的，开起来的感觉并不是很好，完全没有轿车的那种稳定，但这也很正常。还有问题就是这台车子的舒适性也不怎么样，主要就是有个座椅有点硬，而且车内的噪音也比较大一些，所以说它所带给我的这个舒适性感受也并不是很好的。,[外观],昂科威S的车身虽说是比较庞大，但整台车子看起来确实一点都不笨重的，反而整体给人的感觉还特别霸气，尤其是从侧面看的话会感觉到整台车子特别有气势，完全满足了我对SUV车型的向往，其实我觉得别克昂科威S整个的外观设计看起来还是非常大气的，总之就是一种美系车的粗犷和豪华，我自己还是非常喜欢这种风格的。,[内饰],整个内饰看起来真的是比较上档次的，而且也完全有一种比较高级的感觉，10英寸的中控屏幕这样放置是特别容易操作的，而且我这车机系统的功能也是非常丰富的，操作起来反应特别流畅，整个系统也非常好用，总的来说它的内饰表现是很让我满意的。,[空间],车身尺寸挺大的，毕竟它也是一台中型SUV，车内前后排的乘坐空间都特别宽敞，而且它的车身长度和宽度分别达到了2.77米和1.88米，坐进去绝对没有任何紧迫的感觉，也不存在会出现顶头的情况；同时没有给后备箱的空间也确实是很大的，其实要我来看别克昂科威S完全就是一台大5座的SUV车型，带给我的空间感受确实挺不错的。,[舒适],[油耗],其实我觉得昂科威S的这个配置相对来讲还是比较高的，但车内座椅给我的乘坐感受确实不怎么好，全车座椅都比较硬，这样也就更别要求它能有多么好的包裹性了，而且塑料材质的方向盘手感也是很一般的，所以说整个舒适性体验所受到的影响还是比较大的。,自从买车以来我的用车频率都是比较高的，但大多都是市区的小短途，总的来说，这台2.0T的发动机还是挺节油的，目前我这车的平均油耗是在8~10L/100KM之间，这样的油耗水平我也是完全能够接受的。,[动力],毕竟用的是一台性能非常强的2.0T涡轮增压发动机，所以我认为它的动力表现还是相当不错的，开着昂科威S我也从来没有觉得动力不够用过，油门踩下去动力的响应也非常积极，可能每个人对于动力的要求不一样，所得出的结论也不一样，总之对于我来讲，我觉得它的动力就已经是很不错了。,[性价比],其实我觉得性价比完全就在于自己喜欢与否，当时在看了这台车之后，我真的是特别中意的，虽然说现在的优惠力度不大，但我觉得这些钱花的也值，所以当时也就没怎么犹豫，再说这辆车的实用性确实很强，作为家用和商用都是完全OK的，所以说在我看来它的性价比很高了。,[操控],其实从底盘结构上来讲，我觉得的就是没有问题，整个底盘非常的扎实，但昂科威S的底盘本来就比较高一点，这样的确会影响整台车的车身稳定性，我觉得在转弯或者掉头的时候坐到车内的侧倾感确实很明显，而且它的转向也没有我想象中的那么灵活，尤其是在市区掉头还是有一定困难的。,,,展开全部
"
    发表于  2020-10    

      
        
    
    
",我最满意昂科威S这款车子的动力，它的驱动特别的棒，超级强劲的动力上路了之后感觉非常的棒。,https://image1.xcarimg.com/attachments/my/0/31/01/527_120.jpg,mopinyanar9,新手上路,4.88,外观,5,内饰,5,空间,5,舒适,5,油耗,4,动力,操控,性价比,购入信息,爱车车型,https://newcar.xcar.com.cn/m55571/,2020款昂科威S652T 两驱豪华型 ,购入时间,2020/9/1,购车地点,苏州华正汽车销售服务有限公司 [江苏省],裸车价格,23.99万  (厂商指导价 23.99万),当前油耗,9L/100km,购入用途,操控感还是很好，上手了的感觉真的很不错，就我感觉车子的操控弥补了我特别多在驾驶上面的不足。,爱车评价,[最满意],[不满意],油耗真的让我特别的头疼，我真的太不满意它的油耗了，总体的一个油耗水平实在是太高了，它的那个油耗水平比一般的车子都要高。,[外观],就它的那个外观吧我也还能够认可，样式其实挺好看的，也挺时尚。,[内饰],车子的内饰还好，我感觉内饰里面的手感还是很好。,[空间],这个空间来说的话还是很给力的，就我自己平时用着的时候就感觉车子它的那个里面的空间真的挺大的，非常的宽敞非常好用，特别是车子的后备箱特别大。,[舒适],[油耗],关于它的舒适性还是挺好，车子它的座椅包裹性特别的棒，我坐着挺舒服的。,车子的油耗吧是一个我挺不满意的地方，它的那个油耗真的太高了，出去的时候就经常性考虑开车划不划算。,[动力],它的动力是我最满意的一点了，我感觉它的驱动超级棒，开着这款车子的时候就感觉它的那个起步特别的干脆。,[性价比],性价比还不错的，这个买的车喜欢了就是高性价比了肯定,,,,,
"
    发表于  2020-10    

      
        
    
    
",话说昂科威S这款车我最满意的主要有两个方面，分别是年轻时尚的外观和挺不错的性价比两个方面。,https://image1.xcarimg.com/attachments/my/0/31/01/511_120.jpg,竹心cy29,新手上路,4.75,外观,5,内饰,4,空间,5,舒适,4,油耗,5,动力,操控,性价比,购入信息,爱车车型,https://newcar.xcar.com.cn/m55571/,2020款昂科威S652T 两驱豪华型 ,购入时间,2020/9/1,购车地点,曲靖鸿通汽车销售服务有限公司 [云南省],裸车价格,23.99万  (厂商指导价 23.99万),当前油耗,8L/100km,购入用途,提车之后到目前为止跑的路程比较少一些，所以油耗还不是特别稳定，再过段时间来做评价吧。,爱车评价,[最满意],[不满意],没啥最不满意的啊，使用了这段时间，综合性能表现还行，就是新车的时候车内有点异味，其它就没啥不满意的了。,[外观],是我喜欢的类型，三十而已的年龄开这么一辆时尚大气的车子很有气质。,[内饰],内饰方面也没有什么可以挑剔的地方，从设计到做工都挺好，除了新车的异味问题。,[空间],4662mm的车身，五座的乘坐空间设计，完全能满足我们一家四口的使用。,[舒适],,乘坐很舒适，现在每天开着外出，接触的比较多一些，亲身感触很棒。,,[动力],我选的是豪华型，动力系统是2.0T的发动机9挡手自一体的变速箱，动力很充沛。,[性价比],选择昂科威S我觉得是我们家很正确的决定，综合性能不错，性价比高。,[操控],简单好开，个人感觉再操控行方面我是可以拿捏的很准确，能够轻松上手。,,,
"
    发表于  2020-10    

      
        
    
    
",人到中年是该任性一次了。我是一个典型的家庭妇女。回头想想，这十几年当中总是在生娃带娃辅导娃的过程中一直是这样。随着三个宝贝儿的出生，我的生活依旧是从原来的相夫教子，依旧是相夫教子。我们一家虽说不算太富裕，但是也是一直和睦恩爱，宝贝儿健康听话，老公对我也是疼爱有加。老公呢，在我们胶州当地经营着蔬菜批发的行业。一直以来忙忙碌碌维持生计，其实真的是维持生计。现在的生意并不是特别的好做。直到今年婆婆家拆迁，稍微的改善了一下我们的生活品质，让我们一下子有了除了物质方面的追求。我相信大多数的女人都不是特别懂车，我也不例外，只要车子有油，能开就行。换车也是也真的是我对老公说的一句无心的玩笑话，然而我那傻傻的老公竟然当真了，真的是骗着我去看了车，哈哈，我的傻老公虽然话不多，但是这么多年对我的要求真是有求必应，句句有回复。这也是我这么多年跟着他无怨无悔的基本。周围好多朋友也怂恿着我老公，钟哥，换车吧！，换车吧。一切天时地利人和，我们最终选择了别克昂科威s。当老公带我去看别克车的时候，我第一眼看好的就是摆在人家展厅当中的这款别克昂科威s。外观确实非常的好看，真的是符合我小女人的这个要求。老公看我喜欢这款车，,https://image1.xcarimg.com/attachments/my/0/31/01/521_120.jpg,lakels5,新手上路,5,外观,5,内饰,5,空间,5,舒适,5,油耗,5,动力,操控,性价比,购入信息,爱车车型,https://newcar.xcar.com.cn/m55571/,2020款昂科威S652T 两驱豪华型 ,购入时间,2020/9/1,购车地点,青岛成达汽车销售集团有限公司 [山东省],裸车价格,21.99万  (厂商指导价 23.99万),当前油耗,9L/100km,购入用途,动力方面真心话我没太大要求。这个车的动力没的说，我都感觉不是很敢踩油门。我老公也说，这个车的动力方面不错，比我们之前的车好很多。,爱车评价,[最满意],[不满意],不满意的地方目前暂时还没有发现，其实总体来说，我觉得这款车真的挺不错的，毕竟是我选择的，我自己喜欢就好。唯一要说不满意，就是车内有一点点异味，感觉像是皮子的味道，但是问题不大，我朋友们也说可能是新车的问题，可能过一段时间就会好啦。整体很满意哦。,[外观],这个车的外观是我很喜欢的，很大气。不管是侧面还是前面设计的都很好，整个车的大小也合适。没有笨重的感觉，我开起来还是很轻松的。再就是我很喜欢昂科威S的大灯，很时尚前卫。而且晚上打开车灯真的是很炫，很喜欢哦。,[内饰],这款车的内饰整体颜色搭配很好，很上档次。棕色的座椅颜色非常抢眼。就是一点不耐脏，哈哈。这个车子很智能，可以连接手机，还可以连接车子的网络上网，真是科技感十足。最关键的是昂科威S还用的按键档杆，科技感爆棚啊。真是大爱。我老公说开出去真是有面子，钱真是没有白花的。整个车内都显的很豪华，上档次，不管是按钮还是细节都做的很好。我觉着这个车真是没有选择错。,[空间],空间方面的话，我觉着还可以。我们家都是偏胖类型的。这款车的头部空间很好，不顶头，腿部的空间也不错，后排做三个人一点问题没有。有时拉着孩子们，他们三个人在后排都很宽敞。我老公有时开，也没觉着空间窄。后备箱还可以，没有我们家之前那个车大。不过也够用了。,[舒适],[油耗],这款车的整体舒适度还是不错的，车内才用了很多高科技的东西，好有很多到现在我也没研究明白。慢慢来吧，先一点点的学，很多还是孩子在车内乱按，我慢慢摸索学会的。还有一点，这个车的座椅颜色不是很耐脏，是那种翻毛皮的材质，孩子吃东西弄上，不是很好打扫。我家熊孩子在车上吃的到处是。,油耗不高，这个不是我关注的方面。我听朋友说过别克的车油耗高，目前还不是很明显，以后开开再看吧。,,,[性价比],我们这个车就是在当地的4S店买的，价格比较合适。当时买的时候也是讲了价，而且送了很多的礼品。后期保养也打算去店里，别克这个品牌，我周围的朋友也有不少开的，总体来说还是不错的，就是不知道后期这个车子保养贵不贵，哈哈。总而言之，老公送我的车车，我还是很开心的。希望大家和我一起开心开心哈。,[操控],操控方面我到不是太懂，只要能开就行，但是要说一点，这款车确实静音方面坐的很好，在车内很安静，启动起来车辆，几乎听不见声音。我听老公说这个车轮胎也很好，一条轮胎可以换他那个车四条，哈哈。再就是方向盘打起来也很轻松，非常的轻盈，很适合女士开。强烈推荐哈。,,,展开全部
"
    发表于  2020-10    

      
        
    
    
",外观动人，一眼相中，整车魁梧霸气，车身线条漂亮，肌肉感十足，妥妥美系范；车头造型，搭配led大灯，十分犀利；动力够大，油门一踩，说走就走，推背感十足,https://image1.xcarimg.com/attachments/my/0/31/01/563_120.jpg,守望者gjp7,新手上路,4.63,外观,5,内饰,4,空间,4,舒适,5,油耗,4,动力,操控,性价比,购入信息,爱车车型,https://newcar.xcar.com.cn/m55571/,2020款昂科威S652T 两驱豪华型 ,购入时间,2020/10/1,购车地点,上海协通鹏骋汽车销售服务有限公司 [上海市],裸车价格,21.49万  (厂商指导价 23.99万),当前油耗,13L/100km,购入用途,一见钟情，身材魁梧霸气，车身线条漂亮，纯纯的美系车的肌肉感；车头造型，搭配led大灯，犀利有神,爱车评价,[最满意],[不满意],就是因为动力够大，所以油耗太高了，上下班开这车，成本比原来那台旧车高好多；后排凸出来一块，中间如果要做人，时间久一点，可能就会比较难受,,,[内饰],新车还是稍有一些异味，最近开车都需要开窗通风。内饰做工用料，只能说是中规中矩，没有过多的装饰，感觉通用在内饰上，向来比较吝啬，反而是隔音做的还行，所以音响音效倒是不错；中控大屏也没啥特别的，我的要求也不高，够用，好用就可以了，行驶途中，有一个安静舒适的环境比什么都强现在车子屏幕都越做越大了，而通用的车屏始终没有多大的改变,[空间],车前排驾驶位置的空间还是不错的，我177身高，体型略胖，无论坐在主副驾位置上，都能调到一个很舒适的位置，头顶的空间也很富裕，就是后排凸出来的那一块地方，真的不太适合长途坐人，应该会比较辛苦，但如果只是一家三口，或者四人出游中间位置不坐人，那就会显得宽敞不少；后备箱够大，后排如果不坐人，还可以放倒，纯平的设计，不但空间更大了，甚至可以自驾去草原的时候，在车里摆一个充气床后备厢容积：刚提车不久，还没装太多东西。打算周末假期，带上老婆孩子，来个自驾游，到时候放帐篷，行李箱，收纳箱等等，我看也是不在话下,[舒适],[油耗],舒适性还不错，虽然后排空间有不满意的地方，但是两边坐着还是很舒适的，前排驾驶座，也可以根据自身情况，调到舒服的位置；噪音也得到了很好的处理，避震做的也不错，过一些坑洞的时候，也不会过分颠簸坐着是挺舒服的，但是这个内饰颜色，好像不耐脏,接近13个油，我还能说什么，业务员跟我说，新车油耗都会比较高，开一段时间会改善的。但愿如此，好在现在油价不算太贵,[动力],这个动力还有什么好说的，简直精力满满，开起来非常满意，一脚油门，说走就走，当然平时开车也没这么激进，城区开60左右，换挡时也感觉不到明显的顿挫感好马配好鞍，好车得配一个好的心脏--发动机，这车动力真的超乎我想象,[性价比],整的来说，20来万的车，选择余地有很多，但总的来说，对比了各种各样的品牌后，我还是选择这款，无非是他的外观，他的一个品牌背书，还有试驾时，感受到的动力反馈等等，几乎满足了我对一台suv的所有要求，店里也给我很好的价格和一个比较符合我自身情况的金融方案购车：置换补贴的力度蛮大的，但是考虑到旧车其实也开了没多久，所以没有做置换，旧车就给我们家老爷子开了，至于金融方案，虽然有免息贷款金融方案，但是首付比例，和月还压力有点大，所以选择了低息超长贷，反正业务员给我介绍说的8年16万公里的质保，至少在我还贷期间，不会担心有什么大的用车问题,[操控],之前开的是小轿车，这是我的第一台suv，但是万万没想到的是，原本我以为会比较笨重的车子，试驾开起来并非我想的那样，方向盘转向精准，过弯车身也十分稳定，刹车也能及时做出反应方向盘手握着特别舒服，转向也不吃力,,,展开全部
"
    发表于  2020-10    

      
        
    
    
",最满意车子的外观，大气圆滑漂亮，还有就是买这车完全是我自己的主意，也是我自己负担的，没找家里伸手，目前都还挺满意的，要是以后都没毛病就好了。,https://image1.xcarimg.com/attachments/my/0/31/01/558_120.jpg,rockjiajosx0,新手上路,4.75,外观,5,内饰,4,空间,5,舒适,4,油耗,5,动力,操控,性价比,购入信息,爱车车型,https://newcar.xcar.com.cn/m55571/,2020款昂科威S652T 两驱豪华型 ,购入时间,2020/8/1,购车地点,东莞市遂通汽车销售服务有限公司 [广东省],裸车价格,20.99万  (厂商指导价 23.99万),当前油耗,10L/100km,购入用途,喜欢就是物有所值，不喜欢再好都能贬的一文不值。个人觉得性价比还好吧，配置空间性能各方面都还可以，入手之后还没有后悔。,爱车评价,[最满意],[不满意],没有很严重的不满，只是觉得有些配置比如电动座椅，辅助功能可以做的更好一些。,[外观],外观我还挺喜欢的，摆在那里就很有气场，动起来的感觉就更别说了，不说每个人都喜欢，应该还是能符合大众喜好的。,[内饰],为什么给四星，不是我不喜欢，而是没有被妈妈宠爱有点遗憾，她说这个颜色搭的太丑了，我只能说眼光不一样，自己喜欢就好了，整体还是很不错的。,[空间],空间是实实在在的，前后位置都挺宽敞，后排有地台，不算太高，满载问题也不大，后备箱的空间也比较规整了，容量挺大的。,[舒适],[油耗],舒适性还行吧，减震隔音都还比较理想，座椅也挺舒服的，是翻毛皮材质的，主驾是电动调节，还能加热，就是二十多万的车，我这个配置的座椅没有通风还有记忆功能稍微有点说不过去。,有说费油的有说不费的，我也拿不准将近十个油的油耗算不算高，总体油耗表现还算满意，看后面降不降了。,[动力],舍得给油绝对杠杠的，抠抠搜搜再好的动力也开不出水平，动力感觉还是很不错的。,,,[操控],刚开始没开过SUV还有点开不惯，多来几把顺下来就好了，车身稳定扎实不飘，方向也精准，还有定速巡航、自动驻车、上坡辅助这些配置，感觉还不错。,,,展开全部
"
    发表于  2020-10    

      
        
    
    
",动力输出平稳强劲，即使是车上坐满了人或者是拉些比较重的物品，在满载负重的条件下我感觉它在爬坡时候的表现也没有很吃力，所以如果平时只是一家人坐的话，这款车的动力肯定都是很够用的。高低速换挡的时候也不卡顿不影响动力的平稳输出，这点做的还是深得我心的。,https://image1.xcarimg.com/attachments/my/0/31/01/572_120.jpg,2000yycduz9,新手上路,4.75,外观,5,内饰,5,空间,5,舒适,4,油耗,5,动力,操控,性价比,购入信息,爱车车型,https://newcar.xcar.com.cn/m55571/,2020款昂科威S652T 两驱豪华型 ,购入时间,2020/9/1,购车地点,长春腾跃汽车销售服务有限公司 [吉林省],裸车价格,22.96万  (厂商指导价 23.99万),当前油耗,11L/100km,购入用途,别克在内饰上算是比较厚道的了，内饰布局也方便操作，中控台的略微斜向驾驶座操作更便捷，音响音质也还行。,爱车评价,[最满意],[不满意],车的密闭性做的还算可以吧，但是隔音效果没有达到我的预期的效果，因为我是个急性子暴脾气一点耐心也没有的人，所以如果心情烦躁的时候还有各种嘈杂的声音吵吵我我就会容易闹心，短途还可以要是长途还跑高速本来就有点身心疲惫了，再加上我心情的不爽就有点影响开车的情绪了。不过在车内的音响音质还是蛮不错的，平时放上一些舒缓的音乐，音响的音质也还不错能减轻不少噪音呢，不仅放松了心情还有效阻断了噪音，真是一举两得呢。,[外观],外观大气真是一眼就心动了，所以我觉得眼缘还是很重要的，车头的大灯也是很酷酷的，晚上打开车灯那种迎面而来的强大气场，分分钟秒掉周围呢一切，车身属于比较温顺的而灯光霸气，带有一种软硬结合的特点，整体看起来就很有感觉很高级。,[内饰],"坐进车里首先看到的吸引眼球的就是车内的中控平台了，一改以前传统的按键模式，看起来没有那么复杂眼花缭乱了，使用起来也方便了不少，它主要集中在一块屏幕上面，用起来十分的简单便捷。屏幕设计简约,虽然简约但却不失优雅有一股小清新的风范，清洁起来也很轻松不繁琐，确实很能配的上这台车该有的品质，没有感到很平庸反而是充满了满满的科技感。",[空间],空间真的大到没办法形容了，不管是前排还是后排的乘坐空间设计的都非常合理，座椅基本上完全放倒也是没问题的，坐在后排还可以轻松翘起二郎腿跟前排还能有一大截的距离呢，坐在主驾驶位头顶上方还有很大的空间，腿部也是可以轻松伸展开来。车内还有很多储物盒子用来放一些细碎物品在合适不过了，再也不怕我自己打马虎找东西找不到了。,[舒适],[油耗],舒适性我感觉还是很适合我自己的，车内的座椅柔软舒适，不是那种太软的坐久了屁股会不舒服，算是恰到好处的那种了，对经常长途开车的人来说是很友好的，车的密闭性也是很强的，在高速上极速行驶也没有什么很大的风噪胎噪。,油耗还是很经济很实用的，自从有了它我感觉我去加油站的次数都少了，我平时开车也是属于比较温和的，加上它本身就不是很费油所以能给我省下来不少钱呢，省下来的钱多用来改善改善生活质量也是非常不错的。这台车的油耗如果平时走高速多的话还可以更低。,[动力],动力还是很满意，这车让我看到第一眼的时候我觉得它的车身一看就感觉应该是很重的那种，但是在实际开的时候并没有感觉到动力不足的问题，一般都是给油门儿就立马带你分分中飞出去的，可以明显感觉到强劲的推背感，模式切换也很顺畅没有延时，动力配合输出的也是非常强的，还没有顿挫感，舒适模式下油门响应属于温和型，加速也是慢慢上来的，不会说是突然一下就释放出来，让人措手不及。,[性价比],"性价比更不用说了，花这点钱能买自己喜欢的车而且自带配置这么高的车子，中控智能大屏,超大的空间经济又实用，真的是非常划算了，而且这款车的颜值又这么高，开出去也是满满的自信倍儿有面子，低调奢华有内涵，既好看又实用。保值率也还不错，后期车的保养费，维修费也都在自己的预算之内，总体来说我觉得买到它真的是物有所值。",[操控],这车是台算是挺好操控的车了，方向盘很合适，不会太过沉重或者太过于轻盈，转向也很好打，在灵活性上也是表现的恰到好处，驾驶位的视野十分开阔，转向基本可以说是没有虚位，很精准，转向的半径也很小，在极速行驶的情况下也基本上不会出现车身侧倾得情况，开着也是很让人安心的。,,,展开全部
"
    发表于  2020-10    

      
        
    
    
",一是动力强劲，配合9AT变速箱，只要舍得给油，起步超车那是随叫随到！二是完美的主动降噪静音效果，升起车窗玻璃整个世界都安静了，再配上卓越的音响效果，开车就是享受！三是完美的舒适性，我不明白论坛里有人说这车悬挂硬，但我觉得悬挂调教得真心舒适，过路上减速带基本无感（不是路障那种减速带，二是快速通道上那白色的减速带。因为我前款车是卡罗拉，过那种减速带声音及振动很明显，但昂克威S基本没有感觉）！,https://image1.xcarimg.com/attachments/my/0/31/01/507_120.jpg,haxbmc0,新手上路,4.88,外观,5,内饰,5,空间,4,舒适,5,油耗,5,动力,操控,性价比,购入信息,爱车车型,https://newcar.xcar.com.cn/m55571/,2020款昂科威S652T 两驱豪华型 ,购入时间,2020/10/1,购车地点,株洲市兰天天元汽车销售有限公司 [湖南省],裸车价格,20.99万  (厂商指导价 23.99万),当前油耗,8L/100km,购入用途,后排空间，后排空间确实不如昂科威，尤其是中间一块凸起！后备箱比昂克威小，但日常家用基本够了。,爱车评价,[最满意],[不满意],后排空间，后排空间确实不如昂科威，尤其是中间一块凸起，很是不喜欢，但终归瑕不掩瑜[嘻嘻][嘻嘻]。,[外观],车灯是我最喜欢的，前后行车灯都是线性LED灯，美感十足，基本上开出去我都要点亮行车灯。肌肉感十足的引擎盖、饱满的腰线敦圆的屁股是我最喜欢的。,[内饰],别克的内饰一直不是很吝啬，不想某些合资车，内饰LOW的惨不忍睹。皮质座椅，色调搭配豪华感十足！不过皮质没有昂克威摸起来舒服！,,,[舒适],[油耗],主驾驶座椅电动调节，包裹材质是翻毛皮的，包裹很好，开着不累。噪音控制非常好，前排双层隔音玻璃配上别克车引以为傲的主动降噪技术，胎噪风噪很小，关起窗，世界顿时安静！,油耗，这是大家最关心的。虽然是2.0T，但配备有可变缸技术，应该油耗不会很大。我在滁州加了54升95号汽油，320元，目前开了500多公里，显示还可以跑200多公里，目前油耗感觉很满意，因为有300公里的高速，不一定符合日常用车实际，待后期日常使用后追评。,[动力],起步迅速，因为新车，我不敢给油，基本发动机转速控制在2000以下，但起步都很快！行驶中超车也是很轻松，油门踩下，速度马上上来，响应非常及时！,[性价比],裸车现金优惠3万，很不错的，值得入手！相信我，买后不会后悔！,[操控],方向盘很轻，配备车道保持系统（高速上很实用）、碰撞预警系统（基本无感）、泊车辅助系统（还不会用），方向很精准。倒车影像很清晰，画面很细腻，惊喜的是，还有流媒体后视镜，这个我很喜欢，其他的还有后视镜侧方来车预警、防炫目、锁车自动折叠很会喜欢！,,,展开全部
"
    发表于  2020-10    

      
        
    
    
",最满意就是它的外形比现款的昂科威更加运动，加上配合这个矩阵式的LED大灯显得格外之豪华，其次就是很喜欢他的后排空间，他的轴距比昂科威还要长，后排的空间，大了，乘坐的舒适，体验感更加之好，包括座椅的舒适度，填充物也做得很好！支撑性，也显得非常舒服，很适合平时一家人去旅游出去玩，长途旅游。而且这款昂科威S的配置真的是很高，全系都是有主动降噪，并线辅助，而且隔音效果真的是非常得好，还带有这个后排的隐私玻璃是很贴近女性化的感受。而且他给我的动力的感觉还是蛮不错的，低速的时候，起步真的是是很爽。,https://image1.xcarimg.com/attachments/my/0/31/01/554_120.jpg,hardpt,新手上路,4.75,外观,5,内饰,5,空间,5,舒适,5,油耗,4,动力,操控,性价比,购入信息,爱车车型,https://newcar.xcar.com.cn/m55571/,2020款昂科威S652T 两驱豪华型 ,购入时间,2020/9/1,购车地点,肇庆美轮汽车贸易有限公司 [广东省],裸车价格,21.5万  (厂商指导价 23.99万),当前油耗,10L/100km,购入用途,这个价位来说，这样的配置和底盘驾驶乐趣，性价比还是蛮高的，但对比其他合资品牌的SUV价钱也不算是太优惠，不过现在厂家这边还有置换补贴，还可以弥补一点的预算。,爱车评价,[最满意],[不满意],最不满意的就是它的设计，我觉得真的是很有问题，中空的设计都是环绕着主驾驶位为中心。中控屏幕设计以驾驶者倾斜18服，但是难道副驾驶就不是人吗？整个副驾驶位的空间是比较窄，而且也是看不到中控屏幕的任何信息，第二就是它的油耗。虽然说是搭配的可变缸，但是总体油耗还是偏高的。另外的就是优惠的幅度还不够大可能是新车的原因吧，现在的优惠政策还没有其他款的别克，车型优惠大。,[外观],外观非常之运动时尚，加上犀利的眼睛搭配起来，还是挺炫酷的，我就是不喜欢现款的昂科威给人的感觉太过商务化而这款昂科威S给你感觉圆润之余带有时尚！,[内饰],内饰科技感满满的，但是我这个配置也是没有全液晶的仪表盘，感觉太抠门了，但我个人还是喜欢带有一点红色木纹的中控设计，而它是没有这种设计。,[空间],空间是做得挺好的，后排空间大，包括开门的幅度也是好大，挺方便老年人上下车，后排的轴距比昂科威长，后排显得更加舒服！,[舒适],[油耗],舒适度还是可以的座椅的填充物做得不错，支撑性也很好，不过座椅的尺寸，我觉得还是偏短，特别是后排做得有点不舒服。,油耗综合实测来算，大概要10L对比同等的SUV这个油耗还是偏高的，虽然说是有可变缸，但是我觉得也差不多，毕竟他还是有一个称号，油老虎！,[动力],动力是不错的，全是2.0T的排量+9AT的变速箱还搭载了可变缸的技术，这套黄金动力组合，真的是爽的不要不要了，起步的时候动力还是挺足的。推背感十足，在直线，加速的时候能感受到强烈的推背感。,,,[操控],操控觉得还是挺轻盈的，打弯的幅度也不算是太大，很适合我老婆的短手党。底盘的扎实使这台车更加沉稳，而且悬挂做得很好，无论是驾驶证还是乘坐者的感受体验是很好的。但是在起步的时候会感觉到明显的顿挫感或许是我开始不习惯，用按键是排档的情况罢了。,,,展开全部
"
    发表于  2020-10    

      
        
    
    
",车子外观时尚霸气，空间大，舒适性能良好。,https://image1.xcarimg.com/attachments/my/0/31/01/526_120.jpg,thehw46,新手上路,4.88,外观,5,内饰,5,空间,5,舒适,5,油耗,4,动力,操控,性价比,购入信息,爱车车型,https://newcar.xcar.com.cn/m55571/,2020款昂科威S652T 两驱豪华型 ,购入时间,2020/9/1,购车地点,江苏天泓江北汽车服务有限公司 [江苏省],裸车价格,24万  (厂商指导价 23.99万),当前油耗,9L/100km,购入用途,在同等级别对比下，昂科威S性价比是很高的，价位合适，配置也是很丰富的。,爱车评价,[最满意],[不满意],暂时没有发现。可能就是大车有电耗油，既然选择大车就接受。,[外观],LED灯很漂亮，很大气的那种，而且流线型的设计很时尚很年轻。,[内饰],内饰的用料很用心，很高档，做工精细。外观与内饰的颜色也是搭配的很高档。,[空间],后备箱空间大。平时出去烧烤放个烤架也是没有问题的。,[舒适],[油耗],行驶过程中遇见颠簸也是很平稳，带娃出门在车上休息的时候也不会那么晃。,大车型的通病，但是没有市场上说的那么耗油，就是正常的油耗。,[动力],动力是很足的，去郊区上山很快，没有顿搓感。,,,[操控],操控性能很友好，没有以前老式的难操控，女性操控也是没问题的。,,,
"
    发表于  2020-09    

      
        
    
    
",选择昂科威S最满意的地方肯定是外观颜值了，颜值真的是特别的高，从侧面看上去这款车子也是比较流畅，车身的线条也是挺不错的，而且前脸的设计我也是比较的喜欢，十分的独特，辨识度也挺高的，平时开出去感觉挺有面子的，而且这款车子的动力也是十分的不错，动力储备非常充足，现在基本上每天都会开，真的是特别的方便，平时上下班时用的时候真的没有啥问题，特别的方便，起步很快，而且加速给我的推背感也是十分的舒适，超车也不在话下。,https://image1.xcarimg.com/attachments/my/0/31/01/566_120.jpg,johnleecdw9,新手上路,4.63,外观,5,内饰,4,空间,4,舒适,5,油耗,4,动力,操控,性价比,购入信息,爱车车型,https://newcar.xcar.com.cn/m55571/,2020款昂科威S652T 两驱豪华型 ,购入时间,2020/8/1,购车地点,临清鑫达汽车销售服务有限公司 [山东省],裸车价格,23.99万  (厂商指导价 23.99万),当前油耗,9L/100km,购入用途,性价比，感觉真的是很不错，这个价位能够买到一款各方面都很均衡的车子，我感觉真的是很值得，而且这款车的配置也是挺高的，平时使用起来也是特别的方面，再加上后期的维修保养费用也不高，感觉还是挺棒的。,爱车评价,[最满意],[不满意],最不满意的地方就是油耗，有一些高，也主要看行驶路段，平时在市区里开的话经常堵车会高一点，但是上高速的话会比平均值低一些，还有就是开空调的话也会升高一些。,[外观],这款车的外观设计我是特别的喜欢，比较的大气，十分的年轻时尚，侧身的腰线特别的好看，给我的感觉也是十分的舒服，我特别喜欢他的前脸设计，特别适合我们这种年轻人来开，真的是很不错，一家人都特别喜欢我这款车子。车灯设计：前后车灯的造型我感觉真的是特别的不错，挺别致的，晚上开的时候亮度也是十分的高。,[内饰],刚提车那一会儿有一些异味，闻起来还是挺刺鼻的，不是很舒服，整体的内饰风格我还是挺喜欢的，不管是做工还是材料做的都是很不错，而且整体的风格是属于那种简洁大方的，用起来也是十分的舒服，中控区感觉也是挺不错的，用起来也比较方便。,[空间],后排中间的凸起有一些高坐三个人的话，中间那个人的腿部不是很舒服，我1米74的身高，前排调整好坐姿后，开车的时候还是挺舒服的，视野很宽阔，头部和腿部的空间也很大。后备厢容积：后备箱的容积真的是挺大的，前段时间回了一趟老家，老妈给我放了不少的东西，真的是特别的高兴。车内储物能力：一些小的储物空间设计还是挺不错的，平时放个水杯，放个手机，随手一放就能放得下，真的是特别的方便。,[舒适],[油耗],舒适性是我比较满意的地方，尤其是它的座椅坐上去真的是特别的舒服，调整好一个很好的角度，长时间的开车也不会感觉到特别的劳累，而且这款车子的隔音降噪我感觉做的真的是特别的不错，平时高速行驶的时候，也不会感觉到太大的噪音，还是挺安静的，乘车体验特别的好。悬架减震舒适性：悬架减震做的还是挺不错的，平时在市区开，路过一些减速带或者是过一些烂路，也不感觉到明显的颠簸，整个车身还是挺稳重的。空调：夏天在户外待了那么长，特别的热，坐在车上开一会空调温度瞬间就降下来了，真的是特别的舒服。,油耗说实话，稍微有一些费油，平时主要是在市区里开，感觉还是挺不省油的，如果上高速的话会比的低不少。,[动力],这款车子的动力说实话，真的让我特别的满意，2.0t的涡轮增压发动机真的特别的猛，起步和加速都非常的稳定，提速的时候推背感也是十分的舒服，作为家用完全是绰绰有余了，上高速也是很不错的，只要舍得踩油门，动力源源不断的输出。,,,[操控],这款车的操控还是挺不错的，方向盘比较轻，转向也很灵敏，行驶过程中也是十分的稳定，安全性能也做的很不错，而且这款车子在转弯的时候也是比较的稳重，不会有发飘的感觉，开起来也是给我满满的安全感。刹车表现：刹车的表现还是挺不错的，稍微一踩就有很明显的反馈，安全性做的很好。,,,展开全部
"
    发表于  2020-09    

      
        
    
    
",最喜欢昂科威S的外观，和同期的老款比较，更显年轻和动感，没有昂科威那种老气笨笨的感觉，新款能够让人眼前一亮，一眼看到就觉得这个车很有运动感，前脸给人的冲击力也很强！配合LED大灯，整体造型很新颖，一眼就能被吸引住，外观设计满分。,https://image1.xcarimg.com/attachments/my/0/31/01/530_120.jpg,DAMOl4,新手上路,4.75,外观,5,内饰,5,空间,5,舒适,4,油耗,5,动力,操控,性价比,购入信息,爱车车型,https://newcar.xcar.com.cn/m55571/,2020款昂科威S652T 两驱豪华型 ,购入时间,2020/8/1,购车地点,濮阳众通高新汽车服务有限公司 [河南省],裸车价格,21.3万  (厂商指导价 23.99万),当前油耗,8L/100km,购入用途,性价比总得来说还可以，送了两次保养，这样只需要等到第三次保养的时候才需要自费，到时间也应该行驶到一万五千多公里了，还算可以。,爱车评价,[最满意],[不满意],开了一个多月，目前比较不满意的有两点，一是整个车头设计比较高，座椅调节太低的话，车头前方会被遮挡住，看不见前面的路，有点挡视线；二是后排座椅，不够舒适，1、整个座椅角度比较奇怪，总觉得角度有点直，怎么靠都觉得有点难受，2、后排座椅的宽度不够，乘坐舒适感打了折扣，宽度不够，角度偏直，加上座椅还有点偏硬，后排座椅的整舒适度就下降了，这点买车的时候并没有注意到。,[外观],我还是比较喜欢这个车的外观的，年轻化，前脸给人有冲击的感觉，一看就像个运动风格的车辆，很飒！,[内饰],整个中控台的设计都是偏向主驾位置的，这个开车的时候要操作车内一些设置也是又安全又方便。多媒体连接可以支持苹果和安卓两种手机，还自带地图导航，比较人性化。,[空间],空间感还可以，主驾空间很宽敞，座椅的包裹性很强，开车的时候很舒服。二排空间也还可以，坐过我车的人都说还不错，满载也不觉得拥挤。后备厢目前没放过太多东西，看着容积也可以，长途旅行放点大物件应该不成问题。,[舒适],[油耗],前排座椅的舒适性非常不错，使用的轮胎传回车内的噪音也毕竟低，车内还算安静。主要还是要说二排座椅，这个价格，二排座椅设计成这样，真的不应该，要是做成跟第一排座椅一样的舒适度就完美了。,目前跑的一个综合油耗基本在8个多油，现在是偏高一些，毕竟还算新车，再多跑跑应该还能降一些。,[动力],2.0T的动力按理来说不应该弱，目前大部分车型如果搭载的是2.0T的发动机应该都是一个大动力的车辆了，但这个车让我感觉不到是2.0T的车型，原因就是起步的时候，有点延迟性，动力总感觉卡在那里，低速的时候感觉不到开大动力车时的快感，这是一个缺点，好像也是别克车的一个通病吧，但是速度一旦上来，在高速行驶时，动力就还可以了，开起来很轻松，不会有特别费劲的情况。,,,[操控],操控感还可以，中配配置的辅助系统也比较多，开起来还是挺轻松的，刹车软硬适中，跟我前一个车差不多，很快就能适应，底盘给人的感觉挺扎实的，过一些烂路，车内的感觉很小，乘坐比较舒服。,,,展开全部
"
    发表于  2020-09    

      
        
    
    
",最满意的地方就是外观了，终于买到一款自己特别相中的车子，空间大底盘高的SUV，从最前面看真是霸气极了，关键开着这车比家用轿车要舒服啊，因为底盘高的原因所以视野也比较好，尤其把车门打开在正前方看真的有大鹏展翅的感觉，威猛霸气，真是美观。,https://image1.xcarimg.com/attachments/my/0/31/01/567_120.jpg,km1999lbjlo6,新手上路,4.88,外观,5,内饰,5,空间,5,舒适,4,油耗,5,动力,操控,性价比,购入信息,爱车车型,https://newcar.xcar.com.cn/m55571/,2020款昂科威S652T 两驱豪华型 ,购入时间,2020/9/1,购车地点,湖北三环汇海汽车销售服务有限公司 [湖北省],裸车价格,23.99万  (厂商指导价 23.99万),当前油耗,9L/100km,购入用途,看车也看了一段时间，别克昂科威S这款车价格合适，配置高，我觉得性价比很高了。,爱车评价,[最满意],[不满意],一般在大路很平路的道路上开着是真舒服，但是当经过大坑小坑的时候就感觉减震效果比较小，没有及时的缓冲力，感觉悬架方面比较硬。,[外观],真的感觉这款车的颜值和家用小轿车比起来更大气派，既有轿车没有的空间感，还能兼顾外形的美观，真是良心之作。,[内饰],内饰可以，座椅的材质挺好，感觉很透气不潮湿，中控室很设计规整。,[空间],因为自己做点小买卖，对后备箱的空间比较有要求，因为经常出门采购东西，自从买车后连采购都变成很轻松的工作，再也不用担心东西放不下的问题。车内乘坐空间还算可以吧，后排空间也不算小。,[舒适],[油耗],舒适性感觉可能悬架方面比较硬，尤其过学校门口设置的减速带，凸起还不算很高就感觉车子有很大的震动感。,刚开始开的时候油耗值显示比较高，现在开了这么长时间了，公里数也上来了，油耗就降下来不少，再多跑跑希望能再降些吧。,[动力],这款车买来后，开着感觉动力相当充沛，我感觉都没完全利用起来，因为都是在城市生活，骑个电动车都跑不起来的路开车也是寸步难行，但路况比较好时动力表现的也比较惊喜，自然吸气的发动机我自己感觉还是很惊喜的，简直后劲很足。,,,[操控],我比较喜欢开这款车，就是因为方向盘真的很好用，先说力度的问题，平时在市区开车方向盘用着丝毫不费力，转弯也是很准确，记得之前开别人的车开的时间不长感觉手腕子超不舒服。,,,展开全部
"
    发表于  2020-09    

      
        
    
    
",最满意它的隔音效果，驾驶的过程中根本听不到外界的声音，这很让我吃惊。之前也开过美国的车子，但隔音和昂科威S比起来效果差太多了，当时买车的时候听销售顾问介绍好像是什么平台打造的，具体当时也没太在意,https://image1.xcarimg.com/attachments/my/0/31/01/580_120.jpg,GLl9,新手上路,4.63,外观,4,内饰,5,空间,5,舒适,5,油耗,4,动力,操控,性价比,购入信息,爱车车型,https://newcar.xcar.com.cn/m55571/,2020款昂科威S652T 两驱豪华型 ,购入时间,2020/9/1,购车地点,宁波江北欣元汽车贸易有限公司 [浙江省],裸车价格,20.99万  (厂商指导价 23.99万),当前油耗,10L/100km,购入用途,性价比在我决定买这个车的时候我就没敢想了，毕竟通用的车子这个保值率我是不敢恭维的，只是觉得花同样的钱昂科威S的配置和做工用料比其他车高处不少，反正这个车我是不打算卖的，先开个十年在说吧,爱车评价,[最满意],[不满意],最不满意的就是后排凸起，后排空间对于我们家来说倒是够用了，但是凸起就要真的太影响乘坐心情了，还有后备箱太高了，平时媳妇放个东西比较忙麻烦,[外观],运动风格的车子，外观的时尚性不错的，很合适有没有我们家用，大灯这些还能够接受,[内饰],美国车的内饰完全不用我多说，这个做工用料是大众那些比不了的，也是有我选择这个车最主要的原因了，哈哈,[空间],空间对于我们家来说是足够用的的，后排坐起来不会玩显的拥挤，车内斗地主小储物空间也可以，可以放好多小东西，很方便,[舒适],[油耗],前排座椅的舒适度比较好，前排座椅只吃了加热，冬天提前打开加热，真的不错，可惜我买的配置不带通风，不然就真的完美了,油耗还能接受，都说美国车油耗高。我现在还没具体的感受，大部分跑的都是高速，市区才跑了不到100公里，感觉也没有想象中那种很高不能接受的,[动力],动力方面这个车还是很能够给我信心的，虽然没有很强的推背感，但加速的平顺性太完美了，家里面的老人坐在上面都不会像之前晕车，8秒左右的提速我觉得完全够了，毕竟平时开车的时候我不是属于很暴躁那种,,,[操控],方向盘不算很轻，但还能够接受。刹车的灵敏度不错，这种软硬的刹车跟我喜欢,,,展开全部
"
    发表于  2020-09    

      
        
    
    
",我最满意昂科威s的外观造型，它的后尾部分很宽大，车身很低矮，在视觉上显得非常稳健，腿部造型也很动感，比较年轻化，这个车子就是有他自己做的很到的地方的，还有就是觉得这个车子不管他是在价格定位上，还是从我当时从店内试驾的一个手感上来说都挺不错的，那当时去上手开的时候，还是有一点忐忑的，但是这个上手的时候，开完之后感觉手感还有力道各方面都比较合适，也是觉得难能遇到一辆自己开起来手感还不错的车，然后价格也合适，动力也充足，所以当时就对他留有的印象很深刻，在后续的用车过程当中这一点也让我非常满意。,https://image1.xcarimg.com/attachments/my/0/31/01/513_120.jpg,笨ox03,新手上路,4.75,外观,5,内饰,5,空间,5,舒适,4,油耗,4,动力,操控,性价比,购入信息,爱车车型,https://newcar.xcar.com.cn/m55571/,2020款昂科威S652T 两驱豪华型 ,购入时间,2020/8/1,购车地点,青岛成达汽车销售集团有限公司 [山东省],裸车价格,23.99万  (厂商指导价 23.99万),当前油耗,8L/100km,购入用途,性价比我觉得也挺不错的，使用起来品质这个方面表现的也不错，所以我觉得让人省心的车就是好的车。,爱车评价,[最满意],[不满意],最不满意这个车子的地方，我觉得这个车子他的隔音效果这一方面是给我使用感受上特别不喜欢的，在上高速路行驶的时候，这个车子的隔音确实比我想象中要差一些，所以在车里的一个承坐和开车的感受就不怎么好，而且我的工作原因也是会出差，而且家里面有老人和小孩子，这样就不管是工作出差还是出门旅行，感觉在需要上高速的时候都会有一个不那么舒服的体验的感觉，所以这一点上我还是挺不喜欢，然后也挺不满意的。,[外观],昂科威S新上市，我觉得比昂科威好看很多，车头比较长，后尾比较短，实车看起来非常的魁梧，外观也是我最满意的地方，开在路上很动感，回头率很高。,[内饰],昂科威s的内饰偏向于现代简约感，方向盘造型上我觉得比昂科威好看，中控台下方有手机无线充电功能，还是非常实用的。,[空间],空间上我觉得从我们这里家庭的一个使用情况来说还可以，因为我们家平时出行是一家三口，但是因为他是居家用车，满载的情况也是比较的，偶尔周末的时候也是跟爸妈一起出门旅行，这一方面在空间的使用上就感受的比较方方面面。所以对于空间上整体的表现上还是比较满意的，不管是孩子还是老人，对于乘坐空间这一方面的反馈意见都还是觉得很大，然后很宽松，乘坐上也有一定的宽敞距离，觉得坐着还是挺好的。,[舒适],[油耗],舒适性的感受上主要是这个车子的隔音效果不是特别好，所以周末跟家人出门的时候感觉车外的风噪这些问题也挺影响这个乘车和使用的感受的，尤其是高速的时候，驾驶人也容易困，所以这点感觉挺不舒服的，其他方面其实对于舒适性上的满意程度还是比较高的，因为这个车子的空调制冷速度特别快，就去是在现在的一个天气的情况下，感觉对于这一方面非常的满意，所以他也是有做的很到位的地方。,油耗上整体的表现也不错，目前来看这个油耗的话他也不是很高，从使用到现在就这些方面来看他确实表现的也很稳定，而且也没有忽高忽低的现象，所以不管是在市区内走，在家用这些方面我感觉油耗都比我想象中的还要低，油耗确实比我预期中的还要很满意的地方。,[动力],2.0t的涡轮增压发动机在动力上非常强劲，平时在家里面开我觉得这个储备的动力还是相当充足的，所以在这个日常上下班的途中觉得都还是处于一个相对来说比较溢出的状态，所以在这个家用方面动力上肯定是比较充足的，想要超车想要提速也都是可以很轻松做到的，平时周末的时候上高速感觉这个动力方面，虽然说他提速的效果并不是特别的快，但是我觉得这个效果在我预想中也是很不错的了，能达到我心目中的一个要求。不过起步方便还是稍微的有些肉感。,,,[操控],智能系统上不错，语音识别能力很好，接入百度生态圈后联网功能也非常丰富，操控上的手感几乎也是没有什么硬性方面的问题，因为上手的时候我感觉还是比较容易开的，方向盘我觉得也挺好转的，所以稍微熟悉一下子就可以开着去上下班了，包括这个油门刹车踩起来的一个感觉上我觉得也挺合适的，大概我也就熟悉了几分钟，就试驾的时候就感觉比较容易上手，所以方方面面的感受上来说操控给我就是两个字:容易。,,,展开全部
"
    发表于  2020-09    

      
        
    
    
",时尚动感的外观，漂亮的车身线条，有种豪华品牌的既视感。论颜值，论性能，论性价比，都是占优的，像我女朋友这么挑的人，又要符合口味颜值又要高的真的不好找，陪着她看了好几家店，最后是因为参加了活动，她体验了下，立马就圈粉了。,https://image1.xcarimg.com/attachments/my/0/31/01/557_120.jpg,8ktachqt,新手上路,5,外观,5,内饰,5,空间,5,舒适,5,油耗,5,动力,操控,性价比,购入信息,爱车车型,https://newcar.xcar.com.cn/m55571/,2020款昂科威S652T 两驱豪华型 ,购入时间,2020/8/1,购车地点,浙江米家汽车销售有限公司 [浙江省],裸车价格,23.99万  (厂商指导价 23.99万),当前油耗,8L/100km,购入用途,昂科威S属于运动型的SUV了，操作起来轻松舒适，这次通用在昂科威S身上可谓是花重金：后悬挂居然用了五连杆独立悬挂，当然这也是在给S操控添砖添瓦.,爱车评价,[最满意],[不满意],稍有不满的应该是副驾的空间吧，腿部稍微有点挤，往后调一点也是可以缓解的，不过便捷了我主驾的操作，这个可以忽略一下。,[外观],超长车头加上贯穿大灯的中网，车头大气饱满，全车头部尾部以及车窗边框大面积的镀铬饰条看起来就是豪华品牌的外观标准，都说是保时捷的小老弟，哈哈,[内饰],说到内饰最吸引我的就是按键式的电子排挡，我老婆操作起来优雅便捷关键是还省下不少空间，老婆是十分满意这个配置的，格调看起来就很高端，一下子就增加了不少档次，刚买来她就去找闺蜜炫耀了一番,[空间],4米6多的车长虽说尺寸在中级SUV里面算中溜溜吧，但是S把空间利用得好，这次购车也是想着买给老婆上下班加上平时接送下孩子，平时买买菜、购购物，出去旅行完全没问题。,[舒适],[油耗],其实刚开始听到这个车的时候没啥感觉，还是因为参加了这次自驾游活动，试驾了一下，不光舒服度好，空间也不错，驾驶体验更不用说了，活动结束之后，果断选择了它。,油耗方面可能是我没怎么计算过，毕竟还没开多久，8月底提的车，每天也就20公里这样，周末跑个小长途去下舟山，不过销售小妹给我说这款车采用了发动机闭缸技术的百公里只有7.5L那应该也蛮省得了。,[动力],昂科威S全系都是2.0T的发动机，我觉得动力很充沛，变速箱和发动机也匹配得比较好，反正老婆觉得动力满意，比我之前那辆老爷车好太多了，一个劲儿夸我这次有眼光。,[性价比],性价比蛮高的，因为新车刚上市没有啥价格优惠，但是店里的小姐姐，蛮客气的送了礼品跟其他的优惠，还是蛮顺心的，目前感觉还不错，毕竟刚开没多久，等我老婆体验一段时间之后，再来更新内容！,,,,,展开全部
"
    发表于  2020-08    

      
        
    
    
",一直都觉得别克的车还是挺有品质的，买了这个车以后，更让我体会到别克车的豪华，真的觉得自己买的很值，我最喜欢的概括起来也就两大点吧，第一个就是觉得这个车上路的动力不错，开着感觉随心所欲，起步的时候整个车表现的很稳，反应也比较迅速，不会出现顿挫，整个车的底盘比较稳，开着舒服；第而个就是觉得这个车它的舒适性真的挺高的，我说的这个舒适性包括整个车的内饰看着比较高档，给人以视觉上的享受，还包括座椅的设计比较舒服，车的底盘比较稳重，走在路上减震悬架都很温柔，尤其是在颠簸路段行驶的时候，不会感觉到太硬的震感。,https://image1.xcarimg.com/attachments/my/0/31/01/543_120.jpg,terriblejqsv,新手上路,4.88,外观,5,内饰,5,空间,5,舒适,4,油耗,5,动力,操控,性价比,购入信息,爱车车型,https://newcar.xcar.com.cn/m55571/,2020款昂科威S652T 两驱豪华型 ,购入时间,2020/8/1,购车地点,平顶山威佳泰通汽车销售有限公司 [河南省],裸车价格,23.99万  (厂商指导价 23.99万),当前油耗,8L/100km,购入用途,以我对这个车的了解，我感觉它的性价比是很好的，整体的配置比较高，开着乐趣也高，除了油耗稍微高点，没有其他比较凸出的毛病，感觉车内环境也设计的比较高档，整体我很喜欢。,爱车评价,[最满意],[不满意],油耗还是有一点高的，而且这个车官方给出的数据是加95的油，并且油耗也挺高，感觉开了没多久，加油都加好几次了，一箱油下来如果按照以前的油价的话，肯定是得好几百，我感觉还是稍微有一点心疼的，不知道有没有车友直接给它喝92的油，,[外观],外观看着感觉挺高端的，感觉二十五岁以上的人都可以开，车身整体的比例很好，看着很协调，而且在稳重高端的同时，还带有运动的元素在里面，让人感觉很潮很时尚又不古板，最关键的是不仅仅是从整体看这个车足够帅气，从细节看这个车也特别精致，大灯很有个性，后尾的造型也帅气，设计师在设计的时候加入了很多创新的观念，整体看很棒。,[内饰],别克系列的车在内饰的设置上真的是一绝，我觉得很少有车能够超越这种美系车的内饰造型和用料，整个内饰看起来给人的感觉很商务范儿，用料摸着也比较优质，不是那种随便拼凑随意设计的，每一个细节部位做的都特别好，让人挑不出来一点毛病。,[空间],空间设计挺不错的，不管是储物空间还是乘坐空间，感觉设计的都挺符合我的想法，本来我和老婆我们两个打算做丁克了，后来意外怀孕了，想了想还是留下孩子吧，之前的车感觉太小了，就选一个这样大的车，孩子坐着安全，出行比较方便，而且后排座椅还可以比例放倒，甚至可以把后备箱做成一个简单的小房间，还挺不错的。,[舒适],[油耗],这个车悬架和减震设置的还挺不错的，我们小区内有很多减速带，过这些减速带的时候能明显感觉到这个车比别的车震动更轻，而且座椅的支撑度真的挺好，整个车内的风格就是比较商务的，所以座椅的包裹性和支撑性都比较好，而且车内空间也大，坐着舒服，轮胎又比较大，跑高速的时候发出的噪音也能被过滤掉，总体的舒适感真的挺好的。,油耗是我有点小意见的，销售当时给我说的是这个车最好是加95的油，我看了看官方的网站上说的也是要加95的油，我就想问问大家，是不是大家都加的95的，而且不仅是喝油要好的，上路油耗也挺高的啊，目前都快11个了，这样的油耗按以前的油价，一个月喝个800多块钱的油真的特别快，感觉也是一笔开销啊。,[动力],我觉得2.0的涡轮增压发动机对于这个车来说应该算是够了，只要肯舍得加油，起步的瞬间的推背感会让人很震惊，而且这个车它的扭距也大，功率也大，所以在上路的时候，给人的感觉和其他动力比较弱的车比较起来还是有很大的区别的，即使是在颠簸路段，起步也会比较的顺畅迅速，高速的时候后段加速超车也很轻松，没有一点压力，我最喜欢开着它带着家人出去越野，路上特别放松。,,,[操控],因为动力性能不错，所以这个车开着感觉特别的舒服，不仅仅是方向盘的转向清晰指向比较精准，而且它的辅助操控配置挺多的，驾驶模式也比较多，在上路的时候只要熟悉了这些操作就感觉开着很容易，即使是新手，习惯了之后也不会觉得开这个车有困难。,,,展开全部
"
    发表于  2020-08    

      
        
    
    
",叫我说买车肯定先考虑动力，所以我非常满意的地方主要是昂科威S的动力方面，这车开起来动力比较足，扭矩大，而且最大马力也不错，基本上符合一辆suv的动力配置。还有就是内饰，这个车的内饰可以说是比较不错的了，首先车的内饰设计很棒，其次就是车子的内饰材质也很不错，座椅还是翻皮毛的材质，摸起来手感超级棒，而且坐着也舒服。还有就是车的外形，这车可以说是内外兼修，外形也很帅气，比较硬朗的外观看上去特别棒，而且车子的前脸棱角分明，一脸帅气模样。,https://image1.xcarimg.com/attachments/my/0/31/01/560_120.jpg,lucky365o,新手上路,4.88,外观,5,内饰,5,空间,5,舒适,5,油耗,4,动力,操控,性价比,购入信息,爱车车型,https://newcar.xcar.com.cn/m55571/,2020款昂科威S652T 两驱豪华型 ,购入时间,2020/8/1,购车地点,安庆环通汽车销售服务有限公司 [安徽省],裸车价格,23.99万  (厂商指导价 23.99万),当前油耗,12L/100km,购入用途,舒适性还不错，座椅的舒适度基本可以打满分，毕竟这个材质坐起来是真的舒服，其次就是车子的空间也比较大，宽敞的空间让这个车子的舒适性大大提升，再加上独立悬架，开车的时候感觉减震效果还挺不错的。,爱车评价,[最满意],[不满意],最不满意的主要还是车子的后排位置吧，车子的后排位置中间的那个位置设计不是太合理，不过好在坐着舒适度还不错，还有就是上高速的话有一点点风噪的问题，不过声音不是很大，所以这点也没有什么不太满意的地方，总的来说还是很不错的一辆车子。,[外观],外观不止是帅气，看起来比较成熟稳重的那种感觉，特别有气势，而且这个车子的外形比较刚猛，车子前脸的设计我也很喜欢，比较偏窄一点的进气栅，再加上车灯的设计，看上去很凌厉很霸气的感觉，而且车灯还是led的，比较耐用。,[内饰],内饰可以说是比较豪华的，而且车内的座椅材质也很不错，虽然说会比较不好清洗，不过送去洗车基本上都能比较好的处理好，所以也不是什么太大的问题。多媒体配置的扬声器有七个喇叭，在车里听歌简直不要太爽。,[空间],车内空间比较足，基本上后排的位置不存在很挤的情况，而且前排随意调动驾驶位，后排也能保持宽敞，这一点很难得，说明车内空间设计的还挺不错的，不会出现被压缩位置的情况。还有就是车内的小储物空间也还可以，可以放挺多小杂物的，很方便的设计。还有就是车子的后备箱，后备箱空间基本上出门大采购都不需要担心，基本都可以通通收下。,,[油耗],,油耗的话还是还是可以的，这车我开起来百公里大概是12个油左右，对于一辆suv来说我觉得这个油耗还可以吧，毕竟车身也挺重的，油耗不能和小轿车做对比，磨合磨合希望有所降低吧。,[动力],动力还是很不错的，这个排量起步不算慢，基本上开车的时候可以感觉到动力还是比较猛的，而且有时候想超车的时候基本上一给油门，车子就超过去了。这个反应还是比较灵敏的。开车的时候也可以感觉到这个车子的劲还是足的，毕竟扭矩摆在那。,[性价比],性价比自然是高的呀，毕竟二十来万的车，这个内饰这个外形，怎么说也看着像三十万的车，再加上车子也很好开，油耗也不高，再加上维护保养方面花的钱也不会很多，到目前为止我开这个车还没去修过，就还没出过什么大问题，所以在维护保养这一方面我觉得这个车子还算是比较耐开的，性价比还算是不错的一辆suv。,[操控],操控可以说得上智能化吧，基本上方向盘的转向还是比较灵敏，而且没有虚位，另外比较重要的一点是，车子的辅助功能也很多，各种小功能从各方面增加了驾驶体验感，让这个车开起来更舒服，更好开，即使不是老司机，开起来也能得心应手。同时那个发动力启停技术可以让车子在堵车或者等红灯的时候省一点油，真心好用了。定速巡航在高速上也能发挥很不错的作用，所以在操控这一方面上，这个车子基本能给满分。,,,展开全部
"
    发表于  2020-08    

      
        
    
    
",之所以选择昂科威S，首先就是相中他的外观，车头很饱满，四个轮子超大，越野范儿十足，当然这是一款纯粹的城市SUV，去野外跑跟他也没什么关系。其二就是车子的性能还是可圈可点的，这么大车身动力一点不差事，不到10秒就能破百，SUV开出轿跑的感觉，对于一辆中型SUV的确够可以的。最后一点就是天窗真的是够大，够奢侈，坐在后排抬起头，整个天幕都呈现在视野内，感觉与外界没有明显的隔绝感，很舒服，很放松。,https://image1.xcarimg.com/attachments/my/0/31/14/402_120.jpg,lijpdhjm0,新手上路,4.63,外观,5,内饰,5,空间,4,舒适,4,油耗,4,动力,操控,性价比,购入信息,爱车车型,https://newcar.xcar.com.cn/m54846/,2020款昂科威S652T 两驱精英型 ,购入时间,2020/8/1,购车地点,山东鸿发森岳汽车销售服务有限公司 [山东省],裸车价格,25.99万  (厂商指导价 21.99万),当前油耗,11L/100km,购入用途,厂家有活动直接优惠了15000，价格对我来说可以接受，性价比现在来讲可能不是最高的，但用车也是比较着急，老朗逸的确不大行了，新车就直接提了，但相比一些豪华品牌，性价比还算是不错。,爱车评价,[最满意],[不满意],副驾驶绝对是槽点，腿部空间有点太局促了，特别是左腿真的是有些挡着膝盖，稍微胖一点的朋友坐着估计会很不舒服。好在大部分时间都是我自己开，副驾驶也就那么回事吧，不太影响。,[外观],感觉昂科威S外观的确设计的很漂亮，记得上学的时候，在电视上看到过一款英菲尼迪的SUV，跟现在的昂科威S就很像，车头很长，车身也很宽，比较低趴的风格，看起来十分的运动带感。,[内饰],内饰做得足够上档次，车内的大部分都是软包裹的，按键式的电子排挡用起来也很方便，动动手指就能换挡，朋友面前也更有面子。中控大屏有个18度的倾斜，偏向驾驶员方向，开起来可以很舒服的看到屏幕上的信息，开着导航的时候，尤其的方便，视野不用远离前方路面也能扫到屏幕上的主要信息，更安全些吧。,[空间],主要还是副驾驶的空间不太尽如人意，有些挡着左腿，这是这款车最大的槽点吧，后排空间横向和纵向家用都没有任何问题的，就是中间的地板凸起有点太高了，中间乘坐就不太舒适。,[舒适],[油耗],副驾驶座椅坐着不舒服，腿部空间太窄小了，不知道设计师怎么想的。第二排的地板凸起太高，坐中间的人这脚真真是没地方放啊。,油耗只能给到4星，现在油耗还是比较高的，11个油了，相比日系车还是有不小的差距，其实油耗高本身不会影响我对这款车的感受，但在消耗同样费用的情况下，他的确没能达到我的基本期望。希望后期用车多跑跑会达到一个比较合理的油耗。,[动力],2.0T的动力开着就是有劲，起步很轻盈，提速快，一脚闷到底的话我觉得不到10秒破百，看宣传册上写的是8秒多就能过百。对于一款城市SUV来讲，这个动力相当优秀。变速箱是9档的变速箱，开起来换挡也很积极，顿挫感几乎是感觉不到，也没有网上说的丢转儿的现象，转速表指针跳动的幅度不是很大，比较稳，短促的上档降档。,,,[操控],车身不到五米，不长不短，开起来挺顺手的，有原车自带的360度倒车影像，用起来很方便，倒车时车身的四周情况看的清清楚楚，心里踏实有底，最赞的是，晚上也不怕，四周情况也都能看的一清二楚，的确是人性化的功能，所以操控给满分。,,,展开全部
"
    发表于  2020-08    

      
        
    
    
",最满意的当然是昂科威S艾维亚外观颜值以及豪华的内饰设计。丰富的配置、得心应手的驾驶操控、澎湃的动力也都是我的最爱。,https://image1.xcarimg.com/attachments/my/0/31/14/404_120.jpg,hbaocez27,新手上路,4.75,外观,5,内饰,5,空间,4,舒适,5,油耗,4,动力,操控,性价比,购入信息,爱车车型,https://newcar.xcar.com.cn/m55572/,2020款昂科威S652T 两驱限量S运动版,购入时间,2020/8/1,购车地点,广州安骅骅能汽车有限公司 [广东省],裸车价格,25.39万  (厂商指导价 25.99万),当前油耗,11L/100km,购入用途,虽然还只是在市区跑跑，但感觉动力十分澎拜，油门非常灵敏，一点就加速上去了。,爱车评价,[最满意],,,[外观],昂科威S艾维亚的外观颜值非常漂亮，我是非常喜爱，但目前只有一种颜色，没得选择，可能部分年轻人不喜欢，嫌太老气。车灯设计：车灯设计风格简约，后面转向灯呈流水样，显得格外漂亮、醒目。晚上灯照明很亮，自适应大灯很灵敏，据说这大灯还是黑科技呢，☆故障-外观：因为是新提车，目前外观没有出现任何故障.。车身及车轮：这车配置马牌轮胎245/45R20。配置之高有点出乎我的意料。,,,,,[舒适],[油耗],乘坐前排座椅非常舒服，加热、通风功能都有配置，9个扬声器的品牌音响效果不错，如果再多几个扬声器就更完美了。空调制冷效果不错，功能配置齐全。,新提车在市区跑，目前显示平均油耗11个多，我已经非常满意了，相信以后跑起来，油耗还会进一步降低的。,,,,,[操控],操控非常灵敏，方向盘握感舒适，转向灵活，变速箱换挡按键方便。车上有些功能尚未应用，等待以后有感受再来补充。,,,展开全部
"
    发表于  2020-08    

      
        
    
    
",满意第一方面昂科威s的颜值，非常的大气有等次，而且符合现代年轻人的审美，第二方面就是配置方面的感受，非常的有等次。,https://image1.xcarimg.com/attachments/my/0/31/07/192_120.jpg,aptnjsw,新手上路,4.88,外观,5,内饰,5,空间,5,舒适,5,油耗,4,动力,操控,性价比,购入信息,爱车车型,https://newcar.xcar.com.cn/m55571/,2020款昂科威S652T 两驱豪华型 ,购入时间,2020/8/1,购车地点,呼和浩特市利丰汽车行有限公司 [内蒙古],裸车价格,23.99万  (厂商指导价 23.99万),当前油耗,10L/100km,购入用途,性价比方面的话比较的喜欢这款车在安全方面的口碑，昂科威一直表现很好，也比较的期待昂科威s给我的惊喜表现。,爱车评价,[最满意],[不满意],不满意的新车的油耗有点高，其它方面基本上没有什么问题,[外观],外观很时尚，选择这款车就是比较的喜欢这款车的外观，车身的设计很年轻。,[内饰],内饰不错，中控的设计是环抱式的，基本上都面向主驾驶，控制起来也比较的轻松很多，中控的屏幕比较的大。,[空间],空间非常的宽敞，特别是前排主驾驶给的空间给我的视觉就非常的宽敞。,[舒适],[油耗],座椅的材质很好，而且材质做工方面很信心，噪音方面的控制的也可以，基本上没有什么噪音。,油耗有点高，不在自己的接受范围内，期待油耗7个多的油耗表现。,[动力],动力也可以，开了一段时间动力还是非常的不错的，加速还是推背感。,,,[操控],方向盘的转向很轻松，而且还是电子按键的档位，也比较的方便快捷。,,,
"
    发表于  2020-08    

      
        
    
    
",（最满意）最满意的是这个车的外观和超控，外观大气凶猛高车头长车头视觉冲击效果很好，开出去回头率很好！超控很好，方向盘转向精准，刹车线行，悬架软硬适中，有运动模式提速带劲超车很轻松！,https://image1.xcarimg.com/attachments/my/0/31/14/403_120.jpg,samsung121u,新手上路,4.88,外观,5,内饰,5,空间,5,舒适,5,油耗,4,动力,操控,性价比,购入信息,爱车车型,https://newcar.xcar.com.cn/m55571/,2020款昂科威S652T 两驱豪华型 ,购入时间,2020/8/1,购车地点,四川港宏汽车销售有限责任公司 [四川省],裸车价格,27.99万  (厂商指导价 23.99万),当前油耗,10L/100km,购入用途,前座椅复合人体工程学，比较真皮的座椅后都是独立空调，噪音还控制的很好！,爱车评价,[最满意],[不满意],(最不满意)最不满意的就是后排座位不是的纯平的，没有后座中间位置的头枕，如果出远门坐中间那个位置的人会很不舒服！,[外观],外观大气，漆面都是金属漆，车身线条感十足,[内饰],内饰大量的软材质包裹，手感很好，而且真皮座椅,[空间],我一般都是自己上下班，家里还有个车，所以这个车的空间我还是很满意的乘坐空间：我是个四川人不是很好172左右，我前排调节好后后排还可以翘个二郎腿，所以空间我很满意储物空间：储物空间很宽可以放5储物空间很多，后备箱估计可以放几个大箱子，可以满足一家人出行！储物空间很多也设计的很方便，所以空间我很满意箱子,[舒适],[油耗],空调：空调前后独立的，制冷效果比较好，几分钟就可以凉快了！,目前才开50多公里，油耗10升左右，一般都是开的比较激进，所以这个油耗我还是比较满意的城市路段表现：城市路段，前段提速比较快，涡轮介入还是比较早，所以我感觉满好的,[动力],车子2.0T237马力1500转就可以输出最大扭力350还有9AT变速器和运动模式，超车很轻松，方向盘转向精准，底盘反馈软硬适中！很满意,[性价比],性价比还是比较高了，主要是配置很丰富，电子系统也是最科技的,[操控],得意于五连杆独立后悬挂，悬架软硬可调，上了个马路牙子,,,展开全部
"
    发表于  2020-08    

            
    
    
",时尚动感的外观，漂亮的车身线条，搭配艾维亚独有的车身颜色，有种豪华品牌的既视感。非常入我的法眼，我这种挑剔的天秤座，也是颜值控的我，能挑到这样美的车，也是我一大幸运，香车配美女。,https://image1.xcarimg.com/attachments/my/1/33/53/093_120.jpg,gh_151472082,三星会员,4.63,外观,5,内饰,5,空间,4,舒适,5,油耗,4,动力,操控,性价比,购入信息,爱车车型,https://newcar.xcar.com.cn/m55417/,2020款昂科威S652T 四驱Avenir艾维亚,购入时间,2020/8/1,购车地点,宜宾申蓉汽车有限公司 [四川省],裸车价格,26.49万  (厂商指导价 27.99万),当前油耗,11L/100km,购入用途,长前悬短后悬时尚动感的外观，搭配梅洛酒红的颜色，一眼就爱上了它的独特与魅力，昂科威S精致时尚，就是漂亮。,爱车评价,[最满意],[不满意],稍有不满的应该是副驾的空间吧，腿部稍微有点挤，往后调一点也是可以缓解的，不过便捷了我主驾的操作，这个可以忽略一下。,[外观],车身线条饱满且流畅，长前悬短后悬的设计，宽距的泪眼前大灯组配上艾维亚独有的锁子甲遁形进气格栅，车侧呈Z字型腰线，搭配20寸铝合金轮毂，带有一股运动气息，提升了整体的运动贵族的气质。,[内饰],采用别克昂科威惯用的双炮筒式仪表盘，加上中控采取豪华品牌车惯用的向主驾驶倾斜15度角的设计，完全Get到了主驾驶的点，采用象牙白搭配真皮打孔麂皮绒座椅，深桃木色菱格装饰板，高贵优雅，延续了一贯艾维亚的贵族气质。,[空间],前排空间还不错，副驾由于向主驾倾斜，副驾略微窄了一些，后排中间稍有隆起，满员情况稍拥挤，整体来说运动型的车能达到这样的空间也还算不错了，也不是每次都能满员。值得一说的是后排可以完全放倒，加上后备箱超大的储物空间，连贯起来的空间非常不错，如果出游，应该能放下一个气垫床吧。加上两片式超大的全景天窗，晚上看星星月亮应该是个不错的约会神器。,[舒适],[油耗],美式大沙发式的柔软麂皮打孔座椅加上电动座椅调节，座椅通风加热，后排配备了空调出风口，能Get到前排同样的舒适温度，车内配备了Boss音响，让全员享受殿堂级音乐享受。,由于才提的新车，还在一个磨合期，综合油耗10到11个油左右，应该后期要稍温柔一点。,[动力],"对于我这种年轻女性来说动力完全够了，主要在乎外观颜值去了，毕竟我也不赛车，完全OK,大夏天空调一开也是一脚油门轻松超车，毫无压力。",[性价比],由于刚上市的新车，优惠不是很大，整体来说性价比将比还算可以，如果等段时间优惠应该要高点，,[操控],当时试驾的时侯第二打动我的就是操控性非常好，方向盘很轻，转向精准，乘坐舒适度高，,[四驱],四驱系统非常满意，扭矩可以0到100之间转换，期待和我的小姐妹一起去周末体验一把越野性能，过颠簸路面时明显感觉到了5连杆独立悬挂的减震效果。,展开全部
"
    发表于  2020-08    

            
    
    
",昂科威S全新的一款车，外观设计绝对能算上这个级别的SUV颜值担当，运动犀利的外观怎能让我不爱，我承认我就是一个外貌协会的主儿，加上全面的科技和安全配置，买给我那开车技术不杂滴的老婆开，那我的心可以少操一点咯。,https://image1.xcarimg.com/attachments/my/1/20/65/314_120.jpg,gh_150486168,三星会员,4.25,外观,5,内饰,5,空间,4,舒适,4,油耗,4,动力,操控,性价比,购入信息,爱车车型,https://newcar.xcar.com.cn/m55417/,2020款昂科威S652T 四驱Avenir艾维亚,购入时间,2020/8/1,购车地点,宜宾申蓉汽车有限公司 [四川省],裸车价格,25.99万  (厂商指导价 27.99万),当前油耗,10.2L/100km,购入用途,结婚十周年，抠门儿的我把辛辛苦苦攒下来的钱给老婆买了辆昂科威S，提车当天老婆感动的抱住我说这么多年了第一次礼物送到她心坎上！昂科威S看它第一眼就觉得颜值控的老婆绝对会喜欢，老婆开心当然全家开心！,爱车评价,[最满意],[不满意],新车在手热乎劲儿还没过，担心以后会不会有小毛病，不过别克也是老品牌了，也只有用着再说呢！,[外观],超长车头加上贯穿大灯的中网，车头大气饱满，全车头部尾部以及车窗边框大面积的镀铬饰条看起来就是豪华品牌的外观标准，说实话昂科威S的外观也是让我在同级众多车型中最终敲定它的重要原因，谁不爱美呢，对吧？,[内饰],说到内饰最吸引我的就是按键式的电子排挡，女士操作起来优雅便捷关键是还省下不少空间，老婆是十分满意这个配置的，加上我选的是艾维亚版本，内饰是象牙白打孔真皮，个人感觉颜色看起来很高级。,[空间],4米6多的车长虽说尺寸在中级SUV里面不算大，但是S把空间利用得好，这次购车也是想着买给老婆上下班加上平时接送下孩子，别说行李箱空间还不错，后排座椅可以全平放倒和尾箱融为一体，出去旅行就太好不过了。,[舒适],[油耗],其实只说看颜值就买车了那是假的，购买这款车前后也到4S店跑了两趟，试驾环节是让我决定购买S的助攻手，试驾时销售跟我说这个是有个什么噪音可以抵消的功能，设计理念我是不懂，但坐在车内的静谧性我是实实在在的感受到的，还有就是S的座椅很软，坐起来就和高级沙发一般，买车就是图个方便舒适不是？,油耗方面可能是我没怎么考虑的，2.0T的四驱个人觉得10-12个油都能接受吧，毕竟1.7吨多的车，不过销售小妹给我说这款车采用了发动机闭缸技术的百公里只有7.5L果如真是那样就太好了，因为现在刚提车没跑多少公里感觉也没什么话语权。,[动力],这款昂科威S全系都是2.0T的发动机，个人觉得动2力充沛，变速箱和发动机也匹配得比较好，听介绍说八九十码就可以达到九档换档了，反正老婆觉得动力满意，比我们家之前的旧车好太多了，一个劲儿夸我这次有眼光。,[性价比],老司机都说新车型一上就买不划算，后期肯定掉价。但是我从同级车型配置价格比了又比，加上厂家天猫活动2万的定金膨胀我想着销售小妹答应把仅有的第一台现车给我，想想S的颜值，科技配置，安全系数，再想想我那为家辛苦的老婆，想想她收到这份礼物开心的样子，我觉得一切都值。。。。。。,[操控],五座SUV在加上S本来就属于运动型的车型，操作起来轻松舒适，这次通用在昂科威S身上可谓是花重金：后悬挂居然用了五连杆独立悬挂，当然这也是在给S操控添砖添瓦.,[四驱],其实在选配置的时候我也是犹豫了一把，因为最开始四驱不是刚需，但是后来想到艾维亚版本还多了那么多配置多套四驱系统两万块还是值的。,展开全部
"
    发表于  2020-08    

            
    
    
",最满意的是2.0T的提速和操控，因为我以前开的是1.6L的老凯越， 既然是换车，自然在这个地方有要求，我试驾了昂科威S后也是因为这个因素，让我最终决定下来买的。其次就是外观和内饰真的很符合我的要求，又好看做工又细腻,https://image1.xcarimg.com/attachments/my/1/85/49/809_120.jpg,xuser1864980,三星会员,4.88,外观,5,内饰,5,空间,4,舒适,5,油耗,5,动力,操控,性价比,购入信息,爱车车型,https://newcar.xcar.com.cn/m55417/,2020款昂科威S652T 四驱Avenir艾维亚,购入时间,2020/8/1,购车地点,宜宾申蓉汽车有限公司 [四川省],裸车价格,26.49万  (厂商指导价 27.99万),当前油耗,8.1L/100km,购入用途,我去看车的时候展厅里面就是放的昂科威S的艾维亚，当时就觉得很好看，内饰也精致，吸引了我的关注，通过一系列的了解，我也去试驾了才定的，操控和动力都相当不错，最终选择了它,爱车评价,[最满意],[不满意],目前发觉到的是，我觉得它的示宽灯不好看，太小了,[外观],外观满分拉，S的外观应该算是别克SUV里面车型最好看的了,[内饰],内饰是我喜欢的米白色的，看起来简洁，干净，座椅都是带打孔的，就是很上档次拉，后面我有附图片,[空间],空间个人觉得家用是完全够的了，后备箱也很平整，应该可以放很多东西,[舒适],[油耗],舒适性不错哦，因为我买的是顶配，座椅的调节都有12项，各方面的细节也做的不错,才提的车，现在还看不出来,[动力],2.0T的提速真是相当不错，踩多少油，给多少力，这个确实要去试驾才能体会,[性价比],性价比我觉得还行吧，刚上市都有5000抵2万的活动。别克还是比较诚心,[操控],起初我觉得它车头有点长，没想到操控性非常不错哦,[四驱],我买的是四驱的，目前还没去走烂路,
