publish,标题,图片,名称,名称1,评分,评分2,评分3,评分4,评分5,评分6,评分7,评分8,评分9,评分10,评分11,评分12,评分13,评分14,评分15,评分16,评分17,标题18,信息,信息19,信息20,信息21,信息22,信息23,信息24,信息25,信息26,标题27,purpose,purpose28,标题29,jia_text,信息30,dw_22,dw_2231,dw_23,dw_1,dw_132,dw_2,dw_233,dw_3,dw_334,dw_4,dw_435,dw_5,dw_536,dw_6,dw_637,dw_7,dw_738,dw_8,dw_839,openall
"
    发表于  2021-07    

      
        
    
    
",目前来说用着还不错，两个月开下来也没有给我带来任何的不舒服的感觉，整体满意，后续再看表现吧,https://image1.xcarimg.com/attachments/my/1/89/77/313_120.jpg,gh1620792085,三星会员,4.75,外观,4,内饰,5,空间,5,舒适,5,油耗,4,动力,5,操控,5,性价比,5,购入信息,爱车车型,购入时间,2021/4/1,购车地点,四川宏羽新迪汽车销售服务有限公司 [四川省],裸车价格,20.3万  (厂商指导价 20.58万),当前油耗,8.3L/100km,购入用途,自驾游,跑长途,爱车简评,买东西我就喜欢选与众不同的，斯巴鲁XV这款车，感觉品质上来说还是非常不错的，主要是在于内在特别的有质量，内饰做工也是特别豪华的。,爱车评价,[最满意],最满意的当然是操控性好了，另外空间的大和安全性都是我最满意的，当时同价位的车也做过对比，最终综合优劣势还是选择了斯巴鲁XV,[不满意],[外观],外观方面我特别喜欢，因为它给我的感觉就是时尚大气，开出去绝对是非常霸气的，跟轿车的感觉完全不一样，让我感觉特别好,[内饰],内饰设计感非常强烈，然后中控台的科技感满满，最主要是它的整体感觉特别豪华，和这个价位非常符合,[空间],本人身高180，第一排和第二排空间都是没有问题的，车身的高度也是不错的，车身宽度也可以，家用车很灵活，各种组合，非常满意。,[舒适],舒适性表现非常不错，座椅柔软舒适，皮革很柔软，底盘减震很积极，车内隔音效果也比较安静。,[油耗],油耗表现很有惊喜，目前百公里油耗在10个油左右，毕竞车身尺寸大，而且有四驱系统，还是很不错的。,[动力],动力方面对于我来说完全够用，平时日常超车都绝对没有问题！起步的时候非常快，一点都不会有搓顿感，只要你深踩油门肯给油，起步的时候还是会有明显的推背感！,[操控],感觉车子的稳定性还挺强的！平时我也喜欢自驾游，跑山路过急转弯路段时，坐在车内都不会有明显的侧倾感！而且方向盘的指位也比较精准，操控起来非常的灵活！,[性价比],当时选择这款车是因为我的亲戚有一辆，我感觉车子外观颜值都还挺高的！然后去店里试驾了一下，感觉操控性这些都很强，驾驶起来非常轻松，所以就选择了斯巴鲁XV！,展开全部
"
    发表于  2021-07    

      
        
    
    
",总体来说这款车我都是非常满意的，要是非要说有一点的话呢，也就是刚买回来的时候稍微有一点味道吧。,https://image1.xcarimg.com/attachments/my/1/90/83/195_120.jpg,xuser1918319,三星会员,4.5,外观,5,内饰,5,空间,5,舒适,4,油耗,4,动力,4,操控,5,性价比,4,购入信息,爱车车型,购入时间,2021/4/1,购车地点,武汉市美华恒贸易有限公司 [湖北省],裸车价格,20.29万  (厂商指导价 20.58万),当前油耗,8.3L/100km,购入用途,接送小孩,跑长途,爱车简评,一直就对于这种旅行车情有独钟，所以当时买的时候就直接去四s店试驾了，试驾以后感觉这款车的动力表现非常的好，外观和内饰都挺不错，所以就直接买了。,爱车评价,[最满意],最满意的就是这款车非常宽敞的空间，还有特别齐全的配置。而且这款车的底盘也比较高，停车的时候非常的方便，有的时候没有地方停，就直接上到马路牙边儿很方便。,[不满意],[外观],外观很硬朗，虽然全车的线条比较圆润，但是看着就给人一种很厚重的感觉，很喜欢这样低调的车型，但又却富有力量感。,[内饰],内饰整体给我的感觉就是大气沉稳，没有特别多的花哨的设计，但却都很实用，真皮的座椅，多功能方向盘，比较喜欢这类的，方向盘用起来很顺手，而且整个中控台的设计偏商务，很满意这样的内饰。,[空间],这款车的空间确实是非常的大了，平时出去玩儿非常的宽敞，而且感觉后排挤挤总共坐4个人，后排的座椅可以放到后备箱一瓶，因为个人喜欢自驾游，所以出去的时候累了直接放倒躺着，非常的舒服。,[舒适],车的舒适性很好，座椅包裹性很强，而且前排的座椅是可以电动调节的，很方便，后排还带有空调的分区，很人性化的设计，而且这个车的影响效果也不错，隔音效果很好，这样在车里听着歌特别的舒服。,[油耗],这款车的当前油耗是8.6，我觉得已经非常省油了，毕竟这款车的车重比较重，而且排量也比较大，开出这样的油耗还是很满意的，而且这样的一款车竟然还是加92号的汽油，可以说燃油经济性很好了。,[动力],动力也足够用了，这款车搭载的是2.5自然吸气的发动机，平时开在路上，速度提升的很快，而且比较平顺，深踩油门儿还会有推背感，上坡也容易超车，没有压力。,[操控],车的操控性很好，尤其是底盘儿特别的稳，没有之前听说SUV那种测情感比较严重的现象置换车，转弯的时候即使速度稍微快一些也能够很好的调整，而且方向盘轻重比较适合，没有因为太轻而出现用力过猛的现象，指向比较精准。,[性价比],选择这款车，主要就是想买一款结实耐用的车，而且由于之前一直都是开轿车，所以想换一款SUV的车，如果想要动力还有配置都够用的话，那只能是价格稍高一些的，所以经过一众的对比，选择了这款车。,展开全部
"
    发表于  2021-07    

      
        
    
    
",总体来说没有什么特别不满意的因为是进口车之前一直担心售后服务的问题但是不必要担心这方面库存固件充足维修应该不会像其他进口车需要那么久如果距远远的话确实要很久但是我在长沙本地还是比较方便的。,https://image1.xcarimg.com/attachments/my/1/90/83/192_120.jpg,xuser1918319,三星会员,4.5,外观,4,内饰,5,空间,4,舒适,5,油耗,4,动力,4,操控,5,性价比,5,购入信息,爱车车型,购入时间,2021/4/1,购车地点,安徽钧升汽车销售服务有限公司 [安徽省],裸车价格,20.28万  (厂商指导价 20.58万),当前油耗,8.3L/100km,购入用途,购物,接送小孩,爱车简评,我选择这款车的原因是因为它的空间非常的大那时候我把我后排座椅放倒到了一边然后拖过一次自行车不折叠的那种所以我就觉得它空间非常的实用。,爱车评价,[最满意],这辆车令我满意的就是它的空间非常的合适而且它的价位是我的能力范围之内而且还是整车的进口车性价比很高整体效果也很棒之前看的马自达感觉不太对所以最后选择了这辆车而且还是全时四驱车试驾感觉非常的棒。,[不满意],[外观],外观气质这一块我感觉这辆车拿捏的紧紧的，非常的不错。而且外观真的设计的非常的吸引女孩子的目光，我觉得很棒。,[内饰],内饰部分总体设计的，还是非常的不错的，尤其是他那个中控屏，我觉得设计得非常的棒，对于我这个有一点路痴的人来说，导航的时候特别的好用。,[空间],我觉得这辆车的空间非常的宽敞，而且这是一辆中型的SUV，所以空间不管怎么说都不会小到哪里去。所以对于空间这一块，我个人还是比较满意的。,[舒适],舒适性这一块总体来说还是比较符合我的需求的，毕竟这样子的车本来就不能要求太高的舒适度，不过还是超了我的预期的。就是它的悬架减震做的不是特别的好，不过可以接受。,[油耗],油耗这方面作为中型的SUV，我觉得还算是比较能够让人接受的。而且这也不是一款日系车，所以对于油耗这一块并没有太大的感觉。,[动力],动力这一块个人感觉还是比较充足的，虽然我不怎么飙车和追求刺激，不过对于动力这一块还是稍稍的会有一点要求的，我感觉这辆车能够满足我的要求。,[操控],车子非常的灵活，即便是它的车身这么大也并不会有多大的印象，方向盘的虚位并不是很大，油门和刹车响应的也是非常的迅速，操控起来特别的简单上手。,[性价比],选择这款车主要还是因为它的外观吧，我觉得它的外观设计的非常的不错，在憨憨的气质中又微微的带了一点可爱和霸气，这是这个价位的车基本做不到的外观，所以我觉得这辆车的外观很独一无二。然后就是这个价位了，这个价位我觉得还是比较合理的，买的时候虽然没有什么优惠幅度，不过还能够接受。,展开全部
"
    发表于  2021-07    

      
        
    
    
",最不满意的就是这款车的发动机踩油门声音较大，刹车最后时有异响声。,https://image1.xcarimg.com/attachments/my/1/90/83/190_120.jpg,xuser1918319,三星会员,4.63,外观,5,内饰,5,空间,4,舒适,4,油耗,5,动力,5,操控,5,性价比,4,购入信息,爱车车型,购入时间,2021/4/1,购车地点,云南华东汽车销售有限公司 [云南省],裸车价格,20.27万  (厂商指导价 20.58万),当前油耗,8.3L/100km,购入用途,购物,接送小孩,爱车简评,成都这座城市生活节奏确实会比较慢一些，可能是由于自己工作的缘故，工作比较清闲，一个礼拜也就上个三四天的班，还有大把的时间是空余在那里的，原来自己是个挺宅的人，都不愿意出门，但是想想这样一直下去也不行,爱车评价,[最满意],最满意的都这款车的内饰，我感觉它的内饰非常的豪华，我就假死起来了。感受也让我觉得非常好。还有就是这款车的动力真的是感觉它的动力是源源不断的。,[不满意],[外观],这辆车身外观设计动感，车头霸气，车身线条有力量，大灯也特别的帅气，看过去像一个等待捕食的老虎，开出去回头率百分百。,[内饰],这款车的内饰做得很好，整体风格简约又不简单，平凡中透露着一股大气，看着非常的低调奢华有内涵，中控台做得也非常不错，很漂亮。,[空间],空间还用说嘛，这辆车子的空间真的是太宽敞了，后排坐三个人非常轻松，每个位置都可以轻松的翘起二郎腿，后备箱也特别的宽敬，可以放很多东西。,[舒适],舒适性还是很好的，座椅非常的舒服，软硬适中，对腰部的支撑性很好，长时间驾驶也不会觉得累，空调制冷效果也很好，夏天非常凉快。,[油耗],我感觉这款车的油耗还是比较高的，基本也是在市区内驾驶，高速偶尔跑一跑。油耗在10个左右，勉强能接受吧。,[动力],动力对我来说足够了，这款车起步阶段不会肉，提速也非常快，市区内驾驶非常轻松，高速超车也没有压力。,[操控],这款车的方向盘比较轻巧，操控起来手感比较好，指向很精准，平时转弯掉头都非常的轻松，过弯的时候也不会飘，没有侧倾感。,[性价比],我本身就是一个比较与众不同的人，比较个性，所以我买的车肯定也不会和大家一样，我看来看去还是觉得这款斯巴鲁XV还是很不错的。特别是感觉它的内饰也很特别。,展开全部
"
    发表于  2021-07    

      
        
    
    
",唯一不满意的话，应该就是油耗方面的话，确实是比较大一点，但是这也是小问题啦，既然选择这款车，这点油耗就不算什么,https://image1.xcarimg.com/attachments/my/1/89/71/285_120.jpg,gh1620466517,三星会员,4.63,外观,5,内饰,5,空间,5,舒适,4,油耗,4,动力,4,操控,5,性价比,5,购入信息,爱车车型,购入时间,2021/4/1,购车地点,贵州斯巴鲁汽车销售服务有限公司 [贵州省],裸车价格,20.26万  (厂商指导价 20.58万),当前油耗,8.3L/100km,购入用途,接送小孩,自驾游,爱车简评,选择这款车，也是因为自己想有一款与众不同的车子吧！在这个价位中，其实可以选择很多，算是宝马，奔驰这种豪华品牌，但是不想跟其他人一样，我对宝马，奔驰没什么想法因为家里已经有一台了,爱车评价,[最满意],最满意的话，应该就是他的舒适度，这款车的舒适度真的是非常的好，而且在这么舒适的环境下行驶，真的是一件非常舒服的事情，方向盘的手感也特别的好，而且隔音方面的话做的也是非常到位,[不满意],[外观],外观方面的话，还是比较满意的，整体看起来也是非常的帅气，整体的协调也是非常的不错，轮毂的样式也非常帅气，还是比较喜欢的,[内饰],内饰方面的话比较单一，这样风格也就一般般吧，但是它的配置方面的话确实是不错的，用料材质也是非常的好,[空间],空间方面的话，这款车的空间真的是非常的大，感觉后备箱打开的那一刻，感觉什么都可以装得下，讲道理，简直是出家旅行必备的神车啊,[舒适],这款车的舒适性真的是非常的好，整体让我非常的满意，座椅非常柔软，隔音方面做得也非常好，基本上没什么声音,[油耗],因为是新车嘛，油耗有点高还没下来，几乎是在10个点左右，过红绿灯时有自动启停，很好用。我个人觉得操控好的车才更安全，在躲避危险的时候也更重要，让人开着也安心。,[动力],动力方面的话也是比较强劲的一款车，这款车只要你给足了油，还能给你带来一定的推背感，真的是非常的强劲,[操控],操控方面的话，这款车真的是比较容易上手的，方向盘精准，刹车也比较灵敏，而且在这么舒适的情况下驾驶着这款车，操控这款车难道不是一种享受吗？,[性价比],选择这部车当然是因为他的空间方面真的特别大，而且这部车的安全性挺高的，配置比较丰富，这就是这款车的舒适性，真的是非常的满意，这款车的座椅做起来真的跟沙发一模一样，外观的话也是比较好看的类型,展开全部
"
    发表于  2021-07    

      
        
    
    
",就是怕后期保养与维护不怎么方便，配件方面也是进口的，价格也是比较高的。,https://image1.xcarimg.com/attachments/my/1/90/77/400_120.jpg,gh1626744772,三星会员,4.38,外观,4,内饰,4,空间,4,舒适,5,油耗,5,动力,5,操控,4,性价比,4,购入信息,爱车车型,购入时间,2021/3/1,购车地点,柳州市美博汽车销售有限公司 [广西省],裸车价格,20.25万  (厂商指导价 20.58万),当前油耗,8.3L/100km,购入用途,购物,接送小孩,爱车简评,这部车也是经朋友介绍，不管是从安全性方面来考虑都是非常不错的，各方面的配置，整个车型下来自己都非常的喜欢，所以再去店里看完后果断的购车。,爱车评价,[最满意],最满意的地方就是它的空间非常的大，两个孩子在后排加上父母都还有很多的空间，后备箱也是挺大的，有时候和老婆出门度蜜月行李箱放进去还有很多空间放其他的物品。,[不满意],[外观],外观这一方面这款车是非常出色的，车身的线条设计非常完美，看起来非常有运动感，整体给人有一种霸气的感觉。,[内饰],内饰方面的话总体来说还是可以的，尤其是方向盘的手感，真的摸起来超级舒服，驾驶起来非常的棒。,[空间],空间方面没的说空间特别大，对我来说这款车空间给我的感觉是非常的好的，整体也是非常舒服。,[舒适],舒适感，我觉得这款车做到了还是比较到位的隔音方面的话做的也是非常ok，驾驶起来也没有什么噪声。,[油耗],耗油方面确实比我想象中的较大，但是没有想到超出我的预算。,[动力],动力方面的话也是非常有爆发力的，而且在换挡的情况下也是比较平顺的。,[操控],操控方面的话比较简单，这款车操作也没有想象中的那么难。,[性价比],买这款车的原因是因为考虑到家里的人，孩子和老婆还有爸妈，除了上下班还要去学校接孩子，这辆车的空间非常的大所以才选择到这款车。,展开全部
"
    发表于  2021-07    

      
        
    
    
",其实这款车提示到现在也没有多久吧，目前还没有发现什么特别不满意的地方，如果一定要说的话，就是感觉这款车车漆会有一些薄，这也是亲身体验过的，有条件的话之后会去做一些修改,https://image1.xcarimg.com/attachments/my/1/90/83/184_120.jpg,xuser1918318,三星会员,4.75,外观,5,内饰,5,空间,5,舒适,5,油耗,4,动力,4,操控,5,性价比,5,购入信息,爱车车型,购入时间,2021/3/1,购车地点,广西百事成汽车销售服务有限公司 [广西省],裸车价格,20.24万  (厂商指导价 20.58万),当前油耗,8.2L/100km,购入用途,接送小孩,自驾游,爱车简评,选择这款车也是因为我比较看中SUV的性能，我看SUV的车也是蛮多的吧，我做了很多的功课，感觉就是众多的SUV都是油耗比较高的，还有就是价格也是非常的高的，直到我看到了这款进口的斯巴鲁XV,爱车评价,[最满意],最满意的就是这款车的颜值的外观造型设计的非常与众不同，看起来还是非常有独特的气场，而且这款车的配置也是非常不错的，辅助性的功能特别全面。,[不满意],[外观],外观的造型设计我确实非常的喜欢，看起来还是非常稳重大气的，整个车身的线条设计的是非常漂亮的，最喜欢的就是前脸的大灯设计，非常的犀利。,[内饰],中控内饰的整体设计倒是比较普通，毕竟这款车的价格已经不算低了，看着并不是特别的有档次，而且储物空间搭配的也比较少。,[空间],乘坐的空间对于我来说是完全能够满足的，前排座椅和后排座椅的腿部空间都是非常宽敞的，而且这款车的后备箱也特别大，装载能力还是很强的。,[舒适],前排座椅的舒适性我还是非常满意的，柔软度和包裹感都特别好，后排座椅如果满载的情况下，舒适性还是会有些影响的，毕竟中间位置凸起得实在太明显了。,[油耗],综合油耗大概百公里10个油左右吧，毕竟是以城市出行为主，油耗的表现我还是非常满意的。,[动力],动力对于我来说是完全能够满足的，这款车的提速感受我还是非常满意的，满载的情况下动力输出依然是非常强劲的，高速驾驶的时候动力储备也是很足的。,[操控],驾驶这款车还是比较轻松的，方向盘的手感很好，指向也特别精准，而且底盘的做工特别扎实，高速驾驶的时候，车身的稳定性还是非常不错的，辅助性的功能可以说是非常全面了。,[性价比],买这款车的时候就是觉得这款车的外观我特别的喜欢，造型设计的还是非常出色的，而且这款车的动力表现也特别好，完全能够满足我的需求。,展开全部
"
    发表于  2021-07    

      
        
    
    
",这款车子综合方面的性能我都比较喜欢，没有什么不喜欢的地方，如果油耗量再低一些，这款车子就更加的满意了。,https://image1.xcarimg.com/attachments/my/1/90/83/182_120.jpg,xuser1918318,三星会员,4.5,外观,5,内饰,5,空间,5,舒适,5,油耗,4,动力,4,操控,4,性价比,4,购入信息,爱车车型,购入时间,2021/3/1,购车地点,海南皇冠实业有限公司(斯巴鲁) [海南省],裸车价格,20.23万  (厂商指导价 20.58万),当前油耗,8.2L/100km,购入用途,接送小孩,自驾游,爱车简评,选择这款车的原因是因为日系品牌的车辆口碑和质量都是很不错的，也是因为自己也比较喜欢斯巴鲁这个品牌，所以说在自己的预算之内，选择了斯巴鲁XV这一款试驾之后，感觉各方面都非常的不错，也是比较符合我的要求,爱车评价,[最满意],这款车子的内饰和外观方面是我非常满意的地方。看着特别的高档，车子的配置很高。价格方面也很划算。,[不满意],[外观],这款车子的外观方面设计也非常的时尚。车身的线条很流畅。大灯的设计也很洋气，外观方面是我比较喜欢的一款风格。,[内饰],这款车子的内饰方面设计也很高档豪华。配置方面也非常的丰富，该有的功能都有。内饰方面我也是非常喜欢的地方。,[空间],这款车子的空间我感觉也非常的大，坐进去比较宽敞。后备箱的储物空间设计的也非常合理，出行特别方便,[舒适],这款车子的舒适度也比较高，车内没有什么异味，异响。空间也很大，座椅也很软坐着也很舒服。舒适度还是非常高的。,[油耗],这款车子的油耗量方面比较高一些，也可能跟我的行驶路段和开车习惯有一定关系，好一点的路况油耗量还比较适中。,[动力],这款车子的动力方面我感觉也非常的不错。轻踩油门就很有推背感。完全能够满足我日常对动力方面的需求。,[操控],这款车子的方向盘手感比较不错，操控起来比较轻松。而且刹车和油门系统的反应比较迅速。车身也很灵活，操控起来比较得心应手,[性价比],因为这款车子的内饰，还有外观方面都是我非常喜欢的。，而且性价比很高。这个价位能买到这么高配置的车，感觉特别的划算。,展开全部
"
    发表于  2021-07    

      
        
    
    
",隔音、密封和做工扎实性还有待提高；副驾座椅不是电动调节，有电子驻车但没加自动驻车，有点掉价也不太方便。,https://image1.xcarimg.com/attachments/my/1/90/82/612_120.jpg,xuser1918261,三星会员,4.5,外观,4,内饰,4,空间,5,舒适,5,油耗,5,动力,5,操控,4,性价比,4,购入信息,爱车车型,购入时间,2021/3/1,购车地点,唐山市冀东斯巴鲁汽车销售有限公司 [河北省],裸车价格,20.22万  (厂商指导价 20.58万),当前油耗,8.2L/100km,购入用途,接送小孩,自驾游,爱车简评,性价比很高，个人看法，买车至今没后悔的想法，要颜有颜，要操控有操控，配置也不少，性价比是有的。,爱车评价,[最满意],ES使用非常方便、可靠；全时四驱，跑在路上妥妥的安全感；音响系统效果不错；LED大灯系统远近光自适应带随动；操控性不输欧美系；油耗不高；配置丰富。,[不满意],[外观],这车是一款跨界车，外观是这车的一大亮点，值得一提的是这车的轮毂是他的亮点，驾驶起来整车的外观还是很有回头率的，虽然我本人不是颜控，但是这车的外观还是成功的征服了我。,[内饰],内饰总体不错，车内异味不大，使用过一段时间就基本没什么味道了。中控台的档次也不错，内饰包围部分的阻尼也满意。,[空间],乘坐空间对于我身高不高的人算足够，如果身高太高的人会有点显小；储物空间还不错，特别开门把手处不是镂空设计非常好；后备箱尚可，比轿车大。,[舒适],整车舒适性表现很不错，但不是那种特别好的感觉，但是相较我开过的其他日系国产suV好多了，后排空间也可以，家人满意。不过，风燥、胎噪会有一些，车门的封闭性还可以，但整体隔音一般般了，但是还在接受的范围之内。,[油耗],目前的油耗9.8，市内跑居多，还经常开空调， 2.0的排量能有这样的油耗我还是很满意的，对于这样的一款SUV来说的话很经济省油，和预期的相差无几，个人对于油耗没有什么异议。,[动力],xv采用2.0升排量的水平对置发动机，目前夏季开着空调油耗9.8，个人感觉不错了，平时驾驶马力足够，动力肯定没问题，油门也很灵敏，一点就有，家用的话动力上不用担心。,[操控],说起操控开车的信心很足，本身离地间隙足够用，视野不错，过弯很稳，侧倾很小，而且操控也向来是斯巴鲁的一个强项吧，即使是SUV，驾驶起来也并没有感觉很笨重，整车操控上手快，操控灵活。,[性价比],安全性能高，全时四驱SUV，ES辅助驾驶系统，顶配配置丰富，整车进口，价格正好在预算左右，油耗不高，斯巴鲁一向以安全著称。,展开全部
"
    发表于  2021-07    

      
        
    
    
",最不满意的地方，就是车子的内饰太过于简约朴素，没有什么特别让人眼前一亮的地方。,https://image1.xcarimg.com/attachments/my/1/90/61/450_120.jpg,gh1625556606,三星会员,4.5,外观,4,内饰,5,空间,5,舒适,5,油耗,5,动力,4,操控,4,性价比,4,购入信息,爱车车型,购入时间,2021/3/1,购车地点,石家庄鑫山汽车销售服务有限公司 [河北省],裸车价格,20.21万  (厂商指导价 20.58万),当前油耗,8.2L/100km,购入用途,购物,接送小孩,爱车简评,选择理由，当然是因为它的外观咯，还有就是家人朋友跟我推荐斯巴鲁这个品牌他是日系的，所以它的安全性能是完全不用担心的，因为是有家庭的，所以在这方面会比较看重,爱车评价,[最满意],对这款车最满意的地方，首先就是他的颜值方面，外观看起来特别的有型，给人一种很英气的感觉。,[不满意],[外观],车子的外观看上去特别的简单，但其实就特别的有内涵，给我的直观感受就是看起来特别的英气，所以我给外观满分。,[内饰],他的整体内饰用料也都不错，塑料面积占多一些但是整体还是很不错的。然后就是他的GPS比较不够灵敏,[空间],空间方面的评价，我给的是满分，首先因为我平常但是我朋友们出门吃饭，他们坐在后排也不会太过拥挤，然后车子的储物格子储物能力还挺棒的。,[舒适],车子舒适性，隔音效果特别的棒，在车里什么车牌照身后的发动机的声音，根本就听不到到，所以给舒适性满分。,[油耗],车子的油耗方面的话呢，我给的是满分，原因是，因为她在高速路上的耗油，对我来说还算比较低的，所以还算挺省心的,[动力],车子的动力方面的话，有一次我上高速的时候，想试试油门的能力，于是就踩了油门，然后车子产生的动力特别足，所以动力满分,[操控],操控性能的话呢，首先车子的方向盘，握起来特别的容易上手，然后油门，刹车，这些配置都挺棒的，所以操作性能上，我给满分。,[性价比],选这款车的理由，首先也是被他的高颜值所吸引了，他给我的感觉就是特别的干练又简约，然后车子的动力也特别的充足。,展开全部
"
    发表于  2021-07    

      
        
    
    
",这个车的话，如果直接一起步就走的话，会非常的抖，抖得异常的厉害，并且不是一般厉害，他们说的都是因为车子能启动的原因，但是现在的车的话一般都不需要能启动了。也许是斯巴鲁对于发动机不一样的地方吧。,https://image1.xcarimg.com/attachments/my/1/90/77/300_120.jpg,gh1626743793,三星会员,4.5,外观,5,内饰,5,空间,4,舒适,4,油耗,4,动力,5,操控,5,性价比,4,购入信息,爱车车型,购入时间,2021/2/1,购车地点,深圳市汇成洋汽车服务有限公司龙华分公司 [广东省],裸车价格,20.2万  (厂商指导价 20.58万),当前油耗,8.2L/100km,购入用途,接送小孩,跑长途,爱车简评,选车的时候预算是在20万以内，然后这个价位的车我都有对比过，觉得斯巴鲁XV这款车是最符合我的要求的，它的性价比很高，而且各种方面我都特别喜欢,爱车评价,[最满意],最满意的应该从动力说起，只要舍得给发动机加油，动力是源源不绝的。平常超车那都是一般车都能超，但是在高速路上这车超车也非常容易。,[不满意],[外观],外观我真的特别喜欢，第一眼看上他就是因为他的外观给我的感觉就是非常有个性而且时尚，然后车身线条非常硬朗,[内饰],内饰设计风格我并不是特别喜欢，因为我觉得它的内饰设计风格可能过于中规中矩了一些，但是他的中控台还是不错的,[空间],这方面我还挺满意的，因为他的空间挺充足，后排坐三个人的话是完全没有问题的，后备箱的容量也特别大,[舒适],这一方面就特别不满意了，因为它的隔音效果真的很差，噪音非常大，然后他的减震性也不是特别好，过一个减速带颠簸非常明显,[油耗],这方面我觉得他控制的还是挺好的，油耗现在目前保持在8到9个油之间，我觉得对于我来说我挺满意,[动力],这一方面我特别满意，因为它的动力操控起来特别舒服，极速和起步都挺快的，然后超车完全没问题,[操控],操控这方面必须点名表扬，因为它开起来的感觉特别舒服，一点压力都没有，我的女性朋友们开我的车都觉得上手非常快,[性价比],说买车都是命，我本来去买是准备买crv的，结果crv的销售啊，太不给力了，在我面前很装呀，很了不起呀，以为我是个穷人，买不起呀。一点都没有热情，我就不想买了，我旁边有一家斯巴鲁的专卖店，我又顺便过去看了一下，销售还不错，非常的热情，反正都这么大个车，还不换个品位就买它了。,展开全部
"
    发表于  2021-07    

      
        
    
    
",这款车最让我不满意的一点就是他的车其和后备箱的尺寸还有副驾驶没有电动调节。,https://image1.xcarimg.com/attachments/my/1/90/82/601_120.jpg,xuser1918260,三星会员,4.63,外观,5,内饰,5,空间,5,舒适,4,油耗,4,动力,4,操控,5,性价比,5,购入信息,爱车车型,购入时间,2021/2/1,购车地点,广州市陈唱汽车销售有限公司 [广东省],裸车价格,20.19万  (厂商指导价 20.58万),当前油耗,8.2L/100km,购入用途,购物,接送小孩,爱车简评,选择这款车的理由也是因为它的外观特别的霸气，也是属于实用型，空间也很OK，舒适性也是相当完美的。,爱车评价,[最满意],开了这么久下来，确实是越看越喜欢无时不在的市区，给力的操控非常的满意而且他的空间我觉得做得还是非常的充足的油门动力你只要肯采就会加速，而且颓废感很强。,[不满意],[外观],外观也是不多说，整体也是中规中矩，我也不喜欢大众点，我个人认为这款车还是比较耐看的，前脸的设计也是鹰眼的设计，特别的新颖。,[内饰],那次也算是中规中矩，也没有那么多花里胡哨的东西，芥叶的功能也是都有了，而且他也是属于耐看型，中控按键的布局，我也是特别的喜欢。,[空间],空间方面，我觉得无可挑剔了整个乘坐空间轴距摆在那儿的确实是非常的宽敞，而且后备箱的储存空间比我想象的要大很多。,[舒适],舒适性方面，座椅舒服皮质确实是不错，副驾驶没有电动调节比较low一些好在他的隔音效果确实是还不错，但是减震方面有做的没有很好。,[油耗],整个油耗方面呢，不吹不黑斯巴鲁的全时四驱确实是比同排量的两驱轿车都低超级省油。,[动力],动力方面，我觉得没得说斯巴鲁的车在动力方面有很好的口碑油门响应非常迅速，加速也很平稳。,[操控],这款车的操控性也是特别不错的，虽然这次还不到1.5吨，但给我，的感觉还是比较厚实，就是下盘稳，而且方向盘手感也特别不错，悬挂方面也偏向运动风格，还有减震阻力也越大，回弹阻尼小，方向盘打起来也是没有虚位，延迟也是控制的刚刚好。,[性价比],那我选择这款车，那是因为原来自己的飞度也开了10年左右了，实在是想换一辆车，而且确定SUV那是无意间看到斯巴鲁的这款车，其实我有去做很多。他的评价这款车确实整体下来评价还是非常高的口碑也很好，那它的外观方面我也是非常的喜欢给我的感觉就是非常的大气。他整个实用性非常的强，很适合家用。,展开全部
"
    发表于  2021-07    

      
        
    
    
",就是噪音的问题，中控导航的低能，远不如百度地图好用，没有进口原装的CD机。,https://image1.xcarimg.com/attachments/my/1/89/38/463_120.jpg,gh1618884546,三星会员,4.38,外观,5,内饰,5,空间,4,舒适,4,油耗,4,动力,4,操控,4,性价比,5,购入信息,爱车车型,购入时间,2021/2/1,购车地点,厦门汇车友汽车服务有限公司 [福建省],裸车价格,20.18万  (厂商指导价 20.58万),当前油耗,8.2L/100km,购入用途,购物,接送小孩,爱车简评,这款车外观比较喜欢，空间非常大，家里有孩子大一点很方便，而且科技感非常强，自适应巡航非常好用方便。,爱车评价,[最满意],综合体验佳，感受到了科技进步对驾驶体验的提升，外型犀利，旗舰版的大灯随动，LED光源，银色装饰条带来的运动科技感。饱满的线条感，底盘高度满足越野车的基本标准，轮胎使用普利司通18寸，各项参数显示基本齐全，很满意。发动机的智能感体现在日常，淋漓尽致。全时四驱之中省油的混动车。进口的科技感十足的机械性能很强玩具。,[不满意],[外观],个人感觉还挺时尚耐看的，特别是那个花型轮毂，见仁见智了，我肯定是因为喜欢才买的了，但是我现在身边的人问下来好像反响平平..做工还是很不错的，日本制造的工艺水平还是有保证，每一处都是严丝合缝的。,[内饰],内饰做工说不上什么豪华，就是简简单单的，车机中控设计比较合理，反应也很快，想要看的信息应有尽有。,[空间],无论是前排座椅和后排座椅，都有足够的空闲空间，尤其是车顶的行李架，超大的空间，可以随意堆放旅行出行的众多行李，视野设计很合理，前排的A柱防盲区的小三角窗很符合安全主动思维，后备厢的小视窗可以作为后备厢放置婴儿座椅作为视野窗。,[舒适],很舒服自己加了两个小枕头很干脆很整洁，简洁大方，驾驶员座椅很舒服，还有加热功能，很满意了。,[油耗],只能说没有想象中省油，这套混动系统主要还是提升了市区表现，高速油耗没有太明显影响,[动力],非常强劲，在市区尝试过超车，提速的反应很快，只要舍得踩油门，但刹车很敏感，因为eyesight和主动安全防御给的刹车辅助也很强，所以没有过分的加速。,[操控],开过斯巴鲁的人这个优势只可意会不可言传，十足的给力，在市区尝试过超车，提速的反应很快，只要舍得踩油门，但刹车很敏感，因为eyesight和主动安全防御给的刹车辅助也很强，所以没有过分的加速，这个价位里操控可以说比较无敌了，和我之前的车子一对比简直天上地下。悬架表现优秀，高速过弯侧倾控制的非常好，体感极佳，换了我之前的车子相同速度过这个弯人都东倒西歪了。转向精准，方向盘力度适中。全时四驱也无惧雨雪路面，esp介入及时。,[性价比],预算在20万左右，基本价位的车都看了，想选个操控、性能、个性一点的车，非常喜欢斯巴鲁这个具有赛车历史的品牌，比较注重车子的机械性能，所以现在了XV。,展开全部
"
    发表于  2021-07    

      
        
    
    
",只有主驾有电动座椅调节，副驾却没有，这个不太人性化，副驾驶如果坐女同志的话又要吐槽了，中控车机系统与手机互联功能部分缺失在现在这个数字化时代会有点格格不入，还有一点不太爽的就是没有一键启动,https://image1.xcarimg.com/attachments/my/1/89/77/344_120.jpg,gh1620792787,三星会员,4.75,外观,5,内饰,5,空间,4,舒适,5,油耗,4,动力,5,操控,5,性价比,5,购入信息,爱车车型,购入时间,2021/2/1,购车地点,福建榕晖汽车销售服务有限公司 [福建省],裸车价格,20.17万  (厂商指导价 20.58万),当前油耗,8.2L/100km,购入用途,接送小孩,自驾游,爱车简评,本人的购车理念是在外观满意的前提下，动力要足，操控要好，通过性高，，尽量不要太臃肿，价格又能在我的预算范围内，非XV莫属呀,爱车评价,[最满意],这套eyesight的鹰眼系统确实好用，灵敏度跟辨识度都比较好，智能化程度高，再配合其他驾驶辅助系统，不管是对于新手司机还是对于复杂路况都能让人安心驾驶，很大程度保证了驾驶安全性,[不满意],[外观],外观短小精悍，还有个18寸的大脚，从侧面看起来还挺是那么回事，比较有拉力车那种越野的感觉，虽然整车外观看起来缺乏一些设计感，没什么特别的地方，但是从另一方面想想这种设计也不容易过时啦,[内饰],内饰中庸，没什么美感，车机稍微显得有些廉价，好在内饰材料用料比较足，做工也比较好，没有异响，车内的装饰都装配的很紧实，手摸起来按起来都比较结实，也就唯独是缺乏了些设计感,[空间],相比于同级别的suv车内空间确实不如他们，甚至可能会有些差，不过这也得看你的用车需求对吧，像我主要就是跟老婆两个人开这车，后排偶尔做一两个朋友，这还是绰绰有余的，后备箱也就是平时放些矿泉水还有一些运动装备，如果放假出去玩的话还会多放些户外装备以及帐篷什么的，因为想到有可能还会长途自驾还给车顶行李架上装了一个行李舱，这样下来一个月的出行物资装下来是没问题的了,[舒适],皮质座椅包裹度好，并且有良好的支撑度，也能过滤一部分的颠簸，隔音降噪水平中规中矩，同级里面不算很好的那种，不能跟主打降噪的别克那种车型比，车内空调出风口比较少，后排没有，但是夏天空调制冷的速度还有风量确实可以，基本打开几分钟车内就能迅速降温,[油耗],凭良心讲，不吹不黑哈，7.9的油耗水平还是全时四驱的系统，基本比很多suv的两驱油耗还要低些吧，而且自己平时也都会走一些拥堵路段，时速也是不高,[动力],2.0自然吸气发动机开起来没有什么肉的感觉，低速提速比较快，平顺性也很好，基本能做到随传随有，不会有涡轮机那种迟滞，不过个人还是觉得如果要能有2.5排量那就更加完美了，起码账面数据看着更舒服一些,[操控],这个可能是只有斯巴鲁的车主能够体会的了，这车下盘确实稳，悬挂偏向运动调教，支撑性好弯道侧倾小，动态更稳，车身的跟随性更好，整车虑震做的到位，过沟沟坎坎干脆利落，没有多余弹跳跟甩尾，并且车身离地间隙高，差不多有220mm，这样的话通过性更好，转向系统手感好，高速变线灵活，低速单手操作容易，还有刹车系统虽然前段偏软，但是中后段刹车力充足,[性价比],喜欢这款车的理由可能相比于别人比较特别，那就是看了乘风破浪那部电影，里面的主人公是个拉力车手，他就是开着自己的那部斯巴鲁XV获得了冠军，里面的一些拉力镜头都展现出这款车优秀的操控性能，而且感觉这车比polo还有福克斯那种拉力改装车更有感觉，更小众，也能让车主显得更加与众不同,展开全部
"
    发表于  2021-07    

      
        
    
    
",我对于这款车最不满意的地方，应该就是在车子的内饰上这款车的内饰材料不是很好，感觉不出有什么质感。,https://image1.xcarimg.com/attachments/my/1/90/26/141_120.jpg,gh1623316364,三星会员,4.5,外观,4,内饰,4,空间,5,舒适,5,油耗,5,动力,4,操控,4,性价比,5,购入信息,爱车车型,购入时间,2021/2/1,购车地点,青岛鑫源斯巴鲁汽车销售服务有限公司 [山东省],裸车价格,20.16万  (厂商指导价 20.58万),当前油耗,8.2L/100km,购入用途,购物,接送小孩,爱车简评,选择这款车的理由呢，首先也是被这款车的优越性价比吸引了，这款车无论是外观还是空间方面都特别符合我的要求，在4S店里选车的时候他也是被我一眼相中了，经过试驾后发现整个车的功能也还不错于是就把它买回家了,爱车评价,[最满意],对于这款车最满意的地方，就是车子的外观了年轻化的设计外观再配上年轻时尚的颜色，整个车就看起来特别的有活力。,[不满意],[外观],车子的外观设计我给的是满分，因为这款车的外观住很具有活力感，这款车的配色也很高级。,[内饰],内饰风格的话我还挺满意的，不仅具有科技感而且它的做工感觉起来也蛮精细的，所以给内饰满分。,[空间],车子空间没话讲给满分，因为这款车的空间真的挺大的，平时带的三五好友出门吃饭聚餐完全不是问题一点都不拥挤。,[舒适],这款车的舒适性我打四分，因为他的整个隔音效果不是特别得好，如果碰到雨天或者打雷的天气，整个车的噪音会比较大。,[油耗],车子的油耗方面我给的是满分，因为这款车的油耗相对来说还算比较符合我想要的预期油耗了。,[动力],车子的驱动力了，我给的是满分，因为这款车的动力真的挺充足的，平时在市区那你完全不用担心超车没有动力。,[操控],车子的操控表现足够棒，首先是他的转向很精准，不会有什么偏差，然后车的形式稳定度也是比较不错的，所以整个说的操控表现给满分。,[性价比],我选的这款车的理由呢，是因为妻子她挺喜欢的这款车子的，所以我就决定买这辆车送给她，于是去4S店里想要试驾这一款车，销售也跟我说，这款车最近的优惠力度蛮大的试驾的体验感也是不错的空调制冷制热效果也挺快，所以就把它买下来准备送给妻子啦。,展开全部
"
    发表于  2021-07    

      
        
    
    
",自己千挑万选的车没有什么不满意的，如果硬要说不满意的话就是高速超车不如1.8t以上的大功率车提速快。,https://image1.xcarimg.com/attachments/my/1/90/03/822_120.jpg,gh1622182088,用户被禁止发言,4.75,外观,5,内饰,5,空间,5,舒适,4,油耗,5,动力,4,操控,5,性价比,5,购入信息,爱车车型,购入时间,2021/1/1,购车地点,山东世通汽车城有限公司 [山东省],裸车价格,20.15万  (厂商指导价 20.58万),当前油耗,8.2L/100km,购入用途,自驾游,跑长途,爱车简评,选择这辆车的主要原因是因为它的外观是我喜欢的造型，其次就是它的整体配置很好。,爱车评价,[最满意],精细的做工，优良的产品，可靠的安全性，随心所欲的驾驶感，舒适的坐姿，较低的油耗，回头率极高的外观，这些都是我比较满意的。,[不满意],[外观],外观时尚年轻，回头率高，霸气大方但又不显瘫肿，离地距离高但又不显出高，整体给人以一种非常养眼感。,[内饰],内饰精致无异味，无异响，车机u盘不能播放无损音乐，倒车影像提示线不能随便移动。,[空间],空间这个问题就要看你是做什么用的了，如果经常拉货或者坐人比较多那你就不要选择这款车，这款车是紧凑车型，可以坐5人，但坐4人比较舒服，空间很宽裕，后备箱跑长途拉行李也绝对够用。,[舒适],悬架舒适，路感清晰，过减速带颠簸有感但可以接受，突然加速时发动机声音稍大，但和其他发动机声音不同，很好听，有赛车的感觉。,[油耗],目前行驶四千多公里，平均油耗10.1升，非常满意，我认为谈评论油耗都是扯淡，为什么这样说，比如我说经常行驶在市区是4公里的路程，有8个红绿灯另加5个人行横道，人多车多，百公里油耗要14个左右，而我跑高速1000多公里平均百公里油耗才6升，这样你说怎么算。,[动力],动力绝对够用，只是在高速上急超车略显不足，如果你没有开过大排量的车也就没有什么感受了，也无所谓。,[操控],方向盘没有虚位，手感轻重正好，路感清晰，底盘调教适中，刹车不软不硬，整车驾驶起来轻便灵活。,[性价比],看中的是多年坚守的品牌，全车进口，始终如一的可靠质量，水平对置的发动机，货真价实的全时四驱，以及较为领先的二级自动驾驶功能,展开全部
"
    发表于  2021-07    

      
        
    
    
",目前没有特别不满意的地方，如果非要说不满意的话那就是感觉。新车难免会有异味吧，勉强还可以接受。,https://image1.xcarimg.com/attachments/my/1/90/82/580_120.jpg,xuser1918258,三星会员,4.5,外观,4,内饰,5,空间,5,舒适,5,油耗,5,动力,4,操控,4,性价比,4,购入信息,爱车车型,购入时间,2021/1/1,购车地点,重庆精诚斯巴鲁汽车销售服务有限公司 [重庆市],裸车价格,20.14万  (厂商指导价 20.58万),当前油耗,8.1L/100km,购入用途,购物,接送小孩,爱车简评,选择这款车主要还是因为情怀，因为斯巴鲁的车子各方面都是非常不错的，我是非常喜欢这个品牌，自从了解车开始就对这个品牌情有独钟，所以这次买车首当其冲的选择他。,爱车评价,[最满意],精致的做工，优良的品质，可靠的安全性，随心所欲的驾使感，舒适的坐姿，这些都是我非常满意的。,[不满意],[外观],颜值非常高，买这车有一定的程度，也是因为外观好看而且个性时尚，具有一定的运动风格。符合我的审美观点，家人也都十分喜欢。,[内饰],内饰的做工和用料都很好，尤其做工十分精致，缝线针脚走位十分到位，整体衔接的也很好。最喜欢的是仪表盘以及中控上方两块液晶仪表的设计显示清晰内容丰富，给驾驶者提供相当全面的行车辅助,[空间],空间是很不错的，前排可调整的范围很大，毫无压力，十分舒服，后排略小，满载时不太适合长途，后备箱的空间虽然不大，但是家用也足够了,[舒适],斯巴鲁sv使用的是运动风格，座椅包裹性真的很不错。这样延续了斯巴鲁的赛车风格，前排座椅还有加热功能，冬天用起来很温馨。悬架调教的也很好，大部分的颠簸都能过滤掉。,[油耗],这边是小城市，但麻雀虽小五脏俱全，车流量也不小，完全市区驾驶9.6左右。市区县道对半的话，8.6左右经常奔走在高架桥，这样时速在80左右的地方话有油耗在7.1个左右。,[动力],油门响应迅速，加速平顺，2.0的排量里表现非常优秀。平时在市区应付各种路段完全足够，即使在高速上行驶动力输出也非常的平顺，尤其在换挡时变速箱没有明显的顿挫感。开起来非常的流畅。,[操控],操控也是非常的流畅，驾驶视野非常开阔。在驾驶时过弯时方向非常精准，完全可以做到指哪打哪？没有虚位。转弯掉头非常有自信，真皮方向盘的手感很细腻。握持度很好。要是加上方向盘的加热功能，冬天使用起来就超级爽了,[性价比],看重的是多年坚守的品牌，全车进口始终如一的可靠质量。水平对置的发动机，货真价实的全时四驱，以及较为领先的二级自动驾驶功能。,展开全部
"
    发表于  2021-07    

      
        
    
    
",目前还没有特别不满意的地方，总体来说斯巴鲁都让我非常满意,https://image1.xcarimg.com/attachments/my/1/90/68/220_120.jpg,gh1626054749,三星会员,4.38,外观,4,内饰,4,空间,5,舒适,4,油耗,4,动力,5,操控,4,性价比,5,购入信息,爱车车型,购入时间,2021/1/1,购车地点,天津空港斯巴鲁汽车销售有限公司 [天津市],裸车价格,20.13万  (厂商指导价 20.58万),当前油耗,8.1L/100km,购入用途,购物,接送小孩,爱车简评,斯巴鲁的口碑很好，符合新手司机的购车需求。同价位的宝来在配置方面相对大众其他车型更加完善。,爱车评价,[最满意],最满意的话，肯定是它的外观，它的外观看起来真的非常的霸气侧漏，而且这款车的操控做得非常的好，整体的驾驶感受非常的舒服，这款车在这方面的话，也不会比宝马的操控差，我感觉甚至比宝马做的还好。,[不满意],[外观],外观的设计真的非常的好看，整体是运动风格，然后又有点霸气侧漏的感觉,[内饰],内饰的布局也非常的好，整体的设计风格，我非常的满意，中控大屏用起来有非常的好用，有多按键的小设计也比较人性化的，用起来很好使用,[空间],空间方面的话，对我来说不是特别的宽裕，因为我自己是个比较高大的人，所以觉得可能会有点挤,[舒适],舒适性对我来说真的挺不错的，整体的感觉非常的好，座椅的包裹性特别强，给我的安全感也特别的足。,[油耗],油耗方面的话，对我来说不是特别的高，我还是能接受，而且是四驱车，我觉得这点油耗应该算比较省的吧？,[动力],动力方面的话也是非常的充足，开起来特别的自然，而且这款车的动力提速方面的话，真的是非常的好，总体表现我还是很喜欢的,[操控],操控方面的话，我觉得真的是这样具有操控性，这款车换挡的话也是比较平顺，而且全车是四驱的，整体的动力还是非常强的，驾驶起来特别的稳,[性价比],由于是第一辆车，所以我就选择了一款比较熟悉的车型。感觉斯巴鲁的质量比较可靠，各方面的机械性能也是相当稳定。,展开全部
"
    发表于  2021-07    

      
        
    
    
",不太满意的地方其实也是有一些的，我觉得这台车子的方向盘其实多少是存在着一定虚位的，不过对于家用车来说的话，我觉得也可以接受,https://image1.xcarimg.com/attachments/my/1/90/82/562_120.jpg,xuser1918256,三星会员,4.5,外观,4,内饰,4,空间,5,舒适,5,油耗,5,动力,5,操控,4,性价比,4,购入信息,爱车车型,购入时间,2021/1/1,购车地点,上海安吉斯巴鲁汽车销售服务有限公司 [上海市],裸车价格,20.12万  (厂商指导价 20.58万),当前油耗,8.1L/100km,购入用途,接送小孩,自驾游,爱车简评,选择这款车也是因为看中了它的外观，它的外观非常的帅气，在我看来，它的外观在这个价位中，哪怕是宝马，奔驰在气场上也比不上他，她的气场真的非常强大，就尤如一个老大哥一样,爱车评价,[最满意],这台车子最满意的地方是觉得它的动力开起来真的很不错，提速的效果非常快，而且爆发力也非常的强,[不满意],[外观],这台车子的外观颜值方面，我觉得看上去是非常大气的，而且有着一种特别不一样的气质，所以这是当时非常吸引我的,[内饰],内饰的设计上我觉得是一种比较经典的类型，而且功能的配备上也是比较丰富的，行车过程中是非常方便操作的,[空间],这台车子的空间方面我觉得还是不错的，虽然没有非常的大，但是对我来说倒是足够用了，属于家用来说刚好合适的类型，前后排坐满人的情况下也不会觉得拥挤,[舒适],关于这台车子的舒适性方面是让我觉得挺满意的，平时坐在车内一点都没有拥挤压抑感，而且座椅也挺柔软舒适，包裹性也非常的强,[油耗],这台车目前的油耗我觉得表现的也是让我很满意的，我开上这台车子之后，几乎从来没有担心过它的油耗，因为不管在任何路况下，它的油耗值都是没有超出我的心理预期的,[动力],在动力方面，这台车子给我的感觉是非常不错的，我特别喜欢他的动力，开起来的时候感觉真的很好，提速效果很快，爆发力也超级强,[操控],关于这台车的操控，我觉得每个人开车习惯不同，所以对我来说这台车子的各方面调教还是挺符合我的习惯的，不过就是觉得方向盘存在着一些虚位,[性价比],选择这台车子的原因，首先就是因为喜欢它的外观造型，我觉得相对来说比较有气质，非常的吸引我，另外就是感觉这台车子的动力不错，空间也很宽敞,展开全部
"
    发表于  2021-07    

      
        
    
    
",这款车的悬架减震调效的比较硬，对于坑洼路段的过滤比较一般，颠簸感是比较明显的。,https://image1.xcarimg.com/attachments/my/1/90/82/528_120.jpg,xuser1918252,三星会员,4.5,外观,5,内饰,4,空间,4,舒适,4,油耗,5,动力,4,操控,5,性价比,5,购入信息,爱车车型,购入时间,2021/1/1,购车地点,北京五方中冀汽车销售有限公司 [北京市],裸车价格,20.11万  (厂商指导价 20.58万),当前油耗,8.1L/100km,购入用途,接送小孩,自驾游,爱车简评,这款车最吸引我的地方就是它的动力表现了，试驾的时候就感觉整体风格符合我个人的喜好，动力表现的特别强劲，而且这款车也特别容易上手。,爱车评价,[最满意],最满意的就是这款车的颜值的外观造型，看起来还是非常有辨识度的，就喜欢这种与众不同的风格，而且空间对于我来说也是非常够用的。,[不满意],[外观],这款车的外观造型看起来还是非常时尚大气的，搭配了白色的车漆，看起来非常的干净利落，前脸的造型是非常具有辨识度的，两个大灯看起来特别的犀利。,[内饰],中控内饰的整体风格我还是比较满意的，对这方面没有太高的要求，只要看着舒服就可以了，操作起来还是比较方便的，空间搭配的也非常实用。,[空间],乘坐的空间对于我来说是完全能够满足的，无论是前排座椅还是后排座椅，空间都是非常宽敬的，而且这款车的后备箱也特别大，储物能力还是不错的。,[舒适],座椅的舒适性我还是很满意的，柔软度和包裹感都非常好，乘坐起来还是比较舒服的，隔音的效果都是比较一般，高速驾驶的时候风噪和胎噪是比较明显的。,[油耗],油耗要比我预期的高一些，不过还可以吧，在接受的范围内。车都买了，就不要计较高一点点了。,[动力],动力对于我来说实在是太满意了，提速的感觉确实非常的强劲，即使满载的情况下，动力表现得也是非常充沛的，提速超车是毫无压力的。,[操控],驾驶这款车还是非常轻松的，方向盘的手感很好，指向也特别精准，而且底盘的做工还是非常扎实的，高速驾驶的时候，车身的稳定性是非常好的。,[性价比],经历了好多波折，终于选择了一款自己比较喜欢的车。这款车的各个方面都比较符合我的要求。,展开全部
"
    发表于  2021-07    

      
        
    
    
",对我来说最不满意的，就是他的GPS有时候反应会有点迟钝，不够灵敏。,https://image1.xcarimg.com/attachments/my/1/90/57/051_120.jpg,gh1625212745,三星会员,4.63,外观,4,内饰,4,空间,5,舒适,5,油耗,4,动力,5,操控,5,性价比,5,购入信息,爱车车型,购入时间,2021/4/1,购车地点,西宁中冀汽车销售有限公司 [青海省],裸车价格,18.3万  (厂商指导价 19.18万),当前油耗,8.3L/100km,购入用途,接送小孩,自驾游,爱车简评,我最终能够选择这款车原因也是因为这款车的性价比，当然了和国产品牌的车相比较的话，性价比是不行的，但是纯进口的，性价比就是另一码事了，性价比同级别车型比较还是很不错的,爱车评价,[最满意],最满意的当然是它的外观了，而且它的颜色非常的吸引我就整体还是特别的绚丽，然后他整个车身的线条感非常的饱满。再来，他是全四驱的混动车，所以他的油耗也是特别节省的。,[不满意],[外观],外观，我比选择蓝色对我来说，让我有些比较喜欢时尚的感足的但是他整体感觉都特别的大气稳重，反正就是很喜欢。,[内饰],内饰的设计我感觉没有什么特别的地方，用料的话有点省了，不是很厚道，做工到是很精细，基本上是满意的,[空间],要为他的空间处理好了，就是他的空间整体设计还是非常的合理很充足，对于家用来说完全够用了，我去自驾游出门旅行五个人的行李都可以放下。,[舒适],整车舒适性表现很不错，但不是那种特别好的感觉，但是相较我开过的其他日系国产suv好多了，后排空间也可以，家人满意。不过，风燥、胎噪会有一些，车门的封闭性还可以，但整体隔音一般般了，但是还在接受的范围之内。,[油耗],目前的油耗9.8，市内跑居多，还经常开空调， 2.0的排量能有这样的油耗我还是很满意的，对于这样的一款SUV来说的话很经济省油，和预期的相差无几，个人对于油耗没有什么异议。,[动力],xv采用2.0升排量的水平对置发动机，目前夏季开着空调油耗9.8，个人感觉不错了，平时驾驶马力足够，动力肯定没问题，油门也很灵敏，一点就有，家用的话动力上不用担心。,[操控],说起操控开车的信心很足，本身离地间隙足够用，视野不错，过弯很稳，侧倾很小，而且操控也向来是斯巴鲁的一个强项吧，即使是SUV，驾驶起来也并没有感觉很笨重，整车操控上手快，操控灵活。,[性价比],选择理由，当然是因为它的外观咯，还有就是家人朋友跟我推荐斯巴鲁这个品牌他是日系的，所以它的安全性能是完全不用担心的，因为是有家庭的，所以在这方面会比较看重，然后他的空间也是比较充足的坐进车里还都是比较舒服。,展开全部
"
    发表于  2021-07    

      
        
    
    
",最不满意的一点就是他的内饰设计风格和我想象中的不太一样，还有就是它的隔音效果和减震性都挺差的,https://image1.xcarimg.com/attachments/my/1/90/57/056_120.jpg,gh1625212769,三星会员,4.38,外观,5,内饰,4,空间,4,舒适,5,油耗,5,动力,4,操控,4,性价比,4,购入信息,爱车车型,购入时间,2021/4/1,购车地点,杭州康桥意盛汽车销售服务有限公司 [浙江省],裸车价格,18.29万  (厂商指导价 19.18万),当前油耗,8.3L/100km,购入用途,接送小孩,自驾游,爱车简评,对这款车最满意的地方，首先就是他的颜值方面，外观看起来特别的有型，给人一种很英气的感觉。,爱车评价,[最满意],最满意的一点就是它的外观真的非常好看，非常具有个性，然后设计感很强，特别是它的车身线条非常硬朗，而且它的操控感非常好，空间也特别大,[不满意],[外观],外观我真的特别喜欢，第一眼看上他就是因为他的外观给我的感觉就是非常有个性而且时尚，然后车身线条非常硬朗,[内饰],内饰设计风格我并不是特别喜欢，因为我觉得它的内饰设计风格可能过于中规中矩了一些，但是他的中控台还是不错的,[空间],这方面我还挺满意的，因为他的空间挺充足，后排坐三个人的话是完全没有问题的，后备箱的容量也特别大,[舒适],这一方面就特别不满意了，因为它的隔音效果真的很差，噪音非常大，然后他的减震性也不是特别好，过一个减速带颠簸非常明显,[油耗],这方面我觉得他控制的还是挺好的，油耗现在目前保持在8到9个油之间，我觉得对于我来说我挺满意,[动力],这一方面我特别满意，因为它的动力操控起来特别舒服，极速和起步都挺快的，然后超车完全没问题,[操控],操控这方面必须点名表扬，因为它开起来的感觉特别舒服，一点压力都没有，我的女性朋友们开我的车都觉得上手非常快,[性价比],选车的时候预算是在20万以内，然后这个价位的车我都有对比过，觉得斯巴鲁XV这款车是最符合我的要求的，它的性价比很高，而且各种方面我都特别喜欢,展开全部
"
    发表于  2021-07    

      
        
    
    
",最不满意就是这个车的油耗，那个时候油耗要八点几，要是不开高速的话，要九点几十点几这么多，唉，油耗有一点吃不住。,https://image1.xcarimg.com/attachments/my/1/90/33/525_120.jpg,gh1623905198,三星会员,4.38,外观,5,内饰,4,空间,4,舒适,4,油耗,4,动力,4,操控,5,性价比,5,购入信息,爱车车型,购入时间,2021/4/1,购车地点,柳州市美博汽车销售有限公司 [广西省],裸车价格,18.28万  (厂商指导价 19.18万),当前油耗,8.3L/100km,购入用途,接送小孩,自驾游,爱车简评,最满意的就是后备箱的后备箱放倒之后的话非常非常的宽大，并且方正平常出去旅游放点东西，然后累了休息的时候，它的用处就出来了。通常我都愿意带一张起床，然后铺上都不能在外面搭帐篷了，所以在车上就可以睡,爱车评价,[最满意],最满意的就是这个车的通过性的，都是底盘特别的高，一般路都能通过，并也不会挂地盘，同时是四驱的基本上的路，都能走一走，稀泥吧路，都是没有问题的。,[不满意],[外观],外观设计非常有个性独特。却显得非常简单。,[内饰],设计上富有未来的科技感，看上去就感觉像坐在飞船的驾驶舱里面一样。,[空间],空间真的宽，特别是后备箱，可以看一下图片就知道不是一般的后备箱。,[舒适],减震做得很好，能滤掉一些多余的滤袋，但是隔音做的却不是很好。,[油耗],油耗有点高了，感觉其他车的话也就7升左右的油吧，这个要8升。,[动力],动力好的不要不要的，在工地上开起来都是非常的轻松。,[操控],别看是SUV开始50码左右转弯都问题不大，一点都不觉得车要翻的感觉。,[性价比],本人是做工地的，有时候工地上的路确实需要能力比较强一点的时候底盘高一点的时候，不然过不去。汉兰达那些车其实就很不错，但是我买不起，只有买一个20万左右的，20万左右，如果买硬派越野的话，买国产都是有的，但是我觉得过山车不太行，然后看这个车的话，感觉还不错，就买了这个。,展开全部
"
    发表于  2021-07    

      
        
    
    
",这款车最让我不满意的一点就是他的车其和后备箱的尺寸还有副驾驶没有电动调节。,https://image1.xcarimg.com/attachments/my/1/90/57/135_120.jpg,xuser1915713,三星会员,4.75,外观,5,内饰,5,空间,4,舒适,5,油耗,5,动力,4,操控,5,性价比,5,购入信息,爱车车型,购入时间,2021/4/1,购车地点,海南皇冠实业有限公司(斯巴鲁) [海南省],裸车价格,18.27万  (厂商指导价 19.18万),当前油耗,8.3L/100km,购入用途,接送小孩,自驾游,爱车简评,说买车都是命，我本来去买是准备买crv的，结果crv的销售啊，太不给力了，在我面前很装呀，很了不起呀，以为我是个穷人，买不起呀。一点都没有热情，我就不想买了，我旁边有一家斯巴鲁的专卖店，我又顺便过去看了一下,爱车评价,[最满意],最满意的应该从动力说起，只要舍得给发动机加油，动力是源源不绝的。平常超车那都是一般车都能超，但是在高速路上这车超车也非常容易。,[不满意],[外观],外观也是不多说，整体也是中规中矩，我也不喜欢大众点，我个人认为这款车还是比较耐看的，前脸的设计也是鹰眼的设计，特别的新颖。,[内饰],那次也算是中规中矩，也没有那么多花里胡哨的东西，芥叶的功能也是都有了，而且他也是属于耐看型，中控按键的布局，我也是特别的喜欢。,[空间],本人身高173厘米，前排乘坐空间也很良好，做事也不错，后排的腿部空间也不错，后备箱有点偏小，其他的倒是都还不错，还有储物格的位置也很人性化。,[舒适],他的舒适性也是特别棒的，坐垫采用全包裹新设计，坐上去软软的特别舒服，还有它的座椅也是采用了人体的曲线，就算是跑长途，也不会感觉很累。,[油耗],它的油耗也是特别不错的，车的流量也是不错，在市区驾驶的话也是9.6个油左右，市区现在搬到也是8.6个左右，在这样的时速方面也是7.1个。,[动力],动力这方面，虽然说它是自然吸气的，但是他也有自然吸气的美，配合上CVT变速箱的感受就是特别的好，虽然说爆发力是很高，只要你加一点油门就能给你想要的推背感。,[操控],这款车的操控性也是特别不错的，虽然这次还不到1.5吨，但给我，的感觉还是比较厚实，就是下盘稳，而且方向盘手感也特别不错，悬挂方面也偏向运动风格，还有减震阻力也越大，回弹阻尼小，方向盘打起来也是没有虚位，延迟也是控制的刚刚好。,[性价比],选择这款车的理由也是因为它的外观特别的霸气，也是属于实用型，空间也很OK，舒适性也是相当完美的。,展开全部
"
    发表于  2021-07    

      
        
    
    
",我最不满意的，就是我觉得他的内饰方面做工不是特别的精致所以异味还是比较严重，而且他的减震方面没有特别舒服，我觉得应该做得更好。,https://image1.xcarimg.com/attachments/my/1/90/57/084_120.jpg,gh1625213249,三星会员,4.5,外观,5,内饰,5,空间,4,舒适,5,油耗,4,动力,4,操控,4,性价比,5,购入信息,爱车车型,购入时间,2021/4/1,购车地点,吉林省华盛汽车贸易有限公司 [吉林省],裸车价格,18.26万  (厂商指导价 19.18万),当前油耗,8.3L/100km,购入用途,购物,接送小孩,爱车简评,最让我满意的就是她的安全感，还有四驱以及通过性，还有驾驶感受和储物格位置，外观，车身尺寸。,爱车评价,[最满意],开了这么久下来，确实是越看越喜欢无时不在的市区，给力的操控非常的满意而且他的空间我觉得做得还是非常的充足的油门动力你只要肯采就会加速，而且颓废感很强。,[不满意],[外观],外观上面，我觉得这款车就是属于非常耐看型，确实是我越看越喜欢做工，确实没得说细节处理的很好。,[内饰],内饰方面是他唯一的缺点了，我觉得他的内饰来说确实是比较简朴了，而且他的塑料感还是比较强的，所异味比较严重。,[空间],空间方面，我觉得无可挑剔了整个乘坐空间轴距摆在那儿的确实是非常的宽敞，而且后备箱的储存空间比我想象的要大很多。,[舒适],舒适性方面，座椅舒服皮质确实是不错，副驾驶没有电动调节比较low一些好在他的隔音效果确实是还不错，但是减震方面有做的没有很好。,[油耗],整个油耗方面呢，不吹不黑斯巴鲁的全时四驱确实是比同排量的两驱轿车都低超级省油。,[动力],动力方面，我觉得没得说斯巴鲁的车在动力方面有很好的口碑油门响应非常迅速，加速也很平稳。,[操控],那他的操控感给我，还是非常的好的，基本上没有一点虚位！,[性价比],那我选择这款车，那是因为原来自己的飞度也开了10年左右了，实在是想换一辆车，而且确定SUV那是无意间看到斯巴鲁的这款车，其实我有去做很多。他的评价这款车确实整体下来评价还是非常高的口碑也很好，那它的外观方面我也是非常的喜欢给我的感觉就是非常的大气。他整个实用性非常的强，很适合家用。,展开全部
"
    发表于  2021-07    

      
        
    
    
",对这款就不满意的，就是在启动的时候，感觉稍微有抖动。,https://image1.xcarimg.com/attachments/my/1/90/57/123_120.jpg,xuser1915712,三星会员,4.38,外观,4,内饰,5,空间,4,舒适,5,油耗,4,动力,4,操控,5,性价比,4,购入信息,爱车车型,购入时间,2021/3/1,购车地点,哈尔滨中冀先锋斯巴鲁汽车销售服务有限公司 [黑龙江省],裸车价格,18.25万  (厂商指导价 19.18万),当前油耗,8.3L/100km,购入用途,接送小孩,自驾游,爱车简评,我对这款这个空间是非常满意的，本人身高1.85米体重80公斤，驾驶空间非常充足，后排空间也非常不错，储物空间充足。,爱车评价,[最满意],这款车外观比较喜欢，空间非常大，家里有孩子大一点很方便，而且科技感非常强，自适应巡航非常好用方便。,[不满意],[外观],个人感觉还挺时尚耐看的，特别是那个花型轮毂，见仁见智了，我肯定是因为喜欢才买的了，但是我现在身边的人问下来好像反响平平..做工还是很不错的，日本制造的工艺水平还是有保证，每一处都是严丝合缝的。,[内饰],内饰做工说不上什么豪华，就是简简单单的，车机中控设计比较合理，反应也很快，想要看的信息应有尽有。,[空间],无论是前排座椅和后排座椅，都有足够的空闲空间，尤其是车顶的行李架，超大的空间，可以随意堆放旅行出行的众多行李，视野设计很合理，前排的A柱防盲区的小三角窗很符合安全主动思维，后备厢的小视窗可以作为后备厢放置婴儿座椅作为视野窗。,[舒适],很舒服自己加了两个小枕头很干脆很整洁，简洁大方，驾驶员座椅很舒服，还有加热功能，很满意了。,[油耗],只能说没有想象中省油，这套混动系统主要还是提升了市区表现，高速油耗没有太明显影响,[动力],非常强劲，在市区尝试过超车，提速的反应很快，只要舍得踩油门，但刹车很敏感，因为eyesight和主动安全防御给的刹车辅助也很强，所以没有过分的加速。,[操控],开过斯巴鲁的人这个优势只可意会不可言传，十足的给力，在市区尝试过超车，提速的反应很快，只要舍得踩油门，但刹车很敏感，因为eyesight和主动安全防御给的刹车辅助也很强，所以没有过分的加速，这个价位里操控可以说比较无敌了，和我之前的车子一对比简直天上地下。悬架表现优秀，高速过弯侧倾控制的非常好，体感极佳，换了我之前的车子相同速度过这个弯人都东倒西歪了。转向精准，方向盘力度适中。全时四驱也无惧雨雪路面，esp介入及时。,[性价比],首先比较喜欢这款车的外观大气硬朗，而且空间非常大，对于有两个孩子的家庭非常合适，科技感比较强，动力比较充沛，所以就选择了这款车。,展开全部
"
    发表于  2021-07    

      
        
    
    
",就是噪音的问题，中控导航的低能，远不如百度地图好用，没有进口原装的CD机。,https://image1.xcarimg.com/attachments/my/1/90/57/120_120.jpg,xuser1915712,三星会员,4.5,外观,4,内饰,4,空间,5,舒适,5,油耗,4,动力,4,操控,5,性价比,5,购入信息,爱车车型,购入时间,2021/3/1,购车地点,洛阳凯众汽车销售有限公司 [河南省],裸车价格,18.24万  (厂商指导价 19.18万),当前油耗,8.2L/100km,购入用途,购物,接送小孩,爱车简评,预算在20万左右，基本价位的车都看了，想选个操控、性能、个性一点的车，非常喜欢斯巴鲁这个具有赛车历史的品牌，比较注重车子的机械性能，所以现在了XV。,爱车评价,[最满意],综合体验佳，感受到了科技进步对驾驶体验的提升，外型犀利，旗舰版的大灯随动，LED光源，银色装饰条带来的运动科技感。饱满的线条感，底盘高度满足越野车的基本标准，轮胎使用普利司通18寸，各项参数显示基本齐全，很满意。发动机的智能感体现在日常，淋漓尽致。全时四驱之中省油的混动车。进口的科技感十足的机械性能很强玩具。,[不满意],[外观],外观嘛，见仁见智了，我肯定是因为喜欢才买的了，做工还是很不错的，日本制造的工艺水平还是有保证，每一处都是严丝合缝的。,[内饰],内饰就有点鸡贼了。前排座的车门就是软质包裹的，后排车门就换上了看起来一样但是其实是硬塑料的材质，简直是一目了然的贫穷啊。,[空间],整体空间ok，后排座位空间比马自达要强，但是比不了本田。储物空间：尾箱因为独立悬挂混动电池组，地台很高，空间利用率有点低。,[舒适],悬架还是比较有高级感的，震动处理比较干脆。高速风噪胎噪都控制的很好，这个比较惊艳，需要点赞。,[油耗],说是混动的，油耗其实挺一般的。我开车属于大油门起步，想踩就踩，随心所欲的那种。,[动力],满意，车子其实不大，2.0混动系统推这个车子绰绰有余了，跑高速超个车啥的轻松愉快。,[操控],这个价位里操控可以说比较无敌了，和我之前的车子一对比简直天上地下。悬架表现优秀，高速过弯侧倾控制的非常好，体感极佳，换了我之前的车子相同速度过这个弯人都东倒西歪了。,[性价比],外型犀利，旗舰版的大灯随动，LED光源，银色装饰条带来的运动科技感。饱满的线条感，底盘高度满足越野车的基本标准，轮胎使用普利司通18寸，各项参数显示基本齐全，很满意。,展开全部
"
    发表于  2021-07    

      
        
    
    
",只有主驾有电动座椅调节，副驾却没有，这个不太人性化，副驾驶如果坐女同志的话又要吐槽了，中控车机系统与手机互联功能部分缺失在现在这个数字化时代会有点格格不入，还有一点不太爽的就是没有一键启动,https://image1.xcarimg.com/attachments/my/1/89/92/050_120.jpg,gh1621554369,三星会员,4.5,外观,4,内饰,5,空间,4,舒适,4,油耗,5,动力,5,操控,5,性价比,4,购入信息,爱车车型,购入时间,2021/3/1,购车地点,河南裕华江南汽车销售服务有限公司(斯巴鲁) [河南省],裸车价格,18.23万  (厂商指导价 19.18万),当前油耗,8.2L/100km,购入用途,购物,接送小孩,爱车简评,水平对置全时四驱带来的斯巴鲁专有操控体验，就是喜欢这款车，所以就买回来了。,爱车评价,[最满意],这套eyesight的鹰眼系统确实好用，灵敏度跟辨识度都比较好，智能化程度高，再配合其他驾驶辅助系统，不管是对于新手司机还是对于复杂路况都能让人安心驾驶，很大程度保证了驾驶安全性,[不满意],[外观],外观短小精悍，还有个18寸的大脚，从侧面看起来还挺是那么回事，比较有拉力车那种越野的感觉，虽然整车外观看起来缺乏一些设计感，没什么特别的地方，但是从另一方面想想这种设计也不容易过时啦,[内饰],内饰中庸，没什么美感，车机稍微显得有些廉价，好在内饰材料用料比较足，做工也比较好，没有异响，车内的装饰都装配的很紧实，手摸起来按起来都比较结实，也就唯独是缺乏了些设计感,[空间],相比于同级别的suv车内空间确实不如他们，甚至可能会有些差，不过这也得看你的用车需求对吧，像我主要就是跟老婆两个人开这车，后排偶尔做一两个朋友，这还是绰绰有余的，后备箱也就是平时放些矿泉水还有一些运动装备，如果放假出去玩的话还会多放些户外装备以及帐篷什么的，因为想到有可能还会长途自驾还给车顶行李架上装了一个行李舱，这样下来一个月的出行物资装下来是没问题的了,[舒适],皮质座椅包裹度好，并且有良好的支撑度，也能过滤一部分的颠簸，隔音降噪水平中规中矩，同级里面不算很好的那种，不能跟主打降噪的别克那种车型比，车内空调出风口比较少，后排没有，但是夏天空调制冷的速度还有风量确实可以，基本打开几分钟车内就能迅速降温,[油耗],凭良心讲，不吹不黑哈，7.9的油耗水平还是全时四驱的系统，基本比很多suv的两驱油耗还要低些吧，而且自己平时也都会走一些拥堵路段，时速也是不高,[动力],2.0自然吸气发动机开起来没有什么肉的感觉，低速提速比较快，平顺性也很好，基本能做到随传随有，不会有涡轮机那种迟滞，不过个人还是觉得如果要能有2.5排量那就更加完美了，起码账面数据看着更舒服一些,[操控],这个可能是只有斯巴鲁的车主能够体会的了，这车下盘确实稳，悬挂偏向运动调教，支撑性好弯道侧倾小，动态更稳，车身的跟随性更好，整车虑震做的到位，过沟沟坎坎干脆利落，没有多余弹跳跟甩尾，并且车身离地间隙高，差不多有220mm，这样的话通过性更好，转向系统手感好，高速变线灵活，低速单手操作容易，还有刹车系统虽然前段偏软，但是中后段刹车力充足,[性价比],喜欢这款车的理由可能相比于别人比较特别，那就是看了乘风破浪那部电影，里面的主人公是个拉力车手，他就是开着自己的那部斯巴鲁XV获得了冠军，里面的一些拉力镜头都展现出这款车优秀的操控性能，而且感觉这车比polo还有福克斯那种拉力改装车更有感觉，更小众，也能让车主显得更加与众不同,展开全部
"
    发表于  2021-07    

      
        
    
    
",车漆有点薄，噪音控制的不好，储物空间不多，后备箱小。,https://image1.xcarimg.com/attachments/my/1/90/22/232_120.jpg,gh1623118433,三星会员,4.63,外观,4,内饰,5,空间,5,舒适,5,油耗,5,动力,5,操控,4,性价比,4,购入信息,爱车车型,购入时间,2021/3/1,购车地点,唐山市冀东斯巴鲁汽车销售有限公司 [河北省],裸车价格,18.22万  (厂商指导价 19.18万),当前油耗,8.2L/100km,购入用途,购物,接送小孩,爱车简评,后备箱空间够大，帮女朋友搬了两次家，非常给力，悬架调教的很舒服，回老家过山路时颠簸都很微小。,爱车评价,[最满意],车身钢性好，操控好，方向盘手感好，仪表简洁，信息清晰，外观个性，内饰精致，Eyesight安全性无敌，四驱性能强，cvtm速平顺！控，颜值，安全，满意的地道其实挺多的。,[不满意],[外观],外观还不错，买这车很大程度也是因为外观好看，个人感觉还挺时尚耐看的，特别是那个花型轮毂，LD很是喜欢。仁者见仁，智者见智的事儿了。,[内饰],缝线加得很赞！整体衔接的很好，中控样式中规中矩，特别喜欢仪表盘及中控上方两块液晶仪表的设计，显示清晰，内容丰富，给驾驶者提供相当全面的行车帮助，值得称赞。,[空间],前排可调范围很大，毫无压力，很舒服。后排略小，满载不适合长途。后备箱太小，长途必须配车顶箱！,[舒适],悬架还是比较有高级感的，震动处理比较干脆。高速风噪胎噪都控制的很好，这个比较惊艳，需要点赞。车里主要的噪音源来自发动机，转速一拉上去发动机的噪声就会比较明显。驾驶员座椅很舒服，还有加热功能，很满意了。,[油耗],平常在城市拥堵状态下，油耗10，上高速跑到100公里，立马降到7.7，感觉油耗还是很低的,[动力],满意，车子其实不大，2.0混动系统推这个车子绰绰有余了，跑高速超个车啥的轻松愉快。混动CVT的动力输出非常平顺，就是偶尔起步电动机切换发动机驱动的时候会有一点顿挫。,[操控],斯巴鲁主打的就是操控，没说的，操控性远高于配备的动力。方向盘没有虚位，加上避震偏运动，指哪打哪！,[性价比],水平对置全时四驱带来的斯巴鲁专有操控体验，就是喜欢这款车，所以就买回来了。,展开全部
"
    发表于  2021-07    

      
        
    
    
",避震很硬，感觉很不好，过减速带都抖得厉害。,https://image1.xcarimg.com/attachments/my/1/90/57/104_120.jpg,xuser1915710,三星会员,4.5,外观,4,内饰,4,空间,5,舒适,5,油耗,5,动力,4,操控,5,性价比,4,购入信息,爱车车型,购入时间,2021/3/1,购车地点,石家庄鑫山汽车销售服务有限公司 [河北省],裸车价格,18.21万  (厂商指导价 19.18万),当前油耗,8.2L/100km,购入用途,接送小孩,自驾游,爱车简评,空间不大但也不小，没CRV那么大，这个价位的SUV里空间中等偏上水平，这个具体要你自己坐进去感受，后备箱比我想象的要大，之前看过几款SUV的后备箱都挺失望，XV挺意外的,爱车评价,[最满意],开了一个多月越来越喜欢，无时不在的四驱给与的操控信心，空间不大不小，只要你舍得去踩油门动力可以满足日常需要，适度的越野能力，可跑各种烂路。,[不满意],[外观],外观个人感觉很满意，无论车头、车尾，侧身线条设计，感觉很符合自己的审美标准。车身大小尺寸也是自己所中意的。不喜欢太大的车。大灯和尾灯都挺漂亮，车子做工很好，车漆光亮，接缝匀称，没有什么不满意的地方,[内饰],中控样式中规中矩，特别喜欢仪表盘及中控上方两块液晶仪表的设计，显示清晰，内容丰富，给驾驶者提供相当全面的行车帮助，值得称赞。车内软性材质用得比较多，到现在也未出现什么异响，但是有异味，这里要减分了,[空间],从个人感受而言足够了，172的个头驾驶座足够从容，后排也不局促，后备箱略小，但是不拉货的话也不影响，我就跟小车后备箱对比了，虽说深度略有不足，但胜在有高度呀出门自驾油放点行李不在话下了。,[舒适],悬架很有韧性呀，过减速带弹跳比较大，毕竞是SUV，这也是我喜欢的风格，美其名日路感清晰，讲真的不喜欢那种调的软绵绵的悬架，晃晃悠悠的会晕车,[油耗],还是比较满意XV的油耗，目前开了1600公里，其中差不多一半都是高速一半纯市区，平均7.2L/100KM，完全在预期内，可能开新车比较温柔，基本上不大脚刹车也不大脚油门，一是为了乘客的舒适性，还一个就是为了好好磨合一下，看看XV究竟能多省油,[动力],2.0的动力配上146马力，动力感觉还可以，加上CVT变速箱，开起来感觉很平顺，时速100公里以下提速没什么问题。跑高速120感觉也蛮好，没有感觉动力不足的现象。超车很干脆,[操控],方向盘力度适中，完全没有虚位，转向非常清晰，指向精准。掉头、并线十分顺畅，驾驶感觉绝对让人感到酣畅淋漓，没有丝毫拖泥带水之感。高速入弯车身侧倾控制得很好，给人十足信心。暴雨天行驶，轮胎抓地力非常强，即便高速行驶也没有任何侧滑现象出现。,[性价比],实在是想换辆车了，确定了SUV，必须要有四驱因为自己喜欢摄影会经常需要跑一些烂路钻山沟之类的，预算25万以内。这个价格区间的各种SUV看了好多，也试驾了一些，周围朋友开这些的也多，很多车啥情况大致也了解，起初斯巴鲁不在计划内，以前也从没开过斯巴鲁的车，见得比较多的是森林人。就在买车前一次去高铁站送人，看到一辆XV停在我车旁，高高的底盘，样子说得过去，回家上网各种查，一堆数据、视频和评测打动了我，然后和4S店打了几次电话，就大致确定买这个了。,展开全部
"
    发表于  2021-07    

      
        
    
    
",我对于这款车最不满意的地方，应该就是在车子的内饰上这款车的内饰材料不是很好，感觉不出有什么质感。,https://image1.xcarimg.com/attachments/my/1/90/57/102_120.jpg,xuser1915710,三星会员,4.5,外观,4,内饰,4,空间,4,舒适,5,油耗,5,动力,5,操控,5,性价比,4,购入信息,爱车车型,购入时间,2021/2/1,购车地点,深圳市汇成洋汽车服务有限公司龙华分公司 [广东省],裸车价格,18.2万  (厂商指导价 19.18万),当前油耗,8.2L/100km,购入用途,接送小孩,自驾游,爱车简评,外形，跨界车，喜欢的会非常喜欢，不喜欢的估计连看都不想看一眼，介乎于两厢车和SUV之间，一般家庭空间足够，接近硬派越野的离地间隙也足以应付城市里得绝大多数路况以及轻度越野,爱车评价,[最满意],对于这款车最满意的地方，应该就是车子的外观了这款车的大气外观以及时尚型的设计，给我的直观感受就是比较像都市中的白领一样，有气质,[不满意],[外观],这款车子的外观方面我给的是满分，因为这款车子的外观设计挺走心的，而且呢，时尚的外表和立体的车身特别搭配。,[内饰],车子的内饰就没有外表那么完美了，车子的内饰用料缺少我想要的质感，所以呢，我给内饰四分了,[空间],这款车的空间相对来说还是比较不错的，尤其是在车子的后备箱储物能力特别棒，平时购物后把东西放在后备箱里一点都不会挤，所以给空间满分。,[舒适],舒适性我给他满分，首先他车子的座椅特别的舒服，平时开车久一点也不会太累，其次，整个车的隔音性能也很棒，车内不会有噪音。,[油耗],车子的油耗方面我给的是满分，因为这款车的油耗相对来说还算比较符合我想要的预期油耗了。,[动力],车子的驱动力了，我给的是满分，因为这款车的动力真的挺充足的，平时在市区那你完全不用担心超车没有动力。,[操控],车子的操控方面我给的是满分，因为这款车无论是转向的精准性，还是在倒车入库精确性，都是蛮不错的。,[性价比],本人的购车理念是在外观满意的前提下，动力要足，操控要好，通过性高，，尽量不要太臃肿，价格又能在我的预算范围内，非XV莫属呀,展开全部
"
    发表于  2021-07    

      
        
    
    
",我对于这款车最不满意的地方，应该就是车子的舒适性方面了，感觉车子的隔音性能没有很好，所以呢如果是雨天或者其他不好的天气状况时候，车内噪音比较大。,https://image1.xcarimg.com/attachments/my/1/90/57/091_120.jpg,xuser1915709,三星会员,4.63,外观,5,内饰,5,空间,5,舒适,4,油耗,4,动力,4,操控,5,性价比,5,购入信息,爱车车型,购入时间,2021/2/1,购车地点,广州市陈唱汽车销售有限公司 [广东省],裸车价格,18.19万  (厂商指导价 19.18万),当前油耗,8.2L/100km,购入用途,接送小孩,自驾游,爱车简评,首先也是被这款车的优越性价比吸引了，这款车无论是外观还是空间方面都特别符合我的要求，在4S店里选车的时候他也是被我一眼相中了，经过试驾后发现整个车的功能也还不错于是就把它买回家了,爱车评价,[最满意],对于这款车最满意的地方，就是车子的外观了年轻化的设计外观再配上年轻时尚的颜色，整个车就看起来特别的有活力。,[不满意],[外观],车子的外观设计我给的是满分，因为这款车的外观住很具有活力感，这款车的配色也很高级。,[内饰],内饰风格的话我还挺满意的，不仅具有科技感而且它的做工感觉起来也蛮精细的，所以给内饰满分。,[空间],车子空间没话讲给满分，因为这款车的空间真的挺大的，平时带的三五好友出门吃饭聚餐完全不是问题一点都不拥挤。,[舒适],这款车的舒适性我打四分，因为他的整个隔音效果不是特别得好，如果碰到雨天或者打雷的天气，整个车的噪音会比较大。,[油耗],油耗这一方面从买车到现在。磨合阶段油耗没有多大的参考价值，平均每百公里8升左右。,[动力],车的动力很棒，起步完全不会肉，也没有卡顿感，然后整个车的动力供给也很充足，所以给动力满分。,[操控],车子的操控表现足够棒，首先是他的转向很精准，不会有什么偏差，然后车的形式稳定度也是比较不错的，所以整个说的操控表现给满分。,[性价比],我选的这款车的理由呢，是因为妻子她挺喜欢的这款车子的，所以我就决定买这辆车送给她，于是去4S店里想要试驾这一款车，销售也跟我说，这款车最近的优惠力度蛮大的试驾的体验感也是不错的空调制冷制热效果也挺快，所以就把它买下来准备送给妻子啦。,展开全部
"
    发表于  2021-07    

      
        
    
    
",最不满意的可能就是斯巴鲁的空间了吧。空间有点小吧，尤其是头部空间。其次就是内饰方面有一些小小的不满意。,https://image1.xcarimg.com/attachments/my/1/90/38/146_120.jpg,gh1624170796,三星会员,4.5,外观,4,内饰,4,空间,5,舒适,5,油耗,4,动力,4,操控,5,性价比,5,购入信息,爱车车型,购入时间,2021/2/1,购车地点,厦门汇车友汽车服务有限公司 [福建省],裸车价格,18.18万  (厂商指导价 19.18万),当前油耗,8.2L/100km,购入用途,接送小孩,自驾游,爱车简评,动力这一方面，xv的动力还是挺够的。动力很好，加油速度直线上升，上坡动力充足。,爱车评价,[最满意],最满意的有以下的三点。外观，是我最喜欢的造型，动力也很不错，操控性能不错，开起来感觉挺好的。,[不满意],[外观],外观这一方面。外观还不错，挺时尚动感的，尤其是，尾部的设计比较动感，看起来很不错。,[内饰],用料厚道，手能摸到的均为软塑材质，储物空间够大，高档感十足，配置良心，虽有不足但绝对对得起这个车价。,[空间],空间合适，特别是后排的头部空间和后备箱，买的时候要看仔细点试试。头部空间比较小。,[舒适],悬架舒适，路感清晰，过减速带颠簸有感但可以接受，突然加速时发动机声音稍大，但和其他发动机声音不同，很好听，有赛车的感觉。,[油耗],目前行驶四千多公里，平均油耗10.1升，非常满意，我认为谈评论油耗都是扯淡，为什么这样说，比如我说经常行驶在市区是4公里的路程，有8个红绿灯另加5个人行横道，人多车多，百公里油耗要14个左右，而我跑高速1000多公里平均百公里油耗才6升，这样你说怎么算。,[动力],动力绝对够用，只是在高速上急超车略显不足，如果你没有开过大排量的车也就没有什么感受了，也无所谓。,[操控],方向盘没有虚位，手感轻重正好，路感清晰，底盘调教适中，刹车不软不硬，整车驾驶起来轻便灵活。,[性价比],选择这辆车的主要原因是因为它的外观是我喜欢的造型，其次就是它的整体配置很好。,展开全部
"
    发表于  2021-07    

      
        
    
    
",自己千挑万选的车没有什么不满意的，如果硬要说不满意的话就是高速超车不如1.8以上的大功率车提速快。,https://image1.xcarimg.com/attachments/my/1/90/22/193_120.jpg,gh1623118179,用户被禁止发言,4.63,外观,4,内饰,4,空间,5,舒适,5,油耗,5,动力,5,操控,5,性价比,4,购入信息,爱车车型,购入时间,2021/2/1,购车地点,福建榕晖汽车销售服务有限公司 [福建省],裸车价格,18.17万  (厂商指导价 19.18万),当前油耗,8.2L/100km,购入用途,接送小孩,自驾游,爱车简评,内饰精致无异味，无异响，车机u盘不能播放无损音乐，倒车影像提示线不能随便移动。,爱车评价,[最满意],精细的做工，优良的产品，可靠的安全性，随心所欲的驾驶感，舒适的坐姿，较低的油耗，回头率极高的外观，这些都是我比较满意的。,[不满意],[外观],外观时尚年轻，回头率高，霸气大方但又不显瘫肿，离地距离高但又不显出高，整体给人以一种非常养眼感。,[内饰],内饰的布局和某些国产车差不多，配色方面也挺单调的，也是简约的风格，但是两边对称的布局让人看得非常舒服，座椅的包裹也是皮的。,[空间],空间这个问题就要看你是做什么用的了，如果经常拉货或者坐人比较多那你就不要选择这款车，这款车是紧凑车型，可以坐5人，但坐4人比较舒服，空间很宽裕，后备箱跑长途拉行李也绝对够用。,[舒适],舒适性一般般，主要还是噪音的问题，起步的时候发动机转速比较高的话，就会有很大的噪音，座椅也比较硬。,[油耗],平均油耗是8.6升，我个人觉得不是很高，因为这款车的动力比较强劲，而且又是四驱的，油耗在九个以下，我就很满足了。,[动力],动力非常的平顺自然，斯巴鲁的水平对置发动机技术非常好，动力输出很线性，从加速一直到100码动力都是缓缓输出的。,[操控],这款车的操控非常好，变速箱是cvt的，保证了换挡的平顺性，车子带有四驱系统，轮胎的抓地力很好，特别是转弯的时候，给人的支撑很到位。,[性价比],看中的是多年坚守的品牌，全车进口，始终如一的可靠质量，水平对置的发动机，货真价实的全时四驱，以及较为领先的二级自动驾驶功能,展开全部
"
    发表于  2021-07    

      
        
    
    
",后排空间稍微有点不够，特别是后排的头部空间，我身高176，坐到后排的话，都感觉头部空间只有一拳不到。,https://image1.xcarimg.com/attachments/my/1/90/57/033_120.jpg,xuser1915703,三星会员,4.63,外观,4,内饰,5,空间,5,舒适,5,油耗,4,动力,5,操控,5,性价比,4,购入信息,爱车车型,购入时间,2021/2/1,购车地点,青岛鑫源斯巴鲁汽车销售服务有限公司 [山东省],裸车价格,18.16万  (厂商指导价 19.18万),当前油耗,8.2L/100km,购入用途,接送小孩,自驾游,爱车简评,外观是特别好看的，整体是运动风格，像一个小霸王一样，漆面很特别，黑色的五角星轮毂很美观，反正我是特别喜欢的，而且是越看越喜欢。,爱车评价,[最满意],这款车的操控非常的好，大家都知道斯巴鲁的赛车做的特别好，这款车也是一样开出去有种赛车的感觉，外观也很运动。,[不满意],[外观],颜值非常高，买这车有一定的程度，也是因为外观好看而且个性时尚，具有一定的运动风格。符合我的审美观点，家人也都十分喜欢。,[内饰],内饰的做工和用料都很好，尤其做工十分精致，缝线针脚走位十分到位，整体衔接的也很好。最喜欢的是仪表盘以及中控上方两块液晶仪表的设计显示清晰内容丰富，给驾驶者提供相当全面的行车辅助,[空间],因为这只是一款紧凑型的SUV，所以空间方面不是太宽裕，前排空间我坐着还挺合适的，后排的话头部空间只有一拳不到，稍微有点压抑。,[舒适],斯巴鲁sv使用的是运动风格，座椅包裹性真的很不错。这样延续了斯巴鲁的赛车风格，前排座椅还有加热功能，冬天用起来很温馨。悬架调教的也很好，大部分的颠簸都能过滤掉。,[油耗],这边是小城市，但麻雀虽小五脏俱全，车流量也不小，完全市区驾驶9.6左右。市区县道对半的话，8.6左右经常奔走在高架桥，这样时速在80左右的地方话有油耗在7.1个左右。,[动力],油门响应迅速，加速平顺，2.0的排量里表现非常优秀。平时在市区应付各种路段完全足够，即使在高速上行驶动力输出也非常的平顺，尤其在换挡时变速箱没有明显的顿挫感。开起来非常的流畅。,[操控],操控也是非常的流畅，驾驶视野非常开阔。在驾驶时过弯时方向非常精准，完全可以做到指哪打哪？没有虚位。转弯掉头非常有自信，真皮方向盘的手感很细腻。握持度很好。要是加上方向盘的加热功能，冬天使用起来就超级爽了,[性价比],选择这款车主要还是因为情怀，因为斯巴鲁的车子各方面都是非常不错的，我是非常喜欢这个品牌，自从了解车开始就对这个品牌情有独钟，所以这次买车首当其冲的选择他。,展开全部
"
    发表于  2021-07    

      
        
    
    
",目前还没有特别不满意的地方，总体来说斯巴鲁都让我非常满意,https://image1.xcarimg.com/attachments/my/1/90/57/013_120.jpg,xuser1915701,三星会员,4.63,外观,4,内饰,4,空间,5,舒适,5,油耗,5,动力,5,操控,4,性价比,5,购入信息,爱车车型,购入时间,2021/1/1,购车地点,山东世通汽车城有限公司 [山东省],裸车价格,18.15万  (厂商指导价 19.18万),当前油耗,8.2L/100km,购入用途,接送小孩,自驾游,爱车简评,空间是很不错的，前排可调整的范围很大，毫无压力，十分舒服，后排略小，满载时不太适合长途，后备箱的空间虽然不大，但是家用也足够了,爱车评价,[最满意],精致的做工，优良的品质，可靠的安全性，随心所欲的驾使感，舒适的坐姿，这些都是我非常满意的。,[不满意],[外观],外观设计我觉得还是相当不错的，显得比较年轻时尚，开着也不会有压力，车身线条车身轮廓都挺满意,[内饰],内饰比较简洁，没有过多的装饰，一副典型的大众汽车设计风格。,[空间],空间不是太大，但是平时还是基本够用的，节假日带着家人出去自驾游或者回老家，家人坐着都还是比较舒服的，能够给人一个比较合适的乘坐空间。,[舒适],这个车坐着挺舒服，能够有一个比较舒服的空间和感受。总的来说斯巴鲁还是一辆非常不错的车，舒适性棒棒的。,[油耗],油耗8，在比较堵车的这个城市，这个油耗还是可以接受的,[动力],动力还是可以，踩油门就猛的往前窜，之前公司有一辆1.0的面包车我经常开出去买东西，斯巴鲁的发动机对于我来说简直就是大排量了，动力倍儿棒。,[操控],提控方面我不太懂，就是感觉这辆车比较好开，其他我也不知道了。,[性价比],看重的是多年坚守的品牌，全车进口始终如一的可靠质量。水平对置的发动机，货真价实的全时四驱，以及较为领先的二级自动驾驶功能。,展开全部
"
    发表于  2021-07    

      
        
    
    
",我有一点不满意的话，就是空间方面的话，对我来说勉强够用吧，还是比较狭窄的，其他的话都还可以,https://image1.xcarimg.com/attachments/my/1/90/57/001_120.jpg,xuser1915700,三星会员,4.75,外观,4,内饰,5,空间,5,舒适,5,油耗,5,动力,5,操控,4,性价比,5,购入信息,爱车车型,购入时间,2021/1/1,购车地点,重庆精诚斯巴鲁汽车销售服务有限公司 [重庆市],裸车价格,18.14万  (厂商指导价 19.18万),当前油耗,8.1L/100km,购入用途,购物,接送小孩,爱车简评,斯巴鲁的口碑很好，符合新手司机的购车需求。同价位的宝来在配置方面相对大众其他车型更加完善。,爱车评价,[最满意],最满意的话，肯定是它的外观，它的外观看起来真的非常的霸气侧漏，而且这款车的操控做得非常的好，整体的驾驶感受非常的舒服，这款车在这方面的话，也不会比宝马的操控差，我感觉甚至比宝马做的还好。,[不满意],[外观],外观的设计真的非常的好看，整体是运动风格，然后又有点霸气侧漏的感觉,[内饰],内饰的布局也非常的好，整体的设计风格，我非常的满意，中控大屏用起来有非常的好用，有多按键的小设计也比较人性化的，用起来很好使用,[空间],空间方面的话，对我来说不是特别的宽裕，因为我自己是个比较高大的人，所以觉得可能会有点挤,[舒适],舒适性对我来说真的挺不错的，整体的感觉非常的好，座椅的包裹性特别强，给我的安全感也特别的足。,[油耗],油耗方面的话，对我来说不是特别的高，我还是能接受，而且是四驱车，我觉得这点油耗应该算比较省的吧？,[动力],动力方面的话也是非常的充足，开起来特别的自然，而且这款车的动力提速方面的话，真的是非常的好，总体表现我还是很喜欢的,[操控],操控方面的话，我觉得真的是这样具有操控性，这款车换挡的话也是比较平顺，而且全车是四驱的，整体的动力还是非常强的，驾驶起来特别的稳,[性价比],由于是第一辆车，所以我就选择了一款比较熟悉的车型。感觉斯巴鲁的质量比较可靠，各方面的机械性能也是相当稳定。,展开全部
"
    发表于  2021-07    

      
        
    
    
",不太满意的地方其实也是有一些的，我觉得这台车子的方向盘其实多少是存在着一定虚位的，不过对于家用车来说的话，我觉得也可以接受,https://image1.xcarimg.com/attachments/my/1/90/56/990_120.jpg,xuser1915699,三星会员,4.5,外观,4,内饰,4,空间,4,舒适,5,油耗,4,动力,5,操控,5,性价比,5,购入信息,爱车车型,购入时间,2021/1/1,购车地点,天津空港斯巴鲁汽车销售有限公司 [天津市],裸车价格,18.13万  (厂商指导价 19.18万),当前油耗,8.1L/100km,购入用途,接送小孩,自驾游,爱车简评,选择这款车也是因为看中了它的外观，它的外观非常的帅气，在我看来，它的外观在这个价位中，哪怕是宝马，奔驰在气场上也比不上他，她的气场真的非常强大，就尤如一个老大哥一样,爱车评价,[最满意],这台车子最满意的地方是觉得它的动力开起来真的很不错，提速的效果非常快，而且爆发力也非常的强,[不满意],[外观],这台车子的外观颜值方面，我觉得看上去是非常大气的，而且有着一种特别不一样的气质，所以这是当时非常吸引我的,[内饰],内饰的设计上我觉得是一种比较经典的类型，而且功能的配备上也是比较丰富的，行车过程中是非常方便操作的,[空间],这台车子的空间方面我觉得还是不错的，虽然没有非常的大，但是对我来说倒是足够用了，属于家用来说刚好合适的类型，前后排坐满人的情况下也不会觉得拥挤,[舒适],关于这台车子的舒适性方面是让我觉得挺满意的，平时坐在车内一点都没有拥挤压抑感，而且座椅也挺柔软舒适，包裹性也非常的强,[油耗],这台车目前的油耗我觉得表现的也是让我很满意的，我开上这台车子之后，几乎从来没有担心过它的油耗，因为不管在任何路况下，它的油耗值都是没有超出我的心理预期的,[动力],在动力方面，这台车子给我的感觉是非常不错的，我特别喜欢他的动力，开起来的时候感觉真的很好，提速效果很快，爆发力也超级强,[操控],关于这台车的操控，我觉得每个人开车习惯不同，所以对我来说这台车子的各方面调教还是挺符合我的习惯的，不过就是觉得方向盘存在着一些虚位,[性价比],选择这台车子的原因，首先就是因为喜欢它的外观造型，我觉得相对来说比较有气质，非常的吸引我，另外就是感觉这台车子的动力不错，空间也很宽敞,展开全部
"
    发表于  2021-07    

      
        
    
    
",这车也是我经过千挑万选看下来的，最不满意是没有的，如果硬要说不满意的话那就是高速超车不如涡轮增压的车提速快。,https://image1.xcarimg.com/attachments/my/1/90/56/987_120.jpg,xuser1915698,三星会员,4.63,外观,4,内饰,4,空间,4,舒适,5,油耗,5,动力,5,操控,5,性价比,5,购入信息,爱车车型,购入时间,2021/1/1,购车地点,上海安吉斯鸿汽车销售服务有限公司 [上海市],裸车价格,18.12万  (厂商指导价 19.18万),当前油耗,8.1L/100km,购入用途,购物,接送小孩,爱车简评,最满意的就是这款车的颜值的外观造型，看起来还是非常有辨识度的，就喜欢这种与众不同的风格，而且空间对于我来说也是非常够用的。,爱车评价,[最满意],操控感真的赞！通过性强，转向精准，无虚位，悬架支撑有力但不失柔性。,[不满意],[外观],外观挺运动的，但不张扬，个人感觉不前卫，但是也不落后，中规中矩吧，这也是选择的理由之一,[内饰],内饰设计风格我并不是特别喜欢，因为我觉得它的内饰设计风格可能过于简单了一些，可能日系车都追求实用性吧。,[空间],它的空间对于我来说是足够的，毕竟我身高也就175，如果是身高太高的人会有点显小。驾驶位调整好后，后排座也没问题，空间还是不错的，不过唯一遗憾就是后备箱偏小！,[舒适],这个价位的车子舒适性还算不错，尤其是相比较我之前开的本田车，已经算提升一个台阶了！,[油耗],油耗这方面我觉得他控制的还是挺好的，油耗现在目前保持在9到10个油之间，我觉得对于我来说我挺满意,[动力],动力日常是够用的，油门前段非常灵敏，动力充沛，不过100以上后劲不足，但也还平顺。,[操控],驾驶这款车还是非常轻松的，方向盘的手感很好，指向也特别精准，而且底盘的做工还是非常扎实的，高速驾驶的时候，车身的稳定性是非常好的。,[性价比],这款车最吸引我的地方就是它的动力表现了，试驾的时候就感觉整体风格符合我个人的喜好，动力表现的特别强劲，而且这款车也特别容易上手。,展开全部
"
    发表于  2021-07    

      
        
    
    
",最不满意的就是高速行驶时它噪声特别大，而且中控台有时候会发出点异响。,https://image1.xcarimg.com/attachments/my/1/90/35/935_120.jpg,gh1623990685,三星会员,4.38,外观,5,内饰,4,空间,5,舒适,5,油耗,4,动力,4,操控,4,性价比,4,购入信息,爱车车型,购入时间,2021/1/1,购车地点,北京北亚中冀汽车销售有限公司 [北京市],裸车价格,18.11万  (厂商指导价 19.18万),当前油耗,8.1L/100km,购入用途,接送小孩,自驾游,爱车简评,选斯巴鲁的最大原因是因为进口，20万买个日本进口车，而且还是四驱，绝对的划算。,爱车评价,[最满意],最满意的就是这款车的外观非常的时尚大方操控特别的舒适，底盘很高。,[不满意],[外观],这款车的外观是我最喜欢的地方，非常的时尚美观，行驶在路上回头率很高，特别的气派。,[内饰],内饰给人的感觉特别豪华大气，没有过于花里胡哨的东西，都非常的实用。材料和做工都非常棒。,[空间],这款车的空间对我来说还是挺大的，我身高1米82，乘坐毫无压力，不论是前排和后排，都挺舒适的。,[舒适],座椅特别的大，包裹性很不错，长途乘坐也是挺舒服的。就是隔音不太好，高速行驶时胎噪声很大。,[油耗],油耗要比我预期的高一些，不过还可以吧，在接受的范围内。车都买了，就不要计较高一点点了。,[动力],动力还挺不错的，最起码高速行车或者是日常爬坡都很容易通过，完全没有吃力的表现。,[操控],没有开过什么好车，对于操控没有细致的了解，就是架势起来特别的轻松，没有顿挫感。,[性价比],经历了好多波折，终于选择了一款自己比较喜欢的车。这款车的各个方面都比较符合我的要求。,展开全部
"
    发表于  2021-01    

      
        
    
    
",车机导航不是很好，过减速带的时候中控内部偶尔有咣啷啷的声.至今没找到原因.,https://image1.xcarimg.com/attachments/my/0/30/78/309_120.jpg,benze1975dhw,新手上路,4.13,外观,5,内饰,4,空间,3,舒适,4,油耗,3,动力,4,操控,5,性价比,5,购入信息,爱车车型,购入时间,2020/12/1,购车地点, [辽宁省],裸车价格,22万  (厂商指导价 23.38万),当前油耗,9L/100km,购入用途,上班,,爱车简评,前排的乘坐空间够用一点问题没有后排不算大也还行全球车型老外能做国人一样能做,爱车评价,[最满意],操控非常好，100迈紧急变线很稳.无需担心车身姿态,[不满意],[外观],为了这个颜色足足等了5个月可见喜欢程度,[内饰],内饰看着不高级但也不赖实用不花哨毕竟车是来用的在花哨也会有过时的那一天.,,,[舒适],悬挂的高级感非常足有韧性而且舒适侧倾很小不怕烂路适应各种路况,[油耗],刚跑了2000多公里油表一直显示12L-13L每百公里一箱油能跑300公里最近跑的有点勤平均3天一箱油,[动力],毕竟2.0NA加个电机澎湃的推背给不了你很平顺跟脚踩多少来多少我很喜欢跑高速：高速120公里发动机2300转左右不使劲踩动力来的有点慢,[操控],操控我给满分原因很简单离地间隙220毫米跨界suv堪比某些钢炮车型有过之而不及,[性价比],喜欢就是性价比，参照你喜欢的程度来做百分比,
"
    发表于  2020-09    

      
        
    
    
",保险贵，后备箱空间略小，后排没有出风口掉档次。,https://image1.xcarimg.com/attachments/my/0/31/14/523_120.jpg,xihezhango,新手上路,4.25,外观,5,内饰,4,空间,4,舒适,5,油耗,4,动力,4,操控,5,性价比,3,购入信息,爱车车型,购入时间,2020/7/1,购车地点, [河北省],裸车价格,23.48万  (厂商指导价 20.38万),当前油耗,8L/100km,购入用途,上班,接送小孩,爱车简评,2.0已经够用，高速上可以放到180，120的时候加速不如2.0t车，80以内完全没问题,爱车评价,[最满意],斯巴鲁的车驾驶感受是非常好的，这种感受是没办法用说来让旁人明白的，只能实际开几次后才能明白。ES系统非常好用可靠，23w的车能配上最先进的主动安全技术是非常值得的。销售顾问很热情负责。,[不满意],[外观],很满意，外观接缝紧密，做工出众。颜色不错，所有人看见我车先夸颜色,[内饰],比斯巴鲁其他的车系好太多，比森林人强的没天际了，跟其他品牌比就算了吧。中控台样式较新颖，用料考究，做工优良,[空间],我身高180体重190，前排调整舒服后坐后排完全没问题。乘坐空间够用，储物空间尚可。坐四个大人很舒服，5个也可凑合短途。储物空间：后备箱比森林人紧凑，但是后排好在能放到，拉大东西的时候放到后排就可以。,[舒适],一般，别报太大期望,[油耗],目前为止7.1左右，纯高速情况下能到6.5,,,[操控],方向盘没有虚位，感觉完美。四驱让你走啥路都信心十足。,[性价比],纯进口车，和国产车谈什么性价比是扯淡，但是在斯巴鲁系列中算性价比最高的。,
"
    发表于  2020-09    

      
        
    
    
",后备箱，也只能是后备箱了！,https://image1.xcarimg.com/attachments/my/0/31/14/525_120.jpg,kjwyffo5,新手上路,3.88,外观,4,内饰,5,空间,3,舒适,5,油耗,4,动力,3,操控,5,性价比,2,购入信息,爱车车型,购入时间,2020/7/1,购车地点, [福建省],裸车价格,21.5万  (厂商指导价 19.18万),当前油耗,8L/100km,购入用途,上班,接送小孩,爱车简评,没开过什么好车，走烂路感觉不错，前半段悬挂还是觉得太软了一些，比较偏舒适吧！,爱车评价,[最满意],最满意？还是方向盘的手感，配合全时四驱，那个感觉很舒适，唯一一点就是方向盘个人手感觉得太细了一点点！,[不满意],[外观],外观还行，个人觉得比上一代好看多了！车灯设计：车灯顶配是LED自动大灯，亮度也够！就是晚上跑乡下路还是需要开启手动模式，不然远灯开不起来！,[内饰],内饰我还是非常喜欢的，简洁明了！使用起来也还OK，我不喜欢那么多花里胡哨的东西！车机只要求不坏就行，蓝牙连接听音乐，手机导航听声音，carlife，连接不上，不知道是不是还需要用原弟弟在开车手感材质：方向盘偏细了一点点！稍微粗点点就好了！没什么好说的，它非要我凑满20个字！！！异味异响：车里用茶叶梗，效果很好，异味一个星期就散的差不多了。副驾驶有轻微异响，有时有有时没有！懒得管他，习惯就好了！,[空间],家里人身材都不高大，驾乘空间都够用，唯一遗憾就是后备箱偏小！,,,[油耗],目前跑了1300KM油耗大概在6毛！还是高速比较多，也还好啦，六毛七毛无所谓了，车都买了难道还不加油啊？磨合磨合应该就能稳定下来！喝的95#,[动力],动力不得不说2.0偏弱啊！真的是偏弱啊！只能给你三颗星！,[操控],操控没得说，谈不上指哪打哪，但是得心应手，动力稍微欠缺！,[性价比],这个车就不谈性价比了吧？保养售后什么的都比合资同级别贵！千金难买我喜欢！鸡肋配置：发动机启停，这是真的鸡肋啊！上车就关，要么就是等到他工作的时候想起来关掉它！期待的配置：期待腰部支撑和座椅通风，开长途没有腰部支撑比较累啊，座椅通风天热的时候非常实用的功能！,展开全部
"
    发表于  2020-09    

      
        
    
    
",1.车评都说空间不好，但我觉得够用了，一家三口自驾游，全是老婆孩子的东西，大包小包的，我觉得也没压力，你要非说五口出行，那你先解决坐着舒服的问题在考虑这个车吧。四驱的车后排那个高耸的梁真的是对中间乘客不友好。当然没有对比就没有伤害，同价位的车基本都比他大，这里特指后备箱，其实后排膝部空间没什么问题。2.正在应该说最不满意是车内的隔音，开高速基本听不清最爱的郭德纲相声，这个音响也就是只能听听歌，自行脑补吧。还有一个情况比较特殊，有次下雨天幼儿园门口接孩子，门前全是大树停在树下，基本上就感觉坐在一层铁皮下面，噼噼啪啪的。3.还有一些我觉得人机设计不满意的地方，自动启停不能常关，想关就要每次都启动都手动关一次，再就是这个启停的脚感，必须要踩得深才能启动，如果等红灯的时候有点松动，就会重复启停，再就是在侧方停车或者直接开进车位的情况下，一脚刹车直接就启动启停功能了，拉手刹又启动一次发动机。这样设计我觉得时间长了会不会造成没必要的积碳和磨损。,https://image1.xcarimg.com/attachments/my/0/31/14/527_120.jpg,Tianlei100df,新手上路,4,外观,5,内饰,3,空间,4,舒适,4,油耗,4,动力,5,操控,5,性价比,2,购入信息,爱车车型,购入时间,2020/7/1,购车地点, [山东省],裸车价格,21.1万  (厂商指导价 23.18万),当前油耗,9L/100km,购入用途,上班,接送小孩,爱车简评,斯巴鲁买的就是四驱和水平对置，对于经常在城市开的人来说已经很可以了,爱车评价,,,[不满意],[外观],别把他当suv，这叫跨界车！,,,[空间],乘坐宽敞够用，定位准确，同级别表现满意。,[舒适],座椅专为运动设计，包裹感很好，可惜驾驶位没有腰部支撑，长途有点累。还有就是隔音非常一般，也可以说是差，尤其是开高速的时候，风燥！风燥！风燥！,[油耗],市区10~11，高速最低5.3，加满续航里程900km，2.0的机子，可怕的油耗表现。,[动力],2.0配cvt，没有双离合的快，就是线性，就是稳！,[操控],精准到成为其中一个卖点。底盘一般非铺装路面基本满意。,[性价比],没什么性价比，尤其是顶配，看个人喜好的东西。,展开全部
"
    发表于  2020-08    

      
        
    
    
",对这辆车几乎是百分百满意，就像捡到宝的那种喜欢，现在已经成了老婆和我的主力车，不论是上下班还是周末出去浪，老婆和我都会选择家里的新成员斯巴鲁xv。如果一定要说出槽点，那可能就是卤素大灯，讲真，这个卤素大灯让这辆车的颜值从满分掉到了及格线，计划等出保自行升级LED灯。另一个不得不说的，原本车机是支持CarPlay的，但引进后整个换了一个国内的车机，操作界面难看不说，还把我最爱的CarPlay阉割了，只能凑合用carlife，除了口吐芬芳，我啥也不想说！,https://image1.xcarimg.com/attachments/my/0/30/78/308_120.jpg,feifeicdsv,新手上路,4.25,外观,5,内饰,4,空间,4,舒适,3,油耗,4,动力,4,操控,5,性价比,5,购入信息,爱车车型,购入时间,2020/7/1,购车地点, [重庆市],裸车价格,19.68万  (厂商指导价 21.58万),当前油耗,11L/100km,购入用途,上班,购物,爱车简评,虽然包裹性差一点，但是好在是打孔真皮，坐感可以给满分。车速过80胎噪和风噪就会很明显，低俗还不错。整体舒适型还算OK吧，但是提升空间还是很大！,爱车评价,[最满意],比保时捷还要宝马的斯巴鲁，绝对是造车界的偏科生，对机械的偏执和狂热让斯巴鲁忽略了国人非常在意的外观和内饰，这很大程度上导致了他在国内受到冷落成为了小众车，但这丝毫不影响斯巴鲁是好车的事实。纯进口身份保证了优良的拼装品质，全车拼接处严丝合缝，内饰跟德系相比太过老气横秋，似乎跟90后的我有点格格不入，但一切用起来又是那么的方便。斯巴鲁车的外观一直是一个谜，初看有点杀马特，时间久了就会不自觉的喜欢，这就是典型的耐看型的吧。,[不满意],[外观],还是那句话，斯巴鲁车的外观就是一个谜，属于很耐看的那种，越看越有味道，越看越喜欢！作为一台跨界SUV，这个侧面堪称完美！屁股虽然不能满分，但是比老款好看太多，哈哈哈！除了卤素大灯，其余满分！,[内饰],内饰设计比较中庸，感觉日系车在营造高级感方面还差了德系一大截，但是所有功能设计很人性用起来比较方便，学习成本几乎为零。虽然内饰设计差了点，但是用料厚道做工考究，斯巴鲁用看不到的东西弥补设计上的不足，我很欣赏！所以内饰这方面也还是比较满意的！,[空间],空间对于通勤来说足够用，总体评价就是：前排够用，后排友好，后备箱有点小！老婆上下班，周末和姐们儿出去浪，完全符合当初的购车预期。另外车内的储物空间也OK，尤其中间扶手储物盒，很深，还有两个USB充电口和点烟器，实用性很强！,,,,,[动力],初段动力很强劲，油门灵敏反馈积极，等红绿灯起步说走就走，但是中后段动力就没那么充沛，绵软无力，地板油提速也很慵懒，明显就是干吼不走。开惯了自己的车，适应这台新车真的需要一段时间。但是对于老婆这样的新手，这样的动力调教反而很安全。对于一台2.0自吸发动机，这样的动力表现其实还是很满意的！,[操控],开过的车很少，对操控理解不是很全面，但是跟自己的3系GT对比，感觉不出太大的差别，方向盘指向性很精准，基本上达到了指哪儿打哪儿，另外XV过弯的极限大到我不敢继续试探，所以在北京的二环上弯道超车信心十足，完全不用担心打滑侧翻，加上精准的转向，弯道就没怕过谁，哈哈哈！,[性价比],落地不到二十三万，就可以获得纯进口，全时四驱，水平对置发动机，仅次于特斯拉的EyeSight主动安全系统，仅仅这几个点放到某众上至少也得三十万起步，但是没有办法，好好造车不如研究国人心理来得实在！对于这辆车，我不想说性价比，我只能说物超所值，买到就是赚到！,展开全部
"
    发表于  2020-08    

      
        
    
    
",开着车也半个多月了，越开越爱开，驾驶的感受真是太棒了，但他有好多小细节人性化程度不好。1.没自动落锁。2.后视镜在车熄火状态下不能操作。3.后排窗户不能一键升降4.后排没出风口5.副驾驶没电动座椅这些东西都是小细节，所有车其实都有这样那样的不足，但有些东西我觉得需要去改善。,https://image1.xcarimg.com/attachments/my/0/31/14/526_120.jpg,北京男孩i,新手上路,4.63,外观,5,内饰,5,空间,5,舒适,5,油耗,4,动力,5,操控,5,性价比,3,购入信息,爱车车型,购入时间,2020/7/1,购车地点, [天津市],裸车价格,23.48万  (厂商指导价 21.38万),当前油耗,10L/100km,购入用途,上班,自驾游,爱车简评,外形精干，不肉不肿灯光配置：很好自动大灯，灯光犀利，可随车辆转向偏转大灯方向车灯设计：灯光设计齐全自动大灯反应灵敏，天光稍微暗一点灯就开了,爱车评价,[最满意],尺寸是我最满意的，可能很多人很奇怪，这么小的车还满意，现在马路和小区停车太费劲了，以前的索八在小区里很不好停车，还经常被人挂蹭受伤，一直想换个个头适中的SUV。XV正好满足我的要求！,[不满意],[外观],我是顶配，大灯太酷了，晚上非常漂亮。远近光自适应，一开灯，灯光自动调整，好高科技感觉，拐弯时随动转向，视角比普通车好太多，好多车主都因为不是LED灯给差评了，我只想说，这车绝对得上顶配。（当然好多朋友是因为顶配订车时间太长）,[内饰],可能和4008和WEY相比确实缺乏设计感，但对于我来说，我觉得够了，我自己挺喜欢，挺简单实用的。,[空间],我身高183，身材适中，上下左右都没问题，驾驶位调整好后，后排座也没问题，空间还是不错的，平时大多数时间就我和媳妇两个人座，足够了。,[舒适],稳。,[油耗],因为我公司在市中心写字楼，天天上班和打仗一样，为了少堵车几乎每天路都变，即使这样也天天堵，开始14个多，最近跑了几次远一点距离，降到10.7了，应该还会继续降。,[动力],很多人都说动力不足，其实对我足够了，高速最高不就让开120嘛，还能飞呀！动力平顺性：完全没顿挫，非常平顺，初段加速非常给力。横向对比：没顿挫，但不给油汽车滑行时没有AT的车滑动远，不给油速度一下就下来了，AT速度下来没这么快。刹车和油门力度，我感觉和我以前索八差距不大，第一次驾驶就适应了，我试过指南者，刹车太灵敏了，稍一踩就哐当停了。受不了。,[操控],太爽了，会让你上瘾，拐弯，直行，变道，都很爽。这款车不亏是从翼豹改过来的，以前开的车真的没体会到什么是“操控”，现在开XV才真体会到，不夸张的说以前一个类似高架桥匝道那种幅度的弯，开40，你就感觉车尾要甩出去感觉，现在60没感觉。好爽啊！底盘及悬架：我就说一点吧，以前轿车过减速带，肯定要减速，慢行，这车我试过不减速，当然也不是特别快，但肯定比开轿车时快，非常稳，我非常惊喜。,[性价比],这车纯进口，购置税加关税大家知道多少吗？7万。唉，还有车船税，油费里还有一半多的税，我已经不知道说什么了。注:车价和关税是一起的，不加这句有些朋友总会误会我说的话。期待的配置：开了一段时间了，开始的一些小缺点有些无所谓了。但是随车落锁还是挺希望加上的，虽然某宝也有，但不是原装总有点不放心。还有后排窗户一键升窗也很实用，这两个功能希望加上。,展开全部
"
    发表于  2020-06    

      
        
    
    
",最不满意就是这个车的油耗，那个时候油耗要八点几，要是不开高速的话，要九点几十点几这么多，唉，油耗有一点吃不住。,https://image1.xcarimg.com/attachments/my/1/84/73/683_120.jpg,xuser1857368,三星会员,4.63,外观,5,内饰,4,空间,5,舒适,4,油耗,4,动力,5,操控,5,性价比,5,购入信息,爱车车型,购入时间,2020/2/1,购车地点,哈尔滨中冀先锋斯巴鲁汽车销售服务有限公司 [黑龙江省],裸车价格,19万  (厂商指导价 19.18万),当前油耗,8.6L/100km,购入用途,上班,,爱车简评,斯巴鲁XV只搭载2.0L排量发动机，并且全系标配四驱系统，性价比不错，价位可调很适中。保养也没有想象的那么贵，完全能接受，并且售前、售后服务都很热情,爱车评价,[最满意],最满意的就是这个车的通过性的，都是底盘特别的高，一般路都能通过，并也不会挂地盘，同时是四驱的基本上的路，都能走一走，稀泥吧路，都是没有问题的。,[不满意],[外观],外观上的话我觉得一般般吧，平平常常的没觉得有什么特别的地方。,[内饰],内饰设计倒是很不错，看起来很有意思。,[空间],空间拉货什么的，都很容易，毕竟后备箱那么大。,[舒适],空调制冷特别给力，一下整个车都凉快了,[油耗],油耗有点高啊。油耗能降个两升左右就完美了,[动力],我觉得力量还是很充足，爬坡上坎这些一点不费劲。,[操控],刹车特别灵，开100码都能很快的刹下来。,[性价比],本人是做工地的，有时候工地上的路确实需要能力比较强一点的时候底盘高一点的时候，不然过不去。汉兰达那些车其实就很不错，但是我买不起，只有买一个20万左右的，20万左右，如果买硬派越野的话，买国产都是有的，但是我觉得过山车不太行，然后看这个车的话，感觉还不错，就买了这个。,展开全部
"
    发表于  2020-06    

      
        
    
    
",最不满意的一点就是他的内饰设计风格和我想象中的不太一样，还有就是它的隔音效果和减震性都挺差的,https://image1.xcarimg.com/attachments/my/1/84/73/676_120.jpg,xuser1857367,三星会员,4.75,外观,5,内饰,5,空间,5,舒适,4,油耗,5,动力,5,操控,4,性价比,5,购入信息,爱车车型,购入时间,2020/2/1,购车地点,上海安吉斯巴鲁汽车销售服务有限公司 [上海市],裸车价格,19万  (厂商指导价 19.18万),当前油耗,8.3L/100km,购入用途,上班,,爱车简评,他的评价这款车确实整体下来评价还是非常高的口碑也很好，那它的外观方面我也是非常的喜欢给我的感觉就是非常的大气。他整个实用性非常的强，很适合家用。,爱车评价,[最满意],最满意的一点就是它的外观真的非常好看，非常具有个性，然后设计感很强，特别是它的车身线条非常硬朗，而且它的操控感非常好，空间也特别大,[不满意],[外观],外观我真的特别喜欢，第一眼看上他就是因为他的外观给我的感觉就是非常有个性而且时尚，然后车身线条非常硬朗,[内饰],内饰设计风格我并不是特别喜欢，因为我觉得它的内饰设计风格可能过于中规中矩了一些，但是他的中控台还是不错的,[空间],这方面我还挺满意的，因为他的空间挺充足，后排坐三个人的话是完全没有问题的，后备箱的容量也特别大并外观,[舒适],这一方面就特别不满意了，因为它的隔音效果真的很差，嗓音非常大，然后他的减震性也不是特别好，过一个减速带颠簸非常明显,[油耗],这方面我觉得他控制的还是挺好的，油耗现在目前保持在8到9个油之间，我觉得对于我来说我挺满意,[动力],这一方面我特别满意，因为它的动力操控起来特别舒服，极速和起步都挺快的，然后超车完全没问题,[操控],操控这方面必须点名表扬，因为它开起来的感觉特别舒服，一点压力都没有，我的女性朋友们开我的车都觉得上手非常快,[性价比],选车的时候预算是在20万以内，然后这个价位的车我都有对比过，觉得斯巴鲁XV这款车是最符合我的要求的，它的性价比很高，而且各种方面我都特别喜欢,展开全部
"
    发表于  2020-06    

      
        
    
    
",走国道80公里每小时以内基本上听不到风噪和发动机噪音，但是只要上高速超过100公里每小时，风噪就很明显了,https://image1.xcarimg.com/attachments/my/1/84/73/658_120.jpg,xuser1857365,三星会员,4.63,外观,5,内饰,5,空间,5,舒适,4,油耗,5,动力,4,操控,4,性价比,5,购入信息,爱车车型,购入时间,2020/2/1,购车地点,威海中冀斯巴鲁汽车销售有限公司 [山东省],裸车价格,21万  (厂商指导价 19.18万),当前油耗,6.8L/100km,购入用途,上班,,爱车简评,看重的是多年坚守的品牌，全车进口始终如一的可靠质量。水平对置的发动机，货真价实的全时四驱，以及较为领先的二级自动驾驶功能。,爱车评价,[最满意],斯巴鲁XV的空间绝对够用，外观很耐看，每次停车都要回头看上一眼。内饰虽然没有那么奢华上档次，但是个人还是很喜欢的。座椅材质很不错，包裹性也很好，还有座椅加热，腰背部加热。18寸轮毂很档次。离地间隙高，没有了以前开轿车时的顾虑。四驱加持，只要有路就敢走。方向精准，没有虚位，转弯加速一气呵成，从不拖泥带水。,[不满意],[外观],外观设计很耐看，个人感觉不前卫，但是也不落后，中规中矩吧，这也是选择的理由之一。,[内饰],内饰个人很喜欢，软质材料加上车缝线的搭配，雍容而华丽。各种显示很实用，材料也很讲究，做工很精细，虽然没有豪华品牌的高端及奢华，但也展现出了个性与不凡！多媒体车机：多媒体主机很容易上手，触屏跟物理按键分工明确，很实用。,[空间],空间还是够用的，一家五口人，出行基本没有问题，因为家中没有体重超过70公斤，身高没有超过175的。出行时除了一些换洗衣服和日用品、零食之外，不会带一些无关紧要的东西。所以不用担心有东西放不下。储蓄空间很丰富，特别是前排，尽管你有再多的随身物品，都能找到合适的地方。后备箱也能满足日常。,[舒适],斯巴鲁XV使用的是运动风格座椅，包裹的很不错，这也许是延续了斯巴鲁的赛车风格吧，前排的座椅还有加热功能，冬天使用起来还是很温馨的。悬架调教的也很好，大部分颠簸都能得到很好过滤，过弯时甚至让你感觉不到是在开一辆SUV，侧倾真的很小。方向精准，指哪打哪，没有虚位。转弯、掉头很有自信。真皮方向盘的手感很细腻，握持度很好，要是加上方向盘加热功能，冬天里使用起来就超级爽了。,[油耗],目前行驶快2500公里了，高速上能保持不超过6个油，市区也不会超过9个油，综合油耗大概在8点以内，一台2.0的汽油四驱车，很满意了。这也是当初选择斯巴鲁XV的主要原因之一。,[动力],动力个人还是很满意的，因为没有急加速的习惯，目前转速还没有超过2500转。超车时一脚油门下去，降档速度挺快，自然超车没问题。大家都说起步肉，我认为只要舍得给油，没有什么是做不到的。,[操控],操控最满意了，方向精准，没有虚位，指哪打哪，过弯很有自信，转弯时车身侧倾很小，基本上接近轿车。中控方向盘上的功能，也很容易上手，多媒体一体机操作很方便，各个功能模块切换很方便。机器反应速度也快。 底盘及悬架：底盘支撑很到位，转弯侧倾不大，感觉不是在开SUV，大部分的颠簸都能过滤。 山路：目前还没有机会跑山路，很期待试一试，不能埋没了一匹好马。,[性价比],一台20万预算的SUV，还是水平对置发动机，全时四驱，加上进口身份，个人感觉很物超所值，再融合油耗，舒适，通过性，没有不选择的理由啊！期待的配置：如果能配上LED日间行车灯，巡航定速，那就完美了，哪怕让我用天窗去换，都愿意。,展开全部
"
    发表于  2020-06    

            
    
    
",有几个需要改进的地方：1、储物空间小，后备箱太小（不过选它就是可以接受）、隔音确实不好、音响不怎样、后视镜拔钥匙了不能电动折叠、除了主驾另外3个窗不是一键升降。2、维修保养费用有点贵，配件难等。3、保养跟保险稍微贵了一点。4、 内饰黑色，夏天吸热。,https://image1.xcarimg.com/attachments/my/1/84/73/469_120.jpg,xuser1857346,三星会员,4.63,外观,5,内饰,4,空间,5,舒适,5,油耗,4,动力,4,操控,5,性价比,5,购入信息,爱车车型,购入时间,2020/3/1,购车地点,大连中冀汽车国际贸易有限公司 [辽宁省],裸车价格,19.1万  (厂商指导价 19.18万),当前油耗,10L/100km,购入用途,上班,购物,爱车简评,"外观时尚,炫酷感十足；车子有那种紧凑的运动感，但内部空间也很好.操控简单，运动感强。起步迅猛，越野能力不错。",爱车评价,[最满意],最满意的有：1、油耗，7.5。表显平均油耗6.8，实际要多0.5左右。2、驾乘感受优越，水平对置一一左右对称一一全时四驱一一带来的低重心和四轮抓地力、3、源源不断的动力，发动机质量好，能够提供充足的动力。4、操控性能好，通过性能OK。 整体来看斯巴鲁XV的性价比还是较高的。,[不满意],[外观],XV是一款跨界车，外观是其一大亮点，比较靓丽，尤其是珍珠白的，用的是金属漆，虽然也很喜欢天空蓝的！车的大灯很有特色，显得很男人，也很有神，铝合金行李架作为装饰性和实用性两相宜！纯黑外带镀铬曲线的轮毂显得与众不同，但是否好看就要看各人的喜好了！我个人和老婆感觉非常拉风，尤其是它的轮毂很赞，车子有很多回头率的。我本来是要选森林人的，老婆到了四S店，一下就被xv吸引了，选车订车只用了半个小时。我们选的银色，觉得很满意，大气、稳健。XV整体造型协调，肌肉感比较强，漂亮的老婆非常喜爱，可身边的朋友说的轮毂造型难以接受，让人苦恼。,[内饰],内饰风格是中规中矩的那种。做工算精细了，一看给人有是有层次的感觉。没有什么特别吸睛（花里胡哨、华而不实）的设计，没有各种糊弄人并不实用的功能，各项功能使用起来很简洁、舒服，而且工艺很扎实。并且低配车型缺少的部分功能， 还可以自己动手添置，折腾型车友的福音。,[空间],空间对于我这样的还算够用，本人173，体重120，调整好坐姿后前排头部一个拳头，后排腿部两个拳头，头部一个拳头。乘坐空间尚可，后尾箱实在小了点，可以在设计时，个人感觉可适当加高车顶的高度和车身长度各5厘米即可。前后座椅宽大舒适，头部、腿部空间宽裕，储物格较多且比较顺手。后备箱类似普通两厢车大小，长途旅行时在乘员满载的情况下不太够用。,[舒适],电动座椅、前排座椅加热、以及其他如后视镜加热、大灯清洗等设施，对这个价位的全进口车来说已经算很不错了。座椅舒适，包裹感也不错，运动版嘛，那么享受干什么。隔音效果开始不错，现在开了半年，不知是密封条老化还是装了护板影响气流，风噪现在有些大，不过俺喜欢！其它都还好。过减速带的时候最好慢点。其实这个价位的车很难做到舒适性和操控性两全其美。真的是鱼和熊掌不能兼得。不过选择这款车的应该大多数是70后80后，所以斯巴鲁XV还是挺迎合它的客户群。,[油耗],"这个是它的优点，应该也是一个较大的卖点，大部分SUV，车重，加全时四驱，油耗轻松就是10个以上，动辄会有12,13个，而XV首先车轻1425的车重比一般的四驱SUV 要轻100-200KG,再加之CVT变速箱的优势，跑起来后转速始终在1500转以下，由此可以预想到油耗必然会相对大大降低。",[动力],起初买XV时就没抱太大期望，这样在实际驾驶后反倒有了惊喜。起步的时候有点窜，在车速80内只要舍得给油还能获得推背感，80km/h后还想急加速就忍忍吧。但还是能符合2.0加CVT的水准。平时在市区开完全足够，时速80以内只要不是突然一脚下去而是顺着给大些油门动力还是很受用的，在二级路上超车虽然带不来涡轮增压的推背感，但也完全够用。,[操控],操控性相当不错，转向很清晰。雨天高速路时速120变线非常稳定，时速140跟120没感觉到差别，以80公里杀入很急的匝道，在弯中没有感到丝毫的打滑或不稳定。,[性价比],发动机配置高，操控性极好，转向清晰，指向精确！相对4驱，油耗很给力！强大的技术底子，水平对置发动机+全时四驱技术，让人安心。发动机噪音真心舒适。,
"
    发表于  2020-06    

      
        
    
    
",1、排量有点大，不是特别的低碳环保；2、胎噪声较大，上次跑了一趟高速，太失望了，还有车钥匙也很难看，象电瓶车钥匙一样。3、身高较高，空间有点狭窄，座椅调到最低，头上只剩一指距离，最后是后备箱也稍微有点小,https://image1.xcarimg.com/attachments/my/1/84/73/466_120.jpg,xuser1857346,三星会员,4.88,外观,4,内饰,5,空间,5,舒适,5,油耗,5,动力,5,操控,5,性价比,5,购入信息,爱车车型,购入时间,2020/3/1,购车地点, [宁夏省],裸车价格,19万  (厂商指导价 19.18万),当前油耗,9L/100km,购入用途,上班,购物,爱车简评,质量可靠，外观真的很漂亮，而且全时四驱系统在雨雪天气的情况下能保证安全驾驶，没出任何问题。操控性能非常好，油耗比较低，外观漂亮 ，水平对置。,爱车评价,[最满意],以下几个方面还算是满意：1、省油。2.0的发动机全时四驱百公里综合油耗才7升多，这完全低于的我的预期。家庭用非常合适。2.全时四驱，离地间隙高，基本上走哪都不怕卡底壳，倒马路牙子比较轻松。3、外型时尚简洁，操纵性能非常棒。外观时尚靓丽，足够拉风，操控一流，乘坐舒适。,[不满意],[外观],外观时尚，适合年轻时髦的人群，犀利的前脸，优雅的车身线条和丰满的屁股，看起来很合眼缘。 XV是一款跨界车，外观是其一大亮点，我个人和老婆感觉非常拉风，尤其是它的轮毂很赞，车子有很多回头率的。我本来是要选森林人的，老婆到了四S店，一下就被xv吸引了，选车订车只用了半个小时。我们选的银色，觉得很满意，大气、稳健。,[内饰],车内中控设计没有太大的新意，但却不失优雅，一共两个液晶显示的中控能让驾驶者更加直观便捷的了解到车辆车况信息以及音乐播放进度。自动空调的使用很舒适方便，旋钮的阻尼恰到好处。而且中控的一个温馨之处就是可以把旋钮背灯调节成两种颜色，一个橙色，一个蓝色。但是有一个缺点就是储物格略显少，可放置水瓶的地方不多,[空间],空间总体来说还可以，驾驶座我觉得比较舒适，身高174CM的我完全没有压抑感，且视线良好，人员乘坐空间在紧凑型SUV里面算是不错的，就是后备箱空间太小，四人自驾游的话刚刚好能放得下行李，但是想买任何东西的话就很困难了，建议出行时加装行李架或行李箱。感觉还有一定的空余；唯一有些遗憾的就是后尾箱空间略微小了点，不过对于我们5口之家来说，不是经常跑长途和搬家还是够用。,[舒适],座椅比较舒适，行驶过程中也无不良反应。后排中部地台较高，有些影响舒适性。座椅比较舒服，开过几次长途，跑重庆跑大理丽江。没有感觉座椅给人带来得不舒适感。脖子到是痛，呵呵。后面的座位也不错，虽然腿部空间小点，但也不局促。但是悬挂那个硬啊！高速过个小坑或小凸都会听到比较大的响动。气味不算大，但噪音控制得不够好。特别是在非铺装路面上和高速100以上的时候。比较吵。,[油耗],油耗低，7月份自驾游跑了趟湖南来回7000多公里综合油耗6.4，现在每天上下班和在市区跑综合油耗是7.8，非常满意。非常满意，高速上耗油也就是6.4左右吧。现在在磨合期，估计过了磨合期还会少一点。我在上海市内的油耗也就9.5左右，我嫂子的进口宝马325i 2.0 要有12多个油。,[动力],1、绿灯启车时，是“窜”。2、冬天，车没热起来的前10公里，是“爬”。3、CVT根本不吃地板油这一套。你踩的越狠，它就越迟缓，经过深刻的体会，它需要“温柔”。4、跑高速，定速在80-90迈时，是“省”。听着动感的小曲、伴着动感的小妹、望着动感的风景，一瞄转速表（还不到1500转），暗暗掐指一算，一路省下的油钱可以多开一次房了，刹那间愉悦的心情，我是无法形容出来滴！跑高速绝对够用，超个大货没问题，subaru的发机机声音让人激动，可惜80km以内车里没什么声音，有一点轮胎声音对于四轮驱动的XV来说，2.0的发动机加速表现依然很好，油门响应还算可以。,[操控],水平对置，不用说很满意， 40万以下的SUV，对比三菱跟沃尔沃还能跟XV， 其他车基本可以无视。操控性很好，过弯操控特别精准，水平对置发动机，重心低，走很多路段都感觉很稳定，尤其是窄路，超有感觉，而且cvt变速没有搓顿感，以前开手动挡每次变速都感觉被人在背后踹一脚那样，刚开的时候会有所不适应，但越开越有快感，无可争议的。 充满驾驶乐趣，因为提车回来时正值夏至，未能体验冰雪乐趣，但是四驱功能对于走比较让人头疼的路时让人安心，提车回家时我家附近正在修路，平时开轿车时小心翼翼，但提该车回来我就放心了。底盘比较高，操控比较灵活，底盘路感很强，方向灵活轻巧，导向性准。,[性价比],"性是指优良的汽车特性，包括斯巴鲁的设备，各种参数均衡。操控很好,油耗太好。视觉与操控，该车前后左右视觉良好，坐姿稳重，方向盘大小用手感很好，驾驶轻松，倒是太安逸了容易打磕睡。",展开全部
"
    发表于  2020-06    

      
        
    
    
",冷启动抖得厉害，在大部分车子都不怎么需要热车的年代，水平对置发动机一定要热车有点坑。。。胎噪算是比较明显吧，没什么加速感，速度经常不小心就踩到90~100，新车磨合期油耗有点过了，可能也和自己没有熟悉有关。 几乎取消了中控上面的物理按键，采用了触控式。科技感是十足，但没有物理按键的操控感，钢琴烤漆的面板易反光，在触控时也易误操作，也容易沾上指纹和灰尘。 4s的抠门，新车的挂牌难，一致性证书的燃油方式和关单不一致是最不可容忍的低级错误。海关的任性导致车主挂牌等的后期的一系列麻烦。排气有点娘，后排座椅不能调节靠背角度，没有后排独立空调出风口，后排的过桥有点高，导致后排中间凸起部分造成的空间局限。中控导航的低能，远不如百度地图好用，没有进口原装的CD机，中控钢琴烤漆面容易被划上痕，前中网没有主动防虫网。 后排空间小，后备箱小。没有倒车雷达，只有倒车影像。导航升级太麻烦，4s店迟迟不能到货。车皮超级软，指甲都能恰下印子。被剐蹭特别伤。保养死贵，只能用0.20机油，一次小一千。,https://image1.xcarimg.com/attachments/my/1/84/73/462_120.jpg,xuser1857346,三星会员,4.38,外观,4,内饰,4,空间,4,舒适,4,油耗,5,动力,5,操控,4,性价比,5,购入信息,爱车车型,购入时间,2020/3/1,购车地点,x重庆精诚斯巴鲁汽车销售服务有限公司万州分公司 [重庆市],裸车价格,27.3万  (厂商指导价 19.18万),当前油耗,8L/100km,购入用途,上班,购物,爱车简评,"这款车的动力系统非常高级,外形霸气沉稳，开着很有安全感，视野好，动力不错，底盘稳，性能不错，驾驶质感没得说.",爱车评价,[最满意],1.动力绝对够用，平顺柔和的换挡，四轮独立悬挂且带柔性副车架，舒适型性价比整体拉高一个档次，当然，这车就不推荐给激进好战的人群了，激烈驾驶不是它的强项。2.后排空间其实挺大的，就是后备箱一家三口出门也是够用的。围绕着家用这一主题设计制造的可以说令我非常满意，够用的动力，但是一款大空间、动力、运动年轻化的外观、LED大灯、360度全景影像、全最天窗，还有终身免费保养和终身免费质保政策.3.操控特别好，人车一体，转弯侧倾和轿车的感觉差不多。,[不满意],[外观],外型犀利，大气美观，个性，符合年轻人的审美观，尤其是轮毂，堪称完美。大灯随动，LED光源，银色装饰条带来的运动科技感。饱满的线条感，底盘高度满足越野车的基本标准，轮胎使用普利司通18寸，各项参数显示基本齐全，很满意。,[内饰],用料厚道，手能摸到的均为软塑材质，储物空间够大，高档感十足，配置良心，虽有不足但绝对对得起这个车价。其他都还好，设计也满意，就是中控台是硬塑料，影响了内饰的档次。车内异味不大，使用过一段时间就基本没什么味道。,[空间],乘坐空间家庭成员都不是特别高，这辆车完全够用，后备箱的话因为家里还有别的车子，这个够用就好，也不需要特别能装，不过客观的来说，后备箱一般还是够用的，比三菱的奕歌大的多前排很宽敞，后排就不行了，坐个小孩还可以，我一般后面放东西，很少坐人，因为我觉得一辆跑车吗，后面怎么坐也不好坐。加上充足的储物空间，给人良好的视觉体验。,[舒适],这款车有着非常高的舒适度，座椅舒服皮质不错，副驾驶没有电动调节哈哈哈哈；嗓音控制一般，但也不想有些人说的车速超过120车内聊天就得喊了，这个价位的SUV里噪音控制最好的是啥车说来我去感受一下？避震比较硬，过减速带咣咪硬砸的感觉，但转弯侧倾很小，跑烂路的时候滤晨挺好；空调制冷很快,[油耗],"不吹不黑，斯巴鲁的全时四驱车比绝大多数同排量的两驱轿车油耗都要低前期磨合期300KM的市区和500公里高速行驶，磨合期油耗目前8.4,还可以吧，目前1000公里大概是10的油耗，95%都是在市内短途拥堵的地方开，很满足了，和我的其他几台车没太大区别。",[动力],油门响应很迅速，加速平顺，2.0的排量里表现很优秀，缺点冷车启动的时候声音太大了。动力表现还是不错的，油门踏板的响应速度还可以，脚感适中。起步有些偏软，不过并没有很慢的感觉，深踩一些油门，还是会很轻松的提起来的。开起来之后，中低速行驶时动力还是可以的，日第驾驶动力完全够用。发动机的转速也不是很高，我在100码时，转速2500转左右。 发动机运作期间会进行动力回收进行充电，行驶初期会从电动随着油门的踩踏力度转换为油电混动，再转为纯油动力，刹车或者松油门后的惯性行驶会进行动力的回收，下大坡的时候惯性越大，回收充电越快。提速目前未暴力驾驶，只是在市区尝试过超车，提速的反应很快，只要合得踩油门，但刹车很敏感，因为eyesight和主动安全防御给的刹车辅助也很强，所以没有过分的加速尝试,[操控],稳，急转弯侧倾很小，高速在山区转弯什么的很扎实不会出现转向不足之类的；四驱的X-MODE模式一直还没用过，去沙漠里轮胎没放气没敢上沙山，但在平缓的沙漠里四驱很稳，快速绕圈没甩尾的感觉；eyesight系统很可靠，现在但凡是个SUV都会宣讲自己有某某驾驶辅助功能，但车前经过行人能刹住的有几个？目前XV帮我刹过好几次了。转向轻柔，精准度一般，只是不支持前后调节，像我这1.65的身高手还不是那么长的属实不是很友好；油门刹车比较线性，属于那种踩多少有多少的，很好掌控。,[性价比],原来的飞度开了十四年了不坏，但实在是想换辆车了，确定了SUV，必须要有四驱因为自己喜欢摄影会经常需要跑一些烂路钻山沟之类的，预算25万以内。这个价格区间的各种SUV看了好多，也试驾了一些，周围朋友开这些的也多，很多车啥情况大致也了解，起初斯巴鲁不在计划内，以前也从没开过斯巴鲁的车，见得比较多的是森林人。就在买车前一次去高铁站送人，看到一辆XV停在我车旁，高高的底盘，样子说得过去，回家上网各种查，一堆数据、视频和评测打动了我，然后和4S店打了几次电话，就大致确定买这个了。,展开全部
"
    发表于  2020-06    

      
        
    
    
",有几个需要改进的地方：1、储物空间小，后备箱太小（不过选它就是可以接受）、隔音确实不好、音响不怎样、后视镜拔钥匙了不能电动折叠、除了主驾另外3个窗不是一键升降。2、维修保养费用有点贵，配件难等。3、保养跟保险稍微贵了一点。4、 内饰黑色，夏天吸热。,https://image1.xcarimg.com/attachments/my/1/84/71/776_120.jpg,xuser1857177,三星会员,4.25,外观,4,内饰,4,空间,5,舒适,4,油耗,4,动力,5,操控,4,性价比,4,购入信息,爱车车型,购入时间,2020/4/1,购车地点,上海安吉和鑫汽车销售服务有限公司 [上海市],裸车价格,20万  (厂商指导价 19.18万),当前油耗,10L/100km,购入用途,上班,购物,爱车简评,"外观时尚,炫酷感十足；车子有那种紧凑的运动感，但内部空间也很好.操控简单，运动感强。起步迅猛，越野能力不错。",爱车评价,[最满意],最满意的有：1、油耗，7.5。表显平均油耗6.8，实际要多0.5左右。2、驾乘感受优越，水平对置一一左右对称一一全时四驱一一带来的低重心和四轮抓地力、3、源源不断的动力，发动机质量好，能够提供充足的动力。4、操控性能好，通过性能OK。 整体来看斯巴鲁XV的性价比还是较高的。,[不满意],[外观],XV是一款跨界车，外观是其一大亮点，比较靓丽，尤其是珍珠白的，用的是金属漆，虽然也很喜欢天空蓝的！车的大灯很有特色，显得很男人，也很有神，铝合金行李架作为装饰性和实用性两相宜！纯黑外带镀铬曲线的轮毂显得与众不同，但是否好看就要看各人的喜好了！我个人和老婆感觉非常拉风，尤其是它的轮毂很赞，车子有很多回头率的。我本来是要选森林人的，老婆到了四S店，一下就被xv吸引了，选车订车只用了半个小时。我们选的银色，觉得很满意，大气、稳健。XV整体造型协调，肌肉感比较强，漂亮的老婆非常喜爱，可身边的朋友说的轮毂造型难以接受，让人苦恼。,[内饰],内饰风格是中规中矩的那种。做工算精细了，一看给人有是有层次的感觉。没有什么特别吸睛（花里胡哨、华而不实）的设计，没有各种糊弄人并不实用的功能，各项功能使用起来很简洁、舒服，而且工艺很扎实。并且低配车型缺少的部分功能， 还可以自己动手添置，折腾型车友的福音。,[空间],空间对于我这样的还算够用，本人173，体重120，调整好坐姿后前排头部一个拳头，后排腿部两个拳头，头部一个拳头。乘坐空间尚可，后尾箱实在小了点，可以在设计时，个人感觉可适当加高车顶的高度和车身长度各5厘米即可。前后座椅宽大舒适，头部、腿部空间宽裕，储物格较多且比较顺手。后备箱类似普通两厢车大小，长途旅行时在乘员满载的情况下不太够用。,[舒适],电动座椅、前排座椅加热、以及其他如后视镜加热、大灯清洗等设施，对这个价位的全进口车来说已经算很不错了。座椅舒适，包裹感也不错，运动版嘛，那么享受干什么。隔音效果开始不错，现在开了半年，不知是密封条老化还是装了护板影响气流，风噪现在有些大，不过俺喜欢！其它都还好。过减速带的时候最好慢点。其实这个价位的车很难做到舒适性和操控性两全其美。真的是鱼和熊掌不能兼得。不过选择这款车的应该大多数是70后80后，所以斯巴鲁XV还是挺迎合它的客户群。,[油耗],"这个是它的优点，应该也是一个较大的卖点，大部分SUV，车重，加全时四驱，油耗轻松就是10个以上，动辄会有12,13个，而XV首先车轻1425的车重比一般的四驱SUV 要轻100-200KG,再加之CVT变速箱的优势，跑起来后转速始终在1500转以下，由此可以预想到油耗必然会相对大大降低。",[动力],起初买XV时就没抱太大期望，这样在实际驾驶后反倒有了惊喜。起步的时候有点窜，在车速80内只要舍得给油还能获得推背感，80km/h后还想急加速就忍忍吧。但还是能符合2.0加CVT的水准。平时在市区开完全足够，时速80以内只要不是突然一脚下去而是顺着给大些油门动力还是很受用的，在二级路上超车虽然带不来涡轮增压的推背感，但也完全够用。,[操控],操控性相当不错，转向很清晰。雨天高速路时速120变线非常稳定，时速140跟120没感觉到差别，以80公里杀入很急的匝道，在弯中没有感到丝毫的打滑或不稳定。,[性价比],发动机配置高，操控性极好，转向清晰，指向精确！相对4驱，油耗很给力！强大的技术底子，水平对置发动机+全时四驱技术，让人安心。发动机噪音真心舒适。,展开全部
"
    发表于  2020-06    

      
        
    
    
",1、排量有点大，不是特别的低碳环保；2、胎噪声较大，上次跑了一趟高速，太失望了，还有车钥匙也很难看，象电瓶车钥匙一样。3、身高较高，空间有点狭窄，座椅调到最低，头上只剩一指距离，最后是后备箱也稍微有点小,https://image1.xcarimg.com/attachments/my/1/84/71/781_120.jpg,xuser1857178,三星会员,4.13,外观,4,内饰,3,空间,5,舒适,4,油耗,5,动力,4,操控,4,性价比,4,购入信息,爱车车型,购入时间,2020/6/1,购车地点,天津滨海中冀斯巴鲁汽车销售有限公司 [天津市],裸车价格,18万  (厂商指导价 19.18万),当前油耗,16L/100km,购入用途,上班,购物,爱车简评,质量可靠，外观真的很漂亮，而且全时四驱系统在雨雪天气的情况下能保证安全驾驶，没出任何问题。操控性能非常好，油耗比较低，外观漂亮 ，水平对置。,爱车评价,[最满意],以下几个方面还算是满意：1、省油。2.0的发动机全时四驱百公里综合油耗才7升多，这完全低于的我的预期。家庭用非常合适。2.全时四驱，离地间隙高，基本上走哪都不怕卡底壳，倒马路牙子比较轻松。3、外型时尚简洁，操纵性能非常棒。外观时尚靓丽，足够拉风，操控一流，乘坐舒适。,[不满意],[外观],外观时尚，适合年轻时髦的人群，犀利的前脸，优雅的车身线条和丰满的屁股，看起来很合眼缘。 XV是一款跨界车，外观是其一大亮点，我个人和老婆感觉非常拉风，尤其是它的轮毂很赞，车子有很多回头率的。我本来是要选森林人的，老婆到了四S店，一下就被xv吸引了，选车订车只用了半个小时。我们选的银色，觉得很满意，大气、稳健。,[内饰],车内中控设计没有太大的新意，但却不失优雅，一共两个液晶显示的中控能让驾驶者更加直观便捷的了解到车辆车况信息以及音乐播放进度。自动空调的使用很舒适方便，旋钮的阻尼恰到好处。而且中控的一个温馨之处就是可以把旋钮背灯调节成两种颜色，一个橙色，一个蓝色。但是有一个缺点就是储物格略显少，可放置水瓶的地方不多,[空间],空间总体来说还可以，驾驶座我觉得比较舒适，身高174CM的我完全没有压抑感，且视线良好，人员乘坐空间在紧凑型SUV里面算是不错的，就是后备箱空间太小，四人自驾游的话刚刚好能放得下行李，但是想买任何东西的话就很困难了，建议出行时加装行李架或行李箱。感觉还有一定的空余；唯一有些遗憾的就是后尾箱空间略微小了点，不过对于我们5口之家来说，不是经常跑长途和搬家还是够用。,[舒适],座椅比较舒适，行驶过程中也无不良反应。后排中部地台较高，有些影响舒适性。座椅比较舒服，开过几次长途，跑重庆跑大理丽江。没有感觉座椅给人带来得不舒适感。脖子到是痛，呵呵。后面的座位也不错，虽然腿部空间小点，但也不局促。但是悬挂那个硬啊！高速过个小坑或小凸都会听到比较大的响动。气味不算大，但噪音控制得不够好。特别是在非铺装路面上和高速100以上的时候。比较吵。,[油耗],油耗低，7月份自驾游跑了趟湖南来回7000多公里综合油耗6.4，现在每天上下班和在市区跑综合油耗是7.8，非常满意。非常满意，高速上耗油也就是6.4左右吧。现在在磨合期，估计过了磨合期还会少一点。我在上海市内的油耗也就9.5左右，我嫂子的进口宝马325i 2.0 要有12多个油。,[动力],1、绿灯启车时，是“窜”。2、冬天，车没热起来的前10公里，是“爬”。3、CVT根本不吃地板油这一套。你踩的越狠，它就越迟缓，经过深刻的体会，它需要“温柔”。4、跑高速，定速在80-90迈时，是“省”。听着动感的小曲、伴着动感的小妹、望着动感的风景，一瞄转速表（还不到1500转），暗暗掐指一算，一路省下的油钱可以多开一次房了，刹那间愉悦的心情，我是无法形容出来滴！跑高速绝对够用，超个大货没问题，subaru的发机机声音让人激动，可惜80km以内车里没什么声音，有一点轮胎声音对于四轮驱动的XV来说，2.0的发动机加速表现依然很好，油门响应还算可以。,[操控],水平对置，不用说很满意， 40万以下的SUV，对比三菱跟沃尔沃还能跟XV， 其他车基本可以无视。操控性很好，过弯操控特别精准，水平对置发动机，重心低，走很多路段都感觉很稳定，尤其是窄路，超有感觉，而且cvt变速没有搓顿感，以前开手动挡每次变速都感觉被人在背后踹一脚那样，刚开的时候会有所不适应，但越开越有快感，无可争议的。 充满驾驶乐趣，因为提车回来时正值夏至，未能体验冰雪乐趣，但是四驱功能对于走比较让人头疼的路时让人安心，提车回家时我家附近正在修路，平时开轿车时小心翼翼，但提该车回来我就放心了。底盘比较高，操控比较灵活，底盘路感很强，方向灵活轻巧，导向性准。,[性价比],"性是指优良的汽车特性，包括斯巴鲁的设备，各种参数均衡。操控很好,油耗太好。视觉与操控，该车前后左右视觉良好，坐姿稳重，方向盘大小用手感很好，驾驶轻松，倒是太安逸了容易打磕睡。",展开全部
"
    发表于  2020-06    

      
        
    
    
",冷启动抖得厉害，在大部分车子都不怎么需要热车的年代，水平对置发动机一定要热车有点坑。。。胎噪算是比较明显吧，没什么加速感，速度经常不小心就踩到90~100，新车磨合期油耗有点过了，可能也和自己没有熟悉有关。 几乎取消了中控上面的物理按键，采用了触控式。科技感是十足，但没有物理按键的操控感，钢琴烤漆的面板易反光，在触控时也易误操作，也容易沾上指纹和灰尘。 4s的抠门，新车的挂牌难，一致性证书的燃油方式和关单不一致是最不可容忍的低级错误。海关的任性导致车主挂牌等的后期的一系列麻烦。排气有点娘，后排座椅不能调节靠背角度，没有后排独立空调出风口，后排的过桥有点高，导致后排中间凸起部分造成的空间局限。中控导航的低能，远不如百度地图好用，没有进口原装的CD机，中控钢琴烤漆面容易被划上痕，前中网没有主动防虫网。 后排空间小，后备箱小。没有倒车雷达，只有倒车影像。导航升级太麻烦，4s店迟迟不能到货。车皮超级软，指甲都能恰下印子。被剐蹭特别伤。保养死贵，只能用0.20机油，一次小一千。,https://image1.xcarimg.com/attachments/my/1/84/71/782_120.jpg,xuser1857178,三星会员,4.38,外观,4,内饰,4,空间,5,舒适,5,油耗,4,动力,4,操控,4,性价比,5,购入信息,爱车车型,购入时间,2020/2/1,购车地点,云南华东汽车销售有限公司 [云南省],裸车价格,20万  (厂商指导价 19.18万),当前油耗,10L/100km,购入用途,上班,购物,爱车简评,"这款车的动力系统非常高级,外形霸气沉稳，开着很有安全感，视野好，动力不错，底盘稳，性能不错，驾驶质感没得说.",爱车评价,[最满意],1.动力绝对够用，平顺柔和的换挡，四轮独立悬挂且带柔性副车架，舒适型性价比整体拉高一个档次，当然，这车就不推荐给激进好战的人群了，激烈驾驶不是它的强项。2.后排空间其实挺大的，就是后备箱一家三口出门也是够用的。围绕着家用这一主题设计制造的可以说令我非常满意，够用的动力，但是一款大空间、动力、运动年轻化的外观、LED大灯、360度全景影像、全最天窗，还有终身免费保养和终身免费质保政策.3.操控特别好，人车一体，转弯侧倾和轿车的感觉差不多。,[不满意],[外观],外型犀利，大气美观，个性，符合年轻人的审美观，尤其是轮毂，堪称完美。大灯随动，LED光源，银色装饰条带来的运动科技感。饱满的线条感，底盘高度满足越野车的基本标准，轮胎使用普利司通18寸，各项参数显示基本齐全，很满意。,[内饰],用料厚道，手能摸到的均为软塑材质，储物空间够大，高档感十足，配置良心，虽有不足但绝对对得起这个车价。其他都还好，设计也满意，就是中控台是硬塑料，影响了内饰的档次。车内异味不大，使用过一段时间就基本没什么味道。,[空间],乘坐空间家庭成员都不是特别高，这辆车完全够用，后备箱的话因为家里还有别的车子，这个够用就好，也不需要特别能装，不过客观的来说，后备箱一般还是够用的，比三菱的奕歌大的多前排很宽敞，后排就不行了，坐个小孩还可以，我一般后面放东西，很少坐人，因为我觉得一辆跑车吗，后面怎么坐也不好坐。加上充足的储物空间，给人良好的视觉体验。,[舒适],这款车有着非常高的舒适度，座椅舒服皮质不错，副驾驶没有电动调节哈哈哈哈；嗓音控制一般，但也不想有些人说的车速超过120车内聊天就得喊了，这个价位的SUV里噪音控制最好的是啥车说来我去感受一下？避震比较硬，过减速带咣咪硬砸的感觉，但转弯侧倾很小，跑烂路的时候滤晨挺好；空调制冷很快,[油耗],"不吹不黑，斯巴鲁的全时四驱车比绝大多数同排量的两驱轿车油耗都要低前期磨合期300KM的市区和500公里高速行驶，磨合期油耗目前8.4,还可以吧，目前1000公里大概是10的油耗，95%都是在市内短途拥堵的地方开，很满足了，和我的其他几台车没太大区别。",[动力],油门响应很迅速，加速平顺，2.0的排量里表现很优秀，缺点冷车启动的时候声音太大了。动力表现还是不错的，油门踏板的响应速度还可以，脚感适中。起步有些偏软，不过并没有很慢的感觉，深踩一些油门，还是会很轻松的提起来的。开起来之后，中低速行驶时动力还是可以的，日第驾驶动力完全够用。发动机的转速也不是很高，我在100码时，转速2500转左右。 发动机运作期间会进行动力回收进行充电，行驶初期会从电动随着油门的踩踏力度转换为油电混动，再转为纯油动力，刹车或者松油门后的惯性行驶会进行动力的回收，下大坡的时候惯性越大，回收充电越快。提速目前未暴力驾驶，只是在市区尝试过超车，提速的反应很快，只要合得踩油门，但刹车很敏感，因为eyesight和主动安全防御给的刹车辅助也很强，所以没有过分的加速尝试,[操控],稳，急转弯侧倾很小，高速在山区转弯什么的很扎实不会出现转向不足之类的；四驱的X-MODE模式一直还没用过，去沙漠里轮胎没放气没敢上沙山，但在平缓的沙漠里四驱很稳，快速绕圈没甩尾的感觉；eyesight系统很可靠，现在但凡是个SUV都会宣讲自己有某某驾驶辅助功能，但车前经过行人能刹住的有几个？目前XV帮我刹过好几次了。转向轻柔，精准度一般，只是不支持前后调节，像我这1.65的身高手还不是那么长的属实不是很友好；油门刹车比较线性，属于那种踩多少有多少的，很好掌控。,[性价比],原来的飞度开了十四年了不坏，但实在是想换辆车了，确定了SUV，必须要有四驱因为自己喜欢摄影会经常需要跑一些烂路钻山沟之类的，预算25万以内。这个价格区间的各种SUV看了好多，也试驾了一些，周围朋友开这些的也多，很多车啥情况大致也了解，起初斯巴鲁不在计划内，以前也从没开过斯巴鲁的车，见得比较多的是森林人。就在买车前一次去高铁站送人，看到一辆XV停在我车旁，高高的底盘，样子说得过去，回家上网各种查，一堆数据、视频和评测打动了我，然后和4S店打了几次电话，就大致确定买这个了。,展开全部
"
    发表于  2020-04    

      
        
    
    
",后排没有出风口，后排座椅深度较浅，支撑不太好，后备箱太小，卤素灯太low，钥匙太low......,https://image1.xcarimg.com/attachments/my/0/79/46/477_120.jpg,很受伤ssa,三星会员,5,外观,5,内饰,5,空间,5,舒适,5,油耗,5,动力,5,操控,5,性价比,5,购入信息,爱车车型,购入时间,2020/1/1,购车地点, [湖北省],裸车价格,20万  (厂商指导价 20.38万),当前油耗,11L/100km,购入用途,上班,接送小孩,爱车简评,好：车身钢性好，操控好，外观个性，内饰精致，四驱性能强，cvt加速平顺！ 孬：后排座椅较小，后备箱太小，卤素灯太low，钥匙太low......,爱车评价,[最满意],最满意]最满意]车身钢性好，操控好，方向盘手感好，仪表简洁，信息清晰，外观个性，内饰精致，Eyesight安全性无敌，四驱性能强，cvt加速平顺！,[不满意],[外观],外观没说的，太有个性！我喜欢！轮毂造型一般，算用心设计过了，但是并不算好看！只能算是个个性！es豪华除了卤素灯太low了，其他没缺点！,[内饰],内饰简洁，大气！缝线加得很赞！整体衔接的很好！比起上一代简直是飞跃！就是车机比较low，没有carplay！没有sd卡！感觉就是个山寨货！另外，这钥匙太low了！太low了！太low了！电瓶车吗？！虽然法拉利也用这样的钥匙，但这六个星星的和法拉利相提并论太牵强了！,[空间],前排可调范围很大，毫无压力，很舒服。后排略小，满载不适合长途。后备箱太小，长途必须配车顶箱！,[舒适],比轿车避震硬一点，但不颠。座椅包裹性一般，侧向支撑没有老明锐好。自动空调方便，基本上设定25度之后很长一段时间就不需要再调整。座椅加热实用，上车一会就能感觉到热了，效果很好。后排没有出风口，略显低端。噪音控制的不错，主要噪音还是风噪。普利司通的轮胎还是很安静的！eyesight强大！太实用了！定速，自适应巡航，车道保持！适合新手！,[油耗],1000公里，纯市区10.5升，做为2.0的新车，算正常。新车磨合加冬季低温的关系油耗偏高。高速瞬时5左右。,[动力],2.0自吸带动1.4吨的车，只能说刚刚够用，不过cvt非常给力，起步扭矩还是可以的，动力很强，能窜！0-60动力充足，一点就有！60-100公里，动力一般，加速慢，100以上动力弱！CVT就是为平顺而生的，完全没有感觉，速度就上去了，转速可以保持不变！斯巴鲁的钢链式cvt，可承受扭矩更大，能满足轻度越野！高速上跑100码，转速1700，120码也不超过2000转，贼省油！,[操控],斯巴鲁主打的就是操控，没说的，操控性远高于配备的动力。方向盘没有虚位，加上避震偏运动，指哪打哪！,[性价比],进口车没性价比可言，税费摆着！但是拥有傲人的水平对置发动机和全时四驱这两项，全世界没有第二个品牌了！所以，性价比看你怎么比了！,展开全部
"
    发表于  2020-04    

      
        
    
    
",ES系统两个镜头，自动大灯一个镜头，行车记录仪一个镜头，前面一共四个镜头，很难看。而且因为ES系统还不让前挡风玻璃贴膜，隐私无法保障。,https://image1.xcarimg.com/attachments/my/1/83/38/212_120.jpg,gh1586764792,三星会员,5,外观,5,内饰,5,空间,5,舒适,5,油耗,5,动力,5,操控,5,性价比,5,购入信息,爱车车型,购入时间,2020/1/1,购车地点, [贵州省],裸车价格,20万  (厂商指导价 20.38万),当前油耗,8L/100km,购入用途,上班,接送小孩,爱车简评,如果你对空间和动力没有特别大的需求，它绝对是一辆值得拥有的车。开了斯巴鲁后你才知道什么是开车。,爱车评价,[最满意],驾驶感受超级棒！得益于合适的尺寸，极小的转向比，灵敏的方向盘，转向精准，再加上强大的ES功能，驾驶感受好到爆，无可挑剔。即使是在暴雨如注的高速路上，跑120码依旧稳稳当当，超车绝不拖泥带水，没有任何打滑现象，四轮驱动给驾驶者极大的安全信心。新车油耗满意，高速只跑了100公里，油耗立马下降到百公里6.7升，十足的惊喜。外观也是自己所喜欢的，大小适中，平常穿梭于城市道路之中，游刃有余的感觉，停车也方便。内饰个人感觉也足够精致了，该有的功能全都有，车内储物空间也比较丰富，足够用了。顶配版的大灯非常好，漂亮且实用。新车基本没什么味道，一点新车皮革味儿，一周左右就彻底不可闻了。220MM的离地间隙在同级别当中绝对屈指可数，期待哪天能够带自己去轻度越个野，哈哈。另外，这车的噪音我觉得也还行，绝对在可接受的范围内。,[不满意],[外观],外观个人感觉很满意，无论车头、车尾，侧身线条设计，感觉很符合自己的审美标准。车身大小尺寸也是自己所中意的。不喜欢太大的车。大灯和尾灯都挺漂亮，车子做工很好，车漆光亮，接缝匀称，没有什么不满意的地方。,[内饰],中控样式中规中矩，特别喜欢仪表盘及中控上方两块液晶仪表的设计，显示清晰，内容丰富，给驾驶者提供相当全面的行车帮助，值得称赞。车内软性材质用得比较多，没有异味，到现在也未出现什么异响。,[空间],前排调整舒服后坐后排完全没问题。乘坐空间够用，储物空间尚可。坐四个大人很舒服，5个也可凑合短途。储物空间：后备箱比森林人紧凑，但是后排好在能放到，拉大东西的时候放到后排就可以。,[舒适],舒适性一般吧，一分钱一分货，虽然比不上三十万以上的车，但是比二十万以内的车好。就像人生一样，永远比上不足比下有余…,[油耗],跑高速，一箱油跑个800轻轻松松。,[动力],2.0的动力，够用，超个车还是可以胜任的。加速表现：超车还算说的过去吧，超个BBA有点力不从心，10多万的国产车还是可以应付的。动力平顺性：得益于水平对置发动机，加上自然吸气，平顺性值得肯定。跑高速：跑高速绝对不会拖泥带水，120~140之间游刃有余。横向对比：2.0自吸发动机里，斯巴鲁的水平对置发动机确实可圈可点。,[操控],转向精准。山路：可以说是山路利器，全时四驱应对连续弯道和湿滑路面，确实是强悍。底盘及悬架：支撑到位。过个沟沟坎坎的，底盘没有异响，悬架校调的也很舒服，座的时间长了也不累，坐个5~6个小时没问题。雨雪泥泞路面：全时四驱对于一般烂路和雨雪天气绰绰有余。,[性价比],该车谈不上什么性价比，如果不是整车进口身份，合资的话估计也就十六七万的最多了。买车不要讲究性价比，在能接受的价钱范围内挑自己第一眼看上喜欢的就好嘛。对比来对比去，你会忘记你的初心哦。,展开全部
"
    发表于  2020-04    

      
        
    
    
",内饰吧！用销售顾问的话说是简约实用，用我的话说，你好意思说你是30万的车吗！,https://image1.xcarimg.com/attachments/my/1/83/47/286_120.jpg,xuser1844728,三星会员,4.63,外观,4,内饰,5,空间,5,舒适,5,油耗,4,动力,5,操控,5,性价比,4,购入信息,爱车车型,购入时间,2020/1/1,购车地点, [湖南省],裸车价格,20万  (厂商指导价 20.38万),当前油耗,6L/100km,购入用途,上班,接送小孩,爱车简评,完全符合购车预算，对外观细节和鹰眼无要求的话建议2.0最低配就可以了,爱车评价,[最满意],视野是真的好，其他小惊喜也特别多。,[不满意],[外观],这个看个人吧！这个年纪，这个岁月，好用比好看更重要！大灯还算有神吧！随动转向大灯，该说不说斯巴鲁的配置已经提升很多了！风景配爱车，故事更精彩！车身造型：美是相对主管的，我觉得它美就行了，别人不敢强求！,[内饰],简约至极实用至极视野极致手感材质：都是软的，软的！而且几乎没什么味道，进口车这点还是靠谱的,[空间],空间妥妥的，5人无压力！新车揭幕，真心没啥味道！这个店帅哥多些！出来的干活的都是兄弟！特意找个景色不错的地方拍了拍。乘坐空间：头部空间，配合非常好的视线和几乎全景天窗的超大天窗，视觉和空间感真的舒服！只有坐在车里才能体会吧！我尽力拍的比较明显了！希望你们体会的到个矮，拍不出这个天窗的魅力之处，只能取巧借个美丽的风景储物空间：储物空间还挺多的，杯架，门板处，还有小屏幕也有空间可以放一些东西前排储物格放一些小东西2个杯架还算实用30万的价格还是手刹，我只能用这样更安全，安慰自己很深，很深，深不可测,[舒适],恩，不能说优秀吧！只能说还对付。属于这个价位的表现一般的品牌!个人觉得还好！能接受，相比较之前开的本田，已经算提升一个台阶了！,[油耗],日系车几乎都省油吧！这么大的SUV百公里10升以内，都完全符合我预期，但是听说它还不到这个数！城市路段表现：CVT顺畅不油腻，好开是斯巴鲁一直的特点吧！,[动力],初段油门响应迅速，动力感觉十分充足。因为是新车还没体验高速呢，后面来再评价。,[操控],虽然没有新平台，但是还是觉得低重心以及全时四驱的优势，对比Q3啊，其他智能四驱，过弯稳定性，以及应对各种天气，配上EyeSight功能，好开不费油，刮风下雨下雪都不太愁。,[性价比],过分的性价比，会失去原本的快乐，在我眼里，它性价比真的高，但是更是真心的喜欢标配配置：水平对置发动机，全时四驱，ES驾驶辅助系统。剩下的就都是惊喜了吧。这几个就完全值得这个价格了,展开全部
"
    发表于  2020-04    

      
        
    
    
",中控屏幕太简单了，一种国内制造的山寨感。完全配不上车子的大气刹车很软，有一种刹不住的感觉启停感觉很鸡肋，每次启动的时候车子就要往前冲，抖得很倒车灯就一个，这是最骚的。。刚买回家第一眼被我妈发现了教育了一顿，说买了个坏的车回来。,https://image1.xcarimg.com/attachments/my/1/83/47/270_120.jpg,xuser1844727,三星会员,4.88,外观,5,内饰,5,空间,5,舒适,5,油耗,5,动力,5,操控,4,性价比,5,购入信息,爱车车型,购入时间,2020/1/1,购车地点, [陕西省],裸车价格,20万  (厂商指导价 20.38万),当前油耗,9L/100km,购入用途,上班,接送小孩,爱车简评,20W预算最后落地多了几千还是可以的了也是冲动买的这辆车。不过买了就当儿子对待咯，平常小心翼翼的。停车也只找最大的停车位。爱护哈哈,爱车评价,[最满意],1.起步顺畅不突兀。2.自从开了森林人，过弯踩刹车的习惯算是戒了。不过养成了新的习惯，见到路边积水，别人绕着走，我喜欢冲进去踏浪，当然，周围没有行人的前提下。3.关于发动机，别的就不自卖自夸了，说个显而易见的，因为是水平对置发动机，引擎盖较扁平，所以前车窗视野非常开阔。4.全时四驱到底有多神，我不是专业车手，其实感觉不出来，只是平时遇见沟沟坎坎，我都是一脚油过去。雨雪路况，游刃有余。而且我个人觉得，斯巴鲁的车标以及车型，只有在以冰雪为背景的世界，才是最美的。,[不满意],[外观],外观没啥说的呀，情人眼里出西施。全系标配的LED自动头灯很实用，大灯清洗功能也很炫酷，嗯，就酱。附加一点：个人喜欢越野，每周都会去野山里转一圈，有时下雨，路上有积水得泥巴坑，我每次开过去以后可以听见车轮扬起泥巴打在车上的声音，但下车后我发现，挡泥板上糊了一层泥巴，但是，除此之外的地方，都干干净净的。细节做的很好。车灯设计：车灯个人觉得很棒，自动头灯，自动感光，头灯清洗。这些功能都非常实用切稳定。左侧车灯会低一些，防止影响对头车司机视野，保护别人，就是保护自己，这个设计很好。做工车漆：这一点应该是最不日系的，车漆很厚，跟德系车一样。,[内饰],内饰偏硬塑料感强座椅不是皮的但是包裹性可以，车机看着像山寨的减分但是导航精准度可以usb借口在手套箱内，相对来说倒车影像比较灵敏，但是不想荣放似得有车位预显，需要自己判断车的距离，空调是自动旋钮，但是没有大小显示，需要自己感觉，整车音质尚可，没啥亮点，比较不能忍的是没有无钥匙进入无钥匙启动钥匙看着丑。,[空间],乘坐空间足够大，后备箱空间足够用乘坐空间：一辆车做5人都不拥挤，后排中间座小孩.前排很宽敞，我家儿子能在后排跳舞，你相信嘛^_^，满意放行李：后备箱空间真心大，外出放一家人的行李绝对没有问题，后排如果放倒放两部山地车不成问题。,[舒适],舒适性整体来说还行吧。希望后期厂家对地盘进行隔音，然后换套米其林声音会好过原厂越野性能胎座椅舒适性：座椅包裹性还可以，就是没有腰部支撑这点不满意。,[油耗],百公里综合油耗9个油，新车过了5000.我猜肯定还有下降的空间，比较在城市开有这样的油耗我已经非常满意了城市路段表现：正常上下班遇到堵车，这个天开空调，大概9个油，感觉还是可以的。高速路段表现：开高速就省油咯，120码转速1950就5个油。,[动力],起步很轻快，但不迅猛。但自然吸气配合CVT，那叫一个平顺。个人感觉，虽然是2.0自然吸气，但因为是水平对置的原因，起步提速还是要比马自达CX5以及日产奇骏搭载的2.5自然吸气发动机要快一些的。高速到达140以后，深踩油门，依然有明显推背感。跑到160，发动机声音很好听。注意：我是有个人偏好的，个人是很喜欢自然吸气的。加速表现：水平道路正常起步，油门踩10％就行。如果想有点推背，红绿灯想冲一下，踩个30％就行了。动力平顺性：非常平顺，尤其是堵车一步一停的情况下，表现很好，满分。自动启停的算法逻辑也非常智能。跑高速：跑高速很舒服，转速在1500以上，引擎发力更明显。150公里每小时，深踩油门踏板，转速上4000，动力依然源源不断。并且发动机声音很好听。,[操控],这个绝对5星转弯半径小侧倾不明显比荣放好不少更不用说奇骏了。荣放操控也行但是底盘太硬。在我看来应该是森林人＞cx5＞荣放=crv＞奇骏底盘及悬架：简单说一下这个车的底盘。这个车底盘是很不错的，扎实。基本上都是铁的，铝合金部件没看到，但是非常平整，整个车底盘装甲做的非常好，前方有塑料的发动机护板，这个车机油滤芯在上方，打开发动机盖子就能看见。60升的油箱，然后是后轴上可见差速锁。整个车的后悬挂和丰田荣放有相似的地方，但也有差别，整体连杆比较粗壮。还有就是排气管道的处理，用的是朴素的单边，但是没有明显的突出，不像荣放的猪大肠。这几个地方点赞,[性价比],这个价位性价比个人觉得很高了，但是对比在国内同价位的其它车型的电子配置来说，就感觉一般了。标配配置：水平对置发动机，全时四驱，这些核心配置还是可以的。期待的配置：一键启动，行车自动落锁，低配也有电动尾门。,展开全部
"
    发表于  2020-04    

      
        
    
    
",最不满意的就是隔音做的不是很好，转速一拉上去发动机的噪音就比较明显,https://image1.xcarimg.com/attachments/my/1/83/46/181_120.jpg,xuser1844618,三星会员,4.5,外观,4,内饰,5,空间,5,舒适,4,油耗,4,动力,5,操控,5,性价比,4,购入信息,爱车车型,购入时间,2020/1/1,购车地点, [云南省],裸车价格,20万  (厂商指导价 20.38万),当前油耗,9L/100km,购入用途,上班,接送小孩,爱车简评,进口车没性价比可言，税费摆着！但是拥有傲人的水平对置发动机和全时四驱这两项，全世界没有第二个品牌了！所以，性价比看你怎么比了,爱车评价,[最满意],外型犀利，旗舰版的大灯随动，LED光源，银色装饰条带来的运动科技感。饱满的线条感，底盘高度满足越野车的基本标准，轮胎使用普利司通18寸，各项参数显示基本齐全，很满意。发动机的智能感体现在日常，淋漓尽致。全时四驱之中省油的混动车。进口的科技感十足的机械性能很强玩具,[不满意],[外观],外观其实没有太大的亮点，而且客观的说整体算不上多好看，但是算是耐看的类型吧。主要是离地间隙高，给我的感觉很加分，让整个车看起来很精悍，加上不长的车身，看起来很高的后悬架，整个车还是营造出了俯冲的姿态，就是内部坐姿其实还是偏低的轿车视野,[内饰],又不是豪华车品牌，内饰已经还好啦手感材质：能摸到的地方都还是软的，方向盘也是皮的，很喜欢丁字裤方向盘多媒体车机：感觉这东西有点落后了，只支持mp3格式，还有什么百度car只能连接线才有用,[空间],这个车子其实是两箱翼豹的底子，所以坐姿还是比较轿车的，座椅调高一点就有点顶头（我一米八）。整体空间ok，后排座位空间比马自达要强，但是比不了本田。储物空间：尾箱因为独立悬挂混动电池组，地台很高，空间利用率有点低。没有地方放停车费过路费发票，扶手箱前面一个小槽不深不浅，有点尴尬,[舒适],悬架还是比较有高级感的，震动处理比较干脆。高速风噪胎噪都控制的很好，这个比较惊艳，需要点赞。车里主要的噪音源来自发动机，转速一拉上去发动机的噪声就会比较明显。驾驶员座椅很舒服，还有加热功能，很满意了。,[油耗],"新车,平均耗油粗略算了一下也不过8.5上下，还是非常满意的，现在经过长时间呢磨合油耗已经降到了8.2，这油耗比轿车一点也不虚，省油是必须的",[动力],动力目前还没跑长途也没去郊外试试越野能力不好说什么，但是市里代步动力算是随叫随到吧，深踩踏板转速很快的就能降档拉高到3000+，超个车还是很轻松的。至于说启停这方面，发动机重新介入的时候是有一点闯，但是能接受,[操控],这个价位里操控可以说比较无敌了，和我之前的车子一对比简直天上地下。悬架表现优秀，高速过弯侧倾控制的非常好，体感极佳，换了我之前的车子相同速度过这个弯人都东倒西歪了。转向精准，方向盘力度适中。全时四驱也无惧雨雪路面，esp介入及时,[性价比],进口车没性价比可言，税费摆着！但是拥有傲人的水平对置发动机和全时四驱这两项，全世界没有第二个品牌了！所以，性价比看你怎么比了,展开全部
"
    发表于  2020-04    

      
        
    
    
",空间在同级别的车型中不是很大，再就是噪音的问题。,https://image1.xcarimg.com/attachments/my/1/83/46/154_120.jpg,xuser1844615,三星会员,4.75,外观,4,内饰,5,空间,5,舒适,5,油耗,4,动力,5,操控,5,性价比,5,购入信息,爱车车型,购入时间,2020/1/1,购车地点, [四川省],裸车价格,20万  (厂商指导价 20.38万),当前油耗,8.5L/100km,购入用途,上班,接送小孩,爱车简评,外观很好看，底盘高可以随意上马路牙子，特别适合目前越来越拥挤的小区。,爱车评价,[最满意],水平对置全时四驱带来的斯巴鲁专有操控体验，就是喜欢这款车，所以就买回来了。,[不满意],[外观],外观还不错，买这车很大程度也是因为外观好看，个人感觉还挺时尚耐看的，特别是那个花型轮毂，LD很是喜欢。仁者见仁，智者见智的事儿了。,[内饰],内饰做工说不上什么豪华，就是简简单单的，不过操作起来显得比较方便和简单。,[空间],无论是前排座椅和后排座椅，都有足够的空闲空间，尤其是车顶的行李架，超大的空间，可以随意堆放旅行出行的众多行李。,[舒适],减震还是稍微硬了一些（比起广本）、路感清晰。原车胎压均是2.7后来调到2.5 能强一些。,[油耗],"新车,平均耗油粗略算了一下也不过8.5上下，还是非常满意的，现在经过长时间呢磨合油耗已经降到了8.2，这油耗比轿车一点也不虚，省油是必须的。",[动力],感觉已经足够用，油门前段非常灵敏，动力充沛，80以上后劲不足，但也还平顺。CVT变速箱，起步上坡啥的降档感觉不够快，转速会拉高不少，这个不能强求，够我家用就好了！,[操控],开起来觉得蛮轻便的，尤其在市区里开，因为车身相对比较小巧，超个车啊，并个道的都挺灵活，本人对什么操控什么的不是很在意。,[性价比],天窗、VDC、儿童座椅、膝部气囊和全系一样的总成、悬架、轮毂等等的是很全面的，主动安全配置不错，主副驾驶都有安全带未系提醒。非常的满意了。,展开全部
"
    发表于  2020-04    

            
    
    
",最不满意的就是新车内饰异味了。,https://image1.xcarimg.com/attachments/my/1/83/46/128_120.jpg,xuser1844612,三星会员,4.63,外观,4,内饰,5,空间,5,舒适,4,油耗,5,动力,5,操控,4,性价比,5,购入信息,爱车车型,购入时间,2020/1/1,购车地点, [天津市],裸车价格,20万  (厂商指导价 20.38万),当前油耗,9L/100km,购入用途,上班,接送小孩,爱车简评,外观很满意，无论车头、车尾，侧身线条设计，感觉很符合自己的审美标准。车身大小尺寸也是自己所中意的。不喜欢太大的车。大灯和尾灯都挺漂亮，车子做工很好，车漆光亮，接缝匀称，没有什么不满意的地方,爱车评价,[最满意],外形，跨界车，喜欢的会非常喜欢，不喜欢的估计连看都不想看一眼，介乎于两厢车和SUV之间，一般家庭空间足够，接近硬派越野的离地间隙也足以应付城市里得绝大多数路况以及轻度越野,[不满意],[外观],外观个人感觉很满意，无论车头、车尾，侧身线条设计，感觉很符合自己的审美标准。车身大小尺寸也是自己所中意的。不喜欢太大的车。大灯和尾灯都挺漂亮，车子做工很好，车漆光亮，接缝匀称，没有什么不满意的地方,[内饰],中控样式中规中矩，特别喜欢仪表盘及中控上方两块液晶仪表的设计，显示清晰，内容丰富，给驾驶者提供相当全面的行车帮助，值得称赞。车内软性材质用得比较多，到现在也未出现什么异响，但是有异味，这里要减分了,[空间],从个人感受而言足够了，172的个头驾驶座足够从容，后排也不局促，后备箱略小，但是不拉货的话也不影响，我就跟小车后备箱对比了，虽说深度略有不足，但胜在有高度呀出门自驾油放点行李不在话下了。,[舒适],悬架很有韧性呀，过减速带弹跳比较大，毕竞是SUV，这也是我喜欢的风格，美其名曰路感清晰，讲真的不喜欢那种调的软绵绵的悬架，晃晃悠悠的会晕车,[油耗],还是比较满意XV的油耗，目前开了1600公里，其中差不多一半都是高速一半纯市区，平均7.2L/100KM，完全在预期内，可能开新车比较温柔，基本上不大脚刹车也不大脚油门，一是为了乘客的舒适性，还一个就是为了好好磨合一下，看看XV究竟能多省油,[动力],2.0的动力配上146马力，动力感觉还可以，加上CVT变速箱，开起来感觉很平顺，时速100公里以下提速没什么问题。跑高速120感觉也蛮好，没有感觉动力不足的现象。超车很干脆,[操控],方向盘力度适中，完全没有虚位，转向非常清晰，指向精准。掉头、并线十分顺畅，驾驶感觉绝对让人感到酣畅淋漓，没有丝毫拖泥带水之感。高速入弯车身侧倾控制得很好，给人十足信心。暴雨天行驶，轮胎抓地力非常强，即便高速行驶也没有任何侧滑现象出现。,[性价比],本人的购车理念是在外观满意的前提下，动力要足，操控要好，通过性高，，尽量不要太臃肿，价格又能在我的预算范围内，非XV莫属呀,
"
    发表于  2020-04    

            
    
    
",ES系统两个镜头，自动大灯一个镜头，行车记录仪一个镜头，前面一共四个镜头，很难看。而且因为ES系统还不让前挡风玻璃贴膜，隐私无法保障。,https://image1.xcarimg.com/attachments/my/1/83/46/085_120.jpg,xuser1844608,三星会员,4.63,外观,5,内饰,5,空间,4,舒适,4,油耗,5,动力,4,操控,5,性价比,5,购入信息,爱车车型,购入时间,2020/1/1,购车地点, [上海市],裸车价格,20万  (厂商指导价 20.38万),当前油耗,8L/100km,购入用途,上班,接送小孩,爱车简评,如果你对空间和动力没有特别大的需求，它绝对是一辆值得拥有的车。开了斯巴鲁后你才知道什么是开车。,爱车评价,[最满意],驾驶感受超级棒！得益于合适的尺寸，极小的转向比，灵敏的方向盘，转向精准，再加上强大的ES功能，驾驶感受好到爆，无可挑剔。即使是在暴雨如注的高速路上，跑120码依旧稳稳当当，超车绝不拖泥带水，没有任何打滑现象，四轮驱动给驾驶者极大的安全信心。新车油耗满意，高速只跑了100公里，油耗立马下降到百公里6.7升，十足的惊喜。外观也是自己所喜欢的，大小适中，平常穿梭于城市道路之中，游刃有余的感觉，停车也方便。内饰个人感觉也足够精致了，该有的功能全都有，车内储物空间也比较丰富，足够用了。顶配版的大灯非常好，漂亮且实用。新车基本没什么味道，一点新车皮革味儿，一周左右就彻底不可闻了。220MM的离地间隙在同级别当中绝对屈指可数，期待哪天能够带自己去轻度越个野，哈哈。另外，这车的噪音我觉得也还行，绝对在可接受的范围内。,[不满意],[外观],外观个人感觉很满意，无论车头、车尾，侧身线条设计，感觉很符合自己的审美标准。车身大小尺寸也是自己所中意的。不喜欢太大的车。大灯和尾灯都挺漂亮，车子做工很好，车漆光亮，接缝匀称，没有什么不满意的地方。,[内饰],中控样式中规中矩，特别喜欢仪表盘及中控上方两块液晶仪表的设计，显示清晰，内容丰富，给驾驶者提供相当全面的行车帮助，值得称赞。车内软性材质用得比较多，没有异味，到现在也未出现什么异响。,[空间],前排调整舒服后坐后排完全没问题。乘坐空间够用，储物空间尚可。坐四个大人很舒服，5个也可凑合短途。储物空间：后备箱比森林人紧凑，但是后排好在能放到，拉大东西的时候放到后排就可以。,[舒适],舒适性一般吧，一分钱一分货，虽然比不上三十万以上的车，但是比二十万以内的车好。就像人生一样，永远比上不足比下有余…,[油耗],跑高速，一箱油跑个800轻轻松松。,[动力],2.0的动力，够用，超个车还是可以胜任的。加速表现：超车还算说的过去吧，超个BBA有点力不从心，10多万的国产车还是可以应付的。动力平顺性：得益于水平对置发动机，加上自然吸气，平顺性值得肯定。跑高速：跑高速绝对不会拖泥带水，120~140之间游刃有余。横向对比：2.0自吸发动机里，斯巴鲁的水平对置发动机确实可圈可点。,[操控],转向精准。山路：可以说是山路利器，全时四驱应对连续弯道和湿滑路面，确实是强悍。底盘及悬架：支撑到位。过个沟沟坎坎的，底盘没有异响，悬架校调的也很舒服，座的时间长了也不累，坐个5~6个小时没问题。雨雪泥泞路面：全时四驱对于一般烂路和雨雪天气绰绰有余。,[性价比],该车谈不上什么性价比，如果不是整车进口身份，合资的话估计也就十六七万的最多了。买车不要讲究性价比，在能接受的价钱范围内挑自己第一眼看上喜欢的就好嘛。对比来对比去，你会忘记你的初心哦。,
"
    发表于  2020-04    

      
        
    
    
",我提的全驱豪华款，雾灯代替日行灯，还是卤素的，感觉很掉档次。全驱豪华款没有巡航定速，有时会感觉很不方便。走国道80公里每小时以内基本上听不到风噪和发动机噪音，但是只要上高速超过100公里每小时，风噪就很明显了。,https://image1.xcarimg.com/attachments/my/0/30/86/221_120.jpg,lucklp,新手上路,4.75,外观,5,内饰,4,空间,5,舒适,5,油耗,5,动力,5,操控,5,性价比,4,购入信息,爱车车型,购入时间,2020/4/1,购车地点, [湖北省],裸车价格,20.18万  (厂商指导价 23.18万),当前油耗,8L/100km,购入用途,上班,接送小孩,爱车简评,一台20万预算的SUV，还是水平对置发动机，全时四驱，加上进口身份，个人感觉很物超所值,爱车评价,[最满意],斯巴鲁XV的空间绝对够用，外观很耐看，每次停车都要回头看上一眼。内饰虽然没有那么奢华上档次，但是个人还是很喜欢的。座椅材质很不错，提车选了豪华款，因为是真皮座椅，包裹性也很好，还有座椅加热，腰背部加热。18寸轮毂很档次。离地间隙高，没有了以前开轿车时的顾虑。四驱加持，只要有路就敢走。方向精准，没有虚位，转弯加速一气呵成，从不拖泥带水。,[不满意],[外观],外观设计很耐看，个人感觉不前卫，但是也不落后，中规中矩吧，这也是选择的理由之一。,[内饰],内饰个人很喜欢，软质材料加上车缝线的搭配，雍容而华丽。各种显示很实用，材料也很讲究，做工很精细，虽然没有豪华品牌的高端及奢华，但也展现出了个性与不凡！多媒体车机：多媒体主机很容易上手，触屏跟物理按键分工明确，很实用。,[空间],空间还是够用的，一家五口人，出行基本没有问题，因为家中没有体重超过70公斤，身高没有超过175的。出行时除了一些换洗衣服和日用品、零食之外，不会带一些无关紧要的东西。所以不用担心有东西放不下。储物空间：储蓄空间很丰富，特别是前排，尽管你有再多的随身物品，都能找到合适的地方。后备箱也能满足日常。,[舒适],斯巴鲁XV使用的是运动风格座椅，包裹的很不错，这也许是延续了斯巴鲁的赛车风格吧，前排的座椅还有加热功能，冬天使用起来还是很温馨的。悬架调教的也很好，大部分颠簸都能得到很好过滤，过弯时甚至让你感觉不到是在开一辆SUV，侧倾真的很小。方向精准，指哪打哪，没有虚位。转弯、掉头很有自信。真皮方向盘的手感很细腻，握持度很好，要是加上方向盘加热功能，冬天里使用起来就超级爽了。,[油耗],目前行驶快2500公里了，高速上能保持不超过6个油，市区也不会超过9个油，综合油耗大概在8点以内，一台2.0的汽油四驱车，很满意了。这也是当初选择斯巴鲁XV的主要原因之一。,[动力],动力个人还是很满意的，因为没有急加速的习惯，目前转速还没有超过2500转。超车时一脚油门下去，降档速度挺快，自然超车没问题。大家都说起步肉，我认为只要舍得给油，没有什么是做不到的。高速也是一样，120公里每小时后，只要舍得给油，速度还是可以蹭蹭的上去。跑高速：高速油耗很低，100公里每小时，转速不超过1500转，油耗显示在5点多。当然需要超车时，也不拖泥带水，动力输出很线性。,[操控],操控最满意了，方向精准，没有虚位，指哪打哪，过弯很有自信，转弯时车身侧倾很小，基本上接近轿车。中控方向盘上的功能，也很容易上手，多媒体一体机操作很方便，各个功能模块切换很方便。机器反应速度也快。底盘及悬架：底盘支撑很到位，转弯侧倾不大，感觉不是在开SUV，大部分的颠簸都能过滤。山路：目前还没有机会跑山路，很期待试一试，不能埋没了一匹好马。,[性价比],一台20万预算的SUV，还是水平对置发动机，全时四驱，加上进口身份，个人感觉很物超所值，再融合油耗，舒适，通过性，没有不选择的理由啊！期待的配置：如果能配上LED日间行车灯，巡航定速，那就完美了，哪怕让我用天窗去换，都愿意。,展开全部
"
    发表于  2020-04    

            
    
    
",空间在同级别的车型中不是很大，再就是噪音的问题。,https://image1.xcarimg.com/attachments/my/1/83/27/283_120.jpg,xuser1842728,三星会员,4.63,外观,4,内饰,5,空间,5,舒适,5,油耗,5,动力,5,操控,4,性价比,4,购入信息,爱车车型,购入时间,2020/1/1,购车地点,上海安吉斯鸿汽车销售服务有限公司 [上海市],裸车价格,20万  (厂商指导价 21.38万),当前油耗,9L/100km,购入用途,上班,,爱车简评,外观很好看，底盘高可以随意上马路牙子，特别适合目前越来越拥挤的小区。,爱车评价,[最满意],水平对置全时四驱带来的斯巴鲁专有操控体验，就是喜欢这款车，所以就买回来了。,[不满意],[外观],外观还不错，买这车很大程度也是因为外观好看，个人感觉还挺时尚耐看的，特别是那个花型轮毂，LD很是喜欢。仁者见仁，智者见智的事儿了。,[内饰],内饰做工说不上什么豪华，就是简简单单的，不过操作起来显得比较方便和简单。,[空间],无论是前排座椅和后排座椅，都有足够的空闲空间，尤其是车顶的行李架，超大的空间，可以随意堆放旅行出行的众多行李。,[舒适],减震还是稍微硬了一些（比起广本）、路感清晰。原车胎压均是2.7后来调到2.5 能强一些。,[油耗],"新车,平均耗油粗略算了一下也不过8.5上下，还是非常满意的，现在经过长时间呢磨合油耗已经降到了8.2，这油耗比轿车一点也不虚，省油是必须的。",[动力],感觉已经足够用，油门前段非常灵敏，动力充沛，80以上后劲不足，但也还平顺。CVT变速箱，起步上坡啥的降档感觉不够快，转速会拉高不少，这个不能强求，够我家用就好了！,[操控],开起来觉得蛮轻便的，尤其在市区里开，因为车身相对比较小巧，超个车啊，并个道的都挺灵活，本人对什么操控什么的不是很在意。,[性价比],天窗、VDC、儿童座椅、膝部气囊和全系一样的总成、悬架、轮毂等等的是很全面的，主动安全配置不错，主副驾驶都有安全带未系提醒。非常的满意了。,
"
    发表于  2020-04    

      
        
    
    
",后排没有出风口，后排座椅深度较浅，支撑不太好，后备箱太小，卤素灯太low，钥匙太low......,https://image1.xcarimg.com/attachments/my/1/83/27/279_120.jpg,xuser1842727,三星会员,4.25,外观,4,内饰,4,空间,4,舒适,4,油耗,5,动力,4,操控,4,性价比,5,购入信息,爱车车型,购入时间,2020/1/1,购车地点,天津庞大中冀斯巴鲁汽车销售有限公司 [天津市],裸车价格,20万  (厂商指导价 21.38万),当前油耗,8L/100km,购入用途,上班,购物,爱车简评,好：车身钢性好，操控好，外观个性，内饰精致，四驱性能强，cvt加速平顺！ 孬：后排座椅较小，后备箱太小，卤素灯太low，钥匙太low......,爱车评价,[最满意],最满意]车身钢性好，操控好，方向盘手感好，仪表简洁，信息清晰，外观个性，内饰精致，Eyesight安全性无敌，四驱性能强，cvt加速平顺！,[不满意],[外观],外观没说的，太有个性！我喜欢！轮毂造型一般，算用心设计过了，但是并不算好看！只能算是个个性！es豪华除了卤素灯太low了，其他没缺点！,[内饰],内饰简洁，大气！缝线加得很赞！整体衔接的很好！比起上一代简直是飞跃！就是车机比较low，没有carplay！没有sd卡！感觉就是个山寨货！另外，这钥匙太low了！太low了！太low了！电瓶车吗？！虽然法拉利也用这样的钥匙，但这六个星星的和法拉利相提并论太牵强了！,[空间],前排可调范围很大，毫无压力，很舒服。后排略小，满载不适合长途。后备箱太小，长途必须配车顶箱！,[舒适],比轿车避震硬一点，但不颠。座椅包裹性一般，侧向支撑没有老明锐好。自动空调方便，基本上设定25度之后很长一段时间就不需要再调整。座椅加热实用，上车一会就能感觉到热了，效果很好。后排没有出风口，略显低端。噪音控制的不错，主要噪音还是风噪。普利司通的轮胎还是很安静的！eyesight强大！太实用了！定速，自适应巡航，车道保持！适合新手！,[油耗],1000公里，纯市区10.5升，做为2.0的新车，算正常。新车磨合加冬季低温的关系油耗偏高。高速瞬时5左右。,[动力],2.0自吸带动1.4吨的车，只能说刚刚够用，不过cvt非常给力，起步扭矩还是可以的，动力很强，能窜！0-60动力充足，一点就有！60-100公里，动力一般，加速慢，100以上动力弱！CVT就是为平顺而生的，完全没有感觉，速度就上去了，转速可以保持不变！斯巴鲁的钢链式cvt，可承受扭矩更大，能满足轻度越野！高速上跑100码，转速1700，120码也不超过2000转，贼省油！,[操控],斯巴鲁主打的就是操控，没说的，操控性远高于配备的动力。方向盘没有虚位，加上避震偏运动，指哪打哪！,[性价比],进口车没性价比可言，税费摆着！但是拥有傲人的水平对置发动机和全时四驱这两项，全世界没有第二个品牌了！所以，性价比看你怎么比了！,展开全部
"
    发表于  2020-04    

      
        
    
    
",ES系统两个镜头，自动大灯一个镜头，行车记录仪一个镜头，前面一共四个镜头，很难看。而且因为ES系统还不让前挡风玻璃贴膜，隐私无法保障。,https://image1.xcarimg.com/attachments/my/1/83/27/277_120.jpg,xuser1842727,三星会员,4.5,外观,5,内饰,5,空间,4,舒适,4,油耗,5,动力,5,操控,4,性价比,4,购入信息,爱车车型,购入时间,2020/1/1,购车地点,天津空港斯巴鲁汽车销售有限公司 [天津市],裸车价格,20万  (厂商指导价 21.38万),当前油耗,10L/100km,购入用途,上班,接送小孩,爱车简评,如果你对空间和动力没有特别大的需求，它绝对是一辆值得拥有的车。开了斯巴鲁后你才知道什么是开车。,爱车评价,[最满意],驾驶感受超级棒！得益于合适的尺寸，极小的转向比，灵敏的方向盘，转向精准，再加上强大的ES功能，驾驶感受好到爆，无可挑剔。即使是在暴雨如注的高速路上，跑120码依旧稳稳当当，超车绝不拖泥带水，没有任何打滑现象，四轮驱动给驾驶者极大的安全信心。新车油耗满意，高速只跑了100公里，油耗立马下降到百公里6.7升，十足的惊喜。外观也是自己所喜欢的，大小适中，平常穿梭于城市道路之中，游刃有余的感觉，停车也方便。内饰个人感觉也足够精致了，该有的功能全都有，车内储物空间也比较丰富，足够用了。顶配版的大灯非常好，漂亮且实用。新车基本没什么味道，一点新车皮革味儿，一周左右就彻底不可闻了。220MM的离地间隙在同级别当中绝对屈指可数，期待哪天能够带自己去轻度越个野，哈哈。另外，这车的噪音我觉得也还行，绝对在可接受的范围内。,[不满意],[外观],外观个人感觉很满意，无论车头、车尾，侧身线条设计，感觉很符合自己的审美标准。车身大小尺寸也是自己所中意的。不喜欢太大的车。大灯和尾灯都挺漂亮，车子做工很好，车漆光亮，接缝匀称，没有什么不满意的地方。,[内饰],中控样式中规中矩，特别喜欢仪表盘及中控上方两块液晶仪表的设计，显示清晰，内容丰富，给驾驶者提供相当全面的行车帮助，值得称赞。车内软性材质用得比较多，没有异味，到现在也未出现什么异响。,[空间],前排调整舒服后坐后排完全没问题。乘坐空间够用，储物空间尚可。坐四个大人很舒服，5个也可凑合短途。储物空间：后备箱比森林人紧凑，但是后排好在能放到，拉大东西的时候放到后排就可以。,[舒适],舒适性一般吧，一分钱一分货，虽然比不上三十万以上的车，但是比二十万以内的车好。就像人生一样，永远比上不足比下有余…,[油耗],跑高速，一箱油跑个800轻轻松松。,[动力],2.0的动力，够用，超个车还是可以胜任的。加速表现：超车还算说的过去吧，超个BBA有点力不从心，10多万的国产车还是可以应付的。动力平顺性：得益于水平对置发动机，加上自然吸气，平顺性值得肯定。跑高速：跑高速绝对不会拖泥带水，120~140之间游刃有余。横向对比：2.0自吸发动机里，斯巴鲁的水平对置发动机确实可圈可点。,[操控],转向精准。山路：可以说是山路利器，全时四驱应对连续弯道和湿滑路面，确实是强悍。底盘及悬架：支撑到位。过个沟沟坎坎的，底盘没有异响，悬架校调的也很舒服，座的时间长了也不累，坐个5~6个小时没问题。雨雪泥泞路面：全时四驱对于一般烂路和雨雪天气绰绰有余。,[性价比],该车谈不上什么性价比，如果不是整车进口身份，合资的话估计也就十六七万的最多了。买车不要讲究性价比，在能接受的价钱范围内挑自己第一眼看上喜欢的就好嘛。对比来对比去，你会忘记你的初心哦。,展开全部
"
    发表于  2020-04    

            
    
    
",最不满意的就是新车内饰异味了。,https://image1.xcarimg.com/attachments/my/1/83/26/474_120.jpg,xuser1842647,三星会员,4.25,外观,4,内饰,5,空间,4,舒适,4,油耗,4,动力,5,操控,4,性价比,4,购入信息,爱车车型,购入时间,2020/2/1,购车地点, [内蒙古],裸车价格,19.2万  (厂商指导价 19.18万),当前油耗,9L/100km,购入用途,上班,购物,爱车简评,外观很满意，无论车头、车尾，侧身线条设计，感觉很符合自己的审美标准。车身大小尺寸也是自己所中意的。不喜欢太大的车。大灯和尾灯都挺漂亮，车子做工很好，车漆光亮，接缝匀称，没有什么不满意的地方,爱车评价,[最满意],外形，跨界车，喜欢的会非常喜欢，不喜欢的估计连看都不想看一眼，介乎于两厢车和SUV之间，一般家庭空间足够，接近硬派越野的离地间隙也足以应付城市里得绝大多数路况以及轻度越野,[不满意],[外观],外观个人感觉很满意，无论车头、车尾，侧身线条设计，感觉很符合自己的审美标准。车身大小尺寸也是自己所中意的。不喜欢太大的车。大灯和尾灯都挺漂亮，车子做工很好，车漆光亮，接缝匀称，没有什么不满意的地方,[内饰],中控样式中规中矩，特别喜欢仪表盘及中控上方两块液晶仪表的设计，显示清晰，内容丰富，给驾驶者提供相当全面的行车帮助，值得称赞。车内软性材质用得比较多，到现在也未出现什么异响，但是有异味，这里要减分了,[空间],从个人感受而言足够了，172的个头驾驶座足够从容，后排也不局促，后备箱略小，但是不拉货的话也不影响，我就跟小车后备箱对比了，虽说深度略有不足，但胜在有高度呀出门自驾油放点行李不在话下了。,[舒适],悬架很有韧性呀，过减速带弹跳比较大，毕竞是SUV，这也是我喜欢的风格，美其名曰路感清晰，讲真的不喜欢那种调的软绵绵的悬架，晃晃悠悠的会晕车,[油耗],还是比较满意XV的油耗，目前开了1600公里，其中差不多一半都是高速一半纯市区，平均7.2L/100KM，完全在预期内，可能开新车比较温柔，基本上不大脚刹车也不大脚油门，一是为了乘客的舒适性，还一个就是为了好好磨合一下，看看XV究竟能多省油,[动力],2.0的动力配上146马力，动力感觉还可以，加上CVT变速箱，开起来感觉很平顺，时速100公里以下提速没什么问题。跑高速120感觉也蛮好，没有感觉动力不足的现象。超车很干脆,[操控],方向盘力度适中，完全没有虚位，转向非常清晰，指向精准。掉头、并线十分顺畅，驾驶感觉绝对让人感到酣畅淋漓，没有丝毫拖泥带水之感。高速入弯车身侧倾控制得很好，给人十足信心。暴雨天行驶，轮胎抓地力非常强，即便高速行驶也没有任何侧滑现象出现。,[性价比],本人的购车理念是在外观满意的前提下，动力要足，操控要好，通过性高，，尽量不要太臃肿，价格又能在我的预算范围内，非XV莫属呀,
"
    发表于  2020-04    

      
        
    
    
",最不满意的就是隔音做的不是很好，转速一拉上去发动机的噪音就比较明显,https://image1.xcarimg.com/attachments/my/1/80/10/273_120.jpg,gh1570343094,三星会员,4.38,外观,4,内饰,4,空间,5,舒适,4,油耗,5,动力,4,操控,5,性价比,4,购入信息,爱车车型,购入时间,2020/1/1,购车地点,上海安吉和鑫汽车销售服务有限公司 [上海市],裸车价格,19万  (厂商指导价 19.18万),当前油耗,9L/100km,购入用途,上班,接送小孩,爱车简评,外观很好看，底盘高可以随意上马路牙子，特别适合目前越来越拥挤的小区。,爱车评价,[最满意],外型犀利，旗舰版的大灯随动，LED光源，银色装饰条带来的运动科技感。饱满的线条感，底盘高度满足越野车的基本标准，轮胎使用普利司通18寸，各项参数显示基本齐全，很满意。发动机的智能感体现在日常，淋漓尽致。全时四驱之中省油的混动车。进口的科技感十足的机械性能很强玩具,[不满意],[外观],外观其实没有太大的亮点，而且客观的说整体算不上多好看，但是算是耐看的类型吧。主要是离地间隙高，给我的感觉很加分，让整个车看起来很精悍，加上不长的车身，看起来很高的后悬架，整个车还是营造出了俯冲的姿态，就是内部坐姿其实还是偏低的轿车视野,[内饰],又不是豪华车品牌，内饰已经还好啦手感材质：能摸到的地方都还是软的，方向盘也是皮的，很喜欢丁字裤方向盘多媒体车机：感觉这东西有点落后了，只支持mp3格式，还有什么百度car只能连接线才有用,[空间],这个车子其实是两箱翼豹的底子，所以坐姿还是比较轿车的，座椅调高一点就有点顶头（我一米八）。整体空间ok，后排座位空间比马自达要强，但是比不了本田。储物空间：尾箱因为独立悬挂混动电池组，地台很高，空间利用率有点低。没有地方放停车费过路费发票，扶手箱前面一个小槽不深不浅，有点尴尬,[舒适],悬架还是比较有高级感的，震动处理比较干脆。高速风噪胎噪都控制的很好，这个比较惊艳，需要点赞。车里主要的噪音源来自发动机，转速一拉上去发动机的噪声就会比较明显。驾驶员座椅很舒服，还有加热功能，很满意了。,[油耗],"新车,平均耗油粗略算了一下也不过8.5上下，还是非常满意的，现在经过长时间呢磨合油耗已经降到了8.2，这油耗比轿车一点也不虚，省油是必须的",[动力],动力目前还没跑长途也没去郊外试试越野能力不好说什么，但是市里代步动力算是随叫随到吧，深踩踏板转速很快的就能降档拉高到3000+，超个车还是很轻松的。至于说启停这方面，发动机重新介入的时候是有一点闯，但是能接受,[操控],这个价位里操控可以说比较无敌了，和我之前的车子一对比简直天上地下。悬架表现优秀，高速过弯侧倾控制的非常好，体感极佳，换了我之前的车子相同速度过这个弯人都东倒西歪了。转向精准，方向盘力度适中。全时四驱也无惧雨雪路面，esp介入及时,[性价比],进口车没性价比可言，税费摆着！但是拥有傲人的水平对置发动机和全时四驱这两项，全世界没有第二个品牌了！所以，性价比看你怎么比了,展开全部
"
    发表于  2020-04    

      
        
    
    
",空间在同级别的车型中不是很大，再就是噪音的问题。,https://image1.xcarimg.com/attachments/my/1/83/26/459_120.jpg,xuser1842645,三星会员,4.38,外观,4,内饰,4,空间,4,舒适,4,油耗,5,动力,5,操控,4,性价比,5,购入信息,爱车车型,购入时间,2020/1/1,购车地点,天津空港斯巴鲁汽车销售有限公司 [天津市],裸车价格,19.3万  (厂商指导价 19.18万),当前油耗,9L/100km,购入用途,上班,接送小孩,爱车简评,外观很好看，底盘高可以随意上马路牙子，特别适合目前越来越拥挤的小区。,爱车评价,[最满意],水平对置全时四驱带来的斯巴鲁专有操控体验，就是喜欢这款车，所以就买回来了。,[不满意],[外观],外观还不错，买这车很大程度也是因为外观好看，个人感觉还挺时尚耐看的，特别是那个花型轮毂，LD很是喜欢。仁者见仁，智者见智的事儿了。,[内饰],内饰做工说不上什么豪华，就是简简单单的，不过操作起来显得比较方便和简单。,[空间],无论是前排座椅和后排座椅，都有足够的空闲空间，尤其是车顶的行李架，超大的空间，可以随意堆放旅行出行的众多行李。,[舒适],减震还是稍微硬了一些（比起广本）、路感清晰。原车胎压均是2.7后来调到2.5 能强一些。,[油耗],"新车,平均耗油粗略算了一下也不过8.5上下，还是非常满意的，现在经过长时间呢磨合油耗已经降到了8.2，这油耗比轿车一点也不虚，省油是必须的。",[动力],感觉已经足够用，油门前段非常灵敏，动力充沛，80以上后劲不足，但也还平顺。CVT变速箱，起步上坡啥的降档感觉不够快，转速会拉高不少，这个不能强求，够我家用就好了！,[操控],开起来觉得蛮轻便的，尤其在市区里开，因为车身相对比较小巧，超个车啊，并个道的都挺灵活，本人对什么操控什么的不是很在意。,[性价比],天窗、VDC、儿童座椅、膝部气囊和全系一样的总成、悬架、轮毂等等的是很全面的，主动安全配置不错，主副驾驶都有安全带未系提醒。非常的满意了,展开全部
"
    发表于  2020-04    

      
        
    
    
",后排没有出风口，后排座椅深度较浅，支撑不太好，后备箱太小，卤素灯太low，钥匙太low......,https://image1.xcarimg.com/attachments/my/1/83/25/195_120.jpg,xuser1842519,三星会员,4.5,外观,4,内饰,5,空间,5,舒适,4,油耗,4,动力,5,操控,4,性价比,5,购入信息,爱车车型,购入时间,2020/1/1,购车地点, [天津市],裸车价格,20万  (厂商指导价 20.38万),当前油耗,11L/100km,购入用途,上班,购物,爱车简评,好：车身钢性好，操控好，外观个性，内饰精致，四驱性能强，cvt加速平顺！ 孬：后排座椅较小，后备箱太小，卤素灯太low，钥匙太low......,爱车评价,[最满意],最满意]车身钢性好，操控好，方向盘手感好，仪表简洁，信息清晰，外观个性，内饰精致，Eyesight安全性无敌，四驱性能强，cvt加速平顺！,[不满意],[外观],外观没说的，太有个性！我喜欢！轮毂造型一般，算用心设计过了，但是并不算好看！只能算是个个性！es豪华除了卤素灯太low了，其他没缺点！,[内饰],内饰简洁，大气！缝线加得很赞！整体衔接的很好！比起上一代简直是飞跃！就是车机比较low，没有carplay！没有sd卡！感觉就是个山寨货！另外，这钥匙太low了！太low了！太low了！电瓶车吗？！虽然法拉利也用这样的钥匙，但这六个星星的和法拉利相提并论太牵强了！,[空间],前排可调范围很大，毫无压力，很舒服。后排略小，满载不适合长途。后备箱太小，长途必须配车顶箱！,[舒适],比轿车避震硬一点，但不颠。座椅包裹性一般，侧向支撑没有老明锐好。自动空调方便，基本上设定25度之后很长一段时间就不需要再调整。座椅加热实用，上车一会就能感觉到热了，效果很好。后排没有出风口，略显低端。噪音控制的不错，主要噪音还是风噪。普利司通的轮胎还是很安静的！eyesight强大！太实用了！定速，自适应巡航，车道保持！适合新手！,[油耗],1000公里，纯市区10.5升，做为2.0的新车，算正常。新车磨合加冬季低温的关系油耗偏高。高速瞬时5左右。,[动力],2.0自吸带动1.4吨的车，只能说刚刚够用，不过cvt非常给力，起步扭矩还是可以的，动力很强，能窜！0-60动力充足，一点就有！60-100公里，动力一般，加速慢，100以上动力弱！CVT就是为平顺而生的，完全没有感觉，速度就上去了，转速可以保持不变！斯巴鲁的钢链式cvt，可承受扭矩更大，能满足轻度越野！高速上跑100码，转速1700，120码也不超过2000转，贼省油！,[操控],斯巴鲁主打的就是操控，没说的，操控性远高于配备的动力。方向盘没有虚位，加上避震偏运动，指哪打哪！,[性价比],进口车没性价比可言，税费摆着！但是拥有傲人的水平对置发动机和全时四驱这两项，全世界没有第二个品牌了！所以，性价比看你怎么比了！,展开全部
"
    发表于  2020-04    

      
        
    
    
",空间在同级别的车型中不是很大，再就是噪音的问题。,https://image1.xcarimg.com/attachments/my/1/83/25/194_120.jpg,xuser1842519,三星会员,4.38,外观,3,内饰,4,空间,4,舒适,5,油耗,4,动力,5,操控,5,性价比,5,购入信息,爱车车型,购入时间,2020/1/1,购车地点, [天津市],裸车价格,20.5万  (厂商指导价 20.38万),当前油耗,8L/100km,购入用途,上班,购物,爱车简评,外观很好看，底盘高可以随意上马路牙子，特别适合目前越来越拥挤的小区。,爱车评价,[最满意],水平对置全时四驱带来的斯巴鲁专有操控体验，就是喜欢这款车，所以就买回来了。,[不满意],[外观],外观还不错，买这车很大程度也是因为外观好看，个人感觉还挺时尚耐看的，特别是那个花型轮毂，LD很是喜欢。仁者见仁，智者见智的事儿了。,[内饰],内饰做工说不上什么豪华，就是简简单单的，不过操作起来显得比较方便和简单。,[空间],无论是前排座椅和后排座椅，都有足够的空闲空间，尤其是车顶的行李架，超大的空间，可以随意堆放旅行出行的众多行李。,[舒适],减震还是稍微硬了一些（比起广本）、路感清晰。原车胎压均是2.7后来调到2.5 能强一些。,[油耗],"新车,平均耗油粗略算了一下也不过8.5上下，还是非常满意的，现在经过长时间呢磨合油耗已经降到了8.2，这油耗比轿车一点也不虚，省油是必须的。",[动力],感觉已经足够用，油门前段非常灵敏，动力充沛，80以上后劲不足，但也还平顺。CVT变速箱，起步上坡啥的降档感觉不够快，转速会拉高不少，这个不能强求，够我家用就好了！,[操控],开起来觉得蛮轻便的，尤其在市区里开，因为车身相对比较小巧，超个车啊，并个道的都挺灵活，本人对什么操控什么的不是很在意。,[性价比],天窗、VDC、儿童座椅、膝部气囊和全系一样的总成、悬架、轮毂等等的是很全面的，主动安全配置不错，主副驾驶都有安全带未系提醒。非常的满意了。,展开全部
"
    发表于  2020-04    

      
        
    
    
",ES系统两个镜头，自动大灯一个镜头，行车记录仪一个镜头，前面一共四个镜头，很难看。而且因为ES系统还不让前挡风玻璃贴膜，隐私无法保障。,https://image1.xcarimg.com/attachments/my/1/83/25/190_120.jpg,xuser1842519,三星会员,4.63,外观,4,内饰,5,空间,4,舒适,4,油耗,5,动力,5,操控,5,性价比,5,购入信息,爱车车型,购入时间,2020/1/1,购车地点,北京北亚中冀汽车销售有限公司 [北京市],裸车价格,20.2万  (厂商指导价 20.38万),当前油耗,9L/100km,购入用途,上班,,爱车简评,如果你对空间和动力没有特别大的需求，它绝对是一辆值得拥有的车。开了斯巴鲁后你才知道什么是开车。,爱车评价,[最满意],驾驶感受超级棒！得益于合适的尺寸，极小的转向比，灵敏的方向盘，转向精准，再加上强大的ES功能，驾驶感受好到爆，无可挑剔。即使是在暴雨如注的高速路上，跑120码依旧稳稳当当，超车绝不拖泥带水，没有任何打滑现象，四轮驱动给驾驶者极大的安全信心。新车油耗满意，高速只跑了100公里，油耗立马下降到百公里6.7升，十足的惊喜。外观也是自己所喜欢的，大小适中，平常穿梭于城市道路之中，游刃有余的感觉，停车也方便。内饰个人感觉也足够精致了，该有的功能全都有，车内储物空间也比较丰富，足够用了。顶配版的大灯非常好，漂亮且实用。新车基本没什么味道，一点新车皮革味儿，一周左右就彻底不可闻了。220MM的离地间隙在同级别当中绝对屈指可数，期待哪天能够带自己去轻度越个野，哈哈。另外，这车的噪音我觉得也还行，绝对在可接受的范围内。,[不满意],[外观],外观个人感觉很满意，无论车头、车尾，侧身线条设计，感觉很符合自己的审美标准。车身大小尺寸也是自己所中意的。不喜欢太大的车。大灯和尾灯都挺漂亮，车子做工很好，车漆光亮，接缝匀称，没有什么不满意的地方。,[内饰],中控样式中规中矩，特别喜欢仪表盘及中控上方两块液晶仪表的设计，显示清晰，内容丰富，给驾驶者提供相当全面的行车帮助，值得称赞。车内软性材质用得比较多，没有异味，到现在也未出现什么异响。,[空间],前排调整舒服后坐后排完全没问题。乘坐空间够用，储物空间尚可。坐四个大人很舒服，5个也可凑合短途。储物空间：后备箱比森林人紧凑，但是后排好在能放到，拉大东西的时候放到后排就可以。,[舒适],舒适性一般吧，一分钱一分货，虽然比不上三十万以上的车，但是比二十万以内的车好。就像人生一样，永远比上不足比下有余…,[油耗],跑高速，一箱油跑个800轻轻松松。,[动力],2.0的动力，够用，超个车还是可以胜任的。加速表现：超车还算说的过去吧，超个BBA有点力不从心，10多万的国产车还是可以应付的。动力平顺性：得益于水平对置发动机，加上自然吸气，平顺性值得肯定。跑高速：跑高速绝对不会拖泥带水，120~140之间游刃有余。横向对比：2.0自吸发动机里，斯巴鲁的水平对置发动机确实可圈可点。,[操控],转向精准。山路：可以说是山路利器，全时四驱应对连续弯道和湿滑路面，确实是强悍。底盘及悬架：支撑到位。过个沟沟坎坎的，底盘没有异响，悬架校调的也很舒服，座的时间长了也不累，坐个5~6个小时没问题。雨雪泥泞路面：全时四驱对于一般烂路和雨雪天气绰绰有余。,[性价比],该车谈不上什么性价比，如果不是整车进口身份，合资的话估计也就十六七万的最多了。买车不要讲究性价比，在能接受的价钱范围内挑自己第一眼看上喜欢的就好嘛。对比来对比去，你会忘记你的初心哦。,展开全部
"
    发表于  2020-04    

      
        
    
    
",空间在同级别的车型中不是很大，再就是噪音的问题。,https://image1.xcarimg.com/attachments/my/1/83/20/318_120.jpg,xuser1842031,三星会员,4.63,外观,4,内饰,4,空间,5,舒适,5,油耗,4,动力,5,操控,5,性价比,5,购入信息,爱车车型,购入时间,2020/2/1,购车地点,天津庞大中冀斯巴鲁汽车销售有限公司 [天津市],裸车价格,20.4万  (厂商指导价 20.38万),当前油耗,9L/100km,购入用途,上班,购物,爱车简评,外观很好看，底盘高可以随意上马路牙子，特别适合目前越来越拥挤的小区。,爱车评价,[最满意],水平对置全时四驱带来的斯巴鲁专有操控体验，就是喜欢这款车，所以就买回来了。,[不满意],[外观],外观还不错，买这车很大程度也是因为外观好看，个人感觉还挺时尚耐看的，特别是那个花型轮毂，LD很是喜欢。仁者见仁，智者见智的事儿了。,[内饰],内饰做工说不上什么豪华，就是简简单单的，不过操作起来显得比较方便和简单。,[空间],无论是前排座椅和后排座椅，都有足够的空闲空间，尤其是车顶的行李架，超大的空间，可以随意堆放旅行出行的众多行李。,[舒适],减震还是稍微硬了一些（比起广本）、路感清晰。原车胎压均是2.7后来调到2.5 能强一些。,[油耗],"新车,平均耗油粗略算了一下也不过8.5上下，还是非常满意的，现在经过长时间呢磨合油耗已经降到了8.2，这油耗比轿车一点也不虚，省油是必须的。",[动力],感觉已经足够用，油门前段非常灵敏，动力充沛，80以上后劲不足，但也还平顺。CVT变速箱，起步上坡啥的降档感觉不够快，转速会拉高不少，这个不能强求，够我家用就好了！,[操控],开起来觉得蛮轻便的，尤其在市区里开，因为车身相对比较小巧，超个车啊，并个道的都挺灵活，本人对什么操控什么的不是很在意。,[性价比],天窗、VDC、儿童座椅、膝部气囊和全系一样的总成、悬架、轮毂等等的是很全面的，主动安全配置不错，主副驾驶都有安全带未系提醒。非常的满意了。,展开全部
"
    发表于  2020-04    

      
        
    
    
",后排没有出风口，后排座椅深度较浅，支撑不太好，后备箱太小，卤素灯太low，钥匙太low......,https://image1.xcarimg.com/attachments/my/1/83/20/316_120.jpg,xuser1842031,三星会员,4.38,外观,4,内饰,4,空间,5,舒适,4,油耗,4,动力,5,操控,5,性价比,4,购入信息,爱车车型,购入时间,2020/1/1,购车地点,天津庞大中冀斯巴鲁汽车销售有限公司 [天津市],裸车价格,20.3万  (厂商指导价 20.38万),当前油耗,9L/100km,购入用途,上班,购物,爱车简评,好：车身钢性好，操控好，外观个性，内饰精致，四驱性能强，cvt加速平顺！ 孬：后排座椅较小，后备箱太小，卤素灯太low，钥匙太low......,爱车评价,[最满意],最满意]车身钢性好，操控好，方向盘手感好，仪表简洁，信息清晰，外观个性，内饰精致，Eyesight安全性无敌，四驱性能强，cvt加速平顺！,[不满意],[外观],外观没说的，太有个性！我喜欢！轮毂造型一般，算用心设计过了，但是并不算好看！只能算是个个性！es豪华除了卤素灯太low了，其他没缺点！,[内饰],内饰简洁，大气！缝线加得很赞！整体衔接的很好！比起上一代简直是飞跃！就是车机比较low，没有carplay！没有sd卡！感觉就是个山寨货！另外，这钥匙太low了！太low了！太low了！电瓶车吗？！虽然法拉利也用这样的钥匙，但这六个星星的和法拉利相提并论太牵强了！,[空间],前排可调范围很大，毫无压力，很舒服。后排略小，满载不适合长途。后备箱太小，长途必须配车顶箱！,[舒适],比轿车避震硬一点，但不颠。座椅包裹性一般，侧向支撑没有老明锐好。自动空调方便，基本上设定25度之后很长一段时间就不需要再调整。座椅加热实用，上车一会就能感觉到热了，效果很好。后排没有出风口，略显低端。噪音控制的不错，主要噪音还是风噪。普利司通的轮胎还是很安静的！eyesight强大！太实用了！定速，自适应巡航，车道保持！适合新手！,[油耗],1000公里，纯市区10.5升，做为2.0的新车，算正常。新车磨合加冬季低温的关系油耗偏高。高速瞬时5左右。,[动力],2.0自吸带动1.4吨的车，只能说刚刚够用，不过cvt非常给力，起步扭矩还是可以的，动力很强，能窜！0-60动力充足，一点就有！60-100公里，动力一般，加速慢，100以上动力弱！CVT就是为平顺而生的，完全没有感觉，速度就上去了，转速可以保持不变！斯巴鲁的钢链式cvt，可承受扭矩更大，能满足轻度越野！高速上跑100码，转速1700，120码也不超过2000转，贼省油！,[操控],斯巴鲁主打的就是操控，没说的，操控性远高于配备的动力。方向盘没有虚位，加上避震偏运动，指哪打哪！,[性价比],进口车没性价比可言，税费摆着！但是拥有傲人的水平对置发动机和全时四驱这两项，全世界没有第二个品牌了！所以，性价比看你怎么比了！,展开全部
"
    发表于  2020-04    

            
    
    
",ES系统两个镜头，自动大灯一个镜头，行车记录仪一个镜头，前面一共四个镜头，很难看。而且因为ES系统还不让前挡风玻璃贴膜，隐私无法保障。,https://image1.xcarimg.com/attachments/my/1/83/20/312_120.jpg,xuser1842031,三星会员,4.38,外观,4,内饰,4,空间,5,舒适,4,油耗,4,动力,5,操控,5,性价比,4,购入信息,爱车车型,购入时间,2020/1/1,购车地点,天津空港斯巴鲁汽车销售有限公司 [天津市],裸车价格,20.3万  (厂商指导价 20.38万),当前油耗,8L/100km,购入用途,上班,购物,爱车简评,如果你对空间和动力没有特别大的需求，它绝对是一辆值得拥有的车。开了斯巴鲁后你才知道什么是开车。,爱车评价,[最满意],驾驶感受超级棒！得益于合适的尺寸，极小的转向比，灵敏的方向盘，转向精准，再加上强大的ES功能，驾驶感受好到爆，无可挑剔。即使是在暴雨如注的高速路上，跑120码依旧稳稳当当，超车绝不拖泥带水，没有任何打滑现象，四轮驱动给驾驶者极大的安全信心。新车油耗满意，高速只跑了100公里，油耗立马下降到百公里6.7升，十足的惊喜。外观也是自己所喜欢的，大小适中，平常穿梭于城市道路之中，游刃有余的感觉，停车也方便。内饰个人感觉也足够精致了，该有的功能全都有，车内储物空间也比较丰富，足够用了。顶配版的大灯非常好，漂亮且实用。新车基本没什么味道，一点新车皮革味儿，一周左右就彻底不可闻了。220MM的离地间隙在同级别当中绝对屈指可数，期待哪天能够带自己去轻度越个野，哈哈。另外，这车的噪音我觉得也还行，绝对在可接受的范围内。,[不满意],[外观],外观个人感觉很满意，无论车头、车尾，侧身线条设计，感觉很符合自己的审美标准。车身大小尺寸也是自己所中意的。不喜欢太大的车。大灯和尾灯都挺漂亮，车子做工很好，车漆光亮，接缝匀称，没有什么不满意的地方。,[内饰],中控样式中规中矩，特别喜欢仪表盘及中控上方两块液晶仪表的设计，显示清晰，内容丰富，给驾驶者提供相当全面的行车帮助，值得称赞。车内软性材质用得比较多，没有异味，到现在也未出现什么异响。,[空间],前排调整舒服后坐后排完全没问题。乘坐空间够用，储物空间尚可。坐四个大人很舒服，5个也可凑合短途。储物空间：后备箱比森林人紧凑，但是后排好在能放到，拉大东西的时候放到后排就可以。,[舒适],舒适性一般吧，一分钱一分货，虽然比不上三十万以上的车，但是比二十万以内的车好。就像人生一样，永远比上不足比下有余…,[油耗],跑高速，一箱油跑个800轻轻松松。,[动力],2.0的动力，够用，超个车还是可以胜任的。加速表现：超车还算说的过去吧，超个BBA有点力不从心，10多万的国产车还是可以应付的。动力平顺性：得益于水平对置发动机，加上自然吸气，平顺性值得肯定。跑高速：跑高速绝对不会拖泥带水，120~140之间游刃有余。横向对比：2.0自吸发动机里，斯巴鲁的水平对置发动机确实可圈可点。,[操控],转向精准。山路：可以说是山路利器，全时四驱应对连续弯道和湿滑路面，确实是强悍。底盘及悬架：支撑到位。过个沟沟坎坎的，底盘没有异响，悬架校调的也很舒服，座的时间长了也不累，坐个5~6个小时没问题。雨雪泥泞路面：全时四驱对于一般烂路和雨雪天气绰绰有余。,[性价比],该车谈不上什么性价比，如果不是整车进口身份，合资的话估计也就十六七万的最多了。买车不要讲究性价比，在能接受的价钱范围内挑自己第一眼看上喜欢的就好嘛。对比来对比去，你会忘记你的初心哦。,
"
    发表于  2020-02    

      
        
    
    
",自己千挑万选的车没有什么不满意的，如果硬要说不满意的话那就是高速超车不如1.8T以上的大功率车提速快。,https://image1.xcarimg.com/attachments/my/0/31/14/834_120.jpg,平头z168,新手上路,4.63,外观,5,内饰,5,空间,5,舒适,4,油耗,5,动力,4,操控,5,性价比,4,购入信息,爱车车型,购入时间,2019/11/1,购车地点, [江苏省],裸车价格,20.3万  (厂商指导价 21.18万),当前油耗,10L/100km,购入用途,购物,自驾游,爱车简评,方向盘没有虚位，手感轻重正好，路感清晰，低盘调教适中，刹车不软不硬，整车驾驶起来轻便灵活。,爱车评价,[最满意],精细的做工，优良的品质，可靠的安全性，随心所欲的驾驶感，舒适的坐姿，较低的油耗，回头率极高的外观，这些都是我比较满意的。,[不满意],[外观],外观时尚年轻，回头率高。霸气大方但又不显臃肿，离地距离高但又不显出高，整体给人以一种非常养眼感。,[内饰],内饰精致无异味，无异响。车机U盘不能播放无损音乐，倒车影像提示线不能随车转动。,,,[舒适],悬架舒适，路感清晰，过减速带颠簸有感但可以接受。突然加速时发动机声音稍大，但和其他发动机声音不同，很好听，有赛车的声感。,[油耗],目前行驶4500公里，平均油耗10.1升，非常满意。我认为谈平均油耗都是扯淡。为什么这样说，比如说我经常行驶在市区是4公里的路程，有8个红绿灯另加5个人行横道线，人多车多，百公里油耗要14个左右，而我跑高速1000多公里平均百公里油耗才6升，这样你说怎么算？我认为跑高速才能显示车的真实油耗，不知大家认可否。,[动力],动力绝对够用，只是在高速上急超车略显不足，如果你没有开过大排量的车也就没有什么感受了，也无所谓。,,,[性价比],预算25万元，该车物有所值，20多万买这款全进口车值了。,展开全部
"
    发表于  2020-02    

      
        
    
    
",买斯巴鲁XV的车友似乎很少，想找个志同道合的车友会也不好找，想找个同地区的车友更是胜少，车子有点小问题也没办法找到更多的建议，只好任由4S店或维修店宰割。,https://image1.xcarimg.com/attachments/my/1/82/48/749_120.jpg,xuser1834874,三星会员,5,外观,5,内饰,5,空间,5,舒适,5,油耗,5,动力,5,操控,5,性价比,5,购入信息,爱车车型,购入时间,2020/1/1,购车地点,哈尔滨中冀先锋斯巴鲁汽车销售服务有限公司 [黑龙江省],裸车价格,18.77万  (厂商指导价 19.18万),当前油耗,7L/100km,购入用途,购物,接送小孩,爱车简评,在川流不息的上下班路上，遇到一般车友或不循规蹈矩的车友时，一脚油门就把70%左右的车摔到后面去了，超车感超爽。 性价比最高的原装进口四驱城市SUV。,爱车评价,[最满意],在川流不息的上下班路上，遇到一般车友或不循规蹈矩的车友时，一脚油门就把70%左右的车摔到后面去了，超车感超爽。 性价比最高的原装进口四驱城市SUV。其报价与国际售价接近，去除17%关税后十分合理。与其他品牌比较，这一点上最厚道。,[不满意],[外观],设计漂亮时尚、内饰精致、提速快、操控体验好、乘坐舒适。动力在后期加速显得动力不足，行车辅助配置较少。,[内饰],平时与朋友、亲戚出去游玩、办事的时候，他们进车第一眼看上去好像都觉得车子内饰很一般，20多万的车怎么只有这样的内饰，与10万上下的车子差不多，是不是被坑了，弄得我都不好意思，尴尬急了，还好动力与操控性弥补了内饰的不足。,[空间],前排驾驶室与副驾室位置布局还是挺让我与夫人满意的，视觉也挺宽敞的，长途游玩时，风景也是可以净收眼前的，但坐在后排的亲戚朋友似乎有所不满，腿长的没办法、稍微胖些位置不够（三人已经是肩并着肩）、怕热的因为后排没有了独立空调出风口，空调开低了，我与夫人也受不了，所以尴尬又来了；后座配置的ISO FIX儿童安全座椅卡扣可能是唯一让他们满意的了，呵呵，呵呵~~,[舒适],舒适度已经在空间那里说了，这里只能发表一下对车内储物空间的意见，车内储物空间并不多，但大多遵循了实用原则，每一处的储物空间都很能解决问题，绝非是漂亮的摆设。尤其是中控台最下方的这个超大容量的储物空间，能在中控台上硬挤出如此一块大的储物空间并不多见，而且它的利用率之高绝对让人称赞。,,,,,,,,,展开全部
"
    发表于  2020-02    

      
        
    
    
",ES系统两个镜头，自动大灯一个镜头，行车记录仪一个镜头，前面一共四个镜头，很难看。而且因为ES系统还不让前挡风玻璃贴膜，隐私无法保障。,https://image1.xcarimg.com/attachments/my/1/82/48/746_120.jpg,xuser1834874,三星会员,5,外观,5,内饰,5,空间,5,舒适,5,油耗,5,动力,5,操控,5,性价比,5,购入信息,爱车车型,购入时间,2020/1/1,购车地点,山东世通汽车城有限公司 [山东省],裸车价格,18.76万  (厂商指导价 19.18万),当前油耗,7L/100km,购入用途,购物,接送小孩,爱车简评,如果你对空间和动力没有特别大的需求，它绝对是一辆值得拥有的车。开了斯巴鲁后你才知道什么是开车。,爱车评价,[最满意],如果你对空间和动力没有特别大的需求，它绝对是一辆值得拥有的车。开了斯巴鲁后你才知道什么是开车。,[不满意],[外观],外观个人感觉很满意，无论车头、车尾，侧身线条设计，感觉很符合自己的审美标准。车身大小尺寸也是自己所中意的。不喜欢太大的车。大灯和尾灯都挺漂亮，车子做工很好，车漆光亮，接缝匀称，没有什么不满意的地方。,[内饰],中控样式中规中矩，特别喜欢仪表盘及中控上方两块液晶仪表的设计，显示清晰，内容丰富，给驾驶者提供相当全面的行车帮助，值得称赞。车内软性材质用得比较多，没有异味，到现在也未出现什么异响。,[空间],前排调整舒服后坐后排完全没问题。乘坐空间够用，储物空间尚可。坐四个大人很舒服，5个也可凑合短途。储物空间：后备箱比森林人紧凑，但是后排好在能放到，拉大东西的时候放到后排就可以。,[舒适],舒适性一般吧，一分钱一分货，虽然比不上三十万以上的车，但是比二十万以内的车好。就像人生一样，永远比上不足比下有余…,[油耗],跑高速，一箱油跑个800轻轻松松。,[动力],够用，超个车还是可以胜任的。加速表现：超车还算说的过去吧，超个BBA有点力不从心，10多万的国产车还是可以应付的。动力平顺性：得益于水平对置发动机，加上自然吸气，平顺性值得肯定。跑高速：跑高速绝对不会拖泥带水，120~140之间游刃有余。横向对比：2.0自吸发动机里，斯巴鲁的水平对置发动机确实可圈可点。,[操控],转向精准。山路：可以说是山路利器，全时四驱应对连续弯道和湿滑路面，确实是强悍。底盘及悬架：支撑到位。过个沟沟坎坎的，底盘没有异响，悬架校调的也很舒服，座的时间长了也不累，坐个5~6个小时没问题。雨雪泥泞路面：全时四驱对于一般烂路和雨雪天气绰绰有余。,[性价比],该车谈不上什么性价比，如果不是整车进口身份，合资的话估计也就十六七万的最多了。买车不要讲究性价比，在能接受的价钱范围内挑自己第一眼看上喜欢的就好嘛。对比来对比去，你会忘记你的初心哦。,展开全部
"
    发表于  2020-02    

            
    
    
",空间在同级别的车型中不是很大，再就是噪音的问题。,https://image1.xcarimg.com/attachments/my/1/82/48/745_120.jpg,xuser1834874,三星会员,5,外观,5,内饰,5,空间,5,舒适,5,油耗,5,动力,5,操控,5,性价比,5,购入信息,爱车车型,购入时间,2020/1/1,购车地点,西安中冀汽车销售有限公司 [陕西省],裸车价格,18.96万  (厂商指导价 19.18万),当前油耗,8.5L/100km,购入用途,购物,接送小孩,爱车简评,外观很好看，底盘高可以随意上马路牙子，特别适合目前越来越拥挤的小区。,爱车评价,[最满意],水平对置全时四驱带来的斯巴鲁专有操控体验，就是喜欢这款车，所以就买回来了。,[不满意],[外观],外观还不错，买这车很大程度也是因为外观好看，个人感觉还挺时尚耐看的，特别是那个花型轮毂，LD很是喜欢。仁者见仁，智者见智的事儿了。,[内饰],内饰做工说不上什么豪华，就是简简单单的，不过操作起来显得比较方便和简单。,[空间],无论是前排座椅和后排座椅，都有足够的空闲空间，尤其是车顶的行李架，超大的空间，可以随意堆放旅行出行的众多行李。,[舒适],减震还是稍微硬了一些（比起广本）、路感清晰。原车胎压均是2.7后来调到2.5 能强一些。,[油耗],"新车,平均耗油粗略算了一下也不过8.5上下，还是非常满意的，现在经过长时间呢磨合油耗已经降到了8.2，这油耗比轿车一点也不虚，省油是必须的。",[动力],感觉已经足够用，油门前段非常灵敏，动力充沛，80以上后劲不足，但也还平顺。CVT变速箱，起步上坡啥的降档感觉不够快，转速会拉高不少，这个不能强求，够我家用就好了！,[操控],开起来觉得蛮轻便的，尤其在市区里开，因为车身相对比较小巧，超个车啊，并个道的都挺灵活，本人对什么操控什么的不是很在意。,[性价比],天窗、VDC、儿童座椅、膝部气囊和全系一样的总成、悬架、轮毂等等的是很全面的，主动安全配置不错，主副驾驶都有安全带未系提醒。非常的满意了。,
"
    发表于  2020-02    

      
        
    
    
",后排没有出风口，后排座椅深度较浅，支撑不太好，后备箱太小，卤素灯太low，钥匙太low......,https://image1.xcarimg.com/attachments/my/1/82/06/001_120.jpg,gh1578050680,三星会员,5,外观,5,内饰,5,空间,5,舒适,5,油耗,5,动力,5,操控,5,性价比,5,购入信息,爱车车型,购入时间,2020/1/1,购车地点,石家庄鑫山汽车销售服务有限公司 [河北省],裸车价格,18.99万  (厂商指导价 19.18万),当前油耗,10.5L/100km,购入用途,购物,接送小孩,爱车简评,车身钢性好，操控好，方向盘手感好，仪表简洁，信息清晰，外观个性，内饰精致，Eyesight安全性无敌，四驱性能强，cvt加速平顺！,爱车评价,[最满意],车身钢性好，操控好，方向盘手感好，仪表简洁，信息清晰，外观个性，内饰精致，Eyesight安全性无敌，四驱性能强，cvt加速平顺！,[不满意],[外观],外观没说的，太有个性！我喜欢！轮毂造型一般，算用心设计过了，但是并不算好看！只能算是个个性！es豪华除了卤素灯太low了，其他没缺点！,[内饰],内饰简洁，大气！缝线加得很赞！整体衔接的很好！比起上一代简直是飞跃！就是车机比较low，没有carplay！没有sd卡！感觉就是个山寨货！另外，这钥匙太low了！太low了！太low了！电瓶车吗？！虽然法拉利也用这样的钥匙，但这六个星星的和法拉利相提并论太牵强了！,[空间],前排可调范围很大，毫无压力，很舒服。后排略小，满载不适合长途。后备箱太小，长途必须配车顶箱！,[舒适],比轿车避震硬一点，但不颠。座椅包裹性一般，侧向支撑没有老明锐好。自动空调方便，基本上设定25度之后很长一段时间就不需要再调整。座椅加热实用，上车一会就能感觉到热了，效果很好。后排没有出风口，略显低端。噪音控制的不错，主要噪音还是风噪。普利司通的轮胎还是很安静的！eyesight强大！太实用了！定速，自适应巡航，车道保持！适合新手！,[油耗],纯市区10.5升,[动力],可承受扭矩更大，能满足轻度越野！,[操控],斯巴鲁主打的就是操控，没说的，操控性远高于配备的动力。方向盘没有虚位，加上避震偏运动，指哪打哪！,[性价比],进口车没性价比可言，税费摆着！但是拥有傲人的水平对置发动机和全时四驱这两项，全世界没有第二个品牌了！所以，性价比看你怎么比了！,展开全部
"
    发表于  2020-02    

            
    
    
",空间在同级别的车型中不是很大，再就是噪音的问题。,https://image1.xcarimg.com/attachments/my/1/82/48/741_120.jpg,xuser1834874,三星会员,5,外观,5,内饰,5,空间,5,舒适,5,油耗,5,动力,5,操控,5,性价比,5,购入信息,爱车车型,购入时间,2020/1/1,购车地点, [山东省],裸车价格,18.77万  (厂商指导价 19.18万),当前油耗,8.5L/100km,购入用途,购物,接送小孩,爱车简评,外观很好看，底盘高可以随意上马路牙子，特别适合目前越来越拥挤的小区。,爱车评价,[最满意],外观很好看，底盘高可以随意上马路牙子，特别适合目前越来越拥挤的小区。,[不满意],[外观],外观还不错，买这车很大程度也是因为外观好看，个人感觉还挺时尚耐看的，特别是那个花型轮毂，LD很是喜欢。仁者见仁，智者见智的事儿了。,[内饰],内饰做工说不上什么豪华，就是简简单单的，不过操作起来显得比较方便和简单。,[空间],无论是前排座椅和后排座椅，都有足够的空闲空间，尤其是车顶的行李架，超大的空间，可以随意堆放旅行出行的众多行李。,[舒适],减震还是稍微硬了一些（比起广本）、路感清晰。原车胎压均是2.7后来调到2.5 能强一些。,[油耗],"新车,平均耗油粗略算了一下也不过8.5上下，还是非常满意的，现在经过长时间呢磨合油耗已经降到了8.2，这油耗比轿车一点也不虚，省油是必须的。",[动力],感觉已经足够用，油门前段非常灵敏，动力充沛，80以上后劲不足，但也还平顺。CVT变速箱，起步上坡啥的降档感觉不够快，转速会拉高不少，这个不能强求，够我家用就好了！,[操控],开起来觉得蛮轻便的，尤其在市区里开，因为车身相对比较小巧，超个车啊，并个道的都挺灵活，本人对什么操控什么的不是很在意。,[性价比],天窗、VDC、儿童座椅、膝部气囊和全系一样的总成、悬架、轮毂等等的是很全面的，主动安全配置不错，主副驾驶都有安全带未系提醒。非常的满意了。,
"
    发表于  2020-02    

      
        
    
    
",朋友说有全景摄像头就更完美了，天窗到时有了，不过不是全景天窗，感觉铁皮薄，车漆也薄，隔音效果不好，跑高速，各种回声很大，后期的话可能维修保养比较费钱吧。,https://image1.xcarimg.com/attachments/my/1/82/47/830_120.jpg,xuser1834783,三星会员,3.75,外观,3,内饰,3,空间,4,舒适,4,油耗,4,动力,4,操控,4,性价比,4,购入信息,爱车车型,购入时间,2020/1/1,购车地点, [天津市],裸车价格,19万  (厂商指导价 19.18万),当前油耗,10L/100km,购入用途,购物,接送小孩,爱车简评,外形炫酷，开起来也舒服，线条的处理也很有性感，动力也很够用，整体感觉很满意，我第一次开到公司楼下，所有人都说好看好看，集动力与操控于一身的豪华性能车，性价比极高的，不悔的选择。,爱车评价,[最满意],性价比极高的，不悔的选择。,[不满意],[外观],情怀情怀情怀，喜欢的人会喜欢，不喜欢的人只会看看，同事都觉得SUV更合我，这个嘛萝卜青菜各有所爱，这个就没啥说的了，外观依然要说，而且不需要用过多的语言描述。能看到这里的各位也一定已经深深被外观所打动。,[内饰],内饰非常不错，材质方面相当的好，摸起来感觉挺好的，内饰要有驾驶操作感，才算得上好车。斯巴鲁XV 就有这种感觉，既要个性，又要低调，我真矛盾,[空间],别的不说就这个空间，对于我们家来说是非常充足的，平时就2人坐，空间很够用，乘坐空间堪称无敌，特别是后排，平常就是家里小孩自己坐，看他样子挺舒服的，不管是乘坐空间，还是储物空间都很充足。我们家人也不多，这空间完全没有压力可言。,[舒适],舒适性其实 不错，当然毕竟不是豪车，不能有太高的要求，走烂路车子稳，不颠，很舒适座椅包裹是非常喜欢的。给人十足的驾驶气氛和安全感。这车带给我的感觉真不错。,[油耗],目前行驶2700多公里，磨合期油耗也就是10个，我也没有细算过，不过有一点是可以肯定的，绝对是可以接受的，油耗在一般合理的范围，新车驾驶没多久，我可以接受。,[动力],2.0的动力，谈不上爆发力，也不是很疲软，只能说非常适合代步家用.这车本来就不是用来玩速度的，要玩速度的话就买辆跑车了,[操控],多功能方向盘操作起来很顺畅，平时驾驶也没有碰到什么问题，转向的回馈感，还有高速时方向盘的沉稳度这些真的很不赖，对于这个价位的车很满意了。,[性价比],外形炫酷，开起来也舒服，线条的处理也很有性感，动力也很够用，整体感觉很满意，我第一次开到公司楼下，所有人都说好看好看，集动力与操控于一身的豪华性能车，性价比极高的，不悔的选择。,展开全部
"
    发表于  2020-02    

            
    
    
",最不满意的就是隔音做的不是很好，转速一拉上去发动机的噪音就比较明显,https://image1.xcarimg.com/attachments/my/1/82/47/822_120.jpg,xuser1834782,三星会员,3.75,外观,4,内饰,4,空间,4,舒适,4,油耗,4,动力,3,操控,3,性价比,4,购入信息,爱车车型,购入时间,2020/1/1,购车地点, [天津市],裸车价格,18.9万  (厂商指导价 19.18万),当前油耗,8.5L/100km,购入用途,接送小孩,自驾游,爱车简评,进口车没性价比可言，税费摆着！但是拥有傲人的水平对置发动机和全时四驱这两项，全世界没有第二个品牌了！所以，性价比看你怎么比了,爱车评价,[最满意],外型犀利，旗舰版的大灯随动，LED光源，银色装饰条带来的运动科技感。饱满的线条感，底盘高度满足越野车的基本标准，轮胎使用普利司通18寸，各项参数显示基本齐全，很满意。发动机的智能感体现在日常，淋漓尽致。全时四驱之中省油的混动车。进口的科技感十足的机械性能很强玩具,[不满意],[外观],外观其实没有太大的亮点，而且客观的说整体算不上多好看，但是算是耐看的类型吧。主要是离地间隙高，给我的感觉很加分，让整个车看起来很精悍，加上不长的车身，看起来很高的后悬架，整个车还是营造出了俯冲的姿态，就是内部坐姿其实还是偏低的轿车视野,[内饰],又不是豪华车品牌，内饰已经还好啦手感材质：能摸到的地方都还是软的，方向盘也是皮的，很喜欢丁字裤方向盘多媒体车机：感觉这东西有点落后了，只支持mp3格式，还有什么百度car只能连接线才有用,[空间],这个车子其实是两箱翼豹的底子，所以坐姿还是比较轿车的，座椅调高一点就有点顶头（我一米八）。整体空间ok，后排座位空间比马自达要强，但是比不了本田。储物空间：尾箱因为独立悬挂混动电池组，地台很高，空间利用率有点低。没有地方放停车费过路费发票，扶手箱前面一个小槽不深不浅，有点尴尬,[舒适],悬架还是比较有高级感的，震动处理比较干脆。高速风噪胎噪都控制的很好，这个比较惊艳，需要点赞。车里主要的噪音源来自发动机，转速一拉上去发动机的噪声就会比较明显。驾驶员座椅很舒服，还有加热功能，很满意了。,[油耗],"新车,平均耗油粗略算了一下也不过8.5上下，还是非常满意的，现在经过长时间呢磨合油耗已经降到了8.2，这油耗比轿车一点也不虚，省油是必须的",[动力],动力目前还没跑长途也没去郊外试试越野能力不好说什么，但是市里代步动力算是随叫随到吧，深踩踏板转速很快的就能降档拉高到3000+，超个车还是很轻松的。至于说启停这方面，发动机重新介入的时候是有一点闯，但是能接受,[操控],这个价位里操控可以说比较无敌了，和我之前的车子一对比简直天上地下。悬架表现优秀，高速过弯侧倾控制的非常好，体感极佳，换了我之前的车子相同速度过这个弯人都东倒西歪了。转向精准，方向盘力度适中。全时四驱也无惧雨雪路面，esp介入及时,[性价比],进口车没性价比可言，税费摆着！但是拥有傲人的水平对置发动机和全时四驱这两项，全世界没有第二个品牌了！所以，性价比看你怎么比了,
"
    发表于  2020-02    

      
        
    
    
",避震很硬，感觉很不好，过减速带都抖得厉害。,https://image1.xcarimg.com/attachments/my/1/82/47/808_120.jpg,xuser1834780,三星会员,3.63,外观,3,内饰,4,空间,4,舒适,4,油耗,4,动力,4,操控,3,性价比,3,购入信息,爱车车型,购入时间,2020/1/1,购车地点, [天津市],裸车价格,19.1万  (厂商指导价 19.18万),当前油耗,8L/100km,购入用途,接送小孩,跑长途,爱车简评,"个人感觉外观十分好看，做工没的说,细节处理得很好,卤素灯被很多人吐槽,我挺喜欢。",爱车评价,[最满意],"开了一个多月越来越喜欢,无时不在的四驱给与的操控信心，空间不大不小,只要你舍得去踩油门动力可以满足日常需要,适度的越野能力,可跑各种烂路。",[不满意],[外观],"个人感觉外观十分好看，做工没的说,细节处理得很好,卤素灯被很多人吐槽,我挺喜欢。",[内饰],"以前看过老森林人的内饰,真丑,但这个20款的XV内饰很好啊，简洁大方,细节很好,主流水准偏上，新车有异味，一周左右才散完。",[空间],"空间不大但也不小,没CRV那么大,这个价位的SUV里空间中等偏上水平,这个具体要你自己坐进去感受， 后备箱比我想象的要大,之前看过几款SUV的后备箱都挺失望, XV挺意外的,经常跑长途后备箱基本是一个24寸旅行箱、两个摄影包、一箱水、一双鞋,还能塞点其他的东西,在犹豫要不要买个车顶行李箱,这样以后出去自驾游,可以解放后备箱弄个充气垫当床。",[舒适],"座椅舒服皮质不错,副驾驶没有电动调节，噪音控制一般，避震比较硬，过减速带一直抖动的感觉,但转弯侧倾很小,跑烂路的时候滤震挺好，空调制冷很快。",[油耗],"不吹不黑,斯巴鲁的全时四驱车比绝大多数同排量的两驱轿车油耗都要低。",[动力],"油门响应很迅速,加速平顺，2.0的排量里表现很优秀,缺点冷车启动的时候声音太大了。油门在自己脚下,想快就快,想慢就慢, 2.0排是日常行驶绰绰有余。",[操控],"稳,急转弯则倾很小,高速在山区转弯什么的很扎实不会出现转向不足之类的;四驱的X-MODE模式一直还没用过,去沙漠里轮胎没放气没敢上沙山,但在平缓的沙漠里四驱很稳,快速绕圈没甩尾的感觉。",[性价比],"实在是想换辆车了，确定了SUV ,必须要有四驱因为自己喜欢摄影会经常需要跑一些烂路钻山沟之类的,预算25万以内。这个价格区间的各种SUV看了好多,也试驾了一些，周围朋友开这些的也多,很多车啥情况大致也了解,起初斯巴鲁不在计划内,以前也从没开过斯巴鲁的车,见得比较多的是森林人。就在买车前一次去高铁站送人,看到一辆XV停在我车旁，高高的底盘,样子说得过去,回家上网各种查, 一堆数据、视频和评测打动了我,然后和4S店打了几次电话,就大致确定买这个了。",展开全部
"
    发表于  2020-02    

            
    
    
",最不满意的就是新车内饰异味了。,https://image1.xcarimg.com/attachments/my/1/82/47/805_120.jpg,xuser1834780,三星会员,3.88,外观,4,内饰,4,空间,4,舒适,4,油耗,4,动力,3,操控,4,性价比,4,购入信息,爱车车型,购入时间,2020/1/1,购车地点, [天津市],裸车价格,18.8万  (厂商指导价 19.18万),当前油耗,7.2L/100km,购入用途,接送小孩,自驾游,爱车简评,外观很满意，无论车头、车尾，侧身线条设计，感觉很符合自己的审美标准。车身大小尺寸也是自己所中意的。不喜欢太大的车。大灯和尾灯都挺漂亮，车子做工很好，车漆光亮，接缝匀称，没有什么不满意的地方,爱车评价,[最满意],外形，跨界车，喜欢的会非常喜欢，不喜欢的估计连看都不想看一眼，介乎于两厢车和SUV之间，一般家庭空间足够，接近硬派越野的离地间隙也足以应付城市里得绝大多数路况以及轻度越野,[不满意],[外观],外观个人感觉很满意，无论车头、车尾，侧身线条设计，感觉很符合自己的审美标准。车身大小尺寸也是自己所中意的。不喜欢太大的车。大灯和尾灯都挺漂亮，车子做工很好，车漆光亮，接缝匀称，没有什么不满意的地方,[内饰],中控样式中规中矩，特别喜欢仪表盘及中控上方两块液晶仪表的设计，显示清晰，内容丰富，给驾驶者提供相当全面的行车帮助，值得称赞。车内软性材质用得比较多，到现在也未出现什么异响，但是有异味，这里要减分了,[空间],从个人感受而言足够了，172的个头驾驶座足够从容，后排也不局促，后备箱略小，但是不拉货的话也不影响，我就跟小车后备箱对比了，虽说深度略有不足，但胜在有高度呀出门自驾油放点行李不在话下了。,[舒适],悬架很有韧性呀，过减速带弹跳比较大，毕竞是SUV，这也是我喜欢的风格，美其名曰路感清晰，讲真的不喜欢那种调的软绵绵的悬架，晃晃悠悠的会晕车,[油耗],还是比较满意XV的油耗，目前开了1600公里，其中差不多一半都是高速一半纯市区，平均7.2L/100KM，完全在预期内，可能开新车比较温柔，基本上不大脚刹车也不大脚油门，一是为了乘客的舒适性，还一个就是为了好好磨合一下，看看XV究竟能多省油,[动力],2.0的动力配上146马力，动力感觉还可以，加上CVT变速箱，开起来感觉很平顺，时速100公里以下提速没什么问题。跑高速120感觉也蛮好，没有感觉动力不足的现象。超车很干脆,[操控],方向盘力度适中，完全没有虚位，转向非常清晰，指向精准。掉头、并线十分顺畅，驾驶感觉绝对让人感到酣畅淋漓，没有丝毫拖泥带水之感。高速入弯车身侧倾控制得很好，给人十足信心。暴雨天行驶，轮胎抓地力非常强，即便高速行驶也没有任何侧滑现象出现。,[性价比],本人的购车理念是在外观满意的前提下，动力要足，操控要好，通过性高，，尽量不要太臃肿，价格又能在我的预算范围内，非XV莫属呀,
"
    发表于  2020-02    

      
        
    
    
",我对于这款车最不满意的地方，应该就是在车子的内饰上这款车的内饰材料不是很好，感觉不出有什么质感。,https://image1.xcarimg.com/attachments/my/1/82/47/803_120.jpg,xuser1834780,三星会员,5,外观,5,内饰,5,空间,5,舒适,5,油耗,5,动力,5,操控,5,性价比,5,购入信息,爱车车型,购入时间,2020/1/1,购车地点, [天津市],裸车价格,18.4万  (厂商指导价 19.18万),当前油耗,8L/100km,购入用途,接送小孩,自驾游,爱车简评,这款车子的外观方面我给的是满分，因为这款车子的外观设计挺走心的，而且呢，时尚的外表和立体的车身特别搭配。,爱车评价,[最满意],对于这款车最满意的地方，应该就是车子的外观了这款车的大气外观以及时尚型的设计，给我的直观感受就是比较像都市中的白领一样，有气质,[不满意],[外观],这款车子的外观方面我给的是满分，因为这款车子的外观设计挺走心的，而且呢，时尚的外表和立体的车身特别搭配。,[内饰],车子的内饰就没有外表那么完美了，车子的内饰用料缺少我想要的质感，所以呢，我给内饰四分了,[空间],这款车的空间相对来说还是比较不错的，尤其是在车子的后备箱储物能力特别棒，平时购物后把东西放在后备箱里一点都不会挤，所以给空间满分。,[舒适],舒适性我给他满分，首先他车子的座椅特别的舒服，平时开车久一点也不会太累，其次，整个车的隔音性能也很棒，车内不会有噪音。,[油耗],车子的油耗方面我给的是满分，因为这款车的油耗相对来说还算比较符合我想要的预期油耗了。,[动力],车子的驱动力了，我给的是满分，因为这款车的动力真的挺充足的，平时在市区那你完全不用担心超车没有动力。,[操控],车子的操控方面我给的是满分，因为这款车无论是转向的精准性，还是在倒车入库精确性，都是蛮不错的。,[性价比],选择这款车首先也是被这款车的优越性价比吸引了，这款车无论是外观还是空间方面都特别符合我的要求，在4S店里选车的时候他也是被我一眼相中了，经过试驾后发现整个车的功能也还不错于是就把它买回家了,展开全部
"
    发表于  2020-02    

      
        
    
    
",我对于这款车最不满意的地方，应该就是车子的舒适性方面了，感觉车子的隔音性能没有很好，所以呢如果是雨天或者其他不好的天气状况时候，车内噪音比较大。,https://image1.xcarimg.com/attachments/my/1/82/47/802_120.jpg,xuser1834780,三星会员,3.25,外观,3,内饰,4,空间,4,舒适,3,油耗,3,动力,3,操控,3,性价比,3,购入信息,爱车车型,购入时间,2020/1/1,购车地点, [天津市],裸车价格,19万  (厂商指导价 19.18万),当前油耗,8L/100km,购入用途,接送小孩,自驾游,爱车简评,车子空间没话讲给满分，因为这款车的空间真的挺大的，平时带的三五好友出门吃饭聚餐完全不是问题一点都不拥挤。,爱车评价,[最满意],对于这款车最满意的地方，就是车子的外观了年轻化的设计外观再配上年轻时尚的颜色，整个车就看起来特别的有活力。,[不满意],[外观],车子的外观设计我给的是满分，因为这款车的外观住很具有活力感，这款车的配色也很高级。,[内饰],内饰风格的话我还挺满意的，不仅具有科技感而且它的做工感觉起来也蛮精细的，所以给内饰满分。,[空间],车子空间没话讲给满分，因为这款车的空间真的挺大的，平时带的三五好友出门吃饭聚餐完全不是问题一点都不拥挤。,[舒适],这款车的舒适性我打四分，因为他的整个隔音效果不是特别得好，如果碰到雨天或者打雷的天气，整个车的噪音会比较大。,[油耗],车子的油耗方面的话，我一般不太在意这个，但是这款车的油耗真的相对来说较低了，我给油耗满分。,[动力],车的动力很棒，起步完全不会肉，也没有卡顿感，然后整个车的动力供给也很充足，所以给动力满分。,[操控],车子的操控表现足够棒，首先是他的转向很精准，不会有什么偏差，然后车的形式稳定度也是比较不错的，所以整个说的操控表现给满分。,[性价比],我选的这款车是因为妻子她挺喜欢的这款车子的，所以我就决定买这辆车送给她，于是去4S店里想要试驾这一款车，销售也跟我说，这款车最近的优惠力度蛮大的试驾的体验感也是不错的空调制冷制热效果也挺快，所以就把它买下来准备送给妻子啦。,展开全部
"
    发表于  2020-02    

      
        
    
    
","冷启动抖得厉害，在大部分车子都不怎么需要热车的年代，水平对置发动机-定要热车有点坑。。。胎噪算是比较明显吧，没什么加速感，速度经常不小心就踩到90~ 100,新车磨合期油耗有点过了，可能也和自己没有熟悉有关",https://image1.xcarimg.com/attachments/my/1/82/47/488_120.jpg,xuser1834748,三星会员,4.25,外观,4,内饰,4,空间,4,舒适,4,油耗,4,动力,5,操控,4,性价比,5,购入信息,爱车车型,购入时间,2020/1/1,购车地点,上海安吉斯鸿汽车销售服务有限公司 [上海市],裸车价格,19.2万  (厂商指导价 19.18万),当前油耗,8.6L/100km,购入用途,上班,,爱车简评,算是耐看的类型吧。主要是离地间隙高，给我的感觉很加分，让整个车看起来很精悍，性价比不错的,爱车评价,[最满意],算是耐看的类型吧。主要是离地间隙高，给我的感觉很加分，让整个车看起来很精悍，加上不长的车身，看起来很高的后悬架，整个车还是营造出了俯冲的姿态，就是内部坐姿其实还是偏低的轿车视野。,[不满意],[外观],外观个人感觉很满意，无论车头、车尾，侧身线条设计，感觉很符合自己的审美标准。车身大小尺寸也是自己所中意的。不喜欢大的车。大灯和尾灯都挺漂亮，车子做工很好，车漆光亮，接缝匀称，没有什么不满意的地方。,[内饰],内饰简洁，大气！缝线加得很赞！整体衔接的很好！比起上一代简直是飞跃！就是车机比较low，没有carplay！没有sd卡！感觉就是个山寨货！另外，这钥匙太low了！太low了！太low了！,[空间],"前排调整舒服后坐后排完全没问题。乘坐空间够用，储物空间尚可。坐四个大人很舒服，5个也可凑合短途。乘坐空间家庭成员都不是特别高，这辆车完全够用，后备箱的话因为家里还有别的车子,这个够用就好，也不需要特别能装，不过客观的来说，后备箱一般还是够用的，比三菱的奕歌大的多",[舒适],比轿车避震硬一点，但不颠。座椅包裹性一般，侧向支撑没有老明锐好。自动空调方便，基本上设定25度之后很长一段时间就不需要再调整。座椅加热实用，上车一会就能感觉到热了，效果很好。后排没有出风口，略显低端。噪音控制的不错，主要噪音还是风噪。普利司通的轮胎还是很安静的！eyesight强大！太实用了！定速，自适应巡航，车道保持！适合新手！,[油耗],"新车机械在磨合，我和车子也在磨合。。脚可能有点慮，第一箱油跑的15L百公里， 慢慢观察吧。油耗更新- -下，第二箱油就进10升了,第三箱大概在9升左右，这个车速度上去保持速度以后。的油耗还是挺低的，市区平均速度基本在23km/h的样子。",[动力],动力目前还没跑长途也没去郊外试试越野能力不好说什么，但是市里代步动力算是随叫随到吧，深 踩踏板转速很快的就能降档拉高到3000+，超个车还是很轻松的。至于说启停这方面，发动机重新 介入的时候是有一点闯， 但是能接受。,[操控],操控因为也没开过传说中的小钢炮，之前家里不是轿车就是五菱，所以没太大感受，不过50.60km过大弯感觉也是挺稳的，没有太大的侧倾。听说斯巴鲁主打的就是操控，操控性远高于配备的动力。,[性价比],挺高的,展开全部
"
    发表于  2020-02    

            
    
    
",空间在同级别的车型中不是很大，再就是噪音的问题。,https://image1.xcarimg.com/attachments/my/1/80/19/901_120.jpg,gh1570664999,三星会员,5,外观,5,内饰,5,空间,5,舒适,5,油耗,5,动力,5,操控,5,性价比,5,购入信息,爱车车型,购入时间,2020/1/1,购车地点,天津庞大中冀斯巴鲁汽车销售有限公司 [天津市],裸车价格,18.7万  (厂商指导价 19.18万),当前油耗,8.5L/100km,购入用途,上班,购物,爱车简评,外观很好看，底盘高可以随意上马路牙子，特别适合目前越来越拥挤的小区。,爱车评价,[最满意],外观很好看，底盘高可以随意上马路牙子，特别适合目前越来越拥挤的小区。,[不满意],[外观],外观还不错，买这车很大程度也是因为外观好看，个人感觉还挺时尚耐看的，特别是那个花型轮毂，LD很是喜欢。仁者见仁，智者见智的事儿了。,[内饰],内饰做工说不上什么豪华，就是简简单单的，不过操作起来显得比较方便和简单。,[空间],无论是前排座椅和后排座椅，都有足够的空闲空间，尤其是车顶的行李架，超大的空间，可以随意堆放旅行出行的众多行李。,[舒适],减震还是稍微硬了一些（比起广本）、路感清晰。原车胎压均是2.7后来调到2.5 能强一些。,[油耗],"新车,平均耗油粗略算了一下也不过8.5上下，还是非常满意的，现在经过长时间呢磨合油耗已经降到了8.2，这油耗比轿车一点也不虚，省油是必须的。",[动力],感觉已经足够用，油门前段非常灵敏，动力充沛，80以上后劲不足，但也还平顺。CVT变速箱，起步上坡啥的降档感觉不够快，转速会拉高不少，这个不能强求，够我家用就好了！,[操控],开起来觉得蛮轻便的，尤其在市区里开，因为车身相对比较小巧，超个车啊，并个道的都挺灵活，本人对什么操控什么的不是很在意。,[性价比],天窗、VDC、儿童座椅、膝部气囊和全系一样的总成、悬架、轮毂等等的是很全面的，主动安全配置不错，主副驾驶都有安全带未系提醒。非常的满意了。,
"
    发表于  2020-02    

      
        
    
    
",ES系统两个镜头，自动大灯一个镜头，行车记录仪一个镜头，前面一共四个镜头，很难看。而且因为ES系统还不让前挡风玻璃贴膜，隐私无法保障。,https://image1.xcarimg.com/attachments/my/1/82/47/123_120.jpg,xuser1834712,三星会员,5,外观,5,内饰,5,空间,5,舒适,5,油耗,5,动力,5,操控,5,性价比,5,购入信息,爱车车型,购入时间,2020/1/1,购车地点,山东世通汽车城有限公司 [山东省],裸车价格,18.9万  (厂商指导价 19.18万),当前油耗,8L/100km,购入用途,上班,购物,爱车简评,如果你对空间和动力没有特别大的需求，它绝对是一辆值得拥有的车。开了斯巴鲁后你才知道什么是开车。,爱车评价,[最满意],如果你对空间和动力没有特别大的需求，它绝对是一辆值得拥有的车。开了斯巴鲁后你才知道什么是开车。,[不满意],[外观],外观个人感觉很满意，无论车头、车尾，侧身线条设计，感觉很符合自己的审美标准。车身大小尺寸也是自己所中意的。不喜欢太大的车。大灯和尾灯都挺漂亮，车子做工很好，车漆光亮，接缝匀称，没有什么不满意的地方。,[内饰],中控样式中规中矩，特别喜欢仪表盘及中控上方两块液晶仪表的设计，显示清晰，内容丰富，给驾驶者提供相当全面的行车帮助，值得称赞。车内软性材质用得比较多，没有异味，到现在也未出现什么异响。,[空间],前排调整舒服后坐后排完全没问题。乘坐空间够用，储物空间尚可。坐四个大人很舒服，5个也可凑合短途。储物空间：后备箱比森林人紧凑，但是后排好在能放到，拉大东西的时候放到后排就可以。,[舒适],舒适性一般吧，一分钱一分货，虽然比不上三十万以上的车，但是比二十万以内的车好。就像人生一样，永远比上不足比下有余…,[油耗],跑高速，一箱油跑个800轻轻松松。,[动力],够用，超个车还是可以胜任的。加速表现：超车还算说的过去吧，超个BBA有点力不从心,[操控],转向精准。,[性价比],该车谈不上什么性价比，如果不是整车进口身份，合资的话估计也就十六七万的最多了。买车不要讲究性价比，在能接受的价钱范围内挑自己第一眼看上喜欢的就好嘛。对比来对比去，你会忘记你的初心哦。,展开全部
"
    发表于  2020-02    

            
    
    
",后排没有出风口，后排座椅深度较浅，支撑不太好，后备箱太小，卤素灯太low，钥匙太low......,https://image1.xcarimg.com/attachments/my/1/82/47/084_120.jpg,xuser1834708,三星会员,5,外观,5,内饰,5,空间,5,舒适,5,油耗,5,动力,5,操控,5,性价比,5,购入信息,爱车车型,购入时间,2020/1/1,购车地点,天津滨海中冀斯巴鲁汽车销售有限公司 [天津市],裸车价格,22万  (厂商指导价 19.18万),当前油耗,10.5L/100km,购入用途,上班,购物,爱车简评,车身钢性好，操控好，方向盘手感好，仪表简洁，信息清晰，外观个性，内饰精致，Eyesight安全性无敌，四驱性能强，cvt加速平顺！,爱车评价,[最满意],车身钢性好，操控好，方向盘手感好，仪表简洁，信息清晰，外观个性，内饰精致，Eyesight安全性无敌，四驱性能强，cvt加速平顺！,[不满意],[外观],外观没说的，太有个性！我喜欢！轮毂造型一般，算用心设计过了，但是并不算好看！只能算是个个性！es豪华除了卤素灯太low了，其他没缺点！,[内饰],内饰简洁，大气！缝线加得很赞！整体衔接的很好！比起上一代简直是飞跃！就是车机比较low，没有carplay！没有sd卡！感觉就是个山寨货！另外，这钥匙太low了！太low了！太low了！电瓶车吗？！虽然法拉利也用这样的钥匙，但这六个星星的和法拉利相提并论太牵强了！,[空间],前排可调范围很大，毫无压力，很舒服。后排略小，满载不适合长途。后备箱太小，长途必须配车顶箱！,[舒适],比轿车避震硬一点，但不颠。座椅包裹性一般，侧向支撑没有老明锐好。自动空调方便，基本上设定25度之后很长一段时间就不需要再调整。座椅加热实用，上车一会就能感觉到热了，效果很好。后排没有出风口，略显低端。噪音控制的不错，主要噪音还是风噪。普利司通的轮胎还是很安静的！eyesight强大！太实用了！定速，自适应巡航，车道保持！适合新手！,[油耗],纯市区10.5升,[动力],可承受扭矩更大，能满足轻度越野！,[操控],斯巴鲁主打的就是操控，没说的，操控性远高于配备的动力。方向盘没有虚位，加上避震偏运动，指哪打哪！,[性价比],进口车没性价比可言，税费摆着！但是拥有傲人的水平对置发动机和全时四驱这两项，全世界没有第二个品牌了！所以，性价比看你怎么比了！,
"
    发表于  2020-02    

      
        
    
    
",就是没有自动泊车入位，这个也可能是我想多了哈哈哈,https://image1.xcarimg.com/attachments/my/1/82/46/417_120.jpg,xuser1834641,三星会员,4.13,外观,4,内饰,4,空间,5,舒适,5,油耗,4,动力,4,操控,3,性价比,4,购入信息,爱车车型,购入时间,2020/1/1,购车地点,河南裕华江南汽车销售服务有限公司(斯巴鲁) [河南省],裸车价格,19万  (厂商指导价 19.18万),当前油耗,8L/100km,购入用途,上班,自驾游,爱车简评,帅气的外形，这种小众品牌，还是懂车的人才会买哈哈，内饰布局很喜欢，有档次加好看，这个我是比较喜欢的，驾驶位也很不错，后排空间也挺好的，家用方面也能很好的满足！这点最重要,爱车评价,[最满意],外观设计很时尚，线条的处理也很有性感，动力也很够用，这点很满意,[不满意],[外观],朋友都觉得SUV车型更合我，这个嘛萝卜青菜各有所爱，这个就没啥说的,[内饰],内饰要有驾驶操作感，才算得上好车。斯巴鲁XV 就有这种感觉。,[空间],别的不说就这个空间，对于我们家来说是非常充足的，出去旅个游啥的美滋滋！,[舒适],走颠簸的路车子也很稳，很舒适。,[油耗],油耗在一般合理的范围，新车驾驶没多久，我可以接受这个油耗八升多。,[动力],动力充沛，起步稳健，加速直接。很有劲，加速都有推背感了。,[操控],发动机启停技术、后雷达、倒车视频影像等等。,[性价比],性价比在同价位已经算很高的了,
"
    发表于  2019-12    

      
        
    
    
",后视镜不会锁车自动折叠、没有开车自动落锁、只有前两个车窗有一键升降，这些功能都很实用却连顶配车都没有，而且这些功能的成本并不高。最最不满意的是中控用的百度carlife，太垃圾了！！,https://image1.xcarimg.com/attachments/my/0/30/19/026_120.jpg,panv4,新手上路,4.63,外观,5,内饰,5,空间,4,舒适,5,油耗,4,动力,4,操控,5,性价比,5,购入信息,爱车车型,购入时间,2019/10/1,购车地点, [江苏省],裸车价格,20.68万  (厂商指导价 22.18万),当前油耗,8L/100km,购入用途,上班,接送小孩,爱车简评,皮质座椅，不过还是需要弄个坐垫的，因为座椅上有小孔，如果有脏东西进去了不好清洗，,爱车评价,[最满意],底盘及操控很好,[不满意],[外观],反正我很喜欢,[内饰],简洁实用,[空间],乘坐空间完全没问题，但后备箱偏小不过也够用了。,[舒适],谁坐谁知道,[油耗],郊区7-8、市区9-10控制好油门刹车开进6个油不是问题,[动力],起步很快，动力平顺，平时2.0自然吸气够用了,[操控],完美,[性价比],还是那句话：进口，性能强大的全时四驱。20w的价格有什么理由拒绝呢,
"
    发表于  2019-12    

      
        
    
    
",发动机在1800~2000转是噪音大,https://image1.xcarimg.com/attachments/my/0/30/19/031_120.jpg,stephenbdmn5,新手上路,4.25,外观,5,内饰,4,空间,4,舒适,4,油耗,4,动力,4,操控,5,性价比,4,购入信息,爱车车型,购入时间,2019/8/1,购车地点, [湖北省],裸车价格,20.5万  (厂商指导价 22.18万),当前油耗,9L/100km,购入用途,上班,自驾游,爱车简评,外观还行，个人觉得比上一代好看多了！车灯设计：车灯顶配是LED自动大灯，亮度也够！就是晚上跑乡下路还是需要开启手动模式，不然远灯开不起来！,爱车评价,[最满意],全时四驱，行车平稳，方向精准、操控自如，外型美观，大小合适,[不满意],[外观],外形精干，不肉不肿灯光配置：很好自动大灯，灯光犀利，可随车辆转向偏转大灯方向车灯设计：灯光设计齐全自动大灯反应灵敏，天光稍微暗一点灯就开了,[内饰],对内饰要求不高，够用就好，没有什么异味。,[空间],一个人用，完全够用，大了反而浪费乘坐空间：身高1.7，乘坐舒适，后排除了中间座位两边的也不错后备厢容积：不是很大，一般的行李够用了，就是底板有点高,[舒适],整体还可以乘坐比较舒服就是发动机转速1800~200时噪音有点大,[油耗],现在平均油耗8.5升/100km，2.0的自吸四驱车感觉还可以城市道路行驶：是在城市使用，路况一般，感觉还是比较省油的,[动力],现在跑的不多，完全够用跑高速：跑的很少，时速100以上超车动力来的有一点慢日常加速动力：还不错，低速给油就来速度，有时候还有点窜,[操控],指哪打哪车随心动四驱稳定性：离地间隙虽然比较高，整车转向还是比较平稳的方向盘操控感：转向精准，方向盘没有间隙，转向回馈力道适中，车随心动脱困能力：只走了一小段泥坑路，完全没压力，以后有机会出去试试刹车表现：感觉还可以几次跟车，旁边车强行并道，安全系统狂叫，都刹下来了，不知道是我踩的刹车，还是系统自动刹的,[性价比],性价比中偏上，这车的配置在同价位的车里不多,展开全部
"
    发表于  2019-11    

      
        
    
    
",保险贵，后备箱空间略小，后排没有出风口掉档次。,https://image1.xcarimg.com/attachments/my/0/30/19/028_120.jpg,zhongpeinanh,新手上路,4.25,外观,5,内饰,4,空间,4,舒适,5,油耗,4,动力,4,操控,5,性价比,3,购入信息,爱车车型,购入时间,2019/9/1,购车地点, [河北省],裸车价格,23.48万  (厂商指导价 22.18万),当前油耗,8L/100km,购入用途,上班,接送小孩,爱车简评,20万全时四驱，操控性完美，带主动刹车和车道偏离，而且主动刹车和车道偏离特好使，我认为值。,爱车评价,[最满意],斯巴鲁的车驾驶感受是非常好的，这种感受是没办法用说来让旁人明白的，只能实际开几次后才能明白。ES系统非常好用可靠，23w的车能配上最先进的主动安全技术是非常值得的。销售顾问很热情负责。,[不满意],[外观],很满意，外观接缝紧密，做工出众。颜色不错，所有人看见我车先夸颜色,[内饰],比斯巴鲁其他的车系好太多，比森林人强的没天际了，跟其他品牌比就算了吧。中控台样式较新颖，用料考究，做工优良,[空间],我身高180体重190，前排调整舒服后坐后排完全没问题。乘坐空间够用，储物空间尚可。坐四个大人很舒服，5个也可凑合短途。储物空间：后备箱比森林人紧凑，但是后排好在能放到，拉大东西的时候放到后排就可以。,[舒适],一般，别报太大期望,[油耗],目前为止7.1左右，纯高速情况下能到6.5,[动力],2.0已经够用，高速上可以放到180，120的时候加速不如2.0t车，80以内完全没问题,[操控],方向盘没有虚位，感觉完美。四驱让你走啥路都信心十足。,[性价比],纯进口车，和国产车谈什么性价比是扯淡，但是在斯巴鲁系列中算性价比最高的。,展开全部
"
    发表于  2019-11    

      
        
    
    
",隔音有点差,https://image1.xcarimg.com/attachments/my/0/30/19/051_120.jpg,jazzwayacfp,新手上路,4.25,外观,4,内饰,4,空间,4,舒适,4,油耗,5,动力,4,操控,5,性价比,4,购入信息,爱车车型,购入时间,2018/10/1,购车地点, [四川省],裸车价格,20.68万  (厂商指导价 20.18万),当前油耗,8L/100km,购入用途,上班,接送小孩,爱车简评,同价位里面应该算是性价比比较高的了，全时四驱，就是牌子不硬.,爱车评价,[最满意],车身刚性好，超控给力，四驱通过性，去了次拉萨毫无压力,[不满意],[外观],仁者见仁,[内饰],新的XV对比前面的已经有很大的改进了，,[空间],乘坐空间：174，头顶还有一拳的距离，还能行，就是后备箱感觉有点小了，特别出远门自驾,[舒适],车内噪音：隔音效果一般，上高速后，有点吵，平时上下班凑合,[油耗],城市道路行驶：城里开上下班7个多油，跑高速能到6个多，这次进藏比其他小伙伴的车油耗都低,[动力],高原地区有点软，平时上班够用,[操控],到拉萨没出啥毛病妥妥的,[性价比],购车：同价位里面应该算是性价比比较高的了，全时四驱，就是牌子不硬,
"
    发表于  2019-11    

      
        
    
    
",1.车评都说空间不好，但我觉得够用了，一家三口自驾游，全是老婆孩子的东西，大包小包的，我觉得也没压力，你要非说五口出行，那你先解决坐着舒服的问题在考虑这个车吧。四驱的车后排那个高耸的梁真的是对中间乘客不友好。当然没有对比就没有伤害，同价位的车基本都比他大，这里特指后备箱，其实后排膝部空间没什么问题。2.正在应该说最不满意是车内的隔音，开高速基本听不清最爱的郭德纲相声，这个音响也就是只能听听歌，自行脑补吧。还有一个情况比较特殊，有次下雨天幼儿园门口接孩子，门前全是大树停在树下，基本上就感觉坐在一层铁皮下面，噼噼啪啪的。3.还有一些我觉得人机设计不满意的地方，自动启停不能常关，想关就要每次都启动都手动关一次，再就是这个启停的脚感，必须要踩得深才能启动，如果等红灯的时候有点松动，就会重复启停，再就是在侧方停车或者直接开进车位的情况下，一脚刹车直接就启动启停功能了，拉手刹又启动一次发动机。这样设计我觉得时间长了会不会造成没必要的积碳和磨损。,https://image1.xcarimg.com/attachments/my/0/30/19/018_120.jpg,guoqing77bg5,新手上路,4,外观,5,内饰,3,空间,4,舒适,4,油耗,4,动力,5,操控,5,性价比,2,购入信息,爱车车型,购入时间,2019/9/1,购车地点, [山东省],裸车价格,21.1万  (厂商指导价 22.18万),当前油耗,8L/100km,购入用途,上班,接送小孩,爱车简评,买这车就不是冲着颜值去的，但整体接受度还是不错，可能我不太喜欢太风骚的吧，中规中矩挺好的,爱车评价,[最满意],"1.当然是斯巴鲁的看家本领，底盘操控和全时四驱，至于什么水平对置啊、缸内直喷的真心没什么感觉，之前的座驾是12款1.6福克斯，也是主打底盘和操控的车型，就是那个闹心的双离合变速箱啊!换过一次油封。这次选车果断选了cvt的变速箱（爱信就满足了，呵呵！），之前也开过08款的本田crv，同为2.0cvt，动力匹配和输出这个搭配挺满意的。关键还是考虑油耗，现在的欧洲厂家主打小排量涡轮车的年代，感觉岛国品牌还能出自吸cvt的调教还是很不容易的。?2.买车没多久就往返了一趟老家，来回2500km,大部分高速加少数省道、县道全程都是铺装路面，基本全程都使用ES系统辅助驾驶系统。这个系统怎么说呢，是当时选车主要淘汰老款森林人的理由，在国情不允许全自动驾驶的时代，起码未来五六年，就像当时销售顾问的一句话，起码有个老司机帮你看着。我理解就现在能用到民用的技术，20w出头的车能做到这样的辅助驾驶，我是满意的。但是对于一般市内通勤的，就看自己的需要了。还有预碰撞的功能，反正开了三个月，我没发现起过作用。只是有一次，路口刚放绿灯，一个横穿马路的电动车从车前3米经过，听到几声碰撞提示音，但当时我只是刚放开刹车的速度，没感觉车有什么制动效果。",[不满意],[外观],别把他当suv，这叫跨界车！,[内饰],比不了流行的全液晶，但是就喜欢这样的复古风格。,[空间],乘坐宽敞够用，定位准确，同级别表现满意。,[舒适],座椅专为运动设计，包裹感很好，可惜驾驶位没有腰部支撑，长途有点累。还有就是隔音非常一般，也可以说是差，尤其是开高速的时候，风燥！风燥！风燥！,[油耗],市区10~11，高速最低5.3，加满续航里程900km，2.0的机子，可怕的油耗表现。,[动力],2.0配cvt，没有双离合的快，就是线性，就是稳！,[操控],精准到成为其中一个卖点。底盘一般非铺装路面基本满意。,[性价比],没什么性价比，尤其是顶配，看个人喜好的东西。,展开全部
"
    发表于  2019-11    

      
        
    
    
",车机、后备箱尺寸、副驾驶无电动调节,https://image1.xcarimg.com/attachments/my/0/30/19/033_120.jpg,pinkpiga3,新手上路,4.25,外观,4,内饰,4,空间,4,舒适,4,油耗,4,动力,4,操控,5,性价比,5,购入信息,爱车车型,购入时间,2019/8/1,购车地点, [江西省],裸车价格,22万  (厂商指导价 22.18万),当前油耗,8L/100km,购入用途,上班,,爱车简评,外形精干，不肉不肿灯光配置：很好自动大灯，灯光犀利，可随车辆转向偏转大灯方向车灯设计：灯光设计齐全自动大灯反应灵敏，天光稍微暗一点灯就开了,爱车评价,[最满意],安全感、四驱及通过性、驾驶感受、储物格位置、外观、车身尺寸（停车方便）,[不满意],[外观],外观不多说，中规中矩，不喜欢大众脸，个人认为这车属于耐看型的！灯光配置：车灯不多说，我的顶配，LED大灯效果一般，自动远光灯一定要道路非常暗才会开启远光灯......后雾灯依然只有一盏......车身及车轮：忍者镖形的轮毂挺好看的，防刮塑料轮眉一看就是用来跑烂路的。,[内饰],内饰中规中矩，没有那么多的花里胡哨的东西，该有的功能基本有了，属于实用耐看型的，中空按键的布局和位置我个人比较喜欢，触手可及；储物格位置也非常人性化，放手机什么很方便，扶手箱还开口处还留了两道出线槽，方便车内充电。超喜欢这红色背光的按键，仿佛在暗示我这是台可以飙可以高速劈弯的车。事实上只是台156马力10秒的车。异味异响：没听说过哪辆车买来没异味的，放了些炭包和柚子皮一个月之后基本没了。没有异响是不存在的，有异响才是正宗扫把佬，eyesight摄像头的塑料壳有时候会哒哒响，前排座椅边缘跟塑料接触的位置久了身体摆动会被磨的唧唧响，喷点WD40即可，其他没有什么明显的异响。多媒体：全车最大吐槽点，国内后装车机，系统经常性BUG，提示文件损坏，导致U盘读不出；高德地图内容严重掉队，实在难用......所以一直用蓝牙连接，不知道美版的怎么样。音响效果不错，不知道哪家厂的，虽然达不到大厂水平，但听起来声音圆润，低频下潜有限但有一定弹性。,[空间],本人身高173cm，前排乘坐空间良好，坐姿也不错，后排很腿部空间也不错，后备箱偏小；中空按键的布局和位置我个人比较喜欢，触手可及；储物格位置也非常人性化，放手机什么的很方便，扶手箱开口处还留了两道出线槽，方便车内充电。,[舒适],前面说到悬挂硬不要简单就认为这台车平时开坐着就真的很硬，简单点说吧，我开过段时间现款的宝马320，60公里的时速内如果说320给你的感觉像是垫了4层缓冲垫，那么XV的感觉就是垫了2层。前排座垫其实挺长的，可解锁各种常用姿势（别污了啊...），加上简单实用的中控设计，没有占用过多的空间，给人一种很宽敞的感觉，整体坐姿、车内视野（包括后视镜）非常好，；后排座垫也不会短，有一定的仰角，坐姿还行，腿部空间不会小，虽然不能随意二郎腿但正常姿势随意摆，至于舒不舒服就是玄学了，个人认为总体还行。个人认为过于好的隔音不是很安全，而且耳朵有点闷，后排乘客容易晕车，车内异响会放大，让人心里不舒服。下面说说对于后排腿部空间的个人观点，我不明白过于追求后排腿部空间的意义的哪里，假如紧急刹车，后排会是个什么情况？,[油耗],我这边是小城市，但麻雀虽小五脏俱全，车流量也不小，完全市区驾驶9.6左右，市区县道对半的话8.6左右，经常奔走在高架桥这样时速在80左右的地方的话7.1左右。,[动力],动力方面这么说吧，这车是自然吸气的，自然有自然吸气的美，配上CVT变速箱的直接感受就是油门的轻微动作能及时清晰均匀的反馈给你，没啥爆发力。开这车就两字“佛系”，开这车你急不了，一脚油下去也不见得有多快，油得慢慢给，0~80提速还行，市区超个车什么的无压力，满载下略吃力，95之后明显得靠拉转速，正常驾驶很少超过2000转，这也是cvt的特点。1800转开始发力，过了这个转速会有个相对明显的动力输出，再就是4000转的时候，再高就没试过了......最后提下，这车最好加0W20的机油，92的油即可，平路上经济时速在75~85，这时的转速在1100~1500。顺便提一句自动启停，斯巴鲁自动启停的逻辑我喜欢，不是那种无脑的熄火，而是当你车子停止后刹车力度达到一定阀值时才会启动，这就有个额外好处，提高刹车技术。我也吐槽下自动启停的危险，亲身经历的，前车急刹，eyesight主动防碰撞启动，我也急刹并刹停，自动启停启动，前车走了，我踩油但是还在打火，后面的摩托没刹住怼了上来，如果后面是辆大货车，那就......所以......不管自动启停逻辑再怎么好，毕竟是个死程序，为了自己为了家人，还是关了吧，而且省油不省钱。,[操控],虽然这车不到1.5吨，但底盘给我的感觉比较厚实，说白了就是下盘稳，安心。方向盘手感跟转向挺好的，悬挂方面偏向运动风格，个人分析弹簧本身不是特别硬，但避震快速压缩阻尼略大（后避震比前避震还硬），回弹阻尼小，配上厚轮胎给我的直接感受就是路感清晰，过弯支撑性好侧倾小动态稳，车身跟随性好（满载下有点迟钝），前段行程软硬刚好，虑震整体不错，过坎干脆，像过减速带之类的尤其是连续减速带，时速最好控制在40以内，不然这套避震会给你带来惊喜（xia）。,[性价比],性价比看你怎么看了，是看重安全性、驾驶感受跟实用性，还是看重奢华跟所谓的科技感。其实我觉得这台车也不差，22万，拥有全球数一数二的安全系统，拥有一定脱困能力跟稳定性的四驱系统，拥有良好的驾驶感受，齐全而实用的功能，就是后备箱小了点，维修可能时间会长点……eyesight：最后说说eyesight，车子买来半年多了，几乎每天都开，都在跟它沟通，作为一个主动安全系统来说，个人认为不但功能全面，而且水准非常高，但任何事物都是有两面性的，就主动刹车来说，它的识别率很高，好几次有效防止追尾，同时也让超车变的危险，它会计算当前与前车的车距、相对车速和加速度的关系来发出警报甚至主动刹车，所以当你离前车很近的时候要变道超车，如果油给大了它会给你一脚急刹，如果是极限超车那就相当刺激了~此处自行脑补......当然，可以关掉它，不过话说回来，这么设定也是为了一个初衷也就是安全，让你老老实实安全驾驶。车道防偏离功能原理是通过两个眼睛识别两边的白线，我除了跑高速，平时是关的（和主动防碰撞单独开关），因为如果你不打转向灯，稍微偏离行车道它就会报警，很烦的......全车速自适应巡航排队跟车挺好的，就是怕强塞，所以右脚还是得时刻准备着。,展开全部
"
    发表于  2019-11    

      
        
    
    
",后备箱，也只能是后备箱了！,https://image1.xcarimg.com/attachments/my/0/30/19/036_120.jpg,大猪若鱼l5,新手上路,3.88,外观,4,内饰,5,空间,3,舒适,5,油耗,4,动力,3,操控,5,性价比,2,购入信息,爱车车型,购入时间,2019/8/1,购车地点, [福建省],裸车价格,21.5万  (厂商指导价 22.18万),当前油耗,8L/100km,购入用途,上班,接送小孩,爱车简评,个人感觉已经很满足了，橙色的线比较独特，虽然看着塑质感比较多，又不是高档豪华车不用在意太多,爱车评价,[最满意],最满意？还是方向盘的手感，配合全时四驱，那个感觉很舒适，唯一一点就是方向盘个人手感觉得太细了一点点！,[不满意],[外观],外观还行，个人觉得比上一代好看多了！车灯设计：车灯顶配是LED自动大灯，亮度也够！就是晚上跑乡下路还是需要开启手动模式，不然远灯开不起来！,[内饰],内饰我还是非常喜欢的，简洁明了！使用起来也还OK，我不喜欢那么多花里胡哨的东西！车机只要求不坏就行，蓝牙连接听音乐，手机导航听声音，carlife，连接不上，不知道是不是还需要用原弟弟在开车手感材质：方向盘偏细了一点点！稍微粗点点就好了！没什么好说的，它非要我凑满20个字！！！异味异响：车里用茶叶梗，效果很好，异味一个星期就散的差不多了。副驾驶有轻微异响，有时有有时没有！懒得管他，习惯就好了！,[空间],家里人身材都不高大，驾乘空间都够用，唯一遗憾就是后备箱偏小！,[舒适],没开过什么好车，走烂路感觉不错，前半段悬挂还是觉得太软了一些，比较偏舒适吧！,[油耗],目前跑了1300KM油耗大概在6毛！还是高速比较多，也还好啦，六毛七毛无所谓了，车都买了难道还不加油啊？磨合磨合应该就能稳定下来！喝的95#,[动力],动力不得不说2.0偏弱啊！真的是偏弱啊！只能给你三颗星！,[操控],操控没得说，谈不上指哪打哪，但是得心应手，动力稍微欠缺！,[性价比],这个车就不谈性价比了吧？保养售后什么的都比合资同级别贵！千金难买我喜欢！鸡肋配置：发动机启停，这是真的鸡肋啊！上车就关，要么就是等到他工作的时候想起来关掉它！期待的配置：期待腰部支撑和座椅通风，开长途没有腰部支撑比较累啊，座椅通风天热的时候非常实用的功能！,展开全部
"
    发表于  2019-11    

      
        
    
    
",新车内饰气味太大。,https://image1.xcarimg.com/attachments/my/0/30/19/041_120.jpg,天语猎手anps,新手上路,4.38,外观,4,内饰,4,空间,4,舒适,4,油耗,5,动力,4,操控,5,性价比,5,购入信息,爱车车型,购入时间,2019/8/1,购车地点, [江苏省],裸车价格,19.18万  (厂商指导价 20.18万),当前油耗,9L/100km,购入用途,上班,自驾游,爱车简评,外观其实没有太大的亮点，而且客观的说整体算不上多好看，但是算是耐看的类型吧。,爱车评价,[最满意],驾控品质感,[不满意],[外观],虽然设计线条更犀利，但是个人觉得整体不如上一代好看,[内饰],虽然和同价位其他车比起来并不出众，但是和斯巴鲁自己比，已经好很多了。,[空间],我180，前后排都比较舒适，不拘谨，也不宽敞,[舒适],减震有些偏硬，不过也还好。有一点值得称赞，就是sgp底盘包容性真的很好，有一次回老家，有一个很高的水泥减速带，距离远时没看到，近了速度已经降不下来了，最后车子只是大幅度的晃了两下就过去了，并没有发出预想中“duang”的响声，车子刚性很好,[油耗],我基本上都在城市道路驾驶，目前8.8，还不错的。,[动力],够用，稍稍有点偏弱，不过属于2.0自吸正常水平,[操控],真的赞！紧凑型车里，无论suv，跨界，还是轿车，xv的操控感都是独树一帜的,[性价比],性价比这东西还得看个人，很多人认为这个车和同价位车比个头较小空间也较小，性价比就很低。我认为同价位拥有独一份的机械能力和驾控感受，加上进口的品质，性价比就很高。主要看个人需求。,
"
    发表于  2019-11    

      
        
    
    
",冷车启动时发动机声音过大，和拖拉机没区别。,https://image1.xcarimg.com/attachments/my/0/30/19/025_120.jpg,wanter9vyob,新手上路,4.38,外观,3,内饰,3,空间,5,舒适,5,油耗,5,动力,4,操控,5,性价比,5,购入信息,爱车车型,购入时间,2019/10/1,购车地点, [吉林省],裸车价格,22.3万  (厂商指导价 22.18万),当前油耗,9L/100km,购入用途,上班,,爱车简评,还是那句话：进口，性能强大的全时四驱。20w的价格有什么理由拒绝呢,爱车评价,[最满意],驾驶，舒服顺畅，操控性完美。安全系统既高大上又实用。,[不满意],[外观],外观一般，大众化，屁股不受看。,[内饰],一般，没有可圈可点地方。,[空间],本人身高1.7，驾驶和家人乘坐挺宽敞、舒适。,[舒适],原厂胎行驶时过坑包有点颠，换了雪地胎后好了，可能是原厂胎气打多了（表显示275）。,[油耗],目前行驶1050公里，买车回来开了100公里高速，其他上下班，显示油耗8.1，很满意。,[动力],动力正常行驶足够，比家里1.8的雪佛兰动力强多了，但爆发力不如朋友带T的。,[操控],操控没的说，开上就爱不释手，特别得劲。之所以买这车就是偶然试车后放弃了之前在选中的crv、rav4、cx_4和讴歌cdx的。,[性价比],20万全时四驱，操控性完美，带主动刹车和车道偏离，而且主动刹车和车道偏离特好使，我认为值。,
"
    发表于  2019-10    

      
        
    
    
",后排没有出风口！！！这个是最不能理解的，在跑高速的时候噪音还是有的，需要做一做隔音处理，车门缝以后备箱缝都需要弄，后备箱如果矮一点就好了,https://image1.xcarimg.com/attachments/my/0/30/19/023_120.jpg,lorrycancmp5,新手上路,4.88,外观,5,内饰,5,空间,4,舒适,5,油耗,5,动力,5,操控,5,性价比,5,购入信息,爱车车型,购入时间,2019/9/1,购车地点, [浙江省],裸车价格,20.5万  (厂商指导价 22.18万),当前油耗,8L/100km,购入用途,上班,购物,爱车简评,买这车就不是冲着颜值去的，但整体接受度还是不错，可能我不太喜欢太风骚的吧，中规中矩挺好的,爱车评价,[最满意],操控是首位的满意，油耗也是可以，内饰和外观都很满意，车身颜色在路上相对比较少见，走独特风格，全新的SGP平台的安全性相比上一代安全性也有提升，并且还有独特的ES功能，弄个行车记录仪，MaMa再也不担心碰瓷的人了，ES功能还是很强大的，主动刹车还是比较吓人。,[不满意],[外观],对比上一代已经很好了，选择了个少见的颜色，感觉还不错,[内饰],个人感觉已经很满足了，橙色的线比较独特，虽然看着塑质感比较多，又不是高档豪华车不用在意太多,[空间],本人身高180出头，无压力，平时也只有自己开，前排座椅弄好之后，后排腿部空间富裕不少，平时都是一个人自己开，后备箱不算特别大，主要是有备胎占地儿，再加上后悬架也比较高，所以后备箱日常使用也够乐,[舒适],皮质座椅，不过还是需要弄个坐垫的，因为座椅上有小孔，如果有脏东西进去了不好清洗，,[油耗],城市7.6个左右可以了，北京堵车样子走走停停，一箱油跑700多公里是不成问题的,[动力],在城市内开是够够的了，0-80提速虽然没有涡轮的快，但是响应速度是可以的,[操控],开过的都知道操控的好，转向很精准，方向盘一点也不虚啊,[性价比],斯巴鲁买的就是四驱和水平对置，对于经常在城市开的人来说已经很可以了,展开全部
"
    发表于  2019-10    

      
        
    
    
",ES系统两个镜头，自动大灯一个镜头，行车记录仪一个镜头，前面一共四个镜头，很难看。而且因为ES系统还不让前挡风玻璃贴膜，隐私无法保障。,https://image1.xcarimg.com/attachments/my/0/30/19/032_120.jpg,123woajmr,新手上路,3.5,外观,5,内饰,3,空间,3,舒适,3,油耗,3,动力,3,操控,5,性价比,3,购入信息,爱车车型,购入时间,2019/8/1,购车地点, [山西省],裸车价格,21.6万  (厂商指导价 22.18万),当前油耗,9L/100km,购入用途,上班,自驾游,爱车简评,动力正常行驶足够，比家里1.8的雪佛兰动力强多了，但爆发力不如朋友带T的。,爱车评价,[最满意],谈不上有多满意，毕竟不是豪车，豪车又买不起，先凑合着开吧。,[不满意],[外观],外观是喜欢的，一直喜欢两厢车，这就是一辆加高底盘的两厢小车车。卡其灰的颜色也很喜欢，为了这个颜色，等了三个多月…,[内饰],内饰凑合，过得去，不至于被认为寒酸。味道有点大，不知道多久才能消。,[空间],前排没问题，后排不宽裕，两个人用车应该完全够用，有了小孩就够呛了。好在我现在只有一条狗，它的名字叫哒哒，它会晕车。,[舒适],舒适性一般吧，一分钱一分货，虽然比不上三十万以上的车，但是比二十万以内的车好。就像人生一样，永远比上不足比下有余…,[油耗],上下班太堵，还没跑高速，油耗目前11。就北京的情况而言，我认为油耗是下不去了，只增不减。,[动力],本人一向不开快车，车速从没超过120，所以对动力不在意，也没有什么感受。慢慢开，长命百岁。,[操控],操控是不错的。方向盘往左打，车就往左开；方向盘往右打，车就往右开。很神奇！,[性价比],该车谈不上什么性价比，如果不是整车进口身份，合资的话估计也就十六七万的最多了。买车不要讲究性价比，在能接受的价钱范围内挑自己第一眼看上喜欢的就好嘛。对比来对比去，你会忘记你的初心哦。,展开全部
"
    发表于  2019-09    

      
        
    
    
",后备箱空间有点小,https://image1.xcarimg.com/attachments/my/0/30/19/037_120.jpg,张大嘴cv,新手上路,4.88,外观,4,内饰,5,空间,5,舒适,5,油耗,5,动力,5,操控,5,性价比,5,购入信息,爱车车型,购入时间,2019/9/1,购车地点, [辽宁省],裸车价格,21.08万  (厂商指导价 22.18万),当前油耗,13L/100km,购入用途,上班,自驾游,爱车简评,内饰中庸，车机稍显廉价，能带carplay就好了。蓝牙听音乐就挺好的，不影响导航，很方便一个手机蓝牙连接解决主要使用功能。,爱车评价,[最满意],外观好看空间够用性价比高动力够用,[不满意],[外观],选的卡其灰色的非常喜欢,[内饰],塑料感有点强毕竟顶配了,[空间],我175cm的身高乘坐空间完全够用后排坐3个胖点的都不挤就是后备箱空间有点小,[舒适],乘坐非常舒适就是隔音效果不是很好,[油耗],刚买回来还在磨合期磨合期以后油耗还能掉点,[动力],提速很快超车很容易,[操控],四驱的车操控性很高,[性价比],基本上能用的东西都有了自己就是开车上下班偶尔出去玩玩完全够用了,
"
    发表于  2019-09    

      
        
    
    
",可能觉得后备箱的空间确实算不上大，但一家三口应该够用了。,https://image1.xcarimg.com/attachments/my/0/30/19/024_120.jpg,樱樱jln,新手上路,4.75,外观,5,内饰,5,空间,4,舒适,5,油耗,5,动力,4,操控,5,性价比,5,购入信息,爱车车型,购入时间,2019/8/1,购车地点, [江苏省],裸车价格,22.68万  (厂商指导价 22.18万),当前油耗,7L/100km,购入用途,上班,自驾游,爱车简评,中控台设计合理，操作方便，用料考究，无异味，只是做工的扎实性还需要提高。中控台面采用软搪塑,爱车评价,[最满意],驾驶感受超级棒！得益于合适的尺寸，极小的转向比，灵敏的方向盘，转向精准，再加上强大的ES功能，驾驶感受好到爆，无可挑剔。即使是在暴雨如注的高速路上，跑120码依旧稳稳当当，超车绝不拖泥带水，没有任何打滑现象，四轮驱动给驾驶者极大的安全信心。新车油耗满意，高速只跑了100公里，油耗立马下降到百公里6.7升，十足的惊喜。外观也是自己所喜欢的，大小适中，平常穿梭于城市道路之中，游刃有余的感觉，停车也方便。内饰个人感觉也足够精致了，该有的功能全都有，车内储物空间也比较丰富，足够用了。顶配版的大灯非常好，漂亮且实用。新车基本没什么味道，一点新车皮革味儿，一周左右就彻底不可闻了。220MM的离地间隙在同级别当中绝对屈指可数，期待哪天能够带自己去轻度越个野，哈哈。另外，这车的噪音我觉得也还行，绝对在可接受的范围内。,[不满意],[外观],外观个人感觉很满意，无论车头、车尾，侧身线条设计，感觉很符合自己的审美标准。车身大小尺寸也是自己所中意的。不喜欢太大的车。大灯和尾灯都挺漂亮，车子做工很好，车漆光亮，接缝匀称，没有什么不满意的地方。,[内饰],中控样式中规中矩，特别喜欢仪表盘及中控上方两块液晶仪表的设计，显示清晰，内容丰富，给驾驶者提供相当全面的行车帮助，值得称赞。车内软性材质用得比较多，没有异味，到现在也未出现什么异响。,[空间],通常一家三口乘坐，车内空间足够，储物空间也够，只是后备箱感觉稍微小了一些。,[舒适],座椅舒适性很好，车内噪音控制得也不错。空调给力。,[油耗],平常在城市拥堵状态下，油耗10.5，上高速跑到100公里，立马降到6.7，感觉油耗还是很低的，况且这还是新车磨合期内。,[动力],2.0的动力配上1477KG的车身质量，动力感觉还可以，加上CVT变速箱，开起来感觉很平顺，时速100公里以下提速没什么问题。跑高速120感觉也蛮好，没有感觉动力不足的现象。超车很干脆。,[操控],方向盘力度适中，完全没有虚位，转向非常清晰，指向精准。掉头、并线十分顺畅，驾驶感觉绝对让人感到酣畅淋漓，没有丝毫拖泥带水之感。高速入弯车身侧倾控制得很好，给人十足信心。暴雨天行驶，轮胎抓地力非常强，即便高速行驶也没有任何侧滑现象出现。,[性价比],性价比这东西见仁见智，我自己感觉这车值得。,展开全部
"
    发表于  2019-09    

      
        
    
    
",开着车也半个多月了，越开越爱开，驾驶的感受真是太棒了，但他有好多小细节人性化程度不好。1.没自动落锁。2.后视镜在车熄火状态下不能操作。3.后排窗户不能一键升降4.后排没出风口5.副驾驶没电动座椅这些东西都是小细节，所有车其实都有这样那样的不足，但有些东西我觉得需要去改善。,https://image1.xcarimg.com/attachments/my/0/30/19/021_120.jpg,cxblmpux24,新手上路,4.63,外观,5,内饰,5,空间,5,舒适,5,油耗,4,动力,5,操控,5,性价比,3,购入信息,爱车车型,购入时间,2019/8/1,购车地点, [天津市],裸车价格,23.48万  (厂商指导价 19.18万),当前油耗,10L/100km,购入用途,上班,自驾游,爱车简评,这个车就不谈性价比了吧？保养售后什么的都比合资同级别贵！千金难买我喜欢！,爱车评价,[最满意],尺寸是我最满意的，可能很多人很奇怪，这么小的车还满意，现在马路和小区停车太费劲了，以前的索八在小区里很不好停车，还经常被人挂蹭受伤，一直想换个个头适中的SUV。XV正好满足我的要求！,[不满意],[外观],我是顶配，大灯太酷了，晚上非常漂亮。远近光自适应，一开灯，灯光自动调整，好高科技感觉，拐弯时随动转向，视角比普通车好太多，好多车主都因为不是LED灯给差评了，我只想说，这车绝对得上顶配。（当然好多朋友是因为顶配订车时间太长）,[内饰],可能和4008和WEY相比确实缺乏设计感，但对于我来说，我觉得够了，我自己挺喜欢，挺简单实用的。,[空间],我身高183，身材适中，上下左右都没问题，驾驶位调整好后，后排座也没问题，空间还是不错的，平时大多数时间就我和媳妇两个人座，足够了。,[舒适],稳。,[油耗],因为我公司在市中心写字楼，天天上班和打仗一样，为了少堵车几乎每天路都变，即使这样也天天堵，开始14个多，最近跑了几次远一点距离，降到10.7了，应该还会继续降。,[动力],很多人都说动力不足，其实对我足够了，高速最高不就让开120嘛，还能飞呀！动力平顺性：完全没顿挫，非常平顺，初段加速非常给力。横向对比：没顿挫，但不给油汽车滑行时没有AT的车滑动远，不给油速度一下就下来了，AT速度下来没这么快。刹车和油门力度，我感觉和我以前索八差距不大，第一次驾驶就适应了，我试过指南者，刹车太灵敏了，稍一踩就哐当停了。受不了。,[操控],太爽了，会让你上瘾，拐弯，直行，变道，都很爽。这款车不亏是从翼豹改过来的，以前开的车真的没体会到什么是“操控”，现在开XV才真体会到，不夸张的说以前一个类似高架桥匝道那种幅度的弯，开40，你就感觉车尾要甩出去感觉，现在60没感觉。好爽啊！底盘及悬架：我就说一点吧，以前轿车过减速带，肯定要减速，慢行，这车我试过不减速，当然也不是特别快，但肯定比开轿车时快，非常稳，我非常惊喜。,[性价比],这车纯进口，购置税加关税大家知道多少吗？7万。唉，还有车船税，油费里还有一半多的税，我已经不知道说什么了。注:车价和关税是一起的，不加这句有些朋友总会误会我说的话。期待的配置：开了一段时间了，开始的一些小缺点有些无所谓了。但是随车落锁还是挺希望加上的，虽然某宝也有，但不是原装总有点不放心。还有后排窗户一键升窗也很实用，这两个功能希望加上。,展开全部
"
    发表于  2019-09    

      
        
    
    
",后备箱稍小，因为有娃要带推车，宝宝的吃喝拉撒，再加上车内常备的一箱水就差不多满了，买之前就有心理准备了,https://image1.xcarimg.com/attachments/my/0/30/19/029_120.jpg,joeqimingdku,新手上路,4.5,外观,4,内饰,4,空间,4,舒适,4,油耗,5,动力,5,操控,5,性价比,5,购入信息,爱车车型,购入时间,2019/7/1,购车地点, [河南省],裸车价格,20.5万  (厂商指导价 22.18万),当前油耗,7L/100km,购入用途,上班,接送小孩,爱车简评,可能和4008和WEY相比确实缺乏设计感，但对于我来说，我觉得够了，我自己挺喜欢，挺简单实用的。,爱车评价,[最满意],操控，过弯非常有信心，老婆开车我放心了哈哈；油耗算是很低了，现在1800有效在7左右，长途快速和市区混合油耗，非常满意。,[不满意],[外观],买这车就不是冲着颜值去的，但整体接受度还是不错，可能我不太喜欢太风骚的吧，中规中矩挺好的,[内饰],内饰中庸，车机稍显廉价，能带carplay就好了。蓝牙听音乐就挺好的，不影响导航，很方便一个手机蓝牙连接解决主要使用功能。,[空间],家里人都不是很高一米七左右，内部空间很宽敞，内部储物空间也满意；后备箱稍显小，因为真的有很多东西要带哈哈,[舒适],市区内关窗噪音控制还可以，基本听不到本车噪音，跑高速胎噪偏高；座椅包裹性比较好比较舒服但是没有低配织物的软哈哈，更喜欢低配织物的座椅；空调自动分区还有强力模式可选，我用一般模式就够了，强力试了下出风量很大降温还是很快的；USB接口比较多不需要自己再买点烟器和USB接线了。,[油耗],现在1800平均油耗7.，首保之后会不会更低呢哈哈，期望后面能跑出更低油耗,[动力],前八十加速很快啊，再往上也可以但不像前八十来的那么快，本人本着对家人负责的态度不激烈驾驶不超速驾驶，规规矩矩开车，车满载跑120稳稳的，转速也不高2000~2500。,[操控],一个字形容：贼。过弯或者走个烂路瞅准了就上没问题的，跑过山路，这车用来转山真的不错没有推头现象，指哪打哪，方向盘精准度非常高。,[性价比],性价比很好了，车是用来开的，坐上这车就有驾驶的欲望；除非真正越野其他路况都能应对，尤其对雪地泥地超越市面大多同类车型，冬天是才是小V展现自己的舞台。,展开全部
"
    发表于  2019-09    

      
        
    
    
",早买了两个月，没赶上关税下调。,https://image1.xcarimg.com/attachments/my/0/30/19/044_120.jpg,xsy2,新手上路,4.63,外观,4,内饰,4,空间,5,舒适,5,油耗,5,动力,4,操控,5,性价比,5,购入信息,爱车车型,购入时间,2018/10/1,购车地点, [河南省],裸车价格,19.2万  (厂商指导价 19.18万),当前油耗,7L/100km,购入用途,上班,购物,爱车简评,外观设计怎么看还是不辣么好看，偏小气，不过主要买给家里老婆大人用的，将就一下开吧。,爱车评价,[最满意],操控，驾驶感受，油耗，空调，初段动力很猛,[不满意],[外观],外观没老款粗狂，低配轮毂17寸没有中高配18寸的忍者镖亮眼，车身尺寸感觉刚刚好，属于耐看的类型，不懂logo的亲朋问我是啥车，我说长安北斗星，他们说得十万吧，我说差不多吧，也就那样,[内饰],低配织物座椅，没有彩色屏幕，没有多功能方向盘，没有eyesight，排挡杆没有包皮，而且还是卤素灯。导航基本上没用过，对于一个老司机都能忍受。,[空间],家长胖人不多，五口人乘坐没问题，因传动结构造成后排中间有微微隆起，最佳乘坐人数是四人,[舒适],悬架平路上偏舒适，但过不平路段确感觉到很干脆，,[油耗],表显油耗7.2和7.3之间，最低时候6.8。但一直加95号油，以前的307，1.6自动挡表显7.4，加92。,[动力],初段很快，油门很窜（但没有老款的xv窜），但是速度到100以上就不行了，不过这并不妨碍它的日常驾驶,,,[性价比],20万出头，低配，但是全系在发动机，四驱系统上是一致的，差价都是舒适性的配置，eyesight，真皮座椅，彩色大屏，轮胎尺寸，等等。这些对我来说没有必要。鸡肋配置：自动启停，一上车就关闭，很难控制，轻踩就触发，重踩再次启动，感觉很鸡肋很鸡肋。期待的配置：原厂导航，据说是到了国内之后阉割掉了，但是偏偏又有一个才carplay功能，却又不能用，据说自己很难匹配。标配配置：四驱系统，新调教过后的水平对置发动机，据说是钢带的cvt变速器,展开全部
"
    发表于  2019-09    

      
        
    
    
",隔音差，挂档声音重，刹车有格吱声音，感应雨刷感觉没用，还是我不会用呢,https://image1.xcarimg.com/attachments/my/0/30/19/019_120.jpg,wyy1122g2,新手上路,4.88,外观,5,内饰,5,空间,5,舒适,5,油耗,5,动力,5,操控,5,性价比,4,购入信息,爱车车型,购入时间,2019/7/1,购车地点, [浙江省],裸车价格,20.6万  (厂商指导价 23.18万),当前油耗,8L/100km,购入用途,上班,自驾游,爱车简评,比斯巴鲁其他的车系好太多，比森林人强的没天际了，跟其他品牌比就算了吧。中控台样式较新颖，用料考究，做工优良,爱车评价,[最满意],操控还有es系统，高配的led灯就是帅,[不满意],[外观],外观这东西，仁者见仁吧,[内饰],又不是豪华车品牌，内饰已经还好啦手感材质：能摸到的地方都还是软的，方向盘也是皮的，很喜欢丁字裤方向盘多媒体车机：感觉这东西有点落后了，只支持mp3格式，还有什么百度car只能连接线才有用,[空间],空间足够，就是后备箱小，不过我平常东西也少,[舒适],过减速带真的没啥感觉，挺好,[油耗],油耗在预料之中,[动力],动力够用，提速很顺畅,[操控],好就一个字，特别是转弯信心十足,[性价比],性价比其实不高,
"
    发表于  2019-07    

      
        
    
    
",新车内饰气味太大。,https://image1.xcarimg.com/attachments/my/0/31/14/562_120.jpg,vios-viosfr5,新手上路,4.38,外观,4,内饰,4,空间,4,舒适,4,油耗,5,动力,4,操控,5,性价比,5,购入信息,爱车车型,购入时间,2019/7/1,购车地点, [江苏省],裸车价格,19.18万  (厂商指导价 21.18万),当前油耗,9L/100km,购入用途,上班,自驾游,爱车简评,真的赞！紧凑型车里，无论suv，跨界，还是轿车，xv的操控感都是独树一帜的,爱车评价,[最满意],驾控品质感,[不满意],[外观],虽然设计线条更犀利，但是个人觉得整体不如上一代好看,[内饰],虽然和同价位其他车比起来并不出众，但是和斯巴鲁自己比，已经好很多了。,[空间],我180，前后排都比较舒适，不拘谨，也不宽敞,[舒适],减震有些偏硬，不过也还好。有一点值得称赞，就是sgp底盘包容性真的很好，有一次回老家，有一个很高的水泥减速带，距离远时没看到，近了速度已经降不下来了，最后车子只是大幅度的晃了两下就过去了，并没有发出预想中“duang”的响声，车子刚性很好,[油耗],我基本上都在城市道路驾驶，目前8.8，还不错的。,[动力],够用，稍稍有点偏弱，不过属于2.0自吸正常水平,,,[性价比],性价比这东西还得看个人，很多人认为这个车和同价位车比个头较小空间也较小，性价比就很低。我认为同价位拥有独一份的机械能力和驾控感受，加上进口的品质，性价比就很高。主要看个人需求。,
"
    发表于  2019-07    

      
        
    
    
",新车内饰气味太大。,https://image1.xcarimg.com/attachments/my/0/30/77/876_120.jpg,sunrxgp0,新手上路,4.38,外观,4,内饰,4,空间,4,舒适,4,油耗,5,动力,4,操控,5,性价比,5,购入信息,爱车车型,购入时间,2019/7/1,购车地点, [江苏省],裸车价格,19.18万  (厂商指导价 20.18万),当前油耗,9L/100km,购入用途,上班,自驾游,爱车简评,真的赞！紧凑型车里，无论suv，跨界，还是轿车，xv的操控感都是独树一帜的,爱车评价,[最满意],驾控品质感,[不满意],[外观],虽然设计线条更犀利，但是个人觉得整体不如上一代好看,[内饰],虽然和同价位其他车比起来并不出众，但是和斯巴鲁自己比，已经好很多了。,[空间],我180，前后排都比较舒适，不拘谨，也不宽敞,[舒适],减震有些偏硬，不过也还好。有一点值得称赞，就是sgp底盘包容性真的很好，有一次回老家，有一个很高的水泥减速带，距离远时没看到，近了速度已经降不下来了，最后车子只是大幅度的晃了两下就过去了，并没有发出预想中“duang”的响声，车子刚性很好,[油耗],我基本上都在城市道路驾驶，目前8.8，还不错的。,[动力],够用，稍稍有点偏弱，不过属于2.0自吸正常水平,[操控],真的赞！紧凑型车里，无论suv，跨界，还是轿车，xv的操控感都是独树一帜的,[性价比],性价比这东西还得看个人，很多人认为这个车和同价位车比个头较小空间也较小，性价比就很低。我认为同价位拥有独一份的机械能力和驾控感受，加上进口的品质，性价比就很高。主要看个人需求。,
"
    发表于  2019-07    

      
        
    
    
",冷启动抖得厉害，在大部分车子都不怎么需要热车的年代，水平对置发动机一定要热车有点坑。。。胎噪算是比较明显吧，没什么加速感，速度经常不小心就踩到90～100，新车磨合期油耗有点过了，可能也和自己没有熟悉有关,https://image1.xcarimg.com/attachments/my/0/31/15/051_120.jpg,dongyd99jnry,新手上路,4.5,外观,5,内饰,5,空间,5,舒适,4,油耗,2,动力,5,操控,5,性价比,5,购入信息,爱车车型,购入时间,2019/6/1,购车地点, [安徽省],裸车价格,22.18万  (厂商指导价 23.18万),当前油耗,10L/100km,购入用途,接送小孩,自驾游,爱车简评,外观嘛，见仁见智了，我肯定是因为喜欢才买的了，但是我现在身边的人问下来好像反响平平...做工还是很不错的，日本制造的工艺水平还是有保证，每一处都是严丝合缝的。,爱车评价,[最满意],1.动力绝对够用，只要舍得踩油门。2.后排空间其实挺大的，就是后备箱一家三口出门也是够用的。,[不满意],[外观],外观其实没有太大的亮点，而且客观的说整体算不上多好看，但是算是耐看的类型吧。主要是离地间隙高，给我的感觉很加分，让整个车看起来很精悍，加上不长的车身，看起来很高的后悬架，整个车还是营造出了俯冲的姿态，就是内部坐姿其实还是偏低的轿车视野,[内饰],前排的颜色搭配很喜欢，后排只能说还过得去,[空间],乘坐空间家庭成员都不是特别高，这辆车完全够用，后备箱的话因为家里还有别的车子，这个够用就好，也不需要特别能装，不过客观的来说，后备箱一般还是够用的，比三菱的奕歌大的多,[舒适],扣一星主要还是空调，制冷只能说差强人意，而且自动启停以后纯电模式空调会变得更弱一些，后排中央扶手箱虽然没有出风口，但是主副驾驶座位下边还是有两个直吹后排的出风口的，只是作用不大的样子，饱受诟病的后排USB其实没那么不堪，扶手箱里边有2个USB1个点烟器，都留有走线的位置,[油耗],新车机械在磨合，我和车子也在磨合。。脚可能有点重了，第一箱油跑的15L百公里，慢慢观察吧。油耗更新一下，第二箱油就进10升了，第三箱大概在9升左右，这个车速度上去保持速度以后的油耗还是挺低的，市区平均速度基本在23km/h的样子,[动力],动力目前还没跑长途也没去郊外试试越野能力不好说什么，但是市里代步动力算是随叫随到吧，深踩踏板转速很快的就能降档拉高到3000+，超个车还是很轻松的。至于说启停这方面，发动机重新介入的时候是有一点闯，但是能接受,[操控],操控因为也没开过传说中的小钢炮，之前家里不是轿车就是五菱，所以没太大感受。不过50.60km过大弯感觉也是挺稳的，没有太大的侧倾,[性价比],性价比。。好像没怎么考虑，买这个车也是一时冲动，没有让自己冷静下来，总的来说如果冷静下来了，又考虑服务家庭可能最后买的会是CRV混动顶配，但是买车就是买个自己喜欢，坐上去就想开走的车子，管它什么性价比，买就是了！,展开全部
"
    发表于  2019-07    

      
        
    
    
",冷启动抖得厉害，在大部分车子都不怎么需要热车的年代，水平对置发动机一定要热车有点坑。。。胎噪算是比较明显吧，没什么加速感，速度经常不小心就踩到90～100，新车磨合期油耗有点过了，可能也和自己没有熟悉有关,https://image1.xcarimg.com/attachments/my/0/30/19/038_120.jpg,EMEI8020mu,新手上路,4.5,外观,5,内饰,5,空间,5,舒适,4,油耗,2,动力,5,操控,5,性价比,5,购入信息,爱车车型,购入时间,2019/6/1,购车地点, [江苏省],裸车价格,22.18万  (厂商指导价 23.18万),当前油耗,10L/100km,购入用途,接送小孩,自驾游,爱车简评,内饰就有点鸡贼了。前排座的车门就是软质包裹的，后排车门就换上了看起来一样但是其实是硬塑料的材质，简直是一目了然的贫穷啊,爱车评价,[最满意],1.动力绝对够用，只要舍得踩油门。2.后排空间其实挺大的，就是后备箱一家三口出门也是够用的。,[不满意],[外观],外观其实没有太大的亮点，而且客观的说整体算不上多好看，但是算是耐看的类型吧。主要是离地间隙高，给我的感觉很加分，让整个车看起来很精悍，加上不长的车身，看起来很高的后悬架，整个车还是营造出了俯冲的姿态，就是内部坐姿其实还是偏低的轿车视野,[内饰],前排的颜色搭配很喜欢，后排只能说还过得去,[空间],乘坐空间家庭成员都不是特别高，这辆车完全够用，后备箱的话因为家里还有别的车子，这个够用就好，也不需要特别能装，不过客观的来说，后备箱一般还是够用的，比三菱的奕歌大的多,[舒适],扣一星主要还是空调，制冷只能说差强人意，而且自动启停以后纯电模式空调会变得更弱一些，后排中央扶手箱虽然没有出风口，但是主副驾驶座位下边还是有两个直吹后排的出风口的，只是作用不大的样子，饱受诟病的后排USB其实没那么不堪，扶手箱里边有2个USB1个点烟器，都留有走线的位置,[油耗],新车机械在磨合，我和车子也在磨合。。脚可能有点重了，第一箱油跑的15L百公里，慢慢观察吧。油耗更新一下，第二箱油就进10升了，第三箱大概在9升左右，这个车速度上去保持速度以后的油耗还是挺低的，市区平均速度基本在23km/h的样子,[动力],动力目前还没跑长途也没去郊外试试越野能力不好说什么，但是市里代步动力算是随叫随到吧，深踩踏板转速很快的就能降档拉高到3000+，超个车还是很轻松的。至于说启停这方面，发动机重新介入的时候是有一点闯，但是能接受,[操控],操控因为也没开过传说中的小钢炮，之前家里不是轿车就是五菱，所以没太大感受。不过50.60km过大弯感觉也是挺稳的，没有太大的侧倾,[性价比],性价比。。好像没怎么考虑，买这个车也是一时冲动，没有让自己冷静下来，总的来说如果冷静下来了，又考虑服务家庭可能最后买的会是CRV混动顶配，但是买车就是买个自己喜欢，坐上去就想开走的车子，管它什么性价比，买就是了！,展开全部
"
    发表于  2019-07    

      
        
    
    
",冷启动抖得厉害，在大部分车子都不怎么需要热车的年代，水平对置发动机一定要热车有点坑。。。胎噪算是比较明显吧，没什么加速感，速度经常不小心就踩到90～100，新车磨合期油耗有点过了，可能也和自己没有熟悉有关,https://image1.xcarimg.com/attachments/my/0/31/05/840_120.jpg,sunny8721mnp,新手上路,4.5,外观,5,内饰,5,空间,5,舒适,4,油耗,2,动力,5,操控,5,性价比,5,购入信息,爱车车型,购入时间,2019/6/1,购车地点, [贵州省],裸车价格,22.18万  (厂商指导价 23.18万),当前油耗,10L/100km,购入用途,接送小孩,自驾游,爱车简评,总的来说如果冷静下来了，又考虑服务家庭可能最后买的会是CRV混动顶配，但是买车就是买个自己喜欢，坐上去就想开走的车子，管它什么性价比，买就是了！,爱车评价,[最满意],1.动力绝对够用，只要舍得踩油门。2.后排空间其实挺大的，就是后备箱一家三口出门也是够用的。,[不满意],[外观],外观其实没有太大的亮点，而且客观的说整体算不上多好看，但是算是耐看的类型吧。主要是离地间隙高，给我的感觉很加分，让整个车看起来很精悍，加上不长的车身，看起来很高的后悬架，整个车还是营造出了俯冲的姿态，就是内部坐姿其实还是偏低的轿车视野,[内饰],前排的颜色搭配很喜欢，后排只能说还过得去,[空间],乘坐空间家庭成员都不是特别高，这辆车完全够用，后备箱的话因为家里还有别的车子，这个够用就好，也不需要特别能装，不过客观的来说，后备箱一般还是够用的，比三菱的奕歌大的多,[舒适],扣一星主要还是空调，制冷只能说差强人意，而且自动启停以后纯电模式空调会变得更弱一些，后排中央扶手箱虽然没有出风口，但是主副驾驶座位下边还是有两个直吹后排的出风口的，只是作用不大的样子，饱受诟病的后排USB其实没那么不堪，扶手箱里边有2个USB1个点烟器，都留有走线的位置,[油耗],新车机械在磨合，我和车子也在磨合。。脚可能有点重了，第一箱油跑的15L百公里，慢慢观察吧。油耗更新一下，第二箱油就进10升了，第三箱大概在9升左右，这个车速度上去保持速度以后的油耗还是挺低的，市区平均速度基本在23km/h的样子,[动力],动力目前还没跑长途也没去郊外试试越野能力不好说什么，但是市里代步动力算是随叫随到吧，深踩踏板转速很快的就能降档拉高到3000+，超个车还是很轻松的。至于说启停这方面，发动机重新介入的时候是有一点闯，但是能接受,[操控],操控因为也没开过传说中的小钢炮，之前家里不是轿车就是五菱，所以没太大感受。不过50.60km过大弯感觉也是挺稳的，没有太大的侧倾,[性价比],性价比。。好像没怎么考虑，买这个车也是一时冲动，没有让自己冷静下来，总的来说如果冷静下来了，又考虑服务家庭可能最后买的会是CRV混动顶配，但是买车就是买个自己喜欢，坐上去就想开走的车子，管它什么性价比，买就是了！,展开全部
"
    发表于  2019-06    

      
        
    
    
",离地间隙太高了，影响颜值，20多万、没有后排出风口，真的是&，什么叫豪华车的价格，国产车，算了，已经被国产车的配置甩太远了！,https://image1.xcarimg.com/attachments/my/0/31/14/972_120.jpg,jet6k3,新手上路,4.63,外观,5,内饰,4,空间,5,舒适,5,油耗,4,动力,5,操控,5,性价比,4,购入信息,爱车车型,购入时间,2019/5/1,购车地点, [浙江省],裸车价格,21.18万  (厂商指导价 21.18万),当前油耗,8L/100km,购入用途,上班,购物,爱车简评,2.0的小车子，但是开起来很舒服，动力初段给力，高速只有以后有机会试了，目前还没体验到发动机看着很霸气,爱车评价,[最满意],操控，颜值，安全，满意的地道其实挺多的，,[不满意],[外观],小巧，紧致，是我的菜改灯改灯反正是套安全系统，功能还不少，看过网上评论，效果相当可以，,[内饰],就那样吧，说好听的，叫专注驾驶，说不好听的，你们好意思卖20多万？那个中控也是没谁了吐槽，我都嫌浪费口水都这个还可以，手感不错，功能也方便,[空间],空间还不错，驾驶位副驾驶很舒服，后排也体验了，感觉OK，中规中矩！后排放倒床没问题当前排，内饰看着可以，打开触控屏，那个回忆杀，让我想起我的纽曼mp4后排中规中矩，再次吐槽没有出风口,[舒适],没坐过好车，体验感觉还OK,[油耗],油耗听说改成，毕竟1.5吨的车，看试驾车当时是9个油的样子，相信日常三环，平均8个应该问题不大,,,[操控],操控没的说，斯巴鲁的sgp平台，之前开朋友的没有现在的紧致！四驱而且左右对称，小众品牌存在的理由，绝对不是随便瞎搞的，确实很赞有机会把高度降下来，一定比轿车还爽,[性价比],整体来看，优缺点明显，当过司机很多年，所以缺点部分可以接受，优点太明显了，喜欢初段的顺滑，跟脚的动力，响应性完美！底盘紧致，像开轿车！过弯信心十足，还是喜欢，就是不知道家里会不会支持改装，毕竟大部分时间兼顾家用！汽车尾部，精炼后视镜，带侧方位监测，话说A柱真心没谁了，视线太好了点！而且听说斯巴鲁a柱变态的结实，网上有类似车祸,展开全部
"
    发表于  2019-06    

      
        
    
    
",离地间隙太高了，影响颜值，20多万、没有后排出风口，真的是&，什么叫豪华车的价格，国产车，算了，已经被国产车的配置甩太远了！,https://image1.xcarimg.com/attachments/my/0/30/18/664_120.jpg,raymoerx,新手上路,4.63,外观,5,内饰,4,空间,5,舒适,5,油耗,4,动力,5,操控,5,性价比,4,购入信息,爱车车型,购入时间,2019/5/1,购车地点, [北京市],裸车价格,21.18万  (厂商指导价 21.18万),当前油耗,9L/100km,购入用途,上班,购物,爱车简评,外观有特色，内饰做工总料厚道，配置也不错，挺适合我的，个人觉得性价比很不错。,爱车评价,[最满意],操控，颜值，安全，满意的地道其实挺多的，,[不满意],[外观],小巧，紧致，是我的菜改灯改灯反正是套安全系统，功能还不少，看过网上评论，效果相当可以，,[内饰],就那样吧，说好听的，叫专注驾驶，说不好听的，你们好意思卖20多万？那个中控也是没谁了吐槽，我都嫌浪费口水都这个还可以，手感不错，功能也方便,[空间],空间还不错，驾驶位副驾驶很舒服，后排也体验了，感觉OK，中规中矩！后排放倒床没问题当前排，内饰看着可以，打开触控屏，那个回忆杀，让我想起我的纽曼mp4后排中规中矩，再次吐槽没有出风口,[舒适],没坐过好车，体验感觉还OK,[油耗],油耗听说改成，毕竟1.5吨的车，看试驾车当时是9个油的样子，相信日常三环，平均8个应该问题不大,[动力],2.0的小车子，但是开起来很舒服，动力初段给力，高速只有以后有机会试了，目前还没体验到发动机看着很霸气,[操控],操控没的说，斯巴鲁的sgp平台，之前开朋友的没有现在的紧致！四驱而且左右对称，小众品牌存在的理由，绝对不是随便瞎搞的，确实很赞有机会把高度降下来，一定比轿车还爽,[性价比],整体来看，优缺点明显，当过司机很多年，所以缺点部分可以接受，优点太明显了，喜欢初段的顺滑，跟脚的动力，响应性完美！底盘紧致，像开轿车！过弯信心十足，还是喜欢，就是不知道家里会不会支持改装，毕竟大部分时间兼顾家用！汽车尾部，精炼后视镜，带侧方位监测，话说A柱真心没谁了，视线太好了点！而且听说斯巴鲁a柱变态的结实，网上有类似车祸,展开全部
"
    发表于  2019-06    

      
        
    
    
",离地间隙太高了，影响颜值，20多万、没有后排出风口，真的是&，什么叫豪华车的价格，国产车，算了，已经被国产车的配置甩太远了！,https://image1.xcarimg.com/attachments/my/0/30/19/050_120.jpg,sztonywux5,新手上路,4.63,外观,5,内饰,4,空间,5,舒适,5,油耗,4,动力,5,操控,5,性价比,4,购入信息,爱车车型,购入时间,2019/5/1,购车地点, [北京市],裸车价格,21.18万  (厂商指导价 21.18万),当前油耗,9L/100km,购入用途,上班,购物,爱车简评,2.0的小车子，但是开起来很舒服，动力初段给力，高速只有以后有机会试了，目前还没体验到发动机看着很霸气,爱车评价,[最满意],操控，颜值，安全，满意的地道其实挺多的，,[不满意],[外观],小巧，紧致，是我的菜改灯改灯反正是套安全系统，功能还不少，看过网上评论，效果相当可以，,[内饰],就那样吧，说好听的，叫专注驾驶，说不好听的，你们好意思卖20多万？那个中控也是没谁了吐槽，我都嫌浪费口水都这个还可以，手感不错，功能也方便,[空间],空间还不错，驾驶位副驾驶很舒服，后排也体验了，感觉OK，中规中矩！后排放倒床没问题当前排，内饰看着可以，打开触控屏，那个回忆杀，让我想起我的纽曼mp4后排中规中矩，再次吐槽没有出风口,[舒适],没坐过好车，体验感觉还OK,[油耗],油耗听说改成，毕竟1.5吨的车，看试驾车当时是9个油的样子，相信日常三环，平均8个应该问题不大,[动力],2.0的小车子，但是开起来很舒服，动力初段给力，高速只有以后有机会试了，目前还没体验到发动机看着很霸气,[操控],操控没的说，斯巴鲁的sgp平台，之前开朋友的没有现在的紧致！四驱而且左右对称，小众品牌存在的理由，绝对不是随便瞎搞的，确实很赞有机会把高度降下来，一定比轿车还爽,[性价比],整体来看，优缺点明显，当过司机很多年，所以缺点部分可以接受，优点太明显了，喜欢初段的顺滑，跟脚的动力，响应性完美！底盘紧致，像开轿车！过弯信心十足，还是喜欢，就是不知道家里会不会支持改装，毕竟大部分时间兼顾家用！汽车尾部，精炼后视镜，带侧方位监测，话说A柱真心没谁了，视线太好了点！而且听说斯巴鲁a柱变态的结实，网上有类似车祸,展开全部
"
    发表于  2019-06    

      
        
    
    
",车机只支持carlife不支持carplay，没有外露的排气，后期维保比同价位的合资车型贵。,https://image1.xcarimg.com/attachments/my/0/29/80/102_120.jpg,mysworddhjqu,新手上路,4.75,外观,5,内饰,4,空间,5,舒适,4,油耗,5,动力,5,操控,5,性价比,5,购入信息,爱车车型,购入时间,2019/5/1,购车地点, [辽宁省],裸车价格,17.98万  (厂商指导价 19.18万),当前油耗,8L/100km,购入用途,上班,购物,爱车简评,乘坐空间对于一米七身高的人是足够用了，后备箱地台比较高，装载能力介于两厢车和紧凑SUV之间吧。,爱车评价,[最满意],个性、情怀、品质，左右对称全时四驱、水平对置引擎带来超强的操控性，以及弯道能力和拉力路面的耐力。,[不满意],[外观],外观个人很喜欢，尾部如果能设计出双边单出的尾喉就好了。车灯设计：卤素大灯可以接受，但是日行灯是雾灯就有些接受不了。钣金车漆：车漆是金属漆，阳光下挺好看，漆薄应该日本车的通病吧。车身及车轮：225?60?R17的轮胎，看起来也挺大的，以后更换轮胎也能省不少钱，轮毂设计挺运动、很显大的。,[内饰],内饰中规中矩，用料一般，但是做工水平还是比较高的，买斯巴鲁一般不是冲着内饰豪华去的。异味异响：可能是织物座椅的原因，新车的异味可以接受，只要开一点窗户不影响开车。多媒体：不支持carplay，车机反应挺慢，这个不满意。,[空间],乘坐空间对于一米七身高的人是足够用了，后备箱地台比较高，装载能力介于两厢车和紧凑SUV之间吧。,[舒适],座椅软硬度舒适，隔音效果挺好，因为是低配少了像座椅加热、自动空调这种非常实用的配置。车内噪音：噪音给了我惊喜，我感觉和雅阁差不多，我觉得归功于这个发动机，市内加速都在2000转以下，60匀速转速只有1100转。胎噪也不大。空调：没有后排出风口这个不应该，风量和制冷都很好，噪音也不大。悬架减震舒适性：悬挂软硬适中，支撑性挺强，轮胎是60的，所以过一些不好的路面还是比较舒适的。,[油耗],油耗符合预期。,[动力],目前处于磨合期不敢激烈驾驶，起步油门很窜，0-60起步像轻混动车感觉（发动机噪音这是也小，没有其他cvt变速箱那种光吼不走的现象），过了60油门明显加大才能加速畅快一些，在城市、环路里开特别轻快。,[操控],对于离地间隙220毫米的SUV来说，操控性无可挑剔了。,[性价比],我觉得性价比高，这个价位我觉得对于喜欢操控、个性，对机械品质注重的车来说，XV根本没有对手了。对于后期成本稍高、保值率低这些缺点，也是可以接受的。购车：因为我们这边优惠很小，所以在鞍山买的车，给了1.2万的优惠，落地20多点，整个购车过程也很开心，服务也好。,展开全部
"
    发表于  2019-06    

      
        
    
    
",车机只支持carlife不支持carplay，没有外露的排气，后期维保比同价位的合资车型贵。,https://image1.xcarimg.com/attachments/my/0/30/19/053_120.jpg,huanglmco8,新手上路,4.75,外观,5,内饰,4,空间,5,舒适,4,油耗,5,动力,5,操控,5,性价比,5,购入信息,爱车车型,购入时间,2019/5/1,购车地点, [辽宁省],裸车价格,17.98万  (厂商指导价 19.18万),当前油耗,8L/100km,购入用途,上班,购物,爱车简评,不吹不黑，斯巴鲁的全时四驱车比绝大多数同排量的两驱轿车油耗都要低,爱车评价,[最满意],个性、情怀、品质，左右对称全时四驱、水平对置引擎带来超强的操控性，以及弯道能力和拉力路面的耐力。,[不满意],[外观],外观个人很喜欢，尾部如果能设计出双边单出的尾喉就好了。车灯设计：卤素大灯可以接受，但是日行灯是雾灯就有些接受不了。钣金车漆：车漆是金属漆，阳光下挺好看，漆薄应该日本车的通病吧。车身及车轮：225?60?R17的轮胎，看起来也挺大的，以后更换轮胎也能省不少钱，轮毂设计挺运动、很显大的。,[内饰],内饰中规中矩，用料一般，但是做工水平还是比较高的，买斯巴鲁一般不是冲着内饰豪华去的。异味异响：可能是织物座椅的原因，新车的异味可以接受，只要开一点窗户不影响开车。多媒体：不支持carplay，车机反应挺慢，这个不满意。,[空间],乘坐空间对于一米七身高的人是足够用了，后备箱地台比较高，装载能力介于两厢车和紧凑SUV之间吧。,[舒适],座椅软硬度舒适，隔音效果挺好，因为是低配少了像座椅加热、自动空调这种非常实用的配置。车内噪音：噪音给了我惊喜，我感觉和雅阁差不多，我觉得归功于这个发动机，市内加速都在2000转以下，60匀速转速只有1100转。胎噪也不大。空调：没有后排出风口这个不应该，风量和制冷都很好，噪音也不大。悬架减震舒适性：悬挂软硬适中，支撑性挺强，轮胎是60的，所以过一些不好的路面还是比较舒适的。,[油耗],油耗符合预期。,[动力],目前处于磨合期不敢激烈驾驶，起步油门很窜，0-60起步像轻混动车感觉（发动机噪音这是也小，没有其他cvt变速箱那种光吼不走的现象），过了60油门明显加大才能加速畅快一些，在城市、环路里开特别轻快。,[操控],对于离地间隙220毫米的SUV来说，操控性无可挑剔了。,[性价比],我觉得性价比高，这个价位我觉得对于喜欢操控、个性，对机械品质注重的车来说，XV根本没有对手了。对于后期成本稍高、保值率低这些缺点，也是可以接受的。购车：因为我们这边优惠很小，所以在鞍山买的车，给了1.2万的优惠，落地20多点，整个购车过程也很开心，服务也好。,展开全部
"
    发表于  2019-05    

      
        
    
    
",冷启动噪音大、持续5分钟。,https://image1.xcarimg.com/attachments/my/0/30/19/042_120.jpg,lktcbydnq7,新手上路,4.25,外观,5,内饰,4,空间,4,舒适,4,油耗,4,动力,4,操控,5,性价比,4,购入信息,爱车车型,购入时间,2018/11/1,购车地点, [湖北省],裸车价格,22万  (厂商指导价 22.18万),当前油耗,7L/100km,购入用途,上班,自驾游,爱车简评,对于一款全进口四驱混动的车型来说价格合理4s店的服务态度好销售顾问也很专业。商家送的360车载影像系统很不错关键时候能派上用场，总之选择了斯巴鲁目前我很满意。,爱车评价,[最满意],"跑起来平稳、自如！自适应巡航放心,长途驾驶强度减轻70%！实用配置到位、无用配置不多、安全配置齐全。",[不满意],[外观],接缝均匀、整体造型动感流畅、夫人喜欢,[内饰],是我喜欢的那种，简洁实用,[空间],乘坐空间：本人1.70，空间充分够用，停车好定位。后备箱自用车基本够用。,[舒适],座椅偏硬、高速120km噪音不影响正常谈话和听音乐，舒适性一般,[油耗],高速最低5.9、市区平均7，不如量田混动车型省油,[动力],本人处事稳当，开车不急不躁，加速平稳、动力够用，油电切换自如平稳,[操控],行驶平稳、转向准确、过弯优于主流suv车型，男女适合,[性价比],价位偏高，或许是关税所致。,
"
    发表于  2019-05    

      
        
    
    
",冷启动噪音大、持续5分钟。,https://image1.xcarimg.com/attachments/my/0/31/07/312_120.jpg,i3n3tenetagk,新手上路,4.25,外观,5,内饰,4,空间,4,舒适,4,油耗,4,动力,4,操控,5,性价比,4,购入信息,爱车车型,购入时间,2018/11/1,购车地点, [浙江省],裸车价格,22万  (厂商指导价 22.18万),当前油耗,7L/100km,购入用途,上班,自驾游,爱车简评,本人处事稳当，开车不急不躁，加速平稳、动力够用，油电切换自如平稳,爱车评价,[最满意],"跑起来平稳、自如！自适应巡航放心,长途驾驶强度减轻70%！实用配置到位、无用配置不多、安全配置齐全。",[不满意],[外观],接缝均匀、整体造型动感流畅、夫人喜欢,[内饰],是我喜欢的那种，简洁实用,[空间],乘坐空间：本人1.70，空间充分够用，停车好定位。后备箱自用车基本够用。,[舒适],座椅偏硬、高速120km噪音不影响正常谈话和听音乐，舒适性一般,[油耗],高速最低5.9、市区平均7，不如量田混动车型省油,,,[操控],行驶平稳、转向准确、过弯优于主流suv车型，男女适合,[性价比],价位偏高，或许是关税所致。,
"
    发表于  2019-05    

      
        
    
    
",暂时还没有,https://image1.xcarimg.com/attachments/my/1/76/19/777_120.jpg,xuser1771977,支柱会员,5,外观,5,内饰,5,空间,5,舒适,5,油耗,5,动力,5,操控,5,性价比,5,购入信息,爱车车型,购入时间,2019/2/1,购车地点, [北京市],裸车价格,20万  (厂商指导价 23.18万),当前油耗,8L/100km,购入用途,上班,购物,爱车简评,开起来爽！动力强，底盘稳，居家旅行全无问题，而且很酷！出去自驾游一次，跑山路太轻松,爱车评价,[最满意],很稳,[不满意],[外观],很帅的,[内饰],能接受,[空间],刚好够用,[舒适],那太舒服了,[油耗],8,[动力],非常强劲,[操控],稳如牛,[性价比],纯进口，信价比贼高,
"
    发表于  2019-05    

      
        
    
    
",备胎能给个全尺寸的吗？,https://image1.xcarimg.com/attachments/my/0/29/79/994_120.jpg,wjsggacgx7,新手上路,4.75,外观,5,内饰,5,空间,4,舒适,4,油耗,5,动力,5,操控,5,性价比,5,购入信息,爱车车型,购入时间,2019/4/1,购车地点, [河南省],裸车价格,20.18万  (厂商指导价 20.18万),当前油耗,9L/100km,购入用途,上班,自驾游,爱车简评,噪音控制还可以，减震还行，座椅偏硬，头枕很硬，性价比不算高，因为是进口车,爱车评价,[最满意],开了一个多月越来越喜欢，无时不在的四驱给与的操控信心，空间不大不小，只要你舍得去踩油门动力可以满足日常需要，适度的越野能力，可跑各种烂路，在戈壁滩上可以放心的浪，沙漠里只要不冲沙山完全不用担心，需要重点说的是斯巴鲁的这个eyesight系统很可靠，其中感受一个字：值！,[不满意],[外观],做工没的说，细节处理得很好，卤素灯被很多人吐槽，我挺喜欢的哈哈,[内饰],以前看过老森林人的内饰，真丑，但这个19款的XV内饰很好啊，简洁大方，细节很好，主流水准偏上；新车有异味，一周左右才散完,[空间],空间不大但也不小，没CRV那么大，这个价位的SUV里空间中等偏上水平，这个具体要你自己坐进车里去感受后备厢容积：后备箱比我想象的要大，之前看过几款SUV的后备箱都挺失望，XV挺意外的，经常跑长途后备箱基本是一个24寸旅行箱、两个摄影包、一箱水、一双鞋，还能塞点其他的东西，在犹豫要不要买个车顶行李箱，这样以后出去自驾游，可以解放后备箱弄个充气垫当床乘坐空间：轴距在那摆呢，比rav4大，没crv的大，座椅比较舒服，包裹性挺好急转弯不会把人甩偏了车内储物能力：储物空间挺多的，设计也很人性化，天窗可以弄成选装件吗？,[舒适],座椅舒服皮质不错，副驾驶没有电动调节哈哈哈哈；噪音控制一般，但也不想有些人说的车速超过120车内聊天就得喊了，这个价位的SUV里噪音控制最好的是啥车说来我去感受一下？避震比较硬，过减速带咣咣硬砸的感觉，但转弯侧倾很小，跑烂路的时候滤震挺好；空调制冷很快,[油耗],不吹不黑，斯巴鲁的全时四驱车比绝大多数同排量的两驱轿车油耗都要低,[动力],油门响应很迅速，加速平顺，2.0的排量里表现很优秀，缺点冷车启动的时候声音太大了啊啊啊特殊路况行驶动力：戈壁上、沙漠里、山区土路这些都跑过了，动力足够，冰雪路面等冬天吧日常加速动力：油门在自己脚下，想快就快，想慢就慢，2.0排量日常行驶绰绰有余,[操控],稳，急转弯侧倾很小，高速在山区转弯什么的很扎实不会出现转向不足之类的；四驱的X-MODE模式一直还没用过，去沙漠里轮胎没放气没敢上沙山，但在平缓的沙漠里四驱很稳，快速绕圈没甩尾的感觉；eyesight系统很可靠，现在但凡是个SUV都会宣讲自己有某某驾驶辅助功能，但车前经过行人能刹住的有几个？目前XV帮我刹过好几次了,[性价比],我很满意，很多测评里所说的后期保养高、维修价格高等等，看了一下4S店内的价格，至少保养这块详细算一下材料价格真不高，不吹不黑。维修价高？希望全进口的车质量会好一些，不怎么维修吧,展开全部
"
    发表于  2019-05    

      
        
    
    
",备胎能给个全尺寸的吗？,https://image1.xcarimg.com/attachments/my/0/30/19/049_120.jpg,hahayouo,新手上路,4.75,外观,5,内饰,5,空间,4,舒适,4,油耗,5,动力,5,操控,5,性价比,5,购入信息,爱车车型,购入时间,2019/4/1,购车地点, [新疆省],裸车价格,20.18万  (厂商指导价 20.18万),当前油耗,9L/100km,购入用途,上班,自驾游,爱车简评,真的赞！紧凑型车里，无论suv，跨界，还是轿车，xv的操控感都是独树一帜的,爱车评价,[最满意],开了一个多月越来越喜欢，无时不在的四驱给与的操控信心，空间不大不小，只要你舍得去踩油门动力可以满足日常需要，适度的越野能力，可跑各种烂路，在戈壁滩上可以放心的浪，沙漠里只要不冲沙山完全不用担心，需要重点说的是斯巴鲁的这个eyesight系统很可靠，其中感受一个字：值！,[不满意],[外观],做工没的说，细节处理得很好，卤素灯被很多人吐槽，我挺喜欢的哈哈,[内饰],以前看过老森林人的内饰，真丑，但这个19款的XV内饰很好啊，简洁大方，细节很好，主流水准偏上；新车有异味，一周左右才散完,[空间],空间不大但也不小，没CRV那么大，这个价位的SUV里空间中等偏上水平，这个具体要你自己坐进车里去感受后备厢容积：后备箱比我想象的要大，之前看过几款SUV的后备箱都挺失望，XV挺意外的，经常跑长途后备箱基本是一个24寸旅行箱、两个摄影包、一箱水、一双鞋，还能塞点其他的东西，在犹豫要不要买个车顶行李箱，这样以后出去自驾游，可以解放后备箱弄个充气垫当床乘坐空间：轴距在那摆呢，比rav4大，没crv的大，座椅比较舒服，包裹性挺好急转弯不会把人甩偏了车内储物能力：储物空间挺多的，设计也很人性化，天窗可以弄成选装件吗？,[舒适],座椅舒服皮质不错，副驾驶没有电动调节哈哈哈哈；噪音控制一般，但也不想有些人说的车速超过120车内聊天就得喊了，这个价位的SUV里噪音控制最好的是啥车说来我去感受一下？避震比较硬，过减速带咣咣硬砸的感觉，但转弯侧倾很小，跑烂路的时候滤震挺好；空调制冷很快,[油耗],不吹不黑，斯巴鲁的全时四驱车比绝大多数同排量的两驱轿车油耗都要低,[动力],油门响应很迅速，加速平顺，2.0的排量里表现很优秀，缺点冷车启动的时候声音太大了啊啊啊特殊路况行驶动力：戈壁上、沙漠里、山区土路这些都跑过了，动力足够，冰雪路面等冬天吧日常加速动力：油门在自己脚下，想快就快，想慢就慢，2.0排量日常行驶绰绰有余,[操控],稳，急转弯侧倾很小，高速在山区转弯什么的很扎实不会出现转向不足之类的；四驱的X-MODE模式一直还没用过，去沙漠里轮胎没放气没敢上沙山，但在平缓的沙漠里四驱很稳，快速绕圈没甩尾的感觉；eyesight系统很可靠，现在但凡是个SUV都会宣讲自己有某某驾驶辅助功能，但车前经过行人能刹住的有几个？目前XV帮我刹过好几次了,[性价比],我很满意，很多测评里所说的后期保养高、维修价格高等等，看了一下4S店内的价格，至少保养这块详细算一下材料价格真不高，不吹不黑。维修价高？希望全进口的车质量会好一些，不怎么维修吧,展开全部
"
    发表于  2019-05    

      
        
    
    
",备胎能给个全尺寸的吗？,https://image1.xcarimg.com/attachments/my/0/31/14/561_120.jpg,simonsun001e,新手上路,4.75,外观,5,内饰,5,空间,4,舒适,4,油耗,5,动力,5,操控,5,性价比,5,购入信息,爱车车型,购入时间,2019/4/1,购车地点, [新疆省],裸车价格,20.18万  (厂商指导价 20.18万),当前油耗,9L/100km,购入用途,上班,自驾游,爱车简评,不吹不黑，斯巴鲁的全时四驱车比绝大多数同排量的两驱轿车油耗都要低,爱车评价,[最满意],开了一个多月越来越喜欢，无时不在的四驱给与的操控信心，空间不大不小，只要你舍得去踩油门动力可以满足日常需要，适度的越野能力，可跑各种烂路，在戈壁滩上可以放心的浪，沙漠里只要不冲沙山完全不用担心，需要重点说的是斯巴鲁的这个eyesight系统很可靠，其中感受一个字：值！,[不满意],[外观],做工没的说，细节处理得很好，卤素灯被很多人吐槽，我挺喜欢的哈哈,[内饰],以前看过老森林人的内饰，真丑，但这个19款的XV内饰很好啊，简洁大方，细节很好，主流水准偏上；新车有异味，一周左右才散完,[空间],空间不大但也不小，没CRV那么大，这个价位的SUV里空间中等偏上水平，这个具体要你自己坐进车里去感受后备厢容积：后备箱比我想象的要大，之前看过几款SUV的后备箱都挺失望，XV挺意外的，经常跑长途后备箱基本是一个24寸旅行箱、两个摄影包、一箱水、一双鞋，还能塞点其他的东西，在犹豫要不要买个车顶行李箱，这样以后出去自驾游，可以解放后备箱弄个充气垫当床乘坐空间：轴距在那摆呢，比rav4大，没crv的大，座椅比较舒服，包裹性挺好急转弯不会把人甩偏了车内储物能力：储物空间挺多的，设计也很人性化，天窗可以弄成选装件吗？,[舒适],座椅舒服皮质不错，副驾驶没有电动调节哈哈哈哈；噪音控制一般，但也不想有些人说的车速超过120车内聊天就得喊了，这个价位的SUV里噪音控制最好的是啥车说来我去感受一下？避震比较硬，过减速带咣咣硬砸的感觉，但转弯侧倾很小，跑烂路的时候滤震挺好；空调制冷很快,,,[动力],油门响应很迅速，加速平顺，2.0的排量里表现很优秀，缺点冷车启动的时候声音太大了啊啊啊特殊路况行驶动力：戈壁上、沙漠里、山区土路这些都跑过了，动力足够，冰雪路面等冬天吧日常加速动力：油门在自己脚下，想快就快，想慢就慢，2.0排量日常行驶绰绰有余,[操控],稳，急转弯侧倾很小，高速在山区转弯什么的很扎实不会出现转向不足之类的；四驱的X-MODE模式一直还没用过，去沙漠里轮胎没放气没敢上沙山，但在平缓的沙漠里四驱很稳，快速绕圈没甩尾的感觉；eyesight系统很可靠，现在但凡是个SUV都会宣讲自己有某某驾驶辅助功能，但车前经过行人能刹住的有几个？目前XV帮我刹过好几次了,[性价比],我很满意，很多测评里所说的后期保养高、维修价格高等等，看了一下4S店内的价格，至少保养这块详细算一下材料价格真不高，不吹不黑。维修价高？希望全进口的车质量会好一些，不怎么维修吧,展开全部
"
    发表于  2019-05    

      
        
    
    
",新车异味很大，被熏得头痛啊,https://image1.xcarimg.com/attachments/my/0/29/79/996_120.jpg,ybj7,新手上路,4.13,外观,4,内饰,4,空间,4,舒适,4,油耗,5,动力,4,操控,4,性价比,4,购入信息,爱车车型,购入时间,2019/4/1,购车地点, [山东省],裸车价格,19.6万  (厂商指导价 20.18万),当前油耗,6L/100km,购入用途,自驾游,,爱车简评,以前看过老森林人的内饰，真丑，但这个19款的XV内饰很好啊，简洁大方，细节很好，主流水准偏上；,爱车评价,[最满意],应该是油耗，80km匀速行驶油耗5L左右,[不满意],[外观],外观耐看不惊艳，平淡无奇,[内饰],内饰质感一般般但是比老款好，皮子多异味大,[空间],空间基本够用不算大，储物空间少,[舒适],噪音控制还可以，减震还行，座椅偏硬，头枕很硬,[油耗],油耗超乎预期，匀速行驶100km以内都很省油,[动力],动力比上一辆车好的多，加速噪音也可以，120不到2000转，80km才1200,[操控],转向手感差评，过弯还可以，路感清晰,[性价比],性价比不算高，因为是进口车,
"
    发表于  2019-05    

      
        
    
    
",新车异味很大，被熏得头痛啊,https://image1.xcarimg.com/attachments/my/0/30/19/052_120.jpg,石冲天cns0,新手上路,4.13,外观,4,内饰,4,空间,4,舒适,4,油耗,5,动力,4,操控,4,性价比,4,购入信息,爱车车型,购入时间,2019/4/1,购车地点, [江苏省],裸车价格,19.6万  (厂商指导价 20.18万),当前油耗,6L/100km,购入用途,自驾游,,爱车简评,以前看过老森林人的内饰，真丑，但这个19款的XV内饰很好啊，简洁大方，细节很好，主流水准偏上；新车有异味，一周左右才散完,爱车评价,[最满意],应该是油耗，80km匀速行驶油耗5L左右,[不满意],[外观],外观耐看不惊艳，平淡无奇,[内饰],内饰质感一般般但是比老款好，皮子多异味大,[空间],空间基本够用不算大，储物空间少,[舒适],噪音控制还可以，减震还行，座椅偏硬，头枕很硬,[油耗],油耗超乎预期，匀速行驶100km以内都很省油,[动力],动力比上一辆车好的多，加速噪音也可以，120不到2000转，80km才1200,[操控],转向手感差评，过弯还可以，路感清晰,[性价比],性价比不算高，因为是进口车,
"
    发表于  2019-05    

      
        
    
    
",新车异味很大，被熏得头痛啊,https://image1.xcarimg.com/attachments/my/0/31/14/563_120.jpg,glorialle3,新手上路,4.13,外观,4,内饰,4,空间,4,舒适,4,油耗,5,动力,4,操控,4,性价比,4,购入信息,爱车车型,购入时间,2019/4/1,购车地点, [广东省],裸车价格,19.6万  (厂商指导价 20.18万),当前油耗,6L/100km,购入用途,自驾游,,爱车简评,以前看过老森林人的内饰，真丑，但这个19款的XV内饰很好啊，简洁大方，细节很好，主流水准偏上；新车有异味，一周左右才散完,爱车评价,[最满意],应该是油耗，80km匀速行驶油耗5L左右,[不满意],[外观],外观耐看不惊艳，平淡无奇,[内饰],内饰质感一般般但是比老款好，皮子多异味大,[空间],空间基本够用不算大，储物空间少,[舒适],噪音控制还可以，减震还行，座椅偏硬，头枕很硬,[油耗],油耗超乎预期，匀速行驶100km以内都很省油,[动力],动力比上一辆车好的多，加速噪音也可以，120不到2000转，80km才1200,[操控],转向手感差评，过弯还可以，路感清晰,[性价比],性价比不算高，因为是进口车,
"
    发表于  2019-03    

      
        
    
    
",隔音有点差,https://image1.xcarimg.com/attachments/my/0/31/07/186_120.jpg,eddyyinlp,新手上路,4.25,外观,4,内饰,4,空间,4,舒适,4,油耗,5,动力,4,操控,5,性价比,4,购入信息,爱车车型,购入时间,2017/10/1,购车地点, [四川省],裸车价格,20.68万  (厂商指导价 20.18万),当前油耗,8L/100km,购入用途,上班,接送小孩,爱车简评,同价位里面应该算是性价比比较高的了，全时四驱，就是牌子不硬。,爱车评价,[最满意],车身刚性好，超控给力，四驱通过性，去了次拉萨毫无压力,[不满意],[外观],仁者见仁,[内饰],新的XV对比前面的已经有很大的改进了，,[空间],乘坐空间：174，头顶还有一拳的距离，还能行，就是后备箱感觉有点小了，特别出远门自驾,[舒适],车内噪音：隔音效果一般，上高速后，有点吵，平时上下班凑合,[油耗],城市道路行驶：城里开上下班7个多油，跑高速能到6个多，这次进藏比其他小伙伴的车油耗都低,[动力],高原地区有点软，平时上班够用,[操控],到拉萨没出啥毛病妥妥的,,,
"
    发表于  2019-03    

            
    
    
",空间在同级别的车型中不是很大，再就是噪音的问题。,https://image1.xcarimg.com/attachments/my/1/15/68/268_120.jpg,xuser1166826,三星会员,5,外观,5,内饰,5,空间,5,舒适,5,油耗,5,动力,5,操控,5,性价比,5,购入信息,爱车车型,购入时间,2019/1/1,购车地点,上海安吉瑞欧汽车销售有限公司 [上海市],裸车价格,20万  (厂商指导价 23.18万),当前油耗,12L/100km,购入用途,上班,购物,爱车简评,外观很好看，底盘高可以随意上马路牙子，特别适合目前越来越拥挤的小区。,爱车评价,[最满意],水平对置全时四驱带来的斯巴鲁专有操控体验，就是喜欢这款车，所以就买回来了。,[不满意],[外观],外观还不错，买这车很大程度也是因为外观好看，个人感觉还挺时尚耐看的，特别是那个花型轮毂，LD很是喜欢。仁者见仁，智者见智的事儿了。,[内饰],内饰做工说不上什么豪华，就是简简单单的，不过操作起来显得比较方便和简单。,[空间],无论是前排座椅和后排座椅，都有足够的空闲空间，尤其是车顶的行李架，超大的空间，可以随意堆放旅行出行的众多行李。,[舒适],减震还是稍微硬了一些（比起广本）、路感清晰。原车胎压均是2.7后来调到2.5 能强一些。,[油耗],"新车,平均耗油粗略算了一下也不过8.5上下，还是非常满意的，现在经过长时间呢磨合油耗已经降到了8.2，这油耗比轿车一点也不虚，省油是必须的。",[动力],感觉已经足够用，油门前段非常灵敏，动力充沛，80以上后劲不足，但也还平顺。CVT变速箱，起步上坡啥的降档感觉不够快，转速会拉高不少，这个不能强求，够我家用就好了！,[操控],开起来觉得蛮轻便的，尤其在市区里开，因为车身相对比较小巧，超个车啊，并个道的都挺灵活，本人对什么操控什么的不是很在意。,[性价比],天窗、VDC、儿童座椅、膝部气囊和全系一样的总成、悬架、轮毂等等的是很全面的，主动安全配置不错，主副驾驶都有安全带未系提醒。非常的满意了。,
"
    发表于  2019-02    

      
        
    
    
",发动机在1800~2000转是噪音大,https://image1.xcarimg.com/attachments/my/0/31/14/531_120.jpg,chzhyuanhil,新手上路,4.25,外观,5,内饰,4,空间,4,舒适,4,油耗,4,动力,4,操控,5,性价比,4,购入信息,爱车车型,购入时间,2018/9/1,购车地点, [湖北省],裸车价格,20.5万  (厂商指导价 22.18万),当前油耗,9L/100km,购入用途,上班,自驾游,爱车简评,中控台设计合理，操作方便，用料考究，无异味，只是做工的扎实性还需要提高。中控台面采用软搪塑,爱车评价,[最满意],全时四驱，行车平稳，方向精准、操控自如，外型美观，大小合适,[不满意],[外观],外形精干，不肉不肿灯光配置：很好自动大灯，灯光犀利，可随车辆转向偏转大灯方向车灯设计：灯光设计齐全自动大灯反应灵敏，天光稍微暗一点灯就开了,[内饰],对内饰要求不高，够用就好，没有什么异味。,[空间],一个人用，完全够用，大了反而浪费乘坐空间：身高1.7，乘坐舒适，后排除了中间座位两边的也不错后备厢容积：不是很大，一般的行李够用了，就是底板有点高,[舒适],整体还可以乘坐比较舒服就是发动机转速1800~200时噪音有点大,[油耗],现在平均油耗8.5升/100km，2.0的自吸四驱车感觉还可以城市道路行驶：是在城市使用，路况一般，感觉还是比较省油的,[动力],现在跑的不多，完全够用跑高速：跑的很少，时速100以上超车动力来的有一点慢日常加速动力：还不错，低速给油就来速度，有时候还有点窜,[操控],指哪打哪车随心动四驱稳定性：离地间隙虽然比较高，整车转向还是比较平稳的方向盘操控感：转向精准，方向盘没有间隙，转向回馈力道适中，车随心动脱困能力：只走了一小段泥坑路，完全没压力，以后有机会出去试试刹车表现：感觉还可以几次跟车，旁边车强行并道，安全系统狂叫，都刹下来了，不知道是我踩的刹车，还是系统自动刹的,[性价比],性价比中偏上，这车的配置在同价位的车里不多,展开全部
"
    发表于  2019-02    

      
        
    
    
",车机、后备箱尺寸、副驾驶无电动调节,https://image1.xcarimg.com/attachments/my/0/31/14/534_120.jpg,ohamaaqx67,新手上路,4.25,外观,4,内饰,4,空间,4,舒适,4,油耗,4,动力,4,操控,5,性价比,5,购入信息,爱车车型,购入时间,2018/5/1,购车地点, [江西省],裸车价格,22万  (厂商指导价 22.18万),当前油耗,8L/100km,购入用途,上班,,爱车简评,中控台设计合理，操作方便，用料考究，无异味，只是做工的扎实性还需要提高。中控台面采用软搪塑,爱车评价,[最满意],安全感、四驱及通过性、驾驶感受、储物格位置、外观、车身尺寸（停车方便）,[不满意],[外观],外观不多说，中规中矩，不喜欢大众脸，个人认为这车属于耐看型的！灯光配置：车灯不多说，我的顶配，LED大灯效果一般，自动远光灯一定要道路非常暗才会开启远光灯......后雾灯依然只有一盏......车身及车轮：忍者镖形的轮毂挺好看的，防刮塑料轮眉一看就是用来跑烂路的。,[内饰],内饰中规中矩，没有那么多的花里胡哨的东西，该有的功能基本有了，属于实用耐看型的，中空按键的布局和位置我个人比较喜欢，触手可及；储物格位置也非常人性化，放手机什么很方便，扶手箱还开口处还留了两道出线槽，方便车内充电。超喜欢这红色背光的按键，仿佛在暗示我这是台可以飙可以高速劈弯的车。事实上只是台156马力10秒的车。异味异响：没听说过哪辆车买来没异味的，放了些炭包和柚子皮一个月之后基本没了。没有异响是不存在的，有异响才是正宗扫把佬，eyesight摄像头的塑料壳有时候会哒哒响，前排座椅边缘跟塑料接触的位置久了身体摆动会被磨的唧唧响，喷点WD40即可，其他没有什么明显的异响。多媒体：全车最大吐槽点，国内后装车机，系统经常性BUG，提示文件损坏，导致U盘读不出；高德地图内容严重掉队，实在难用......所以一直用蓝牙连接，不知道美版的怎么样。音响效果不错，不知道哪家厂的，虽然达不到大厂水平，但听起来声音圆润，低频下潜有限但有一定弹性。,[空间],本人身高173cm，前排乘坐空间良好，坐姿也不错，后排很腿部空间也不错，后备箱偏小；中空按键的布局和位置我个人比较喜欢，触手可及；储物格位置也非常人性化，放手机什么的很方便，扶手箱开口处还留了两道出线槽，方便车内充电。,[舒适],前面说到悬挂硬不要简单就认为这台车平时开坐着就真的很硬，简单点说吧，我开过段时间现款的宝马320，60公里的时速内如果说320给你的感觉像是垫了4层缓冲垫，那么XV的感觉就是垫了2层。前排座垫其实挺长的，可解锁各种常用姿势（别污了啊...），加上简单实用的中控设计，没有占用过多的空间，给人一种很宽敞的感觉，整体坐姿、车内视野（包括后视镜）非常好，；后排座垫也不会短，有一定的仰角，坐姿还行，腿部空间不会小，虽然不能随意二郎腿但正常姿势随意摆，至于舒不舒服就是玄学了，个人认为总体还行。个人认为过于好的隔音不是很安全，而且耳朵有点闷，后排乘客容易晕车，车内异响会放大，让人心里不舒服。下面说说对于后排腿部空间的个人观点，我不明白过于追求后排腿部空间的意义的哪里，假如紧急刹车，后排会是个什么情况？,[油耗],我这边是小城市，但麻雀虽小五脏俱全，车流量也不小，完全市区驾驶9.6左右，市区县道对半的话8.6左右，经常奔走在高架桥这样时速在80左右的地方的话7.1左右。,[动力],动力方面这么说吧，这车是自然吸气的，自然有自然吸气的美，配上CVT变速箱的直接感受就是油门的轻微动作能及时清晰均匀的反馈给你，没啥爆发力。开这车就两字“佛系”，开这车你急不了，一脚油下去也不见得有多快，油得慢慢给，0~80提速还行，市区超个车什么的无压力，满载下略吃力，95之后明显得靠拉转速，正常驾驶很少超过2000转，这也是cvt的特点。1800转开始发力，过了这个转速会有个相对明显的动力输出，再就是4000转的时候，再高就没试过了......最后提下，这车最好加0W20的机油，92的油即可，平路上经济时速在75~85，这时的转速在1100~1500。顺便提一句自动启停，斯巴鲁自动启停的逻辑我喜欢，不是那种无脑的熄火，而是当你车子停止后刹车力度达到一定阀值时才会启动，这就有个额外好处，提高刹车技术。我也吐槽下自动启停的危险，亲身经历的，前车急刹，eyesight主动防碰撞启动，我也急刹并刹停，自动启停启动，前车走了，我踩油但是还在打火，后面的摩托没刹住怼了上来，如果后面是辆大货车，那就......所以......不管自动启停逻辑再怎么好，毕竟是个死程序，为了自己为了家人，还是关了吧，而且省油不省钱。,[操控],虽然这车不到1.5吨，但底盘给我的感觉比较厚实，说白了就是下盘稳，安心。方向盘手感跟转向挺好的，悬挂方面偏向运动风格，个人分析弹簧本身不是特别硬，但避震快速压缩阻尼略大（后避震比前避震还硬），回弹阻尼小，配上厚轮胎给我的直接感受就是路感清晰，过弯支撑性好侧倾小动态稳，车身跟随性好（满载下有点迟钝），前段行程软硬刚好，虑震整体不错，过坎干脆，像过减速带之类的尤其是连续减速带，时速最好控制在40以内，不然这套避震会给你带来惊喜（xia）。,[性价比],性价比看你怎么看了，是看重安全性、驾驶感受跟实用性，还是看重奢华跟所谓的科技感。其实我觉得这台车也不差，22万，拥有全球数一数二的安全系统，拥有一定脱困能力跟稳定性的四驱系统，拥有良好的驾驶感受，齐全而实用的功能，就是后备箱小了点，维修可能时间会长点……eyesight：最后说说eyesight，车子买来半年多了，几乎每天都开，都在跟它沟通，作为一个主动安全系统来说，个人认为不但功能全面，而且水准非常高，但任何事物都是有两面性的，就主动刹车来说，它的识别率很高，好几次有效防止追尾，同时也让超车变的危险，它会计算当前与前车的车距、相对车速和加速度的关系来发出警报甚至主动刹车，所以当你离前车很近的时候要变道超车，如果油给大了它会给你一脚急刹，如果是极限超车那就相当刺激了~此处自行脑补......当然，可以关掉它，不过话说回来，这么设定也是为了一个初衷也就是安全，让你老老实实安全驾驶。车道防偏离功能原理是通过两个眼睛识别两边的白线，我除了跑高速，平时是关的（和主动防碰撞单独开关），因为如果你不打转向灯，稍微偏离行车道它就会报警，很烦的......全车速自适应巡航排队跟车挺好的，就是怕强塞，所以右脚还是得时刻准备着。,展开全部
"
    发表于  2019-02    

      
        
    
    
",4S的抠门，新车的挂牌难，一致性证书的燃油方式和关单不一致是最不可容忍的低级错误。海关的任性导致车主挂牌等的后期的一系列麻烦。排气有点娘，后排座椅不能调节靠背角度，没有后排独立空调出风口，后排的过桥有点高，导致后排中间凸起部分造成的空间局限。中控导航的低能，远不如百度地图好用，没有进口原装的CD机，中控钢琴烤漆面容易被划上痕，前中网没有主动防虫网。,https://image1.xcarimg.com/attachments/my/0/30/19/039_120.jpg,lhcat9qu0,新手上路,4.13,外观,4,内饰,4,空间,4,舒适,4,油耗,4,动力,4,操控,5,性价比,4,购入信息,爱车车型,购入时间,2019/1/1,购车地点, [山东省],裸车价格,23.18万  (厂商指导价 23.18万),当前油耗,8L/100km,购入用途,上班,购物,爱车简评,外观其实没有太大的亮点，而且客观的说整体算不上多好看，但是算是耐看的类型吧。,爱车评价,[最满意],外型犀利，旗舰版的大灯随动，LED光源，银色装饰条带来的运动科技感。饱满的线条感，底盘高度满足越野车的基本标准，轮胎使用普利司通18寸，各项参数显示基本齐全，很满意。发动机的智能感体现在日常，淋漓尽致。全时四驱之中省油的混动车。进口的科技感十足的机械性能很强玩具。,[不满意],[外观],缝隙还有，不算完美凌厉漂亮利索,[内饰],还可以，对于不追求百分百完美的我，满足了，2019XV的设计下了很大的功夫,[空间],"还可以完全满足驾驶和孕妇的乘坐1.86的身高刚好，唯独不完美就是不可以调节靠背角度空间足够三人至五人的行李空间家人乘坐评价：孕妇166身高，9个月，在副驾驶可以舒舒服服的做好，系上安全带，腿部空间足够。后排186的男士可以直起腰杆，腿空间刚刚好，我本人176cm,座椅向后移动了5公分后。空间设计亮点：视野设计很合理，前排的A柱防盲区的小三角窗很符合安全主动思维，后备厢的小视窗可以作为后备厢放置婴儿座椅作为视野窗，目前未实践。",[舒适],很舒服自己加了两个小枕头很干脆很整洁，简洁大方,[油耗],前期磨合期300KM的市区和500公里高速行驶，磨合期油耗目前8.4,[动力],"发动机运作期间会进行动力回收进行充电，行驶初期会从电动随着油门的踩踏力度转换为油电混动，再转为纯油动力，刹车或者松油门后的惯性行驶会进行动力的回收，下大坡的时候惯性越大，回收充电越快。提速目前未暴力驾驶，只是在市区尝试过超车，提速的反应很快，只要舍得踩油门，但刹车很敏感，因为eyesight和主动安全防御给的刹车辅助也很强，所以没有过分的加速尝试经济/运动模式加速：平时在等排队过红灯和出小区门禁的时候，都是用低速的电力驱动，或者直接怠速前行，除非是黄灯卡住过线的时候就加油提速。平时的车速一般在50-60km/h。高速或者车很少的时候用跟车和全速自适应巡航。特殊路况行驶动力：过年回老家祭祖去山上小试牛刀，开着X-MODE,爬各种小沟小河很是简单，动力信手拈来。发动机介入：电力驱动40左右就开始切入发动机，会有一小下的突进，晃不到人，没那么夸张。",[操控],开过斯巴鲁的人这个优势只可意会不可言传，十足的给力,[性价比],对于目前国内的消费水平，XV的价位对于我们这一辈80后还算有良心，虽然可以再争取更多的优惠，但出于各种经销商或商家阻挠和利益集团的各种套路，我们争取到的也心满意足了。非要说价格贵不贵，我只能说不便宜。4S店售后服务：不敢恭维，中国的斯巴鲁来说，我们这边的4S售后部门好像不太精神。购车：推荐换车的车友，找能找的朋友或关系，尽可能的从原价里砍，不要他们给的乱七八糟的套餐，只要砍价能砍得动就立马下单，，因为斯巴鲁的讲价空间很有限也很不容易。肯定推荐大家喜欢XV的车友选旗舰版，因为不想后悔。,展开全部
"
    发表于  2019-02    

      
        
    
    
",4S的抠门，新车的挂牌难，一致性证书的燃油方式和关单不一致是最不可容忍的低级错误。海关的任性导致车主挂牌等的后期的一系列麻烦。排气有点娘，后排座椅不能调节靠背角度，没有后排独立空调出风口，后排的过桥有点高，导致后排中间凸起部分造成的空间局限。中控导航的低能，远不如百度地图好用，没有进口原装的CD机，中控钢琴烤漆面容易被划上痕，前中网没有主动防虫网。,https://image1.xcarimg.com/attachments/my/0/30/72/083_120.jpg,sxd2068699ah,新手上路,4.13,外观,4,内饰,4,空间,4,舒适,4,油耗,4,动力,4,操控,5,性价比,4,购入信息,爱车车型,购入时间,2019/1/1,购车地点, [安徽省],裸车价格,23.18万  (厂商指导价 23.18万),当前油耗,8L/100km,购入用途,上班,购物,爱车简评,我肯定是因为喜欢才买的了，但是我现在身边的人问下来好像反响平平...做工还是很不错的，日本制造的工艺水平还是有保证，每一处都是严丝合缝的。,爱车评价,[最满意],外型犀利，旗舰版的大灯随动，LED光源，银色装饰条带来的运动科技感。饱满的线条感，底盘高度满足越野车的基本标准，轮胎使用普利司通18寸，各项参数显示基本齐全，很满意。发动机的智能感体现在日常，淋漓尽致。全时四驱之中省油的混动车。进口的科技感十足的机械性能很强玩具。,[不满意],[外观],缝隙还有，不算完美凌厉漂亮利索,[内饰],还可以，对于不追求百分百完美的我，满足了，2019XV的设计下了很大的功夫,[空间],"还可以完全满足驾驶和孕妇的乘坐1.86的身高刚好，唯独不完美就是不可以调节靠背角度空间足够三人至五人的行李空间家人乘坐评价：孕妇166身高，9个月，在副驾驶可以舒舒服服的做好，系上安全带，腿部空间足够。后排186的男士可以直起腰杆，腿空间刚刚好，我本人176cm,座椅向后移动了5公分后。空间设计亮点：视野设计很合理，前排的A柱防盲区的小三角窗很符合安全主动思维，后备厢的小视窗可以作为后备厢放置婴儿座椅作为视野窗，目前未实践。",[舒适],很舒服自己加了两个小枕头很干脆很整洁，简洁大方,[油耗],前期磨合期300KM的市区和500公里高速行驶，磨合期油耗目前8.4,[动力],"发动机运作期间会进行动力回收进行充电，行驶初期会从电动随着油门的踩踏力度转换为油电混动，再转为纯油动力，刹车或者松油门后的惯性行驶会进行动力的回收，下大坡的时候惯性越大，回收充电越快。提速目前未暴力驾驶，只是在市区尝试过超车，提速的反应很快，只要舍得踩油门，但刹车很敏感，因为eyesight和主动安全防御给的刹车辅助也很强，所以没有过分的加速尝试经济/运动模式加速：平时在等排队过红灯和出小区门禁的时候，都是用低速的电力驱动，或者直接怠速前行，除非是黄灯卡住过线的时候就加油提速。平时的车速一般在50-60km/h。高速或者车很少的时候用跟车和全速自适应巡航。特殊路况行驶动力：过年回老家祭祖去山上小试牛刀，开着X-MODE,爬各种小沟小河很是简单，动力信手拈来。发动机介入：电力驱动40左右就开始切入发动机，会有一小下的突进，晃不到人，没那么夸张。",[操控],开过斯巴鲁的人这个优势只可意会不可言传，十足的给力,[性价比],对于目前国内的消费水平，XV的价位对于我们这一辈80后还算有良心，虽然可以再争取更多的优惠，但出于各种经销商或商家阻挠和利益集团的各种套路，我们争取到的也心满意足了。非要说价格贵不贵，我只能说不便宜。4S店售后服务：不敢恭维，中国的斯巴鲁来说，我们这边的4S售后部门好像不太精神。购车：推荐换车的车友，找能找的朋友或关系，尽可能的从原价里砍，不要他们给的乱七八糟的套餐，只要砍价能砍得动就立马下单，，因为斯巴鲁的讲价空间很有限也很不容易。肯定推荐大家喜欢XV的车友选旗舰版，因为不想后悔。,展开全部
"
    发表于  2019-02    

      
        
    
    
",4S的抠门，新车的挂牌难，一致性证书的燃油方式和关单不一致是最不可容忍的低级错误。海关的任性导致车主挂牌等的后期的一系列麻烦。排气有点娘，后排座椅不能调节靠背角度，没有后排独立空调出风口，后排的过桥有点高，导致后排中间凸起部分造成的空间局限。中控导航的低能，远不如百度地图好用，没有进口原装的CD机，中控钢琴烤漆面容易被划上痕，前中网没有主动防虫网。,https://image1.xcarimg.com/attachments/my/0/31/15/053_120.jpg,笑6666mnqr8,新手上路,4.13,外观,4,内饰,4,空间,4,舒适,4,油耗,4,动力,4,操控,5,性价比,4,购入信息,爱车车型,购入时间,2019/1/1,购车地点, [山东省],裸车价格,23.18万  (厂商指导价 23.18万),当前油耗,8L/100km,购入用途,上班,购物,爱车简评,还可以，对于不追求百分百完美的我，满足了，2019XV的设计下了很大的功夫,爱车评价,[最满意],外型犀利，旗舰版的大灯随动，LED光源，银色装饰条带来的运动科技感。饱满的线条感，底盘高度满足越野车的基本标准，轮胎使用普利司通18寸，各项参数显示基本齐全，很满意。发动机的智能感体现在日常，淋漓尽致。全时四驱之中省油的混动车。进口的科技感十足的机械性能很强玩具。,[不满意],[外观],缝隙还有，不算完美凌厉漂亮利索,,,[空间],"还可以完全满足驾驶和孕妇的乘坐1.86的身高刚好，唯独不完美就是不可以调节靠背角度空间足够三人至五人的行李空间家人乘坐评价：孕妇166身高，9个月，在副驾驶可以舒舒服服的做好，系上安全带，腿部空间足够。后排186的男士可以直起腰杆，腿空间刚刚好，我本人176cm,座椅向后移动了5公分后。空间设计亮点：视野设计很合理，前排的A柱防盲区的小三角窗很符合安全主动思维，后备厢的小视窗可以作为后备厢放置婴儿座椅作为视野窗，目前未实践。",[舒适],很舒服自己加了两个小枕头很干脆很整洁，简洁大方,[油耗],前期磨合期300KM的市区和500公里高速行驶，磨合期油耗目前8.4,[动力],"发动机运作期间会进行动力回收进行充电，行驶初期会从电动随着油门的踩踏力度转换为油电混动，再转为纯油动力，刹车或者松油门后的惯性行驶会进行动力的回收，下大坡的时候惯性越大，回收充电越快。提速目前未暴力驾驶，只是在市区尝试过超车，提速的反应很快，只要舍得踩油门，但刹车很敏感，因为eyesight和主动安全防御给的刹车辅助也很强，所以没有过分的加速尝试经济/运动模式加速：平时在等排队过红灯和出小区门禁的时候，都是用低速的电力驱动，或者直接怠速前行，除非是黄灯卡住过线的时候就加油提速。平时的车速一般在50-60km/h。高速或者车很少的时候用跟车和全速自适应巡航。特殊路况行驶动力：过年回老家祭祖去山上小试牛刀，开着X-MODE,爬各种小沟小河很是简单，动力信手拈来。发动机介入：电力驱动40左右就开始切入发动机，会有一小下的突进，晃不到人，没那么夸张。",[操控],开过斯巴鲁的人这个优势只可意会不可言传，十足的给力,[性价比],对于目前国内的消费水平，XV的价位对于我们这一辈80后还算有良心，虽然可以再争取更多的优惠，但出于各种经销商或商家阻挠和利益集团的各种套路，我们争取到的也心满意足了。非要说价格贵不贵，我只能说不便宜。4S店售后服务：不敢恭维，中国的斯巴鲁来说，我们这边的4S售后部门好像不太精神。购车：推荐换车的车友，找能找的朋友或关系，尽可能的从原价里砍，不要他们给的乱七八糟的套餐，只要砍价能砍得动就立马下单，，因为斯巴鲁的讲价空间很有限也很不容易。肯定推荐大家喜欢XV的车友选旗舰版，因为不想后悔。,展开全部
"
    发表于  2019-02    

      
        
    
    
",原车的倒车影像太汽配城了，只能勉强参考，看后视镜比较靠谱。eyesight的防碰撞预警有时候对停车场的升降栏杆过于敏感，栏杆升起中跟的太紧甚至会强行刹停，这个有提升空间。AVH自动驻车功能一定要着车后手动开启，略微有些麻烦。没有随速落锁，一定要手动锁门。,https://image1.xcarimg.com/attachments/my/0/30/72/085_120.jpg,小丸子h2,新手上路,4.25,外观,4,内饰,4,空间,4,舒适,4,油耗,4,动力,4,操控,5,性价比,5,购入信息,爱车车型,购入时间,2018/12/1,购车地点, [浙江省],裸车价格,23.18万  (厂商指导价 23.18万),当前油耗,8L/100km,购入用途,上班,购物,爱车简评,还可以，对于不追求百分百完美的我，满足了，2019XV的设计下了很大的功夫,爱车评价,[最满意],混动的动力组合自动驻车自动启停体验很好，加上自适应巡航，适合在各种场景下驾驶，轻松惬意，简直懒人福音。eyesight系统也很好用。大雪天跑高速，我都看不清了，eyesight依然能稳定的提供巡航支持，可以说非常给力了。各种驾驶辅助全家桶堪称无微不至，就连刚开上的新手也能安心驾驶。综合体验佳，感受到了科技进步对驾驶体验的提升。两个字概括：好开！,[不满意],[外观],外观嘛，见仁见智了，我肯定是因为喜欢才买的了，但是我现在身边的人问下来好像反响平平...做工还是很不错的，日本制造的工艺水平还是有保证，每一处都是严丝合缝的。,[内饰],内饰就有点鸡贼了。前排座的车门就是软质包裹的，后排车门就换上了看起来一样但是其实是硬塑料的材质，简直是一目了然的贫穷啊。方向盘手感满分，功能齐全，易用性满分。车机中控设计比较合理，反应也很快，想要看的信息应有尽有。再次点名批评辣鸡的倒车影像。,[空间],这个车子其实是两箱翼豹的底子，所以坐姿还是比较轿车的，座椅调高一点就有点顶头（我一米八）。整体空间ok，后排座位空间比马自达要强，但是比不了本田。储物空间：尾箱因为独立悬挂混动电池组，地台很高，空间利用率有点低。没有地方放停车费过路费发票，扶手箱前面一个小槽不深不浅，有点尴尬。,[舒适],悬架还是比较有高级感的，震动处理比较干脆。高速风噪胎噪都控制的很好，这个比较惊艳，需要点赞。车里主要的噪音源来自发动机，转速一拉上去发动机的噪声就会比较明显。驾驶员座椅很舒服，还有加热功能，很满意了。,[油耗],说是混动的，油耗其实挺一般的（相比crv混动）。我开车属于大油门起步，想踩就踩，随心所欲的那种。现在1500km稳定在8.9L/100km。只能说没有想象中省油，这套混动系统主要还是提升了市区表现，高速油耗没有太明显影响。可能和磨合期有关，再开开看吧～更新：2000公里目前稳定在8.8，估计这个数字会更准确一些。3000公里更新油耗，已经降到8.4升！,[动力],满意，车子其实不大，2.0混动系统推这个车子绰绰有余了，跑高速超个车啥的轻松愉快。混动CVT的动力输出非常平顺，就是偶尔起步电动机切换发动机驱动的时候会有一点顿挫，车子会小蹿一下，熟悉了以后就能控制了。,[操控],这个价位里操控可以说比较无敌了，和我之前的车子一对比简直天上地下。悬架表现优秀，高速过弯侧倾控制的非常好，体感极佳，换了我之前的车子相同速度过这个弯人都东倒西歪了。转向精准，方向盘力度适中。全时四驱也无惧雨雪路面，esp介入及时。,[性价比],我就知道这个车日本买差不多17万左右，国内落地要25了...多出来的部分就是进口的各种税费了。当然了我纳税我光荣，这个无可厚非。国内你想在这个价位找一个对位的四驱，混动的suv车型，似乎也没有。crv四驱混动落地都差不多要30w了，价格差不多的cdx混动没有四驱，还只能买到丐中丐配置。而斯巴鲁xv，23w就能买到顶配了，配置应有尽有，在我看来性价比可以说非常之高了。,展开全部
"
    发表于  2019-02    

      
        
    
    
",混动版的车顶行李架要是和汽油版的一样就好了,https://image1.xcarimg.com/attachments/my/0/30/19/043_120.jpg,caoyond`13,新手上路,4.75,外观,4,内饰,5,空间,4,舒适,5,油耗,5,动力,5,操控,5,性价比,5,购入信息,爱车车型,购入时间,2018/12/1,购车地点, [河北省],裸车价格,22.18万  (厂商指导价 22.18万),当前油耗,8L/100km,购入用途,上班,购物,爱车简评,"跑起来平稳、自如！自适应巡航放心,长途驾驶强度减轻70%！实用配置到位、无用配置不多、安全配置齐全。",爱车评价,[最满意],1.首先是油耗挺出乎我的意料目前行驶了1500多公里主要是上下班使用还没有跑过高速油耗7.5L/百公里2.外形也是我的菜不太大也不小刚刚好只要喜欢就不需要那么多理由3.动力充足操控性好。第一次开混动感觉蛮不错超车过弯都完美,[不满意],[外观],外形好看底盘高是我的Type。,[内饰],内饰比较偏向运动风格我自己添了一些小装饰,[空间],空间满意前排很舒适后排家人坐了也说舒适除了后备箱容积略小……,[舒适],坐在驾驶位很舒适空调容易操控升温也快我开车爱听音乐连接蓝牙听歌音效不错但低音效果稍显不足车内噪音在可接受范围之内,[油耗],目前行驶了1500多公里主要是上下班使用还没有跑过高速油耗7.5L/百公里,[动力],动力不错啊想要动力充足踩油门不就好了嘛目前还没有上过高速等过年后有时间和家人一起自驾游再来补充评价吧,[操控],方向盘挺轻的容易操控过弯及超车都表现不错刹车灵敏eyesight系统也很实用,[性价比],对于一款全进口四驱混动的车型来说价格合理4s店的服务态度好销售顾问也很专业。商家送的360车载影像系统很不错关键时候能派上用场，总之选择了斯巴鲁目前我很满意。,展开全部
"
    发表于  2019-02    

      
        
    
    
",混动版的车顶行李架要是和汽油版的一样就好了,https://image1.xcarimg.com/attachments/my/0/31/07/314_120.jpg,wei_cgl2,新手上路,4.75,外观,4,内饰,5,空间,4,舒适,5,油耗,5,动力,5,操控,5,性价比,5,购入信息,爱车车型,购入时间,2018/12/1,购车地点, [河南省],裸车价格,22.18万  (厂商指导价 22.18万),当前油耗,8L/100km,购入用途,上班,购物,爱车简评,对于一款全进口四驱混动的车型来说价格合理4s店的服务态度好销售顾问也很专业。商家送的360车载影像系统很不错关键时候能派上用场，总之选择了斯巴鲁目前我很满意。,爱车评价,[最满意],1.首先是油耗挺出乎我的意料目前行驶了1500多公里主要是上下班使用还没有跑过高速油耗7.5L/百公里2.外形也是我的菜不太大也不小刚刚好只要喜欢就不需要那么多理由3.动力充足操控性好。第一次开混动感觉蛮不错超车过弯都完美,[不满意],[外观],外形好看底盘高是我的Type。,[内饰],内饰比较偏向运动风格我自己添了一些小装饰,[空间],空间满意前排很舒适后排家人坐了也说舒适除了后备箱容积略小……,[舒适],坐在驾驶位很舒适空调容易操控升温也快我开车爱听音乐连接蓝牙听歌音效不错但低音效果稍显不足车内噪音在可接受范围之内,[油耗],目前行驶了1500多公里主要是上下班使用还没有跑过高速油耗7.5L/百公里,[动力],动力不错啊想要动力充足踩油门不就好了嘛目前还没有上过高速等过年后有时间和家人一起自驾游再来补充评价吧,[操控],方向盘挺轻的容易操控过弯及超车都表现不错刹车灵敏eyesight系统也很实用,,,
"
    发表于  2019-02    

      
        
    
    
",混动版的车顶行李架要是和汽油版的一样就好了,https://image1.xcarimg.com/attachments/my/0/31/05/779_120.jpg,pmp9952gl,新手上路,4.75,外观,4,内饰,5,空间,4,舒适,5,油耗,5,动力,5,操控,5,性价比,5,购入信息,爱车车型,购入时间,2018/12/1,购车地点, [河南省],裸车价格,22.18万  (厂商指导价 22.18万),当前油耗,8L/100km,购入用途,上班,购物,爱车简评,方向盘挺轻的容易操控过弯及超车都表现不错刹车灵敏eyesight系统也很实用,爱车评价,[最满意],1.首先是油耗挺出乎我的意料目前行驶了1500多公里主要是上下班使用还没有跑过高速油耗7.5L/百公里2.外形也是我的菜不太大也不小刚刚好只要喜欢就不需要那么多理由3.动力充足操控性好。第一次开混动感觉蛮不错超车过弯都完美,[不满意],[外观],外形好看底盘高是我的Type。,[内饰],内饰比较偏向运动风格我自己添了一些小装饰,[空间],空间满意前排很舒适后排家人坐了也说舒适除了后备箱容积略小……,[舒适],坐在驾驶位很舒适空调容易操控升温也快我开车爱听音乐连接蓝牙听歌音效不错但低音效果稍显不足车内噪音在可接受范围之内,[油耗],目前行驶了1500多公里主要是上下班使用还没有跑过高速油耗7.5L/百公里,[动力],动力不错啊想要动力充足踩油门不就好了嘛目前还没有上过高速等过年后有时间和家人一起自驾游再来补充评价吧,[操控],方向盘挺轻的容易操控过弯及超车都表现不错刹车灵敏eyesight系统也很实用,[性价比],对于一款全进口四驱混动的车型来说价格合理4s店的服务态度好销售顾问也很专业。商家送的360车载影像系统很不错关键时候能派上用场，总之选择了斯巴鲁目前我很满意。,展开全部
"
    发表于  2019-01    

      
        
    
    
",后备箱空间有点小,https://image1.xcarimg.com/attachments/my/0/31/14/537_120.jpg,xiaoranchju8,新手上路,4.88,外观,4,内饰,5,空间,5,舒适,5,油耗,5,动力,5,操控,5,性价比,5,购入信息,爱车车型,购入时间,2019/1/1,购车地点, [湖南省],裸车价格,21.08万  (厂商指导价 22.18万),当前油耗,13L/100km,购入用途,上班,自驾游,爱车简评,可能和4008和WEY相比确实缺乏设计感，但对于我来说，我觉得够了，我自己挺喜欢，挺简单实用的。,爱车评价,[最满意],外观好看空间够用性价比高动力够用,[不满意],[外观],选的卡其灰色的非常喜欢,[内饰],塑料感有点强毕竟顶配了,[空间],我175cm的身高乘坐空间完全够用后排坐3个胖点的都不挤就是后备箱空间有点小,[舒适],乘坐非常舒适就是隔音效果不是很好,[油耗],刚买回来还在磨合期磨合期以后油耗还能掉点,[动力],提速很快超车很容易,[操控],四驱的车操控性很高,[性价比],基本上能用的东西都有了自己就是开车上下班偶尔出去玩玩完全够用了,
"
    发表于  2019-01    

      
        
    
    
",原车的倒车影像太汽配城了，只能勉强参考，看后视镜比较靠谱。eyesight的防碰撞预警有时候对停车场的升降栏杆过于敏感，栏杆升起中跟的太紧甚至会强行刹停，这个有提升空间。AVH自动驻车功能一定要着车后手动开启，略微有些麻烦。没有随速落锁，一定要手动锁门。,https://image1.xcarimg.com/attachments/my/0/30/19/040_120.jpg,sz+bamboo8,新手上路,4.25,外观,4,内饰,4,空间,4,舒适,4,油耗,4,动力,4,操控,5,性价比,5,购入信息,爱车车型,购入时间,2018/12/1,购车地点, [浙江省],裸车价格,23.18万  (厂商指导价 23.18万),当前油耗,8L/100km,购入用途,上班,购物,爱车简评,还可以，对于不追求百分百完美的我，满足了，2019XV的设计下了很大的功夫,爱车评价,[最满意],混动的动力组合自动驻车自动启停体验很好，加上自适应巡航，适合在各种场景下驾驶，轻松惬意，简直懒人福音。eyesight系统也很好用。大雪天跑高速，我都看不清了，eyesight依然能稳定的提供巡航支持，可以说非常给力了。各种驾驶辅助全家桶堪称无微不至，就连刚开上的新手也能安心驾驶。综合体验佳，感受到了科技进步对驾驶体验的提升。两个字概括：好开！,[不满意],[外观],外观嘛，见仁见智了，我肯定是因为喜欢才买的了，但是我现在身边的人问下来好像反响平平...做工还是很不错的，日本制造的工艺水平还是有保证，每一处都是严丝合缝的。,[内饰],内饰就有点鸡贼了。前排座的车门就是软质包裹的，后排车门就换上了看起来一样但是其实是硬塑料的材质，简直是一目了然的贫穷啊。方向盘手感满分，功能齐全，易用性满分。车机中控设计比较合理，反应也很快，想要看的信息应有尽有。再次点名批评辣鸡的倒车影像。,[空间],这个车子其实是两箱翼豹的底子，所以坐姿还是比较轿车的，座椅调高一点就有点顶头（我一米八）。整体空间ok，后排座位空间比马自达要强，但是比不了本田。储物空间：尾箱因为独立悬挂混动电池组，地台很高，空间利用率有点低。没有地方放停车费过路费发票，扶手箱前面一个小槽不深不浅，有点尴尬。,[舒适],悬架还是比较有高级感的，震动处理比较干脆。高速风噪胎噪都控制的很好，这个比较惊艳，需要点赞。车里主要的噪音源来自发动机，转速一拉上去发动机的噪声就会比较明显。驾驶员座椅很舒服，还有加热功能，很满意了。,[油耗],说是混动的，油耗其实挺一般的（相比crv混动）。我开车属于大油门起步，想踩就踩，随心所欲的那种。现在1500km稳定在8.9L/100km。只能说没有想象中省油，这套混动系统主要还是提升了市区表现，高速油耗没有太明显影响。可能和磨合期有关，再开开看吧～更新：2000公里目前稳定在8.8，估计这个数字会更准确一些。3000公里更新油耗，已经降到8.4升！,[动力],满意，车子其实不大，2.0混动系统推这个车子绰绰有余了，跑高速超个车啥的轻松愉快。混动CVT的动力输出非常平顺，就是偶尔起步电动机切换发动机驱动的时候会有一点顿挫，车子会小蹿一下，熟悉了以后就能控制了。,[操控],这个价位里操控可以说比较无敌了，和我之前的车子一对比简直天上地下。悬架表现优秀，高速过弯侧倾控制的非常好，体感极佳，换了我之前的车子相同速度过这个弯人都东倒西歪了。转向精准，方向盘力度适中。全时四驱也无惧雨雪路面，esp介入及时。,[性价比],我就知道这个车日本买差不多17万左右，国内落地要25了...多出来的部分就是进口的各种税费了。当然了我纳税我光荣，这个无可厚非。国内你想在这个价位找一个对位的四驱，混动的suv车型，似乎也没有。crv四驱混动落地都差不多要30w了，价格差不多的cdx混动没有四驱，还只能买到丐中丐配置。而斯巴鲁xv，23w就能买到顶配了，配置应有尽有，在我看来性价比可以说非常之高了。,展开全部
"
    发表于  2019-01    

      
        
    
    
",原车的倒车影像太汽配城了，只能勉强参考，看后视镜比较靠谱。eyesight的防碰撞预警有时候对停车场的升降栏杆过于敏感，栏杆升起中跟的太紧甚至会强行刹停，这个有提升空间。AVH自动驻车功能一定要着车后手动开启，略微有些麻烦。没有随速落锁，一定要手动锁门。,https://image1.xcarimg.com/attachments/my/0/31/15/052_120.jpg,zc309ip,新手上路,4.25,外观,4,内饰,4,空间,4,舒适,4,油耗,4,动力,4,操控,5,性价比,5,购入信息,爱车车型,购入时间,2018/12/1,购车地点, [浙江省],裸车价格,23.18万  (厂商指导价 23.18万),当前油耗,8L/100km,购入用途,上班,购物,爱车简评,操控因为也没开过传说中的小钢炮，之前家里不是轿车就是五菱，所以没太大感受。不过50.60km过大弯感觉也是挺稳的，没有太大的侧倾,爱车评价,[最满意],混动的动力组合自动驻车自动启停体验很好，加上自适应巡航，适合在各种场景下驾驶，轻松惬意，简直懒人福音。eyesight系统也很好用。大雪天跑高速，我都看不清了，eyesight依然能稳定的提供巡航支持，可以说非常给力了。各种驾驶辅助全家桶堪称无微不至，就连刚开上的新手也能安心驾驶。综合体验佳，感受到了科技进步对驾驶体验的提升。两个字概括：好开！,[不满意],[外观],外观嘛，见仁见智了，我肯定是因为喜欢才买的了，但是我现在身边的人问下来好像反响平平...做工还是很不错的，日本制造的工艺水平还是有保证，每一处都是严丝合缝的。,[内饰],内饰就有点鸡贼了。前排座的车门就是软质包裹的，后排车门就换上了看起来一样但是其实是硬塑料的材质，简直是一目了然的贫穷啊。方向盘手感满分，功能齐全，易用性满分。车机中控设计比较合理，反应也很快，想要看的信息应有尽有。再次点名批评辣鸡的倒车影像。,[空间],这个车子其实是两箱翼豹的底子，所以坐姿还是比较轿车的，座椅调高一点就有点顶头（我一米八）。整体空间ok，后排座位空间比马自达要强，但是比不了本田。储物空间：尾箱因为独立悬挂混动电池组，地台很高，空间利用率有点低。没有地方放停车费过路费发票，扶手箱前面一个小槽不深不浅，有点尴尬。,[舒适],悬架还是比较有高级感的，震动处理比较干脆。高速风噪胎噪都控制的很好，这个比较惊艳，需要点赞。车里主要的噪音源来自发动机，转速一拉上去发动机的噪声就会比较明显。驾驶员座椅很舒服，还有加热功能，很满意了。,[油耗],说是混动的，油耗其实挺一般的（相比crv混动）。我开车属于大油门起步，想踩就踩，随心所欲的那种。现在1500km稳定在8.9L/100km。只能说没有想象中省油，这套混动系统主要还是提升了市区表现，高速油耗没有太明显影响。可能和磨合期有关，再开开看吧～更新：2000公里目前稳定在8.8，估计这个数字会更准确一些。3000公里更新油耗，已经降到8.4升！,[动力],满意，车子其实不大，2.0混动系统推这个车子绰绰有余了，跑高速超个车啥的轻松愉快。混动CVT的动力输出非常平顺，就是偶尔起步电动机切换发动机驱动的时候会有一点顿挫，车子会小蹿一下，熟悉了以后就能控制了。,[操控],这个价位里操控可以说比较无敌了，和我之前的车子一对比简直天上地下。悬架表现优秀，高速过弯侧倾控制的非常好，体感极佳，换了我之前的车子相同速度过这个弯人都东倒西歪了。转向精准，方向盘力度适中。全时四驱也无惧雨雪路面，esp介入及时。,[性价比],我就知道这个车日本买差不多17万左右，国内落地要25了...多出来的部分就是进口的各种税费了。当然了我纳税我光荣，这个无可厚非。国内你想在这个价位找一个对位的四驱，混动的suv车型，似乎也没有。crv四驱混动落地都差不多要30w了，价格差不多的cdx混动没有四驱，还只能买到丐中丐配置。而斯巴鲁xv，23w就能买到顶配了，配置应有尽有，在我看来性价比可以说非常之高了。,展开全部
"
    发表于  2018-12    

      
        
    
    
",早买了两个月，没赶上关税下调。,https://image1.xcarimg.com/attachments/my/0/31/07/318_120.jpg,kklbtuz3,新手上路,4.63,外观,4,内饰,4,空间,5,舒适,5,油耗,5,动力,4,操控,5,性价比,5,购入信息,爱车车型,购入时间,2018/4/1,购车地点, [河南省],裸车价格,19.2万  (厂商指导价 19.18万),当前油耗,7L/100km,购入用途,上班,购物,爱车简评,初段很快，油门很窜（但没有老款的xv窜），但是速度到100以上就不行了，不过这并不妨碍它的日常驾驶,爱车评价,[最满意],操控，驾驶感受，油耗，空调，初段动力很猛,[不满意],[外观],外观没老款粗狂，低配轮毂17寸没有中高配18寸的忍者镖亮眼，车身尺寸感觉刚刚好，属于耐看的类型，不懂logo的亲朋问我是啥车，我说长安北斗星，他们说得十万吧，我说差不多吧，也就那样,[内饰],低配织物座椅，没有彩色屏幕，没有多功能方向盘，没有eyesight，排挡杆没有包皮，而且还是卤素灯。导航基本上没用过，对于一个老司机都能忍受。,[空间],家长胖人不多，五口人乘坐没问题，因传动结构造成后排中间有微微隆起，最佳乘坐人数是四人,[舒适],悬架平路上偏舒适，但过不平路段确感觉到很干脆，,[油耗],表显油耗7.2和7.3之间，最低时候6.8。但一直加95号油，以前的307，1.6自动挡表显7.4，加92。,,,,,[性价比],20万出头，低配，但是全系在发动机，四驱系统上是一致的，差价都是舒适性的配置，eyesight，真皮座椅，彩色大屏，轮胎尺寸，等等。这些对我来说没有必要。鸡肋配置：自动启停，一上车就关闭，很难控制，轻踩就触发，重踩再次启动，感觉很鸡肋很鸡肋。期待的配置：原厂导航，据说是到了国内之后阉割掉了，但是偏偏又有一个才carplay功能，却又不能用，据说自己很难匹配。标配配置：四驱系统，新调教过后的水平对置发动机，据说是钢带的cvt变速器,展开全部
"
    发表于  2018-12    

      
        
    
    
",豪华版木有led灯,https://image1.xcarimg.com/attachments/my/0/31/07/620_120.jpg,blue131313x0,新手上路,4.75,外观,5,内饰,5,空间,4,舒适,5,油耗,4,动力,5,操控,5,性价比,5,购入信息,爱车车型,购入时间,2018/5/7,购车地点, [陕西省],裸车价格,22.48万  (厂商指导价 21.18万),当前油耗,11L/100km,购入用途,上班,购物,爱车简评,23.98包牌价，居然没有一键启动，没有氙气大灯，没有升级钥匙。这些都在最高配才有，坑爹，这个版本再便宜两万就性价比高了,爱车评价,[最满意],操控越野,[不满意],[外观],简单大气珠光白骚气的很,[内饰],简约大气运动年轻,[空间],空间比较足够，本人179cm，表示完全够用。行李不如之前现代胜达菲容量大，毕竟这个5座和那个7座比不了，但是七座的保险也贵呀～哈哈,[舒适],喜欢斯巴鲁的运动救不要追求奔驰的舒适喽，舒适程度适中,[油耗],新车加了95号油，12个油，有点略高，希望磨合过了到8以下吧,[动力],车身较轻，发动机重心低，所以讲真操控性很好，有点略微像之前开过的小钢炮GTI，而且配合cvt一点顿挫感都没有，轻松上120麦,[操控],方向盘市区较轻，但是开到快速路和高速还是很紧的，配备了道路保持，一偏离车道就感觉有个得力的助手把你揪回来，感觉不错,[性价比],本来打算买x1，但是看看这个价格的x1吧，三缸乞丐版，呵呵,
"
    发表于  2018-12    

            
    
    
",ES系统两个镜头，自动大灯一个镜头，行车记录仪一个镜头，前面一共四个镜头，很难看。而且因为ES系统还不让前挡风玻璃贴膜，隐私无法保障。,https://image1.xcarimg.com/attachments/my/0/30/96/649_120.jpg,我是谁ab23,新手上路,4.13,外观,3,内饰,3,空间,4,舒适,5,油耗,5,动力,5,操控,5,性价比,3,购入信息,爱车车型,购入时间,2018/5/13,购车地点, [北京市],裸车价格,23.18万  (厂商指导价 22.18万),当前油耗,11L/100km,购入用途,自驾游,跑长途,爱车简评,如果你对空间和动力没有特别大的需求，它绝对是一辆值得拥有的车。开了斯巴鲁后你才知道什么是开车。,爱车评价,[最满意],驾驶感受超级棒！得益于合适的尺寸，极小的转向比，灵敏的方向盘，转向精准，再加上强大的ES功能，驾驶感受好到爆，无可挑剔。即使是在暴雨如注的高速路上，跑120码依旧稳稳当当，超车绝不拖泥带水，没有任何打滑现象，四轮驱动给驾驶者极大的安全信心。新车油耗满意，高速只跑了100公里，油耗立马下降到百公里6.7升，十足的惊喜。外观也是自己所喜欢的，大小适中，平常穿梭于城市道路之中，游刃有余的感觉，停车也方便。内饰个人感觉也足够精致了，该有的功能全都有，车内储物空间也比较丰富，足够用了。顶配版的大灯非常好，漂亮且实用。新车基本没什么味道，一点新车皮革味儿，一周左右就彻底不可闻了。220MM的离地间隙在同级别当中绝对屈指可数，期待哪天能够带自己去轻度越个野，哈哈。另外，这车的噪音我觉得也还行，绝对在可接受的范围内。,[不满意],[外观],外观个人感觉很满意，无论车头、车尾，侧身线条设计，感觉很符合自己的审美标准。车身大小尺寸也是自己所中意的。不喜欢太大的车。大灯和尾灯都挺漂亮，车子做工很好，车漆光亮，接缝匀称，没有什么不满意的地方。,[内饰],中控样式中规中矩，特别喜欢仪表盘及中控上方两块液晶仪表的设计，显示清晰，内容丰富，给驾驶者提供相当全面的行车帮助，值得称赞。车内软性材质用得比较多，没有异味，到现在也未出现什么异响。,[空间],前排调整舒服后坐后排完全没问题。乘坐空间够用，储物空间尚可。坐四个大人很舒服，5个也可凑合短途。储物空间：后备箱比森林人紧凑，但是后排好在能放到，拉大东西的时候放到后排就可以。,[舒适],舒适性一般吧，一分钱一分货，虽然比不上三十万以上的车，但是比二十万以内的车好。就像人生一样，永远比上不足比下有余…,[油耗],跑高速，一箱油跑个800轻轻松松。,[动力],2.0的动力，够用，超个车还是可以胜任的。加速表现：超车还算说的过去吧，超个BBA有点力不从心，10多万的国产车还是可以应付的。动力平顺性：得益于水平对置发动机，加上自然吸气，平顺性值得肯定。跑高速：跑高速绝对不会拖泥带水，120~140之间游刃有余。横向对比：2.0自吸发动机里，斯巴鲁的水平对置发动机确实可圈可点。,[操控],转向精准。山路：可以说是山路利器，全时四驱应对连续弯道和湿滑路面，确实是强悍。底盘及悬架：支撑到位。过个沟沟坎坎的，底盘没有异响，悬架校调的也很舒服，座的时间长了也不累，坐个5~6个小时没问题。雨雪泥泞路面：全时四驱对于一般烂路和雨雪天气绰绰有余。,[性价比],该车谈不上什么性价比，如果不是整车进口身份，合资的话估计也就十六七万的最多了。买车不要讲究性价比，在能接受的价钱范围内挑自己第一眼看上喜欢的就好嘛。对比来对比去，你会忘记你的初心哦。,
"
    发表于  2018-12    

      
        
    
    
",后排座椅较小，后备箱太小，卤素灯太low，钥匙太low......,https://image1.xcarimg.com/attachments/my/0/30/19/048_120.jpg,卢桥实dkoy0,新手上路,4,外观,5,内饰,5,空间,4,舒适,4,油耗,3,动力,5,操控,5,性价比,1,购入信息,爱车车型,购入时间,2018/10/1,购车地点, [上海市],裸车价格,22.28万  (厂商指导价 21.18万),当前油耗,11L/100km,购入用途,上班,购物,爱车简评,内饰稍微有点硬，有点土就能看出来，买个表板蜡看起来就会好一点吧两块屏，开车的时候那个上面的小屏es可以显示捕捉车辆信息。,爱车评价,[最满意],车身钢性好，操控好，外观个性，内饰精致，四驱性能强，cvt加速平顺！,[不满意],[外观],外观没说的，太个性！有人喜欢有人讨厌！除了卤素灯太low了，其他没缺点车灯设计：es豪华这方面太不豪华了，卤素蜡烛灯.....轮毂：轮毂造型一般，算用心设计过了，但是并不算好看！只能算是个个性！,[内饰],内饰简洁，大气，缝线加得很赞！整体衔接的很好！比起上一代简直是飞跃！多媒体车机：车机比较low，没有carplay！没有sd卡！感觉就是个山寨货钥匙钥匙钥匙：这钥匙太low了，电瓶车吗？虽然法拉利也用这样的钥匙，但这六个星星的和法拉利相提并论太牵强了！,[空间],前排毫无压力，后排略小，后备箱太小前排毫无压力后排略拥挤后备箱小，勉强够用放行李：后备箱小，和明锐完全没法比，虽然能放倒，但在同级别里还是算小的，车顶行李架需要利用起来，装个行李框，能应急！,[舒适],比轿车避震硬一点，但不颠。座椅包裹性一般，侧向支撑没有老明锐好。空调：自动空调方便，基本上设定25度之后很长一段时间就不需要再调整。座椅加热实用，上车一会就能感觉到热了，效果很好。噪音控制的不错，主要还是风噪。普利司通的轮胎还是很安静的,[油耗],1000公里，市区11升，最为2.0的新车，算正常。新车磨合加冬季低温的关系油耗偏高,[动力],2.0自吸带动1.4吨的车，只能说刚刚够用，不过cvt非常给力，起步扭矩还是可以的，动力很强，能窜！动力平顺性：CVT就是为平顺而生的，完全没有感觉，速度就上去了，转速可以保持不变！斯巴鲁的钢链式cvt，可承受扭矩更大，能满足轻度越野，跑高速：高速上跑100码，转速1700，120码也不超过2000转，贼省油！加速表现：0-60动力充足，一点就有！60-100，动力一般，加速慢，100以上动力弱！,[操控],方向盘没有虚位，加上避震偏运动，指哪打哪！,[性价比],进口车没性价比可言，税费摆着！但是拥有傲人的水平对置发动机和全时四驱这两项，全世界没有第二个品牌了！所以，性价比看你怎么比了！标配配置：eyesight必须有，太实用了！定速，自适应巡航，车道保持！适合新手！期待的配置：led大灯全系标配，全景天窗，全车车窗一键升降，行车自动落锁，下雨自动关窗，钥匙遥控关窗......,展开全部
"
    发表于  2018-12    

      
        
    
    
",可能觉得后备箱的空间确实算不上大，但一家三口应该够用了。,https://image1.xcarimg.com/attachments/my/0/31/07/625_120.jpg,jimmy_zyzbnp,新手上路,4.75,外观,5,内饰,5,空间,4,舒适,5,油耗,5,动力,4,操控,5,性价比,5,购入信息,爱车车型,购入时间,2018/3/1,购车地点, [湖北省],裸车价格,22.68万  (厂商指导价 22.18万),当前油耗,7L/100km,购入用途,上班,自驾游,爱车简评,该车谈不上什么性价比，如果不是整车进口身份，合资的话估计也就十六七万的最多了。买车不要讲究性价比，在能接受的价钱范围内挑自己第一眼看上喜欢的就好嘛。对比来对比去，你会忘记你的初心哦。,爱车评价,[最满意],驾驶感受超级棒！得益于合适的尺寸，极小的转向比，灵敏的方向盘，转向精准，再加上强大的ES功能，驾驶感受好到爆，无可挑剔。即使是在暴雨如注的高速路上，跑120码依旧稳稳当当，超车绝不拖泥带水，没有任何打滑现象，四轮驱动给驾驶者极大的安全信心。新车油耗满意，高速只跑了100公里，油耗立马下降到百公里6.7升，十足的惊喜。外观也是自己所喜欢的，大小适中，平常穿梭于城市道路之中，游刃有余的感觉，停车也方便。内饰个人感觉也足够精致了，该有的功能全都有，车内储物空间也比较丰富，足够用了。顶配版的大灯非常好，漂亮且实用。新车基本没什么味道，一点新车皮革味儿，一周左右就彻底不可闻了。220MM的离地间隙在同级别当中绝对屈指可数，期待哪天能够带自己去轻度越个野，哈哈。另外，这车的噪音我觉得也还行，绝对在可接受的范围内。,[不满意],[外观],外观个人感觉很满意，无论车头、车尾，侧身线条设计，感觉很符合自己的审美标准。车身大小尺寸也是自己所中意的。不喜欢太大的车。大灯和尾灯都挺漂亮，车子做工很好，车漆光亮，接缝匀称，没有什么不满意的地方。,[内饰],中控样式中规中矩，特别喜欢仪表盘及中控上方两块液晶仪表的设计，显示清晰，内容丰富，给驾驶者提供相当全面的行车帮助，值得称赞。车内软性材质用得比较多，没有异味，到现在也未出现什么异响。,[空间],通常一家三口乘坐，车内空间足够，储物空间也够，只是后备箱感觉稍微小了一些。,[舒适],座椅舒适性很好，车内噪音控制得也不错。空调给力。,[油耗],平常在城市拥堵状态下，油耗10.5，上高速跑到100公里，立马降到6.7，感觉油耗还是很低的，况且这还是新车磨合期内。,[动力],2.0的动力配上1477KG的车身质量，动力感觉还可以，加上CVT变速箱，开起来感觉很平顺，时速100公里以下提速没什么问题。跑高速120感觉也蛮好，没有感觉动力不足的现象。超车很干脆。,[操控],方向盘力度适中，完全没有虚位，转向非常清晰，指向精准。掉头、并线十分顺畅，驾驶感觉绝对让人感到酣畅淋漓，没有丝毫拖泥带水之感。高速入弯车身侧倾控制得很好，给人十足信心。暴雨天行驶，轮胎抓地力非常强，即便高速行驶也没有任何侧滑现象出现。,[性价比],性价比这东西见仁见智，我自己感觉这车值得。,展开全部
"
    发表于  2018-12    

      
        
    
    
",后视镜不会锁车自动折叠、没有开车自动落锁、只有前两个车窗有一键升降，这些功能都很实用却连顶配车都没有，而且这些功能的成本并不高。最最不满意的是中控用的百度carlife，太垃圾了！！,https://image1.xcarimg.com/attachments/my/0/31/14/528_120.jpg,cavcavbf018,新手上路,4.63,外观,5,内饰,5,空间,4,舒适,5,油耗,4,动力,4,操控,5,性价比,5,购入信息,爱车车型,购入时间,2018/10/1,购车地点, [江苏省],裸车价格,20.68万  (厂商指导价 22.18万),当前油耗,8L/100km,购入用途,上班,接送小孩,爱车简评,2.0已经够用，高速上可以放到180，120的时候加速不如2.0t车，80以内完全没问题,爱车评价,[最满意],底盘及操控很好,[不满意],[外观],反正我很喜欢,[内饰],简洁实用,[空间],乘坐空间完全没问题，但后备箱偏小不过也够用了。,[舒适],谁坐谁知道,[油耗],郊区7-8、市区9-10控制好油门刹车开进6个油不是问题,[动力],起步很快，动力平顺，平时2.0自然吸气够用了,[操控],完美,[性价比],还是那句话：进口，性能强大的全时四驱。20w的价格有什么理由拒绝呢,
"
    发表于  2018-11    

      
        
    
    
",动力较软,https://image1.xcarimg.com/attachments/my/0/31/07/629_120.jpg,zhy33aehl,新手上路,4.38,外观,5,内饰,5,空间,4,舒适,4,油耗,5,动力,3,操控,5,性价比,4,购入信息,爱车车型,购入时间,2018/3/15,购车地点, [甘肃省],裸车价格,23.48万  (厂商指导价 22.18万),当前油耗,8L/100km,购入用途,上班,,爱车简评,小振动过滤很好，大颠簸车体紧凑，能够较好贴合地面，不至于将人晃起。过减速带感觉一般，有较大颠簸。,爱车评价,[最满意],外观和内饰，安全配置,[不满意],[外观],时尚，有特点。,[内饰],无可挑剔,[空间],前后排还可以，尤其后排坐人还算宽敞。后备箱中规中矩，就是紧凑型级别，一般家用也够用。,[舒适],小振动过滤很好，大颠簸车体紧凑，能够较好贴合地面，不至于将人晃起。过减速带感觉一般，有较大颠簸。,[油耗],刚提车26个油耗，跑完四百公里后降到8个，后续应该还能降低（磨合期高速路行驶较多）。,[动力],80分界，前段动力够用，后段偏软，尤其100-120（以上没试，新车）遇上坡就有些不尽如人意，不能随心所欲。动力平顺性：换挡平顺，无顿挫感，升档较快，但起步稍有延迟。,[操控],得心应手，不愧斯巴鲁。市区，国道，高速均有特点，表现良好。底盘及悬架：悬架紧凑，整体感非常强，支撑好，颠簸路段，转弯山路等非常有信心。,[性价比],购车选车首先要迎合各人用车需求。性价比不好衡量，因为斯巴鲁是小众品牌，也是偏向性能车，所以与市场大众畅销车型没有较大比较价值。我喜欢，我就觉得值。,
"
    发表于  2018-11    

      
        
    
    
",后备箱稍小,https://image1.xcarimg.com/attachments/my/0/31/07/618_120.jpg,wangzhen00lv,新手上路,4.75,外观,5,内饰,4,空间,4,舒适,5,油耗,5,动力,5,操控,5,性价比,5,购入信息,爱车车型,购入时间,2018/2/5,购车地点, [山东省],裸车价格,22万  (厂商指导价 21.18万),当前油耗,9L/100km,购入用途,上班,,爱车简评,喜欢斯巴鲁的运动救不要追求奔驰的舒适喽，舒适程度适中，自己喜欢最重要,爱车评价,[最满意],eyesight系统很好用，后排空间没那么小,[不满意],[外观],XV的外观没得说呀，非常喜欢这种跨界类的小车，但又不会损失太多空间。,[内饰],内饰总体满意，但20多万的车这个水平还是有点遗憾,[空间],本人187，驾驶头部还有4指距离，可能是腿长，哈哈。后排我驾驶座位不变的情况下，腿部离前面还有三指多，不像想象中那么小。后备箱稍小些，不过也能放下25寸的旅行箱了。,[舒适],悬架比上一代和你现款森林人调教的偏舒适，我觉得刚好完美。,[油耗],磨合期原因均速只有15，油耗8.5靠上，总体来说全时4驱这个油耗已经很满意了。,[动力],2.0足够家用，磨合期没敢深踩油门，依旧感觉动力还不错。,[操控],操控没得说，转向精准，路感清晰且不细碎。,[性价比],有些人觉得不值，说25万买个这样的车可以换crv了。我觉得还很值，25万买个进口车，保养又不贵，还省心，最重要的还有更高的安全技术体验。,
"
    发表于  2018-11    

      
        
    
    
",2.0搭配cvt动力表现偏弱，启停如鸡肋，震动又大，像拖拉机的机头，还有就是没有CarPlay，只有carlife，不好用，不过用蓝牙也凑合。,https://image1.xcarimg.com/attachments/my/0/30/19/045_120.jpg,西羊夏赛qrx,新手上路,3.63,外观,3,内饰,4,空间,4,舒适,4,油耗,4,动力,1,操控,5,性价比,4,购入信息,爱车车型,购入时间,2018/9/1,购车地点, [广东省],裸车价格,19.98万  (厂商指导价 19.18万),当前油耗,9L/100km,购入用途,自驾游,,爱车简评,外观没老款粗狂，低配轮毂17寸没有中高配18寸的忍者镖亮眼，车身尺寸感觉刚刚好，属于耐看的类型，不懂logo的亲朋问我是啥车，我说长安北斗星，他们说得十万吧，我说差不多吧，也就那样,爱车评价,[最满意],操控一流，特别在过一些减速带，底盘表现很有韧性，给驾驶者足够信心，另外高速进匝道弯道非常稳。,[不满意],[外观],外观设计怎么看还是不辣么好看，偏小气，不过主要买给家里老婆大人用的，将就一下开吧。,[内饰],内饰实用简洁，充分体现斯巴鲁的工程师文化,[空间],本人180，前后都没问题，出外坐四个成年人人完全没问题，这次2018款空间比老款强了很多。,[舒适],悬挂偏舒适，座椅支撑也很好，后排座椅比想象的要软。,[油耗],油耗没怎么注意，新车总会耗油些，大概八九升吧,[动力],动力偏弱，没有2.5或者2.0T可惜了，有次看陈震试这款车也提到动力和操控不匹配的问题，当时还以为他要求高，谁知开了才知道真是如此，希望今后有更大排量的发动机。,[操控],斯巴鲁的底盘功夫不得不服，很好的过滤不平的路面，开起来很稳，特别是高速过弯，倾侧很小,[性价比],预算准备了20～25万吧，看了QX30，minicountryman，cdx，对比之后，还是觉得斯巴鲁叉v在技术上最有特点，性价比也不错，其他合资车有四驱的也要将近二十万，毕竟这个价位可以买到全进口的四驱suv，水平对置发动机。现在买车看性价比不能光看参数和一些没用的花哨配置，自己驾驶感受舒服就已经值了。准备以后自己那部奥德赛换车就换傲虎了。,展开全部
"
    发表于  2018-11    

      
        
    
    
",车漆有点薄，噪音控制的不好，储物空间不多，后备箱小。,https://image1.xcarimg.com/attachments/my/0/31/19/068_120.jpg,cwenn,新手上路,4.63,外观,4,内饰,5,空间,4,舒适,5,油耗,5,动力,4,操控,5,性价比,5,购入信息,爱车车型,购入时间,2018/9/1,购车地点, [重庆市],裸车价格,20.8万  (厂商指导价 22.18万),当前油耗,10L/100km,购入用途,上班,,爱车简评,动力起步阶段一般，不过对于我这种佛系开车的人也够了，目前还没过磨合期，最高开过100，高速上一般还是不要超过140的车速为好,爱车评价,[最满意],最满意自动大灯和全时四驱和进口车品质，基本没有异味，音响效果对于我这种要求不高的觉得还行。,[不满意],[外观],外观漂亮，用料符合20万的定位。,[内饰],风格是我喜欢的,[空间],我自己身高不高，前排可以，后排坐两个大汉没问题，三个成年人只能说将就。不适合满载下长途，但是后排纵向空间还是可以。,[舒适],舒适不错，比320好。座椅支撑也不错。,[油耗],目前10升，应该还有非常大的下降空间。,[动力],动力起步阶段一般，不过对于我这种佛系开车的人也够了，目前还没过磨合期，最高开过100，高速上一般还是不要超过140的车速为好,[操控],操控非常好，很干脆。跟我我原来的宝马差不多，不过还是差那么一点点，主要是来自方向盘的信心上,[性价比],在20万左右，非常推荐。,
"
    发表于  2018-10    

      
        
    
    
",后排没有出风口！！！这个是最不能理解的，在跑高速的时候噪音还是有的，需要做一做隔音处理，车门缝以后备箱缝都需要弄，后备箱如果矮一点就好了,https://image1.xcarimg.com/attachments/my/0/31/19/064_120.jpg,guoyang2001b,新手上路,4.88,外观,5,内饰,5,空间,4,舒适,5,油耗,5,动力,5,操控,5,性价比,5,购入信息,爱车车型,购入时间,2018/9/1,购车地点, [北京市],裸车价格,20.5万  (厂商指导价 22.18万),当前油耗,8L/100km,购入用途,上班,购物,爱车简评,买这车就不是冲着颜值去的，但整体接受度还是不错，可能我不太喜欢太风骚的吧，中规中矩挺好的,爱车评价,[最满意],操控是首位的满意，油耗也是可以，内饰和外观都很满意，车身颜色在路上相对比较少见，走独特风格，全新的SGP平台的安全性相比上一代安全性也有提升，并且还有独特的ES功能，弄个行车记录仪，MaMa再也不担心碰瓷的人了，ES功能还是很强大的，主动刹车还是比较吓人。,[不满意],[外观],对比上一代已经很好了，选择了个少见的颜色，感觉还不错,[内饰],个人感觉已经很满足了，橙色的线比较独特，虽然看着塑质感比较多，又不是高档豪华车不用在意太多,[空间],本人身高180出头，无压力，平时也只有自己开，前排座椅弄好之后，后排腿部空间富裕不少，平时都是一个人自己开，后备箱不算特别大，主要是有备胎占地儿，再加上后悬架也比较高，所以后备箱日常使用也够乐,[舒适],皮质座椅，不过还是需要弄个坐垫的，因为座椅上有小孔，如果有脏东西进去了不好清洗，,[油耗],城市7.6个左右可以了，北京堵车样子走走停停，一箱油跑700多公里是不成问题的,[动力],在城市内开是够够的了，0-80提速虽然没有涡轮的快，但是响应速度是可以的,[操控],开过的都知道操控的好，转向很精准，方向盘一点也不虚啊,[性价比],斯巴鲁买的就是四驱和水平对置，对于经常在城市开的人来说已经很可以了,展开全部
"
    发表于  2018-10    

      
        
    
    
",2.0搭配cvt动力表现偏弱，启停如鸡肋，震动又大，像拖拉机的机头，还有就是没有CarPlay，只有carlife，不好用，不过用蓝牙也凑合。,https://image1.xcarimg.com/attachments/my/0/30/96/728_120.jpg,pingchang7,新手上路,3.63,外观,3,内饰,4,空间,4,舒适,4,油耗,4,动力,1,操控,5,性价比,4,购入信息,爱车车型,购入时间,2018/6/15,购车地点, [四川省],裸车价格,19.98万  (厂商指导价 19.18万),当前油耗,9L/100km,购入用途,自驾游,,爱车简评,总的来说二十万出头儿的裸车价位，整车进口，水平对置发动机，左右对称全时四驱系统，一个字——值！,爱车评价,[最满意],操控一流，特别在过一些减速带，底盘表现很有韧性，给驾驶者足够信心，另外高速进匝道弯道非常稳。,[不满意],[外观],外观设计怎么看还是不辣么好看，偏小气，不过主要买给家里老婆大人用的，将就一下开吧。,[内饰],内饰实用简洁，充分体现斯巴鲁的工程师文化,[空间],本人180，前后都没问题，出外坐四个成年人人完全没问题，这次2018款空间比老款强了很多。,[舒适],悬挂偏舒适，座椅支撑也很好，后排座椅比想象的要软。,[油耗],油耗没怎么注意，新车总会耗油些，大概八九升吧,[动力],动力偏弱，没有2.5或者2.0T可惜了，有次看陈震试这款车也提到动力和操控不匹配的问题，当时还以为他要求高，谁知开了才知道真是如此，希望今后有更大排量的发动机。,[操控],斯巴鲁的底盘功夫不得不服，很好的过滤不平的路面，开起来很稳，特别是高速过弯，倾侧很小,[性价比],预算准备了20～25万吧，看了QX30，minicountryman，cdx，对比之后，还是觉得斯巴鲁叉v在技术上最有特点，性价比也不错，其他合资车有四驱的也要将近二十万，毕竟这个价位可以买到全进口的四驱suv，水平对置发动机。现在买车看性价比不能光看参数和一些没用的花哨配置，自己驾驶感受舒服就已经值了。准备以后自己那部奥德赛换车就换傲虎了。,展开全部
"
    发表于  2018-10    

      
        
    
    
",感觉自动启停没什么意义，每次得手动关闭。,https://image1.xcarimg.com/attachments/my/0/30/96/727_120.jpg,hmh888x9,新手上路,5,外观,5,内饰,5,空间,5,舒适,5,油耗,5,动力,5,操控,5,性价比,5,购入信息,爱车车型,购入时间,2018/3/22,购车地点, [天津市],裸车价格,20.48万  (厂商指导价 19.18万),当前油耗,9L/100km,购入用途,上班,,爱车简评,看了QX30，minicountryman，cdx，对比之后，还是觉得斯巴鲁叉v在技术上最有特点，性价比也不错，其他合资车有四驱的也要将近二十万，毕竟这个价位可以买到全进口的四驱suv,爱车评价,[最满意],外观漂亮，提速快，更主要是情怀，一日SUBALU终身SUBALU。,[不满意],[外观],外观设计很时尚，2018款更运动，更年轻化，更充满活力。,[内饰],日系车的内饰我一直都很喜欢，中规中矩，虽不张扬，但很耐看。,[空间],乘坐空间：本人身高1.78米，头顶一拳有余。后排空间两个成人没问题，如果坐三个人，中间座位有些局促，长途行车应该有些累。,[舒适],空调很棒，风机噪音小，自动模式很便捷，旋钮阻尼手感很好。,[油耗],城市路段表现：目前新车市内15.8左右，相信走合期后会降下来的。,[动力],加速表现：提速轻快，加速线性。因为是新车，所以没敢开太快，毕竟是新车嘛，所以感觉无论哪里都挺好！,[操控],自动启停：感觉这个设置没什么意义，每次都需要手动关闭，有些麻烦。底盘及悬架：底盘很稳，颠簸过滤的很好，虽然不能和轿车相比，但是比荣放强多了，试驾过荣放，能颠死你！,[性价比],总的来说二十万出头儿的裸车价位，整车进口，水平对置发动机，左右对称全时四驱系统，一个字——值！,
"
    发表于  2018-10    

      
        
    
    
",20多万多车子居然没有副驾驶电动座椅，引擎盖居然是手杆撑多，我是通过BAO买了一对在4S店装的；感觉自动远近光灯有点鸡肋，不太好用，后备箱基本够用了，还有，钥匙太丑了，手扶箱很深，没有隔层，后排没有空调。但是阿克苏售后因为搬家，和大众合并，感觉售后就不是不是很专业，而且干什么都要工时费。,https://image1.xcarimg.com/attachments/my/0/30/96/726_120.jpg,yahanafik,新手上路,4.25,外观,4,内饰,4,空间,4,舒适,4,油耗,5,动力,4,操控,5,性价比,4,购入信息,爱车车型,购入时间,2018/4/22,购车地点, [新疆省],裸车价格,21万  (厂商指导价 21.18万),当前油耗,8L/100km,购入用途,上班,购物,爱车简评,性价比总体一般，特别比同级别车少了无钥匙进入，一键启动。进口车，税费多，优惠少。看在是四驱车、原装进口、操控好、大小合适这几点还是选了这款车。,爱车评价,[最满意],功能完备、动力灵活，音响（低音）效果超棒，隔音还是能够接受，空间上没有想象的那么小，我184的身高完全够用，后排空间不错。超车没压力，县城高速95#6毛左右。ES系统很安全，跟车的时候主动刹车的效果不错，就是刹车的时候不太温柔；轨道偏离系统提示也蛮灵敏的，我在高速上跑起来，压线的时候干酒方向盘会往回抽一点，如果提前打转向灯就不会提示，而且方向盘不会往回抽。,[不满意],[外观],外观还是很年轻的，尤其是车轱辘。刚买了车，去加油站的时候，门卫说买了一个好车子。做工车漆：金属漆，洗完车还是蛮亮的。前挡风玻璃按照说明书的要求，基本上是贴不成膜，会比较的晒，但是为了ES系统，算了。车灯设计：车灯好像不是LED的，那个远近光灯自动调节不是很实用，车灯可以上下调节，远灯还是很不错的,[内饰],内饰稍微有点硬，有点土就能看出来，买个表板蜡看起来就会好一点吧两块屏，开车的时候那个上面的小屏es可以显示捕捉车辆信息。异味异响：新车皮子味道很重，买了蜡炭包好了一点，车子目前没有什么异响。仪表中控：仪表盘两个都是液晶屏，感觉很有科技感，晚上回家的时候，下车还给你晚安。中间是液晶的，信息量满满的多媒体车机：这个多媒体是LIUS系统的，CARLIFE不是很好用，总是断，方向盘上不能直接由导航变成音乐，比较麻烦，导航不能用首字母，不是很方便。而且告诉大家一个技巧，开车的时候，手机蓝牙是连不上的，必须熄火拉手刹才可以。手感材质：不喜欢用触屏，还好音量键是实体键，不知道这个屏怎么息屏，高速晚上的时候不方便。,[空间],我184，空间上完全够了，没有当初的忧虑，一般两个人用来上班完全够了。储物空间：后排的空间两个人够了，不够就把后排放倒，三个胖子要凑合一下。这两天装了几个箱子，略显不足啊。乘坐空间：后排的中间因为有传动轴，会凸出来，坐三个人的话，中间的会难受一点，还有就是主驾的靠背没有腰部支撑，后背上没有兜,[舒适],舒适度不错，尤其是悬挂和座椅的搭配，很舒适，过减速带不是很硬空调：空调制冷不错，中间的空调往下推就关闭了，但是一开空调，皮子味道会很大。行驶舒适性：过减速带没有压力，尤其对于新疆的土减速带。,[油耗],平均6毛高速路段表现：高速在120KM，7个油左右，工薪族总体感觉可以接受，风噪可以接受,[动力],提速还不错，超车没问题加速表现：加速平稳，没有顿挫感，超车的时候信息满满，倒是想开出推背的感觉还是算了吧。,[操控],单手操控不错，媳妇开起来没有压力，方向盘尺寸大小比较适宜。山路：跑了跑隔壁路，不是很颠簸，悬挂表现还是不错底盘及悬架：底盘蛮规整的，车子上了驾我去看了的，跑起来还是四稳八平的横向对比：我觉得比XRV和逍客都要好的，但是和卧车比起来要差一些,[性价比],进口车这个价格还是对得起的，要是预算不错，就买森林人啦鸡肋配置：倒车影像没有倒车轨迹，看的台湾版的就有。副驾驶没有电动座椅。期待的配置：副驾驶有电动座椅就好了，或者后排有空调会比较不错，希望车灯能升级。,展开全部
"
    发表于  2018-10    

      
        
    
    
",钥匙后排没空调出风口。,https://image1.xcarimg.com/attachments/my/0/30/96/725_120.jpg,hailfire99y5,新手上路,4.38,外观,5,内饰,3,空间,5,舒适,3,油耗,5,动力,5,操控,4,性价比,5,购入信息,爱车车型,购入时间,2018/6/18,购车地点, [湖南省],裸车价格,22.48万  (厂商指导价 21.18万),当前油耗,13L/100km,购入用途,上班,接送小孩,爱车简评,性价比主要体现在看不见的地方，发动机，四驱系统等等，特别是Es系统，值得拥有,爱车评价,[最满意],Es挺好用。网上在高速上都能用。,[不满意],[外观],媳妇喜欢外观上网看了一眼就喜欢,[内饰],很多都给旧款要好但是钥匙要ou了一键启动也没。,[空间],我身高170cm前后排都够用。但是后排中间地板有凸起。但是还能接受。,[舒适],舒适感还可以听说给旧款好多。隔音还不错。空调差评……20几万的车居然后排没出风口。不过空调够凉就是没出风口差评差评。,[油耗],提车当天在花都提车回清远平均4.5l油耗……平时油耗1112全四驱来说能接受了。估计以后会往下降高速路段表现：高速很省油。es晚上也能用…………………,[动力],相比以前的迈腾没迈腾好开。,[操控],买给老婆的安全就好。别谈操控……,[性价比],有点贵但是媳妇喜欢……只能买。,
"
    发表于  2018-10    

      
        
    
    
",22万的居然还是插钥匙的，日间行车灯，居然是卤素灯，而且还是和雾灯在一起，大白天的人家都以为我傻呼呼的开个雾灯在跑,https://image1.xcarimg.com/attachments/my/0/30/96/722_120.jpg,lijunhuihns0,新手上路,4,外观,4,内饰,4,空间,4,舒适,3,油耗,4,动力,4,操控,5,性价比,4,购入信息,爱车车型,购入时间,2018/7/15,购车地点, [新疆省],裸车价格,22.48万  (厂商指导价 21.18万),当前油耗,10L/100km,购入用途,上班,自驾游,爱车简评,进口车没性价比可言，税费摆着！但是拥有傲人的水平对置发动机和全时四驱这两项，全世界没有第二个品牌了,爱车评价,[最满意],安全性，操控，四驱，外观,[不满意],[外观],外观感觉还是很个性，很小巧,[内饰],内饰感觉还是没跟上时代，不过明显比以前还是有进步的，毕竟斯巴鲁和三菱是一样的，他们的重点不在这里,[空间],本人身高173，平时两个人上下班，所以空间对我们来说够用了,[舒适],悬架感觉还行，滤震性一般，胎胎也一般，毕竟性能车你不能去要求他太多,[油耗],目前开了400公里，主要市区路段，新车刚开始油耗12，然后就降下来了，现在市区9.7，等过了磨合期可能还会降下去,[动力],动力我感觉还行，由于是新车，还在磨合期，目前只在市里开，也没敢使劲踩油门，再一个CVT的变速箱主打是平顺，不像AT感觉那么快，不过对于这款车来说够用了。,[操控],操控我感觉很不错，因为之前开的车是福克斯，操控也很不错，XV虽然是SUV，但日系车里操控做的好的也就只有斯巴鲁和马自达了，所以我对这个车的操控还是很满意的,[性价比],22万4千8的价格买一个全时四驱，水平对置，全车进口，安全性还那么好的车感觉还是很不错了。,展开全部
"
    发表于  2018-10    

      
        
    
    
",后排座椅较小，后备箱太小，卤素灯太low，钥匙太low......,https://image1.xcarimg.com/attachments/my/0/30/96/721_120.jpg,SHANGm,新手上路,4,外观,5,内饰,5,空间,4,舒适,4,油耗,3,动力,5,操控,5,性价比,1,购入信息,爱车车型,购入时间,2018/6/16,购车地点, [上海市],裸车价格,22.28万  (厂商指导价 21.18万),当前油耗,11L/100km,购入用途,上班,购物,爱车简评,性价比总体一般，特别比同级别车少了无钥匙进入，一键启动。进口车，税费多，优惠少。看在是四驱车、原装进口、操控好、大小合适这几点还是选了这款车。,爱车评价,[最满意],车身钢性好，操控好，外观个性，内饰精致，四驱性能强，cvt加速平顺！,[不满意],[外观],外观没说的，太个性！有人喜欢有人讨厌！除了卤素灯太low了，其他没缺点车灯设计：es豪华这方面太不豪华了，卤素蜡烛灯.....轮毂：轮毂造型一般，算用心设计过了，但是并不算好看！只能算是个个性！,[内饰],内饰简洁，大气，缝线加得很赞！整体衔接的很好！比起上一代简直是飞跃！多媒体车机：车机比较low，没有carplay！没有sd卡！感觉就是个山寨货钥匙钥匙钥匙：这钥匙太low了，电瓶车吗？虽然法拉利也用这样的钥匙，但这六个星星的和法拉利相提并论太牵强了！,[空间],前排毫无压力，后排略小，后备箱太小前排毫无压力后排略拥挤后备箱小，勉强够用放行李：后备箱小，和明锐完全没法比，虽然能放倒，但在同级别里还是算小的，车顶行李架需要利用起来，装个行李框，能应急！,[舒适],比轿车避震硬一点，但不颠。座椅包裹性一般，侧向支撑没有老明锐好。空调：自动空调方便，基本上设定25度之后很长一段时间就不需要再调整。座椅加热实用，上车一会就能感觉到热了，效果很好。噪音控制的不错，主要还是风噪。普利司通的轮胎还是很安静的,[油耗],1000公里，市区11升，最为2.0的新车，算正常。新车磨合加冬季低温的关系油耗偏高,[动力],2.0自吸带动1.4吨的车，只能说刚刚够用，不过cvt非常给力，起步扭矩还是可以的，动力很强，能窜！动力平顺性：CVT就是为平顺而生的，完全没有感觉，速度就上去了，转速可以保持不变！斯巴鲁的钢链式cvt，可承受扭矩更大，能满足轻度越野，跑高速：高速上跑100码，转速1700，120码也不超过2000转，贼省油！加速表现：0-60动力充足，一点就有！60-100，动力一般，加速慢，100以上动力弱！,[操控],方向盘没有虚位，加上避震偏运动，指哪打哪！,[性价比],进口车没性价比可言，税费摆着！但是拥有傲人的水平对置发动机和全时四驱这两项，全世界没有第二个品牌了！所以，性价比看你怎么比了！标配配置：eyesight必须有，太实用了！定速，自适应巡航，车道保持！适合新手！期待的配置：led大灯全系标配，全景天窗，全车车窗一键升降，行车自动落锁，下雨自动关窗，钥匙遥控关窗......,展开全部
"
    发表于  2018-10    

      
        
    
    
",除了后备箱再多人出行时显得有些拥挤外其他一切都很满意,https://image1.xcarimg.com/attachments/my/0/30/96/720_120.jpg,XXX111xz,新手上路,4.63,外观,5,内饰,5,空间,4,舒适,5,油耗,5,动力,4,操控,5,性价比,4,购入信息,爱车车型,购入时间,2018/7/22,购车地点, [江苏省],裸车价格,22.28万  (厂商指导价 21.18万),当前油耗,9L/100km,购入用途,自驾游,,爱车简评,22万4千8的价格买一个全时四驱，水平对置，全车进口，安全性还那么好的车感觉还是很不错了。,爱车评价,[最满意],操控体验非常棒，摸着方向盘就不想放,[不满意],[外观],非常有个性的车子，回头率百分百，适合年轻人（心态年轻）,[内饰],内饰科技感十足，分布井井有条,[空间],空间4个人非常舒服，5个人没试过，话说同级别也找不到五个人能坐舒服的车,[舒适],跟上一代相比有了质的飞跃,[油耗],油耗还是相当满意了，城里正常开6角左右,[动力],2.0排量由于车身偏轻，跟车超车还是很随意的动力平顺性：cvt模拟7档日常行驶中非常平顺，动力家用完全足够,[操控],方向调教出奇的好，指哪儿打哪儿,[性价比],性价比主要体现在看不见的地方，发动机，四驱系统等等，特别是Es系统，值得拥有,
"
    发表于  2018-10    

      
        
    
    
",豪华版木有led灯,https://image1.xcarimg.com/attachments/my/0/30/96/719_120.jpg,wanghtbg,新手上路,4.75,外观,5,内饰,5,空间,4,舒适,5,油耗,4,动力,5,操控,5,性价比,5,购入信息,爱车车型,购入时间,2018/5/13,购车地点, [四川省],裸车价格,22.48万  (厂商指导价 21.18万),当前油耗,11L/100km,购入用途,上班,购物,爱车简评,进口车这个价格还是对得起的，要是预算不错，就买森林人啦！全时四驱,爱车评价,[最满意],操控越野,[不满意],[外观],简单大气珠光白骚气的很,[内饰],简约大气运动年轻,[空间],空间比较足够，本人179cm，表示完全够用。行李不如之前现代胜达菲容量大，毕竟这个5座和那个7座比不了，但是七座的保险也贵呀～哈哈,[舒适],喜欢斯巴鲁的运动救不要追求奔驰的舒适喽，舒适程度适中,[油耗],新车加了95号油，12个油，有点略高，希望磨合过了到8以下吧,[动力],车身较轻，发动机重心低，所以讲真操控性很好，有点略微像之前开过的小钢炮GTI，而且配合cvt一点顿挫感都没有，轻松上120麦,[操控],方向盘市区较轻，但是开到快速路和高速还是很紧的，配备了道路保持，一偏离车道就感觉有个得力的助手把你揪回来，感觉不错,[性价比],本来打算买x1，但是看看这个价格的x1吧，三缸乞丐版，呵呵,
"
    发表于  2018-10    

      
        
    
    
",1.冷车发动锣鼓喧天2.钥匙像地摊货3.后备箱只能放两个整理箱。4、4S店服务不热情，没有提车仪式（虽然只是个形式，但表示重视客户，没有小礼品，没有.....,https://image1.xcarimg.com/attachments/my/0/30/96/718_120.jpg,盛夏的果实jn,新手上路,4.13,外观,4,内饰,3,空间,4,舒适,4,油耗,5,动力,4,操控,5,性价比,4,购入信息,爱车车型,购入时间,2018/4/13,购车地点, [江苏省],裸车价格,20.98万  (厂商指导价 21.18万),当前油耗,8L/100km,购入用途,上班,自驾游,爱车简评,车身钢性好，操控好，外观个性，内饰精致，四驱性能强，cvt加速平顺！,爱车评价,[最满意],1、操控性好。2、2000公里油耗7.6，完美。3、底盘高，通过性好。,[不满意],[外观],特征明显，线条简单大方，前脸一般。,[内饰],天窗遮阳板太low，又薄又不紧密。,[空间],"后备箱空间有点小乘坐空间：我身高170cm,驾驶位部部空间还有两拳。",[舒适],靠背头部无着力，需买头部靠枕才行。空调：空调制冷效果不算太好，有三个按钮来控制空调的温度、风向、风速，太复杂。,[油耗],郊区和市区各一半，2000公里油耗7.6,[动力],加速有点肉，要超小轿车比较吃力。,[操控],操控没得说,[性价比],性价比总体一般，特别比同级别车少了无钥匙进入，一键启动。进口车，税费多，优惠少。看在是四驱车、原装进口、操控好、大小合适这几点还是选了这款车。,
"
    发表于  2018-10    

      
        
    
    
",隔音差，挂档声音重，刹车有格吱声音，感应雨刷感觉没用，还是我不会用呢,https://image1.xcarimg.com/attachments/my/0/30/96/717_120.jpg,zzh3658p,新手上路,4.88,外观,5,内饰,5,空间,5,舒适,5,油耗,5,动力,5,操控,5,性价比,4,购入信息,爱车车型,购入时间,2018/5/17,购车地点, [浙江省],裸车价格,20.6万  (厂商指导价 22.18万),当前油耗,8L/100km,购入用途,上班,自驾游,爱车简评,纯进口车，和国产车谈什么性价比是扯淡，但是在斯巴鲁系列中算性价比最高的。,爱车评价,[最满意],操控还有es系统，高配的led灯就是帅,[不满意],[外观],外观这东西，仁者见仁吧,[内饰],又不是豪华车品牌，内饰已经还好啦手感材质：能摸到的地方都还是软的，方向盘也是皮的，很喜欢丁字裤方向盘多媒体车机：感觉这东西有点落后了，只支持mp3格式，还有什么百度car只能连接线才有用,[空间],空间足够，就是后备箱小，不过我平常东西也少,[舒适],过减速带真的没啥感觉，挺好,[油耗],油耗在预料之中,[动力],动力够用，提速很顺畅,[操控],好就一个字，特别是转弯信心十足,[性价比],性价比其实不高,
"
    发表于  2018-10    

      
        
    
    
",后备箱，也只能是后备箱了！,https://image1.xcarimg.com/attachments/my/0/30/96/716_120.jpg,DS9F123j7,新手上路,3.88,外观,4,内饰,5,空间,3,舒适,5,油耗,4,动力,3,操控,5,性价比,2,购入信息,爱车车型,购入时间,2018/5/9,购车地点, [浙江省],裸车价格,21.5万  (厂商指导价 22.18万),当前油耗,8L/100km,购入用途,上班,接送小孩,爱车简评,对于一款全进口全时四驱SUV，性价比非常高！小V， 你值得拥有！,爱车评价,[最满意],最满意？还是方向盘的手感，配合全时四驱，那个感觉很舒适，唯一一点就是方向盘个人手感觉得太细了一点点！,[不满意],[外观],外观还行，个人觉得比上一代好看多了！车灯设计：车灯顶配是LED自动大灯，亮度也够！就是晚上跑乡下路还是需要开启手动模式，不然远灯开不起来！,[内饰],内饰我还是非常喜欢的，简洁明了！使用起来也还OK，我不喜欢那么多花里胡哨的东西！车机只要求不坏就行，蓝牙连接听音乐，手机导航听声音，carlife，连接不上，不知道是不是还需要用原弟弟在开车手感材质：方向盘偏细了一点点！稍微粗点点就好了！没什么好说的，它非要我凑满20个字！！！异味异响：车里用茶叶梗，效果很好，异味一个星期就散的差不多了。副驾驶有轻微异响，有时有有时没有！懒得管他，习惯就好了！,[空间],家里人身材都不高大，驾乘空间都够用，唯一遗憾就是后备箱偏小！,[舒适],没开过什么好车，走烂路感觉不错，前半段悬挂还是觉得太软了一些，比较偏舒适吧！,[油耗],目前跑了1300KM油耗大概在6毛！还是高速比较多，也还好啦，六毛七毛无所谓了，车都买了难道还不加油啊？磨合磨合应该就能稳定下来！喝的95#,[动力],动力不得不说2.0偏弱啊！真的是偏弱啊！只能给你三颗星！,[操控],操控没得说，谈不上指哪打哪，但是得心应手，动力稍微欠缺！,[性价比],这个车就不谈性价比了吧？保养售后什么的都比合资同级别贵！千金难买我喜欢！鸡肋配置：发动机启停，这是真的鸡肋啊！上车就关，要么就是等到他工作的时候想起来关掉它！期待的配置：期待腰部支撑和座椅通风，开长途没有腰部支撑比较累啊，座椅通风天热的时候非常实用的功能！,展开全部
"
    发表于  2018-10    

      
        
    
    
",动力较软,https://image1.xcarimg.com/attachments/my/0/30/96/715_120.jpg,对流层的风dh,新手上路,4.38,外观,5,内饰,5,空间,4,舒适,4,油耗,5,动力,3,操控,5,性价比,4,购入信息,爱车车型,购入时间,2018/5/12,购车地点, [宁夏省],裸车价格,23.48万  (厂商指导价 22.18万),当前油耗,8L/100km,购入用途,上班,,爱车简评,纯进口车，和国产车谈什么性价比是扯淡，但是在斯巴鲁系列中算性价比最高的。,爱车评价,[最满意],外观和内饰，安全配置,[不满意],[外观],时尚，有特点。,[内饰],无可挑剔,[空间],前后排还可以，尤其后排坐人还算宽敞。后备箱中规中矩，就是紧凑型级别，一般家用也够用。,[舒适],小振动过滤很好，大颠簸车体紧凑，能够较好贴合地面，不至于将人晃起。过减速带感觉一般，有较大颠簸。,[油耗],刚提车26个油耗，跑完四百公里后降到8个，后续应该还能降低（磨合期高速路行驶较多）。,[动力],80分界，前段动力够用，后段偏软，尤其100-120（以上没试，新车）遇上坡就有些不尽如人意，不能随心所欲。动力平顺性：换挡平顺，无顿挫感，升档较快，但起步稍有延迟。,[操控],得心应手，不愧斯巴鲁。市区，国道，高速均有特点，表现良好。底盘及悬架：悬架紧凑，整体感非常强，支撑好，颠簸路段，转弯山路等非常有信心。,[性价比],购车选车首先要迎合各人用车需求。性价比不好衡量，因为斯巴鲁是小众品牌，也是偏向性能车，所以与市场大众畅销车型没有较大比较价值。我喜欢，我就觉得值。,
"
    发表于  2018-10    

      
        
    
    
",保险贵，后备箱空间略小，后排没有出风口掉档次。,https://image1.xcarimg.com/attachments/my/0/30/96/714_120.jpg,nana369t,新手上路,4.25,外观,5,内饰,4,空间,4,舒适,5,油耗,4,动力,4,操控,5,性价比,3,购入信息,爱车车型,购入时间,2018/1/7,购车地点, [河北省],裸车价格,23.48万  (厂商指导价 22.18万),当前油耗,8L/100km,购入用途,上班,接送小孩,爱车简评,如果你对空间和动力没有特别大的需求，它绝对是一辆值得拥有的车。开了斯巴鲁后你才知道什么是开车。,爱车评价,[最满意],斯巴鲁的车驾驶感受是非常好的，这种感受是没办法用说来让旁人明白的，只能实际开几次后才能明白。ES系统非常好用可靠，23w的车能配上最先进的主动安全技术是非常值得的。销售顾问很热情负责。,[不满意],[外观],很满意，外观接缝紧密，做工出众。颜色不错，所有人看见我车先夸颜色,[内饰],比斯巴鲁其他的车系好太多，比森林人强的没天际了，跟其他品牌比就算了吧。中控台样式较新颖，用料考究，做工优良,[空间],我身高180体重190，前排调整舒服后坐后排完全没问题。乘坐空间够用，储物空间尚可。坐四个大人很舒服，5个也可凑合短途。储物空间：后备箱比森林人紧凑，但是后排好在能放到，拉大东西的时候放到后排就可以。,[舒适],一般，别报太大期望,[油耗],目前为止7.1左右，纯高速情况下能到6.5,[动力],2.0已经够用，高速上可以放到180，120的时候加速不如2.0t车，80以内完全没问题,[操控],方向盘没有虚位，感觉完美。四驱让你走啥路都信心十足。,[性价比],纯进口车，和国产车谈什么性价比是扯淡，但是在斯巴鲁系列中算性价比最高的。,展开全部
"
    发表于  2018-10    

      
        
    
    
",ES系统两个镜头，自动大灯一个镜头，行车记录仪一个镜头，前面一共四个镜头，很难看。而且因为ES系统还不让前挡风玻璃贴膜，隐私无法保障。,https://image1.xcarimg.com/attachments/my/0/30/96/713_120.jpg,jeffv78,新手上路,3.5,外观,5,内饰,3,空间,3,舒适,3,油耗,3,动力,3,操控,5,性价比,3,购入信息,爱车车型,购入时间,2018/3/20,购车地点, [四川省],裸车价格,21.6万  (厂商指导价 22.18万),当前油耗,9L/100km,购入用途,上班,自驾游,爱车简评,购车选车首先要迎合各人用车需求。性价比不好衡量，因为斯巴鲁是小众品牌，也是偏向性能车，所以与市场大众畅销车型没有较大比较价值。我喜欢，我就觉得值。,爱车评价,[最满意],谈不上有多满意，毕竟不是豪车，豪车又买不起，先凑合着开吧。,[不满意],[外观],外观是喜欢的，一直喜欢两厢车，这就是一辆加高底盘的两厢小车车。卡其灰的颜色也很喜欢，为了这个颜色，等了三个多月…,[内饰],内饰凑合，过得去，不至于被认为寒酸。味道有点大，不知道多久才能消。,[空间],前排没问题，后排不宽裕，两个人用车应该完全够用，有了小孩就够呛了。好在我现在只有一条狗，它的名字叫哒哒，它会晕车。,[舒适],舒适性一般吧，一分钱一分货，虽然比不上三十万以上的车，但是比二十万以内的车好。就像人生一样，永远比上不足比下有余…,[油耗],上下班太堵，还没跑高速，油耗目前11。就北京的情况而言，我认为油耗是下不去了，只增不减。,[动力],本人一向不开快车，车速从没超过120，所以对动力不在意，也没有什么感受。慢慢开，长命百岁。,[操控],操控是不错的。方向盘往左打，车就往左开；方向盘往右打，车就往右开。很神奇！,[性价比],该车谈不上什么性价比，如果不是整车进口身份，合资的话估计也就十六七万的最多了。买车不要讲究性价比，在能接受的价钱范围内挑自己第一眼看上喜欢的就好嘛。对比来对比去，你会忘记你的初心哦。,展开全部
"
    发表于  2018-10    

      
        
    
    
",好像还没什么特别不满意的。有一次后排要坐三个人，确实有点儿挤。但还好半年时间就这么一次，可以忽略不计。,https://image1.xcarimg.com/attachments/my/0/30/96/712_120.jpg,jndzzbuvx7,新手上路,4.88,外观,5,内饰,5,空间,4,舒适,5,油耗,5,动力,5,操控,5,性价比,5,购入信息,爱车车型,购入时间,2018/4/21,购车地点, [上海市],裸车价格,23.48万  (厂商指导价 22.18万),当前油耗,9L/100km,购入用途,上班,自驾游,爱车简评,这个车就不谈性价比了吧？保养售后什么的都比合资同级别贵！千金难买我喜欢,爱车评价,[最满意],最满意的是方便。车的尺寸大小合适，操控灵活，自动大灯、自动雨刷、自动跟车，大大减少了用车时候对精力的消耗，使得日常驾车更加惬意。蓝牙功能也不错，点火自动连接，自动播放，基本不需要干预，除非是想换个app。配合上不限量4g套餐和还算不错的音响，基本上想听什么都有了。绝对日常通行、出远门的利器！,[不满意],[外观],喜欢上了就怎么看怎么顺眼。不过说实话也只是看大轮廓，天天开，很少仔细看了。,[内饰],符合这个价位的预期。对内饰用料没啥要求，没事儿基本不咋碰。颜色搭配看着舒服，功能区设计比较合理。空调用着方便，上下双屏幕用着也不错，尤其上面有导航信息、或者显示四驱信息的时候，感觉很不错。里里外外好几个（至少3个？都快忘了）usb，在出行的那次给哥几个印象深刻。,[空间],主驾坐过180以上至175左右的，后排均表示压力不大。后备箱够用，一次出游三个大爷们儿的行李加装备上水和补给，有点儿压力但也足够用。想想这不常用的后备箱是为后排空间做了牺牲，也能理解了，但给满分还是不可以的。,[舒适],舒适性是额外的收获，本来没指望，结果真的有！可以试试开稍快些走烂路，底盘比较韧性，没有死硬的感觉，舒适得很。但其实也很少走烂路。走公路就更没啥可说的了。隔音还可以接受，至少在目前阶段。希望以后不要增大太多就好。有了acc，一般上车就会脱鞋，放松一下，当然脚还是备着刹车，以免又有人加塞eyesight看不到。空调：空调制冷速度快，制冷最大的话，即使在最热的午后，估计5分钟也足以冷下来。平时不太热的话，点火后打开，系好安全带、放好喜欢的音乐或者电台之后就差不多可以正常开，不用制冷最大了。,[油耗],61升大油箱，一箱油差不多720多公里还剩一小格。其中一般情况下都是400-500高速，剩下市区环路。92号油，目前跑了差不多9000公里。每周出行（往返500公里）加上每天通勤，基本一周加一次油，省了来回去加油站不少时间。,[动力],动力就是中规中矩的2.0了。调校不错，在市区和高速的大部分情况下都很给力。要是非要开空调满载上陡坡，那估计只能悠上去了。跑高速：ACC加上车道保持，只要路况够好，可以拉着媳妇的小手仔细瞅一瞅了。,[操控],跨界车优势，有SUV的通过性和轿车的操控。转弯半径小，路上调头方便。市区通行利器啊利器！差不多两条半车道可调头。雨雪泥泞路面：当时考虑买四驱的原因是冬天下雪，可惜现在除雪太及时，还没遇上时候试一下。有一次冰面初化，一路打滑，四驱再好，也需要抓地力。不能因为四驱就大意。此外，四驱系统对刹车距离没啥帮助，所以路况不好，还需要谨慎驾驶啊。,[性价比],有人根据这个级别的车算性价比，觉得小贵。我是在降价前买的。就算以我买的时候的价格现在看，要享受到同样的科技（指的是全车速acc啊，自动大灯啊，eyesight啊什么的）、同样的主动安全（与volvo看齐，北美多年连续五星安全评价）、多才多艺（全时四驱、野路通过性、出远门、日常通勤）、可靠性（日系车，没检验过，至少希望可靠性不错）、操控性，请问30万内还有哪辆？volvo家的加上类似的acc的配置要40多万了。当然品牌价值不同，肯定用量也不同了。但至少说明在我看重的角度综合来说，xv是不二之选，性价比自然没问题。这个还有个事例可以证明，当时顶配车源不足，销售一再爽约，一时气愤想换车，可是实在挑不出第二辆能像xv这样满足多方面需求的车来，只好忍着去找销售，乖乖滴多等了一个月。。。鸡肋配置：启停装置：说是鸡肋，但其实一直在用。鸡肋是因为，现在开空调、开音乐、蓝牙的情况下，有时候一个红灯的时间都顶不住就启动了。但基本一箱油可以停50分钟时间吧，大概能省1L左右的油吧。时路况复杂的时候有时不是很听话，正常红绿灯还算好。,展开全部
"
    发表于  2018-10    

      
        
    
    
",隔音、密封和做工扎实性还有待提高；副驾座椅不是电动调节，有电子驻车但没加自动驻车，有点掉价也不太方便。,https://image1.xcarimg.com/attachments/my/0/30/96/711_120.jpg,jerry_dagoy1,新手上路,4.25,外观,4,内饰,4,空间,4,舒适,3,油耗,5,动力,4,操控,5,性价比,5,购入信息,爱车车型,购入时间,2018/3/3,购车地点, [江苏省],裸车价格,23.48万  (厂商指导价 22.18万),当前油耗,8L/100km,购入用途,自驾游,跑长途,爱车简评,ES系统非常好用可靠，23w的车能配上最先进的主动安全技术是非常值得的。销售顾问很热情负责。,爱车评价,[最满意],ES使用非常方便、可靠；全时四驱，跑在路上妥妥的安全感；音响系统效果不错；LED大灯系统远近光自适应带随动；操控性不输欧美系；油耗不高；配置丰富。,[不满意],[外观],外观运动，但不张扬，LED车灯超棒，远近光自适应带随动，很满意。示宽灯效果示宽灯侧颜尾灯侧颜,[内饰],中控台设计合理，操作方便，用料考究，无异味，只是做工的扎实性还需要提高。中控台面采用软搪塑,[空间],乘坐空间对于我身高不高的人算足够，如果身高太高的人会有点显小；储物空间还不错，特别开门把手处不是镂空设计非常好；后备箱尚可，比轿车大。非镂空内把手带隔层的后备箱中控下的储物,[舒适],座椅包裹性好，行驶舒适，但隔音还需要提高空调系统相当好用。,[油耗],跑了600多公里高速，油耗在7左右，相当满意。,[动力],2.0自然吸气发动机，转速不到2000提速有点慵懒。动力平顺，堵车时采用M档跟车相当平顺。,[操控],通过性强，转向精准，无虚位，悬架支撑有力但不失柔性。220的离地间隙,[性价比],对于一款全进口全时四驱SUV，性价比非常高！小V，你值得拥有！,展开全部
"
    发表于  2018-10    

      
        
    
    
",开着车也半个多月了，越开越爱开，驾驶的感受真是太棒了，但他有好多小细节人性化程度不好。1.没自动落锁。2.后视镜在车熄火状态下不能操作。3.后排窗户不能一键升降4.后排没出风口5.副驾驶没电动座椅这些东西都是小细节，所有车其实都有这样那样的不足，但有些东西我觉得需要去改善。,https://image1.xcarimg.com/attachments/my/0/30/96/710_120.jpg,Mardayw,新手上路,4.63,外观,5,内饰,5,空间,5,舒适,5,油耗,4,动力,5,操控,5,性价比,3,购入信息,爱车车型,购入时间,2018/6/4,购车地点, [天津市],裸车价格,23.48万  (厂商指导价 22.18万),当前油耗,10L/100km,购入用途,上班,自驾游,爱车简评,车的尺寸大小合适，操控灵活，自动大灯、自动雨刷、自动跟车，大大减少了用车时候对精力的消耗，使得日常驾车更加惬意。蓝牙功能也不错，点火自动连接，自动播放，基本不需要干预，除非是想换个app,爱车评价,[最满意],尺寸是我最满意的，可能很多人很奇怪，这么小的车还满意，现在马路和小区停车太费劲了，以前的索八在小区里很不好停车，还经常被人挂蹭受伤，一直想换个个头适中的SUV。XV正好满足我的要求！,[不满意],[外观],我是顶配，大灯太酷了，晚上非常漂亮。远近光自适应，一开灯，灯光自动调整，好高科技感觉，拐弯时随动转向，视角比普通车好太多，好多车主都因为不是LED灯给差评了，我只想说，这车绝对得上顶配。（当然好多朋友是因为顶配订车时间太长）,[内饰],可能和4008和WEY相比确实缺乏设计感，但对于我来说，我觉得够了，我自己挺喜欢，挺简单实用的。,[空间],我身高183，身材适中，上下左右都没问题，驾驶位调整好后，后排座也没问题，空间还是不错的，平时大多数时间就我和媳妇两个人座，足够了。,[舒适],稳。,[油耗],因为我公司在市中心写字楼，天天上班和打仗一样，为了少堵车几乎每天路都变，即使这样也天天堵，开始14个多，最近跑了几次远一点距离，降到10.7了，应该还会继续降。,[动力],很多人都说动力不足，其实对我足够了，高速最高不就让开120嘛，还能飞呀！动力平顺性：完全没顿挫，非常平顺，初段加速非常给力。横向对比：没顿挫，但不给油汽车滑行时没有AT的车滑动远，不给油速度一下就下来了，AT速度下来没这么快。刹车和油门力度，我感觉和我以前索八差距不大，第一次驾驶就适应了，我试过指南者，刹车太灵敏了，稍一踩就哐当停了。受不了。,[操控],太爽了，会让你上瘾，拐弯，直行，变道，都很爽。这款车不亏是从翼豹改过来的，以前开的车真的没体会到什么是“操控”，现在开XV才真体会到，不夸张的说以前一个类似高架桥匝道那种幅度的弯，开40，你就感觉车尾要甩出去感觉，现在60没感觉。好爽啊！底盘及悬架：我就说一点吧，以前轿车过减速带，肯定要减速，慢行，这车我试过不减速，当然也不是特别快，但肯定比开轿车时快，非常稳，我非常惊喜。,[性价比],这车纯进口，购置税加关税大家知道多少吗？7万。唉，还有车船税，油费里还有一半多的税，我已经不知道说什么了。注:车价和关税是一起的，不加这句有些朋友总会误会我说的话。期待的配置：开了一段时间了，开始的一些小缺点有些无所谓了。但是随车落锁还是挺希望加上的，虽然某宝也有，但不是原装总有点不放心。还有后排窗户一键升窗也很实用，这两个功能希望加上。,展开全部
"
    发表于  2018-10    

      
        
    
    
",XV如果有2.5的自吸就更好了,https://image1.xcarimg.com/attachments/my/0/30/96/709_120.jpg,alfa147fgt17,新手上路,4.13,外观,3,内饰,3,空间,4,舒适,5,油耗,5,动力,5,操控,5,性价比,3,购入信息,爱车车型,购入时间,2018/2/24,购车地点, [北京市],裸车价格,23.18万  (厂商指导价 22.18万),当前油耗,9L/100km,购入用途,自驾游,跑长途,爱车简评,谈不上有多满意，毕竟不是豪车，豪车又买不起， 先凑合着开吧。,爱车评价,[最满意],油耗，跑山,[不满意],[外观],寒碜一点儿。,[内饰],没什么可说的，10几万的车吧。,[空间],普通人中等个，坐个5个人不挤。,[舒适],跑长途不累,[油耗],跑高速，一箱油跑个800轻轻松松。,[动力],2.0的动力，够用，超个车还是可以胜任的。加速表现：超车还算说的过去吧，超个BBA有点力不从心，10多万的国产车还是可以应付的。动力平顺性：得益于水平对置发动机，加上自然吸气，平顺性值得肯定。跑高速：跑高速绝对不会拖泥带水，120~140之间游刃有余。横向对比：2.0自吸发动机里，斯巴鲁的水平对置发动机确实可圈可点。,[操控],转向精准。山路：可以说是山路利器，全时四驱应对连续弯道和湿滑路面，确实是强悍。底盘及悬架：支撑到位。过个沟沟坎坎的，底盘没有异响，悬架校调的也很舒服，座的时间长了也不累，坐个5~6个小时没问题。雨雪泥泞路面：全时四驱对于一般烂路和雨雪天气绰绰有余。,[性价比],谈不上性价比，如果喜欢水平对置发动机，只能选它,
"
    发表于  2018-10    

      
        
    
    
",可能觉得后备箱的空间确实算不上大，但一家三口应该够用了。,https://image1.xcarimg.com/attachments/my/0/30/96/708_120.jpg,guru126,新手上路,4.75,外观,5,内饰,5,空间,4,舒适,5,油耗,5,动力,4,操控,5,性价比,5,购入信息,爱车车型,购入时间,2018/5/22,购车地点, [安徽省],裸车价格,22.68万  (厂商指导价 22.18万),当前油耗,7L/100km,购入用途,上班,自驾游,爱车简评,最满意自动大灯和全时四驱和进口车品质，基本没有异味，音响效果对于我这种要求不高的觉得还行。,爱车评价,[最满意],驾驶感受超级棒！得益于合适的尺寸，极小的转向比，灵敏的方向盘，转向精准，再加上强大的ES功能，驾驶感受好到爆，无可挑剔。即使是在暴雨如注的高速路上，跑120码依旧稳稳当当，超车绝不拖泥带水，没有任何打滑现象，四轮驱动给驾驶者极大的安全信心。新车油耗满意，高速只跑了100公里，油耗立马下降到百公里6.7升，十足的惊喜。外观也是自己所喜欢的，大小适中，平常穿梭于城市道路之中，游刃有余的感觉，停车也方便。内饰个人感觉也足够精致了，该有的功能全都有，车内储物空间也比较丰富，足够用了。顶配版的大灯非常好，漂亮且实用。新车基本没什么味道，一点新车皮革味儿，一周左右就彻底不可闻了。220MM的离地间隙在同级别当中绝对屈指可数，期待哪天能够带自己去轻度越个野，哈哈。另外，这车的噪音我觉得也还行，绝对在可接受的范围内。,[不满意],[外观],外观个人感觉很满意，无论车头、车尾，侧身线条设计，感觉很符合自己的审美标准。车身大小尺寸也是自己所中意的。不喜欢太大的车。大灯和尾灯都挺漂亮，车子做工很好，车漆光亮，接缝匀称，没有什么不满意的地方。,[内饰],中控样式中规中矩，特别喜欢仪表盘及中控上方两块液晶仪表的设计，显示清晰，内容丰富，给驾驶者提供相当全面的行车帮助，值得称赞。车内软性材质用得比较多，没有异味，到现在也未出现什么异响。,[空间],通常一家三口乘坐，车内空间足够，储物空间也够，只是后备箱感觉稍微小了一些。,[舒适],座椅舒适性很好，车内噪音控制得也不错。空调给力。,[油耗],平常在城市拥堵状态下，油耗10.5，上高速跑到100公里，立马降到6.7，感觉油耗还是很低的，况且这还是新车磨合期内。,[动力],2.0的动力配上1477KG的车身质量，动力感觉还可以，加上CVT变速箱，开起来感觉很平顺，时速100公里以下提速没什么问题。跑高速120感觉也蛮好，没有感觉动力不足的现象。超车很干脆。,[操控],方向盘力度适中，完全没有虚位，转向非常清晰，指向精准。掉头、并线十分顺畅，驾驶感觉绝对让人感到酣畅淋漓，没有丝毫拖泥带水之感。高速入弯车身侧倾控制得很好，给人十足信心。暴雨天行驶，轮胎抓地力非常强，即便高速行驶也没有任何侧滑现象出现。,[性价比],性价比这东西见仁见智，我自己感觉这车值得。,展开全部
"
    发表于  2018-10    

      
        
    
    
",最不满意的就是这个车没有“自动驻车”功能。等红灯的时候要踩着刹车，好累。,https://image1.xcarimg.com/attachments/my/0/30/96/707_120.jpg,wm123ry,新手上路,4.25,外观,5,内饰,4,空间,4,舒适,4,油耗,4,动力,3,操控,5,性价比,5,购入信息,爱车车型,购入时间,2018/5/6,购车地点, [江苏省],裸车价格,23.48万  (厂商指导价 22.18万),当前油耗,9L/100km,购入用途,上班,购物,爱车简评,ES使用非常方便、可靠；全时四驱，跑在路上妥妥的安全感；音响系统效果不错；LED大灯系统远近光自适应带随动；操控性不输欧美系；油耗不高；配置丰富。,爱车评价,[最满意],“水平对置全时四驱”，因为它的独特和专业，我也相信韩寒的选择。,[不满意],[外观],外形我个人很喜欢，尤其是亮橙色真的很好看。其他车的橙色都有些偏暗，都没有斯巴鲁的橙色好看。,[内饰],中规中矩能接受，你说多豪华不敢说，但绝对不差。值得一提的是，新车的味道不大，两周后基本就没有味道了，也许材料不是很高档，但绝对都是环保的好材料，连洗车店的老板都这么说。,[空间],后备箱的空间不大，其他的地方都挺好的。,[舒适],过减速带那声音非常让人着迷。至于噪音，个人觉得能接受。,[油耗],还行吧，四驱车能有这个油耗，我个人算是满意。但是还是更加期待油电混合版。,[动力],这个车的动力在低速时表现不错，但高速中有点吃力。个人觉得动力不是它的主打买点。动力平顺性：但是在动力输出的平顺性上毫无疑问是满分，没有顿挫，没有顿挫，非常难得。,[操控],指哪打哪，方向盘没有虚位。也许你看到这个车子的时候觉得它只是茫茫车市上的一员，但当你开起它的时候，你会发现它就是你想要的驾驶感受。开着真的很舒服的一辆车。,[性价比],如果你对空间和动力没有特别大的需求，它绝对是一辆值得拥有的车。开了斯巴鲁后你才知道什么是开车。,展开全部
"
    发表于  2018-10    

      
        
    
    
",车漆有点薄，噪音控制的不好，储物空间不多，后备箱小。,https://image1.xcarimg.com/attachments/my/0/30/96/701_120.jpg,tudoudhlru,新手上路,4.63,外观,4,内饰,5,空间,4,舒适,5,油耗,5,动力,4,操控,5,性价比,5,购入信息,爱车车型,购入时间,2018/8/21,购车地点, [重庆市],裸车价格,20.8万  (厂商指导价 22.18万),当前油耗,10L/100km,购入用途,上班,,爱车简评,还是方向盘的手感，配合全时四驱，那个感觉很舒适，唯一一点就是方向盘个人手感觉得太细了一点点！,爱车评价,[最满意],最满意自动大灯和全时四驱和进口车品质，基本没有异味，音响效果对于我这种要求不高的觉得还行。,[不满意],[外观],外观漂亮，用料符合20万的定位。,[内饰],风格是我喜欢的,[空间],我自己身高不高，前排可以，后排坐两个大汉没问题，三个成年人只能说将就。不适合满载下长途，但是后排纵向空间还是可以。,[舒适],舒适不错，比320好。座椅支撑也不错。,[油耗],目前10升，应该还有非常大的下降空间。,[动力],动力起步阶段一般，不过对于我这种佛系开车的人也够了，目前还没过磨合期，最高开过100，高速上一般还是不要超过140的车速为好,[操控],操控非常好，很干脆。跟我我原来的宝马差不多，不过还是差那么一点点，主要是来自方向盘的信心上,[性价比],在20万左右，非常推荐。,
"
    发表于  2018-10    

      
        
    
    
",车厢小，没有一键启动，卤素大灯，日行灯是黄色的小灯珠,https://image1.xcarimg.com/attachments/my/0/30/96/700_120.jpg,guoqing77u07,新手上路,4,外观,5,内饰,5,空间,3,舒适,2,油耗,5,动力,4,操控,5,性价比,3,购入信息,爱车车型,购入时间,2018/5/22,购车地点, [湖南省],裸车价格,20.98万  (厂商指导价 20.18万),当前油耗,8L/100km,购入用途,上班,自驾游,爱车简评,23.98包牌价，居然没有一键启动，没有氙气大灯。这些都在最高配才有，坑爹，这个版本再便宜两万就性价比高了,爱车评价,[最满意],外观好看，比旧款大体多了，底盘好，悬挂好,[不满意],[外观],喜欢就好,[内饰],喜欢就好,[空间],比旧款已经好很多了，但是二排坐三个大人还是有点挤,[舒适],避震偏硬，但是舒服，过弯的摇摆度也不大,[油耗],7.6百公里，还想怎样？,[动力],起步有点肉，加速还可以，动力可以，坐五个大人加两个小孩都一样轻松上100,[操控],不用多说了吧？,[性价比],23.98包牌价，居然没有一键启动，没有氙气大灯，没有升级钥匙。这些都在最高配才有，坑爹，这个版本再便宜两万就性价比高了,
"
    发表于  2018-10    

      
        
    
    
",后备箱稍小，因为有娃要带推车，宝宝的吃喝拉撒，再加上车内常备的一箱水就差不多满了，买之前就有心理准备了,https://image1.xcarimg.com/attachments/my/0/31/19/066_120.jpg,fzcqv5,新手上路,4.5,外观,4,内饰,4,空间,4,舒适,4,油耗,5,动力,5,操控,5,性价比,5,购入信息,爱车车型,购入时间,2018/7/1,购车地点, [河南省],裸车价格,20.5万  (厂商指导价 22.18万),当前油耗,7L/100km,购入用途,上班,接送小孩,爱车简评,对于一款全进口全时四驱SUV，性价比非常高！小V， 你值得拥有！,爱车评价,[最满意],操控，过弯非常有信心，老婆开车我放心了哈哈；油耗算是很低了，现在1800有效在7左右，长途快速和市区混合油耗，非常满意。,[不满意],[外观],买这车就不是冲着颜值去的，但整体接受度还是不错，可能我不太喜欢太风骚的吧，中规中矩挺好的,[内饰],内饰中庸，车机稍显廉价，能带carplay就好了。蓝牙听音乐就挺好的，不影响导航，很方便一个手机蓝牙连接解决主要使用功能。,[空间],家里人都不是很高一米七左右，内部空间很宽敞，内部储物空间也满意；后备箱稍显小，因为真的有很多东西要带哈哈,[舒适],市区内关窗噪音控制还可以，基本听不到本车噪音，跑高速胎噪偏高；座椅包裹性比较好比较舒服但是没有低配织物的软哈哈，更喜欢低配织物的座椅；空调自动分区还有强力模式可选，我用一般模式就够了，强力试了下出风量很大降温还是很快的；USB接口比较多不需要自己再买点烟器和USB接线了。,[油耗],现在1800平均油耗7.，首保之后会不会更低呢哈哈，期望后面能跑出更低油耗,[动力],前八十加速很快啊，再往上也可以但不像前八十来的那么快，本人本着对家人负责的态度不激烈驾驶不超速驾驶，规规矩矩开车，车满载跑120稳稳的，转速也不高2000~2500。,[操控],一个字形容：贼。过弯或者走个烂路瞅准了就上没问题的，跑过山路，这车用来转山真的不错没有推头现象，指哪打哪，方向盘精准度非常高。,[性价比],性价比很好了，车是用来开的，坐上这车就有驾驶的欲望；除非真正越野其他路况都能应对，尤其对雪地泥地超越市面大多同类车型，冬天是才是小V展现自己的舞台。,展开全部
"
    发表于  2018-10    

      
        
    
    
",20多万多车子居然没有副驾驶电动座椅，引擎盖居然是手杆撑多，我是通过BAO买了一对在4S店装的；感觉自动远近光灯有点鸡肋，不太好用，后备箱基本够用了，还有，钥匙太丑了，手扶箱很深，没有隔层，后排没有空调。但是阿克苏售后因为搬家，和大众合并，感觉售后就不是不是很专业，而且干什么都要工时费。,https://image1.xcarimg.com/attachments/my/0/30/19/046_120.jpg,张大嘴n,新手上路,4.25,外观,4,内饰,4,空间,4,舒适,4,油耗,5,动力,4,操控,5,性价比,4,购入信息,爱车车型,购入时间,2018/9/1,购车地点, [新疆省],裸车价格,21万  (厂商指导价 21.18万),当前油耗,8L/100km,购入用途,上班,购物,爱车简评,外观没说的，太个性！有人喜欢有人讨厌！除了卤素灯太low了，其他没缺点车灯设计：es豪华这方面太不豪华了，卤素蜡烛灯.....轮毂：轮毂造型一般，算用心设计过了，但是并不算好看！只能算是个个性！,爱车评价,[最满意],功能完备、动力灵活，音响（低音）效果超棒，隔音还是能够接受，空间上没有想象的那么小，我184的身高完全够用，后排空间不错。超车没压力，县城高速95#6毛左右。ES系统很安全，跟车的时候主动刹车的效果不错，就是刹车的时候不太温柔；轨道偏离系统提示也蛮灵敏的，我在高速上跑起来，压线的时候干酒方向盘会往回抽一点，如果提前打转向灯就不会提示，而且方向盘不会往回抽。,[不满意],[外观],外观还是很年轻的，尤其是车轱辘。刚买了车，去加油站的时候，门卫说买了一个好车子。做工车漆：金属漆，洗完车还是蛮亮的。前挡风玻璃按照说明书的要求，基本上是贴不成膜，会比较的晒，但是为了ES系统，算了。车灯设计：车灯好像不是LED的，那个远近光灯自动调节不是很实用，车灯可以上下调节，远灯还是很不错的,[内饰],内饰稍微有点硬，有点土就能看出来，买个表板蜡看起来就会好一点吧两块屏，开车的时候那个上面的小屏es可以显示捕捉车辆信息。异味异响：新车皮子味道很重，买了蜡炭包好了一点，车子目前没有什么异响。仪表中控：仪表盘两个都是液晶屏，感觉很有科技感，晚上回家的时候，下车还给你晚安。中间是液晶的，信息量满满的多媒体车机：这个多媒体是LIUS系统的，CARLIFE不是很好用，总是断，方向盘上不能直接由导航变成音乐，比较麻烦，导航不能用首字母，不是很方便。而且告诉大家一个技巧，开车的时候，手机蓝牙是连不上的，必须熄火拉手刹才可以。手感材质：不喜欢用触屏，还好音量键是实体键，不知道这个屏怎么息屏，高速晚上的时候不方便。,[空间],我184，空间上完全够了，没有当初的忧虑，一般两个人用来上班完全够了。储物空间：后排的空间两个人够了，不够就把后排放倒，三个胖子要凑合一下。这两天装了几个箱子，略显不足啊。乘坐空间：后排的中间因为有传动轴，会凸出来，坐三个人的话，中间的会难受一点，还有就是主驾的靠背没有腰部支撑，后背上没有兜,[舒适],舒适度不错，尤其是悬挂和座椅的搭配，很舒适，过减速带不是很硬空调：空调制冷不错，中间的空调往下推就关闭了，但是一开空调，皮子味道会很大。行驶舒适性：过减速带没有压力，尤其对于新疆的土减速带。,[油耗],平均6毛高速路段表现：高速在120KM，7个油左右，工薪族总体感觉可以接受，风噪可以接受,[动力],提速还不错，超车没问题加速表现：加速平稳，没有顿挫感，超车的时候信息满满，倒是想开出推背的感觉还是算了吧。,[操控],单手操控不错，媳妇开起来没有压力，方向盘尺寸大小比较适宜。山路：跑了跑隔壁路，不是很颠簸，悬挂表现还是不错底盘及悬架：底盘蛮规整的，车子上了驾我去看了的，跑起来还是四稳八平的横向对比：我觉得比XRV和逍客都要好的，但是和卧车比起来要差一些,[性价比],进口车这个价格还是对得起的，要是预算不错，就买森林人啦鸡肋配置：倒车影像没有倒车轨迹，看的台湾版的就有。副驾驶没有电动座椅。期待的配置：副驾驶有电动座椅就好了，或者后排有空调会比较不错，希望车灯能升级。,展开全部
"
    发表于  2018-10    

      
        
    
    
",后排没有出风口！！！这个是最不能理解的，在跑高速的时候噪音还是有的，需要做一做隔音处理，车门缝以后备箱缝都需要弄，后备箱如果矮一点就好了,https://image1.xcarimg.com/attachments/my/0/31/14/530_120.jpg,阿里噢opv7,新手上路,4.88,外观,5,内饰,5,空间,4,舒适,5,油耗,5,动力,5,操控,5,性价比,5,购入信息,爱车车型,购入时间,2018/9/1,购车地点, [安徽省],裸车价格,20.5万  (厂商指导价 22.18万),当前油耗,8L/100km,购入用途,上班,购物,爱车简评,斯巴鲁买的就是四驱和水平对置，对于经常在城市开的人来说已经很可以了,爱车评价,[最满意],操控是首位的满意，油耗也是可以，内饰和外观都很满意，车身颜色在路上相对比较少见，走独特风格，全新的SGP平台的安全性相比上一代安全性也有提升，并且还有独特的ES功能，弄个行车记录仪，MaMa再也不担心碰瓷的人了，ES功能还是很强大的，主动刹车还是比较吓人。,[不满意],[外观],对比上一代已经很好了，选择了个少见的颜色，感觉还不错,[内饰],个人感觉已经很满足了，橙色的线比较独特，虽然看着塑质感比较多，又不是高档豪华车不用在意太多,[空间],本人身高180出头，无压力，平时也只有自己开，前排座椅弄好之后，后排腿部空间富裕不少，平时都是一个人自己开，后备箱不算特别大，主要是有备胎占地儿，再加上后悬架也比较高，所以后备箱日常使用也够乐,[舒适],皮质座椅，不过还是需要弄个坐垫的，因为座椅上有小孔，如果有脏东西进去了不好清洗，,[油耗],城市7.6个左右可以了，北京堵车样子走走停停，一箱油跑700多公里是不成问题的,[动力],在城市内开是够够的了，0-80提速虽然没有涡轮的快，但是响应速度是可以的,[操控],开过的都知道操控的好，转向很精准，方向盘一点也不虚啊,,,展开全部
"
    发表于  2018-09    

      
        
    
    
",后备箱稍小,https://image1.xcarimg.com/attachments/my/0/31/07/621_120.jpg,rodneyt,新手上路,4.75,外观,5,内饰,4,空间,4,舒适,5,油耗,5,动力,5,操控,5,性价比,5,购入信息,爱车车型,购入时间,2018/8/9,购车地点, [河南省],裸车价格,22万  (厂商指导价 21.18万),当前油耗,9L/100km,购入用途,上班,,爱车简评,悬架比上一代和你现款森林人调教的偏舒适，我觉得刚好完美，值得推荐,爱车评价,[最满意],eyesight系统很好用，后排空间没那么小,[不满意],[外观],XV的外观没得说呀，非常喜欢这种跨界类的小车，但又不会损失太多空间。,[内饰],内饰总体满意，但20多万的车这个水平还是有点遗憾,[空间],本人187，驾驶头部还有4指距离，可能是腿长，哈哈。后排我驾驶座位不变的情况下，腿部离前面还有三指多，不像想象中那么小。后备箱稍小些，不过也能放下25寸的旅行箱了。,[舒适],悬架比上一代和你现款森林人调教的偏舒适，我觉得刚好完美。,[油耗],磨合期原因均速只有15，油耗8.5靠上，总体来说全时4驱这个油耗已经很满意了。,[动力],2.0足够家用，磨合期没敢深踩油门，依旧感觉动力还不错。,[操控],操控没得说，转向精准，路感清晰且不细碎。,[性价比],有些人觉得不值，说25万买个这样的车可以换crv了。我觉得还很值，25万买个进口车，保养又不贵，还省心，最重要的还有更高的安全技术体验。,
"
    发表于  2018-09    

      
        
    
    
",后备箱，也只能是后备箱了！,https://image1.xcarimg.com/attachments/my/0/31/19/072_120.jpg,jjbbg6,新手上路,3.88,外观,4,内饰,5,空间,3,舒适,5,油耗,4,动力,3,操控,5,性价比,2,购入信息,爱车车型,购入时间,2018/7/1,购车地点, [福建省],裸车价格,21.5万  (厂商指导价 22.18万),当前油耗,8L/100km,购入用途,上班,接送小孩,爱车简评,斯巴鲁买的就是四驱和水平对置，对于经常在城市开的人来说已经很可以了,爱车评价,[最满意],最满意？还是方向盘的手感，配合全时四驱，那个感觉很舒适，唯一一点就是方向盘个人手感觉得太细了一点点！,[不满意],[外观],外观还行，个人觉得比上一代好看多了！车灯设计：车灯顶配是LED自动大灯，亮度也够！就是晚上跑乡下路还是需要开启手动模式，不然远灯开不起来！,[内饰],内饰我还是非常喜欢的，简洁明了！使用起来也还OK，我不喜欢那么多花里胡哨的东西！车机只要求不坏就行，蓝牙连接听音乐，手机导航听声音，carlife，连接不上，不知道是不是还需要用原弟弟在开车手感材质：方向盘偏细了一点点！稍微粗点点就好了！没什么好说的，它非要我凑满20个字！！！异味异响：车里用茶叶梗，效果很好，异味一个星期就散的差不多了。副驾驶有轻微异响，有时有有时没有！懒得管他，习惯就好了！,[空间],家里人身材都不高大，驾乘空间都够用，唯一遗憾就是后备箱偏小！,[舒适],没开过什么好车，走烂路感觉不错，前半段悬挂还是觉得太软了一些，比较偏舒适吧！,[油耗],目前跑了1300KM油耗大概在6毛！还是高速比较多，也还好啦，六毛七毛无所谓了，车都买了难道还不加油啊？磨合磨合应该就能稳定下来！喝的95#,[动力],动力不得不说2.0偏弱啊！真的是偏弱啊！只能给你三颗星！,[操控],操控没得说，谈不上指哪打哪，但是得心应手，动力稍微欠缺！,[性价比],这个车就不谈性价比了吧？保养售后什么的都比合资同级别贵！千金难买我喜欢！鸡肋配置：发动机启停，这是真的鸡肋啊！上车就关，要么就是等到他工作的时候想起来关掉它！期待的配置：期待腰部支撑和座椅通风，开长途没有腰部支撑比较累啊，座椅通风天热的时候非常实用的功能！,展开全部
"
    发表于  2018-09    

      
        
    
    
",后备箱稍小，因为有娃要带推车，宝宝的吃喝拉撒，再加上车内常备的一箱水就差不多满了，买之前就有心理准备了,https://image1.xcarimg.com/attachments/my/0/31/14/535_120.jpg,hl1962yz,新手上路,4.5,外观,4,内饰,4,空间,4,舒适,4,油耗,5,动力,5,操控,5,性价比,5,购入信息,爱车车型,购入时间,2018/7/1,购车地点, [河南省],裸车价格,20.5万  (厂商指导价 22.18万),当前油耗,7L/100km,购入用途,上班,接送小孩,爱车简评,性价比很好了，车是用来开的，坐上这车就有驾驶的欲望；除非真正越野其他路况都能应对，尤其对雪地泥地超越市面大多同类车型，冬天是才是小V展现自己的舞台。,爱车评价,[最满意],操控，过弯非常有信心，老婆开车我放心了哈哈；油耗算是很低了，现在1800有效在7左右，长途快速和市区混合油耗，非常满意。,[不满意],[外观],买这车就不是冲着颜值去的，但整体接受度还是不错，可能我不太喜欢太风骚的吧，中规中矩挺好的,[内饰],内饰中庸，车机稍显廉价，能带carplay就好了。蓝牙听音乐就挺好的，不影响导航，很方便一个手机蓝牙连接解决主要使用功能。,[空间],家里人都不是很高一米七左右，内部空间很宽敞，内部储物空间也满意；后备箱稍显小，因为真的有很多东西要带哈哈,[舒适],市区内关窗噪音控制还可以，基本听不到本车噪音，跑高速胎噪偏高；座椅包裹性比较好比较舒服但是没有低配织物的软哈哈，更喜欢低配织物的座椅；空调自动分区还有强力模式可选，我用一般模式就够了，强力试了下出风量很大降温还是很快的；USB接口比较多不需要自己再买点烟器和USB接线了。,[油耗],现在1800平均油耗7.，首保之后会不会更低呢哈哈，期望后面能跑出更低油耗,[动力],前八十加速很快啊，再往上也可以但不像前八十来的那么快，本人本着对家人负责的态度不激烈驾驶不超速驾驶，规规矩矩开车，车满载跑120稳稳的，转速也不高2000~2500。,[操控],一个字形容：贼。过弯或者走个烂路瞅准了就上没问题的，跑过山路，这车用来转山真的不错没有推头现象，指哪打哪，方向盘精准度非常高。,,,展开全部
"
    发表于  2018-09    

      
        
    
    
",后备箱稍小，因为有娃要带推车，宝宝的吃喝拉撒，再加上车内常备的一箱水就差不多满了，买之前就有心理准备了,https://image1.xcarimg.com/attachments/my/0/31/19/071_120.jpg,dongdongcv,新手上路,4.5,外观,4,内饰,4,空间,4,舒适,4,油耗,5,动力,5,操控,5,性价比,5,购入信息,爱车车型,购入时间,2018/7/1,购车地点, [河南省],裸车价格,20.5万  (厂商指导价 22.18万),当前油耗,7L/100km,购入用途,上班,接送小孩,爱车简评,操控非常好，很干脆。跟我我原来的宝马差不多，不过还是差那么一点点，主要是来自方向盘的信心上,爱车评价,[最满意],操控，过弯非常有信心，老婆开车我放心了哈哈；油耗算是很低了，现在1800有效在7左右，长途快速和市区混合油耗，非常满意。,[不满意],[外观],买这车就不是冲着颜值去的，但整体接受度还是不错，可能我不太喜欢太风骚的吧，中规中矩挺好的,[内饰],内饰中庸，车机稍显廉价，能带carplay就好了。蓝牙听音乐就挺好的，不影响导航，很方便一个手机蓝牙连接解决主要使用功能。,[空间],家里人都不是很高一米七左右，内部空间很宽敞，内部储物空间也满意；后备箱稍显小，因为真的有很多东西要带哈哈,[舒适],市区内关窗噪音控制还可以，基本听不到本车噪音，跑高速胎噪偏高；座椅包裹性比较好比较舒服但是没有低配织物的软哈哈，更喜欢低配织物的座椅；空调自动分区还有强力模式可选，我用一般模式就够了，强力试了下出风量很大降温还是很快的；USB接口比较多不需要自己再买点烟器和USB接线了。,[油耗],现在1800平均油耗7.，首保之后会不会更低呢哈哈，期望后面能跑出更低油耗,[动力],前八十加速很快啊，再往上也可以但不像前八十来的那么快，本人本着对家人负责的态度不激烈驾驶不超速驾驶，规规矩矩开车，车满载跑120稳稳的，转速也不高2000~2500。,[操控],一个字形容：贼。过弯或者走个烂路瞅准了就上没问题的，跑过山路，这车用来转山真的不错没有推头现象，指哪打哪，方向盘精准度非常高。,[性价比],性价比很好了，车是用来开的，坐上这车就有驾驶的欲望；除非真正越野其他路况都能应对，尤其对雪地泥地超越市面大多同类车型，冬天是才是小V展现自己的舞台。,展开全部
"
    发表于  2018-09    

      
        
    
    
",隔音差，挂档声音重，刹车有格吱声音，感应雨刷感觉没用，还是我不会用呢,https://image1.xcarimg.com/attachments/my/0/31/07/633_120.jpg,老虎崽cn,新手上路,4.88,外观,5,内饰,5,空间,5,舒适,5,油耗,5,动力,5,操控,5,性价比,4,购入信息,爱车车型,购入时间,2018/7/1,购车地点, [浙江省],裸车价格,20.6万  (厂商指导价 22.18万),当前油耗,8L/100km,购入用途,上班,自驾游,爱车简评,过减速带那声音非常让人着迷。至于噪音，个人觉得能接受，值得推荐,爱车评价,[最满意],操控还有es系统，高配的led灯就是帅,[不满意],[外观],外观这东西，仁者见仁吧,[内饰],又不是豪华车品牌，内饰已经还好啦手感材质：能摸到的地方都还是软的，方向盘也是皮的，很喜欢丁字裤方向盘多媒体车机：感觉这东西有点落后了，只支持mp3格式，还有什么百度car只能连接线才有用,[空间],空间足够，就是后备箱小，不过我平常东西也少,[舒适],过减速带真的没啥感觉，挺好,[油耗],油耗在预料之中,[动力],动力够用，提速很顺畅,[操控],好就一个字，特别是转弯信心十足,[性价比],性价比其实不高,
"
    发表于  2018-07    

      
        
    
    
",好像还没什么特别不满意的。有一次后排要坐三个人，确实有点儿挤。但还好半年时间就这么一次，可以忽略不计。,https://image1.xcarimg.com/attachments/my/0/31/19/067_120.jpg,gagfanghy23,新手上路,4.88,外观,5,内饰,5,空间,4,舒适,5,油耗,5,动力,5,操控,5,性价比,5,购入信息,爱车车型,购入时间,2017/12/9,购车地点, [山西省],裸车价格,23.48万  (厂商指导价 22.18万),当前油耗,10L/100km,购入用途,上班,自驾游,爱车简评,2.0自然吸气发动机，转速不到2000提速有点慵懒。动力平顺，堵车时采用M档跟车相当平顺。,爱车评价,[最满意],最满意的是方便。车的尺寸大小合适，操控灵活，自动大灯、自动雨刷、自动跟车，大大减少了用车时候对精力的消耗，使得日常驾车更加惬意。蓝牙功能也不错，点火自动连接，自动播放，基本不需要干预，除非是想换个app。配合上不限量4g套餐和还算不错的音响，基本上想听什么都有了。绝对日常通行、出远门的利器！,[不满意],[外观],喜欢上了就怎么看怎么顺眼。不过说实话也只是看大轮廓，天天开，很少仔细看了。,[内饰],符合这个价位的预期。对内饰用料没啥要求，没事儿基本不咋碰。颜色搭配看着舒服，功能区设计比较合理。空调用着方便，上下双屏幕用着也不错，尤其上面有导航信息、或者显示四驱信息的时候，感觉很不错。里里外外好几个（至少3个？都快忘了）usb，在出行的那次给哥几个印象深刻。,[空间],主驾坐过180以上至175左右的，后排均表示压力不大。后备箱够用，一次出游三个大爷们儿的行李加装备上水和补给，有点儿压力但也足够用。想想这不常用的后备箱是为后排空间做了牺牲，也能理解了，但给满分还是不可以的。,[舒适],舒适性是额外的收获，本来没指望，结果真的有！可以试试开稍快些走烂路，底盘比较韧性，没有死硬的感觉，舒适得很。但其实也很少走烂路。走公路就更没啥可说的了。隔音还可以接受，至少在目前阶段。希望以后不要增大太多就好。有了acc，一般上车就会脱鞋，放松一下，当然脚还是备着刹车，以免又有人加塞eyesight看不到。空调：空调制冷速度快，制冷最大的话，即使在最热的午后，估计5分钟也足以冷下来。平时不太热的话，点火后打开，系好安全带、放好喜欢的音乐或者电台之后就差不多可以正常开，不用制冷最大了。,[油耗],61升大油箱，一箱油差不多720多公里还剩一小格。其中一般情况下都是400-500高速，剩下市区环路。92号油，目前跑了差不多9000公里。每周出行（往返500公里）加上每天通勤，基本一周加一次油，省了来回去加油站不少时间。,[动力],动力就是中规中矩的2.0了。调校不错，在市区和高速的大部分情况下都很给力。要是非要开空调满载上陡坡，那估计只能悠上去了。跑高速：ACC加上车道保持，只要路况够好，可以拉着媳妇的小手仔细瞅一瞅了。,[操控],跨界车优势，有SUV的通过性和轿车的操控。转弯半径小，路上调头方便。市区通行利器啊利器！差不多两条半车道可调头。雨雪泥泞路面：当时考虑买四驱的原因是冬天下雪，可惜现在除雪太及时，还没遇上时候试一下。有一次冰面初化，一路打滑，四驱再好，也需要抓地力。不能因为四驱就大意。此外，四驱系统对刹车距离没啥帮助，所以路况不好，还需要谨慎驾驶啊。,[性价比],有人根据这个级别的车算性价比，觉得小贵。我是在降价前买的。就算以我买的时候的价格现在看，要享受到同样的科技（指的是全车速acc啊，自动大灯啊，eyesight啊什么的）、同样的主动安全（与volvo看齐，北美多年连续五星安全评价）、多才多艺（全时四驱、野路通过性、出远门、日常通勤）、可靠性（日系车，没检验过，至少希望可靠性不错）、操控性，请问30万内还有哪辆？volvo家的加上类似的acc的配置要40多万了。当然品牌价值不同，肯定用量也不同了。但至少说明在我看重的角度综合来说，xv是不二之选，性价比自然没问题。这个还有个事例可以证明，当时顶配车源不足，销售一再爽约，一时气愤想换车，可是实在挑不出第二辆能像xv这样满足多方面需求的车来，只好忍着去找销售，乖乖滴多等了一个月。。。鸡肋配置：启停装置：说是鸡肋，但其实一直在用。鸡肋是因为，现在开空调、开音乐、蓝牙的情况下，有时候一个红灯的时间都顶不住就启动了。但基本一箱油可以停50分钟时间吧，大概能省1L左右的油吧。时路况复杂的时候有时不是很听话，正常红绿灯还算好。,展开全部
"
    发表于  2018-07    

      
        
    
    
",除了后备箱再多人出行时显得有些拥挤外其他一切都很满意,https://image1.xcarimg.com/attachments/my/0/31/19/076_120.jpg,93802252x,新手上路,4.63,外观,5,内饰,5,空间,4,舒适,5,油耗,5,动力,4,操控,5,性价比,4,购入信息,爱车车型,购入时间,2017/12/1,购车地点, [河南省],裸车价格,22.28万  (厂商指导价 21.18万),当前油耗,9L/100km,购入用途,自驾游,,爱车简评,22万4千8的价格买一个全时四驱，水平对置，全车进口，安全性还那么好的车感觉还是很不错了。,爱车评价,[最满意],操控体验非常棒，摸着方向盘就不想放,[不满意],[外观],非常有个性的车子，回头率百分百，适合年轻人（心态年轻）,[内饰],内饰科技感十足，分布井井有条,[空间],空间4个人非常舒服，5个人没试过，话说同级别也找不到五个人能坐舒服的车,[舒适],跟上一代相比有了质的飞跃,[油耗],油耗还是相当满意了，城里正常开6角左右,[动力],2.0排量由于车身偏轻，跟车超车还是很随意的动力平顺性：cvt模拟7档日常行驶中非常平顺，动力家用完全足够,[操控],方向调教出奇的好，指哪儿打哪儿,[性价比],性价比主要体现在看不见的地方，发动机，四驱系统等等，特别是Es系统，值得拥有,
"
    发表于  2018-07    

      
        
    
    
",1.冷车发动锣鼓喧天2.钥匙像地摊货3.后备箱只能放两个整理箱。4、4S店服务不热情，没有提车仪式（虽然只是个形式，但表示重视客户，没有小礼品，没有.....,https://image1.xcarimg.com/attachments/my/0/31/19/077_120.jpg,zlyc,新手上路,4.13,外观,4,内饰,3,空间,4,舒适,4,油耗,5,动力,4,操控,5,性价比,4,购入信息,爱车车型,购入时间,2018/4/1,购车地点, [江苏省],裸车价格,20.98万  (厂商指导价 21.18万),当前油耗,8L/100km,购入用途,上班,自驾游,爱车简评,性价比主要体现在看不见的地方，发动机，四驱系统等等，特别是Es系统，值得拥有,爱车评价,[最满意],1、操控性好。2、2000公里油耗7.6，完美。3、底盘高，通过性好。,[不满意],[外观],特征明显，线条简单大方，前脸一般。,[内饰],天窗遮阳板太low，又薄又不紧密。,[空间],"后备箱空间有点小乘坐空间：我身高170cm,驾驶位部部空间还有两拳。",[舒适],靠背头部无着力，需买头部靠枕才行。空调：空调制冷效果不算太好，有三个按钮来控制空调的温度、风向、风速，太复杂。,[油耗],郊区和市区各一半，2000公里油耗7.6,[动力],加速有点肉，要超小轿车比较吃力。,[操控],操控没得说,[性价比],性价比总体一般，特别比同级别车少了无钥匙进入，一键启动。进口车，税费多，优惠少。看在是四驱车、原装进口、操控好、大小合适这几点还是选了这款车。,
"
    发表于  2018-07    

      
        
    
    
",2.0搭配cvt动力表现偏弱，启停如鸡肋，震动又大，像拖拉机的机头，还有就是没有CarPlay，只有carlife，不好用，不过用蓝牙也凑合。,https://image1.xcarimg.com/attachments/my/0/31/19/074_120.jpg,圈内人士bnu5,新手上路,3.63,外观,3,内饰,4,空间,4,舒适,4,油耗,4,动力,1,操控,5,性价比,4,购入信息,爱车车型,购入时间,2017/12/1,购车地点, [广东省],裸车价格,19.98万  (厂商指导价 19.18万),当前油耗,11L/100km,购入用途,自驾游,,爱车简评,斯巴鲁的底盘功夫不得不服，很好的过滤不平的路面，开起来很稳，特别是高速过弯，倾侧很小,爱车评价,[最满意],操控一流，特别在过一些减速带，底盘表现很有韧性，给驾驶者足够信心，另外高速进匝道弯道非常稳。,[不满意],[外观],外观设计怎么看还是不辣么好看，偏小气，不过主要买给家里老婆大人用的，将就一下开吧。,[内饰],内饰实用简洁，充分体现斯巴鲁的工程师文化,[空间],本人180，前后都没问题，出外坐四个成年人人完全没问题，这次2018款空间比老款强了很多。,[舒适],悬挂偏舒适，座椅支撑也很好，后排座椅比想象的要软。,[油耗],油耗没怎么注意，新车总会耗油些，大概八九升吧,[动力],动力偏弱，没有2.5或者2.0T可惜了，有次看陈震试这款车也提到动力和操控不匹配的问题，当时还以为他要求高，谁知开了才知道真是如此，希望今后有更大排量的发动机。,[操控],斯巴鲁的底盘功夫不得不服，很好的过滤不平的路面，开起来很稳，特别是高速过弯，倾侧很小,[性价比],预算准备了20～25万吧，看了QX30，minicountryman，cdx，对比之后，还是觉得斯巴鲁叉v在技术上最有特点，性价比也不错，其他合资车有四驱的也要将近二十万，毕竟这个价位可以买到全进口的四驱suv，水平对置发动机。现在买车看性价比不能光看参数和一些没用的花哨配置，自己驾驶感受舒服就已经值了。准备以后自己那部奥德赛换车就换傲虎了。,展开全部
"
    发表于  2018-06    

      
        
    
    
",20多万多车子居然没有副驾驶电动座椅，引擎盖居然是手杆撑多，我是通过BAO买了一对在4S店装的；感觉自动远近光灯有点鸡肋，不太好用，后备箱基本够用了，还有，钥匙太丑了，手扶箱很深，没有隔层，后排没有空调。但是阿克苏售后因为搬家，和大众合并，感觉售后就不是不是很专业，而且干什么都要工时费。,https://image1.xcarimg.com/attachments/my/0/31/07/189_120.jpg,tomyingz,新手上路,4.25,外观,4,内饰,4,空间,4,舒适,4,油耗,5,动力,4,操控,5,性价比,4,购入信息,爱车车型,购入时间,2018/6/1,购车地点, [新疆省],裸车价格,21万  (厂商指导价 21.18万),当前油耗,8L/100km,购入用途,上班,购物,爱车简评,进口车这个价格还是对得起的，要是预算不错，就买森林人啦鸡肋配置：倒车影像没有倒车轨迹，看的台湾版的就有。副驾驶没有电动座椅,爱车评价,[最满意],功能完备、动力灵活，音响（低音）效果超棒，隔音还是能够接受，空间上没有想象的那么小，我184的身高完全够用，后排空间不错。超车没压力，县城高速95#6毛左右。ES系统很安全，跟车的时候主动刹车的效果不错，就是刹车的时候不太温柔；轨道偏离系统提示也蛮灵敏的，我在高速上跑起来，压线的时候干酒方向盘会往回抽一点，如果提前打转向灯就不会提示，而且方向盘不会往回抽。,[不满意],[外观],外观还是很年轻的，尤其是车轱辘。刚买了车，去加油站的时候，门卫说买了一个好车子。做工车漆：金属漆，洗完车还是蛮亮的。前挡风玻璃按照说明书的要求，基本上是贴不成膜，会比较的晒，但是为了ES系统，算了。车灯设计：车灯好像不是LED的，那个远近光灯自动调节不是很实用，车灯可以上下调节，远灯还是很不错的,[内饰],内饰稍微有点硬，有点土就能看出来，买个表板蜡看起来就会好一点吧两块屏，开车的时候那个上面的小屏es可以显示捕捉车辆信息。异味异响：新车皮子味道很重，买了蜡炭包好了一点，车子目前没有什么异响。仪表中控：仪表盘两个都是液晶屏，感觉很有科技感，晚上回家的时候，下车还给你晚安。中间是液晶的，信息量满满的多媒体车机：这个多媒体是LIUS系统的，CARLIFE不是很好用，总是断，方向盘上不能直接由导航变成音乐，比较麻烦，导航不能用首字母，不是很方便。而且告诉大家一个技巧，开车的时候，手机蓝牙是连不上的，必须熄火拉手刹才可以。手感材质：不喜欢用触屏，还好音量键是实体键，不知道这个屏怎么息屏，高速晚上的时候不方便。,[空间],我184，空间上完全够了，没有当初的忧虑，一般两个人用来上班完全够了。储物空间：后排的空间两个人够了，不够就把后排放倒，三个胖子要凑合一下。这两天装了几个箱子，略显不足啊。乘坐空间：后排的中间因为有传动轴，会凸出来，坐三个人的话，中间的会难受一点，还有就是主驾的靠背没有腰部支撑，后背上没有兜,[舒适],舒适度不错，尤其是悬挂和座椅的搭配，很舒适，过减速带不是很硬空调：空调制冷不错，中间的空调往下推就关闭了，但是一开空调，皮子味道会很大。行驶舒适性：过减速带没有压力，尤其对于新疆的土减速带。,[油耗],平均6毛高速路段表现：高速在120KM，7个油左右，工薪族总体感觉可以接受，风噪可以接受,[动力],提速还不错，超车没问题加速表现：加速平稳，没有顿挫感，超车的时候信息满满，倒是想开出推背的感觉还是算了吧。,[操控],单手操控不错，媳妇开起来没有压力，方向盘尺寸大小比较适宜。山路：跑了跑隔壁路，不是很颠簸，悬挂表现还是不错底盘及悬架：底盘蛮规整的，车子上了驾我去看了的，跑起来还是四稳八平的横向对比：我觉得比XRV和逍客都要好的，但是和卧车比起来要差一些,[性价比],期待的配置：副驾驶有电动座椅就好了，或者后排有空调会比较不错，希望车灯能升级。,展开全部
"
    发表于  2018-06    

      
        
    
    
",感觉自动启停没什么意义，每次得手动关闭。,https://image1.xcarimg.com/attachments/my/0/31/07/617_120.jpg,kajial5,新手上路,5,外观,5,内饰,5,空间,5,舒适,5,油耗,5,动力,5,操控,5,性价比,5,购入信息,爱车车型,购入时间,2018/3/1,购车地点, [天津市],裸车价格,20.48万  (厂商指导价 19.18万),当前油耗,15L/100km,购入用途,上班,,爱车简评,日系车的内饰我一直都很喜欢，中规中矩，虽不张扬， 但很耐看。,爱车评价,[最满意],外观漂亮，提速快，更主要是情怀，一日SUBALU终身SUBALU。,[不满意],[外观],外观设计很时尚，2018款更运动，更年轻化，更充满活力。,[内饰],日系车的内饰我一直都很喜欢，中规中矩，虽不张扬，但很耐看。,[空间],乘坐空间：本人身高1.78米，头顶一拳有余。后排空间两个成人没问题，如果坐三个人，中间座位有些局促，长途行车应该有些累。,[舒适],空调很棒，风机噪音小，自动模式很便捷，旋钮阻尼手感很好。,[油耗],城市路段表现：目前新车市内15.8左右，相信走合期后会降下来的。,[动力],加速表现：提速轻快，加速线性。因为是新车，所以没敢开太快，毕竟是新车嘛，所以感觉无论哪里都挺好！,[操控],自动启停：感觉这个设置没什么意义，每次都需要手动关闭，有些麻烦。底盘及悬架：底盘很稳，颠簸过滤的很好，虽然不能和轿车相比，但是比荣放强多了，试驾过荣放，能颠死你！,[性价比],总的来说二十万出头儿的裸车价位，整车进口，水平对置发动机，左右对称全时四驱系统，一个字——值！,
"
    发表于  2018-05    

      
        
    
    
",最不满意的就是这个车没有“自动驻车”功能。等红灯的时候要踩着刹车，好累。,https://image1.xcarimg.com/attachments/my/0/31/07/624_120.jpg,tan5425pu05,新手上路,4.25,外观,5,内饰,4,空间,4,舒适,4,油耗,4,动力,3,操控,5,性价比,5,购入信息,爱车车型,购入时间,2018/3/6,购车地点, [江苏省],裸车价格,23.48万  (厂商指导价 22.18万),当前油耗,9L/100km,购入用途,上班,购物,爱车简评,购车选车首先要迎合各人用车需求。性价比不好衡量，因为斯巴鲁是小众品牌，也是偏向性能车，所以与市场大众畅销车型没有较大比较价值。我喜欢，我就觉得值。,爱车评价,[最满意],“水平对置全时四驱”，因为它的独特和专业，我也相信韩寒的选择。,[不满意],[外观],外形我个人很喜欢，尤其是亮橙色真的很好看。其他车的橙色都有些偏暗，都没有斯巴鲁的橙色好看。,[内饰],中规中矩能接受，你说多豪华不敢说，但绝对不差。值得一提的是，新车的味道不大，两周后基本就没有味道了，也许材料不是很高档，但绝对都是环保的好材料，连洗车店的老板都这么说。,[空间],后备箱的空间不大，其他的地方都挺好的。,[舒适],过减速带那声音非常让人着迷。至于噪音，个人觉得能接受。,[油耗],还行吧，四驱车能有这个油耗，我个人算是满意。但是还是更加期待油电混合版。,[动力],这个车的动力在低速时表现不错，但高速中有点吃力。个人觉得动力不是它的主打买点。动力平顺性：但是在动力输出的平顺性上毫无疑问是满分，没有顿挫，没有顿挫，非常难得。,[操控],指哪打哪，方向盘没有虚位。也许你看到这个车子的时候觉得它只是茫茫车市上的一员，但当你开起它的时候，你会发现它就是你想要的驾驶感受。开着真的很舒服的一辆车。,[性价比],如果你对空间和动力没有特别大的需求，它绝对是一辆值得拥有的车。开了斯巴鲁后你才知道什么是开车。,展开全部
"
    发表于  2018-05    

      
        
    
    
",22万的居然还是插钥匙的，日间行车灯，居然是卤素灯，而且还是和雾灯在一起，大白天的人家都以为我傻呼呼的开个雾灯在跑,https://image1.xcarimg.com/attachments/my/0/31/19/075_120.jpg,laogeahj06,新手上路,4,外观,4,内饰,4,空间,4,舒适,3,油耗,4,动力,4,操控,5,性价比,4,购入信息,爱车车型,购入时间,2018/1/1,购车地点, [新疆省],裸车价格,22.48万  (厂商指导价 21.18万),当前油耗,10L/100km,购入用途,上班,自驾游,爱车简评,空间4个人非常舒服，5个人没试过，话说同级别也找不到五个人能坐舒服的车,爱车评价,[最满意],安全性，操控，四驱，外观,[不满意],[外观],外观感觉还是很个性，很小巧,[内饰],内饰感觉还是没跟上时代，不过明显比以前还是有进步的，毕竟斯巴鲁和三菱是一样的，他们的重点不在这里,[空间],本人身高173，平时两个人上下班，所以空间对我们来说够用了,[舒适],悬架感觉还行，滤震性一般，胎胎也一般，毕竟性能车你不能去要求他太多,[油耗],主要市区路段，新车刚开始油耗12，然后就降下来了，现在市区9.7，等过了磨合期可能还会降下去,[动力],动力我感觉还行，由于是新车，还在磨合期，目前只在市里开，也没敢使劲踩油门，再一个CVT的变速箱主打是平顺，不像AT感觉那么快，不过对于这款车来说够用了。,[操控],操控我感觉很不错，因为之前开的车是福克斯，操控也很不错，XV虽然是SUV，但日系车里操控做的好的也就只有斯巴鲁和马自达了，所以我对这个车的操控还是很满意的,[性价比],22万4千8的价格买一个全时四驱，水平对置，全车进口，安全性还那么好的车感觉还是很不错了。,展开全部
"
    发表于  2018-04    

      
        
    
    
",ES系统两个镜头，自动大灯一个镜头，行车记录仪一个镜头，前面一共四个镜头，很难看。而且因为ES系统还不让前挡风玻璃贴膜，隐私无法保障。,https://image1.xcarimg.com/attachments/my/0/31/07/634_120.jpg,xswqhqx59,新手上路,3.5,外观,5,内饰,3,空间,3,舒适,3,油耗,3,动力,3,操控,5,性价比,3,购入信息,爱车车型,购入时间,2018/3/1,购车地点, [山西省],裸车价格,21.6万  (厂商指导价 22.18万),当前油耗,11L/100km,购入用途,上班,自驾游,爱车简评,斯巴鲁的车驾驶感受是非常好的，这种感受是没办法用说来让旁人明白的，只能实际开几次后才能明白。ES系统非常好用可靠，23w的车能配上最先进的主动安全技术是非常值得的。销售顾问很热情负责。,爱车评价,[最满意],谈不上有多满意，毕竟不是豪车，豪车又买不起，先凑合着开吧。,[不满意],[外观],外观是喜欢的，一直喜欢两厢车，这就是一辆加高底盘的两厢小车车。卡其灰的颜色也很喜欢，为了这个颜色，等了三个多月…,[内饰],内饰凑合，过得去，不至于被认为寒酸。味道有点大，不知道多久才能消。,[空间],前排没问题，后排不宽裕，两个人用车应该完全够用，有了小孩就够呛了。好在我现在只有一条狗，它的名字叫哒哒，它会晕车。,[舒适],舒适性一般吧，一分钱一分货，虽然比不上三十万以上的车，但是比二十万以内的车好。就像人生一样，永远比上不足比下有余…,[油耗],上下班太堵，还没跑高速，油耗目前11。就北京的情况而言，我认为油耗是下不去了，只增不减。,[动力],本人一向不开快车，车速从没超过120，所以对动力不在意，也没有什么感受。慢慢开，长命百岁。,[操控],操控是不错的。方向盘往左打，车就往左开；方向盘往右打，车就往右开。很神奇！,[性价比],该车谈不上什么性价比，如果不是整车进口身份，合资的话估计也就十六七万的最多了。买车不要讲究性价比，在能接受的价钱范围内挑自己第一眼看上喜欢的就好嘛。对比来对比去，你会忘记你的初心哦。,展开全部
"
    发表于  2018-04    

      
        
    
    
",ES系统两个镜头，自动大灯一个镜头，行车记录仪一个镜头，前面一共四个镜头，很难看。而且因为ES系统还不让前挡风玻璃贴膜，隐私无法保障。,https://image1.xcarimg.com/attachments/my/0/31/14/536_120.jpg,liujudw1,新手上路,3.5,外观,5,内饰,3,空间,3,舒适,3,油耗,3,动力,3,操控,5,性价比,3,购入信息,爱车车型,购入时间,2018/3/1,购车地点, [四川省],裸车价格,21.6万  (厂商指导价 22.18万),当前油耗,8L/100km,购入用途,上班,自驾游,爱车简评,内饰凑合，过得去，不至于被认为寒酸。味道有点大，不知道多久才能消。,爱车评价,[最满意],谈不上有多满意，毕竟不是豪车，豪车又买不起，先凑合着开吧。,[不满意],[外观],外观是喜欢的，一直喜欢两厢车，这就是一辆加高底盘的两厢小车车。卡其灰的颜色也很喜欢，为了这个颜色，等了三个多月…,,,[空间],前排没问题，后排不宽裕，两个人用车应该完全够用，有了小孩就够呛了。好在我现在只有一条狗，它的名字叫哒哒，它会晕车。,[舒适],舒适性一般吧，一分钱一分货，虽然比不上三十万以上的车，但是比二十万以内的车好。就像人生一样，永远比上不足比下有余…,[油耗],上下班太堵，还没跑高速，油耗目前11。就北京的情况而言，我认为油耗是下不去了，只增不减。,[动力],本人一向不开快车，车速从没超过120，所以对动力不在意，也没有什么感受。慢慢开，长命百岁。,[操控],操控是不错的。方向盘往左打，车就往左开；方向盘往右打，车就往右开。很神奇！,[性价比],该车谈不上什么性价比，如果不是整车进口身份，合资的话估计也就十六七万的最多了。买车不要讲究性价比，在能接受的价钱范围内挑自己第一眼看上喜欢的就好嘛。对比来对比去，你会忘记你的初心哦。,展开全部
"
    发表于  2018-04    

      
        
    
    
",可能觉得后备箱的空间确实算不上大，但一家三口应该够用了。,https://image1.xcarimg.com/attachments/my/0/31/14/533_120.jpg,xzpdabo,新手上路,4.75,外观,5,内饰,5,空间,4,舒适,5,油耗,5,动力,4,操控,5,性价比,5,购入信息,爱车车型,购入时间,2018/3/1,购车地点, [江苏省],裸车价格,22.68万  (厂商指导价 22.18万),当前油耗,7L/100km,购入用途,上班,自驾游,爱车简评,通常一家三口乘坐，车内空间足够，储物空间也够，只是后备箱感觉稍微小了一些。,爱车评价,[最满意],驾驶感受超级棒！得益于合适的尺寸，极小的转向比，灵敏的方向盘，转向精准，再加上强大的ES功能，驾驶感受好到爆，无可挑剔。即使是在暴雨如注的高速路上，跑120码依旧稳稳当当，超车绝不拖泥带水，没有任何打滑现象，四轮驱动给驾驶者极大的安全信心。新车油耗满意，高速只跑了100公里，油耗立马下降到百公里6.7升，十足的惊喜。外观也是自己所喜欢的，大小适中，平常穿梭于城市道路之中，游刃有余的感觉，停车也方便。内饰个人感觉也足够精致了，该有的功能全都有，车内储物空间也比较丰富，足够用了。顶配版的大灯非常好，漂亮且实用。新车基本没什么味道，一点新车皮革味儿，一周左右就彻底不可闻了。220MM的离地间隙在同级别当中绝对屈指可数，期待哪天能够带自己去轻度越个野，哈哈。另外，这车的噪音我觉得也还行，绝对在可接受的范围内。,[不满意],[外观],外观个人感觉很满意，无论车头、车尾，侧身线条设计，感觉很符合自己的审美标准。车身大小尺寸也是自己所中意的。不喜欢太大的车。大灯和尾灯都挺漂亮，车子做工很好，车漆光亮，接缝匀称，没有什么不满意的地方。,[内饰],中控样式中规中矩，特别喜欢仪表盘及中控上方两块液晶仪表的设计，显示清晰，内容丰富，给驾驶者提供相当全面的行车帮助，值得称赞。车内软性材质用得比较多，没有异味，到现在也未出现什么异响。,,,[舒适],座椅舒适性很好，车内噪音控制得也不错。空调给力。,[油耗],平常在城市拥堵状态下，油耗10.5，上高速跑到100公里，立马降到6.7，感觉油耗还是很低的，况且这还是新车磨合期内。,[动力],2.0的动力配上1477KG的车身质量，动力感觉还可以，加上CVT变速箱，开起来感觉很平顺，时速100公里以下提速没什么问题。跑高速120感觉也蛮好，没有感觉动力不足的现象。超车很干脆。,[操控],方向盘力度适中，完全没有虚位，转向非常清晰，指向精准。掉头、并线十分顺畅，驾驶感觉绝对让人感到酣畅淋漓，没有丝毫拖泥带水之感。高速入弯车身侧倾控制得很好，给人十足信心。暴雨天行驶，轮胎抓地力非常强，即便高速行驶也没有任何侧滑现象出现。,[性价比],性价比这东西见仁见智，我自己感觉这车值得。,展开全部
"
    发表于  2018-03    

      
        
    
    
",保险贵，后备箱空间略小，后排没有出风口掉档次。,https://image1.xcarimg.com/attachments/my/0/31/07/628_120.jpg,YINGJIA28dn1,新手上路,4.25,外观,5,内饰,4,空间,4,舒适,5,油耗,4,动力,4,操控,5,性价比,3,购入信息,爱车车型,购入时间,2017/11/1,购车地点, [河北省],裸车价格,23.48万  (厂商指导价 22.18万),当前油耗,8L/100km,购入用途,上班,接送小孩,爱车简评,舒适性一般吧，一分钱一分货，虽然比不上三十万以上的车，但是比二十万以内的车好。就像人生一样，永远比上不足比下有余…,爱车评价,[最满意],斯巴鲁的车驾驶感受是非常好的，这种感受是没办法用说来让旁人明白的，只能实际开几次后才能明白。ES系统非常好用可靠，23w的车能配上最先进的主动安全技术是非常值得的。销售顾问很热情负责。,[不满意],[外观],很满意，外观接缝紧密，做工出众。颜色不错，所有人看见我车先夸颜色,[内饰],比斯巴鲁其他的车系好太多，比森林人强的没天际了，跟其他品牌比就算了吧。中控台样式较新颖，用料考究，做工优良,[空间],我身高180体重190，前排调整舒服后坐后排完全没问题。乘坐空间够用，储物空间尚可。坐四个大人很舒服，5个也可凑合短途。储物空间：后备箱比森林人紧凑，但是后排好在能放到，拉大东西的时候放到后排就可以。,[舒适],一般，别报太大期望,[油耗],目前为止7.1左右，纯高速情况下能到6.5,[动力],2.0已经够用，高速上可以放到180，120的时候加速不如2.0t车，80以内完全没问题,[操控],方向盘没有虚位，感觉完美。四驱让你走啥路都信心十足。,[性价比],纯进口车，和国产车谈什么性价比是扯淡，但是在斯巴鲁系列中算性价比最高的。,展开全部
"
    发表于  2018-03    

      
        
    
    
",车厢小，没有一键启动，卤素大灯，日行灯是黄色的小灯珠,https://image1.xcarimg.com/attachments/my/0/31/05/162_120.jpg,lix58408bgkr,新手上路,4,外观,5,内饰,5,空间,3,舒适,2,油耗,5,动力,4,操控,5,性价比,3,购入信息,爱车车型,购入时间,2018/2/1,购车地点, [云南省],裸车价格,20.98万  (厂商指导价 20.18万),当前油耗,8L/100km,购入用途,上班,自驾游,爱车简评,基本上满足自己的生活需求，不管在外形上配置上，自己都比较满意,爱车评价,[最满意],外观好看，比旧款大体多了，底盘好，悬挂好,[不满意],[外观],喜欢就好,[内饰],喜欢就好,[空间],比旧款已经好很多了，但是二排坐三个大人还是有点挤,[舒适],避震偏硬，但是舒服，过弯的摇摆度也不大,[油耗],7.6百公里，还想怎样？,[动力],起步有点肉，加速还可以，动力可以，坐五个大人加两个小孩都一样轻松上100,[操控],不用多说了吧？,[性价比],23.98包牌价，居然没有一键启动，没有氙气大灯，没有升级钥匙。这些都在最高配才有，坑爹，这个版本再便宜两万就性价比高了,
"
    发表于  2018-02    

            
    
    
",后排没有出风口，后排座椅深度较浅，支撑不太好，后备箱太小，卤素灯太low，钥匙太low......,https://image1.xcarimg.com/attachments/my/0/51/31/217_120.jpg,点点_粑粑,青铜元老,4,外观,5,内饰,5,空间,4,舒适,4,油耗,3,动力,3,操控,5,性价比,3,购入信息,爱车车型,购入时间,2018/1/15,购车地点,上海安吉和鑫汽车销售服务有限公司 [上海市],裸车价格,22.28万  (厂商指导价 20.18万),当前油耗,10.6L/100km,购入用途,上班,购物,爱车简评,好：车身钢性好，操控好，外观个性，内饰精致，四驱性能强，cvt加速平顺！ 孬：后排座椅较小，后备箱太小，卤素灯太low，钥匙太low......,爱车评价,[最满意],车身钢性好，操控好，方向盘手感好，仪表简洁，信息清晰，外观个性，内饰精致，Eyesight安全性无敌，四驱性能强，cvt加速平顺！,[不满意],[外观],外观没说的，太有个性！我喜欢！轮毂造型一般，算用心设计过了，但是并不算好看！只能算是个个性！es豪华除了卤素灯太low了，其他没缺点！,[内饰],内饰简洁，大气！缝线加得很赞！整体衔接的很好！比起上一代简直是飞跃！就是车机比较low，没有carplay！没有sd卡！感觉就是个山寨货！另外，这钥匙太low了！太low了！太low了！电瓶车吗？！虽然法拉利也用这样的钥匙，但这六个星星的和法拉利相提并论太牵强了！,[空间],前排可调范围很大，毫无压力，很舒服。后排略小，满载不适合长途。后备箱太小，长途必须配车顶箱！,[舒适],比轿车避震硬一点，但不颠。座椅包裹性一般，侧向支撑没有老明锐好。自动空调方便，基本上设定25度之后很长一段时间就不需要再调整。座椅加热实用，上车一会就能感觉到热了，效果很好。后排没有出风口，略显低端。噪音控制的不错，主要噪音还是风噪。普利司通的轮胎还是很安静的！eyesight强大！太实用了！定速，自适应巡航，车道保持！适合新手！,[油耗],1000公里，纯市区10.5升，做为2.0的新车，算正常。新车磨合加冬季低温的关系油耗偏高。高速瞬时5左右。,[动力],2.0自吸带动1.4吨的车，只能说刚刚够用，不过cvt非常给力，起步扭矩还是可以的，动力很强，能窜！0-60动力充足，一点就有！60-100公里，动力一般，加速慢，100以上动力弱！CVT就是为平顺而生的，完全没有感觉，速度就上去了，转速可以保持不变！斯巴鲁的钢链式cvt，可承受扭矩更大，能满足轻度越野！高速上跑100码，转速1700，120码也不超过2000转，贼省油！,[操控],斯巴鲁主打的就是操控，没说的，操控性远高于配备的动力。方向盘没有虚位，加上避震偏运动，指哪打哪！,[性价比],进口车没性价比可言，税费摆着！但是拥有傲人的水平对置发动机和全时四驱这两项，全世界没有第二个品牌了！所以，性价比看你怎么比了！,
"
    发表于  2018-02    

      
        
    
    
",后排座椅较小，后备箱太小，卤素灯太low，钥匙太low......,https://image1.xcarimg.com/attachments/my/0/31/07/191_120.jpg,ABC2002l,新手上路,4,外观,5,内饰,5,空间,4,舒适,4,油耗,3,动力,5,操控,5,性价比,1,购入信息,爱车车型,购入时间,2017/12/1,购车地点, [上海市],裸车价格,22.28万  (厂商指导价 21.18万),当前油耗,11L/100km,购入用途,上班,购物,爱车简评,2.0自吸带动1.4吨的车，只能说刚刚够用，不过cvt非常给力，起步扭矩还是可以的，动力很强，能窜！,爱车评价,[最满意],车身钢性好，操控好，外观个性，内饰精致，四驱性能强，cvt加速平顺！,[不满意],[外观],外观没说的，太个性！有人喜欢有人讨厌！除了卤素灯太low了，其他没缺点车灯设计：es豪华这方面太不豪华了，卤素蜡烛灯.....轮毂：轮毂造型一般，算用心设计过了，但是并不算好看！只能算是个个性！,[内饰],内饰简洁，大气，缝线加得很赞！整体衔接的很好！比起上一代简直是飞跃！多媒体车机：车机比较low，没有carplay！没有sd卡！感觉就是个山寨货钥匙钥匙钥匙：这钥匙太low了，电瓶车吗？虽然法拉利也用这样的钥匙，但这六个星星的和法拉利相提并论太牵强了！,[空间],前排毫无压力，后排略小，后备箱太小前排毫无压力后排略拥挤后备箱小，勉强够用放行李：后备箱小，和明锐完全没法比，虽然能放倒，但在同级别里还是算小的，车顶行李架需要利用起来，装个行李框，能应急！,[舒适],比轿车避震硬一点，但不颠。座椅包裹性一般，侧向支撑没有老明锐好。空调：自动空调方便，基本上设定25度之后很长一段时间就不需要再调整。座椅加热实用，上车一会就能感觉到热了，效果很好。噪音控制的不错，主要还是风噪。普利司通的轮胎还是很安静的,[油耗],1000公里，市区11升，最为2.0的新车，算正常。新车磨合加冬季低温的关系油耗偏高,[动力],动力平顺性：CVT就是为平顺而生的，完全没有感觉，速度就上去了，转速可以保持不变！斯巴鲁的钢链式cvt，可承受扭矩更大，能满足轻度越野，跑高速：高速上跑100码，转速1700，120码也不超过2000转，贼省油！加速表现：0-60动力充足，一点就有！60-100，动力一般，加速慢，100以上动力弱！,[操控],方向盘没有虚位，加上避震偏运动，指哪打哪！,[性价比],进口车没性价比可言，税费摆着！但是拥有傲人的水平对置发动机和全时四驱这两项，全世界没有第二个品牌了！所以，性价比看你怎么比了！标配配置：eyesight必须有，太实用了！定速，自适应巡航，车道保持！适合新手！期待的配置：led大灯全系标配，全景天窗，全车车窗一键升降，行车自动落锁，下雨自动关窗，钥匙遥控关窗......,展开全部
"
    发表于  2018-01    

      
        
    
    
",2.0搭配cvt动力表现偏弱，启停如鸡肋，震动又大，像拖拉机的机头，还有就是没有CarPlay，只有carlife，不好用，不过用蓝牙也凑合。,https://image1.xcarimg.com/attachments/my/0/31/07/316_120.jpg,李陶治jpy12,新手上路,3.63,外观,3,内饰,4,空间,4,舒适,4,油耗,4,动力,1,操控,5,性价比,4,购入信息,爱车车型,购入时间,2017/12/1,购车地点, [广东省],裸车价格,19.98万  (厂商指导价 19.18万),当前油耗,8L/100km,购入用途,自驾游,,爱车简评,斯巴鲁的底盘功夫不得不服，很好的过滤不平的路面，开起来很稳，特别是高速过弯，倾侧很小,爱车评价,[最满意],操控一流，特别在过一些减速带，底盘表现很有韧性，给驾驶者足够信心，另外高速进匝道弯道非常稳。,[不满意],[外观],外观设计怎么看还是不辣么好看，偏小气，不过主要买给家里老婆大人用的，将就一下开吧。,[内饰],内饰实用简洁，充分体现斯巴鲁的工程师文化,[空间],本人180，前后都没问题，出外坐四个成年人人完全没问题，这次2018款空间比老款强了很多。,[舒适],悬挂偏舒适，座椅支撑也很好，后排座椅比想象的要软。,[油耗],油耗没怎么注意，新车总会耗油些，大概八九升吧,[动力],动力偏弱，没有2.5或者2.0T可惜了，有次看陈震试这款车也提到动力和操控不匹配的问题，当时还以为他要求高，谁知开了才知道真是如此，希望今后有更大排量的发动机。,,,[性价比],预算准备了20～25万吧，看了QX30，minicountryman，cdx，对比之后，还是觉得斯巴鲁叉v在技术上最有特点，性价比也不错，其他合资车有四驱的也要将近二十万，毕竟这个价位可以买到全进口的四驱suv，水平对置发动机。现在买车看性价比不能光看参数和一些没用的花哨配置，自己驾驶感受舒服就已经值了。准备以后自己那部奥德赛换车就换傲虎了。,展开全部
"
    发表于  2018-01    

      
        
    
    
",隔音、密封和做工扎实性还有待提高；副驾座椅不是电动调节，有电子驻车但没加自动驻车，有点掉价也不太方便。,https://image1.xcarimg.com/attachments/my/0/31/19/063_120.jpg,xing92665ck1,新手上路,4.25,外观,4,内饰,4,空间,4,舒适,3,油耗,5,动力,4,操控,5,性价比,5,购入信息,爱车车型,购入时间,2017/11/1,购车地点, [浙江省],裸车价格,23.48万  (厂商指导价 22.18万),当前油耗,8L/100km,购入用途,自驾游,跑长途,爱车简评,最满意自动大灯和全时四驱和进口车品质，基本没有异味，音响效果对于我这种要求不高的觉得还行。,爱车评价,[最满意],ES使用非常方便、可靠；全时四驱，跑在路上妥妥的安全感；音响系统效果不错；LED大灯系统远近光自适应带随动；操控性不输欧美系；油耗不高；配置丰富。,[不满意],[外观],外观运动，但不张扬，LED车灯超棒，远近光自适应带随动，很满意。示宽灯效果示宽灯侧颜尾灯侧颜,[内饰],中控台设计合理，操作方便，用料考究，无异味，只是做工的扎实性还需要提高。中控台面采用软搪塑,[空间],乘坐空间对于我身高不高的人算足够，如果身高太高的人会有点显小；储物空间还不错，特别开门把手处不是镂空设计非常好；后备箱尚可，比轿车大。非镂空内把手带隔层的后备箱中控下的储物,[舒适],座椅包裹性好，行驶舒适，但隔音还需要提高空调系统相当好用。,[油耗],跑了600多公里高速，油耗在7左右，相当满意。,[动力],2.0自然吸气发动机，转速不到2000提速有点慵懒。动力平顺，堵车时采用M档跟车相当平顺。,[操控],通过性强，转向精准，无虚位，悬架支撑有力但不失柔性。220的离地间隙,[性价比],对于一款全进口全时四驱SUV，性价比非常高！小V，你值得拥有！,展开全部
"
    发表于  2017-12    

      
        
    
    
",隔音、密封和做工扎实性还有待提高；副驾座椅不是电动调节，有电子驻车但没加自动驻车，有点掉价也不太方便。,https://image1.xcarimg.com/attachments/my/0/31/14/529_120.jpg,xiaozhedw1,新手上路,4.25,外观,4,内饰,4,空间,4,舒适,3,油耗,5,动力,4,操控,5,性价比,5,购入信息,爱车车型,购入时间,2017/11/1,购车地点, [浙江省],裸车价格,23.48万  (厂商指导价 22.18万),当前油耗,8L/100km,购入用途,自驾游,跑长途,爱车简评,2.0自然吸气发动机，转速不到2000提速有点慵懒。动力平顺，堵车时采用M档跟车相当平顺。,爱车评价,[最满意],ES使用非常方便、可靠；全时四驱，跑在路上妥妥的安全感；音响系统效果不错；LED大灯系统远近光自适应带随动；操控性不输欧美系；油耗不高；配置丰富。,[不满意],[外观],外观运动，但不张扬，LED车灯超棒，远近光自适应带随动，很满意。示宽灯效果示宽灯侧颜尾灯侧颜,[内饰],中控台设计合理，操作方便，用料考究，无异味，只是做工的扎实性还需要提高。中控台面采用软搪塑,[空间],乘坐空间对于我身高不高的人算足够，如果身高太高的人会有点显小；储物空间还不错，特别开门把手处不是镂空设计非常好；后备箱尚可，比轿车大。非镂空内把手带隔层的后备箱中控下的储物,[舒适],座椅包裹性好，行驶舒适，但隔音还需要提高空调系统相当好用。,[油耗],跑了600多公里高速，油耗在7左右，相当满意。,,,[操控],通过性强，转向精准，无虚位，悬架支撑有力但不失柔性。220的离地间隙,[性价比],对于一款全进口全时四驱SUV，性价比非常高！小V，你值得拥有！,展开全部
"
    发表于  2017-10    

      
        
    
    
",钥匙后排没空调出风口。,https://image1.xcarimg.com/attachments/my/0/31/19/079_120.jpg,linlin51jp09,新手上路,4.38,外观,5,内饰,3,空间,5,舒适,3,油耗,5,动力,5,操控,4,性价比,5,购入信息,爱车车型,购入时间,2017/9/1,购车地点, [山西省],裸车价格,22.48万  (厂商指导价 21.18万),当前油耗,13L/100km,购入用途,上班,接送小孩,爱车简评,性价比总体一般，特别比同级别车少了无钥匙进入，一键启动。进口车，税费多，优惠少。看在是四驱车、原装进口、操控好、大小合适这几点还是选了这款车。,爱车评价,[最满意],Es挺好用。网上在高速上都能用。,[不满意],[外观],媳妇喜欢外观上网看了一眼就喜欢,[内饰],很多都给旧款要好但是钥匙要ou了一键启动也没。,[空间],我身高170cm前后排都够用。但是后排中间地板有凸起。但是还能接受。,[舒适],舒适感还可以听说给旧款好多。隔音还不错。空调差评……20几万的车居然后排没出风口。不过空调够凉就是没出风口差评差评。,[油耗],提车当天在花都提车回清远平均4.5l油耗……平时油耗1112全四驱来说能接受了。估计以后会往下降高速路段表现：高速很省油。es晚上也能用…………………,[动力],相比以前的迈腾没迈腾好开。,[操控],买给老婆的安全就好。别谈操控……,[性价比],有点贵但是媳妇喜欢……只能买。,
"
    发表于  2017-02    

      
        
    
    
",,https://image1.xcarimg.com/attachments/my/0/29/02/633_120.jpg,sxsheepgmy,新手上路,4.38,外观,5,内饰,4,空间,4,舒适,4,油耗,5,动力,5,操控,4,性价比,4,购入信息,爱车车型,购入时间,2017/1/6,购车地点, [北京市],裸车价格,17.83万  (厂商指导价 19.98万),当前油耗,8.3L/100km,购入用途,上班,接送小孩,爱车简评,底盘扎实稳重，车门比较厚实，很有感觉，方向指向准确，前挡玻璃很明亮，座椅还算舒服，倒车雷达很管用，特别是对于我这样的新手。真皮座椅是个亮点，舒适度非常高，内饰做工也讲究，能切实感觉到它的高档与豪华。最最重要的是价格仅售二十几万，我就服你！,,,,,,,,,,,,,,,,,,,,,
"
    发表于  2017-02    

      
        
    
    
",,https://image1.xcarimg.com/attachments/my/0/29/02/630_120.jpg,zysywzjwnu3,新手上路,4.25,外观,5,内饰,3,空间,5,舒适,4,油耗,5,动力,4,操控,4,性价比,4,购入信息,爱车车型,购入时间,2017/2/2,购车地点, [福建省],裸车价格,17.57万  (厂商指导价 19.98万),当前油耗,7.9L/100km,购入用途,上班,购物,爱车简评,开了快半年了  记得当初买的时候也是因为车的外观够霸气 而且坐着也是爽歪歪 现在我想说这些优点只是表面的这车我是越开越喜欢  任何小的故障都没发生过  油门一踩动力也是源源不断的来 就是有点消钱了。后备箱我可以放好多东西 上次出门我把我的宝贝全带着了,,,,,,,,,,,,,,,,,,,,,
"
    发表于  2017-02    

      
        
    
    
",,https://image1.xcarimg.com/attachments/my/0/29/02/614_120.jpg,3xtx,新手上路,4.13,外观,5,内饰,4,空间,4,舒适,3,油耗,4,动力,5,操控,4,性价比,4,购入信息,爱车车型,购入时间,2017/2/11,购车地点, [江西省],裸车价格,17.18万  (厂商指导价 19.98万),当前油耗,8.9L/100km,购入用途,购物,自驾游,爱车简评,买回家简直就是惊喜  首先空间就是一道亮点  坐进去很宽敞  完全没有不舒服的感觉  内部设计的也很合理 动力够我平常出门了 给油就给力  有舍才有得嘛  而且方向盘也不像别人说的沉 握着很有手感 开起来特别的轻松 特别是刹车很敏锐 在市区驾车也不怕追尾了,,,,,,,,,,,,,,,,,,,,,
"
    发表于  2017-02    

      
        
    
    
",,https://image1.xcarimg.com/attachments/my/0/29/02/610_120.jpg,老虎崽ox5,新手上路,4.38,外观,5,内饰,4,空间,4,舒适,4,油耗,5,动力,4,操控,4,性价比,5,购入信息,爱车车型,购入时间,2016/12/23,购车地点, [山东省],裸车价格,17.71万  (厂商指导价 19.98万),当前油耗,8.3L/100km,购入用途,上班,自驾游,爱车简评,是一款性价比比较高的车 值得购买 特别是空间大  座椅做的很扎实  开长途也不用担心了 我也是对比了车的整体性能 选择的而且外观设计的很饱满  很用心  特别是大灯炯炯有神 晚上开出去也是一道闪电  内饰设计看起来挺简单 但是还是挺有范的,,,,,,,,,,,,,,,,,,,,,
"
    发表于  2017-02    

      
        
    
    
",,https://image1.xcarimg.com/attachments/my/0/29/02/606_120.jpg,qlm2002ot05,新手上路,4.38,外观,5,内饰,3,空间,5,舒适,4,油耗,5,动力,5,操控,4,性价比,4,购入信息,爱车车型,购入时间,2017/2/25,购车地点, [广东省],裸车价格,19.48万  (厂商指导价 19.98万),当前油耗,8.1L/100km,购入用途,接送小孩,自驾游,爱车简评,很有气魄的一款车  底盘做的也是相当的给力 ，耐磨，而且空间我都不用担心坐不下  山路我也走过 走的还很平顺，就是有些小细节需要改善一下 比如说关右侧们的时候温柔点的女生估计关不上 要关好几遍  还有就是边边角角没那么精致 当然有问题才有进步的空间嘛,,,,,,,,,,,,,,,,,,,,,
"
    发表于  2017-02    

      
        
    
    
",,https://image1.xcarimg.com/attachments/my/0/29/02/578_120.jpg,greatymjbpwy,新手上路,3.88,外观,5,内饰,3,空间,3,舒适,4,油耗,5,动力,4,操控,4,性价比,3,购入信息,爱车车型,购入时间,2017/3/4,购车地点, [广东省],裸车价格,17.73万  (厂商指导价 19.98万),当前油耗,7.7L/100km,购入用途,上班,购物,爱车简评,首先说我最满意的吧，我觉得动力调教的还不错，开着不费力 就是油门我控制不好，跟车过程中容易尴尬，还有放东西的格子设置的还是少了点，像我这样的小东西又多  总是丢的到处都是，还是希望改进一下。总体还是ok的,,,,,,,,,,,,,,,,,,,,,
"
    发表于  2017-02    

      
        
    
    
",,https://image1.xcarimg.com/attachments/my/0/29/02/568_120.jpg,sdlilfd,新手上路,4.13,外观,4,内饰,5,空间,4,舒适,3,油耗,4,动力,4,操控,5,性价比,4,购入信息,爱车车型,购入时间,2017/1/19,购车地点, [甘肃省],裸车价格,20.07万  (厂商指导价 22.98万),当前油耗,8.6L/100km,购入用途,接送小孩,跑长途,爱车简评,买车我最先考虑的就是动力了 动力够带劲  其他的都是浮云  不讲究 不过还是可以说说我内心的观点的首先空间大 乘坐超级舒服 方向盘握着很有手感 不轻 就是腰部没得支撑力 老人坐久了会不舒服 可以考虑装一个我这个只有自己在淘宝上淘了就不用麻烦你们啦,,,,,,,,,,,,,,,,,,,,,
"
    发表于  2017-02    

      
        
    
    
",,https://image1.xcarimg.com/attachments/my/0/29/02/534_120.jpg,seamannor3,新手上路,4.25,外观,5,内饰,4,空间,4,舒适,3,油耗,5,动力,4,操控,4,性价比,5,购入信息,爱车车型,购入时间,2017/2/3,购车地点, [吉林省],裸车价格,20.03万  (厂商指导价 22.98万),当前油耗,9.4L/100km,购入用途,购物,接送小孩,爱车简评,整车的流线型设计的很好，看着大气时尚，中控的大屏是亮点，看着很豪很上档次，开出去很有面子啊；我们一家人出游，带上所以行李都还有富余空间，空间相当不错；动力表现非常不错，十分强劲，不愧是有着和保时捷一样的发动机技术；觉得最不好的就是隔音吧,,,,,,,,,,,,,,,,,,,,,
"
    发表于  2017-02    

      
        
    
    
",,https://image1.xcarimg.com/attachments/my/0/29/02/524_120.jpg,alfa147stw46,新手上路,4.25,外观,5,内饰,4,空间,4,舒适,5,油耗,4,动力,4,操控,5,性价比,3,购入信息,爱车车型,购入时间,2017/1/4,购车地点, [四川省],裸车价格,20.7万  (厂商指导价 22.98万),当前油耗,9.2L/100km,购入用途,接送小孩,自驾游,爱车简评,"我觉得买这款车还是跟我自身的条件来选择的 车内空气很清新,没啥异味,而且外观看着也有豪车的感觉,就是细节方面还是有待提升,日系车应该不只是这样,这是想提高品牌知名度需要达到的一点,不过我也没出多少钱也不能要求太完美,等啥时候挣大钱了再来买好一点的车",,,,,,,,,,,,,,,,,,,,,
"
    发表于  2017-02    

      
        
    
    
",,https://image1.xcarimg.com/attachments/my/0/29/02/517_120.jpg,zsxjwxlp,新手上路,4.13,外观,5,内饰,3,空间,4,舒适,4,油耗,5,动力,3,操控,4,性价比,5,购入信息,爱车车型,购入时间,2017/1/4,购车地点, [广东省],裸车价格,22.48万  (厂商指导价 22.98万),当前油耗,9.6L/100km,购入用途,接送小孩,跑长途,爱车简评,这车的中控屏确实是很有档次，内饰的配置相当丰富啊，特别是晚上氛围灯亮了后豪华感十足，豪华版的就是高大上一些，美中不足的是新车回来有点味儿，不过还可以接受；这车的外观就不用多说了看了的都说好；操控起来简单方便，这么大个车开起来油耗还不高,,,,,,,,,,,,,,,,,,,,,
"
    发表于  2017-02    

      
        
    
    
",,https://image1.xcarimg.com/attachments/my/0/29/02/507_120.jpg,鲁裕敏opy24,新手上路,4.38,外观,5,内饰,3,空间,5,舒适,5,油耗,5,动力,4,操控,4,性价比,4,购入信息,爱车车型,购入时间,2016/12/13,购车地点, [浙江省],裸车价格,20.22万  (厂商指导价 22.98万),当前油耗,9.1L/100km,购入用途,购物,接送小孩,爱车简评,最喜欢的还是内饰和外观吧，内饰高端大气上档次，特别是晚上的氛围灯，看着老喜欢了，中控屏也是大的没朋友了。外观霸气，看着很有活力；空间怎么说了，平常就三个人坐，没有太大的要求，不过这车的空间确实是很大，总体上来说还是很满意的。,,,,,,,,,,,,,,,,,,,,,
"
    发表于  2017-02    

      
        
    
    
",,https://image1.xcarimg.com/attachments/my/0/29/02/488_120.jpg,lin5gu,新手上路,4.38,外观,5,内饰,4,空间,5,舒适,4,油耗,5,动力,4,操控,4,性价比,4,购入信息,爱车车型,购入时间,2017/1/27,购车地点, [广东省],裸车价格,16.31万  (厂商指导价 18.98万),当前油耗,8.5L/100km,购入用途,购物,接送小孩,爱车简评,这款车的性价比还是很高的，油耗表现的很一般，不高不低吧；外观看着很大气，很符合我的审美观，买车不就是看的外观吗，不好看谁会买；空间方面表现的不错，乘坐空间也好，后备箱空间也好，都很满足够我用了；坐着还是很舒服的，既能遮风又能挡雨的，很不错。,,,,,,,,,,,,,,,,,,,,,
"
    发表于  2017-02    

      
        
    
    
",,https://image1.xcarimg.com/attachments/my/0/29/02/479_120.jpg,stone_wangfo,新手上路,4.38,外观,5,内饰,4,空间,4,舒适,4,油耗,5,动力,4,操控,4,性价比,5,购入信息,爱车车型,购入时间,2017/2/12,购车地点, [吉林省],裸车价格,16.42万  (厂商指导价 18.98万),当前油耗,8.6L/100km,购入用途,接送小孩,自驾游,爱车简评,"我想买这款车的人都是冲着性价比来的,我也不例外,虽然算不上什么豪车,回头率也不会降低 虽然只是20万级别的车 但是动力系统配置一点都不会差,内部空间够坐4到5个人,而且这车身油耗也不会太多,在我承受的范围,这这点给点小小的建议可以给车装一个车身稳定系统",,,,,,,,,,,,,,,,,,,,,
"
    发表于  2017-02    

      
        
    
    
",,https://image1.xcarimg.com/attachments/my/0/29/02/462_120.jpg,bai.yivz26,新手上路,4.25,外观,4,内饰,3,空间,5,舒适,5,油耗,4,动力,4,操控,5,性价比,4,购入信息,爱车车型,购入时间,2017/2/5,购车地点, [江西省],裸车价格,16.9万  (厂商指导价 18.98万),当前油耗,8.9L/100km,购入用途,购物,自驾游,爱车简评,买这款车也是在我的朋友带动下决定的 当时看他开这款车我一眼就瞧上了就问她多少钱 她一说刚好符合我内心的价位 然后就去提了这款车  买回来后我觉得很值，做工各方面都做的很实在  对的起这个价格 就是内饰上可以改变一下 我觉得进步的空间还是有的,,,,,,,,,,,,,,,,,,,,,
"
    发表于  2017-02    

      
        
    
    
",,https://image1.xcarimg.com/attachments/my/0/29/02/429_120.jpg,QWk0,新手上路,4.13,外观,4,内饰,5,空间,3,舒适,4,油耗,4,动力,5,操控,4,性价比,4,购入信息,爱车车型,购入时间,2017/1/20,购车地点, [安徽省],裸车价格,18.48万  (厂商指导价 18.98万),当前油耗,8.4L/100km,购入用途,上班,接送小孩,爱车简评,它的水平对置发动机技术是国内合资车永远做不到的，只有它有和保时捷一样的发动机技术，20万级别的车拥有一颗保时捷跑车的大心脏，而且还非常的省油，这就是性价比！内饰方面自己动手加了真皮座椅，还安装了后是导航一体机，要比直接买高配的省了好多,,,,,,,,,,,,,,,,,,,,,
"
    发表于  2017-02    

      
        
    
    
",,https://image1.xcarimg.com/attachments/my/0/29/02/403_120.jpg,fengyunzhnw4,新手上路,4.13,外观,5,内饰,5,空间,4,舒适,4,油耗,3,动力,4,操控,5,性价比,3,购入信息,爱车车型,购入时间,2017/2/5,购车地点, [江苏省],裸车价格,16.03万  (厂商指导价 18.98万),当前油耗,7.8L/100km,购入用途,接送小孩,自驾游,爱车简评,外形是符合我的审美的，不会显得多张扬，也不会觉得太古板。内饰方面确实简单了些，不过该有的一些功能都还是有的，内饰方面毕竟不是斯巴鲁XV的核心竞争方面。配置上跟斯巴鲁XV豪华版比起来略微有些逊色，不过好歹价格也低，没什么特别不满的地方.,,,,,,,,,,,,,,,,,,,,,
"
    发表于  2016-11    

            
    
    
",买斯巴鲁XV的车友似乎很少，想找个志同道合的车友会也不好找，想找个同地区的车友更是胜少，车子有点小问题也没办法找到更多的建议，只好任由4S店或维修店宰割。,https://image1.xcarimg.com/attachments/my/1/09/47/269_120.jpg,后视镜里有人,青铜长老,4,外观,5,内饰,3,空间,3,舒适,3,油耗,3,动力,5,操控,5,性价比,5,购入信息,爱车车型,购入时间,2012/3/31,购车地点,珠海斯巴鲁汽车销售有限公司 [广东省],裸车价格,20.8万  (厂商指导价 21.98万),当前油耗,0L/100km,购入用途,上班,自驾游,,,爱车评价,[最满意],在川流不息的上下班路上，遇到一般车友或不循规蹈矩的车友时，一脚油门就把70%左右的车摔到后面去了，超车感超爽。 性价比最高的原装进口四驱城市SUV。其报价与国际售价接近，去除17%关税后十分合理。与其他品牌比较，这一点上最厚道。 同排量中最省油的四驱SUV。日常保养件与全车配件到【珠富汽配】的【爱车在线】选购，费用很合理，很多线下维修店都到他们这买配件。 XV尺寸跟新翼豹差不多。价格也差不多归类于SUV所以地盘比一般的C级轿车来的高实用性自然也比较强再加上全时四驱精英版以上都带方向盘换挡拨片偏向于运动SUV，与运动轿车加高地盘差不多。,[不满意],[外观],设计漂亮时尚、内饰精致、提速快、操控体验好、乘坐舒适。动力在后期加速显得动力不足，行车辅助配置较少。,[内饰],平时与朋友、亲戚出去游玩、办事的时候，他们进车第一眼看上去好像都觉得车子内饰很一般，20多万的车怎么只有这样的内饰，与10万上下的车子差不多，是不是被坑了，弄得我都不好意思，尴尬急了，还好动力与操控性弥补了内饰的不足。,[空间],前排驾驶室与副驾室位置布局还是挺让我与夫人满意的，视觉也挺宽敞的，长途游玩时，风景也是可以净收眼前的，但坐在后排的亲戚朋友似乎有所不满，腿长的没办法、稍微胖些位置不够（三人已经是肩并着肩）、怕热的因为后排没有了独立空调出风口，空调开低了，我与夫人也受不了，所以尴尬又来了；后座配置的ISO FIX儿童安全座椅卡扣可能是唯一让他们满意的了，呵呵，呵呵~~,[舒适],舒适度已经在空间那里说了，这里只能发表一下对车内储物空间的意见，车内储物空间并不多，但大多遵循了实用原则，每一处的储物空间都很能解决问题，绝非是漂亮的摆设。尤其是中控台最下方的这个超大容量的储物空间，能在中控台上硬挤出如此一块大的储物空间并不多见，而且它的利用率之高绝对让人称赞。,,,,,,,,,
"
    发表于  2016-04    

      
        
    
    
",当然是他的空间不太理想！后排空间不足的确是个短板，还有中控台的科技感不强。额··如果再没有导航的加入，真的真的有点说不过去啦！好在购入的是导航车型，这可不是提车后加装那么轻松，后加装万一有了质量问题，车车电路方面的质量问题4S可就有理由拒绝了！,https://image1.xcarimg.com/attachments/my/1/00/17/050_120.jpg,济南豆沙,白金元老,4.38,外观,5,内饰,3,空间,3,舒适,4,油耗,5,动力,5,操控,5,性价比,5,购入信息,爱车车型,购入时间,2016/1/6,购车地点,山东世通汽车城有限公司 [山东省],裸车价格,19.6万  (厂商指导价 22.78万),当前油耗,9L/100km,购入用途,上班,跑长途,,,爱车评价,[最满意],最满意的是全时四驱，水平对置发动机，全进口三个方面！这是能买到的最便宜的进口越野SUV！,[不满意],[外观],外观霸气！特别喜欢轮毂，符合年轻人的定位。运动感十足，外观硬朗，霸气！漆面门板都很厚实的感觉，安全的自信自然不必多说。,[内饰],用料不错，就是整体色调不如大部分车型那么鲜活，比较沉闷的感觉，对好心情没有很大的帮助。但按键分部合理，不会再开车的时候过多精力放在这些按键上，增加了一定的安全性！,[空间],前排包括驾驶和副驾驶位置都不错，头部腿部空间都很好。储物空间设计的很多小地方，后排空间略显尴尬。后备箱小。,[舒适],短途不错，座椅支撑到位，腰部长时间开车不会感到难受,[油耗],目前行驶3000左右，城市郊区各一半，行车电脑显示为9个！我不想跟别的车比，就跟我1.6L的标致308比，308综合油耗现在2万多公里还8.5个油，还手动的！所以2.0的大家伙XV就算以后都是9个，还有什么理由不接受呢！相信磨合首保多跑跑。还会降低不少,[动力],2.0动力杠杠的，有的居然说肉？看来每个人感受真的不同罢了！起步还窜车的感觉，变速箱不容易降档，加速超车需要大脚油门。60.70不减速过弯，倾斜性很小，车辆整体控制到位。方向盘轻，得益于电子助力！,[操控],相信包括我在内都是冲着XV的操控性作为前排重要原因才考虑的！底盘扎实，硬朗车身，保证了清晰的路感反馈！如果不追求极致驾驶，XV绝对在操控性上没有太多对手,[性价比],斯巴鲁的品质有目共睹。爱卡发的提车用车贴，有极个别愤青无脑胡喷。实在令我无语。如今SUV市场进口车型价格居高不下的情况下，唯一能买到最便宜的全时四驱，水平对置发动机的全进口SUV车型，还想什么呢！,展开全部
"
    发表于   2015-01-17
    
",,https://image1.xcarimg.com/attachments/my/0/82/53/162_120.jpg,wuhongli,新手上路,,,,,,,,,,,,,,,,,,,,,,,,,,,,,,,,,爱车评价,[最满意],好开！好开！还是好开！动力强，在市区道路上开，稍不注意就80多了。操控非常精准。方向盘很轻，转弯半径小，非常适合在市区开；四轮驱动，真的谁用谁知道，那是真的稳，感觉四只轮都牢牢的抓着地面；多功能方向盘，导航都非常实用；,,,,,,,,,,,,,,,,,,
"
    发表于   2014-12-08
    
",噪音很大。140的速度后，方向稍微右偏。长途坐四个人舒适度很高，因为后排中间凸起部分比较高，不建议五人跑长途。钥匙了太丑了。还有车漆很薄很薄。坐四个人非常合适。不过，有一点不好的地方就是后排中间凸起太高啦，坐3个人中间位置会不舒服的，特别是跑长途的话。没有前雷达，20万的车还没有自动落锁！车漆太薄了，一周不到掉了好几处漆了，太心疼啦！灯太暗了，远光灯也不亮。新车味道有点大，要多晾晾。跑高速的时候，速度上到140就很大噪音了！但是后视镜没有加热功能，这个在下雨天视线有点不好。,https://image1.xcarimg.com/attachments/my/0/72/21/004_120.jpg,Larryr7,新手上路,,,,,,,,,,,,,,,,,,,,,,,,,,,,,,,,,爱车评价,[最满意],最低油耗在5.6L/100km。另外在外地也跑了不少乡村小土路，高底盘的优势彻底显现。油耗直线上升，直接到11.2L/100Km一周200块到300块的油费。外观没得说，回头率绝对超高。买菜车动车十足，转向灵敏，指哪打哪的感觉。动力绝对够了，只要你敢踩油门，一定是红灯第一个起步，并且远远甩掉其它车的。灵敏！转向十足，指哪打哪！绝不二话。转弯半径绝对小，变道嗖嗖地！现在市区跑多了，在8.2左右。偏硬，舒适度就会降低啦。路感还是很强烈的。中控台像普桑！做工一般般啦！,[不满意],,,,,,,,,,,,,,,,,展开全部
"
    发表于   2014-11-15
    
",冷车启动时噪音有点大，好像别的车也是这样。,https://image1.xcarimg.com/attachments/my/0/78/88/348_120.jpg,slzxm2002f,新手上路,,,,,,,,,,,,,,,,,,,,,,,,,,,,,,,,,爱车评价,[最满意],的确不错，好开！看论坛的朋友都说原车的音响太差，可我把高低音等调整一下，感觉还行，没传说的那么差。但热车后噪音非常小，等红灯时开着车窗有时都听不到发动机的声音。暂时没听到过。发动机声音也很正常，可能我们5人都不是重量级的吧。,[不满意],,,,,,,,,,,,,,,,,
"
    发表于   2014-08-09
    
",,https://image1.xcarimg.com/attachments/my/0/69/84/000_120.jpg,KAI1977,白银长老,,,,,,,,,,,,,,,,,,,,,,,,,,,,,,,,,爱车评价,[最满意],外观不错。空间的话一般般，毕竟是紧凑型的SUV。方向轻。油门轻、。视野佳。颠簸路给力、舒适性良好。储物空间OK。噪音接受。市区道路行驶500KM，平均油耗8.5，比很多前辈要高，不知跟新车是否有关。还有就是那轮毂的造型很犀利，我很喜欢。小众车吧，比较有个性的车型，在路上的回头率还不错。,,,,,,,,,,,,,,,,,,
"
    发表于   2014-07-02
    
",,https://image1.xcarimg.com/attachments/my/0/08/37/966_120.jpg,Laobaihahaha,青铜元老,,,,,,,,,,,,,,,,,,,,,,,,,,,,,,,,,爱车评价,[最满意],提车不满一个月。一直是帝都城市路况，行驶将近1K公里，平均油耗显示10.8。,,,,,,,,,,,,,,,,,,
"
    发表于   2014-07-02
    
",,https://image1.xcarimg.com/attachments/my/0/22/56/254_120.jpg,咪咪真大,支柱会员,,,,,,,,,,,,,,,,,,,,,,,,,,,,,,,,,爱车评价,[最满意],动力强劲，低中速的扭矩很可观，而且比老款更省油。全时四驱的动力分配非常及时，雨天或爬坡还是一些郊外的恶劣路况都能应付，这点比很多所谓的适时四驱这些门面要好很多。加上加上CVT变速器，换挡的平顺性和反应程度也不错。,,,,,,,,,,,,,,,,,,
"
    发表于   2014-07-02
    
",,https://image1.xcarimg.com/attachments/my/0/75/58/744_120.jpg,M先生911,白金长老,,,,,,,,,,,,,,,,,,,,,,,,,,,,,,,,,爱车评价,[最满意],13年初，入手了人生的第一部车XV白豪。没有加装，没有装饰，就是喜欢这种原汁原味的感觉。至此，小V已经行驶38888公里，发个帖子，特此纪念!(此次为变身前图片)。小V的起步对于多数车来说，还是很迅猛的，高速上也能照样超车，偶尔一个人我能跑到180.个人认为小V还是很有驾驶乐趣的。多功能方向盘，定速巡航，跑高速时用的最多了。不论前排驾驶空间还是后排乘坐空间，都让人很舒服。离地间隙也保证了小V的越野能力。时尚大方的外形，很运动。让人总想多看几眼。车灯略带威严。美臀，隐藏了菊花，更加可爱。水平对置发动机，重心低，增加了车辆行驶稳定性;振动小，高亢的特殊频率，让人很舒服;功率大，这个就不解释了。弱弱的再提一句，貌似全球只有斯巴鲁和保时捷采用水平对置发动机，所以，你懂的。金属漆，梅花型轮毂，跨界风格，是我认为小V外观上的亮点。真皮座椅，多功能方向盘，软质塑料，极易上手的中控，算不上多么豪华，但却很精致。小巧的外观却有着很宽敞的车内空间。动力平顺，完美的诠释了cvt变速箱的魅力，从起步到加速都会让人觉得很稳。省油，百公里8个油，其实还可以更低。简洁大方的中控布局，真皮座椅，还有软性材质的塑料，没有多么华丽的装饰，但是却给坐在里面的人一种温馨的感觉。布局简单，很容易操作，随身长期备着ipc，音响对于初烧的我来说，已经够了，低音的下潜，和女声都觉得还不错。,,,,,,,,,,,,,,,,,,展开全部
"
    发表于   2014-06-21
    
",唯一遗憾的是后备箱小了点，不过一般足够了。到现在为止不满意的一点就是那个右侧A柱异响。,https://image1.xcarimg.com/attachments/my/0/61/47/671_120.jpg,离我太近,初级会员,,,,,,,,,,,,,,,,,,,,,,,,,,,,,,,,,爱车评价,[最满意],试乘了一下，动力性能也还不错哈。油耗居然8.5左右，我晕。外表确实是翼虎漂亮点。大概提车后大概一个月多点，XV就走满1K公里了，终于有空检测一下了，于是开着XV进了汇成洋斯巴鲁4S店！总体感觉这车开起来很舒服，空间够大，一家子人可以坐下。挺拉风的，哈哈。操控非常不错！指哪打哪！虽然以前没开过车，但是开了一千多公里感觉非常地顺手，有点人车合一的感觉。比较满意吧。我是1.8米高、180斤，驾驶位调到几乎最低，感觉头顶大约还有一拳空余吧，视野不错。后排空间我坐在我调好的驾驶位后面都没问题，座椅包裹也挺舒适。自己买了坐垫带颈枕的，驾驶位的我感觉非常舒服。唯一一点就是后备箱还是稍微小点了。城市开开没问题，初始有推背感，因为新手不到一年还没上过高速，所以对80以后的速度还没有感受。总体感觉够用。前面说了，操控是最满意的一点，非常喜欢这种操控的感觉！因为上下班开的比较多，市里容易堵车，就是过年回老家开得快点，所以油耗一直是八九个油左右。这在磨合期就很满意了。比很多同级别SUV省油多了！现在行车电脑显示平均油耗7.7。也可能是自己买了就更加喜欢了吧，感觉之前比较时的其他车现在看越来越丑，尤其某跑。感觉外观很流线型，除了后面线条棱角明显，前面和侧面都很顺滑的感觉。很喜欢那个花瓣轮毂！在路上回头率挺高。还算不错，是我喜欢的类型。虽然简单，但耐看。大灯我感觉没有很暗啊，感觉很够用啊，尤其在很暗的地方。其实尾箱空间也是很大的，放倒后座后，家庭需求都可以轻松满足了。,[不满意],,,,,,,,,,,,,,,,,展开全部
"
    发表于   2014-06-09
    
",,https://image1.xcarimg.com/attachments/my/0/75/21/973_120.jpg,骑兵无马,青铜长老,,,,,,,,,,,,,,,,,,,,,,,,,,,,,,,,,爱车评价,[最满意],我开车市区为主8升左右的样子，不算高，点赞！性能的话，当时买XV的时候，感觉2.0L的水平对置发动机，虽然不算很猛，但是动静小，动力输出也比较平顺，对于日常使用而言这样的动力完全OK了。而是说低速、高速、急转弯时候的灵活和稳扎，还真比其他同级别的SUV强。内饰设计整体还是比较人性化。,,,,,,,,,,,,,,,,,,
"
    发表于   2014-04-13
    
",四是噪音问题，我感觉这是小v的一个最大的缺点。六是保养费用，小保养没有低于700多元的。,https://image1.xcarimg.com/attachments/my/0/73/79/031_120.jpg,hechaofwy2,初级会员,,,,,,,,,,,,,,,,,,,,,,,,,,,,,,,,,爱车评价,[最满意],首先感觉起步动力不错。二是操控舒服。三是油耗现在我的平均油耗8.8。,[不满意],,,,,,,,,,,,,,,,,
"
    发表于   2014-03-08
    
",,https://image1.xcarimg.com/attachments/my/0/50/86/456_120.jpg,秋日诳语哈,用户被禁止发言,,,,,,,,,,,,,,,,,,,,,,,,,,,,,,,,,爱车评价,[最满意],不过进到车里面还觉得挺宽敞。避震出色。隔音效果也很好。高配的皮质座椅坐上去也很舒服。2.0L排量的水平对置发动机，对于XV来说还是足够的，起步和加速感觉不错。百公里也就八、九个油。车子开起来顺滑、平稳，特别安心。斯巴鲁的那个座椅我很喜欢，能来回调节坐着就舒服。拍了几张XV的外观，感觉越看越好看。,,,,,,,,,,,,,,,,,,
"
    发表于   2014-01-17
    
",,https://image1.xcarimg.com/attachments/my/0/43/09/162_120.jpg,傲宇狂龙,三星会员,,,,,,,,,,,,,,,,,,,,,,,,,,,,,,,,,爱车评价,[最满意],但XV给我的感觉是综合了SUV的稳扎和紧凑车的灵活。市区道路驾驶，XV表现确实很出色，车轮的抓地力很好，湿滑路面急转弯也很少出现甩尾的情况（这现象老福会出现。方向盘指向精准，回位迅速，力度也适中，比老福更好把控。而动力的话，还算不错，加速性能比老福好不少（老福1.8的发动机动力确实不咋地）。油门的响应速度也要比老福好很多，在市区拥堵的况下更容易把控。避震好的同时，还保留了很清晰的路感，不像老福路感有些模糊。XV的空间够大，虽然从外面看起来比较紧凑，但是内部空间绝对比想象中的要大很多。内饰设计也比较灵活、比较人性化。而且进口车的做工还真不含糊，车内软性材料不少。油耗的话还没过磨合期，10个，让人满意。后视镜和车内阅读灯，阅读灯夜间效果还不错。后排空间还是可以。尾箱相对一般SUV而言不算大，关键在于灵活，可全部放倒或者单独放倒一边，放倒后比较平，适合放大件物品。,,,,,,,,,,,,,,,,,,
"
    发表于   2014-01-16
    
",,https://image1.xcarimg.com/attachments/my/0/71/03/956_120.jpg,转身离走,新手上路,,,,,,,,,,,,,,,,,,,,,,,,,,,,,,,,,爱车评价,[最满意],2.0L的自然吸气水平对置发动机，动力表现还行，市区驾驶的话在爆发力上面没多大感觉，或许是因为我开惯了自己君威2.0T的原因（220匹马力）。其实让我自己印象深刻的是这水平对置发动机更低的重心带来的行驶中车身更稳定的状态，斯巴鲁的左右对称全时四驱系统确实是好东西，轮胎的抓地力非常好，结合低重心的水平对置发动机，转弯时的流畅度比我的君威要出色不少，让人惊叹。跑了四十多公里的高速，动力依旧还可以，后劲不错，中段提速较快。速度上了一百四，还是稳稳当当，看来这全时四驱跑高速还是很出色的，方向盘随着速度的提升明显变沉，这点不错。胎噪和风噪的话，一百二以下还不错，过了一百二就比较明显，隧道里面的话感觉跟我的君威差不多。直道上加速就不多说了，但是弯道上基本不用减速，一打方向盘，车身侧倾角度并不是很明显，而整体的车身角度摆动也很自然，轮胎强有力的抓地力让人不必担心甩尾的状况（不知道湿滑路面也会不会这么自然）。前排空间还可以。座椅包裹性强。后排空间也还行，我一米七八个头的人坐进去，不觉得局促。内饰做工比我的君威好多了，门壁板扶手附近包裹了皮料，看起来有档次，手感也不错。人性化设计也做得挺好的，储物槽、储物格之类的设计都很多，方便各种东西的收纳。三幅式方向盘大小粗细都适中，握感舒服，方向盘上还装饰有黑色烤漆装饰，不知是不是因为开得爽的原因，越看越好看。中控设计较为简单，但是整齐对称，操作上面也算很方便。空调按键设计则简洁好用，值得一赞。不过在动力衔接上面这CVT做得更好，线性加速感觉明显。,,,,,,,,,,,,,,,,,,展开全部
"
    发表于   2013-12-25
    
",,https://image1.xcarimg.com/attachments/my/0/43/09/045_120.jpg,禾丰QQ320,三星会员,,,,,,,,,,,,,,,,,,,,,,,,,,,,,,,,,爱车评价,[最满意],外观上这车子确实很漂亮，不少人都给了好评。动力的话我感觉还行，2.0L排量的发动机动力150匹，市区驾驶还是绰绰有余的。提速方面还不错，动静也比较小，震感也比较小，开起来也比较稳。操控的话也不多说，全时四驱是好东西，平时开起来扎实，前阵子去东北办事赶上下雪，雪路上开起来也不打滑，更不用像别人一样上防滑链了。底盘调校方面也比较好，即扎实又灵活。隔音、做工、人性化设计我觉得都挺好，至少够实用。有人说XV后备箱空间不够大，我觉得这个级别的车子大抵都是这样，要大空间的话我早上新森了。跑北京市区的油耗我基本能控制在9到10个之间，车子是一方面原因，技术也是。,,,,,,,,,,,,,,,,,,
"
    发表于   2013-12-22
    
",,https://image1.xcarimg.com/attachments/my/0/70/76/329_120.jpg,蓝胖子的兜兜,初级会员,,,,,,,,,,,,,,,,,,,,,,,,,,,,,,,,,爱车评价,[最满意],新车的味道很小，比朋友新买的奥迪A6L味道要小很多，可能是内部用料的问题。也就是说外表低调。内饰也只是够用，有些地方很不人性化。离地间隙220，比一般的SUV要高，通过性不错。路感很清晰。全时四驱的结果就是让车子开起来很稳的感觉。给人踏实的感觉。高速过弯的感觉也很稳健。对于北方地区，这是很重要的。新换的CVT变速箱在换挡的时候顿挫感很小，也提高了燃油性。现在不到100公里，电脑油耗是8个左右。看论坛里有人7个左右的油。方向盘灵活，油门很轻。发动机的调教我觉得是更照顾了市内的驾驶，在0-80的时候提速很快，反应很快。宽阔的视野让你觉得你开的是SUV，但是灵活的油门和方向，让你觉得开的是一辆运动型轿车。多功能的按键手感也很不错。豪华版的音响还是不错的。,,,,,,,,,,,,,,,,,,
"
    发表于   2013-12-22
    
",内饰也只是够用，有些地方很不人性化。,https://image1.xcarimg.com/attachments/my/0/70/76/329_120.jpg,蓝胖子的兜兜,初级会员,,,,,,,,,,,,,,,,,,,,,,,,,,,,,,,,,爱车评价,[最满意],新车的味道很小，比朋友新买的奥迪A6L味道要小很多，可能是内部用料的问题。斯巴鲁的车比较纯粹，比较忽略用户的直接感受，也就是说外表低调。离地间隙220，比一般的SUV要高，通过性不错。路感很清晰。全时四驱的结果就是让车子开起来很稳的感觉。给人踏实的感觉。高速过弯的感觉也很稳健。现在不到100公里，电脑油耗是8个左右。方向盘灵活，油门很轻。宽阔的视野让你觉得你开的是SUV，但是灵活的油门和方向，让你觉得开的是一辆运动型轿车。内部空间也不符合中国人越长越好，越宽越好的标准。内饰没有特别豪华的感觉。多功能的按键手感也很不错。豪华版的音响还是不错的。比K5/智跑（朋友的车）的喇叭要强很多。,[不满意],,,,,,,,,,,,,,,,,
"
    发表于   2013-10-27
    
",,https://image1.xcarimg.com/attachments/my/0/45/66/012_120.jpg,没太阳的天空,青铜元老,,,,,,,,,,,,,,,,,,,,,,,,,,,,,,,,,爱车评价,[最满意],这辆橘色XV感觉不错，这轮子果然很好看，我首先就上的这一辆车，这次有三种车型可以换乘，XV、驰鹏、还有傲虎，首先让我来好好感受一下XV的威力。XV向着目的地一路疾驰，坐在车上感觉非常稳。内饰设计以及色调也让人感觉非常舒服。后座空间很大，中间往前看视野也很宽广。总体来说XV是一辆时尚的性能很好的SUV，很适合我这个年龄段的人开。,,,,,,,,,,,,,,,,,,
"
    发表于   2013-10-26
    
",,https://image1.xcarimg.com/attachments/my/0/43/09/110_120.jpg,冷若天水,用户被禁止发言,,,,,,,,,,,,,,,,,,,,,,,,,,,,,,,,,爱车评价,[最满意],很大程度都是因为喜欢XV的外观，看起来时尚个性，不大不小正合适，所以放弃了那些主流的城市SUV，最终选择了XV。XV的底盘调教是很出色的，配合精准的方向盘，让车子灵活扎实路感不错。,,,,,,,,,,,,,,,,,,
"
    发表于   2013-08-05
    
",,https://image1.xcarimg.com/attachments/my/0/43/09/073_120.jpg,苹果快跑,用户被禁止发言,,,,,,,,,,,,,,,,,,,,,,,,,,,,,,,,,爱车评价,[最满意],我也看了下叉威，其实还蛮耐看的，年轻时尚运动。前脸来个特写，这样看是不是有点新款森林人的味道！犀利的前大灯，拍糊了也就是算了，可惜还少了个透镜！拍拍内饰，前排够宽敞的！,,,,,,,,,,,,,,,,,,
"
    发表于   2013-03-10
    
",后视镜调节按钮虽然很方便，但是感觉手感不太好，很脆弱的质地。空间实在是有点紧凑，我183头部空间还是很小，后排坐3个人也比较挤。最遗憾的是那个后备箱实在太小了，出去玩想把我家大金毛放进去可能都比较近再放些行李，只能加装行李架了。让我最不能接受的是这个后备箱，实在是小的可怜。,https://image1.xcarimg.com/attachments/my/0/63/54/055_120.jpg,日系性能控,白银长老,,,,,,,,,,,,,,,,,,,,,,,,,,,,,,,,,爱车评价,[最满意],外观运动，时尚年轻。内饰做工比较细腻。开的过程中，行车视野非常好，左右盲区很小，前方视野非常开阔。内饰优点简单。虽然储物空间很多，但是都不大，尤其是看了看豪华版的座椅加热按钮，在很靠后的位置，我按那个键视线肯定要离开前方。动力充沛，点油就走，油门响应非常快，以至于不太适应的时候有点蹿，虽然只有2.0的排量，但是整车也就不到1吨5，还是绰绰有余了。操控作为跨界车型还是不错的，水平对置发动机的优点显现的非常明显，我以前一直开公司的SUV明显感觉拐弯的时候快点就要翻了似的，XV在并线和超车时更像个轿车，水平对置降低重心的特点果然名不虚传。可能是CVT变速箱的问题，换挡确实非常平顺，但是中高转速时有无力感。外观除了小点，造型我是相当喜欢啊。内饰比较简单，但是做工不错，就是功能键的位置有点别扭。,[不满意],,,,,,,,,,,,,,,,,展开全部
"
    发表于   2012-06-26
    
",,https://image1.xcarimg.com/attachments/my/0/39/94/576_120.jpg,chshchy,用户被禁止发言,,,,,,,,,,,,,,,,,,,,,,,,,,,,,,,,,爱车评价,[最满意],不过就算再省油也是有前提的，如果车况不好，比如你所在的城市经常堵车或车经常速度上不去，油耗也是不低的，这时跟很多车油耗差不多，一般在10个油左右，还要看驾驶的风格。,,,,,,,,,,,,,,,,,,
"
    发表于   2012-04-23
    
",后备箱空间的确太小，平时郊游可以满足，但要是进藏估计我得加个顶箱。,https://image1.xcarimg.com/attachments/my/0/16/83/427_120.jpg,swnandcp,三星会员,,,,,,,,,,,,,,,,,,,,,,,,,,,,,,,,,爱车评价,[最满意],看到XV图片第一眼的时候很喜欢车的外型，而且车的梅花形轮毂给我一个不小的视觉冲击。车身有六种颜色，比较来比较去还是感觉橙色配此轮毂最佳。车的悬挂不是硬朗SUV的较硬感觉，这和我自身选车的定位也很符合，开轿车太久了反而不想追求极强的反馈。乘坐空间我可以很负责任的告诉各位，会比你想象的满意。方向盘集合了音响控制、定速巡航和拨片换挡，大小用起来也很合适。,[不满意],,,,,,,,,,,,,,,,,
"
    发表于   2012-04-19
    
",车门A柱内框我不夸张密封条外面的部分只有一根筷子粗细，是薄铁皮圈成的框框一圈又好几个焊疤这样的强度，别说撞，把玻璃放下，两手轻松弯折很轻松妈的，汽车无论如何也不能这样造。坐姿，青菜萝卜各有所好。反正XV的坐姿和SUV没有一点点关系、一点点都没有！比多数B级轿车还要低。内饰，空间小肯定不如森林人。,https://image1.xcarimg.com/attachments/my/0/36/32/271_120.jpg,LUMINOX3,白银长老,,,,,,,,,,,,,,,,,,,,,,,,,,,,,,,,,爱车评价,[最满意],中控台改版终于换成了软性材料（但品质一看就知道是廉价的软性材料）。空调旋钮很不错。,[不满意],,,,,,,,,,,,,,,,,
"
    发表于   2012-03-21
    
",过减速坎时，颠簸感明显，直接。,https://image1.xcarimg.com/attachments/my/0/02/58/402_120.jpg,蓝鼠,白银长老,,,,,,,,,,,,,,,,,,,,,,,,,,,,,,,,,爱车评价,[最满意],我坐在左后座，1.75身高，空间富裕。过减速坎时，颠簸感明显，直接。但通过大起伏的坏路坑洼、凸起时，（国道上常见的失修道路那种）反而感觉韧性不错，平稳。路上看了一下这车的平均油耗，显示约14。,[不满意],,,,,,,,,,,,,,,,,
"
    发表于   2012-03-10
    
",气味大，非常明显。方向盘上静音键无效，其余功能键正常。,https://image1.xcarimg.com/attachments/my/0/00/55/918_120.jpg,tuter,黄金长老,,,,,,,,,,,,,,,,,,,,,,,,,,,,,,,,,爱车评价,[最满意],车内坐的比较舒服。内饰还行。储物空间满意。动力不错。转向灵活，精准，满意。避震比天籁硬比凯旋软，干净。后视镜视野开阔，非常满意。后备箱不大，平常够用。XV就是一紧凑型的车，样子漂亮。方向稳重，但不累，不是很轻的那种。市内行车加速还行，比较轻盈，但是地板油直线加速就感到排量小了。,[不满意],,,,,,,,,,,,,,,,,
"
    发表于   2012-03-10
    
",空间偏小，后排不说前排头部也很局促。,https://image1.xcarimg.com/attachments/my/0/08/13/273_120.jpg,七星瓢虫和绿,三星会员,,,,,,,,,,,,,,,,,,,,,,,,,,,,,,,,,爱车评价,[最满意],外观时尚。底盘很高。,[不满意],,,,,,,,,,,,,,,,,
"
    发表于   2012-03-10
    
",尾箱小些，但可以放倒后排，放倒后排后空间挺大了。避震较硬，过减速带带弹跳性较强，所以，舒适性有点但不高。,https://image1.xcarimg.com/attachments/my/0/05/20/146_120.jpg,SD-SUBARU,本站元老,,,,,,,,,,,,,,,,,,,,,,,,,,,,,,,,,爱车评价,[最满意],基本回复旧款力狮的水平，就是精细度差小许，比现款的其他车型强些。中控操作上还比较顺手，但杯架上的百叶盖，一推松跨跨的。整体还不错，个人认为最不好看的就是轮毂，黑色面居然是亚光的，如果是亮光的就会完全不一样了，还有轮毂造型，跟车本身总感觉不太合配。前后座跟老款力狮差不多。方向盘太轻，这是第一感受，不过，过弯时回弹力量有些，电子助力的方向盘是轻，但个人还是比较喜欢旧旧款的液压助力，液压助力的回弹给人的信心更强，虽然电子助力具有更强的汽车技术。底盘很高，有点驾驭CRV等SUV的感觉，但车还是比较稳的，至少比CRV等的SUV要强不少，过弯当然比力狮要差些，但不错。刹车不错，能刹得住并稳。,[不满意],,,,,,,,,,,,,,,,,
"
    发表于   2012-02-24
    
",打开车门，手感略显单薄，关门声同样不够厚重，但绝不低档，应该比同门的森林人有所进步。打开后备箱，真的很小，每周只去一次超市购物的节能型家庭妇女还请仔细斟酌！,https://image1.xcarimg.com/attachments/my/0/08/53/525_120.jpg,橄榄绿之中国,白金元老,,,,,,,,,,,,,,,,,,,,,,,,,,,,,,,,,爱车评价,[最满意],走近前仔细打量，扁平而略显修长的车头，上扬的腰线，弧形的尾部曲线恕我直言，整体轮廓与铃木的SX4有些类似，但我并无任何贬低之意，因为我喜欢SX4的外形设计。它并没有走传统SUV高大威武的路线，但是车身线条流畅圆润，比例协调，前低后高的楔形车身给人不错的运动感，低车头的设计也同时提供了开阔的驾驶视野。尾巴的设计别具匠心，圆润中见棱角，搭配全系标配的行李架，给人一种紧凑有力的感觉，只是后保险杠两端的黑框设计，虽可适度增加越野感，但未免让人觉得有些突兀，尤其是白车。内饰采用了部分软质材料（应该是大部分），做工也足以满足我的要求，当然你别和奔驰、奥迪比，甚至与展厅里的另一辆斯巴鲁傲虎都相距甚远，你必须相信一分钱一分货才是颠扑不破的真理！前后的腿部空间都足够宽裕，至少比逍客和劲炫都要好，头部空间请不要奢望，也就是经济型轿车的水平，若想在后排车震，姿势必须认真揣摩！,[不满意],,,,,,,,,,,,,,,,,展开全部
"
    发表于   2011-11-25
    
",斯巴鲁XV量产车型取消了前车大灯和进气格栅中的蓝色灯组，这让量产车的前脸失色不少。,https://image1.xcarimg.com/attachments/my/0/02/69/000_120.jpg,运营小姐姐,爱卡编辑,,,,,,,,,,,,,,,,,,,,,,,,,,,,,,,,,爱车评价,[最满意],内饰方面，XV量产车型采用了具有多功能拨片的三幅式运动方向盘，车内颜色以黑色为主，突出了强烈的运动气息。4.3英寸的液晶屏能方便驾驶者操作控制车内信息。,[不满意],,,,,,,,,,,,,,,,,
