publish,标题,名称,名称1,名称2,评分,评分3,评分4,评分5,评分6,评分7,评分8,评分9,评分10,评分11,评分12,评分13,评分14,评分15,评分16,评分17,评分18,标题19,信息,信息_链接,信息20,信息21,信息22,信息23,信息24,信息25,信息26,信息27,信息28,标题29,标题30,jia_text,标题31,信息32,图片,图片33,图片34,图片35,图片36,dw_22,dw_2237,dw_1,dw_23,dw_138,dw_2339,dw_6,dw_8,dw_2,dw_840,dw_241,dw_5,dw_542,dw_3,dw_343,dw_4,dw_444,dw_7,dw_745,up_链接,up,purpose
"
    发表于  2022-10    

            
    
    
","作为一款纯电动车型，提速确实快，电机功率180kw,扭矩高达350N.m.动力响应没有延迟，不管在低速段还是中段加速都毫无压力，两驱百公里加速在7.9秒，听说四驱的加速在4.4秒，真是秒杀一系列燃油车啊！！！",https://image1.xcarimg.com/attachments/my/1/94/10/702_120.jpg,xuser1951070,三星会员,4.38,外观,5,内饰,4,续航,4,空间,5,舒适,4,动力,4,操控,5,性价比,4,购入信息,爱车车型,https://newcar.xcar.com.cn/m65393/,2022款唐EVEV 730km 尊享型,购入时间,2022/3/1,购车地点, [广东省],裸车价格,28万  (厂商指导价 31.28万),续航里程,450km,购入用途,爱车简评,大灯是不是很牛，晚上特别亮，外观大气，车身尺寸还大，空间也大，后备箱空间也还行，整体还不错，龙眼前脸设计，前面还有风阻设计，仪式感满满。,实拍图片,爱车评价,https://img1.xcarimg.com//review/20221024/86f0556059f602606cc520ead43d2014.png-169x127.jpg,https://img1.xcarimg.com//review/20221024/51bf6feb3fbaa3e92a1fe4a25d7f94f7.png-169x127.jpg,https://img1.xcarimg.com//review/20221024/1fded791b69535ee565730afb3809227.png-169x127.jpg,https://img1.xcarimg.com//review/20221024/1597581e33bb441f9cd20dbecfb78074.png-169x127.jpg,https://img1.xcarimg.com//review/20221024/38f8bebd4f2551de58d11281840385b0.png-169x127.jpg,[最满意],1.提速快，电车开起来提速太爽了，动力响应速度快，没有延迟，2.4吨重车身提速毫不费力； 2.静音好，低速开起来几乎听不到声音，特别安静，跑到7.80迈才能听到一些胎噪声，总体静音效果不错； 3.舒适，选装六座，座椅都是NAPPA真皮座椅，主副驾和二排都配备了座椅通风加热、座椅按摩功能，长途旅行还可以按摩放松；,[外观],,车身流线型设计挺大气，前脸采用封闭式龙型造型，能有效降低风阻的同时更显运动，矩阵式LED大灯与下方示廓灯带遥相呼应，气势逼人 车尾造型：尾部采用一体式贯穿尾灯设计，内部熏黑处理，及具识别度,,[动力],[性价比],,选择唐EV这款车呢主要有三点原因，第一点呢是家庭成员正好6个人，都有独立座椅，出行不用再为多一个人而发愁; 第二呢油价越来越高，家庭乘用大多数用车场景主要还是以市区为主，已经有一台油车了所以就不再考虑纯油的了，方向以混动和纯电为主; 第三呢目前新能源车型也不少，对比了同级别的几款车型理想、蔚来还有大众ID6，从各方面都做了功课，最终还是选定了比亚迪，最核心一点，首任车主“三电终生质保”，作为新能源起步阶段，其实最担心的就是电池能不能用的住的问题，而“三电”作为新能源核心部件能够做到终生质保，这点就很打动人了； 比亚迪也是目前新能源领域销量和口碑比较可靠的，国内最早研发新能源而且经过十几年的经验积累技术也相对成熟，所以综合对比后就去天兴4S试驾唐EV，通过实车体验以后感觉整体操控和舒适性都超出了期望值，比预想中的还要好开，最主要是提速实在太爽了，四驱百公里加速只要4.4秒啊！！！一脚下去推背感太强烈了，上头！！ 试驾结束回来立刻下定，遗憾的是没有现车！！预定等2个来月才提的车; 提车时本来准备贷点款，但是告知暂时没有免息的，所以就现款提了，车价309800选装六座还加10000.多了二排和主副驾的座椅通风加热、座椅按摩功能，挺实用，免购置税，保险全险6800.能享受的优惠只有4000置换补贴，2000新能源地方补贴; 合计费用:车价319800+保险6800+上路130－置换补贴4000-地补2000，合计上路:320730,,,,,,,,,,https://newcar.xcar.com.cn/4242/review/comment-432044.html,展开全部,上班
"
    发表于  2022-10    

            
    
    
",先来说说驾驶感受吧，刚开始坐上面不习惯，开起来有点别扭，后面习惯就好了，毕竟都要有个接受新事物的过程，主要在太窄的道道或者路上，拐弯困难，要非常小心翼翼，剐蹭了还心疼。,https://image1.xcarimg.com/attachments/my/1/94/10/699_120.jpg,xuser1951069,三星会员,4.25,外观,4,内饰,4,续航,4,空间,5,舒适,4,动力,4,操控,5,性价比,4,购入信息,爱车车型,https://newcar.xcar.com.cn/m65393/,2022款唐EVEV 730km 尊享型,购入时间,2022/3/1,购车地点,上海弘仁锐豪汽车销售服务有限公司 [上海市],裸车价格,27万  (厂商指导价 31.28万),续航里程,450km,爱车简评,爱车简评,支持很多功能的语音控制，比如导航，空调，天窗笑笔，在开车时操作起来很方便，直接说话就行，语音的识别率很高，用料上几乎都是软性材质包裹，从档次感还有实际的触感来说都对得起这个价格。,实拍图片,爱车评价,https://img1.xcarimg.com//review/20221024/c2bdf3f7e7930850f356b0b70a739465.png-169x127.jpg,https://img1.xcarimg.com//review/20221024/be63a5331dbe961f28cf1bf11377adf5.png-169x127.jpg,https://img1.xcarimg.com//review/20221024/9fa0e690469f16dd5b0299c0a0b7da46.png-169x127.jpg,https://img1.xcarimg.com//review/20221024/2afd25b999ef13dba1f73d6e2bb87024.png-169x127.jpg,https://img1.xcarimg.com//review/20221024/757efd7324bdf2b78e158e5988d8e33e.png-169x127.jpg,[最满意],和其他纯电车比起来，唐ev价格方面还算没超出预算，买车前还看了其他的，比如蔚来和理想，还是选择了唐ev，身边也有朋友买，就果断入手了，整体没失望，外观好看，我买的灰色，稳重系的。,[外观],[不满意],大灯是不是很牛，晚上特别亮，外观大气，车身尺寸还大，空间也大，后备箱空间也还行，整体还不错，龙眼前脸设计，前面还有风阻设计，仪式感满满。,缺点就是轮毂有点突出，不注意就会剐蹭，再就是保值率低，这就是新能源共同存在的问题吧，怎么说呢，自己舒服最重要。,[动力],[性价比],[内饰],价格能接受，不然不会选择了，用车成本低，现在油价这么贵，用电太省了，动力也没的说，配置高，比其他国产车那就是比较优秀的了，虽然是电车，都有顾虑怕不安全，但是比亚迪本身就是电池出身，安全性还是有保障的。,真皮座椅，坐垫厚，全包裹住了，缝线的纹路都好看，可以用商务车，也能当家庭用车，设计风格都是比亚迪专属的,[续航],动力足，加速快，几秒就起步了，甩一条街，电池的话如果还有七八十℃电，快充一两个小时就充满了，每次都是等着二三十了才充的，要冲一夜。电费也不是很高，经济呀,[空间],后备箱能装，还能对外放电，像出去烧烤，这时候就要提现后备箱的作用了，这个功能相当好，有一次出去野餐，能用电壶，电磁炉，能做饭烧烤，真的是超赞，里面的空间也大，后排空间够用，厚重感强，座椅舒适型杠杠的，目前是优点大于缺点，牛掰，前排储物方便，杯架呀，能放水杯，现在的车真是设计越来越高级，难怪大家都买好的。,,,,,https://newcar.xcar.com.cn/4242/review/comment-432043.html,展开全部,
"
    发表于  2022-10    

      
        
    
    
",之前去试驾的时候，唐EV的动力可以说给我很大的惊喜，比一般的汽油车开起来迅猛多了，有种性能小钢炮的驾驶感受。不过随着用车里程的增加，我也跑了几次高速，在高速上，他的动力实在就不能让人满意了，后段的储备不足，相比于中低速时要弱了很多。如果是遇到大坡又想超车，那必须留足够一段非常充足的距离，要不然很可能超车失败。,https://image1.xcarimg.com/attachments/my/1/94/10/697_120.jpg,xuser1951069,三星会员,4.25,外观,5,内饰,4,续航,4,空间,5,舒适,4,动力,4,操控,4,性价比,4,购入信息,爱车车型,https://newcar.xcar.com.cn/m65392/,2022款唐EVEV 600km 尊享型,购入时间,2022/3/1,购车地点, [河北省],裸车价格,27万  (厂商指导价 28.28万),续航里程,540km,爱车简评,爱车简评,内饰给人的视觉效果还挺棒的，我个人认为这还得归功于整体的做工，座椅的缝制是非常细腻的,实拍图片,爱车评价,https://img1.xcarimg.com//review/20221024/b402065ccebe6a7e3322b377186a01bd.png-169x127.jpg,https://img1.xcarimg.com//review/20221024/87336bfc05210bf78d8fe904681b749c.png-169x127.jpg,https://img1.xcarimg.com//review/20221024/547c185d4fc03485dd5d2c66e02b960e.png-169x127.jpg,https://img1.xcarimg.com//review/20221024/0f556c97c73a33fafea4d423cf6f8c8f.png-169x127.jpg,https://img1.xcarimg.com//review/20221024/7124e718e6b7a307657b8c531d243046.png-169x127.jpg,[最满意],最满意的就是唐EV的续航里程。在市区里面行驶，根据我自己用车的经验，续航超过公里和官方说的基本是一致的，这一点是我买车前都没有预想到的，虽然高速下面续航跑不了那么远，但是一般我们开车出行都不会跑太远的地方，去附近几个城市充满电来回都足够了。,[外观],[不满意],整体的形象也非堂前卫。唐EV的车身长度在SUV中是属干比较大的，车身线条也因此非常流畅，车顶到车位过渡都很自然，腰线的设计层次感很强，让整个车身侧面看过去有立体感。,电机在低速时油门响应很迅速，动力也非常强劲，不过到了高速，相对于低速来说落差很明显，在加速能力不强，超过100之后深踩油门也不会有低速时那样的油门反应，速度只能不紧不慢的提升，动力上面还是差点意思。另外，车身的隔音效果一般，但是风噪和胎噪都比较大，车内环境并不算安静。,[动力],[性价比],[内饰],性价比挺高的，唐EV的车本身的产品力就很强，而且又是由比亚迪生产，质量方面让我很放心。现在用下来，充电对于我来说不会造成什么困扰。驾驶感受还有功能配置方面都能让我满意，总体而言性价比挺高的。,全液晶的仪表还有中控的大屏，显示的效果非常炫酷，画面的分辨率也很高，清晰度特别不错。支持很多功能的语音控制，比如导航，空调，天窗笑笔，在开车时操作起来很方便，直接说话就行，语音的识别率很高，用料上几乎都是软性材质包裹，从档次感还有实际的触感来说都对得起这个价格。,[续航],我目前的电耗基本上都是在14kwh上下浮动，如果市区跑得多又不开空调的话，电耗降到13kwh以内也没有问题。高速上电耗稍微高一些，基本上都要超过15kwh。根据我自己的经验，市区行驶续航里程能够达到600公里，开空调的话可能会稍微短一些，也能达到580左右。这个续航我还是很满意的，这个续航跑个小长途都没啥问题，,[空间],我们用车大部分时间都是一家三口，媳妇带着小孩坐在后排，空间非常宽敞，完全够用。有时候父母过来，加上他们两个，满载出行大家也不会觉得拥挤，除了乘坐空间唐EV表现得出色之外，储物空间的设计也很人性化。,[舒适],我本来对他没有抱大大的期望的，但是体验下来乘坐舒适性还不错，遇到一些连续的前簸，车内的摇摆也不明显，乘坐舒适感强。只是高速上隔音这一块是他的一个短板，密封性不够好，隔音材料用的还是少了一些。,[操控],方向盘转向手感挺好的，力度轻，也保留了一定的阻尼感，转动时随着转动角度还有车速的增加，方向盘的阻尼都会发生相应的变化，油门和刹车踏板的调教非常好，控制起来能够做到很精准,javascript:;,展开全部,
"
    发表于  2022-10    

      
        
    
    
",本来对对于这台简单的代步车，在动力方面并没有抱有特别高的要求，但当第一次试咨过之后动力表现是直的让我看点意外了，油门踩下去意然有那么快的提速，直的是让我有点惊讶，丝是没有拖拖拉拉的感觉，所以说带给我的动力感受也真的是非常棒的。,https://image1.xcarimg.com/attachments/my/1/94/10/690_120.jpg,xuser1951069,三星会员,4.13,外观,4,内饰,4,续航,4,空间,4,舒适,4,动力,4,操控,4,性价比,5,购入信息,爱车车型,https://newcar.xcar.com.cn/m65392/,2022款唐EVEV 600km 尊享型,购入时间,2022/2/1,购车地点, [广东省],裸车价格,27万  (厂商指导价 28.28万),续航里程,450km,购入用途,爱车简评,内饰的话用的是一个全车纳帕真皮，特别有质感，细节做的也非常好。,实拍图片,爱车评价,https://img1.xcarimg.com//review/20221024/d312470ca0ed9244be3e9d9fb0336bfc.png-169x127.jpg,https://img1.xcarimg.com//review/20221024/c27861a01ce5495828f7615492090df9.png-169x127.jpg,https://img1.xcarimg.com//review/20221024/3760bfbcc42bfbe091c108ae73cf978c.png-169x127.jpg,https://img1.xcarimg.com//review/20221024/fe8dd39490e56c413f3e6ababc870e74.png-169x127.jpg,,[最满意],其实我觉得现在有一台车子真的是非常方便的，虽然说现在我还没有结婚，虽然说我就是一个女司机，但是有了自己 的车子真的是非常有安全感的。当时买车的时候，主要还是比较看中比亚迪元EV本身的性价比，当然这台车子的性价比也确实是很高的，本身的定价就比较便宜，再加上有一定的优惠以及免去了购置税，所以本身的价格就不是很高。当然这台车子的动力还是挺不错的，总之我觉得是非堂好驾驭了，看起来很轻松，同时也有着比较经济的相对来讲，比普通的燃油车用车成本要低太多太多，车内的空间也完全够，我用颜值也非常高，总之这是一台很不错的家用代步车，如果说是一个人或者是一家小三口，平时也没有什么特别高的续航要求，在市区里面也很好停车，对于我一个新手女司机来讲都没有什么压力。,[外观],[不满意],从侧面看上去感觉它的外观是非常时尚又运动的，虽说车身不是很大，但通过它的外观造型也可以体现出整台车子是大气的，我也比较喜欢两侧大灯的设计，有一种很犀利的感觉，本来车灯就像车子的“眼睛”一样，车灯漂亮整个车子看起来也就更有神了。,对于这台车子，我也没有什么特别不满意的地方，本且我对车子就不是很懂，其至说我就是一个车盲，可以说在没有入这台车子之前，我连大众和丰田的车标都分不清，其实我觉得身边好多女孩子都是这样的，不仅仅是我一个，哈哈，但实话来讲，我觉得这个车子本身也确实是非常有实力的，总之带给我的用车体验还是挺不错的，我也是完全以一个客观中立的角度来回答这个问题的。,[动力],[性价比],[内饰],唐EV的价格确实是比较亲民一点，很容易让人接受的，当时决定买这辆车的时候就不必接受父母的支援了，我的“小金库”完全可以用对，再说后期的用车成本也挺低的，这样也不必因为买台车而降低我的生活水平。,内饰给人的视觉效果还挺棒的，我个人认为这还得归功于整体的做工，座椅的缝制是非常细腻的。,[续航],用电特别省，周内的用车环境会比较固定，每天往返都是同样的路程，下班回家已经很累了我也不会再出去玩，除非是到周末有时间肯定要出去逛一逛，但基本上也都是附近郊区的景点，但还是要说它的电耗是非常低的，平均下来在13.6 Kwh /100 km..,[空间],虽然它的车身尺寸并不是很大，但其实车内的乘坐空间并没有想象中的那么狭窄，我这车 内的座椅布后是非堂合理的，后备箱的确放不了大大件的东西，但我觉得并不意外，对日堂家里来说完全是足够的买车之前完全可以根据自己的需求，对于车子的空间做出一个准确的判断呀，因为空间在买车之前是完全可以看得出来的，并不像动力这些，只有买了之后才能感受得出来。,[舒适],朋友坐我的车对它的舒适性评价都挺高的，我也觉得乘坐感受很不错，车上的座椅是皮材质的，皮质很细腻，填充也很柔软，尤其是前排，不仅有着开活的视野，而且座椅的包裹性也很强，所以说整个车子带给我的舒活性感受真的是相当不错的，完全超乎了我的想象。,[操控],就是我感觉这台车子的刹车和油门的调教都是非常舒适的，这个必须得点名夸奖一番，刹车踩下去是那种特别线性的感觉，而且车子也可以停的很稳当，完全没有，因为这是一台新能源车。,javascript:;,展开全部,上班
"
    发表于  2022-10    

      
        
    
    
",有四种驾驶模式，平常的话我会调到eco模式，比较省电。因为这个车是四驱的，所以他提速非常快，零百加速是4秒4。 经济/运动模式：一般在市区超车的时候，我会开启运动模式，超车比较便利，平常的话我会开启eco模式，比较省电，电号的话会相对低一点，可以保证续航的这个稳定性。,https://image1.xcarimg.com/attachments/my/1/94/10/689_120.jpg,xuser1951068,三星会员,4.38,外观,4,内饰,5,续航,5,空间,5,舒适,4,动力,4,操控,4,性价比,4,购入信息,爱车车型,https://newcar.xcar.com.cn/m64201/,2022款唐EVEV 635km 四驱旗舰型,购入时间,2022/8/1,购车地点,珠海市航鑫有限公司 [广东省],裸车价格,33万  (厂商指导价 34.28万),续航里程,460km,购入用途,爱车简评,车内大面积的采用了钢琴烤漆的设计，虽然容易留指纹，但是华贵的气质被凸显的很好！门板上还有内嵌氛围灯还可随音乐律动，将车内点缀的很温馨浪漫,实拍图片,爱车评价,https://img1.xcarimg.com//review/20221024/a637a47c33ca89d6f6fb540a24e53922.png-169x127.jpg,https://img1.xcarimg.com//review/20221024/714f9ba15979e4fab2576322ca6a8cad.png-169x127.jpg,https://img1.xcarimg.com//review/20221024/f5e95dc91bbbe6320d5c6d052a4262fc.png-169x127.jpg,https://img1.xcarimg.com//review/20221024/b5e785cdb83f627a58f6b0f5f8ef9bb2.png-169x127.jpg,https://img1.xcarimg.com//review/20221024/5f2a42526117273a574c2cd8a5054e0b.png-169x127.jpg,[最满意],首先这个车是一个四驱的车型，0百加速是4秒4，提速特别快。在市区等红绿灯的时候，基本上可以秒杀所有的车。换了电车之后，感觉电车特别的舒适。在市区开基本上没有任何噪音。在家安装充电桩之后呢，非常的省钱，充满电，基本上在50元左右。然后他这个外形特别吸引我，是一个最新款的龙颜设计。那是，也都是真皮的。四个座椅都有座椅按摩的功能，这个配置特别高。有前四个座椅的通风加热，还有抬头显示，疲劳驾驶，监测摄像头这些配置，科技感十足。360度全景影像特别清晰，也不用怕我对象开车剐蹭了。,[外观],[不满意],车身的话，我选择的是一个蓝色车漆，它特别好看，车头是一个龙岩的设计加上糖的汉字，在路上跑起来的时候回头率还是很高的。车尾是一个贯穿式的尾灯，在晚上的时候也非常漂亮。,不满意的地方主要是一个电耗，冬天续航的话，现在还没有到冬天，嗯，实测现在在500左右。官方标的续航是635，基本上很难达到。第二个不满意的地方就是它的悬架。悬架这一块比较硬，过坑的时候舒适度不是很好。,[动力],[性价比],[内饰],用到现在也没有任何的问题，当时买车的时候送了我两次保养，因为这个车保养费用比较便宜，现在书包还没有做销售的话，现在服务意识都非常好像比亚迪，现在和之前的比亚迪真是完全两个样。,内饰的话用的是一个全车纳帕真皮，特别有质感，细节做的也非常好。 ☆ 语音控制：他这个比亚迪的语音操控特别灵敏，而且反应特别快。向开关，空调开关，导航，开关天窗，都特别的方便，基本上可以解放双手。,[续航],我是在青岛用车，冬季的续航会受气温的衰减。嗯，一般在超车的时候，我会开启运动模式，用运动模式的话，它的电话会比较高一点儿，充电，我是在家，在家的话基本上要充一晚上。因为在家比较省钱，偶尔也会在公用充电桩，公用充电桩充电时间一个多小时。根据充电桩的功率。,[空间],我买的是六座的版本。前排四个座椅是独立座椅，舒适度很高，空间非常大。,,,,,javascript:;,展开全部,上班
"
    发表于  2022-10    

            
    
    
",尾标上4.4s百公里加速的标志体现出了唐强大的性能，实际的驾驶体验也是电门踩到底时百公里加速甚至可以达到4.3s，这个加速确实是名副其实的，甚至标的有些保守。四驱给车子带来的便利也远不止强大的加速，去沙滩行驶也不怕陷车，多种行驶模式灵活变动也让唐对于复杂路况的适应能力锦上添花。座椅按摩配合通风加热让长途行驶不再是煎熬，让车上的每个人都能享受驾驶的乐趣。长途过程中还可以打开k歌软件，配合车载麦克风排解旅途中的烦闷，唐EV在各个方面都满足了我对生活的向往。,https://image1.xcarimg.com/attachments/my/1/94/10/687_120.jpg,xuser1951068,三星会员,4.25,外观,4,内饰,4,续航,5,空间,4,舒适,4,动力,5,操控,4,性价比,4,购入信息,爱车车型,https://newcar.xcar.com.cn/m64201/,2022款唐EVEV 635km 四驱旗舰型,购入时间,2022/3/1,购车地点,深圳市龙南汽车贸易有限公司 [广东省],裸车价格,27万  (厂商指导价 34.28万),续航里程,440km,购入用途,爱车简评,我选择的是一个蓝色车漆，它特别好看，车头是一个龙岩的设计加上糖的汉字，在路上跑起来的时候回头率还是很高的。车尾是一个贯穿式的尾灯，在晚上的时候也非常漂亮。,实拍图片,爱车评价,https://img1.xcarimg.com//review/20221024/be470903aba1c438b3087471282592c9.png-169x127.jpg,https://img1.xcarimg.com//review/20221024/ac67a0e279b5e826a8dbf378abf7762a.png-169x127.jpg,https://img1.xcarimg.com//review/20221024/31f5b269b383e77f43554c0cfedb3d04.png-169x127.jpg,https://img1.xcarimg.com//review/20221024/d5110d8173d3e2e2be0023ff67f8a809.png-169x127.jpg,https://img1.xcarimg.com//review/20221024/786056bf60448b8c0f6cd19ff5e2e887.png-169x127.jpg,[最满意],新款唐EV的颜值很高，封闭式前脸加下衬装饰灯带的设计使得外观看起来富有科技感，日间行车灯让车子在行驶时有着很高的辨识度，不仅颜值高，安全性更是得到了保障，车子的空间很大，六座版本还有过道可供乘员在车内活动，上车下车很方便，车载的按摩系统和座椅通风加热还让座椅具备了很高的舒适性，坐上去就忘不了了。,[外观],[不满意],唐系列的外观特点非常鲜明，我的唐EV和它的混动兄弟长相截然不同，封闭式前脸让他看起来没有混动款那么凶猛，但依然帅气，车身腰线贯穿全车。前照灯有蓝紫色的LED灯带，日间行车灯开启时能够给车辆赋予独特的气质显得科技感满满，贯穿式尾灯的设计也让这台车拥有运动感，和它的性能相辅相成。,刚提车的时候空调出风有异味，让人感到不适，过了两个月左右才散的差不多，还有自带车载香氛功能只能使用指定的定制香氛材料，无法使用自己喜欢的车载香氛。除了这些之外就没有什么不满意的功能了。,[动力],[性价比],[内饰],唐EV六座顶配加按摩升级包之后落地36万多价格还是很高的，不过它的各项表现都对得起它的售价，豪华车该有的它全都有甚至做的更好，销售在卖完车后也时常和我联系并且告诉我许多用车技巧，也时常邀请我参加各种各样的车主活动，不管是产品还是服务都无可挑剔，价格虽然贵但是也物有所值。,内饰采用的是简洁雅观的白色设计，纳帕皮很耐脏也便于清洁，使用内饰清洗剂便可轻松擦去各种污渍，方向盘的材质饱满握持起来手感很好，车内大面积的采用了钢琴烤漆的设计，虽然容易留指纹，但是华贵的气质被凸显的很好！门板上还有内嵌氛围灯还可随音乐律动，将车内点缀的很温馨浪漫，夜间光照差的时候氛围灯带来的感觉就更加明显了！15.6英寸的中控和液晶空调调整面板都给车内带来了很强的科技感，不仅实用更兼具了美观。,[续航],唐的车身重量很大，结合巨大体型带来的风阻让我一开始对他的续航能力感到担忧，但是真正开起来之后我发现唐一百多度的大电池容量跑个四五百公里完全没有问题，自驾游到处走也完全不需要担心，现在高速上隔一段就有充电站，唐的直流快充只需要短短半小时就能做到从10%到75%，40分钟左右就能达到90%充电效率很高，马上就能继续上路了！平常使用ECO模式+大回馈行驶，整体的续航能力还会有很大的提升，我对唐的续航很满意。,[空间],唐EV的空间布局很好。2+2+2的座椅布置形式让车内看过去非常整齐有序，后排乘客上下车很方便，第三排的空间坐进去也很舒适，头顶距离车顶也有比较富足的距离，不觉得压抑。前排主副驾位置腿部空间几乎可以把腿伸直，座椅具有多方位电调还配备了腿托，视野良好保证司机可以安全驾驶。第三排座椅可以放倒作为储物箱使用，能存放不少行李和随车物品，车商的储物格也很充足，扶手箱的内部空间可以装下保温壶和随车麦克风，多种文件可以收纳在副驾驶暗格，还有个眼镜盒可以用于收纳太阳镜，很贴心！,,,,,https://newcar.xcar.com.cn/4242/review/comment-432039.html,展开全部,上班
"
    发表于  2021-06    

      
        
    
    
",整体驾驶性很好，元旦节去天津滨海新区看了沙滩和网红图书馆，还吃了海鲜，大多走的是高速，一共来回400多公里，太多是京剧模式，也用了运动模式，确实猛，不过也能驾驭自如。,https://image1.xcarimg.com/attachments/my/1/90/42/178_120.jpg,xuser1914217,三星会员,4.38,外观,5,内饰,4,续航,5,空间,4,舒适,4,动力,4,操控,4,性价比,5,购入信息,爱车车型,https://newcar.xcar.com.cn/m59942/,2021款唐EV改款 长续航版尊荣版,购入时间,2021/4/1,购车地点, [宁夏省],裸车价格,26.3万  (厂商指导价 27.95万),续航里程,370km,购入用途,爱车简评,外观，内饰，配置，还有续航里程都吸引我，而且我打算就是要买新能源车，加上比亚迪的电池技术也是很成熟，电芯也是终身质保解决了后顾之忧，下定决心就它了。,,爱车评价,,,,,,[最满意],外观自然是我最喜欢的原因之一，毕竟外观不对眼，我也不会买。动力很澎湃，百公里加速4.6秒真有料。平时在等红绿灯起步的时候，并排车辆基本上全部秒杀，推背感十足。,[外观],[不满意],颜值没得说啊，和普通车的车辆放在一起，基本就是鹤立鸡群，有一次带孩子去看电影，出来发现被宝马，奥迪等豪车围起来了，看起来跟国产车干里大红龙也不逊色啊,随车配置的充电箱，1.6kw的效率太低了，假如出去玩的地方没充电桩，家用插座充满得50个小时啊，简直是鸡肋。,[动力],[性价比],[内饰],家里充电比较方便，楼下就装着3kw的小充电桩，大园里也是新建的专供电动车充电的地方，所以充电比较方便。,氛围灯做的很棒，车内部的一些细节也很好，天窗，行车记录仪和收纳箱都设计的很精致，总体而言，我比较喜欢这种简洁大方的风格。,[续航],续航的话，我现在跑了710公里，百公里油耗13升，电耗百公里不到1度电很节省很省钱，冬天因为天冷问题跑的路会少一点。,[空间],自己188家里人个子也不小，但坐在车里面感觉也是足够了，看过蔚来E6，宽度够，但是长度不如唐，特别是车内的实际空间，自己亲自坐了后试了试，略显局促，而唐这方面无敌。,[舒适],隔音效果确实不错，跑高速胎到个人觉得还可以，接受后排座椅蛮舒服的，前排座椅加热，通风功能很实用，就是物理按键减少有些时候会不习惯。,[操控],由于是四驱车，始终感觉很稳，方向盘全方位调节，手感也比较轻，夫人初次试驾时都觉得很轻松，在高速上可以用辅助驾驶和巡航系统，基本上用手调节速度大小和方向就够用了。,javascript:;,展开全部,接送小孩
"
    发表于  2021-06    

      
        
    
    
",这款车的动力表现不用多说，加速能力相当恐怖，由于电机的输出很直接，当你踩下地板油的时候，车子就跟坦克一样，基本上可以起飞了，非常的恐怖。红绿灯起步基本上没有人能跑的，比我快。,https://image1.xcarimg.com/attachments/my/1/89/29/730_120.jpg,gh1618449987,三星会员,4.38,外观,4,内饰,5,续航,4,空间,4,舒适,4,动力,4,操控,5,性价比,5,购入信息,爱车车型,https://newcar.xcar.com.cn/m59942/,2021款唐EV改款 长续航版尊荣版,购入时间,2021/4/1,购车地点,克拉玛依市联众商贸有限责任公司(比亚迪) [新疆省],裸车价格,26.29万  (厂商指导价 27.95万),续航里程,369km,购入用途,爱车简评,以前开的车都是加油的，没想到买这个，我媳妇说换一个电动的吧！现在油还么贵，就看了看这款车，看到续航里程我就决定要买这款了，绝对物超所值。,,爱车评价,,,,,,[最满意],最满意的就是这款车的加速性能非常强大，综合续航里程比较长非常实用。,[外观],[不满意],这个车的外观设计真的很霸气，前面的造型特别的凶悍，大灯也是很犀利的，而且是全LED的视觉效果很出色鬼步的话也是一个贯穿式的尾灯夜间点亮以后高级感非常强烈红色的车型也很霸气,最不满意的就是这个类似的中控大屏尺寸太大了，一定程度影响了车内的视野。,[动力],[性价比],[内饰],因为平时主要就是在市区里面上下班，平时的话也开了10多年的燃油车，想换一换口味，所以选择了这款国内电动车领域做的最好的比亚迪唐EV这个车。这个车的话确实是很出色的一款车，综合续航里程长，而且还支持快速充电，即便是出个远门，也不用担心车子没电，再加上它的外观设计很霸气，开出去回头率很高。,个人感觉这个内饰设计风格稍微有点浮夸，特别是那个大屏幕，真的特别的夸张，而且会阻挡一定的前方视野。,[续航],这款车呢，车身尺寸非常庞大，但是他依旧能提供400多公里的续航里程，基本上可以覆盖掉大部分的用车里程，而且充电的速度也很快，实用性层面相当给力。,[空间],这个车的车身尺寸摆在这里，车内的空间绝对是非常宽敞的，后排的话乘客非常的舒服，而且后备箱特别的深。,[舒适],这款车因为是纯电动车的原因，所以的话车内的震动噪音都是非常小的，在高速上跑的时候基本上没有什么杂音，而且车内空间大，舒适性配置很多座椅的话也是比较柔软的。,[操控],别看这个车的车身尺寸这么大，但是底盘的操控也是相当出色的，由于它使用的是电动机驱动，所以的话底盘的稳定性非常好，而且动力输出很直接跑，起来的话很扎实，刹车油门都是很灵敏的。,javascript:;,展开全部,接送小孩
"
    发表于  2021-06    

      
        
    
    
",动力是非常满意的，起车提速很快，日常开足够用了，而且我这个人对动力这一块没有什么过多的要求，稳稳当当的安全最重要，过于强劲的我可能还不太适应。,https://image1.xcarimg.com/attachments/my/1/83/38/809_120.jpg,新车疯汇,三星会员,4.25,外观,4,内饰,4,续航,4,空间,4,舒适,4,动力,5,操控,4,性价比,5,购入信息,爱车车型,https://newcar.xcar.com.cn/m59942/,2021款唐EV改款 长续航版尊荣版,购入时间,2021/4/1,购车地点,吉林市平远汽车经销有限公司 [吉林省],裸车价格,26.28万  (厂商指导价 27.95万),续航里程,368km,购入用途,爱车简评,买这辆车之前一直开我的老款福克斯，但是由于油耗越来越高、家里人口的增加还有一些其他原因让我不得不重新买辆既大又省油的车，然后老看见路上的唐宋元，所以自然而然的有了好感,,爱车评价,,,,,,[最满意],对这款车最满意的一是车子颜值高，是我喜欢的外形，简约大气，二是车子的续航能力和燃油车相差不大，快充技术也很给力。,[外观],[不满意],车子的外观是我比较倾爱的，大气豪华，家入朋友都对这个车的颜值非常满意，开出去回头率很高，特有面儿。,最不满意的就是这个车驾驶的时候操作不简单，刚开始的时候特别不适应，这个车提出来，绝对不是上去就能开，一定要先熟悉才能驾驶操作。,[动力],[性价比],[内饰],新能源车肯定是车发展的大趋势，而且现在国家政策也支持购买，这款车无论从外观，空间，动力等多方面来考虑都让我很满意，购车价格也在我预算范围内。,内饰的设计是简约派，特别有品，视觉效果特别好，中控大屏看上去科技感十足，很有档次，细节方面处理的很到位。,[续航],这款车的续航能力做的还是非常好的，和燃油车差不太多，目前续航能够达到450公里，就是充电比较麻烦，但是和燃油车相比起来确实省了很多钱。,[空间],空间非常大，乘坐空间宽敞，储物能力超强，来个自由行拉着行李和日用品完全不是问题，不管是工作居家还是出行游玩，这个车的空间都足够。,[舒适],这款车的舒适程度可以给满分，座椅包裹性很强，而且有通风和加热功能，特别舒服，车子开起来车内没有什么噪音，空调音响都很给力。,[操控],车子操控起来不是特别容易上手，作为新手的话很难驾驭，而且车身尺寸本身较大，在停车的时候，还有路况不好的地方驾驶，都要小心翼翼。,javascript:;,展开全部,自驾游
"
    发表于  2021-06    

      
        
    
    
",首先它是一款纯电的中型SUV，不得不感叹其实用电不比汽油差，何况我一般也就在市区内行驶所以动力完全不担心。,https://image1.xcarimg.com/attachments/my/1/84/95/472_120.jpg,gh1592977856,用户被禁止发言,4.63,外观,4,内饰,4,续航,5,空间,5,舒适,5,动力,4,操控,5,性价比,5,购入信息,爱车车型,https://newcar.xcar.com.cn/m59942/,2021款唐EV改款 长续航版尊荣版,购入时间,2021/4/1,购车地点,长春兴盛汽车销售有限公司 [吉林省],裸车价格,26.27万  (厂商指导价 27.95万),续航里程,367km,购入用途,爱车简评,唐的空间表现的还是很棒的，车身长度和高度决定了这辆车的空间肯定是非常的大。我坐在驾驶位上，感觉头部和腿部都留有十分大的空间，后排坐三个人也没有问题，后备箱的空间也非常的充足,,爱车评价,,,,,,[最满意],这辆车的颜值太高了，整个车身流畅，颜色正青春靓丽。而且遥控驾驶也很有意思。尤其是停车的时候，停完以后发现前后的距离，有的近有的远，可以用遥控钥匙，抽空让车进行挪动，非常的方便。,[外观],[不满意],外观真的不用多说，明眼人都看的出来，这款车不管是车子的车身漆面，还是设计都是无话可说的。,最不满意的就是我觉得储物的小储物格少了点，不够放日常所需，可能我的东西比较多哈哈。,[动力],[性价比],[内饰],看见这辆车第一眼就被他的外观吸引了，再加上他是四驱的动力十分的强劲，超车和提速都非常的迅速，而且电动车静音效果会更好。,内饰布局喜欢，但是用料方面还是有待改进，车子刚提的时候内饰感觉有点异味，后面我买了除碳包味道基本就没有了。,[续航],因为用电家里充电比较方便，自己有一个车库，不用担心和家里挤着用，自从开这款车就没有电耗尽的情况。,[空间],1.75的个子坐在主驾驶上离头部还是很宽敞，后排坐3个人完全不拥挤，后备箱的储存能力也不错，可以放大型的行李箱好几个。,[舒适],很享受开车的氛围，这点比亚迪做的不错，座椅很向家里的沙发躺着很舒服。,[操控],刹车偏软，方向盘方面转向还不错，基本上是指哪打哪，底盘的通过性强。,javascript:;,展开全部,接送小孩
"
    发表于  2021-06    

      
        
    
    
",虽然有两吨多的车重，但是加速是完全没有问题的，起步也非常的快,https://image1.xcarimg.com/attachments/my/1/90/42/161_120.jpg,xuser1914216,三星会员,4.75,外观,5,内饰,4,续航,5,空间,4,舒适,5,动力,5,操控,5,性价比,5,购入信息,爱车车型,https://newcar.xcar.com.cn/m59942/,2021款唐EV改款 长续航版尊荣版,购入时间,2021/4/1,购车地点,齐齐哈尔粤华远通汽车销售有限公司 [黑龙江省],裸车价格,26.26万  (厂商指导价 27.95万),续航里程,366km,购入用途,爱车简评,最喜欢的还是车子的外观，颜色很吸睛，车身很大气，轮毂设计的很好看，前脸的辨识度很高，内部的布局我还是很满意的，空间也比较足，相当于其它车款的空间我比较喜欢比亚迪的唐EV,,爱车评价,,,,,,[最满意],尾部的那一句buildyourdreams感觉唤回了少年时的记忆，生活很难，小时候的很多梦想，可能没办法实现，但是在买车上可以实现自己小小的梦想,[外观],[不满意],大唐的外观是真的霸气，一眼看过去，感觉它可以给你带回到大唐盛世的繁华景象,没有什么不满意的地方，这辆车我是真的很喜欢，可能唯一一个可能就是避震效果不太好，续航一般,[动力],[性价比],[内饰],家里准备换车，我选择了比亚迪这款节新能源车，当代社会环境污染严重，我觉得作为祖国的一份子为社会出一份力，试驾了好几款车型，我觉得还是比亚迪这款唐EV的各方面的综合性能比较符合我的要求。,内饰的液晶屏真的是深得我心，我就是喜欢这么大屏的感觉，科技感十足，而且材质都是非常的有质感，比较软，全景天窗给人空间放大的感觉，不会压抑,[续航],只要你不是开长途车，这个续航是完全没有问题的，日常上下班完美解决,[空间],本人人到中年也是有些发福了，会有一些胖，但是不论是坐驾驶座，还是后排的空间都不会挤，空间都非常的宽敞,[舒适],避震效果我感觉做的不是很好，虽然也没有经常开一些烂路，但是碰到减速带的时候也是会有一些颠簸感,[操控],日常驾驶感觉操控非常的顺手，方向盘也不会很重，可能是因为新能源车的原因，上路的话听不到什么噪音,javascript:;,展开全部,接送小孩
"
    发表于  2021-06    

      
        
    
    
",这台车子动力感受非常的好，纯电动的，而且我觉得加速这一块，比亚迪历来都是非常的优秀的。我这台车子家属真的超级凶猛啊，比亚迪特别的厉害。,https://image1.xcarimg.com/attachments/my/1/90/42/130_120.jpg,xuser1914213,三星会员,4.25,外观,4,内饰,4,续航,4,空间,4,舒适,5,动力,4,操控,4,性价比,5,购入信息,爱车车型,https://newcar.xcar.com.cn/m59942/,2021款唐EV改款 长续航版尊荣版,购入时间,2021/3/1,购车地点,黑龙江宏达旭龙汽车销售服务有限公司 [黑龙江省],裸车价格,26.25万  (厂商指导价 27.95万),续航里程,365km,购入用途,爱车简评,这辆车不论是外观空间，内饰还是新能源的成熟技术，都是强烈吸引着我选择他，去店里看车的时候实车真的非常的好看，前脸看过去很霸气，车灯的科技感也非常的强，在车流中一定是一道靓丽的风景线,,爱车评价,,,,,,[最满意],比亚迪唐我最满意的地方就是这台车的操控性了，我觉得它的操控性真的非常好，开起来的感觉特别棒，让我一点压力都没有，还有就是它的外观方面我。也是特别喜欢的，外观给我的感觉就是设计感很强,[外观],[不满意],比亚迪唐这台车的外观这一方面我觉得还是不错的，它的龙颜设计外观感觉过去就非常好，我尤其喜欢这台车的侧面，看起来特别的优雅。造型运动感很强烈，车身的线条比较饱满。,我最不满意的地方就是它的隔音了，唐EV的动力，非常的大。平时家族非常的快，但是在车子跑到120迈以后，噪音会很明显的感受不太好。,[动力],[性价比],[内饰],当时和女朋友起去看车的时候觉得这车还是挺漂亮的，作为代步车来讲它的各个方面我都非常满意，性价比也比较高，然后和女朋友商量了一下，就买下了这台车。唐EV用起来也确实非常经济。,我的这台车内饰设计风格我还是比较喜欢的，内饰造型设计中庸。就是偏简约风的那一种，我个人非常喜欢这种简单轻奢的感觉。中控台还有个超级大的屏幕，特别的赞。,[续航],我觉得这台车子的续航里程还是很不错的，非常的够用，平时开着呢，感受也很好，我们这边充电的设施也比较完善，我自己的停车位也是有充电桩的，非常实用。,[空间],空间这一方面我有一些不满意，我身高185，体重130斤，坐在车子前排的话，我觉得有一些拥挤。 感觉空间这块还是不是非常优秀的，后备箱也非常大。,[舒适],舒适性方面我觉得还是挺不错的，车里面隔音效果非常好。关好车门外面的声音都听不见了。感觉特别安静的一台车子座椅也挺舒服的。就是跑高速的时候，胎噪的声音有点大。,[操控],这台车的操控感这方面我会给它满分，因为这车的驾驶感觉特别好，开起来有一种操控的乐趣。方向盘手感不错，开车一点压力都没有。非常的轻松自在。,javascript:;,展开全部,自驾游
"
    发表于  2021-06    

      
        
    
    
",动力方面，个人感觉十分充沛，电门响应相当快，加速感时推背感实足，整体的动力方面均衡十分充沛的,https://image1.xcarimg.com/attachments/my/1/90/42/125_120.jpg,xuser1914212,三星会员,4.5,外观,5,内饰,5,续航,4,空间,4,舒适,4,动力,4,操控,5,性价比,5,购入信息,爱车车型,https://newcar.xcar.com.cn/m59942/,2021款唐EV改款 长续航版尊荣版,购入时间,2021/3/1,购车地点,洛阳陆行汽车销售服务有限公司 [河南省],裸车价格,26.24万  (厂商指导价 27.95万),续航里程,364km,购入用途,爱车简评,比亚迪毕竟是国内头号的电动汽车厂家，个人感觉完全不输特斯拉特别是在电池技术这一块，所以还是挺值得信任的。因为我平时都是市区上下班使用，所以对于车子的话要求不是那么高,,爱车评价,,,,,,[最满意],最满意的就是这台车的外形设计特别好看，非常的霸气，看上去很有高级感。,[外观],[不满意],快五米的车身，而且整车的外观还有灯源都带有个性的布局，颜值确实可以说是非常的棒了，挺喜欢的一个外观.,最不满意的大概就是这台车的车身尺寸比较庞大，在市区开的话可能不是那么灵活，稍微有一点笨。,[动力],[性价比],[内饰],因为之前的话一直都是开燃油车，而且家里面的话汽油车好几台，所以想换一个新的体验，一开始也有考虑买个特斯拉的MODEl3但是那个车的话空间还是稍微有点小，而且做工用料真的很一般，非常廉价，所以后面还是选择这个国产的，比亚迪唐EV版本的感觉挺不错的，外形设计很霸气，性价比也挺高的。,内饰相比外观就要显得没有那么漂亮。中控除了大屏也没什么了，座椅舒适度略一般,[续航],整体的续航里程大概在400公里左右，平时在市区开的话，我觉得是挺不错的，一般的话以我的用车习惯来讲，一个月充两次电就可以了，非常的实用，跟加油没有什么区别。,[空间],空间很宽敞，后备箱大.所有的东西全都塞进后备箱还有空余，非常赞。,[舒适],舒适性的表现是很出色的，底盘的减震效果特别好走，一些颠簸路段车依旧就很平稳，而且因为没有发动机，所以运转的时候很平顺，没有其他的噪音。,[操控],方向盘还是有虚位的，速度起来就好点，方向盘轻盈，老婆是新手，驾驭起来也简单，而且底盘很稳。,javascript:;,展开全部,接送小孩
"
    发表于  2021-06    

      
        
    
    
",动力的表现也很不错丝毫不会差，在市区等红绿灯起步是很快的，不管在市区还是高速行驶超车也都很轻松。,https://image1.xcarimg.com/attachments/my/1/90/42/120_120.jpg,xuser1914212,三星会员,4.38,外观,4,内饰,4,续航,5,空间,4,舒适,5,动力,4,操控,4,性价比,5,购入信息,爱车车型,https://newcar.xcar.com.cn/m59942/,2021款唐EV改款 长续航版尊荣版,购入时间,2021/3/1,购车地点,河南宇鼎缘汽车销售服务有限公司 [河南省],裸车价格,26.23万  (厂商指导价 27.95万),续航里程,363km,购入用途,爱车简评,后面坐满3个成年人每次都感觉不到拥挤，前面就更不用说了，感觉车内的空间运用非常好。显得比较宽敞。,,爱车评价,,,,,,[最满意],最满意的就是它的整体行驶质感非常好，跑起来的时候车身很稳，开车的能够轻松驾驶最重要的是跑高速的时候车内静音效果也非常不错。,[外观],[不满意],第一眼看到他的外观的时候觉得还是很不错的，前脸大面积的中网有着很多横幅镀铭装饰非常的靓丽，中网和两侧的大灯也体现出了前脸的美感。,不满意的就是中控大屏幕的设计比较单一，还有新车的异味比较大，从网上买了些炭包过了半个月才消除干净。,[动力],[性价比],[内饰],家里面离市区也不是特别远，在城市边缘的农村，最主要的是充电条件非常方便才购买的。,内饰方面会差一些中控大屏看上去比较单一，还有新车的异味会比较严重一些，车内的用料倒是挺不错的，除了中控屏其他地方的做工和搭配挺合理。,[续航],续航目前在400这样，这应该也要看个人的驾驶习惯吧，平时比较注重安全开车都比较沉稳，这样的表现也还行了。,[空间],前后排的乘坐空间都非常的充足，坐在里面的乘客完全不需要为头部和腿部的空间担心，这类的储物能力也很丰富。,[舒适],舒适性也是满分的，在高速上行驶车内的静音保持的很不错，底盘也很稳在通过颠簸的路段也没什么震动，座椅也是比较柔软的驾驶感很不错。,[操控],底盘调校的比较好这款车的通过性能很不错，方向盘给我的手感也很好指向很精准，车内的配置使用起来也特别的方便。,javascript:;,展开全部,购物
"
    发表于  2021-06    

      
        
    
    
",动力十足，提速特别快，市区过红绿灯的时候我永远都是第一个通过的，4.9s果然是名不虚传的，市区经济模式就行了，经济模式很给力，跑高速我也用经济模式，高速几乎全车都是静音状态,https://image1.xcarimg.com/attachments/my/1/90/42/116_120.jpg,xuser1914211,三星会员,4.25,外观,5,内饰,4,续航,4,空间,5,舒适,4,动力,4,操控,4,性价比,4,购入信息,爱车车型,https://newcar.xcar.com.cn/m59942/,2021款唐EV改款 长续航版尊荣版,购入时间,2021/3/1,购车地点,唐山市金利海汽车销售有限公司 [河北省],裸车价格,26.22万  (厂商指导价 27.95万),续航里程,362km,购入用途,爱车简评,出行各种各样的原因从一开始就打算买纯电动车的，电动车这一块除了比亚迪我也没有考虑过其它的车型，因为比亚迪这个品牌也是让我比较信赖。,,爱车评价,,,,,,[最满意],唐ev这款车整体比较满意，颜值高，续航长，空间大，提速也很快，动力方面是完全没有问题的，尾灯设计的也非常漂亮，特别是晚上，我唐就是整个马路上最靓的仔，特别拉风，最重要的是充电也很快，买新能源车大家对充电都会有疑虑，升压快充的30%的时候半个小时就能充到80%，很方便。完全不用担心充电的问题。还有就是店里的服务了，店里的服务真的很好，时间长了都会有短信提醒，节日生日还有保养的时候都会有提醒，很暖心很贴心，有种vip的感觉，车用了已经一年了，从来没有出去任何故障，买的帖子，用着舒心，值了,[外观],[不满意],外观大气，气场十足，年轻时尚，车灯也特别好看，霸气的轮毅，足以能征服每个酷爱suv的人,没什么不满意的地方，要说不满意的话对于我来说是价格吧，我觉得价格偏高一点，当时买车的时候没这么高的预算，但是一眼就看上了这款车，咬了咬牙还是坚持买下了，希望以后可以在价格方面适当的下调，这样的话应该很多人都会购买。,[动力],[性价比],[内饰],买这款车的理由就是喜欢，很喜欢的这种，开出去特别的拉风，空间很大，而且续航也长，开着很舒服，坐车的人也很舒服。买车不就是为了舒服么，我的目的已经达到。外观内饰都特别棒。 而且还有全景天窗，遮阳帘，配置很全。,内饰的话就比较简单了，液晶仪表盘显得很高档上，简单而不复杂的中控台，特别介绍下大屏，可以实现车机互联，导航听音乐很方便，即使是来一盘王者也是不在话下，副驾驶门设有座椅调节，很方便。,[续航],电耗没仔细算过，冬天续航大概在420左右，夏天的话大概是480左右，充一次电可以跑大概一个星期，总体的感觉就是冬天开空调的话耗电要比夏天开空调明显耗电快，充电倒是没什么感觉，,[空间],空间的话不用多说，只要看过车的人都知道，每次带家里人出去老爸都选择坐我的车，因为我的车宽敞，坐着很舒服，玩累了后排可以躺着，完全感觉不到憋屈，当时买车的时候家里人还不同意我买这么大的人，说一个姑娘开这么大车不适用，买个合资轿车就够了，我才不喜欢轿车呢，我就喜欢这大越野，开着特别豪横，现在带家里人出去玩，父母都选择坐的我的车，后备箱的储物空间足以满足我的购物需求，出差放个行李箱都觉得后备箱特别空。这个空间无敌了。感应后备箱简直方便的不要不要的。,[舒适],整车非常舒适，形势过程中基本全车静音状态，驾乘空间特别大，很舒服，特别是后排还设有空调出风口，满满的暖心啊，这简直就是后排座椅人员的福音，给这个设计大大的一个赞，还可以提前开启车上的空调，不管是冬天还是夏天，上车都是舒服的温度。,[操控],转向准确，刹车灵敏，底盘很稳，有时候拐弯的我会加速通过，几乎感觉不到飘，不过不建议大家拐弯加速通过，毕竟安全第一。并线辅助很智能，主动刹车可以避免追尾，安全性极高，买车安全是最重要的一条，这款车安全系数还是很高的。,javascript:;,展开全部,接送小孩
"
    发表于  2021-06    

      
        
    
    
",车子的动力非常强劲，开起来非常轻松，在拥挤的城市当中提速超车也是非常迅猛轻松的事情。,https://image1.xcarimg.com/attachments/my/1/90/42/113_120.jpg,xuser1914211,三星会员,4.38,外观,4,内饰,5,续航,4,空间,4,舒适,5,动力,4,操控,4,性价比,5,购入信息,爱车车型,https://newcar.xcar.com.cn/m59942/,2021款唐EV改款 长续航版尊荣版,购入时间,2021/3/1,购车地点,河北同驰汽车贸易有限公司 [河北省],裸车价格,26.21万  (厂商指导价 27.95万),续航里程,361km,购入用途,爱车简评,车子的外观方面是超级喜欢的，红色的大唐看上去非常霸气，矩阵车灯的设计也是十分亮眼的，还带有蓝光，给我的感觉非常科幻。,,爱车评价,,,,,,[最满意],我最满意的地方就是这辆车子外观了，红色的大唐看上去是非常喜欢的，刚好今年也是自己的本命年，买个红色的车子冲冲喜。还有就是车子的性价比很高，对比了那特斯x，蔚来es8，es6，理想汽车，最终还是比亚迪唐最有性价比。,[外观],[不满意],外观造型非常霸气，整体很协调，很运动，充满着时尚元素，车身尾部两条贯穿式的刹车灯亮起来，能给后车非常显眼的警示。,隔音做得不够好，跑起来的时候噪音特别大，这是最不满意的一点。,[动力],[性价比],[内饰],因为自己也有一台纯油的路虎车子了，所以现在买过一台车子就想买一辆新能源的车。买车的时候主要考虑的第一点就是安全因素，有公路坦克之称的比亚迪唐，我对他的安全是非常满意的，还有一点就是它的性价比比较高，30几万的价格，配置方面是做的非第齐全的。,内饰充满着科技感和时代感，整体用料及做工方面还是比较优秀的，中控台格局非常清晰，操作起来非常灵活。,[续航],比亚迪的新能源车可以说是做得很好了，起步快，续航久。,[空间],空间非常大，我们家的成员个子都比较高大，所以买这台SUV是正确的。我177的身高坐在驾驶位上面，头顶还有一个拳头的距离，坐在第二排腿部挺宽阔的。,[舒适],静音效果比较差，我觉得这个是比亚迪新能源车唯一的一个缺陷，其他方面表现真的非常优秀。,[操控],方向助力特别好，方向很轻，而且电门也很轻，基本上轻踩一下车子就会有往前窜的感觉。,javascript:;,展开全部,购物
"
    发表于  2021-06    

      
        
    
    
",车子的动力没得说，百公里加速几秒来着，体验非常的棒，不过平时我并不敢那么开，我开车还是挺温柔的。平时体验最好的地方就是他的起步非常迅速。,https://image1.xcarimg.com/attachments/my/1/90/42/111_120.jpg,xuser1914211,三星会员,4.38,外观,4,内饰,5,续航,5,空间,4,舒适,4,动力,4,操控,4,性价比,5,购入信息,爱车车型,https://newcar.xcar.com.cn/m59942/,2021款唐EV改款 长续航版尊荣版,购入时间,2021/2/1,购车地点,深圳市龙南汽车贸易有限公司 [广东省],裸车价格,26.2万  (厂商指导价 27.95万),续航里程,360km,购入用途,爱车简评,这台车我满意的地方有很多，让我最满意的应该是充满一次电可以跑差不多500km左右，整体使用起来成本比汽油车低很多。,,爱车评价,,,,,,[最满意],要说最让我满意的就是应该是他的外观了。整个车子的外观设计都非常的个性，从车标到整个车子的线条都是非常不错的，而且车子的配置非常丰富。,[外观],[不满意],车子的外观是绝对的满意，感觉整个车子都充满了霸气，看起来非常有冲击力，特别是它尾部的设计。又很时尚，特别是那个唐字，很吸引眼球。再加上贯穿式尾灯看着真的是非常帅气。,也没什么不满意的，如果价格能更便宜一点就更完美了。人总是不知足。,[动力],[性价比],[内饰],家里一台车已经不能满足正常的出行需求，所以必须再买一台车，现在新能源汽车已经越来越成熟了，市面上也有很多品牌可以选择，经过多方了解，觉得比亚迪更成熟，所以买下了比亚迪唐这台新能源汽车。,车子内饰上也是非常的不错，做工非常不错，在一些缝隙上处理的也很好，用料也是比较不错，摸上去还挺舒服的，整体设计看着特别顺眼，有科技感。,[续航],续航也是非常的棒，正常开基本上都能跑到450以上，对于我来说是完全够用了。如果平时作为短途上下班代步的话，充一次电能跑半个月。,[空间],车子的空间上是没什么问题，车子挺大的，不管是前排的位置还是后排的，都是能满足日常使用，储物空间也是非常不错。,[舒适],在舒适度上坐的也是非常不错的，车子的座椅很厚实，坐在上面挺舒服的，靠背也比较贴合，长时间开车也不会觉得特别累，车子的音效也很给力，空调制冷很快。,[操控],车子开起来手感还是相当不错的，整个车子驾驶起来非常的轻松，方向盘的手感相当舒服，而且车子底盘特别的稳，开起来有安全感。,javascript:;,展开全部,接送小孩
"
    发表于  2021-06    

      
        
    
    
",动力的体验确实是很不错，丝毫不输燃油车，特别是在起步的时候可以秒杀大部分车辆，中期的表现也比较稳，超车很轻松。,https://image1.xcarimg.com/attachments/my/1/89/34/430_120.jpg,gh1618664613,三星会员,4.63,外观,5,内饰,4,续航,5,空间,5,舒适,5,动力,4,操控,4,性价比,5,购入信息,爱车车型,https://newcar.xcar.com.cn/m59942/,2021款唐EV改款 长续航版尊荣版,购入时间,2021/2/1,购车地点,广东欧亚特汽车销售服务有限公司 [广东省],裸车价格,26.19万  (厂商指导价 27.95万),续航里程,359km,购入用途,爱车简评,要说比亚迪扛这个车，真的是非常不错，不管是从它的实力上还是从它的外观颜值上都是非常的好。选择这个车一方面是喜欢，一方面是为了支持国产。,,爱车评价,,,,,,[最满意],外观的设计非常不错，我和老婆都是外貌协会，颜值方面我们俩都非常喜欢，看起来时尚大气。性价比也是相当。娱乐功能也是非常丰富，甚至超过了手机的功能，是其他车子不能比拟的。比亚迪的技术值得信赖，空间也让我比较满意。,[外观],[不满意],对于外貌协会来讲外观也是非常重要的，设计风格很符合年轻人的审美，看起来时尚大气，设计方面也做得比较到位，看起来挺独特。,感觉车速快了，风噪和胎噪还是挺明显的。隔音效果还有待提高。内饰的豪华感差了一点。,[动力],[性价比],[内饰],买车的时候我比较看重安全性，毕竟是家用车，安全要放在第一位。对于比亚迪的安全方面我还是很满意的。其次就是技术优势，技术成熟，质量稳定可靠。颜值也是相当高，当时有比较过挺多品牌，最后还是选择了比亚迪。对我而言性价比超高，综合各方面都很不错。,但是整体的布局挺不错的，但是看起来没有什么豪华感。用的材质还行吧，属于比较简约大方的类型。中控大屏确实值得点赞，可玩性也非常高。,[续航],续航也是值得表扬，这也是我选择他的原因之一，充满电跑个480公里不是问题，跑高速也不会有压力，而且现在充电也很方便。,[空间],空间方面我觉得挺不错的，平常也就两个人用车比较多，偶尔和父母一起出行也不会显得拥挤，我对空间的要求不是特别高，整体来说挺不错的后备箱的，容量也还可以。,[舒适],座椅的舒适度挺高的，填充物比较柔软厚实，包裹性也觉得不错。低速的隔音挺好的，但是跑高速噪音有点大。底盘的过滤挺不错，空调制冷也挺好。,[操控],整体的操控感受还是挺好的，方向盘更加轻盈，老婆开起来也不会有什么难度，比较好上手。而且配置也挺多的，刹车也很及时，我觉得操控没什么难度。,javascript:;,展开全部,购物
"
    发表于  2021-06    

      
        
    
    
",动力随叫随有，表现突出。红路灯起步，超过市面上大部分车辆，包括普通的宝马奥迪奔驰。但是，慢点开，稳定驾驶更好。,https://image1.xcarimg.com/attachments/my/1/90/42/100_120.jpg,xuser1914210,三星会员,4.38,外观,4,内饰,5,续航,4,空间,5,舒适,5,动力,4,操控,4,性价比,4,购入信息,爱车车型,https://newcar.xcar.com.cn/m59942/,2021款唐EV改款 长续航版尊荣版,购入时间,2021/2/1,购车地点,厦门市佳凯盛汽车贸易有限公司 [福建省],裸车价格,26.18万  (厂商指导价 27.95万),续航里程,358km,购入用途,爱车简评,选择这款车的理由很多，比如说他的各项配置非常的抢眼，各项数据也是非常的优秀，再就是他的造型选择他的理由可以有很多，也可以很少，就是我很喜欢。,,爱车评价,,,,,,[最满意],空间：空间非常大，无论是乘坐还是后备箱。动力：纯电车型，虽然是两驱，但是超车毫无问题，起步一骑绝尘。外观：外观非常漂亮，属于越看越耐看。特别是22寸轮毂，太美了。充电：由于疫情影响，充电桩尚未安装，使用快充。速度比较快，一般车里玩一局王者就快满了。续航：我每日上下班合计70KM，使用一周没啥问题。放电：放电功能非常好，特别是在外出的时候，上次带着电锅还炖了鸡肉，蒸了米饭，太完美了！以后再买个电烤架，烤个羊肉串。,[外观],[不满意],外观没漂亮。内饰也还不错，朴素简单。车灯设计很漂亮，特别是后尾灯。22寸轮毂是亮点，如果是在城市道路行驶，一定要选装，太美了！,刹车：刹车偶尔有异响，并且线性差，点头有点重。经网上查资料和刹车片关系大，换了特定刹车片就没问题了，不知道比亚迪是否深入研究过，业余爱好者都能解决的问题，竟然困扰比亚迪这么多年。挡泥板：没有挡泥板。由于车轮相对车身宽一些，前轮很容易把泥甩在车门上，非常影响美观，如果有挡泥板就好了。主驾座椅：感觉主驾的座椅对腰部支撑不太够，开的时间长了腰部酸痛，只能另外买个腰枕。4S服务：不得不说这个店的服务不敢恭维。上保险和上牌都不太顺。充电桩现在也没有安装。就是感觉提车后，配套服务跟不上，都得自己操心。,[动力],[性价比],[内饰],4s店里，一眼就看上了它，真的，其它款都不考虑了。以前看过蔚来ES6，真不明白为啥那么贵，还担心蔚来坚持不下来，挂掉。比亚迪在电动车领域还是值得信赖的。,车子在内饰上的豪华程度也是相当高的，而且做工特别细致在一些细节上处理的相当好看，得出来是比较用心的，而且他的中控大屏也算是很另类的一个存在，也比较醒目，我们年轻人很喜欢。,[续航],电耗还不错，毕竟是新车。1000公里以内的时候大概在17度百公里，现在在15.5度百公里。毕竟是2.5吨的车，电耗还不错。另外，电耗和气温关系很大，冬天开暖风电耗肯定非常高。目前在公用充电桩充电，速度不错，大概一小时能充满。 高速加城市道路，470KM没啥问题，冬天还没试过。开空调掉电还可以。估计开暖风掉电会比较快。,[空间],空间很宽敞，绝对令人满意。我的是7座版，第三排没用过，初步看空间还不错，第二排空间够用。储物空间也不错，唯一不足是扶手箱没有无线充电。,[舒适],驾驶很安静，舒服。内置PM2.5过滤装置，在北京很有用。悬架在过滤小震方面还不错，在过减速带的时候有明显感觉。,[操控],操控不错，转向清晰。方向盘有模式调节，我更喜欢运动模式，更沉一些。,javascript:;,展开全部,接送小孩
"
    发表于  2021-06    

      
        
    
    
",车子在提速上真的非常优秀，提速非常的快，平时等红绿灯我都是第一个出去，很有自豪感，看起来也比较爽，超车都不是问题。,https://image1.xcarimg.com/attachments/my/1/90/38/162_120.jpg,gh1624171409,三星会员,4.38,外观,4,内饰,4,续航,5,空间,4,舒适,5,动力,4,操控,5,性价比,4,购入信息,爱车车型,https://newcar.xcar.com.cn/m59942/,2021款唐EV改款 长续航版尊荣版,购入时间,2021/2/1,购车地点,福建省美嘉鑫迪贸易有限公司 [福建省],裸车价格,26.17万  (厂商指导价 27.95万),续航里程,357km,购入用途,爱车简评,车子开起来手感还行，方向盘挺轻的，方向盘的握杆也非常不错，方便操控，车子的刹车制动也比较及时，脚感也不错。,,爱车评价,,,,,,[最满意],要说这款车子让我满意的，应该是他的动力提升快，他的性能真的非常好，动力提升非常快，开起来非常爽。,[外观],[不满意],我觉得他的外观设计非常的有国际范儿，特别是他尾部的英文字母很提升逼格我是非常喜欢的。 还有车头的大灯，看起来很亮很有神。,要说不满意的话，其实真没什么，就是如果车子的价格能便宜一些，那就是更不错了。,[动力],[性价比],[内饰],觉得比亚迪唐在新能源方面的技术已经非常好了，甚至可以说是领先的地步，所以说我对比亚迪还是比较有信心的，然后比亚迪唐在外观造型看着也非常时尚。,在那世上最引人注目的就是他的那块大屏幕真的很大，用起来非常方便，看地图的时候非常清晰。整体的用料上也是非常的豪华。,[续航],对于我经常在市区出行来说，这个车子的续航能力还是非常不错的，不仅满足我的日常出行，而且相对燃油车来说，也大大降低了每个月的开销。,[空间],平时我在空间方面的要求也不大，一家4口人坐在车里还是非常宽松的，想怎么坐怎么坐。后备箱给小孩子放一些玩具和小车也都是非常轻松。,[舒适],其实我一般都是一个人上下班开这台车子，所以感觉舒适性还是可以的，不过就是带着家人旅游的过程中，有的时候路面很颠簸，家人们觉得车子的减震不太理想，后排的颠簸感非常强烈。,[操控],驾驶操控简单，虽然相对来说车身有一点大，不过在各方面的调教比较不错，尤其是方向盘手感很好，市区出行的时候感觉都是非常轻巧的，很好转动方向。,javascript:;,展开全部,接送小孩
"
    发表于  2021-06    

      
        
    
    
",动力方面输出比较优秀，我日常出行不会要求多大的速度，然后带家人出去的话就更不需要多快了，这车子的速度很够用了，体验120迈还是蛮轻松的，不用担心肉哦，起步比燃油车子还快。,https://image1.xcarimg.com/attachments/my/1/90/42/092_120.jpg,xuser1914209,三星会员,4.38,外观,4,内饰,4,续航,4,空间,4,舒适,4,动力,5,操控,5,性价比,5,购入信息,爱车车型,https://newcar.xcar.com.cn/m59942/,2021款唐EV改款 长续航版尊荣版,购入时间,2021/2/1,购车地点,青岛仕通达汽车销售服务有限公司 [山东省],裸车价格,26.16万  (厂商指导价 27.95万),续航里程,356km,购入用途,爱车简评,出行过程中动力不错，而且起步的时候非常的迅速，不像燃油车会有一些肉肉的感觉，这台车子给我的感觉一点延迟都没有，加速反应也非常的及时，对于我经常市区出行来说，动力足够用了。,,爱车评价,,,,,,[最满意],最满意的是外观吧，因为造型上我觉得非常的不错，给人的感觉是非常大气的，前脸的进气格栅设计的非常独特，中间一个唐字我觉得非常的有特点。,[外观],[不满意],外观的造型不错，我比较喜欢，我觉得比亚迪的设计一直以来都是符合潮流的，造型比较时尚，而且我觉得他的前脸进气格栅设计的是非常独特的，大气的造型再配上独特的一个唐字，非常有特点。,目前为止对这台车子不太满意的地方，主要是觉得减震调教的不是特别舒适，如果带着家人出门的时候，我还是希望车子的颠簸感能小一些，这样让我的家人也能够舒适一些。,[动力],[性价比],[内饰],我就是比较喜欢比亚迪这个品牌，刚好也比较看好新能源的车子，毕竟现在我身边的朋友开新能源车子的人已经不少了，比亚迪唐刚好有新能源车子，造型，价格都合乎我的心意，所以就这样选了这台车子。,内饰是这台车子表现比较突出的地方吧，我觉得在科技感方面比较强烈，而且在用料和做工方面都挑不出来什么毛病，整体的品质非常出色。,[续航],电耗比较值得表扬，最主要是它的续航能力很强，一开始比较担心需要三天两头的充电什么的，但是现在觉得充一次电可以维持十天左右的行程，上下班开着还是比较方便的,[空间],整台车子的空间还是不错的，不论是它的后备箱储物空间还是这台车子前后排的乘坐空间设计的都是比较合理的，前后排的间隔够大，对于我们家人来说，最高的其实就是我了，身高是1米718，我坐在后排其实也是能够翘着二郎腿的，所以对我们全家人来说，空间都是宽敞又舒适的。,[舒适],驾驶起来的舒适度蛮高的，这辆车有着与燃油车不同的感受，它比较平稳平顺，支撑性很到位，并且车子的减震效果挺好的，前段时间总会跑我们家附近没修好的烂路，石子坑洼什么的，那时的驾驶感受也不错。,[操控],转向准确，刹车灵敏，底盘很稳。并线辅助很智能，主动刹车可以避免追尾，安全性极高，买车最重要的就是安全系数要高。,javascript:;,展开全部,接送小孩
"
    发表于  2021-06    

      
        
    
    
",动力虽然不够四驱那样暴力，但是这车在日常使用中已经够用了，我也不是很追求动力，还是挺满意这个动力的！,https://image1.xcarimg.com/attachments/my/1/90/42/087_120.jpg,xuser1914208,三星会员,4.38,外观,5,内饰,4,续航,4,空间,5,舒适,4,动力,4,操控,4,性价比,5,购入信息,爱车车型,https://newcar.xcar.com.cn/m59942/,2021款唐EV改款 长续航版尊荣版,购入时间,2021/1/1,购车地点,济南乾城汽车贸易有限公司 [山东省],裸车价格,26.15万  (厂商指导价 27.95万),续航里程,355km,购入用途,爱车简评,内饰的整体布局还不错，但是没有什么豪华感和设计感，款式比较简洁大方，看起来稍微廉价了点，材质和用料比较一般，不过仔细想想这个价位买这样子的内饰也算不错了。,,爱车评价,,,,,,[最满意],最满意的就是这辆车子的电耗和续航能力了，一开始还比较担心需要经常充电什么的，但是实际体验下来觉得比较方便。,[外观],[不满意],我是颜值控，当时在网上看车就喜欢这个红色，加上这个外观造型续航选择的，悬浮式车顶贯穿的尾灯，还有前脸造型。运动轮毅外观非常大气，抓地力极强。,内饰部分的设计感和豪华感不足，看起来档次没那么高，我就会觉得有些遗憾，可能我本身比较注重这方面吧。,[动力],[性价比],[内饰],首先还是想尝试下新能源！外观，空间，操控，续航，4S店服务等都是我选择唐新能源的理由。,内饰都是满满的科技感觉吧，中间还有个大屏幕，功能也非常多，现在我还没研究透。按钮也是设计在比较方便的位置。,[续航],最是中意它的续航能力还有充电速度了。续航能够达到500公里，在新能源领域中还是比较出色的，日常使用我就一个星期冲一次。,[空间],车内的空间容量我觉得还可以，基本上就是一个普通的家用容量吧。坐四个人不会显得拥挤，如果坐五个人的话，那可能多少就会有一些不足了。后备箱的储物空间能满足家用需求了。,[舒适],电机的声音非常小了，晚上下晚班的时候路上车子比较少，我开唐空间安静得可怕，要是开点音乐基本上只有歌的声音了！,[操控],车子开起来还是比较稳的，车子也比较重，可能性因为电瓶重吧。所以开起这车来很有感觉，不会像开那种轻轻的日系车感觉飘飘的。,javascript:;,展开全部,购物
"
    发表于  2021-06    

      
        
    
    
",动力这一块在刚驾驶的时候。确实有一种令人想要惊艳的感觉，轻踩一脚油门，车身便迅速的启动，提速起来风驰电掣。,https://image1.xcarimg.com/attachments/my/1/90/42/074_120.jpg,xuser1914207,三星会员,4.5,外观,5,内饰,4,续航,5,空间,4,舒适,4,动力,4,操控,5,性价比,5,购入信息,爱车车型,https://newcar.xcar.com.cn/m59942/,2021款唐EV改款 长续航版尊荣版,购入时间,2021/1/1,购车地点,重庆市宝骏汽车销售有限公司 [重庆市],裸车价格,26.14万  (厂商指导价 27.95万),续航里程,354km,购入用途,爱车简评,外观设计得还是非常霸气的，很是符合我的审美，整车又大块，开路上感觉别人都怕我的车子一样。车前的黑大下巴也是真够大。,,爱车评价,,,,,,[最满意],当然就是它的续航能力了，还有就是它的外观了。,[外观],[不满意],外观看上去高大帅气，而且站在车身旁边的时候，能察觉到一种稳稳的安全感。,刚刚买车的时候车上异味比较重，还有就是觉得车子贵了点。,[动力],[性价比],[内饰],我最喜欢的就是它是新能源汽车，而且是纯电的，又可以省下许多的油钱，还能够保护环境呢！看了需要的新能源车，觉得这俩车的综合表现都比较优秀，所以就选择了唐！！,内饰的设计相对比较一般吧，毕竟是接近快30来万的车子，也可以买一些入门级别的豪车的，但是内饰的豪华程度却相差十万八千里。,[续航],续航我还是相当满意的，和官方实际给出的数据并没有太大的差距，平时跑个四百八九没有问题。,[空间],前排的驾驶位还是比较宽的，我自己开车坐上面头顶也还是有很多空间的。因为我们家人比较多，而且体型也比较大块一点儿，但是坐在后面也不会觉得很拥挤，我和家人也都很满意这个乘坐空间的！,[舒适],舒适性是一流的，空间够大，然后乘车的环境就足够安静，而且有接近四五百公里的续航，平时开空调也完全不用担心电量不够。,[操控],在同等级别的SUV里面，新能源的车子可能会稍微比较稳重一些，在高速行驶的时候不容易抖，但是转向这个问题确实是SUV的通病。,javascript:;,展开全部,接送小孩
"
    发表于  2021-06    

      
        
    
    
",提速快，起步稳重，日常开足够用了，稳稳当当的才是最重要与安全的，在高速上超车很轻松简单。,https://image1.xcarimg.com/attachments/my/1/90/42/068_120.jpg,xuser1914206,三星会员,4.75,外观,5,内饰,5,续航,4,空间,5,舒适,4,动力,5,操控,5,性价比,5,购入信息,爱车车型,https://newcar.xcar.com.cn/m59942/,2021款唐EV改款 长续航版尊荣版,购入时间,2021/1/1,购车地点,天津市路迪恒泰汽车销售有限公司 [天津市],裸车价格,26.13万  (厂商指导价 27.95万),续航里程,353km,购入用途,爱车简评,空间相当的满意，坐在这辆车上感觉非常的舒适，而且后备箱的容积也很不错，每次自驾游回来都能带上很多特产。,,爱车评价,,,,,,[最满意],觉得这辆车最出色的还是空间这一块吧，毕竟是一辆重型的SUV车长，达到了接近4米9，宽度也有两米左右，一家四口人坐在里面感觉就跟移动的头等舱一样舒服，视野通透，空间巨大，而且难能可贵的续航达到了快接近五百公里这辆车去同边城市进行自驾游，完全也不会有担忧电量不足的尴尬。,[外观],[不满意],外观的颜值是我对这辆车最偏爱的地方，大气豪华，时尚有气质，最喜欢它的前脸设计，这个外观开出去回头率贼高。,没有挡泥板，由于车轮相对车身宽一些，前轮很容易把泥甩在车门上，非常影响美观，如果有挡泥板就好了,[动力],[性价比],[内饰],自己从小就是个科幻迷，在选择这一块当然也是秉承着我以前一贯的审美风格，选择了新能源的汽车，然后在空间这一块自己的要求又比较高，像国外火热的特斯拉又是轿车款，所以说我把目光放在了我们自主品牌上，觉得比亚迪的唐EV，无论是空间还是续航里程，各方面都能满足我自己对车子的预期。,国产车的内饰都是比较有质感的，而且视觉冲击高，唐EV整车的质感可以说相当的高，而且材质也很不错，做工仔细，整体还算不错,[续航],这款车在续航能力方面非常强悍，和燃油车相比的话，充满一次可能没有加满一次油跑的远，但是在新能源汽车里，比亚迪唐的续航能力已经非常给力了，而且充电要比加油省太多钱了,[空间],车辆整体空间非常大，全家乘坐也依旧不局促。 男性178，头部还有一拳，腿部空间也不错，整体来说，前排，第二排空间都非常大，第三排空间略小，但也并不局促。日常五人以下出行，空间超大，七口人出行也可胜任,[舒适],车辆整体驾乘体验不错，非常舒适，长时间驾驶也没有出现不适。空调温度分前后两区控制，可以单独开户后排空调，大幅提升后排乘坐体验。图书馆级静谧座舱，名副其实，胎噪和风噪控制的都非常好,[操控],车辆操控性能良好，转弯刹车等环节控制出色。并线辅助大大提升了驾驶安全感，城市拥堵路段与高速路段均表现不错。方向盘转向精准，转弯半径对于这个大小的车来说相当可以。高速行驶，转弯时车身都很稳。,javascript:;,展开全部,接送小孩
"
    发表于  2021-06    

      
        
    
    
",动力十足，爆发感很强，驾驶起来很稳，四点五秒破百的动力，可以说同价位没有比唐更快的车了。,https://image1.xcarimg.com/attachments/my/1/90/42/062_120.jpg,xuser1914206,三星会员,4.38,外观,4,内饰,4,续航,4,空间,5,舒适,5,动力,4,操控,4,性价比,5,购入信息,爱车车型,https://newcar.xcar.com.cn/m59942/,2021款唐EV改款 长续航版尊荣版,购入时间,2021/1/1,购车地点,上海彤新汽车租赁服务有限公司 [上海市],裸车价格,26.12万  (厂商指导价 27.95万),续航里程,352km,购入用途,爱车简评,最满意的地方是它的颜值与续航能力，这车辆的颜值真的很高，是我喜欢的外形，很符合我的审美眼光，简约大气，造型时尚，一次充满电之后，光上下班的话，两天可以不用充电，所以续航能力还是挺强的,,爱车评价,,,,,,[最满意],爆发力十足，综合性能也很强大，相比同等价位的车，它很优秀。,[外观],[不满意],外观运动感十足，时尚感十足，车缝间做工也很细致完美，我喜欢。,储物空间不是很理想，不方便储物，不适合带着一大家子去旅游啥的，车身稍微有点长，每次停车有点吃力，但是扬长避短综合还是很理想的。,[动力],[性价比],[内饰],颜值高，空间大，最主要是家人喜欢！而且这辆车也符合我们全家人出行的需求，价格在我们的预算范围！,整体软包比较多，看起来比较上档次，车上的配置很多高科技，很强大。特别喜欢的就是这个档杆，看起来充满着科技感。,[续航],相比油车，我更倾向电车，性价比高，不管电车多么耗电，都比油车省钱，油车加一次油都够电车一个月的电费还有余，而且油车一个月还不止加一次油，看好新能源电车哦。,[空间],对于家里人口比较多的情况来说，开放7座的座位是很紧凑的，储物就不太理想，要是一家四口的，空间是很优越的，3个人葛优躺是可以实现的，第二排放倒睡个大觉是完全没问题，空间够够的。,[舒适],整体的舒适感还是非常不错的，座椅很软很舒服，车子的通行性也非常不错，就是隔音差点意思。,[操控],宽大的车身，扎实的底盘，对于经常行驶在高速上的驾驶者来说，安全指数很强大的，这一点让我很满意、很放心。,javascript:;,展开全部,接送小孩
"
    发表于  2021-06    

      
        
    
    
",整台车子的动力表现我觉得不错，平时在驾驶的过程中，我觉得它的油门响应非常的及时，所以我在超车和变道的时候，感觉车子特别的给力，而且我也感受了一下在跑高速时的他的动力情况，感觉没有什么困难的，还是非常有劲儿的,https://image1.xcarimg.com/attachments/my/1/90/38/143_120.jpg,gh1624170668,三星会员,4.25,外观,5,内饰,4,续航,4,空间,4,舒适,4,动力,4,操控,5,性价比,4,购入信息,爱车车型,https://newcar.xcar.com.cn/m59942/,2021款唐EV改款 长续航版尊荣版,购入时间,2021/1/1,购车地点,北京福铃景瑞新能源汽车销售有限公司 [北京市],裸车价格,26.11万  (厂商指导价 27.95万),续航里程,351km,购入用途,爱车简评,第一就是为了降低使用成本，第二的话就因为颜值高，而且空间大，所以就选择了。,,爱车评价,,,,,,[最满意],最满意的就是这台车子的整体性价比吧，这样的外观这样的配置以及这样的价格，我觉得真的是蛮不错的选择,[外观],[不满意],整台车子的外观造型我觉得还是挺不错的，尤其是车灯的设计，看起来挺有亮点的，还有就是车子的前脸造型，我觉得看上去也是十足的大气，非常的喜欢,我对这台车子目前不太满意的地方就是觉得他有的时候噪音挺大的，当时在试驾的时候，其实我没有发现这个问题，因为速度开的比较慢，只是后期在跑高速的时候，感觉噪音还是挺明显的,[动力],[性价比],[内饰],买这台车子也算是一个巧合吧，当时是陪朋友一起去看车的，他没有看中这台车子，但是我却喜欢上了这台车子，因为我觉得价位挺合适的，而且造型上又非常的吸引我，我看着觉得非常有眼缘，销售人员也是比较热情的，我觉得是一个物有所值的座驾,内饰的设计我觉得可以的，不管是颜色的搭配还是它材料的使用，我觉得都不错，在功能的配置上我也是有过一番考察的，觉得足够满足出行时的使用需求,[续航],这台车子的续航能力完全没有问题，因为我其实每天用车的时间也不算太长，主要就是上下班开这台车子比较多，所以完全能满足。,[空间],整台车子的空间我觉得还是没有问题的，尤其是它的乘坐空间设计是比较理想的，对于我身高1米75的人来说，不管坐在前排还是后排空间都是足够用的，而且我觉得后备箱设计的不错，开口比较宽，所以放一些大件物品的时候是特别轻松的,[舒适],整台车子的舒适性我觉得还是可以的，因为从乘坐的角度上来看，我觉得空间合适，而且座椅也不硬，包裹感特别的好，坐在车内的时候有一种非常放松的感觉，只是在驾驶的过程中，我觉得车子的胎噪声音比较明显，在市区的话没有什么影响，但是在跑高速的时候感觉会听到比较大的噪音,[操控],在操控性能上，我主要注重的是车子的刹车和油门的灵敏度，这台车子刹车油门表现非常的线性，反馈非常的及时，所以对我来说感觉是很安全的,javascript:;,展开全部,接送小孩
"
    发表于  2021-05    

      
        
    
    
",车子动力没有让人眼前一亮，只能说是中规中矩吧！虽然不是很迅猛，但是日常出行绝对够用！,https://image1.xcarimg.com/attachments/my/1/89/19/318_120.jpg,xuser1901931,白银长老,4.5,外观,5,内饰,5,续航,4,空间,4,舒适,5,动力,4,操控,5,性价比,4,购入信息,爱车车型,https://newcar.xcar.com.cn/m59941/,2021款唐EV改款 四驱高性能版尊荣型,购入时间,2021/3/1,购车地点,重庆隆源汽车贸易有限公司 [重庆市],裸车价格,28.2万  (厂商指导价 28.35万),续航里程,480km,购入用途,爱车简评,车子的外观和内饰都没有问题，空间也特别的大！一家人坐在里面很宽敞！非常喜欢这台车！,实拍图片,爱车评价,https://img1.xcarimg.com//review/20210507/8ba6d63071646e964aa825a8ae3aca08.png-169x127.jpg,https://img1.xcarimg.com//review/20210507/ef8f0a1254283db034aa888bfecddf82.png-169x127.jpg,,,,[最满意],家里有两个小孩，加上两位老人和老婆，一家人坐在里面富富有余，不显得拥挤，外形也超赞！符合我的审美！,[外观],[不满意],车子的外观很有新意，其中添加了很多时尚的元素，比如大灯的形状就非常酷！银色的线条装饰很亮眼！,要说哪里不太满意？我觉得是买车时候赠品给的太少了，其余的就没有不满意的地方了！,[动力],[性价比],[内饰],车子没有噪音，静音效果好，性价比高！我真的是太喜欢了！,内饰的风格我很喜欢，简单清爽，没有复杂的感觉，比较干净！中控区的设计很容易清理！,[续航],我觉得它的续航特别强，至少在县城里跑的时候状态很不错，充满电都能坚持十天左右吧！,[空间],空间不错，前排座椅够大，我身高一米八坐在里面毫无压力，后排的座位也宽敞！,[舒适],舒适性能满分！坐在里面视野很开阔，而且车子的座椅柔软程度刚刚好，减震效果也很棒！,[操控],操控感受还是很好的！之前没有开过电动车，感觉这台车的方向盘比燃油车还灵活！没有虚位！,javascript:;,展开全部,上班
"
    发表于  2021-05    

            
    
    
",动力强劲，加速迅猛！提速到百公里也就七八秒吧！不输给那些燃油车！,https://image1.xcarimg.com/attachments/my/1/89/24/398_120.jpg,xuser1902439,白银长老,4.38,外观,5,内饰,4,续航,4,空间,5,舒适,5,动力,4,操控,4,性价比,4,购入信息,爱车车型,https://newcar.xcar.com.cn/m59941/,2021款唐EV改款 四驱高性能版尊荣型,购入时间,2021/4/1,购车地点,沧州市骏驰汽车销售有限公司 [河北省],裸车价格,28.2万  (厂商指导价 28.35万),续航里程,480km,购入用途,爱车简评,其实我一开始并没有想买这款车，但是到了4S店之后发现属它最漂亮，经不住它的高颜值诱惑，所以就买了！,实拍图片,爱车评价,https://img1.xcarimg.com//review/20210507/401a9b122aab7df9583f55550df5457c.png-169x127.jpg,https://img1.xcarimg.com//review/20210507/5995d0dbe6d6e93f2d6cb83d842a5930.png-169x127.jpg,,,,[最满意],驾驶感受很不错！最重要的就是够漂亮，开出去的时候倍儿有面子！朋友们都夸它颜值不输给豪车！,[外观],[不满意],外观还是很让人心动的，我当初也算是对它一见钟情了哈哈！流畅的线条设计很优雅自然！,车子和人似的，没有十全十美，它的内饰对比外观就显得简陋多了！不是我喜欢的豪华风格！,[动力],[性价比],[内饰],总体来说，这款比亚迪唐EV的性价比非常高！我已经推荐给自己的好兄弟了哈哈！,内饰简单大方，没有什么创新的元素，但是选材和做工都比较用心，算是加分项吧！,[续航],续航也还OK！我平时开车都是上下班，充完电之后坚持7-10天还是很轻松的哈哈！,[空间],空间感不错，布局合理，前排座椅宽敞，后排的空间也很大，后备箱放三个行李箱没有压力！,[舒适],舒适性能出色，我非常喜欢坐在车里的感觉，就好像是坐在真皮沙发上一样放松！,[操控],操控感受可以打满分！尤其是要重点说一说它的方向盘，容易控制，精准度高！,https://newcar.xcar.com.cn/4242/review/comment-408938.html,展开全部,上班
"
    发表于  2021-05    

      
        
    
    
",我觉得比亚迪车子的动力都很强，这台车也是如此！虽说是电动，但是跑起来也很快！,https://image1.xcarimg.com/attachments/my/1/89/24/399_120.jpg,xuser1902439,白银长老,4.63,外观,5,内饰,5,续航,4,空间,4,舒适,5,动力,5,操控,5,性价比,4,购入信息,爱车车型,https://newcar.xcar.com.cn/m59941/,2021款唐EV改款 四驱高性能版尊荣型,购入时间,2021/4/1,购车地点,威海市正安汽车销售有限公司 [山东省],裸车价格,28.15万  (厂商指导价 28.35万),续航里程,480km,购入用途,爱车简评,比亚迪是我特信赖的一个牌子，之前家里的车都买的比亚迪，抗造！性价比高！售后给力！,实拍图片,爱车评价,https://img1.xcarimg.com//review/20210507/aa30c56be375ad075b2acd25b06fbb1b.png-169x127.jpg,https://img1.xcarimg.com//review/20210507/70622476b3c9a085580dd268c5b8cb30.png-169x127.jpg,,,,[最满意],支持国产！我觉得这台比亚迪不比那些国外的豪车差！性能很强！外观也十分漂亮！,[外观],[不满意],外观自然是无话可说！一个字形容，那就是“酷”！流线设计的尾灯十分醒目，夜晚开车更抢眼！,看来看去也没有发现不满意的地方，各方面我都很喜欢，觉得每个地方都十分满意！,[动力],[性价比],[内饰],性价比也算是非常高了，至少对比同价位的车子，它的功能更多，辅助驾驶更安全！,我觉得内饰还好吧，走的是简约路线，虽说少了创新元素，但是做工都比较精致到位。,[续航],续航够用了，我平时大部分时间都在县城开车，上下班来回才30公里，这台车充满电足够我跑10天！,[空间],空间比较大，毕竟是中型SUV，平时坐六个人也没有什么问题！后备箱能够放一些日用品，挺大的！,[舒适],车子舒适性能高，座椅的填充物也比较好，支撑性强，开的时间再久也不会感觉腰酸！,[操控],像我这种菜鸟级的司机都能轻松操控，可见它是非常容易上手的一款车，方向盘很准！,javascript:;,展开全部,上班
"
    发表于  2021-05    

      
        
    
    
",我觉得车子动力表现算是可以的，之前也没有想到动力和燃油车不相上下。,https://image1.xcarimg.com/attachments/my/1/89/24/403_120.jpg,xuser1902440,青铜长老,4.63,外观,5,内饰,4,续航,4,空间,5,舒适,4,动力,5,操控,5,性价比,5,购入信息,爱车车型,https://newcar.xcar.com.cn/m59941/,2021款唐EV改款 四驱高性能版尊荣型,购入时间,2021/4/1,购车地点,吉林市平远汽车经销有限公司 [吉林省],裸车价格,28.1万  (厂商指导价 28.35万),续航里程,480km,购入用途,爱车简评,一直都很喜欢这台车，五一节前搞活动拿下了！非常满意它的造型，太酷啦！开出去很有面子！,实拍图片,爱车评价,https://img1.xcarimg.com//review/20210507/a80bbdcd95b648c0ec14eb9dea433622.png-169x127.jpg,https://img1.xcarimg.com//review/20210507/46ffe610208a26eef9f6035de1bc7deb.png-169x127.jpg,,,,[最满意],我是一个妥妥的颜值控，觉得这台车的造型很时尚，我很喜欢，内饰也算OK，驾驶感受也很好！,[外观],[不满意],外观特别酷，非常适合我这种喜欢运动的男孩，它的格栅显得很年轻，尾部也很饱满，车身线条流畅！,要问我不满意这台车哪方面？我觉得应该就是它的续航能力了吧，没有太大惊喜，表现一般吧！,[动力],[性价比],[内饰],开了几个月了，感觉它的性价比还是很高的！至少没有让我觉得太失望！,内饰不能说百分百满意，但是给个九十分还是可以的！美中不足的应该是新车异味的问题吧！,[续航],要说这车的续航，明显是不如燃油车，但是它足够省钱呀！还有就是跑四百公里足够日常外出了！,[空间],空间表现一般吧！我不太注意这一方面，因为大部分时间都是我和女朋友两个人一起出去！,[舒适],车子舒适度高，座椅柔软，支撑性好，空间大，减震调校很给力，过弯路的时候也非常稳！,[操控],我觉得这台车最大的操控优势就是它的方向盘设计，轻盈无虚位，轻松上手！,javascript:;,展开全部,上班
"
    发表于  2021-05    

            
    
    
",动力我也很满意，开车的时候偶尔也会超车，一脚油门就过去了，加速快，比较稳！,https://image1.xcarimg.com/attachments/my/1/89/24/404_120.jpg,xuser1902440,白银长老,4.88,外观,5,内饰,4,续航,5,空间,5,舒适,5,动力,5,操控,5,性价比,5,购入信息,爱车车型,https://newcar.xcar.com.cn/m59941/,2021款唐EV改款 四驱高性能版尊荣型,购入时间,2021/4/1,购车地点,福建省国安锦轮汽车贸易有限责任公司 [福建省],裸车价格,28.25万  (厂商指导价 28.35万),续航里程,480km,购入用途,爱车简评,观察这台车已经很久了，非常喜欢它的造型，之所以入手很大原因就是它的外观够绚丽！,实拍图片,爱车评价,https://img1.xcarimg.com//review/20210507/0af37a57abc1e8a309c3637166c1f124.png-169x127.jpg,https://img1.xcarimg.com//review/20210507/d76710c57d1433281dab5ae094abce83.png-169x127.jpg,,,,[最满意],蓝色的车身看起来帅气十足，整体线条流畅，饱满的尾部设计让车子更有高大上的感觉！,[外观],[不满意],外观我和老婆都非常喜欢，属于那种运动活力风，车漆特别亮，和那些豪车相比差不了多少！,不满意的应该是这台车的价格吧，作为电动车，价格竟然要二十多万，买的时候有一点心疼哎！,[动力],[性价比],[内饰],我觉得它性价比是真的很高，比我之前那台大众好开太多了！我非常喜欢！,我感觉它的内饰设计很优雅，线条也比较自然，接缝处做的也很好，中控区设计合理！,[续航],续航算是很能跑了，充满电之后坚持480公里问题不大，上高速之后也跑的非常快！,[空间],我觉得它的空间非常大，坐五六个人都可以，后备的座椅也非常宽敞，不会拥挤更不会有压迫感！,[舒适],对于经常开车的我来说，这台车的舒适表现很不错！开着它的时候特别放松，主要是因为座椅软硬刚刚好！,[操控],操控感受算是同价位中比较好的吧！至少我现在还没有开过比它更好的电动车呢！,https://newcar.xcar.com.cn/4242/review/comment-408935.html,展开全部,上班
"
    发表于  2021-05    

      
        
    
    
",感觉这台车动力还是很强悍的，开车出门各种路段我都能轻松应对，上坡也很简单！,https://image1.xcarimg.com/attachments/my/1/89/24/406_120.jpg,xuser1902440,白银长老,4.38,外观,5,内饰,4,续航,5,空间,5,舒适,4,动力,4,操控,4,性价比,4,购入信息,爱车车型,https://newcar.xcar.com.cn/m59941/,2021款唐EV改款 四驱高性能版尊荣型,购入时间,2021/4/1,购车地点,青岛仕通达汽车销售服务有限公司 [山东省],裸车价格,28.2万  (厂商指导价 28.35万),续航里程,485km,购入用途,爱车简评,作为一款中型SUV，这款比亚迪唐EV的空间非常给力，驾驶感受也让我十分惊喜！,实拍图片,爱车评价,https://img1.xcarimg.com//review/20210507/7e868cd7630e765a74b80739771ff908.png-169x127.jpg,https://img1.xcarimg.com//review/20210507/4700eff3f680bfd8bf04483866c09a20.png-169x127.jpg,,,,[最满意],因为家里人比较多，所以很久之前就打算买一款中型的SUV，坐着更方便，这台车的空间能够满足我们一家人的出行需求！,[外观],[不满意],外观没有什么可以挑剔的地方，各个角度看都非常完美，尤其是它的大灯设计，看起来很酷！,感觉这台车的内饰设计有一点简陋，并没有想象中那么豪华，可能是我的要求太高吧！,[动力],[性价比],[内饰],感觉这台车性价比非常高，而且我越来越喜欢开着它外出的那种感觉了！,内饰是很简单的那种类型，做工还算可以，但是缺少创新的元素，其他的就没有什么可说了！,[续航],续航还可以吧，没有像燃油车一样跑的那么远，但是坚持485公里是没有问题的！,[空间],空间很大！我们家里六口人坐在车里不会显得挤，还算挺满意的，而且后备箱容量大！,[舒适],车子的舒适性能很不错，开车外出的时候不会疲惫，因为座椅很柔软，空间大视野好！,[操控],操控感受算是比较好的吧，方向盘真的很轻盈，而且容易掌控，不会有虚位！特别适合新手驾驶！,javascript:;,展开全部,上班
"
    发表于  2021-05    

            
    
    
",动力还是挺不错的，我非常满意，美中不足的应该就是在高速公路上的时候跑起来有一点费劲吧！,https://image1.xcarimg.com/attachments/my/1/89/24/409_120.jpg,xuser1902440,白银长老,4.63,外观,5,内饰,5,续航,4,空间,4,舒适,4,动力,5,操控,5,性价比,5,购入信息,爱车车型,https://newcar.xcar.com.cn/m59941/,2021款唐EV改款 四驱高性能版尊荣型,购入时间,2021/3/1,购车地点,重庆市宝骏汽车销售有限公司 [重庆市],裸车价格,28.2万  (厂商指导价 28.35万),续航里程,480km,购入用途,爱车简评,车子的造型非常时尚，远远看上去酷帅十足，续航能力也比较好，我很满意！,实拍图片,爱车评价,https://img1.xcarimg.com//review/20210507/62afd80bef7906937017846c6e8dd886.png-169x127.jpg,https://img1.xcarimg.com//review/20210507/424309177643b88e26f7b2fcd6060ff1.png-169x127.jpg,,,,[最满意],这是一台非常节能环保的车子，虽说是电动续航，却不比燃油车差，驾驶感受很好！,[外观],[不满意],外观很大方简约，银色的线条装饰设计让这台车看上去更有质感，车身漆面光泽度也很高！,感觉车子跑高速的时候动力有一点弱，不太能跟得上，可能是我操作的问题吧？后续会继续观察的！,[动力],[性价比],[内饰],感觉这台比亚迪的性价比非常高，没有让我失望，整体的感觉很不错！,我非常喜欢这种简约的内饰，设计清爽，没有复杂凌乱的感觉，其中的功能也比较多！算是性价比很高！,[续航],续航完全出乎我的意料，没有想到电动车竟然可以一口气跑这么远！四百多公里的续航足够我用了！,[空间],车子内部空间比较大，布局设计也很合理，前排的腿部空间很大，能够自由伸展，不会显得很憋屈。,[舒适],这台车具有很高的舒适性，对比其他的电动车，它的减震效果更好，也比较安静，没有噪音！,[操控],要说这台车操控感，我必须要夸一夸它的方向盘，具有很高的精准度，车子的刹车也很灵！,https://newcar.xcar.com.cn/4242/review/comment-408933.html,展开全部,上班
"
    发表于  2021-05    

            
    
    
",动力还是蛮强的，我之前开过燃油车，感觉动力和它差不多！跑起来的时候特别有劲儿！,https://image1.xcarimg.com/attachments/my/1/89/24/410_120.jpg,xuser1902441,白银长老,4.5,外观,5,内饰,4,续航,4,空间,4,舒适,5,动力,5,操控,5,性价比,4,购入信息,爱车车型,https://newcar.xcar.com.cn/m59941/,2021款唐EV改款 四驱高性能版尊荣型,购入时间,2021/3/1,购车地点,天津环耀汽车销售服务有限公司 [天津市],裸车价格,28.3万  (厂商指导价 28.35万),续航里程,480km,购入用途,爱车简评,买车之前就已经考察过其他品牌的车子了，转了好几圈，最终还是决定买了比亚迪这台新能源车，综合评分很高，在我心里它还是非常完美的！,实拍图片,爱车评价,https://img1.xcarimg.com//review/20210507/c447eef6aa870ac30c9f1fc105d6f33b.jpg-169x127.jpg,https://img1.xcarimg.com//review/20210507/cb2572da7472e4fcb4bbd476b8dc705f.jpg-169x127.jpg,,,,[最满意],车子颜值特别高，对比同款价位的车子，它的外观应该算是数一数二的，特别漂亮。,[外观],[不满意],车子的外观还是很不错的，非常具有年轻时尚的气息，造型别致，原创设计符合年轻人的审美。,刚买车的时候，内饰有一古怪味道，后来过了几天味道就逐渐消散了。感觉不适很环保啊！,[动力],[性价比],[内饰],我感觉它有着很高的性价比，和同价位的电动车相比，它的功能更多一些！,内饰不错，不管是设计风格，还是功能配置我都非常满意，简约大方的设计让人感觉更清爽。,[续航],车子续航很厉害，我充完电之火能跑400多公里，和官方说的数据没有差太多！,[空间],空间很大，不管是它的后备箱还是前排座椅都很宽敞，日常外出够用了！,[舒适],舒适度也是很棒的！座椅材质好，所以坐上去就很舒服！空间大没有压迫感！,[操控],车子的方向盘精准度高，非常灵活，操作过程中没有虚位，能够放心驾驶。,https://newcar.xcar.com.cn/4242/review/comment-408931.html,展开全部,上班
"
    发表于  2021-05    

            
    
    
",感觉这台车动力很足，不管是在便道还是在高速表现都很好，跑起来不会慢吞吞的！,https://image1.xcarimg.com/attachments/my/1/88/39/440_120.jpg,xuser1893944,白银长老,4.5,外观,5,内饰,5,续航,5,空间,5,舒适,4,动力,4,操控,4,性价比,4,购入信息,爱车车型,https://newcar.xcar.com.cn/m59941/,2021款唐EV改款 四驱高性能版尊荣型,购入时间,2021/3/1,购车地点,齐齐哈尔粤华远通汽车销售有限公司 [黑龙江省],裸车价格,28.3万  (厂商指导价 28.35万),续航里程,480km,购入用途,爱车简评,车子提速非常快，而且它的外观设计也比较新颖，具有很多的创新元素，我很喜欢！,实拍图片,爱车评价,https://img1.xcarimg.com//review/20210507/7604d76f49e8713956b4bee3325e232d.jpg-169x127.jpg,https://img1.xcarimg.com//review/20210507/303d0e89215b20723a4a3c4c47f03c9f.jpg-169x127.jpg,,,,[最满意],刚开始买车主要是为了接送小孩方便一些，后来发现车子驾驶感受超棒，现在就连上班我都会开！颜值也好酷呀！,[外观],[不满意],我感觉车子外观特别酷炫，很多细节做的都很用心，轮毂的造型也非常时尚，看起来很年轻充满活力！,虽然这台车的价格有一点小贵，但是整体都算是很满意的，没有啥缺点，反正我是没有发现呢！,[动力],[性价比],[内饰],性价比没得挑，我觉得开过它的人应该都会很喜欢它吧，外观看起来也很高端！,车子的内饰清新脱俗，看起来非常的优雅，虽然没有什么创新元素，但是布局却很好！,[续航],续航挺好的，我之前开过一款电动车，续航连200公里都不到，这台车足足是它的两倍多！,[空间],我们家里一共有四口人，坐在车里还有很多富裕空间，感觉它的空间表现真的很棒！,[舒适],舒适度没的说，座椅软硬适中，其中的气味也比较清新，没有异味，空调效果好，减震不错！,[操控],车子的操控感完胜我的燃油小轿车，自从买了它就没有开过燃油车了，很喜欢它的方向盘手感！,https://newcar.xcar.com.cn/4242/review/comment-408929.html,展开全部,上班
"
    发表于  2021-05    

            
    
    
",动力还算可以吧，属于中上等了，别小看电动车呀，双电机四驱效果还是很不错的！,https://image1.xcarimg.com/attachments/my/1/88/39/443_120.jpg,xuser1893944,白银长老,4.63,外观,5,内饰,5,续航,5,空间,4,舒适,4,动力,5,操控,5,性价比,4,购入信息,爱车车型,https://newcar.xcar.com.cn/m59941/,2021款唐EV改款 四驱高性能版尊荣型,购入时间,2021/3/1,购车地点,沧州市骏驰汽车销售有限公司 [河北省],裸车价格,28.2万  (厂商指导价 28.35万),续航里程,480km,购入用途,爱车简评,车子的造型非常时尚，属于那种活力运动风，内饰的材质很好，做工细腻，性价比超高！,实拍图片,爱车评价,https://img1.xcarimg.com//review/20210507/78b0b0130e136b523fde2818126431ef.jpg-169x127.jpg,https://img1.xcarimg.com//review/20210507/a668c2e7710e1bca80d66e5ea7e1238c.jpg-169x127.jpg,,,,[最满意],对于我来说二十多万也不算小数目，但是这台车却让我觉得很超值，各方面都不错，颜值最有优势！,[外观],[不满意],我觉得它的外观应该算是同价位车里面最酷炫的！前脸造型十分立体有活力，充满生机很年轻！,车子平时的表现都很好，可是在高速公路上的时候会有异响，可能是胎噪吧，这一点不是很满意！,[动力],[性价比],[内饰],简而言之，这台车性价比非常高，如果大家也喜欢中型的SUV可以考虑入手！,内饰低调大气，虽说没有花里胡哨的装饰元素，但是却让人感觉十分清爽，不凌乱。,[续航],这台车的续航能力还是很不错的，整体表现让人很惊喜，充满电之后能跑四百多公里。,[空间],空间大，不管是座位的空间还是后备箱的空间我都很满意，后排座三个成年人毫无压力！,[舒适],我觉得它的舒适度还是很高的，尤其是座椅的柔软程度，刚刚好，坐的再久也不会累！,[操控],操控感受没有我想象中那么差，开起来很顺手，方向盘灵活易掌握，没有啥虚位！,https://newcar.xcar.com.cn/4242/review/comment-408923.html,展开全部,上班
"
    发表于  2021-05    

            
    
    
",车子的动力强，提速非常快，上坡的时候也比较轻松，加油没有任何挫顿感！,https://image1.xcarimg.com/attachments/my/1/88/39/446_120.jpg,xuser1893944,白银长老,5,外观,5,内饰,5,续航,5,空间,5,舒适,5,动力,5,操控,5,性价比,5,购入信息,爱车车型,https://newcar.xcar.com.cn/m59941/,2021款唐EV改款 四驱高性能版尊荣型,购入时间,2021/2/1,购车地点,衡水鑫和世家汽贸有限公司 [河北省],裸车价格,28.35万  (厂商指导价 28.35万),续航里程,475km,购入用途,爱车简评,平时上下班挤公交实在是太麻烦了，买了这款车既方便又省钱，非常喜欢！,实拍图片,爱车评价,https://img1.xcarimg.com//review/20210507/5e7aaae13529dff51b37dac9a71d1d55.jpg-169x127.jpg,https://img1.xcarimg.com//review/20210507/f0916ed3b59ec05c3339a4fe4c20e55d.jpg-169x127.jpg,,,,[最满意],买这台车之前做过很多调查，觉得还是它最好，首先就是续航能力比较强，其次就是颜值很高。,[外观],[不满意],车子外观没毛病，越看越喜欢，整体造型非常酷炫，还有就是车漆博厚均匀，上档次。,买车的时候赠品太少了，而且感觉工作人员的态度不是很高，这一点不是很满意！,[动力],[性价比],[内饰],买这台车已经快要四个月了，感觉很不错，性价比高，非常值得入手，喜欢的兄弟们赶紧行动起来！哈哈！,内饰简约不简单，大气有内涵，功能很多，中控区的大屏设计看起来更加方便！,[续航],续航也算是很出色的一个方面，我开车在市区跑，充满电可以坚持10天左右吧！,[空间],我觉得空间特别大，我身高一米八，坐在前排很宽敞，头顶也不会感觉压得慌。,[舒适],舒适度一百分吧！我很满意，因为空间大，所以很舒心，也没有异味，开着很畅快！,[操控],虽然是电动车，但是整体操控感受不比燃油车差啊，很好开，非常灵活的一款车！,https://newcar.xcar.com.cn/4242/review/comment-408919.html,展开全部,上班
"
    发表于  2021-05    

            
    
    
",动力不错，开车出门可以通过各种各样的路段，即使是走一些坑洼路段也不担心会颠簸！,https://image1.xcarimg.com/attachments/my/1/88/39/448_120.jpg,xuser1893944,白银长老,4.75,外观,5,内饰,5,续航,4,空间,4,舒适,5,动力,5,操控,5,性价比,5,购入信息,爱车车型,https://newcar.xcar.com.cn/m59941/,2021款唐EV改款 四驱高性能版尊荣型,购入时间,2021/2/1,购车地点,天津市路迪恒泰汽车销售有限公司 [天津市],裸车价格,28.3万  (厂商指导价 28.35万),续航里程,485km,购入用途,爱车简评,我对这台车几乎是一见钟情，真的特别喜欢它的外观设计，内饰的风格也不错！,实拍图片,爱车评价,https://img1.xcarimg.com//review/20210507/f16cbdff6da678f7ec7cada453c27a51.jpg-169x127.jpg,https://img1.xcarimg.com//review/20210507/2533553523397b847de4e46cdb47814b.jpg-169x127.jpg,,,,[最满意],要说最喜欢的地方，感觉就是它的外观了，属于耐看型，整体设计风格偏向于简约运动风！,[外观],[不满意],外观OK！大气时尚有派头，造型很别致，开出去辨识度非常高，车漆很亮，线条流畅，充满活力！,车子不算十全十美，因为它的内饰有一些异味，可能是新车的缘故吧，现在已经差多了！,[动力],[性价比],[内饰],车子的性价比很高，这一点毋庸置疑，开得越久就觉得它越超值！非常喜欢！,我觉得它的内饰还是很不错的，其中的设计风格很简约，美中不足的就是异味，新车需要通风几天。,[续航],车子续航一点都不差，开了将近一个月了，充电也就两三次吧，感觉续航挺强的！,[空间],空间还可以，我对于这个没有什么要求，毕竟大多数时候都是我一个人开车的，后备箱很大。,[舒适],我感觉这台车的视野开阔，座椅舒适，静音效果也不错！没有胎噪。,[操控],操控感受果然没有让我失望，方向盘精准，没有虚位，容易掌控，刹车也比较灵敏！,https://newcar.xcar.com.cn/4242/review/comment-408916.html,展开全部,上班
"
    发表于  2021-05    

      
        
    
    
",动力OK，开起来还是非常迅敏有劲儿的！别看车身很大，其实跑起来还是挺灵巧的！,https://image1.xcarimg.com/attachments/my/1/88/39/451_120.jpg,xuser1893945,白银长老,4.75,外观,5,内饰,4,续航,4,空间,5,舒适,5,动力,5,操控,5,性价比,5,购入信息,爱车车型,https://newcar.xcar.com.cn/m59941/,2021款唐EV改款 四驱高性能版尊荣型,购入时间,2021/4/1,购车地点,秦皇岛机电比亚迪汽车销售服务有限公司（比亚迪） [河北省],裸车价格,28.2万  (厂商指导价 28.35万),续航里程,480km,购入用途,爱车简评,车子的内饰材质非常好，没有异味，这一点我特别满意，感觉非常环保！,实拍图片,爱车评价,https://img1.xcarimg.com//review/20210507/bccef21b7350965713d18171c8d2b34f.jpg-169x127.jpg,https://img1.xcarimg.com//review/20210507/d791b93e356fcb163ff6ef2dbbbb087c.jpg-169x127.jpg,,,,[最满意],这是一台新能源车，不仅省油省钱，还非常环保！开车出去也算是为环保事业献一份力量了！,[外观],[不满意],外观还不错吧，算是比较年轻的风格，时尚流畅的线条设计，更有活力，充满运动风，非常满意！,感觉车子的静音效果不是很好，尤其是上高速的时候，胎噪比较严重，打开音响才能掩盖胎噪。,[动力],[性价比],[内饰],感觉比亚迪算是一个很靠谱的品牌，这台车性价比很高！开出去也很有面子！,车子内饰的材质比较好，没有奇怪的味道，还有就是功能很多，用起来特别的方便顺手！,[续航],续航也不错，一口气跑300公里毫无问题，总续航能达到480，和官方数据差不多，挺厉害的！,[空间],这台车的后备箱非常大，平时我外出进货很方便，能够拉很多衣服回来，座椅很大。,[舒适],舒适度还算可以吧，我对于这个没有什么太高的要求，只要开车的时候不是很颠就行。,[操控],对比之前开过的燃油车，我认为它的操控感受是最好的，没有负担，开车过程更放心！,javascript:;,展开全部,上班
"
    发表于  2021-05    

            
    
    
",动力强悍，上坡的时候也不用猛加油，只要轻轻一脚油门就能度过斜坡了，还是非常厉害的！,https://image1.xcarimg.com/attachments/my/1/88/39/456_120.jpg,xuser1893945,白银长老,4.88,外观,5,内饰,5,续航,5,空间,5,舒适,4,动力,5,操控,5,性价比,5,购入信息,爱车车型,https://newcar.xcar.com.cn/m59941/,2021款唐EV改款 四驱高性能版尊荣型,购入时间,2021/4/1,购车地点,邢台和信汽车贸易有限公司 [河北省],裸车价格,28.23万  (厂商指导价 28.35万),续航里程,480km,购入用途,爱车简评,特别喜欢这台车的内饰设计，干净利落，看起来很清爽，驾驶感受也超赞呀！,实拍图片,爱车评价,https://img1.xcarimg.com//review/20210507/7510fdbe04e265f817edc71ad9792a7c.jpg-169x127.jpg,https://img1.xcarimg.com//review/20210507/e133de762fd1164df86d147e191a4985.jpg-169x127.jpg,,,,[最满意],平时上下班都会开，驾驶感受不错，内饰的设计我也很满意，属于高端大气的简约风！,[外观],[不满意],外观还算可以吧，具有很多的创新元素，前脸设计很高端，富有科技感，尾部也比较圆润！,感觉车子在高速公路上会有胎噪，虽然不太明显，但是这也算是一个缺点吧！,[动力],[性价比],[内饰],这台车性价比没的说，非常适合我这种新手，算是很值的一款车了！,感觉这台车的内饰设计还是很大方迷人的，至少我和身边的朋友都非常喜欢，功能也非常多！,[续航],车子续航没有毛病，开起来能够轻松跑个三四百公里，即使没有达到官方给出的505，但也算不错了！,[空间],感觉这台车的空间还是非常大的，尤其是前排座椅很宽敞，腿部也有很大的空间，开车不会觉得束缚。,[舒适],舒适度一百分吧！感觉这台车的座椅材料很不错！所以坐上去非常舒服，不会软踏踏的，腰部支撑效果好！,[操控],我之前也开过一些其他的车子，感觉都没有这台车的操控性好，尤其是方向盘，特别准！,https://newcar.xcar.com.cn/4242/review/comment-408910.html,展开全部,上班
"
    发表于  2021-05    

            
    
    
",动力强，适应各种路面，即使是走一些山路也没有任何问题！总体感觉不错！,https://image1.xcarimg.com/attachments/my/1/88/39/462_120.jpg,xuser1893946,白银长老,4.63,外观,5,内饰,5,续航,4,空间,5,舒适,5,动力,5,操控,4,性价比,4,购入信息,爱车车型,https://newcar.xcar.com.cn/m59941/,2021款唐EV改款 四驱高性能版尊荣型,购入时间,2021/3/1,购车地点,河北兴迪汽车销售有限公司 [河北省],裸车价格,28.2万  (厂商指导价 28.35万),续航里程,480km,购入用途,爱车简评,我很喜欢这台车的操控感受，转向精准，刹车油门都很灵敏！而且它的外观也非常漂亮！,实拍图片,爱车评价,https://img1.xcarimg.com//review/20210507/bac97522e54329f1766d7ea19f9e7559.jpg-169x127.jpg,https://img1.xcarimg.com//review/20210507/cbda555ae51132818c83c66a48d3012f.jpg-169x127.jpg,,,,[最满意],平时外出都会开这台车，感觉它的操控感受非常好！外观时尚大方，符合我的审美眼光！,[外观],[不满意],说起这台车的外观，用一个词语总结就可以，那就是“高大上”！怎么看怎么好看的那种！,不满意的地方应该就是价格有一点贵吧！可能是因为刚推出没多久吧所以没有什么优惠，不过配置还算可以！,[动力],[性价比],[内饰],车子有着很高的性价比，说起来比亚迪也算是大品牌了，值得信赖！,内饰还不错，做工精细，而且用的材料也比较环保，虽然是新车但是也没有什么异味。,[续航],车子的续航我很满意，跑四百公里没有任何问题，算是电动车里续航比较久的了！,[空间],车子的空间很大，前排和后排座椅都比较宽敞，还有就是后备箱能容纳很多东西！,[舒适],我觉得这台车的舒适度非常高，座椅很柔软，减震效果不错，没有什么噪音！,[操控],我觉得它是一台非常好开的车子，能够轻松驾驭，灵活，快速，方向盘无虚位。,https://newcar.xcar.com.cn/4242/review/comment-408908.html,展开全部,上班
"
    发表于  2021-05    

            
    
    
",动力表现也不错，和我之前开过的那台燃油车差不了太多，加速也会有推背感，提速的时候很快，百公里也就七八秒吧，算是非常厉害了！,https://image1.xcarimg.com/attachments/my/1/88/39/469_120.jpg,xuser1893946,白银长老,4.75,外观,5,内饰,5,续航,5,空间,5,舒适,5,动力,5,操控,4,性价比,4,购入信息,爱车车型,https://newcar.xcar.com.cn/m59941/,2021款唐EV改款 四驱高性能版尊荣型,购入时间,2021/4/1,购车地点,河北兴迪汽车销售有限公司 [河北省],裸车价格,28.25万  (厂商指导价 28.35万),续航里程,480km,购入用途,爱车简评,这台车续航不错，跑着很有劲儿，虽说是电动车但是动力强劲，不输给某些燃油车！,实拍图片,爱车评价,https://img1.xcarimg.com//review/20210507/c1a3edfbf3cfedc37c6cbdbd89c1bdb6.jpg-169x127.jpg,https://img1.xcarimg.com//review/20210507/2802b49bb1056fc64d67b26fe86f93c8.jpg-169x127.jpg,https://img1.xcarimg.com//review/20210507/7458dfb6b416f8ddc1d5cff97456e9b7.jpg-169x127.jpg,https://img1.xcarimg.com//review/20210507/b6ed3089a1700193140d8a4b97e296f2.jpg-169x127.jpg,https://img1.xcarimg.com//review/20210507/cde9b5c702b2716992e3b74cc852a1cc.jpg-169x127.jpg,[最满意],接送小孩子特别方便，因为是新能源车，所以出门的时候都会开，跑的再远也不担心费油了，要比之前开燃油车省不少钱呢！还有就是车子的外观我也特别满意，看起来很醒目，开出去感觉自己是街上最靓的仔。,[外观],[不满意],我买的是红色款的车子，非常亮眼，适合女性，平时开车出门，身边的好姐妹也都对它赞不绝口。它的线条流畅优雅，前脸也很时尚，整台车的辨识度很高，门上面还有一些凹凸设计，看起来更加立体，带有一点科技感！,怎么说呢，买这台车还不到三个月呢，缺点真的没有发现，感觉各方面都是很满意的，尤其是外观和内饰的设计，完全就是为我量身打造的那种感觉，功能丰富。驾驶感受我也很喜欢。,[动力],[性价比],[内饰],这台比亚迪的性价比还是非常高的，开得越久就越喜欢它了！尤其是它的高颜值，真的是越看越帅气！,内饰也是我非常喜欢的那种简约风，看起来不会显得杂乱无章，它的中控设计也很给力，大屏用起来很方便，只要轻轻一瞥就可以看到上面的字了。空调效果我也非常满意，不管是制冷还是制热都非常快！,[续航],买车一个多月了，感觉它的续航很不错，期间冲过两次电，基本上就是跑10天充一次吧。整体续航可以坚持480公里，算是电动车里面的佼佼者了，让我对新能源车刮目相看啊！,[空间],要说空间嘛，我觉得还是可以的！平时接送孩子的时候，也会顺带接上邻居家的小朋友，三个小孩坐在后面甚至能够自由打闹嬉戏，非常宽敞。前排空间也很大，没有拘束感。,[舒适],车子的减震效果很不错，开车走弯路也比较稳，还有就是过泥泞路段时，不会有明显的颠簸感，座椅很舒服，坐上去就感觉特别放松，而且空间够大，不会拥挤！,[操控],车子开着很省劲，其中添加了很多辅助驾驶功能，所以开车过程更安心，感觉方向盘很灵，非常容易掌控，没有虚位，还有就是刹车调教也很准。,https://newcar.xcar.com.cn/4242/review/comment-408898.html,展开全部,上班
"
    发表于  2021-05    

            
    
    
",动力强劲，不管走什么样的路都没有太大问题，有一次回老家，走山路也没有慢吞吞的感觉，上斜坡的时候也是一脚油门就可以过去了，非常轻松！,https://image1.xcarimg.com/attachments/my/1/88/39/472_120.jpg,xuser1893947,白银长老,4.5,外观,5,内饰,5,续航,5,空间,4,舒适,4,动力,4,操控,4,性价比,5,购入信息,爱车车型,https://newcar.xcar.com.cn/m59941/,2021款唐EV改款 四驱高性能版尊荣型,购入时间,2021/3/1,购车地点,河北兴迪汽车销售有限公司 [河北省],裸车价格,28.2万  (厂商指导价 28.35万),续航里程,480km,购入用途,爱车简评,这是我人生中的第一辆车子！当然是经过精挑细选才买来的！非常喜欢！,实拍图片,爱车评价,https://img1.xcarimg.com//review/20210507/8360bc0b438071d2ba9f2d6ad6580cad.jpg-169x127.jpg,https://img1.xcarimg.com//review/20210507/cd43e07bc5a24c594ee3e42580b79097.jpg-169x127.jpg,https://img1.xcarimg.com//review/20210507/7aa62b5ea27d293872f2ee4655fbf4b7.jpg-169x127.jpg,https://img1.xcarimg.com//review/20210507/c3125110793374faa28adbffb1c0e84d.jpg-169x127.jpg,https://img1.xcarimg.com//review/20210507/2e92abeae0576c9860290ec5fd061af4.jpg-169x127.jpg,[最满意],要说最满意的地方应该是这台车的外观吧，看起来十分酷炫，车头的造型很有时尚感，格栅设计大方帅气，开车出门感觉自己都变帅了，哈哈！还有就是车子的内饰设计比较简约，看起来很优雅，驾驶感受也不错！,[外观],[不满意],要说外观，那就用一个字形容就可以！就是“帅”！开车出去的时候朋友们都对它的外观赞不绝口，感觉这台车的车漆亮度很高，在白天阳光的照射下，车子变得闪闪亮！,我不是很喜欢它的静音效果，如果是上高速的话，感觉胎噪有一点严重，其余的就没有什么问题了，这台车的整体表现我还是很满意的，毕竟是经过漫长的考虑和调查才决定入手的一款车，当然很喜欢了！,[动力],[性价比],[内饰],综上所述，我认为这台车性价比还是很高的！二十多万能够买到这样的车子我已经非常满意了！期待它后续会有更好的表现哈哈！,内饰设计偏向于简约风格，虽然没有复杂的装饰元素，但看起来却让人神清气爽，有一种赏心悦目的感觉，更大方、更稳重了，中控区的设计也非常好看，比较实用，很多功能现在还没来得及体验呢。,[续航],一开始我也没有想到电动车续航竟然也能这么给力，之前的官方数据显示，续航在505，我经过一段时间的观察发现，续航一般都是在480左右，和官方数据差不了太多，这一点还是很满意的！,[空间],要说空间，我还是非常有发言权的，有一次带着四个好朋友一起外出游玩，后备箱塞满了东西，然后车里坐五个人一点都不显得拥挤，空间容量很大，我觉得还是很不错的！,[舒适],车子座椅柔软，具有不错的支撑效果，坐的时间久了，腰部也不会觉得很酸，还有就是车内没有异味，这一点非常好！说明内饰材料都比较环保，对人的健康也有好处！,[操控],我不太懂操控感什么的，就是单纯感觉这台车非常好开，没有那么笨重的感觉，方向盘还是比较准的，很灵活容易操控！车子的减震调教也比较稳！,https://newcar.xcar.com.cn/4242/review/comment-408891.html,展开全部,上班
"
    发表于  2021-05    

            
    
    
",我很喜欢这台车的动力，加速的时候会有推背感，还有就是超车很方便，别看车子的外观非常霸气，跑起来还是特别灵敏的，能够自由自在穿梭在城市的任何角落！,https://image1.xcarimg.com/attachments/my/1/88/39/476_120.jpg,xuser1893947,白银长老,4.38,外观,5,内饰,5,续航,4,空间,4,舒适,4,动力,4,操控,4,性价比,5,购入信息,爱车车型,https://newcar.xcar.com.cn/m59943/,2021款唐EV改款 四驱高性能版创世旗舰版,购入时间,2021/3/1,购车地点,河北同驰汽车贸易有限公司 [河北省],裸车价格,28.2万  (厂商指导价 31.48万),续航里程,484km,购入用途,爱车简评,这款比亚迪新能源车我已经喜欢很久了！现在终于入手了，超级满足！喜欢它的造型与配置！,实拍图片,爱车评价,https://img1.xcarimg.com//review/20210507/3608873b419c0bc375416db97da4f633.jpg-169x127.jpg,https://img1.xcarimg.com//review/20210507/84a1d9a69d40ccd6640bc42d6a4a3a0e.jpg-169x127.jpg,https://img1.xcarimg.com//review/20210507/378146dc7e79dd02317613ede283add8.jpg-169x127.jpg,https://img1.xcarimg.com//review/20210507/ee420aac409626e7eb02d1c2edecca98.jpg-169x127.jpg,https://img1.xcarimg.com//review/20210507/f795e98dcefe179d809d438bd41d0526.jpg-169x127.jpg,[最满意],因为是四驱双电机所以跑起来非常轻快，像我这种每天都要外出的上班族开着它既方便又省钱，真的是再好不过的选择了！之前也考虑过买燃油车，但是想一想现在油费越来越贵了，还是买这款电动车更好一些哈哈！,[外观],[不满意],这台车的外观的确非常好看，当初第一次去4S店里就被它的高颜值吸引了，不管是从正面、侧面还是后面看都很不错，造型立体圆润，没有突兀的感觉，尾部造型也非常具有辨识度，开车出门朋友们也都说好看！,要说不满意，我觉得应该就是这台车的内饰吧，风格过于简约，不是我喜欢的那种华丽风格，配色还算可以，就是这种设计的造型有一点简陋了，如果可以多一些装饰元素那么就更好了！,[动力],[性价比],[内饰],虽然买车的时候觉得价格贵，但是经过一段时间的驾驶体验，我觉得还是非常值得的！这是一台性价比特别高的车子，越来越喜欢！,我觉得内饰的设计没有什么特色，值得庆幸的是功能非常多，用起来都很顺手，虽然我是一个驾驶新手，但是开着这台车上路还是非常安心的！,[续航],续航还算OK吧！千万别小看电动车哦！这台车开着一点都不比燃油车差，续航也是超给力，我平时总是在市区开，充满电能够轻松坚持8-10天左右！,[空间],我觉得空间很大，因为我刚结婚不久，现在还没有孩子，平时外出就是我和老婆两个人，偶尔会带着家里老人一起出去玩，足够用了，后备箱能够轻松放入三个大号的行李箱。,[舒适],车子就要很高的舒适性，坐在车里就感觉非常放松，座椅很柔软，甚至给人一种坐在家里沙发上的感觉，它的空调也有着很不错的制冷效果，夏天再也不担心会汗流浃背了！车子通过性也很高，开车更安心！,[操控],这台车刹车油门都非常灵敏，方向盘的手感也不错，握在手里就感觉自己像是一个老司机一样，灵活易操控，没有虚位。基本就是指哪打哪吧！,https://newcar.xcar.com.cn/4242/review/comment-408885.html,展开全部,上班
"
    发表于  2021-05    

            
    
    
",动力没毛病，像我这种人平时都是跑的很慢，因为技术不好，所以就会更小心一些，毕竟安全第一，车子动力强，起步很快，超车的时候也比较轻松！,https://image1.xcarimg.com/attachments/my/1/88/39/479_120.jpg,xuser1893947,白银长老,4.5,外观,5,内饰,4,续航,4,空间,4,舒适,4,动力,5,操控,5,性价比,5,购入信息,爱车车型,https://newcar.xcar.com.cn/m59941/,2021款唐EV改款 四驱高性能版尊荣型,购入时间,2021/2/1,购车地点,涿州中煤华谊汽车销售服务有限公司 [河北省],裸车价格,28.3万  (厂商指导价 28.35万),续航里程,480km,购入用途,爱车简评,车子的造型时尚，续航能力也不错！平时开车出门很方便，不担心费油的问题！,实拍图片,爱车评价,https://img1.xcarimg.com//review/20210507/095703912841fdefb091b1d9cf4736dd.jpg-169x127.jpg,https://img1.xcarimg.com//review/20210507/ea1fe2166d19c158c65da904a4594eb1.jpg-169x127.jpg,https://img1.xcarimg.com//review/20210507/df3d7729481136378062ab1605fdd17b.jpg-169x127.jpg,https://img1.xcarimg.com//review/20210507/0ba4c0cae514575fc3f17d6dd2d4847f.jpg-169x127.jpg,https://img1.xcarimg.com//review/20210507/16f2c7a99cee3a24ccd41604ea018f71.jpg-169x127.jpg,[最满意],平时非常喜欢自驾游，开这款车外出很划算，要比燃油车省钱多了，工作之余就会带着几个朋友一起外出，因为它的空间比较大，所以坐五个人也能轻松应对，车内空气清新，没有异味，造型够时尚，朋友们都说这台车非常好看！,[外观],[不满意],车子外观很时尚，符合当代年轻人的审美眼光，大部分人看到这台车的外观都会称赞表扬的，尤其是它的前脸设计，格栅个性十足，非常有特点，开车出去有着很高的辨识度，车漆也比较亮，看起来很高档。,它也有一个地方我不是很满意，那就是价格问题了，我觉得这台车的价格还是有一些小贵，如果当初买车时候工作人员可以再优惠一些，那我就更开心了，而且买车的时候也没有太多的赠品，这一点我还是蛮失望的！,[动力],[性价比],[内饰],只要我喜欢！再贵都值得！嘿嘿！感觉这台车性价比还是挺高的吧！之后应该也是很保值的一台车！爱了爱了！,内饰还不错，风格简约大气，功能丰富，其中有很多辅助驾驶功能，到现在我还没有尝试过，之后会一一体验的。我觉得内饰的做工也很不错，选用的材料比较环保，没有异味所以非常安心！,[续航],这台车续航是没有任何缺点的！反正对于我这种经常在小县城里面跑来跑去的人来说是绝对够用了，如果只是正常上下班的话，充满电之后基本可以坚持10天左右，算是很厉害了！感觉要比燃油车方便太多了！,[空间],车子空间还可以，前排驾驶位的空间很大，还有就是后排可以轻松坐下三个成年人，后备箱也能放很多东西，有时候会帮朋友拉一些货物，这也是没有什么问题的！我很喜欢它的空间表现！,[舒适],我非常满意这台车的舒适度，平时开车出去的时候一点都不会觉得累，像我这种腰不是很好的人，最怕座那种硬的椅子了，这台车的座椅材质很好，具有不错的支撑性，软硬适中，跑长途也不用担心！,[操控],非常好开的一款车子，方向盘灵活容易掌控，而且没有虚位，别看块头很大，开起来还是很顺手的，想去哪里就去哪里！,https://newcar.xcar.com.cn/4242/review/comment-408877.html,展开全部,上班
"
    发表于  2021-05    

            
    
    
",动力强！这一点不需要怀疑，反正对于我这种菜鸟级别的人来说是完全够用的！我买车也不是为了有多么强劲的动力，只要好开，够方便就行了！,https://image1.xcarimg.com/attachments/my/1/88/39/481_120.jpg,xuser1893948,白银长老,4.75,外观,5,内饰,4,续航,4,空间,5,舒适,5,动力,5,操控,5,性价比,5,购入信息,爱车车型,https://newcar.xcar.com.cn/m59941/,2021款唐EV改款 四驱高性能版尊荣型,购入时间,2021/2/1,购车地点,保定市天地人合汽车销售服务有限公司 [河北省],裸车价格,28.3万  (厂商指导价 28.35万),续航里程,480km,购入用途,爱车简评,一直都非常信赖比亚迪这个牌子，觉得国产车很有保障，这台车的价格比较合适，买了没有负担！,实拍图片,爱车评价,https://img1.xcarimg.com//review/20210507/76277516b03a5f7fb3b8d250d8a61235.jpg-169x127.jpg,https://img1.xcarimg.com//review/20210507/874289a0d405336504a5343e94e06e04.jpg-169x127.jpg,https://img1.xcarimg.com//review/20210507/fb3fb6fcbc70daef2ab4b4196c8e7920.jpg-169x127.jpg,https://img1.xcarimg.com//review/20210507/6098805c88757018e611ee8180c978ca.jpg-169x127.jpg,https://img1.xcarimg.com//review/20210507/746118df9812135e747b6bdb27b3a3af.jpg-169x127.jpg,[最满意],我比较满意这台车的品牌吧！中国自主品牌非常给力！之前家里的燃油车也是比亚迪的！开起来很畅快，没有顿挫感，而且售后也比较周到，车子的价格我比较满意，不算太贵，像我这种工薪阶层的家庭也能够负担，算是比较亲民的价格了，造型也不错！,[外观],[不满意],车子的外观是无可挑剔的，非常时尚，而且轮毂的造型也是很有特点的，辨识度高，开车出去的时候感觉非常自信，前脸造型流畅，线条优美自然，没有违和感，银色线条设计使得车身更具有层次感，不会显得单调！,这台车没有什么让我不满意的地方，如果是要鸡蛋里面挑骨头，那可能就是它的内饰颜色了，我觉得这种颜色过于活泼了，不太适合我这种四十岁以后的人，看起来有一点不协调。其余的就没有什么缺点了，大部分的设计我都比较满意，人性化，用着很方便！,[动力],[性价比],[内饰],这是一款性价比非常高的车子！我和老婆都非常喜欢，有了它再也不用担心烧油了，平时出门还是比较省钱的！,内饰不错，算是简约时尚的类型吧，美中不足的就是它的内饰配色我不太喜欢，不过我老婆说这样的配色还是挺时尚的，这可能就是仁者见仁智者见智的事情了，内饰功能还是非常多的，用起来很方便，让驾驶过程多了乐趣。更加放松了！,[续航],续航能力还算可以，虽然是一款电动车，但是跑个二三百公里还是毫无压力的，平时开车出门也很方便，不用担心续航问题，仪表盘可以清晰观察电量，更不会出现因为没电被扔在半路上的情况。这一点我还是非常放心的！,[空间],空间不错，作为一款中型SUV，它的空间是绝对合格的，甚至可以说有过之而无不及。我们家里一共五口人，坐在车里非常宽松，不会有紧张束缚的感觉，车顶也比较高，更不会出现压迫感。,[舒适],车子的舒适性能也很高，开车出门不用担心会过度疲劳，座椅柔软舒适，而且空间大，视野清晰，减震效果也还不错！,[操控],这台车的操控感受我非常喜欢，开起来很灵活，方向盘没有虚位，拥有很高的精准度，不管走什么样的路都可以轻松通过！,https://newcar.xcar.com.cn/4242/review/comment-408871.html,展开全部,上班
"
    发表于  2021-04    

      
        
    
    
",动力这点我很满意，路上再也没有人可以欺负我这辆车了，起步和超车是飞快的。无论是城市还是在高速上都可以体验推背感。,https://image1.xcarimg.com/attachments/my/1/87/14/813_120.jpg,gh1607933494,三星会员,4.75,外观,5,内饰,4,续航,4,空间,5,舒适,5,动力,5,操控,5,性价比,5,购入信息,爱车车型,https://newcar.xcar.com.cn/m59941/,2021款唐EV改款 四驱高性能版尊荣型,购入时间,2021/3/1,购车地点,甘肃永宁汽车销售服务有限公司 [甘肃省],裸车价格,26.3万  (厂商指导价 28.35万),续航里程,450km,购入用途,爱车简评,体型偏重，看上去稳重时尚。车头有一种威风凛凛的霸气感觉，车灯造型犀利有神。屁股比较饱满，我最喜欢尾部的横贯尾灯，让整部造型更加层次感。,,爱车评价,,,,,,[最满意],这辆车的颜值太高了，整个车身流畅，颜色正青春靓丽。而且遥控驾驶也很有意思。尤其是停车的时候，停完以后发现前后的距离，有的近有的远，可以用遥控钥匙，抽空让车进行挪动，非常的方便。,[外观],[不满意],外观没得说，第一眼看见就喜欢的不行了，尤其配上红颜色简直太符合我的审美了，看起来非常的高大上，为国产车的颜值点个赞,轮毅整体有点外凸在马路上，很浅的路沿很容易刮伤。,[动力],[性价比],[内饰],看见这辆车第一眼就被他的外观吸引了，再加上他是四驱的动力十分的强劲，超车和提速都非常的迅速，而且电动车静音效果会更好。,内饰设计的比较简单，但用料足够扎实。而且做工比较精细。最重要的是新车味道也不重。很多地方摸上去手感非常的好。,[续航],正常使用，如果开空调很少的话，和一些用电设备都较少的使用的话，大概续航在490公里左右，续航能力和驾驶者的驾驶习惯也有很大的关系，比亚迪唐这辆车的续航，在同级别里头也算是饺佼者。,[空间],糖的空间表现的还是很棒的，车身长度和高度决定了这辆车的空间肯定是非常的大。我坐在驾驶位上，感觉头部和腿部都留有十分大的空间，后排坐三个人也没有问题，后备箱的空间也非常的充足，不管是家用还是外出都能应付得来。,[舒适],座椅很软，坐上去很舒服，包裹性也是很强的，腿部和腰部的支撑也比较充足，不会有长途开车的那种疲劳感。整车的隔音效果还是不错的主要电动机的声音很小。,[操控],方向盘还是比较稳的，速度起来后，方向盘更加的稳重，在高速上操控也比较的容易，而且方向盘的转向也比较精准。往外使车辆的侧倾控制的也比较好，座椅的包裹性也很强。,javascript:;,展开全部,接送小孩
"
    发表于  2021-04    

      
        
    
    
",首先它是一款纯电的中型SUV，不得不感叹其实用电不比汽油差，何况我一般也就在市区内行驶所以动力完全不担心。,https://image1.xcarimg.com/attachments/my/1/86/83/581_120.jpg,gh1606723025,三星会员,4.63,外观,5,内饰,5,续航,4,空间,4,舒适,4,动力,5,操控,5,性价比,5,购入信息,爱车车型,https://newcar.xcar.com.cn/m59941/,2021款唐EV改款 四驱高性能版尊荣型,购入时间,2021/3/1,购车地点,内蒙古长青汽车贸易有限公司 [内蒙古],裸车价格,26.29万  (厂商指导价 28.35万),续航里程,449km,购入用途,爱车简评,这款车的最大的满意点就是空间设计的足够大，前排的空间宽松，驾驶前方的视野很开阔，整个后排的空间设计也挺大的。再就是车里有前排后排座位上有腰部调节，通风功能，让人不管坐在哪里都会感到舒服。,,爱车评价,,,,,,[最满意],最喜欢的还是车子的外观，颜色很吸睛，车身很大气，轮毂设计的很好看，前脸的辨识度很高，内部的布局我还是很满意的，空间也比较足，相当于其它车款的空间我比较喜欢比亚迪的唐EV,[外观],[不满意],外观真的不用多说，明眼人都看的出来，这款车不管是车子的车身漆面，还是设计都是无话可说的。,最不满意的就是我觉得储物的小储物格少了点，不够放日常所需，可能我的东西比较多哈哈。,[动力],[性价比],[内饰],比较喜欢SUV，而且新能源也是国家支持的购车新趋势，比亚迪又是新能源第一品牌，肯定有优先考虑，比亚迪唐新能源的各方面都很均衡，不得不买。,内饰布局喜欢，但是用料方面还是有待改进，车子刚提的时候内饰感觉有点异味，后面我买了除碳包味道基本就没有了。,[续航],因为用电家里充电比较方便，自己有一个车库，不用担心和家里挤着用，自从开这款车就没有电耗尽的情况。,[空间],1.75的个子坐在主驾驶上离头部还是很宽敞，后排坐3个人完全不拥挤，后备箱的储存能力也不错，可以放大型的行李箱好几个。,[舒适],很享受开车的氛围，这点比亚迪做的不错，座椅很向家里的沙发躺着很舒服。,[操控],刹车偏软，方向盘方面转向还不错，基本上是指哪打哪，底盘的通过性强。,javascript:;,展开全部,跑长途
"
    发表于  2021-04    

      
        
    
    
",虽然有两吨多的车重，但是加速是完全没有问题的，起步也非常的快,https://image1.xcarimg.com/attachments/my/1/89/60/408_120.jpg,xuser1906040,三星会员,4.75,外观,5,内饰,5,续航,5,空间,4,舒适,5,动力,4,操控,5,性价比,5,购入信息,爱车车型,https://newcar.xcar.com.cn/m59941/,2021款唐EV改款 四驱高性能版尊荣型,购入时间,2021/3/1,购车地点,吉林市平远汽车经销有限公司 [吉林省],裸车价格,26.28万  (厂商指导价 28.35万),续航里程,448km,购入用途,爱车简评,家里准备换车，我选择了比亚迪这款节新能源车，当代社会环境污染严重，我觉得作为祖国的一份子为社会出一份力，试驾了好几款车型，我觉得还是比亚迪这款唐EV的各方面的综合性能比较符合我的要求。,,爱车评价,,,,,,[最满意],尾部的那一句buildyourdreams感觉唤回了少年时的记忆，生活很难，小时候的很多梦想，可能没办法实现，但是在买车上可以实现自己小小的梦想,[外观],[不满意],大唐的外观是真的霸气，一眼看过去，感觉它可以给你带回到大唐盛世的繁华景象,没有什么不满意的地方，这辆车我是真的很喜欢，可能唯一一个可能就是避震效果不太好，续航一般,[动力],[性价比],[内饰],这辆车不论是外观空间，内饰还是新能源的成熟技术，都是强烈吸引着我选择他，去店里看车的时候实车真的非常的好看，前脸看过去很霸气，车灯的科技感也非常的强，在车流中一定是一道靓丽的风景线,内饰的液晶屏真的是深得我心，我就是喜欢这么大屏的感觉，科技感十足，而且材质都是非常的有质感，比较软，全景天窗给人空间放大的感觉，不会压抑,[续航],只要你不是开长途车，这个续航是完全没有问题的，日常上下班完美解决,[空间],本人人到中年也是有些发福了，会有一些胖，但是不论是坐驾驶座，还是后排的空间都不会挤，空间都非常的宽敞,[舒适],避震效果我感觉做的不是很好，虽然也没有经常开一些烂路，但是碰到减速带的时候也是会有一些颠簸感,[操控],日常驾驶感觉操控非常的顺手，方向盘也不会很重，可能是因为新能源车的原因，上路的话听不到什么噪音,javascript:;,展开全部,接送小孩
"
    发表于  2021-04    

      
        
    
    
",动力方面，个人感觉十分充沛，电门响应相当快，加速感时推背感实足，整体的动力方面均衡十分充沛的,https://image1.xcarimg.com/attachments/my/1/89/60/398_120.jpg,xuser1906039,三星会员,4.63,外观,5,内饰,5,续航,5,空间,5,舒适,5,动力,4,操控,4,性价比,4,购入信息,爱车车型,https://newcar.xcar.com.cn/m59941/,2021款唐EV改款 四驱高性能版尊荣型,购入时间,2021/3/1,购车地点,长春兴盛汽车销售有限公司 [吉林省],裸车价格,26.27万  (厂商指导价 28.35万),续航里程,447km,购入用途,爱车简评,当时和女朋友起去看车的时候觉得这车还是挺漂亮的，作为代步车来讲它的各个方面我都非常满意，性价比也比较高，然后和女朋友商量了一下，就买下了这台车。唐EV用起来也确实非常经济。,,爱车评价,,,,,,[最满意],最满意的就是这台车的外形设计特别好看，非常的霸气，看上去很有高级感。,[外观],[不满意],快五米的车身，而且整车的外观还有灯源都带有个性的布局，颜值确实可以说是非常的棒了，挺喜欢的一个外观.,最不满意的大概就是这台车的车身尺寸比较庞大，在市区开的话可能不是那么灵活，稍微有一点笨。,[动力],[性价比],[内饰],因为之前的话一直都是开燃油车，而且家里面的话汽油车好几台，所以想换一个新的体验，一开始也有考虑买个特斯拉的MODEl3但是那个车的话空间还是稍微有点小，而且做工用料真的很一般，非常廉价，所以后面还是选择这个国产的，比亚迪唐EV版本的感觉挺不错的，外形设计很霸气，性价比也挺高的。,内饰相比外观就要显得没有那么漂亮。中控除了大屏也没什么了，座椅舒适度略一般,[续航],整体的续航里程大概在400公里左右，平时在市区开的话，我觉得是挺不错的，一般的话以我的用车习惯来讲，一个月充两次电就可以了，非常的实用，跟加油没有什么区别。,[空间],空间很宽敞，后备箱大，所有的东西全都塞进后备箱还有空余，非常赞。,[舒适],舒适性的表现是很出色的，底盘的减震效果特别好走，一些颠簸路段车依旧就很平稳，而且因为没有发动机，所以运转的时候很平顺，没有其他的噪音。,[操控],方向盘还是有虚位的，速度起来就好点，方向盘轻盈，老婆是新手，驾驭起来也简单，而且底盘很稳。,javascript:;,展开全部,购物
"
    发表于  2021-04    

      
        
    
    
",车主要还是在市区开开，经常出去自驾游跑飙高速开开土路.在市区开开动力完全足够,https://image1.xcarimg.com/attachments/my/1/81/73/419_120.jpg,筱孬鬆,三星会员,4.63,外观,4,内饰,4,续航,4,空间,5,舒适,5,动力,5,操控,5,性价比,5,购入信息,爱车车型,https://newcar.xcar.com.cn/m59941/,2021款唐EV改款 四驱高性能版尊荣型,购入时间,2021/3/1,购车地点,齐齐哈尔粤华远通汽车销售有限公司 [黑龙江省],裸车价格,26.26万  (厂商指导价 28.35万),续航里程,446km,购入用途,爱车简评,电机输出动力绝对不一般，这个级别的燃油车基本都不是它的对手。不喜欢动力猛一些建议不要购买，怕你驾驭不了。,,爱车评价,,,,,,[最满意],最满意的当然就是这款车的动力输出特别强劲，而且外观设计很高级。,[外观],[不满意],外观特别大气，特别钟爱唐这样logo，比亚迪走中国风,最不满意的大概就是这款车的内部隔音效果不是特别好，虽然没有发动机的噪音，但是轮胎的声音还是挺明显的。,[动力],[性价比],[内饰],比亚迪毕竟是国内头号的电动汽车厂家，个人感觉完全不输特斯拉特别是在电池技术这一块，所以还是挺值得信任的。因为我平时都是市区上下班使用，所以对于车子的话要求不是那么高，电动车是一个很不错的选择，开起来舒服而且很节能环保。,内饰只能用手触摸得到的地方都是软的，百分之八十是软软的材料，内饰偏向简约且不简单的设计,[续航],可能是由于电动车的特性，它的综合续航里程其实跟你的驾驶风格有很大的关系，如果你平时开车比较温柔的话，基本上能够在420公里左右。,[空间],空间巨大.前排什么体型都可坐，伸腿的余地很大，后排的座椅可以放倒躺着,[舒适],舒适性的表现，我觉得比较一般，悬挂的减震效果不是特别出色，而且高速行驶的时候胎噪很明显。,[操控],方向盘握感非常棒，没什么虚位，指向清晰，指哪儿拐哪儿，高速过弯支撑性较好。,javascript:;,展开全部,自驾游
"
    发表于  2021-04    

      
        
    
    
",动力的表现也很不错丝毫不会差，在市区等红绿灯起步是很快的，不管在市区还是高速行驶超车也都很轻松。,https://image1.xcarimg.com/attachments/my/1/89/60/382_120.jpg,xuser1906038,三星会员,4.63,外观,4,内饰,4,续航,5,空间,5,舒适,5,动力,5,操控,5,性价比,4,购入信息,爱车车型,https://newcar.xcar.com.cn/m59941/,2021款唐EV改款 四驱高性能版尊荣型,购入时间,2021/2/1,购车地点,黑龙江宏达旭龙汽车销售服务有限公司 [黑龙江省],裸车价格,26.25万  (厂商指导价 28.35万),续航里程,445km,购入用途,爱车简评,后面坐满3个成年人每次都感觉不到拥挤，前面就更不用说了，感觉车内的空间运用非常好。显得比较宽敞。,,爱车评价,,,,,,[最满意],四驱车型动力好，噪音小，提速快这都是这款车的优点。,[外观],[不满意],第一眼看到他的外观的时候觉得还是很不错的，前脸大面积的中网有着很多横幅镀铭装饰非常的靓丽，中网和两侧的大灯也体现出了前脸的美感。,不满意的就是中控大屏幕的设计比较单一，还有新车的异味比较大，从网上买了些炭包过了半个月才消除干净。,[动力],[性价比],[内饰],家里面离市区也不是特别远，在城市边缘的农村，最主要的是充电条件非常方便才购买的。,内饰方面会差一些中控大屏看上去比较单一，还有新车的异味会比较严重一些，车内的用料倒是挺不错的，除了中控屏其他地方的做工和搭配挺合理。,[续航],续航目前在400这样，这应该也要看个人的驾驶习惯吧，平时比较注重安全开车都比较沉稳，这样的表现也还行了。,[空间],前后排的乘坐空间都非常的充足，坐在里面的乘客完全不需要为头部和腿部的空间担心，这类的储物能力也很丰富。,[舒适],舒适性也是满分的，在高速上行驶车内的静音保持的很不错，底盘也很稳在通过颠簸的路段也没什么震动，座椅也是比较柔软的驾驶感很不错。,[操控],底盘调校的比较好这款车的通过性能很不错，方向盘给我的手感也很好指向很精准，车内的配置使用起来也特别的方便。,javascript:;,展开全部,自驾游
"
    发表于  2021-04    

      
        
    
    
",动力十足，提速特别快，市区过红绿灯的时候我永远都是第一个通过的，4.9s果然是名不虚传的，市区经济模式就行了，经济模式很给力，跑高速我也用经济模式，高速几乎全车都是静音状态,https://image1.xcarimg.com/attachments/my/1/89/60/194_120.jpg,xuser1906019,三星会员,4.63,外观,4,内饰,4,续航,5,空间,5,舒适,5,动力,4,操控,5,性价比,5,购入信息,爱车车型,https://newcar.xcar.com.cn/m59941/,2021款唐EV改款 四驱高性能版尊荣型,购入时间,2021/2/1,购车地点,洛阳陆行汽车销售服务有限公司 [河南省],裸车价格,26.24万  (厂商指导价 28.35万),续航里程,444km,购入用途,爱车简评,最满意的就是它的整体行驶质感非常好，跑起来的时候车身很稳，开车的能够轻松驾驶最重要的是跑高速的时候车内静音效果也非常不错。,,爱车评价,,,,,,[最满意],唐ev这款车整体比较满意，颜值高，续航长，空间大，提速也很快，动力方面是完全没有问题的，尾灯设计的也非常漂亮，特别是晚上，我唐就是整个马路上最靓的仔，特别拉风，最重要的是充电也很快，买新能源车大家对充电都会有疑虑，升压快充的30%的时候半个小时就能充到80%，很方便。完全不用担心充电的问题。还有就是店里的服务了，店里的服务真的很好，时间长了都会有短信提醒，节日生日还有保养的时候都会有提醒，很暖心很贴心，有种vip的感觉，车用了已经一年了，从来没有出去任何故障，买的帖子，用着舒心，值了,[外观],[不满意],外观大气，气场十足，年轻时尚，车灯也特别好看，霸气的轮毂，足以能征服每个酷爱suv的人,没什么不满意的地方，要说不满意的话对于我来说是价格吧，我觉得价格偏高一点，当时买车的时候没这么高的预算，但是一眼就看上了这款车，咬了咬牙还是坚持买下了，希望以后可以在价格方面适当的下调，这样的话应该很多人都会购买。,[动力],[性价比],[内饰],出行各种各样的原因从一开始就打算买纯电动车的，电动车这一块除了比亚迪我也没有考虑过其它的车型，因为比亚迪这个品牌也是让我比较信赖。,内饰的话就比较简单了，液晶仪表盘显得很高档上，简单而不复杂的中控台，特别介绍下大屏，可以实现车机互联，导航听音乐很方便，即使是来一盘王者也是不在话下，副驾驶门设有座椅调节，很方便。,[续航],电耗没仔细算过，冬天续航大概在420左右，夏天的话大概是480左右，充一次电可以跑大概一个星期，总体的感觉就是冬天开空调的话耗电要比夏天开空调明显耗电快，充电倒是没什么感觉，,[空间],空间的话不用多说，只要看过车的人都知道，每次带家里人出去老爸都选择坐我的车，因为我的车宽敞，坐着很舒服，玩累了后排可以躺着，完全感觉不到憋屈，当时买车的时候家里人还不同意我买这么大的人，说一个姑娘开这么大车不适用，买个合资轿车就够了，我才不喜欢轿车呢，我就喜欢这大越野，开着特别豪横，现在带家里人出去玩，父母都选择坐的我的车，后备箱的储物空间足以满足我的购物需求，出差放个行李箱都觉得后备箱特别空。这个空间无敌了。感应后备箱简直方便的不要不要的。,[舒适],整车非常舒适，形势过程中基本全车静音状态，驾乘空间特别大，很舒服，特别是后排还设有空调出风口，满满的暖心啊，这简直就是后排座椅人员的福音，给这个设计大大的一个赞，还可以提前开启车上的空调，不管是冬天还是夏天，上车都是舒服的温度。,[操控],转向准确，刹车灵敏，底盘很稳，有时候拐弯的我会加速通过，几乎感觉不到飘，不过不建议大家拐弯加速通过，毕竟安全第一。并线辅助很智能，主动刹车可以避免追尾，安全性极高，买车安全是最重要的一条，这款车安全系数还是很高的。,javascript:;,展开全部,接送小孩
"
    发表于  2021-04    

      
        
    
    
",这就不用多说了，0-100，4.6秒内。电动车的动力输出太爽了。跑高速：我一般高速就自适应巡航车道自动保持，速度控制在110，轻松愉快还安全。,https://image1.xcarimg.com/attachments/my/1/89/59/770_120.jpg,xuser1905977,三星会员,4.75,外观,4,内饰,4,续航,5,空间,5,舒适,5,动力,5,操控,5,性价比,5,购入信息,爱车车型,https://newcar.xcar.com.cn/m59941/,2021款唐EV改款 四驱高性能版尊荣型,购入时间,2021/2/1,购车地点,河南宇鼎缘汽车销售服务有限公司 [河南省],裸车价格,26.23万  (厂商指导价 28.35万),续航里程,443km,购入用途,爱车简评,买这款车的理由就是喜欢，很喜欢的这种，开出去特别的拉风，空间很大，而且续航也长，开着很舒服，坐车的人也很舒服。买车不就是为了舒服么，我的目的已经达到。,,爱车评价,,,,,,[最满意],30万买个比亚迪，很多人认为我疯了。但是每一个坐过、开过我这辆车的人，都说好。唐EV的外观、行驶品质、操控、加速、空间方面我非常满意。并且，比亚迪的黑科技，钥匙操控、放电功能，特别实用。总之，这是一辆国产的好车。,[外观],[不满意],外观没得说，设计的好。旁边路过这车的人，经常问我这车是什么车。,最不满意的目前还没发现。我感觉它是越开越舒服的一辆车。,[动力],[性价比],[内饰],外观、空间、操控、电池、加速、四驱、放电功能、4S店服务等都是我选择这款车的原因。,内饰简洁。中央大屏是亮点，就是个pad。,[续航],电耗总体控制的还是很好的。冬天开空调略高。 比亚迪空调的制冷确实厉害，真凉啊。,[空间],空间非常大，我这是5座的车，已经能够满足家庭的需要了。乘坐空间：我快190的身高，不管是前排还是后排，坐在里面很舒服。家人乘坐评价：全家出行非常好的一款车，坐5个人一点不拥挤。,[舒适],舒适性非常好，座椅真皮的，通风加热都很好。,[操控],全时四驱，因为电池的平铺，操控起来很平衡。再加上22的马牌轮胎，不愧是赛车胎。但是平时要走不好的路，还是得小心点。,javascript:;,展开全部,接送小孩
"
    发表于  2021-04    

      
        
    
    
",动力的表现还是比较差强人意的，尤其是在起步的时候感觉动力不足。,https://image1.xcarimg.com/attachments/my/1/89/59/766_120.jpg,xuser1905976,三星会员,4.75,外观,5,内饰,5,续航,5,空间,5,舒适,4,动力,4,操控,5,性价比,5,购入信息,爱车车型,https://newcar.xcar.com.cn/m59941/,2021款唐EV改款 四驱高性能版尊荣型,购入时间,2021/2/1,购车地点,唐山市金利海汽车销售有限公司 [河北省],裸车价格,26.22万  (厂商指导价 28.35万),续航里程,442km,购入用途,爱车简评,按键很合理，我个人很喜欢方向盘上的唐字，这也是我买这个车的起因，操控感还是很舒服的。,,爱车评价,,,,,,[最满意],我最满意的地方就是这辆车子外观了，红色的大唐看上去是非常喜欢的，刚好今年也是自己的本命年，买个红色的车子冲冲喜。还有就是车子的性价比很高，对比了那特斯x，蔚来es8，es6，理想汽车，最终还是比亚迪唐最有性价比。,[外观],[不满意],车子的外观方面是超级喜欢的，红色的大唐看上去非常霸气，矩阵车灯的设计也是十分亮眼的，还带有蓝光，给我的感觉非常科幻。,我最不满意的地方还是这辆车子的动力问题了。尤其是在起步的时候，油门踩下去，动力不给我反馈，真的是非常难受。,[动力],[性价比],[内饰],因为自己也有一台纯油的路虎车子了，所以现在买过一台车子就想买一辆新能源的车。买车的时候主要考虑的第一点就是安全因素，有公路坦克之称的比亚迪唐，我对他的安全是非常满意的，还有一点就是它的性价比比较高，30几万的价格，配置方面是做的非常齐全的。,内饰也是很不错的手感，摸上去也很棒。车子的物理按键设计的比较多，位置也合理，用起来比较方便。,[续航],车子续航这方面我觉得是够用的，四百多个公里还是很不错的,[空间],空间这方面是非常宽敞的，我一米九的个子，在车内做起来也完全没问题,[舒适],舒适性这方面的话我是很满意的，新能源的车子行驶起来很安静。,[操控],这辆车子的操控是没有问题的，开起来很轻松，方向盘的手感比较轻盈，一只手就能轻松的转动。,javascript:;,展开全部,接送小孩
"
    发表于  2021-04    

      
        
    
    
",车子的动力没得说，百公里加速几秒来着，体验非常的棒，不过平时我并不敢那么开，我开车还是挺温柔的。平时体验最好的地方就是他的起步非常迅速。,https://image1.xcarimg.com/attachments/my/1/87/01/997_120.jpg,gh1607475780,三星会员,4.5,外观,4,内饰,5,续航,5,空间,4,舒适,4,动力,5,操控,4,性价比,5,购入信息,爱车车型,https://newcar.xcar.com.cn/m59941/,2021款唐EV改款 四驱高性能版尊荣型,购入时间,2021/2/1,购车地点,河北同驰汽车贸易有限公司 [河北省],裸车价格,26.21万  (厂商指导价 28.35万),续航里程,441km,购入用途,爱车简评,空间非常大，我们家的成员个子都比较高大，所以买这台SUV是正确的。我177的身高坐在驾驶位上面，头顶还有一个拳头的距离，坐在第二排腿部挺宽阔的。,,爱车评价,,,,,,[最满意],这台车我满意的地方有很多，让我最满意的应该是充满一次电可以跑差不多500km左右，整体使用起来成本比汽油车低很多。,[外观],[不满意],车子的外观是绝对的满意，感觉整个车子都充满了霸气，看起来非常有冲击力，特别是它尾部的设计。又很时尚，特别是那个唐字，很吸引眼球。再加上贯穿式尾灯看着真的是非常帅气。,也没什么不满意的，如果价格能更便宜一点就更完美了。人总是不知足。,[动力],[性价比],[内饰],家里一台车已经不能满足正常的出行需求，所以必须再买一台车，现在新能源汽车已经越来越成熟了，市面上也有很多品牌可以选择，经过多方了解，觉得比亚迪更成熟，所以买下了比亚迪唐这台新能源汽车。,车子内饰上也是非常的不错，做工非常不错，在一些缝隙上处理的也很好，用料也是比较不错，摸上去还挺舒服的，整体设计看着特别顺眼，有科技感。,[续航],续航也是非常的棒，正常开基本上都能跑到450以上，对于我来说是完全够用了。如果平时作为短途上下班代步的话，充一次电能跑半个月。,[空间],车子的空间上是没什么问题，车子挺大的，不管是前排的位置还是后排的，都是能满足日常使用，储物空间也是非常不错。,[舒适],在舒适度上坐的也是非常不错的，车子的座椅很厚实，坐在上面挺舒服的，靠背也比较贴合，长时间开车也不会觉得特别累，车子的音效也很给力，空调制冷很快。,[操控],车子开起来手感还是相当不错的，整个车子驾驶起来非常的轻松，方向盘的手感相当舒服，而且车子底盘特别的稳，开起来有安全感。,javascript:;,展开全部,接送小孩
"
    发表于  2021-04    

      
        
    
    
",动力的体验确实是很不错，丝毫不输燃油车，特别是在起步的时候可以秒杀大部分车辆，中期的表现也比较稳，超车很轻松。,https://image1.xcarimg.com/attachments/my/1/89/59/749_120.jpg,xuser1905974,三星会员,4.75,外观,5,内饰,5,续航,4,空间,4,舒适,5,动力,5,操控,5,性价比,5,购入信息,爱车车型,https://newcar.xcar.com.cn/m59941/,2021款唐EV改款 四驱高性能版尊荣型,购入时间,2021/1/1,购车地点,深圳市龙南汽车贸易有限公司 [广东省],裸车价格,26.2万  (厂商指导价 28.35万),续航里程,440km,购入用途,爱车简评,要说最让我满意的就是应该是他的外观了。整个车子的外观设计都非常的个性，从车标到整个车子的线条都是非常不错的，而且车子的配置非常丰富。,,爱车评价,,,,,,[最满意],外观的设计非常不错，我和老婆都是外貌协会，颜值方面我们俩都非常喜欢，看起来时尚大气。性价比也是相当。娱乐功能也是非常丰富，甚至超过了手机的功能，是其他车子不能比拟的。比亚迪的技术值得信赖，空间也让我比较满意。,[外观],[不满意],对于外貌协会来讲外观也是非常重要的，设计风格很符合年轻人的审美，看起来时尚大气，设计方面也做得比较到位，看起来挺独特。,感觉车速快了，风噪和胎噪还是挺明显的。隔音效果还有待提高。内饰的豪华感差了一点。,[动力],[性价比],[内饰],要说比亚迪扛这个车，真的是非常不错，不管是从它的实力上还是从它的外观颜值上都是非常的好。选择这个车一方面是喜欢，一方面是为了支持国产。,但是整体的布局挺不错的，但是看起来没有什么豪华感。用的材质还行吧，属于比较简约大方的类型。中控大屏确实值得点赞，可玩性也非常高。,[续航],续航也是值得表扬，这也是我选择他的原因之一，充满电跑个480公里不是问题，跑高速也不会有压力，而且现在充电也很方便。,[空间],空间方面我觉得挺不错的，平常也就两个人用车比较多，偶尔和父母一起出行也不会显得拥挤，我对空间的要求不是特别高，整体来说挺不错的后备箱的，容量也还可以。,[舒适],座椅的舒适度挺高的，填充物比较柔软厚实，包裹性也觉得不错。低速的隔音挺好的，但是跑高速噪音有点大。底盘的过滤挺不错，空调制冷也挺好。,[操控],整体的操控感受还是挺好的，方向盘更加轻盈，老婆开起来也不会有什么难度，比较好上手。而且配置也挺多的，刹车也很及时，我觉得操控没什么难度。,javascript:;,展开全部,购物
"
    发表于  2021-04    

      
        
    
    
",车子的动力就更不用说了。百公里几秒我也没真正测过，不过他的动力真的是非常猛，起步非常的迅速，推背感是杠杠的。,https://image1.xcarimg.com/attachments/my/1/89/59/738_120.jpg,xuser1905973,三星会员,4.5,外观,4,内饰,4,续航,4,空间,4,舒适,5,动力,5,操控,5,性价比,5,购入信息,爱车车型,https://newcar.xcar.com.cn/m59941/,2021款唐EV改款 四驱高性能版尊荣型,购入时间,2021/1/1,购车地点,广东欧亚特汽车销售服务有限公司 [广东省],裸车价格,26.19万  (厂商指导价 28.35万),续航里程,439km,购入用途,爱车简评,买车的时候我比较看重安全性，毕竟是家用车，安全要放在第一位。对于比亚迪的安全方面我还是很满意的。其次就是技术优势，技术成熟，质量稳定可靠。颜值也是相当高,,爱车评价,,,,,,[最满意],这辆车的优点真的很多，让我选择一样，我最满意的真的是不太好选，如果非得挑一个的话，那可能就是他的外形上了，觉得非常帅。,[外观],[不满意],他的外观我觉得是非常的好看的，整体造型特别的流畅，看起来质感特别高，开出去回头率那是相当的高，特别是它的轮毂看起来真的很大，很帅。,要说不满意的话，这个真有点难住我了，如果非得说一条不满意的话，就是价格可能超出了一些我的预算，如果能便宜一些就更完美了。,[动力],[性价比],[内饰],选择这款车的理由很多，比如说他的各项配置非常的抢眼，各项数据也是非常的优秀，再就是他的造型选择他的理由可以有很多，也可以很少，就是我很喜欢。,车子在内饰上的豪华程度也是相当高的，而且做工特别细致在一些细节上处理的相当好看，得出来是比较用心的，而且他的中控大屏也算是很另类的一个存在，也比较醒目，我们年轻人很喜欢。,[续航],续航基本都能跑到480~500之间吧。这个续航可以基本上满足我所有的需求。对于续航方面真的是很满意。,[空间],他的空间方面表现还是相当不错的，坐在车里不管哪个位置都是非常的宽松，在车里活动自如，在空间上没什么可挑剔的。,[舒适],车子的舒适度还是非常高的，座椅的支撑性相当好，长时间开车也不会太累，坐在车里的姿势还是比较舒适的。,[操控],车子开起来手感也是相当的不错，转向也比较清楚，看起来还是挺跟手的，整体体验非常好，毕竟开着自己心爱的车子怎么开这么舒服。,javascript:;,展开全部,上班
"
    发表于  2021-04    

      
        
    
    
",动力随叫随有，表现突出。红路灯起步，超过市面上大部分车辆，包括普通的宝马奥迪奔驰。但是，慢点开，稳定驾驶更好。,https://image1.xcarimg.com/attachments/my/1/89/59/724_120.jpg,xuser1905972,三星会员,4.75,外观,5,内饰,5,续航,4,空间,5,舒适,5,动力,5,操控,5,性价比,4,购入信息,爱车车型,https://newcar.xcar.com.cn/m59941/,2021款唐EV改款 四驱高性能版尊荣型,购入时间,2021/1/1,购车地点,厦门市佳凯盛汽车贸易有限公司 [福建省],裸车价格,26.18万  (厂商指导价 28.35万),续航里程,438km,购入用途,爱车简评,在车子的舒适度上的确要表扬一下，首先车子的噪音方面控制的就非常好，特别是起步的时候根本没有什么声音，座椅方面支撑性也是相当不错，驾驶车辆还是很舒服的。,,爱车评价,,,,,,[最满意],空间：空间非常大，无论是乘坐还是后备箱。动力：纯电车型，虽然是两驱，但是超车毫无问题，起步一骑绝尘。外观：外观非常漂亮，属于越看越耐看。特别是22寸轮毂，太美了。充电：由于疫情影响，充电桩尚未安装，使用快充。速度比较快，一般车里玩一局王者就快满了。续航：我每日上下班合计70KM，使用一周没啥问题。放电：放电功能非常好，特别是在外出的时候，上次带着电锅还炖了鸡肉，蒸了米饭，太完美了！以后再买个电烤架，烤个羊肉串。,[外观],[不满意],外观没漂亮。内饰也还不错，朴素简单。车灯设计很漂亮，特别是后尾灯。22寸轮毅是亮点，如果是在城市道路行驶，一定要选装，太美了！,刹车：刹车偶尔有异响，并且线性差，点头有点重。经网上查资料和刹车片关系大，换了特定刹车片就没问题了，不知道比亚迪是否深入研究过，业余爱好者都能解决的问题，竟然困扰比亚迪这么多年。挡泥板：没有挡泥板。由于车轮相对车身宽一些，前轮很容易把泥甩在车门上，非常影响美观，如果有挡泥板就好了。主驾座椅：感觉主驾的座椅对腰部支撑不太够，开的时间长了腰部酸痛，只能另外买个腰枕。4S服务：不得不说这个店的服务不敢恭维。上保险和上牌都不太顺。充电桩现在也没有安装。就是感觉提车后，配套服务跟不上，都得自己操心。,[动力],[性价比],[内饰],4s店里，一眼就看上了它，真的，其它款都不考虑了。以前看过蔚来ES6，真不明白为啥那么贵，还担心蔚来坚持不下来，挂掉。比亚迪在电动车领域还是值得信赖的。,内饰比较朴素，适合我的审美，低调有内涵。,[续航],电耗还不错，毕竟是新车。1000公里以内的时候大概在17度百公里，现在在15.5度百公里。毕竟是2.5吨的车，电耗还不错。另外，电耗和气温关系很大，冬天开暖风电耗肯定非常高。目前在公用充电桩充电，速度不错，大概一小时能充满。 高速加城市道路，470KM没啥问题，冬天还没试过。开空调掉电还可以。估计开暖风掉电会比较快。,[空间],空间很宽敞，绝对令人满意。我的是7座版，第三排没用过，初步看空间还不错，第二排空间够用。储物空间也不错，唯一不足是扶手箱没有无线充电。,[舒适],驾驶很安静，舒服。内置PM2.5过滤装置，在北京很有用。悬架在过滤小震方面还不错，在过减速带的时候有明显感觉。,[操控],操控不错，转向清晰。方向盘有模式调节，我更喜欢运动模式，更沉一些。,javascript:;,展开全部,接送小孩
"
    发表于  2021-04    

      
        
    
    
",车子在提速上真的非常优秀，提速非常的快，平时等红绿灯我都是第一个出去，很有自豪感，看起来也比较爽，超车都不是问题。,https://image1.xcarimg.com/attachments/my/1/89/59/705_120.jpg,xuser1905970,三星会员,4.5,外观,4,内饰,4,续航,4,空间,4,舒适,5,动力,5,操控,5,性价比,5,购入信息,爱车车型,https://newcar.xcar.com.cn/m59941/,2021款唐EV改款 四驱高性能版尊荣型,购入时间,2021/1/1,购车地点,福建省美嘉鑫迪贸易有限公司 [福建省],裸车价格,26.17万  (厂商指导价 28.35万),续航里程,437km,购入用途,爱车简评,车子开起来手感还行，方向盘挺轻的，方向盘的握杆也非常不错，方便操控，车子的刹车制动也比较及时，脚感也不错。,,爱车评价,,,,,,[最满意],要说这款车子让我满意的，应该是他的动力提升快，他的性能真的非常好，动力提升非常快，开起来非常爽。,[外观],[不满意],我觉得他的外观设计非常的有国际范儿，特别是他尾部的英文字母很提升逼格我是非常喜欢的。 还有车头的大灯，看起来很亮很有神。,要说不满意的话，其实真没什么，就是如果车子的价格能便宜一些，那就是更不错了。,[动力],[性价比],[内饰],觉得比亚迪唐在新能源方面的技术已经非常好了，甚至可以说是领先的地步，所以说我对比亚迪还是比较有信心的，然后比亚迪唐在外观造型看着也非常时尚。,在那世上最引人注目的就是他的那块大屏幕真的很大，用起来非常方便，看地图的时候非常清晰。整体的用料上也是非常的豪华。,[续航],对于我经常在市区出行来说，这个车子的续航能力还是非常不错的，不仅满足我的日常出行，而且相对燃油车来说，也大大降低了每个月的开销。,[空间],平时我在空间方面的要求也不大，一家4口人坐在车里还是非常宽松的，想怎么坐怎么坐。后备箱给小孩子放一些玩具和小车也都是非常轻松。,[舒适],其实我一般都是一个人上下班开这台车子，所以感觉舒适性还是可以的，不过就是带着家人旅游的过程中，有的时候路面很颠簸，家人们觉得车子的减震不太理想，后排的颠簸感非常强烈。,[操控],驾驶操控简单，虽然相对来说车身有一点大，不过在各方面的调教比较不错，尤其是方向盘手感很好，市区出行的时候感觉都是非常轻巧的，很好转动方向。,javascript:;,展开全部,购物
"
    发表于  2021-04    

      
        
    
    
",动力方面输出比较优秀，我日常出行不会要求多大的速度，然后带家人出去的话就更不需要多快了，这车子的速度很够用了，体验120迈还是蛮轻松的，不用担心肉哦，起步比燃油车子还快。,https://image1.xcarimg.com/attachments/my/1/89/59/702_120.jpg,xuser1905970,三星会员,4.63,外观,4,内饰,4,续航,4,空间,5,舒适,5,动力,5,操控,5,性价比,5,购入信息,爱车车型,https://newcar.xcar.com.cn/m59941/,2021款唐EV改款 四驱高性能版尊荣型,购入时间,2021/1/1,购车地点,青岛仕通达汽车销售服务有限公司 [山东省],裸车价格,26.16万  (厂商指导价 28.35万),续航里程,436km,购入用途,爱车简评,出行过程中动力不错，而且起步的时候非常的迅速，不像燃油车会有一些肉肉的感觉，这台车子给我的感觉一点延迟都没有，加速反应也非常的及时，对于我经常市区出行来说，动力足够用了。,,爱车评价,,,,,,[最满意],最满意的是外观吧，因为造型上我觉得非常的不错，给人的感觉是非常大气的，前脸的进气格栅设计的非常独特，中间一个唐字我觉得非常的有特点。,[外观],[不满意],外观的造型不错，我比较喜欢，我觉得比亚迪的设计一直以来都是符合潮流的，造型比较时尚，而且我觉得他的前脸进气格栅设计的是非常独特的，大气的造型再配上独特的一个唐字，非常有特点。,目前为止对这台车子不太满意的地方，主要是觉得减震调教的不是特别舒适，如果带着家人出门的时候，我还是希望车子的颠簸感能小一些，这样让我的家人也能够舒适一些。,[动力],[性价比],[内饰],我就是比较喜欢比亚迪这个品牌，刚好也比较看好新能源的车子，毕竟现在我身边的朋友开新能源车子的人已经不少了，比亚迪唐刚好有新能源车子，造型，价格都合乎我的心意，所以就这样选了这台车子。,内饰是这台车子表现比较突出的地方吧，我觉得在科技感方面比较强烈，而且在用料和做工方面都挑不出来什么毛病，整体的品质非常出色。,[续航],电耗比较值得表扬，最主要是它的续航能力很强，一开始比较担心需要三天两头的充电什么的，但是现在觉得充一次电可以维持十天左右的行程，上下班开着还是比较方便的,[空间],整台车子的空间还是不错的，不论是它的后备箱储物空间还是这台车子前后排的乘坐空间设计的都是比较合理的，前后排的间隔够大，对于我们家人来说，最高的其实就是我了，身高是1米718，我坐在后排其实也是能够翘着二郎腿的，所以对我们全家人来说，空间都是宽敞又舒适的。,[舒适],驾驶起来的舒适度蛮高的，这辆车有着与燃油车不同的感受，它比较平稳平顺，支撑性很到位，并且车子的减震效果挺好的，前段时间总会跑我们家附近没修好的烂路，石子坑洼什么的，那时的驾驶感受也不错。,[操控],转向准确，刹车灵敏，底盘很稳。并线辅助很智能，主动刹车可以避免追尾，安全性极高，买车最重要的就是安全系数要高。,javascript:;,展开全部,接送小孩
"
    发表于  2021-04    

      
        
    
    
",动力虽然不够四驱那样暴力，但是这车在日常使用中已经够用了，我也不是很追求动力，还是挺满意这个动力的！,https://image1.xcarimg.com/attachments/my/1/89/59/699_120.jpg,xuser1905969,三星会员,4.63,外观,5,内饰,5,续航,4,空间,5,舒适,4,动力,4,操控,5,性价比,5,购入信息,爱车车型,https://newcar.xcar.com.cn/m59941/,2021款唐EV改款 四驱高性能版尊荣型,购入时间,2021/1/1,购车地点,济南乾城汽车贸易有限公司 [山东省],裸车价格,26.15万  (厂商指导价 28.35万),续航里程,435km,购入用途,爱车简评,内饰的整体布局还不错，但是没有什么豪华感和设计感，款式比较简洁大方，看起来稍微廉价了点，材质和用料比较一般，不过仔细想想这个价位买这样子的内饰也算不错了。,,爱车评价,,,,,,[最满意],最满意的就是这辆车子的电耗和续航能力了，一开始还比较担心需要经常充电什么的，但是实际体验下来觉得比较方便。,[外观],[不满意],我是颜值控，当时在网上看车就喜欢这个红色，加上这个外观造型续航选择的，悬浮式车顶贯穿的尾灯，还有前脸造型。运动轮毅外观非常大气，抓地力极强。,内饰部分的设计感和豪华感不足，看起来档次没那么高，我就会觉得有些遗憾，可能我本身比较注重这方面吧。,[动力],[性价比],[内饰],首先还是想尝试下新能源！外观，空间，操控，续航，4S店服务等都是我选择唐新能源的理由。,内饰都是满满的科技感觉吧，中间还有个大屏幕，功能也非常多，现在我还没研究透。按钮也是设计在比较方便的位置。,[续航],最是中意它的续航能力还有充电速度了。续航能够达到500公里，在新能源领域中还是比较出色的，日常使用我就一个星期冲一次。,[空间],车内的空间容量我觉得还可以，基本上就是一个普通的家用容量吧。坐四个人不会显得拥挤，如果坐五个人的话，那可能多少就会有一些不足了。后备箱的储物空间能满足家用需求了。,[舒适],电机的声音非常小了，晚上下晚班的时候路上车子比较少，我开唐空间安静得可怕，要是开点音乐基本上只有歌的声音了！,[操控],车子开起来还是比较稳的，车子也比较重，可能性因为电瓶重吧。所以开起这车来很有感觉，不会像开那种轻轻的日系车感觉飘飘的。,javascript:;,展开全部,接送小孩
"
    发表于  2021-04    

      
        
    
    
",动力这一块在刚驾驶的时候。确实有一种令人想要惊艳的感觉，轻踩一脚油门，车身便迅速的启动，提速起来风驰电掣。,https://image1.xcarimg.com/attachments/my/1/89/59/691_120.jpg,xuser1905969,三星会员,4.5,外观,4,内饰,4,续航,4,空间,4,舒适,5,动力,5,操控,5,性价比,5,购入信息,爱车车型,https://newcar.xcar.com.cn/m59941/,2021款唐EV改款 四驱高性能版尊荣型,购入时间,2021/1/1,购车地点,重庆市宝骏汽车销售有限公司 [重庆市],裸车价格,26.14万  (厂商指导价 28.35万),续航里程,434km,购入用途,爱车简评,外观设计得还是非常霸气的，很是符合我的审美，整车又大块，开路上感觉别人都怕我的车子一样。车前的黑大下巴也是真够大。,,爱车评价,,,,,,[最满意],当然就是它的续航能力了，还有就是它的外观了。,[外观],[不满意],外观看上去高大帅气，而且站在车身旁边的时候，能察觉到一种稳稳的安全感。,刚刚买车的时候车上异味比较重，还有就是觉得车子贵了点。,[动力],[性价比],[内饰],我最喜欢的就是它是新能源汽车，而且是纯电的，又可以省下许多的油钱，还能够保护环境呢！看了需要的新能源车，觉得这俩车的综合表现都比较优秀，所以就选择了唐！！,内饰的设计相对比较一般吧，毕竟是接近快30来万的车子，也可以买一些入门级别的豪车的，但是内饰的豪华程度却相差十万八千里。,[续航],续航我还是相当满意的，和官方实际给出的数据并没有太大的差距，平时跑个四百八九没有问题。,[空间],前排的驾驶位还是比较宽的，我自己开车坐上面头顶也还是有很多空间的。因为我们家人比较多，而且体型也比较大块一点儿，但是坐在后面也不会觉得很拥挤，我和家人也都很满意这个乘坐空间的！,[舒适],舒适性是一流的，空间够大，然后乘车的环境就足够安静，而且有接近四五百公里的续航，平时开空调也完全不用担心电量不够。,[操控],在同等级别的SUV里面，新能源的车子可能会稍微比较稳重一些，在高速行驶的时候不容易抖，但是转向这个问题确实是SUV的通病。,javascript:;,展开全部,上班
"
    发表于  2021-04    

      
        
    
    
",提速快，起步稳重，日常开足够用了，稳稳当当的才是最重要与安全的，在高速上超车很轻松简单。,https://image1.xcarimg.com/attachments/my/1/89/59/687_120.jpg,xuser1905968,三星会员,4.63,外观,5,内饰,5,续航,5,空间,4,舒适,4,动力,4,操控,5,性价比,5,购入信息,爱车车型,https://newcar.xcar.com.cn/m59941/,2021款唐EV改款 四驱高性能版尊荣型,购入时间,2021/1/1,购车地点,天津市路迪恒泰汽车销售有限公司 [天津市],裸车价格,26.13万  (厂商指导价 28.35万),续航里程,433km,购入用途,爱车简评,空间相当的满意，坐在这辆车上感觉非常的舒适，而且后备箱的容积也很不错，每次自驾游回来都能带上很多特产。,,爱车评价,,,,,,[最满意],觉得这辆车最出色的还是空间这一块吧，毕竟是一辆重型的SUV车长，达到了接近4米9，宽度也有两米左右，一家四口人坐在里面感觉就跟移动的头等舱一样舒服，视野通透，空间巨大，而且难能可贵的续航达到了快接近五百公里这辆车去周边城市进行自驾游，完全也不会有担忧电量不足的尴尬。,[外观],[不满意],外观的颜值是我对这辆车最偏爱的地方，大气豪华，时尚有气质，最喜欢它的前脸设计，这个外观开出去回头率贼高。,没有挡泥板，由于车轮相对车身宽一些，前轮很容易把泥甩在车门上，非常影响美观，如果有挡泥板就好了,[动力],[性价比],[内饰],自己从小就是个科幻迷，在选择这一块当然也是秉承着我以前一贯的审美风格，选择了新能源的汽车，然后在空间这一块自己的要求又比较高，像国外火热的特斯拉又是轿车款，所以说我把目光放在了我们自主品牌上，觉得比亚迪的唐EV，无论是空间还是续航里程，各方面都能满足我自己对车子的预期。,国产车的内饰都是比较有质感的，而且视觉冲击高，唐EV整车的质感可以说相当的高，而且材质也很不错，做工仔细，整体还算不错,[续航],这款车在续航能力方面非常强悍，和燃油车相比的话，充满一次可能没有加满一次油跑的远，但是在新能源汽车里，比亚迪唐的续航能力已经非常给力了，而且充电要比加油省太多钱了,[空间],车辆整体空间非常大，全家乘坐也依旧不局促。 男性178，头部还有一拳，腿部空间也不错，整体来说，前排，第二排空间都非常大，第三排空间略小，但也并不局促。日常五人以下出行，空间超大，七口人出行也可胜任,[舒适],车辆整体驾乘体验不错，非常舒适，长时间驾驶也没有出现不适。空调温度分前后两区控制，可以单独开户后排空调，大幅提升后排乘坐体验。图书馆级静谧座舱，名副其实，胎噪和风噪控制的都非常好,[操控],车辆操控性能良好，转弯刹车等环节控制出色。并线辅助大大提升了驾驶安全感，城市拥堵路段与高速路段均表现不错。方向盘转向精准，转弯半径对于这个大小的车来说相当可以。高速行驶，转弯时车身都很稳。,javascript:;,展开全部,接送小孩
"
    发表于  2021-04    

      
        
    
    
",动力十足，爆发感很强，驾驶起来很稳，四点五秒破百的动力，可以说同价位没有比唐更快的车了。,https://image1.xcarimg.com/attachments/my/1/89/59/683_120.jpg,xuser1905968,三星会员,4.5,外观,4,内饰,4,续航,4,空间,5,舒适,5,动力,5,操控,5,性价比,4,购入信息,爱车车型,https://newcar.xcar.com.cn/m59941/,2021款唐EV改款 四驱高性能版尊荣型,购入时间,2021/1/1,购车地点,上海彤新汽车租赁服务有限公司 [上海市],裸车价格,26.12万  (厂商指导价 28.35万),续航里程,432km,购入用途,爱车简评,最满意的地方是它的颜值与续航能力，这车辆的颜值真的很高，是我喜欢的外形，很符合我的审美眼光，简约大气，造型时尚，一次充满电之后，光上下班的话，两天可以不用充电，所以续航能力还是挺强的,,爱车评价,,,,,,[最满意],爆发力十足，综合性能也很强大，相比同等价位的车，它很优秀。,[外观],[不满意],外观运动感十足，时尚感十足，车缝间做工也很细致完美，我喜欢。,储物空间不是很理想，不方便储物，不适合带着一大家子去旅游啥的，车身稍微有点长，每次停车有点吃力，但是扬长避短综合还是很理想的。,[动力],[性价比],[内饰],颜值高，空间大，最主要是家人喜欢！而且这辆车也符合我们全家人出行的需求，价格在我们的预算范围！,整体软包比较多，看起来比较上档次，车上的配置很多高科技，很强大。特别喜欢的就是这个档杆，看起来充满着科技感。,[续航],相比油车，我更倾向电车，性价比高，不管电车多么耗电，都比油车省钱，油车加一次油都够电车一个月的电费还有余，而且油车一个月还不止加一次油，看好新能源电车哦。,[空间],对于家里人口比较多的情况来说，开放7座的座位是很紧凑的，储物就不太理想，要是一家四口的，空间是很优越的，3个人葛优躺是可以实现的，第二排放倒睡个大觉是完全没问题，空间够够的。,[舒适],整体的舒适感还是非常不错的，座椅很软很舒服，车子的通行性也非常不错，就是隔音差点意思。,[操控],宽大的车身，扎实的底盘，对于经常行驶在高速上的驾驶者来说，安全指数很强大的，这一点让我很满意、很放心。,javascript:;,展开全部,自驾游
"
    发表于  2021-04    

      
        
    
    
",整台车子的动力表现我觉得不错，平时在驾驶的过程中，我觉得它的油门响应非常的及时，所以我在超车和变道的时候，感觉车子特别的给力，而且我也感受了一下在跑高速时的他的动力情况，感觉没有什么困难的，还是非常有劲儿的,https://image1.xcarimg.com/attachments/my/1/89/59/661_120.jpg,xuser1905966,三星会员,4.5,外观,4,内饰,5,续航,5,空间,5,舒适,5,动力,4,操控,4,性价比,4,购入信息,爱车车型,https://newcar.xcar.com.cn/m59941/,2021款唐EV改款 四驱高性能版尊荣型,购入时间,2021/1/1,购车地点,北京福铃景瑞新能源汽车销售有限公司 [北京市],裸车价格,26.11万  (厂商指导价 28.35万),续航里程,431km,购入用途,爱车简评,第一就是为了降低使用成本，第二的话就因为颜值高，而且空间大，所以就选择了。,,爱车评价,,,,,,[最满意],最满意的就是这台车子的整体性价比吧，这样的外观这样的配置以及这样的价格，我觉得真的是蛮不错的选择,[外观],[不满意],整台车子的外观造型我觉得还是挺不错的，尤其是车灯的设计，看起来挺有亮点的，还有就是车子的前脸造型，我觉得看上去也是十足的大气，非常的喜欢,我对这台车子目前不太满意的地方就是觉得他有的时候噪音挺大的，当时在试驾的时候，其实我没有发现这个问题，因为速度开的比较慢，只是后期在跑高速的时候，感觉噪音还是挺明显的,[动力],[性价比],[内饰],买这台车子也算是一个巧合吧，当时是陪朋友一起去看车的，他没有看中这台车子，但是我却喜欢上了这台车子，因为我觉得价位挺合适的，而且造型上又非常的吸引我，我看着觉得非常有眼缘，销售人员也是比较热情的，我觉得是一个物有所值的座驾,内饰的设计我觉得可以的，不管是颜色的搭配还是它材料的使用，我觉得都不错，在功能的配置上我也是有过一番考察的，觉得足够满足出行时的使用需求,[续航],这台车子的续航能力完全没有问题，因为我其实每天用车的时间也不算太长，主要就是上下班开这台车子比较多，所以完全能满足。,[空间],整台车子的空间我觉得还是没有问题的，尤其是它的乘坐空间设计是比较理想的，对于我身高1米75的人来说，不管坐在前排还是后排空间都是足够用的，而且我觉得后备箱设计的不错，开口比较宽，所以放一些大件物品的时候是特别轻松的,[舒适],整台车子的舒适性我觉得还是可以的，因为从乘坐的角度上来看，我觉得空间合适，而且座椅也不硬，包裹感特别的好，坐在车内的时候有一种非常放松的感觉，只是在驾驶的过程中，我觉得车子的胎噪声音比较明显，在市区的话没有什么影响，但是在跑高速的时候感觉会听到比较大的噪音,[操控],在操控性能上，我主要注重的是车子的刹车和油门的灵敏度，这台车子刹车油门表现非常的线性，反馈非常的及时，所以对我来说感觉是很安全的,javascript:;,展开全部,购物
"
    发表于  2021-04    

      
        
    
    
",,https://image1.xcarimg.com/attachments/my/0/31/07/258_120.jpg,郭杰v,新手上路,4.5,外观,5,内饰,4,续航,5,空间,3,舒适,5,动力,5,操控,4,性价比,5,购入信息,爱车车型,https://newcar.xcar.com.cn/m59943/,2021款唐EV改款 四驱高性能版创世旗舰版,购入时间,2021/4/1,购车地点, [北京市],裸车价格,31.48万  (厂商指导价 31.48万),续航里程,500km,购入用途,爱车简评,运动模式不敢踩到底，太快了。平时用经济模式吧，安全第一！特殊路况行驶动力：特殊路况还是别挑战了，这玩意就是公路SUV，别没事越野，那都是赶上路垮了没办法，和某些人骗流量的事。,,爱车评价,,,,,,[最满意],各方面都还满意，但谈不上最，硬要选出个最来，那就是安全了。这里说的不是抗不抗撞，比亚迪有多抗撞大家应当多少有了解，但再抗撞也撞不过墙不是？我说的安全是视野好，有突发情况能更早发现，比如前车的前面有个事故车，前车躲过去了，咱没准备撞上了，这种情况老司机也怕。视野好，很重要。至于其它方面，感兴趣的可以往下看。,[外观],[不满意],我倒是希望能设计成歼星舰造型…现实的话，挺规矩吧，不丑也不酷。顺便说一下，汉的什么龙造型给别的车型也用上，其实就掉价了，想想辉腾。车灯设计：不错，没学灯厂那种烦人的东西就挺好。钣金车漆：本来以为灰色耐脏，见到实车发现红的更耐脏。不过灰色好看。,打错字了感谢网友提醒。NFC很多手机不支持。不是手机有NFC功能就支持，必须是某些国产手机，当然大部分国产带NEC的都支持。但是这个功能好像没多大用，因为身上有钥匙就可以按门把手上的小方块解锁，没钥匙又不能开走。遥控功能不好用，也可能我没玩会呢，不过用处没多大。,,[性价比],[内饰],性价比高，但感觉能再降一万左右，不过我是等不急了。购车：不仅没有任何优惠活动，抽奖都不参加，还这也要钱那也要钱，灭火器都不舍得送。4S店售后服务：比亚迪的4儿子出了名的差，我已经做了最坏的打算，不过并没有想象中那么烂，可能是因为去了家最好的店。就说一件事，前前后后去了四趟，加起来一共十几个小时，只喝到半杯水。品牌评价：技术流的车企，服务品质是瓶颈！保养维护：花4900续了五年保，八年内放心用。主要怕大屏幕换一块要上万。相比之下天逸续保五年只管三大件就需要6000。维护费用比油车省一半吧。,内饰只有马棕和屎黄色，还好有棕色，否则我得用一百字喷它。☆内饰设计风格：家用风格，舒适稳重实用。内饰材质：真材实料非常好多媒体：比较烦自带的玩意，能卸载的都卸载了。电动生活APP很差劲。☆氛围灯：氛围灯颜色任意换，但是亮度好像调不了。异味异响：新车没闻到异味，只有皮子味，空调有绿净功能。K歌：%buffered00:00/00:15倍速高清车载KTV，不知道外面隔音怎么样，路人走过好像没什么反应，要是声音太大就尴尬了。,,,[空间],驾驶室空间特别舒适，一米九进来也不会嫌小，前提是会调座椅上下位置。二排空间算适中，毕竟中型SUV，比紧凑型车大不少，比A6L感觉小一点点。☆第三排空间：第三排座椅没有用，小孩也伸不开退，绝大多数时间是放平了储物，怎么也想不通为什么不设计五座的，2018款明明就有。这也是我给空间评分低的原因。☆空间设计亮点：驾驶员位置有小储藏室。后备厢容积：只要放倒第三排，就能躺进去睡觉。不占用第三排的话只能放菜。,[舒适],悬架软硬适中，对比一下开天逸跟坐船似的，开CRV跟坐火车似的。车内噪音：哪有什么噪音啊，从别人身边开过去跟鬼一样吓人一跳。☆空调温度分区控制：前后左右分区控制，还是有用的。座椅舒适性：顶配的座椅非常舒适，其它的非真皮不知道。☆PM2.5过滤装：这功能还是很实用的！自动净化速度很快。,[操控],方向盘有些重，可以调节成运动模式。刹车也是两个模式选择，一个很灵敏，一个很温顺，刹车踏板特别硬。上路还可以，感觉确实没有法国车（家里有辆天逸）跑着稳，底盘很重要！刹车表现：动能回收开强力的话很少会踩刹车，刹车有些太灵又不太灵，太灵是踩下去一点就停，不太灵是踩着比较硬需要用点力，这样很安全但不舒服。或许是习惯了油车那种离合器的感觉吧。☆车道保持辅助系统：没试过，不信这个，就怕识别错了出事。以目前的科技水平还是自己掌握踏实。☆主动刹车：最好不要出现主动刹车的情况四驱稳定性：试着40kph拐了个弯，肯定不如轿车稳，但不比进口X1差。方向盘操控感：转弯半径较大，转向很精准。,javascript:;,展开全部,上班
"
    发表于  2021-03    

      
        
    
    
",动力十足，都快比上燃油车了，推背感很强，起步也感觉不肉，在超车方面也是轻轻松松的哦。,https://image1.xcarimg.com/attachments/my/1/88/76/343_120.jpg,xuser1897634,三星会员,4.63,外观,4,内饰,5,续航,4,空间,5,舒适,5,动力,5,操控,4,性价比,5,购入信息,爱车车型,https://newcar.xcar.com.cn/m58591/,2021款唐EV四驱高性能版尊荣型,购入时间,2021/2/1,购车地点,辽宁兴旗汽车销售服务有限公司 [辽宁省],裸车价格,26.3万  (厂商指导价 28.35万),续航里程,400km,购入用途,爱车简评,选择这款车的原因是，有着高科技配置，加上颜值。令我十分钟意。之前就有了买比亚迪的想法，这款唐新能源更是令我满意。所以我买了下来了这款。,,爱车评价,,,,,,[最满意],这款车的动力非常十足，也让我看上了这一点，也并不是燃油车，但是差不多已经达到了燃油车的动力。续航能力也是非常不错，不管是长途还是跑短也是很稳定，外观也是要说一下，看起来也是时尚大气，车子的全车上下充满着运动感，前脸设计的也是霸气十足。,[外观],[不满意],因为是纯电动车，所以它的前脸比着比亚迪其他车款上得设计更大胆有张力，配上犀利的大灯组，让整个车头都看起来很有精神，我比较喜欢它的侧面，稳重霸气，看着就有一种安全感,大轮毅非常的漂亮，不过由于这车的性质，舒适度上不是很理想，毕竟这车追求的就是速度，这点我也是能够理解的,[动力],[性价比],[内饰],我认为车子也是男人的门面，前几年开着我的面包车跑着做生意拉货也积攒了积蓄，但每次出门和朋友们出去玩面包车确实很掉价，如果买辆燃油车不仅要考虑上牌的问题，还有限号，我们这里限单双号，这样买辆车的意义就不是很大了，在新能源车中我一眼就相中了唐ev，霸气侧漏的外观，稳重的气质犀利的大灯组，试驾的时候动力上给我的感触很大，起步快，加速的快感让我对它心有所属，更不我会说它丰富强大的安全配置了，所以我的第二辆车不将就，就是有面儿的唐ev,车内的布局看着比较顺眼按键上的操作有质感，其实很多功能都集成在了大屏上，流畅不卡顿，还能够来回旋转，行车中总能调节到一个方便操作的角度,[续航],一般的的速度的话，耗电是会比较低的哦，我开的比较快的话到是耗电快起来，这平常正常开就不会那么多啦！,[空间],车内的空间是比较宽敞的，我190的身高坐进去是刚刚好，头部和腿部还有空余的空间，驾驶视野也比较的开阔，后排座椅不仅腿部宽敞，横向空间也不错，座椅还可以前后的移动，我感觉这样空间的灵活性比较的好，后备箱也比较的大，能装,[舒适],车子的椅子很舒服，包裹性不错。还有车的声音非常小。这很不错，就是悬架偏硬。,[操控],操控的也不错，转向精准，没有感觉到虚位。在刹车方面也挺灵活。,javascript:;,展开全部,上班
"
    发表于  2021-03    

      
        
    
    
",小唐虽然说是新能源车，但是它的动力真的很强劲，超车也毫无压力，起步与提速也不错，很灵敏，反应很快。它的车身不会让你觉得很笨重，动力上一点也不虚，真心给力，不错！,https://image1.xcarimg.com/attachments/my/1/88/47/545_120.jpg,gh1614386276,三星会员,4.63,外观,5,内饰,4,续航,5,空间,4,舒适,5,动力,5,操控,5,性价比,4,购入信息,爱车车型,https://newcar.xcar.com.cn/m58591/,2021款唐EV四驱高性能版尊荣型,购入时间,2021/2/1,购车地点,长春兴盛汽车销售有限公司 [吉林省],裸车价格,26.29万  (厂商指导价 28.35万),续航里程,399km,购入用途,爱车简评,最满意的是唐ev的外观和动力，有张力的前脸比比亚迪其他几款王朝车型都要的霸气，犀利的大灯组点亮后的蓝光，也是它身份的象征，动力上我感觉不仅仅是强劲了，开着它就是一种刺激的驾驶感，在路上是真霸道,,爱车评价,,,,,,[最满意],我对小唐满意的地方很多，虽然说它只是新能源车，但是它的表现真的很不错，不管是颜值还是内饰，都是我喜欢的，而且它的动力也很充足，操控也相当的方便，灵敏。这样的小唐我很喜欢。,[外观],[不满意],小唐的外观我真的很喜欢，当然我最喜欢的就是它前脸的造型，很犀利，家族化的龙脸设计，看起来很大气时尚，而且又很霸气哦，还有它重黑的盔甲式中网隔栅和下包围“锋利”的镀铬装饰，也相当有设计感。这颜值真的赢得了很多人的喜欢。,我的小唐到目前为止，也没有出现过什么问题不管是上下班，还是出门去玩，它都表现的相当的好，所以我目前对小唐没有什么不满意的地方。,[动力],[性价比],[内饰],现在买车就是为了自己方便，而且现在的车做的也越来越好了，也越来越高科技。随着新能源车发展的越来越好之后，我也买到了，又省钱又便利的车子，当然就算是新能源车，也是需要精挑细选的，所以在对比了无数车子之后。我选择了比亚迪的唐新能源，因为在第一眼见到它的时候，我就被它的外观吸引了。,它的内饰设计的很不错，车内的按键分布的也很合理，使用起来也是相当的方便，容易操作，而且它的中控大屏也很是吸引人，看着就很舒服，当然使用起来也是相当的流畅。最最主要的是它的内饰设计的简单大气，科技感满满的，隔音效果也做的非常不错，坐在车内的时候没有什么噪音，说真的，这样的内饰对于我来说那是相当的喜欢！,[续航],小唐的电耗，至少在我看来它还是很省电的。毕竟小唐的续航真的是相当不错的啊，这样的续航完全可以满足每个家庭的日常所需，不会拖你的后退。因为我平时开车就是为了自己上下班的方便，所以用车的时间也不会太久，我平时也就是一个星期才充一次电，一点也不会费电。所以这样的续航能力，还有什么不心动的呢！,[空间],小唐的空间很宽敞，每次坐在车内的时候都感觉到很宽松，前排的位置相当的充足，坐进去感觉自己的腿部空间还是有宽松的地方。后排位置也很充足，坐三个人也绰绰有余，而且后备箱的位置也很不错，可以让我放很多的东西，特别是出去玩的时候，空间的用处最大。,[舒适],小唐的舒适度我真的是很满意，车内空间宽敞，不会让人感觉到压抑与憋屈，让坐在车内的人不会觉得晕车什么的。当然最直接的体验，应该就是它的座椅舒适度了，座椅很是柔软，坐着也相当的舒服，整体的舒适度感觉还是相当不错的。,[操控],小唐的操控也很不错，整车的操控感觉相当的平稳舒适，很稳重。它的方向盘不轻不重，刚刚好。而且它的触感也是非常的舒服，大小刚好适合我，转向也很精准，指哪里打哪里，没有一点虚位，操控是非常容易上手啊，各种功能按键用起来也很顺手，整体还是很满意的。,javascript:;,展开全部,上班
"
    发表于  2021-03    

      
        
    
    
",开着有点跑车的感觉（虽然没开过），变速挺顺畅的，不过速度加上去电耗也有点惊人，雪地模式的加速和刹车感觉也很平滑。,https://image1.xcarimg.com/attachments/my/1/88/54/213_120.jpg,xuser1895421,三星会员,4.63,外观,5,内饰,4,续航,4,空间,5,舒适,4,动力,5,操控,5,性价比,5,购入信息,爱车车型,https://newcar.xcar.com.cn/m58591/,2021款唐EV四驱高性能版尊荣型,购入时间,2021/2/1,购车地点,齐齐哈尔粤华远通汽车销售有限公司 [黑龙江省],裸车价格,26.28万  (厂商指导价 28.35万),续航里程,398km,购入用途,爱车简评,哪都好，完美，尤其dilink，天下无敌，内饰座椅舒适性秒杀特斯拉。我买的蓝外米内，估计比较少见，拍照水平有限，大家凑合着看。选择比亚迪就对了！,,爱车评价,,,,,,[最满意],我是个颜值控，满意的是它酷炫的外观，造型挺前卫的，还有十分具有科技感的内饰，当然它500km的续航里程也很关键。,[外观],[不满意],前面的蓝色冷光大灯深邃的眼神很漂亮，本来想选白色的，但是看到赤帝红就打消了这个念头， +2000也感觉值得。,天气极端的情况下表现不好，刚提车的第二周就迫不及待的开去滑雪，当时还是满电的，结果赶上大雪，本来以为260公里路很轻松，结果差点被扔在半路上，到达目的地的时候仅剩下两成电量，还是在没开空调的情况下，比预计到达的时间晚了挺多，耽误了上山的时间。,[动力],[性价比],[内饰],女生的话颜值当然有加分，炫酷的红色金属漆还有爽朗的外形，当时也和其它车辆像轩逸等比较过，不过最后综合下来还是比亚迪适合我的需求。,这里表扬一下中控大屏使用起来很流畅，触摸手感不错，音响效果也不错。虽然新车刚提的时候有点味道，不过还是可以接受，现在车里放了一些碳包，味道也改善了很多,[续航],在开空调的情况下能够行驶400千米左右，不开空调可以达到420~430的样子，续航方面我是比较满意的，而且充电比较快一般几个小时就可以充满。,[空间],空间很宽敞，本人1米7也不高，坐在驾驶座头部以及退步空间都绰绰有余，长途也没什么压力，后排座椅可以调的很平。储物空间挺大，后备箱的空间也能够满足日常的使用。,[舒适],舒适性就不用多说啦，座椅可以多方位调节，还有加热通风功能。降噪水准也对得起这个价钱，不过减震不是很完美。,[操控],方向盘的手感挺好，过弯顺畅，有个缺点就是会有点飘。刹车很灵敏，还有360度全景感应。,javascript:;,展开全部,上班
"
    发表于  2021-03    

      
        
    
    
",动力非常快，电动新能源车，电机的反应速度要比燃油机快很多，直线加速，同级别无敌，可以说是秒杀，而且变速箱匹配也很到位，4.6秒的百公里加速推背感很强。就算在日常驾驶的普通道路上的加速，响应速度也很快，超车一流。,https://image1.xcarimg.com/attachments/my/1/82/57/539_120.jpg,gh1582518898,用户被禁止发言,4.63,外观,5,内饰,4,续航,5,空间,4,舒适,5,动力,4,操控,5,性价比,5,购入信息,爱车车型,https://newcar.xcar.com.cn/m58591/,2021款唐EV四驱高性能版尊荣型,购入时间,2021/2/1,购车地点,黑龙江宏达旭龙汽车销售服务有限公司 [黑龙江省],裸车价格,26.27万  (厂商指导价 28.35万),续航里程,397km,购入用途,爱车简评,舒适性不错，配置齐全，座椅有加热，通风。语音控制也是很方便智能。整体感觉可以的，算不上顶级罢了，具体感觉如何，要看个人期望了。,,爱车评价,,,,,,[最满意],我选择唐的时候没有过多的犹豫，方方面面唐EV都给我非常满意的答案，无论是性能、外观、还是舒适性，这些我都非常非常满意,,[不满意],,没有什么特别不满意的地方，唯一不满意就是新车异味有点大，到现在都还有点味道，还有隔音方面稍有点差，车速上去后，风噪胎噪很明显，关着门都能感受到。,[动力],[性价比],[内饰],本身自己就想更换一部新能源电动车，支持环保嘛，然后也听说比亚迪的新能源车做得很不错，到店试驾后发现电动车比燃油车动力强劲很多，还有该车的外观、空间、操控都无可挑剔，最主要还省钱，新能源电耗真的要比燃油机省钱很多，后期也不用特别大的保养工作，总体来说买得值。,内饰布局很棒，可商用可家用，大屏幕看上去科技感很强，真皮座椅，全景天窗，七色氛围灯，感受到了国产豪车的品质。,[续航],续航能力很满意，但没有传说中续航500公里那么长，从一次电大概可以走429公里左右，平时主要还是市区上下班开得比较多，充电一次，基本能跑一个星期，按照目前的行驶里程，平均百公里耗电17.5千瓦左右，折合人民币也才14块钱，真的比燃油机省钱很多。,[空间],空间整体很满意，我身高178，调整好驾驶位置，前排位置宽松舒适，不会顶头，腿部伸晨也自如。后排座椅空间也很宽敞，翘二郎腿都没问题，坐三个人更是不在话下，而且不会拥挤和难受。后备箱空间要给赞，真是巨大，有900多升的空间，第二排放倒后空间就更大了，放上3个24寸的行李箱还有很多空间放其他东西，估计拉个大冰箱都可以了。,[舒适],座椅舒适性高，有座椅通风和座椅加温，座椅加热通风真的非常不错，夏天坐久不会闷热难受，透气性极佳，不过隔音方面稍差，胎噪风噪表现比较明显。,[操控],全时四驱真的好，并线转弯稳定性极强。不显笨重，刹车灵敏性极高，方向盘手感也极佳，在ECO模式下确实很轻，而且不会出现有飘的感觉，过弯很顺畅，偏离车道的震动提醒功能也非常实用，整体性很棒。,javascript:;,展开全部,上班
"
    发表于  2021-03    

      
        
    
    
",由于第一次开新能源车刚开始还有点不适应，因为它的起步非常的轻快，而且是电机驱动没有发动机的那种轰鸣声，不由自主的话就会踩踏板速度就上来了，一不小心就会超速。总之这个动力开起来是非常的给力，加速超车都是非常游刃有余的。,https://image1.xcarimg.com/attachments/my/1/88/76/312_120.jpg,xuser1897631,三星会员,4.63,外观,5,内饰,5,续航,4,空间,4,舒适,5,动力,4,操控,5,性价比,5,购入信息,爱车车型,https://newcar.xcar.com.cn/m58591/,2021款唐EV四驱高性能版尊荣型,购入时间,2021/2/1,购车地点,河南宇鼎缘汽车销售服务有限公司 [河南省],裸车价格,26.26万  (厂商指导价 28.35万),续航里程,396km,购入用途,爱车简评,新能源电动车非常满意，绿色环保，动力充足，开着很舒适，动力确实比想象中要好太多，不说别的，就说超车，路上行驶90%的车型都可以轻松超过，空间也是非常大，后排放倒整个人躺下去都没问题,,爱车评价,,,,,,[最满意],外观精致大气，车内的空间也是蛮宽敞的，前排驾驶视野开阔，后排的乘坐空间也宽敞，车里不管是前排还是后排都有腰部调节和通风的功能，所以不管坐在哪个位置都会感觉很舒服,[外观],[不满意],车身偏大，侧面上的话就感觉车子非常的稳重，看起来也有安全感，正面看的话前脸非常的大气，龙脸的造型不得不说是比亚迪一个很成功的设计，每次行走在路上都会吸引好多人的目光。,上牌难与限号出行的问题，让我也转向了新能源，比亚迪在这方面做的是佼佼者，有配置有动力性能，外观上也比较的出众，不过我还是感觉价格上有点高，买车的时候还没有优惠,[动力],[性价比],[内饰],近两年一直都在考虑换车的事情，比较喜欢suv，车子的底盘高通过性好，而且整车的视野也比较的开阔，太小的话家人坐着拥挤，所以一步到位就买辆大空间的，考虑到限行和上牌的问题就选择了新能源，比亚迪近两年的进步是挺大的特别是它的全新外观设计，以及强劲的动力都让我很喜欢。,车内的设计简约精致，最吸引人目光的就是那块儿超大的中控显示屏了吧，感觉和随行的小电脑没什么区别，一般的app都能在上面找到，功能还多，不论是吃鸡刷抖音还是上网购物看视频都挺流畅的，可以说是副驾驶得一个福利,[续航],车子的充电速度还行，一般充满电后续航能达到420公里左右，一般也就是市内开的情况下比较多，没有去过太远的地方，有时候还会开空调，所以对这个续航还是比较满意的。,[空间],作为一辆中型SUV来说，它的宽度和长度都给予了非常充裕的空间，我180的身高坐进去，头部距离车顶还有近一圈半的距离，后备箱的空间非常的大，外出旅行的话能装下全家人的行李，而且没有问题，车内还有一些小的储物格，一些小物品都能找到合适的位置处方。,[舒适],车子的静谧性是燃油车不可比拟的，由于和燃油车动力源的不同，这车在行驶过程中非常的安静，高速上过了120，可能会听到轻微的噪音，但是开开音乐就没有什么了，座椅的包裹性和支撑性挺好的，坐上去很舒服，空调的制冷也很快。,[操控],车子的轮胎大车底盘高，不论是过市内的肩坎儿或者是郊外坑洼的路段，它都能很好的通过，而且还不会刮伤到底盘，这个车的长度还可以，方向盘转弯的话半径也合理，每次拐弯的话都不需要打太多的圈，都可以转过去了。,javascript:;,展开全部,上班
"
    发表于  2021-03    

      
        
    
    
",动力的话就更不是什么太大的问题，起步加速要快很多，超车什么的又不是问题。,https://image1.xcarimg.com/attachments/my/1/88/76/302_120.jpg,xuser1897630,三星会员,4.63,外观,5,内饰,4,续航,5,空间,5,舒适,4,动力,4,操控,5,性价比,5,购入信息,爱车车型,https://newcar.xcar.com.cn/m58591/,2021款唐EV四驱高性能版尊荣型,购入时间,2021/2/1,购车地点,保定市天地人合汽车销售服务有限公司 [河北省],裸车价格,26.25万  (厂商指导价 28.35万),续航里程,395km,购入用途,爱车简评,最满意的就是它的外观了，我觉得它的外观真的非常符合我的要求，让我感觉非常舒服，还有就是他的空间，这一方面我是特别满意的，因为它的空间真的非常充足，还有就是它的续航我很满意,,爱车评价,,,,,,[最满意],最满意的还是这款车的空间设计足够大了，无论是驾驶者还说是乘坐者的感受都是非常不错的，其次他的常规续航能力也还不错。,[外观],[不满意],外观红色的话更显他的尊贵感，车头设计我非常喜欢，一个大大的唐字特别突出。,最不满意的一点就是他的动力，这一方面我觉得是不太充沛了，就是开起来的话有一些，动力不足，还有就是他的内饰刚买来的时候会有很严重的异味,[动力],[性价比],[内饰],选择这款车最重要的还是新能源汽车的舒适度要比汽油车的舒适度好很多，也安静一些，但是速度什么的并没有落后太多。,内饰这方面我不是特别满意，因为刚买来的时候它的内饰的异味会比较重，但是它的设计风格我还是挺喜欢的,[续航],续航这方面我还是挺满意的，他的正常续航都是保持在500公里左右，充电的话三四天充一次,[空间],对他的妙思乐就是一个大，后排座椅并不是特别靠前，所以坐在沙发上躺着还可以有多余充沛的空间，确实不错。,[舒适],舒适性从整体上看还是不错的，车子的座椅不仅大，而且坐起来还很舒服。,[操控],操控起来很轻松就顺手，开起来也舒服，车子轻飘飘的感觉，但是很稳。,javascript:;,展开全部,上班
"
    发表于  2021-03    

      
        
    
    
",最大功率360千瓦，最大扭矩660，动力抢是比较给力的，一脚油门下去推背感来的很是直接，刚开的时候还有点不习惯，脚上的力度控制不好，猛的加速，多开几次就能掌握好力度可，开着是挺爽,https://image1.xcarimg.com/attachments/my/1/88/76/293_120.jpg,xuser1897629,三星会员,4.5,外观,4,内饰,5,续航,4,空间,5,舒适,4,动力,5,操控,5,性价比,4,购入信息,爱车车型,https://newcar.xcar.com.cn/m58591/,2021款唐EV四驱高性能版尊荣型,购入时间,2021/2/1,购车地点,唐山市金利海汽车销售有限公司 [河北省],裸车价格,26.24万  (厂商指导价 28.35万),续航里程,394km,购入用途,爱车简评,因为有了二胎宝宝就想换一辆大空间的车，看了好几款合资的中型suv，没有优惠而且配置智能上不是很满意，后来了解到比亚迪唐ev，电动四驱，百公里加速4.6s，有五座和七座,,爱车评价,,,,,,[最满意],最满意的就是它的颜值和动力，这点没有老友反对的吧，而且新能源车绿色环保，开着也是很舒服的，用车成本还低，听销售说保养也便宜，小保才100来块钱，大保500多元一次，这可比燃油车要便宜很多了。,[外观],[不满意],比亚迪唐这台车的外观这一方面我觉得还是不错的，它的龙颜设计外观感觉过去就非常好，我尤其喜欢这台车的侧面，看起来特别的优雅。造型运动感很强烈，车身的线条比较饱满。,我最不满意的地方就是它的隔音了，唐EV的动力，非常的大。平时家族非常的快，但是在车子跑到120迈以后，噪音会很明显的感受不太好。,[动力],[性价比],[内饰],当时和女朋友起去看车的时候觉得这车还是挺漂亮的，作为代步车来讲它的各个方面我都非常满意，性价比也比较高，然后和女朋友商量了一下，就买下了这台车。唐EV用起来也确实非常经济。,我的这台车内饰设计风格我还是比较喜欢的，内饰造型设计中庸。就是偏简约风的那一种，我个人非常喜欢这种简单轻奢的感觉。中控台还有个超级大的屏幕，特别的赞。,[续航],小区楼下有充电桩，到位附近也有，充电的问题是解决了，充一次电能跑个四百公里的路程，平均四五天充一次电就足够了。,[空间],空间这一方面我有一些不满意，我身高185，体重130斤，坐在车子前排的话，我觉得有一些拥挤。 感觉空间这块还是不是非常优秀的，后备箱也非常大。,[舒适],车内空间宽大，坐进去没有一点压抑的感觉，而且是想怎么舒服就怎么坐来，座椅真皮的手感好，夏天坐上也不闷热，我感觉座椅背部的贴合度挺好的，行车中车内比较的安静,[操控],操控上是比较顺手的，平顺性好，电动车先天的优势，还是双电机四驱，操控上是很有手感的，而且方向盘也不重容易打转向，会随着速度的提升增加一些力度感,javascript:;,展开全部,上班
"
    发表于  2021-03    

      
        
    
    
",动力方面，个人感觉十分充沛，电门响应相当快，加速感时推背感实足，整体的动力方面均衡十分充沛的,https://image1.xcarimg.com/attachments/my/1/88/76/283_120.jpg,xuser1897628,三星会员,4.5,外观,4,内饰,4,续航,5,空间,4,舒适,5,动力,4,操控,5,性价比,5,购入信息,爱车车型,https://newcar.xcar.com.cn/m58591/,2021款唐EV四驱高性能版尊荣型,购入时间,2021/2/1,购车地点,河北同驰汽车贸易有限公司 [河北省],裸车价格,26.23万  (厂商指导价 28.35万),续航里程,393km,购入用途,爱车简评,比亚迪唐我最满意的地方就是这台车的操控性了，我觉得它的操控性真的非常好，开起来的感觉特别棒，让我一点压力都没有，还有就是它的外观方面我。也是特别喜欢的，外观给我的感觉就是设计感很强,,爱车评价,,,,,,[最满意],最满意的就是这台车的外形设计特别好看，非常的霸气，看上去很有高级感。,[外观],[不满意],快五米的车身，而且整车的外观还有灯源都带有个性的布局，颜值确实可以说是非常的棒了，挺喜欢的一个外观.,最不满意的大概就是这台车的车身尺寸比较庞大，在市区开的话可能不是那么灵活，稍微有一点笨。,[动力],[性价比],[内饰],因为之前的话一直都是开燃油车，而且家里面的话汽油车好几台，所以想换一个新的体验，一开始也有考虑买个特斯拉的MODEl3但是那个车的话空间还是稍微有点小，而且做工用料真的很一般，非常廉价，所以后面还是选择这个国产的，比亚迪唐EV版本的感觉挺不错的，外形设计很霸气，性价比也挺高的。,内饰相比外观就要显得没有那么漂亮。中控除了大屏也没什么了，座椅舒适度略一般,[续航],整体的续航里程大概在400公里左右，平时在市区开的话，我觉得是挺不错的，一般的话以我的用车习惯来讲，一个月充两次电就可以了，非常的实用，跟加油没有什么区别。,[空间],空间很宽敞，后备箱大，所有的东西全都塞进后备箱还有空余，非常赞。,[舒适],舒适性的表现是很出色的，底盘的减震效果特别好走，一些颠簸路段车依旧就很平稳，而且因为没有发动机，所以运转的时候很平顺，没有其他的噪音。,[操控],方向盘还是有虚位的，速度起来就好点，方向盘轻盈，老婆是新手，驾驭起来也简单，而且底盘很稳。,javascript:;,展开全部,上班
"
    发表于  2021-03    

      
        
    
    
",电机输出动力绝对不一般，这个级别的燃油车基本都不是它的对手。不喜欢动力猛一些建议不要购买，怕你驾驭不了。,https://image1.xcarimg.com/attachments/my/1/88/76/269_120.jpg,xuser1897626,三星会员,4.38,外观,4,内饰,4,续航,5,空间,4,舒适,5,动力,4,操控,5,性价比,4,购入信息,爱车车型,https://newcar.xcar.com.cn/m58591/,2021款唐EV四驱高性能版尊荣型,购入时间,2021/2/1,购车地点,深圳市龙南汽车贸易有限公司 [广东省],裸车价格,26.22万  (厂商指导价 28.35万),续航里程,392km,购入用途,爱车简评,比亚迪毕竟是国内头号的电动汽车厂家，个人感觉完全不输特斯拉特别是在电池技术这一块，所以还是挺值得信任的。因为我平时都是市区上下班使用，所以对于车子的话要求不是那么高,,爱车评价,,,,,,[最满意],四驱车型动力好，噪音小，提速快这都是这款车的优点。,[外观],[不满意],车身基本和普通燃油车没有太大的区别，做工也比较用心，一些配件连接部位缝隙也很小。,冬天电瓶的寿命在东北感觉不是特别好，和正常气温大约能查30到50公里吧。,[动力],[性价比],[内饰],家里面离市区也不是特别远，在城市边缘的农村，最主要的是充电条件非常方便才购买的。,内饰只能用手触摸得到的地方都是软的，百分之八十是软软的材料，内饰偏向简约且不简单的设计,[续航],正常气温下行驶480公里是没有问题的，但是一进入冬天感觉电磁续航减弱了一些。这个是避免不了的。,[空间],后面坐满3个成年人每次都感觉不到拥挤，前面就更不用说了，感觉车内的空间运用非常好。显得比较宽敞。,[舒适],舒适性的表现，我觉得比较一般，悬挂的减震效果不是特别出色，而且高速行驶的时候胎噪很明显。,[操控],加速快刹车反应比较快，油门非常轻盈。对于新手来说也是比较好驾驭的。转弯啥的视野好。,javascript:;,展开全部,上班
"
    发表于  2021-03    

      
        
    
    
",动力十足，提速特别快，市区过红绿灯的时候我永远都是第一个通过的，4.9s果然是名不虚传的，市区经济模式就行了，经济模式很给力，跑高速我也用经济模式，高速几乎全车都是静音状,https://image1.xcarimg.com/attachments/my/1/88/76/260_120.jpg,xuser1897626,三星会员,4.63,外观,5,内饰,4,续航,5,空间,5,舒适,4,动力,4,操控,5,性价比,5,购入信息,爱车车型,https://newcar.xcar.com.cn/m58591/,2021款唐EV四驱高性能版尊荣型,购入时间,2021/2/1,购车地点,广东欧亚特汽车销售服务有限公司 [广东省],裸车价格,26.21万  (厂商指导价 28.35万),续航里程,391km,购入用途,爱车简评,内饰方面会差一些中控大屏看上去比较单一，还有新车的异味会比较严重一些，车内的用料倒是挺不错的，除了中控屏其他地方的做工和搭配挺合理。,,爱车评价,,,,,,[最满意],最满意的就是它的整体行驶质感非常好，跑起来的时候车身很稳，开车的能够轻松驾驶最重要的是跑高速的时候车内静音效果也非常不错。,[外观],[不满意],外观大气，气场十足，年轻时尚，车灯也特别好看，霸气的轮毂，足以能征服每个酷爱suv的人,没什么不满意的地方，要说不满意的话对于我来说是价格吧，我觉得价格偏高一点，当时买车的时候没这么高的预算，但是一眼就看上了这款车，咬了咬牙还是坚持买下了，希望以后可以在价格方面适当的下调，这样的话应该很多人都会购买。,[动力],[性价比],[内饰],出行各种各样的原因从一开始就打算买纯电动车的，电动车这一块除了比亚迪我也没有考虑过其它的车型，因为比亚迪这个品牌也是让我比较信赖。,内饰的话就比较简单了，液晶仪表盘显得很高档上，简单而不复杂的中控台，特别介绍下大屏，可以实现车机互联，导航听音乐很方便，即使是来一盘王者也是不在话下，副驾驶门设有座椅调节，很方便。,[续航],电耗没仔细算过，冬天续航大概在420左右，夏天的话大概是480左右，充一次电可以跑大概一个星期，总体的感觉就是冬天开空调的话耗电要比夏天开空调明显耗电快，充电倒是没什么感觉，,[空间],空间的话不用多说，只要看过车的人都知道，每次带家里人出去老爸都选择坐我的车，因为我的车宽敞，坐着很舒服，玩累了后排可以躺着，完全感觉不到憋屈，当时买车的时候家里人还不同意我买这么大的人，说一个姑娘开这么大车不适用，买个合资轿车就够了，我才不喜欢轿车呢，我就喜欢这大越野，开着特别豪横，现在带家里人出去玩，父母都选择坐的我的车，后备箱的储物空间足以满足我的购物需求，出差放个行李箱都觉得后备箱特别空。这个空间无敌了。感应后备箱简直方便的不要不要的。,[舒适],整车非常舒适，形势过程中基本全车静音状态，驾乘空间特别大，很舒服，特别是后排还设有空调出风口，满满的暖心啊，这简直就是后排座椅人员的福音，给这个设计大大的一个赞，还可以提前开启车上的空调，不管是冬天还是夏天，上车都是舒服的温度。,[操控],转向准确，刹车灵敏，底盘很稳，有时候拐弯的我会加速通过，几乎感觉不到飘，不过不建议大家拐弯加速通过，毕竟安全第一。并线辅助很智能，主动刹车可以避免追尾，安全性极高，买车安全是最重要的一条，这款车安全系数还是很高的。,javascript:;,展开全部,上班
"
    发表于  2021-03    

      
        
    
    
",这就不用多说了，0-100，4.6秒内。电动车的动力输出太爽了。跑高速：我一般高速就自适应巡航车道自动保持，速度控制在110，轻松愉快还安全。,https://image1.xcarimg.com/attachments/my/1/88/04/348_120.jpg,gh1611724597,三星会员,4.63,外观,5,内饰,4,续航,5,空间,4,舒适,5,动力,5,操控,4,性价比,5,购入信息,爱车车型,https://newcar.xcar.com.cn/m58591/,2021款唐EV四驱高性能版尊荣型,购入时间,2021/1/1,购车地点,广东欧亚特汽车销售服务有限公司 [广东省],裸车价格,26.2万  (厂商指导价 28.35万),续航里程,390km,购入用途,爱车简评,唐ev这款车整体比较满意，颜值高，续航长，空间大，提速也很快，动力方面是完全没有问题的，尾灯设计的也非常漂亮，特别是晚上，我唐就是整个马路上最靓的仔，特别拉风，最重要的是充电也很快,,爱车评价,,,,,,[最满意],30万买个比亚迪，很多人认为我疯了。但是每一个坐过、开过我这辆车的人，都说好。唐EV的外观、行驶品质、操控、加速、空间方面我非常满意。并且，比亚迪的黑科技，钥匙操控、放电功能，特别实用。总之，这是一辆国产的好车。,[外观],[不满意],外观没得说，设计的好。旁边路过这车的人，经常问我这车是什么车。,最不满意的目前还没发现。我感觉它是越开越舒服的一辆车。,[动力],[性价比],[内饰],买这款车的理由就是喜欢，很喜欢的这种，开出去特别的拉风，空间很大，而且续航也长，开着很舒服，坐车的人也很舒服。买车不就是为了舒服么，我的目的已经达到。外观内饰都特别棒。 而且还有全景天窗，遮阳帘，配置很全。,内饰简洁。中央大屏是亮点，就是个pad。,[续航],电耗总体控制的还是很好的。冬天开空调略高。 比亚迪空调的制冷确实厉害，真凉啊。,[空间],空间非常大，我这是5座的车，已经能够满足家庭的需要了。乘坐空间：我快190的身高，不管是前排还是后排，坐在里面很舒服。家人乘坐评价：全家出行非常好的一款车，坐5个人一点不拥挤。,[舒适],舒适性非常好，座椅真皮的，通风加热都很好。,[操控],全时四驱，因为电池的平铺，操控起来很平衡。再加上22的马牌轮胎，不愧是赛车胎。但是平时要走不好的路，还是得小心点。,javascript:;,展开全部,上班
"
    发表于  2021-03    

      
        
    
    
",动力的表现还是比较差强人意的，尤其是在起步的时候感觉动力不足。,https://image1.xcarimg.com/attachments/my/1/88/76/241_120.jpg,xuser1897624,三星会员,4.5,外观,4,内饰,5,续航,4,空间,5,舒适,4,动力,5,操控,4,性价比,5,购入信息,爱车车型,https://newcar.xcar.com.cn/m58591/,2021款唐EV四驱高性能版尊荣型,购入时间,2021/1/1,购车地点,厦门市佳凯盛汽车贸易有限公司 [福建省],裸车价格,26.19万  (厂商指导价 28.35万),续航里程,389km,购入用途,爱车简评,外观、空间、操控、电池、加速、四驱、放电功能、4S店服务等都是我选择这款车的原因。,,爱车评价,,,,,,[最满意],我最满意的地方就是这辆车子外观了，红色的大唐看上去是非常喜欢的，刚好今年也是自己的本命年，买个红色的车子冲冲喜。还有就是车子的性价比很高，对比了那特斯x，蔚来es8，es6，理想汽车，最终还是比亚迪唐最有性价比。,[外观],[不满意],车子的外观方面是超级喜欢的，红色的大唐看上去非常霸气，矩阵车灯的设计也是十分亮眼的，还带有蓝光，给我的感觉非常科幻。,我最不满意的地方还是这辆车子的动力问题了。尤其是在起步的时候，油门踩下去，动力不给我反馈，真的是非常难受。,[动力],[性价比],[内饰],因为自己也有一台纯油的路虎车子了，所以现在买过一台车子就想买一辆新能源的车。买车的时候主要考虑的第一点就是安全因素，有公路坦克之称的比亚迪唐，我对他的安全是非常满意的，还有一点就是它的性价比比较高，30几万的价格，配置方面是做的非常齐全的。,内饰也是很不错的手感，摸上去也很棒。车子的物理按键设计的比较多，位置也合理，用起来比较方便。,[续航],车子续航这方面我觉得是够用的，四百多个公里还是很不错的,[空间],空间这方面是非常宽敞的，我一米九的个子，在车内做起来也完全没问题,[舒适],舒适性这方面的话我是很满意的，新能源的车子行驶起来很安静。,[操控],这辆车子的操控是没有问题的，开起来很轻松，方向盘的手感比较轻盈，一只手就能轻松的转动。,javascript:;,展开全部,上班
"
    发表于  2021-03    

      
        
    
    
",车子的动力没得说，百公里加速几秒来着，体验非常的棒，不过平时我并不敢那么开，我开车还是挺温柔的。平时体验最好的地方就是他的起步非常迅速。,https://image1.xcarimg.com/attachments/my/1/88/76/235_120.jpg,xuser1897623,三星会员,4.5,外观,4,内饰,4,续航,5,空间,4,舒适,5,动力,4,操控,5,性价比,5,购入信息,爱车车型,https://newcar.xcar.com.cn/m58591/,2021款唐EV四驱高性能版尊荣型,购入时间,2021/1/1,购车地点,福建省美嘉鑫迪贸易有限公司 [福建省],裸车价格,26.18万  (厂商指导价 28.35万),续航里程,388km,购入用途,爱车简评,我一直都很喜欢秦、唐、宋这几款车，首先从车名上有一种新意满满的时代感，从外观到内饰也是特别喜欢它的设计，而且这车的安全系数也很高。,,爱车评价,,,,,,[最满意],性价比真的很高，空间真的很舒适。,[外观],[不满意],车子的外观是绝对的满意，感觉整个车子都充满了霸气，看起来非常有冲击力，特别是它尾部的设计。又很时尚，特别是那个唐字，很吸引眼球。再加上贯穿式尾灯看着真的是非常帅气。,也没什么不满意的，如果价格能更便宜一点就更完美了。人总是不知足。,[动力],[性价比],[内饰],要说比亚迪扛这个车，真的是非常不错，不管是从它的实力上还是从它的外观颜值上都是非常的好。选择这个车一方面是喜欢，一方面是为了支持国产。,车子内饰上也是非常的不错，做工非常不错，在一些缝隙上处理的也很好，用料也是比较不错，摸上去还挺舒服的，整体设计看着特别顺眼，有科技感。,[续航],续航也是非常的棒，正常开基本上都能跑到450以上，对于我来说是完全够用了。如果平时作为短途上下班代步的话，充一次电能跑半个月。,[空间],车子的空间上是没什么问题，车子挺大的，不管是前排的位置还是后排的，都是能满足日常使用，储物空间也是非常不错。,[舒适],在舒适度上坐的也是非常不错的，车子的座椅很厚实，坐在上面挺舒服的，靠背也比较贴合，长时间开车也不会觉得特别累，车子的音效也很给力，空调制冷很快。,[操控],车子开起来手感还是相当不错的，整个车子驾驶起来非常的轻松，方向盘的手感相当舒服，而且车子底盘特别的稳，开起来有安全感。,javascript:;,展开全部,上班
"
    发表于  2021-03    

      
        
    
    
",车子的动力就更不用说了。百公里几秒我也没真正测过，不过他的动力真的是非常猛，起步非常的迅速，推背感是杠杠的。,https://image1.xcarimg.com/attachments/my/1/88/76/227_120.jpg,xuser1897622,三星会员,4.5,外观,5,内饰,5,续航,4,空间,4,舒适,5,动力,4,操控,5,性价比,4,购入信息,爱车车型,https://newcar.xcar.com.cn/m58591/,2021款唐EV四驱高性能版尊荣型,购入时间,2021/1/1,购车地点,威海市正安汽车销售有限公司 [山东省],裸车价格,26.17万  (厂商指导价 28.35万),续航里程,387km,购入用途,爱车简评,外观的设计非常不错，我和老婆都是外貌协会，颜值方面我们俩都非常喜欢，看起来时尚大气。性价比也是相当。娱乐功能也是非常丰富，甚至超过了手机的功能，是其他车子不能比拟的,,爱车评价,,,,,,[最满意],要说最让我满意的就是应该是他的外观了。整个车子的外观设计都非常的个性，从车标到整个车子的线条都是非常不错的，而且车子的配置非常丰富。,[外观],[不满意],他的外观我觉得是非常的好看的，整体造型特别的流畅，看起来质感特别高，开出去回头率那是相当的高，特别是它的轮毂看起来真的很大，很帅。,要说不满意的话，这个真有点难住我了，如果非得说一条不满意的话，就是价格可能超出了一些我的预算，如果能便宜一些就更完美了。,[动力],[性价比],[内饰],买车的时候我比较看重安全性，毕竟是家用车，安全要放在第一位。对于比亚迪的安全方面我还是很满意的。其次就是技术优势，技术成熟，质量稳定可靠。颜值也是相当高，当时有比较过挺多品牌，最后还是选择了比亚迪。对我而言性价比超高，综合各方面都很不错。,车子在内饰上的豪华程度也是相当高的，而且做工特别细致在一些细节上处理的相当好看，得出来是比较用心的，而且他的中控大屏也算是很另类的一个存在，也比较醒目，我们年轻人很喜欢。,[续航],续航基本都能跑到480~500之间吧。这个续航可以基本上满足我所有的需求。对于续航方面真的是很满意。,[空间],他的空间方面表现还是相当不错的，坐在车里不管哪个位置都是非常的宽松，在车里活动自如，在空间上没什么可挑剔的。,[舒适],车子的舒适度还是非常高的，座椅的支撑性相当好，长时间开车也不会太累，坐在车里的姿势还是比较舒适的。,[操控],车子开起来手感也是相当的不错，转向也比较清楚，看起来还是挺跟手的，整体体验非常好，毕竞开着自己心爱的车子怎么开这么舒服。,javascript:;,展开全部,上班
"
    发表于  2021-03    

      
        
    
    
",动力随叫随有，表现突出。红路灯起步，超过市面上大部分车辆，包括普通的宝马奥迪奔驰。但是，慢点开，稳定驾驶更好。,https://image1.xcarimg.com/attachments/my/1/88/76/215_120.jpg,xuser1897621,三星会员,4.25,外观,4,内饰,4,续航,5,空间,4,舒适,4,动力,4,操控,5,性价比,4,购入信息,爱车车型,https://newcar.xcar.com.cn/m58591/,2021款唐EV四驱高性能版尊荣型,购入时间,2021/1/1,购车地点,烟台太古汽车销售有限公司(比亚迪) [山东省],裸车价格,26.16万  (厂商指导价 28.35万),续航里程,386km,购入用途,爱车简评,选择这款车的理由很多，比如说他的各项配置非常的抢眼，各项数据也是非常的优秀，再就是他的造型选择他的理由可以有很多，也可以很少，就是我很喜欢。,,爱车评价,,,,,,[最满意],空间：空间非常大，无论是乘坐还是后备箱。动力：纯电车型，虽然是两驱，但是超车毫无问题，起步一骑绝尘。外观：外观非常漂亮，属于越看越耐看。特别是22寸轮毂，太美了。充电：由于疫情影响，充电桩尚未安装，使用快充。速度比较快，一般车里玩一局王者就快满了。续航：我每日上下班合计70KM，使用一周没啥问题。放电：放电功能非常好，特别是在外出的时候，上次带着电锅还炖了鸡肉，蒸了米饭，太完美了！以后再买个电烤架，烤个羊肉串。,[外观],[不满意],外观没漂亮。内饰也还不错，朴素简单。车灯设计很漂亮，特别是后尾灯。22寸轮毂是亮点，如果是在城市道路行驶，一定要选装，太美了！,刹车：刹车偶尔有异响，并且线性差，点头有点重。经网上查资料和刹车片关系大，换了特定刹车片就没问题了，不知道比亚迪是否深入研究过，业余爱好者都能解决的问题，竟然困扰比亚迪这么多年。挡泥板：没有挡泥板。由于车轮相对车身宽一些，前轮很容易把泥甩在车门上，非常影响美观，如果有挡泥板就好了。主驾座椅：感觉主驾的座椅对腰部支撑不太够，开的时间长了腰部酸痛，只能另外买个腰枕。4S服务：不得不说这个店的服务不敢恭维。上保险和上牌都不太顺。充电桩现在也没有安装。就是感觉提车后，配套服务跟不上，都得自己操心。,[动力],,[内饰],,内饰比较朴素，适合我的审美，低调有内涵。,[续航],电耗还不错，毕竟是新车。1000公里以内的时候大概在17度百公里，现在在15.5度百公里。毕竟是2.5吨的车，电耗还不错。另外，电耗和气温关系很大，冬天开暖风电耗肯定非常高。目前在公用充电桩充电，速度不错，大概一小时能充满。 高速加城市道路，470KM没啥问题，冬天还没试过。开空调掉电还可以。估计开暖风掉电会比较快。,[空间],空间很宽敬，绝对令人满意。我的是7座版，第三排没用过，初步看空间还不错，第二排空间够用。储物空间也不错，唯一不足是扶手箱没有无线充电。,[舒适],驾驶很安静，舒服。内置PM2.5过滤装置，在北京很有用。悬架在过滤小震方面还不错，在过减速带的时候有明显感觉。,[操控],操控不错，转向清晰。方向盘有模式调节，我更喜欢运动模式，更沉一些。,javascript:;,展开全部,上班
"
    发表于  2021-03    

      
        
    
    
",车子在提速上真的非常优秀，提速非常的快，平时等红绿灯我都是第一个出去，很有自豪感，看起来也比较爽，超车都不是问题。,https://image1.xcarimg.com/attachments/my/1/88/76/209_120.jpg,xuser1897620,三星会员,4.5,外观,4,内饰,5,续航,4,空间,5,舒适,4,动力,5,操控,5,性价比,4,购入信息,爱车车型,https://newcar.xcar.com.cn/m58591/,2021款唐EV四驱高性能版尊荣型,购入时间,2021/1/1,购车地点,青岛仕通达汽车销售服务有限公司 [山东省],裸车价格,26.15万  (厂商指导价 28.35万),续航里程,385km,购入用途,爱车简评,4s店里，一眼就看上了它，真的，其它款都不考虑了。以前看过蔚来ES6，真不明白为啥那么贵，还担心蔚来坚持不下来，挂掉。比亚迪在电动车领域还是值得信赖的。,,爱车评价,,,,,,[最满意],要说这款车子让我满意的，应该是他的动力提升快，他的性能真的非常好，动力提升非常快，开起来非常爽。,[外观],[不满意],我觉得他的外观设计非常的有国际范儿，特别是他尾部的英文字母很提升逼格我是非常喜欢的。 还有车头的大灯，看起来很亮很有神。,要说不满意的话，其实真没什么，就是如果车子的价格能便宜一些，那就是更不错了。,[动力],[性价比],[内饰],觉得比亚迪唐在新能源方面的技术已经非常好了，甚至可以说是领先的地步，所以说我对比亚迪还是比较有信心的，然后比亚迪唐在外观造型看着也非常时尚。,在那世上最引人注目的就是他的那块大屏幕真的很大，用起来非常方便，看地图的时候非常清晰。整体的用料上也是非常的豪华。,[续航],基本上续航都能跑到450以上，还是能满足我日常出行的需求的，作为市里的代步车，特别的方便。,[空间],平时我在空间方面的要求也不大，一家4口人坐在车里还是非常宽松的，想怎么坐怎么坐。后备箱给小孩子放一些玩具和小车也都是非常轻松。,[舒适],在车子的舒适度上的确要表扬一下，首先车子的噪音方面控制的就非常好，特别是起步的时候根本没有什么声音，座椅方面支撑性也是相当不错，驾驶车辆还是很舒服的。,[操控],车子开起来手感还行，方向盘挺轻的，方向盘的握杆也非常不错，方便操控，车子的刹车制动也比较及时，脚感也不错。,javascript:;,展开全部,上班
"
    发表于  2021-03    

      
        
    
    
",动力方面输出比较优秀，我日常出行不会要求多大的速度，然后带家人出去的话就更不需要多快了，这车子的速度很够用了，体验120迈还是蛮轻松的，不用担心肉哦，起步比燃油车子还快。,https://image1.xcarimg.com/attachments/my/1/88/76/201_120.jpg,xuser1897620,三星会员,4.5,外观,4,内饰,5,续航,4,空间,5,舒适,5,动力,4,操控,5,性价比,4,购入信息,爱车车型,https://newcar.xcar.com.cn/m58591/,2021款唐EV四驱高性能版尊荣型,购入时间,2021/1/1,购车地点,济南乾城汽车贸易有限公司 [山东省],裸车价格,26.14万  (厂商指导价 28.35万),续航里程,384km,购入用途,爱车简评,外观的造型不错，我比较喜欢，我觉得比亚迪的设计一直以来都是符合潮流的，造型比较时尚，而且我觉得他的前脸进气格栅设计的是非常独特的，大气的造型再配上独特的一个唐字，非常有特点。,,爱车评价,,,,,,[最满意],最满意的是外观吧，因为造型上我觉得非常的不错，给人的感觉是非常大气的，前脸的进气格栅设计的非常独特，中间一个唐字我觉得非常的有特点。,[外观],[不满意],我是颜值控，当时在网上看车就喜欢这个红色，加上这个外观造型续航选择的，悬浮式车顶贯穿的尾灯，还有前脸造型。运动轮毅外观非常大气，抓地力极强。,内饰部分的设计感和豪华感不足，看起来档次没那么高，我就会觉得有些遗憾，可能我本身比较注重这方面吧。,[动力],[性价比],[内饰],我就是比较喜欢比亚迪这个品牌，刚好也比较看好新能源的车子，毕竟现在我身边的朋友开新能源车子的人已经不少了，比亚迪唐刚好有新能源车子，造型，价格都合乎我的心意，所以就这样选了这台车子。,内饰的整体布局还不错，但是没有什么豪华感和设计感，款式比较简洁大方，看起来稍微廉价了点，材质和用料比较一般，不过仔细想想这个价位买这样子的内饰也算不错了。,[续航],电耗比较值得表扬，最主要是它的续航能力很强，一开始比较担心需要三天两头的充电什么的，但是现在觉得充一次电可以维持十天左右的行程，上下班开着还是比较方便的,[空间],车内的空间容量我觉得还可以，基本上就是一个普通的家用容量吧。坐四个人不会显得拥挤，如果坐五个人的话，那可能多少就会有一些不足了。后备箱的储物空间能满足家用需求了。,[舒适],驾驶起来的舒适度蛮高的，这辆车有着与燃油车不同的感受，它比较平稳平顺，支撑性很到位，并且车子的减震效果挺好的，前段时间总会跑我们家附近没修好的烂路，石子坑洼什么的，那时的驾驶感受也不错。,[操控],转向准确，刹车灵敏，底盘很稳。并线辅助很智能，主动刹车可以避免追尾，安全性极高，买车最重要的就是安全系数要高。,javascript:;,展开全部,上班
"
    发表于  2021-03    

      
        
    
    
",动力虽然不够四驱那样暴力，但是这车在日常使用中已经够用了，我也不是很追求动力，还是挺满意这个动力的！,https://image1.xcarimg.com/attachments/my/1/88/76/196_120.jpg,xuser1897619,三星会员,4.5,外观,4,内饰,5,续航,4,空间,5,舒适,4,动力,5,操控,4,性价比,5,购入信息,爱车车型,https://newcar.xcar.com.cn/m58591/,2021款唐EV四驱高性能版尊荣型,购入时间,2021/1/1,购车地点,重庆市宝骏汽车销售有限公司 [重庆市],裸车价格,26.13万  (厂商指导价 28.35万),续航里程,383km,购入用途,爱车简评,最满意的就是这辆车子的电耗和续航能力了，一开始还比较担心需要经常充电什么的，但是实际体验下来觉得比较方便。,,爱车评价,,,,,,[最满意],当然就是它的续航能力了，还有就是它的外观了。,[外观],[不满意],外观设计得还是非常霸气的，很是符合我的审美，整车又大块，开路上感觉别人都怕我的车子一样。车前的黑大下巴也是真够大。,刚刚买车的时候车上异味比较重，还有就是觉得车子贵了点。,[动力],[性价比],[内饰],我最喜欢的就是它是新能源汽车，而且是纯电的，又可以省下许多的油钱，还能够保护环境呢！看了需要的新能源车，觉得这俩车的综合表现都比较优秀，所以就选择了唐！！,内饰都是满满的科技感觉吧，中间还有个大屏幕，功能也非常多，现在我还没研究透。按钮也是设计在比较方便的位置。,[续航],续航我还是相当满意的，和官方实际给出的数据并没有太大的差距，平时跑个四百八九没有问题。,[空间],前排的驾驶位还是比较宽的，我自己开车坐上面头顶也还是有很多空间的。因为我们家人比较多，而且体型也比较大块一点儿，但是坐在后面也不会觉得很拥挤，我和家人也都很满意这个乘坐空间的！,[舒适],舒适性是一流的，空间够大，然后乘车的环境就足够安静，而且有接近四五百公里的续航，平时开空调也完全不用担心电量不够。,[操控],在同等级别的SUV里面，新能源的车子可能会稍微比较稳重一些，在高速行驶的时候不容易抖，但是转向这个问题确实是SUV的通病。,javascript:;,展开全部,上班
"
    发表于  2021-03    

      
        
    
    
",提速快，起步稳重，日常开足够用了，稳稳当当的才是最重要与安全的，在高速上超车很轻松简单。,https://image1.xcarimg.com/attachments/my/1/88/76/189_120.jpg,xuser1897618,三星会员,4.38,外观,4,内饰,5,续航,4,空间,4,舒适,4,动力,5,操控,4,性价比,5,购入信息,爱车车型,https://newcar.xcar.com.cn/m58591/,2021款唐EV四驱高性能版尊荣型,购入时间,2021/1/1,购车地点,天津市路迪恒泰汽车销售有限公司 [天津市],裸车价格,26.12万  (厂商指导价 28.35万),续航里程,382km,购入用途,爱车简评,动力这一块在刚驾驶的时候。确实有一种令人想要惊艳的感觉，轻踩一脚油门，车身便迅速的启动，提速起来风驰电掣。,,爱车评价,,,,,,[最满意],觉得这辆车最出色的还是空间这一块吧，毕竟是一辆重型的SUV车长，达到了接近4米9，宽度也有两米左右，一家四口人坐在里面感觉就跟移动的头等舱一样舒服，视野通透，空间巨大，而且难能可贵的续航达到了快接近五百公里这辆车去同边城市进行自驾游，完全也不会有担忧电量不足的尴尬。,[外观],[不满意],外观的颜值是我对这辆车最偏爱的地方，大气豪华，时尚有气质，最喜欢它的前脸设计，这个外观开出去回头率贼高。,没有挡泥板，由于车轮相对车身宽一些，前轮很容易把泥甩在车门上，非常影响美观，如果有挡泥板就好了,[动力],[性价比],[内饰],自己从小就是个科幻迷，在选择这一块当然也是秉承着我以前一贯的审美风格，选择了新能源的汽车，然后在空间这一块自己的要求又比较高，像国外火热的特斯拉又是轿车款，所以说我把目光放在了我们自主品牌上，觉得比亚迪的唐EV，无论是空间还是续航里程，各方面都能满足我自己对车子的预期。,国产车的内饰都是比较有质感的，而且视觉冲击高，唐EV整车的质感可以说相当的高，而且材质也很不错，做工仔细，整体还算不错,[续航],这款车在续航能力方面非常强悍，和燃油车相比的话，充满一次可能没有加满一次油跑的远，但是在新能源汽车里，比亚迪唐的续航能力已经非常给力了，而且充电要比加油省太多钱了,[空间],车辆整体空间非常大，全家乘坐也依旧不局促。 男性178，头部还有一拳，腿部空间也不错，整体来说，前排，第二排空间都非常大，第三排空间略小，但也并不局促。日常五人以下出行，空间超大，七口人出行也可胜任,[舒适],车辆整体驾乘体验不错，非常舒适，长时间驾驶也没有出现不适。空调温度分前后两区控制，可以单独开户后排空调，大幅提升后排乘坐体验。图书馆级静谧座舱，名副其实，胎噪和风噪控制的都非常好,[操控],车辆操控性能良好，转弯刹车等环节控制出色。并线辅助大大提升了驾驶安全感，城市拥堵路段与高速路段均表现不错。方向盘转向精准，转弯半径对于这个大小的车来说相当可以。高速行驶，转弯时车身都很稳。,javascript:;,展开全部,上班
"
    发表于  2021-03    

      
        
    
    
",动力十足，爆发感很强，驾驶起来很稳，四点五秒破百的动力，可以说同价位没有比唐更快的车了。,https://image1.xcarimg.com/attachments/my/1/88/76/179_120.jpg,xuser1897617,三星会员,4.5,外观,4,内饰,4,续航,5,空间,4,舒适,5,动力,5,操控,4,性价比,5,购入信息,爱车车型,https://newcar.xcar.com.cn/m58591/,2021款唐EV四驱高性能版尊荣型,购入时间,2021/1/1,购车地点,上海彤新汽车租赁服务有限公司 [上海市],裸车价格,26.11万  (厂商指导价 28.35万),续航里程,381km,购入用途,爱车简评,最满意的地方是它的颜值与续航能力，这车辆的颜值真的很高，是我喜欢的外形，很符合我的审美眼光，简约大气，造型时尚，一次充满电之后，光上下班的话，两天可以不用充电，所以续航能力还是挺强的,,爱车评价,,,,,,[最满意],爆发力十足，综合性能也很强大，相比同等价位的车，它很优秀。,[外观],[不满意],外观运动感十足，时尚感十足，车缝间做工也很细致完美，我喜欢。,储物空间不是很理想，不方便储物，不适合带着一大家子去旅游啥的，车身稍微有点长，每次停车有点吃力，但是扬长避短综合还是很理想的。,[动力],[性价比],[内饰],颜值高，空间大，最主要是家人喜欢！而且这辆车也符合我们全家人出行的需求，价格在我们的预算范围！,整体软包比较多，看起来比较上档次，车上的配置很多高科技，很强大。特别喜欢的就是这个档杆，看起来充满着科技感。,,,[空间],对于家里人口比较多的情况来说，开放7座的座位是很紧凑的，储物就不太理想，要是一家四口的，空间是很优越的，3个人葛优躺是可以实现的，第二排放倒睡个大觉是完全没问题，空间够够的。,[舒适],整体的舒适感还是非常不错的，座椅很软很舒服，车子的通行性也非常不错，就是隔音差点意思。,[操控],宽大的车身，扎实的底盘，对于经常行驶在高速上的驾驶者来说，安全指数很强大的，这一点让我很满意、很放心。,javascript:;,展开全部,上班
"
    发表于  2021-03    

      
        
    
    
",整台车子的动力表现我觉得不错，平时在驾驶的过程中，我觉得它的油门响应非常的及时，所以我在超车和变道的时候，感觉车子特别的给力，而且我也感受了一下在跑高速时的他的动力情况，感觉没有什么困难的，还是非常有劲儿的,https://image1.xcarimg.com/attachments/my/1/88/76/138_120.jpg,xuser1897613,三星会员,4.5,外观,5,内饰,4,续航,4,空间,4,舒适,5,动力,5,操控,4,性价比,5,购入信息,爱车车型,https://newcar.xcar.com.cn/m58591/,2021款唐EV四驱高性能版尊荣型,购入时间,2021/1/1,购车地点,北京福铃景瑞新能源汽车销售有限公司 [北京市],裸车价格,18.11万  (厂商指导价 28.35万),续航里程,380km,购入用途,爱车简评,第一就是为了降低使用成本，第二的话就因为颜值高，而且空间大，所以就选择了。,,爱车评价,,,,,,[最满意],最满意的就是这台车子的整体性价比吧，这样的外观这样的配置以及这样的价格，我觉得真的是蛮不错的选择,[外观],[不满意],整台车子的外观造型我觉得还是挺不错的，尤其是车灯的设计，看起来挺有亮点的，还有就是车子的前脸造型，我觉得看上去也是十足的大气，非常的喜欢,我对这台车子目前不太满意的地方就是觉得他有的时候噪音挺大的，当时在试驾的时候，其实我没有发现这个问题，因为速度开的比较慢，只是后期在跑高速的时候，感觉噪音还是挺明显的,[动力],[性价比],[内饰],买这台车子也算是一个巧合吧，当时是陪朋友一起去看车的，他没有看中这台车子，但是我却喜欢上了这台车子，因为我觉得价位挺合适的，而且造型上又非常的吸引我，我看着觉得非常有眼缘，销售人员也是比较热情的，我觉得是一个物有所值的座驾,内饰的设计我觉得可以的，不管是颜色的搭配还是它材料的使用，我觉得都不错，在功能的配置上我也是有过一番考察的，觉得足够满足出行时的使用需求,,,[空间],整台车子的空间我觉得还是没有问题的，尤其是它的乘坐空间设计是比较理想的，对于我身高1米75的人来说，不管坐在前排还是后排空间都是足够用的，而且我觉得后备箱设计的不错，开口比较宽，所以放一些大件物品的时候是特别轻松的,[舒适],整台车子的舒适性我觉得还是可以的，因为从乘坐的角度上来看，我觉得空间合适，而且座椅也不硬，包裹感特别的好，坐在车内的时候有一种非常放松的感觉，只是在驾驶的过程中，我觉得车子的胎噪声音比较明显，在市区的话没有什么影响，但是在跑高速的时候感觉会听到比较大的噪音,[操控],在操控性能上，我主要注重的是车子的刹车和油门的灵敏度，这台车子刹车油门表现非常的线性，反馈非常的及时，所以对我来说感觉是很安全的,javascript:;,展开全部,上班
"
    发表于  2021-03    

      
        
    
    
",现在出行基本都是平路，没有什么颠簸路段，动力感觉挺足的，轻点一下就能跑起来。,https://image1.xcarimg.com/attachments/my/1/88/62/073_120.jpg,xuser1896207,三星会员,4.75,外观,5,内饰,4,续航,4,空间,5,舒适,5,动力,5,操控,5,性价比,5,购入信息,爱车车型,https://newcar.xcar.com.cn/m55909/,2021款唐EV四驱高性能版创世旗舰型,购入时间,2021/2/1,购车地点,上海华裕汽车修理有限公司 [上海市],裸车价格,29.3万  (厂商指导价 31.48万),续航里程,400km,购入用途,爱车简评,选择这辆车主要是因为它是纯电动的，比油耗车省钱的多，然后车子外观确实是做的不错的，性比价也很高。,,爱车评价,,,,,,[最满意],新能源汽车，没有购置税，送绿牌，充电提供动力，前期买车的费用有点高，但是后期花不了多少钱。,[外观],[不满意],外观可以打满分，精致大气，双腰线和悬浮式车顶从侧面看特别好看。,现在为止还没有哪觉得不合适的地方。,[动力],[性价比],[内饰],买这个车是犹豫了很长时间，好多人劝我说30万买车不如买个合资中档的，不比国产的强？我试驾了两三次，最终才决定买这款唐EV。我的想法是这次买车最起码要开上七八年不再换车，所以要买个电动的，一来是后续的保养简单省事，二来是不用加油那将是相当的省钱。,中控台智能化挺高的，小女儿特别喜欢旋转大屏，就是因为可以看动画片，还能听懂她说话，整体的风格比较简约低调，我很喜欢。,[续航],院子安了买车的时候送的充电桩，充电还是挺方便的，大概4天左右充一次电吧。,[空间],空间挺大的，一般家庭肯定够用了，我们家就4口人，孩子也大了，后备箱就是放些不常用的东西，去超市购物什么的偶尔放大件东西，我把前排调到最舒服的时候小女儿还能蹲在后面玩，而且后排的座椅可以调节前后，空间挺灵活的。,[舒适],舒适性挺高的，座椅是真皮的，前排座椅的功能还是挺多的，最喜欢的全景大天窗，整个车里显的更加宽阔了。,[操控],操控简单，开起来稳，稍微开快一点也不会觉得飘，女生开也没问题。,javascript:;,展开全部,上班
"
    发表于  2021-03    

      
        
    
    
",动力的话我得夸赞了，虽说是自己是个慢性子，所以也开不快，但是真的是自己感觉到了，才知道，超车不费劲，是真的舒服新能源车,https://image1.xcarimg.com/attachments/my/1/88/62/062_120.jpg,xuser1896206,三星会员,4.63,外观,5,内饰,5,续航,4,空间,4,舒适,5,动力,5,操控,4,性价比,5,购入信息,爱车车型,https://newcar.xcar.com.cn/m55909/,2021款唐EV四驱高性能版创世旗舰型,购入时间,2021/2/1,购车地点,天津市路迪恒泰汽车销售有限公司 [天津市],裸车价格,29.29万  (厂商指导价 31.48万),续航里程,398km,购入用途,爱车简评,同级别尺寸动力配置，没有别的可选，可靠性还是相信比亚迪，LX看过，5分钟就从4s出来了，真的，不想多说，电动车买比亚迪没错！,,爱车评价,,,,,,[最满意],这么久以来啊，车子带给了我很大的便利。最让我满意的是车子的空间足够大，开着这款车还有很舒适性。出行方便。方向盘很轻，好操作，适合各个年龄段的人群来开，并且是一款纯电动车，所以比较节能环保。成本方面也是比较低的，反正怎么都比油车省，也不用担心堵车耗油，大爱啊。,[外观],[不满意],外观方面我是很满意的，要不然我也不会选择了，车型线条饱满，车子的外观也算是比较亮眼的，整体来说还是个性十足，看似smart，胜于smart，回头率超高,买车没多久，大的毛病没有，就是有点小问题，车子车身太大了，刚到手驾照的我对车不是可以很好的把握，细节方面处理的不是很完善。隔音方面应该在下点功夫，有点大。新车刚买来的时候有点异味，我在网上淘了点炭包，而且没事的时候就开车门通通风，现在除的差不多了。还有就是充电还是需要覆盖面广一些，对于我们这些有停车位的到无所谓，我同事也想换一台，可是停车位不固定，所以一直纠结在。,[动力],[性价比],[内饰],当时选择新能源也是因为它使用起来经济性非常不错，作为家用车还是很合适的，这也算是响应国家的号召。当时也有对比过不少，但续航里程能达到500公里左右的纯电车会比较少。而且比亚迪的技术也很成熟。价格合适，性价比无敌。,内饰的用料也是蛮不错的，设计的很有科技感。坐着也感觉蛮舒服的，手感摸着也是蛮舒服的，天热也不会有啥异味。,[续航],基本上是三天充一次电，不是很耗电。它的续航里程很高，如果开空调的话，会有一点影响，但是不是很大，小区充电桩也很方便，于我而言，更不需要去计较油耗,[空间],要买车就买大的，家里孩子比较多，一方面出行有利，二者就是方便谈生意。时不时来次自驾游，一车搞定,[舒适],座椅采用的是仿皮包装，但是它的质感很好，很舒服,[操控],对于刚拿到驾校的我，使用此方向盘还是很好操作的，灵敏度高，没有任何虚外，即使单手操作，也不会有太飘的感觉,javascript:;,展开全部,上班
"
    发表于  2021-03    

      
        
    
    
",动力这一方面我觉得是完全没有问题的，平时开的时候都感觉非常的强劲，然后满载的情况下，动力也很充足,https://image1.xcarimg.com/attachments/my/1/88/62/051_120.jpg,xuser1896205,三星会员,4.63,外观,5,内饰,4,续航,5,空间,4,舒适,5,动力,4,操控,5,性价比,5,购入信息,爱车车型,https://newcar.xcar.com.cn/m55909/,2021款唐EV四驱高性能版创世旗舰型,购入时间,2021/2/1,购车地点,天津昊泽鑫商贸有限公司 [天津市],裸车价格,29.28万  (厂商指导价 31.48万),续航里程,398km,购入用途,爱车简评,我们这限号限行是经常的事，挤公交都是人，经常性的耽误上班和孩子上学，有时候没注意看，不小心开出去了就是一张罚单，又是跑交警队又是交钱真的是伤不起，后来同事家就是重新买了辆新能源车,,爱车评价,,,,,,[最满意],最满意的地方肯定就是它的空间了，我觉得它的空间真的非常的充足，这一方面我是特别满意的，还有就是它的动力这一方面真的非常的强劲,[外观],[不满意],外观这一方面我觉得是非常的帅气，它的外观给我的第一个感觉就是非常的时尚，充满了设计感,最不满意的地方就是它的舒适性了，我觉得它的隔音效果并不是特别好，有的时候还是会有很明显的噪音，还有就是它的操控性这一方面，开起来还是有一些压力的,[动力],[性价比],[内饰],最近老婆老和我叨叨要买车，结合我家用车需求，主要是老婆上下班还有接送小孩用，满足家用代步，所以综合考虑就是要求环保节能、年轻时尚。,内饰这一方面我还是比较满意的，它的内饰给我的感觉就是简简单单的，我个人更喜欢这种风格，然后它的中控台也挺好的,[续航],续航这一方面我还是挺放心的，因为我觉得它的续航公里算比较多了，然后让我开起来也比较放心，比较省心,[空间],空间方面我是非常满意的，因为它的空间真的非常充足，不管是它的前排空间还是它的后排空间都非常的宽敞,[舒适],舒适性这一方面我觉得它的隔音效果并不是特别好，有的时候还是会听到很大的噪音，特别是它的胎噪噪声,[操控],操控这一方面我觉得并不是特别好，最主要是这一辆车让我开起来会有一点压力，可能是因为车比较大吧,javascript:;,展开全部,上班
"
    发表于  2021-03    

      
        
    
    
",动力真的出乎我的意料，本以为这种充电的车子，动力肯定是不敢想的，但是，这款车的动力真的是足到爆棚，只要自己舍的给电，提速也很快，在高速上150超车也是特别的轻松,https://image1.xcarimg.com/attachments/my/1/88/62/037_120.jpg,xuser1896203,三星会员,4.63,外观,5,内饰,4,续航,5,空间,5,舒适,5,动力,4,操控,5,性价比,4,购入信息,爱车车型,https://newcar.xcar.com.cn/m55909/,2021款唐EV四驱高性能版创世旗舰型,购入时间,2021/2/1,购车地点,上海弘仁锐豪汽车销售服务有限公司 [上海市],裸车价格,29.27万  (厂商指导价 31.48万),续航里程,397km,购入用途,爱车简评,在购买这辆车之前也考虑过预算的问题，这车的价格虽然要比我的预算要高点，但想到这车的各方面都比较全，销量和口碑也很高，关键的是电动车，可以省下不少的油钱。,,爱车评价,,,,,,[最满意],最满意它的内饰和空间，内饰很是中规中矩，科技感比较强，然后就是内饰看过去也算是比较高级的那种，它的空间非常大，很宽敞，一点都不会觉得拥挤,[外观],[不满意],外观的话，每个人的审美不同，个有个的喜好，对我我来说，我本人还是挺喜欢的，整个看过去比较的大气，很运动风，活泼类型。每天开着它感觉自己都浑身充满活力。,最满意的估计就是操控性了，方向盘偏轻，可能是我自己不习惯，不太喜欢轻的方向盘,[动力],[性价比],[内饰],因为自己非常想买一辆电动车，然后在各个牌子里面纠结，最后朋友觉得比亚迪这一款是最好的，然后我去看了一下，也觉得挺不错的，就买下了它,内饰这一块做的还挺符合我自己的要求的，中控的大屏一眼看过去提升了整个车内的档次，真皮的座椅，还有全景的天窗，七彩的氛围灯，真的是很棒，我超级满意,[续航],续航里程的话，一般都在300km-450km之间上下走动，平时上下班用的话也是够的，但是我觉得还是有些费电,[空间],空间非常大，对于海拔高的人来说也很友好，一点都不会觉得拥挤，腿部空间也是足够大的，然后就是它的后排坐也是可以前后移动的，这一点我觉得非常好，可以根据个人来调节，后备箱的储蓄空间也是足够大的，可以放下很多东西,[舒适],舒适性在座椅这一方面做的比较好，可以自动调节很方便，还可以通风加热，腰部也有电动调节，音响的质量还是不错的，没有什么太大的噪音,[操控],操控这方面的加速和刹车我都比较满意，刹车的灵活度也很高，就是方向盘掌握起来有点轻，转弯的时候有点飘,javascript:;,展开全部,上班
"
    发表于  2021-03    

      
        
    
    
",动力是非常满意的，起车提速很快，日常开足够用了，而且我这个人对动力这一块没有什么过多的要求，稳稳当当的安全最重要，过于强劲的我可能还不太适应。,https://image1.xcarimg.com/attachments/my/1/88/16/904_120.jpg,gh1612226299,三星会员,4.63,外观,5,内饰,4,续航,5,空间,4,舒适,5,动力,5,操控,5,性价比,4,购入信息,爱车车型,https://newcar.xcar.com.cn/m55909/,2021款唐EV四驱高性能版创世旗舰型,购入时间,2021/2/1,购车地点,天津市路迪恒泰汽车销售有限公司 [天津市],裸车价格,29.26万  (厂商指导价 31.48万),续航里程,396km,购入用途,爱车简评,喜欢它的外观很大气，还有就是充电的也很环保，便捷，平时也是用来代步用，很方便，安全性能也很好，再者就是觉得它的性价比全是蛮高的了，配置也都很满意,,爱车评价,,,,,,[最满意],对这款车最满意的一是车子颜值高，是我喜欢的外形，简约大气，二是车子的续航能力和燃油车相差不大，快充技术也很给力。,[外观],[不满意],车子的外观是我比较倾爱的，大气豪华，家人朋友都对这个车的颜值非常满意，开出去回头率很高，特有面儿。,最不满意的就是这个类似的中控大屏尺寸太大了，一定程度影响了车内的视野。,[动力],[性价比],[内饰],选择这辆车的理由是因为我非常想买一辆电动车感受一下，然后就是看中了比亚迪，去试驾完之后觉得非常不错，于是和家里人商量了一下就买下了,内饰的设计是简约派，特别有品，视觉效果特别好，中控大屏看上去科技感十足，很有档次，细节方面处理的很到位。,[续航],这款车的续航能力做的还是非常好的，和燃油车差不太多，目前续航能够达到450公里，就是充电比较麻烦，但是和燃油车相比起来确实省了很多钱。,[空间],空间非常大，乘坐空间宽敞，储物能力超强，来个自由行拉着行李和日用品完全不是问题，不管是工作居家还是出行游玩，这个车的空间都足够。,[舒适],这款车的舒适程度可以给满分，座椅包裹性很强，而且有通风和加热功能，特别舒服，车子开起来车内没有什么噪音，空调音响都很给力。,[操控],车子操控起来不是特别容易上手，作为新手的话很难驾驭，而且车身尺寸本身较大，在停车的时候，还有路况不好的地方驾驶，都要小心翼翼。,javascript:;,展开全部,上班
"
    发表于  2021-03    

      
        
    
    
",动力很好，买的这个版本动力会好一些，开着也更有激情，我喜欢他的加速感。,https://image1.xcarimg.com/attachments/my/1/88/61/975_120.jpg,xuser1896197,三星会员,4.63,外观,5,内饰,5,续航,4,空间,5,舒适,4,动力,4,操控,5,性价比,5,购入信息,爱车车型,https://newcar.xcar.com.cn/m55909/,2021款唐EV四驱高性能版创世旗舰型,购入时间,2021/2/1,购车地点,上海弘仁锐豪汽车销售服务有限公司 [上海市],裸车价格,29.25万  (厂商指导价 31.48万),续航里程,395km,购入用途,爱车简评,外观，内饰，配置，还有续航里程都吸引我，而且我打算就是要买新能源车，加上比亚迪的电池技术也是很成熟，电芯也是终身质保解决了后顾之优，下定决心就它了。,,爱车评价,,,,,,[最满意],外观好看，就是偶尔有顿挫，不过不是很严重，可以接受，空间也得到了大进步。,[外观],[不满意],外观没得说，时尚，大气，外形新颖犀利，略有独特之处的家族设计，挺好。,最不满意的就是这个车驾驶的时候操作不简单，刚开始的时候特别不适应，这个车提出来，绝对不是上去就能开，一定要先熟悉才能驾驶操作。,[动力],[性价比],[内饰],家里充电比较方便，楼下就装着3kw的小充电桩，大园里也是新建的专供电动车充电的地方，所以充电比较方便。,内饰设计就一个字，骚，夸张还很浮夸，中控屏偏向驾驶员这个比较方便导航，很不错。,[续航],我开车还是很正常温柔的，这个车毕竟尺寸摆在这了，续航路程也有所进步，平时上下班也够用！,[空间],空间绝对够用，爸妈说后排一点也不挤，后备箱也够大。,[舒适],坐的人比开车的人坐着舒适吧，长途跑起来很轻松，座椅舒适，空间蛮大蛮好，适合能多放东西。,[操控],噪声有点大，指向精准，好驾驶比较容易上手方向盘很准很稳，过坑坑洼洼的路时颠簸还是能接受的。,javascript:;,展开全部,上班
"
    发表于  2021-03    

      
        
    
    
",动力这点我很满意，路上再也没有人可以欺负我这辆车了，起步和超车是飞快的。无论是城市还是在高速上都可以体验推背感。,https://image1.xcarimg.com/attachments/my/1/88/61/952_120.jpg,xuser1896195,三星会员,4.63,外观,5,内饰,5,续航,5,空间,4,舒适,4,动力,5,操控,4,性价比,5,购入信息,爱车车型,https://newcar.xcar.com.cn/m55909/,2021款唐EV四驱高性能版创世旗舰型,购入时间,2021/2/1,购车地点,上海润迪汽车销售服务有限公司 [上海市],裸车价格,29.24万  (厂商指导价 31.48万),续航里程,395km,购入用途,爱车简评,以前开的车都是加油的，没想到买这个，我媳妇说换一个电动的吧！现在油还么贵，就看了看这款车，看到续航里程我就决定要买这款了，绝对物超所值。,,爱车评价,,,,,,[最满意],这辆车的颜值太高了，整个车身流畅，颜色正青春靓丽。而且遥控驾驶也很有意思。尤其是停车的时候，停完以后发现前后的距离，有的近有的远，可以用遥控钥匙，抽空让车进行挪动，非常的方便。,[外观],[不满意],外观没得说，第一眼看见就喜欢的不行了，尤其配上红颜色简直太符合我的审美了，看起来非常的高大上，为国产车的颜值点个赞,轮毂整体有点外凸在马路上，很浅的路沿很容易刮伤。,[动力],[性价比],[内饰],新能源车肯定是车发晨的大趋势，而且现在国家政策也支持购买，这款车无论从外观，空间，动力等多方面来考虑都让我很满意，购车价格也在我预算范围内。,内饰设计的比较简单，但用料足够扎实。而且做工比较精细。最重要的是新车味道也不重。很多地方摸上去手感非常的好。,[续航],正常使用，如果开空调很少的话，和一些用电设备都较少的使用的话，大概续航在490公里左右，续航能力和驾驶者的驾驶习惯也有很大的关系，比亚迪唐这辆车的续航，在同级别里头也算是饺佼者。,[空间],糖的空间表现的还是很棒的，车身长度和高度决定了这辆车的空间肯定是非常的大。我坐在驾驶位上，感觉头部和腿部都留有十分大的空间，后排坐三个人也没有问题，后备箱的空间也非常的充足，不管是家用还是外出都能应付得来。,[舒适],座椅很软，坐上去很舒服，包裹性也是很强的，腿部和腰部的支撑也比较充足，不会有长途开车的那种疲劳感。整车的隔音效果还是不错的主要电动机的声音很小。,[操控],方向盘还是比较稳的，速度起来后，方向盘更加的稳重，在高速上操控也比较的容易，而且方向盘的转向也比较精准。往外使车辆的侧倾控制的也比较好，座椅的包裹性也很强。,javascript:;,展开全部,上班
"
    发表于  2021-03    

      
        
    
    
",没想到电动车的动力跑起来也是很快的，给了我很多惊喜，留下了深刻的印象。每次加速超车都游刃有余，动力开起来非常给力。,https://image1.xcarimg.com/attachments/my/1/87/33/961_120.jpg,xuser1883396,三星会员,4.5,外观,4,内饰,5,续航,5,空间,4,舒适,4,动力,5,操控,5,性价比,4,购入信息,爱车车型,https://newcar.xcar.com.cn/m55909/,2021款唐EV四驱高性能版创世旗舰型,购入时间,2021/2/1,购车地点,北京军鹏伟业汽车销售有限公司 [北京市],裸车价格,29.23万  (厂商指导价 31.48万),续航里程,393km,购入用途,爱车简评,买这辆车之前一直开我的老款福克斯，但是由于油耗越来越高、家里人口的增加还有一些其他原因让我不得不重新买辆既大又省油的车，然后老看见路上的唐宋元，所以自然而然的有了好感,,爱车评价,,,,,,[最满意],这款车的最大的满意点就是空间设计的足够大，前排的空间宽松，驾驶前方的视野很开阔，整个后排的空间设计也挺大的。再就是车里有前排后排座位上有腰部调节，通风功能，让人不管坐在哪里都会感到舒服。,[外观],[不满意],体型偏重，看上去稳重时尚。车头有一种威风凛凛的霸气感觉，车灯造型犀利有神。屁股比较饱满，我最喜欢尾部的横贯尾灯，让整部造型更加层次感。,也没有不太满意的地方，就是没有我想要的自动泊车，其他的都还好。,[动力],[性价比],[内饰],看见这辆车第一眼就被他的外观吸引了，再加上他是四驱的动力十分的强劲，超车和提速都非常的迅速，而且电动车静音效果会更好。,坐进车里很容易被超大触屏显示屏吸引，该有的都能找到，操作方便，全景天窗更是加分。,[续航],目前也跑了这么长时间了，这车的续航还是挺可以的，开过时间最长的一次是8天充一次电。,[空间],作为一辆中型车来说，不论是宽度还是长度，都给予了充分的空间，尤其是头部位置，我180的大个子，头部也有很大空间，后备箱也很宽大。,[舒适],隔音做得特别棒，在高速上不论胎噪还是风噪不会影响人的情绪。前排车座可以调节，后排也可以，通风空调很给力。,[操控],这款车的方向盘转弯半径设计合理，超大的轮胎让它的底盘变得非常高，不论是台阶上还是过坑路面完全不是问题。,javascript:;,展开全部,上班
"
    发表于  2021-03    

      
        
    
    
",虽然有两吨多的车重，但是加速是完全没有问题的，起步也非常的快,https://image1.xcarimg.com/attachments/my/1/87/33/468_120.jpg,山川皆恙68,三星会员,4.5,外观,5,内饰,5,续航,4,空间,4,舒适,5,动力,5,操控,4,性价比,4,购入信息,爱车车型,https://newcar.xcar.com.cn/m55909/,2021款唐EV四驱高性能版创世旗舰型,购入时间,2021/2/1,购车地点,河南宇鼎缘汽车销售服务有限公司 [河南省],裸车价格,29.22万  (厂商指导价 31.48万),续航里程,391km,购入用途,爱车简评,看见这辆车第一眼就被他的外观吸引了，再加上他是四驱的动力十分的强劲，超车和提速都非常的迅速，而且电动车静音效果会更好。,,爱车评价,,,,,,[最满意],尾部的那一句buildyourdreams感觉唤回了少年时的记忆，生活很难，小时候的很多梦想，可能没办法实现，但是在买车上可以实现自己小小的梦想,[外观],[不满意],大唐的外观是真的霸气，一眼看过去，感觉它可以给你带回到大唐盛世的繁华景象,没有什么不满意的地方，这辆车我是真的很喜欢，可能唯一一个可能就是避震效果不太好，续航一般,[动力],[性价比],[内饰],比较喜欢SUV，而且新能源也是国家支持的购车新趋势，比亚迪又是新能源第一品牌，肯定有优先考虑，比亚迪唐新能源的各方面都很均衡，不得不买。,内饰的液晶屏真的是深得我心，我就是喜欢这么大屏的感觉，科技感十足，而且材质都是非常的有质感，比较软，全景天窗给入空间放大的感觉，不会压抑,[续航],只要你不是开长途车，这个续航是完全没有问题的，日常上下班完美解决,[空间],本人人到中年也是有些发福了，会有一些胖，但是不论是坐驾驶座，还是后排的空间都不会挤，空间都非常的宽敞,[舒适],避震效果我感觉做的不是很好，虽然也没有经常开一些烂路，但是碰到减速带的时候也是会有一些颠簸感,[操控],日常驾驶感觉操控非常的顺手，方向盘也不会很重，可能是因为新能源车的原因，上路的话听不到什么噪音,javascript:;,展开全部,上班
"
    发表于  2021-03    

      
        
    
    
",动力方面，个人感觉十分充沛，电门响应相当快，加速感时推背感实足，整体的动力方面均衡十分充沛的,https://image1.xcarimg.com/attachments/my/1/88/61/853_120.jpg,xuser1896185,三星会员,4.63,外观,5,内饰,4,续航,5,空间,5,舒适,4,动力,5,操控,4,性价比,5,购入信息,爱车车型,https://newcar.xcar.com.cn/m55909/,2021款唐EV四驱高性能版创世旗舰型,购入时间,2021/2/1,购车地点,黑龙江宏达旭龙汽车销售服务有限公司 [黑龙江省],裸车价格,29.21万  (厂商指导价 31.48万),续航里程,390km,购入用途,爱车简评,家里准备换车，我选择了比亚迪这款节新能源车，当代社会环境污染严重，我觉得作为祖国的一份子为社会出一份力，试驾了好几款车型，我觉得还是比亚迪这款唐EV的各方面的综合性能比较符合我的要求。,,爱车评价,,,,,,[最满意],最满意的就是这台车的外形设计特别好看，非常的霸气，看上去很有高级感。,[外观],[不满意],快五米的车身，而且整车的外观还有灯源都带有个性的布局，颜值确实可以说是非常的棒了，挺喜欢的一个外观.,最不满意的大概就是这台车的车身尺寸比较庞大，在市区开的话可能不是那么灵活，稍微有一点笨。,[动力],[性价比],[内饰],这辆车不论是外观空间，内饰还是新能源的成熟技术，都是强烈吸引着我选择他，去店里看车的时候实车真的非常的好看，前脸看过去很霸气，车灯的科技感也非常的强，在车流中一定是一道靓丽的风景线,内饰相比外观就要显得没有那么漂亮。中控除了大屏也没什么了，座椅舒适度略一般,[续航],整体的续航里程大概在400公里左右，平时在市区开的话，我觉得是挺不错的，一般的话以我的用车习惯来讲，一个月充两次电就可以了，非常的实用，跟加油没有什么区别。,[空间],空间很宽敞，后备箱大.所有的东西全都塞进后备箱还有空余，非常赞。,[舒适],舒适性的表现是很出色的，底盘的减震效果特别好走，一些颠簸路段车依旧就很平稳，而且因为没有发动机，所以运转的时候很平顺，没有其他的噪音。,[操控],方向盘还是有虚位的，速度起来就好点，方向盘轻盈，老婆是新手，驾驭起来也简单，而且底盘很稳。,javascript:;,展开全部,上班
"
    发表于  2021-03    

      
        
    
    
",动力的表现还是比较差强人意的，尤其是在起步的时候感觉动力不足。,https://image1.xcarimg.com/attachments/my/1/88/61/835_120.jpg,xuser1896183,三星会员,4.5,外观,5,内饰,5,续航,4,空间,5,舒适,4,动力,4,操控,5,性价比,4,购入信息,爱车车型,https://newcar.xcar.com.cn/m55909/,2021款唐EV四驱高性能版创世旗舰型,购入时间,2021/1/1,购车地点,广东欧亚特汽车销售服务有限公司 [广东省],裸车价格,29.2万  (厂商指导价 31.48万),续航里程,381km,购入用途,爱车简评,比亚迪毕竟是国内头号的电动汽车厂家，个人感觉完全不输特斯拉特别是在电池技术这一块，所以还是挺值得信任的。因为我平时都是市区上下班使用，所以对于车子的话要求不是那么高,,爱车评价,,,,,,[最满意],30万买个比亚迪，很多人认为我疯了。但是每一个坐过、开过我这辆车的人，都说好。唐EV的外观、行驶品质、操控、加速、空间方面我非常满意。并且，比亚迪的黑科技，钥匙操控、放电功能，特别实用。总之，这是一辆国产的好车。,[外观],[不满意],车子的外观方面是超级喜欢的，红色的大唐看上去非常霸气，矩阵车灯的设计也是十分亮眼的，还带有蓝光，给我的感觉非常科幻。,我最不满意的地方还是这辆车子的动力问题了。尤其是在起步的时候，油门踩下去，动力不给我反馈，真的是非常难受。,[动力],[性价比],[内饰],因为之前的话一直都是开燃油车，而且家里面的话汽油车好几台，所以想换一个新的体验，一开始也有考虑买个特斯拉的MODEl3但是那个车的话空间还是稍微有点小，而且做工用料真的很一般，非常廉价，所以后面还是选择这个国产的，比亚迪唐EV版本的感觉挺不错的，外形设计很霸气，性价比也挺高的。,内饰也是很不错的手感，摸上去也很棒。车子的物理按键设计的比较多，位置也合理，用起来比较方便。,[续航],车子续航这方面我觉得是够用的，四百多个公里还是很不错的,[空间],空间这方面是非常宽敞的，我一米九的个子，在车内做起来也完全没问题,[舒适],舒适性这方面的话我是很满意的，新能源的车子行驶起来很安静。,[操控],这辆车子的操控是没有问题的，开起来很轻松，方向盘的手感比较轻盈，一只手就能轻松的转动。,javascript:;,展开全部,上班
"
    发表于  2021-03    

      
        
    
    
",虽说是新能源车，但动力真的很足，各种路况下也都比较轻松，起步的时候动力很够。,https://image1.xcarimg.com/attachments/my/1/87/36/461_120.jpg,知足常乐461,三星会员,4.63,外观,5,内饰,4,续航,5,空间,5,舒适,5,动力,5,操控,4,性价比,4,购入信息,爱车车型,https://newcar.xcar.com.cn/m55909/,2021款唐EV四驱高性能版创世旗舰型,购入时间,2021/1/1,购车地点,广东欧亚特汽车销售服务有限公司 [广东省],裸车价格,29.19万  (厂商指导价 31.48万),续航里程,389km,购入用途,爱车简评,家里面离市区也不是特别远，在城市边缘的农村，最主要的是充电条件非常方便才购买的。,,爱车评价,,,,,,[最满意],我最满意的地方就是这辆车子外观了，红色的大唐看上去是非常喜欢的，刚好今年也是自己的本命年，买个红色的车子冲冲喜。还有就是车子的性价比很高，对比了那特斯x，蔚来es8，es6，理想汽车，最终还是比亚迪唐最有性价比。,[外观],[不满意],我喜欢这款车的起因是因为这个名字：唐。我觉得有一种古代的风味，车身的外观设计也让人有一种看唐代美女的感觉。,目前为止还是特别的满意，并没有什么我特别不满意的地方。,[动力],[性价比],[内饰],出行各种各样的原因从一开始就打算买纯电动车的，电动车这一块除了比亚迪我也没有考虑过其它的车型，因为比亚迪这个品牌也是让我比较信赖。,内饰科技感十足，简单大气，我很喜欢这种风格。,[续航],比亚迪的新能源车可以说是做得很好了，起步快，续航久。,[空间],整体空间特别的大，这也是我最为满意的地方。,[舒适],隔音效果很好，车内环境很舒服，座椅坐着也很舒服。,[操控],按键很合理，我个人很喜欢方向盘上的唐字，这也是我买这个车的起因，操控感还是很舒服的。,javascript:;,展开全部,上班
"
    发表于  2021-03    

      
        
    
    
",车子的动力非常强劲，开起来非常轻松，在拥挤的城市当中提速超车也是非常迅猛轻松的事情。,https://image1.xcarimg.com/attachments/my/1/88/61/812_120.jpg,xuser1896181,三星会员,4.63,外观,5,内饰,5,续航,4,空间,5,舒适,4,动力,5,操控,4,性价比,5,购入信息,爱车车型,https://newcar.xcar.com.cn/m55909/,2021款唐EV四驱高性能版创世旗舰型,购入时间,2021/1/1,购车地点,广东欧亚特汽车销售服务有限公司 [广东省],裸车价格,29.18万  (厂商指导价 31.48万),续航里程,388km,购入用途,爱车简评,买这款车的理由就是喜欢，很喜欢的这种，开出去特别的拉风，空间很大，而且续航也长，开着很舒服，坐车的人也很舒服。买车不就是为了舒服么，我的目的已经达到。外观内饰都特别棒。,,爱车评价,,,,,,[最满意],这台车我满意的地方有很多，让我最满意的应该是充满一次电可以跑差不多500km左右，整体使用起来成本比汽油车低很多。,[外观],[不满意],外观造型非常霸气，整体很协调，很运动，充满着时尚元素，车身尾部两条贯穿式的刹车灯亮起来，能给后车非常显眼的警示。,隔音做得不够好，跑起来的时候噪音特别大，这是最不满意的一点。,[动力],[性价比],[内饰],外观、空间、操控、电池、加速、四驱、放电功能、4S店服务等都是我选择这款车的原因。,内饰充满着科技感和时代感，整体用料及做工方面还是比较优秀的，中控台格局非常清晰，操作起来非常灵活。,[续航],这台车确实很经济，很实惠，用起来特别的省心。,[空间],空间非常大，我们家的成员个子都比较高大，所以买这台SUV是正确的。我177的身高坐在驾驶位上面，头顶还有一个拳头的距离，坐在第二排腿部挺宽阔的。,[舒适],静音效果比较差，我觉得这个是比亚迪新能源车唯一的一个缺陷，其他方面表现真的非常优秀。,[操控],方向助力特别好，方向很轻，而且电门也很轻，基本上轻踩一下车子就会有往前窜的感觉。,javascript:;,展开全部,上班
"
    发表于  2021-03    

      
        
    
    
",动力的体验确实是很不错，丝毫不输燃油车，特别是在起步的时候可以秒杀大部分车辆，中期的表现也比较稳，超车很轻松。,https://image1.xcarimg.com/attachments/my/1/88/61/796_120.jpg,xuser1896179,三星会员,4.5,外观,4,内饰,5,续航,5,空间,5,舒适,4,动力,5,操控,4,性价比,4,购入信息,爱车车型,https://newcar.xcar.com.cn/m55909/,2021款唐EV四驱高性能版创世旗舰型,购入时间,2021/1/1,购车地点,福建省美嘉鑫迪贸易有限公司 [福建省],裸车价格,29.17万  (厂商指导价 31.48万),续航里程,387km,购入用途,爱车简评,因为自己也有一台纯油的路虎车子了，所以现在买过一台车子就想买一辆新能源的车。买车的时候主要考虑的第一点就是安全因素，有公路坦克之称的比亚迪唐，我对他的安全是非常满意的,,爱车评价,,,,,,[最满意],外观的设计非常不错，我和老婆都是外貌协会，颜值方面我们俩都非常喜欢，看起来时尚大气。性价比也是相当。娱乐功能也是非常丰富，甚至超过了手机的功能，是其他车子不能比拟的。比亚迪的技术值得信赖，空间也让我比较满意。,[外观],[不满意],对于外貌协会来讲外观也是非常重要的，设计风格很符合年轻人的审美，看起来时尚大气，设计方面也做得比较到位，看起来挺独特。,感觉车速快了，风曝和胎噪还是挺明显的。隔音效果还有待提高。内饰的豪华感差了一点。,[动力],[性价比],[内饰],我一直都很喜欢秦、唐、宋这几款车，首先从车名上有一种新意满满的时代感，从外观到内饰也是特别喜欢它的设计，而且这车的安全系数也很高。,但是整体的布局挺不错的，但是看起来没有什么豪华感。用的材质还行吧，属于比较简约大方的类型。中控大屏确实值得点赞，可玩性也非常高。,[续航],续航也是值得表扬，这也是我选择他的原因之一，充满电跑个480公里不是问题，跑高速也不会有压力，而且现在充电也很方便。,[空间],空间方面我觉得挺不错的，平常也就两个人用车比较多，偶尔和父母一起出行也不会显得拥挤，我对空间的要求不是特别高，整体来说挺不错的后备箱的，容量也还可以。,[舒适],座椅的舒适度挺高的，填充物比较柔软厚实，包裹性也觉得不错。低速的隔音挺好的，但是跑高速噪音有点大。底盘的过滤挺不错，空调制冷也挺好。,[操控],整体的操控感受还是挺好的，方向盘更加轻盈，老婆开起来也不会有什么难度，比较好上手。而且配置也挺多的，刹车也很及时，我觉得操控没什么难度。,javascript:;,展开全部,上班
"
    发表于  2021-03    

      
        
    
    
",车子的动力就更不用说了。百公里几秒我也没真正测过，不过他的动力真的是非常猛，起步非常的迅速，推背感是杠杠的。,https://image1.xcarimg.com/attachments/my/1/88/61/783_120.jpg,xuser1896178,三星会员,4.63,外观,5,内饰,5,续航,4,空间,5,舒适,5,动力,5,操控,4,性价比,4,购入信息,爱车车型,https://newcar.xcar.com.cn/m55909/,2021款唐EV四驱高性能版创世旗舰型,购入时间,2021/1/1,购车地点,济南乾城汽车贸易有限公司 [山东省],裸车价格,29.16万  (厂商指导价 31.48万),续航里程,386km,购入用途,爱车简评,家里一台车已经不能满足正常的出行需求，所以必须再买一台车，现在新能源汽车已经越来越成熟了，市面上也有很多品牌可以选择，经过多方了解，觉得比亚迪更成熟，所以买下了比亚迪唐这台新能源汽车。,,爱车评价,,,,,,[最满意],这辆车的优点真的很多，让我选择一样，我最满意的真的是不太好选，如果非得挑一个的话，那可能就是他的外形上了，觉得非常帅。,[外观],[不满意],他的外观我觉得是非常的好看的，整体造型特别的流畅，看起来质感特别高，开出去回头率那是相当的高，特别是它的轮毂看起来真的很大，很帅。,要说不满意的话，这个真有点难住我了，如果非得说一条不满意的话，就是价格可能超出了一些我的预算，如果能便宜一些就更完美了。,[动力],[性价比],[内饰],要说比亚迪扛这个车，真的是非常不错，不管是从它的实力上还是从它的外观颜值上都是非常的好。选择这个车一方面是喜欢，一方面是为了支持国产。,车子在内饰上的豪华程度也是相当高的，而且做工特别细致在一些细节上处理的相当好看，得出来是比较用心的，而且他的中控大屏也算是很另类的一个存在，也比较醒目，我们年轻人很喜欢。,[续航],续航基本都能跑到480~500之间吧。这个续航可以基本上满足我所有的需求。对于续航方面真的是很满意。,[空间],他的空间方面表现还是相当不错的，坐在车里不管哪个位置都是非常的宽松，在车里活动自如，在空间上没什么可挑剔的。,[舒适],车子的舒适度还是非常高的，座椅的支撑性相当好，长时间开车也不会太累，坐在车里的姿势还是比较舒适的。,[操控],车子开起来手感也是相当的不错，转向也比较清楚，看起来还是挺跟手的，整体体验非常好，毕竞开着自己心爱的车子怎么开这么舒服。,javascript:;,展开全部,购物
"
    发表于  2021-03    

      
        
    
    
",车子在提速上真的非常优秀，提速非常的快，平时等红绿灯我都是第一个出去，很有自豪感，看起来也比较爽，超车都不是问题。,https://image1.xcarimg.com/attachments/my/1/88/61/766_120.jpg,xuser1896176,三星会员,4.5,外观,5,内饰,4,续航,4,空间,5,舒适,5,动力,5,操控,4,性价比,4,购入信息,爱车车型,https://newcar.xcar.com.cn/m55909/,2021款唐EV四驱高性能版创世旗舰型,购入时间,2021/1/1,购车地点,济南乾盛汽车销售有限公司 [山东省],裸车价格,29.15万  (厂商指导价 31.48万),续航里程,385km,购入用途,爱车简评,买车的时候我比较看重安全性，毕竟是家用车，安全要放在第一位。对于比亚迪的安全方面我还是很满意的。其次就是技术优势，技术成熟，质量稳定可靠。颜值也是相当高,,爱车评价,,,,,,[最满意],要说这款车子让我满意的，应该是他的动力提升快，他的性能真的非常好，动力提升非常快，开起来非常爽。,[外观],[不满意],我觉得他的外观设计非常的有国际范儿，特别是他尾部的英文字母很提升逼格我是非常喜欢的。 还有车头的大灯，看起来很亮很有神。,要说不满意的话，其实真没什么，就是如果车子的价格能便宜一些，那就是更不错了。,[动力],[性价比],[内饰],选择这款车的理由很多，比如说他的各项配置非常的抢眼，各项数据也是非常的优秀，再就是他的造型选择他的理由可以有很多，也可以很少，就是我很喜欢。,在那世上最引人注目的就是他的那块大屏幕真的很大，用起来非常方便，看地图的时候非常清晰。整体的用料上也是非常的豪华。,[续航],基本上续航都能跑到450以上，还是能满足我日常出行的需求的，作为市里的代步车，特别的方便。,[空间],平时我在空间方面的要求也不大，一家4口人坐在车里还是非常宽松的，想怎么坐怎么坐。后备箱给小孩子放一些玩具和小车也都是非常轻松。,[舒适],在车子的舒适度上的确要表扬一下，首先车子的噪音方面控制的就非常好，特别是起步的时候根本没有什么声音，座椅方面支撑性也是相当不错，驾驶车辆还是很舒服的。,[操控],车子开起来手感还行，方向盘挺轻的，方向盘的握杆也非常不错，方便操控，车子的刹车制动也比较及时，脚感也不错。,javascript:;,展开全部,上班
"
    发表于  2021-03    

      
        
    
    
",出行过程中动力不错，而且起步的时候非常的迅速，不像燃油车会有一些肉肉的感觉，这台车子给我的感觉一点延迟都没有，加速反应也非常的及时，对于我经常市区出行来说，动力足够用了。,https://image1.xcarimg.com/attachments/my/1/88/53/661_120.jpg,gh1614732387,三星会员,4.5,外观,5,内饰,5,续航,4,空间,4,舒适,4,动力,5,操控,5,性价比,4,购入信息,爱车车型,https://newcar.xcar.com.cn/m55909/,2021款唐EV四驱高性能版创世旗舰型,购入时间,2021/1/1,购车地点,重庆市宝骏汽车销售有限公司 [重庆市],裸车价格,29.14万  (厂商指导价 31.48万),续航里程,384km,购入用途,爱车简评,4s店里，一眼就看上了它，真的，其它款都不考虑了。以前看过蔚来ES6，真不明白为啥那么贵，还担心蔚来坚持不下来，挂掉。比亚迪在电动车领域还是值得信赖的。,,爱车评价,,,,,,[最满意],最满意的是外观吧，因为造型上我觉得非常的不错，给人的感觉是非常大气的，前脸的进气格栅设计的非常独特，中间一个唐字我觉得非常的有特点。,[外观],[不满意],外观的造型不错，我比较喜欢，我觉得比亚迪的设计一直以来都是符合潮流的，造型比较时尚，而且我觉得他的前脸进气格栅设计的是非常独特的，大气的造型再配上独特的一个唐字，非常有特点。,目前为止对这台车子不太满意的地方，主要是觉得减震调教的不是特别舒适，如果带着家人出门的时候，我还是希望车子的颠簸感能小一些，这样让我的家人也能够舒适一些。,[动力],[性价比],[内饰],觉得比亚迪唐在新能源方面的技术已经非常好了，甚至可以说是领先的地步，所以说我对比亚迪还是比较有信心的，然后比亚迪唐在外观造型看着也非常时尚。,内饰是这台车子表现比较突出的地方吧，我觉得在科技感方面比较强烈，而且在用料和做工方面都挑不出来什么毛病，整体的品质非常出色。,,,[空间],整台车子的空间还是不错的，不论是它的后备箱储物空间还是这台车子前后排的乘坐空间设计的都是比较合理的，前后排的间隔够大，对于我们家人来说，最高的其实就是我了，身高是1米718，我坐在后排其实也是能够翘着二郎腿的，所以对我们全家人来说，空间都是宽敞又舒适的。,[舒适],其实我一般都是一个人上下班开这台车子，所以感觉舒适性还是可以的，不过就是带着家人旅游的过程中，有的时候路面很颠簸，家人们觉得车子的减震不太理想，后排的颠簸感非常强烈。,[操控],驾驶操控简单，虽然相对来说车身有一点大，不过在各方面的调教比较不错，尤其是方向盘手感很好，市区出行的时候感觉都是非常轻巧的，很好转动方向。,javascript:;,展开全部,上班
"
    发表于  2021-03    

      
        
    
    
",提速快，起步稳重，日常开足够用了，稳稳当当的才是最重要与安全的，在高速上超车很轻松简单。,https://image1.xcarimg.com/attachments/my/1/88/61/733_120.jpg,xuser1896173,三星会员,4.5,外观,5,内饰,4,续航,4,空间,5,舒适,5,动力,4,操控,4,性价比,5,购入信息,爱车车型,https://newcar.xcar.com.cn/m55909/,2021款唐EV四驱高性能版创世旗舰型,购入时间,2021/1/1,购车地点,天津市路迪恒泰汽车销售有限公司 [天津市],裸车价格,29.13万  (厂商指导价 31.48万),续航里程,383km,购入用途,爱车简评,我就是比较喜欢比亚迪这个品牌，刚好也比较看好新能源的车子，毕竟现在我身边的朋友开新能源车子的人已经不少了，比亚迪唐刚好有新能源车子，造型，价格都合乎我的心意，所以就这样选了这台车子。,,爱车评价,,,,,,[最满意],最满意的地方是它的颜值与续航能力，这车辆的颜值真的很高，是我喜欢的外形，很符合我的审美眼光，简约大气，造型时尚，一次充满电之后，光上下班的话，两天可以不用充电，所以续航能力还是挺强的,[外观],[不满意],外观的颜值是我对这辆车最偏爱的地方，大气豪华，时尚有气质，最喜欢它的前脸设计，这个外观开出去回头率贼高。,没有挡泥板，由于车轮相对车身宽一些，前轮很容易把泥甩在车门上，非常影响美观，如果有挡泥板就好了,[动力],[性价比],[内饰],首先还是想尝试下新能源！外观，空间，操控，续航，4S店服务等都是我选择唐新能源的理由。,国产车的内饰都是比较有质感的，而且视觉冲击高，唐EV整车的质感可以说相当的高，而且材质也很不错，做工仔细，整体还算不错,[续航],这款车在续航能力方面非常强悍，和燃油车相比的话，充满一次可能没有加满一次油跑的远，但是在新能源汽车里，比亚迪唐的续航能力已经非常给力了，而且充电要比加油省太多钱了,[空间],车辆整体空间非常大，全家乘坐也依旧不局促。 男性178，头部还有一拳，腿部空间也不错，整体来说，前排，第二排空间都非常大，第三排空间略小，但也并不局促。日常五人以下出行，空间超大，七口人出行也可胜任,[舒适],车辆整体驾乘体验不错，非常舒适，长时间驾驶也没有出现不适。空调温度分前后两区控制，可以单独开户后排空调，大幅提升后排乘坐体验。图书馆级静谧座舱，名副其实，胎噪和风噪控制的都非常好,[操控],车辆操控性能良好，转弯刹车等环节控制出色。并线辅助大大提升了驾驶安全感，城市拥堵路段与高速路段均表现不错。方向盘转向精准，转弯半径对于这个大小的车来说相当可以。高速行驶，转弯时车身都很稳。,javascript:;,展开全部,上班
"
    发表于  2021-03    

      
        
    
    
",动力十足，爆发感很强，驾驶起来很稳，四点五秒破百的动力，可以说同价位没有比唐更快的车了。,https://image1.xcarimg.com/attachments/my/1/88/61/714_120.jpg,xuser1896171,三星会员,4.5,外观,4,内饰,5,续航,4,空间,4,舒适,5,动力,5,操控,4,性价比,5,购入信息,爱车车型,https://newcar.xcar.com.cn/m55909/,2021款唐EV四驱高性能版创世旗舰型,购入时间,2021/1/1,购车地点,上海彤新汽车租赁服务有限公司 [上海市],裸车价格,29.12万  (厂商指导价 31.48万),续航里程,382km,购入用途,爱车简评,自己从小就是个科幻迷，在选择这一块当然也是秉承着我以前一贯的审美风格，选择了新能源的汽车，然后在空间这一块自己的要求又比较高，像国外火热的特斯拉又是轿车款，所以说我把目光放在了我们自主品牌上,,爱车评价,,,,,,[最满意],爆发力十足，综合性能也很强大，相比同等价位的车，它很优秀。,[外观],[不满意],外观运动感十足，时尚感十足，车缝间做工也很细致完美，我喜欢。,储物空间不是很理想，不方便储物，不适合带着一大家子去旅游啥的，车身稍微有点长，每次停车有点吃力，但是扬长避短综合还是很理想的。,[动力],[性价比],[内饰],第一就是为了降低使用成本，第二的话就因为颜值高，而且空间大，所以就选择了。,整体软包比较多，看起来比较上档次，车上的配置很多高科技，很强大。特别喜欢的就是这个档杆，看起来充满着科技感。,[续航],最是中意它的续航能力还有充电速度了。续航能够达到500公里，在新能源领域中还是比较出色的，日常使用我就一个星期冲一次。,[空间],对于家里人口比较多的情况来说，开放7座的座位是很紧凑的，储物就不太理想，要是一家四口,[舒适],电机的声音非常小了，晚上下晚班的时候路上车子比较少，我开唐空间安静得可怕，要是开点音乐基本上只有歌的声音了！,[操控],宽大的车身，扎实的底盘，对于经常行驶在高速上的驾驶者来说，安全指数很强大的，这一点让我很满意、很放心。,javascript:;,展开全部,上班
"
    发表于  2021-03    

      
        
    
    
",整台车子的动力表现我觉得不错，平时在驾驶的过程中，我觉得它的油门响应非常的及时，所以我在超车和变道的时候，感觉车子特别的给力，而且我也感受了一下在跑高速时的他的动力情况，感觉没有什么困难的，还是非常有劲儿的,https://image1.xcarimg.com/attachments/my/1/88/61/511_120.jpg,xuser1896151,三星会员,4.5,外观,5,内饰,4,续航,4,空间,5,舒适,5,动力,4,操控,5,性价比,4,购入信息,爱车车型,https://newcar.xcar.com.cn/m55909/,2021款唐EV四驱高性能版创世旗舰型,购入时间,2021/1/1,购车地点,北京福铃景瑞新能源汽车销售有限公司 [北京市],裸车价格,29.11万  (厂商指导价 31.48万),续航里程,381km,购入用途,爱车简评,颜值高，空间大，最主要是家人喜欢！而且这辆车也符合我们全家人出行的需求，价格在我们的预算范围！,,爱车评价,,,,,,[最满意],最满意的就是这台车子的整体性价比吧，这样的外观这样的配置以及这样的价格，我觉得真的是蛮不错的选择,[外观],[不满意],整台车子的外观造型我觉得还是挺不错的，尤其是车灯的设计，看起来挺有亮点的，还有就是车子的前脸造型，我觉得看上去也是十足的大气，非常的喜欢,我对这台车子目前不太满意的地方就是觉得他有的时候噪音挺大的，当时在试驾的时候，其实我没有发现这个问题，因为速度开的比较慢，只是后期在跑高速的时候，感觉噪音还是挺明显的,[动力],[性价比],[内饰],买这台车子也算是一个巧合吧，当时是陪朋友一起去看车的，他没有看中这台车子，但是我却喜欢上了这台车子，因为我觉得价位挺合适的，而且造型上又非常的吸引我，我看着觉得非常有眼缘，销售人员也是比较热情的，我觉得是一个物有所值的座驾,为饰的设计我觉得可以的，不管是颜色的搭配还是它材料的使用，我觉得都不错，在功能的配置上我也是有过一番考察的，觉得足够满足出行时的使用需求,[续航],这台车子的续航能力完全没有问题，因为我其实每天用车的时间也不算太长，主要就是上下班开这台车子比较多，所以完全能满足。,[空间],整台车子的空间我觉得还是没有问题的，尤其是它的乘坐空间设计是比较理想的，对于我身高1米75的人来说，不管坐在前排还是后排空间都是足够用的，而且我觉得后备箱设计的不错，开口比较宽，所以放一些大件物品的时候是特别轻松的,[舒适],整台车子的舒适性我觉得还是可以的，因为从乘坐的角度上来看，我觉得空间合适，而且座椅也不硬，包裹感特别的好，坐在车内的时候有一种非常放松的感觉，只是在驾驶的过程中，我觉得车子的胎噪声音比较明显，在市区的话没有什么影响，但是在跑高速的时候感觉会听到比较大的噪音,[操控],在操控性能上，我主要注重的是车子的刹车和油门的灵敏度，这台车子刹车油门表现非常的线性，反馈非常的及时，所以对我来说感觉是很安全的,javascript:;,展开全部,上班
"
    发表于  2021-03    

      
        
    
    
",在电量充沛下，哪怕用纯电加经济模式这种最小输出，动力依旧秒杀路面大多数车。扭矩强大，前几天去乡下，走到一段烂泥路面，有辆迈腾陷在泥地里，我用安全绳轻松把它拽了出来。,https://image1.xcarimg.com/attachments/my/0/31/07/065_120.jpg,letmeinb09,新手上路,4.75,外观,5,内饰,5,续航,5,空间,5,舒适,4,动力,5,操控,4,性价比,5,购入信息,爱车车型,https://newcar.xcar.com.cn/m58591/,2021款唐EV四驱高性能版尊荣型,购入时间,2021/1/1,购车地点, [河南省],裸车价格,26.68万  (厂商指导价 28.35万),续航里程,500km,购入用途,爱车简评,毕竟是大块头SUV，指向精准度肯定不如运动型轿车，但是日常驾驶还是很舒服的。方向盘全数要少于我原来的轿车，打死只有一圈半。,,爱车评价,,,,,,[最满意],提速快顺滑，扭矩强大。在市区路面起步基本秒杀所有车。,[外观],[不满意],奥迪设计团队设计的作品，国产车的颜值担当，完全摆脱了模仿。,SOC值哪怕调到70%，在经济混动模式下电量依然会掉到百分之十四左右发动机才开始反充电,[动力],[性价比],[内饰],28万不到买一辆三点系统保终身的中大型运动型SUV，性价比超值、既满足了我带全家出游只开一辆车的需求。又满足了我对轻度越野和运动性的要求。在这个价位我曾经考虑过哈弗H9，但是既满足家用又考虑各种均衡性的话，我还是选择了唐DM。,内饰设计精致，尤其是内门板上的麂皮，显得很有档次。中控大屏也经常博得同事亲戚的眼球。比我原来开过的皇冠，名爵7L，都提升了好几个档次。,,,[空间],家里六口人，我夫妻二人加我父母加我女儿和儿子，一家人出游空间刚好，第二排空间舒适，第三排做女人和孩子完全宽松,[舒适],对路面细碎颠簸过滤的很好，避震有韧性，舒适感强。,,,javascript:;,展开全部,上班
"
    发表于  2021-03    

      
        
    
    
",,https://image1.xcarimg.com/attachments/my/0/31/07/259_120.jpg,kerulenn,新手上路,4.25,外观,3,内饰,4,续航,5,空间,5,舒适,4,动力,5,操控,4,性价比,4,购入信息,爱车车型,https://newcar.xcar.com.cn/m59941/,2021款唐EV改款 四驱高性能版尊荣型,购入时间,2021/1/1,购车地点, [山东省],裸车价格,31.48万  (厂商指导价 28.35万),续航里程,500km,购入用途,爱车简评,经济模式在市区就已经很残暴了，运动模式轻轻一点就是厚重的推背感。动力足够好也是安全保障，有隐患的情况能够一下就通过。,,爱车评价,,,,,,[最满意],最满意空间，性价比。我家常规出行是五口人，一周一次七人出行，两个小朋友坐第三排他俩有了专属空间很开心，空间够他俩使用。31万的车性能很出色了，功能也足够多，性价比很高。外观，内饰，氛围灯，用料很讨老婆的喜欢。运动模式下，看着表盘换了颜色，动力足够猛。需要沉稳时候，唐ev也足够沉稳，没有多余的噪声，稳，,[外观],[不满意],对于21款唐ev一直期盼沿用汉ev的前脸，结果还是没改，这点很失望。22寸轮毂确实大，万般小心的情况下还是蹭了一点。希望车辆整体高度还能再高点。能够关闭日间行车灯，好评，不然停车等人总是被人关注。,最不满意的是辅助驾驶系统里面不能自动变道；默认音乐软件是酷我，真垃圾，还卸载不了；使用第三排以后，后备箱空间略小。,,[性价比],[内饰],8月下单，1月才提车。比亚迪的经销商也是名不虚传，艰辛就不再一一细说，车确实是好车，性价比不错。但是需要提升的还有很多。对于像我这样难得的粉丝，对比亚迪，对唐ev还有很多的期待。,总体满意，很有豪华感，尤其是氛围灯，只是可惜不能循环。内饰可挑选的颜色太少，要么红要么棕，我喜欢灰或者黑。新车味道应该是比亚迪所有车里面最小的，我在4s店比较过。语音系统刚开始很灵敏，最近几天要唤醒好几遍才听见，也不知道是我的问题还是系统问题。大屏幕很爽，按照论坛攻略装上游戏手柄，停车回家之前打上两把游戏再回家看孩子，很爽。,,,[空间],空间是我最满意的，前两排没得说，够大。俩小孩坐第三排绰绰有余。但是后备箱在使用第三排情况下，略小。如果不用第三排，那就直接可以躺人睡觉了。,[舒适],座椅很舒服，对于我这种有腰伤的人来说，主驾驶副驾驶腰部支撑很到位。绿净系统很好，能快速的清新空气。纯电车第二排第三排中间没有传动轴隆起，坐在中间的乘客完全很舒适。,[操控],前刹是brembo卡钳，后刹不是。虽然车很大，操控很满意，实在吃不准的地方，360度全景影响很实用。这两天重点试了试辅助驾驶系统：总体满意，一般孤度弯道通过没问题，通过城市道路十字路口略吃力，偶尔会跟丢了车道，跟车保持做得不错，遇到加塞车辆也能很快判断。就是等待红灯时候，跟随前车停车有时候要分两次刹车才刹住，第一次刹车刹得很急。希望能升级自动变道。,javascript:;,展开全部,上班
"
    发表于  2021-01    

            
    
    
",这个是我们这里昨天下雪的时候，在路上行走拍的照片，动力我觉得这个车应该是没得说，,https://image1.xcarimg.com/attachments/my/1/87/08/470_120.jpg,xuser1880847,三星会员,3.63,外观,4,内饰,3,续航,4,空间,4,舒适,3,动力,4,操控,3,性价比,4,购入信息,爱车车型,https://newcar.xcar.com.cn/m55326/,2021款唐EV长续航版尊荣型,购入时间,2020/11/1,购车地点,涿州中煤华谊汽车销售服务有限公司 [河北省],裸车价格,26.4万  (厂商指导价 27.95万),续航里程,430km,购入用途,爱车简评,1，是因为我男朋友很喜欢这个车的速度，4.3S，试驾时的提速和推背感真的老爽了，所以他也是一直在极力推荐我买这个车。2.是因为我们朋友买了一个是个老款的而且开了一年多了现在也没有什么毛病，开着还超级霸气，,实拍图片,爱车评价,https://img1.xcarimg.com//review/20210114/407d8559092860d0f659bbcdac4b7116.jpg-169x127.jpg,https://img1.xcarimg.com//review/20210114/408cc3699e99e368b2f844d42b4cd07a.jpg-169x127.jpg,,,,,,[外观],[不满意],外观的唐的识别度真的很高，感觉整体的都很好看，尤其是哑光的前网，别等也是带蓝色的很炫酷,最不满意的现在还没有出现就是以前开的小车车，刚买了这个车还有点不习惯，哈哈,[动力],[性价比],,性价比这个怎么说呢，我觉得还是看你的个人用车需求，我就一直想考虑新能源，而且它也正好在我的预算之内,,[续航],因为车比较大而且还又重，从买上到现在我基本都是用的电还没有怎么用过油，但是我每天上班来回80公里，所以就需要2天回家充电，所以现在用的不错,[空间],我觉得这个车的空间其实是在后排，尤其是最后面内俩个座位可以彻底放平，有需要的时候是俩个座椅不需要的时候又是一个超大的后备箱，而且后排又可以放平上次出去孩子还在后座睡了一觉，哈哈朋友们对这个车也是赞不绝口觉得很不错。,[舒适],这个车，我感觉不管是开车还是坐车都很舒服，而且还没有发动机的噪音，开起来很舒服，坐着也不错，座椅的包裹也很实在,[操控],比亚迪唐虽然车比较大，但是他的操控是很不错的，方向盘很轻巧，操控不错，尤其是内个盲区检测确实是对我们太友好了,https://newcar.xcar.com.cn/4242/review/comment-395421.html,展开全部,上班
"
    发表于  2021-01    

      
        
    
    
",动力一流，超车成了惬意轻松的事情了，开车也成为一种享受！不知道那些说家用车不需要动力的喷子出发点是什么，是因为自己的车没有这个能力还是本来就没有开过高性能车？,https://image1.xcarimg.com/attachments/my/1/87/08/482_120.jpg,xuser1880848,三星会员,3.5,外观,4,内饰,3,续航,3,空间,4,舒适,4,动力,3,操控,4,性价比,3,购入信息,爱车车型,https://newcar.xcar.com.cn/m55326/,2021款唐EV长续航版尊荣型,购入时间,2020/10/1,购车地点,保定市顺捷物资贸易有限公司(比亚迪) [河北省],裸车价格,26.9万  (厂商指导价 27.95万),续航里程,460km,购入用途,爱车简评,10年以前选过国产车，只为性价比，貌似很高，实际使用体验不理想。这么多年了国产水平应该进步了，加之看不惯某些国际品牌对待国人这副嘴脸，毅然选择国产。,实拍图片,爱车评价,https://img1.xcarimg.com//review/20210114/856b1c305c771443f65a124403748aeb.jpg-169x127.jpg,https://img1.xcarimg.com//review/20210114/cbe6759670a91bfcea89185bc8bf5c00.jpg-169x127.jpg,,,,[最满意],提速快，高速120码几乎只有风噪和胎噪。配置较高，这个配置价格同级别算是无敌了。外观内饰颜值高，拿的出手,[外观],[不满意],满分，颜值配置都是一流。特别是22存轮胎和矩阵式LED大灯，尾灯点亮效果很赞,车机兼容性不够好，运行速度较慢、卡顿。使用中有些小bug，如输入法无法设置默认中文，并线辅助偶尔失灵，倒车时全景摄像头启动较慢，无法着车自动启动车机软件，手机蓝牙锁闭车门车窗无法联动等等。方向盘没有加热功能是个比较大的缺失，空调控制实体按键太少，不利于盲操作。人机工程学BYD还有很长的路要走,[动力],[性价比],[内饰],性价比就一般了，便宜个5万应该说就是神车了！,除了钢琴烤漆容易刮花以外没有值得吐槽的，做工扎实，用料有档次。两幅方向盘握感舒适，颜值亮眼。真皮座椅带前排腿托调整非常显高档。可调氛围灯恰到好处，特别是中央大屏，上车的人都会惊叹！,[续航],续航目前460，基本能满足我日常生活了,[空间],7坐空间的平均水平，比较过汉兰达、传祺GS8 、锐界，感觉都差不多。不过唐的储物设计还有很大的提升空间。,[舒适],控制很好，座椅舒适度非常棒。就是地台较高，上下车和后备箱取放东西都费劲。,[操控],方向盘轻盈，随速变化挺明显 过弯也把控得住，不是专业的描述不好。,javascript:;,展开全部,上班
"
    发表于  2021-01    

            
    
    
",有两种驾驶模式，经济模式动力输出相对比较平稳，运动模式就显得澎湃了许多，高速超车动力输出源源不断！配合电机动力输出也比较平顺！总体来说动力表现给个五星好评没问题！,https://image1.xcarimg.com/attachments/my/1/87/09/884_120.jpg,xuser1880988,三星会员,3.63,外观,3,内饰,3,续航,4,空间,4,舒适,4,动力,3,操控,4,性价比,4,购入信息,爱车车型,https://newcar.xcar.com.cn/m55326/,2021款唐EV长续航版尊荣型,购入时间,2020/9/1,购车地点,涿州中煤华谊汽车销售服务有限公司 [河北省],裸车价格,26.68万  (厂商指导价 27.95万),续航里程,500km,购入用途,爱车简评,买车时候也关注了好几款车，但是一直以来对唐这款车都比较喜欢，平时也关注论坛，看看其它车主的反馈，褒贬不一吧，可能是出于喜爱吧，最终还是选择了唐混动这款车！,实拍图片,爱车评价,https://img1.xcarimg.com//review/20210114/dccedb7cb4e0373ab9da8454ed504d84.jpg-169x127.jpg,https://img1.xcarimg.com//review/20210114/2ac6d7b94ac7557f24aaa189ad204135.jpg-169x127.jpg,https://img1.xcarimg.com//review/20210114/17a24d23fa73dad08607e3414a10b9c0.jpg-169x127.jpg,,,[最满意],从九月份至今提车也将近三个月了，最满意的地方不得不说操控性能了！我个人也是比较注重驾驶感受的，首先要说一下就是驾驶辅助功能了，ACC自适应巡航，360全景影像，并线辅助，自动驻车等，这些功能都是日常驾驶中常用到的，值得一提的就是自适应巡航功能了，城市道路用不到，但是跑高速时候就显得格外的出众，它并不像传统定速巡航那样一直保持同样的速度行驶，而是根据路况自己调整速度，配合并线辅助功能，高速路况良好的情况下只需要握好方向盘就行，前方没有车辆时候根据设定的速度平稳行驶，如果有车辆，会自动保持安全距离跟车行驶！这个功能特别好用，另外就是360全景影像了，前后左右四个摄像头，模拟车顶成像，底盘透视，虽然车身庞大，但是停车倒车也能得心应手，非常方便。,[外观],[不满意],舒适度与抓地力的同时静音效果也不错，LED自动大灯，贯穿式尾灯，远处看辨识度也很高，外观造型设计很饱满，配合车身线条让硕大的车身显得也不是很笨重，反而还有一丝运动气息！,不知道是不是通病，最不满意的一点就是打开空调压缩机，那声音就觉得有点吵了，静音与隔音效果有待提高！,[动力],[性价比],[内饰],性价比这块众说纷纭吧，毕竟每个人考虑的可能都不一样吧，个人觉得预算充足，并且考虑混动车辆的话，还是很值得购买的，但是新能源汽车保质率不高，另外电池寿命也是个问题，如果考虑入手可以先看看这几点再做结论！总体来说唐这款车还是不错的，推荐指数给个4星吧,从唐这款车可以看出比亚迪用料还是很实在的，车内大部分采用软包，塑料味明显没有，14寸的旋转大屏，可以联网听音乐，看视频，玩游戏等，就是一个车载pid，反应也很灵敏！车内氛围灯多重颜色可调，根据自己喜好自行选择！内置的行车记录仪清晰度也很高，没事整体设计风格非常豪华，丝毫看不出是国产车，为国产企业点赞！,[续航],能耗方面也是很不错的，纯电续航500公里，在家使用7千瓦的充电桩一晚上就能充满，也就十几块钱的电费！,[空间],唐这款车车空间表现来说还是很不错的，调整好前排座椅，第二排不管是腿部还是头部空间大概都还有2-3拳的距离，对于身高180以下，中等身材的人来说足够用了，由于第三排位置，后备箱空间刘显得局促了些，不过第三排座椅放到后，后备箱空间还是很宽敞的！车内储物空间中规中矩，中央扶手箱，两个杯架，车门杯架，手套箱等，设计也很合理！,[舒适],舒适度来说确实对的起这个价位，座椅痛风加热，腿部支撑调节，座椅电动调节，主驾还带有座椅记忆功能，设置好自己习惯的驾驶模式，再也不用担心其他人开完车自己再调节座椅弄半天了！车辆还配备PM2.5空气过滤装置，开车显示车内空气质量，提示开启过滤，车内空气焕然一新！自动空调，温度分区可控，满足车内不同体质的人员需求！同时后排还配有独立出风口，后排乘坐也能及时感受到车内的温暖或凉爽！减震悬挂来说中规中矩吧，没有轿车那么的软，也没有硬塞SUV的偏硬，毕竟这款车主打的还是家用，再兼顾舒适度的同时稍微保留了SUV的硬度，表现还可以！,[操控],超控是我最满意的一点了，方向指向清晰，高速行驶车辆平稳，油门响应灵敏，车道偏离配合自适应巡航，高速行驶极大的减少了安全隐患，同时还配备主动刹车功能，远离追尾危险，全车前后多个雷达探头，加上360全景影像，倒车停车从容不迫！方向盘采用电子助力，低速时非常轻盈，轻轻松松转弯掉头，高速是略显沉重，也是为了安全驾驶考虑而设计的，刹车表现也是很不错的，那么大的刹车盘，还有硕大的刹车卡钳，看着就舒服！,https://newcar.xcar.com.cn/4242/review/comment-395419.html,展开全部,上班
"
    发表于  2021-01    

            
    
    
",动力是真的强，没试驾之前没有想过，这么大一辆车，纯电的，跑起来可以这么带劲的，也完全没有乏力的感觉,https://image1.xcarimg.com/attachments/my/1/87/09/901_120.jpg,xuser1880990,三星会员,3.63,外观,3,内饰,4,续航,4,空间,3,舒适,4,动力,4,操控,4,性价比,3,购入信息,爱车车型,https://newcar.xcar.com.cn/m55326/,2021款唐EV长续航版尊荣型,购入时间,2020/10/1,购车地点,保定市顺捷物资贸易有限公司(比亚迪) [河北省],裸车价格,26.2万  (厂商指导价 27.95万),续航里程,500km,购入用途,爱车简评,都说人生得意须尽欢，既然喜欢那就买了咯。也算赶上新能源趋势，支持国产义不容辞,实拍图片,爱车评价,https://img1.xcarimg.com//review/20210114/eae8949f6b7efff958b7226bb8c721e8.jpg-169x127.jpg,https://img1.xcarimg.com//review/20210114/b9ac8dcbe8fdf73a29ded2097e9c5d8a.jpg-169x127.jpg,,,,[最满意],我个人觉得性价比很高，买这个车。唐新能源在车友圈里也是很受好评的，好看，动力也强，配置也高。虽然说三十万买国产车大家都觉得头壳磕到了，但真要算起来，可不就国产车实用性高、性价比高嘛。中型SUV里唐新能源已经是非常够格了，尤其是这个实力，堪称越级了。,[外观],[不满意],大家都说这个车好看，群众的眼睛是雪亮的，外观就不多说了,虽然说价格也不算便宜，每个月月供有压力。但也不错啊，就我们家来说，这辆车至少得开个五六年啊。要是可以更久那更好，完全不会担心掉价。,[动力],[性价比],[内饰],虽然有经济压力，但只要有工作就不怕供不起，所以还是入手了。从车子角度来说，它性价比不低,内饰材料很不错，看得出来很有诚意，很高档的感觉,[续航],我觉得电耗是低的，寻常电动车也要这个水平了，真的很经济了，然后在我们北方城市，冬天是比较冷的，续航将近500公里很给力了已经,[空间],空间方面我是觉得可以的，一般一家四口出去那最后一排座椅都是打倒，这样后备厢容量也就大。但其实很少放东西的，没什么影响。,[舒适],纯电没有发动机的噪音，特别安静。座椅也非常舒服，还有加热功能，冬天不冷,[操控],车体大，一开始是有点觉得笨重的。但一段时间下来，也是挺顺手的。从辅助配置到安全配置，特别齐全。,https://newcar.xcar.com.cn/4242/review/comment-395418.html,展开全部,上班
"
    发表于  2021-01    

            
    
    
",动力我是非常可以的，一般都会担心拉这么大车心有余力不足。这辆车倒是没有和这个担忧,https://image1.xcarimg.com/attachments/my/1/86/74/918_120.jpg,xuser1877491,三星会员,3.5,外观,3,内饰,4,续航,3,空间,4,舒适,3,动力,4,操控,3,性价比,4,购入信息,爱车车型,https://newcar.xcar.com.cn/m55326/,2021款唐EV长续航版尊荣型,购入时间,2020/10/1,购车地点,保定市顺捷物资贸易有限公司(比亚迪) [河北省],裸车价格,26.7万  (厂商指导价 27.95万),续航里程,450km,购入用途,爱车简评,很多车友其实都不太认可七座车，说是用不上还占空间。为了应急多俩座位不值当。其实我觉得还挺好的，最后排可以收嘛。虽然说之前也没想到要买唐新能源,实拍图片,爱车评价,https://img1.xcarimg.com//review/20210114/96f6e6478842141da64c55005f5a6981.jpg-169x127.jpg,https://img1.xcarimg.com//review/20210114/8bd0daf6e76b10a39ec061cbf9880f39.jpg-169x127.jpg,https://img1.xcarimg.com//review/20210114/de856e85d073d80da91deb1fb7442240.jpg-169x127.jpg,,,[最满意],我觉得性价比高，这车值得买，没啥好说的，看着啥都好,[外观],[不满意],微微上扬的眼角，有点飘逸。至少在我看来，唐新能源已经是这个级别车里好看的了。那个大面积中网和龙爪，很有气势。,"有混动和纯电，一开始是有点纠结不知道怎么选,毕竟新能源在我们中国兴起也没多久，后来也是相信我们国产的技术，必须纯电，绿色到底",[动力],[性价比],[内饰],对我来说，其实低配就够用了，它本身配置高的。不过想想难得再换一次车，索性就再 高端点咯,比起外观那种耀眼内饰就显得沉稳多了，说白了就是成熟、显老。不然也是挺有科技感的，不只配置多，都是液晶屏触屏的，还加入了新能源元素，也是亮眼的,[续航],唐新能源是真不错，用朋友的话说，颜值、气场、性能包括油耗，都完爆市面上其他同级车,[空间],作为7座车，座椅排布基本上第三排座椅空间都是要窄一点的。但寻常没用到都是可以收起来的,[舒适],说这个车是双层玻璃的，静音效果的确很好，坐车里非常安静。尤其是开纯电驾驶，特别享受,[操控],操控远比想象中要好的，如果说开轿车为的是轻松，那开这个车最大感受就是沉稳，有安全感,https://newcar.xcar.com.cn/4242/review/comment-395417.html,展开全部,上班
"
    发表于  2021-01    

            
    
    
",动力还是很满意的，都说油电混合的车动力不行，我觉得就很好，真的是有很多东西不能只听别人的，还是得自己去试。,https://image1.xcarimg.com/attachments/my/1/86/74/919_120.jpg,xuser1877491,三星会员,3.38,外观,4,内饰,3,续航,3,空间,3,舒适,4,动力,3,操控,3,性价比,4,购入信息,爱车车型,https://newcar.xcar.com.cn/m55326/,2021款唐EV长续航版尊荣型,购入时间,2020/9/1,购车地点,涿州中煤华谊汽车销售服务有限公司 [河北省],裸车价格,26.5万  (厂商指导价 27.95万),续航里程,450km,购入用途,爱车简评,总是对SUV带有一种执念，就总觉得其他的车型不好看，所以由于自己的任性，我最终还是选择了一款SUV，这或许也是一种情怀吧！,实拍图片,爱车评价,https://img1.xcarimg.com//review/20210114/523c49cac6423d4342c7cb5f0dae361f.jpg-169x127.jpg,https://img1.xcarimg.com//review/20210114/02890d86abe10793614e4b4a4ee6ca01.jpg-169x127.jpg,https://img1.xcarimg.com//review/20210114/9bdcdb3ca9ec556043af8357d54c6f94.jpg-169x127.jpg,,,[最满意],我最满意的就是它的外观的设计了，尤其是车头设计的很是漂亮，还有车头灯也毫不逊色。,[外观],[不满意],外观我是非常满意的，很少看上一款车迷恋这么久，比亚迪唐新能源算一个了,不满意的地方有两点了，第一个是它的方向盘有虚位，不是很好操控，还有就是它的内饰异味不易散，闻着还不是很舒服。暂时就这两点，其他的方面满意度还都是很高的。,[动力],[性价比],[内饰],性价比这个还是看个人的喜爱程度了，因为这款车买的也不是太贵，重点是它的后期省钱，所以从长远考虑还是很高的性价比的。,内饰的科技感很强，中规中矩，不招摇很是沉稳。如果不是因为异味不给它满分就太对不起它了。,[续航],能耗还算可以吧，一般用电用的多，毕竟电费便宜，电池续航也不是盖的，很不错。,[空间],空间很大，五门七座三排，空间再不大那可真就太过分了！,[舒适],舒适度很高，方向盘和座椅的手感都很好，座椅的包裹性也很好，细节的处理很到位。,[操控],操控也很不错，指向性很准，刹车不硬，还有转向也平顺。就一点是方向盘虚位的问题，还是有些影响的。,https://newcar.xcar.com.cn/4242/review/comment-395416.html,展开全部,上班
"
    发表于  2021-01    

      
        
    
    
",爬坡时候这个动力感觉没有太足，不知道是不是货拉的太多的原因，空车跑的话是没太有什么感觉的，照理说这个动力应该可以啊，有时间跑跑高速看看吧。,https://image1.xcarimg.com/attachments/my/1/86/74/920_120.jpg,xuser1877492,三星会员,3.5,外观,3,内饰,4,续航,3,空间,4,舒适,3,动力,4,操控,3,性价比,4,购入信息,爱车车型,https://newcar.xcar.com.cn/m55326/,2021款唐EV长续航版尊荣型,购入时间,2020/10/1,购车地点,河北兴迪汽车销售有限公司 [河北省],裸车价格,26.9万  (厂商指导价 27.95万),续航里程,480km,购入用途,爱车简评,买车大部分都是开着跑跑市区送货，油耗太高的车后期成本真的太高了，本想买一辆二手车，结果二手车又怕踩坑，反正也是自己开，不如直接买辆新车了，爱护着点开就可以了，所以首先要选新能源汽车,实拍图片,爱车评价,https://img1.xcarimg.com//review/20210114/346e292bc3663382ba9448ba32e0a243.jpg-169x127.jpg,https://img1.xcarimg.com//review/20210114/2355678cf7f25eb0eb881b4a47fe4909.jpg-169x127.jpg,,,,[最满意],减震性能不错，动力强劲，开着特别稳当又很舒服。,[外观],[不满意],外形很漂亮，感觉更适合男性来开，比较大气，车漆也显得厚实。,定价稍微有点高，而且新车竟然没有什么优惠，也是醉了，裸车不到27万，一次性付清还是不容易的，有点心疼。,[动力],[性价比],[内饰],性价比不高也就不会选择这辆车了，虽然价格感觉有点高，不过功能、配置、动力这些都在这摆着呢，跟那些SUV车型比起来，很划算。,很柔软，这个座位包裹性很好，媳妇儿也说坐着舒服，很上档次，中控区也层次分明，看久了不会出现审美疲劳。,[续航],能耗这个真是可以，选这车真是都佩服自己的眼光，亏得当时也听了朋友的建议了，不怎么费电，油耗目前还没有试过。,[空间],空间大，对于每天需要市区送货来说，这个空间真的是足足的，一般不怎么用到第三排，所以直接后备箱跟第三排放货就行，这样空间就更显得大了。,[舒适],这空间大，舒适性就是强，开着送货也舒服，新车感觉就是爽，虽然价格高点，但是自己感觉值就够了。,[操控],操控还可以，这个方向盘磨着特别有感觉，也算比较精准了，不过刚开了没多久，还需要再磨合磨合，应该以后会更加顺手。,javascript:;,展开全部,上班
"
    发表于  2021-01    

            
    
    
",这辆比亚迪唐动力强劲，开在路上让我很自信，不管是什么坑洼路段还是什么泥巴路都不在话下，这不已经快冬天的嘛，我还打算开车带家人去庐山上去看看雾松，哈哈哈，以后可全要靠这个车了。,https://image1.xcarimg.com/attachments/my/1/86/74/922_120.jpg,xuser1877492,三星会员,3.38,外观,3,内饰,3,续航,3,空间,4,舒适,3,动力,4,操控,3,性价比,4,购入信息,爱车车型,https://newcar.xcar.com.cn/m55326/,2021款唐EV长续航版尊荣型,购入时间,2020/9/1,购车地点,保定市顺捷物资贸易有限公司(比亚迪) [河北省],裸车价格,26.2万  (厂商指导价 27.95万),续航里程,485km,购入用途,爱车简评,前段时间去店里做保养的时候工作人员就问我要不要换购，还有补贴什么的。我也想着开了这么久干脆就换了它，后面看到这台唐，是真觉着好看霸气啊。于是就跟家里人商量了一下，果断就拿下了。,实拍图片,爱车评价,https://img1.xcarimg.com//review/20210114/b30b8221af20c0a19e6626cb8bc4eff9.jpg-169x127.jpg,https://img1.xcarimg.com//review/20210114/919d078f1e365743705e278c2daaf07d.jpg-169x127.jpg,https://img1.xcarimg.com//review/20210114/6fb94572680848503c93b09aae6d2403.jpg-169x127.jpg,,,[最满意],最满意的当然是它的块头大空间足了，我这车还是混动版本的，油耗比同级的车少了很多了。再者就是它里面的配置了，丰富多彩，功能多，包裹的质感也很棒。,[外观],[不满意],我选的是相对沉稳的灰色车子，没有选老婆喜欢的白色。灰色的车耐脏啊，出去玩也不怕溅泥巴。这车的外观设计也是个性的很，浓浓的中国元素，不比任何合资的车差。,不满意的嘛，充电桩少了，其实啊，虽然它有能量回收功能，但是现在冬天了，消耗的更快的。家里没有装充电桩因为没有自己的车位，我这车子好大，刚开回来几天的时候我就把轮毂给刮到了，心疼死了。,[动力],[性价比],[内饰],说到性价比这块，我个人觉得这个唐还是稍微贵了点，除了就给了个置换的补贴，其他的没什么优惠。话说回来一分钱一分货，它的配置也是足够这个价格的。实在是喜欢的话个人建议可以等它有些优惠的时候再入手。,拍个整体的内饰吧，层次分明质感十足，漂亮吧。中间的大屏和液晶仪表盘都是亮点，包裹的皮质也都是真皮的触感细腻。,[续航],我朋友的一台七座汉兰达油耗都要十三四个了，电耗不过就要十六七个了，续航400多很给力,[空间],我这台比亚迪唐是七座SUV，比我原来的车是真的大多了舒服多了。我这第三排的座椅也可以打倒，打倒后放平都可以躺下了。我车还有电动尾门，方便好多呢。我自己的个头也不是特别的高，这车对我来说是足够大的了，开在路上感觉自己开了个小坦克一样。,[舒适],我车里面都是棕色的真皮包裹，坐着很舒服，冬天把座椅加热打开，空调都不用怎么开。我车还有个全景大天窗，不过只能开前段不能全部打开。提车这么些天，也开了蛮多路，给我最大的感触就是开着真安静，没啥噪音。还有就是车子的通过性强，基本什么路都如履平地了。,[操控],我这车车子大，但它开起来一点也不得费劲儿，经济模式就在城市道路上用，就在出去玩的时候用，模式切换自如。我车还有360全景，有这个车子再大也不怕剐蹭了。不过前几天还是没太注意刮到了一下。整体来说车子虽大，但开着顺畅，还是棒棒的。,https://newcar.xcar.com.cn/4242/review/comment-395414.html,展开全部,上班
"
    发表于  2021-01    

            
    
    
",这个其实我不太了解了，什么男生说的动力不足啊，起步不行啊，都不太懂，就是觉得很稳，所以这个不做太多的评价了。,https://image1.xcarimg.com/attachments/my/1/86/74/923_120.jpg,xuser1877492,三星会员,3.5,外观,4,内饰,3,续航,4,空间,3,舒适,4,动力,3,操控,3,性价比,4,购入信息,爱车车型,https://newcar.xcar.com.cn/m55326/,2021款唐EV长续航版尊荣型,购入时间,2020/11/1,购车地点,定州市汇盛汽车贸易有限公司 [河北省],裸车价格,26.7万  (厂商指导价 27.95万),续航里程,500km,购入用途,爱车简评,舒适度刚刚好，既没有很硬也没有软踏踏的，手感不错，品质高端。最最重要的是，我们这台车真的很省钱,实拍图片,爱车评价,https://img1.xcarimg.com//review/20210114/305b810d66cbe05a7c36ca1a04a6aa18.jpg-169x127.jpg,https://img1.xcarimg.com//review/20210114/7284d21f69150143ced53d096f9e499e.jpg-169x127.jpg,,,,[最满意],谁说女性一定要开小型轿车的，说这种SUV不合适，买的时候家里人就说会不会太大了，到时候开起来不好开，就是看重了它的帅气，开起来感觉很酷，我身形属于娇小型的，所以也没有选大型的那种SUV，选的这款比亚迪新能源属于中型吧，也没感觉开起来费劲。,[外观],[不满意],看这车第一眼就觉得，帅！霸气！虽然对我来说稍微有点大，可能停车不太好停这都不是问题，要的就是这种感觉，开着很有安全感。,最不满意的就是这个身形了吧，也不能算不满意，整体比较大，停车的时候对于我这种女司机来说有难度。,[动力],[性价比],[内饰],这车在我不懈的努力下，家里终于给买了，也算是自己的成年礼物吧，真的非常感谢父母的理解了，自己的眼光也算不错，没有后悔。,内饰堪称完美啊，各种细节处理很到位，车内的布局、造型非常的简约。,[续航],这个新能源耗电一般，没有说的那么低，不知道是不是自己开车的习惯问题，不过隔音非常棒，没有什么声音。,[空间],空间对我来说肯定是可以的，而且带着三五个朋友出去兜风真的很爽，有了属于自己的一个私人小空间。,[舒适],不管是前排还是后排或者第三排，这个乘坐体验都是棒棒的，我们几个小姐们，周末没什么事情就开车去郊区溜达一圈，呼吸下新鲜空气，生活的自在不过如此了吧，哈哈。,[操控],有空简直不要太好，方向盘非常精准，别看车子大，上车特别好操控，而且方向盘也特别轻便,https://newcar.xcar.com.cn/4242/review/comment-395413.html,展开全部,上班
"
    发表于  2021-01    

            
    
    
",动力总体还可以，用电久了，所以偶尔跑个高速啊，用油的话都觉得不太舒服了。,https://image1.xcarimg.com/attachments/my/1/86/74/926_120.jpg,xuser1877492,三星会员,3.63,外观,3,内饰,4,续航,4,空间,4,舒适,3,动力,3,操控,4,性价比,4,购入信息,爱车车型,https://newcar.xcar.com.cn/m55326/,2021款唐EV长续航版尊荣型,购入时间,2021/1/1,购车地点,保定鼎亚汽车贸易有限公司 [河北省],裸车价格,26.5万  (厂商指导价 27.95万),续航里程,420km,购入用途,爱车简评,可能是男人都有个SUV梦吧，所以我就看着SUV合我心意。很大，家里人都可以坐得下，而且它也很帅气，看着心里就开心。,实拍图片,爱车评价,https://img1.xcarimg.com//review/20210114/fc4620041d92b91eff23bd052eab8804.jpg-169x127.jpg,https://img1.xcarimg.com//review/20210114/64b7f6e7040cc806454dcc61a3f0f08f.jpg-169x127.jpg,,,,[最满意],最满意的就是它的舒适度比较高，减震效果好，降噪也不错，所以给我带来的驾驶体验很好。,[外观],[不满意],外观是比较帅气的哦！颜值这方面必须要过关的呀！线条流畅，运动感十足的一款。,不满意的地方就是两点了，一是觉得它的动力不太足，还有一个方面就是它的能耗也不低呀！让我都有些怀疑新能源了。,[动力],[性价比],[内饰],性价比很高，也考虑过买合资的SUV，但是毕竟咱的口袋里面钱有限吧，所以放弃了合资的丐版车，选择了国产比亚迪，到目前为止吧，我对自己的选择很满意。,内饰配置还可以，我感觉它的做工细节处理的还不错，但有些地方做的不是很到位，缺乏科技感。,[续航],我本人觉得能耗是比较高了，虽然官方介绍说是500多的续航里程，我开就400出头，显示电量低就不敢再开了,[空间],空间真的是很满意的一点了，朋友也有一辆小车，就是空间太小了，有时候我们几个都坐不下，所以我才觉得空间必须要大。,[舒适],舒适度还是很值得一提的，毕竟它的空间大嘛，所以很少都压抑感，还有就是它的座椅设计的也好，随便调，完美！,[操控],操控很可以呀！都有好几个方面了，方向盘的指向性比较准，还有就是行驶过程中也没有啥抖动的感觉。,https://newcar.xcar.com.cn/4242/review/comment-395412.html,展开全部,上班
"
    发表于  2021-01    

            
    
    
",动力还是很不错的，就拿不传统的电动来说吧，让人很惊喜的就是电动的动力也不输燃油的，这一点就很难得了。,https://image1.xcarimg.com/attachments/my/1/86/74/937_120.jpg,xuser1877493,三星会员,3.5,外观,4,内饰,3,续航,4,空间,4,舒适,3,动力,3,操控,3,性价比,4,购入信息,爱车车型,https://newcar.xcar.com.cn/m55326/,2021款唐EV长续航版尊荣型,购入时间,2021/1/1,购车地点,涿州中煤华谊汽车销售服务有限公司 [河北省],裸车价格,27.1万  (厂商指导价 27.95万),续航里程,350km,购入用途,爱车简评,现在的年轻人都有车子了，我也不能落后了呀！所以就打算买一款自己喜欢的车子，因为预算有限所以只能从国产车里选择，比亚迪就进入了我的视野,实拍图片,爱车评价,https://img1.xcarimg.com//review/20210114/d59d550dcff4ad14ad1de9928fac7172.jpg-169x127.jpg,https://img1.xcarimg.com//review/20210114/528e6a7b07898f1074a437843664464e.jpg-169x127.jpg,,,,[最满意],最满意的就是它的大空间还有强动力了，中型SUV的空间，前排驾驶位够大，后排坐着跷二郎腿不在话下，最后就是后备厢了，可劲儿放就行了。动力也是不错的，纯电的跑起来都嗖嗖的。,[外观],[不满意],外观是偏运动型的，很适合年轻人可以说是，它的前脸设计的很不错，而且就是车子整体的话也没有违和感。,不满意的地方就是它的内饰异味问题，还有就是买新车也没啥优惠，就连送的东西都不多。比起朋友的买车优惠，让我狠狠地擦了一把老泪。,[动力],[性价比],[内饰],"性价比当然高啦！比亚迪这个品牌虽然是国产，但我觉得它的国产车里性价比最高的了,就是没给一点优惠，有点失望！",内饰配置还挺高的，但是我不喜欢的就是它的异味太明显了，按理说用料好的话不会有这么大的味道的。,[续航],续航的话按理说现在是不准的，因为毕竟是才一个月，但是这一个月没过磨合期的表现我觉得也是很好了。,[空间],说实话，当时决定买唐新能源，很大的一部分原因就是因为它的空间了，因为总是免不了用车的时候，所以空间还是大了好。,[舒适],舒适度那绝对的是满分呀！大空间，大视野，软软的座椅，满车舒服的触感，很喜欢。,[操控],操控还是可以的，很喜欢它的各种辅助配置，让我们的操控不成难题。,https://newcar.xcar.com.cn/4242/review/comment-395411.html,展开全部,上班
"
    发表于  2021-01    

      
        
    
    
",加速超车变道反应很灵敏动力说来就来，发动机动力棒棒的,https://image1.xcarimg.com/attachments/my/1/86/74/939_120.jpg,xuser1877493,三星会员,3.63,外观,4,内饰,4,续航,3,空间,4,舒适,3,动力,4,操控,3,性价比,4,购入信息,爱车车型,https://newcar.xcar.com.cn/m55326/,2021款唐EV长续航版尊荣型,购入时间,2021/1/1,购车地点,涿州中煤华谊汽车销售服务有限公司 [河北省],裸车价格,26.3万  (厂商指导价 27.95万),续航里程,460km,购入用途,爱车简评,今年想买车的时候第一个想起来的就是唐，当时我媳妇还一脸不愿意说要买合资品牌的，等到4S店看到唐的外观和内饰后再也不提买合资车了,实拍图片,爱车评价,https://img1.xcarimg.com//review/20210114/9692a2d64dd1dca5a6ca8e37044904b8.jpg-169x127.jpg,https://img1.xcarimg.com//review/20210114/15452c796b6b6a117edd0dc49965fa5c.jpg-169x127.jpg,https://img1.xcarimg.com//review/20210114/b6cf4fd18cb62643932a45aac0dc192f.jpg-169x127.jpg,,,[最满意],这车让我满意的地方很多，首先说外观，Dragon Face的龙脸设计、流线型的车身、熏黑大轮毂搭配使得这款车十分威猛。内饰方面，中式风格的中控台，夜间模式下的龙鳞式电子档把，汉字按钮，龙鳞纹式的豪华真皮座椅，中控台下部和门把手的进口类麂皮加上顶配独有的腿托，15.6寸旋转屏幕和无极色的氛围灯是我媳妇的最爱。,[外观],[不满意],看到这车的第一眼就被它的蓝色龙眼大灯，流线造型和22寸大轮毂吸引住了。有一次，我在等红灯的时候旁边的轿车一个劲给我打手势，我纳闷的降下车窗问他怎么了他问我开的是什么品牌的车多钱，回答完他的问题后我媳妇说这台车跟我们有两三个交通灯了一直跟着我们，都是被它的外观所吸引。,"要说这个车，哪里令我不太满意的地方，莫过于七座这个事了，现在还能好一些，没有两年一检车的事，能省点心，但是这个七座唐dm后排座椅的空间,真是不敢恭维，为何这么说呢，前几天和老婆孩子一起回老家，回去的时候没用到后排座椅，没什么感觉，等回来的时候座的人多了，就感觉到了，后排座椅，小孩子座空间够用，超过一米七五的个子就不行了，坐在上面会显得比较紧凑，长时间坐在后排会比较累，再有就是这款车型的一个车价问题了，全国没有优惠，这个多少有点心里不得劲，当然不是非得差多少钱，不是钱的问题，对于消费者来说多多少少会有一些影响吧，可能也有我个人考虑不周之处，纯属个人意见。",[动力],[性价比],[内饰],选车的时候我和媳妇看了很多品牌，国产的合资的都看了一圈，对配置和内饰不是很满意。最后选择唐是因为它配置丰富，安全性高，内饰豪华，外观还那么漂亮，哦对了还没有购置税不限单双号,内饰用料很足，中控台下部和门把手附近类麂皮给整车提高了档次。全车可变氛围灯成了我媳妇爱不释手的玩具，15.6寸中控屏也变成了她的追剧专用。,[续航],因为刚买而且都是在市区上下班使用。每天接送我媳妇上下班大概30公里，周末去商场溜达逛街，一个月下来跑了1200多公里粗略的算了一下电钱150多块钱，太省了。,[空间],前排空间很棒，第二排的空间也不错，特别喜欢第二排的靠背可以调节向后调到最大很舒服，第三排我基本用不到就是放倒当后备箱使用，闲着没事的时候试了一下不舒服所以打4星,[舒适],龙鳞式的座椅坐进去非常舒服还有座椅加热功能，我媳妇经常在车上睡一觉快到单位了我再叫醒她，然后伸个懒腰说跟家里的沙发一样舒服。暖风制热的速度也很快，我一般都是提前5分钟车辆启动热一下车把暖风打开，坐到车里温度正好很舒服,[操控],操控也不错。车子开在雪后的路面上很稳定，在机场高速上试了一次自适应巡航和偏离预警，等夏天跑高速去登山的时候可以减少驾驶疲劳,javascript:;,展开全部,上班
"
    发表于  2021-01    

            
    
    
",你我这车动力基本都可以秒绝大部分家用车了。油机加电机同时工作，这个马力可真不是盖的。我对我车的动力是很认可的，我车还有好几种模式可以切换上次去明月山泡温泉的时候山路不好走，再不好走的路都如履平地。,https://image1.xcarimg.com/attachments/my/1/86/74/941_120.jpg,xuser1877494,三星会员,3.5,外观,4,内饰,3,续航,3,空间,4,舒适,4,动力,3,操控,4,性价比,3,购入信息,爱车车型,https://newcar.xcar.com.cn/m55326/,2021款唐EV长续航版尊荣型,购入时间,2021/1/1,购车地点,唐山市金利海汽车销售有限公司 [河北省],裸车价格,27万  (厂商指导价 27.95万),续航里程,490km,购入用途,爱车简评,我可以说是换购了，一直都是比亚迪的粉，我之前开的就是一辆S6，开了五六年了质量过硬基本没啥毛病，实在是因为撞了好几次，车子又旧了开出去没面子，后面就置换了这台唐。,实拍图片,爱车评价,https://img1.xcarimg.com//review/20210114/b0ae36910d89cc0bf6db72c18a43d7bb.jpg-169x127.jpg,https://img1.xcarimg.com//review/20210114/9f121832d7cd417e4a35713e79029f44.jpg-169x127.jpg,https://img1.xcarimg.com//review/20210114/713dafcf97e1fbead293c062abbb06f6.jpg-169x127.jpg,,,[最满意],一台大玩具摆在你面前，是个人都会喜欢。我这台车是7坐车型，到一家子人出去玩一点毫无压力。这台唐外观设计的霸气威武，开出去有面子。内饰配置也是相当的给力，用料豪华触感细腻。虽然说它的价位偏高，但我认为它值这个价。,[外观],[不满意],我这车外观大气，车身修长。开在路上让人自信感十足，像开了一座移动堡垒一般。夜晚中的得益于它一字形贯穿尾灯它更是辨识度颇高。,说实话，这车的第三排空间还是稍微显得小了点，实际坐进去两个大人的话稍显局促，没有达到我预想的实用性，不过说实话除非是家人一起出去或者朋友多的情况下，我第三排基本都是打倒的。,[动力],[性价比],[内饰],性价比怎么说呢，我对这台车的配置和外观都是相当认可的，也是出于了解整个品牌所以才再次选择的它。不过有一说一哈，这台车价位还算是偏贵的，加上保值率可能还稍微差了些，性价比这块稍欠吧。,我车的内饰是米棕色的，整体视觉效果温馨舒适。中间的大屏幕可以说是相当的惹眼，功能强大操作流畅。挡把的设计也是颇具特色，车里面还有很多中文按键，值得自豪啊。,[续航],自然会比纯油车使用成本低一些。家里离公司大概二十多公里吧，平时上下班都是用纯电的，这台车纯电满续航显示是八十多公里，但实际上没有这么多，冬天开暖气用纯电会更少一些。像我上次带朋友去明月山就要用油了。我提车才一个多月，也没开多少公里。,[空间],这个车是个七座车型，外观霸气，内部空间当然也是一点也不含糊。整个车底盘高座椅高视野开阔，驾驶位对于身高一米七多的汉子来说都足够充裕了，经常用到的第二排空间也是如此，大而舒适。 第三排坐在后面就稍显不足了，我基本都是放倒的。后备箱空间如果第三排不放倒的话略小，还好有电动尾门弥补不足。,[舒适],这台唐的做工可以说是很有水准的，座椅柔软减震效果也棒。新车提车一个月，基本就没有啥异味了，值得一提的是隔音明显比原来的车好的多。此外我车还有个全景可开的大天窗，也是一个值得加分的地方。,[操控],你还别说，这么大的块头开起来却灵巧的很。我开过我姐的哈弗H6，那方向盘硬的我都不想说。我这车方向盘轻巧转向灵活，开起来顺而轻松。不过就是块头过大，要时刻小心车距和车宽，上次我就把轮毂蹭了一下马路牙子刮花了，心疼。,https://newcar.xcar.com.cn/4242/review/comment-395409.html,展开全部,上班
"
    发表于  2021-01    

      
        
    
    
",动力真爽！开始就说了现在已经中毒了！感觉混动 经济最舒服！混动 运动太吵了！也没快多少！,https://image1.xcarimg.com/attachments/my/1/86/74/942_120.jpg,xuser1877494,三星会员,3.63,外观,4,内饰,5,续航,3,空间,4,舒适,3,动力,3,操控,3,性价比,4,购入信息,爱车车型,https://newcar.xcar.com.cn/m55326/,2021款唐EV长续航版尊荣型,购入时间,2021/1/1,购车地点,保定市顺捷物资贸易有限公司(比亚迪) [河北省],裸车价格,25.9万  (厂商指导价 27.95万),续航里程,460km,购入用途,爱车简评,看了快1年的车，比亚迪看了好久！，外观很大结果我座位调合适后面压根不能做人（全家都高）。最后选了唐，又是新能源，上下班都能充电！,实拍图片,爱车评价,https://img1.xcarimg.com//review/20210114/1b2ecffa24d27cd6162c28e3f8771778.jpg-169x127.jpg,https://img1.xcarimg.com//review/20210114/3a30f556bde55f8239e0eed102dca243.jpg-169x127.jpg,,,,[最满意],还是加速和各种配置！提车3天已经加速中毒，快还不突兀，绝对第一出去没有任何顿挫感！已经吧电耗忽略了，什么都没哥爽重要。本人太懒不上图了！有问题直接我看到了就回复！,[外观],[不满意],本来看的红色，可能年纪大了~媳妇看到灰色直接当天提了灰色,充电太慢，但是220V就能充。车那么沉但是没有厚重感（减震系统）！还有仪表盘做个新模式出来吧！19款的仪表盘直接吓得我不敢买车！还好21款改进了，学学吉利！,[动力],[性价比],[内饰],性价比怎么看！和别的车企比性价比最高！和燃油唐 能比到闭塞！燃油版 10W=DM =燃油唐 黑猫感觉哪里怪怪的！把高端车直接拉低了！,比19款强太多了！当时带媳妇看了19款内饰，媳妇直奔领克05去了！,[续航],跑了300多公里，冲过1次电，主要是应为刚买回来没安装充电桩，这里我给要买车朋友说下吧，如果想磨合车又新车没充电的环境，建议油门拉满,[空间],空间吧还行，主要全家人都不低。我这人不爱开长途！后备箱说白了可以在小点，后座空间像URV就更好了！储物空间太少了！汉兰达中间扶手箱能放10瓶啤酒~,[舒适],家人很喜欢说车很宽~我觉得还行！倒车后视镜折叠有点过了！最后把这功能关了！,[操控],感觉方向太轻了！然后就是转弯半径有点大！,javascript:;,展开全部,上班
"
    发表于  2021-01    

            
    
    
",动力没得说，真的很给力，一脚油门下去动力瞬间反应，提速真的快，在路上跑着加速也很平顺灵敏,https://image1.xcarimg.com/attachments/my/1/86/74/945_120.jpg,xuser1877494,三星会员,3.5,外观,4,内饰,3,续航,4,空间,3,舒适,4,动力,3,操控,3,性价比,4,购入信息,爱车车型,https://newcar.xcar.com.cn/m55326/,2021款唐EV长续航版尊荣型,购入时间,2021/1/1,购车地点,定州市汇盛汽车贸易有限公司 [河北省],裸车价格,26.68万  (厂商指导价 27.95万),续航里程,490km,爱车简评,爱车简评,其实在选择车的时候也对比了几款车，在同等价位都SUV车型中也对比了，其中有同价位品牌燃油SUV，也有稍等价位纯电SUV，后来还是觉得唐EV更适合我,实拍图片,爱车评价,https://img1.xcarimg.com//review/20210114/6d6e8bb0eb4b637a9c05ebc11816effe.jpg-169x127.jpg,https://img1.xcarimg.com//review/20210114/4521725f952791c0284333970c0ba8fd.jpg-169x127.jpg,,,,[最满意],这款车让我感觉最满意的地方主要有三点吧，第一让我感觉最满意是唐霸气流畅的外观设计，其实在考虑买车的时候被它的外观吸引了，我想这是每个买车人很在乎的地方，比较车开车去最基本的要好看，第二让我最满意的地方就是它的动力性能，说实话原来我家那台车动力和唐相比真的差很多，这应该是新能源车和传统燃油车很明显的差别，当然这点我很喜欢，至少起步时是有优越感的，开起来也不感觉这么费劲了,[外观],[不满意],外观是我相对比较看重的，买个车首先颜值要有，唐DM颜值担当没话说，霸气漂亮，我买的是黑色车漆也很亮,最不满意的地方是车钥匙，我不知道大家有没有见过唐的钥匙，真的不好看，感觉配不上唐DM应有的气质，真的应该改进一下，又像个黑不溜秋的铁疙瘩，不好不好。,[动力],[性价比],[内饰],其实唐在我预算三十万之内，其实要论它的综合性能和技术远超它的定价，但是在品牌动力方面有些拉低，个人想法，当然，比亚迪技术为王的车品牌，希望能在技术上为它弥补品牌不足的部分，最后，选择了就没有错，喜欢就好！,其实内饰比原来的唐改进了一些，座椅的皮质应该是好点，包裹感不错，另外中控台的设计很大气，简约又科技感，大屏功能强大,[续航],我平常在市里面使用的比较多，上下班接送孩子购物等就是日常使用，我一般用纯电模式就足够了，晚上把电充上白天用，这样能耗节省很多，就是长途用混动油耗也很节省,[空间],这款车的空间座位是七座，可以满足更多的人员乘坐需求，平常我都是放倒的，放一些日常车上的行李，后备箱就有了，车内前排后排座位空间也很充足，中等身材的我戳戳有余,[舒适],悬架调教还是比较好的，专业的不知道怎么说，就是与我开的原来车对比那种对颠簸路缓冲后的感觉，非常不错,[操控],唐开起来底盘感觉特别扎实，在保证通过性能的情况下底盘调教的很舒适，在过坑娃路是能很好的缓存车身抖动,https://newcar.xcar.com.cn/4242/review/comment-395407.html,展开全部,
"
    发表于  2021-01    

            
    
    
",对于动力的话，一开始去试驾的时候感触比较深，打开运动模式试驾差点给我晃吐了，加速提速确实非常快，虽然没有具体测试是不是它宣传的那么快，但感觉应该也差不多，还有就是这几天所在地下了一场大雪，让我体验了一把大唐的动力，也确实对得起他的价格，虽然不能说上坡的时候完全不滑坡吧，比较难走的路段还是会有一点儿感觉的，但是可以算忽略不计了，这几天还是要多谢我的大唐的，不用担心因为下雪路滑不敢开车回家，大唐的四驱动力还是挺稳的，让我大雪天依旧可以温暖安全回家，,https://image1.xcarimg.com/attachments/my/1/86/74/957_120.jpg,xuser1877495,三星会员,3.38,外观,3,内饰,3,续航,4,空间,3,舒适,4,动力,3,操控,3,性价比,4,购入信息,爱车车型,https://newcar.xcar.com.cn/m55326/,2021款唐EV长续航版尊荣型,购入时间,2021/1/1,购车地点,保定市天地人合汽车销售服务有限公司 [河北省],裸车价格,26.5万  (厂商指导价 27.95万),续航里程,450km,购入用途,爱车简评,大唐的性价比还是挺高的，还有就是身边也确实有朋友开大唐，评价还是不错的，家里人也很喜欢唐的外观颜值，最后对比下来还是觉得唐比较合适，也就选择大唐了,实拍图片,爱车评价,https://img1.xcarimg.com//review/20210114/7983f40dd3f0be9ff00d647153b9c589.jpg-169x127.jpg,https://img1.xcarimg.com//review/20210114/bb5c3c84a12ac2b488272ea8aad9c6a8.jpg-169x127.jpg,https://img1.xcarimg.com//review/20210114/c4368c9f0002f6d098599fde9d74085d.jpg-169x127.jpg,,,[最满意],最最满意的自然是大唐的外观颜值了，这是毫无疑问的，还有一点儿是这几天深有感触的，就是大唐的动力真的很厉害，冰雪天爬坡什么确实很厉害，虽然不能说一点儿都不打滑吧！但是整体还是很稳的，让我下雪天也可以开车上路，必须点赞,[外观],[不满意],很多人都知道大唐的龙颜外观，LED龙灯，都是很霸气很好看的，车身线条的话，感觉比之前的老款更流畅优美了，更加柔和新潮了，对于颜值党来说还是很享受的,目前来说还没有什么不满意的，毕竟这个月刚买的新车，还没稀罕够呢！哪能有什么不满意的地方呀,[动力],[性价比],[内饰],我还没有保养过就先不评价售后服务了，目前来说性价比和买车时候的服务都挺好的，大唐的性价比也确实很高了，一直都是差不多的钱,个人的话比较喜欢悬浮大屏，虽然现在很多车都有悬浮大屏，但是我还是觉得大唐的更好看，看上去更霸气，座椅颜色也不再是老款的黑色内饰，变成了棕色内饰，感觉更好看了氛围灯也确实很有氛围，颜色还是很好看的，总体来说确实是从内到外都升级了,[续航],冬天的话确实要比夏天消耗的多，毕竟冬天本来就冷，也是可以理解的，我比较过我的大唐和我朋友的大唐在夏天和冬天的消耗，其实相差不大，至少比我理解的少，这几天大雪天消耗的比之前多一两个电，,[空间],大唐的车内空间还是很大的，车身也挺大，车内容量很宽裕，最后一排座椅坐进去也没有很拥挤的感觉，七个人坐还是没问题，家里人也觉得空间大，又好看所以才选择的大唐，不放到最后一排座椅的话，后备箱容积应该算是正常后备箱大小吧！放到座椅之后确实多了很大一块空间，说实话小孩坐在后面玩或者平躺问题不大,[舒适],我家里人对于大唐的舒适性评价还是挺高的，觉得座椅软硬度比较舒适，自动调节也比较人性化，他们都觉得座椅加热就是冬天的福音，空调加热也挺快的，车内的话也没有什么噪音，舒适性这一块的话还是不错的,[操控],方向盘没有很笨重的感觉，虽然车挺大的但是方向盘还是很灵敏的，稳定性确实好，大雪天依旧很稳，雪天刹车虽然不如平常那么灵敏，总体来说反应还是比较灵敏的，至少比我之前的车要灵敏很多,https://newcar.xcar.com.cn/4242/review/comment-395406.html,展开全部,上班
"
    发表于  2021-01    

            
    
    
",动力是我最满意的一点，动力输出源源不断，同时还有运动模式和经济模式两种驾驶模式选择，个人比较喜欢经济模式，偶尔高速超车时候使用运动模式！深踩一脚油门，速度立马能提上去，时速120左右还能有充足的动力输出表现，确实很不错！,https://image1.xcarimg.com/attachments/my/1/86/74/959_120.jpg,xuser1877495,三星会员,3.63,外观,5,内饰,4,续航,3,空间,3,舒适,4,动力,3,操控,4,性价比,3,购入信息,爱车车型,https://newcar.xcar.com.cn/m55326/,2021款唐EV长续航版尊荣型,购入时间,2021/1/1,购车地点,保定市顺捷物资贸易有限公司(比亚迪) [河北省],裸车价格,26.2万  (厂商指导价 27.95万),续航里程,490km,购入用途,爱车简评,颜值高，动力强。终于体会到人们说新能源的车多么有劲，开起来多快了，推背感十足，大赞,实拍图片,爱车评价,https://img1.xcarimg.com//review/20210114/46a60a65ac8bb75e7e9e720b9b1539e6.jpg-169x127.jpg,https://img1.xcarimg.com//review/20210114/8c1853870bf5e7818e61ed380fa5ccc2.jpg-169x127.jpg,https://img1.xcarimg.com//review/20210114/2fca39cc76f01e8806e3c95b66f75a42.jpg-169x127.jpg,,,[最满意],其实一直都是比亚迪的粉丝，从当初的F3再到后来的S6，现在的唐，我一直都是开的比亚迪，也算见证了比亚迪汽车的发展吧，当上一部车退役时候首先想到的就是唐，当时在纠结买纯电还是混动，考虑最后还是决定买台纯电唐,[外观],[不满意],外观给人的第一感受就是比较厚重，宽大的前格栅，霸气大气的轮毂，以及贯穿式的后尾灯，给人的感觉都很霸气，悬浮式的车顶，LED远近光一体的大灯，让巨大的车身闲的也不是那么笨重，总体来说外观设计还是很用心的！,最不满意的一点就是感觉发动机启动时候噪音非常大，特别是高速行驶时候，胎噪稍微有点明显，不知道是轮胎的原因，还是隔音没做好，这一点希望厂商能做下改进！,[动力],[性价比],[内饰],性价比这块个人认为主要是看后期保养和二手车保质率，保养来说大概一年保养一次，算了一下费用大概在800左右，还没保养过，只是预估，这个费用还能接受！但是二手车保质率来说，新能源汽车不怎么保质，开三四年出手的话估计心都在滴血。不过预算充足，不打算开几年换车的话还是可以考虑的！,内饰做工非常细致，用料也很实在，也算对得起这个价位了，皮质座椅，中控台软包，中控大屏一如既往的是悬浮式超大可旋转屏幕，支持联网功能，同时还有很多APP可以使用，内置的行车记录仪功能也很强大，支持回放，车内氛围灯亮度以及颜色都可以随意切换，由于车内几乎都采用的是软包，车内异味也没有那么明显，不看车标，光看内饰绝对不会想到这能是国产车，总体来说内饰方面确实不错。,[续航],能耗方面表现的也不错，很方便实用,[空间],唐这款车定义为中型SUV，空间这反面表现的还是不错的，本身身高178，有点胖，坐在主驾，调整好座椅，后排空间勉强能接受，腿部大概有一拳距离，头部相对来说空间比较充足，，大概有两拳距离，第三排位置就不敢恭维了，我是做不进去，要是能设计成5座或者6座，我想应该后排会很舒服吧！,[舒适],乘坐舒适度还是不错的，座椅的舒适度以及包裹性，都表现的还不错，遇到颠簸路段避震效果也很好，这一点确实改变了我对SUV减震偏硬的认知。同时车内还配备了空气过滤装置，现在疫情虽然已经没有春节时候那么严重，但是人们对空气质量紫这一块也是特别重视的，启动车辆后会根据陈冬空气质量情况提醒开启过滤装置，大概三五分钟就能达到优良的空气质量！车内噪音这一块个人觉得有待提高，感觉发动机启动后噪音比较大，高速行驶时胎噪也略显明显！,[操控],开车多年，个人对车辆的操控性来说还是很注重的，高速行驶丝毫没有感觉到方向漂的感觉，另外由于动力输出表现优秀，高速超车游刃有余，也避免了长时间并车带来的危险，然后就是车辆的一些安全辅助功能，尤其要提到的就是ACC自适应巡航功能了，设定好速度后车辆会根据路况来调节速度，如果路况良好，车辆就会在自己设定的速度上行驶，如果前方有车，那么它将会根据前车速度调整，跟前车保持安全距离跟车行驶，再配合车道偏离预警功能，跑高速特别省心！,https://newcar.xcar.com.cn/4242/review/comment-395405.html,展开全部,上班
"
    发表于  2021-01    

            
    
    
",动力真的是随时给，随时有了。超车一点压力都没有，上高速120蹭蹭的就上来了一点都不费劲,https://image1.xcarimg.com/attachments/my/1/86/74/968_120.jpg,xuser1877496,三星会员,3.38,外观,3,内饰,4,续航,4,空间,3,舒适,4,动力,3,操控,3,性价比,3,购入信息,爱车车型,https://newcar.xcar.com.cn/m55326/,2021款唐EV长续航版尊荣型,购入时间,2021/1/1,购车地点,保定市天地人合汽车销售服务有限公司 [河北省],裸车价格,26万  (厂商指导价 27.95万),续航里程,460km,购入用途,爱车简评,支持国产，最重要一点30万的价位，没有动力如此强悍的，功能强大，并且更让人妒忌的是免税，这更省了很大一笔开销,实拍图片,爱车评价,https://img1.xcarimg.com//review/20210114/c0ccaa0f5d1425aa4862573ca479b66b.jpg-169x127.jpg,https://img1.xcarimg.com//review/20210114/898ef76cdd9fd3a338d2f49aa7f2d8e7.jpg-169x127.jpg,https://img1.xcarimg.com//review/20210114/cbf0ee075d2d5f74c99c3f7d94288ddb.jpg-169x127.jpg,,,[最满意],第一肯定是动力，没话说，就一个字猛第二就是改款之后的内饰确实让人眼前一亮，质感很好22寸的轮毂大气，布雷博刹车很有信心,[外观],[不满意],外观很满意，悬浮的车顶，贯串尾灯在夜晚识别度也很高,导航不能在仪表盘上显示低速起步松刹车时有异响后视镜倒车自动下翻看车心情，想怎么翻就这么翻，以关掉此功能倒车时全景显示慢了点,[动力],[性价比],[内饰],性价比个人觉得很高，如果此车换个BBA的标估计50往上了,内饰大屏很有科技感，全液晶的仪表台显示清晰，布局合理，中空台的材质估计用五种，,[续航],能耗就不用说了，就是冲着使用成本买的新能源，能够达到自己的购车预期，现在时机续航是490,[空间],储物空间可以，第三排基本平放，储物充足，第二排刚好可以翘起二郎腿，前排手套箱放点小杂物够用但不充裕，副驾驶上的英文晚上很有质感，龙鳞纹的座椅设计细节很到位，第三排空间坐坐小朋友还行，成人长途估计就难受了,[舒适],对于舒适性比较介意的就是高速胎噪大，这个也和22寸的轮毂有关，轮胎提供好的性能的同时，给不了安静,[操控],操控还行，毕竟是一款很大的车子，但是也可以称作一个灵活的大胖子,https://newcar.xcar.com.cn/4242/review/comment-395404.html,展开全部,上班
"
    发表于  2021-01    

            
    
    
",目前没有激烈驾驶过，也没有开高速过，不过按照数据来说应该不会差。,https://image1.xcarimg.com/attachments/my/1/86/74/974_120.jpg,xuser1877497,三星会员,3.88,外观,4,内饰,3,续航,5,空间,3,舒适,4,动力,4,操控,3,性价比,5,购入信息,爱车车型,https://newcar.xcar.com.cn/m55326/,2021款唐EV长续航版尊荣型,购入时间,2021/1/1,购车地点,保定市顺捷物资贸易有限公司(比亚迪) [河北省],裸车价格,26.68万  (厂商指导价 27.95万),续航里程,430km,购入用途,爱车简评,也看了好几款车，比如哈佛H9和雪佛兰开拓者等，对于我不经常跑高速比亚迪唐EV是最合适不过了，本人一年还开不到一万公里,实拍图片,爱车评价,https://img1.xcarimg.com//review/20210114/e4ec041b2559c92568440a7b128c9e8c.jpg-169x127.jpg,https://img1.xcarimg.com//review/20210114/22db969650fd4416b1348cbf0182563a.jpg-169x127.jpg,https://img1.xcarimg.com//review/20210114/22b8f1dd5016bbb1fb4760bbc048561e.jpg-169x127.jpg,,,[最满意],外观符合我的审美，还有各方面都比较均衡，加上这次升级很多功能。主要是在这个价位的7座SUV里只有它符合我的要求，至于要7座因为家里人多。,,[不满意],,就是后背箱没有想象那么大，还有就是都这么贵的车，钥匙不符合这个车的颜值 ，昨天晚上开感觉刹车有异响，还有就是不知道是不是没有挡泥板原因，每次下雨或者湿面路上轮胎会把水溅到车身上，这一点着实让人烦恼，毕竟轮胎那么大那么宽，这个问题希望后面厂家注意改善一下。暂时只是发现这些问题，其他的有待时间去发现,[动力],[性价比],[内饰],性价比还是不错的，免购置税，贷款免息，还有厂家的置换补贴，相对来说还是性价比比较高，唯一就是4S店各项服务费用比较高，这个是传统4S店没有办法跟直营店相比的。所以希望这方面厂家改善一下，因为最终服务才是王道。,内饰也是同级别做的算好的，氛围灯也是很漂亮，材质这方面我有点疑问，我是卖真皮的，我怀疑座椅不是真皮，也不敢确认，因为没有拆开来确认。,[续航],目前才开始用，这方面没有数据给大家，但是有方面还是值得表扬的，充电也比较方便，家用电也可以充，只是稍微慢一点，这个希望后面得到解决就完美了,[空间],空间一般，4.8米车身把第三排打开几乎是装不了什么大件行李，前排中控台也没有太多储物箱,[舒适],感觉第一次开悬挂有点硬，因为我之前开的车悬挂都比较软，在座椅这方面还是做的比较好，其他也没有什么大问题,[操控],个人觉得油门踏板有点沉，还有就是挂档方面灵敏度有点慢，操作起来麻烦，不过这些观点只是我目前个人观点，因为本人之前一直开手动挡原因吧，还有也是刚刚提车没有开习惯问题,https://newcar.xcar.com.cn/4242/review/comment-395403.html,展开全部,上班
"
    发表于  2021-01    

      
        
    
    
",动力方面如果只是家用的话，那是绰绰有余，如果有事出个差啊旅个游什么的，高速上它也是毫不逊色的！,https://image1.xcarimg.com/attachments/my/1/86/74/975_120.jpg,xuser1877497,三星会员,3.63,外观,4,内饰,3,续航,4,空间,4,舒适,4,动力,4,操控,3,性价比,3,购入信息,爱车车型,https://newcar.xcar.com.cn/m55326/,2021款唐EV长续航版尊荣型,购入时间,2020/11/1,购车地点,保定市天地人合汽车销售服务有限公司 [河北省],裸车价格,26.68万  (厂商指导价 27.95万),续航里程,490km,购入用途,爱车简评,很简单，就像我这个家庭吧，两个孩子，一家四口，偶尔还带着父母也出来玩玩，所以一般的车根本就不够坐的，只能选个七座的，再就是能耗不能高了呀！所以选择的新能源的。,实拍图片,爱车评价,https://img1.xcarimg.com//review/20210114/04756c4e28c96e1754000685ad26b1c4.jpg-169x127.jpg,https://img1.xcarimg.com//review/20210114/2134bdc9fd19c5f565b09b24ad029cb2.jpg-169x127.jpg,,,,[最满意],满意的地方主要是在以下几个方面吧，一是它的外观很是合我口味，整体来说车身的线条流畅，运动气息强，很符合我对车的设想了。还有就是它的动力也满足我对车的要求了，毕竟买辆车不是买个花瓶，光好看就行的事儿。,[外观],[不满意],单看外观其实就知道它是属于个性不是很张扬的那种，开出去回头率也高，反正面子是到了。,不满意的话呢就是内饰的味道大，也叫异味吧，尤其是今年8月份啊，天还比较热，一进去就难闻得很！,[动力],[性价比],[内饰],始于颜值，忠于车品的一款车子吧，对于它我是很满意的，我个人觉得性价比很高！,内饰的科技感很强，这也无形中给驾驶人提供了诸多的方便，就是异味问题吧，还是得采取些措施，比如买些炭包，可能会,[续航],能耗的话，中型SUV如果只燃油的话，得是一大笔油钱了，所以选择的新能源，,[空间],空间方面我是真的满意了，当时就是为了空间，才决定买的七座车。,[舒适],舒适度很高，我还没发现什么噪音问题，不知道是不是新车的原因。,[操控],操控我感觉还可以，至少买车到现在我一直开的比较顺利，我觉得驾驶人的心理素质还是得过关的，这一点很重要。,javascript:;,展开全部,上班
"
    发表于  2019-08    

      
        
    
    
",动力强劲，红绿灯路口起步非常迅速，一点都不拖拉，超车也不在话下，一脚只要舍得给油没有它办不到的，一路上披荆斩棘，很快就超越了其他车辆。,https://image1.xcarimg.com/attachments/my/0/30/74/297_120.jpg,zmapckmr8,新手上路,4,外观,3,内饰,4,续航,5,空间,4,舒适,3,动力,4,操控,4,性价比,5,购入信息,爱车车型,https://newcar.xcar.com.cn/m46669/,2019款唐EVEV600D 四驱智联创睿型,购入时间,2019/7/1,购车地点, [江苏省],裸车价格,28.99万  (厂商指导价 28.99万),续航里程,500km,购入用途,爱车简评,其实这款车的价格也不便宜，就是车的各方面都还不错，综合下来性价比还可以，可以考虑购买。,,爱车评价,,,,,,[最满意],最满意是时尚，车身给人视觉上冲击力很强。车内还可以开启全景天窗，出去旅行超级享受。,[外观],[不满意],比亚迪唐新能源外表很好看，帅气时尚，细节设计的很有科技感，大大的车灯看上去锐智犀利，全景天窗给你很强大的的视觉享受。,续航的里程不怎么强，过减速的时候有点硬,[动力],[性价比],[内饰],综合考虑车子的各个方面的表现都很不错，这样的价格买到这样的车子我很满足，而且又节能省耗，越开的就感受越明显，我觉得性价比很高。,驾驶室内12.8英寸的中控液晶屏使得整个车内档次有很大的提升，座椅虽不是真皮的，但是材质看着也不像是廉价商品，做工也很细致，整个车内环境静谧而舒适，让人身心愉悦。,,,[空间],后座椅空间大坐3个人也不太拥挤，有三排空间，第三排空间空间平整，放置家用物品足够。,[舒适],舒适性不错，遇到不平路面颠簸感也不太明显，车里的人感觉不到不舒服，座椅的软硬适中，靠背对肩部的支撑性很好，坐久了也不会太累。,[操控],方向盘轻盈，手感好，并且是功能齐全，操控方便，简单，悬挂支撑到位，倒车影像给开车带来了方便，让人心里很踏实。,javascript:;,展开全部,上班
"
    发表于  2019-08    

      
        
    
    
",这款车的动力还是不错的，续航还可以，超车的时候很给力。不比那些加油车慢，山路上爬坡也相当有劲儿。,https://image1.xcarimg.com/attachments/my/0/30/74/305_120.jpg,L.Ccv2,新手上路,4,外观,5,内饰,4,续航,5,空间,3,舒适,3,动力,4,操控,3,性价比,5,购入信息,爱车车型,https://newcar.xcar.com.cn/m46669/,2019款唐EVEV600D 四驱智联创睿型,购入时间,2019/5/1,购车地点, [江苏省],裸车价格,28.99万  (厂商指导价 28.99万),续航里程,500km,购入用途,爱车简评,外观很满意，整体的设计感流线感都让我感觉很看着很中意，低调又不失大气,,爱车评价,,,,,,[最满意],这款车的外观还是不错的，很漂亮，车身线条流畅，优美，是我喜欢的款式，还有一点它的好多功能也是非常实用。,[外观],[不满意],这款车的外观前面也有提到，外观很漂亮，简单又大气。,我是觉得这款车的价格比较贵，虽然各方面还挺好的，但是还是觉得有点和这个价格不太相配。,[动力],[性价比],[内饰],其实这款车的价格也不便宜，就是车的各方面都还不错，综合下来性价比还可以，可以考虑购买。,不得不说内饰的设计很高档，各种配置也比较齐全，也相当实用，12.3英寸的触控液晶屏是车内的一大亮点。还很贴心的设计了化妆镜，对于爱臭美的人来说时不时照一下，很方便的。,,,[空间],空间还可以，驾驶位和副驾驶都比较宽敞，但是后排就比较一般了，做大个子的男性腿部就会受到限制，不是很舒服，后备箱倒还是挺规整的。,[舒适],座椅很舒服软硬适中，悬架减震避震调的的有点硬，到了崎岖不平的路面，体会比较深，颠簸感特别明显。,[操控],方向盘操控操控很灵敏，车身比较重，所以底盘很稳，但是感觉拐弯停车的时候有点不方便就是拐弯走的半径比较大。,javascript:;,展开全部,上班
"
    发表于  2019-07    

      
        
    
    
",这款车的动力非常突出，续航里程大，加速快，四驱的，特殊路况的通过能力很强，开起来比燃油车反应迅速多了。,https://image1.xcarimg.com/attachments/my/0/30/74/306_120.jpg,cunnigsharkk,新手上路,4.63,外观,5,内饰,5,续航,5,空间,5,舒适,4,动力,5,操控,4,性价比,4,购入信息,爱车车型,https://newcar.xcar.com.cn/m46669/,2019款唐EVEV600D 四驱智联创睿型,购入时间,2019/5/1,购车地点, [黑龙江省],裸车价格,28万  (厂商指导价 28.99万),续航里程,500km,购入用途,爱车简评,内饰非常棒，我最喜欢就是车子的音响系统了，平时又比较喜欢听点音乐，这车喇叭低音浑厚，高音不刺耳，还是比较用心的设计！,,爱车评价,,,,,,[最满意],比亚迪这款车做的很漂亮，外观大气，续航里程长达500公里，生意场上的好帮手。,[外观],[不满意],这车的外观很亮眼，当时听业务人员说比亚迪请了奥迪的设计师给设计的，确实好看，做工出众，国产车的做工细节上越来越注意了。,暂时没有让我介意的瑕疵。,[动力],[性价比],[内饰],性价比较好吧。一般情况下花小三十万提辆唐新能源，可能会觉得不如提辆途观好，这个我也是权衡再三，选择了唐新能源，生意上的绿色定位还是要照顾的，开国产车聊起来也有话题，爱国嘛，同时唐新能源显得有内秀，对我来说这是最好的选择了。,内饰很高档，豪华座椅，前面的大屏，大空间，排面很足，各种配置也是很齐全，这方面厂商还是很舍得给东西的。,,,[空间],空间大的很，这应该是七座的空间，当五座使用，乘坐空间，后备箱都出奇的大。,[舒适],舒适性上整体上很棒的，座椅乘坐的感觉也好，噪音也小，空调制冷效果也好，可惜没有通风，大夏天的臀部捂的慌。,[操控],操控性能很优秀，转向清晰，指向精准，底盘很稳，各种配置很齐全，新车方向盘稍微有点歪，当时给调教一下。,javascript:;,展开全部,拉货
"
    发表于  2019-07    

      
        
    
    
",起步阶段给劲，毕竟4.5秒不是吹的，加速效果也让我比较满意，特别是在高速路段，电油混动力很舒服,https://image1.xcarimg.com/attachments/my/0/30/74/303_120.jpg,jazzwayev,新手上路,5,外观,5,内饰,5,续航,5,空间,5,舒适,5,动力,5,操控,5,性价比,5,购入信息,爱车车型,https://newcar.xcar.com.cn/m46669/,2019款唐EVEV600D 四驱智联创睿型,购入时间,2019/6/1,购车地点, [上海市],裸车价格,28.8万  (厂商指导价 28.99万),续航里程,500km,购入用途,爱车简评,其实这款车的价格也不便宜，就是车的各方面都还不错，综合下来性价比还可以，可以考虑购买。,,爱车评价,,,,,,[最满意],第一眼看到的还是颜值了，外观设计是我喜欢的一点，这车的外观时尚大方，整体给人的印象就是运动时尚，辨识度特别高，开在路上也不输豪车的气质！,[外观],[不满意],外观肯定没得说，当初就是被外观所吸引的，唐的忠实颜粉啦,整体都挺满意的，就是操控反馈的声音有点大，冬季的续航可以稍微不足，但是我开车也大多就是在家周边，没有大碍,[动力],[性价比],[内饰],唐的性价比真的不错，他的各方面都很优秀，外观靓仔，非常吸引人的眼球，搭载了电油混合动力，起步和加速都快捷稳定，安全指数高，带着家人也安心，更重要的是这么好的车落地才不到30万，性价比十足,内饰设计简洁大气，没什么过多说的,,,[空间],大多数时间都是一个人在开车，但是可以看到，这辆车的后排空间是非常大的，有次接同事吃饭去，满载6人都不显得拥挤，游刃有余，后备箱也分量十足，基本上能想到的东西都能放下,[舒适],电车开着很安静舒适，噪音很小，座椅还可以放下来睡觉，包裹性很好,[操控],方向盘握在手里操作感十足，全皮的，电车开起来也不显臃肿，比较轻巧，底盘很稳，稳定性好，可以灵活过弯,javascript:;,展开全部,上班
"
    发表于  2019-07    

      
        
    
    
",动力感觉和油车差不多，当然是电量足的情况下，电量不足的话会有些疲软，要及时充电。,https://image1.xcarimg.com/attachments/my/0/30/74/304_120.jpg,dbpwy,新手上路,4.75,外观,5,内饰,5,续航,5,空间,4,舒适,5,动力,5,操控,4,性价比,5,购入信息,爱车车型,https://newcar.xcar.com.cn/m46669/,2019款唐EVEV600D 四驱智联创睿型,购入时间,2019/4/1,购车地点, [广西省],裸车价格,28.99万  (厂商指导价 28.99万),续航里程,500km,购入用途,爱车简评,座椅够柔软了，老婆说坐起来比家里的沙发坐着还要舒服，而且本身它的包裹性也比较好，我自己开车坐上一两个小时也不会觉得有啥太大的不适。,,爱车评价,,,,,,[最满意],最满意的是外观和配置吧，颜值高，很好看，开出去有面子，配置高，开车坐车安全又享受。,[外观],[不满意],尾灯的辨识度很高，在众多车中一眼就能看出来，比亚迪汽车的前脸造型很特别，经典的龙脸造型，看起来很拉风。整体的运动风的感觉，看起来很舒展。,其实也不是对车不满意，就是现在新能源虽然一直在普及，也一直不断的被大众所接受，但是总感觉充电桩不够普及，出去玩的时候一定要提前计划好行程，不然半路走不动了很麻烦，希望以后充电桩能再普及的多一点。,[动力],[性价比],[内饰],说实话介个有些高，价位能接受的话，这辆车的性价比还是很高的。,中控很有科技感，看起来很高档，材质和做工也很用心。,,,[空间],空间很完美，至少我是这样认为的，乘坐空间很舒适，后排几乎可以葛优躺，无论是腿部空间还是头部空间都不会觉得压抑，即使是满座也很舒服，后备箱的空间也比较可观，日常家用绝对没问题，熊孩子的玩具车都能放下。,[舒适],电动车最大的好处就是静音，没有发动机的噪音，隔音做的也不错，座椅很舒服，包裹性和支撑性很到位，减震也不错，能过滤掉小的震动。,[操控],电动车操控轻松，方向盘指向挺准的，没有虚位，转向也比较轻松，整体的操控感很顺手。,javascript:;,展开全部,上班
"
    发表于  2019-07    

      
        
    
    
",动力可以说非常强了，电机的反应速度很快的，而且还是四驱的。高速上加速是真的爽！基本上都开运动模式。,https://image1.xcarimg.com/attachments/my/0/30/74/298_120.jpg,wangxunbs07,新手上路,4.75,外观,5,内饰,5,续航,5,空间,4,舒适,4,动力,5,操控,5,性价比,5,购入信息,爱车车型,https://newcar.xcar.com.cn/m46669/,2019款唐EVEV600D 四驱智联创睿型,购入时间,2019/6/1,购车地点, [重庆市],裸车价格,28.4万  (厂商指导价 28.99万),续航里程,400km,购入用途,爱车简评,性价比高高高！！买的时候店员也送有点小抱枕，还是比较不错的。说真这个价格真的不高，唐的续航能力，动力都是比较棒的，所以我觉得买这俩车还是非常值得的，不亏不亏！,,爱车评价,,,,,,[最满意],外观很好看呀！特地选了红色的，特别亮眼。还有就是它的动力，可以说电车里比较强的存在了吧,[外观],[不满意],整体外观很是霸气好看，我选的红色的更加了，开在路上回头率贼高了。特别喜欢这车的轮毂了设计得很运动的感觉，爱了爱了！,避震悬挂有点硬了，第三排的空间也有点小了,[动力],[性价比],[内饰],性价比高高高！！买的时候店员也送有点小抱枕，还是比较不错的。说真这个价格真的不高，唐的续航能力，动力都是比较棒的，所以我觉得买这俩车还是非常值得的，不亏不亏！,内饰非常棒，我最喜欢就是车子的音响系统了，平时又比较喜欢听点音乐，这车喇叭低音浑厚，高音不刺耳，还是比较用心的设计！,,,[空间],前面两排空间够大，反正我这行么大块头的人坐上去也不会觉得拥挤。就是第三排的空间觉得小了点，要是我这么大块头的人坐在后面，坐个10分钟我就觉得脚不舒服了后备厢容积：后备箱还是挺大的，把第三排座椅放下来，可以放上五六个行李箱都是没问题的,[舒适],座椅相对还是比较柔软的，包裹性也挺好，坐着感觉不怎么累。悬架减震舒适性：避震我感觉的话有点硬了，平时多走乡下的路，路不太好，所以体会比较深，车上明显的颠簸感！,[操控],方向盘准确，指哪打哪。车子自重也比较够分量，所以开起来感觉非常稳。,javascript:;,展开全部,上班
"
    发表于  2019-07    

      
        
    
    
",四驱的动力，还是非常爽的，开起来猛啊，更别说背推感了。特别是超车的时候，这车提速是真的快，在高速上都能随便超车！,https://image1.xcarimg.com/attachments/my/0/30/74/299_120.jpg,pmxdngu03,新手上路,4.75,外观,5,内饰,4,续航,5,空间,5,舒适,4,动力,5,操控,5,性价比,5,购入信息,爱车车型,https://newcar.xcar.com.cn/m46669/,2019款唐EVEV600D 四驱智联创睿型,购入时间,2019/5/1,购车地点, [辽宁省],裸车价格,28.4万  (厂商指导价 28.99万),续航里程,500km,购入用途,爱车简评,唐的性价比真的不错，他的各方面都很优秀，外观靓仔，非常吸引人的眼球，搭载了电油混合动力，起步和加速都快捷稳定，安全指数高，带着家人也安心，更重要的是这么好的车落地才不到30万，性价比十足,,爱车评价,,,,,,[最满意],车子的续航能力强，还有车子的外观时尚新颖！空间上也是比较宽敞的,[外观],[不满意],车子很大块头，看起来就是很霸气，就像它的动力一样霸气。很符合我的审美观，买车的时候还怕说家里人不喜欢，但是买回去个个都说挺好看的，心里还是比较欣慰的！,后排座椅设计得有点长不合理，我坐在后面，膝盖下面的弯曲部架空了，有点不舒服。还有就是刚刚买车车上异味比较重！,[动力],[性价比],[内饰],车子性价比还是很高的，虽然价格是硬了点，但是国家还有对新能源的补助政策呢，而且这车还是用电的，能省一大笔油钱呢！反正我自己买这俩车开着挺开心的，哈哈哈！,内饰科技感十足啊，中控大屏功能又多，点触也灵敏，不得不提一下它的usb充电口，设计那个位置真的好，充电也方便！异味异响：车子刚刚买的时候异味受不了呀！我自己开车都觉得头晕，带小孩出去玩，小孩坐半个小时车都吐了！！,,,[空间],坐车上不会觉得拥挤，我开车车顶也还有几拳的距离。车内的储物空间也比较多，门边也可以放上几瓶乱泉水，扶手箱也是够用够用的！,[舒适],四个独立悬挂，避震的肯定不会差的啦！前面座椅也挺不错了，什么腰部的支持也做得挺好的，起码坐着腰不会酸。但是后排的座椅设计真的不是很好，我自己175坐后面，膝盖弯曲部那里架空，坐久了还是会觉得累的！,[操控],车子本身也就很重了，还加上电瓶组，所以唐开起来给我的感觉就是非常沉稳，方向盘也挺灵敏准确的。,javascript:;,展开全部,上班
"
    发表于  2019-06    

      
        
    
    
",四个电机，提速非常快，好像4秒多的百公里加速，真的强，能和一般的跑车相比了吧？但是我们平时使用基本不会开这么猛，一般都是开六七十这样够用啦！,https://image1.xcarimg.com/attachments/my/0/30/74/300_120.jpg,limyuweibuv3,新手上路,4.88,外观,5,内饰,5,续航,5,空间,5,舒适,5,动力,5,操控,4,性价比,5,购入信息,爱车车型,https://newcar.xcar.com.cn/m46669/,2019款唐EVEV600D 四驱智联创睿型,购入时间,2019/6/1,购车地点, [天津市],裸车价格,28万  (厂商指导价 28.99万),续航里程,500km,购入用途,爱车简评,车子性价比还是很高的，虽然价格是硬了点，但是国家还有对新能源的补助政策呢，而且这车还是用电的，能省一大笔油钱呢！反正我自己买这俩车开着挺开心的，哈哈哈！,,爱车评价,,,,,,[最满意],续航能力和它的充电速度，还有就是它帅气的外观，还有豪华的内饰。,[外观],[不满意],外观非常霸气的呀，该凸出的地方凸出，该凹的地方也凹下去了，设计得非常棒，我最喜欢的就是它的轮毂了，看上去就很有运动感！,操控方面我觉得次了一丢丢。,[动力],[性价比],[内饰],性价比很高了，当时买的时候优惠也是挺多的，便宜了不少，而且还免购置税呢，开了也准备有一个月了，车子没啥大毛病，小毛病那种就算是没有吧，都可以自己动手处理一下的，所以这个价格买到这架唐我还是非常满足的！,内饰做工比较棒，我最喜欢这车的音响了，非常棒，低音够强。还有中控的这个大屏幕，也是我比较欣赏的一个点了，真的够大，整车内饰满满的科技感,,,[空间],空间上还是比较宽裕的，因为车子主要用于上下班，有空的时候开出去玩玩，平时就我和老婆开去上班下面，前面坐上去不会磕脚，头顶也还有一拳多的距离。后备箱空间在日常中使用也都是够用的，只要你不拿去做工！！,[舒适],座椅够柔软了，老婆说坐起来比家里的沙发坐着还要舒服，而且本身它的包裹性也比较好，我自己开车坐上一两个小时也不会觉得有啥太大的不适。,[操控],方向盘有点虚位，但是底盘相对来说比较稳定，高速上开个100也不会觉得车子会飘，可能也是车子重的原因吧！,javascript:;,展开全部,上班
"
    发表于  2019-06    

      
        
    
    
",在市区开这车感觉就跟开跑车一样，这加速度开起来爽得很,https://image1.xcarimg.com/attachments/my/0/30/74/302_120.jpg,Rainmanotx57,新手上路,4.88,外观,5,内饰,4,续航,5,空间,5,舒适,5,动力,5,操控,5,性价比,5,购入信息,爱车车型,https://newcar.xcar.com.cn/m46669/,2019款唐EVEV600D 四驱智联创睿型,购入时间,2019/5/1,购车地点, [四川省],裸车价格,28.98万  (厂商指导价 28.99万),续航里程,500km,购入用途,爱车简评,外观非常霸气的呀，该凸出的地方凸出，该凹的地方也凹下去了，设计得非常棒，我最喜欢的就是它的轮毂了，看上去就很有运动感！,,爱车评价,,,,,,[最满意],用车过程中我最满意的是外观设计的很好看大气和充电比较快方便,[外观],[不满意],外观很满意，整体的设计感流线感都让我感觉很看着很中意，低调又不失大气,刚买回来车里有味，一个多月才差不多散掉,[动力],[性价比],[内饰],"从整体的性能配置来说我感觉这款车的性价比还是挺高的,新能源汽车比烧油的汽车感觉方便不少，而且这款车的超大后备箱空间出门的时候想带啥带啥，也不用考虑空间的问题，一家四口出个门啥的方便，除了内饰的异位还有中空的颜色算是有一点瑕疵，总的来说满分10分给打9分吧",造型和颜色都挺好看的能接受，但就是刚买回来异位特别重，开了好长时间才散掉，就这一点给这个车掉分,,,[空间],前面空间还行挺大的，就是后排座位空间比较小，作为SUV来说坐三个人就挤得不舒服，后备箱空间大很满意,[舒适],驾驶座椅挺舒服的，但是噪声大，上高速噪声大很多,[操控],方向盘操控起来挺灵敏的，但是可能是以前开小车习惯了，开这个大一点的感觉拐弯停车有一点不方便拐弯走的半径比较大,javascript:;,展开全部,上班
"
    发表于  2019-06    

      
        
    
    
",虽然说是新能源车，但是动力真的很足了，各种路况下也比较轻松，起步的时候动力是很够的，新能源车这一块，比亚迪的动力真的是很足啊,https://image1.xcarimg.com/attachments/my/0/30/74/338_120.jpg,hzq4,新手上路,5,外观,5,内饰,5,续航,5,空间,5,舒适,5,动力,5,操控,5,性价比,5,购入信息,爱车车型,https://newcar.xcar.com.cn/m44190/,2019款唐EVEV600D 四驱智联创世型,购入时间,2019/5/1,购车地点, [吉林省],裸车价格,35.99万  (厂商指导价 35.99万),续航里程,500km,购入用途,爱车简评,整体来说作为一款新能源车性价比真的特别高，比亚迪这两年真的越做越好了，特别是这个系列的车，我真的是非常喜欢。,,爱车评价,,,,,,[最满意],首先这个性价比真的很高啊，买了车之后和女朋友出去旅游，这个空间真的是很舒适了。出去旅游带了很多的东西后备箱的空间也很大，虽然出去自驾游待在车里得时间多，但是这个空间两个人真的是超级舒服的，前面驾驶位也很宽松。,[外观],[不满意],我喜欢这款车的起因就是这个名字，唐，让我觉得有一种中国古代的风味，车身的外观设计上也是让人看着有一种看唐代美女的感觉，身形丰美，又不失姿态。,目前为止还是特别的满意了并没有什么我特别不满意的地方，出去玩了几个地方了也没有遇到什么问题,[动力],[性价比],[内饰],整体来说作为一款新能源车性价比真的特别高，比亚迪这两年真的越做越好了，特别是这个系列的车，我真的是非常喜欢。,内饰科技感十足，简单大气，我很喜欢这种风格，不过女朋友和我有点分歧就是了，但是还是同意我的想法了最后。,,,[空间],整体的空间特别的大这也是我最为满意的地方，因为是自驾游，我和女朋友也是很喜欢玩的人车上烧烤架什么的都带着，空间是特别方便的,[舒适],隔音效果很好车内环境是很舒服的，座椅坐着也很舒服，并且不太容易产生开车的疲劳感。,[操控],按键什么的很合理，我个人很喜欢方向盘上的唐字，这是我买这个车的起因，操纵感还是很舒服的。,javascript:;,展开全部,自驾游
"
    发表于  2019-06    

      
        
    
    
",小唐虽然说是新能源车，但是它的动力真的很强劲，超车也无压力，起步与提速也不错，很灵敏，反应很快。而且它的车身不会觉得很笨重，所以说这动力一点也不会虚，当然走在路上它也不会觉得飘，就算是走在高速上，它也是相当的给力，真心不错，让我觉得很是满意。,https://image1.xcarimg.com/attachments/my/0/30/74/337_120.jpg,fwdlv,新手上路,4.75,外观,5,内饰,5,续航,5,空间,4,舒适,5,动力,4,操控,5,性价比,5,购入信息,爱车车型,https://newcar.xcar.com.cn/m44190/,2019款唐EVEV600D 四驱智联创世型,购入时间,2019/6/1,购车地点, [浙江省],裸车价格,35.99万  (厂商指导价 35.99万),续航里程,500km,购入用途,爱车简评,操控很简单尤其对于男同志来说，辅助配置也很到位，不管你是新手还是女司机请放心的开这辆车。,,爱车评价,,,,,,[最满意],我对小唐满意的地方很多，虽然说它只是新能源车，但是它的表现真的很不错，不管是颜值还是内饰，都是我喜欢的，而且它的动力也很充足，操控也相当的方便，灵敏。这样的小唐沃恩喜欢。,[外观],[不满意],小唐的外观我真的很喜欢，当然我最喜欢的就是它前脸的造型，很犀利，家族化的龙脸设计看起来很大气时尚，而且又很霸气哦，还有它熏黑的盔甲式中网隔栅和下包围“锋利”的镀铬装饰，也相当有设计感。这样的外观就是在第一眼的时候就吸引了我，这颜值真的很不差。也不愧是可以赢得很多人的喜欢啊。,我的小唐各方面都很不错，它的表现一直都很优秀，到目前为止也没有出现过什么问题，我对我的小唐还是很满意的，不管是上下班，还是出门去玩，它都会表现的相当的好，所以我对小唐没有什么不满意的地方。,[动力],[性价比],[内饰],唐新的性价比真的很不错，在我感觉来看它的各方面都很优秀，对于我来说，唐新就和我的家人一样，而且它的外观很是亮眼，很吸引人的目光，安全系数也很高，它的表现真的是很优秀的，这样子的它，真的很令我喜欢，当然它也赢得了我们全家人的喜欢，所以啊，它也凭借自己的实力赢得了掌声啊。,它的内饰设计的很不错，车内的按键分布也很合理，使用起来也是相当的方便，容易操作，而且它的中控大屏也很是吸引人，看着很舒服，当然使用起来也是相当的流畅。最主要的是它的内饰设计的简单大气，科技感满满的，最主要的是它的隔音效果也做的非常不错，坐在车内的时候没有什么噪音，说真的，这样的内饰对于我来说那是相当的喜欢啊,,,[空间],小唐的空间很宽敞，每次坐在车内的时候都感觉到很宽松，前排的位置相当的充足，坐进去感觉自己的腿部空间还是很有宽松的地方了。后排位置也很充足，坐三个人也是绰绰有余的，而且后备箱的位置也很不错，可以让我放很多的东子，特别是出去玩的时候，那空间才是大用处啊。,[舒适],小唐的舒适度我真的是很满意，车内没有什么异味，而且空间宽敞，不会让人感觉到压抑与憋屈，让坐在车内的人不会觉得晕车什么的。而且车内的隔音也很好，没有什么噪音，感觉还是蛮不错的。当然最直接的体验应该就是它的座椅舒适度了，座椅很是柔软，坐着也相当的舒服，整体的舒适度感觉相当的不错，我对它很满意。,[操控],小唐的操控很不错，整车的操控感觉相当的平稳舒适，很稳重。它的方向盘不轻不重，而且它的触感也是非常的舒服，大小刚适合我，而且它的转向也很是精准，指哪里，打哪里，没有一点虚位，操控是非常容易上手啊，各种功能按键用起来也很顺手，整体还是很满意的。,javascript:;,展开全部,上班
"
    发表于  2019-06    

      
        
    
    
",它的动力很充足，虽说是新能源车，但是它一点也不输给燃油车，它起步的时候很快，而且提速也不拖拉，当然超车也没有什么压力，主要是开着它感觉很平顺，而且也很有推背感，就我平时上下班或者接送小孩，这动力足够我使用了，让我感觉还是很不错的，而且也很满足日常的家用，真的是很不错哦。,https://image1.xcarimg.com/attachments/my/0/30/74/336_120.jpg,dreamsoftfg0,新手上路,4.75,外观,5,内饰,5,续航,5,空间,4,舒适,5,动力,5,操控,4,性价比,5,购入信息,爱车车型,https://newcar.xcar.com.cn/m44190/,2019款唐EVEV600D 四驱智联创世型,购入时间,2019/5/1,购车地点, [安徽省],裸车价格,35.99万  (厂商指导价 35.99万),续航里程,500km,购入用途,爱车简评,时尚大气，稳重中透露着一点活泼，我也不知道怎么形容了，反正是很好看就对了。,,爱车评价,,,,,,[最满意],现在新能源已然成为了潮流，而我也选择了我的爱车那就是比亚迪唐新能源。说实在的，我对我的小唐很满意的，对于我来说，小唐我自己喜欢的，虽然说当初买它是为了方便自己，但是样子还是自己喜欢的。而且在与小唐的相处过程中发现，它真的是我生活中不可或缺的伙伴，陪我走在上下班，接送孩子的路上，让我的生活没有那么紧绷，没有那么匆忙，可以让自己有了许多的空闲时间，这是我最感谢它的了吧。当然要说满意，对于它的所有我都满意，帅气的颜值，霸气的样子，还有它简单大方的内饰，让我觉得这都是喜欢它的理由，还有它不输给燃油车的动力和简单易上手的操控，这些都是所谓的加分项啊。总之，我对它真的是相当满意。很感谢当初选择了它，不然也不会有我与它之后的故事。,[外观],[不满意],最开始吸引我的就是它的样子，我感觉它的设计很特别，是我喜欢的那种样子。霸气的前脸，还有着中国风的设计，真的很独特，在我看来有一种独一无二的感觉。而且它的前脸是他们家族式设计，辨识度高，感觉自己开着它走在路上的时候，那回头率也是蛮高的，这也证明了它的颜值符合很多人的审美哦。,我呢，开着小唐也没有多久的时间，在这段时间内，也没有什么问题出现，反而是带给我很多的便利，所以我还是很满意我的小唐的。,[动力],[性价比],[内饰],你觉得它的性价比很不错，它的配置也很丰富，最主要的是实用性很不错，很适合在这个车位紧张的大城市行驶，当然最重要的是价格很合适，为我省了很多的不方便哦，真的很适合家用。,内饰简单大气，一点也不会觉得它的设计繁琐，而且它全黑的内饰在我看来有一种神秘的气息，感觉很绅士。最主要的是还很耐脏，毕竟有小孩，这样也不会担心它有多脏了。而且我很喜欢它的中控大屏，真的很大，每次带小孩出去的时候开着音乐，瞬间就安静下来了，为我省了很大的力，相当不错哦。,,,[空间],小唐的空间真的很大，这样的空间对于我们来说足够了，前排空间很宽松，有我活动的空间，后排位置也很不错，平时要是不上班的时候带着小孩带着老人出去游玩，那空间还是很宽松的哦。所以这样的小唐我还是很满意的。毕竟我很喜欢空间大的车，既然选择小唐，那就证明小唐的空间还是很不错的，而且空间大的车坐着也很宽松，不会觉得压抑什么的，总之这样的空间对于我来说那是相当满意的啊。,[舒适],小唐的舒适性很好，空间很宽敞不会让人觉得压抑，最重要的车内也没有什么气味，不会让人晕车啥的，也不会担心小孩坐进去之后那些味道对他的身体不好之类的。它的隔音做的也不错，基本上听不到什么噪音。最重要的是座椅很舒服，而且座椅的包裹性挺好的，平时走在路上的时候，孩子总会在路上睡着，所以可想而知，它的舒适性还是很不错的吧。,[操控],它的操控还是不错的，很灵敏，当然也很很适合女孩子开，开着它的时候很轻松。方向盘也不重，转向很轻松，指向也准确，指哪打哪，没有虚位。还是相当不错的，最主要的是很给女孩子开车增长自信心。就这样，小唐对于我来说，我感觉它的操控还是不错，而且刹车也很灵敏，不会有其他的担心，给人一种安心的感觉。,javascript:;,展开全部,上班
"
    发表于  2019-06    

      
        
    
    
",这一辆车的动力显得十分充足，由于它是纯电动的，所以在动力上面本以为会达不到我想要的效果，没想到，只要我舍得踩点油门，它的动力是跟燃油的差不多的，放心享受吧，每一次的出行，只要你想快就快，想慢就慢，取决去你踩油门的力度了。,https://image1.xcarimg.com/attachments/my/0/30/70/961_120.jpg,zhongpuo248,新手上路,4.88,外观,5,内饰,5,续航,5,空间,4,舒适,5,动力,5,操控,5,性价比,5,购入信息,爱车车型,https://newcar.xcar.com.cn/m43704/,2019款唐EVEV600 两驱智联创悦型,购入时间,2019/3/1,购车地点, [安徽省],裸车价格,25.99万  (厂商指导价 25.99万),续航里程,500km,购入用途,爱车简评,外观买车时就和姑娘沟通过，想着孩子的眼光和大人不一样，我是觉得挺好看的，大气时尚，姑娘也说好看，看来外形还是挺受大众喜欢的。,,爱车评价,,,,,,[最满意],这一辆车必须是先给它个赞，价格虽然是略贵了一些，但它值得这个价钱，看它的外观，多么高的颜值啊，哪里是一般的人能够操控得了的，开上它，绝对能够展现不一样的身份地位，我感觉自己开上它之后，身份变得赫赫有名了，现在，自己工作的圈子都在议论纷纷我这一辆豪车了，感觉特别棒。,[外观],[不满意],外观的设计我觉得是这辆车最大的亮点，够炫目，新车上市各种宣传，让我对它已经有了一个较全面的认识，所以去车行看的时候，我就迫不及待地想看看它的真面目，果然是满怀期望，也并没有让我失望，侧立在那，放眼看去，霸气外漏，显得那么有神气，一下子就被它勾了魂了，说夸张，不，一点都不夸张，当我开着这辆车出去的时候，整个回头率是那么高，很拉风，很有自豪感。,刚才也说了，那就是它的价格，相对而言是比较贵了，但是看在它的配置那么高端的情况下，我还是好好接受它吧，不过就纯电动的车来说的话，这一辆是挺贵的，如果说物有所值，那就没有问题，看看吧，是否如愿。,[动力],[性价比],[内饰],性价比老高的了，在新能源的车子里边，很难找到一辆如此高端的车了吧，不过这个也是看价格，在这个定位上面，能不好么？所以说就外观、空间、动力、配置而言，这一辆车，各方面都不错，是比较用心的，特别是在乎细节的设计，这一点比较容易打动我的心。,如果说外观是那么昂贵的设计，高雅，那么它的内饰也是深藏不露的，对于它的配置，我是比较喜欢它的科技感的，超强悍，在使用的时候一点不觉得生疏，容易操作。看它的中控台大屏，12.8英寸，让我一下子就能看到屏幕上的字，因为我是近视的，所以大屏让我看得更清楚，操作起来也更加方便快捷。再看它的室内设计，做工精致，用心，比如说它的车窗有防夹手功能，这对于小朋友乘坐来说是比较安全的，在这样的细节，还处处可见，所以这一辆车，内饰是真心不错的。,,,[空间],5座的空间看上去比较适合一般的家庭，而我也不例外，在外表看，它的空间看起来是很宽阔的，实际上的话，可能要比在外表看到的要小一点点，不过也不影响乘坐。由于我的身高体重都是中等的，所以这一辆车在空间上面我是没有要求的，只要能坐得舒服，脚好摆放就可以了，而后排的空间，只要坐三人不觉得拥挤就好，其它都是好商量的。至于它的后备箱，足够宽松的储物空间，并且如果行李实在太多的话，还可以有车顶行李架，在这一点上，存放行李是不需要担心的。,[舒适],无敌的座椅，包裹性很强，一看这辆车的价位就知道它的设计肯定是不会马虎的，并且材料也不会选择随便质量的吧，所以说，在舒适性上面，这一辆车表现出来的感觉还是让我挺满意的，质地够好，质量够棒，整个感觉轻飘飘的了。,[操控],很容易上手的一辆车，当初买车的时候，因为害怕是新车，害怕自己不够熟悉而影响了操作，而当我提到车之后，开去宽阔的地方去跑了一圈，整个感觉是没有问题的，之前所担心的问题都不存在，所以说是比较好操控的，好开的车，不费劲，指向也准确，暂时没有出现什么不妥的问题。,javascript:;,展开全部,上班
"
    发表于  2019-06    

      
        
    
    
",虽然是电动车但是动力还是很充沛的，就是在电量不足的时候会有些疲软，但是这种情况很正常，和骑小电驴一样，快没电的时候就没劲了。,https://image1.xcarimg.com/attachments/my/0/30/70/971_120.jpg,鲁裕敏bev,新手上路,4.88,外观,5,内饰,5,续航,5,空间,4,舒适,5,动力,5,操控,5,性价比,5,购入信息,爱车车型,https://newcar.xcar.com.cn/m43704/,2019款唐EVEV600 两驱智联创悦型,购入时间,2019/4/1,购车地点, [上海市],裸车价格,25.99万  (厂商指导价 25.99万),续航里程,400km,购入用途,爱车简评,内饰很有科技感，整体设计是我喜欢的风格，看着高档但又不会觉得俗气。,,爱车评价,,,,,,[最满意],颜值真的超级高呀，不用考虑光线，不用考虑角度，怎么看都好看，前脸全新龙脸设计理念，格栅尺寸很大，像龙嘴一样，狭长的LED大灯突出犀利，像龙的眼睛，造型很是霸气。贯穿式尾灯很有辨识度。,[外观],[不满意],就一个字，帅！,当然没有了，刚提车一个月多一点怎么会有不满意呢。,[动力],[性价比],[内饰],很高，对于我来说省钱，省事，省心。,中控大屏可以旋转这点很拉风，还可以刷抖音，看电视，就像平板一样。智能化挺高的。,,,[空间],5座车空间真的是超级大呀，后备箱都能睡一个人了，当然只是说说而已，不建议在行驶过程中后备箱睡人，太危险了。乘坐空间很大很舒服，前后排的座椅都能移动前后，只要舒服前后距离想怎么调就怎么调。,[舒适],空间大不压抑，全景天窗光线好，座椅软硬适中，包裹性强，坐久了不会累，减震和隔音都不错，舒适性可以打满分，20来万不是白花的。,[操控],操控简单舒服，很顺手的感觉。,javascript:;,展开全部,上班
"
    发表于  2019-06    

      
        
    
    
",其实买车时也考虑到动力问题了，怕毕竟是电动车会动力跟不上要求，买的时候也是有点疑惑，但是开了几天发现完全不用担心动力问题，有的时候比加油车还反应快。,https://image1.xcarimg.com/attachments/my/0/30/70/960_120.jpg,aaampv14,新手上路,4.88,外观,5,内饰,5,续航,5,空间,5,舒适,5,动力,4,操控,5,性价比,5,购入信息,爱车车型,https://newcar.xcar.com.cn/m43704/,2019款唐EVEV600 两驱智联创悦型,购入时间,2019/5/1,购车地点, [浙江省],裸车价格,25.99万  (厂商指导价 25.99万),续航里程,500km,购入用途,爱车简评,内饰很有科技感，整体设计是我喜欢的风格，看着高档但又不会觉得俗气。,,爱车评价,,,,,,[最满意],应该说都挺满意的吧。,[外观],[不满意],外观买车时就和姑娘沟通过，想着孩子的眼光和大人不一样，我是觉得挺好看的，大气时尚，姑娘也说好看，看来外形还是挺受大众喜欢的。,前排座椅什么功能也没有，让人觉得有一点失望。,[动力],[性价比],[内饰],性价比很高啊，为了买车，老母亲跑断了腿呀,内饰简单大气但又不失档次感，尤其是中控大屏幕，全家都喜欢,,,[空间],空间我感觉是挑不出什么毛病来，乘坐空间和储物空间都很到位，而且第二排座椅还能放倒，虽然现在觉得这个功能用不上，但是说不定以后会用的上，有总比没有强。,[舒适],试驾的时候特意走了一段稍微差一点的路，感觉舒适性还是不错的，可以打满分。,[操控],前面说了就是看中他操控简单方便了，别看这么大的车，女生开也没问题。,,,上班
"
    发表于  2019-06    

      
        
    
    
",四驱开起来就是爽，轻点就能跑起来，轻轻松松就能体验到所谓的推背感，加速快而稳，通过性强，别看是辆电动车，动力可是很强的。,https://image1.xcarimg.com/attachments/my/0/30/74/296_120.jpg,马小弟v,新手上路,4.88,外观,5,内饰,5,续航,5,空间,4,舒适,5,动力,5,操控,5,性价比,5,购入信息,爱车车型,https://newcar.xcar.com.cn/m46669/,2019款唐EVEV600D 四驱智联创睿型,购入时间,2019/5/1,购车地点, [江苏省],裸车价格,28.99万  (厂商指导价 28.99万),续航里程,500km,购入用途,爱车简评,内饰做工比较棒，我最喜欢这车的音响了，非常棒，低音够强。还有中控的这个大屏幕，也是我比较欣赏的一个点了，真的够大，整车内饰满满的科技感,,爱车评价,,,,,,[最满意],外观，停在太阳下车漆闪闪的，线条也很流畅，喜欢看到我的车的人都要看一眼的感觉，那是相当自豪。,[外观],[不满意],精致大气，唐的标志很显眼，和奥迪停在一起也毫不逊色。,花了这么多钱买的车当然看见哪哪都是好了，哪会有什么不满意的。,[动力],[性价比],[内饰],虽然买车的价格会有些高，但是后期的养车花费不是很大，性价比还是挺高的。,内饰风格是我很喜欢的简约型风格，整体很大气，中控的科技感还是挺高的，支持语音识别控制系统，开车不用分心，想要听歌，开天窗，开空调动动嘴就行。,,,[空间],空间无敌大，虽然有些夸张，但是真的是很大，前后排的座椅都能移动，空间比较灵活，做后排的人可以随意葛优躺，跷二郎腿，而且后排地板没有凸起，后排坐三个人的时候中间的人也不会觉得不舒服。,[舒适],没有发动机所以自身噪音会小很多，本身的隔音也不错。悬架偏软能很好的处理震动感，座椅也挺舒服的，总的来说舒适度还是不错的。,[操控],操控方便简单，方向盘电动助力，转起来还是很轻松的，各种辅助配置也很全，3种驾驶模式随意切换，新手女司机毫无畏惧。,javascript:;,展开全部,上班
"
    发表于  2019-05    

      
        
    
    
",完全不要担心动力不够，充满电的情况下反应比燃油车还要快，当然电量不足的情况下会有点疲软。,https://image1.xcarimg.com/attachments/my/0/30/70/963_120.jpg,越野大侠gn4,新手上路,4.88,外观,5,内饰,5,续航,5,空间,4,舒适,5,动力,5,操控,5,性价比,5,购入信息,爱车车型,https://newcar.xcar.com.cn/m43704/,2019款唐EVEV600 两驱智联创悦型,购入时间,2019/5/1,购车地点, [天津市],裸车价格,25.99万  (厂商指导价 25.99万),续航里程,500km,购入用途,爱车简评,试驾的时候特意走了一段稍微差一点的路，感觉舒适性还是不错的，可以打满分。,,爱车评价,,,,,,[最满意],空间，爸妈有自己的车，所以也用不着7座的，有5座也够用了，所以空间特别大，超级满意。,[外观],[不满意],外观真的很好看啊，车漆亮，在大太阳下感觉都会发光，和奔驰停在一起也毫不逊色。,新车上市，没有任何优惠。,[动力],[性价比],[内饰],性价比真的很高，无论是配置，动力，空间还是外观都无可挑剔。最重要是没有购置税，还送绿牌，超划算。,内饰很有科技感，整体设计是我喜欢的风格，看着高档但又不会觉得俗气。,,,[空间],空间大到没朋友，就是考虑到以后有了孩子东西出门东西自然就带的多了所以买车时特别注重空间，唐没有让我失望，壮一点的人乘坐也没问题。后备箱更不用说，现在我基本都用不着，有什么东西直接塞后座，方便多了。,[舒适],目前最明显的是隔音好，电车基本没有声音，减震也不错，小的震动都可以过滤掉。,[操控],操控简单，辅助配置很齐全，小白也开的特别溜。,,,上班
"
    发表于  2019-05    

      
        
    
    
",四驱动力真的是很优秀啊，虽然是电动但是动力强劲，快了还会有推背感，不过后期快没电的时候会有些疲软，不过都是正常现象。,https://image1.xcarimg.com/attachments/my/0/30/74/301_120.jpg,li_lqh,新手上路,4.88,外观,5,内饰,5,续航,5,空间,4,舒适,5,动力,5,操控,5,性价比,5,购入信息,爱车车型,https://newcar.xcar.com.cn/m46669/,2019款唐EVEV600D 四驱智联创睿型,购入时间,2019/4/1,购车地点, [浙江省],裸车价格,28.99万  (厂商指导价 28.99万),续航里程,500km,购入用途,爱车简评,不得不说内饰的设计很高档，各种配置也比较齐全，也相当实用，12.3英寸的触控液晶屏是车内的一大亮点。还很贴心的设计了化妆镜，对于爱臭美的人来说时不时照一下，很方便的。,,爱车评价,,,,,,[最满意],本身作为一辆新能源汽车就是他最好最优秀的地方，对个人来说提供动力的方式是充电，省钱省事，对国家来说节约资源，保护环境，绿色出行健康环保，所以新能源汽车会逐渐成为一种趋势，给人们的生活带来更多的方便与快捷。,[外观],[不满意],从前面看前脸是比亚迪家族经典的龙脸设计，狭长的LED大灯犹如龙眼，特别大的格栅相对于龙嘴，超级霸气。从侧面看线条流畅，悬浮车顶运动风十足。后面的流水式尾灯很有辨识度，整体造型就是一个帅。,目前来说并没有任何不满意的，非要说的话就是太贵了，心在滴血，要是能便宜点就更好了。,[动力],[性价比],[内饰],当然高了，要不然买他干啥。,内饰的风格是比较沉稳的，整体科技感挺高的。,,,[空间],中型SUV5座空间绝对不要担心空间不够用，前后排的座椅都可以前后移动，空间灵活，SUV底盘高，车高，头部空间也够用了，后备箱大到没朋友，而且还能放倒最后一排座椅，空间无敌。,[舒适],舒适性可以打满分，坐车开车都是享受。,[操控],操控用一个词来形容就是很顺手。,javascript:;,展开全部,上班
"
    发表于  2019-05    

      
        
    
    
",得益于电机，毕竟是电动的跟燃油不一样的。毕竟对得起后面的4.6s啊，只要你舍得踩它就会给你想要的推背！,https://image1.xcarimg.com/attachments/my/0/30/70/301_120.jpg,老妖nqw9,新手上路,4.25,外观,5,内饰,3,续航,5,空间,5,舒适,4,动力,5,操控,4,性价比,3,购入信息,爱车车型,https://newcar.xcar.com.cn/m46669/,2019款唐EVEV600D 四驱智联创睿型,购入时间,2019/4/1,购车地点, [浙江省],裸车价格,30.99万  (厂商指导价 28.99万),续航里程,400km,购入用途,爱车简评,得益于电机，毕竟是电动的跟燃油不一样的。毕竟对得起后面的4.6s啊，只要你舍得踩它就会给你想要的推背！,,爱车评价,,,,,,[最满意],动力强，外观好看，环保。,[外观],[不满意],唐二代我就是看的外观，换做以前就不会考虑了，现在改款好看很多了，婴儿肥的整体外形！,电池能不能在增加大一点，不敢一直用运动模式，能耗消耗太快了。轮毂22寸的应该做平面，假如停车不小心容易蹭路牙。内饰有待提升啊毕竟30多w的车，就一个大屏幕是一个亮点。隐私玻璃就后面安装有，最好前排玻璃也装上。还有就是这个led大灯远光灯不够亮。,[动力],[性价比],[内饰],电动车怎么谈性价比呢，要谈性价比我就不会买这个车了，毕竟喜欢放在第一位！,内饰感觉就一块大屏幕有亮点，别的感觉还是缺少点豪华感，有待改进。,,,[空间],身高1.78米开起来没什么不舒服，后排也很大，后备箱也够用，挺好的！,[舒适],舒适性还可以，但是过减速带就没那么舒服了，过去就是蹭蹭的声音，毕竟悬挂还是偏硬的。,[操控],尺寸太大，操控只能说在这么大的车里面算好的了。速度快转弯倾角偏大。,,,上班
"
    发表于  2019-05    

      
        
    
    
",纯电动但还是挺有劲的，超车加速都没问题，动力输出回收很快，感觉比加油车都反应快。,https://image1.xcarimg.com/attachments/my/0/30/70/168_120.jpg,等待威姿k3,新手上路,4.88,外观,5,内饰,5,续航,5,空间,4,舒适,5,动力,5,操控,5,性价比,5,购入信息,爱车车型,https://newcar.xcar.com.cn/m46667/,2019款唐EVEV600D 四驱智联创领型,购入时间,2019/3/1,购车地点, [辽宁省],裸车价格,30.99万  (厂商指导价 30.99万),续航里程,500km,购入用途,爱车简评,这款车可以说是比亚迪suv车里面的性价比之王了，作为一款国产车，做的很完美。,,爱车评价,,,,,,[最满意],空间间大，配置全，中型5座SUV空间不用说，不管是乘坐空间还是后备箱表现都很优秀，还有配置挺齐全的。,[外观],[不满意],尾灯的辨识度很高，超级喜欢尾灯的设计，感觉如果没有这个尾灯设计，车尾真的很普通。,也不是补满意吧，就是这个价位的车后排独立空调是选配？额，有点不能理解,[动力],[性价比],[内饰],说实话车本身的价格确实有点高，但是考虑到现在几乎就是一次性投资，后续没有其他的什么不必要的费用性价比还是挺高的吧。,内饰做工材质都比较用心，中控旋转大屏是一个很大的亮点，几乎所有的功能按键都融合到了里面，整体造型比较简洁吧，科技感也挺强的，就价位来讲这种内饰算是良心配置。,,,[空间],空间真的是很宽敞，而且全景大天窗为空间也加了不少分，显的更加敞亮，我算是比较魁梧的人吧，坐进去不会觉得压抑，后排的空间更是大，座椅宽大，中间的地板也没有明显的凸起，跷二郎腿都行。后备箱的空间也是特别的大，而且比较规整，放大件东西也不怕。,[舒适],舒适性很高，减震隔音都很到位，座椅舒适性配置也挺高的。,[操控],操控还是挺舒服的，不会因为是电车开快一点就飘，转弯什么的都挺稳的。,javascript:;,展开全部,上班
"
    发表于  2019-05    

      
        
    
    
",动力真的是够粗暴。但是运动模式踩了几次加速，电耗涨到39了……电车还是要温柔一点开，不然只能开200公里咯。自己比较心疼轮胎，很少“地板电”，输出比较线性，毕竟三电都是比亚迪自己做，整体匹配度还是比较ok的。经济/运动模式加速：sport模式下，0-80真的很快，推背感非常明显，但是后程加速略显吃力。平时都用eco模式，加速超车没问题，推背感较小，电耗也适中。,https://image1.xcarimg.com/attachments/my/0/30/70/169_120.jpg,tmszpy06,新手上路,4.38,外观,5,内饰,4,续航,5,空间,5,舒适,4,动力,4,操控,4,性价比,4,购入信息,爱车车型,https://newcar.xcar.com.cn/m46667/,2019款唐EVEV600D 四驱智联创领型,购入时间,2019/3/1,购车地点, [江苏省],裸车价格,30.99万  (厂商指导价 30.99万),续航里程,500km,购入用途,爱车简评,纯电动但还是挺有劲的，超车加速都没问题，动力输出回收很快，感觉比加油车都反应快。,,爱车评价,,,,,,[最满意],四驱车型，动力是真好。一脚电门下去，推背推到怀疑人生。电门慎踩，个人建议。配置挺高，毕竟价位也上了30w了，性价比另说。不知道为什么还有两驱版本，为了拉低起售价嘛。。,[外观],[不满意],外观大爱，颜控必备。买之前对比过蔚来的ES8，两款车外形都不差，都是我的菜。考虑到售后服务和电池的保障，最终选择了唐。三月桃花始盛开车灯设计：龙脸，龙须灯，一个字好看。尾灯的流水，跟奥迪一个样，好看。目前比亚迪全系尾灯最好看的就是唐了，不接受反驳。秦pro和宋的尾灯，真的是。。。车身及车轮：brembo，22寸，马牌轮胎，一个字：摆预定升级套餐,目前开着整体OK，还没跑够1000，也没仔细测续航。每天上下班四十公里，每天减12%左右的电量。我是隔个2-3天，晚上回家就插上，不担心半路撂挑子。,[动力],[性价比],[内饰],"就纯电全尺寸SUV来说，价格不高，就比亚迪来说，算是旗舰的旗舰了吧。很多朋友也说买个比亚迪30w不值，但是车嘛，自己开。满足自己需求就行了。况且ES8价格还要更高了，两个车开起来，我觉得唐更扎实一点。配置上两车差不多，除了不是全铝车身。4S店售后服务：选择比亚迪，也是考虑了之后的用车便利性。售后点比较多。目前还没首保，服务评价后续跟进。购车：优惠肯定是没有了。不过有个预定免费升级项目。这样算下来还是挺划算。新能源,无税，买了保险上个牌直接上路。再说说为什么不买DM，家里有汽油车，DM纯电续航标100，跑下来估计70左右，没电烧油油耗不算低，对我意义不大。所以一直在等EV版本。开启预定第一时间就交了定金，到车之后，到店试了几圈sport，就交了首付。国产品牌，近两年确实进步不少",内饰想给三星，不过看在做工不错，给个四星吧。内饰真的较为普通，科技感略有，豪华感基本没，都30w的车了，内饰有待提升。电子挡把，**可以。多媒体：竖起来的大屏我是不太能用上，我不在车里刷抖音。。看电影还可以，听歌也不错。自带流量。省了连carplay或者蓝牙的步骤，方便异味异响：基本没什么异味，原车也自带滤净系统，pm2.5指数也不高，这个配置应该推广，车内空气很关键。pm2.5滤净系统,,,[空间],作为五座全尺寸SUV，空间是真大，轴距两米八十多，二排空间够翘腿，后备空间能放床，自驾出行好伴侣，关键时候还能躺。车内储物空间不算多，够用。二排放到，空间更可观,[舒适],减震效果不错。30.99配置带真皮和座椅加热，很巴适。比28.89多了腿托和腰部多向调节，座椅的包裹性还可以。,[操控],这么大的车，本不该谈操控。但是唐EV从转向和底盘来说，还可以，因为重心偏高，所以过完信心不是很足，其实电池在底部，配重前后均匀，还是可以暴躁过弯的，比燃油SUV要好不少。开起来很扎实。刹车表现：急刹是真不舍得试，这个发表不了看法了。不过brembo不会差,javascript:;,展开全部,上班
"
    发表于  2019-05    

      
        
    
    
",常常不知不觉就开的很快，重心很低（可能是电池组的缘故），目前为止还没深踩电门，而且一直是ECO模式。,https://image1.xcarimg.com/attachments/my/0/30/70/193_120.jpg,dd12345ahnu,新手上路,5,外观,5,内饰,5,续航,5,空间,5,舒适,5,动力,5,操控,5,性价比,5,购入信息,爱车车型,https://newcar.xcar.com.cn/m44190/,2019款唐EVEV600D 四驱智联创世型,购入时间,2019/3/1,购车地点, [天津市],裸车价格,30.99万  (厂商指导价 35.99万),续航里程,500km,购入用途,爱车简评,无论是平常在市区行驶还是高速或者山路的时候，都很有冲劲，起步和提速都很快，尤其是在山路的时候，非常有感觉。,,爱车评价,,,,,,[最满意],1外观是第一大卖点，性能是第二大卖点，还送了很多东西，电饭锅和抱枕颈枕。2红色车漆帅呆了，绝对的装X神器，比白色的看起来更有内涵，更深邃。3做工精良，可以说是自主品牌的标杆之一。4买的是智联创世型，配置，简直无敌，有几个好玩实用的说一下：一脚踢，这个感应尾门的灵敏度还可以，手上拎着东西时，用这个会很舒服。语音控制，方向盘上有语音的快捷键，开车时可以盲操，几乎所有功能都可以用语音控制，反应速度也是一流，语音反馈也蛮有趣的（挺幽默的）。后排吹脚空调，这是在唐DM上没有的配置，虽然不起眼，但在深圳，天热时特有用，对制冷速度有很大提升。5加速真的是爽，四驱版官方给出纯电的加速是4点6秒（顶配4秒4，明明电池容量一样，却快了0.2秒，我也不知道why），在路上超特斯拉没问题（除P100D外）,[外观],[不满意],1唐和秦EV都有的蓝色冷光大灯，超级棒，科技感很强；2唐EV中网换成了王朝概念车上的那款，类似于古代的铠甲，立体感和攻击性很强，看上去很威；3门把手上半部分是镀铬的，下半部分与车身同色，看着又亮，又不俗气。帅气，深邃的眼神！车灯设计：蓝色冷光大灯和秦Pro上的一样，深邃的眼神！钥匙的功能丰富：遥控钥匙十分NB，尤其在狭窄的车位里很实用车身及车轮：车头很威，中网的设计很像王朝概念车，比唐DM的中网更复杂，很好看。侧面比较稳重,我买的是智联创领型（次顶配），正式上市前只有一款，裸车30.99万，全款落地差不多32万，配置很高，要啥有啥，性价比高，强烈推荐！要说缺点只有一个，就是轮胎贵（2000左右），因为22寸的轮毂，所以悬挂没有想象的那么软。液晶仪表只有两种模式，相对来说没有奥迪的虚拟座舱酷。,[动力],[性价比],[内饰],性价比就不用我说了，大家心里比我清楚,114.6的大屏确实吸引眼球，使用一段时间之后，也并没有像网上说的那样不好用，相反，我倒觉得反应速度挺快的，界面设计也ok，最新出的龙颜背景好看，建议使用；2电子档把比家里的手动老凯越完全不是一个世纪的，质感很好；雨天拍的，光线不好，大屏使用方便，科技感强！一些常用的功能，都有实体按键，手感不错，做工精细，旋钮阻尼清晰，有质感！异味异响：新车味道不大，正常，放了一箱竹炭，再加两袋菠萝皮（很管用），都没有每天开门通风，才4天就闻不到什么味道了，异味这点的确值得肯定。,,,[空间],后排可以调节前后和靠背角度，放到最躺的角度超舒服，秒杀同级别所有车，不是我吹，甚至比阿尔法还强（家里曾经有一辆商务专用的阿尔法）后备厢容积：后背箱平整，但七座第3排两侧的水杯架没有取消。5座的后备箱盖板下面空间非常大，放点小东西比较实用。放了菠萝皮，抱枕，送的脚垫，空间大极了乘坐空间：后排空间巨大，而且靠背角度可以调的很平，座椅舒适，很宽敞最靠前和最靠后的对比，可调范围还是蛮大的，腿部空间三拳左右，对大腿的支撑也很到位,[舒适],1电机声几乎听不到，而且因为前排是双层隔音玻璃，所以风噪极小，有高级感。2高配265的胎宽，胎噪会比低配的245胎宽的大些，但依然属于一流水准。3后排舒适性和用料同级别第一名，能摸到的地方基本都是真皮，黑色内饰配红色双缝线，高端，大气，上档次！大天窗！通透性很好,[操控],可以调节转向力度，开起来不笨重。方向盘赞一个,javascript:;,展开全部,上班
"
    发表于  2019-05    

      
        
    
    
",电车，你懂的！4.6初段感觉比DM还来的猛！,https://image1.xcarimg.com/attachments/my/0/30/70/166_120.jpg,szqqtu04,新手上路,4.88,外观,5,内饰,5,续航,5,空间,5,舒适,5,动力,5,操控,4,性价比,5,购入信息,爱车车型,https://newcar.xcar.com.cn/m46667/,2019款唐EVEV600D 四驱智联创领型,购入时间,2019/4/1,购车地点, [浙江省],裸车价格,30.99万  (厂商指导价 30.99万),续航里程,500km,购入用途,爱车简评,最满意的就是这款车的动力性能了，不管什么样的路况都不在话下，给人一种非一般的感觉。而且减震效果做的特别好，没有一点颠簸感。,,爱车评价,,,,,,[最满意],动力，运动模式能把乘客贴椅背上,[外观],[不满意],满分,目前开了不多，暂时就远光灯不太中意，感觉不够亮！,[动力],[性价比],[内饰],这个价位，还能要求什么呢？,总体来说非常的满意的，感觉比奔驰的还是缺少了那么点豪华感！就一个大大的显示屏，不过比我以前那个gla用起来舒服多了，这个安卓操作起来简直不要太舒服,,,[空间],大大一大大！,[舒适],gla开了4年，对比舒服多了,[操控],不懂这个，反正好开就完事了！,,,上班
"
    发表于  2019-04    

      
        
    
    
",动力反应快应该是电车的一大优点，收放自如表示很轻松。,https://image1.xcarimg.com/attachments/my/0/30/74/335_120.jpg,bobo88rtw29,新手上路,4.88,外观,5,内饰,5,续航,5,空间,5,舒适,5,动力,5,操控,5,性价比,4,购入信息,爱车车型,https://newcar.xcar.com.cn/m44190/,2019款唐EVEV600D 四驱智联创世型,购入时间,2019/3/1,购车地点, [江苏省],裸车价格,35.99万  (厂商指导价 35.99万),续航里程,500km,购入用途,爱车简评,内饰科技感十足，简单大气，我很喜欢这种风格，不过女朋友和我有点分歧就是了，但是还是同意我的想法了最后。,,爱车评价,,,,,,[最满意],都挺满意的，满意的太多挑不出来。,[外观],[不满意],时尚大气，稳重中透露着一点活泼，我也不知道怎么形容了，反正是很好看就对了。,除了贵没有任何不满意的地方，而且送的都是些用不上的东西。,[动力],[性价比],[内饰],可以吧，花多少钱和所享受的是成正比的。,14.6寸的大屏真的很拉风啊，能根据不同的要求旋转，可以看电影看电视，可以语音控制，科技感还是挺足的。,,,[空间],空间真的是超级大，5个大老爷们坐进去都不会觉得压抑，前两天和朋友一起出去玩，开了两辆车带了不到10个人，光我的车就坐了5个人，带了3分之2的烧烤钓鱼工具，而另一辆小轿车只坐了4个人，东西只能带3分之1，我这个嘚瑟啊。,[舒适],各种舒适性配置相当到位，坐车开车都是一种享受。,[操控],操控很简单尤其对于男同志来说，辅助配置也很到位，不管你是新手还是女司机请放心的开这辆车。,,,上班
"
    发表于  2019-04    

      
        
    
    
",秒杀大多数家用车，某些轿跑也比不上,https://image1.xcarimg.com/attachments/my/0/30/70/175_120.jpg,sage2001rx,新手上路,4.75,外观,5,内饰,4,续航,5,空间,5,舒适,5,动力,5,操控,5,性价比,4,购入信息,爱车车型,https://newcar.xcar.com.cn/m46667/,2019款唐EVEV600D 四驱智联创领型,购入时间,2019/4/1,购车地点, [北京市],裸车价格,30.99万  (厂商指导价 30.99万),续航里程,500km,购入用途,爱车简评,内饰做工材质都比较用心，中控旋转大屏是一个很大的亮点，几乎所有的功能按键都融合到了里面，整体造型比较简洁吧，科技感也挺强的，就价位来讲这种内饰算是良心配置。,,爱车评价,,,,,,[最满意],外观漂亮，内饰精致，性能好,[外观],[不满意],好看，好看，好看，正面，侧面，后面都非常喜欢，就是漆面不是特别显高档,车载系统功能不够强大,[动力],[性价比],[内饰],这尺寸，性能，配置，30万真的不算贵,比较精致，比较有档次感,,,[空间],空间非常大，跟我家的x5比完全不落下风，,[舒适],座椅非常舒服，推脱感觉很棒，两侧也有包围,[操控],非常灵活，很稳，基本能有轿车的驾乘感受,,,上班
"
    发表于  2019-04    

      
        
    
    
",虽然是电动车，但是劲还是挺大的，起步反应快，加速也很稳，踩到最高速度是会有推背感的，在市区的话动力表现不错。,https://image1.xcarimg.com/attachments/my/0/30/70/157_120.jpg,panyonga,新手上路,4.88,外观,5,内饰,5,续航,5,空间,4,舒适,5,动力,5,操控,5,性价比,5,购入信息,爱车车型,https://newcar.xcar.com.cn/m45851/,2019款唐EVEV600 两驱智联创享型,购入时间,2019/3/1,购车地点, [江苏省],裸车价格,27.99万  (厂商指导价 27.99万),续航里程,500km,购入用途,爱车简评,非常霸气的外观，其他车型停在他的旁边，真的是大巫见小巫了，尤其是它的大灯，LED大灯流水能量转向灯，可以说是可以跟车融合一体，我非常喜欢。,,爱车评价,,,,,,[最满意],性价比吧，钱都花在了车上，没有交税办牌子，真正的一分价钱一分货。,[外观],[不满意],稳重，霸气，停在那就会给人一种莫名的安全感。,新款上市什么优惠活动都没有，送的也就是些小东西，有点小小的失望。开了快一个月了吧，还没有发现有什么问题,[动力],[性价比],[内饰],性价比挺高的，我没事还能带她在附近逛逛，省钱又省心,内饰很外观挺搭配的，很简单大气，科技感也挺强的。,,,[空间],平时基本都是老婆自己一个人，最多带带朋友闺蜜出去逛街，出去玩，没听到她反应说空间不够用，我觉得肯定够用了，我也开过一两次，我这男生都觉得空间够用了，更不用说女生了。,[舒适],老婆很是喜欢全景天窗，一般她出去我就会嘱咐他即使是等红绿灯什么的也要把车门锁好，有时候等红绿灯的功夫还有人发小广告，有点讨厌，现在有了大天窗就算是夏天也能把所有车门锁好，打开大天窗就不会热了。有人肯定说为啥不用空调呢，那是因为她体寒，吹空调容易感冒。,[操控],操控很简单，我带着她练了两三天就已经操控的很熟练了，而且辅助配置也挺全的。,javascript:;,展开全部,上班
"
    发表于  2019-04    

      
        
    
    
",经济/运动模式加速：刚开始推背感特强，都没反应过来，有股飞一般的感觉,https://image1.xcarimg.com/attachments/my/0/30/70/165_120.jpg,sagehp8,新手上路,4.88,外观,5,内饰,5,续航,5,空间,5,舒适,5,动力,4,操控,5,性价比,5,购入信息,爱车车型,https://newcar.xcar.com.cn/m46667/,2019款唐EVEV600D 四驱智联创领型,购入时间,2019/3/1,购车地点, [江苏省],裸车价格,30万  (厂商指导价 30.99万),续航里程,500km,购入用途,爱车简评,颜值真的很高，无论是颜色还是设计感，都很有考究，走在路上的回头率超高，车体的底盘很高，做工很细致，车灯的造型特别，辨识度很高。,,爱车评价,,,,,,[最满意],环保，省钱，炫酷,[外观],[不满意],就是被那它的颜值吸引的，很爱它的龙脸设计，横贯式尾灯，亮瞎了,充电桩充电慢，7kw太小.想要更快更便捷,[动力],[性价比],[内饰],下面两位仁兄，也是忠实迪粉，非得拍照，买车了，再比赛车，哈哈,内饰，我喜欢的调调，黑色，典雅，舒服,,,[空间],空间大，抽空出去吃个烧烤，直接把朋友们看呆了，这么飒，给面子，朋友们都说飙车不敢和唐比，宝马奔驰，甩后边，只有吃灰的节奏,[舒适],舒适，快捷，晚上可以约上小姐姐，兜风看星星,[操控],直接语音控制，小迪你好，打开空调，或者打开地图，想去哪里就去哪里,,,商务接送
"
    发表于  2019-04    

      
        
    
    
",开了快一个月了感觉不论是城市道路还是高速上，超车都是完全没有压力的，加速很猛，驾驶模式还可以自己选择，方便实用。,https://image1.xcarimg.com/attachments/my/0/30/70/158_120.jpg,小琦hl17,新手上路,4.75,外观,5,内饰,5,续航,5,空间,5,舒适,5,动力,4,操控,5,性价比,4,购入信息,爱车车型,https://newcar.xcar.com.cn/m45851/,2019款唐EVEV600 两驱智联创享型,购入时间,2019/3/1,购车地点, [山东省],裸车价格,27.99万  (厂商指导价 27.99万),续航里程,450km,购入用途,爱车简评,搭载了互联网功能，可以语音控制，防疲劳座椅，整体的舒适性非常高，开的确实非常舒服。,,爱车评价,,,,,,[最满意],满意的地方很多，两只手都数不过来，其中我最喜欢的还是空间了，对于家里成员多的人来说太有优势了，而且外观也挺合我心意的。,[外观],[不满意],外观设计感强，前脸霸气侧漏，颜值非常高，车灯还是LED的，给人感觉很帅气，非常好特色。,既然选择了这辆车，那肯定对这车的大部分是都比较满意的，不满意的暂时还没有发现。,[动力],[性价比],[内饰],这个价虽然高了点，可它的性价比还是可以的，毕竟各方面也都比较全面。,内饰的颜色搭配的很好，显得车里非常的整洁，材质用料也比较厚道，做工也细致，新车内还没有异味异响。,,,[空间],这个车的空间是我最看重的一点，5座的空间就可以把很多同价位的比下去了。特别是在逢年过节的时候可以大显身手，第二排的地板还没有隆起的地方，很平整，跷个二郎腿也没一点压力，很舒适。,[舒适],行驶中的噪音非常小，座椅的包裹性很好，前排座椅还有加热，通风的功能。全景天窗很舒适，坐在后排也可以欣赏到外面的风景很惬意。,[操控],因为是电子助力的，所以方向盘很轻巧，可以适应各种路面行驶，就算是走烂路也不会有多大的颠簸感，很平稳，响应速度是真的很给力，超出我的想象。,javascript:;,展开全部,上班
"
    发表于  2019-04    

      
        
    
    
",比亚迪唐的几款车型动力都是很好，我这款ev600全时四驱动力充沛，节能模式油门也是随叫随到，红灯路口一马当先,https://image1.xcarimg.com/attachments/my/0/30/70/170_120.jpg,zjfip12,新手上路,5,外观,5,内饰,5,续航,5,空间,5,舒适,5,动力,5,操控,5,性价比,5,购入信息,爱车车型,https://newcar.xcar.com.cn/m46667/,2019款唐EVEV600D 四驱智联创领型,购入时间,2019/4/1,购车地点, [北京市],裸车价格,30.99万  (厂商指导价 30.99万),续航里程,500km,购入用途,爱车简评,舒适性就不用多说啦，座椅多方位调节，还有加热和通风。车内的降噪也超越了本价位车该有的程度，减震确实有点硬，不过瑕不掩瑜。,,爱车评价,,,,,,[最满意],这款车整体颜值非常好，整体做工质量棒棒哒，灰色是我的最爱，稳重大气上档次！,[外观],[不满意],外观22寸轮毂马牌轮胎霸气十足整体设计协调做工用料良心品质我的车贴了车衣正好有一辆es8对比一下,目前还没有发现不满意的地方，希望未来能升级L2级驾驶吧,[动力],[性价比],[内饰],性价比目前感觉不错，希望比亚迪后期维护给力,内饰简洁大方奢华度差一些,,,[空间],对比亚迪唐ev600空间非常满意，用我老丈人的话讲坐在后排有上帝的感觉！一辆可以7座的车你说空间能小吗？后储物空间大的有点浪费，把后排座椅放倒我一米八的个子可以舒服的躺下还能把后备箱的门关上。,[舒适],整车调教的还不错座椅真皮打孔推托还可以延伸可以记录三种开车习惯,[操控],操控灵敏刹车六活塞名牌大卡钳刹车稳准狠,,,上班
"
    发表于  2019-04    

      
        
    
    
",在我看来电车的动力要比油车要强劲的多，只要不是以飙车为目的，这种动力对于日常是足够用的了。,https://image1.xcarimg.com/attachments/my/0/30/70/174_120.jpg,zolob3,新手上路,4.88,外观,5,内饰,5,续航,5,空间,5,舒适,5,动力,4,操控,5,性价比,5,购入信息,爱车车型,https://newcar.xcar.com.cn/m46667/,2019款唐EVEV600D 四驱智联创领型,购入时间,2019/3/1,购车地点, [四川省],裸车价格,30.99万  (厂商指导价 30.99万),续航里程,500km,购入用途,爱车简评,最满意的就是这款车的动力性能了，不管什么样的路况都不在话下，给人一种非一般的感觉。而且减震效果做的特别好，没有一点颠簸感。,,爱车评价,,,,,,[最满意],在我看过的所有车里，这车可以说比较全能吧，车身大气，内部空间大，对于商用还是家用都是个不错的选择。,[外观],[不满意],在当初上市的时候就看上了这款车，非常的霸气，卤素的大灯设计的很有个形，很抢眼，车身线条干净利落，运动感强烈，让人看着非常的舒服。,最不满意的就是车内的异味大，这点可能是所有车的通病吧。,[动力],[性价比],[内饰],性价比因人而异，看你觉的是否值，反正我认为挺值的。,内饰虽然没有外观那样出众，但他胜在做工够精致，材质好，整体的实用性要比观赏性更加重要，就这点来说我还是非常满意的。,,,[空间],在空间这方面唐新能源做的还真让人挑不出毛病来，空间大还不说，细节做的也是很好，最令我满意的是第二排的地板，很平整，提高了整体的舒适性。,[舒适],舒适性不错，整车的通行性也是可以的，不管是在市区还是在山路上都是畅通自如。底盘比较稳，所以它的颠簸感过滤的也不错。我个人是很喜欢的,[操控],操控起来还是蛮顺手的，我在市区里用的驾驶模式调整到一般模式就够了，车身很稳，在急转弯的时候也不会太倾斜，安全省心。,javascript:;,展开全部,上班
"
    发表于  2019-04    

      
        
    
    
",我开车一向很稳，所以动力对于我来说是足够了，在市区里通勤也是妥妥的，没压力。,https://image1.xcarimg.com/attachments/my/0/30/70/156_120.jpg,小鱼儿q,新手上路,4.88,外观,5,内饰,5,续航,5,空间,4,舒适,5,动力,5,操控,5,性价比,5,购入信息,爱车车型,https://newcar.xcar.com.cn/m45851/,2019款唐EVEV600 两驱智联创享型,购入时间,2019/3/1,购车地点, [广东省],裸车价格,27.99万  (厂商指导价 27.99万),续航里程,500km,购入用途,爱车简评,性价比吧，钱都花在了车上，没有交税办牌子，真正的一分价钱一分货。,,爱车评价,,,,,,[最满意],最满意就是他的综合实力强，可以PK掉很多同级别的汽车。,[外观],[不满意],我个人是很喜欢这个造型的，很霸气，我还单独加了行李架，方便放行李。,在我看来的话就是隔音有一点点差。,[动力],[性价比],[内饰],落地价差不多28万，虽然有点小贵，但毕竟是自己一直奋斗的目标，所以我买它不后悔，在性价比这点我只能说值了。,内饰的做工很好，细节也比较精致，材质摸着很舒服，整体上很有档次。,,,[空间],乘坐空间很满意，187的个头，75公斤的朋友坐在里面也不会显得压抑，相当的舒服，家里人也是真心喜欢。后备箱和储物空间就更不必担心了，出门旅行除了可以放的下行李，还可以放宝宝的儿童座椅，车内的储物格也是很丰富，非常的实用，反正我还没有把它放满过。,[舒适],座椅挺软的，坐下来也挺舒服的，而且前排的座椅不仅能加热还能通风。空调的话可以语音控制调节，制热的效果也不错，就是有点费电。车内的充电插口设计的也人性化，前排后排都可以充电，很方便。,[操控],方向盘的指向很准，手感轻盈，刹车反应也线性，总之给我的驾驶体验还是好的，很舒服。,javascript:;,展开全部,上班
"
    发表于  2019-04    

      
        
    
    
",动力真的没话说，起步当面完胜燃油车，一脚下去推背感强烈,https://image1.xcarimg.com/attachments/my/0/30/70/160_120.jpg,得赛利opv,新手上路,4.88,外观,5,内饰,5,续航,5,空间,5,舒适,5,动力,5,操控,5,性价比,4,购入信息,爱车车型,https://newcar.xcar.com.cn/m45851/,2019款唐EVEV600 两驱智联创享型,购入时间,2019/3/1,购车地点, [广东省],裸车价格,27.99万  (厂商指导价 27.99万),续航里程,450km,购入用途,爱车简评,外观设计感强，前脸霸气侧漏，颜值非常高，车灯还是LED的，给人感觉很帅气，非常好特色。,,爱车评价,,,,,,[最满意],最满意的就是空间和动力了，动力是真的好，一脚电门下去，推背推到怀疑人生，4.6秒那真不是开玩笑的,[外观],[不满意],这这车子的外观颜值我自己和家人都是比较喜欢的，它前脸采用龙脸设计在晚上开大灯看起来就像龙须一样，还有后面贯穿尾灯，在晚上真的非常炫酷！,最不满意的地方还没找到，毕竟才刚用车不到一个月,[动力],[性价比],[内饰],性价比对于我来说是比较高的，配置高各种安全装备齐全，空间大，动力强劲，省油省钱，到现在也就驾驶了一个月也没发现什么毛病，在各方面都是比较满意的，反正就一句话买这车不后悔！,内饰简单明了，每个按键都有标明，特别是旋转的大屏，在车上K歌刷抖音都是没话说，系统还支持语音功能，开车不方便的话用语言就可以控制打开天窗，开导航，切换歌曲等,,,[空间],空间是真的大，轴距两米八，后备空间能放床，自驾出行好伴侣，关键时候还能躺，车内物品不多，空间够用！,[舒适],新能源一大特点就是安静，开车就是喜欢安静听音乐音质方面我要点个赞而且车上能看到的都是软的，都是真皮座椅，坐在上面就是享受，舒服！！,[操控],转向清晰，指向精准，基本上没有虚位，方向盘大小合适,javascript:;,展开全部,上班
"
    发表于  2019-04    

      
        
    
    
",智能电四驱，百公里加速4.6S，在市内我一般都是用的经济模试，跑过一次杭瑞高速。用的运动模试，那加速踏板我都还没踩到底，车就飞出去了，我的Q7都不是他的对手，真的是一路酣畅淋漓。,https://image1.xcarimg.com/attachments/my/0/30/70/173_120.jpg,carmancdh2,新手上路,5,外观,5,内饰,5,续航,5,空间,5,舒适,5,动力,5,操控,5,性价比,5,购入信息,爱车车型,https://newcar.xcar.com.cn/m46667/,2019款唐EVEV600D 四驱智联创领型,购入时间,2019/3/1,购车地点, [湖南省],裸车价格,30.99万  (厂商指导价 30.99万),续航里程,500km,购入用途,爱车简评,本人颜值控，最满意的便是其炫酷的外形，以及极富科技感的内饰，这是我对比诸多车型后买它的决定性因素。,,爱车评价,,,,,,[最满意],"纯电动续行长，之前本来想买唐DM的，但是一直就是不喜欢它只有80/100KM的纯电续航，后来终于等到了唐VE600,他们到展车后还没出价格，我就去预定了，是我们大岳阳首台唐EV600。续航可以与特斯拉一比了，Modelx一半的价格还不到，但是续航与Modelx不相上下。第一次充满电跑了500公里。很是满意。",[外观],[不满意],艾格还是有两把刷子，与之前的老款唐比，外观提升了好几个档次。龙脸设计，传承了中国美学又蕴含未来科技。蓝晶钻石般的LED大灯穿透力强，凌历深邃，夜晚出行行车如白昼。22寸的大脚运动十足，锋芒毕路，整个外观大气时尚。,充电挺有意思的，前面充到80%确实只要1.4小时，但你要把后面20%充满，那要从1.4小时等到2个半小时了。像我这种强迫证，每次不充满就不舒服。目前还只充了一次电，有经验了，下次早点充。,[动力],[性价比],[内饰],31万的价格，免购置税，车船税。32万多点落地，Modelx一半的价格，所以很满意了。使用成本也低:充满83度电约50元，平均一公里0.01元，所以真的很值了！,整个内饰豪华，中控智能网联系统人车机互联可阅读可游戏。云服务远程可控。内部舒适安静像图书馆一样，可思考可休息！,,,[空间],2820的轴距，5座你能想像这个空间就不会小了，平常我和老婆一人开一台。空间大得不能再大。老婆数了下，整车有18个储物空间。想装什么装什么大小随意。,[舒适],真皮座椅，无味透气。星际环抱式智能座舱，可旋转大屏未来设计感强。内部科技又不失豪华。本身纯电又安静。老婆的最爱是他的放电模式下还能做饭煮菜，上周去君山踏青，三五好友，钓鱼后就地搭桌子打起了火锅，饭足后还煮了茶，其它游人都跑过来看热闹，好不稀奇。,[操控],L2级智能驾驶，有时候不小心压线之类的，方向盘就抖动提醒，智能驾驶辅助系统真的很安全。还有360度高清全景影像系统视无盲区，驾车前打开看看，安心省心。,javascript:;,展开全部,上班
"
    发表于  2019-04    

      
        
    
    
",终于明白有人说开了电车不想开油车的原因了，真心很爽（虽然现阶段小白鼠当的很爽，但不排除以后想油车的想法），虽然我是2驱7座的，但加速也很厉害，官方给的加速时间是8秒多，不过我感觉只有7秒多，还没用运动模式暴力起步过，如果舍得费电，超油车很轻松。,https://image1.xcarimg.com/attachments/my/0/30/70/159_120.jpg,飘雪cgkwy,新手上路,4.75,外观,5,内饰,5,续航,5,空间,5,舒适,4,动力,5,操控,5,性价比,4,购入信息,爱车车型,https://newcar.xcar.com.cn/m45851/,2019款唐EVEV600 两驱智联创享型,购入时间,2019/4/1,购车地点, [北京市],裸车价格,28.49万  (厂商指导价 27.99万),续航里程,500km,购入用途,爱车简评,空间是真的大，轴距两米八，后备空间能放床，自驾出行好伴侣，关键时候还能躺，车内物品不多，空间够用！,,爱车评价,,,,,,[最满意],外观非常时尚，屁股很漂亮。蓝色比红色骚多了。4S店说是北京第一台蓝色7座，确实是赚足了回头率。整车内饰也很不错，真皮座椅，实用的功能都有，没有取消一些必要的物理按键，这点特别好。,[外观],[不满意],BYD王朝系列的销量就已经证明了外观上的出众表现，唐EV的设计更是上乘之作，回头率很高，能撩到不少人，洗车的时候有人专门停下来问我。蓝色的灯配蓝色的车真的很好看，不过还是要特别表扬22寸轮毂和Brembo刹车钳。,充电太慢，14%-100%快充，充了2个多小时，比我预想中的要慢，后备箱的储物格有点鸡肋，Pad里面只能删除一个预设，如果能够全删就好了。仪表盘里公里数清零真是反人类设计，100%的人拿到车后无法把公里数清零。续航能力冬天估计会让人很伤心。,[动力],[性价比],[内饰],整车的性价比很高，不管从外观还是现在所谓的车联网来说确实很不错，而且内饰也非常不错。要感谢4S销售啊，帮我搞到了北京第一台27的蓝色。,整个内饰给人的感觉很低调但又不失豪华感，中控的设计也是很不错，蛮有心意的，用料也很高档。,,,[空间],空间很大，忘了拍照，驾驶位，副驾，第二排空间都很宽敞，第三排有点挤，平时当5座车，7座应急用，所以三排对我来说无所谓不会经常座人，如果三排经常座人的话，那还是MPV吧，放倒后后备箱空很大，能满足所有需求。乘坐空间：驾驶位对我来说太宽敞了，171，微胖，所以没什么参考价值，不过座椅有点高，不知道是原来开轿车开习惯了的原因还是什么，把座椅调到最低还是感觉很高。家人乘坐评价：2大1小坐第二排毫无压力，还剩余很多空间，2大属于微胖的，173（160斤），164（微胖）后备厢容积：把第三排放倒后后备箱很大，大到即使放了很多东西还是觉得有点空。车内储物能力：还可以，但没有烟灰缸必须差评，钥匙盒设计的不错，但如果当发票盒用呢没有盖，当烟收纳盒，又没烟灰缸。其他的水驾驶位和副驾能放6瓶左右，车门一边放2瓶还是没问题的。扶手箱里面深度一般的，有点小。,[舒适],座椅真皮的很好，包括中控哪方面还是有豪华感的，噪音我个人觉得有点大，不过能接受。,[操控],操控性很好，特别是动力回收，不踩电门自动减速这点真的特别好，以前开油车的时候还担心前车来个急刹什么的，现在不用担心了，直接会已最快的速度下降。Brembo赛车级六活塞刹车钳也是相当的给力按照原来刹车方式会提前刹死，另外就是悬架有点硬，随便过个坑或减速带那酸爽。那个ACC的拨杆绝对是反人类设计，方向盘全挡住了，如果不熟悉的人开还要找ACC在哪，不知道怎么想的，我也是无语啊,javascript:;,展开全部,上班
"
    发表于  2019-04    

      
        
    
    
",动力设置分为两种模式，经济模式和运动模式，经济模式相对比较平稳一点，运动模式冲劲比较大，在加上是四驱的动力，就更加威猛了，山路爬坡什么的，都易如反掌。,https://image1.xcarimg.com/attachments/my/0/30/70/163_120.jpg,周江q1,新手上路,4.75,外观,5,内饰,5,续航,5,空间,4,舒适,5,动力,4,操控,5,性价比,5,购入信息,爱车车型,https://newcar.xcar.com.cn/m46667/,2019款唐EVEV600D 四驱智联创领型,购入时间,2019/3/1,购车地点, [安徽省],裸车价格,30.99万  (厂商指导价 30.99万),续航里程,500km,购入用途,爱车简评,外观22寸轮毂马牌轮胎霸气十足整体设计协调做工用料良心品质我的车贴了车衣正好有一辆es8对比一下,,爱车评价,,,,,,[最满意],最满意的是这款车的动力和内饰，四驱的动力就是不一样，跟之前的两驱的车比起来，简直就是一个天上一个地下的感觉，纯电动的车能有这样的马力，真的不可小觑。还有就是内饰的装饰非常漂亮，很温馨的感觉，又充满了科技感。,[外观],[不满意],颜值真的很高，无论是颜色还是设计感，都很有考究，走在路上的回头率超高，车体的底盘很高，做工很细致，车灯的造型特别，辨识度很高。,要说最不满意的应该就是这款车的价格了吧，要是价格能再便宜一点就十分完美了，不过说实在的，高价钱的车配置就是不一样，驾驶的感觉也有很大的不同。,[动力],[性价比],[内饰],这款车可以说是比亚迪suv车里面的性价比之王了，作为一款国产车，做的很完美。,内饰很有科技感，显示屏很大，字体非常清楚，方向盘跟座椅的手感很好，摸上去很细,,,[空间],这款车属于小型SUV，座椅设置为7座的，能满足一家人出行的需要，周末带家人出游，一家老小坐进去，正好，感觉很温馨幸福，前两排的空间都可以，第三排的空间要略微小一点，不过坐瘦一点的人没有问题。,[舒适],这款车的舒适性很不错，七座的车空间很大，操作起来很自由，座椅很柔软，就像坐在沙发上一样，包裹性很强，靠背跟腰和脖子的贴合度都很高，长时间开车也不会觉得累。,[操控],这款车操控起来很顺手，我一般用的都是运动模式，因为比较喜欢那种风驰电掣的感觉，而且方向盘可以前后上下调节，很方便，有的车开上有一种车在掌控人的感觉，但是这款车完全就是人在掌控车。,javascript:;,展开全部,上班
"
    发表于  2019-04    

      
        
    
    
",运动模式下，0～100km/h提速4.6s名不虚传，推背感十足，秒一般的跑车都没问题，就是几脚油门下来，电量噌噌的往下降。跑高速：刚提车就去了趟崇礼，变速十分顺畅，没有磨合期的不爽，只是速度快了以后跑电量也是惊人，曾达到了近50公里31.5kwh的消耗，也是醉了。特殊路况行驶动力：尝试了雪地模式，在积雪路面上提速刹车没有任何的违和感，安全系数还是蛮高的。,https://image1.xcarimg.com/attachments/my/0/30/70/167_120.jpg,yijiagv135,新手上路,5,外观,5,内饰,5,续航,5,空间,5,舒适,5,动力,5,操控,5,性价比,5,购入信息,爱车车型,https://newcar.xcar.com.cn/m46667/,2019款唐EVEV600D 四驱智联创领型,购入时间,2019/3/1,购车地点, [北京市],裸车价格,31.1万  (厂商指导价 30.99万),续航里程,500km,购入用途,爱车简评,尾灯的辨识度很高，超级喜欢尾灯的设计，感觉如果没有这个尾灯设计，车尾真的很普通。,,爱车评价,,,,,,[最满意],本人颜值控，最满意的便是其炫酷的外形，以及极富科技感的内饰，这是我对比诸多车型后买它的决定性因素。当然它碾压性的500km续航里程也是关键因素（不考虑特斯拉的情况下）,[外观],[不满意],车灯的设计超过预期，日间行车的蓝光十分酷炫，增添了些许的妖气；轮胎用的是R22的马牌，彰显了豪车的气质。本来还是想选白色的，结果看到这个赤帝红，瞬间就被打败了，即便＋2000块也要拿下。车灯设计：车灯设计没毛病，还有亮度高度调节，高大上。亮度很显眼。钣金车漆：这个赤帝红据说用了法拉利的红，对比起其他车型确实显得不一样。车身及车轮：轮毂和轮胎很是前卫，逢人必问的地方，都觉得这个车型能配这样的轮胎也是很是良心啦。,极端天气下表现欠佳，刚提车的第二周就迫不及待的开去崇礼滑雪（满电），结果赶上大雪封路，本来满以为260公里的路程绰绰有余，结果差点把我扔路上，到达崇礼充电桩的时候仅剩下16%的电量，全程不敢开空调（只有体验过的才知道有多痛苦），还耽误了上山的时间。后经过核算，在这种极端条件下，续航里程最多330公里（还不能开空调）,[动力],[性价比],[内饰],这样的配置对得起这个价钱，以至于还未上市，我就把所有手续都办齐了（3月28号正式上市，本人26号就已经上好牌儿了），当时只有这一个配置。开了这么将近1200公里，感觉还是杠杠的！讲了这么多，希望对大家有参考价值，总体来说还是比较推荐的！,这里要特别表扬一下中控大屏，一个字，“酷”！操作非常流畅，加上DiLink系统，完美的诠释了“智联”二字。多媒体模式切换顺畅，音响效果可圈可点。异味异响：刚提车的时候肯定是有些味道，但横向对比还是有优势的，做了两次臭氧除味儿，放了两个高端碳包，味道基本算是控制住了。,,,[空间],空间没的说，2820mm的轴距，无论是驾驶位还是后排座椅，都会显得十分宽敞，本人滑雪控，装三个雪板，带三个人基本没问题，后备箱储物能力也是符合日常需求的乘坐空间：我178cm，坐在驾驶位毫无压迫感，腿部空间也比较舒适，长途行车无压力家人乘坐评价：媳妇167cm，感觉空间十分舒适。岳父将近190cm，再也没有抱怨头顶空间太小（之前的标致508，每次上车都要抱怨一下）。,[舒适],舒适性就不用多说啦，座椅多方位调节，还有加热和通风。车内的降噪也超越了本价位车该有的程度，减震确实有点硬，不过瑕不掩瑜。空调：空调设置的位置比较合理，出风量调节很方便，目前只使用了制热，还是蛮迅速的。,[操控],全时四驱不是白来的，并线转弯稳定性极强，不显笨重，刹车很是灵敏，刚开始还不太适应，适应后感觉还是很棒的方向盘操控感：方向盘手感极佳，在eco模式下确实很轻，不过不会有飘的感觉，过弯很顺畅。偏离车道的震动提醒功能很实用。辅助操控配置：360度全景感应设置让新手再也不怕刮车的心痛，位置感极强。,javascript:;,展开全部,上班
"
    发表于  2019-04    

      
        
    
    
",路上限速，不好意思，有想看到的可以去4s自己体验，我的车子就不给你们看了。哈哈哈最大功率180扭矩330可以想象一下哈这个车子的动力。哈哈哈哈。,https://image1.xcarimg.com/attachments/my/0/30/70/171_120.jpg,jcl8829inp5,新手上路,5,外观,5,内饰,5,续航,5,空间,5,舒适,5,动力,5,操控,5,性价比,5,购入信息,爱车车型,https://newcar.xcar.com.cn/m46667/,2019款唐EVEV600D 四驱智联创领型,购入时间,2019/3/1,购车地点, [湖北省],裸车价格,30.99万  (厂商指导价 30.99万),续航里程,500km,购入用途,爱车简评,国产车中味道算还好，塘漱软内饰，做工比较细腻，宝马双缝线设计，七色氛围灯,,爱车评价,,,,,,[最满意],最满意的就是动力了，4.6秒那不是开玩笑的，,[外观],[不满意],三层的金属颗粒漆。在太阳底下有金属颗粒感。Led的大灯。原厂的紫色灯珠。看着就非常的心动。尾巴的贯穿式的尾灯。在路上超你车的时候，你只能看到我的尾灯。压低真的是国产车里面的登场。从灯来说的话，真的是。独一无二灯不是没一台国产车都有配置。这个车就是冲着它超高的颜值来的。车灯设计：不用改，就这么高的颜值。紫色的灯珠。真的像龙的眼睛一样。再配上这个绿色的车牌，真的是完美。,最不满意的地方还没有找到，哈哈哈才刚用不到一个月,[动力],[性价比],[内饰],这款车的性价比怎么说呢？30万买一个电动车。恐怕也只有少部分的人，比如我我才能下这么大的决心呢，喜欢一个东西原因有很多。而我是喜欢这台车的动力以及颜值。我不知道性价比这个东西是怎么样衡量的。那我觉得这款车。是我值得用30多万的价格。去买这台车的。我觉得这个钱花的值，那你现在做电动车已经成为了中国仅次于。特斯拉的电动豪华电动汽车，没有特斯拉卖的贵，但是有特斯拉的技术。,内饰就比较的简洁大方了。像内饰这个东西的话，我只能说萝卜青菜各有所爱了，因为对于车里面的一个喜爱的话是每个人的喜欢的程度都是不一样的，像我的话就比较喜欢唐这种简洁大方的内饰设计。既不落伍呀，不特别的张扬。我的性格一样，低调有内涵，哈哈。,,,[空间],对于这个车的空间来说的话。个人觉得五座话对于我们家庭还是够用的。我身高一米八，然后作者的话头部空间还有两拳的距离，第二排的话，基本上躺着伸个二郎腿是没有问题的。今天的话基本上是对我这个一家只有一个小孩的家庭来说的话，基本上是够用的。后备厢容积：我不想在这个容积嗯，也是非常大的，因为他这个后台还有这个电机，估计也不能往下深挖。容积的话也还够用。平时也没放多少东西。在计划着一出去，自驾游的时候看看在车顶上放一个行李架，家人乘坐评价：媳妇的身高是一米七，然后乘坐的话也是非常的舒服，感觉非常的娇小，对于这台车来说，儿子在后排装了一个。安全座椅。空间还有多的。,[舒适],车辆整体的包裹性感觉有待提高，不过坐着我还好，我这款的是真皮的座椅，而且这个车为了提高舒适性还有腰脱腿托，座椅加热通风，等一系列的高b格，感觉就不一样哈，舒适心还是得有配置来说明哈，真皮座椅就是不知道夏天味道会不会很大这个胎22寸，路感确实有点强，不过也能接受，整体来说还是比较满意，不然也会买对吧！,[操控],这个车的话有三种驾驶模式。有节能模式运动模式，有一个是去了一个适应多路况的一个模式。而且这个车子是前麦弗逊独立悬架，后多连杆悬架。本来说的话基本上没得话说。因为我这边也是刚提的这个车子，然后也是只只有在城区开开，过减速带的时候都还好。七十码过弯基本上没问题。,javascript:;,展开全部,上班
"
    发表于  2019-04    

      
        
    
    
",动力是我相当满意的地方，动力感觉有种速度与激情的感觉，推背感很强烈，回老家都是山路，爬坡比较多，一点吃力的感觉都没有，非常的轻松，带劲。,https://image1.xcarimg.com/attachments/my/0/30/70/172_120.jpg,ziyiyangghjm,新手上路,4.75,外观,5,内饰,5,续航,5,空间,4,舒适,5,动力,5,操控,4,性价比,5,购入信息,爱车车型,https://newcar.xcar.com.cn/m46667/,2019款唐EVEV600D 四驱智联创领型,购入时间,2019/2/1,购车地点, [宁夏省],裸车价格,30.99万  (厂商指导价 30.99万),续航里程,500km,购入用途,爱车简评,四驱车型，动力是真好。一脚电门下去，推背推到怀疑人生。电门慎踩，个人建议。配置挺高，毕竟价位也上了30w了，性价比另说。不知道为什么还有两驱版本，为了拉低起售价嘛。。,,爱车评价,,,,,,[最满意],最满意的就是这款车的动力性能了，不管什么样的路况都不在话下，给人一种非一般的感觉。而且减震效果做的特别好，没有一点颠簸感。,[外观],[不满意],外观高端大气上档次，很有设计感，车身线条流畅，很有中国特色的设计感，前脸十分霸气。,目前没有发现这辆车不满意的地方，各方面的性能都挺好的，以后发现再来和各位分享。,[动力],[性价比],[内饰],综上所述，这款车的性价比是超高的，最主要的是安全性能高，买车不仅是为了出行方便，个人安全也是必要考虑的问题，带家人出游也很方便，坐过车的都说好。,内饰的配置很齐全，满满的科技感，电子设备很高端先进，很招年轻人喜欢，整个装饰简约大气，有时尚感十足，座椅，天窗还是功能键，操作起来十分方便快捷。,,,[空间],车内的储物能力是我比较满意的，平常放点水杯纸巾什么的都是可以的，空间的设计很合理，不管是横向还是纵向，都很人性化，尤其是后备箱的空间，真的很宽阔，放的东西非常多，放三个行李箱是没有任何问题的，平常放点生活用，带家人来一场说走就走的旅行。,[舒适],舒适性满分，不管是我的驾车体验还是家人的坐车体验，都十分满意，底盘高，但是没有颠簸的感觉，过弯路的时候车身也很稳定，座椅的包裹性强，安全性能极高。,[操控],唐的整体操控性还是可以的，方向盘轻巧灵活，指向精准，刹车没有很硬，座椅都是可以调节的，符合人体工程学，档位的设计很合理，即使是新手也很容易上手。,javascript:;,展开全部,上班
"
    发表于  2019-03    

      
        
    
    
",常常不知不觉就开的很快，重心很低（可能是电池组的缘故），目前为止还没深踩电门，而且一直是ECO模式。,https://image1.xcarimg.com/attachments/my/0/30/74/341_120.jpg,teeestyz,新手上路,5,外观,5,内饰,5,续航,5,空间,5,舒适,5,动力,5,操控,5,性价比,5,购入信息,爱车车型,https://newcar.xcar.com.cn/m44190/,2019款唐EVEV600D 四驱智联创世型,购入时间,2019/3/1,购车地点, [安徽省],裸车价格,30.99万  (厂商指导价 35.99万),续航里程,500km,购入用途,爱车简评,你觉得它的性价比很不错，它的配置也很丰富，最主要的是实用性很不错，很适合在这个车位紧张的大城市行驶，当然最重要的是价格很合适，为我省了很多的不方便哦，真的很适合家用。,,爱车评价,,,,,,[最满意],1外观是第一大卖点，性能是第二大卖点，还送了很多东西，电饭锅和抱枕颈枕。2红色车漆帅呆了，绝对的装X神器，比白色的看起来更有内涵，更深邃。3做工精良，可以说是自主品牌的标杆之一。4买的是智联创世型，配置，简直无敌，有几个好玩实用的说一下：一脚踢，这个感应尾门的灵敏度还可以，手上拎着东西时，用这个会很舒服。语音控制，方向盘上有语音的快捷键，开车时可以盲操，几乎所有功能都可以用语音控制，反应速度也是一流，语音反馈也蛮有趣的（挺幽默的）。后排吹脚空调，这是在唐DM上没有的配置，虽然不起眼，但在深圳，天热时特有用，对制冷速度有很大提升。5加速真的是爽，四驱版官方给出纯电的加速是4点6秒（顶配4秒4，明明电池容量一样，却快了0.2秒，我也不知道why），在路上超特斯拉没问题（除P100D外）,[外观],[不满意],1唐和秦EV都有的蓝色冷光大灯，超级棒，科技感很强；2唐EV中网换成了王朝概念车上的那款，类似于古代的铠甲，立体感和攻击性很强，看上去很威；3门把手上半部分是镀铬的，下半部分与车身同色，看着又亮，又不俗气。帅气，深邃的眼神！车灯设计：蓝色冷光大灯和秦Pro上的一样，深邃的眼神！钥匙的功能丰富：遥控钥匙十分NB，尤其在狭窄的车位里很实用车身及车轮：车头很威，中网的设计很像王朝概念车，比唐DM的中网更复杂，很好看。侧面比较稳重,我买的是智联创领型（次顶配），正式上市前只有一款，裸车30.99万，全款落地差不多32万，配置很高，要啥有啥，性价比高，强烈推荐！要说缺点只有一个，就是轮胎贵（2000左右），因为22寸的轮毂，所以悬挂没有想象的那么软。液晶仪表只有两种模式，相对来说没有奥迪的虚拟座舱酷。,[动力],[性价比],[内饰],性价比就不用我说了，大家心里比我清楚，神一般的存在注：本文作者系深圳市南山区某初二学生，望广大网友多多指教！,114.6的大屏确实吸引眼球，使用一段时间之后，也并没有像网上说的那样不好用，相反，我倒觉得反应速度挺快的，界面设计也ok，最新出的龙颜背景好看，建议使用；2电子档把比家里的手动老凯越完全不是一个世纪的，质感很好；雨天拍的，光线不好，大屏使用方便，科技感强！一些常用的功能，都有实体按键，手感不错，做工精细，旋钮阻尼清晰，有质感！异味异响：新车味道不大，正常，放了一箱竹炭，再加两袋菠萝皮（很管用），都没有每天开门通风，才4天就闻不到什么味道了，异味这点的确值得肯定。,,,[空间],后排可以调节前后和靠背角度，放到最躺的角度超舒服，秒杀同级别所有车，不是我吹，甚至比阿尔法还强（家里曾经有一辆商务专用的阿尔法）后备厢容积：后背箱平整，但七座第3排两侧的水杯架没有取消。5座的后备箱盖板下面空间非常大，放点小东西比较实用。放了菠萝皮，抱枕，送的脚垫，空间大极了乘坐空间：后排空间巨大，而且靠背角度可以调的很平，座椅舒适，很宽敞最靠前和最靠后的对比，可调范围还是蛮大的，腿部空间三拳左右，对大腿的支撑也很到位,[舒适],1电机声几乎听不到，而且因为前排是双层隔音玻璃，所以风噪极小，有高级感。2高配265的胎宽，胎噪会比低配的245胎宽的大些，但依然属于一流水准。3后排舒适性和用料同级别第一名，能摸到的地方基本都是真皮，黑色内饰配红色双缝线，高端，大气，上档次！大天窗！通透性很好,[操控],可以调节转向力度，开起来不笨重。方向盘赞一个,javascript:;,展开全部,上班
"
    发表于  2019-03    

      
        
    
    
",百公里加速4.6s，超车什么的非常便捷，如果遇到紧急危险的时候，一脚油门踩下去还能保命。,https://image1.xcarimg.com/attachments/my/0/30/70/155_120.jpg,漂亮女人quxy,新手上路,4.88,外观,5,内饰,5,续航,5,空间,5,舒适,5,动力,5,操控,5,性价比,4,购入信息,爱车车型,https://newcar.xcar.com.cn/m45851/,2019款唐EVEV600 两驱智联创享型,购入时间,2019/3/1,购车地点, [山东省],裸车价格,30.99万  (厂商指导价 27.99万),续航里程,450km,购入用途,爱车简评,我开车一向很稳，所以动力对于我来说是足够了，在市区里通勤也是妥妥的，没压力。,,爱车评价,,,,,,[最满意],大灯采用的LED技术作为车辆的灯光光源，在点亮的时候具备非常高的辨识度，除了美观以外，大灯还采用了线性悬浮式设计，在开启双闪或转向灯时更加科技、动感，而且动态的灯光还能够让其他车辆更有效的注意旁边的意图，最重要的是大灯具备了像转角照明和自适应远近光智能切换的功能，科技感十足又美观！双电机同时发力，百公里加速只需4.6秒，刷新SUV动力性能表现，轻松秒杀百万豪车。这是我非常满意的地方。,[外观],[不满意],非常霸气的外观，其他车型停在他的旁边，真的是大巫见小巫了，尤其是它的大灯，LED大灯流水能量转向灯，可以说是可以跟车融合一体，我非常喜欢。,大屏的设计只能旋转，档次低太lou，包括门把手不是隐藏式的感觉不好看，其次就是22寸轮廓太大，容易爆胎。,[动力],[性价比],[内饰],家人都觉得30万买纯电动车贵了。但是一分钱一分货，开段时间就知道了！,"内饰非常豪华，尤其喜欢他们智能网联系统我非常喜欢K歌，现在K歌受到越来越多人的喜欢，唐EV内就配有K歌功能，这在同级别车中是绝无仅有的,平时如果想唱歌了，不需要再到KTV了，就可以在车内唱出更多的中国好声音，周末、节假日和三五好友户外烧烤野炊的时候，还可以在车内高歌一曲，享受这份独有的放松和惬意。",,,[空间],对于空间来说，非常够用的，尤其第二排空间非常大，可以实现3个人葛优躺，第二排放到还能躺着睡个觉。,[舒适],搭载了互联网功能，可以语音控制，防疲劳座椅，整体的舒适性非常高，开的确实非常舒服。,[操控],听销售员说唐EV是由前奔驰s级专家汉斯带队调教的，整体的操控性通过性都非常好，的确我开的唐EV操控性的确不错对于这个级别的车型来说非常的棒。,javascript:;,展开全部,上班
"
    发表于  2019-03    

      
        
    
    
",最大马力360kw最大扭矩660，起步很快，我老婆说有点像飞机起飞的感觉,https://image1.xcarimg.com/attachments/my/0/30/70/162_120.jpg,lgyj9994,新手上路,4.75,外观,4,内饰,4,续航,5,空间,5,舒适,5,动力,5,操控,5,性价比,5,购入信息,爱车车型,https://newcar.xcar.com.cn/m46667/,2019款唐EVEV600D 四驱智联创领型,购入时间,2019/3/1,购车地点, [湖北省],裸车价格,30.99万  (厂商指导价 30.99万),续航里程,500km,购入用途,爱车简评,路上限速，不好意思，有想看到的可以去4s自己体验，我的车子就不给你们看了。哈哈哈最大功率180扭矩330可以想象一下哈这个车子的动力。哈哈哈哈。,,爱车评价,,,,,,[最满意],纯电动开起来确实舒服，加速快，底盘调校好，安全性高,[外观],[不满意],前奥迪q7设计师龙形前脸，龙须线条，颜值超高，晚上开灯开出去就是一到靓丽的风景线,开习惯了油车，在开电车，有点头晕，回馈较大,[动力],[性价比],[内饰],这个店子服务很好，送了很多东西，还有交车仪式，本人比较支持国产，首次购买新能源，后续在更新吧,国产车中味道算还好，塘漱软内饰，做工比较细腻，宝马双缝线设计，七色氛围灯,,,[空间],平常喜欢自驾游，后排放到可以睡觉。整车轴距2820，人坐在后排膝部还有两拳距离，本人升高190乘坐空间：我身高190体重200斤，头部空间还有半圈，座椅包裹性很好，采用佛吉亚座椅,[舒适],佛吉亚座椅，整车静音nvh设计图书馆级别，除了胎噪大,[操控],本人开过70码紧急掉头，车子很稳，模拟绕装也试了一下很爽,,,上班
"
    发表于  2019-03    

      
        
    
    
",动力没得说，4.6秒加速，不管处在什么速度上，动力随踩随有。,https://image1.xcarimg.com/attachments/my/0/30/70/176_120.jpg,vw2002g,新手上路,4.5,外观,4,内饰,4,续航,5,空间,5,舒适,4,动力,5,操控,5,性价比,4,购入信息,爱车车型,https://newcar.xcar.com.cn/m46667/,2019款唐EVEV600D 四驱智联创领型,购入时间,2019/3/1,购车地点, [北京市],裸车价格,30.99万  (厂商指导价 30.99万),续航里程,500km,购入用途,爱车简评,操控还是挺舒服的，不会因为是电车开快一点就飘，转弯什么的都挺稳的。,,爱车评价,,,,,,[最满意],1、动力强，4.6秒加速相当的快，不使用运动模式都已经非常快了。2、操控好，方向盘指向精准。3、外观漂亮,[外观],[不满意],较满意，外观接缝均匀，做工优良,续航，工况续航500公里，很难实现，目前我正常开，不开空调的情况下400公里也就这样了，电控方面感觉还不如3年前的车呢。本来觉得春秋夏三个季节起码应该可以跑450公里左右，没想到续航虚标非常严重。在这一点比亚迪让我有些失望。,[动力],[性价比],[内饰],如果可以提高续航能力和电控系统，这车就无敌了，超越特斯拉指日可待,中控台样式较新颖，用料考究，做工优良,,,[空间],乘坐空间很宽敞，座椅很舒服。5座版后备箱空间巨大。,[舒适],座椅软硬度舒适，隔音效果好，乘坐舒适,[操控],转向清晰，指向精准，基本上没有虚位，方向盘大小适中,,,上班
"
    发表于  2019-03    

      
        
    
    
",动力很足,https://image1.xcarimg.com/attachments/my/0/30/70/202_120.jpg,xh2,新手上路,5,外观,5,内饰,5,续航,5,空间,5,舒适,5,动力,5,操控,5,性价比,5,购入信息,爱车车型,https://newcar.xcar.com.cn/m43704/,2019款唐EVEV600 两驱智联创悦型,购入时间,2019/3/1,购车地点, [浙江省],裸车价格,25.99万  (厂商指导价 25.99万),续航里程,500km,购入用途,爱车简评,在操控方面基本没啥问题，虽然车大，但是开着舒服，方向盘的手感呀！不错，摸着的时候感觉跟熟很贴合，然后方向盘的高度位置都比较人性化，刚好舒服合适。,,爱车评价,,,,,,[最满意],满意的地方很多，例如颜色，外观，省电等，车辆的稳定性也很好，在高速上过大车车辆丝毫不会飘。耗电量也很惊喜，,[外观],[不满意],超炫啊，龙颜的设计前脸搭配LED的龙眼,最不满意的恐怕就是太大了，对菜鸟级的我来说倒车有点麻烦。,[动力],[性价比],[内饰],性价比还好,很好，很人性化，都是软材料,,,[空间],空间超大，坐着很舒服。乘坐空间：乘座空间很大，可以说坐胖子也毫无压力，再也不会有轿车那种拥挤感，后备箱也很大,[舒适],座椅超舒适，无噪音,[操控],方向盘很好操作，开车很轻松,,,上班
"
    发表于  2019-03    

      
        
    
    
",动力很足,https://image1.xcarimg.com/attachments/my/0/30/70/970_120.jpg,lalarunlpv,新手上路,5,外观,5,内饰,5,续航,5,空间,5,舒适,5,动力,5,操控,5,性价比,5,购入信息,爱车车型,https://newcar.xcar.com.cn/m43704/,2019款唐EVEV600 两驱智联创悦型,购入时间,2019/3/1,购车地点, [江西省],裸车价格,25.99万  (厂商指导价 25.99万),续航里程,500km,购入用途,爱车简评,完全不要担心动力不够，充满电的情况下反应比燃油车还要快，当然电量不足的情况下会有点疲软。,,爱车评价,,,,,,[最满意],满意的地方很多，例如颜色，外观，省电等，车辆的稳定性也很好，在高速上过大车车辆丝毫不会飘。耗电量也很惊喜，,[外观],[不满意],超炫啊，龙颜的设计前脸搭配LED的龙眼,最不满意的恐怕就是太大了，对菜鸟级的我来说倒车有点麻烦。,[动力],[性价比],[内饰],性价比还好,很好，很人性化，都是软材料,,,[空间],空间超大，坐着很舒服。乘坐空间：乘座空间很大，可以说坐胖子也毫无压力，再也不会有轿车那种拥挤感，后备箱也很大,[舒适],座椅超舒适，无噪音,[操控],方向盘很好操作，开车很轻松,,,上班
