publish,标题,名称,名称1,名称2,评分,评分3,评分4,评分5,评分6,评分7,评分8,评分9,评分10,评分11,评分12,评分13,评分14,评分15,评分16,评分17,评分18,标题19,信息,信息_链接,信息20,信息21,信息22,信息23,信息24,信息25,信息26,信息27,信息28,标题29,purpose,purpose30,purpose31,标题32,jia_text,信息33,标题34,图片,图片35,图片36,图片37,图片38,图片39,dw_22,dw_2240,dw_23,dw_2341,dw_1,dw_142,dw_2,dw_243,dw_3,dw_4,dw_5,dw_444,dw_545,dw_6,dw_646,dw_8,dw_847,dw_7,dw_748,dw_10,dw_1049
"
    发表于  2023-04    

      
        
    
    
",这个车子的空间我觉得是很好的，车子里面的空间感觉很大，前排驾驶位和副驾驶位的空间很合适，坐车里不觉得拥挤，活动自如，后排三个座位坐三个成年人的话，感觉也不错，不会特别的拥挤，还有一个不错的后备箱，能放下不少的东西。,https://image1.xcarimg.com/attachments/my/1/94/65/840_120.jpg,xuser1956584,三星会员,4.75,外观,4,内饰,5,空间,5,舒适,5,油耗,4,动力,5,操控,5,性价比,5,购入信息,爱车车型,https://newcar.xcar.com.cn/m65780/,2022款坦克3002.0T 边境限定版,购入时间,2023-03-01,购车地点, [山东省],裸车价格,24万  (厂商指导价 28.00万),当前油耗,2L/100km,爱车简评,,,,爱车简评,相信第一批坦克300车主绝对多数都是被它帅气复古的外表所吸引，最满意的首选肯定是外观，事实上以后才会发现操控才是它的内秀，抛开动力不说，坦克300是目前我开过的最好开的车。,爱车评价,,,,,,,,[最满意],坦克300这辆车我最满意的是它霸气的外观，一直有关注过这辆车，身边哥们也有两个开这车的，每次我们一起出去玩儿，看人家开车跋山涉水的玩儿，就羡慕的不行，再看看自己的小轿车真心有心无力的，今年条件允许了，我也要圆梦了，现在闲来无事就跟着他两一起参加坦克团活动，车子看起来非常的大气，我觉得我第一眼看到它就被它的外观所征服了，就觉得如果自己开着这么大气的一台车子出去的话，回头率一定是很不错的，车身的线条也好看，车漆质量好，有光泽感，我喜欢它的外观，让我满意。,[不满意],没有什么最不满意的，但是一点点不满意还是有的，价格没有优惠是一方面，还得排期...不过这车算是值得我去等待吧，相比较很多品牌，这车的配置足够良心了，看好多其他车动不动加装个什么配置都要加钱，坦克也算很良心了。,[外观],外观是很霸气的，车头就有一种不一般的气场，两个大灯像一双特别有魅力的大眼睛，车侧身的线条给我的感觉也是很有力量的，肌肉感很强烈！,[内饰],车子的整体做工选材都是很高级的，真皮座椅手感很好，而且边边角角的细节做工很经得起推敲。,[空间],[舒适],[油耗],舒适性方面来看还是不错的，车子底盘高，减震的感觉也不错，坐车里没有那么颠簸，舒适性我还是满意。,车子的油耗只能算还能接受吧，说它很耗油吧，但和它的排量和体型来看的话，我觉得还是成正比的，不算太高。,[动力],起步很稳定，但是冲劲儿还是有的，提速没有问题，持续的爆发力，而且上山下水的一点问题都没有。,[性价比],我觉得由于这个价格买到这样一款车，真的是实惠又划算的，它的各个方面的表现都比较的均衡，从外观到操控到内饰都没有什么可挑剔的，最主要的是自己喜欢，所以我认为它的性价比还是很好很不错的。,[操控],车子自带的配置挺丰富，而且车子底盘还是挺高的，车身也高，所以开车的驾驶感受还是挺不错的，车型也是挺长的，但是操控起来没有很笨重的感觉，转弯掉头停车的都能很轻松完成。,[四驱],虽然涡轮介入相对来说比较晚，但是只要敢踩还是很猛的，方向轻盈，指向准确，视野高宽，目前坦克300是我开过的最好开的车，驾驶感受最舒服的车。
"
    发表于  2023-04    

      
        
    
    
",空间确实很不错，一家人坐着也不会觉得拥挤。再说平常也就是一个人上下班开一下。空间很大，买车老实说一半的原因就是它的内部空间大，出门玩的话乘坐和载物上肯定是够了，自驾游没有什么压力。,https://image1.xcarimg.com/attachments/my/1/94/65/812_120.jpg,xuser1956581,三星会员,4.75,外观,5,内饰,5,空间,5,舒适,5,油耗,4,动力,5,操控,5,性价比,4,购入信息,爱车车型,https://newcar.xcar.com.cn/m65780/,2022款坦克3002.0T 边境限定版,购入时间,2023-03-01,购车地点, [重庆市],裸车价格,28万  (厂商指导价 28.00万),当前油耗,2L/100km,爱车简评,,,,爱车简评,这台车的外观还是比较好看的，而且它的动力也很强劲，开起来感觉比较爽.,爱车评价,,,,,,,,[最满意],最满意的就是这个车的外观造型非常的霸气，我看过不少品牌车，就外观来说肯定是这个车颜值要高一点。配置还是足够丰富的，支持的功能相当多，车机用起来也很不错，360全景影像相当实用，车大了有这个功能错车和停车的时候要安全多了，开启后两周边能看的清清楚楚的。还有就是自适应巡航比较好用了，自适应巡航高速肯定是最爱，最能让人放松的功能之一，跑高速不需要自己来踩油门和刹车了。,[不满意],不满意的暂时还没有遇到，我不是那种很过细的人，所以我觉得都还好。价格，价格，价格，一点优惠都是没有的。车子质量上还好，开着没有什么太明显的问题。,[外观],外观看起来非常的动感，特别是这个前面和尾部造型都让我非常喜欢。外观很漂亮，车身的做工非常霸气，整体的肌肉感不错，做工来说也好车门都很结实厚重。这个车的外观确实很霸气，这个车的通过性也很好，车子的价格也很合适。,[内饰],内饰做工比较精细，而且用料也很好，按键设计的也很合理。内饰设计材质很好，软材质的覆盖，整体来说很有氛围感，车内第一感觉还是温馨。车内的做工上也好，材质基本上没有什么异味，用料上很环保。内屏搭配的也很帅气，大小合适，触感很灵敏。,[空间],[舒适],[油耗],舒适度还是很好的。这台车的隔音效果特别好，而且座椅也非常柔软。,油耗确实比较低，可能是我驾驶习惯比较好，所以平均油耗真的一点儿也不高。,[动力],动力确实很强劲，加速非常的迅猛，超车非常简单。虽然这个车身很重，但是加速还是够用的。开这个车想超车的时候感觉也还可以。,[性价比],整体的性价比还是很高的，买这个车家用非常的合适。性价比还是非常高的，车子的造型帅气，开这个车的出去回头率是很高的。,[操控],操作性比一般的时候都要好，它的转向很精准而且。指向性很明确。,[四驱],四驱动力很好，才提车没多久，动力上确实让我觉得很有激情感，换挡之间很平顺，没有顿挫感，开着非常流畅。
"
    发表于  2023-04    

      
        
    
    
",坦克300的前后排乘坐空间就自身的车身尺寸来说做的非常不错了，扶手箱、储物箱及车门储物空间就中规中矩了，谈不上优秀，该有的都有。主要是后备箱的空间比较拮据了，日常家用够用，但是露营或自驾游必须要通过车顶来拓展了。 ☆ 空间设计亮点：坦克300巧妙的设计之处是可以将后排座椅可以完全放倒，这样对于乘车人员少的情况下最大限度的增加了储运空间也方便长途自驾在车内休息。 乘坐空间：坦克300的车身高度，让主驾驶的纵向空间更充足不需要主副驾向后移动座椅来给腿部更多的空间。 后备厢容积：后备箱虽然高度足够，但是深度不足，这也是我对坦克最不满意的一点，但要结合自身需求，如果日常家用代步那足够了。 车内储物能力：车内储物空间中规中矩，没有什么亮点但该有的都有了。 第二排空间：前排纵向空间充足，所以给后排乘坐留下了充足的空间，本人身高172在后排坐好以后仍有3拳的空间，还是非常棒的！,https://image1.xcarimg.com/attachments/my/1/94/65/802_120.jpg,xuser1956580,三星会员,4.75,外观,4,内饰,5,空间,5,舒适,5,油耗,4,动力,5,操控,5,性价比,5,购入信息,爱车车型,https://newcar.xcar.com.cn/m66154/,2022款坦克3002.0T 坦克游侠,购入时间,2023-01-01,购车地点, [宁夏省],裸车价格,22万  (厂商指导价 25.38万),当前油耗,2L/100km,爱车简评,,,,爱车简评,服务态度真的非常好，当时去店里面的时候所有的人都是比较热情的。不管我我是买了车之后还是买车之前对我的态度都是一样的，这一点确实是不错的。,爱车评价,,,,,,,,[最满意],相信第一批坦克300车主绝对多数都是被它帅气复古的外表所吸引，最满意的首选肯定是外观，事实上以后才会发现操控才是它的内秀，抛开动力不说，坦克300是目前我开过的最好开的车。,[不满意],我最不满意的地方应该是后备箱空间了，提车前经常看到坦克300后备箱被人诟病，刚提车那会儿觉得还好啊，挺宽敞的，但是当你开始接触露营以后你会发现确实不够用，而且扩展的空间不大。当然就坦克300的车身长度来说又要追求后排空间，后备箱有这样的表现已经很不错了，鱼和熊掌不可能兼得。,[外观],莫奈是最独特的颜色，也是因为这个颜色我买了坦克。方正且圆润外形，复古的圆灯，黑色的中网尽显硬派且时尚，最有特色的就是日间行车灯，辨识非常高，尾灯也是，这两个设计绝对最佳，不论是从前面看还是从后面看，远远的就知道是坦克300. 车头造型：坦克300车头的设计是非常具有辨识度且档次很高的，黑色的中网 俩复古圆灯，方就是方，圆就是圆，个人感觉比异形的耐看。,[内饰],：坦克的内饰设计我个人还是比较满意的，绝大多数手可触及的地方都是皮质包覆或者新型材质比纯塑料要显档次，另外就是整体设计简单时尚耐看。有很多人诟病坦克的实体按键少，我个人比较喜欢语音控制，我觉得坦克的车机系统做的还是比较好的，指令清晰，操作顺畅。,[空间],[舒适],[油耗],坦克300的车身高度，让主驾驶的纵向空间更充足不需要主副驾向后移动座椅来给腿部更多的空间。 后备厢容积：后备箱虽然高度足够，但是深度不足，这也是我对坦克最不满意的一点，但要结合自身需求，如果日常家用代步那足够了。 车内储物能力：车内储物空间中规中矩，没有什么亮点但该有的都有了。 第二排空间：前排纵向空间充足，所以给后排乘坐留下了充足的空间，整体比较舒服。,因为我的车改了避震更换了285轮胎和零值轮毂所以没有太大的参考意义与大家分享一下：市区油耗15左右；告诉14左右；拥堵16-17个；改装之前市区12左右，高速10-11个，拥堵13-14个，不改装的情况下油耗还是可以接受的。,[动力],加速推背感：2.0T的动力只要你舍得踩，推背感还是比较明显的，但是要有耐心，毕竟硬派越野，不谈速度。 上坡动力：坦克的有高低四驱加持，上坡没压力，坦克的低扭非常有劲，非极限坡低速四驱轻松驾驭，不需要挂锁，也基本不用更改驾驶模式。 动力平顺性：这点确实需要吐槽一下，也许是涡轮调校问题或者是变速箱和发动机匹配的不够好，坦克300涡轮介入相对牧马人来说比较晚，低速行驶的时候会有顿挫感。,[性价比],20多万可以买到颜值在线，性能抗打，品质良好且可以对外很多进口硬派越野，这性价比不要太高了，关键是前几年你买辆国产车或者其他品牌的车可能会有一点点的自卑或者会遭人鄙视，但是坦克300虽是一台国产车但所到之处无不吸引眼球，就这回头率还要啥牧马人啊！,[操控],方向盘的转向确实是比较轻便的好很多，其他的车对比的话，这个车开起来我觉得会更顺手一点，可能这个车的操控比较符合自己的驾驶习惯吧。,[四驱],虽然涡轮介入相对来说比较晚，但是只要敢踩还是很猛的，方向轻盈，指向准确，视野高宽，目前坦克300是我开过的最好开的车，驾驶感受最舒服的车。 跑高速：由于坦克300外形方正且车身较高，所以高速驾驶阻力就比较大，动力上就会有损耗，加上坦克原厂的避震较软，地面稍有起伏的时候车身会有明显的晃动。
"
    发表于  2023-04    

      
        
    
    
",整体的空间还算是可以的，我会觉得这个车载人的空间还是挺大的，但是后排的空间就没有我想象中的那么大了，美中不足的就是后备箱的空间小了一点。不过也还算是可以的。,https://image1.xcarimg.com/attachments/my/1/94/65/797_120.jpg,xuser1956579,三星会员,4.75,外观,5,内饰,4,空间,5,舒适,5,油耗,5,动力,4,操控,5,性价比,5,购入信息,爱车车型,https://newcar.xcar.com.cn/m66154/,2022款坦克3002.0T 坦克游侠,购入时间,2023-02-01,购车地点, [山西省],裸车价格,24万  (厂商指导价 25.38万),当前油耗,2L/100km,爱车简评,,,,爱车简评,这个车的提速倒是很快的，反正爆发力很强吧。我当时选这款车的时候也是考虑了很长时间的，但是想来想去，可能还是觉得这个车最适合自己吧。,爱车评价,,,,,,,,[最满意],提速很快的，现在年轻人就是喜欢提速快的，我也是不例外的。储物的空间稍微大了一点，因为平时我比较喜欢吃零食，我觉得在车里面吃零食，就喜欢在车里面塞的到处都是零食，但是这个车的储物空间多了，够我塞的，搞得我孩子喜欢在车里吃零食，哈哈。我觉得这款车的形象气质，都还是蛮符合自己心目中的要求的。第一次开这个车的时候，我就觉得挺好掌控的，反正开起来不吃力。如果说走那种不平坦的路，坐在这个车里面还是有点难受的。,[不满意],外观的颜色选择少了一点，没有自己特别喜欢的颜色。新车内饰有点气味不好闻，还有就是中央扶手箱稍微有点小，车子的舒适度不高，长时间驾驶很累。,[外观],外观的设计算是中规中矩，但是我觉得颜色要少了一点。外观看起来复古又时尚，确实是我喜欢的风格，就冲这个外观入手。,[内饰],这个内饰的用料比较好，我个人还是蛮享受坐在这个车里面的，平时我们的工作压力都是挺大的，只要坐在这个车里面坐一会儿，可以让自己非常放松，我觉得就是比较不错的感觉了。整体的内饰造型比较有科技感，做工也很精细，唯一就是新车气味不好闻。,[空间],[舒适],[油耗],这个车的内饰的方向盘的转向是可以的，开起来比较舒服，比较自在，这一点是我很看好的。一只手掌控这个车的方向盘是完全没有任何问题的，开起来还会觉得非常的轻松。坐在这个车里面，我就会觉得这个车的平稳性是比较好的。,我对于油耗的要求是比较高的，在堵车的时候，我就觉得这个车的油耗很高。,[动力],动力还可以，2.0T的发动机还是很强劲的，加速超车不费劲。,[性价比],一辆车的性价比高不高，可以从很多方面来看的，我就觉得这个车的性价比跟我想象中的是一模一样的。我觉得这个车的性价比还是非常高的，可以说是满足了我们老百姓对硬派SUV的需求，价格很实在，颜值也很高，性能也很好。,[操控],操控性很好，底盘很高，通过性也很好，什么烂路都不怕。,[四驱],后期的爆发力当然是很强的，这样的动力我会很看好。
"
    发表于  2023-03    

            
    
    
",空间足够用，前后排乘坐空间很大，电动座椅调节很受用。后排放安全座椅还有很大的空间，就是中间安全带插扣设计太占地方，如果从学习本田从车顶拉下来更为合理。中控储物空间一般，手机只有放在杯架里。后备箱比较大，放几个旅行箱、婴儿车绰绰有余，打开后备箱垫储物盒也能放不少东西，相当实用。,https://image1.xcarimg.com/attachments/my/1/88/66/399_120.jpg,xuser1896639,支柱会员,4.63,外观,5,内饰,5,空间,5,舒适,4,油耗,4,动力,5,操控,5,性价比,4,购入信息,爱车车型,https://newcar.xcar.com.cn/m66872/,2023款坦克300城市版 2.0T 必须型,购入时间,2023-01-01,购车地点, [黑龙江省],裸车价格,23.3万  (厂商指导价 23.30万),当前油耗,10L/100km,购入用途,接送小孩,自驾游,跑长途,爱车简评,主要是性价比，同价位合资四驱基本没的选，因为深处祖国大东北，冬天路况很差，还是得上越野车，所以就买这款了。总体来说家用足够。,爱车评价,实拍图片,https://img1.xcarimg.com//review/20230325/775e5e3f745eded9755bba490186b95a.jpg-169x127.jpg,https://img1.xcarimg.com//review/20230325/a8995d9a9247000dadb5d33e24e59bcd.jpg-169x127.jpg,https://img1.xcarimg.com//review/20230325/c49f2fc14c28a1e62d94d5530ace3b66.jpg-169x127.jpg,https://img1.xcarimg.com//review/20230325/2323e5aae16554b5a682d09c93a8d459.jpg-169x127.jpg,https://img1.xcarimg.com//review/20230325/7e49087c3f0fefd08d2913cccaea2a9a.jpg-169x127.jpg,https://img1.xcarimg.com//review/20230325/8c8036e5caedbecea512626ec596a428.jpg-169x127.jpg,[最满意],性价比高，配置高，空间大，同价位四驱无对手。选车时基本这个价位的SUV都看过来了，论配置、价位别的品牌真的没法比。质量过硬，技术也是很不错的，稳定可靠。买车不可能面面俱到，自己最看重的几点能够得着就可以了。,[不满意],没什么缺点了，就是买的时候没有优惠，这款车太火了，好多人买，如果能够有一些优惠就更好了。,[外观],外观中规中矩，就是硬派越野车的造型，看上去特别的霸气，而且这款车现在很受欢迎，开在路上确实有很高的回头率，大家都非常喜欢。,[内饰],内饰做工一般，设计中庸，只能说比较实用。按键放在原理驾驶舱位置，这点我觉得需要改进。中控台储物空间基本没有，放手机、钱包不太方便，虽然中央扶手箱很大很深，但是使用起来并不是那么便利，我觉得后期可以优化下中控的储物空间。中控大屏系统不错，非常的流畅。,[空间],[舒适],[油耗],舒适度一般，座椅偏硬，没有腰部支撑，开车久了腰部不适。中央扶手箱位置合理，方向盘大小适中，力度也正好，驾驶感受还是不错的。后排座椅坐垫短。避震较硬。,油耗中规中矩，跑长途可以到6.5左右，真的很省。市区很费，现在综合油耗10个。在北方，冬季油耗会更高，这个级别的油耗算是中规中矩吧，市区开ECO省油效果还是很明显的，有一段时间降到了10以下。这样我就很知足了。,[动力],动力很满意，加速平顺。2.0T的排量足够家用，满载也不觉得吃力，只要舍得给油，动力就有。,[性价比],性价比还是非常高的，不然也不会这么多人买。,[操控],操控也不错，方向盘不重，视野好，通过性不错。别看车子比较大，但是驾驶起来真的是很灵活的，完全可以放心的驾驶，这一点我很开心。,[四驱],北方冬天没换雪地胎四驱模式挺过来的，感觉还不错，在冰面和雪地行驶平稳，四驱足够用了。
"
    发表于  2023-03    

      
        
    
    
",超长车身为车内空间提供了得天独厚的先决基础，加上不错的车身高度，使得头部和腿部空间相当充裕，以往驾驶时膝盖小腿与车身“打架”时的束缚感一扫而空，185cm的大块头驾驶起来游刃有余。第二排空间也十分宽敞，一百六十斤的老爸做进去腿部与前排也有两拳之多的距离。座椅全部都十分柔软舒适，与前代相比也调整了出风口的位置，舒适性MAX。大容积后备箱简直不要太酷，无论是旅行箱还是露营帐篷，统统被它收入囊中。,https://image1.xcarimg.com/attachments/my/1/88/66/403_120.jpg,xuser1896640,支柱会员,4.75,外观,5,内饰,5,空间,5,舒适,4,油耗,4,动力,5,操控,5,性价比,5,购入信息,爱车车型,https://newcar.xcar.com.cn/m66869/,2023款坦克300越野版 2.0T 征服者,购入时间,2023-02-01,购车地点, [天津市],裸车价格,21.58万  (厂商指导价 21.58万),当前油耗,10L/100km,购入用途,上班,购物,接送小孩,爱车简评,说中的性价比之王，买之前看了看，也看了很多车，还是比较喜欢坦克300的外观，试驾时也是觉得这车开起来十分舒服，毕竟是个日常消耗品，舒适感很重要，所以最后还是选择了它。,爱车评价,实拍图片,https://img1.xcarimg.com//review/20230325/690852e3443e5c24e8f61382d7a9bb08.jpg-169x127.jpg,https://img1.xcarimg.com//review/20230325/b50f20d17b0c0779fc62cfca41db8e01.jpg-169x127.jpg,https://img1.xcarimg.com//review/20230325/e071ae4ee710bf6bcc6ada03bebb8c09.jpg-169x127.jpg,https://img1.xcarimg.com//review/20230325/268e927628278250ff753d10e6fe7b88.jpg-169x127.jpg,https://img1.xcarimg.com//review/20230325/9564c2733ba91385beb8893fcf6021a3.jpg-169x127.jpg,https://img1.xcarimg.com//review/20230325/ff5b441a9325ed39a2b243d92f82f430.jpg-169x127.jpg,[最满意],当之无愧的性价比之王，外观大气，超大空间乘坐和驾驶时舒适感十足。和朋友的车子相对比，细节上的做工做的相当到位，另外动力十足，操作感也很好，一只手打方向盘也很顺手哦。,[不满意],内饰比较一般，不算太精致，但相对来说比起华丽的内饰风格还是比较经济耐用的。风格偏成熟稳重型。,[外观],车子细节精致，车头灯采用全新设计，配备全LED光源，在前脸方面，辨识度很高，整体头部变得更加时尚。无比炫目，车身看起来十足的霸气。流线型的车身设计，慢慢的都是运动感。在汽车的尾部，也是非常有特点的，让人看了就喜欢。,[内饰],内饰还可以，虽然用料都是不错的，但是感觉如果再精致一些就好了。,[空间],[舒适],[油耗],座椅质感相当不错，无论是驾驶还是乘坐都相当舒适。电动座椅加热很实用，在严寒的冬季很好的解决了座椅冰凉的烦恼。发动机噪响较小，使得驾驶时有一个良好驾驶体验，也减少了驾驶时的倦怠感。空调制冷制热相当快，无论是酷夏还是寒冬，上车几分钟即可享受室内的舒适温度。值得一提的是防炫目后视镜，晚上开车时能大大减少车后视镜反光，为驾驶者提供了又一层安全保障。滤震功能是又一大亮点，稳固的底盘设计，即使是在过大坎、过深坑时，车上的人也不会有太大的颠簸感。最后还是说一说车身的舒适空间，以往不管是开车还是坐车，狭小的空间都让身高185的本人总是礼貌而不是尴尬地缩腿，舒适驾驶，随心自如。,平时大概10个油左右，过年回家，城市道路占60%，国道占40%，可能本人驾驶习惯不大好，一脚油门一脚刹，油耗稍高,[动力],驾驶时的平顺性相当好，没有顿挫感，可以说是稳稳当当，此外值得称赞的是发动机噪音极小，也使得驶带来的畅快感更进一步。性能方面基本上也能满足自驾郊游，偶尔和渔友一同去郊外的荷塘里比试下垂钓技巧也是别有一番风情。,[性价比],在这个价位里坦克300的性价比是真的很高了。,[操控],座椅十分舒适，让驾驶者有一个恰到好处的驾驶姿势，视野相当开阔，行走在都市的跑道上，给人一种豁然开朗的体验。操作手感极佳，油门尚可，方向盘相当轻盈，即使是女性也可以随心驾驶。,[四驱],四驱还是很厉害的，可以去随心所欲的跑越野了。
"
    发表于  2023-03    

            
    
    
",论空间，我觉得要看个人怎么评判了，坦克车真的挺大的，后备箱的空间的确算中规中矩，但是座椅可以完全放平，我试着躺在里面，基本只能躺半个身子，个子高，我估计我斜着躺应该也费劲，后排的座椅也是因人而异，之前一直开的两驱探岳和探歌，家里有一辆昂科威，我个人一直觉得都还不错啊，我186身高前排调好，再坐到后面，也可以葛优瘫，不知道说他后排太紧凑的人得是有2米？还是开的是陆巡，个人觉得坦克的空间真心可以了。,https://image1.xcarimg.com/attachments/my/1/92/12/745_120.jpg,xuser1931274,支柱会员,4.88,外观,5,内饰,5,空间,5,舒适,4,油耗,5,动力,5,操控,5,性价比,5,购入信息,爱车车型,https://newcar.xcar.com.cn/m66872/,2023款坦克300城市版 2.0T 必须型,购入时间,2023-03-01,购车地点, [辽宁省],裸车价格,23.3万  (厂商指导价 23.30万),当前油耗,12L/100km,购入用途,上班,自驾游,越野,爱车简评,选车真的是一个痛苦的过程，真的真的，我考虑到保值，想买探岳rline，不考虑保值，我就很想买领克05，后来等到大狗，又千呼万唤的等到坦克出来，我又无比纠结了.…,爱车评价,实拍图片,https://img1.xcarimg.com//review/20230321/5068b5dbb273ef11946bf85c09a52bb0.jpg-169x127.jpg,https://img1.xcarimg.com//review/20230321/e39ea408b964329812ec1bbd0c01baf3.jpg-169x127.jpg,https://img1.xcarimg.com//review/20230321/54e18603c8b3e31e6e105ced9d0d711b.jpg-169x127.jpg,https://img1.xcarimg.com//review/20230321/bf430e4059e958fa1b48614022444ad6.jpg-169x127.jpg,https://img1.xcarimg.com//review/20230321/54b261a1c46fb8a7b74b02fd0148801f.jpg-169x127.jpg,https://img1.xcarimg.com//review/20230321/c4cda8c39a956d72dad61f95c40d8073.jpg-169x127.jpg,[最满意],最满意的当然是车身尺寸和硬派的外观，再加硬汉的内在，无论当初看和到4S店感受，我都非常满意，本人186，体重160，这车我个人觉得完美符合我得所有预期，车长车高间距，我都觉得很不错。,[不满意],最不满意可能是还没有试驾到，哈哈哈哈哈，西安17号就可以试驾了，可惜最近公司事多，我一直没去成，过阵子有时间一定感受去。,[外观],外观，不用再多bb，大家都是明白人，这外观没什么太多评价和吐槽，个人重要提醒，这个车图上看着真的一般大，跟之前看的大狗一样，看着图上小，见了实车，你就知道这个车到底怎么样了。,[内饰],内饰来说，跟05和探岳rl做比较吧，反正处于一个价位，跟05比比不过，05的翻毛皮和各种质感都要比坦克要好，探岳当然排在垫底，大众一向对内饰没有太大追求，大众的钱都花在发动机和变速箱了。05跟坦克比，就好比一个长得帅的韩系男生跟一个阳光开朗的运动男生。,[空间],[舒适],[油耗],我和对象那天一起去的4S店，她坐进去就跟我说，想起来我跟她说的“日产大沙发”，所以大家应该都明白了，座椅很舒服，我个人也觉得很舒服，很软。,这个车，我觉得大家都能想得到，2.0T，三把锁，硬派越野车，市区起步都得十二三,[动力],动力之动力自然是没有任何问题的，毕竟怎么说也是2.0t的发动机，虽然车子大，但是绝对可以满足使用的。,[性价比],性价比还是相当给力，毕竟这个价格想买到一台属于自己的越野车，这个车是个不二的选择。,[操控],作为这么大的车，这么高的离地间隙，本身在操控方面要求就不能太高，然而坦克的底盘调教的让这么大的车的操控性给驾驶人一种惊艳的，这是值得称道的地方，而且在我平常的使用中，磨合的我越来越默契，驾驶的感觉越来越顺畅；,,
"
    发表于  2023-03    

            
    
    
",作为紧凑型越野车来讲前后排空间非常OK，我183座前后排毫无压力。最大的问题是后备箱空间，如果想长途自驾游放不了太多东西。如果想睡在车里也基本不可能，后排座椅放倒之后我躺在里面半条腿都在外面。,https://image1.xcarimg.com/attachments/my/1/93/31/531_120.jpg,xuser1943153,支柱会员,4.88,外观,5,内饰,5,空间,5,舒适,4,油耗,5,动力,5,操控,5,性价比,5,购入信息,爱车车型,https://newcar.xcar.com.cn/m66869/,2023款坦克300越野版 2.0T 征服者,购入时间,2023-03-01,购车地点, [河北省],裸车价格,21.58万  (厂商指导价 21.58万),当前油耗,13L/100km,购入用途,上班,接送小孩,,爱车简评,这款车外观非常大气，加之智能科技配置于一身，这个价格在越野车里面又非常亲民，性价比非常高，每个男人心中都有一个越野梦，这款车可以让我轻松实现我的越野梦。,爱车评价,实拍图片,https://img1.xcarimg.com//review/20230321/ddc0176d5dd9b88263ef33e6e5f7fb38.jpg-169x127.jpg,https://img1.xcarimg.com//review/20230321/16388f61360921e39eeef440af3ada2e.jpg-169x127.jpg,https://img1.xcarimg.com//review/20230321/b3bb43bda0f6a17de354bd893024d1bd.jpg-169x127.jpg,https://img1.xcarimg.com//review/20230321/2d39c3cc4298c0f7f0f9e80417e4b94b.jpg-169x127.jpg,https://img1.xcarimg.com//review/20230321/54a0c724e7a0f732e9006eba9add2389.jpg-169x127.jpg,https://img1.xcarimg.com//review/20230321/e33da7f06ce5848b5fad0afb1f5bfc46.jpg-169x127.jpg,[最满意],最满意的就是复古的硬派越野车气质！圆灯，前后锁，非承载式车身，20多万！同价格区间里只想问一句还有sei?开着它就是整条街上最亮的仔！前提是这个车没有烂大街！希望各位老铁们不喜欢越野文化，想买一台代步车就别买坦克了，真的不适合你们！买城市suv就得了！拜托大家！,[不满意],不满意的地方是有的！首先顶配车型副驾驶座椅高低不可调，不爽！其次方向盘加热没有实体按键，东北零下二十度的天气里刚起车车机系统不流畅，开方向盘加热略显费劲！最后坦克300预留了拖车电源接口和拖车钩接口，但并没有准拖质量。意味着如果你真的拖着一个拖车行驶在路上，就意味着随时会被交警查水表。,[外观],外观必须满分！复古方盒子造型目前在国内可以买到的车型不多，大G、吉姆尼啥的对于我来说都不便宜。30万以内想买新车，只有坦克300。复古圆灯，直楞直角的线条，带大梁，拿捏我们这群人的小心思真的是不要不要的。期待未来各大改装品牌推出更具个性的套件，套用那句话，坦克不改不如推下海！,[内饰],神似奔驰的内饰设计，内饰豪华感让家里领导感到震惊。空调旋钮一拧咔哒咔哒的声音非常有质感。仪表板缝线加上软搪塑包覆，真的不像一台硬派越野车的内饰。完完全全对得起wey品牌豪华车的定位！另外各种拓展接口也是非常非常多，满足越野生活的用电需求无压力。,[空间],[舒适],[油耗],舒适的评分需要建立在这先是一台硬派越野车，后是豪华品牌车型的基础上来的。实话讲，这台车对于NVH已经考虑的非常到位了。无奈这是一台即将要奔赴祖国广袤大地的越野车，AT胎、2寸升高、涉水吼安装后必将降低坦克300的舒适性。还是那句话，想野想要范儿，将会离舒适二字越来越远！,自主2.0发动机加采埃孚8AT变速箱，油耗上还是比较挣扎的！越野车就不要谈油耗了，随便一趟自驾游油钱都不会便宜。高高的姿态加上方正的造型，百公里13升左右的心理预期是要有的。,[动力],给四颗星是因为期待未来3.0T和柴油机。2.0t的动力肯定没问题，百公里加速10秒内，比霸道那是强多了。我买之前其实对动力是有一定的心理建设的，硬派越野车就不要追求动力了，想要硬派气质又想要动力的请准备好钱包，G63了解一下。,[性价比],这台车性价比是真的不错，要不然也不可能卖得这么好，对不对？我觉得反正是很优秀的。,[操控],硬派越野车操控我也没啥太大期待，毕竟物理结构就决定了这台车在操控方面不会有太大建树。我只期待坦克300的质量可以稳定耐用一些，毕竟谁也不想三天两头就进修理厂。,,
"
    发表于  2023-03    

            
    
    
",我先前开的都是小车，这车对我来说就是大大滴了！ 乘坐空间：前排非常可以，座椅比我老婆的奔驰GLB200要柔软舒适许多。后排比够用要强一点点，准确的说用比较够用来形容贴切一些，我1.76米的个子，大约3个拳头的距离。 后备厢容积：这容积对比我卖出去（卖的两乘车，加一点换的这个），雷克萨斯CT200和英菲尼迪ESQ的后备箱要大很多。比奔驰GLB200第三排放倒后的容积要大。,https://image1.xcarimg.com/attachments/my/1/94/57/113_120.jpg,xuser1955711,三星会员,4.75,外观,5,内饰,5,空间,5,舒适,4,油耗,4,动力,5,操控,5,性价比,5,购入信息,爱车车型,https://newcar.xcar.com.cn/m66871/,2023款坦克300城市版 2.0T 很有型,购入时间,2023-01-01,购车地点, [河北省],裸车价格,22万  (厂商指导价 22.30万),当前油耗,9L/100km,购入用途,上班,,,爱车简评,外观颜值是很多人喜欢坦克300的主要因素吧，除了硬派的越野系列外，坦克300也有很多丰富配色的城市版,爱车评价,实拍图片,https://img1.xcarimg.com//review/20230309/968bd7bcd9a035d21e3404582fe4fb6f.png-169x127.jpg,https://img1.xcarimg.com//review/20230309/b2ccb20561299c233c9f2b95e101c354.png-169x127.jpg,https://img1.xcarimg.com//review/20230309/e7cce35940072a5044baf5f40af7b70f.png-169x127.jpg,https://img1.xcarimg.com//review/20230309/f8f087c4dd2d5f6aca4d1b18c1b8327f.png-169x127.jpg,https://img1.xcarimg.com//review/20230309/189893142b34ff1e8bd8d627c2a58b97.png-169x127.jpg,,[最满意],外观，颜色、威武霸气，国产的传奇！我本来定的是smatr精灵1号，说实话这车好看，也不错。但是，订车顺序不透明，加上最近电车着火的新闻层出不穷，有点吓到了。最关键的是，那个群里小姐姐太多，不大好把持住，都说男孩子在外面安全第一，于是把指标卖了。月头在酒桌子上抱怨要是有台坦克300猛男粉能立即提，立马卖了旧车全款搞。于是，我老哥就安排了。9月25号晚上销售打我电话，要我26提车，我以为是骗子，幸亏说了是林总交代的，差点挂了电话。再然后，26号就去提了。,[不满意],目前发现一个问题，副驾驶安全带卡扣不停敲立柱，好吵人。准备某宝找一下，看能不能解决。,[外观],外观估计是这个车最大的卖点，我也是被外观搞得入坑的，。方方正正，有带一点圆润，复古中有一丝不羁的狂野。看哪哪都好看，唯一的缺点就是轮胎不够大，已经安排换锻造的21寸，换成静音胎，估计颜值和静音效果又会提升。 车身做工：做工很不错，没有什么歪瓜裂枣的地方。我找了一下，没有挑出毛病。,[内饰],内饰就我而言，已经算是非常高级了，用料比我老婆的奔驰GLB要好得多，到处是皮子。仪表台那里，不知道是什么材料，感觉很高级的样子。总之，我这次支国货算是没有错的，真不是原来的国货了，家里最便宜的车就是这一台，但是是我外观内饰动力最喜欢的。而且，在武汉没有几台，在路上都是被人观看的那种。,[空间],,[油耗],,油耗就不谈了，谈起来伤心，买这车就没有指望节油。喜欢就是了。,[动力],电车我开过，那加速肯定比这个猛。但是，就油车而言，这车加速还可以，给油就走，很灵活。就是我一是习惯慢慢悠悠开，二是，给油速度是起来了，油耗就上去了，不敢玩命踩。今天去了机场接人，20公里高速，110码妥妥的轻松。其它的场景目前没有经理，以后补充。,[性价比],性价比这个东西看怎么说，要按照这车堆得料，那真是超值。 购车优惠：1000元优惠，送了或者说是出厂就有流媒体后视镜，这东西不错。,,,,
"
    发表于  2023-03    

      
        
    
    
",坦克300车内空间非常宽敞，虽然是紧凑型越野，但整个车内空间是我试驾过几款同级别里最宽敞的。整车轴距2750mm，后排空间的表现也非常不错。最后面是一个方方正正的后备箱，侧开门的设计方便搬运大件的行李装备，实用性非常出色。,https://image1.xcarimg.com/attachments/my/1/94/57/112_120.jpg,xuser1955711,三星会员,4.38,外观,4,内饰,5,空间,5,舒适,5,油耗,4,动力,4,操控,4,性价比,4,购入信息,爱车车型,https://newcar.xcar.com.cn/m66871/,2023款坦克300城市版 2.0T 很有型,购入时间,2023-01-01,购车地点, [河南省],裸车价格,22万  (厂商指导价 22.30万),当前油耗,9L/100km,购入用途,上班,,,爱车简评,外观很有回头率，开出门都说我的车外观好看。车子比较大，四个轮毂设计也很霸气，带上前脸以及尾部的设计整体看起来非常威武,爱车评价,实拍图片,https://img1.xcarimg.com//review/20230309/0e1f332a26827315b9f074d436571068.png-169x127.jpg,https://img1.xcarimg.com//review/20230309/50948884d0e6387de99c4e063aca64ce.png-169x127.jpg,https://img1.xcarimg.com//review/20230309/49fb006561855e2e2922c72071c9ec81.png-169x127.jpg,https://img1.xcarimg.com//review/20230309/5cc3b2ea2bc73d6c7918191b0f3b27aa.png-169x127.jpg,https://img1.xcarimg.com//review/20230309/9b8ece2b68c6e3b92302cfcd6d3c268c.png-169x127.jpg,,[最满意],每个大男孩应该都有一个越野梦吧，我也不例外。不过在当前百花齐放的越野车品牌中，想要找到一个适合自己的爱车是真的不容易，我花了差不多一个月的时间，最终等到了新出的坦克300征服者！满足了我对梦想座驾的所有需求，而且价格也很打动人，这个级别、这个配置的硬派越野，坦克300我觉得无人能敌了。,[不满意],虽然坦克300优点很多，但不可否认还是有许多需要提升和改进的地方。比如车机系统的智能化和易用性、座椅按摩的力度太小、城市通勤油耗高太高。尤其是车机系统，UI老土、操作复杂，还好有carplay能使用，不然这个车机真的太难受了。,[外观],外观颜值是很多人喜欢坦克300的主要因素吧，除了硬派的越野系列外，坦克300也有很多丰富配色的城市版，比如之前推出的赛博坦克、枫林铁骑等个性版本，很多女生都疯狂迷恋。不过我主要是为了外出越野撒欢，所以直接选了越野版的征服者，目前已经完成了部分配件的改装工作，后面准备再慢慢做个性改装，一步一步打造一个专属于自己的小坦克。,[内饰],坦克300内饰属于是硬朗中又带有强烈的科技感，首先是家族式的空调出风口设计，很硬派也很有立体感，然后又采用了大屏幕的液晶仪表盘，把整车的科技感拉满。另外还配了64色的氛围灯，晚上开车打开氛围的气氛瞬间变得很科幻，这个内饰我是疯狂爱上了。另外座椅征服者版本全车真皮座椅，皮实耐用，不过座椅的填充偏硬，可能是专为越野打造，高速跑长途时间久了会觉得有点不舒服，同时虽然有座椅按摩，但力度真的有点小。,[空间],,[油耗],,油耗目前在城市通勤大概在10个油左右，我个人觉得还比较能接受，反正也是喝的92不心疼。如果是出去跑山路、隔壁、沙漠加上部分高速路段，油耗大概会到13个油左右，也在我的接受范围内。不过如果坦克300以后考虑推出一个新能源混动车型，应该又能吸引不少目标用户关注。现在系能源也是大趋势，而且很多城市人群都长时间在城市工作，只有偶尔有时间能出去撒野。如果在城市用电、外出越野用油，这样既环保又经济，所以期待官方能看到这段话赶紧安排。,[动力],作为硬派越野车型，坐姿很高视野非常好，2.0T的动力也游刃有余了，底盘扎实、加速平顺、转向也很丝滑。带前后桥差速锁，各种山地、溪流、隔壁路段都能轻松驾驭，目前已经穿梭过溪流、川西的高海拔草原、雨天穿越森林的泥泞路段，总体表现非常满意。不过坦克300这个座椅海绵偏硬，长途驾驶的舒适性很难保证，不过我在这方面接受度比较高，本来就是冲着越野性能买它的，所以目前来说非常满意。,[性价比],性价比我个人认为在同价位里面，很难找到跟坦克300旗鼓相当的对手了，不论是外观颜值、动力配置、越野性能、内饰质感，各个维度都很平衡几乎没有太大短板。不过现在去订车都得排队，想要快点提车，你知道该怎么做吧，哈哈哈。,,,,
"
    发表于  2023-03    

            
    
    
",坦克300的空间比例挺大，我最享受的还是它的后排，坐着还可以翘二郎腿，顶部的间隔也很开，坐在里面都没有什么压抑感。出去自驾游的时候还可以买一个后排充气床，开累了还可以在后排躺着，适当休息一会。,https://image1.xcarimg.com/attachments/my/1/94/57/110_120.jpg,xuser1955711,用户被禁止发言,4.13,外观,5,内饰,4,空间,4,舒适,4,油耗,4,动力,4,操控,4,性价比,4,购入信息,爱车车型,https://newcar.xcar.com.cn/m66870/,2023款坦克300城市版 2.0T 我看型,购入时间,2023-01-01,购车地点, [广东省],裸车价格,21万  (厂商指导价 20.30万),当前油耗,9L/100km,购入用途,上班,,,爱车简评,坐在里面会觉得比较软吧，然后这个车里面的内饰也还算是比较新颖的，按钮的设计，包括一些布局还是比较合理的。还非常喜欢这个车的内饰的用料，因为摸上去就能够感觉得到是比较好的材料,爱车评价,实拍图片,https://img1.xcarimg.com//review/20230309/8dd6269cf28af62d2496c0f21f4c36ed.png-169x127.jpg,https://img1.xcarimg.com//review/20230309/fb58622c6eb04957b4d6fa63c1f6b1ef.png-169x127.jpg,https://img1.xcarimg.com//review/20230309/899683c895c230d3c73ffc1889e84afb.png-169x127.jpg,https://img1.xcarimg.com//review/20230309/d9b2c95b842531a7043ff25f0149e50f.png-169x127.jpg,https://img1.xcarimg.com//review/20230309/ff787c36b4ef65e6bf735b6765e16c96.png-169x127.jpg,,[最满意],用车肯定是最满意坦克300的外观，怎么看怎么谁喜欢，是外在设计就很有运动感，车身的颜色也亮，造型上也是很硬朗，车门厚重结实，开着很有安全感。整车的舒适性也是相当好，悬架减震效果不错，开着不平整的路段没有太大的颠簸感，底盘高也是很有优势，过坑洼路段时不会磕到底盘。动力是最后一方面了，整车本来块头有点大，起步上对动力没有太大影响，起步迅速，换挡也是平顺性很好，开着稳稳的。,[不满意],内饰还可以在改进下，颜色多设计几种，这样看起来时尚一点，而且搭配起来好看。,[外观],外观很有回头率，开出门都说我的车外观好看。车子比较大，四个轮毂设计也很霸气，带上前脸以及尾部的设计整体看起来非常威武，经常在外有人质询我的车价格方面以及油耗，都说颜值高，开着霸气。,[内饰],内饰我觉得还可以再大胆一点，车里的颜色可以多设计几种，更加有辨识度一点。出风口的设计还是挺有时尚感，炮筒式的设计，而且不带两边，光中间就有三个出风口，现在虽然是感受不到制冷的效果，明年夏天的时候是肯定能体验到的。车内的顶部天窗也很大气，开着很通透的感觉，车内的采光度也高。氛围灯尤其是温馨感满满的，颜色也多，切换起来很简单，夜间车内就是看着都觉得舒服。,[空间],,[油耗],,油耗中规中矩的，跟驾驶也是有很大的关系，轻踩慢放，油耗就要低一点，特别多跑高速肯定是要省油多。,[动力],整车的动力非常的棒，一般市区开着也是比较轻松，跑高速的时候可以感受澎湃的动力，运动模式开启，加速的推背感非常的强烈，而且超车的时候也没有任何压力。,[性价比],坦克300的性价比还可以，我买觉得还是挺值的，价格也很实惠，功能配置比较多。说到品牌质量方面也是可以完全信赖的，长城怎么说也是国产中数一数二的牌子了，一直以来的口碑也是非常不错，对质量方面也是把控的很好安全系数又高，自己开着都很放心。,,,,
"
    发表于  2023-03    

      
        
    
    
",还是蛮喜欢坐在后排的，就是因为空间大会觉得坐在里面宽敞，坐在后面很开阔，很舒服的。平常我开这个车的时候，大家都挺愿意坐在我的后面的，都觉得坐在后面比较舒服，比较自在，然后这个时候我觉得心里还是挺开心的，因为我觉得自己的选择得到了别人的认可，而且我平时不开车的时候，我也喜欢坐在后排，因为我觉得坐在后排很宽敞，从来都不会有压抑的感觉，坐在后面会觉得很舒服，反正开车挺累的，坐在后面休息睡觉，反正就是挺爽的事情，所以空间大真的会给自己带来太多的方便了。,https://image1.xcarimg.com/attachments/my/1/94/57/108_120.jpg,xuser1955710,三星会员,4.63,外观,5,内饰,4,空间,5,舒适,5,油耗,5,动力,5,操控,4,性价比,4,购入信息,爱车车型,https://newcar.xcar.com.cn/m66870/,2023款坦克300城市版 2.0T 我看型,购入时间,2023-01-01,购车地点, [河北省],裸车价格,22万  (厂商指导价 20.30万),当前油耗,8L/100km,购入用途,上班,,,爱车简评,车身的颜色也亮，造型上也是很硬朗，车门厚重结实，开着很有安全感。整车的舒适性也是相当好，悬架减震效果不错，开着不平整的路段没有太大的颠簸感,爱车评价,,,,,,,,[最满意],外观的造型还是比较大气的，我觉得看起来是比较时尚的。,[不满意],没有什么特别不满意的吧，我觉得我看到的这个车基本上都是优点。当时买这个车的时候，我真的压根儿一点后悔的意思都没有，因为我觉得这个车给了自己非常大的信心，反正自己就是比较钟爱于这款车。,[外观],我个人还是挺喜欢这种外观的设计，反正我觉得外观设计比较符合自己心目中的要求，外观的颜色要是再多一些就更完美了。,[内饰],座椅的设计还是可以的，坐在里面会觉得比较软吧，然后这个车里面的内饰也还算是比较新颖的，按钮的设计，包括一些布局还是比较合理的。还非常喜欢这个车的内饰的用料，因为摸上去就能够感觉得到是比较好的材料，所以对于这种内饰，我想大家都会是比较看好的吧。,[空间],,[油耗],,开这个车的时候，反正从来都没有觉得这个车的油耗高过，一直都和自己想象中的是差不多的，所以平常开这个车的话，不必太担心，放心大胆的开就行了。,[动力],刚开始开这个车的时候还是有些担心的，因为我觉得这个车比较大然后开起来可能没有那么好操作，但实际上跟自己想象中的是不一样的。开起来会觉得视野开阔，然后操作起来也方便顺手。还有这个车的提速也是比较给力的，不管是前期的提速还是后期的提速，我觉得爆发力都是很强的，这样开起来就会觉得很舒服，很自在吧，反正我现在开这个车开习惯了，开时间长了再让我去看其他的车，我反而会觉得不太习惯。然后我觉得这个车的驾驶感受真的和自己想象中的是一模一样，压根儿开起来一点压力都没有。,[性价比],当时买车的时候其实也对比了很多品牌的，但是对于来对比去可能还是觉得这个品牌是最适合自己的，所以我就没有考虑太多，直接选了自己觉得合适的车。当然我当时买的时候也有很多人都劝我，说这个品牌没有那么好。到最后还是自己比较喜欢这个车，所以我就直接买了。,,,,
"
    发表于  2022-09    

      
        
    
    
",前排非常可以，座椅比我老婆的奔驰GLB200要柔软舒适许多。后排比够用要强一点点，准确的说用比较够用来形容贴切一些，我1.76米的个子，大约3个拳头的距离。,https://image1.xcarimg.com/attachments/my/0/40/77/270_120.jpg,taotao19701,实习版主,4.63,外观,5,内饰,5,空间,4,舒适,5,油耗,3,动力,5,操控,5,性价比,5,购入信息,爱车车型,https://newcar.xcar.com.cn/m61702/,2021款坦克300城市版 2.0T 很有型,购入时间,2022-09-01,购车地点, [湖北省],裸车价格,22.2万  (厂商指导价 22.00万),当前油耗,16.5L/100km,购入用途,上班,购物,自驾游,爱车简评,观估计是这个车最大卖点，我也是被外观搞的入坑的。方方正正又带一点圆润，复古中透漏一丝不羁和狂野。看哪哪都好看。唯一缺点就是轮胎不够大，已经安排换锻造21寸，再换成静音胎，估计颜值和静音效果又会提升。,爱车评价,实拍图片,https://img1.xcarimg.com//review/20220930/8a41ef3f959ad9cb3fcf9362d605420a.jpg-169x127.jpg,https://img1.xcarimg.com//review/20220930/b23f03bfe28b67331c13bc71ddccf6bf.jpg-169x127.jpg,https://img1.xcarimg.com//review/20220930/37c9beae09319ef1444e8b5df3663f68.jpg-169x127.jpg,https://img1.xcarimg.com//review/20220930/b5073ab8cb9c295e3387df4950cb53a5.jpg-169x127.jpg,https://img1.xcarimg.com//review/20220930/57cd6e88a06c4eb9ca494902b8181925.jpg-169x127.jpg,https://img1.xcarimg.com//review/20220930/d8f3f8c875584f8681c918e28c308707.jpg-169x127.jpg,[最满意],观估计是这个车最大卖点，我也是被外观搞的入坑的。方方正正又带一点圆润，复古中透漏一丝不羁和狂野。看哪哪都好看。唯一缺点就是轮胎不够大，已经安排换锻造21寸，再换成静音胎，估计颜值和静音效果又会提升。,[不满意],目前发现1个问题，副驾驶安全带卡扣不停敲立柱，好吵人。准备某宝找找，看能不能解决。,[外观],不能再满意了，这个在最满意里已经表述清楚了，这里就不再赘述。反正停在街边就是各种围观。,,,[空间],[舒适],[油耗],昨天去机场接人，跑了30公里，机场高速大约20公里不到的样子，经过减速带，也有坑坑，减速带那是一压而过，非常细碎的颠簸，可以说没有感觉就过去了。这是我比较满意的。我开过的车，路过机场不少次，这次的感觉最好。再就是，出奇的安静，过了80码，最多一点风噪，感觉非常好。座椅主驾驶还是很柔软的。,买这车，我就没有考虑油耗的问题，喜欢就行了。现在大约平均16.5这个油耗，这是跑了一段高速下来的，跑高速之前大约是18升。磨合过后，应该可以控制在15以下。,[动力],电车我开过，那提速肯定比这个猛。但是，就油车而言，这车提速还可以，给油就走，非常灵活。就是我是习惯慢慢悠悠开的那种性格。但是，只要你肯给油（运动模式）速度是起的来的，给油就飞起。今天去机场接人，20公里高速，110码妥妥的轻松。其它的场景目前没经历，以后补充。,[性价比],性价比这个东西看怎么说，要按照这车堆的料，那肯定是超值。 下面是一堆乱七八糟顺序的照片，有改装前的，有提车时的。各位看官马虎看一下。,[操控],转向清晰度还可以，也能指哪打哪。但是跟轿车比，那就差点意思。不过相对而言，我试驾过的城市SUV和他比，城市版应该算中流偏上的操控。,,
"
    发表于  2022-04    

            
    
    
",空间一家4口 平时就带两个孩子右边一个安全座椅，也还算富裕，后备箱不常用 毕竟我90%时间后备箱都是空着的，不出远门不在车上放东西。,https://image1.xcarimg.com/attachments/my/1/89/35/988_120.jpg,xuser1903598,青铜长老,5.00,外观,5,内饰,5,空间,5,舒适,5,油耗,5,动力,5,操控,5,性价比,5,购入信息,爱车车型,https://newcar.xcar.com.cn/m60164/,2021款坦克3002.0T 风林铁骑,购入时间,2021-12-01,购车地点, [辽宁省],裸车价格,27.08万  (厂商指导价 27.08万),当前油耗,11.5L/100km,爱车简评,,,,爱车简评,坦克300的原因是它外观非常的豪迈大气，也能够带给我一切想要的驾驶体验，无论是生活买菜、上班代步，还是想要追求运动的时候那些越野的驾驶乐趣，它都能满足,爱车评价,实拍图片,https://img1.xcarimg.com//review/20220428/50dbade9cee04e6e21659f307e6a4ad6.png-169x127.jpg,https://img1.xcarimg.com//review/20220428/aae4c9aee7bada8f3ebcf2d05f8fce38.png-169x127.jpg,https://img1.xcarimg.com//review/20220428/8fbaa31cb31451949bf66d1361a74acc.png-169x127.jpg,,,,[最满意],外观骚气，性能在同价位级别里无敌！静音效果棒，有很多改装的空间！,[不满意],后备箱确实是有点小，平常又得拉装备，两个人的行李就塞满了，三个人的行李放着都得劲，小毛病也有，比如说左后车门一颠就咯吱咯吱响，尾门稍微颠簸路走一走就打不开了得研究好一会才能打开,[外观],外观非常好看回头率很高，方盒子造型非常经典。,[内饰],内饰整体风格偏豪华，软性材料包裹覆盖件较多，而且新车基本没什么特别刺鼻的味道，氛围灯在夜间非常漂亮很显情调，,[空间],[舒适],[油耗],座椅非常舒适柔软纳帕真皮包裹性也非常好。,城市道路油耗十三四个吧，高速油耗九点多，一万多公里现在综合油耗十一个。,[动力],坦克300开起来的感觉挺不错的，发动机输出给力，油门响应及时，无论我在什么时候踩油门，它都能很快的给出动作，加速度很快，2.0T的动力不是盖的，完全秒杀我以前开过的1.5、1.8排量的车。,[性价比],我觉得在越野车圈子里，这个越野性能来讲，性价比无敌，基本没有竞品,[操控],我感觉这个车对新手来讲开着挺友好的，开起来挺轻松的，很灵活，车队出去玩的时候自动驾驶很好用。,,
"
    发表于  2022-04    

            
    
    
",这台坦克300就差点了，车内宽度不足，长度也不太行，坐4个人可以舒服，坐5个人难受！后备厢容积也就只能是刚够用而已。,https://image1.xcarimg.com/attachments/my/1/89/35/991_120.jpg,xuser1903599,青铜长老,4.88,外观,5,内饰,5,空间,4,舒适,5,油耗,5,动力,5,操控,5,性价比,5,购入信息,爱车车型,https://newcar.xcar.com.cn/m60164/,2021款坦克3002.0T 风林铁骑,购入时间,2021-11-01,购车地点, [江西省],裸车价格,27.08万  (厂商指导价 27.08万),当前油耗,11L/100km,爱车简评,,,,爱车简评,非常帅气的造型，实惠的价格。配置也都十分齐全了，性价比超高。,爱车评价,实拍图片,https://img1.xcarimg.com//review/20220428/685851cb060e4bf6751772fefa39bef5.png-169x127.jpg,https://img1.xcarimg.com//review/20220428/37b4412c81bb6e53328a39fd88bca099.png-169x127.jpg,https://img1.xcarimg.com//review/20220428/d9702e4f54a389fea4e1d781d77167e1.png-169x127.jpg,https://img1.xcarimg.com//review/20220428/b9d982016553ce7c69d83338398e12ef.png-169x127.jpg,,,[最满意],自己对坦克300这款车的满意是很高了，这款车的外观非常的能够抓住人，我本身就是90后，对追求时尚还是有自己的标准的，再配上上这款车出色的动力性能，让我日常的驾驶都能时刻充满运动的激情。,[不满意],不满意的就是车子的胎噪是比较明显的了，其实在市区里面的影响还不算太大，但是上了高速之后就变得明显多了，如果这点能够改善，那这款车就会更加的完美了。,[外观],这外观绝对是好看的，帅气的！买它也是冲着外观去的，特别是黑色，黑武士，好看！,[内饰],中规中矩，谈不上豪华也没有到处的硬塑料。,[空间],[舒适],[油耗],坦克300在这方面表现让我特别惊喜，无论是底盘的稳定性还是车内的隔音效果都特别优秀，行驶质感非常高级。,车子还是挺吃油的吧，现在已经是11个油左右了，我看这个架势是要突破12个了。,[动力],坦克300的车身重量超过了两吨，2.0T的发动机想要有多么迅猛的提速体验肯定不可能。但是它的油门响应很积极，在市区里面驾驶，开起来不会感觉到是一辆这么重的SUV，动力还是非常轻快的。高速上，动力输出也一直很持续，不会出现明显的衰减和疲软。,[性价比],这个价格我觉得很可以，其它几个同价位的竞争车型，要么动力弱鸡，要么觉得有点丑，当然了，情人眼里出西施，自己喜欢就好,[操控],如果喜欢越野坦克300强大的性能，它不会让人失望。但是如果想要体验日常的驾驶乐趣，坦克300乏善可陈。不过这也是众多硬派SUV都存在的问题，可谓是鱼和熊掌不可兼得。,,
"
    发表于  2022-04    

            
    
    
",空间、后备厢、车内储物、都很OK，我还贴了很多装饰心疼.,https://image1.xcarimg.com/attachments/my/1/89/35/997_120.jpg,xuser1903599,青铜长老,5.00,外观,5,内饰,5,空间,5,舒适,5,油耗,5,动力,5,操控,5,性价比,5,购入信息,爱车车型,https://newcar.xcar.com.cn/m60164/,2021款坦克3002.0T 风林铁骑,购入时间,2021-12-01,购车地点, [山西省],裸车价格,27.08万  (厂商指导价 27.08万),当前油耗,11.5L/100km,爱车简评,,,,爱车简评,外观骚气，可玩性强，日常通勤方便，改装后霸气侧漏，网红车哈哈!,爱车评价,实拍图片,https://img1.xcarimg.com//review/20220428/9f9886d2a9c518819d01f0a1b858d0df.png-169x127.jpg,https://img1.xcarimg.com//review/20220428/9e9fe7a989a6a9bcbaecde4010761197.png-169x127.jpg,https://img1.xcarimg.com//review/20220428/2972307b3a802c92cab6642c2b1d14ab.png-169x127.jpg,https://img1.xcarimg.com//review/20220428/0bb078c7597c6f96f7bbb8ad1608cb70.png-169x127.jpg,,,[最满意],最满意的就是座椅的整体感受，整体协调，内饰空间还算宽敞， （毕竟牺牲了后备箱容积）比同级别的用料足，价格便宜，舒适度比某马好多了，2.0的发动机动力挺充沛，车内隔音也挺好的，回头率超高，老是被别人拦下来研究一番，油耗也不是那么太大（同级别排量车型对比）发动机仓看上去规整，看上去舒适，发动机无论是启动和运转在车内也基本听不到，车辆很多地方给后期车主预留了很多的改装空间。,[不满意],支持国民品牌，希望不足的硬件和一些小问题最后长城WEY能做好跟进.,[外观],霸气侧漏的外观，透入着一股骚风的它，改装后将是最靓的仔.,[内饰],内饰用料很足，就是细节做工有待改善提高，方向盘可以做大点。还是挺满意的，目前就这样，想要的抓紧入手。,[空间],[舒适],[油耗],这个级别的车，舒适和静音效果来说的话，应该是目前再无对手.,"目前行驶4200公里，总体还算在预期的范围内,",[动力],非常棒，横冲直撞，不畏惧石头、等路段。可以带我去任何想要的地方.,[性价比],不愧是网红车，各类指标下来，同级别同价位的车无论是性能还是舒适度来说，坦克300是最高系列,[操控],整理操控OK，方向盘虚位比其他车多了一丢丢！四驱性能妥妥的，刹车浅卡钳要是能配个小四活塞就完美了哈哈.,,
"
    发表于  2022-04    

            
    
    
",后排乘坐空间相当舒适，后排中央地板基本纯平，坐三个人没压力，后备厢容积后备箱略显局促，只能说够用，如果满载长途自驾就不够用了，家人乘坐评价，家五口出行完全没压力，后排头部空间采用偷空处理，非常宽敞。,https://image1.xcarimg.com/attachments/my/1/89/35/999_120.jpg,xuser1903599,青铜长老,4.88,外观,5,内饰,4,空间,5,舒适,5,油耗,5,动力,5,操控,5,性价比,5,购入信息,爱车车型,https://newcar.xcar.com.cn/m60164/,2021款坦克3002.0T 风林铁骑,购入时间,2021-11-01,购车地点, [辽宁省],裸车价格,27.08万  (厂商指导价 27.08万),当前油耗,12L/100km,爱车简评,,,,爱车简评,去年本来准备入手混动英斯派，也想过买H9，但300一出，立马着迷，后面一直关注，到订车，提车,爱车评价,实拍图片,https://img1.xcarimg.com//review/20220428/c0117ac6b75dbacae9c8d04ffa1ce699.png-169x127.jpg,https://img1.xcarimg.com//review/20220428/34de7a46440e310c7a65e1c912a9fd44.png-169x127.jpg,https://img1.xcarimg.com//review/20220428/bd0fd042d517534a227237541f5af48c.png-169x127.jpg,https://img1.xcarimg.com//review/20220428/4445e6cd0940e3ad8b02a23f4ba0a585.png-169x127.jpg,,,[最满意],最满意的外观及动力操控吧，空间也够用了，隔音效果不错，音响我觉得也挺好的，自己平时就是上下班开开，偶尔出去短途转转，还有就是新上市的车型，开在马路上总能吸引目光！,[不满意],不满意的，中控没事实体按键，空调用着有点繁琐。,[外观],车灯还不够亮，目前应用还行，后期打算改亮一点的车灯。,[内饰],内饰不错，有多色氛围灯可调。很像奔驰内饰。车内门把手铆钉外露，有新卫士元素。,[空间],[舒适],[油耗],对于硬派越野，这真是比起其他硬派是要舒适。,油耗暂时没仔细看，现在估计综合12左右。以后多观察观察。,[动力],动力表现非常优秀，换挡逻辑性非常好，感觉不到车辆升挡与降挡的动作，毕竟是采埃孚8at。,[性价比],性价比超高，值得拥有。,[操控],方向盘非常轻盈，完全感觉不到是在驾驶一辆硬派越野，刹车踏板非常线性，前段出力比较让人有自信，后段略显脚感偏硬，方向盘助力3档可调，非常好用。刹车也够用。,,
"
    发表于  2022-04    

            
    
    
",充足的空间让我们一家人坐在车里都不会有憋屈的感觉，前排驾驶位置的坐姿很高，提高了很充足的驾驶视野，后备箱也是够用的，一家人出去玩带点吃的喝的都很方便。,https://image1.xcarimg.com/attachments/my/1/89/36/000_120.jpg,xuser1903600,青铜长老,5.00,外观,5,内饰,5,空间,5,舒适,5,油耗,5,动力,5,操控,5,性价比,5,购入信息,爱车车型,https://newcar.xcar.com.cn/m60164/,2021款坦克3002.0T 风林铁骑,购入时间,2021-12-01,购车地点, [黑龙江省],裸车价格,27.08万  (厂商指导价 27.08万),当前油耗,13L/100km,爱车简评,,,,爱车简评,坦克300这款车给我的感觉就是属于网红车，开在街上回头率都是杠杠的，而且这个价位不算高，养车的成本也能接受，开起来很有乐趣，这个价格很值了,爱车评价,实拍图片,https://img1.xcarimg.com//review/20220428/0e957a7320284b9bb199079396437ea2.png-169x127.jpg,https://img1.xcarimg.com//review/20220428/c75b2c959d8e1b6445a00381bfbb7a0e.png-169x127.jpg,https://img1.xcarimg.com//review/20220428/7a0e053870ec9bdf20f5f7b664dfbddb.png-169x127.jpg,https://img1.xcarimg.com//review/20220428/b683b94b6874aafa498f5ed02775259b.png-169x127.jpg,https://img1.xcarimg.com//review/20220428/96c66f04c9f5c7c9a5e8fd3cdc6a6d83.png-169x127.jpg,,[最满意],整个车的驾驶行驶品质不错。油耗也能接受，后期官方改装在丰富点。,[不满意],等车时间太长。,[外观],可以说是圆了我的越野车梦。小时候舅舅家有一辆软顶北京吉普，就喜欢在车上玩。长大后喜欢牧马人但是价格让人却步。BJ40又太硬派了，适合纯玩不适合家用，而且对于前脸无爱。坦克300外观硬派，同时选了心想事橙的颜色，也很个性，前脸复古又带有科技感，非常满意。,[内饰],内饰的设计看的出来是很用心了的，没有很廉价的感觉，和我预想的差距没有太大。,[空间],[舒适],[油耗],舒适性真的不错，比丰田霸道。三菱帕杰罗都好。牧马人更不是对手了。,准确说超出预期。在买车前就做好了思想准备，毕竟2.1吨的车子不可能省油，何况四方四正的造型肯定风阻大，预期是综合油耗在15以内。实际现在已经14.8了，还有不少下降空间。,[动力],动力也是刚好够用，平顺性不错，就是1400转时有共震嗡嗡响，暂时还没去爬坡就先不作评论，等爬过了再追加感受。,[性价比],总体感觉挺好开的！价格能接受，就是油耗不能接受。,[操控],挺灵敏的，驾驶起来挺好开的，可以可以。,,
"
    发表于  2022-04    

            
    
    
",前排后排空间都不错，车也长，后备箱略微小一点点。乘坐和储物空间都相当给力，后排可以放成全平状态，我1.73米的身高睡在后面完全没有问题，实用性超强。,https://image1.xcarimg.com/attachments/my/1/89/36/001_120.jpg,xuser1903600,青铜长老,4.75,外观,5,内饰,5,空间,5,舒适,4,油耗,5,动力,5,操控,4,性价比,5,购入信息,爱车车型,https://newcar.xcar.com.cn/m60164/,2021款坦克3002.0T 风林铁骑,购入时间,2021-11-01,购车地点, [山东省],裸车价格,27.08万  (厂商指导价 27.08万),当前油耗,12L/100km,爱车简评,,,,爱车简评,比较强大的越野能力，与亲民的价格，让我能够用低廉的价格享受越野的魅力！,爱车评价,实拍图片,https://img1.xcarimg.com//review/20220428/247a5077a1052390d2cd65e98165513a.png-169x127.jpg,https://img1.xcarimg.com//review/20220428/66297ca0ff059e411e541d93e5046921.png-169x127.jpg,https://img1.xcarimg.com//review/20220428/5b8f5623ea1120f637520d593b5109a5.png-169x127.jpg,https://img1.xcarimg.com//review/20220428/37b06c108be58bdb7b2afe4936cf7966.png-169x127.jpg,https://img1.xcarimg.com//review/20220428/bb28818f65f181f59794f5cba025e85e.png-169x127.jpg,https://img1.xcarimg.com//review/20220428/d93712f426eff0547e84355ebd7a9b36.png-169x127.jpg,[最满意],最满意的地方不用说，首先就是它的外观。毕竟这样复古的造型非常少见，一下子就击中了我的内心。再有就是我自己用下来，对坦克300的乘坐舒适性非常惊喜。本来还想着这样的设计，又是非承载式的车身，底盘的减震效果应该是个弱点，但是实际上在城市里面行驶，他可以给我一个非常舒适的乘坐体验，不比同级别很多合资品牌的紧凑型城市SUV差。,[不满意],要说不满意，可能就是坦克300这车在驾驶乐趣方面相对有所欠缺。虽然他有着很好的通过性，可以带我穿越很多复杂的路况，但是想要在日常驾驶过程中通过转向回馈、底盘响应等等来感受它的操控乐趣，确实做不到。,[外观],外观比较硬派，方方正正，如果能做得更凶一点就好了。后轮眉有一些在后门上。一直以来我都特别喜欢这种硬派越野车，外挂备胎以及这方正的的车尾看起来都是非常帅的，但是真正的国产硬汉。,[内饰],绝大多数人都很喜欢这台车子的内饰，但我觉得双12.3英寸的液晶屏和这台车子复古的外形真的不符，我认为这种硬派越野车就应该做得更粗犷一些。,[空间],[舒适],[油耗],非常舒适，内饰有点像奔驰，还有点新卫士的元素。座椅按摩通风加热。方方正正的车身确实会带来更大的行驶风噪，因为并没有太好的流线性，速度上去之后A柱部分的噪音确实是非常明显。,跑在市区路段相对会更费油一点，但我也能接受，主要我最近比较忙一点，真是没时间出去玩，目前我这车的平均油耗是12左右。,[动力],动力比我想像的好，可能调的油门开合度大，超车一点都不难。不像9秒多的车。2.0T的高功率发动机确实有着不俗的动力表现，尤其是在烂路高负载的状态下最能体现出其本身动力优势的地方。,[性价比],总的来说，坦克300的性价比很高了，这个价位买一台硬派越野我觉得很划算，主要是它各个方面的配置也很到位，车子的性能也很出色。,[操控],即便是坦克300的底盘比较高，但是它的车身稳定性却非常强，原厂轮胎的抓地力确实很棒，素车状态下的越野性能也同样很出色。,,
"
    发表于  2022-04    

            
    
    
",整体乘坐还不错，中控很好，操作很繁琐，后排满座也不够会有拥挤的感受，对于180及以上身高肯定不够友好，尤其后排坐姿比较直，坐垫偏短一点；180以下没啥问题，后排还能放倒一点，买个脚拖其实就很舒服了。,https://image1.xcarimg.com/attachments/my/1/89/36/004_120.jpg,xuser1903600,青铜长老,4.75,外观,5,内饰,5,空间,4,舒适,5,油耗,4,动力,5,操控,5,性价比,5,购入信息,爱车车型,https://newcar.xcar.com.cn/m60164/,2021款坦克3002.0T 风林铁骑,购入时间,2022-02-01,购车地点, [天津市],裸车价格,27.08万  (厂商指导价 27.08万),当前油耗,12L/100km,爱车简评,,,,爱车简评,第一次见到实车，我就感到十分惊艳，感觉像是奔驰大G那种级别的车型，气场十足。试驾后，它的行驶舒适性让我十分满意，后来又在网上看了一些这车的评测，都没什么毛病，所以就入手了。,爱车评价,实拍图片,https://img1.xcarimg.com//review/20220428/a00fff43a541b045d128ea741218a4b0.png-169x127.jpg,https://img1.xcarimg.com//review/20220428/4bc86665f9846478a79ff2b43fe38e44.png-169x127.jpg,https://img1.xcarimg.com//review/20220428/aa940616ce5414ec288837f5807e60fe.png-169x127.jpg,https://img1.xcarimg.com//review/20220428/70ff3622e6747554948bb688f801d50c.png-169x127.jpg,https://img1.xcarimg.com//review/20220428/62a0bd6cce192d1a692e713bc874419c.png-169x127.jpg,https://img1.xcarimg.com//review/20220428/d9baa978e3d307218b0cc15523a48765.png-169x127.jpg,[最满意],提车两个来月了，开了2300公里。去了两次坦克基地，感觉简单穿越没有什么压力。通过性在原来就很高的基础上再次得到提升。平时驾驶时很舒适，座椅柔软，方向轻柔，方向盘加热竟然都有。双屏显示，车机也不错，不卡顿。就是平时启动车辆时，车机开机略微有点慢。总之惊喜连连，绝对物超所值。最近准备去试试穿越了，希望他带我去诗和远方。,[不满意],目前各方面都挺不错的，还没有发现什么不满意的地方。,[外观],外观设计是我喜欢的风格，复古却不老气。圆形的大灯、黑色的中网、车顶的行李架、外挂的备胎等等，实在是太抓人眼球了。车漆质量也很好，强光下看着特别亮。,[内饰],内饰给我的感觉有点像奔驰的样子，豪华气息铺面而来，对于金属材质的运用非常合理，车内各种材质的搭配也很丰富。原长车机系统很好用，语音控制导航，平时都不需要用手机了。,[空间],[舒适],[油耗],坐习惯了轿车坐坦克300绝对是不舒服的，跑高速沥青路还好，但城市公路还是要慢慢适应，路感太强！市区开着整车隔音很好，比奔驰E260还好，高速也不错，只听到风噪而已，也比奔跑E260好！,还没过磨合期，也还没到首保，所以油耗是有点高，市区在13-14L，这次跑长途平均在11.8L，油耗还是挺高的，希望做完首保后会降低点！我的理想油耗是：市区10-11L，高速8-9L，这样就很好了！,[动力],如果开惯轿车的可能会觉得比较肉没有什么推背感，但是作为一直都是购买和驾驶SUV的我来说，动力充沛但无激情，更像自吸而不像涡轮增压车前段那么猛。,[性价比],价格也很实惠，性价比非常高。车子买回来之后，很多朋友看了都说想不到我这车才20万左右，看着像豪华车。从我自己的用车体验来说，坦克300表现也很均衡，大方向都让我十分满意。,[操控],舒适模式中规中矩，很好开，转向基本上和城市SUV差不多；轻便模式很轻盈，单手指转向没有问题。整体指向性比较精准，没有太大虚位。,,
"
    发表于  2022-04    

            
    
    
",从外观造型上就能够看得出来，它的车内空间不小，尤其是头部空间非常宽裕，坐进车内之后整体的空间感很强。而且它还有着一个巨大的后备箱，装载能力10分出色，可以堆放许多大件的物品，有时候一家人自驾游出行，想带上什么都可以，不用担心行李不够放。,https://image1.xcarimg.com/attachments/my/1/89/36/005_120.jpg,xuser1903600,青铜长老,5.00,外观,5,内饰,5,空间,5,舒适,5,油耗,5,动力,5,操控,5,性价比,5,购入信息,爱车车型,https://newcar.xcar.com.cn/m60164/,2021款坦克3002.0T 风林铁骑,购入时间,2021-12-01,购车地点, [吉林省],裸车价格,27.08万  (厂商指导价 27.08万),当前油耗,10L/100km,爱车简评,,,,爱车简评,颜值，性价比，可玩性和个人爱好！所以选择了这款车，还是非常适合我的。,爱车评价,实拍图片,https://img1.xcarimg.com//review/20220428/45a40981a293ef8281c741c74efb2eeb.png-169x127.jpg,https://img1.xcarimg.com//review/20220428/e65f950392b435c01c3ac10461a73497.png-169x127.jpg,https://img1.xcarimg.com//review/20220428/d9ce68c4d179d521fdfce7d8927c8982.png-169x127.jpg,https://img1.xcarimg.com//review/20220428/4187b630a3aaac52d0403acbb1400b10.png-169x127.jpg,https://img1.xcarimg.com//review/20220428/7b071e93673316fb86f1f3c657474168.png-169x127.jpg,https://img1.xcarimg.com//review/20220428/4ccebf15bc787ebbe146776aa8e62371.png-169x127.jpg,[最满意],车身比较高，视野开阔。空间大，内饰科技感十足，动力充沛，车底盘较高不容易托底。,[不满意],说句实话最不满意的就是生产力不高，让很多准车主眼巴巴的等待，却提不到车！,[外观],都说萝卜青菜各有所爱，但是自从我车子提回来，开着上街，感觉回头率都是杠杠的，能够吸引很多路人的围观，足以见得大家对坦克300这车的认可。我自己本身又很喜欢这种复古的设计风格，在20万左右的价位区间，坦克300的外观颜值可以说是无敌手。,[内饰],我一个开奔驰的朋友说我的坦克300内饰质感和他那车很像，都是有很多金属的元素，双连屏设计也非常有科技感。我最喜欢的是它的空调出风口的设计，样式特别，旋转的时候阻尼感非常强烈，给人感觉特别精致。,[空间],[舒适],[油耗],底盘悬架调教软，缓冲效果强，过减速带还有遇到路面的颠簸，乘坐的舒适性都很棒，车内不会出现生硬的冲击。原厂有燕飞利仕音响，隔音效果也很好，跑长途的时候让我很惬意。,通畅路段下能充分发挥小排量涡轮增压发动机的优势，巡航转速低，油耗很经济。经常跑个高速，平均油耗才9L左右，不比一般都城市SUV高多少。就是市区里面相对高一些，一般都要10～11L之间。,[动力],低速驾驶，坦克300给我的感受很轻快。高速上，动力储备也不弱，加速超车都能达到我的预期，后段不会出现明显的衰减。这台2.0T的发动机低扭很充沛，市区里面低速的走走停停，一样能够轻松应对。,[性价比],坦克300这车性价比真的是太高了，即使他的配置没有现在这么丰富，我觉得卖这个价格也很值。,[操控],前排座椅坐姿高，开车视野很开阔，本身方方正正的造型也特别有利于我开车时对车身位置的判断。不过要说激烈驾驶的话，由于车身大，底盘离地间隙又高，所以侧倾也不可避免的会大一些，快速过弯的时候姿态还是有些狼狈，没那么平稳。,,
"
    发表于  2022-04    

            
    
    
",我和媳妇两个人用车，买车的时候对空间这方面其实没有太高的要求。不过坦克300还是给了我们一个实用的空间，后排很宽敞，后备箱的容积更是巨大。要是只用到前排，把后排座椅放倒之后，用来拉货都毫不夸张。而且座椅放倒之后，地板完全平整，没有凸起，细节做的很到位。,https://image1.xcarimg.com/attachments/my/1/89/36/006_120.jpg,xuser1903600,青铜长老,5.00,外观,5,内饰,5,空间,5,舒适,5,油耗,5,动力,5,操控,5,性价比,5,购入信息,爱车车型,https://newcar.xcar.com.cn/m60164/,2021款坦克3002.0T 风林铁骑,购入时间,2021-12-01,购车地点, [山西省],裸车价格,27.08万  (厂商指导价 27.08万),当前油耗,9.6L/100km,爱车简评,,,,爱车简评,长城的车的品质，做的其实还算是不错的。在国产车里面的口碑也是比较高的。还是相信呢自己的判断，买了这个车，然后现在一点也不后悔。,爱车评价,实拍图片,https://img1.xcarimg.com//review/20220428/dd923a6b41976a747a383709e24eecd8.png-169x127.jpg,https://img1.xcarimg.com//review/20220428/3d557bd8d3c7acdfe649bdbeded5cea2.png-169x127.jpg,https://img1.xcarimg.com//review/20220428/c4c8f2e9dc3f842d3be19a2244cc8e73.png-169x127.jpg,https://img1.xcarimg.com//review/20220428/cd2c604888dcc753215edae01d8e3f89.png-169x127.jpg,https://img1.xcarimg.com//review/20220428/a4c818f8805c702991c1a1beda6e3894.png-169x127.jpg,https://img1.xcarimg.com//review/20220428/05db177e4cd5b8ccff8d43fb5dac1c34.png-169x127.jpg,[最满意],首先就是坦克300的外观，这样复古的设计实在是太对我胃口了，让我们这样买不起大G的普通家庭也能选到一辆自己中意的设计风格的越野车。其次就是乘坐舒适性，车内到处都有皮质包裹，底盘的减震效果和隔音静谧感还很出色，行驶品质很高级。,[不满意],也没有什么特别不满意的地方，就是觉得油门踏板行程不线性，初段调教有些灵敏，后段的动力输出又不够明显，需要适应一下。,[外观],坦克300这款车的颜值是完全在线的，圆圆的大灯设计还挺有种复古的感觉，但是车身硬朗有型，这种反差的营造我特别喜欢。,[内饰],内饰漂亮，做工也很好，我特意换上了全碳纤维的，酷呆了，氛围灯也好看。,[空间],[舒适],[油耗],坦克300的舒适性的确是非常好了，可能有的人对于这个车有一些误解，认为这样的车舒适性一定是不好的，但实际上并不是这样，我坐在这个车里面会觉得座椅很软，包裹性也很强，坐在上面有很大的安全感。宽大的座椅提供了很高的舒适性，车子的底盘高，通过性好，基本遇到减速带都不会有颠簸的感觉，而且驾驶视野也无盲区，感觉开车很舒服。,油耗方面我暂时还没有什么太大的感受，因为开的不多。后期开时间长了，我再来补充一下吧。,[动力],动力上完全是满足我的要求，年轻人嘛都是对动力有些要求的，我也不例外，2.0T的动力起步加速都非常的稳定，换挡的时候也是没有顿挫的感觉，深踩油门的话就能感觉到源源不断的动力，驾驶起来非常的有乐趣。,[性价比],性价比很高的，如果想要优惠的朋友可以再观望一段时间把，反正我是不想等了，喜欢的东西就要马上拿下。,[操控],车身姿态高，操控就肯定是没轿车好的了，但开着也很爽，视野好，开着看到那些轿车会有自豪感，刹车是个不太好的感受，有点软，刹车没信心，老怕刹不住。应该是车太重，轮胎的问题。,,
"
    发表于  2022-04    

            
    
    
",坐进我的坦克300的车内，它带给我的空间感受还是挺不错的，无论是头顶还是腿部的空间都很充沛，并没有紧凑型车的那种局限感，本身作为一款SUV的车型，它的视线更加的广阔，坐姿也更高。后备箱的尺寸中规中矩，对于我日常用是够放东西的了。,https://image1.xcarimg.com/attachments/my/1/89/36/008_120.jpg,xuser1903600,青铜长老,4.88,外观,5,内饰,5,空间,5,舒适,4,油耗,5,动力,5,操控,5,性价比,5,购入信息,爱车车型,https://newcar.xcar.com.cn/m60164/,2021款坦克3002.0T 风林铁骑,购入时间,2021-11-01,购车地点, [甘肃省],裸车价格,27.08万  (厂商指导价 27.08万),当前油耗,9.8L/100km,爱车简评,,,,爱车简评,坦克300的驾乘感受要优于哈弗h9，完全感觉不出来是一辆硬派越野车，非常的舒适豪华，于是我毫不犹豫的下定了坦克300。,爱车评价,实拍图片,https://img1.xcarimg.com//review/20220428/bb86585bdf930968f25359941261f6b5.png-169x127.jpg,https://img1.xcarimg.com//review/20220428/d9fd4b12b694f1079d452bc7cd00489f.png-169x127.jpg,https://img1.xcarimg.com//review/20220428/97a54424266671eed5026580d6d7864d.png-169x127.jpg,https://img1.xcarimg.com//review/20220428/d176b75a86c955b907af97e982d741d0.png-169x127.jpg,https://img1.xcarimg.com//review/20220428/32cf7ca7570af6218f03f5e474ea0486.png-169x127.jpg,https://img1.xcarimg.com//review/20220428/822e7d2d87552a28f8dbf96162947a5a.png-169x127.jpg,[最满意],价格是真的很实惠，绝对是非常良心的国产硬派越野车，将性能、配置、燃油经济性等等都做到了一个很好的兼顾，硬朗的外表下，也有一颗不服输的心！,[不满意],虽然说内饰配置高，设计也很精致，但我不是很喜欢这种“表里不如一”的感觉，还有就是行驶过程中的噪音确实有点太大。,[外观],车灯是一大亮点造型很特别！外形很硬朗粗中带细！,[内饰],同级别越野车里没有对手的内饰和质感音箱也非常奈斯。,[空间],[舒适],[油耗],舒适性怎么讲呢，减震很软，不颠，但是城市开走走停停的会忽忽悠悠的，坐后面会晕车，估计跟我开车习惯有关系，反正减震走烂路很软，不会觉得很颠，这个后视镜加热如果能单独设计个开关就好了，一开除雾就默认最大风量的吹，还要自己调空调风量，也不算啥毛病，因人而异的习惯问题。,这辆坦克300买回来开的这段时间整体的表现还不错，尤其在油耗上，更是让我喜出望外，原本会觉得这辆车定是一台油老虎，毕竟我都是开它去上下班代步的。不过目前百公里9.8L，还没有破10个油，也算是一种欣喜了。,[动力],动力在150以内都是随踩随有，舒适模式的油门有点懒 需要深踩才会给油，运动模式的油门就比较积极，当然运动模式油耗数据也很积极往上走，城市里就标准模式够用了。特殊路况行驶动力目前就爬过一个小坡，挂高四上去的，HT轮胎没锁，直接上去了，动力没活说。,[性价比],性价比很高，毕竟21万能买到一辆国产豪华硬派越野，符合消费者心理价位，而且，品牌专注suv这么多年，质量品控还是值得信赖的，,[操控],外观生猛的坦克300开起来却十分的细腻。四驱抓地力很稳，配合上出色的底盘调校，可以应对绝大多数的路面状况，更有越野模式，像我这样的想要挑战越野的年轻人，偶尔也可以尝试一下不一样的驾驶乐趣。更有诸多辅助驾驶功能，哪怕是初拿驾照的新手也可以很快上手。,,
"
    发表于  2021-10    

      
        
    
    
",前排后排空间均够用，算大，后备箱略小。车顶扩展加装了车顶架，行李箱以后可以装车顶。,https://image1.xcarimg.com/attachments/my/0/34/79/730_120.jpg,武汉红翼,实习版主,4.50,外观,5,内饰,4,空间,4,舒适,5,油耗,4,动力,4,操控,5,性价比,5,购入信息,爱车车型,https://newcar.xcar.com.cn/m55410/,2021款坦克300越野版 2.0T 征服者,购入时间,2021-09-11,购车地点, [湖北省],裸车价格,21.38万  (厂商指导价 21.38万),当前油耗,15L/100km,购入用途,上班,自驾游,越野,爱车简评,二十多万带三把锁的非承载式车身带大梁，让很多预算不高的实现了越野梦。成为今年最受关注的车型，只是订车等车太久了。可玩性高，不改鉴于油耗各方面因素，买车不贵用车贵，购买前要有准备。,爱车评价,,,,,,,,[最满意],适时四驱三把锁，预留很多改装备选，原厂有轮胎绞盘选配，原车预留外接改装电源，涉水喉安装位置可拆，座椅放平等可改装的多，好玩，维修不贵，厂家送五年保养免费救援，发动机变速箱终身保修还是不错的。,[不满意],发动机抖动比较大，物理按键太少，大部分功能都智能化需要大屏上操作。,[外观],外观不用说，酷毙了。走到哪都是一道风景。辨识度高。方方正正的越野车外形,[内饰],真皮座椅，黑内饰，扶手箱多功能。拉手门板等地方均设置挂钩，比较贴心。车顶颜色和其他大部分车型一样浅色，个人不太喜欢，已经改深色翻毛皮星空顶。,[空间],[舒适],[油耗],原厂避震就很舒适，相对牧马人这些类似车型。现在改装了TEIN升高避震一样很舒适,油耗六七十码匀速驾驶11个油，高速大概13，使用两千公里现在平均油耗15，还是不低的。但是买这个车就有心理准备，两吨多的重量。,[动力],动力2.0t一般，基本够用，如果上3.0就好了,[性价比],二十多万可以买到的硬派越野车，也就坦克和BJ之间吧。性价比还是很高的，加上现在保值率高，二手车比新车还贵。内饰音响涂装各方面都很好，对这个价格很值了,[操控],方向盘手感很好，真皮包裹还有加热功能。操控很好，不同路况选择不同模式，还有坦克掉头功能。,,
"
    发表于  2021-08    

            
    
    
",打80分吧，毕竟属于经凑型的,https://image1.xcarimg.com/attachments/my/1/08/77/544_120.jpg,征服6688,版主,4.75,外观,5,内饰,5,空间,4,舒适,5,油耗,4,动力,5,操控,5,性价比,5,购入信息,爱车车型,https://newcar.xcar.com.cn/m58052/,2021款坦克300越野版 2.0T 挑战者,购入时间,2021-08-01,购车地点, [河南省],裸车价格,19.58万  (厂商指导价 19.58万),当前油耗,10L/100km,爱车简评,,,,爱车简评,，3把锁，非承载车身，265的大轮胎，全尺寸备胎，方向盘加热，座椅通风，液晶显示屏，ACC自适应巡航，2.0T227马力动力也足够用了，加上采埃孚的8档手自一体变速箱，绝配啊,爱车评价,实拍图片,https://img1.xcarimg.com//review/20210819/975a81f32d162ae4434dbd7917d2d72a.jpg-169x127.jpg,https://img1.xcarimg.com//review/20210819/f90b43fa322e813be26c1561ea8638d8.jpg-169x127.jpg,https://img1.xcarimg.com//review/20210819/ccf47170db8fb8b947d9b7f6769bebee.jpg-169x127.jpg,https://img1.xcarimg.com//review/20210819/7201b149b298dba3a1f24c8493767918.jpg-169x127.jpg,https://img1.xcarimg.com//review/20210819/86750b09c98117649ef792a8572586ff.jpg-169x127.jpg,https://img1.xcarimg.com//review/20210819/9e51873581ace7cd80fc71e758165895.jpg-169x127.jpg,[最满意],外观和性能,[不满意],没有一键升窗，后备箱空间不大,[外观],纯硬派越野，复古的盒子车，威武霸气,[内饰],目前我会没见那个硬派越野有比坦克豪华的,[空间],[舒适],[油耗],对于硬派越野来说，非常不错了,10-15之间，看怎么开了，你改装了，还去玩越野油耗就不具备参考，,[动力],2.0T227马力 嗷嗷叫啊,[性价比],绝对秒杀目前主流的硬派3把锁的车,[操控],就是一个大型的SUV 不像越野车，电子辅助功能强大，底盘透视，ACC自适应巡航，自动驾驶等,[四驱],目前还没用过，暂不说吧
"
    发表于  2021-07    

      
        
    
    
",,https://image1.xcarimg.com/attachments/my/0/31/02/285_120.jpg,老大d,新手上路,4.88,外观,5,内饰,5,空间,5,舒适,5,油耗,5,动力,5,操控,5,性价比,4,购入信息,爱车车型,https://newcar.xcar.com.cn/m61703/,2021款坦克300城市版 2.0T 必须型,购入时间,2021-06-01,购车地点, [湖北省],裸车价格,22.1万  (厂商指导价 23.00万),当前油耗,10L/100km,购入用途,上班,购物,自驾游,爱车简评,后备箱的空间是非常的大的，因为后备箱的空间比其他的车的空间要大一些。,爱车评价,,,,,,,,[最满意],外观比较大气，符合年轻人的审美观，是我喜欢的车型。,[不满意],我觉得这个车的性价比没有那么高吧，反正价位会觉得稍微贵一些。,[外观],外观的造型虽然比较普通，但也还是挺大气的。,[内饰],坐在这个车里面会觉得这个车的内饰比较豪华。,,[舒适],[油耗],坐在这个车里面会觉得舒适性比较好，比较平稳吧。,我从来都没有觉得这个车的油耗有高过，反正就是正常的油耗。,[动力],后期的提速真的太快了，踩一脚油门就可以感觉得到动力的充足。,[性价比],优惠力度稍微少了一些，其他方面感觉还是不错的。,[操控],一只手掌控这个车的方向盘完全没有任何问题，操作起来会觉得非常的轻松。,,
"
    发表于  2021-07    

      
        
    
    
",这个车的空间，我从来都没有担心过，因为确实是让自己比较满意的。,https://image1.xcarimg.com/attachments/my/0/31/02/289_120.jpg,双猫erty3,新手上路,4.75,外观,5,内饰,5,空间,5,舒适,4,油耗,5,动力,4,操控,5,性价比,5,购入信息,爱车车型,https://newcar.xcar.com.cn/m60293/,2021款坦克3002.0T 赛博坦克,购入时间,2021-06-01,购车地点, [天津市],裸车价格,22.6万  (厂商指导价 30.80万),当前油耗,11L/100km,购入用途,上班,购物,自驾游,爱车简评,后期的爆发力我就不想说什么了，对于这样的动力，我的确是不怎么满意的。,爱车评价,,,,,,,,[最满意],空间是非常大的，无论什么时候坐在后排，都觉得非常的宽敞。,[不满意],我觉得这个车的舒适性没有我想象中的那么好，主要是隔音效果没有那么好吧。,[外观],外观的造型还算是很时尚的，特别是尾部的设计比较让人印象深刻。,[内饰],我觉得这个车的内饰的用料确实是比较好的，因为摸起来会觉得很舒服。,[空间],[舒适],[油耗],舒适性没有我想象中的那么好，但是整体还算是过得去的。,油耗就不用说什么了，这个车的油耗是可以的。,,,[性价比],很愿意拿这个车去和其他的车做对比，因为性价比还可以。,[操控],方向盘的转向比较灵活，开起来会觉得很轻松吧。,,
"
    发表于  2021-07    

      
        
    
    
",后备箱的空间真的特别大，对于我来说是非常实用的。,https://image1.xcarimg.com/attachments/my/0/31/02/287_120.jpg,yesallmu2,新手上路,4.88,外观,4,内饰,5,空间,5,舒适,5,油耗,5,动力,5,操控,5,性价比,5,购入信息,爱车车型,https://newcar.xcar.com.cn/m61702/,2021款坦克300城市版 2.0T 很有型,购入时间,2021-06-01,购车地点, [浙江省],裸车价格,21.5万  (厂商指导价 22.00万),当前油耗,10L/100km,购入用途,上班,购物,自驾游,爱车简评,外观可以选择的颜色有些少，除了这一点，其他方面我觉得自己都还是挺喜欢的。,爱车评价,,,,,,,,[最满意],这个车的外观是自己非常满意的，外观设计的比较霸气。,,,[外观],外观可以选择的颜色有些少，但是这个车的外观造型是比较时尚的。,,,[空间],[舒适],[油耗],坐在这个车子里面可以感觉到舒适性非常的平稳，隔音效果好。,开这个车基本上不用担心油耗，因为油耗确实是非常低的。,[动力],后期提速特别快，这种爆发力是非常强的呢。,[性价比],没有用这个车去和其他的车做对比，因为我觉得性价比是高的。,[操控],方向盘的转向比较轻便，我觉得开起来还是挺舒服的。,,
"
    发表于  2021-07    

      
        
    
    
",前排的空间非常大，我每次坐在前排开车感受是最多的。,https://image1.xcarimg.com/attachments/my/0/31/02/288_120.jpg,luzhizhi102o,新手上路,4.88,外观,5,内饰,5,空间,5,舒适,5,油耗,5,动力,4,操控,5,性价比,5,购入信息,爱车车型,https://newcar.xcar.com.cn/m60222/,2021款坦克3002.0T 坦克游侠,购入时间,2021-06-01,购车地点, [山东省],裸车价格,22.8万  (厂商指导价 24.88万),当前油耗,10L/100km,购入用途,上班,购物,自驾游,爱车简评,这个车的价位真的很便宜，我觉得普通的老百姓都比较喜欢这种实在的车。,爱车评价,,,,,,,,,,[不满意],我觉得在高速上这个车的提速不够快，其他方面的时候提速还是挺快的。,[外观],我比较喜欢的是这个车的轮毂的设计和这个车的外观真的是非常搭配。,,,[空间],[舒适],[油耗],就算是走颠簸路段，坐在这个车里面也不会觉得有多么的颠簸。,油耗一点都不高，只要你开过就能够感受得到。,[动力],反正这个车后期的提速没有那么快，特别是在高速上的表现是比较明显的。,[性价比],当时赠送了很多礼品，对于这一点我是非常开心的。,[操控],操控好的话就会让我比较喜欢开车，而且开起来也会没有任何的压力。,,
"
    发表于  2021-07    

      
        
    
    
",,https://image1.xcarimg.com/attachments/my/0/31/02/286_120.jpg,lele1974d8,新手上路,4.88,外观,5,内饰,5,空间,5,舒适,4,油耗,5,动力,5,操控,5,性价比,5,购入信息,爱车车型,https://newcar.xcar.com.cn/m61701/,2021款坦克300城市版 2.0T 我看型,购入时间,2021-06-01,购车地点, [湖北省],裸车价格,19.1万  (厂商指导价 20.00万),当前油耗,10L/100km,购入用途,上班,购物,跑长途,爱车简评,后备箱的空间比较大吧，每次装什么东西的时候就会觉得特别的方便。,爱车评价,,,,,,,,[最满意],这个车的线价格是比较划算的，非常喜欢的。,[不满意],我觉得这个车的舒适性没有我想象中的那么好，如果说是走颠簸路段的话，坐在这个车里面总能感觉得到有一些晕车。,[外观],外观的造型还是挺符合自己的审美观的啊啊。,[内饰],最喜欢的还是这个车的中控的设计看起来比较大气。,,[舒适],[油耗],舒适性不是特别看好，反正没有达到自己的要求吧。,这个车的油耗的确是很省油的，从来都没有担心过。,[动力],前期的提速很快，特别是爆发力是非常强的。,[性价比],和很多的车来对比的话，会觉得这个车的价位是比较划算的。,[操控],一只手掌控这个车的方向盘是完全没有任何问题的。,,
"
    发表于  2021-07    

      
        
    
    
",车子空间真的挺不错的，日常家用的话还是比较舒服的，不管是前排还是后排都非常大，然后车子内部的一些小格子设计的也是非常合理，平时发那个手机钥匙链什么的都比较方便。,https://image1.xcarimg.com/attachments/my/1/90/71/012_120.jpg,xuser1917101,三星会员,4.50,外观,4,内饰,5,空间,4,舒适,5,油耗,5,动力,4,操控,4,性价比,5,购入信息,爱车车型,https://newcar.xcar.com.cn/m59316/,2021款坦克3002.0T 致敬莫奈限定版,购入时间,2021-04-01,购车地点, [四川省],裸车价格,21.3万  (厂商指导价 22.00万),当前油耗,9.3L/100km,购入用途,接送小孩,跑长途,,爱车简评,选择这款车子的理由主要就是比较信得过他的质量，然后车子外观颜值的确也是非常的漂亮，这点还是比较让我满意的。当时选车的时候也是领着朋友和家里人一起选的，大家都非常的满意。,爱车评价,,,,,,,,[最满意],车子满意的地方还是比较多的，首先车子的外观我觉得就比较符合一个男人的审美，除了外观之外，就是车子内饰方面做的也是相当给力，相当到位，动力方面也比较给力。,[不满意],车的整体表现还是非常不错的。就是感觉车子不是特别耐脏，然后空调的反应速度不是特别快。,[外观],车子的外观的确是非常大气也是非常漂亮，符合我的一个审美，然后车灯非常漂亮，轮毂钥匙也是非常的不错，可以说从各个角度看上去都非常不错。,[内饰],在内饰方面的话，这台车子感觉还不错，整个内饰的造型挺简洁大方的，另外就是在材料方面我觉得没有什么异味，这也是很健康环保的表现,[空间],[舒适],[油耗],车子座椅柔软度不错，也非常宽大，坐在上面很舒服，然后车子隔音做的也比较好。平时在车上呆的时间比较多，就算长期坐在上面也不会觉得太累。,油耗方面的话我是比较放心的，这台车子在驾驭过程中我基本上不会刻意的注重油耗值，但是平均油耗目前的表现还是让我觉得很给力的,[动力],2.0t的涡轮增压发动机动力真的是非常棒，开了两千多公里也走过不少山路，动力上完全不必担心，特别是运动模式下，上坡依旧是动力充沛。,[性价比],在我看来，长城是一直用心做适合我们国人的好车，我的第一辆车就是哈佛，作为老车主，在换车的时候，果断选择了坦克300这台车，这个价位预算选合资车基本就是乞丐版，比较在乎配置和豪华性的，我选择了比较出色的坦克300。,[操控],底盘非常扎实，在过弯的时候非常稳，在经过弯道的时候，我只要手握着方向盘，内心就有一种非常放心的感觉，这是其他车所不能给我的。油门和刹车的调校也是非常精准，比较好操控。,,
"
    发表于  2021-07    

      
        
    
    
",空间设计的是不错的，车身看起来比较大，轴距的设计也比较宽，车里面的横向距离也是很宽松的，就算是坐满人的情况下，也没有感觉到太拥挤，后备箱的设计也是足够可以放一些大物件。,https://image1.xcarimg.com/attachments/my/1/90/70/993_120.jpg,xuser1917099,三星会员,4.50,外观,5,内饰,5,空间,4,舒适,4,油耗,5,动力,4,操控,5,性价比,4,购入信息,爱车车型,https://newcar.xcar.com.cn/m59316/,2021款坦克3002.0T 致敬莫奈限定版,购入时间,2021-04-01,购车地点, [湖南省],裸车价格,21.29万  (厂商指导价 22.00万),当前油耗,9.3L/100km,购入用途,接送小孩,自驾游,,爱车简评,可以说当时在买车的时候，自己的目的还是非常明确的，就是想要买一辆容积比较大点的SUV选来选去，想要达到我理想中的那种豪华感觉，那无疑就只有这辆才能够很好的体现出什么叫做细节以稳重的美,爱车评价,,,,,,,,[最满意],最喜欢的就是这款车子的外形了，前脸的设计看上去比较帅气，并且这款车子的动力也比较强劲，能够自由穿梭在城市里，不管是什么样的路况，它都能够自由应对。,[不满意],觉得这辆车是最需要优化的，可能还是在内部装饰这一块吧，其实细节还可以，只是风格不大喜欢。,[外观],外观刚才说的是比较满意的地方，尤其是它的前脸中网格的地方，显得比较大气，现在好多越野车型都采用了这种设计，并且它的轮毂造型也比较好看，看起来也比较厚重，非常符合SUV的定位。,[内饰],内饰设计比较凸显科技化，里面的空调出风口，采用的是圆筒式设计，现在奔驰用的就是这种设计，有种豪华的质感，而且出风口下面的钢琴按键设计也非常吸引人，操作也是非常的顺手。,[空间],[舒适],[油耗],我感觉就是这款车子的避震效果不太好，再经过一些不好路段的时候，车子免不了有一些颠簸，不过车子的座椅感觉还是可以的，坐上去有一种包裹感，车座的空调效果也不错，能够很快的让车内达到理想的温度。,这款车子的油耗目前为止还不算太高，毕竟是2.0t的排量，车身也不小，目前显示在九个左右，我觉得还是非常可观的，以后希望能保持这样的程度就好了。,[动力],它搭载的是2.0t的发动机，日常在市区里面用的是绰绰有余，就算是跑山路，或者是更有挑战的路线，它都可以轻松应对，提速特别快，完全感觉不到一点顿挫感。,[性价比],买这款车子就是因为这个车子的牌子我比较喜欢，这两年这个车子大街上买的也比较多，而且价位相比合资车来说也比较合适，同样动力方面也比较令我满足，考虑到它的综合性价比比较高，所以就把它买了下来。,[操控],车子的操控性比较好，方向盘的感觉非常合适，就算是单手操控，也没有什么问题，转向也比较灵敏，油门和刹车调校的比较线性，所以在驾驶这台车子的时候，一点也不费劲，方向盘上的多功能按键也是方便操控。,,
"
    发表于  2021-07    

      
        
    
    
",我对这款车的空间特别满意，前后排都可以做到很宽松的效果，并且腿部也有很好的活动空间，就算是坐满五个人的情况下，也不会感觉到一点拥挤，这就是SUV车型的特点。,https://image1.xcarimg.com/attachments/my/1/90/61/404_120.jpg,gh1625554977,三星会员,4.63,外观,4,内饰,4,空间,5,舒适,5,油耗,5,动力,5,操控,4,性价比,5,购入信息,爱车车型,https://newcar.xcar.com.cn/m59316/,2021款坦克3002.0T 致敬莫奈限定版,购入时间,2021-04-01,购车地点, [湖北省],裸车价格,21.28万  (厂商指导价 22.00万),当前油耗,9.3L/100km,购入用途,购物,接送小孩,,爱车简评,性价比我觉得还不错。现在坦克这个品牌还不怎么好，但以后谁知道呢，而且除了国产车，合资在这个价位根本买不到这样的级别跟配置。,爱车评价,,,,,,,,[最满意],最满意的无非就是这款车子的外观比较大气时尚，开到外面比较有排面，还有它的内饰是促使我买的最大原因，就是比较喜欢它的设计风格，有豪华的科技性。,[不满意],最不满意的就是这款车子在刚买来的时候还是免不了有一股异味，花了一段时间，买了很多香薰还有竹炭包，味道才算散的差不多。,[外观],外观是这辆车的颜值担当，不仅我这么说，家里的人和朋友都这么说，它的前脸设计非常帅气，两侧的大灯设计就像明亮的眼睛注视着我，并且搭配上这款标志，开到外面回头率还是超高的，都问我这款车是什么牌子。,[内饰],里面的内饰设计非常豪华，坐到里面就感觉非常有档次，我买车的时候，朋友坐到我的车上，就非常羡慕，说空调的出风口设计很独特，现在奔驰车子采用的就是这种设计，并且它的座椅采用都是纯皮的，手感也超好，就是新车免不了有一点异味，不过现在也散了差不多了。,[空间],[舒适],[油耗],有了这款车子以后，家里人都是夸他坐上特别舒适，座椅对身体的支撑性很好，包裹性也是比较到位，并且里面的减震效果也特别棒，再经过一些烂路的时候，根本感觉不到什么颠簸，我自己坐在前排也是这么觉得。,油耗方面他也是比较有优势的，在城市拥堵的情况下，它能保持在8.9个左右，我觉得现在是冬天，上车都是要开暖气的，能达到这样的油耗，已经是很欣慰了。,[动力],动力表现得非常充足，因为这款车型的发动机用的是2.0t的，带动这辆车子非常轻松，踩油门就能感觉到明显的加速，感觉起步也特别快，买这辆车子，我觉得是很超值的。,[性价比],就是比较喜欢SUV的类型，并且这款车的内饰是打动我的最重要的一方面，它里面的内饰设计有点类似于奔驰的豪华质感，并且这款车的价位也比较合适，毕竟买车不是儿戏，这款是性价比超高的，所以就买了这款。,[操控],操控设计的也是相当合理的，这辆车子在转弯的时候特别方便，让我感觉到转弯半径很小，开车很有趣，并且它的油门和刹车调教的也比较灵敏，里面所有的功能都是为了让我更方便的操控这台车子。,,
"
    发表于  2021-07    

      
        
    
    
",乘坐的空间对于我来讲还是能够满足的，前排座椅和后排座椅的腿部空间还是非常宽敞的，而且后备箱装载能力也不错。,https://image1.xcarimg.com/attachments/my/1/90/70/951_120.jpg,xuser1917095,三星会员,4.63,外观,4,内饰,4,空间,5,舒适,5,油耗,5,动力,4,操控,5,性价比,5,购入信息,爱车车型,https://newcar.xcar.com.cn/m59316/,2021款坦克3002.0T 致敬莫奈限定版,购入时间,2021-04-01,购车地点, [江西省],裸车价格,21.27万  (厂商指导价 22.00万),当前油耗,9.3L/100km,购入用途,购物,接送小孩,,爱车简评,我觉得目前国内SUV能称得上豪华的应该也就只有魏派这个品牌。他旗下的车款真的是给人一种非常强的视觉冲击力，而且整体非常的精致，各种做工也是非常的豪华，氛围营造的非常的棒，尤其是像这款坦克300。,爱车评价,,,,,,,,[最满意],最满意的是这辆车的豪华感真的很强烈，尤其是内饰这一块一种稳重大气成熟的气质扑面而来，而且整体的布局以及用料都让人觉得非常的满意。外观也很有很强的视觉冲击力，整辆车的造型虽然霸气，但一点都不会老气。,[不满意],这款车的整体表现还是非常不错的，就是在城市出行遇到高峰期的情况下，油耗上升的还是比较明显的。,[外观],外观的造型设计的还是非常沉稳大气的，整个车身的线条比例看上去也特别的协调，前脸的造型辨识度还是很高的。,[内饰],中控内饰的整体设计我还是非常满意的，做工和用料还是比较不错的，储物空间如果多设计一些会更加的方便。,[空间],[舒适],[油耗],座椅的支撑性和包裹感我还是非常满意的，乘坐起来也特别舒服，悬架减震调效的比较硬，路感还是比较明显的。,综合油耗大概百公里10个油左右吧，油耗的表现还是非常满意的。,[动力],动力对于我来讲是完全能够满足的，这款车的提速表现确实非常的强劲，满载的情况下动力表现的也是非常充沛的。,[性价比],当初选车的时候也是看中了这款车的颜值，外观的设计还是非常大气的，而且这款车的价格也不高，配置方面还是非常丰富的，完全能够满足我的需求。,[操控],驾驶这款车还是非常轻松的，方向盘的指向还是很精准的，而且辅助性的配置也特别丰富，算是一款比较容易上手的车了。,,
"
    发表于  2021-07    

      
        
    
    
",空间这块很满意，前后排都可以做到很宽敬，腿部也有很大的活动空间，就算是坐满五个人，也不会感觉到一点拥挤，这就是这款SUV的亮点吧。,https://image1.xcarimg.com/attachments/my/1/90/36/220_120.jpg,gh1623995982,三星会员,4.63,外观,5,内饰,5,空间,5,舒适,5,油耗,4,动力,4,操控,4,性价比,5,购入信息,爱车车型,https://newcar.xcar.com.cn/m59316/,2021款坦克3002.0T 致敬莫奈限定版,购入时间,2021-04-01,购车地点, [江苏省],裸车价格,21.26万  (厂商指导价 22.00万),当前油耗,9.3L/100km,购入用途,购物,接送小孩,,爱车简评,选择坦克300这款车，基本上属于冲动消费，但是没有让我失望。试驾的时候销售说有座椅按摩功能让我体验一下，可能因为那段时间工作比较累的缘故，一下就被这个功能吸引了。而且坦克300的颜值和内饰也都相当不错,爱车评价,,,,,,,,[最满意],最满意的就是这款车子的外观比较大气上档次，开出去非常有排面，并且它的内饰设计风格非常豪华。,[不满意],不满意的地方，就是感觉车身设计的有点太大了，在找停车位的时候有点属实不是太好找，每次都要绕好大一圈才能找到合适的位置，不过这点还可以接受，因为毕竟我在买他的时候都已经想到了。,[外观],外观是比较大气的一款suv风格，我更喜欢它的侧面多一点，设计的比较流畅，并且轮毂的设计也比较厚重，在跑起来的时候也会显得比较稳定，并且前脸的设计中网格的面积占的会比较大，很符合现代流行的设计，开到外面也是令我很觉得有面子的一款车型。,[内饰],内饰的设计属于豪华的风格，坐到里面就能感觉到非常有档次感，我刚买回来的时候，我的朋友都是说内饰风格设计的很豪华，并且摸上去手感也比较好，唯独就是新车刚买回来的时候会有点异味，不过现在也散的差不多了。,[空间],[舒适],[油耗],这款车的隔音效果比较不错，并且里面有一个比较不错的音响设计，跑起来放音乐也是比较舒适的，当然座椅的舒适力度也合适，长时间乘坐在上面，不会感觉到难受。,油耗目前为止显示在百公里九个左右，因为这款车到目前为止还没有过磨合期，等过了首保以后，油耗估计就还会往下降，现在也是很满意的，因为毕竟他这么大车身在这放着呢。,[动力],动力表现的挺充足，住在山区深有体会，因为这款车的发动机是2.0t的，带动这辆车子非常轻松，踩油门就能感觉到明显的加速，感觉起步非常快，这辆车子就是拥有超值的动力。,[性价比],买他的理由就是看上了它豪华的外观，豪华的内饰比较具有现代的科技感，并且我问了身边的朋友，说这款坦克300质量上面也是比较好的，当时我在问了价格以后，也是有了很高的优惠，价格也打动了我，心里面想还看啥，就这款已经注定是我的了，哈哈。,[操控],操控让我感觉到很舒适，一些常用的导航功能，电话还有天窗都能用语音功能来实现，是非常方便的，并且这款车的方向盘设计也是比较舒服，轻重也比较合适，虚位也不大，并且底盘通过性也不错，在过山路的时候，也会展现出他比较强劲的车身魅力。,,
"
    发表于  2021-07    

      
        
    
    
",车子的空间表现的还不错，从这空间比较宽敞，翘起二郎腿就没有问题，后备箱的储物空间也行我的后备箱可以放不少杂物。,https://image1.xcarimg.com/attachments/my/1/90/62/658_120.jpg,xuser1916265,三星会员,4.63,外观,5,内饰,5,空间,4,舒适,4,油耗,5,动力,5,操控,5,性价比,4,购入信息,爱车车型,https://newcar.xcar.com.cn/m59316/,2021款坦克3002.0T 致敬莫奈限定版,购入时间,2021-03-01,购车地点, [云南省],裸车价格,21.25万  (厂商指导价 22.00万),当前油耗,9.3L/100km,购入用途,接送小孩,自驾游,,爱车简评,选择这款车主要理由是因为它的外观真的是非常精致。我感觉它的外观在国产车里面也算是数一数二的，时尚又前卫，为造型设计的很有特色。,爱车评价,,,,,,,,[最满意],我是对他它的动力是真的是算是很满意的了，加速的时候它给我的感受是特别强劲的，然后它的外观颜值，真的是很帅气哇，还有就是他的空间，中型的SUV，底盘又高，什么路都好走，有一次前面有一个坑，其他型的小轿车都要很小心，我就不用直接就开过去了。,[不满意],避震的一个效果吧，因为毕竟是SUV嘛，它肯定舒适性没有小轿车那么好，颠簸路段的话，它的颠簸感还是挺明显的。,[外观],我选的是黑色的一个车身，因为我的短期内是没有打算再换另外一台车子的，所以我就把时间延长了很久，年龄也差不多越来越往上涨了，黑色的话就是会比较沉稳一点。,[内饰],内饰的布局也很好看，看着很运动时尚，最喜欢的就是内饰的这种设计，那是的容量也很好做工精细，很具有质感，摸起来质感非常棒。,[空间],[舒适],[油耗],舒适性我基本是很满意的，有豪华车的行驶质感，隔音水平也非常好，还有座椅非常舒服，很柔软，对腿部的支撑也好。,其实差不多十个油左右上下吧，这一方面我觉得有点颇偏高，看个人接受的程度吧。,[动力],我会比较喜欢强劲的车子，就是不喜欢软趴趴的，肉肉的我是特别反感的，这台车子真的在满载的一个状况上面，它也是很充沛的。,[性价比],我其实真的是没有开过什么非常好的车子哇，但是随着年龄的增高，也有了一个买车目标，其实我也去试驾过挺多的，最后为什么会选择坦克300，也是很意外，或者是命中注定吧，去试驾的时候挑花了眼，那天也是我一个很久没有见的朋友来泉州找了我，就坐他的车子，感觉都很好，就有问了他的一个驾驶体验嘛，觉得还不错，就下手了。,[操控],上手是非常轻松的，他它的一个辅助性的配置也还是很丰富的，挺好开，新手来说都不会有很大的压力。,,
"
    发表于  2021-07    

      
        
    
    
",空间比我想象的要大的多，后排空间非常宽敞，而且后备箱深度和规整程度超出我的预期，都能够满足我家庭的基本需求。,https://image1.xcarimg.com/attachments/my/1/90/70/798_120.jpg,xuser1917079,三星会员,4.63,外观,4,内饰,4,空间,5,舒适,5,油耗,5,动力,5,操控,4,性价比,5,购入信息,爱车车型,https://newcar.xcar.com.cn/m59316/,2021款坦克3002.0T 致敬莫奈限定版,购入时间,2021-03-01,购车地点, [广西省],裸车价格,21.24万  (厂商指导价 22.00万),当前油耗,9.2L/100km,购入用途,购物,接送小孩,,爱车简评,我觉得一个人买车应该有自己的主见，虽然当时的预算足够买一辆不错的合资SUV，但是在我看来不妨支持一下国产有些车型也是极具性价比，犹如这两长城的坦克300，无论是售价还是发动机的动力，各方面都是相当的优异。,爱车评价,,,,,,,,[最满意],最满意就这辆车的颜值，当我第一眼看到这辆车的时候，感觉眼前一亮，辨识度超好，还有车内的空间挺宽敞的，比较实用。,[不满意],要说不太给力的地方，应该还是这个车子的隔音没有到达，我预计的效果，然后减震稍微有一点硬,[外观],前脸的中网搭配两边的车灯，营造出动感十足的运动气息，车尾的设计比车头更具有特色，营造出层次感，整体看起来很有个性。,[内饰],内饰布局清晰合理，整个中控造型又不错的层次感，显得比较时尚，中控屏设计的非常不错，视觉效果很好，没有廉价感。,[空间],[舒适],[油耗],座椅对身体的包裹和支撑性很到位，乘坐起来比较自然，市区行驶基本听不到噪音，当高速行驶的时候就会有一点胎噪，不过我感觉这个很正常的，没有太大的影响。,因为车子刚刚提回来，所以油耗不是很准，有表显示九个多油，但是有比较大的下降空间，我相信这款车的油耗不会很高。,[动力],动力也没有感觉到肉，起步加速都很积极，而且超车的时候储备动力很足，深踩油门儿的时候有强劲的动力输出，日常代步非常轻松。,[性价比],买这款车因为他的颜值很适合我的胃口，可以说我对她一见钟情，而且价格也非常合理，非常符合我的预算，感觉比较划算，所以就入手了。,[操控],方向盘力度回馈很轻柔，办注册出的增加转向力度会逐步增加。刹车的效果也不错，比较干脆，整个车身尺寸比较大，不过在城市驾驶中还是很轻松的。,,
"
    发表于  2021-07    

      
        
    
    
",空间上没有任何的问题，在同级别的车子里，也是表现比较好的，平时用车的过程当中也没有任何的问题，非常的放松,https://image1.xcarimg.com/attachments/my/1/90/70/772_120.jpg,xuser1917077,三星会员,4.38,外观,4,内饰,4,空间,4,舒适,4,油耗,5,动力,4,操控,5,性价比,5,购入信息,爱车车型,https://newcar.xcar.com.cn/m59316/,2021款坦克3002.0T 致敬莫奈限定版,购入时间,2021-03-01,购车地点, [海南省],裸车价格,21.23万  (厂商指导价 22.00万),当前油耗,9.2L/100km,购入用途,购物,接送小孩,,爱车简评,之所以会选择这辆车子的话，也是因为它的性价比非常的高，而且价格也是完全在我的预算范围之内，非常便宜，外观设计看起来也是很帅气的，完全不降档次,爱车评价,,,,,,,,[最满意],不光是外观，我非常的满意，整体的动力表现也没有任何的问题，非常的充足，比我之前的自然吸气发动机好多了，动力上一点都不肉，而且非常的有激情感,[不满意],很多人都说这辆车子的油耗比较高，但我现在开车的话，也不是非常的费油，八个的油耗也能够支撑得住，但是车子的底盘还是和大家所说的一样，比较硬一点,[外观],外观的表现可以说是做的非常好，整个的线条感真的让我特别的满意，而且造型上也不会死板，特别的大气,[内饰],内部的装饰可以说是非常的豪华，用料特别的实在，而且整体的配置方面非常的齐全，颜色搭配，我也很喜欢,[空间],[舒适],[油耗],底盘方面感觉比较硬一点，也是这辆车子，我觉得比较让我不满意的一个地方，其他地方倒是挺好的,很多人都说这辆车子费油，但是我现在的实际用车情况也才八个的油耗，就我个人而言的话，我是完全能够接受的,[动力],这辆车走最满意的可以说是动力，油门非常的灵敏，加速的时候非常的快，一点都不肉，动力方面不用我担心,[性价比],主要还是看中了这辆车子霸气侧漏的外观，我觉得整个车子的尺寸包括设计感还是非常令我满意的，在第一次看到这台车的时候，就离不开我的视线，真的非常喜欢，而且性价比好,[操控],操控的反馈非常的不错，方向盘灵敏，转向的精准度也特别的好，而且油门刹车的响应程度也比较舒适,,
"
    发表于  2021-07    

      
        
    
    
",在空间方面，坦克300做的还是很好的，不管是他的前排还是他的后排，坐在里边都会非常的舒服，包括储物空间也是特别大，很方便。,https://image1.xcarimg.com/attachments/my/1/88/40/363_120.jpg,gh1614060972,三星会员,4.63,外观,4,内饰,5,空间,5,舒适,5,油耗,4,动力,5,操控,4,性价比,5,购入信息,爱车车型,https://newcar.xcar.com.cn/m59316/,2021款坦克3002.0T 致敬莫奈限定版,购入时间,2021-03-01,购车地点, [广西省],裸车价格,21.22万  (厂商指导价 22.00万),当前油耗,9.2L/100km,购入用途,接送小孩,自驾游,,爱车简评,本人85后，之前一直喜欢低趴改装文化。随着年龄的增长，不知道怎么回事就逐渐开始喜欢方方正正的越野方盒子了。最开始心里是想整一套老帕杰罗V73，外形复古皮实耐用。,爱车评价,,,,,,,,[最满意],最满意的就是这台车的外观，从外边儿看上去非常的硬，有着一身的正确开在路上，回头率满满。另外就是相比来说，它的价格要更加平民一点，具有很高的性价比。,[不满意],不满意的地方是有的！首先顶配车型副驾驶座椅高低不可调，不爽！其次方向盘加热没有实体按键，东北零下二十度的天气里刚起车车机系统不流畅，开方向盘加热略显费劲！最后坦克300预留了拖车电源接口和拖车钩接口，但并没有准拖质量。意味着如果你真的拖着一个拖车行驶在路上，就意味着随时会被交警查水表。,[外观],新车整体采用全新的设计语言，视觉效果非常的硬朗粗犷。前脸采用了趋于圆角矩形的前格栅，在提升整体性的同时，还契合了硬派SUV粗犷的设计风格。,[内饰],内饰上遵循了兼顾越野与豪华舒适的设计理念，既有粗犷的圆形出风口，副驾把手，又有精致的双连屏和电子挡杆。内饰的科技感和豪华感营造的非常到位。,[空间],[舒适],[油耗],在舒适性方面总体来说做的中规中矩，首先座椅非常软，而且包裹性也不错，坐上去挺舒服的，但是它的悬架有点偏硬，可能是为了越野而专门设计的。,刚才已经说过，坦克300的油耗在同级别来说属于偏高的水准，不过结合他的各个方面，这样的一个油耗数据也是可以理解的。,[动力],全系标配2.0t直列四缸发动机，搭配八挡手自一体的变速箱，最大马力可以达到227ps，这样的一个动力还是非常优秀的，只要你想他可以带你到任何地方。,[性价比],一提到硬派越野车到家，很多人可能想到的都会训练些合资或者全进口的车辆。但是在国产车其中也有一些硬派的越野车，比如这台坦克300。,[操控],作为主张越野风格的坦克300，它的操控性必然是大家所关注的一点。整体来说操控性还是做的非常不错的，不管是开上去的敏捷感，还是安全性都让我非常喜欢。,,
"
    发表于  2021-07    

      
        
    
    
",空间方面的表现很优秀，无论是前排还是后排都有比较宽敞的乘坐空间，驾驶位置有着比较好的视野，坐在里面不会有压抑的感觉，后备箱的容积也不错出去玩需要的东西能够放下,https://image1.xcarimg.com/attachments/my/1/90/70/179_120.jpg,xuser1917017,三星会员,4.63,外观,4,内饰,4,空间,5,舒适,5,油耗,5,动力,4,操控,5,性价比,5,购入信息,爱车车型,https://newcar.xcar.com.cn/m59316/,2021款坦克3002.0T 致敬莫奈限定版,购入时间,2021-03-01,购车地点, [海南省],裸车价格,21.21万  (厂商指导价 22.00万),当前油耗,9.2L/100km,购入用途,购物,接送小孩,,爱车简评,选车真的是一个痛苦的过程，真的真的，我考虑到保值，想买探岳line，不考虑保值，我就很想买领克05，后来等到大狗，又干呼万唤的等到坦克出来，我又无比纠结了……也希望各位老司机能帮我做做选择,爱车评价,,,,,,,,[最满意],最满意的是车子的外观，整体的外观特别的帅气力量感很足，男生应该会很喜欢，车子的动力也是很好的能够体验到比较刺激的驾驶体验,[不满意],最不满意可能是还没有试驾到，哈哈哈哈哈，西安17号就可以试驾了，可惜最近公司事多，我一直没去成，过阵子有时间一定感受去。,[外观],外观超帅气，全车充满了肌肉感看上去力量十足，车子的底盘很高遇见障碍时有很好的通过性，进气栅占据了车头很大的部分内部的横向装饰条在视觉上增加了车头宽度，看上去很有进攻性，侧身腰线流畅显得帅气不瘫肿,[内饰],内饰的整体给我的感觉很帅气大方，内部的整体布局比较合理看着很舒服，一体式中控屏看起来科技感十足，饰板很漂亮手感不错提升了车内的档次，座椅的软硬程度正好包裹感不错坐着舒服,[空间],[舒适],[油耗],舒适性的表现一般，座椅的包裹感不错腰部也有比较不错的输出，坐着很舒服长时间驾驶不会特别累，车子的悬架调校的偏硬路过坑洼路段会有明显的颠簸感，不过越野车就是要有很好的驾驶感，舒适度不是很重要,目前官方所公布的油耗数据是9.3L/100km，与我在实际试驾过程中的感受相差不大，这个油耗有些高但是考虑到车子的重量和动力输出，这个也不是不能接受，具体的油耗数据需要根据本人的驾驶习惯得出,[动力],车子的动力很强劲，最大功率167kw最大扭矩可达387N.m，可以满足驾驶员一些比较激烈的驾驶需求，选择这辆车子的人大部分都会比较喜欢出去自驾，强劲的动力在野外遇到一些比较复杂的路况时会比较有信心,[性价比],小男生的玩具车里一定会有一辆越野车模型，喜欢自由喜欢探索是可在男生骨子里的东西，这辆坦克300完全就是我小时候越野玩具车的放大版，看到它的第一眼，眼睛就那不开，一起来看看这辆坦克300在路上的实际表现,[操控],车子在操控方面还是有些难度的，不是很容易上手，方向盘的阻感比较明显需要一些力气，转向很精准没有很明显的虚位，动力输出和刹车比较线性会给驾驶员的驾驶带来很大的信心,,
"
    发表于  2021-07    

      
        
    
    
",空间将前排座椅调至最低，头部空间剩余一拳二指。前排座椅保持不变的前提下，后排拥有两拳头部和三拳的腿部空间，整体空间表现优秀。值得注意的是，坦克300后排中间座位座垫稍短，靠背有点儿硬，不过由于头部空间充足且脚下突起不算高，整体来说还是可以接受的状态。,https://image1.xcarimg.com/attachments/my/1/90/46/714_120.jpg,xuser1914671,用户被禁止发言,4.38,外观,4,内饰,4,空间,5,舒适,4,油耗,4,动力,5,操控,4,性价比,5,购入信息,爱车车型,https://newcar.xcar.com.cn/m59316/,2021款坦克3002.0T 致敬莫奈限定版,购入时间,2021-02-01,购车地点, [黑龙江省],裸车价格,21.2万  (厂商指导价 22.00万),当前油耗,9.2L/100km,购入用途,购物,接送小孩,,爱车简评,越野是一种精神和一种状态，坦克300发布以后一直在关注，预售20天订单破万足以显示出这辆车的火热程度。,爱车评价,,,,,,,,[最满意],坦克300整体采用了全新的设计语言，视觉效果十分硬朗、粗犷。具体来看，坦克300前脸采用了趋于圆角矩形的前格栅，内部则辅以圆形复古式LED大灯组和三幅式前格栅，在提升整体性的同时，还更加契合硬派SUV粗犷的设计风格。同时，其发动机盖上方隆起的线条，进一步增加该车力量感。,[不满意],坦克300价格有些偏高，身为一个国产品牌应该推出一些更实惠的产品来服务大众，完全可以在一些不必要的地方缩减成本，降低产品成本价格，让更多的消费者可以体验到产品,[外观],说到大灯坦克300，虽然它采用了复古的外形特征，但是它却在前大灯内部的灯组里采用了矩阵LED的方案，不得不佩服，作为一款标榜硬核越野车的产品，能在大灯配置上采用如此前卫且激进的手法。不仅照顾到造型上的美感，同时不失科技感，经典和科技的融合很是和谐。,[内饰],坦克300的内饰比它在标定时的状态成熟了很多。 即便它是一台当初以硬核标签出世的硬派越野车人设，但从现在的情况来看，它其实对于日常的舒适性、豪华感、以及科技感的营造还是非常到位的。,[空间],[舒适],[油耗],WEY坦克300的内部设计理念遵循了硬派越野的风格，大面积的方直轮廓线条搭配圆润的倒角，此外圆型空调出风口和圆形功能旋钮配以方菱形缝线内饰板，搭配起来更有质感。还配有12.3英寸双联屏、双温区自动空调、温度分区控制、燕飞利仕音响、ACC全速段自适应巡航、AEB自动紧急制动、LKA车道保持、ELK紧急车道保持、IACC智能速度辅助、LCK车道居中保持等智能驾驶辅助系统、全景影像等装备。,对于一辆硬派SUV来说，油耗或许不是那么重要，但事实上坦克300也拥有着不错得油耗成绩，百公里12个油对于这辆硬派SUV来说也还是个不错的成绩,[动力],动力系统也是全系统一，发动机来自长城旗下的蜂巢易创，是VV6、VV7上同款的代号E20CB发动机，传动系统来自采埃孚的8AT变速箱。驱动形式为分时四驱，供应商博格华纳为其提供关键技术，中央分动箱可实现100%锁止，根据配置不同前/后桥还会配备伊顿式电控差速锁。,[性价比],在拍摄静态照片的时候反而发觉坦克300这款硬派SUV车停在喧嚣店内，反而呈现出了一种完全不同的视觉感受。就好像一个很传统、很硬核、很执着的硬派车型，突然间跟时尚沾上边了，乍看上去还挺有范儿。,[操控],2.0T发动机结合ZF的8AT变速箱，表现可以说是尽职尽责。既不会太过唐突，也绝对不会让你抱怨太肉不够用。刚刚好的动力表现，满足你对于日常道路中的大多数需求还是不成问题的。作为一辆定位偏硬派的车型，它配备了全地形系统、蠕行模式、坦克转弯和底盘透视功能，AT胎等，不管在铺装路面还是非铺装路面它都有不错的表现,,
"
    发表于  2021-07    

      
        
    
    
",空间方面肯定是没有问题的，车身尺寸摆在这里，虽然是一个硬派越野车，但是它的造型设计很方正，所以空间的布局也是非常的科学,https://image1.xcarimg.com/attachments/my/1/90/70/131_120.jpg,xuser1917013,三星会员,4.50,外观,4,内饰,4,空间,4,舒适,5,油耗,5,动力,5,操控,4,性价比,5,购入信息,爱车车型,https://newcar.xcar.com.cn/m59316/,2021款坦克3002.0T 致敬莫奈限定版,购入时间,2021-02-01,购车地点, [河南省],裸车价格,21.19万  (厂商指导价 22.00万),当前油耗,9.2L/100km,购入用途,自驾游,跑长途,,爱车简评,一直想买一辆越野的车子，当时开好了哈弗h9，但是又有点犹豫，因为这个车子的内饰啊，觉得太古板了，刚好碰到坦克300上市，当时去看了车之后，觉得还不错，有点像牧马人的感觉，而且这个价格也比较亲民,爱车评价,,,,,,,,[最满意],最满意的还是他的这个外形设计风格，看上去非常硬朗，尤其是我这款水泥灰的颜色很有质感。,[不满意],最不满意的话大概就是这个车，因为上市的时间比较短，而且市场热度很高，没有什么价格上的优惠。,[外观],外形的设计风格其实有一点吉普牧马人的感觉，但是在很多细节方面他还是有自己的特色的，比如前面的大灯就很有个性，辨识度很高，再加上这个水泥灰的颜色，很符合他硬派越野车的设计风格。,[内饰],内饰的设计在硬派越野车里面来讲，应该是算得上是比较豪华精致的，首先大面积的软性材质以及很有造型设计感的换挡杆和空调出风口，都是很讨年轻人喜欢的。,[空间],[舒适],[油耗],舒适性的话比我想象中的好太多了，首先配置上就很丰富，所以加热通风按摩这些在硬派越野车里面来讲可以说是非常奢侈的配置，在配合这个音质非常好的燕飞利仕音响，即便是长途出行，一点都不觉得枯燥。,油耗目前我已经开了快500公里的路程了，基本上是在百公里13升左右，总体上来讲，这个发动机还是挺省油的。,[动力],这个车它使用的是一个2.0升的涡轮增压发动机，其实买车之前也有担心这个问题，但是实际体验的话感觉还不错，毕竟数据还比较的给力比，而且现在吉普牧马人也是用2.0T的发动机本质上来讲是没有问题的。,[性价比],魏派坦克300这个车绝对是国产车里面的标杆之作，不管是外观设计还是整体的底盘结构，以及它的越野性能，在配合上这个20万出头的价格，我觉得它的竞争力真的是没有任何对手。,[操控],操控感的话，我觉得这个车本身的设计就是非常偏科的，城市驾驶的话可能体验不会很好，但是在野外才是它的主力战场，底盘结构很硬朗，带有各种4驱系统，通过性很好。,,
"
    发表于  2021-07    

      
        
    
    
",买车后，基本上这个车都是我一个人开，我坐在过前排开车的感受就是这个车的空间确实挺大的，坐进去还有很多的空间，双腿都可以随意的放开，后排的空间也是比较大的，当时特意坐在后排感受过，空间够宽敞，坐在后排睡觉的话也没有什么事儿的。,https://image1.xcarimg.com/attachments/my/1/90/70/115_120.jpg,xuser1917011,三星会员,4.75,外观,5,内饰,5,空间,5,舒适,4,油耗,5,动力,4,操控,5,性价比,5,购入信息,爱车车型,https://newcar.xcar.com.cn/m59316/,2021款坦克3002.0T 致敬莫奈限定版,购入时间,2021-02-01,购车地点, [河北省],裸车价格,21.18万  (厂商指导价 22.00万),当前油耗,9.2L/100km,购入用途,接送小孩,自驾游,,爱车简评,其实当时这辆车子在上市之初，我自己就对这辆车子充满了期待，其实当时同样是长城汽车哈佛大狗，我觉得算不上越野车吧，只能算是上市，一辆硬朗的SUV，只有这辆坦克300才算得上是真正的越野车，虽然是入门级别的,爱车评价,,,,,,,,[最满意],这个车的动力还是非常充沛的，包括很多人开我的车都会夸奖说这个车的动力是比较充足的这让我觉得很有面子。,[不满意],方向盘的转向稍微重一点，以前的话我开方向盘轻的车子开习惯了，就觉得这个车的方向盘会稍微重一点吧，刚开始开的时候总会觉得有些不习惯的，后来时间长了应该慢慢的就习惯了，毕竟坦克300作为一辆越野车，要的就是这个范儿。,[外观],这个车外观的灯的设计是我比较欣赏的，方方正正的体型更有硬派的范儿，另外我觉得这个车灯设计让整个车看起来更加的比较上档次。,[内饰],内饰的用料确实是比较好的，从座椅和中控的细节部分可以看出，每一条线都缝的非常的仔细，可以看得出来，做工精致到完美了。,[空间],[舒适],[油耗],主要是觉得隔音效果好吧，所以对这个车的整体的舒适性我都会打一个比较高的分数的，因为其实买车的话不仅仅是代步工具，有时候也算是一种享受吧，坐在车里面要觉得舒适的才是可以的。,目前也没有怎么计算过油耗，因为是刚提的车目前的油耗在13.5个左右，一直都在市区跑2.0T的车能保持在这个油耗那是相当不错了。,[动力],主要是觉得这个车在换挡的时候基本上没有任何的顿挫感，对于这一点我必须给予肯定，因为如果说开车，动力有顿挫感的话，其实开起来会不太舒服的，所以说我挺喜欢开这个车的主要是我这个人对于动力的要求又是比较高的我们那边上班的路上其实都是非常空旷的，那条路基本上没有什么车，所以我一个人开车的时候我就喜欢把车开的快一点，2.0T的动力确实充沛，加速感很强，动力也是随叫随到。,[性价比],我觉得他的性价比真的高，坦克300这款车可以说在硬派越野级别里面属于配置丰富但还不贵的车（跟同级别硬派越野相比），在越野性能强悍的同时也兼顾了家用车的舒适性。,[操控],我朋友开我的车，对这个车的操控基本上都是持夸奖的态度，非承载式车身和独立忌架，在过减速带的时候不会有很明显的颠簸感，而是轻轻柔柔的类似于坐船一样。另外动力配合着不同的驾驶模式可以体验到不同的驾驶乐趣，后面再慢慢体验。,,
"
    发表于  2021-07    

      
        
    
    
",驾驶室空间很充实宽敞，平时用完全足够，还有一个大的后备箱，很实用,https://image1.xcarimg.com/attachments/my/1/90/46/713_120.jpg,傲娇小栗子,三星会员,4.63,外观,4,内饰,5,空间,5,舒适,4,油耗,5,动力,4,操控,5,性价比,5,购入信息,爱车车型,https://newcar.xcar.com.cn/m59316/,2021款坦克3002.0T 致敬莫奈限定版,购入时间,2021-02-01,购车地点, [河北省],裸车价格,21.18万  (厂商指导价 22.00万),当前油耗,9.2L/100km,购入用途,接送小孩,自驾游,,爱车简评,外形很吸引人，霸气稳重很符合年轻人的审美，动力很强，是我想要的动力，不管什么样的坡一脚油门就能冲上去。,爱车评价,,,,,,,,[最满意],这台车子让我最满意的地方是它的配置方面了，我觉得整个配置方面做的是特别优秀的，还有就是造型方面的话也时尚大方,[不满意],我觉得这台车子相对来讲的话整体表现都可以，其实我对他还是相当满意的，目前的话给我带来的都是感动和惊喜，所以没有不满意的地方,[外观],外观是最中意的，一眼看上去就让人心动，亮黑色的中网，复古的原型大灯，向外突出的轮毂以及硬朗的腰身线条，无一不凸显它硬朗霸气,[内饰],这台车子我觉得在内饰方面的话也还不错，整个内饰的功能分区是相当合理化的，另外就是综合来看的话，它的功能设计的比较优秀,[空间],[舒适],[油耗],这台车子我觉得在舒适性方面的话也是很不错的，它的舒适感很强，乘坐起来的时候特别的放松，座椅的靠背角度也特别的很人性化，靠在上面的时候，我觉得就像坐在家里的沙发一样,油耗方面的话还是省心的，我其实对这个方面的要求没有很高，他的油耗值确实是能够达到一个让我特别放心的状态了,[动力],这台车子在动力方面的话，我觉得还不错，整个动力带来的体验确实是相当不错的，加速过程特别的迅速，也非常的平顺，所以体验还是比较良好,[性价比],综合来看的话，这台车子的性价比我是特别喜欢的，它的性价比还是非常不错的，在同级别的车子中它有两个方面表现的，我觉得最优秀一个是动力方面，另外一个就是配置方面，这两个相对来讲对于出行有着很大的影响 别突出。,[操控],这台车子我觉得在操控起来的时候感受特别的不错，相对来讲配备了一些特别好的功能，对于出行的话能够更加省力一些,,
"
    发表于  2021-07    

      
        
    
    
",空间还是比较大的，中控台是双层的，上面下面都能放些东西，设计的还是比较方便的。,https://image1.xcarimg.com/attachments/my/1/90/70/111_120.jpg,xuser1917011,三星会员,4.63,外观,5,内饰,5,空间,5,舒适,4,油耗,5,动力,4,操控,5,性价比,4,购入信息,爱车车型,https://newcar.xcar.com.cn/m59316/,2021款坦克3002.0T 致敬莫奈限定版,购入时间,2021-02-01,购车地点, [广东省],裸车价格,21.17万  (厂商指导价 22.00万),当前油耗,9.2L/100km,购入用途,购物,接送小孩,,爱车简评,自己也是在一次出差的时候在操场上面看到了坦克300这辆车子，当时就迷上了这辆车子在外观这方面的设计的回到家果断就选择去4s店订车了，等车还是等了两个多月的时间，现在终于提车了，也是让自己非常的满意。,爱车评价,,,,,,,,[最满意],最满意外观。坦克300这车的外观是真的好看，颜值很高。前脸非常具有冲击力，车身侧面的轮廓又十分大方动感，线条也很硬朗。在这个级别的车型中，造型非常吸睛，我和媳妇都非常喜欢。,[不满意],最不满意的可能就是它的隔音效果不太好了。一旦速度达到一百以上或者上了高速，胎噪风噪就很大，让人有点受不了。尽管前后排都是双层玻璃，隔音效果依旧不好，有待改进。,[外观],外观年轻运动，车身尺寸和线条的设计也比较时尚，还有原厂自带的尾翼设计，辨识度很高。,[内饰],这款车的内饰简单大气，液晶仪表炫酷，多功能的方向盘上红色运动模式按钮很吸引眼光，就是车内有点异味。,[空间],[舒适],[油耗],在主驾的感觉还是很舒适的，座椅是运动座椅，包裹性和舒适型很舒服，看起来也比较高大上。,油耗在9个多油左右，车还在磨合期间，出了磨合期油耗还能往下降低点吧！,[动力],动力充足，起步加速快，有强烈的推背感。车子的动力平顺性也很好，没有顿挫感。,[性价比],选择坦克还是觉得性价比高，满足我对外观设计和动力的需求就基本可以了。,[操控],操控还是不错的，方向盘指向非常精准，过弯的侧向支撑性也非常稳定，就是底盘偏硬，过个减速带啥的有比较明显的颠簸。,,
"
    发表于  2021-07    

      
        
    
    
",由于仅仅是紧凑型SUV的车身尺寸，所以车内部的空间一般，不算特别宽敞。而且他的后备箱尾门需要侧开，平时如果要从后面拿东西，还需要留够充足的距离，在一般的车位上，感觉会有些不方便。,https://image1.xcarimg.com/attachments/my/1/90/67/568_120.jpg,gh1626049333,三星会员,4.63,外观,4,内饰,5,空间,5,舒适,4,油耗,4,动力,5,操控,5,性价比,5,购入信息,爱车车型,https://newcar.xcar.com.cn/m59316/,2021款坦克3002.0T 致敬莫奈限定版,购入时间,2021-02-01,购车地点, [福建省],裸车价格,21.16万  (厂商指导价 22.00万),当前油耗,9.2L/100km,购入用途,购物,接送小孩,,爱车简评,自己当时在买车的时候也是想买一台越野车作为刚上市的坦克300我觉得这辆车子外观这方面的设计还是比较吸引我的。,爱车评价,,,,,,,,[最满意],最满意坦克300出色的质感还有非常优秀的机械素质。作为硬派越野车，他在越野方面的配置功能很全，硬件条件非常优渥，同时还有着很好的动力系统匹配，在同价位的国产车型中非常难得，新车上市就受到了很多车友们的一致好评。,[不满意],因为刚入手坦克300，对它的性能还不是太了解，个个方面还没有完全的磨合，所以目前没有什么不满意的地方，唯一现有的就是空间不是坦克300的强项，虽然它看着尺寸不小，但是坐进车内，后排的空间一般，没有我想象的那么宽敞。,[外观],外观设计又特别具有个性，所以开着我的坦克300，总能收获很高的回头率。他的前大灯是圆形的LED的日行灯，将大灯内部分成上下两部分，点亮之后十分独特，亮黑色的中网，圆形复古的大灯，还有10分硬朗的向外突出的轮拱，配上上车的脚踏，整个造型都特别有力量。,[内饰],如果说外观给人的感觉是比较粗暴，那么内饰则又是现在最新潮的设计，充满了流行的元素和非常上档次的氛围，还有双连屏的中控布局，无论是科技氛围还是档次感都很强烈。我这个顶配，功能完全不需要担心，该有的全部都有，金属的面板，特别精致的空调出风口，圆形的设计就像是飞机的螺旋桨一样。整个车内用料很给力，皮质的包裹很多。,[空间],[舒适],[油耗],坦克300外观看来是是比较狂野，但是在舒适性这块还是做的挺不错的，我这款是顶配，功能很丰富，前排座椅带有加热通风，主驾驶还可以按摩。原厂又配备了燕飞利仕的音响，出行的时候听音乐也是一种享受，整体的行驶品质非常出色。底盘的舒适性也很好，悬架有很长一段距离来缓冲路面的震动。而为了进一步保证用户驾乘的舒适感，坦克300配备了双温区自动空调，温度分区控制，以更加科学、人性化的设计，满足不同驾乘者的舒适度要求。,市区里面用车，平均油耗基本上都是10~11升之间，如果高速的话，可以降到9升左右。买车之前，我看了一些同级别的车型，感觉坦克300的这个油耗算是比较给力的了，使用成本又不会太高，现在国产车的技术是原来好了。,[动力],2.0T的发动机最大227匹马力，虽然坦克300的车身重量超过了两吨，但是加速也不会觉得肉，提速感很明显，超车时非常轻快，无论是在低速时低担的表现还是高速上再加速时动力爆发的响应，都很突出，随时可以给我一个充足的动力储备。8at的变速箱换挡的平顺性很好，即使是频繁的变速，也不会出现顿挫感。,[性价比],作为硬派车型，WEY坦克300搭载了ACC全速段自适应巡航、AEB自动紧急制动、360全景影像等智能驾驶辅助系统，从某种定义上，完全可以替代豪华城市SUV，将硬派与智能、舒适完美结合的坦克300，已凭借一己之力，打破了国内硬派越野的传统格局，让越野迷不得不爱！无论配置，价格，安全方面，谁能给我一个不选它的理由！,[操控],对于一款硬派越野车来说，操控就是越野性能，坦克300在这方面的表现我觉得无可挑剔。首先是支持三种不同的驾驶模式切换，在不同的路况下，能够让我更加轻松的应对。其次是它带有前后的差速锁，可以帮我轻松的通过一些越野路况。再有是上坡辅助、陡坡缓降等等辅助驾驶功能，让操作更加简单，方向盘力度自然，响应很快，中间的虚位也不明显，原厂支持自适应巡航功能，配合一系列的主动安全配置，长途出行可以让我非常放松。,,
"
    发表于  2021-07    

      
        
    
    
",车子的空间我觉得还是挺大的，坐在里面空间都特别的宽敞，无论是前排还是后排的空间，都是非常的舒服，坐在里面翘个二郎腿都完全没问题，一而且车子的后备箱能存放的东西也是非常的多。,https://image1.xcarimg.com/attachments/my/1/90/70/095_120.jpg,xuser1917009,三星会员,4.63,外观,4,内饰,4,空间,4,舒适,5,油耗,5,动力,5,操控,5,性价比,5,购入信息,爱车车型,https://newcar.xcar.com.cn/m59316/,2021款坦克3002.0T 致敬莫奈限定版,购入时间,2021-01-01,购车地点, [山东省],裸车价格,21.15万  (厂商指导价 22.00万),当前油耗,9.2L/100km,购入用途,购物,接送小孩,,爱车简评,个人是比较看好长城的品控的，而且这个口碑也是在的，再加上这个车款的设计，我比较喜欢一颗越野的心，看到这样的设计，我心里面还是挺心潮澎湃的，牧马人那种级别是ok的，但是我的钱不够，挺无奈的,爱车评价,,,,,,,,[最满意],最满意的地方就是它的价值，而且里面的功能配置都非常的丰富，体验感很高级，你带给我的感受真的很不错。,[不满意],不满意的地方倒是没有综合下来，我觉得给我带给我带来的感受还是很不错的，后期再追评吧。,[外观],车子的外观设计的特别的具有个性，尤其是它的前脸，辨识度真的很高，而且底盘较高，开出去回头率也都是杠杠的。,[内饰],车子内饰大面积采用了金属材质的使用，而且还有双电平控制，无论是科技氛围还是档次感，都十分的强烈，而且里面的功能也都非常的做多，用起来还是挺方便的。,[空间],[舒适],[油耗],这个舒适性给我的感受真的非常的不错，尤其是他的作业还有配备加热通风的功能，而且最贴心的还有按摩，就算他之间驾驶下来都可以给我一个非常好的放松。,这次油耗给我的感受还是挺不错的，百公里油耗现在大概11个点左右，我觉得还是可以接受的。,[动力],动力这方面我觉得非常的不错，提速感很明显，操作的时候也很轻快，换档的时候平顺性也很好，大部分的时间都在市区开设，能给我带来顺滑的动力输出，开着它真的非常的舒服。,[性价比],只是觉得他外观非常的帅气，很让我心动，而且强大的越野性能，能满足我对车子的要求，试驾的时候他的舒适性给我的感受也是挺好的，所以就入手了。,[操控],车子操控起来我觉得非常的不错，方向盘转向很精准，而且操控起来非常的便捷，配备很多辅助的功能，让我驾驶起来更加的轻松。,,
"
    发表于  2021-07    

      
        
    
    
",我觉得这个车子把乘坐空间做得特别的出色因为我只需要五个座位，这样乘坐空间就特别的好了，后备箱空间不错，我把第二排座椅放倒以后，这个后备箱表现很好。,https://image1.xcarimg.com/attachments/my/1/90/34/655_120.jpg,gh1623928419,三星会员,4.63,外观,4,内饰,5,空间,5,舒适,5,油耗,5,动力,5,操控,4,性价比,4,购入信息,爱车车型,https://newcar.xcar.com.cn/m59316/,2021款坦克3002.0T 致敬莫奈限定版,购入时间,2021-01-01,购车地点, [重庆市],裸车价格,21.14万  (厂商指导价 22.00万),当前油耗,9.1L/100km,购入用途,购物,接送小孩,,爱车简评,当时在选车子的时候就是很想买一辆像越野车的车子，哈弗h9看过之后，我觉得它的设计挺老气的，然后，牧马人还是觉得挺不错的，但是又是价格这方面的问题，手上有一点紧张，后来相对看了一下新上的坦克300,爱车评价,,,,,,,,[最满意],对这个车子的外观感到特别的满意，中网用了很粗壮的镀铭条很有力量感，大灯的造型也是特别的别致，外观的设计让我特别的满意。,[不满意],唯独不满意的地方就是这个车子车内的储物空间不是很好，导致车子的中控台看起来特别的乱，如果能多一些收纳空间就不会有这样的问题了。,[外观],外观设计真的很有硬派SUV的风格，我老婆说这个车子在外观设计不修边幅，但是我觉得整体的精细感也不差，而且这个车子的重点是营造一种很霸气的感觉，开出去的时候确实气场挺大的。,[内饰],车子的内饰用了银色木纹装饰板，所以看起来整个内饰不会觉得特别的单调，至少在颜色上出现了一点小小的跳跃，这个内饰用材也确实很好，皮革的皮革包裹的面积很大。,[空间],[舒适],[油耗],虽然这个车子是硬派越野车的底盘，但是在公路上行驶舒适性还是挺好的，在经过一些坑洼的时候，这个车子和普通的城市SUV没有什么太大的差别。这车的隔音也让我比较的惊喜我还想着这么大个头的车子跑起来风噪肯定会很大，结果表现也是还不错的。,油耗刚开始比较大，后面开了一段时间后降下来了许多，想想这么大的车油耗大点也是必然的。,[动力],2.0T的动力很不错了，涡轮介入的比较早，转数一上来这个车子的涡轮就开始工作了，所以在动力上我觉得表现是挺好的，8AT的变速箱换挡速度适中，因为档位数比较少，换挡并不是特别的积极，但是我觉得日常开没什么影响。,[性价比],坦克300这个车是硬派SUV空间又大，而且还配备了这么多的功能，加上挺不错的动力，而且外观设计也极其的霸气，价格才20多，我真的很难拒绝一款这种车。,[操控],转向精准感确实没有特别的好，但是我感觉硬派越野车都是这个样子的，但是坦克300这个车子在操控的稳定性上却比很多车子做的还要好开起来感觉车子不会飘。,,
"
    发表于  2021-07    

      
        
    
    
",车子的空间我觉得还是完全很足的，每次出去游玩的时候，全家人坐在里面也不觉得很拥挤，我平时就是一个人上下班用车，所以空间对我来说很充足的。,https://image1.xcarimg.com/attachments/my/1/90/70/050_120.jpg,xuser1917005,三星会员,4.63,外观,5,内饰,4,空间,5,舒适,4,油耗,5,动力,5,操控,5,性价比,4,购入信息,爱车车型,https://newcar.xcar.com.cn/m59316/,2021款坦克3002.0T 致敬莫奈限定版,购入时间,2021-01-01,购车地点, [天津市],裸车价格,21.13万  (厂商指导价 22.00万),当前油耗,9.1L/100km,购入用途,购物,接送小孩,,爱车简评,到时买车的时候可以说我偏向于国产品牌，因为我觉得20万左右的价格肯定可以买到不错的SUV，尤其是遇到质量坦克300的时候，我更加坚定了自己的想法，首先是价格不算太高在我的预算之内，其实都是确实很漂亮，很豪华。,爱车评价,,,,,,,,[最满意],个人觉得坦克300的性价比还是十分ok的，我觉得他的外形我很喜欢，情人眼里出西施，我自己的喜欢就是最重要的事情，而且它的功能配置也比较丰富一些，我开着这个车子的感觉也是十分的得心应手的，总体来说都不错，方面都不会太拉垮，所以我最满意还是性价比,[不满意],车里面的内饰异味其实会有一些严重的，我有过敏性鼻炎，对味道气味比较敏感，一直哈秋哈秋,[外观],这个车子的外观设计可以说比较独特，很有自己的特色，无论停在哪里就非常与众不同，识别度相当的高。,[内饰],我也比较喜欢这辆车的，内饰的用料基本都是非常精细的，做工也非常的用心，造型设计也相当的时尚。,[空间],[舒适],[油耗],这辆车的支撑性和包裹性很好，对身体的包裹也比较好，减震做的也很棒，通过一些坑洼路面也没有太明显的摇晃。,现在的油耗也不是很多，一直稳定在十个左右，油耗的显示也不是太高。,[动力],动力表现的很好，爆发力不错，起步的时候会迅速，特别是跑山路的时候很轻松，坑洼路面都可以轻松通过。,[性价比],之前开的都是轿车，二手的朗逸也是上年纪了，毛病也多，有了换车的想法，所以付诸行动也是在线上线下看了很久，最终我觉得心上的坦克300还是挺有性价比的，而且他这个车子外形很帅，所以我又考虑到价格还挺合适的，经济压力不会特大，所以就定下,[操控],对于这辆车的操控，我觉得还是非常不错的，很容易上手，辅助功能也相当的多，开着很有安全感。,,
"
    发表于  2021-07    

      
        
    
    
",空间够大，前排驾驶员调整好合适位置，后排还可以轻松翘起二郎腿，满座的情况下轻轻松松。而且后排还可以放平，简直就是一张床睡在上面很舒服。,https://image1.xcarimg.com/attachments/my/1/90/70/028_120.jpg,xuser1917002,三星会员,4.63,外观,4,内饰,5,空间,4,舒适,5,油耗,5,动力,5,操控,5,性价比,4,购入信息,爱车车型,https://newcar.xcar.com.cn/m59316/,2021款坦克3002.0T 致敬莫奈限定版,购入时间,2021-01-01,购车地点, [上海市],裸车价格,21.12万  (厂商指导价 22.00万),当前油耗,9.1L/100km,购入用途,购物,接送小孩,,爱车简评,也许是因为自己心中的一丝执念，我对于充满了野性与活力的事物有着一种莫名的追求，在经过了思想和犹豫和纠结之后，不过家人和朋友们的反对，我入手了这辆坦克300虽然消耗比较高一点，但是用起来确实是更爽。,爱车评价,,,,,,,,[最满意],偏爱这个车子的设计，外表的感觉看上去比较饱满，不会有瘦瘦扁扁的感觉，刚正不阿的线条设计风力感也比较明显，硬朗有个性我喜欢！,[不满意],开着这个车子的时候，我觉得尤其是在急加速的时候，挺一般的感觉，没有太大的爆发力,[外观],外观酷酷的，简约大气，识别度高，不会有那么多的花里胡哨，对人运动中不是稳重的感觉。,[内饰],多功能方向盘运动感十足，功能使用方便，该有的功能都有，全皮质座椅重要和做工都是一流，内饰完全对得起这个价位。,[空间],[舒适],[油耗],在城里的路开起来的话，平平坦坦的，没什么特别的感觉，反正也不会难受，跑乡下的路的话，颠簸感基本上能化解掉，不会特别的抖,油耗11个，我虽然不是太高，我还是希望它低一点，如果降到十个以下就更完美了。,[动力],我主要是看中这款车在动力才买它的，起步也不肉家用够使。提速上非常快，开着也很顺畅，爬坡越野也不在话下。,[性价比],选择这款车主要它的性价比很高，不管从外观，空间，配置都很对得起这个价位，一分价钱一分货，如果归同价位的合资车比，合资车可能就不好意思了，这样的价位，这样的配置，这样的空间，这样的块头真心的满意。,[操控],方向盘精准很轻，底盘扎实，刹车灵敏，视野开阔驾驶起来有一定的安全感。,,
"
    发表于  2021-07    

      
        
    
    
",这个车不管是前排的空间还是后排的空间，我都是觉得挺大的，储物空间会小一些不过没什么影响。,https://image1.xcarimg.com/attachments/my/1/90/69/945_120.jpg,xuser1916994,三星会员,4.38,外观,4,内饰,4,空间,4,舒适,4,油耗,5,动力,4,操控,5,性价比,5,购入信息,爱车车型,https://newcar.xcar.com.cn/m59316/,2021款坦克3002.0T 致敬莫奈限定版,购入时间,2021-01-01,购车地点, [北京市],裸车价格,21.11万  (厂商指导价 22.00万),当前油耗,9.1L/100km,购入用途,购物,接送小孩,,爱车简评,抖音刷到过好多次坦克300，上网也是经常能看到这车的身影，即使我都好久没怎么玩越野也被勾起了兴趣。更巧的是公司一位同事就提了一辆坦克300，我开过之后觉得挺不错的，价格也不贵，所以我也入手了一辆,爱车评价,,,,,,,,[最满意],坦克300的空间和动力是自己比较喜欢的，特别是后备箱的空间，每次出门玩的时候就会觉得特别方便。,[不满意],我觉得刚提回来的时候，可以在车里面闻到一些很大的味道，从小我对于这种味道是有一些敏感的，因为我觉得每次开车的时候基本上都要把四个车窗全部都打开，如果都不开的话坐在这个车里面就会不停的打喷嚏，因为闻着这些味道有些难受。,[外观],坦克300外观的造型跟自己想象中的是差不多的，我觉得看起来还是挺大气的，颜色也比较时尚，不觉得老土。,[内饰],坦克300的内饰稍微有些异味吧，然后其他方面我自己还是挺喜欢的，如果说买这个车的话就要注意这些问题，不过后期自己在网上买了很多炭包，放在车里面，时间长了之后，这些味道慢慢的就散了。,[空间],[舒适],[油耗],一辆车的舒适性好不好可以从很多方面来看，坦克300的舒适性我觉得还是不错的，舒适性的配置真的很好了。,油耗不高不低，我觉得就跟正常的车的油耗是差不多的，目前跑了一千多公里，基本上都是市区跑，14个左右。,[动力],2.0T的发动机，搭配宝马同款的8速自动变速箱，后期的爆发力真的太强了，这样的动力确实是非常给力的。,[性价比],我当时选坦克300的时候，其实也是挺犹豫的因为现在可以选择的品牌真的太多了，而且有的车基本上都是在降价的。选来选去，我还是选了自己第一眼看中的车，虽然没有优惠，到现在为止从来没有后悔过，我觉得自己的选择确实是比较对的。,[操控],坦克300的方向盘的转向是比较灵活的，开起来会觉得非常的舒服，而且这个车最优秀的地方还是他的越野能力强。,,
"
    发表于  2021-05    

      
        
    
    
",,https://image1.xcarimg.com/attachments/my/0/30/93/153_120.jpg,jimyuan9dm04,新手上路,4.75,外观,5,内饰,4,空间,4,舒适,5,油耗,5,动力,5,操控,5,性价比,5,购入信息,爱车车型,https://newcar.xcar.com.cn/m59316/,2021款坦克3002.0T 致敬莫奈限定版,购入时间,2021-05-01,购车地点, [湖北省],裸车价格,22万  (厂商指导价 22.00万),当前油耗,11L/100km,购入用途,上班,购物,自驾游,爱车简评,不管是前排的空间还是后排的空间，我都是觉得挺大的，储物空间会小一些不过没什么影响。,爱车评价,,,,,,,,[最满意],坦克300的空间和动力是自己比较喜欢的，特别是后备箱的空间，每次出门玩的时候就会觉得特别方便。,[不满意],我觉得坦克300刚提回来的时候，可以在车里面闻到一些很大的味道，从小我对于这种味道是有一些敏感的，因为我觉得每次开车的时候基本上都要把四个车窗全部都打开，如果都不开的话，坐在这个车里面就会不停的打喷嚏，因为闻着这些味道有些难受。,[外观],坦克300外观的造型跟自己想象中的是差不多的，我觉得看起来还是挺大气的。,[内饰],坦克300的内饰稍微有些异味吧，然后其他方面我自己还是挺喜欢的。如果说买这个车的话就要注意这些问题，不过后期自己在网上买了很多炭包，放在车里面，时间长了之后，这些味道慢慢的就散了。,,[舒适],[油耗],一辆车的舒适性好不好可以从很多方面来看，坦克300的舒适性我觉得还是不错的。,油耗不高不低，我觉得就跟正常的车的油耗是差不多的。,[动力],后期的爆发力真的太强了，这样的动力确实是非常给力的。,[性价比],反正性价比一直都是自己比较喜欢的吧，价位比较合适，而且质量靠得住。,[操控],坦克300的方向盘的转向是比较灵活的，开起来会觉得非常的舒服。,,
"
    发表于  2021-05    

      
        
    
    
",除格的空间都是非常大的，对这些细节方面都想到了这一点的话，是我自己比较佩服的。,https://image1.xcarimg.com/attachments/my/0/30/93/154_120.jpg,yy2003efgw,新手上路,4.63,外观,5,内饰,5,空间,5,舒适,4,油耗,5,动力,5,操控,4,性价比,4,购入信息,爱车车型,https://newcar.xcar.com.cn/m59316/,2021款坦克3002.0T 致敬莫奈限定版,购入时间,2021-05-01,购车地点, [河南省],裸车价格,22万  (厂商指导价 22.00万),当前油耗,11L/100km,购入用途,上班,接送小孩,,爱车简评,最喜欢的是这个车的座椅的设计，不仅设计的比较美观，坐上去也会觉得很舒适。,爱车评价,,,,,,,,[最满意],服务态度真的非常好，当时去店里面的时候所有的人都是比较热情的。不管我我是买了车之后还是买车之前对我的态度都是一样的，这一点确实是不错的。,[不满意],我觉得这个车的音响效果没有我想象中的那么好，其他方面倒没有发现有什么太多的缺点，可能现在自己开的也不算多吧，后期开的多了，再有什么新的发现，有什么缺点，我再来补充一下吧。,[外观],这个车的外观设计确实是挺符合自己心目中的要求的，看上去就会觉得与众不同。,,,[空间],[舒适],[油耗],就是觉得这个车的音响效果没有自己想象中的那么好，但是其他方面都还是挺不错的，因为坐在这个车里面的整体感受是很不错的。,和普通的车的油耗是差不多的，我从来都没觉得这个车的油耗有多高过。,[动力],后期的爆发力确实是很强的，对于这个动力我就不想说什么了，反正一直都是持夸奖的态度吧。,[性价比],当时买的时候给我优惠了不少，对于这一点还是很看好的。,[操控],方向盘的转向确实是比较轻便的好很多，其他的车对比的话，这个车开起来我觉得会更顺手一点，可能这个车的操控比较符合自己的驾驶习惯吧。,,
"
    发表于  2021-03    

            
    
    
",空间体验这一块儿我觉得非常的棒，尤其是坐进车内的那种感觉就像待在一个房间一 样，而且还有不错的储物空间,https://image1.xcarimg.com/attachments/my/1/88/86/384_120.jpg,xuser1898638,三星会员,5.00,外观,5,内饰,5,空间,5,舒适,5,油耗,5,动力,5,操控,5,性价比,5,购入信息,爱车车型,https://newcar.xcar.com.cn/m58053/,2021款坦克300越野版 2.0T 探索者,购入时间,2021-01-01,购车地点,中山市润达汽车销售服务有限公司 [广东省],裸车价格,17.9万  (厂商指导价 17.58万),当前油耗,11L/100km,购入用途,自驾游,,,爱车简评,我觉得这辆车的空间很大，因为有时候我们一-家人出去游玩，或者去走亲戚的时候需要，很大的空间才可以，这款车完全能满足我的用车要求。,爱车评价,实拍图片,https://img1.xcarimg.com//review/20210324/98da09e029854cecbbe7a2518c9d7f62.png-169x127.jpg,https://img1.xcarimg.com//review/20210324/2a9f54b5b8c8e24fc7a881d1ad548410.png-169x127.jpg,https://img1.xcarimg.com//review/20210324/03069e8a21dd82e571dfcea19564f9c2.png-169x127.jpg,https://img1.xcarimg.com//review/20210324/f393a72d631576f927bbde353a1a1cf7.png-169x127.jpg,https://img1.xcarimg.com//review/20210324/3b149588e61a937eea7e24872c95f66e.png-169x127.jpg,https://img1.xcarimg.com//review/20210324/7d5bd9016b7a39aecacf2b49caea3f4b.png-169x127.jpg,[最满意],我觉得这辆车子身上确实有很多豪华的设计，尤其是前年的中设计，看上去比较像它的霸气，而且阵身的侧面轮毂给人一科技的气息，当自己打开车门坐上去的时候，感受到更多的宽敞，充足和富裕的风格，而且中控台的设计也很高大。,[不满意],我觉得这辆车子需要优化的可能是油耗这方面。如果油耗降到十个以下，我就没有什么遗憾了。,[外观],但从这辆车子外观你就能体验到什么叫做豪华，气派霸气，虽然才二十多万的车子，可以开出三四十万的气质。,[内饰],车子的内饰的装饰确实能过关，尤其是中控和方向盘是相当的有质感，座椅也有不错的用料和设计风格,[空间],[舒适],[油耗],我认为-辆车子要有良好的驾驶体验，那肯定要有拥有一个比较大的身躯，这样坐在上面会更加的稳，更加的没有拘束感和舒适性。,我觉得这辆车的油耗还是比较高的，毕竟十几个点超出了我的预想范围。如果油耗再加以改进低 -点，那就更好了。,[动力],动力对这辆车来说完全不是问题。虽然车身比较大，但开起来绝对的没有肉的感觉，特别是爬山路越野的时候，多会轻轻松松。,[性价比],到时买车的时候可以说我偏向于国产品牌，因我觉得20万左右的价格肯定可以买到不错的SUV，尤其是遇到质量坦克300的时候，我更加定了自己的想法，首先是价格不算太高在我的预算之内，其实都是确实很漂亮，很豪华。,[操控],子虽然大，但开起来没有笨重的感觉，方向盘也是很轻盈的，刹车也很灵敏，开起来有一定的信心。,,
"
    发表于  2021-03    

            
    
    
",由于仅仅是紧凑型SUV的车身尺寸，所以车内部的空间一般，不算特别宽敞。而且他的后备箱尾门需要侧开，平时如果要从后面拿东西，还需要留够充足的距离，在一般的车位上，感觉会有些方便。#外观,https://image1.xcarimg.com/attachments/my/1/88/86/381_120.jpg,xuser1898638,三星会员,5.00,外观,5,内饰,5,空间,5,舒适,5,油耗,5,动力,5,操控,5,性价比,5,购入信息,爱车车型,https://newcar.xcar.com.cn/m58053/,2021款坦克300越野版 2.0T 探索者,购入时间,2021-01-01,购车地点,天津博信宏达汽车销售服务有限公司 [天津市],裸车价格,18.3万  (厂商指导价 17.58万),当前油耗,10.1L/100km,购入用途,跑长途,越野,泡妞,爱车简评,我最满意的地方还是这辆车子的外观设计，我觉得复古风加上他大气的外形，整体风格还是非常的让我觉得迷人的。,爱车评价,实拍图片,https://img1.xcarimg.com//review/20210324/091d9519ea2139c561cd929d4ad9ae3c.png-169x127.jpg,https://img1.xcarimg.com//review/20210324/5480d6373bf7c185a84e1f217aa1bf9f.png-169x127.jpg,https://img1.xcarimg.com//review/20210324/8d9d1af22b452ffdb94d2e6711b5709b.png-169x127.jpg,https://img1.xcarimg.com//review/20210324/a1222de15a167910f2e73b4d806ec67c.png-169x127.jpg,https://img1.xcarimg.com//review/20210324/19d154c4f34e8476713d8e6b998171fc.png-169x127.jpg,,[最满意],最满意坦克300出色的质感还有非常优秀的机械素质。作为硬派越野车，他在越野方面的配置功能很全，硬件条件非常优渥，同时还有着很好的动力系统匹配，在同价位的国产车型中非常难得：新车上市就受到了很多车友们的一致好评。,[不满意],因为刚入手坦克300，对它的性能还不是太了解，个个方面还没有完全的磨合，所以目前没有什么不满意的地方，唯一现有的就是空间不是坦克300的强项，虽然它看着尺寸不小，但是坐进车内，后排的空间一般，没有我想象的那么宽敞。,[外观],外观设计又特别具有个性，所以开着我的坦克300，总能收获很高的回头率。他的前大灯是圆形的LED的日行灯，将大灯内部分成上下两部分，点点之后十分独特，亮黑色的中网，圆形复古的大灯，还有10分硬朗的向外突出的轮拱，配上上车的脚踏，整个造型都特别有力量。,[内饰],如果说外观给人的感觉是比较粗暴，那么内饰则又是现在最新潮的设计，充满了流行的元素和非常上档次的氛围，还有双连屏的中控布局，无论是科技氛围还是档次感都很强烈。我这个顶配，功能完全不需要担心，该有的全部都有，金属的面板，特别精致的空调出风口，圆形的设计就像是飞机的螺旋桨-样。整个车内用料很给力，皮质的包裹很多。,[空间],[舒适],[油耗],舒适感这方面的话真的是非常的让我满意了，底盘特别的扎实,我觉得这辆车子的油耗目前是在10个多还是比较高的。,[动力],加速的话真的是非常的让我满意，气也是特别大的。,[性价比],作为硬派车型，WEY坦克300搭载了ACC全速段自适应巡航、AEB自动紧急制动、360全景影像等智能驾驶辅助系统，从某种定义上，完全可以替代豪华城市SUV，将硬派与智能、舒适完美结合的坦克300，已凭借--己之力，打破了国内硬派越野的传统格局，让越野迷不得不爱！无论配置，价格，安全方面，谁能给我-一个不选它的理由！,[操控],越野车开起来我感觉还是比较灵活-一点的。不会觉得难开,,
"
    发表于  2021-03    

            
    
    
",空间够大，前排驾驶员调整好合适位置，后排还可以轻松翘起二郎腿，满座的情况下轻轻松松。而且后排还可以放平，简直就是一-张床睡在上面很舒服,https://image1.xcarimg.com/attachments/my/1/88/60/234_120.jpg,gh1615098863,支柱会员,5.00,外观,5,内饰,5,空间,5,舒适,5,油耗,5,动力,5,操控,5,性价比,5,购入信息,爱车车型,https://newcar.xcar.com.cn/m58053/,2021款坦克300越野版 2.0T 探索者,购入时间,2021-01-01,购车地点,中山市润达汽车销售服务有限公司 [广东省],裸车价格,17万  (厂商指导价 17.58万),当前油耗,12L/100km,购入用途,跑长途,商务接送,,爱车简评,偏爱这个车子的设计，外表的感觉看上去比较饱满，不会有瘦瘦扁扁的感觉，刚正不阿的线条设计风力感也比较明显，硬朗有个性我喜欢！,爱车评价,实拍图片,https://img1.xcarimg.com//review/20210324/0171c9ee92fc9c3a7d58becfd68c0fb2.png-169x127.jpg,https://img1.xcarimg.com//review/20210324/7a9d45505b24ce3070b2090a9d8d32c1.png-169x127.jpg,https://img1.xcarimg.com//review/20210324/e772e17e4edd291e97d563dec46228aa.png-169x127.jpg,https://img1.xcarimg.com//review/20210324/18ffe9b41f226c3a106b90f654170ea3.png-169x127.jpg,https://img1.xcarimg.com//review/20210324/a297dd5ffcaab0b38b4c66f2aedb330a.png-169x127.jpg,https://img1.xcarimg.com//review/20210324/907e26bf7d28ea04eb725d9a6da8e6fa.png-169x127.jpg,[最满意],最满意的就是外观前脸简要霸气，前脸两个大灯识别度高，好看的同时提高了安全的系数，整个身看起来很方正，给人一种厚实稳重的感觉。,[不满意],最不满意的肯定是有的，感觉油耗有点偏高，磨合期过后应该下降一点就好了。,[外观],外观酷酷的，简约大气，识别度高，不会有那么多的花里胡哨，对人运动中不是稳重的感觉。,[内饰],多功能方向盘运动感十足，功能使用方便，该有的功能都有，全波质座椅重要和做工都是一流，内饰完全对得起这个价位。,[空间],[舒适],[油耗],座椅软硬适中，不属于偏软的那种个人爱好吧，是本人喜欢的减震不错。,油耗11个，我虽然不是太高，我还是希望它低一点，如果降到十个以下就更完美了。,[动力],我主要是看中这款车在动力才买它的，起步也不肉家用够使。提速上非常快，开着也很顺畅，爬坡越野也不在话下。,[性价比],选择这款车主要它的性价比很高，不管从外观空间，配置都很对得起这个价位，-分价钱-分货，如果归同价位的合资车比，合资车可能就不好意思了，这样的价位，这样的配置，这样的空间，这样的块头真心的满意。,[操控],方向盘精准很轻，底盘扎实，刹车灵敏，视野开阔驾驶起来有一定的安全感。,[四驱],越野够用
"
    发表于  2021-03    

            
    
    
",我觉得空间这方面的话也是做的比较宽敞的，乘坐空间很大。这台车子我觉得它的空间是可以的，没什么说的，就是比较宽松，乘坐起来的时候我觉得不拥挤,https://image1.xcarimg.com/attachments/my/1/88/86/376_120.jpg,xuser1898637,三星会员,5.00,外观,5,内饰,5,空间,5,舒适,5,油耗,5,动力,5,操控,5,性价比,5,购入信息,爱车车型,https://newcar.xcar.com.cn/m58053/,2021款坦克300越野版 2.0T 探索者,购入时间,2021-02-01,购车地点,上海格林威沪宜汽车销售服务有限公司 [上海市],裸车价格,18.6万  (厂商指导价 17.58万),当前油耗,10L/100km,购入用途,越野,泡妞,赛车,爱车简评,让我觉得这满意的地方就是这样，子在动力这方面的表现了，真的是非常的强劲，让我非常的喜欢。,爱车评价,实拍图片,https://img1.xcarimg.com//review/20210324/43b9864780e4bb1221b675dc173f1c2d.png-169x127.jpg,https://img1.xcarimg.com//review/20210324/32801355afcacec35724715f614ebe75.png-169x127.jpg,https://img1.xcarimg.com//review/20210324/959b74028e001322c5422bcf4c36f638.png-169x127.jpg,https://img1.xcarimg.com//review/20210324/a4df541ca72497f43d5d4a27e3f200fe.png-169x127.jpg,https://img1.xcarimg.com//review/20210324/5ee57a857d3a6d7bb950e406b9c14c1e.png-169x127.jpg,https://img1.xcarimg.com//review/20210324/5138a6dc0f0178dea7bbfa5200bda97d.png-169x127.jpg,[最满意],这台车子让我最满意的地方是它的配置方面了，我觉得整个配置方面做的是特别优秀的，还有就是造型方面的话也时尚大方,[不满意],我觉得这台车子相对来讲的话整体表现都可以，其实我对他还是相当满意的，目前的话给我带来的都是感动和惊喜，所以没有不满意的地方,[外观],硬朗的外形设计是让我非常喜欢的车灯的设计也特别的亮眼。,[内饰],这台车子我觉得在内饰方面的话也还不错，整个内饰的功能分区是相当合理化的，另外就是综合来看的话，它的功能设计的比较优秀,[空间],[舒适],[油耗],这台车子开久了也不会觉得说开车累,十个多的油耗我是挺满意的可以接受,[动力],动力的表现真的是特别足，爆发力非常的强劲加速很快。这台车子在动力方面的话，我觉得还不错，整个动力带来的体验确实是相当不错的，加速过程特别的迅速，也非常的平顺，所以体验还是比较良好,[性价比],综合来看的话，这台车子的性价比我是特别喜欢的，它的性价比还是非常不错的，在同级别的车子中它有两个方面表现的，我觉得最优秀-个是动动方面，另外-个就是配置方面，这两个相对来讲对于出行有着很大的影响,[操控],操控这方面的话毫无问题了，真的是非常的满意。这台车子我觉得在操控起来的时候感受特别的不错，相对来讲配备了-些特别好的功能，对于出行的话能够更加省力--些,,
"
    发表于  2021-03    

            
    
    
",买车后，基本上这个车都是我一个人开，我坐在前排开车的感受就是这个车的空间确实挺大的，坐进去还有很多的空间，双腿都可以随意的放开，后排的空间也是比较大的，当时特意坐在后排感受过，空间够宽敞，坐在后排睡觉的话也没有什么事儿的。,https://image1.xcarimg.com/attachments/my/1/88/86/375_120.jpg,xuser1898637,三星会员,4.88,外观,5,内饰,5,空间,5,舒适,5,油耗,5,动力,5,操控,4,性价比,5,购入信息,爱车车型,https://newcar.xcar.com.cn/m58053/,2021款坦克300越野版 2.0T 探索者,购入时间,2021-01-01,购车地点,深圳市大兴宝锦汽车销售服务有限公司 [广东省],裸车价格,18万  (厂商指导价 17.58万),当前油耗,12L/100km,购入用途,跑长途,越野,,爱车简评,最满意的还是他的这个外形设计风格，看上去非常硬朗，尤其是我这款水泥灰的颜色很有质感。,爱车评价,实拍图片,https://img1.xcarimg.com//review/20210323/21e023a04350b0becf3faae5100dd2f2.png-169x127.jpg,https://img1.xcarimg.com//review/20210323/e6f7ac653fe8e24ad14a956c2521318f.png-169x127.jpg,https://img1.xcarimg.com//review/20210323/48cdb44502535a9c95fb64c1464ef2f3.png-169x127.jpg,https://img1.xcarimg.com//review/20210323/79ca72dad0200c8435649b42d449cfbb.png-169x127.jpg,https://img1.xcarimg.com//review/20210323/6d7b79b98549bf9591e6e261927eae53.png-169x127.jpg,https://img1.xcarimg.com//review/20210323/81a88d524d22117ce97880b02058513a.png-169x127.jpg,[最满意],这个车的动力还是非常充沛的，包括很多人开我的车都会夸奖说这个车的动力是比较充足的这让我觉得很有面子。,[不满意],方向盘的转向稍微重一点，以前的话我开方向盘轻的车子开习惯了，就觉得这个车的方向盘会稍微重一点吧，刚开始开的时候总会觉得有些不习惯的，后来时间长了应该慢慢的就习惯了，毕竟坦克300作为一辆越野车，要的就是这个范儿。,[外观],这个车外观的灯的设计是我比较欣赏的，方方正正的体型更有硬派的范儿，另外我觉得这个车灯设计让整个车看起来更加的比较上档次。,[内饰],内饰的用料确实是比较好的，从座椅和中控的细节部分可以看出，每一条线都缝的非常的仔细，可以看得出来，做工精致到完美了。,[空间],[舒适],[油耗],主要是觉得隔音效果好吧，所以对这个车的整体的舒适性我都会打一个比较高的分数的，因为其实买车的话不仅仅是代步工具，有时候也算是一种享受吧，坐在车里面要觉得舒适的才是可以的。,目前也没有怎么计算过油耗，因为是刚提的车目前的油耗在13.5个左右，一直都在市区跑2.0T的车能保持在这个油耗那是相当不错了。,[动力],主要是觉得这个车在换挡的时候基本上没有任何的顿挫感，对于这一点我必须给予肯定，因为如果说开车，动力有顿挫感的话，其实开起来会不太舒服的，所以说我挺喜欢开这个车的主要是我这个人对于动力的要求又是比较高的我们那边上班的路上其实都是非常空旷的，那条路基本上没有什么车，所以我一个人开车的时候我就喜欢把车开的快一点，2.0T的动力确实充沛，加速感很强，动力也是随叫随到。,[性价比],我觉得他的性价比真的高，坦克300这款车可以说在硬派越野级别里面属于配置丰富但还不贵的车（跟同级别硬派越野相比），在越野性能强悍的同时也兼顾了家用车的舒适性。,[操控],我朋友开我的车，对这个车的操控基本上都是持夸奖的态度，非承载式车身和独立悬架，在过减速带的时候不会有很明显的颠簸感，而是轻轻柔柔的类似于坐船一样。另外动力配合着不同的驾驶模式可以体验到不同的驾驶乐趣，后面再慢慢体验。,,
"
    发表于  2021-03    

            
    
    
",坐在车上，我觉得视野还挺好的，然后整个空间里面也比较透亮，我一米七二的个子，坐在里面的话觉着比较舒服。,https://image1.xcarimg.com/attachments/my/1/88/35/569_120.jpg,gh1613868062,三星会员,5.00,外观,5,内饰,5,空间,5,舒适,5,油耗,5,动力,5,操控,5,性价比,5,购入信息,爱车车型,https://newcar.xcar.com.cn/m58053/,2021款坦克300越野版 2.0T 探索者,购入时间,2021-01-01,购车地点,广州盛迪汽车销售服务有限公司 [广东省],裸车价格,18.2万  (厂商指导价 17.58万),当前油耗,9.4L/100km,购入用途,越野,泡妞,赛车,爱车简评,让我觉得最满意的地方就是这辆车子的动力和它的通过性能的。这辆车子的底盘是比较高的，而且它的动力也是非常的不错。,爱车评价,实拍图片,https://img1.xcarimg.com//review/20210323/0caffbd1b086ca990e1c866e5ca0f343.png-169x127.jpg,https://img1.xcarimg.com//review/20210323/526549930e2e3de357879187bb1753a7.png-169x127.jpg,https://img1.xcarimg.com//review/20210323/9da84243449739687b4d2d32272f6d6d.png-169x127.jpg,https://img1.xcarimg.com//review/20210323/44a8d577a48c783e403cec23361b495f.png-169x127.jpg,https://img1.xcarimg.com//review/20210323/3e202604b184826f1620df09cea00b40.png-169x127.jpg,https://img1.xcarimg.com//review/20210323/4562575d286ac853dbcdb55ad6f2932c.png-169x127.jpg,[最满意],冲着它的越野外观去，看起来非常帅，当时看官方图的时候，就觉得这车子跟自己想象的有一种不约而同的不谋而合。我觉得它像一只温柔的野兽。,[不满意],胎噪比较明显，胎面感觉比较宽，跟路面接触摩擦面积比较大，低速开起来没什么，就是高速的时候有一点。,[外观],橙色耀眼，像一只大大的温柔的野兽，圆圆的车头呆呆的萌。,[内饰],我感觉除了大气，也有一丝小小的精致感。出风口，设计的还是挺有个性的，方向盘有加热棒啊。,[空间],[舒适],[油耗],但是四个轮子跟地面摩擦摩擦，坐在车里面，它的噪声还是让我觉得有点喧宾夺主的感觉，车内安静倒是谈不上，稍微有一点胎噪的声音音乐勉强盖盖吧。,目前也开了半个月了，跑了2000多公里，市区郊区都有，目前实际是11个上下的水平。,[动力],油门踩下去还有点推背感，终于体会到温柔野兽的冲劲了！,[性价比],在去年天的时候拿到驾照，自己想买车子了我心仪越野派，坦克300还没上市的时候就蛮期待的，当时看了实车，比较满意，就拿下了。,[操控],说车子是温柔的野兽，我感觉它还是蛮听话的，比较好开，被我驯服的跟我很有默契，转弯比较灵敏，转弯的幅度也比较小。,,
"
    发表于  2021-03    

            
    
    
",车内的空间我觉得设计的还是比较宽敞的，也坐的很舒服，后备箱也很大。空间的话还是非常够用的，特别的宽，后排的位置也做的比较舒服。,https://image1.xcarimg.com/attachments/my/1/88/86/368_120.jpg,xuser1898636,三星会员,5.00,外观,5,内饰,5,空间,5,舒适,5,油耗,5,动力,5,操控,5,性价比,5,购入信息,爱车车型,https://newcar.xcar.com.cn/m58053/,2021款坦克300越野版 2.0T 探索者,购入时间,2021-02-01,购车地点,重庆新耀嘉善汽车销售服务有限公司 [重庆市],裸车价格,17.9万  (厂商指导价 17.58万),当前油耗,12L/100km,购入用途,跑长途,,,爱车简评,我觉得最满意的地方还是这辆车子的动力吧，现在自己去越野的话也是给自己非常好的驾驶体验，动力非常足。,爱车评价,实拍图片,https://img1.xcarimg.com//review/20210323/bc9a33c7367c3a32e3b2f867f79b8842.png-169x127.jpg,https://img1.xcarimg.com//review/20210323/108170bdfc97e296f9fcaec89c5263d0.png-169x127.jpg,https://img1.xcarimg.com//review/20210323/5db0352caae4244f1550f6732924e030.png-169x127.jpg,https://img1.xcarimg.com//review/20210323/318613d4bd18a414e604537106c50e6a.png-169x127.jpg,https://img1.xcarimg.com//review/20210323/5cb6d7ce6554bb1f8b58a9fa1c8914d1.png-169x127.jpg,https://img1.xcarimg.com//review/20210323/37533d5170d9502f01c9ffc1075129f3.png-169x127.jpg,[最满意],让我觉得最满意的地方肯定是它的外观了车子的外形设计真的是太好看了非常的硬派也是非常有力量感的. 那我觉得最满意的地方还有这辆车子的外观设计了，真的是非常有力量啊，看过去特别的硬和线条也是特别的硬朗。,[不满意],最不满意的一点我觉得就是这辆车子带给我的日常开支还是会比较高的。,[外观],外形的设计是完全没有问题的，这辆车的外观真的是非常的有型，充满力量感的外形设计真的是非常让我满意。,[内饰],内饰的设计也是挺让我满意和喜欢的一点了，车子的内饰设计还是比较人性化一点的，方向盘上面的多功能按键分布也比较的合理。,[空间],[舒适],[油耗],坐一坐的舒服减震，隔音也非常不错。舒适性的话也是挺让我满意的，这辆车里面坐的还是非常舒服。,日常的开支现在的话还是会比较高一点,[动力],超强的动力是给我非常好的驾驶感受。动力是非常足的，对于城市行车来说，动力是已经超出了。,[性价比],选择这辆车子，我觉得也是因为一开始就看中了这个车子的外观设计，在越野车里面这台车的外观设计我觉得还是特别棒的。,[操控],这辆车子开起来的感觉还是比较好上手的，也别的平稳。方向盘的力度不轻不重，打起来刚刚好，而且指向也比较精准。,,
"
    发表于  2021-03    

            
    
    
",这里面的空间是绝对够使用了驾驶位的驾驶视野也非常好.这里面的空间也是特别大的，不仅做的舒服，而且后备箱也非常大，装点年货太方便了。,https://image1.xcarimg.com/attachments/my/1/88/86/365_120.jpg,xuser1898636,三星会员,5.00,外观,5,内饰,5,空间,5,舒适,5,油耗,5,动力,5,操控,5,性价比,5,购入信息,爱车车型,https://newcar.xcar.com.cn/m58053/,2021款坦克300越野版 2.0T 探索者,购入时间,2021-01-01,购车地点,深圳市大兴宝锦汽车销售服务有限公司 [广东省],裸车价格,18.3万  (厂商指导价 17.58万),当前油耗,9.6L/100km,购入用途,跑长途,越野,泡妞,爱车简评,那我觉得最满意的一点当然就是这辆车子的外观设计的，红色的车身看过去特别的喜庆，而且特别的有力量感。,爱车评价,实拍图片,https://img1.xcarimg.com//review/20210323/5fd3e549462dbe23511c88cac9a6fd51.png-169x127.jpg,https://img1.xcarimg.com//review/20210323/2e6cd98074420cb747300b9b0cc8f2da.png-169x127.jpg,https://img1.xcarimg.com//review/20210323/8ea990ece5c8bf6bfc0fd96dd3080e0e.png-169x127.jpg,https://img1.xcarimg.com//review/20210323/6912acb1ff1fb31a68638dc1a5e37f32.png-169x127.jpg,https://img1.xcarimg.com//review/20210323/526d84c744c9065ec324b273790f70b8.png-169x127.jpg,https://img1.xcarimg.com//review/20210323/95bdc6b6189c1d69fcc960dcc759d6dd.png-169x127.jpg,[最满意],最满意的一点当然是这辆车子的外观设计的刚猛又有力量感的外形，看过去还是特别喜欢的。,[不满意],油耗这方面的话确实是越野车的一大通病了，这辆车子的油耗也会比较高一点。我觉得你真真的是没有这辆车的各方面给我感觉还很不错。,[外观],外形的设计真的是非常的刚猛，有力量感，我很喜欢。外观的事情也是非常的有力量感，而且特意选了红色的车身，更加的喜庆了，富有激情。,[内饰],这方面的设计也是非常好的细节的处理也非常到位.多功能方向盘的布局是比较合理的，使用起来也非常的方便，车内的科技感也是满满的。,[空间],[舒适],[油耗],我觉得这辆车子的舒适性也是非常好的，隔音减震都很不错。,油耗的话目前来说用车的油耗是比较高的。,[动力],我觉得动力的话有时比较好一点的加速的爆发力很强.加速还是非常让我满意的，车子越野的话也是完全没有问题。,[性价比],自己当时在选车的时候是非常喜欢坦克300这台车子的外观设计的，现在自己用车下来，对于这辆车子在细节方面的处理也是非常满意的。因为现在也是马上要接近年关了，我们在厦门这边打工也已经好几年了，现在回家也是决定要买一辆车子了，看中了坦克300这辆车也是等了非常长的时间才终于提到新车。,[操控],驾驶视野是比较好一点的，开车也更加的安全，操控起来很方便。转向是特别精准的，而且换挡也比较的平顺，没有一点顿挫感。,,
"
    发表于  2021-03    

            
    
    
",空间感非常的不错，觉得拉了一车人还能拉一大堆的东西。,https://image1.xcarimg.com/attachments/my/1/88/86/363_120.jpg,xuser1898636,三星会员,5.00,外观,5,内饰,5,空间,5,舒适,5,油耗,5,动力,5,操控,5,性价比,5,购入信息,爱车车型,https://newcar.xcar.com.cn/m58053/,2021款坦克300越野版 2.0T 探索者,购入时间,2021-02-01,购车地点,北京寰宇标特汽车销售服务有限公司 [北京市],裸车价格,18万  (厂商指导价 17.58万),当前油耗,11L/100km,购入用途,跑长途,,,爱车简评,第一眼就是被它外形所吸引，特别符合年轻人张扬个性的表现。可能自己选的是高配，座椅加热这个功能太使用我们北方这天气了，可能这款越野偏家用一些，座椅舒适度我还是很满意的。,爱车评价,实拍图片,https://img1.xcarimg.com//review/20210323/00322a7c1f26437797ae08bb09118644.png-169x127.jpg,https://img1.xcarimg.com//review/20210323/f9a6b4aa87817a51f94d1e05390fcb9f.png-169x127.jpg,https://img1.xcarimg.com//review/20210323/75af384f5aad878ed52d482892675c7e.png-169x127.jpg,https://img1.xcarimg.com//review/20210323/077e5604e0fe835f8b217884e92a283a.png-169x127.jpg,https://img1.xcarimg.com//review/20210323/175c96d58ce064f7149079ce28876557.png-169x127.jpg,https://img1.xcarimg.com//review/20210323/97ac3c6d660deb1fb5e4e9e70b3f418c.png-169x127.jpg,[最满意],首先就是这辆车子的动力，把有一颗2.0T的涡轮增压发动机，这颗大心脏能够进发出我想要的动力，并且整辆车子的抓地力是出奇的强，尤其是在走一些坑洼泥泞路道的时候，那叫一个爽快，不管什么样的坡一脚油门就能够冲上去。,[不满意],当然它作为一辆标标准准的越野车，消耗还是有些高，随随便便就是十几个点，让我的心脏有点受不了。,[外观],我认为这辆车子分明就是个酷酷的铠甲武士，黑黑的感觉真的神秘。,[内饰],可能有些人不大喜欢这辆车子的狂野设计风格，所以我只能给他折中的评价。,[空间],[舒适],[油耗],喜欢放松的感觉，但是这辆车子的胎噪实在是太大了，感觉就跟轰隆隆开战斗机一样。,平时我喜欢开着这辆车子去放飞自我，当一下泥巴地里面这辆车子的油耗也开始同时放飞自我。,[动力],在速度这一块最主要表现的还是在一些糟糕路面上面，那种强悍的通过性和抓地力。,[性价比],其实当时在买车的时候考虑到自己还没有成家，但是觉得男人一定要买大一些的车子，这样不仅自己开着会比较舒服，并且今后成家也能够提供一个不错的条件，所以大胆地选择了这辆坦克300，觉得他作为年轻个性的代表，又有几时稳重霸气的气息。,[操控],越是强劲的车子就会变得越难以驾驭这辆车子，如果没有驾驶经验，确实不能够在短时间之内摸清楚手感。,,
"
    发表于  2021-03    

            
    
    
",后排空间稍微小了一点，我坐在后排的话，只是觉得刚刚好，坐在前排的话，调整好座椅还是可以的，整个空间我觉得不是这个车子的强项,https://image1.xcarimg.com/attachments/my/1/88/86/356_120.jpg,xuser1898635,三星会员,5.00,外观,5,内饰,5,空间,5,舒适,5,油耗,5,动力,5,操控,5,性价比,5,购入信息,爱车车型,https://newcar.xcar.com.cn/m58053/,2021款坦克300越野版 2.0T 探索者,购入时间,2021-02-01,购车地点,北京易有为汽车销售服务有限公司 [北京市],裸车价格,18万  (厂商指导价 17.58万),当前油耗,12L/100km,购入用途,自驾游,,,爱车简评,动力这方面我觉得挺不错的，车子重量超过两吨，不过2.0t的动力带动一下整个加速，并不会让我觉得很拖泥带水，这个动力开起来，我觉得车子还是挺会跑的,爱车评价,实拍图片,https://img1.xcarimg.com//review/20210323/e3efc6d4e2024ab3f99214da6a00032e.png-169x127.jpg,https://img1.xcarimg.com//review/20210323/0c37b066c57b638b6e927d340c73bd71.png-169x127.jpg,https://img1.xcarimg.com//review/20210323/4a0e88d77499435abd268b8bb769c3ce.png-169x127.jpg,https://img1.xcarimg.com//review/20210323/1c6a6527de736cfb60b6defd340f6f6c.png-169x127.jpg,https://img1.xcarimg.com//review/20210323/9ac936e7ba935c5c088e4d28d885e8fe.png-169x127.jpg,https://img1.xcarimg.com//review/20210323/678dc7ba58c1da7c7d4cdfa3470af46b.png-169x127.jpg,[最满意],认为这辆车子有我那种想要的英朗气息，并且在驾驭的时候相当的愉悦，宽大的轮胎能够保证足够的抓地力，然后在爬坡的时候能够持续爆发出我想要的那种动力，对于一切不平的路面我们都敢于去征服。,[不满意],认为这辆车子最需要优化的可能还是在消耗这一块，把随随便便就十几个点，让人家有点受不消。,[外观],方正的造型特别经典，非常的硬派，我觉得这个调性还是跟我自己比较喜欢那种有力量感的车子一样，第一眼就让我很心动,[内饰],氛围灯是特别的漂亮，这是我最喜欢的内饰，有科技感，很新潮的风格，金属面板含有特别特别精致的空调，出风口特别有意思。,[空间],[舒适],[油耗],功能很丰富，前排座椅有加热也有通风，主驾还可以按摩，而且车里音响音质，我觉得挺不错的，我很喜欢开车的时候听听音乐,目前是开了有800公里左右，我觉这 11到12个左右的吃油水平，现在使用下来会比我预期的低一点，算比较经济,[动力],在速度这一方面我觉得爬坡的时候是她的强项吧,[性价比],其实当时这辆车子在上市之初，我自己就对这辆车子充满了期待，其实当时同样是长城汽车哈佛大狗，我觉得算不上越野车吧，只能算是上市，一辆硬朗的SUV，只有这辆坦克300才算得上是真正的越野车，虽然是入门级别的，但是我感觉体验真的是非常的棒。,[操控],动力越强的车子就越难以驾驭，好马总是要需要更多的时间才能够驯服,,
"
    发表于  2021-03    

            
    
    
",空间挺宽敞的，在后排活动起来也很灵活，有一个大的后备箱很实用,https://image1.xcarimg.com/attachments/my/1/88/59/154_120.jpg,gh1615022543,三星会员,5.00,外观,5,内饰,5,空间,5,舒适,5,油耗,5,动力,5,操控,5,性价比,5,购入信息,爱车车型,https://newcar.xcar.com.cn/m58053/,2021款坦克300越野版 2.0T 探索者,购入时间,2021-01-01,购车地点,天津博信宏达汽车销售服务有限公司 [天津市],裸车价格,16.9万  (厂商指导价 17.58万),当前油耗,11L/100km,购入用途,自驾游,,,爱车简评,强劲的动力和硬朗的外形应该没几个男人不会被折服，再加上合适的价格，果断选择了坦克300,爱车评价,实拍图片,https://img1.xcarimg.com//review/20210323/9298f79e60023595c6b0de6815001d97.png-169x127.jpg,https://img1.xcarimg.com//review/20210323/534f033a2c24550e8592d0dfd883a00a.png-169x127.jpg,https://img1.xcarimg.com//review/20210323/41a4caa50601eacccc2cb8beef46d8a1.png-169x127.jpg,https://img1.xcarimg.com//review/20210323/ef8a5e9f3efc1be12cc6c1563123f18c.png-169x127.jpg,https://img1.xcarimg.com//review/20210323/9a52caacf8344d5f8da43b1140abddb4.png-169x127.jpg,https://img1.xcarimg.com//review/20210323/83b2e441f3b726597099f603349702ee.png-169x127.jpg,[最满意],外形很吸引人，霸气稳重很符合年轻人的审美，动力很强，是我想要的动力，不管什么样的坡一脚油门就能冲上去。稳，隔音好，动力强，另外就是外形炫酷，棱角分明，硬派,[不满意],油耗有点高，随随便便十几个油点，属实肉有点疼,[外观],外观非常帅气，LED大灯设计的很经典，车子棱角分明，很酷，很吸引人。外观是最中意的，一眼看上去就让人心动，亮黑色的中网，复古的原型大灯，向外突出的轮毅以及硬朗的腰身线条，无一不凸显它硬朗霸气,[内饰],方向盘手感很好，皮质座椅很舒服，360度全景景像，中控彩色液晶屏，还装有PM2.5过滤装置，很有科技感。皮质座椅舒服，中控台实用有特色，中控大屏显档次,[空间],[舒适],[油耗],座椅柔软坐上去很舒服，很有包裹感，前排座椅有加热、按摩、通风功能，隔音效果也很不错。,油耗要比大多数车子都高，毕竟是越野车，总体还是可以接受的。,[动力],2.0T涡轮增压发动机，动力给的特别足，爆发力很强，有推背感。虽然整备质量超过两吨，但在2.0T发动机的加特下，动力也相当惊艳，起步、加速一气呵成，毫无顿挫拖沓,[性价比],外观和动力，动力很强劲，外观霸气硬朗，很吸引我，就毅然决然选择了这款车。,[操控],操控毫无问题，整体来说还是很不错的，刹车和油门很平稳，安全性也让我很喜欢。相较硬派的外观，操控就给人一种柔和的感觉，转向轻巧，油门刹车顺滑平稳,,
"
    发表于  2021-03    

            
    
    
",由于车身尺寸不算大，车内的空间表现也是一般。家人如果个子都比较高的话，后排的乘坐空间可能没有那么宽松。,https://image1.xcarimg.com/attachments/my/1/88/86/346_120.jpg,xuser1898634,三星会员,4.88,外观,5,内饰,5,空间,5,舒适,5,油耗,5,动力,5,操控,4,性价比,5,购入信息,爱车车型,https://newcar.xcar.com.cn/m58053/,2021款坦克300越野版 2.0T 探索者,购入时间,2021-02-01,购车地点,上海弘邦汽车销售服务有限公司 [上海市],裸车价格,17万  (厂商指导价 17.58万),当前油耗,11L/100km,购入用途,自驾游,,,爱车简评,最满意坦克300的外观，简直太霸气了，拉风的不要不要的！整体舒适性还是不错的，对于硬派越野车而言，舒适性表现上乘。,爱车评价,实拍图片,https://img1.xcarimg.com//review/20210323/b09758a72eff8fb9ff41a06b495ccedb.png-169x127.jpg,https://img1.xcarimg.com//review/20210323/31966b325ab9cfdd1d724b6e3f8cd00d.png-169x127.jpg,https://img1.xcarimg.com//review/20210323/d7386add05dfaeebc0fe6727a1df5b96.png-169x127.jpg,https://img1.xcarimg.com//review/20210323/7945525ff92d6e75728b94defa70d318.png-169x127.jpg,https://img1.xcarimg.com//review/20210323/f560441b883f65586249d865259e3ca8.png-169x127.jpg,https://img1.xcarimg.com//review/20210323/cfee86514ddac04b6f6fd06d9c3a2af3.png-169x127.jpg,[最满意],造型在如今的车型中非常少见，有一种复古的风格，圆形的大灯还有方正的轮廓都十分突出，个性又独特，是我喜欢的类型。,[不满意],空间不是坦克300的强项，虽然它看着尺寸不小，但是坐进车内，后排的空间一般，没有我想象的那么宽敞。,[外观],坦克300的外观是那种第一眼就让人心动的。我车子买回来之后，很多朋友看了都说非常帅气。 坦克300，外观设计大气阳刚，给人第一印象非常强粗，有点牧马人的感觉，特别的帅气，有棱有型。,[内饰],如果说外观给人的感觉比较复古，那么内饰则又是现在最新潮的设计，充满了流行的元素和非常上档次的氛围。,[空间],[舒适],[油耗],我这款是顶配，功能很丰富，前排座椅带有加热通风，主驾驶还可以按摩。,平均油耗一般都不会超过11L，我买车之前对于他的油耗预期就是11到12L的样子，现在使用下来，感觉还要比我的预期低一点，使用成本很经济。,[动力],坦克300的车身重呈超过了两吨，不过在这套2.0T的动力系统的带动下，整个加速也并不会让人感觉拖沓。,[性价比],这一款价格其实并不高，和一般的合资品牌相比，同样的价格能够买到更加丰富的功能配置，性价比特别突出。,[操控],在硬派越野车中，坦克300的操控性能算好的，而且配置也非常齐全，越野性能也不错。,,
"
    发表于  2021-03    

            
    
    
",后备箱和乘坐空间，我觉得不小了，作为一个越野车，它的空间设计的还是蛮合理的,https://image1.xcarimg.com/attachments/my/1/88/86/342_120.jpg,xuser1898634,三星会员,4.75,外观,4,内饰,5,空间,5,舒适,5,油耗,4,动力,5,操控,5,性价比,5,购入信息,爱车车型,https://newcar.xcar.com.cn/m58053/,2021款坦克300越野版 2.0T 探索者,购入时间,2021-02-01,购车地点,广州盛迪汽车销售服务有限公司 [广东省],裸车价格,17.5万  (厂商指导价 17.58万),当前油耗,12L/100km,爱车简评,,,,爱车简评,没有足够长的使用时间，对他的了解程度也不算特别的深，不敢说有什么太大的缺点，只是就我现在的状态来说，能提出来的就是副驾驶调节方式可以再丰富一些,爱车评价,实拍图片,https://img1.xcarimg.com//review/20210323/4958b8bd311a5edb747d1627f15f00bb.png-169x127.jpg,https://img1.xcarimg.com//review/20210323/4b4d3960d0b4f48e2907fd86085b824e.png-169x127.jpg,https://img1.xcarimg.com//review/20210323/c500795ddf4e654c394691709382dd2b.png-169x127.jpg,https://img1.xcarimg.com//review/20210323/ff0eecbac5cf6d2f23482804985e9f78.png-169x127.jpg,https://img1.xcarimg.com//review/20210323/01e36066ae7e057f5e97d4c07fec22fa.png-169x127.jpg,https://img1.xcarimg.com//review/20210323/5c970bddc7ac12c46f7309854f59e72d.png-169x127.jpg,[最满意],虽然很喜欢越野，但是也不是一个特别资深的老炮，对于这一块也算是一个新手，只能说自己的喜爱程度比较高，提到手之后，没想到它给我的感受还是比较好的，就一直觉得越野车底盘会稍微硬一些，而且舒适度和内饰的科技化方面肯定不如别的车，但是坦克300这些都很完美的平衡了,,,[外观],这个颜色是我最喜欢的，说是心想事橙，谐音梗打满分,,,[空间],[舒适],[油耗],在主驾的感觉还是很舒适的，座椅是运动座椅，包裹性和舒适型很舒服，看起来也比较高大上。,十天左右，11点多的油耗，比那种大型的SUV还会省一点,[动力],"跑起来还是非常有冲击力和爆发力的，上个星期去了一个民宿里面，试着跑了一圈，很不错,动力充足，起步加速快，有强烈的推背感。车子的动力平顺性也很好，没有顿挫感。",[性价比],选择坦克还是觉得性价比高，满足我对外观设计和动力的需求就基本可以了。,[操控],操控还是不错的，方向盘指向非常精准，过弯的侧向支撑性也非常稳定，就是底盘偏硬，过个减速带啥的有比较明显的颠簸。,,
"
    发表于  2021-03    

            
    
    
",空间的话我t么要求一个人用完全够用了井外观 复古的外观造型设计加上他时尚大气的前脸也是非常的让我满意,https://image1.xcarimg.com/attachments/my/1/88/86/335_120.jpg,xuser1898633,三星会员,4.88,外观,5,内饰,5,空间,5,舒适,5,油耗,5,动力,4,操控,5,性价比,5,购入信息,爱车车型,https://newcar.xcar.com.cn/m58053/,2021款坦克300越野版 2.0T 探索者,购入时间,2021-02-01,购车地点,深圳市为众达汽车贸易有限公司 [广东省],裸车价格,18万  (厂商指导价 17.58万),当前油耗,12L/100km,购入用途,商务接送,,,爱车简评,最满意的地方，我觉得就是这样子的动力了，真的是非常让我满意的，爆发力很强力气非常足。,爱车评价,实拍图片,https://img1.xcarimg.com//review/20210323/c12c517bfc5dce1a06b6ea85d264a8cf.png-169x127.jpg,https://img1.xcarimg.com//review/20210323/6a863b6f1595f92e0c3dc9309a49c7a1.png-169x127.jpg,https://img1.xcarimg.com//review/20210323/698c40c992b41c74033eee19120e197e.png-169x127.jpg,https://img1.xcarimg.com//review/20210323/458dfc8a8ddf9085a5f0c0bd76046968.png-169x127.jpg,https://img1.xcarimg.com//review/20210323/e3b233b78fc80f37f41aa53d36b45bb2.png-169x127.jpg,https://img1.xcarimg.com//review/20210323/3f3b28ebb13e727baa74541a3712a402.png-169x127.jpg,[最满意],让我觉得最满意的地方肯定是这辆车的动力和它的通过性能呢，我觉得动力强劲的车子开起来给我的感受也是非常的不错，底盘特别高，开任何路况都不会有问题。,[不满意],最不满意的地方我觉得还是这辆车子的减震这方面做的比较不行，市区开车的动感也很强。,[外观],复古的外观造型设计加上他时尚大气的前脸也是非常的让我满意,[内饰],"车里面的用量我觉得真的是非常的上档次了，拉丝的面板设计更加提升了等级,内饰的话我觉得也是非常有科技感的",[空间],[舒适],[油耗],这辆车子在隔音减震这方面也是做的非常的好，舒适性很高。,油耗的表现，我觉得自己当时买车的时候就可以预感到了还是可以接受的。,[动力],"强劲的动力是我驾驶这辆车子比较快乐的一点了,比较强劲的就是这辆车子的动力了，让我非常的满意。",[性价比],无论是受到电影的熏陶也好，还是自己作为一个男人的喜好，就喜欢方方正正的越野车，牧马人是我的梦想之车，北京B140也不错，一直也没舍得下手去买，一个是家里的原因，还有一个是自己之前年轻也没存什么钱，去年年底坦克300的上市，真是让我心情特别激动，魏派本来就挺喜欢，坦克300，更是击中了我的心，说服了家里，而且现在自己也更有资本去买车，上个星期就把它带回家了,[操控],操作的话是完全没有问题的，这辆车子十分好上手。车子也是挺好开的,,
"
    发表于  2021-03    

            
    
    
",我希望后箱的空间能够再大一些，因为平时出去玩比较多，会在后备箱放很多行李。,https://image1.xcarimg.com/attachments/my/1/88/86/329_120.jpg,xuser1898632,三星会员,5.00,外观,5,内饰,5,空间,5,舒适,5,油耗,5,动力,5,操控,5,性价比,5,购入信息,爱车车型,https://newcar.xcar.com.cn/m58053/,2021款坦克300越野版 2.0T 探索者,购入时间,2021-02-01,购车地点,深圳市大兴宝锦汽车销售服务有限公司 [广东省],裸车价格,17万  (厂商指导价 17.58万),当前油耗,12L/100km,购入用途,跑长途,,,爱车简评,最满意的是坦克300的外观，这样的造型在如今的车型中是非常少见的，有一种复古的风格。,爱车评价,实拍图片,https://img1.xcarimg.com//review/20210323/dcf60f423dde9d9ee5cd2b257d1c35f2.png-169x127.jpg,https://img1.xcarimg.com//review/20210323/09968532c298e93db36c42c57f7fdaa2.png-169x127.jpg,https://img1.xcarimg.com//review/20210323/7523ecd0d757a6203c61266eb026dd3e.png-169x127.jpg,https://img1.xcarimg.com//review/20210323/0047c6b638afed1d7e1634db6e185762.png-169x127.jpg,https://img1.xcarimg.com//review/20210323/47d607acf83f145d8d0799cc0950faea.png-169x127.jpg,https://img1.xcarimg.com//review/20210323/137fcc0d12a57b578047bc57ba7d78f4.png-169x127.jpg,[最满意],这款车的造型真的太酷了，我觉得很多年轻人喜欢越野的都会比较喜欢这个车的造型设计。,[不满意],储物空间稍微少了一些，不过这个车的乘坐空间确实挺大的，其他方面暂时没有发现特别不满意的地方。,[外观],外观是那种让人一眼就心动的，我车子买回来之后，很多朋友看了都说非常帅气，亮黑色的中网，圆形复古的大灯，整个造型都特别有力量。,[内饰],内饰充满了流行的元素和非常上档次的氛围，金属的面板，特别精致的空调出风口，整个车内用料很给力，皮质包裹的很多。,[空间],[舒适],[油耗],舒适性的确是非常好，坐在车里面会觉得座椅很软，包裹性也很强，坐在上面有很大的安全感。前排座椅有加热通风，原厂配备的是燕飞利仕的音响，出行的时候听音乐也是一种享受，整体行驶品质非常出色。,油耗方面我暂时还没有太大的感受，因为开的不多，后面开时间长了再补充一下吧。,[动力],不管是前期的动力还是后期的动力，这个车基本上都能够满足我的需求。,[性价比],选车的时候也比较纠结，因为朋友们都建议我选合资车，后来我没有听从他们的建议，自己在网上查了一下长城的车，做得其实还算不错，在国产车里面的口碑也是比较高的，我还是相信自己的判断，买了这个车。,[操控],坦克300的操控确实是没话说，但我觉得方向盘的握感不是那么好。,,
"
    发表于  2021-03    

            
    
    
",好歹也是一辆SUV，所以一个人开根本不用担心这方面的问题。,https://image1.xcarimg.com/attachments/my/1/88/86/326_120.jpg,xuser1898632,三星会员,4.88,外观,5,内饰,5,空间,5,舒适,5,油耗,4,动力,5,操控,5,性价比,5,购入信息,爱车车型,https://newcar.xcar.com.cn/m58053/,2021款坦克300越野版 2.0T 探索者,购入时间,2021-02-01,购车地点,深圳市为众达汽车贸易有限公司 [广东省],裸车价格,17万  (厂商指导价 17.58万),当前油耗,12L/100km,购入用途,商务接送,越野,,爱车简评,"舒适最满意，静音效果不错，动力也可以满足,人见人爱，花见花开，两万多订单足以证明这车还是受大多人的喜欢",爱车评价,实拍图片,https://img1.xcarimg.com//review/20210323/ccbff15319a42d63ce4b2ea6e863554e.png-169x127.jpg,https://img1.xcarimg.com//review/20210323/210011c989388b16a55b2f862ad80089.png-169x127.jpg,https://img1.xcarimg.com//review/20210323/34ea4de86ec15533a49c9637b863ed9e.png-169x127.jpg,https://img1.xcarimg.com//review/20210323/6027746b0189c0ccc35a0c346559dec8.png-169x127.jpg,https://img1.xcarimg.com//review/20210323/38b8cb50efcb49f1afe8c6ad524262a5.png-169x127.jpg,https://img1.xcarimg.com//review/20210323/697a0398f1b5aff47274246b0de4fc06.png-169x127.jpg,[最满意],我觉得2.0T的涡轮增压发动机能够带我征服大多数的路面，反正爬坡的时候从来不用担心没有上升的动力，而且整辆车子的操控也是有更多的乐趣，更高的底盘，离地高度更强的悬架系统，对于一些糟糕的路面行驶的过程中如履平地。,[不满意],我觉得这辆车子最需要优化的还是在消耗这一块吧，随随便便就十几个点。,[外观],外观的风格设计，我也是觉得挺赞的，尤其是那种不修边幅的粗犷美,[内饰],不过觉得内部的装饰就是有点简陋了，看上去没有多大的意思。,[空间],[舒适],[油耗],在体验度这一方面来讲，自己感觉坐在上面倒是挺舒服，很安静的这么一关，仔细的听不到声音,效一般也就维持在十几个点，从来没有和自己心目中的预期相符。,[动力],我的第三台车，第一辆Amggle43，第二台x3动力肯定不能跟前两台比，但是直观感受接近于x3，毕竟这个重量结构都跟城市suv不一样。,[性价比],就当是会选的，这辆坦克，300最主要还是自己心中买车的时候多多少少有些犹豫吧，觉得哈弗大尔这辆车是虽然外观设计可以，但是排量和动力这一块太差劲了，所以我就等了几个月，刚上市的这辆坦克300我就非常的乐意，不仅外观来得更加粗犷广，而且动力也更大一些。,[操控],觉得一辆车子的手感很重要，但是我觉得这辆动力强劲的越野车，确实有点难以征服和适应。,,
"
    发表于  2021-03    

            
    
    
",车子里面宽大的感觉非常OK，整个利用率也是蛮到位的，设计的没有低压feel,https://image1.xcarimg.com/attachments/my/1/88/86/323_120.jpg,xuser1898632,三星会员,5.00,外观,5,内饰,5,空间,5,舒适,5,油耗,5,动力,5,操控,5,性价比,5,购入信息,爱车车型,https://newcar.xcar.com.cn/m58053/,2021款坦克300越野版 2.0T 探索者,购入时间,2021-02-01,购车地点,深圳市大兴宝锦汽车销售服务有限公司 [广东省],裸车价格,17万  (厂商指导价 17.58万),当前油耗,11L/100km,购入用途,越野,,,爱车简评,让我觉得最满意的地方就是这辆车子的外观设计的，车子的外观设计我觉得还是非常的好看的，非常有别致的感觉。,爱车评价,实拍图片,https://img1.xcarimg.com//review/20210323/04cc5975e800e67c6cf1d70cb0a1eb82.png-169x127.jpg,https://img1.xcarimg.com//review/20210323/f87f0b9987ecbcb8ed20e65ee4fe02c5.png-169x127.jpg,https://img1.xcarimg.com//review/20210323/c1570846438f1456fd8af1d2d7ae11fc.png-169x127.jpg,https://img1.xcarimg.com//review/20210323/a23514ed6e1a247571588c684702efec.png-169x127.jpg,https://img1.xcarimg.com//review/20210323/c67ee9d350570fb4ea262d53989bf90b.png-169x127.jpg,https://img1.xcarimg.com//review/20210323/713866ba0572e4da3394bc19d86061da.png-169x127.jpg,[最满意],方方正正的外形，我觉得还是非常的不错的，看上去有质感，也有凌厉的气息，颜色也是非常的耀眼眼，这个橙色也是彻底征服了我的内心的，轮载的设计也比较大气，整个车子的后尾，没有一丝多余的累整的感觉，很精炼,[不满意],车子到手也是一个月了，要说不满意的话，就是隔音这一块差点完美感，说白了有点吵,[外观],方正典雅气派，这是我对他外表的三个词语总结，或许同样有越野心的同仁也会有我这样一个感同身受,[内饰],音响音质还室OK的，喜欢听歌的我还是蛮知足的，这个音效围绕，挺有气氛，出风口的设计还蛮精致的,[空间],[舒适],[油耗],我觉得越野谈不了减震这一块，而且也没必要，就是噪音在这上面要扣分一下，路躁比较吵,车子实际开下来也快满月了，十一个的油耗还是挺ok的,[动力],开起来我觉得这个动力还是算挺有野性油门一踩下去，整个车子呼呼的，超车也是轻松随意，油门线性,[性价比],个人是比较看好长城的品控的，而且这个口碑也是在的，再加上这个车款的设计，我比较喜欢一颗越野的心，看到这样的设计，我心里面还是挺心潮澎湃的，牧马人那种级别是ok的，但是我的钱不够，挺无奈的，最后我觉得为坦克距离我心里的那种越野的感觉是蛮接近的所以最后我就选择了他,[操控],虚位还是稍微有一点，不可能说一点都没有。方向盘挺适中的这个力度大小也挺合适,,
"
    发表于  2021-03    

            
    
    
",我觉得这个车子把乘坐空间做得特别的出色因为我只需要五个座位，这样乘坐空间就特别的好了，后备箱空间不错，我把第二排座椅放倒以后，这个后备箱表现很好。,https://image1.xcarimg.com/attachments/my/1/88/86/278_120.jpg,xuser1898627,三星会员,4.75,外观,5,内饰,4,空间,5,舒适,4,油耗,5,动力,5,操控,5,性价比,5,购入信息,爱车车型,https://newcar.xcar.com.cn/m58053/,2021款坦克300越野版 2.0T 探索者,购入时间,2021-01-01,购车地点,天津博信宏达汽车销售服务有限公司 [天津市],裸车价格,16.9万  (厂商指导价 17.58万),当前油耗,12L/100km,购入用途,商务接送,越野,,爱车简评,最满意的地方就是它的价值，而且里面的功能配置都非常的丰富，体验感很高级，你带给我的感受真的很不错。,爱车评价,实拍图片,https://img1.xcarimg.com//review/20210323/9170e06c02c19336ec8b023f0523156b.png-169x127.jpg,https://img1.xcarimg.com//review/20210323/527906641873becabfb6a3468c255b4d.png-169x127.jpg,https://img1.xcarimg.com//review/20210323/4c14c0fd91169520ae5023a83539b1bd.png-169x127.jpg,https://img1.xcarimg.com//review/20210323/aaf9967d7fb08186258fb50eba5859b1.png-169x127.jpg,https://img1.xcarimg.com//review/20210323/8f4d610cca074081d4bdc131e90b94ca.png-169x127.jpg,https://img1.xcarimg.com//review/20210323/6c914b23abd32a2ea645cd215601f1cc.png-169x127.jpg,[最满意],对这个车子的外观感到特别的满意，中网用了很粗壮的镀铬条很有力量感，大灯的造型也是特别的别致，外观的设计让我特别的满意。,[不满意],唯独不满意的地方就是这个车子车内的储物空间不是很好，导致车子的中控台看起来特别的乱，如果能多一些收纳空间就不会有这样的问题了。,[外观],外观设计真的很有硬派SUV的风格，我老婆说这个车子在外观设计不修边幅，但是我觉得整体的精细感也不差，而且这个车子的重点是营造一种很霸气的感觉，开出去的时候确实气场挺大的。,[内饰],车子的内饰用了银色木纹装饰板，所以看起来整个内饰不会觉得特别的单调，至少在颜色上出现了一点小小的跳跃，这个内饰用材也确实很好，皮革的皮革包裹的面积很大。,[空间],[舒适],[油耗],虽然这个车子是硬派越野车的底盘，但是在公路上行驶舒适性还是挺好的，在经过一些坑 的时候，这个车子和普通的城市SUV没有什么太大的差别。这车的隔音也让我比较的惊喜我还想着这么大个头的车子跑起来风噪肯定会很大，结果表现也是还不错的。,油耗刚开始比较大，后面开了一段时间后降下来了许多，想想这么大的车油耗大点也是必然的。,[动力],2.0T的动力很不错了，涡轮介入的比较早，转数一上来这个车子的涡轮就开始工作了，所以在动力上我觉得表现是挺好的，8AT的变速箱换挡速度适中，因为档位数比较少，换挡并不是特别的积极，但是我觉得日常开没什么影响。,[性价比],坦克300这个车是硬派SUV空间又大，而且还配备了这么多的功能，加上挺不错的动力，而且外观设计也极其的霸气，价格才20多，我真的很难拒绝一款这种车。,[操控],转向精准感确实没有特别的好，但是我感觉硬派越野车都是这个样子的，但是坦克300这个车子在操控的稳定性上却比很多车子做的还要好开起来感觉车子不会飘。,,
"
    发表于  2021-03    

            
    
    
",空间还可以，后备箱的利用率也很高，能够装下不少的行李,https://image1.xcarimg.com/attachments/my/1/88/86/274_120.jpg,xuser1898627,三星会员,4.88,外观,5,内饰,5,空间,5,舒适,5,油耗,4,动力,5,操控,5,性价比,5,购入信息,爱车车型,https://newcar.xcar.com.cn/m58053/,2021款坦克300越野版 2.0T 探索者,购入时间,2021-03-01,购车地点,上海弘邦汽车销售服务有限公司 [上海市],裸车价格,18万  (厂商指导价 17.58万),当前油耗,12L/100km,购入用途,商务接送,越野,,爱车简评,我非常喜欢他这个车子的质感，硬派越野，看起来的机械感满满的，而且在越野方面的配置做的也比较齐全，一些硬件条件还是比较优渥的动力系统，我觉得还是杠杠的，油门一踩下去，这个车子还是非常的有劲,爱车评价,实拍图片,https://img1.xcarimg.com//review/20210323/38011cce3abfd736c5e7d37b1979c563.png-169x127.jpg,https://img1.xcarimg.com//review/20210323/c4afc5800fd0507e42ea5c89a836fbbd.png-169x127.jpg,https://img1.xcarimg.com//review/20210323/50e1ef900fba7056cd21552326720ea3.png-169x127.jpg,https://img1.xcarimg.com//review/20210323/a06ce26d1bb9564e73d6744f921b86b4.png-169x127.jpg,https://img1.xcarimg.com//review/20210323/96a9789804f136c4af9d3f66cc1a5a70.png-169x127.jpg,https://img1.xcarimg.com//review/20210323/1a30a47d125b9e7e3bde17c6c957d2b8.png-169x127.jpg,[最满意],外表的颜值是最让我满意的地方，就这么一个大家伙，像真坦克铁疙瘩一样的身块就让人非常的为之震撼。虽然坦克300的外观很威猛，但并不会给人傻大黑粗的形象，而是非常阳光帅气。,[不满意],总体来说这辆车还挺不错的，就是觉得它的噪音确实不小。你超过一百码的时候，坐在车内就能听到很大的噪音，舒适性方面比城市SUV差一点。,[外观],外观就不用多说了，回头率绝对是很高的，尤其是它的尾灯设计的很有特点。,[内饰],内饰这方面仁者见仁智者见智，我个人觉得内饰很有科技感，大连屏相当有档次,[空间],[舒适],[油耗],硬派越野舒适性肯定会稍微差一些，长时间坐在车里就会腰酸背痛，而且噪音控制的也不是太好,油耗我觉得也没有像别人说的那么夸张，百公里十一个多的油耗我认为是一个比较正常的油耗。,[动力],动力的表现很出色，随时可以给我一个充足的动力储备，而且也没有顿挫感。,[性价比],"年底的时候打算换车，因为最近坦克300比较火热，而且年轻人都有一个""硬派越野游天下的梦想""，所以就想去看看坦克300是否真的有传说中的那么神。果不其然，我第一眼就被它的外观击中了软肋，而且操控起来也是相当的轻松，各项性能都挺出色的，确实是一款比较有性价比的越野车，最终就把它带回家了。",[操控],在城市里开着它可以快速游走，而且实用的功能也挺多的，操控确实很棒。,,
"
    发表于  2021-03    

            
    
    
",车子还是挺大的，坐在车里面也感觉不会特别的拥挤，后备箱也挺大，不出远门也不怎么用,https://image1.xcarimg.com/attachments/my/1/88/86/271_120.jpg,xuser1898627,三星会员,4.88,外观,5,内饰,4,空间,5,舒适,5,油耗,5,动力,5,操控,5,性价比,5,购入信息,爱车车型,https://newcar.xcar.com.cn/m58053/,2021款坦克300越野版 2.0T 探索者,购入时间,2021-02-01,购车地点,广州盛迪汽车销售服务有限公司 [广东省],裸车价格,17万  (厂商指导价 17.58万),当前油耗,11L/100km,购入用途,跑长途,,,爱车简评,我对坦克300这款车是非常满意的，没有发现任何让我不满意的地方，而且有一句话说得好，情人眼里出西施，既然是我喜欢的车，怎么会有不满意的地方呢。,爱车评价,实拍图片,https://img1.xcarimg.com//review/20210323/58e50046e11ad354a3ca6543bf687031.png-169x127.jpg,https://img1.xcarimg.com//review/20210323/99f097016df6d9186009e3e2c07dcf39.png-169x127.jpg,https://img1.xcarimg.com//review/20210323/0df1e41123f9c40a12298918b4f0ffe9.png-169x127.jpg,https://img1.xcarimg.com//review/20210323/bd26091a30c8da877a5bc08ea8accb38.png-169x127.jpg,https://img1.xcarimg.com//review/20210323/e599bb01b09f5e54d812c3f4e270fdf0.png-169x127.jpg,https://img1.xcarimg.com//review/20210323/cbedd5b21e3501b5b2c2518d2a549393.png-169x127.jpg,[最满意],这个车子的外形我是特别喜欢的，很时尚，它非常的大气稳重，而且凌厉的线条，没有那种呆呆笨笨的圆润感觉可以说挺张扬帅气的,[不满意],我对坦克300这款车是非常满意的，没有发现任何让我不满意的地方，而且有一句话说得好，情人眼里出西施，既然是我喜欢的车，怎么会有不满意的地方呢。,[外观],那外形还是特别man的，姿态很挺拔，而且车头的设计我觉得特别的炯炯有神,[内饰],虽然说没有实体按键，看起来是非常的有科技感，但实际上不好用,[空间],[舒适],[油耗],坦克300不像其它的硬派越野车，它的舒适性是非常棒的，坐在车里会觉得很舒服。,坦克300的油耗是比较正常的，现在的油耗是十一个多，磨合期过后估计还能够降一点。,[动力],在沙地上跑过一次，我觉得这个动力还是十分不错的，非常积极，小坡爬上去挂高四OK,[性价比],每个男人都有个越野的梦我也不例外，但是因为市面合资的越野车价格太高，动不动就几十万上百万，所以只能默默把这份梦想放在心里，但是随着坦克300的上市，我看见了越野梦实现的曙光。坦克300是一款兼顾越野与豪华舒适的产品，配置也相当的高，最主要的是比同配置的合资品牌要便宜不少，所以我就提车了。,[操控],坦克300车身尺寸确实比较大，但停车的时候也不会太困难，目前感觉操控很好。,,
"
    发表于  2021-03    

            
    
    
",空间的话我觉得还算是比较富裕的，不会特别的局促家里面三个人的话，这个坐在车里面还是挺好的，乘坐空间都挺OK,https://image1.xcarimg.com/attachments/my/1/88/86/228_120.jpg,xuser1898622,三星会员,4.88,外观,5,内饰,4,空间,5,舒适,5,油耗,5,动力,5,操控,5,性价比,5,购入信息,爱车车型,https://newcar.xcar.com.cn/m58053/,2021款坦克300越野版 2.0T 探索者,购入时间,2021-01-01,购车地点,天津华信晟达汽车销售服务有限公司 [天津市],裸车价格,17万  (厂商指导价 17.58万),当前油耗,11L/100km,购入用途,跑长途,越野,,爱车简评,个人觉得坦克300的性价比还是十分ok的，我觉得他的外形我很喜欢，情人眼里出西施，我自己的喜欢就是最重要的事情，而且它的功能配置也比较丰富一些，我开着这个车子的感觉也是十分的得心应手的,爱车评价,实拍图片,https://img1.xcarimg.com//review/20210323/9211633bff5e387dcae798bb869f0d27.png-169x127.jpg,https://img1.xcarimg.com//review/20210323/499b76a9846fde5387444507727961a3.png-169x127.jpg,https://img1.xcarimg.com//review/20210323/d7a4e4de45190ab8de89f35029fad24a.png-169x127.jpg,https://img1.xcarimg.com//review/20210323/d9eef5a5de310327d8b1e09cabc6b3a8.png-169x127.jpg,https://img1.xcarimg.com//review/20210323/ea5e7e3b05cd9529afb2563dc97ea476.png-169x127.jpg,https://img1.xcarimg.com//review/20210323/08952659644740ad4eb6fb82dd770a8f.png-169x127.jpg,[最满意],我对于满意的地方，我还是特别喜欢他这个外型的，它的设计感蛮强的，比较的英俊霸气，当时也是觉得这个颜值还是十分硬派，整体上看过去就是大气凛然的气质，方正的造型又显得十分的落落大方,[不满意],这辆车子的缺点的话，我还是觉得这个车子的转向稳定性稍微差一点点，过弯的时候车身稍微抖动,[外观],方正的外形显得车子整体十分的有野性，我们全家都很喜欢这个车子的外表,[内饰],在车里面的设计的话，我觉得还是挺不错的，该有的也都有，它的材质还是比较细腻的，跟他粗犷的外表比，还是完全相反的，用线缝制的地方也做得比较认真,[空间],[舒适],[油耗],就是在乡下路上跑的时候就是稍微抖得比较明显，一些城市里平路上就没什么,油耗就是稍微还是有点高，一直都觉得12个以上一直居高不下，还是觉得稍微有一点费钱,[动力],这个车子的动力，我觉得开着它去乡下还是特别不错的运动模式也比较强劲,[性价比],当时在选车子的时候就是很想买一辆像越野车的车子，哈弗h9看过之后，我觉得它的设计挺老气的，然后，牧马人还是觉得挺不错的，但是又是价格这方面的问题，手上有一点紧张，后来相对看了一下新上的坦克300，我觉得还是十分不错的，又能满足我越野的愿望，而且我觉得这个车子里大小也还是十分不错的，一家三口坐在车里面的感觉还是觉得都挺舒服啊最后就把这个车子买了下来,[操控],过弯的时候就是这个会稍微有一点抖，不咋稳当拌,,
"
    发表于  2021-03    

            
    
    
",车子的空间我觉得还是完全很足的，每次出去游玩的时候，全家人坐在里面也不觉得很拥挤，我平时就是一个人上下班用车，所以空间对我来说很充足的。,https://image1.xcarimg.com/attachments/my/1/88/86/221_120.jpg,xuser1898622,三星会员,4.63,外观,5,内饰,4,空间,5,舒适,5,油耗,4,动力,4,操控,5,性价比,5,购入信息,爱车车型,https://newcar.xcar.com.cn/m58053/,2021款坦克300越野版 2.0T 探索者,购入时间,2021-02-01,购车地点,北京易有为汽车销售服务有限公司 [北京市],裸车价格,16.5万  (厂商指导价 17.58万),当前油耗,11L/100km,购入用途,自驾游,,,爱车简评,我觉得这辆车的空间很大，因为有时候我们一家人出去游玩，或者去走亲戚的时候需要，很大的空间才可以，这款车完全能满足我的用车要求。,爱车评价,实拍图片,https://img1.xcarimg.com//review/20210323/7e99766063b3a3a41948df314caa5124.png-169x127.jpg,https://img1.xcarimg.com//review/20210323/6795e9fb7c85b096857e3ade83c6d486.png-169x127.jpg,https://img1.xcarimg.com//review/20210323/7b7180b1820bc93a9b050ffd46a36e0e.png-169x127.jpg,https://img1.xcarimg.com//review/20210323/dbf3071c1ec0944bd09276b118fdae65.png-169x127.jpg,https://img1.xcarimg.com//review/20210323/f004d0c86f9b39cc77cb4dc60bfa33d5.png-169x127.jpg,https://img1.xcarimg.com//review/20210323/f8eb3a2f600c4f353fb34052f16fc642.png-169x127.jpg,[最满意],个人觉得坦克300的性价比还是十分ok的，我觉得他的外形我很喜欢，情人眼里出西施，我自己的喜欢就是最重要的事情，而且它的功能配置也比较丰富一些，我开着这个车子的感觉也是十分的得心应手的，总体来说都不错，方面都不会太拉垮，所以我最满意还是性价比,[不满意],不满意的就是车内有点味道，闻起来不是很舒服。,[外观],这个车子的外观设计可以说比较独特，很有自己的特色，无论停在哪里就非常与众不同，识别度相当的高。,[内饰],我也比较喜欢这辆车的，内饰的用料基本都是非常精细的，做工也非常的用心，造型设计也相当的时尚。,[空间],[舒适],[油耗],这辆车的支撑性和包裹性很好，对身体的包裹也比较好，减震做的也很棒，通过一些坑洼路面也没有太明显的摇晃。,在大马路上，城里跑的比较多，他这个油的话，我觉得还是稍微偏高一点，我平时也开的比较快,[动力],在马路上跑起来都挺快的，我觉得很过瘾，动力输出比较顺,[性价比],我觉得这款车外观真的非常好看，年前在车站上面看车，忽然就感觉被这个车的颜值打动，感觉特别漂亮，试驾后觉得这款车的配置及其他方面蛮不错的，特别心动，肯定把这款车买下来。,[操控],这个车子的控制，我个人觉得它的功能比较全，很好开方向基本上都莫明显虚位，操控灵活的,,
"
    发表于  2021-03    

            
    
    
",放东西的空间和坐在车子里面的范围，我觉得还是挺宽的，挺不错，坐在车里面也舒心,https://image1.xcarimg.com/attachments/my/1/88/86/215_120.jpg,xuser1898621,三星会员,4.75,外观,5,内饰,4,空间,5,舒适,5,油耗,4,动力,5,操控,5,性价比,5,购入信息,爱车车型,https://newcar.xcar.com.cn/m58053/,2021款坦克300越野版 2.0T 探索者,购入时间,2021-02-01,购车地点,上海逸颂汽车销售服务有限公司 [上海市],裸车价格,16.9万  (厂商指导价 17.58万),当前油耗,11L/100km,购入用途,自驾游,,,爱车简评,偏爱这个车子的设计，外表的感觉看上去比较饱满，不会有瘦瘦扁扁的感觉，刚正不阿的线条设计风力感也比较明显，硬朗有个性我喜欢！,爱车评价,实拍图片,https://img1.xcarimg.com//review/20210323/079696423687bc6d47437fd9f1af2a0a.png-169x127.jpg,https://img1.xcarimg.com//review/20210323/eb45fcecfe07009d2f6714556b34ec70.png-169x127.jpg,https://img1.xcarimg.com//review/20210323/90bdcb25160b163e6ca1b33d6af960f0.png-169x127.jpg,https://img1.xcarimg.com//review/20210323/87cdaaed2452b64886907317f9f1b1e3.png-169x127.jpg,https://img1.xcarimg.com//review/20210323/4ee00575f878c698765904d55538a432.png-169x127.jpg,https://img1.xcarimg.com//review/20210323/8d5f454e1c454a67f836f7283cc05e26.png-169x127.jpg,[最满意],可以说每年开着这辆车子回家的时候，经过那种颠簸山路，到自己村里面探望，老家亲戚时，那种平稳和肆无忌惮的感觉，就只有这辆坦克300能够给我带来，再也不用担心山路难行。,[不满意],我认为这辆车子的消耗，永远都是在我们普通消费者眼中看来比较高昂的代价,[外观],我觉得车子的外表还蛮像复古趴，车头灯大眼萌很可爱,[内饰],比较细腻，我觉得跟外形那种粗犷复古的感觉是180度转弯的另一面，摸起来的质感也比较好，而且挡板中控设计都很有科技感,[空间],[舒适],[油耗],在城里的路开起来的话，平平坦坦的，没什么特别的感觉，反正也不会难受，跑乡下的路的话，颠簸感基本上能化解掉，不会特别的抖,这与这个越野来讲的话，就是12个多吧，主要城市里着更多，车子也重,[动力],车子平时在大马路牙子上，也非常会跑，一点都不掉链子，油门踩下去也很线性,[性价比],也许是因为自己心中的一丝执念，我对于充满了野性与活力的事物有着一种莫名的追求，在经过了思想和犹豫和纠结之后，不过家人和朋友们的反对，我入手了这辆坦克300虽然消耗比较高一点，但是用起来确实是更爽。,[操控],转弯幅度不会有明显虚位，硬派越野的话，我觉得功能还挺丰富的，语音操作方便，不会有太大笨重感，我感我觉得蛮合手,,
"
    发表于  2021-03    

            
    
    
",这个车不管是前排的空间还是后排的空间，我都是觉得挺大的，储物空间会小一些不过没什么影响。,https://image1.xcarimg.com/attachments/my/1/88/86/210_120.jpg,xuser1898621,三星会员,4.75,外观,5,内饰,5,空间,4,舒适,5,油耗,4,动力,5,操控,5,性价比,5,购入信息,爱车车型,https://newcar.xcar.com.cn/m58053/,2021款坦克300越野版 2.0T 探索者,购入时间,2021-02-01,购车地点,深圳市大兴宝锦汽车销售服务有限公司 [广东省],裸车价格,16.9万  (厂商指导价 17.58万),当前油耗,10L/100km,购入用途,自驾游,,,爱车简评,可以说每年开着这辆车子回家的时候，经过那种颠簸山路，到自己村里面探望，老家亲戚时，那种平稳和肆无忌惮的感觉，就只有这辆坦克300能够给我带来，再也不用担心山路难行。,爱车评价,实拍图片,https://img1.xcarimg.com//review/20210323/0354789d62a720b9d20e1417fd2b6452.png-169x127.jpg,https://img1.xcarimg.com//review/20210323/b0815a63dc8ff22508ffb6ca4132e676.png-169x127.jpg,https://img1.xcarimg.com//review/20210323/ab4d09d53fe4151e0e264a996c30ad7b.png-169x127.jpg,https://img1.xcarimg.com//review/20210323/a8d21cc14a9328c3a00e6f8ab2e7f939.png-169x127.jpg,https://img1.xcarimg.com//review/20210323/bf1358c571840b6cbca8db572fa7d549.png-169x127.jpg,https://img1.xcarimg.com//review/20210323/8c80580113b6227223916f737e40e777.png-169x127.jpg,[最满意],坦克300的空间和动力是自己比较喜欢的，特别是后备箱的空间，每次出门玩的时候就会觉得特别方便。,[不满意],我觉得刚提回来的时候，可以在车里面闻到一些很大的味道，从小我对于这种味道是有一些敏感的，因为我觉得每次开车的时候基本上都要把四个车窗全部都打开，如果都不开的话坐在这个车里面就会不停的打喷嚏，因为闻着这些味道有些难受。,[外观],坦克300外观的造型跟自己想象中的是差不多的，我觉得看起来还是挺大气的，颜色也比较时尚，不觉得老土。,[内饰],坦克300的内饰稍微有些异味吧，然后其他方面我自己还是挺喜欢的，如果说买这个车的话就要注意这些问题，不过后期自己在网上买了很多炭包，放在车里面，时间长了之后，这些味道慢慢的就散了。,[空间],[舒适],[油耗],一辆车的舒适性好不好可以从很多方面来看，坦克300的舒适性我觉得还是不错的，舒适性的配置真的很好了。,油耗不高不低，我觉得就跟正常的车的油耗是差不多的，目前跑了一干多公里，基本上都是市区跑，14个左右。,[动力],2.0T的发动机，搭配宝马同款的8速自动变速箱后期的爆发力真的太强了，这样的动力确实是非常给力的。,[性价比],我当时选坦克300的时候，其实也是挺犹豫的因为现在可以选择的品牌真的太多了，而且有的车基本上都是在降价的。选来选去，我还是选了自己第一眼看中的车，虽然没有优惠，到现在为止从来没有后悔过，我觉得自己的选择确实是比较对的。,[操控],坦克300的方向盘的转向是比较灵活的，开起来会觉得非常的舒服，而且这个车最优秀的地方还是他的越野能力强。,,
"
    发表于  2021-03    

            
    
    
",毕竟这只是一辆紧凑型SUV，所以内部的空间只能说一般，后排空间不太大。,https://image1.xcarimg.com/attachments/my/1/88/86/203_120.jpg,xuser1898620,三星会员,4.88,外观,5,内饰,5,空间,5,舒适,5,油耗,4,动力,5,操控,5,性价比,5,购入信息,爱车车型,https://newcar.xcar.com.cn/m58053/,2021款坦克300越野版 2.0T 探索者,购入时间,2021-01-01,购车地点,广州盛迪汽车销售服务有限公司 [广东省],裸车价格,17万  (厂商指导价 17.58万),当前油耗,10L/100km,购入用途,自驾游,,,爱车简评,最满意的就是操控，别看这辆车很大看上去很难驾驭，但实际开起来后觉得很轻松，完全不用担心方向盘会有虚位，开起来像自吸，油门反应很线性。,爱车评价,实拍图片,https://img1.xcarimg.com//review/20210323/d6c7799e8f40d17961d93a3d914707d2.png-169x127.jpg,https://img1.xcarimg.com//review/20210323/f9d290b77d725f47bf9e7c03b54ce16b.png-169x127.jpg,https://img1.xcarimg.com//review/20210323/a0656c6a23f62cef6f44c33e511f67fb.png-169x127.jpg,https://img1.xcarimg.com//review/20210323/b553ca05c7149080aad4c31aaa4a48a2.png-169x127.jpg,https://img1.xcarimg.com//review/20210323/09cbab4153a24453b322701f8cc14faa.png-169x127.jpg,https://img1.xcarimg.com//review/20210323/c0d1dfc5e9150b76500bf54b0cb62117.png-169x127.jpg,[最满意],发动机声音很小动力性：2.0T的发动机由于功率扭矩数据都比较出色，在标准模式下起步中等水平，经济模式较柔和了，运动模式舍得给油烧胎起步也是可以的。经济性：没有预想的那么费油，目前里程数很少，油耗B显示14.8，还在下降（提车时25.5，第一天降到18.1，第二天降到16.4，第三天降到14.8），预i际在我上T班路线（限速80基本上不堵车），脚法好的话控制在11以内是没啥问题的空间性：最早关注了哈弗H9，但是坦克300出来以后就觉得坦克更适合我,[不满意],这辆车的各项表现都挺不错的，就是觉得空间方面并不是太宽敞，尤其是后排的空间确实是太紧凑了一些。,[外观],橙色这个颜色比较显眼，圆圆的大灯也挺有复古感觉,[内饰],我个人认为内饰很有科技感，国产车确实是紧跟着时代的步伐。,[空间],[舒适],[油耗],别看车子的外表很粗犷，但是舒适性一点也不差，而且还有语音控制挺方便的。,车子开了也有些日子了，十一个多的油耗还是挺让我惊喜的，算是很节油。,[动力],2.0T的动力在城市足够用了，跑一些特殊的路况也没发现啥动力不足。,[性价比],抖音刷到过好多次坦克300，上网也是经常能看到这车的身影，即使我都好久没怎么玩越野也被勾起了兴趣。更巧的是公司一位同事就提了一辆坦克300，我开过之后觉得挺不错的，价格也不贵，所以我也入手了一辆，过过我的手瘾。,[操控],坦克300的操控就挺好的，我觉得没有几款越野车能够做到方向盘指哪打哪。,,
"
    发表于  2021-03    

            
    
    
",我一米七六，我坐在前排的感觉就是挺宽松，也OK的轻松的感觉还蛮不错，但是坐在后排就稍微觉着放腿的空间有点挤,https://image1.xcarimg.com/attachments/my/1/88/86/193_120.jpg,xuser1898619,三星会员,4.75,外观,5,内饰,5,空间,5,舒适,5,油耗,4,动力,5,操控,5,性价比,4,购入信息,爱车车型,https://newcar.xcar.com.cn/m58053/,2021款坦克300越野版 2.0T 探索者,购入时间,2021-02-01,购车地点,北京易有为汽车销售服务有限公司 [北京市],裸车价格,17万  (厂商指导价 17.58万),当前油耗,9.7L/100km,购入用途,跑长途,,,爱车简评,喜欢开着这个车子的感觉，对于这个车子驾驶质感，我个人觉得还算是蛮不错的，开着这个车子，心里面也觉得越野的感觉挺足的,爱车评价,实拍图片,https://img1.xcarimg.com//review/20210323/1610659d4cc24ef7156fa1cda059ccf9.png-169x127.jpg,https://img1.xcarimg.com//review/20210323/374d0d3ff01af3ccbdc0e2a5fda82159.png-169x127.jpg,https://img1.xcarimg.com//review/20210323/0517d79775beaf15fbaaaf516c7cb5fc.png-169x127.jpg,https://img1.xcarimg.com//review/20210323/6394d7af8b072b6987ed1c81d39d2286.png-169x127.jpg,https://img1.xcarimg.com//review/20210323/88382086458fd96de7e6cd8867d930e7.png-169x127.jpg,https://img1.xcarimg.com//review/20210323/6513f185f6f19f019f3a2db213a0cd10.png-169x127.jpg,[最满意],其实我觉得这个前脸的造型是极其帅气的，两边的LED日间行车灯非常常的个性，比较的迷人亮眼，我觉得是属于这种类型的，方中带圆的感觉一点都不矛盾，还挺显得这个坦克300看起来更有层次感,[不满意],我觉得这个后排的腿部空间就稍微挤了点，然后车机的网络信号又不是很好,[外观],外形上方方正正的气派的很，我选择这个颜色，觉得有越野style,[内饰],车子里面走线的部分，我觉得真的挺难得，做的很认真，但是这个车机信号真是差,[空间],[舒适],[油耗],坐在前排，我觉得开着车子的感觉还是挺好的，我自己还没有尝试开着车子行走的时候，坐在后排，因为家里就只有我会开车,我认可这个消耗还是比较OK的那种，不会很费油的吓人,[动力],跑起来，我觉得还是特别有灵魂的动力强强的上下班跑轻轻松松,[性价比],自己当时是比较倾向于越野的车子，很早就有去看过哈弗h9，但是感觉那个比较老气，设计的感觉一点都不清爽，十分的油腻，再加上后尾那个备胎显得太累赘了，一点都不酷，然后车子开起来的感觉也不是那种很激情的，后来就是听说未派上心了，然后就去看了坦克300，觉得不错,[操控],我觉得这个稳重是稳重，然后方向盘也没有偏的情况出现，我觉得还算比较精准,,
"
    发表于  2021-03    

            
    
    
",空间根本就不用我多做介绍，因为看到这个车的外观就可以知道这个车的内部空间绝对是非常大的。,https://image1.xcarimg.com/attachments/my/1/81/32/537_120.jpg,天外灬之天,支柱会员,4.63,外观,5,内饰,4,空间,5,舒适,4,油耗,5,动力,4,操控,5,性价比,5,购入信息,爱车车型,https://newcar.xcar.com.cn/m58052/,2021款坦克300越野版 2.0T 挑战者,购入时间,2021-03-01,购车地点,厦门展狮汽车有限公司 [福建省],裸车价格,19.68万  (厂商指导价 19.58万),当前油耗,8.9L/100km,购入用途,上班,购物,接送小孩,爱车简评,坦克300这款车确实给了自己非常大的惊喜，其实当时我也有看吉普的车，但是我觉得吉普的车稍微有一些贵吧。刚好这款车上市了之后我就去看了，我朋友都说还是挺霸气的。我自己也比较喜欢这种越野车，我觉得开起来很,爱车评价,实拍图片,https://img1.xcarimg.com/review/2021/day_0306/4a06d0c4d8e5460706e3297282ed8c42.jpeg-169x127.jpg,https://img1.xcarimg.com/review/2021/day_0306/e2d315949517e0b17452c53a8e0ffee5.jpeg-169x127.jpg,https://img1.xcarimg.com/review/2021/day_0306/3b9282ad72582bb54d267deea68a1caa.jpeg-169x127.jpg,https://img1.xcarimg.com/review/2021/day_0306/5a173bcdb12f0c2711f0b81545f2c297.jpeg-169x127.jpg,https://img1.xcarimg.com/review/2021/day_0306/df2593a591a827802489d7277e93a9b2.jpeg-169x127.jpg,https://img1.xcarimg.com/review/2021/day_0306/e3f8b840cad18ac49b7d5344fde31caa.jpeg-169x127.jpg,[最满意],最满意的还是坦克300帅气的外观吧，我相信这个车开在街上的回头率绝对可以达到百分之百的。,[不满意],其实这个车开起来确实是没有什么特别缺点的，因为坦克300这款车我是看了很久才决定去买的。不过我觉得新车稍微有一些异味，对于这一点小小的缺点，我也没有那么介意了。,[外观],现在的年轻人对于外观的要求还是挺高的，可能对于外观的要求是很挑剔的。但是坦克300的这个外观真的颠覆了我的想象，第一次看到我这个车的时候，我就觉得被雨它外观深深的给吸引了。车灯的设计是比较有特点的，而且在晚上的时候把这个大灯打开特别亮。,[内饰],刚提回来的时候可以在车里面闻到一些小味道，慢慢的味道就散了，但是这个车的内饰的设计依然是非常霸气的。,[空间],[舒适],[油耗],坦克300的这个舒适性，我觉得看个人是怎么想的吧。之前我要买的时候，我朋友都劝我不要买，说这种车不适合家用，只适合越野，开起来会觉得不舒服的，而且坐在里面肯定没有家用车舒适性高的。后来我发现它给了自己非常大的惊喜，因为我坐在里面基本上听不到,我相信很多人看到这个车的第一眼，就一定会联想到这个车的油耗一定是非常非常高的吧。但实际上自己开了一段时间之后发现油耗并没有别人说的那么高，基本上就是正常的油耗。,[动力],前期提速的动力会稍微慢一点吧，等到后期的时候就会觉得很快了。,[性价比],"我相信很多人看到这个车的第一眼，就一定会联想到这 个车的油耗一定是非常非常高的吧。 但实际上自己开了一段时间之后发现油耗并没有别人说的那么高，基本上就是正常的油耗。在市区跑的话差不多是十点几个油,我觉得这样的油耗对于我来说已经算是非常不",[操控],方向盘的转向还是比较灵活的，别看这个车大，但是等到你开_上去的时候你就会发现，其实这个车的视野非常的开阔，基本上盲区是非常少的。所以无论是开城市的道路，还是说开那种泥巴路。这个车的操控都是非常好驾驭的，而且开起来还会觉得很稳当，有很大的安全,,
"
    发表于  2021-02    

      
        
    
    
",腿部空间还是可以的,https://image1.xcarimg.com/attachments/my/1/86/92/184_120.jpg,坦克300小王子,,5.00,外观,5,内饰,5,空间,5,舒适,5,油耗,5,动力,5,操控,5,性价比,5,购入信息,爱车车型,https://newcar.xcar.com.cn/m58052/,2021款坦克300越野版 2.0T 挑战者,购入时间,2021-02-02,购车地点,北京易有为汽车销售服务有限公司 [北京市],裸车价格,19.58万  (厂商指导价 19.58万),当前油耗,12.5L/100km,购入用途,上班,购物,自驾游,爱车简评,对于300来说，一个2.0T的动力外加分时四驱，我觉得车本身表现就很不错,爱车评价,实拍图片,https://img1.xcarimg.com/review/2021/day_0224/a3e517a39c11ad13abd6ecca2642a96d.jpeg-169x127.jpg,,,,,,[最满意],车多外观很漂亮，内饰设计也很棒，还有就是舒适度,[不满意],车门异响，还有就是车内储物空间不足,[外观],外观很大气,[内饰],内饰像大G,[空间],[舒适],[油耗],舒适度很不错,油耗也算可以,[动力],动力也够用,[性价比],性价比很高,[操控],操控性很强,,
"
    发表于  2021-02    

      
        
    
    
",空间一家4口平时就带两个孩子右边一个安全座椅，也还算富裕，后备箱不常用毕竟我90%时间后备箱都是空着的，不出远门不在车上放东西。也够用了，驾驶室的视线挺高的A柱有点挡视线，转弯有360辅助视频，挺好用的，低速转弯和打转向灯都会弹出盲区视频。,https://image1.xcarimg.com/attachments/my/0/30/92/198_120.jpg,joedel6,新手上路,5.00,外观,5,内饰,5,空间,5,舒适,5,油耗,5,动力,5,操控,5,性价比,5,购入信息,爱车车型,https://newcar.xcar.com.cn/m55410/,2021款坦克300越野版 2.0T 征服者,购入时间,2021-01-01,购车地点, [安徽省],裸车价格,21.38万  (厂商指导价 21.38万),当前油耗,13L/100km,购入用途,上班,接送小孩,自驾游,爱车简评,这个价格我觉得很可以，其它几个同价位的竞争车型，要么动力弱鸡，要么觉得有点丑，当然了，情人眼里出西施，自己喜欢就好提车时候拍的坦克屁股,爱车评价,,,,,,,,[最满意],最满意的外观及动力操控吧，空间也够用了，隔音效果不错，音响我觉得也挺好的，自己平时就是上下班开开，偶尔出去短途转转，还有就是新上市的车型，开在马路上总能吸引目光！,[不满意],不满意的，中控没事实体按键，空调用着有点繁琐，声音按键不是旋钮的，听歌加减声音手动按键的话比较麻烦，不如旋钮来的快，,[外观],我选的灰太浪征服者，确实挺漂亮的，也挺耐脏的，这种颜色是普通漆，我洗两次车洗的有太阳纹了，像蜘蛛丝一样的划痕，车灯很亮，根本不需要改灯，辅助转向灯也好用。,[内饰],内饰仁者见仁智者见智吧，我觉得还可以，中规中矩，谈不上豪华也没有到处的硬塑料，副驾驶的座椅皮子有点起皱，我这边和店里沟通过，厂家那边给更换副驾驶坐垫，其他的也没啥毛病，,[空间],[舒适],[油耗],舒适性怎么讲呢，减震很软，不颠，但是城市开走走停停的会忽忽悠悠的，坐后面会晕车，估计跟我开车习惯有关系，反正减震走烂路很软，不会觉得很颠，这个后视镜加热如果能单独设计个开关就好了，一开除雾就默认最大风量的吹，还要自己调空调风量，也不算啥毛病，因人而异的习惯问题。,目前不到600，加第一箱92油加450元加满了，行驶了550公里，重新加油加了430元，都是加到油箱口的位置，综合油耗13.6，第二次加油的续航里程明显增加了，后期估计稳定在12-14之间，也有朋友开10个油的，但我开车不是省油的，开的比较快，城市行驶的平均时速25-30之间，为了省油而慢慢开车我受不了...,[动力],动力在150以内都是随踩随有，舒适模式的油门有点懒需要深踩才会给油，运动模式的油门就比较积极，当然运动模式油耗数据也很积极往上走，城市里就标准模式够用了。特殊路况行驶动力：目前就爬过一个小坡，挂高四上去的，HT轮胎没锁，直接上去了，动力没活说。,,,[操控],这个操控真的是很不硬派，更像是城市SUV，指哪打哪操控很灵活，显得不笨重方向基本上没啥虚位。,,
"
    发表于  2021-01    

      
        
    
    
",乘坐空间挺不错，前后都很宽裕，就是后备箱有点可怜。,https://image1.xcarimg.com/attachments/my/0/30/92/193_120.jpg,zhc975cduz,新手上路,4.13,外观,5,内饰,4,空间,4,舒适,5,油耗,2,动力,4,操控,4,性价比,5,购入信息,爱车车型,https://newcar.xcar.com.cn/m58052/,2021款坦克300越野版 2.0T 挑战者,购入时间,2021-01-01,购车地点, [重庆市],裸车价格,21.38万  (厂商指导价 19.58万),当前油耗,18L/100km,购入用途,自驾游,跑长途,越野,爱车简评,人见人爱，花见花开，两万多订单足以证明这车还是受大多人的喜欢,爱车评价,,,,,,,,[最满意],舒适最满意，静音效果不错，动力也可以满足,[不满意],中控台熟料感比较重，任何操作都得去操作电脑屏幕，没有实体按键,,,[内饰],哈哈哈，这个内饰也不错，跟得上时代步伐，总之就是帅,[空间],[舒适],[油耗],减震还真是意外，过坑洼和减速带感受同我奔驰差不多，整个车内80左右都很安静。还没上高速，不知100-120如何,油耗居然下不来。可能没磨合好，都快顶我的性能车gle43的油耗了。,[动力],我的第三台车，第一辆Amggle43，第二台x3。动力肯定不能跟前两台比，但是直观感受接近于x3，毕竟这个重量结构都跟城市suv不一样。,[性价比],如果觉得牧马人颠舒适不好，那么这台玩具一定值得拥有。,[操控],不能跟我的gle43和x3比，同硬派对比，比老爹那台酷路泽好很多。,,
"
    发表于  2021-01    

      
        
    
    
",坦克300的空间可以说是非常的大了，因为坐在后排你可以感觉很宽敞，可以翘起二郎腿。,https://image1.xcarimg.com/attachments/my/0/30/92/695_120.jpg,空滤结核7,新手上路,4.88,外观,5,内饰,5,空间,5,舒适,4,油耗,5,动力,5,操控,5,性价比,5,购入信息,爱车车型,https://newcar.xcar.com.cn/m58052/,2021款坦克300越野版 2.0T 挑战者,购入时间,2020-12-01,购车地点, [河南省],裸车价格,19.5万  (厂商指导价 19.58万),当前油耗,10L/100km,购入用途,购物,自驾游,跑长途,爱车简评,对于坦克300的动力，我想很多人应该都是持乐观的态度，因为爬坡确实是太给力了。,爱车评价,,,,,,,,[最满意],坦克300的品质确实是自己比较看好的，因为我觉得长城的车我都是比较信任的。,[不满意],如果说买这个车绝对是对这个车非常满意才会去买的。我当时对坦克300大部分都是满意的，但是也有一些觉得自己没有那么满意的地方。如说这个车走那种颠簸路段的话，还是能听到一些胎噪的声音。,[外观],外观的造型给我的第一眼感觉就是霸气，然后比较有自己独特的个性。,[内饰],坦克300的内饰做的是比较霸气的，看上去和其他的车是完全不一样的。,[空间],[舒适],[油耗],整体的舒适性确实是不错的，坐在这个车里面会觉得比较舒服。但是如果说走颠簸路段的话，坐在这个车里面隐隐约约的还是能听到一些胎噪的声音。,坦克300的油耗也没有别人说的那么夸张，我觉得就是正常的油耗吧。因为主要是这个车的排量在这里，走市区的话差不多十个多油。,,,[性价比],我专门和同级别的车做了一些对比的坦克300的性价比可以说是相当的高了，而且我这个人非常节约，如果说性价比不高的话，我压根儿就不会去买了。,[操控],刚开始一直担心这个车太大会操控不好的，但实际上等你真正开起来的时候，你会觉得视野很开阔，开起来稳当，比较有安全感。,,
"
    发表于  2021-01    

      
        
    
    
",空间还可以，就是后备箱小了点,https://image1.xcarimg.com/attachments/my/0/30/92/197_120.jpg,lee76py,新手上路,4.75,外观,5,内饰,5,空间,4,舒适,5,油耗,4,动力,5,操控,5,性价比,5,购入信息,爱车车型,https://newcar.xcar.com.cn/m55410/,2021款坦克300越野版 2.0T 征服者,购入时间,2021-01-01,购车地点, [山东省],裸车价格,21.38万  (厂商指导价 21.38万),当前油耗,11L/100km,购入用途,自驾游,越野,,爱车简评,外观看很粗犷，但是内饰的豪华氛围却一点没落下，大面积的金属材质使用，还有双连屏的中控布局，无论是科技氛围还是档次感都很强烈。,爱车评价,,,,,,,,[最满意],外观好看，越野不错,[不满意],轻踩油门嗡嗡的，要踩深点，就好了,[外观],外观设计，个人感受，好看，好看，漂亮,[内饰],内饰用料也不错,[空间],[舒适],[油耗],对于硬派越野，这真是比起其他硬派是要舒适,现在跑了380，高速油耗9.5，综合油耗估计就11到13,[动力],必定以前几辆车都是自吸，动力这方面也没什么发言权,[性价比],性价比超高，值得拥有,[操控],操控不错，有三种方向盘模式，运动，舒适，轻巧,,
"
    发表于  2021-01    

      
        
    
    
",由于仅仅是紧凑型SUV的车身尺寸，所以车内部的空间一般，不算特别宽敞。而且他的后备箱尾门需要侧开，平时如果要从后面拿东西，还需要留够充足的距离，在一般的车位上，感觉会有些不方便。,https://image1.xcarimg.com/attachments/my/0/30/92/192_120.jpg,Mr.Y2,新手上路,4.75,外观,5,内饰,5,空间,4,舒适,5,油耗,5,动力,5,操控,5,性价比,4,购入信息,爱车车型,https://newcar.xcar.com.cn/m55410/,2021款坦克300越野版 2.0T 征服者,购入时间,2021-01-01,购车地点, [辽宁省],裸车价格,21.38万  (厂商指导价 21.38万),当前油耗,10L/100km,购入用途,上班,购物,接送小孩,爱车简评,20万的价位能够入手一辆回头率这么高的硬派越野车，我觉得很值。它可以满足我多种的用车需求，功能配置很丰富，体验感很高级，目前看性价比绝对是很高的，不过作为一款新车最终有待时间的验证。,爱车评价,,,,,,,,[最满意],最满意坦克300非常硬朗的外观设计。在我心目中，他比吉普的牧马人更加帅气，外挂式的备胎，车身一圈的黑色塑料包围，黑色的轮毂，还有非常复古的大灯造型，都凸显了他的气质，开在大街上回头率特别高。,[不满意],没有什么特别不满意的，综合看下来，坦克300表现都不错，只不过可能空间方面和一些大尺寸的车型相比存在一定的劣势，后排空间不算太宽敞。,[外观],由于上市时间不长，外观设计又特别具有个性，所以开着我的坦克300，总能收获很高的回头率。他的前大灯是圆形的LED的日行灯，将大灯内部分成上下两部分，点亮之后十分独特,[内饰],外观看很粗犷，但是内饰的豪华氛围却一点没落下，大面积的金属材质使用，还有双连屏的中控布局，无论是科技氛围还是档次感都很强烈。我这个顶配，功能完全不需要担心，该有的全部都有。,[空间],[舒适],[油耗],别看坦克300是一辆非常粗犷的越野车，但是它在城市行驶舒适性方面一样很好，底盘能够化解掉很多路面的冲击和振动，还有非常丰富的功能配置，比如前排座椅的加热、通风功能。主驾驶还能按摩，开车时间长了可以让我特别放松。,油耗要比一般的紧凑型城市SUV更高。毕竟车身重量摆在那。我目前平均油耗10升出头，算下来1公里的油钱6毛多，可以接受。,[动力],2.0T的发动机最大200多匹马力，虽然坦克300的车身重量超过了两吨，但是加速也不会觉得肉，提速感很明显，超车时非常轻快。更主要的是他的这台8at，换挡平顺性很好，因为我大部分时间还是在市区里面驾驶，它可以给我带来一个顺滑的动力输出，开着非常好开。,,,[操控],作为硬派越野。谈到操控肯定就要数它的越野性能了、我这是一款顶配，功能特别丰富，各种主动安全驾驶辅助功能配备都很齐全、而且前后都有差速锁。驾驶模式也有很多种不同的切换，电子化集成度很高，操控起来非常简便。,,
"
    发表于  2021-01    

      
        
    
    
",买车后，基本上这个车都是我一个人开，我坐在前排开车的感受就是这个车的空间确实挺大的。坐进去还有很多的空间，双腿都可以随意的放开。后排的空间也是比较大的，当时特意坐在后排感受过，空间够宽敞，坐在后排睡觉的话也没有什么事儿的，有时候想想，车何尝不是自己的另一个港湾，平常工作压力太大，一个人坐在车里面，就会觉得放松很多，这个时候的自己才是自己，并不是公司的职员，或者说是家庭的某个角色。所以车对于我来说还是挺重要的，可以说算是自己的私人的空间。如果说有时候要带人出去玩的话，这个车的空间也是绝对可以满足的，后面坐三个人一点也不会觉得拥挤。,https://image1.xcarimg.com/attachments/my/0/30/92/701_120.jpg,graf_altaps2,新手上路,4.75,外观,5,内饰,5,空间,5,舒适,5,油耗,5,动力,5,操控,4,性价比,4,购入信息,爱车车型,https://newcar.xcar.com.cn/m58052/,2021款坦克300越野版 2.0T 挑战者,购入时间,2020-12-01,购车地点, [河北省],裸车价格,19.5万  (厂商指导价 19.58万),当前油耗,11L/100km,购入用途,购物,自驾游,跑长途,爱车简评,我觉得性价比真的高，坦克300这款车可以说在硬派越野级别里面属于配置丰富但还不贵的车（跟同级别硬派越野相比），在越野性能强悍的同时也兼顾了家用车的舒适性。,爱车评价,,,,,,,,[最满意],这个车的动力还是非常充沛的，包括很多人开我的车都会夸奖说这个车的动力是比较充足的，这让我觉得很有面子。,[不满意],方向盘的转向稍微重一点，以前的话我开方向盘轻的车子开习惯了，就觉得这个车的方向盘会稍微重一点吧，刚开始开的时候总会觉得有些不习惯的，后来时间长了，应该慢慢的就习惯了，毕竟坦克300作为一辆越野车，要的就是这个范儿。,[外观],这个车外观的灯的设计是我比较欣赏的，方方正正的体型更有硬派的范儿！另外我觉得这个车灯设计让整个车看起来更加的比较上档次。可能每个人对于外观的要求是不一样的，反正我看到这个车外观的第一眼，我基本上就被这个车的外观给吸引到了。当时我就问身边的朋友，这是什么品牌的车，他们也不知道，后来我自己到网上查了一下，发现原来是长城的车，心里还是挺开心的。我想现在的国产车的确是进步了，做的一些车让别人都会觉得档次很高。我刚把这个车开出去，很多朋友都问我这是什么品牌的车，我就告诉他们，而且他们刚开始都会以为我发了财。买了很贵的车，但实际上这个车并没有那么贵。这就是这个车外观成功的部分吧。我还是挺佩服设计这个车外观的人，可以把外观设计的这么美。这么让人心动还是挺不容易的。而且我觉得大多数的人买这个车都是因为这个车的外观好看才会去选择的吧，其实我也是一样的。,[内饰],内饰的用料确实是比较好的，从座椅和中控的细节部分可以看出，每一条线都缝的非常的仔细，可以看得出来，做工精致到完美了。,[空间],[舒适],[油耗],主要是觉得隔音效果好吧，所以对这个车的整体的舒适性我都会打一个比较高的分数的，因为其实买车的话不仅仅是代步工具，有时候也算是一种享受吧，坐在车里面要觉得舒适的才是可以的。,也没有怎么计算过油耗，因为是刚提的车，目前的油耗在十个多左右，一直都在市区跑，2.0T的车能保持在这个油耗那是相当不错了。,[动力],主要是觉得这个车在换挡的时候基本上没有任何的顿挫感，对于这一点我必须给予肯定，因为如果说开车，动力有顿挫感的话，其实开起来会不太舒服的。所以说我挺喜欢开这个车的，主要是我这个人对于动力的要求又是比较高的。我们那边上班的路上其实都是非常空旷的，那条路基本上没有什么车，所以我一个人开车的时候我就喜欢把车开的快一点，2.0T的动力确实充沛，加速感很强，动力也是随叫随到。,,,[操控],我朋友开我的车，对这个车的操控基本上都是持夸奖的态度。非承载式车身和独立悬架，在过减速带的时候不会有很明显的颠簸感，而是轻轻柔柔的类似于坐船一样。另外动力配合着不同的驾驶模式可以体验到不同的驾驶乐趣，后面再慢慢体验。,,
"
    发表于  2021-01    

      
        
    
    
",对于一款紧凑型SUV来讲，坦克300的车内乘坐空间已经足够宽敞，而且它的后备箱也十分规则、方方正正的，利用率很高，能够装下不少的出行行李。有需要的时候，还可以将座椅放倒，整个地板完全平整，堪比一些拉货的面包车。,https://image1.xcarimg.com/attachments/my/0/30/92/194_120.jpg,qinghaifq,新手上路,4.88,外观,5,内饰,5,空间,5,舒适,4,油耗,5,动力,5,操控,5,性价比,5,购入信息,爱车车型,https://newcar.xcar.com.cn/m58053/,2021款坦克300越野版 2.0T 探索者,购入时间,2021-01-01,购车地点, [广东省],裸车价格,21.38万  (厂商指导价 17.58万),当前油耗,10L/100km,购入用途,上班,购物,接送小孩,爱车简评,底盘的舒适性很好，悬架有很长一段距离来缓冲路面的震动。只不过隔音效果不够出色，有点浪费了这么好的一套音响，高速上会夹杂着比较明显的噪音。,爱车评价,,,,,,,,[最满意],最满意坦克300出色的质感还有非常优秀的机械素质。作为硬派越野车，他在越野方面的配置功能很全，硬件条件非常优渥，同时还有着很好的动力系统匹配，在同价位的国产车型中非常难得，新车上市就受到了很多车友们的一致好评。,[不满意],总体来说，也没有什么特别不满意的地方，只不过前两天出差跑了一趟高速，感觉它在高速上面噪声还是偏大一些，没有那种特别静谧的效果。,[外观],坦克300是一辆光凭外观就能够吸引人的SUV，它的设计非常复古，而且又带着很浓厚的运动风格，真的和我想到一块去了，我想要的他都有。个人比较喜欢的几个细节，第一个就是前脸的中网设计，熏黑的中网，包括两侧的圆形大灯组，相当犀利。前防撞梁的造型也足够爷们，硬派十足。来到车身侧面，略微有些夸张的轮眉造型，高亮黑的轮毂，也都非常耐看。车尾的小书包和单开门也是硬派SUV的标配，外观真心喜欢，越看越有味道。,[内饰],车内的双连屏配上金属质感的面板，档次感非常强，而且车内的用料也很高级，座椅还有门板上的皮质纹路很细腻，加上缝线的点缀，让人感觉十分豪华。,[空间],,[油耗],,市区里面用车，平均油耗基本上都是10~11升之间，如果高速的话，可以降到9升左右。买车之前，我看了一些同级别的车型，感觉坦克300的这个油耗算是比较给力的了，使用成本又不会太高，现在国产车的技术是原来好了。,[动力],看上去，坦克300给我的第一感觉加速应该不会太轻盈，但是它的这台2.0T的发动机给了我很大的惊喜，无论是在低速时低扭的表现还是高速上再加速时动力爆发的响应，都很突出，随时可以给我一个充足的动力储备。8at的变速箱换挡的平顺性很好，即使是频繁的变速，轻一脚油门、重一脚油门，车子也不会出现顿挫感。,[性价比],坦克300这车性价比非常高，尤其是我这款顶配，功能方面已经没有什么可以挑剔的了，越野性能好，看着又很上档次，还有5年的整车质保，用下来质量也让我很放心。自己的车买回来还没真正的去开着越野，但试驾的时候我就体验过它的越野能力，还是非常强悍的。前后差速锁不是摆设。8AT变速箱的使用体验也足够出色，特别是中低速行驶的流畅度，我个人感觉要比双离合好一点。另外这款车虽然看着很大，但方向的力度并不重，还算很轻快很轻巧。倒车有全景影像和前后雷达，足够出色。,[操控],对于一款硬派越野车来说，操控就是越野性能，坦克300在这方面的表现我觉得无可挑剔。首先是支持三种不同的驾驶模式切换，在不同的路况下，能够让我更加轻松的应对。其次是它带有前后的差速锁，可以帮我轻松的通过一些越野路况。再有是上坡辅助、陡坡缓降等等辅助驾驶功能，让操作更加简单，方向盘力度自然，响应很快，中间的虚位也不明显，原厂支持自适应巡航功能，配合一系列的主动安全配置，长途出行可以让我非常放松。,,
"
    发表于  2021-01    

      
        
    
    
",,https://image1.xcarimg.com/attachments/my/0/30/92/697_120.jpg,anneie0,新手上路,4.75,外观,5,内饰,4,空间,5,舒适,5,油耗,5,动力,5,操控,5,性价比,4,购入信息,爱车车型,https://newcar.xcar.com.cn/m58052/,2021款坦克300越野版 2.0T 挑战者,购入时间,2020-12-01,购车地点, [青海省],裸车价格,19.5万  (厂商指导价 19.58万),当前油耗,11L/100km,购入用途,购物,自驾游,,爱车简评,空间根本就不用我多做介绍，因为看到这个车的外观就可以知道这个车的内部空间绝对是非常大的。,爱车评价,,,,,,,,[最满意],最满意的还是坦克300帅气的外观吧，我相信这个车开在街上的回头率绝对可以达到百分之百的。,[不满意],其实这个车开起来确实是没有什么特别缺点的，因为坦克300这款车我是看了很久才决定去买的。不过我觉得新车稍微有一些异味，对于这一点小小的缺点，我也没有那么介意了。,[外观],现在的年轻人对于外观的要求还是挺高的，可能对于外观的要求是很挑剔的。但是坦克300的这个外观真的颠覆了我的想象，第一次看到我这个车的时候，我就觉得被雨它外观深深的给吸引了。车灯的设计是比较有特点的，而且在晚上的时候把这个大灯打开特别亮，辨识度是非常高的。,[内饰],刚提回来的时候可以在车里面闻到一些小味道，慢慢的味道就散了，但是这个车的内饰的设计依然是非常霸气的。,,[舒适],[油耗],坦克300的这个舒适性，我觉得看个人是怎么想的吧。之前我要买的时候，我朋友都劝我不要买，说这种车不适合家用，只适合越野，开起来会觉得不舒服的，而且坐在里面肯定没有家用车舒适性高的。后来我发现它给了自己非常大的惊喜，因为我坐在里面基本上听不到外面任何的声音。首先第一点就是隔音效果真的做的非常好，超乎了我的想象。第二点就是这个车走那种石头路的话也会觉得很舒服，没有什么太颠簸的感觉。所以说买这个车完全不需要担心舒适性方面的问题，因为它也是偏家用的。,我相信很多人看到这个车的第一眼，就一定会联想到这个车的油耗一定是非常非常高的吧。但实际上自己开了一段时间之后发现油耗并没有别人说的那么高，基本上就是正常的油耗。在市区跑的话差不多是十点几个油，我觉得这样的油耗对于我来说已经算是非常不错的了。,[动力],前期提速的动力会稍微慢一点吧，等到后期的时候就会觉得很快了。,[性价比],可能是因为上市的时间比较短吧，所以说价格没有什么太大的优惠。就是希望优惠的力度能够再大一些就好了，不过当时送了我很多的礼品，对于这一点我还是挺开心的。,[操控],方向盘的转向还是比较灵活的，别看这个车大，但是等到你开上去的时候你就会发现，其实这个车的视野非常的开阔，基本上盲区是非常少的。所以无论是开城市的道路，还是说开那种泥巴路。这个车的操控都是非常好驾驭的，而且开起来还会觉得很稳当，有很大的安全感。我觉得坦克300的这种操控开起来就让自己比较有驾驶的乐趣。,,
"
    发表于  2021-01    

      
        
    
    
",,https://image1.xcarimg.com/attachments/my/0/30/92/703_120.jpg,hotkinglvw,新手上路,4.75,外观,5,内饰,5,空间,5,舒适,4,油耗,5,动力,5,操控,4,性价比,5,购入信息,爱车车型,https://newcar.xcar.com.cn/m58052/,2021款坦克300越野版 2.0T 挑战者,购入时间,2021-01-01,购车地点, [安徽省],裸车价格,19.58万  (厂商指导价 19.58万),当前油耗,11L/100km,购入用途,上班,购物,接送小孩,爱车简评,作为一款紧凑型SUV，坦克300的空间很大，尤其是方方正正的造型，给车内带来了一个宽敞的头部空间，后备箱也巨能装。,爱车评价,,,,,,,,[最满意],最满意坦克300的机械素质。虽然它是一款国产品牌，但是无论是越野性能功能配置，还是整体的调教方面，我认为在合资车型中都能够排得上是优秀的水准。而且它是一辆兼顾日常乘坐舒适性和强大越野性能的车，不仅仅可以带我去撒野，平时市区里面开着代步也非常舒服,[不满意],由于车子使用时间不长、情人眼里出西施，我对坦克300也没有什么特别不满意的，只是说一些小的细节方面还能进一步提升，比如副驾驶座椅的调节方式太单一，只有前后和靠背调节，高低都不能调整，还有方向盘转向时阻尼的变化不够线性，在靠中间的90度力度会比较轻，过了之后又逐渐变沉起来,[外观],坦克300的外观设计10分复古，像是90年代的那种吉普车，让我一下就找到了原来的那种回忆。圆形的大灯、向外扩张的轮毂、外挂式的备胎，无处不在彰显着他的野性。我想大部分男人都和我一样，对这样的外观会很着迷。,[内饰],如果说外观是90年代，那么内饰一下子就把我拉回了现在。富有科技感的内饰氛围，还有特别丰富的用料搭配，很难想象它只是一辆20万左右的车型，豪华程度不亚于一些四五十万的豪华品牌。,,[舒适],[油耗],在硬派越野车中，坦克300的乘坐舒适性绝对算得上是非常优秀的，只是遇到一些大的减速带，经过之后，车声的余震和弹跳显得有些琐碎，没有那么干脆。,高速巡航的话，油耗可以保持在9升左右，不过平时在市区里面上下班代步通勤，或者开着去哪玩，路况肯定没有那么理想，我现在的平均油耗10.5升，和我预期的差不多，油耗不算高。,[动力],全系都是2.0T的发动机，动力输出很顺畅，加速体验非常轻快，即使是在高速上面带动一辆这么重的车身，加速都完全不会让我心虚，超车响应很快，油门输出也十分线性。,[性价比],坦克300如果仅仅是在设计配置用料方面做得很优秀，我觉得没有特别值得称耀的地方，毕竟其他国产品牌也可以。但是它在机械素质方面调教这么出色，能够超越一些同级合资车型，这一点我觉得非常难得，性价比确实很高。,[操控],除了方向盘转向阻尼没有那么线性之外，其他地方表现都挺好的，毕竟是一辆硬派越野车，还有着很高的坐姿，开车时可以给我一个很好的视野。原厂有全景影像功能，停车很方便，可以通过屏幕就了解到车身4周的情况，没有视野盲区。,,
"
    发表于  2021-01    

      
        
    
    
",其实这个车座位的空间还是挺大的，因为当时看车的时候专门试了一下后排座位的空间。我们一家人坐在后排，觉得空间还是不错的。但当时没有考虑到后备箱的空间，后来用车的时候就会觉得后备箱的空间稍微小了一点。,https://image1.xcarimg.com/attachments/my/0/30/92/702_120.jpg,z_t_xb,新手上路,4.75,外观,5,内饰,5,空间,4,舒适,4,油耗,5,动力,5,操控,5,性价比,5,购入信息,爱车车型,https://newcar.xcar.com.cn/m58052/,2021款坦克300越野版 2.0T 挑战者,购入时间,2020-12-01,购车地点, [湖北省],裸车价格,19.5万  (厂商指导价 19.58万),当前油耗,11L/100km,购入用途,接送小孩,跑长途,,爱车简评,操控其实一点也不麻烦，虽然这个车车身比较大，但其实转向是比较灵敏的，开起来会觉得很舒服。,爱车评价,,,,,,,,[最满意],我觉得还是坦克300外观的设计是非常吸引我的目光。,[不满意],我觉得买车总会有自己满意的地方和不满意的地方吧。坦克300这款车我觉得不太满意的就是这个车的空间没有那么大吧，主要是觉得后备箱的空间稍微小一些。,[外观],坦克300的外观造型我觉得就不用我多说什么了，确实是看上去比较霸气阳刚的，第一眼看到这个车的时候，给别人的第一印象就是非常有越野性的。我觉得这种外观设计是比较吸引男性的目光的，看到这种车就想要开上去。而且开这种车给别人有一种征服大地的感觉。像我这种人从小就有一个越野的梦，要是能开上这样的车，心里当然是非常开心的。,[内饰],我当时看车的时候特意有研究过坦克300的内饰。当时打开车门的时候我就有被这个车的内饰给惊艳到了，特别是中控这个地方，看上去就是比较上档次的。而且不是说特别随意的设计。我觉得用心设计的产品，消费者是能够感觉得到的，最喜欢的还是这种档杆的设计看上去比较有档次，而且在操作起来的时候你也会觉得超级的方便。再加上这个车的座椅坐上去确实是比较舒服的，不会说特别软，也不会说特别硬，就是软硬适中的，而且包裹性也很强。其实我觉得这个车的价位也没有说特别高，可以把内饰做的这么精致，已经是一件非常值得赞美的事情呢。,[空间],[舒适],[油耗],整体的舒适性还是不错的，主要是觉得没有什么太大的颠簸性，可能悬架做的还是不错的吧，但是多多少少还是能感觉到路面反馈的颠簸感。坦克300的舒适性做的不是那么的完美，但是我觉得有一些缺点也是能够理解的。,坦克300的油耗不会说特别低，但我也觉得没有别人说的那么夸张，因为这种车的油耗的确会是稍微高一点的。但我觉得只要他的行车质感比较舒服的话，那么油耗高一点其实也是无所谓的，只要不高的离谱，我觉得都是能够接受的。,[动力],坦克300的排量还是比较大的，排量大的车的话压根儿就不用担心，动力会不充足，只要你正常的开就可以了。,[性价比],其实很多人都觉得坦克300这款车的价格有些太高了，但是每个人都会有一些自己的看法，我个人是觉得价位并不是说有那么高，主要是看这个车的品质好不好。我们去店里看车的时候，专门试了一下这个车的动力，包括这个车的外观，还有这个车的内饰，都仔细的看了一下的，我觉得这个价格确实是挺值得的。,,,,
"
    发表于  2021-01    

      
        
    
    
",坦克300虽然是一辆紧凑型SUV，不过乘坐空间很宽松，我172的身高在后排，腿部空间还有充足的剩余，拿来家用是完全没有问题的。它的后备箱收纳空间很足，地板下方还有分隔的储物格，放一些小东西很方便。,https://image1.xcarimg.com/attachments/my/0/30/92/700_120.jpg,liudove7,新手上路,4.75,外观,5,内饰,5,空间,5,舒适,4,油耗,5,动力,5,操控,4,性价比,5,购入信息,爱车车型,https://newcar.xcar.com.cn/m58052/,2021款坦克300越野版 2.0T 挑战者,购入时间,2021-01-01,购车地点, [河南省],裸车价格,19.58万  (厂商指导价 19.58万),当前油耗,11L/100km,购入用途,上班,购物,接送小孩,爱车简评,外观看着有点像是牧马人的那种感觉，方方正正的轮廓，向外突出的轮拱，还有一圈塑料的装饰，风格都非常粗犷硬朗，前脸很高调，霸气的进气格栅吸睛夺目，大灯明亮简洁，车尾的造型帅气有型，很有特点。,爱车评价,,,,,,,,[最满意],坦克300对于我来说是一辆非常均衡的车型，相比于普通的城市SUV，它是一辆正经的越野车，能够带我征服很多复杂的路况。在市区里面代步开，他帅气的外形，还有不算特别大的车身尺寸，上下班通勤也是非常合适的，当时在网上看了很多的评测车媒体，对于坦克300的越野能力都表示了肯定，对比这个价位的一些合资品牌的硬派越野车，配置更丰富，越野能力也更强，在开车的过程中，视野也挺好，盲目并不是很多，让我感觉挺安全的，开出去有面子，上路也特别安全，还奢求什么呢？,[不满意],作为一款涡轮增压发动机的车型，开起来，坦克300整体的前段动力输出有点太顺了，起步缺乏那种爆发感，后程爆发表现还是很给力的。还有就是它的噪音不小，尤其是时速超过100之后，车内听着就很嘈杂，和城市SUV对比，在舒适性方面还是会有一定的弱点。,,,[内饰],内饰的档次感很高，一是材质方面，金属的面板，大面积的皮质包裹，视觉效果上就很具有冲击力。二是它的全液晶仪表以及中控非常大的屏幕，显示效果特别出众，功能配置很齐全，使用起来也很方便。,[空间],[舒适],[油耗],或许是由于硬派越野车，密封性方面都不太注重，所以我的坦克300在隔音性方面也没有给我一个特别满意的表现。上了高速以后，发动机还有风噪声和胎噪声都会肆无忌惮的传进来，120的速度巡航，车内人员正常的交流都只能尽量把声音提高,如果主要是城里面代步，速度开得不是太快的话，平均油耗一般在11升左右。通畅的道路下保持一定的速度，巡航平均油耗可以降低不少，控制在10升以内也很轻松。,[动力],在我的理解中，涡轮增压的发动机动力都会有比较强的起步爆发感，但是坦克300并没有。开起来，就像是一辆自然吸气的车型一样，整个动力输出都很线性。8at与发动机在匹配这一块做的很不错，既能够有一个很顺滑的动力输出，又可以有一个很快的响应，需要降档时非常干脆利落，但是后程爆发非常给力，需要超车时，踩下油门还是能够给到我相应的反馈和动力输出的，高速上面也不会让人觉得心虚，中后段加速时能感受到明显的动力输出，车子跑山区泥泞的路面如履平地，爬坡轻松,[性价比],我这一款中配版本，功能基本上已经齐全了，和征服者最大的区别是少了一个前桥差速锁，不过可以加装，要6000元，如果大家对座椅皮质方面没有太大要求的话选择中配性价比还是比较高的，价格也没有超过20万，相比于合资车型来说，在整体使用体验更好的基础上，功能还更加强大，看上去还更加具有档次感，我觉得很值。,[操控],城里面开，方向盘中间的虚位能够明显的感受出来的，没有那种特别精准的指向性。本身对于硬派越野车，操控感受也不是强项，在驾驶感方面还是更加偏向于越野的环境，开着会轻松一些,,
"
    发表于  2021-01    

      
        
    
    
",坦克300的空间的确是非常大的，无论是前排的空间还是后排的空间，只要你坐进去就能感觉得到空间是比较宽敞的，从来都不会有压抑的感觉。这个车开回去之后，大家都挺愿意坐在车里面的，都觉得这个车的空间大，坐着非常舒服。如果说这个车的空间小的话，那么坐在里面就会觉得比较憋屈吧，反正我个人是比较喜欢空间大的车的。,https://image1.xcarimg.com/attachments/my/0/30/92/704_120.jpg,newcarfh7,新手上路,4.75,外观,4,内饰,5,空间,5,舒适,4,油耗,5,动力,5,操控,5,性价比,5,购入信息,爱车车型,https://newcar.xcar.com.cn/m58052/,2021款坦克300越野版 2.0T 挑战者,购入时间,2021-01-01,购车地点, [湖北省],裸车价格,19.55万  (厂商指导价 19.58万),当前油耗,11L/100km,购入用途,跑长途,,,爱车简评,坦克300的性价比的确可以说是非常高了，因为无论是从做工还是从品质方面来讲，可以说是国产车里面数一数二的了。,爱车评价,,,,,,,,[最满意],我觉得最满意的还是坦克300的配置吧，首先我就想说的是360的全景摄像头，本人的开车技术不是特别好。有了这个配置的话，那么我过那种现宽的就会很有信心呢，完全不担心哪里会磕着碰着。还特别喜欢这个车的仪表盘的设计，因为我觉得这种仪表盘是全液晶的，看着就比较有科技感，而且在显示的时候特别的清晰，在晚上的时候看起来就会比较有氛围感了。有的人说有些配置太多了也不好，配置多了容易坏，但是我并不这么觉得。我觉得有些配置有总比没有好。因为等你用到这个车的配置的时候，你就会觉得很实用了。,[不满意],如果说让我买车的话，这个车要达到让自己90%的地方满意，自己可能才会去买的。坦克300这款车的话其实我大部分上都是满意的，最遗憾的一点就是这个车的外观的颜色可能稍微少了一些，要是选择的颜色能够再多一些，那当然是最完美的了。,[外观],这种外观是很多年轻人都会喜欢的，但是我觉得外观可以选择的颜色要是能够多一些，那当然是最完美的。,[内饰],当时第一眼看到这个车的时候，打开车门的那一瞬间，就觉得这样的内饰设计真的是太霸气了。,[空间],[舒适],[油耗],平常跑市区的感受还是挺好的。如果舒跑高速的话，车速快了的话还是能够在车里面听到一些胎噪的声音。,网上有很多人对于坦克300的油耗是有很多争议的，因为有的人可能会觉得这样的车油耗当然是非常高的。其实我觉得也算是正常的现象，开这样的车肯定不能和轿车的油耗去比了。而且我觉得买这个车的人心里都清楚，不会说这个车的油耗像日系车那么省油的。当我觉得只要这个车的油耗不超过自己的预期，是一个比较正常的油耗，在正常的范围内，那么就是比较合理的了。这个车我开到现在也算是在城区跑吧，不过跑的也不是说很多油耗大概就是十个多油。这个油耗我觉得自己算是可以接受的。,[动力],对于坦克300的动力，我觉得我已经非常满意了。我也拿这个车去和其他的车做了一些比较的，我发现这个车的动力的确有超出自己的想像，每次在后期提速的时候都能给到自己非常大的惊喜。把这个车提回家以后，专门在我们那边的上坡路段试了一下这个车的动力。以前开别的车的时候都需要深踩油门开上去还会觉得非常的吃力，但是如果说是这个车开的话，完全不需要太用力。就是前踩一下油门，车子基本上就能上坡，对于这一点我觉得的确是挺不错的了。,,,[操控],方向盘的握感的确是非常好的，就算是不套方向盘套的话，你也会觉得很舒适，开起来并没有什么太大压力的。之前刚开始是非常担心自己操控不好这样的车的，因为坦克300从外观上来看的确是太大了。总担心自己操作不好这么大的车，但实际上等到你真正坐上去的时候，你会发现开起来很稳当。,,
"
    发表于  2021-01    

      
        
    
    
",我希望后备箱的空间能够再大一些，因为平时出去玩的比较多，会在后备箱里面放很多的行李。,https://image1.xcarimg.com/attachments/my/0/30/92/199_120.jpg,martini315h,新手上路,4.75,外观,5,内饰,5,空间,4,舒适,5,油耗,5,动力,5,操控,4,性价比,5,购入信息,爱车车型,https://newcar.xcar.com.cn/m55410/,2021款坦克300越野版 2.0T 征服者,购入时间,2021-01-01,购车地点, [浙江省],裸车价格,21.38万  (厂商指导价 21.38万),当前油耗,11L/100km,购入用途,购物,越野,,爱车简评,保养费真的很便宜，因为我特意咨询了销售人员的，从长远用车的打算来说，性价比的确是很高的。,爱车评价,,,,,,,,[最满意],坦克300这款车造型真的是太酷了，我觉得很多年轻人喜欢越野的都会比较喜欢这个车的造型设计。看到它的第一眼，基本上就在自己的心里留下了非常深刻的印象。,[不满意],储物的空间稍微少了一些吧，不过这个车的乘坐空间确实挺大，其他方面暂时还没有发现什么特别不满意的地方，如果说后期有的话，后期再来补充吧。,[外观],坦克300的外观颠覆了我对国产车的认知，就是感叹现在的国产车进步真的太大了，可以把外观做的这么吸引人。,[内饰],坦克300的内饰做的很有科技感，特别是从这个车的屏幕就可以看出来。,[空间],[舒适],[油耗],坦克300的舒适性的确是非常好了，可能有的人对于这个车有一些误解，认为这样的车舒适性一定是不好的，但实际上并不是这样，我坐在这个车里面会觉得座椅很软，包裹性也很强，坐在上面有很大的安全感。,油耗方面我暂时还没有什么太大的感受，因为开的不多。后期开时间长了，我再来补充一下吧。,[动力],不管是前期的动力还是后期的动力，这个车基本上都能够满足我的需求。,,,[操控],坦克300的操控确实是没话说的，但是我觉得方向盘的握感不是那么好。,,
"
    发表于  2021-01    

      
        
    
    
",前面驾驶座宽大，后面沙发舒服空间够大，中间地板很平。,https://image1.xcarimg.com/attachments/my/0/30/92/195_120.jpg,shwhjjlpu3,新手上路,4.50,外观,4,内饰,5,空间,5,舒适,5,油耗,3,动力,5,操控,5,性价比,4,购入信息,爱车车型,https://newcar.xcar.com.cn/m55410/,2021款坦克300越野版 2.0T 征服者,购入时间,2021-01-01,购车地点, [云南省],裸车价格,21.68万  (厂商指导价 21.38万),当前油耗,12L/100km,购入用途,自驾游,,,爱车简评,座椅按摩功能非常好，我平时腰不好，开车时间长点就腰酸，这个功能对我非常实用，虽说力度不大，但缓解腰酸效果不错。,爱车评价,,,,,,,,[最满意],第一点稳，第二点隔音好，第三点动力够，因为我以前开面包车的，没开过什么高级别的车，对以我来说以经相当好了。,[不满意],后备箱设计太高了，拿放东西要搬得比腰高很多。,[外观],高大威猛有特色，辩识度高。橙色够显眼，大灯尾灯我认为是非常有特点的，也许很多人是着上了前脸而爱上它的。,[内饰],皮质座椅舒服.仪表台有特色，大连屏显档次，显示内容丰富，得多花点时间搞熟悉。,[空间],,[油耗],,油耗现在300公里不到12个，应该还能降点。,[动力],走了一小段河摊路，特意把车速加高了点过急弯，可能是轮胎刚从涉水路经过，内侧车轮有轻微侧滑。高速动力储备：动力2.0足够用。再大排量我没开过，1.0的五菱面包我也把它开到近120，开车没有怂车，只有怂人，但要确保安全，高速路我是不建意八九十的速度，很容易压一群车在后面，反而不安全。☆故障-动力系统：我是跟中国产汽车发动机打交道的，现在的品质值得信赖。舒适/运动模式：目前只用过2H，4H4L还没挂过，模式只用2H公路，以后慢慢熟悉，对新鲜的事物须有个了解熟悉过程。动力平顺性：高速加速降档积极。只要不在意油耗，动力随踩随有。加速推背感：我以前的面包车1.5不带增压车重1.4吨，上高速一般都是压着上限跑，现在2.0带T车重2.1吨，加上这个积极的8AT变速箱，驾驶风格不会慢，超过120有提醒，没有超速行驶。但油门跟变速箱的高效配合，提速空间还很大。,[性价比],东西各有所长，车辆各有特色，花自己的钱买自己喜欢的，也许它是最不适合你的。但自己为自己的喜好买单，你应该接受它的优缺点。购车：定车是在试驾车到昆明的第三天，当时在4S看了试驾车，后排座了几百米，提车之前并未试驾，提车后了解了一下使用方法直接开走。,[操控],功能实在太多，还没搞懂，但很多可以语音操作。手机App能控制一部份功能，还设研究。,,
"
    发表于  2021-01    

      
        
    
    
",,https://image1.xcarimg.com/attachments/my/0/30/92/201_120.jpg,cccb5,新手上路,3.88,外观,5,内饰,5,空间,4,舒适,4,油耗,3,动力,3,操控,3,性价比,4,购入信息,爱车车型,https://newcar.xcar.com.cn/m55410/,2021款坦克300越野版 2.0T 征服者,购入时间,2021-01-01,购车地点, [湖北省],裸车价格,17.58万  (厂商指导价 21.38万),当前油耗,8L/100km,购入用途,自驾游,,,爱车简评,非常大，尾箱有点小，当成床车略短。勉强够用☆空间设计亮点：床车最合适，诗和远方。,爱车评价,,,,,,,,[最满意],高头大马，征服感很强！撕碎机铜米机客户。,[不满意],有点不够大，没有H9看着大，不过省油点吧！,[外观],外观满分，奔着颜值来的，不好看不会买，再次强调一下，车友们打包机，液压压块机。撕碎机，铜线分离机，我专业。,[内饰],很顺眼的内饰，我很喜欢，也不浮夸！不喜欢太浮夸的东西。,,[舒适],[油耗],舒适度很好，布座椅，我喜欢。就是看着不太上档次。后续再换。,暂时不知道，表显是15个，再开几天就知道了，估计十个以下。,[动力],急加速一般，正常够用！还不错的。估计后续会降价，但不会多。,[性价比],专业生产撕碎机，铜米机。专注20年！有需要联系我。,[操控],我说了，专业粉碎各种物料，万物皆可粉碎，有机会合作，车友们！,,
