字段1_文本,字段2,字段3
崔小七七,2024-03-09 首次发表,"
            
                
                    7596km
                    
                    行驶里程
                
                
                
                
                
                    20.2kWh
                    春秋电耗
                
                
                
                
                
                
                    480公里
                    春秋续航
                
                
                
                

                
                
                    19.49万
                    裸车购买价
                
                
                    2023-09
                    购买时间
                
                
                    上海
                    购买地点
                
            
            
    
        
            
        
        
            
        
        
            
        
        
            
        
        
            
        
    
    

    
        $(document).ready(function () {
            var koubeiid = 5308661;

        });

    


            
                最满意
                它作为一款紧凑型SUV，在动力方面表现出色，动力输出平顺，加速迅猛，驾驶起来非常有激情。另外，车辆的操控性也非常出色，转向灵活，路感清晰，过弯稳定性很好。
            
            
                最不满意
                虽然整体表现不错，但是车辆的后排空间略显窄小，对于长时间乘坐来说稍显拥挤。另外，车辆的储物空间也不够充足，收纳性方面有待提升。
            

            

    空间
        
            
            
        
        4
    
    
    车辆的前排空间宽敞舒适，车门口的开口也比较大，有利于上下车；但后排空间稍显拥挤，对于像我这样经常搭载家人或朋友的人来说，后排乘坐空间稍显不足。
    
    






                

    驾驶感受
        
            
            
        
        5
    
    
    它的驾驶感受非常好，底盘悬挂调校合理，通过性更优秀，过坑时轻而易举。另外，方向盘手感清晰，操控性强，驾驶起来非常舒适。
    
    






            

            




            

    续航
        
            
            
        
        5
    
    
    整体来说，它的综合电耗表现尚可，可以在城市道路上保持较低的电耗，节省用电成本。
    
    





            
            

    外观
        
            
            
        
        5
    
    
    它的外观设计非常时尚、动感，线条流畅，整体造型简洁大方，尤其是前脸设计犀利有力，给人一种运动感和张力的感觉，非常符合我对一款车的审美要求。
    
    





            

    内饰
        
            
            
        
        5
    
    
    内饰做工细致，用料相对豪华，整体设计简约大气，给人一种舒适的感觉。仪表盘采用全液晶仪表盘设计，科技感十足，大大提升了驾乘舒适度和视觉体验。
    
    





            

    性价比
        
            
            
        
        5
    
    
    总体而言，它在这个价格段性价比还是比较高的，配置丰富，动力强劲，外观时尚，内饰舒适。相比同级别的车型，它具有一定的优势，是一款不错的选择。
    
    





            
                

    智能化
        
            
            
        
        5
    
    
    它配备了一系列实用的配置，比如倒车雷达、全景天窗、倒车影像系统等，提升了车辆的安全性和舒适性。另外，车载导航、蓝牙连接等智能互联功能也为我带来了更好的驾驶体验。
    
    




            

            



        "
王铎润,2024-03-08 首次发表,"
            
                
                    7126km
                    
                    行驶里程
                
                
                
                
                
                    20.3kWh
                    春秋电耗
                
                
                
                
                
                
                    480公里
                    春秋续航
                
                
                
                

                
                
                    18.29万
                    裸车购买价
                
                
                    2023-09
                    购买时间
                
                
                    北京
                    购买地点
                
            
            
    
        
            
        
        
            
        
        
            
        
        
            
        
    
    

    
        $(document).ready(function () {
            var koubeiid = 5308287;

        });

    


            
                最满意
                首先来说说我最满意的地方，那就是这款车的空间，它在同级别车型中算是比较宽敞的车型，尤其是后排空间非常舒适，相比其他车型更为宽敞。
            
            
                最不满意
                让我来说说一些我对这款车的不满意之处，相比而言，我比较不满意的是这款车的外观设计。虽然不算丑陋，但整体设计相对来说比较保守，缺乏亮点和个性。
            

            

    空间
        
            
            
        
        5
    
    
    作为一个经常搭载家人和朋友出行的人来说，这样的空间确实是很实用的，无论是长途旅行还是日常代步，都能享受到舒适的空间。
    
    






                

    驾驶感受
        
            
            
        
        5
    
    
    它的操控性非常出色，转向灵活，悬挂稳定，行驶起来非常稳定而且平顺。无论是在城市道路还是高速公路上，都能感受到良好的驾驶体验。同时，车辆的隔音效果也非常好，让驾驶者能够享受到更加安静舒适的驾驶环境。
    
    






            

            




            

    续航
        
            
            
        
        5
    
    
    接下来是对电耗的感受，它在电耗上表现也非常不错，整体表现比较节能省电，在我平时的使用中，基本能够满足日常代步的需求，充满电能够跑很远的路程，这也是我对这款车比较满意的地方之一。
    
    





            
            

    外观
        
            
            
        
        4
    
    
    就是觉得车子的外观设计有些普通，看起来缺乏个性和辨识度，不过它的这个车漆很厚实，而且大灯也挺亮眼的。
    
    





            

    内饰
        
            
            
        
        4
    
    
    它的内饰设计相对简洁，但在用料和做工上存在一些不足之处，整体档次感较低。不过，我还是蛮喜欢它的这个中控屏幕的，看倒车影像很方便。
    
    





            

    性价比
        
            
            
        
        5
    
    
    再来说说这款车的性价比，总体来说，它的性价比还是比较不错的，虽然外观和内饰存在一些不足，但在空间、驾驶感受和电耗等方面表现比较出色，整体性价比还是很高的。对于需要一款实用的家用车来说，这款车是一个很不错的选择。
    
    





            
                

    智能化
        
            
            
        
        5
    
    
    最后是对配置的评价，它在配置方面比较全面，基本可以满足日常需求。比如配备了倒车影像、天窗、自动空调等实用配置，让我在行车过程中更加便利。
    
    




            

            



        "
刂勇情字念,2024-03-08 首次发表,"
            
                
                    6632km
                    
                    行驶里程
                
                
                
                
                
                    20.5kWh
                    春秋电耗
                
                
                
                
                
                
                    480公里
                    春秋续航
                
                
                
                

                
                
                    18.39万
                    裸车购买价
                
                
                    2023-09
                    购买时间
                
                
                    安阳
                    购买地点
                
            
            
    
        
            
        
        
            
        
        
            
        
    
    

    
        $(document).ready(function () {
            var koubeiid = 5308277;

        });

    


            
                最满意
                首先，让我来谈谈我最满意的地方，我购买它主要是因为它的外观设计吸引了我，这款车外观时尚、大气，线条流畅，看上去非常具有运动感。无论是在市区还是郊外，它都能吸引众人的眼球。此外，车辆配置也非常丰富，包含了很多我需要的功能，比如倒车雷达、倒车影像、多功能方向盘等，这让我在驾驶过程中感到更加便利和舒适。
            
            
                最不满意
                虽然整体上我对它比较满意，但是有一点让我感到有些不满，那就是车辆的动力表现。在高速行驶时，车辆加速略显吃力，有时候会感到有些缓慢。
            

            

    空间
        
            
            
        
        5
    
    
    它在空间方面表现良好，车内空间宽敞，前排和后排乘客都能享受到舒适的乘坐体验。而且后备厢空间也比较大，可以放置很多行李和物品，这让我在家庭出行或者购物的时候都感到十分方便。
    
    






                

    驾驶感受
        
            
            
        
        4
    
    
    座椅舒适，操控灵活，转向灵敏。在日常驾驶中，车辆表现稳定，过坑洼路面的时候减震效果也不错。不过，如前所述，车辆在高速加速时略显吃力，这点让我感到有些遗憾。
    
    






            

            




            

    续航
        
            
            
        
        5
    
    
    它在电耗方面表现良好，在城市里行驶时，车辆的电耗表现相当经济，每百公里的电耗控制在20.5千瓦时左右。这对于像我这样经常驾驶的人来说，是一个不小的节省开支。
    
    





            
            

    外观
        
            
            
        
        5
    
    
    它外观设计时尚动感，车头线条流畅，前大灯造型独特，整体外观看起来很年轻化，符合我对一款时尚SUV的审美标准。车身车漆用料也很不错，色彩持久而不易褪色。
    
    





            

    内饰
        
            
            
        
        5
    
    
    它的内饰设计简洁大方，用料也很讲究，中控台布局合理，操作简便，各种功能按钮摆放得当。座椅选用舒适的材料，握感极佳，长时间驾驶不易疲劳。
    
    





            

    性价比
        
            
            
        
        5
    
    
    考虑到我购买时的价格和车辆提供的配置，我认为它的性价比是比较高的。虽然车辆在动力方面稍显不足，但是在外观、内饰、空间和电耗等方面表现均很优秀，综合来看，我对购买它的性价比感到比较满意。
    
    





            
                

    智能化
        
            
            
        
        5
    
    
    最后，让我们来谈一谈它的配置，车辆配置方面非常丰富，比如导航系统、蓝牙连接、多功能方向盘等都能满足我的需求。其中我最喜欢的是倒车雷达和倒车影像功能，这对我的停车和倒车都非常有帮助。
    
    




            

            



        "
其祥如意,2024-03-08 首次发表,"
            
                
                    5286km
                    
                    行驶里程
                
                
                
                
                
                    20.2kWh
                    春秋电耗
                
                
                
                
                
                
                    480公里
                    春秋续航
                
                
                
                

                
                
                    18.29万
                    裸车购买价
                
                
                    2023-10
                    购买时间
                
                
                    龙岩
                    购买地点
                
            
            
    
    

    
        $(document).ready(function () {
            var koubeiid = 5308247;

        });

    


            
                最满意
                我最满意的地方是它的驾驶感受，它的动力输出平顺，加速快速，转向灵活，给我一种非常舒适的驾驶体验，无论是城市道路还是高速公路，车辆的表现都让我非常满意。
            
            
                最不满意
                唯一让我有些失望的地方是这款车的外观设计，相比其他车型，它的外观显得有些普通和平庸，缺乏独特性。
            

            

    空间
        
            
            
        
        5
    
    
    它的空间设计非常合理，乘客和我都可以得到舒适的休息和活动空间。车辆的座椅也设计得非常人性化，长途旅行也不会感到疲劳。
    
    
    
    
    


    
    
    
    


    






                

    驾驶感受
        
            
            
        
        5
    
    
    它的驾驶感受非常好，驾驶员座椅的设计符合人体工学，长时间驾驶也不会感到不适。车辆的悬挂系统也设计得非常稳定，路面颠簸时车辆也可以稳定行驶。
    
    






            

            




            

    续航
        
            
            
        
        5
    
    
    这款车的电耗表现也非常不错，在城市道路上行驶时，电耗控制在一个非常合理的范围内，不会给我带来太多额外的支出，这也是我选择这款车的一个重要原因。
    
    





            
            

    外观
        
            
            
        
        4
    
    
    虽然外观设计有些平凡，但总体来说它的外观还是非常朴实和稳重的，车身线条简洁流畅，车辆整体设计也显得非常大气和稳重。
    
    





            

    内饰
        
            
            
        
        5
    
    
    它的内饰设计非常简洁大方，操作也非常便捷，中控台的设计合理，显示屏和按键布局也很人性化。车内储物空间也设计得非常实用，可以满足日常生活的需求。
    
    
    
    
    


    





            

    性价比
        
            
            
        
        5
    
    
    总体来说，它的性价比还是非常高的，车辆的配置和性能都非常不错，价格也比同类车型更加合理，是一款性能和价格兼顾的好选择。
    
    





            
                

    智能化
        
            
            
        
        5
    
    
    这款车的配置也非常丰富，配备了倒车雷达、倒车影像、自动驻车、自动空调等多项实用配置，方便了我的驾驶和停车操作。整体来说，这些配置都非常实用，提升了车辆的智能化和便捷性。
    
    
    
    
    


    
    
    
    


    




            

            



        "
马克笔画画,2024-03-07 首次发表,"
            
                
                    4399km
                    
                    行驶里程
                
                
                
                
                
                    18.1kWh
                    春秋电耗
                
                
                
                
                
                
                    415公里
                    春秋续航
                
                
                
                

                
                
                    18.79万
                    裸车购买价
                
                
                    2023-11
                    购买时间
                
                
                    宿州
                    购买地点
                
            
            
    
        
            
        
        
            
        
        
            
        
        
            
        
        
            
        
        
            
        
    
    

    
        $(document).ready(function () {
            var koubeiid = 5307661;

        });

    


            
                最满意
                我喜欢这款车它的外观，看起来精致，适合我这样的女人使用，而且它的动力也挺充沛。
            
            
                最不满意
                身边的朋友都说我这辆车子的后排空间有点小，坐三个人拥挤。
            

            

    空间
        
            
            
        
        4
    
    
    前排的空间挺大的，我开车也不压抑，就是后排坐三人比较挤。
    
    






                

    驾驶感受
        
            
            
        
        5
    
    
    我这台车虽说是电车，但是起步快，而且隔音好。高速虽说上的比较少，但是每次跑高速动力都充沛。
    
    






            

            




            

    续航
        
            
            
        
        5
    
    
    车子在充满电的情况下也可以跑400多公里，它的续航是可以的，而且充电也快。
    
    





            
            

    外观
        
            
            
        
        5
    
    
    外观还是挺好看的，而且它的这个车漆也很厚，另外这个前脸也很圆润。
    
    





            

    内饰
        
            
            
        
        5
    
    
    喜欢中控台的布局，而且触控液晶屏也很清楚，对了，车子又支持车载蓝牙。座椅采用的是真皮的材质，而且前排有座椅加热功能。
    
    





            

    性价比
        
            
            
        
        5
    
    
    平时的话就是开着这台车上下班，然后接一下小孩，性价比可以。
    
    





            
                

    智能化
        
            
            
        
        5
    
    
    车子给我的感觉很智能化，因为有胎压显示功能，而且还有车道偏离预警系统和疲劳驾驶提示。360度全景影像功能还是挺清楚的，停车也很方便。
    
    




            

            



        "
来于自然,2024-03-07 首次发表,"
            
                
                    5376km
                    
                    行驶里程
                
                
                
                
                
                    20.3kWh
                    春秋电耗
                
                
                
                
                
                
                    480公里
                    春秋续航
                
                
                
                

                
                
                    17.99万
                    裸车购买价
                
                
                    2023-11
                    购买时间
                
                
                    温州
                    购买地点
                
            
            
    
        
            
        
        
            
        
        
            
        
        
            
        
        
            
        
    
    

    
        $(document).ready(function () {
            var koubeiid = 5307571;

        });

    


            
                最满意
                它最让我满意的地方就是驾驶感受，它的底盘设计非常稳固，行驶在路上时感觉很平稳，悬挂系统调校合理，能够有效减少颠簸感。此外，车辆的转向灵活，操控性优秀，给人驾驶的信心和乐趣。
            
            
                最不满意
                在我使用它的过程中，唯一让我有些不满的地方是车辆的异味还在，反正一上车感到刺鼻。
            

            

    空间
        
            
            
        
        5
    
    
    它在空间设计上考虑得非常周到，前排乘客和后排乘客都有足够的头部和腿部空间，坐在车内感觉舒适宽敞。而且车厢内的储物空间也设计得合理，能够满足日常生活中的储物需要。
    
    






                

    驾驶感受
        
            
            
        
        5
    
    
    如前所述，它在驾驶感受上表现出色，车辆的操控性优秀，转向灵活，在不同路况下都表现稳健可靠。而且车辆配备了多种驾驶模式可供选择，满足我的驾驶习惯和需求。
    
    






            

            




            

    续航
        
            
            
        
        5
    
    
    在正常的驾驶情况下，车辆的电耗还是能够接受的范围内，百公里电耗也就是20.3千瓦时。
    
    





            
            

    外观
        
            
            
        
        5
    
    
    它的外观设计时尚大气，线条流畅，给人整体感觉非常时尚和现代，前脸采用了LED大灯设计，中网镀铬装饰，带给人强烈的视觉冲击力。整体造型简洁大方，无论是在城市还是郊区，都能够吸引不少目光。
    
    





            

    内饰
        
            
            
        
        4
    
    
    车内的内饰设计也给我留下了深刻的印象，中控台采用了简约的设计风格，功能区域布局合理，触控按键灵敏方便。只不过，我这款车的异味还是在的，这点不好。
    
    





            

    性价比
        
            
            
        
        5
    
    
    我认为它在性价比方面表现不俗，虽然价格不算便宜，但考虑到车辆的品质、性能和配置，我认为这个价格是物有所值的。同时，在售后服务和保值方面，日产也有着良好的口碑，让我对选择这款车型更加放心。
    
    





            
                

    智能化
        
            
            
        
        5
    
    
    它在配置方面也相当丰富，我购买的这款车型配备了全景天窗、倒车影像、自动驻车、座椅加热等实用配置，方便我的日常使用。而且车辆还配备了多种主动安全系统，提高了行车的安全性和舒适性
    
    




            

            



        "
7icoiy20,2024-03-07 首次发表,"
            
                
                    3617km
                    
                    行驶里程
                
                
                
                
                
                    20.5kWh
                    春秋电耗
                
                
                
                
                
                
                    480公里
                    春秋续航
                
                
                
                

                
                
                    17.99万
                    裸车购买价
                
                
                    2023-12
                    购买时间
                
                
                    铜仁
                    购买地点
                
            
            
    
        
            
        
        
            
        
        
            
        
        
            
        
    
    

    
        $(document).ready(function () {
            var koubeiid = 5307561;

        });

    


            
                最满意
                购买它后，我最满意的地方就是它的外观设计，车身线条流畅，轮毂设计独特，整体造型时尚而动感。前脸采用了家族式设计语言，灯组造型锋利，给人一种精致大气的感觉。在路上行驶时，它的外观吸引了许多目光，让我觉得很有面子。
            
            
                最不满意
                不过，我对它最不满意的地方就是它的空间。作为一款紧凑型SUV，它的后排乘坐空间相对较小，对于身材高大的乘客来说，坐在后排可能会有些局促。在长时间的乘坐中，会感到身体不太舒适，这点有点让人有些失望。
            

            

    空间
        
            
            
        
        4
    
    
    除了后排空间稍显狭窄外，它的前排空间还是比较宽敞舒适的。驾驶座椅支撑性不错，调整起来也很方便。
    
    






                

    驾驶感受
        
            
            
        
        5
    
    
    在驾驶方面，它表现还是比较出色的，搭载了动力强劲的电动机，加速相当迅捷，行驶起来感觉非常稳定。底盘悬挂调校得当，过坑洼路面时减震效果不错，驾驶起来感觉很舒适。转向灵活，方向盘握感也很好，整体驾驶体验非常不错。
    
    






            

            




            

    续航
        
            
            
        
        5
    
    
    关于电耗方面，它也表现得非常令人满意，虽然是一款动力强劲的车型，但在日常使用中，电耗控制得相当出色。经过长途行驶后，我发现它的综合电耗在每百公里20.5千瓦时左右。
    
    





            
            

    外观
        
            
            
        
        5
    
    
    再说说外观，我还是非常喜欢它的外观设计。车头线条流畅，车身比例协调，整体给人一种时尚感和动感。尤其是侧面的设计，线条干净利落，展现出一种优雅的气质。后尾灯组采用LED光源设计，看起来非常炫酷。
    
    





            

    内饰
        
            
            
        
        5
    
    
    进入车内，它的内饰设计也是非常精致的。中控台设计简洁大方，触屏显示屏响应速度快，操作便捷。座椅材质优质，握感舒适，乘坐起来很舒适。整个内饰布局合理，各功能区域划分清晰，给人一种舒适的用车体验。
    
    





            

    性价比
        
            
            
        
        5
    
    
    总的来说，它在性价比方面还是不错的。虽然价格不低，但是考虑到它的外观设计，驾驶感受，以及节能性能等方面的表现，觉得还是物有所值的。而且日产的售后服务也比较到位，购买后的维修保养也比较省心。
    
    





            
                

    智能化
        
            
            
        
        5
    
    
    最后说说配置方面，它也是比较符合当下的潮流的，搭载了丰富的智能驾驶辅助系统，包括全速自适应巡航系统，车道偏离预警系统等，提升了行车安全性。此外，还具备了倒车影像系统，无钥匙进入启动等实用功能，方便了日常使用
    
    




            

            



        "
就几秒的时间啊,2024-03-06 首次发表,"
            
                
                    3377km
                    
                    行驶里程
                
                
                
                
                
                    18.1kWh
                    春秋电耗
                
                
                
                
                
                
                    428公里
                    春秋续航
                
                
                
                

                
                
                    17.49万
                    裸车购买价
                
                
                    2023-12
                    购买时间
                
                
                    宿州
                    购买地点
                
            
            
    
        
            
        
        
            
        
        
            
        
        
            
        
        
            
        
    
    

    
        $(document).ready(function () {
            var koubeiid = 5307103;

        });

    


            
                最满意
                喜欢我的爱车外表，好看，而且很有梦幻感，还有这动力挺充沛的，起步就感觉快。
            
            
                最不满意
                其实在市区开的话充电都不用担心，就是跑高速的话，服务区充电经常排队。
            

            

    空间
        
            
            
        
        5
    
    
    我喜欢这车空间，因为我166CM，坐着舒坦。我的爱车后备箱也大，能装。
    
    






                

    驾驶感受
        
            
            
        
        5
    
    
    我喜欢这台车的动力，起步快，这个就是电车的优势。方向盘指哪打哪，不重。
    
    






            

            




            

    续航
        
            
            
        
        4
    
    
    满电开个400多公里还是可以的，就是跑高速的话，服务区充电经常排队。
    
    





            
            

    外观
        
            
            
        
        5
    
    
    我的爱车好好看，每次把车子停好之后都会多看两眼。车漆的话还是挺厚实的，对了，轮毂铝合金的。
    
    





            

    内饰
        
            
            
        
        5
    
    
    我这车是12.3英寸的中控屏，刚刚好，对了，车子还支持车载蓝牙，好用。
    
    





            

    性价比
        
            
            
        
        5
    
    
    我这车平日里就是代步，然后下午去接一下孩子，用了快三个月，性价比高。
    
    





            
                

    智能化
        
            
            
        
        5
    
    
    我好喜欢全速自适应巡航功能，跑高速轻松。我还可以通过语音助手开空调，接听电话也方便。
    
    




            

            



        "
盾梦之蝶,2024-03-06 首次发表,"
            
                
                    4037km
                    
                    行驶里程
                
                
                
                
                
                    20.5kWh
                    春秋电耗
                
                
                
                
                
                
                    480公里
                    春秋续航
                
                
                
                

                
                
                    17.99万
                    裸车购买价
                
                
                    2023-12
                    购买时间
                
                
                    哈尔滨
                    购买地点
                
            
            
    
        
            
        
        
            
        
        
            
        
        
            
        
        
            
        
    
    

    
        $(document).ready(function () {
            var koubeiid = 5307095;

        });

    


            
                最满意
                首先，它的外观设计时尚简约，线条流畅，非常符合我的审美。前脸的设计也很吸引人，尤其是日产的logo和犀利的大灯，给人一种高级感。其次，它的空间表现非常出色，前后排乘客都能有足够的空间，后备箱的空间也足够大，可以满足日常使用。最后，它的驾驶感受非常舒适，悬挂系统调校得很好，行驶在路上感觉很稳定。加速和减速也很平顺，没有顿挫感。
            
            
                最不满意
                它的电耗偏高，特别是在高速行驶时，电耗消耗得非常快，感觉有些不经济。
            

            

    空间
        
            
            
        
        5
    
    
    它的空间表现非常出色，前后排乘客都能有足够的空间，后备箱的空间也足够大，可以满足日常使用。而且后排座椅还可以按比例放倒，增加了空间的灵活性。
    
    






                

    驾驶感受
        
            
            
        
        5
    
    
    它的驾驶感受非常舒适，悬挂系统调校得很好，行驶在路上感觉很稳定。加速和减速也很平顺，没有顿挫感。方向盘的握感很好，转向也很灵活。制动系统的反应也很灵敏，刹车也很稳定。
    
    






            

            




            

    续航
        
            
            
        
        4
    
    
    其实车子在市区里面开的话电耗还能接受，就是跑高速的时候这个电耗很高，费电。
    
    





            
            

    外观
        
            
            
        
        5
    
    
    它的外观设计简约大气，线条流畅，非常符合现代审美。前脸的设计也很吸引人，尤其是日产的logo和犀利的大灯，给人一种高级感。车身线条流畅，车顶看起来非常时尚，车尾的设计也很简洁，但是很耐看。
    
    





            

    内饰
        
            
            
        
        5
    
    
    它的内饰设计简约大方，看起来很干净。中控台的设计也很实用，操作方便。座椅的材质也很舒适，乘坐感觉很好。车内空间也很充足，储物空间也很丰富，方便日常使用。
    
    





            

    性价比
        
            
            
        
        5
    
    
    相对于同级别的电动汽车来说，它的价格还是比较合理的。它的配置也很丰富，包括全速自适应巡航、导航、语音控制等等。而且日产的售后服务也很到位，让我感到很放心。
    
    





            
                

    智能化
        
            
            
        
        5
    
    
    它的配置非常丰富，包括全速自适应巡航、导航、语音控制等等，这些配置都让我感到很方便，提高了驾驶体验。而且它的安全性也很高，配备了多种安全系统，如刹车辅助、碰撞预警等等。这些配置都让我感到很放心。
    
    




            

            



        "
之家车友4649353,2024-03-06 首次发表,"
            
                
                    2693km
                    
                    行驶里程
                
                
                
                
                
                    20.2kWh
                    春秋电耗
                
                
                
                
                
                
                    480公里
                    春秋续航
                
                
                
                

                
                
                    17.99万
                    裸车购买价
                
                
                    2023-12
                    购买时间
                
                
                    昭通
                    购买地点
                
            
            
    
        
            
        
        
            
        
        
            
        
        
            
        
        
            
        
    
    

    
        $(document).ready(function () {
            var koubeiid = 5307028;

        });

    


            
                最满意
                我最满意的地方当然是它优雅的外观设计了，这款车采用了时尚的家族式设计，前脸十分动感，线条流畅，整体看起来非常有气质。
            
            
                最不满意
                让我觉得最不满意的是这款车的内饰设计，虽然内饰做工精致，材质也很扎实，但整体设计感觉有点过于保守，缺乏新意。尤其是中控台的设计有点单调，缺少一些时尚感。
            

            

    空间
        
            
            
        
        5
    
    
    接着说说车内的空间，它在空间设计上做得非常不错，前排座椅宽敞舒适，后排空间也足够宽敞，可以轻松容纳3个成年人。此外，后备厢空间也很大，可以满足我的日常需求。
    
    






                

    驾驶感受
        
            
            
        
        5
    
    
    在驾驶感受方面，它表现非常出色，悬挂调校得当，底盘稳定，转向灵活，驾驶起来感觉非常顺畅。尤其是在市区内行驶时，灵活的转向和出色的悬挂设计，让我感到非常轻松和舒适。此外，车辆的动力输出也很平顺，加速响应也很及时，给人很好的驾驶体验。
    
    






            

            




            

    续航
        
            
            
        
        5
    
    
    谈到车辆的电耗问题，作为一款新能源车型，它的综合电耗表现非常出色，在我的日常使用中，平均百公里电耗仅为20.2千瓦时左右。
    
    





            
            

    外观
        
            
            
        
        5
    
    
    喜欢它的外观，尤其是车身的侧面线条设计，更显得车子精致大气。还有，车子的大灯也很炫酷，晚上开着它有底气。
    
    





            

    内饰
        
            
            
        
        4
    
    
    就是感觉车子它的设计风格比较单调，看着也挺保守，不过车子的材质还是挺好的，包括它的这个座椅的弹性也好。
    
    





            

    性价比
        
            
            
        
        5
    
    
    说说这款车的性价比，它作为一款新能源车型，售价并不低廉，但从整体配置和性能来看，我觉得这个价格还是比较合理的。
    
    





            
                

    智能化
        
            
            
        
        5
    
    
    车辆配置丰富，安全性能也很不错，有倒车影像，还有全速自适应巡航等等功能。
    
    




            

            



        "
诗猿菩萨肥,2024-03-05 首次发表,"
            
                
                    2617km
                    
                    行驶里程
                
                
                
                
                
                    20.2kWh
                    春秋电耗
                
                
                
                
                
                
                    485公里
                    春秋续航
                
                
                
                

                
                
                    17.99万
                    裸车购买价
                
                
                    2024-01
                    购买时间
                
                
                    日照
                    购买地点
                
            
            
    
        
            
        
        
            
        
        
            
        
        
            
        
        
            
        
    
    

    
        $(document).ready(function () {
            var koubeiid = 5306375;

        });

    


            
                最满意
                它在同级车型中拥有更加宽敞的内部空间，后排腿部空间更是十分宽裕，乘坐起来非常舒适。对于一个经常需要搭载家人或朋友的我来说，这点绝对是十分重要的。
            
            
                最不满意
                其实车子的电耗还是挺高的，百公里要20多千瓦时，另外，新车嘛，异味还在。
            

            

    空间
        
            
            
        
        5
    
    
    除了前面提到的宽敞舒适的内部空间外，后备箱空间也十分够用，我可以轻松放下一周的购物食材以及行李箱，十分实用。
    
    






                

    驾驶感受
        
            
            
        
        5
    
    
    它的悬挂设置偏向软硬适中，舒适性和驾驶稳定性兼顾，转向灵活且力度适中，驾驶感受良好。在市区或高速上的行驶都相当顺畅。
    
    






            

            




            

    续航
        
            
            
        
        4
    
    
    车子在城市开的话电耗还行，就是跑高速的时候电耗高一些，而且冬天对于续航也有些影响。
    
    





            
            

    外观
        
            
            
        
        5
    
    
    它的外观设计简洁大气，线条流畅，视觉效果很好，前脸采用了家族式设计语言，展现出动感和时尚感，整体给人一种大气稳重的感觉。
    
    





            

    内饰
        
            
            
        
        4
    
    
    内饰设计简洁利落，用料扎实，没有过多的花里胡哨。中控台布局合理，功能按键易于操作，我视野开阔，坐在车内很有安全感。唯一不足的地方就是新车的异味还挺大的。
    
    





            

    性价比
        
            
            
        
        5
    
    
    它在同级车型中的性价比较高，价格亲民、配置丰富，保养成本较低，空间表现不错，考虑到整体性能和舒适度，性价比非常突出。
    
    





            
                

    智能化
        
            
            
        
        5
    
    
    车载配备了蓝牙、倒车雷达、倒车影像、车载导航等常见配置，方便了我的日常使用。并且，车载空调制暖效果好，冬季开车不担心。
    
    




            

            



        "
安庆车友2318180,2024-03-01 首次发表,"
            
                
                    4636km
                    
                    行驶里程
                
                
                
                
                
                    17.6kWh
                    春秋电耗
                
                
                
                
                
                
                    430公里
                    春秋续航
                
                
                
                

                
                
                    17.49万
                    裸车购买价
                
                
                    2023-11
                    购买时间
                
                
                    阜阳
                    购买地点
                
            
            
    
        
            
        
        
            
        
        
            
        
        
            
        
    
    

    
        $(document).ready(function () {
            var koubeiid = 5304745;

        });

    


            
                最满意
                下班之后有更多的时间来支配，所以这个车子带来的便利性是我觉得最满意的。
            
            
                最不满意
                舒适性有待提高。也可能是这个价位车子的弊病吧！
            

            

    空间
        
            
            
        
        5
    
    
    空间方面表现的当然没问题了，他的乘坐空间很大，后排躺个人都是没问题的
    
    






                

    驾驶感受
        
            
            
        
        4
    
    
    动力不错，操控性也是没问题的，毕竟咱也不是太专业的。但舒适不舒适是可以自己评价的，这辆车就不太行。
    
    






            

            




            

    续航
        
            
            
        
        5
    
    
    车子电耗17.6个左右吧，市区里面走走停停的难免电耗要高一些，但也是可以接受的。
    
    





            
            

    外观
        
            
            
        
        5
    
    
    喜欢这车子的外观，看起来商务。外观感觉很有特点，再加上这个颜色搭配一下，非常的年轻活力。
    
    





            

    内饰
        
            
            
        
        5
    
    
    内饰也不需要有什么太过于出彩的地方，功能实用就可以了，这车前排我的位置可以电动调节。
    
    





            

    性价比
        
            
            
        
        5
    
    
    在汽车方面了解多一些，所以一定要选择结实耐用加安全的车，日产的车就耐用，所以性价比我觉得还不错。
    
    





            
                

    智能化
        
            
            
        
        5
    
    
    以我对于车子的一些了解，这款车内的配置是用心的，倒车影像很实用，我想这个配置基本上所有人都会用得上吧。
    
    




            

            



        "
安庆车友3171928,2024-03-01 首次发表,"
            
                
                    2337km
                    
                    行驶里程
                
                
                
                
                
                    18.7kWh
                    春秋电耗
                
                
                
                
                
                
                    415公里
                    春秋续航
                
                
                
                

                
                
                    18.79万
                    裸车购买价
                
                
                    2023-12
                    购买时间
                
                
                    马鞍山
                    购买地点
                
            
            
    
    

    
        $(document).ready(function () {
            var koubeiid = 5304699;

        });

    


            
                最满意
                这款车的空间是在我看过的车子里边是相对比较宽松的了，并且颜值方面也是丝毫都不逊色，看着非常的大气。
            
            
                最不满意
                操控方面，我觉得它的刹车有一点点软，一开始接触的时候真的很不习惯。
            

            

    空间
        
            
            
        
        5
    
    
    整个空间表现都很宽敞，从乘坐空间到储物空间以及后备箱的空间，都很大，一家人实用的空间绰绰有余。
    
    






                

    驾驶感受
        
            
            
        
        4
    
    
    动力还不错，低速舍得给油就能冲出去，高速上开到120再超车还有劲，但刹车使用起来很不习惯，太软了。
    
    






            

            




            

    续航
        
            
            
        
        4
    
    
    和我预想当中的油耗还是有点差距，不过想想也是，毕竟车辆重，可以商用和家用。
    
    





            
            

    外观
        
            
            
        
        5
    
    
    整个车的车身设计非常的霸气，我比较喜欢侧面的样子，线条很流畅。
    
    





            

    内饰
        
            
            
        
        5
    
    
    内饰是简约的设计风格，细节方面的话更加可人了，只是新车时异味比较的大。
    
    





            

    性价比
        
            
            
        
        5
    
    
    这款车的价格正好在我的预算范围之内，性价比也非常的高。
    
    





            
                

    智能化
        
            
            
        
        5
    
    
    这配置妥妥的够用了，无论是安全配置还是辅助驾驶配置，我都很满意了，只是没有360全景影像，这是一个小小的遗憾吧。
    
    




            

            



        "
之家车友3184047,2024-03-01 首次发表,"
            
                
                    4377km
                    
                    行驶里程
                
                
                
                
                
                    18.1kWh
                    春秋电耗
                
                
                
                
                
                
                    435公里
                    春秋续航
                
                
                
                

                
                
                    17.59万
                    裸车购买价
                
                
                    2023-10
                    购买时间
                
                
                    阜阳
                    购买地点
                
            
            
    
        
            
        
        
            
        
    
    

    
        $(document).ready(function () {
            var koubeiid = 5304677;

        });

    


            
                最满意
                这辆车的价格也是让人非常的惊喜，入手难度特别的低，质量也挺不错的。
            
            
                最不满意
                配置方面我觉得不算拔尖，但我觉得比较符合这个价位该有的水平。
            

            

    空间
        
            
            
        
        5
    
    
    平时给家里装点东西，特别是有小孩子的家庭帮助，性能还是挺大的。
    
    






                

    驾驶感受
        
            
            
        
        5
    
    
    车子的体积不是很大，所以灵活性很好，尤其是稳定性在线。遇到爬坡也轻松，动力出色，开空调时动力都很充足。
    
    






            

            




            

    续航
        
            
            
        
        5
    
    
    续航还不错啊，我看很多人说电耗高、续航不真实，但我可能比较幸运吧，我觉得还能接受。
    
    





            
            

    外观
        
            
            
        
        5
    
    
    有一种精致小巧的感觉，虽然是一款SUV，但是他看起来并不会那么的蠢笨。
    
    





            

    内饰
        
            
            
        
        5
    
    
    车内的造型比较简洁，前排正副驾驶都有化妆镜，女士补个妆还是挺方便的。
    
    





            

    性价比
        
            
            
        
        5
    
    
    就他的价位来讲的话，整台车子也表现出来了比较高的性价比。
    
    





            
                

    智能化
        
            
            
        
        4
    
    
    没有360全景影像，这是硬伤，其他的还好，有全速自适应巡航。
    
    




            

            



        "
生命真相,2024-03-09 首次发表,"
            
                
                    4513km
                    
                    行驶里程
                
                
                
                
                
                    20.3kWh
                    春秋电耗
                
                
                
                
                
                
                    480公里
                    春秋续航
                
                
                
                

                
                
                    18.59万
                    裸车购买价
                
                
                    2023-12
                    购买时间
                
                
                    昆明
                    购买地点
                
            
            
    
        
            
        
        
            
        
        
            
        
        
            
        
    
    

    
        $(document).ready(function () {
            var koubeiid = 5308856;

        });

    


            
                最满意
                首先，让我谈谈我最满意的地方，我认为最让我满意的是这款车的外观设计，大胆的前脸配合线条感强烈的车身造型，让整个车看起来时尚又运动。
            
            
                最不满意
                不过，也有一些让我不太满意的地方，首先是空间方面，作为一款紧凑型SUV，后排乘客的腿部空间相对较小，对于高个子的乘客可能会有些局促。
            

            

    空间
        
            
            
        
        4
    
    
    车子的前排空间还是很大的，坐进去很宽敞，就是，车内储物空间相对有些不足，无法满足我的日常存储需求。
    
    






                

    驾驶感受
        
            
            
        
        5
    
    
    在驾驶感受方面，它给予我的感觉非常不错，底盘稳定，转向灵活，加速迅猛，整体驾驶体验很舒适。同时，座椅包裹性也很好，长时间驾驶不易疲劳。
    
    






            

            




            

    续航
        
            
            
        
        5
    
    
    接下来是关于电耗的问题，它搭载了高效的电动机，加上强大的动力系统，整体表现非常出色，在城市里的日常通勤中，电耗控制在一个较低的水平，给我带来了较为经济的驾驶体验。
    
    





            
            

    外观
        
            
            
        
        5
    
    
    高亮的LED大灯和尾灯也让这款车在夜晚更加吸引眼球，在外观设计方面，它确实是一款让人眼前一亮的车型。
    
    





            

    内饰
        
            
            
        
        5
    
    
    内饰方面，它也是有着非常不错的表现，高质感的内饰材料，精细的做工，加上丰富的配置和功能，使得驾驶室充满了高级感。此外，中控屏、多功能方向盘、仪表盘等设计都非常符合时代潮流，让驾驶变得更加便利和舒适。
    
    





            

    性价比
        
            
            
        
        5
    
    
    性价比方面，我认为它是一款非常具有竞争力的车型。不仅在外观设计、配置和品质方面表现优秀，价格也相对亲民，是一个性价比很高的选择。对于我这种想要既享受驾驶乐趣又不想花费太多的消费者来说，它绝对是一个不错的选择。
    
    





            
                

    智能化
        
            
            
        
        5
    
    
    最后，值得一提的是车辆的配置，它配备了诸多智能驾驶辅助系统，如全速自适应巡航、自动驻车、倒车影像等，让驾驶更加便捷和安全。此外，丰富的娱乐系统和舒适的座椅也为车辆的乘坐体验增添不少亮点。
    
    




            

            



        "
阜阳车友3648349,2024-03-09 首次发表,"
            
                
                    3314km
                    
                    行驶里程
                
                
                
                
                
                    18.6kWh
                    春秋电耗
                
                
                
                
                
                
                    417公里
                    春秋续航
                
                
                
                

                
                
                    18.99万
                    裸车购买价
                
                
                    2024-01
                    购买时间
                
                
                    宿州
                    购买地点
                
            
            
    
        
            
        
        
            
        
        
            
        
        
            
        
        
            
        
        
            
        
    
    

    
        $(document).ready(function () {
            var koubeiid = 5308764;

        });

    


            
                最满意
                喜欢我这款车它的动力，起步快，而且电动机没有噪音，隔音效果很好，嗯，外观也好看。
            
            
                最不满意
                有—说一，也有我不喜欢的，就是我充电麻烦，没有加油方便。
            

            

    空间
        
            
            
        
        5
    
    
    空间还是挺大的，前后两排也够用。我这车的后备箱还挺大的，能装，没让我失望过。
    
    






                

    驾驶感受
        
            
            
        
        5
    
    
    动力我觉得充沛，电动机马力足，而且避震效果好，过减速带平稳。
    
    






            

            




            

    续航
        
            
            
        
        4
    
    
    续航方面还是挺强的，满电情况下可以开400多公里，就是充电我觉得挺麻烦。
    
    





            
            

    外观
        
            
            
        
        5
    
    
    外观看起来还是挺好看，而且它的前大灯也很漂亮。对了，车漆厚。
    
    





            

    内饰
        
            
            
        
        5
    
    
    喜欢它的中控屏幕，看起来高清呀，座椅也很舒服。空调效果好，后座还有空调出风口。
    
    





            

    性价比
        
            
            
        
        5
    
    
    不得不说，我这款车每个月确实开支少，为我节省了不少钱，而且家人们也喜欢。
    
    





            
                

    智能化
        
            
            
        
        5
    
    
    嘿嘿，我这款车它的配置高，有主动刹车功能，还有上坡辅助功能。有—说一，这手机无线充电功能实用。
    
    




            

            



        "
安庆车友4887645,2024-03-09 首次发表,"
            
                
                    2696km
                    
                    行驶里程
                
                
                
                
                
                    20.8kWh
                    春秋电耗
                
                
                
                
                
                
                    380公里
                    春秋续航
                
                
                
                

                
                
                    23.79万
                    裸车购买价
                
                
                    2024-01
                    购买时间
                
                
                    合肥
                    购买地点
                
            
            
    
        
            
        
        
            
        
        
            
        
        
            
        
        
            
        
        
            
        
    
    

    
        $(document).ready(function () {
            var koubeiid = 5308713;

        });

    


            
                最满意
                我喜欢我这辆车，它的空间大，而且造型帅。对了，这个动力挺充沛的，加速很快。
            
            
                最不满意
                这辆车买回来没有多久，它性能各方面我都挺喜欢的，只不过新车嘛，难免有些异味。
            

            

    空间
        
            
            
        
        5
    
    
    爸妈都有车子，这辆车就是我一个人用，空间够大。平时周末逛街的话，这个后备箱也是挺能装的。
    
    






                

    驾驶感受
        
            
            
        
        5
    
    
    加速的时候觉得这个动力充沛，而且方向盘不重，转弯也灵活。
    
    






            

            




            

    续航
        
            
            
        
        5
    
    
    车子平均的电耗也还行，才20个多，而且充电也很方便，我们家小区就有充电桩，哈哈哈。
    
    





            
            

    外观
        
            
            
        
        5
    
    
    外观看起来就挺帅的，有气质，而且它的门把手做工也精致。
    
    





            

    内饰
        
            
            
        
        4
    
    
    挺喜欢车子的屏幕，看着清楚，而且这个座椅的弹性也好，就是新车嘛，这个异味有点在。
    
    





            

    性价比
        
            
            
        
        5
    
    
    车子的外形好看，性能也挺好的，这个性价比还是挺高的。
    
    





            
                

    智能化
        
            
            
        
        5
    
    
    车子有360度全景影像，停车的时候还是挺方便的，还有全速自适应巡航。
    
    




            

            



        "
宿州车友0343619,2024-03-09 首次发表,"
            
                
                    4856km
                    
                    行驶里程
                
                
                
                
                
                    21.2kWh
                    春秋电耗
                
                
                
                
                
                
                    385公里
                    春秋续航
                
                
                
                

                
                
                    23.29万
                    裸车购买价
                
                
                    2023-11
                    购买时间
                
                
                    阜阳
                    购买地点
                
            
            
    
        
            
        
        
            
        
        
            
        
        
            
        
        
            
        
        
            
        
    
    

    
        $(document).ready(function () {
            var koubeiid = 5308704;

        });

    


            
                最满意
                喜欢车子的座椅，家人们坐着舒服，而且外观也气派。
            
            
                最不满意
                这个车子没有陡坡缓降功能，其他的话都还能够接受。
            

            

    空间
        
            
            
        
        5
    
    
    我178的身高坐在里面都挺宽敞的，而且车子的后备箱也是挺大的。
    
    






                

    驾驶感受
        
            
            
        
        5
    
    
    这车的动力还是挺充沛的，而且上坡的时候也有劲。还有，它的这个避震效果好啊，我每次过减速带的时候都感觉很平稳。
    
    






            

            




            

    续航
        
            
            
        
        5
    
    
    平均下来这个电耗才21个多，还是挺合理的，满意。对了，充电也很方便，我家楼下和公司楼下都有充电桩。
    
    





            
            

    外观
        
            
            
        
        5
    
    
    车子的外形看起来就挺商务的，开出门也有面子，而且它的这个车漆看起来光亮。
    
    





            

    内饰
        
            
            
        
        5
    
    
    车子的材质挺好，而且这个方向盘还用的是真皮，对了，它的这个中控屏幕很清楚。
    
    





            

    性价比
        
            
            
        
        5
    
    
    之前开纯油车的，就想换辆好点新能源的车，跟随趋势嘛，就买了这款ARIYA艾睿雅。
    
    





            
                

    智能化
        
            
            
        
        4
    
    
    就是车子没有陡坡缓降功能，不过车子360度全景影像还是挺清楚的。
    
    




            

            



        "
脏脏包好吃,2024-03-08 首次发表,"
            
                
                    3270km
                    
                    行驶里程
                
                
                
                
                
                    17.2kWh
                    春秋电耗
                
                
                
                
                
                
                    350公里
                    春秋续航
                
                
                
                

                
                
                    14.99万
                    裸车购买价
                
                
                    2023-12
                    购买时间
                
                
                    福州
                    购买地点
                
            
            
    
        
            
        
        
            
        
        
            
        
        
            
        
    
    

    
        $(document).ready(function () {
            var koubeiid = 5308133;

        });

    


            
                最满意
                我这车省钱，比起油车，三个月下来没啥开支，动力也挺充沛。
            
            
                最不满意
                就是自驾游太远的地方不敢去，续航最多就是三百多公里。
            

            

    空间
        
            
            
        
        5
    
    
    我有两个孩子，这车够我们家用。出去逛街买东西，车子能装。
    
    






                

    驾驶感受
        
            
            
        
        5
    
    
    这车起步挺快呀，而且过减速带抖动挺小的。上高速，开个120迈轻松。
    
    






            

            




            

    续航
        
            
            
        
        4
    
    
    在市区开这个续航足够，就是不敢去太远的地方旅行，就是坐高铁。
    
    





            
            

    外观
        
            
            
        
        5
    
    
    我对这车的外型很喜欢，觉得前脸设计圆润精致。我这车做工好，轮毂铝合金的，还有无钥匙进入。
    
    





            

    内饰
        
            
            
        
        5
    
    
    这车的内在设计大气，它的中控屏幕像素高，看倒车影像清晰。座椅呀，真皮的。方向盘真皮。
    
    





            

    性价比
        
            
            
        
        5
    
    
    当时买这车送了不少礼品，行李箱，水杯，脚垫和抱枕都是送的。车子开了三个月，性能好，这车性价比可以。
    
    





            
                

    智能化
        
            
            
        
        5
    
    
    有主动刹车，疲劳驾驶提示，还有胎压报警。跑高速必不可少就是全速自适应巡航，实用。 
    
    




            

            



        "
投射出来的真实,2024-03-08 首次发表,"
            
                
                    4760km
                    
                    行驶里程
                
                
                
                
                
                    17.5kWh
                    春秋电耗
                
                
                
                
                
                
                    365公里
                    春秋续航
                
                
                
                

                
                
                    15.99万
                    裸车购买价
                
                
                    2023-11
                    购买时间
                
                
                    厦门
                    购买地点
                
            
            
    
        
            
        
        
            
        
        
            
        
        
            
        
    
    

    
        $(document).ready(function () {
            var koubeiid = 5308124;

        });

    


            
                最满意
                我在市区上班，挺喜欢这辆车子的能耗，因为我每个月的开支就是几十块钱，还挺方便的，包括车子它的做工也很细腻，车漆用料也厚。
            
            
                最不满意
                最不喜欢这辆车子它的动力了，跑高速的时候这个动力还是有一点弱的，跟燃油车没法比。
            

            

    空间
        
            
            
        
        5
    
    
    空间方面倒是够用，不管是前排还是这辆车子的后排都挺宽敞，而且它的这个后备箱也很大。
    
    






                

    驾驶感受
        
            
            
        
        4
    
    
    动力方面的话并不是特别强，因为跑高速的时候还是比较弱的，但是在市区里面开的话是足够。
    
    






            

            




            

    续航
        
            
            
        
        5
    
    
    车子在纯电的情况下也可以开个三百多公里，续航方面是毋庸置疑，而且每个月的开支也比较少。
    
    





            
            

    外观
        
            
            
        
        5
    
    
    外形方面的设计还是挺有商务感，而且带有这种时尚的气息，另外就是这个车漆也很厚。
    
    





            

    内饰
        
            
            
        
        5
    
    
    车子的中控屏幕还是挺清楚的，而且这个座椅也很舒服，采用的是真皮的材质，另外这前排还有充电接口。
    
    





            

    性价比
        
            
            
        
        5
    
    
    我这台车的性价比挺高的，主要是因为每个月的开支少，作为一个上班族来说还是挺好。
    
    





            
                

    智能化
        
            
            
        
        5
    
    
    车子对于我来讲还是挺智能化的，因为它有倒车影像功能，还有全速自适应巡航，另外还具备GPS导航。
    
    




            

            



        "
福州车友8433030,2024-03-08 首次发表,"
            
                
                    6118km
                    
                    行驶里程
                
                
                
                
                
                    18.2kWh
                    春秋电耗
                
                
                
                
                
                
                    435公里
                    春秋续航
                
                
                
                

                
                
                    17.69万
                    裸车购买价
                
                
                    2023-10
                    购买时间
                
                
                    龙岩
                    购买地点
                
            
            
    
        
            
        
        
            
        
        
            
        
        
            
        
        
            
        
    
    

    
        $(document).ready(function () {
            var koubeiid = 5308087;

        });

    


            
                最满意
                外形好看，而且它的做工也扎实，另外就是这个动力也充沛。
            
            
                最不满意
                就是车子跑高速的时候，能够听见电流声音，“婴婴”的感觉。
            

            

    空间
        
            
            
        
        5
    
    
    空间还挺大的，而且后排坐我三个胖闺蜜都行。跟几个闺蜜出去野炊的时候，车子的后备箱挺能装。
    
    






                

    驾驶感受
        
            
            
        
        4
    
    
    车子的动力是挺不错的，就是跑高速的时候能够听见电流声音。
    
    






            

            




            

    续航
        
            
            
        
        5
    
    
    续航还挺好，充满一次电的话可以开435公里，每次我都是充半天。
    
    





            
            

    外观
        
            
            
        
        5
    
    
    外形还挺酷的，设计的时尚跟我还是比较搭配，而且大灯圆润好看。车子的腰线设计的还挺有线条感的。
    
    





            

    内饰
        
            
            
        
        5
    
    
    车内的做工还挺细腻的，它的方向盘是真皮，而且还有全液晶仪表盘。车子的氛围灯好好看，有多色。
    
    





            

    性价比
        
            
            
        
        5
    
    
    当时买这辆车还是在父母的支持之下购买的，挺喜欢的就是它的外型，现在开了有几个月了，觉得这个动力挺好的，性价比可以。
    
    





            
                

    智能化
        
            
            
        
        5
    
    
    我这个电车还是挺智能的，它的倒车影像是自带的，而且车子还有主动刹车，甚至还有车道保持辅助系统。
    
    




            

            



        "
岁月如歌0852,2023-04-13 首次发表,"
            
                
                    2000km
                    
                    行驶里程
                
                
                
                
                
                    15.5kWh
                    春秋电耗
                
                
                
                
                
                
                    550公里
                    春秋续航
                
                
                
                

                
                
                    23.78万
                    裸车购买价
                
                
                    2023-03
                    购买时间
                
                
                    遵义
                    购买地点
                
            
            
    
        
            
        
        
            
        
        
            
        
        
            
        
    
    

    
        $(document).ready(function () {
            var koubeiid = 4908225;

        });

    


            
                最满意
                电车，我首先看中的是电池安全，从Ariya的电池介绍来说，感觉蛮好的，让人放心。其次就是外观啦，这车看起来有概念车的感觉，街上回头率超高。
            
            
                最不满意
                目前用了不到两个月，出现过1次锁车副驾后视镜不能折叠（过一会儿自动恢复），3次门板条形氛围灯不亮（只有中控台的亮，也是过一会儿下次启动时自动恢复）。不过这点小问题不影响驾驶，暂时不想管它。
            

            

    空间
        
            
            
        
        5
    
    
    本人身高173，体重72KG。空间简直是绰绰有余的。前排贯通的设计，以及后排地面纯平，显得空间更大了。这车虽然定位为紧凑型SUV，但由于引擎盖部分比其他车短，给车内争取了一些空间，所以里面的空间其实比紧凑型大一些。后排由于地面纯平，脚可以很随意的摆放，所以感觉上空间也更大。后备箱有上下两层，一些比较隐秘的物品可以放在中间夹层里面。最下面层是一些应急工具。不足的是日产为了省成本没有配备胎和千斤顶。
    
    
    
    
    


    






                

    驾驶感受
        
            
            
        
        5
    
    
    驾驶感受上，动力杠杠滴，比油车2.0T更足。动力响应及时，超个车什么的，动力随踩随到。高速120以上再加速依然有推背感。至于什么4秒破百5秒破百那些，那不是我关心的，家用车我要的是舒适，推背感太强家人坐车容易晕车，反而适得其反了。隔音非常好，我这个版本只有前排是双层玻璃，但隔音效果已经非常好了。100以内基本只有轻微胎噪（比我以前逍客的米其林静音胎效果更好），110以上开始有风噪，但是开点音乐就覆盖了，毕竟是SUV，有些风噪是正常的。底盘滤震效果也很满意，舒适的同时不丢失路感，仍能保留一定的驾驶乐趣。方向盘很轻。刹车偏软，刚换这车时非常不适应，用了几百公里后慢慢适应就好了。自己控制好的情况下，刹车基本不会点头（个人技术，不以讨论）。弯道侧倾应该还好，大多数时间都是我一个人开，后排没去感受过，驾驶位是没问题的，60km/h过立交桥的大圆弯道没有问题。
    
    
    
    图片是静止拍摄，PS加了动态效果。
    


    






            

            




            

    续航
        
            
            
        
        5
    
    
    刚提车时续航99% 599公里。用到现在，充满基本显示接近700，比官方623还高。日常使用基本都是城区 郊区，我很少上高速。这个续航基本能跑450，还剩17% 122公里，就该充电了。续航还是挺满意的。日常使用平平淡淡的一般标准模式就够了，驾驶感受跟油车一模一样，动力充沛，松油门有轻微的动能回收阻力感，相当于发动机制动了。从油车换过来的人不会有丝毫的不适应。单踏板模式基本不用，不习惯。运动模式下那是相当运动，动力响应比标准模式积极得多，家桩没安好之前，都是标准 经济，家桩安好后，天天运动。这车最节能的不是动能回收，而是经济模式下的0阻力滑行。油车滑行还有些变速箱发动机的阻力，Ariya的经济模式应该是0阻力了，越滑越快。高速路上几公里十几公里的长下坡，基本是不用踩油门的，甚至需要略微带些刹车以控制车速。冬季续航还不知道，我是3月份提的车，我们这3月份已经十几度的温度了，现在4月已经二十几度了。
    
    
    
    这是跑了一小段高速的能耗情况，挺满意。
    


    
    
    充满电的剩余续航，实际开450还剩120 再充电妥妥滴没问题。
    


    





            
            

    外观
        
            
            
        
        5
    
    
    外观是最满意的，看起来很年轻，一点都不臃肿。概念车的造型，19寸大轮毂，在街上回头率很高，经常等红灯的时候旁边的车来问这是什么车，哈哈。
    
    
    
    辞旧迎新咯。
    


    
    
    和GLC停在一起，气质丝毫不输啊。
    


    





            

    内饰
        
            
            
        
        5
    
    
    新车内饰几乎没啥刺激性味道，回来用了几天就一点味道都没了。环保方面应该还是可以的。中控台实木那一块真是点睛之笔，看起来很有质感，按键带触动震感，手感挺不错的。电动的储物格给车子增加了一些逼格。座椅日产大沙发名不虚传，很舒服，全车前后座椅带加热。要是带通风就更好了。空调加热和制冷都来得很快，方向盘加热30秒以内到位。
    
    
    
    内饰有啥好拍的，外观好看就得了。
    


    
    
    俩坐骑。
    


    





            

    性价比
        
            
            
        
        5
    
    
    买这车之前看了modelY、001、海豹、G9、宋EV等等，最后还是选择了Ariya，或许它是90度电池里性价比最高的了吧，主要还是看中合资老车企。纯国产品控一言难尽，懂的都懂，就不多说了。
    
    
    
    看油菜花去。
    


    





            
                

    智能化
        
            
            
        
        5
    
    
    智能化肯定不及国产新势力的高。有360全景但是没有透明底盘，全景影像在车速超过20还是30就会关闭。新势力的ipad、冰箱、彩电那不是我需要的，我只是需要一个车。手机APP可以看车的情况，可以开关锁。但是不能启动车辆和开关窗户，希望官方后期能OTA升级次功能，真的是刚需。其他方面，车子自带行车记录仪，清晰度只能说够用。车机每个月赠送6G流量，也是够用。语音交互挺好用，可以语音唤醒，也可以用方向盘按键唤醒。车载导航虽然不是最新版的高德，但是使用起来没啥问题，挺方便，HUD也清晰，不晕。L2辅助驾驶的时候，车道保持挺稳，弯道画圆不突兀，不会“画龙”。
    
    




            

            



        "
洁白的温柔,2023-02-07 首次发表,"
            
                
                    1500km
                    
                    行驶里程
                
                
                
                
                
                    10.0kWh
                    春秋电耗
                
                
                
                
                
                
                    560公里
                    春秋续航
                
                
                
                

                
                    500公里
                    冬季续航
                
                
                    25.28万
                    裸车购买价
                
                
                    2022-12
                    购买时间
                
                
                    三亚
                    购买地点
                
            
            
    
    

    
        $(document).ready(function () {
            var koubeiid = 4806949;

        });

    


            
                最满意
                缘分天空，美丽的梦……怎么也想不到，车展那无意间的回眸，注定了我和艾睿雅的牵手成功？
 艾睿雅，爱你呀！一个美丽的故事的开始，提车之路真的是一波三折，也许这就是爱的考验！每款车都有一种颜色诠释出她的美丽，艾瑞雅同样具备这种颜色，那就是琉璃金和黑色双拼，这颜色把艾睿雅通身上下的美诠释得淋漓尽致！
 爱车回来的当天，在体验店让销售把“东风日产”扣掉，然后换上了“CHINA”,档次立竿见影，开锁的那刹间，车标和大灯同时亮起，一朵美丽的花瓣和花蕊向自己投怀绽放！
 事先定好了地下车库，把爱车开回属于她的家，在陡峭和弯曲的地下室，点开了全景，弯行和入库，那么的轻而易举，虽然她的肉身并不瘦小；车载系统虽然不够先进，但中控的设计让你惊喜不断，流动岛让你感觉驾驶门不再有蹭擦的后顾之忧；魔术抽屉也很精致，但实用性不大；回震的触控仿佛艾睿雅的心跳，随时与你合而为一；抬头显示让你不再困扰方向盘前面的仪表；日产的沙发，绝对不是盖的，舒适的让你越开越爱；后备箱更是让你出行无忧，宽敞的空间，在春节期间，满载而归却又如两手空空；三年封控后的开放，被堵的三亚遛上了热搜，但艾睿雅依然我行我素，时而慢步，时而奔跑，充满电的99%（永远都充不到100%）往下掉的时间让你喜出望外，五次上高速120和130码不断切换，艾睿雅沉稳的身躯和静谧的驾驶环境，让我一次爱个够，一次永远爱不够！经过了五次高速路的磨合，开出了1633公里，充电265度，开支了159元，一公里大概一分钱，这这这？这怎么能一次爱个够？
            
            
                最不满意
                最不满意是日产的服务跟不上，也许是新车，对艾睿雅的普及还不够，客服一直一问三不知？
            

            

    空间
        
            
            
        
        5
    
    
    
        

        0% buffered00:00播放暂停00:00/00:39倍速2x1.5x1.25x1x0.75x0.5x高清高清全屏切换50%75%100%满屏00:00汽车之家视频播放器  之家首页  复制链接  版本号 : 2.5.32

  
    
      
        
        
          
        
        
          
        
        
      
    
  


    
    

    家人都很瘦小，驾乘空间已经用语言无法描述。
    
    
        后备厢容积
        过年回家塞了满满的，可惜没拍下来
        
    
        

        0% buffered00:00播放暂停00:00/00:25倍速2x1.5x1.25x1x0.75x0.5x高清高清全屏切换50%75%100%满屏00:00汽车之家视频播放器  之家首页  复制链接  版本号 : 2.5.32

  
    
      
        
        
          
        
        
          
        
        
      
    
  


    
    

        
    
        乘坐空间
        大沙发，不会错，当艾睿雅遇到了轿车，只有她能抬头扩胸，轿车绝对低她一头。
        
    
        

        0% buffered00:00播放暂停00:00/00:39倍速2x1.5x1.25x1x0.75x0.5x高清高清全屏切换50%75%100%满屏00:00汽车之家视频播放器  之家首页  复制链接  版本号 : 2.5.32

  
    
      
        
        
          
        
        
          
        
        
      
    
  


    
    

        
    






                

    驾驶感受
        
            
            
        
        5
    
    
    一般都自动标准模式，猛踩情况下有点肉的感觉，但轻踩一下再猛踩，舒适感立即上来。
    
    






            

            




            

    续航
        
            
            
        
        5
    
    
    三亚的天气不说都知道，一般充满99%，560公里续航轻松完成
    
    





            
            

    外观
        
            
            
        
        5
    
    
    
    
    
    
    
    


    
    
    
    


    
        车头造型
        前脸设计让人感觉那是一个可爱的表情
        
        
    
    
    
    


    
    
    
    


    
        车尾造型
        把东风日产扣掉后，你会发现又是另一种感觉！
        
        
    
    
    
    


    
    
    
    


    





            

    内饰
        
            
            
        
        5
    
    
    
    
    
    
    
    


    
    
    
    


    
        ☆ 氛围灯效果
        氛围灯略显单调，自己加装了满天繁星，但也觉得是鸡肋，实用性不强。
        
        
    





            

    性价比
        
            
            
        
        5
    
    
    相对于其它纯电动车，估计没有多少能让人不晕车，艾睿雅让你的家人远离晕车的恐惧！
    
    





            
                

    智能化
        
            
            
        
        4
    
    
    全景影像让你入库无忧，车载系统有待提升，语音功能准确度一般
    
    




            

            



        "
alvin6chan,2023-08-22 首次发表,"
            
                
                    18000km
                    
                    行驶里程
                
                
                
                
                
                
                    20.0kWh
                    夏季电耗
                
                
                
                
                
                
                    500公里
                    夏季续航
                
                
                

                
                
                    25.58万
                    裸车购买价
                
                
                    2022-12
                    购买时间
                
                
                    广州
                    购买地点
                
            
            
    
        
            
        
    
    

    
        $(document).ready(function () {
            var koubeiid = 5113549;

        });

    


            
                最满意
                新能源的纯电车主要考虑质保和续航，其词就是内饰，外形，质量，品牌。对于ARIYA的续航、外形、空间，内饰，品牌我是认可的。
            
            
                最不满意
                车机和蔚、小、理、特是没发比的，只能说对于代步用车的我来说够用。
            

            

    空间
        
            
            
        
        5
    
    
    我1.8米，驾驶位是我常用位置，但有时陪小孩坐后面看动画片，感觉空间还是挺宽裕的。
    
    






                

    驾驶感受
        
            
            
        
        5
    
    
    ARIYA是励磁电机，听说长期持续行驶衰退不明显，最长连续开4个小时，没有明显的不够力，提速和特拉拉、大众和未来区别不大，我买这车也就试过这三款，其他没试过没有发言权。但刹车可能车身有2吨重，需要习惯一下。
    
    






            

            




            

    续航
        
            
            
        
        5
    
    
    相信买新能源纯电的都是比较关心续航，基本买了电车就每走一步路都用车，用车评率会高很多，偶尔也跑长途看看真实续航有多少，发现用经济模式 B，跑500公里以上是没有问题的，而且全程开空调和乘坐4个人，所以里程还是很实在。
    
    
        公共充电桩
        这次去惠州双月湾尝试日产合作充电桩快充，30分钟200公里是没问题。
        
        
    
    
    
    


    





            
            

    外观
        
            
            
        
        5
    
    
    从表面上说，不要考虑后期贬值，我是喜欢另类点的，无论油车和电车，外形特别，回头率也不低。我相信全球车型都会适合全球大部分的人，安慰自己也好，我相信是经过全球各项测试才上市销售。
    
    





            

    内饰
        
            
            
        
        5
    
    
    内饰的木饰条形饰板，而且木饰板带触感按键，科技感满满。有其他车友说容易按错，但对于我来说感官设计高于实用，毕竟不是说按不到。关于氛围灯，对于很多灯带的天下，ARIYA是用大片的网格灯点缀，这些我不知道好不好，个人喜欢吧。再一个就是中央扶手能前后移动，有时泊车不方便可以从副驾出去。
    
    
    
    移动的中控
    


    
    
    
    


    
        ☆ 氛围灯效果
        中间和侧面颜色一样，单一颜色，亮度可调节，早上看不出效果，夜晚就挺有特色，我个人认为
        
        
    
    
    侧氛围灯，单一颜色，亮度可调节，早上看不出效果，夜晚就挺有特色，我个人认为。
    


    
    
    中间氛围灯，和侧面颜色一样，单一颜色，亮度可调节，早上看不出效果，夜晚就挺有特色，我个人认为。
    


    





            

    性价比
        
            
            
        
        4
    
    
    20多万有人说为什么不买特拉拉和小朋，我相信老牌大厂车，因为考虑以后的用车便利性，怎么说日产都不那么容易关门吧。
    
    





            
                

    智能化
        
            
            
        
        3
    
    
    虽然有L2自动驾驶，但我是不会由机器掌控生命的。车机就不用多说了，不是老牌大厂的强项。
    
    
        车载导航实用性
        导航可以三屏联动，左右屏 玻璃投影，车机导航可以与手机高德连通，还有可以语音控制
        
        
    




            

            



        "
Kasytor,2023-06-25 首次发表,"
            
                
                    2000km
                    
                    行驶里程
                
                
                
                
                
                
                    14.5kWh
                    夏季电耗
                
                
                
                
                
                
                    600公里
                    夏季续航
                
                
                

                
                
                    23.78万
                    裸车购买价
                
                
                    2023-05
                    购买时间
                
                
                    常州
                    购买地点
                
            
            
    
    

    
        $(document).ready(function () {
            var koubeiid = 5025887;

        });

    


            
                最满意
                买这车主要考虑是全球车型，整体评价较好，传统车企设计更偏向驾驶感受，毕竟车主要还是开的，这种价格区间还是日常实用为主，就看厂家把成本做在哪些方面了，把成本用在提升开车体验就是好的设计，毕竟是每天的日常，而不是一个月都不会用一次的功能上。
1.扎实的续航里程，首先买车还是优先考虑续航，计算过随便开开实际里程的和电耗指示比值0.93，如果是纯经济模式可以到1.04，就是比车辆计算值还要长，整个电控和电池量还是很给力的。另外电车还是建议有家充的购买，慢充价格低对电池也很友好。600km的续航基本没有在外面充电的必要，真的跑长途就用家里的油车了。
2.线性加速，标准模式下的开车体验接近油车，由于是电励磁电机，电机输出功率好调整，运动模式下动力强，标准模式有一定的动能回收感觉类似油车，经济模式下无动能回收，可以以极低阻力滑行。另外还有单踏板模式，开启后油门阻力明显增加，能较好的控制，如果道路拥堵还挺方便。无论驾驶还是乘坐体验良好。
3.舒适的座椅，日产大沙发传统的延续，合理的座椅尺寸和软硬度。
4.空间设计好，虽然是4600mm的车长，不过仔细看是前端设计上缩短了，中间乘坐区域增加，基本上除了驾驶位头顶间距略小，长度方向空间较大，特别是第二排乘坐的体验不错。
5.保留传统一些设计对我来说也算优点吧，当然很可能只是这车设计较早没考虑那么多花花配置。如传统门把，传统天窗，使用起来反而更加方便。
            
            
                最不满意
                1.转向灯拨杆比较特殊，是两段式，短拨是3秒的打灯，长拨是需要大幅度方向才能取消打灯。导致有时长拨转向幅度不大需要手动反向操作来取消打灯。
2.有些配置只有四驱顶配才有而且不能选装，比如流媒体后视镜，挺实用的。比如音响，感觉这个价位效果过于普通。不想牺牲续航买四驱的话没有选择。
4.机车系统用起来是稳定的至少没出现异常，但是也没太多功能，自定义选项少。
5.智能驾驶能满足日常需求，想要国产新能源那么花哨的是没有的。好在正常开也就跟车比较常用，但是前后车间距略大，应该是安全考虑但容易被加塞，中国国情。
            

            

    空间
        
            
            
        
        5
    
    
    
    
    
        ☆ 空间设计亮点
        这是辆前驱车，估计是电车部件少，日产能缩短前端车头的长度增加了乘坐空间，空间充足。贯穿式前排，带电动中台比较独特的设计。
        
        
    
        第二排空间
        驾驶位退到最后，后排还有两拳半的位置，一般是三拳半。
        
        
    
    
    
    


    
        后备厢容积
        后背箱容积大，日常使用足够。
        
        
    
        乘坐空间
        驾驶位较大，但是前端的位置离顶较近，如果喜欢座椅靠前的话身高较高的容易碰头。
        
        
    






                

    驾驶感受
        
            
            
        
        5
    
    
    
    
    
        起步/加速动力
        虽然是两驱版，标准模式和运动模式动力完全OK，起步快速。如果是经济模式有点类似油车的起步。常规超车也就看40-80km/时的加速能力。
        
        
    
        刹车灵敏性
        刹车很灵敏也有一定的线性，整体感受类似油车。
        
        
    
        跑高速
        因为常开快速路，高速还没跑过，选这个也是看日产设计的电励磁同步电机，这个原理上来讲在快速和高速应该有较好表现，实际也的确如此，80-110的速度下电耗比市区低不少，动力仍然强劲。
        
        
    
        方向盘轻重
        方向盘较轻，并带有常用实体按键。这点很方便，按键质感不错。
        
        
    
    
    
    


    






            

            




            

    续航
        
            
            
        
        5
    
    
    续航在新能源车里算很扎实，还有点反向虚标。可能日产比较保守。可以看到6月的总里程和总耗电比值与官方续航非常接近。如果纯经济模式驾驶（最好是80-110km/h）百公里电耗能到12度多。官方推荐充90％,显示续航605km，优于CLTC值。
    
    
    
    
    


    
    
    
    


    
    
    
    


    
        充电时间
        从技术角度讲，延长续航要么加电池，要么减重量。既然日产作为紧凑SUV配了90度，那么充电时间短不了，家充基本要10-12小时。
        
        
    
        表显续航准确性
        表显续航很准确，根据驾驶情况自动修正。
        
        
    





            
            

    外观
        
            
            
        
        5
    
    
    外观较为独特，是运动溜背造型。但是前端面积较大感觉增加了风阻。整体颜值在线吧。
    
    
    
    
    


    
    
    
    


    
    
    
    


    
        车身做工
        车身做工良好，车身和系统组装细节OK。由于是全球车型，看过去年日产日本工厂Ariya全自动组装视频，感觉还不错。
        
        
    





            

    内饰
        
            
            
        
        5
    
    
    氛围灯比较单调，远不如A车。
    
    
        内饰用料
        内饰真皮包裹，布局合理，同价位车中上的质感还是有的。
        
        
    
    
    
    


    
    
    
    


    
        空调效果
        空调效果很好，配置是有热泵空调，现在夏天，正常一个人驾驶25度，最小风量足够，低了感觉冷。
        
        
    
        座椅舒适性
        座椅舒适性佳，你可以相信日产的座椅功底。后排真的坐起来像沙发。
        
        
    





            

    性价比
        
            
            
        
        5
    
    
    如果原价购买还是偏贵，现在优惠6万，不过少了一些权益。充电桩和整车终身质保也买了，实际还会贵1.5万。全国统一销售，感觉日产4S店更注重推广油车和e-power。因为是日产新平台的第一款，设计应该会有冗余来增加车辆可靠性获得口碑，所以估计实际成本不低。
    
    





            
                

    智能化
        
            
            
        
        4
    
    
    机车功能只能说够用，系统可自定义内容少，不过相对的流畅度和稳定性不错，至少现在没有一次异常。
    
    
        车载导航实用性
        车载导航是高德，这点好评，因为我手机导航一直用高德，收藏或者搜索的地址直接对接。
        
        
    
    
    
    


    
        HUD抬显实用性
        HUD抬头显示很实用，基本不用看仪表。虽然不如 AR HUD炫酷，但是更容易集中注意力。
        
        
    
        面部识别便利性
        面部识别准确快速。
        
        
    
        360全景影像实用性
        360倒车影像挺实用，方便停车。不过可惜的是没有配置超高清摄像头，可能和其他日产系列公用国内的供应商。
        
        
    
        车机功能及流畅度
        功能较为固定，流畅性不错。
        
        
    
        车道保持智能度
        车道保持使用起来便捷，实际效果还不错。额外的功能肯定不如一些国内车型。
        
        
    




            

            



        "
Li个朗,2023-04-16 首次发表,"
            
                
                    3500km
                    
                    行驶里程
                
                
                
                
                
                    15.0kWh
                    春秋电耗
                
                
                
                
                
                
                    600公里
                    春秋续航
                
                
                
                

                
                
                    24.98万
                    裸车购买价
                
                
                    2022-12
                    购买时间
                
                
                    德州
                    购买地点
                
            
            
    
        
            
        
    
    

    
        $(document).ready(function () {
            var koubeiid = 4912141;

        });

    


            
                最满意
                内饰外观设计简洁大方，起步平稳、行驶顺畅，不会造成眩晕感，静音和减震效果不错。
            
            
                最不满意
                在刹停的时候，车辆会有一点晃动，换档把质感不好。
            

            

    空间
        
            
            
        
        5
    
    
    做为一款紧凑型SUV，内部空间的表现还是不错的，后排坐三个人也不是很挤，后备箱的隔板可以上下调整，隔板在上面时可以和放倒的后排座椅基本持平，调到下面可以增加储物空间。
    
    
    
    
    


    
    
    
    


    
        ☆ 空间设计亮点
        前排人贯穿式设计，电动扶手箱可前后移动，电动隐藏的储物盒。
        
        
    
    
    
    


    
    
    
    


    
    
    
    


    






                

    驾驶感受
        
            
            
        
        5
    
    
    我觉的最突出的优点是起步平稳、行驶顺畅，不会造成眩晕感，不同模式下的动能回收强度不同，我更偏向使用经济模式。车辆减震效果还是不错的，过一些小的减速带，没有什么颠簸感。
    
    
    
    
    


    
    
    
    


    






            

            




            

    续航
        
            
            
        
        4
    
    
    我的车官方续航是623公里，提车初始正好是冬天，德州冬天的温度大概在零下几度，这种温度下，在不开启空调及座椅加热的情况下，续航能够达到500公里左右，开启空调或座椅加热的话，续航就是400公里左右了，随着温度的升高，续航也逐步增加，在室外温度20度左右下，续航就能超过600多公里了。以上都是驾驶选择经济模式，在市区行驶的数据，一直没有跑高速，所以高速上的续航表现还不太清楚。
    
    
    
    
    


    
    
    
    


    
        充电时间
        我平时都是在家充电，使用的是10A的随车充，不是原厂的家用充电桩，这种充电速度比较慢，每小时充2%，我也在外面用过快充，快充的时间取决于很多因素：充电时的气温、充电桩的功率、充电时剩余的电量等。可能是出于对电池的保护，电量在99%充到100%用时很长，所以外出充电的话，建议无需等到充满，这样会节省时间。
        
        
    
    
    
    


    
    
    
    


    





            
            

    外观
        
            
            
        
        4
    
    
    造型厚实立体，线条犀利，有些机甲科幻的未来感，色彩方面，个人感觉钨钢灰更能现出这种未来感。
    
    
    
    
    


    
    
    
    


    
    
    
    


    





            

    内饰
        
            
            
        
        4
    
    
    双联屏、触摸式按键等设计体现了一种科技感，真皮座椅也比较舒适，内饰用料算不上高档，中规中矩吧。
    
    
    
    
    


    
    
    
    


    





            

    性价比
        
            
            
        
        3
    
    
    性价比算不上高的，初始定价有些高，可能是自己比较中意吧，还是首批就下定了，目前价格优惠让利比之前多，现在购买比之前合适些。
    
    





            
                

    智能化
        
            
            
        
        4
    
    
    车机系统里的应用是固定的，导航、听音乐、看视频的功能都是满足的，交互语音使用也很方便，虽然没有一些新势力品牌功能丰富，但使用是非常流畅的，对我来说也是够用了。标配的L2+智能驾驶辅助系统，使用起来也是比较方便的，手机App软件也有一些互联功能，如开锁、远程控制空调、了解车辆状态、充电管理等，还是比较实用的。
    
    
    
    
    


    




            

            



        "
isaaczhu0726,2023-02-10 首次发表,"
            
                
                    2000km
                    
                    行驶里程
                
                
                
                
                
                
                
                    18.0kWh
                    冬季电耗
                
                
                
                
                
                
                     500公里
                     冬季续航
                
                

                
                
                    25.58万
                    裸车购买价
                
                
                    2023-01
                    购买时间
                
                
                    上海
                    购买地点
                
            
            
    
    

    
        $(document).ready(function () {
            var koubeiid = 4810815;

        });

    


            
                最满意
                最满意必然是舒适度以及内饰了，当时就是冲着这个刷下model y的，我当时除新势力外主流的车基本全部都看过，我不相信新势力，杠就是你对

我第一辆看的新能源是ID4，但看到实车后，那做工实在不好评价，号称纯电平台，后座放倒竟然有个台阶！我对它纯电平台的真假保持怀疑态度，直接PASS

ID6其实还可以，但对我这种单身狗来说有点太大了，不太实用

福特的电马外观很帅，但那墓碑式的竖屏太丑了简直

比亚迪全系，不可否认比亚迪确实做得很好，但是不知道从什么时候开始比亚迪又和爱国捆绑上了，这种带有道德绑架式的销售让我非常反感，这是大几十万，这是一年的工资。

特斯拉，model y 绝对是个很强的竞争者，我买Ariya的时候特斯拉刚好降价，当时Ariya还没有付钱，model3 22.99那波，这我当时真纠结过，后来比较了一下
1，外观方面，其实个人感觉Ariya更长在我的审美上，车辆尺寸都差不多，两边算打平吧

2，性能方面，model y 加速快，极速快，但是对于国内交通环境，日常家用的情况下，加速和极速其实并没有意义，相对之下Ariya更平稳更稳重更柔和反而更适合家用

3，车机方面，那肯定是model y更强。但是model y车机有点太冗余了，太多没有用的东西
 比如全自动驾驶，就国内这种路边突然蹿出个外卖小哥的环境，给我我都不敢用。
 娱乐系统，号称能在车上看电影，玩steam, 我为啥不回家玩？家里那40寸的彩电不香吗。 
所以个人感觉车机只要能正确导航，能听歌就，一些常用的语音能识别就够了。其他功能不但冗余，还会影响驾驶。
所有的配置都是在暗地里明码标价的，与其把钱花在这些一年都用不到几次的配置上面，我更愿意把钱花在内饰，座椅，底盘调教这些天天能用得到的东西上面（杠，就是你对）

在高速上能做到自动跟车，车道保持其实也就够了，这些功能Ariya都能满足，而且能做的很好

 4，实体按键，这个东西真的很重要，一些基础的东西像空调，除雾必须得有实体按键，我自己就是做车载芯片片上自测试的，这地方我太懂了，把所有东西都放一个大屏里面绝对是谋杀。这方面Ariya绝对秒杀

5，续航，实际跑下来，高速上差不多18个电左右，上海市区差不多14个左右。 
我过年从上海回家，400多公里，堵了八个小时大环境下，出发90%的电到家还剩7%的电，全程开空调。这续航可以说是相当顶了
其他车的续航没有实测过，不评价，但是看口碑的话应该没有几家能达到这种水平

6，服务，买车前热情，买车后冷淡，销售的通病。但有一个事情得夸一波，我从提车到交保险到上牌，一天全部搞定，没有收上牌费（收了车管所要的成本的那部分）

7，做工，传统车企的做工是没得说的，确实很扎实，这个也是我当时放弃model y的主要原因之一

8，总体评价，个人感觉这车绝对是被严重低估了，而且被部分无脑迪吹，特吹，无脑黑诋毁的太严重了，买车还是得自己去看，得去试驾，网上部分水军的评价是真的辣眼睛。


小小吐槽一下，我看过最离谱的是有人拿90度电623的Ariya和最低配的60多度电，401的id4去比,说贵了快十万为啥不要id4。真的是网上看个价格，张嘴就来

另外，感觉Ariya应该是日产的一个独立的部门，虽然提车还是去日产的4s店提，但销售，售后，哪怕app都是和传统日产分开的，做事风格上这整个部门明显感觉更年轻一些

最后，我不和xx说话，你杠你就是对的
            
            
                最不满意
                转向灯拨杆过于灵敏，经常会从左转直接拨到右转
档把塑料感太强，建议官方出个档把套，不然全是指纹印
语音识别还有点改善，虽然基本够用，但有时候确实很笨
            

            

    空间
        
            
            
        
        5
    
    
    虽然是紧凑型suv但空间真的比看起来大很多很多，这车的空间利用没的说
    
    
    
    
    


    
    
    
    


    






                

    驾驶感受
        
            
            
        
        5
    
    
    和油车差不多，没有刹车点头现象，巡航，自动跟车在高速非常好用
    
    
    
    
    


    
    
    
    


    






            

            




            

    续航
        
            
            
        
        5
    
    
    高速18个，市区14个，综合续航差不多打个九折，不过还是得看驾驶习惯了
    
    
    
    
    


    





            
            

    外观
        
            
            
        
        5
    
    
    车头很漂亮，车尾说实话一般般，倒车灯不对称有点为难强迫症
    
    
    
    
    


    
    
    
    


    





            

    内饰
        
            
            
        
        5
    
    
    这实体按键大爱，所见之处皆是皮，毕竟沙发厂，座椅舒适度没的说
    
    
    
    
    


    





            

    性价比
        
            
            
        
        4
    
    
    个人感觉落地26，90度电，在新能源车里面其实算还可以了
    
    





            
                

    智能化
        
            
            
        
        4
    
    
    app能开关车门，但没法启动汽车，语音部分情况下会很笨
    
    




            

            



        "
Murphy1105,2022-12-31 首次发表,"
            
                
                    6500km
                    
                    行驶里程
                
                
                
                
                
                
                
                    17.0kWh
                    冬季电耗
                
                
                
                
                
                
                     550公里
                     冬季续航
                
                

                
                
                    24.78万
                    裸车购买价
                
                
                    2022-11
                    购买时间
                
                
                    广州
                    购买地点
                
            
            
    
        
            
        
    
    

    
        $(document).ready(function () {
            var koubeiid = 4763273;

        });

    


            
                最满意
                续航能力。绝无虚标，可能还藏了不少电。我是11月初提的车，目前开了差不多6500公里。我日常11月广州气温25°左右高速表显600公里，相比官方CLTC623公里几乎没有打折。而在广州最冷的时候（早上8°左右）表显560左右（最近跑得多，胎压230，我怀疑打到250续航还会提升，找时间去打个气），这个续航达成率真是非常厉害！另外，由于日产赠送充电桩，所以下班回来立马插上，设置好定时充电，2毛7一度，非常香！
            
            
                最不满意
                音响不行。两驱长续航只有6个喇叭，还不提供选装选项。羡慕四驱版本的10Bose。而且问过客服，后期官方也没有提供选装的服务。幸好这车静音性能很好，所以可以拉高一些些音响感受。等车友的改装帖子，有机会的话还是可以加点钱提升下，这样就基本没有什么大的短板了。
            

            

    空间
        
            
            
        
        5
    
    
    这车但看尺寸不算特别大，但是实车的前后排空间真是绝了，巨大无比，比奇骏还要大。特别是平时带孩子出门，纯平的地面太加分了，加上可移动的中央扶手箱，后排空间调整起来非常灵活。
    
    
    
    
    


    






                

    驾驶感受
        
            
            
        
        5
    
    
    作为一台2.1吨重的SUV，ariya是给了我惊喜。特别是过弯的感受。同样都是SUV，奇骏60公里过高速匝道，会有非常明显的侧倾，总感觉人要甩出去。ariya我开80，却比60奇骏还要稳，侧向支撑非常足。我觉得这是电车本身的优势，电池重、又趴在屁股底下，所以车身重心非常低、车身姿态非常稳。两驱版的百公里加速数据不算高，但是有一点值得一提，当速度超过100以后深踩电门仍然可以获得较强的加速。
    
    
    
    
    


    






            

            




            

    续航
        
            
            
        
        5
    
    
    续航可以打满分。表现非常突出，正常开不会有过度的里程焦虑。
    
    
    
    
    


    
    
    
    


    
        公共充电桩
        提车赠送了2000度电卡，基本上主流的充电桩都能用。非常方便，也算是购车的一个小福利吧。
        
        
    
    
    
    


    





            
            

    外观
        
            
            
        
        5
    
    
    实车比图片好看。前脸非常加分，尾灯、腰线看起来都很协调。一点点溜背的造型也显得车子很运动。
    
    
    
    
    


    





            

    内饰
        
            
            
        
        4
    
    
    内饰风格很简约，比有些毛坯的装修好很多。氛围灯不能调整颜色，这里有些遗憾。座椅还是一如既往的舒服，大沙发名不虚传。
    
    
    
    
    


    





            

    性价比
        
            
            
        
        5
    
    
    关注ariya很久，一上市就下定。虽然中间犹豫了一下，但是最后还是非常坚定都买了。目前来看，首批车主的购车优惠是最大的。如果观察下同等电池、同等续航的车型，加上设计加分，ariya不算贵。
    
    
    
    
    


    





            
                

    智能化
        
            
            
        
        4
    
    
    对ProPilot辅助驾驶非常满意。高速上用起来很好用，而且调教的也没有特别激进，所以相对而言还是会觉得更安全。
    
    
    
    
    


    




            

            



        "
jenco,2022-12-11 首次发表,"
            
                
                    300km
                    
                    行驶里程
                
                
                
                
                
                
                
                    22.0kWh
                    冬季电耗
                
                
                
                
                
                
                     400公里
                     冬季续航
                
                

                
                
                    29.78万
                    裸车购买价
                
                
                    2022-11
                    购买时间
                
                
                    广州
                    购买地点
                
            
            
    
        
            
        
        
            
        
        
            
        
        
            
        
        
            
        
        
            
        
        
            
        
        
            
        
        
            
        
    
    

    
        $(document).ready(function () {
            var koubeiid = 4731478;

        });

    


            
                最满意
                首先是仪表台设计简约而充满细节，特别是顶配版的浅蓝色NAPPA真皮内饰，不是单纯的堆料，质感豪华之余，更显温馨舒适。它是有有温度的，有感情的，它就是你的第二个家。然后动力非常猛，急加速瞬间甚至会觉得大脑供血不足而产生晕眩感！果然没有让我失望。动力这东西你可以不用，但是不能不够！其他就是AR导航意外地非常棒，画面清晰，信息全面；HUD充满科技感，还可以显示蓝牙音乐的歌词，赞。隔音也非常好，感觉外面噪音传进来只有以前的车子的一半。
            
            
                最不满意
                不太满意的地方吧，就是续航还是不够长。提车第一次充满电显示续航590 km，还以为是惊喜呢。结果开下来显示续航掉得很快，平时市区开，用epadel模式也要17度电/百公里左右。综合起来市区续航450左右吧，高速还没开过，估计350没问题。还要就是行李箱空间不够大，过年过节就不能当皮卡使了。BOSE音响的效果也就比普通的好点，高音差，低音量是够的但力度不足，整体解析不足，声场就不要提了，不知道有没有提升的改装方案？
            

            

    空间
        
            
            
        
        4
    
    
    行李箱空间不够大，不过前排是连通的，4.5星吧。
    
    
        ☆ 空间设计亮点
        前排是连通的，这个大赞！普通随身带的包包就有地方放了。
        
        
    
    
    
    


    
    
    
    


    
    
    
    


    






                

    驾驶感受
        
            
            
        
        5
    
    
    动力非常猛，急加速瞬间甚至会觉得大脑供血不足而产生晕眩感！只要不是上赛道，这个动力性能足够了。
    
    
    
    
    


    
    
    
    


    
        刹车灵敏性
        刹车力道可以很猛，急刹非常有信心！255宽胎的缘故吧。
        
        
    






            

            




            

    续航
        
            
            
        
        4
    
    
    综合起来市区续航450左右吧，高速估计350没问题。
    
    





            
            

    外观
        
            
            
        
        5
    
    
    ARIYA线条流畅，经典耐看，车头削薄一点就更好了。
    
    
    
    
    


    
    
    
    


    
    
    
    


    





            

    内饰
        
            
            
        
        5
    
    
    仪表台设计简约而充满细节，特别是顶配版的浅蓝色NAPPA真皮内饰，不是单纯的堆料，质感豪华之余，更显温馨舒适。它是有有温度的，有感情的，它就是你的第二个家。
    
    
    
    
    


    
    
    
    


    
        内饰用料
        仪表台上方的植绒，手感柔软舒适，质感很棒。
        
        
    
    
    
    


    





            

    性价比
        
            
            
        
        5
    
    
    本人普通理工男，从小就喜欢车车，小时候就上学上课时根本不听老师讲课的，而是埋头在课本上画车车。08年拥有了自己的第一台车日产骊威。那也不是什么了不起的车子，但提车前一晚都兴奋得睡不着。骊威也是好车啊，品质稳定空间大，除了换电池轮胎皮带等消耗品，开了4年啥毛病没有。觉得日产车不错，因此后面又陆续升级到了老老款的方盒子奇骏，楼兰四驱混动……期间还开了几年E90 325，路虎等略去不表。近年来电动车大潮以迅雷不及掩耳之势汹涌而至，未来是电车的世界是确定无误了。电车有一个非常吸引我的地方，就是只需要付出经济型车的成本，就能获得跑车级别的动力性能！因此家里两台汽油车中换一台电车就顺理成章了。选车过车比较简单，就是日产家的ARIYA和毛豆Y重点考虑。期间也进行过对比：外观，毛豆Y外观设计新颖，流线优美，但从后面看稍有点怪异；ARIYA线条流畅，经典耐看，但感觉车头有点太厚了。外观毛豆Y小胜。内饰，Y太冰冷了，而且竟然没有仪表！就像它对于你是一件没有感情的工具，例如一个锤子，一个扳手，用完就算了，没有感情。而ARIYA的内饰要甩Y 10条街！仪表台设计简约而充满细节，特别是顶配版的浅蓝色NAPPA真皮内饰，不是单纯的堆料，质感豪华之余，更显温馨舒适。它是有有温度的，有感情的，它就是你的第二个家。这个是Y给不到的。所以内饰ARIYA大胜！空间，Y尺寸稍大，而且头顶空间充足；ARIYA前后空间利用很好，前排是连通（这个大赞！）后排也可翘二郎腿，平手吧。动力，相同的价格，Y只能买到单电机版，但马斯克牛啊，可以做到百公里6.9秒。但这个价格ARIYA是四驱顶配版啊，百公里5.3秒。ARIAY胜！续航，相同价格的CLTC续航都是530-540左右，平手。操控，Y的风格偏运动，悬挂较硬，路感清晰；ARIYA偏舒适，但四驱版刹车性能非常牛，37米的刹车距离也是跑车级别的，之前看过一个欧洲版ARIYA的麋鹿测试，排名也非常高，具体多少公里不记得了。这个也是平手。综合起来，动力和内饰还是ARIYA征服了我，ARIYA就这么愉快地决定了。
    
    
    
    
    


    





            
                

    智能化
        
            
            
        
        5
    
    
    智能化水平就是合资里面比较好的水准。速度够快，画面非常清晰。
    
    
        HUD抬显实用性
        HUD显示效果清晰，信息丰富！科技感满满。
        
        
    
    
    
    


    




            

            



        "
hypolau,2022-12-08 首次发表,"
            
                
                    970km
                    
                    行驶里程
                
                
                
                
                
                
                
                    20.0kWh
                    冬季电耗
                
                
                
                
                
                
                     450公里
                     冬季续航
                
                

                
                
                    29.43万
                    裸车购买价
                
                
                    2022-11
                    购买时间
                
                
                    广州
                    购买地点
                
            
            
    
        
            
        
    
    

    
        $(document).ready(function () {
            var koubeiid = 4726596;

        });

    


            
                最满意
                提车半个月了，开了近千公里。整体都非常满意，尤其是外观、大电池、续航、舒适性、豪华配置、空间等。
            
            
                最不满意
                最不满意的就是，不支持手机蓝牙钥匙，以及没有座椅通风。都这个价格了，还不给配置上，有点说不过去。
            

            

    空间
        
            
            
        
        5
    
    
    本人身高172cm，65kg，整体乘坐、储物空间非常能满足需求。主副驾乘坐空间宽敞，可移动的中央扶手箱，前排过道宽敞。后排腿部空间宽裕，但是头部空间略显局促，如果高个子坐估计得往后躺着才行。另外美中不足，中央扶手箱由于电动，扶手位置储物空间较小。另外扶手箱下面还有一个可以放手机的小格槽。后备箱只能说够用吧，但没有老奇骏那么大。
    
    
    
    
    


    
    
    
    


    
        乘坐空间
        前排座椅空间宽敞，可移动的中央扶手箱，有一个非常宽敞的过道。
        
        
    
    
    前排空间
    


    
    
    贯通前排
    


    
        后备厢容积
        后备箱空间同级别平均水平，后排放倒基本纯平，亮点是左右两侧有个不小储物槽，另外隔板拿起来也有一些暗藏空间。
        
        
    
    
    后备箱空间
    


    
    
    隐藏储物格
    


    
        第二排空间
        后排腿部空间也非常优秀，横向和纵向空间都基本优于同级别车型。
        
        
    
    
    后排空间
    


    
        ☆ 空间设计亮点
        可移动的中央扶手箱，以及贯通地板，宽裕的腿部空间。电动隐藏手套箱。
        
        
    
    
    前排贯通
    


    
    
    电动手套箱
    


    






                

    驾驶感受
        
            
            
        
        5
    
    
    我买的这台车，四驱0-100加速是5秒级别，电门调教的比较线性，加速非常强劲，还很稳定，也没有什么顿挫感。加速后劲也很足。中低速路噪/风噪都控制得还行，高速风噪就有点大了。运动模式会有声浪，还关不掉。e-Pedal打开是单踏板模式，没有特斯拉的动能回收那么强。
    
    
        方向盘轻重
        方向盘也是偏舒适调教，转向比较轻，没什么虚位，指向性很强。
        
        
    
    
    方向盘
    


    
        起步/加速动力
        四驱的0-100加速是5秒级别，非常强劲的推背感，后劲也很足。
        
        
    
        刹车灵敏性
        刹车比较灵敏，前半段是动能回收，刹车平稳，车身不晃，小孩坐后面也不晕车。
        
        
    
    
    
    


    
        弯路/并线稳定性
        转弯和并线，车身很稳，几乎没有什么侧倾。
        
        
    






            

            




            

    续航
        
            
            
        
        5
    
    
    能耗方面，得益于90度大电池包，高性能四驱顶配版ARIYA第一次满电动态的表显续航是532km。我提车之后的市区能耗：上班约10公里，普通拥堵路段，“标淮模式”下能耗约18.8kWh/100km，如果开启“经济模式”，能耗约16 kWh/100km。 春秋上下班换算满电续航约500km。冬季高速能耗：广东前几天气温约10°左右，压着限速100km/h-120km/h左右跑，平均能耗约20kWh/100km，冬季高速换算满电续航约450km。四驱在冬季能有这个续航，我和家人都还是比较满意的。
    
    
    
    充满表显532km
    


    
    
    常温能耗16-18kwh/100km，换算能跑500左右
    


    
    
    高速能耗：20~22kwh/100km，换算能跑450左右
    


    
        公共充电桩
        APP里面自带充电桩地图，接入了国内主流的充电桩，赠送了2000度电，app接入充电桩，充完可以直接抵扣度数，不分时段，不用担心电价问题。
        
        
    
    
    充电地图
    


    
        表显续航准确性
        ARIYA的表显续航里程是动态的，会结合前面的驾驶习惯，实时变动表显剩余里程。现在冬天充满表显续航450km左右，相较CLTC的533km，冬季大概打84折，续航还算比较扎实吧。广东省内跑是不用担心了，最近跑了几趟长途。
        
        
    
        充电时间
        由于是90度大电池，7kW的家庭充电桩，需要充10多个小时，还是比较慢。
        
        
    
    
    家用充电桩
    


    





            
            

    外观
        
            
            
        
        5
    
    
    我选了白色车漆和黑色车顶，配上20寸大轮毂，真是帅，深得我心。
    
    
    
    夜拍
    


    
    
    日拍
    


    
    
    logo点亮的状态
    


    
        车身做工
        销售说车门是铝合金车门，整体做工正常水平吧。
        
        
    
    
    车身
    


    
        车头造型
        前脸由车灯点缀，带钥匙靠近的时候，灯会自动点亮。满满的仪式感。
        
        
    
    
    前脸
    


    
        车尾造型
        车尾是贯穿式尾灯造型，字母镶嵌其中，配合尾门上的ARIYA和e-4ORCE，一眼就能看四驱的身份。嘚瑟一下。
        
        
    
    
    车尾
    


    
        腰线设计
        悬浮式车顶，贯穿式车身线条，配合大轮毂，侧身也很帅。两个角度实拍，帅气。
        
        
    
    
    车身腰线
    


    
    
    车身腰线
    


    





            

    内饰
        
            
            
        
        5
    
    
    内饰用料不错，Nappa真皮座椅高级、舒适，支撑性和包裹性都不错。仿木的空调面板。BOSE音响，后尾箱还有个备胎大小的低音炮。四门都是双层隔音玻璃，静谧性比老奇骏实在好太多了，同时也比试驾过特斯拉好很多。
    
    
    
    蓝色内饰
    


    
    
    Bose音箱
    


    
    
    门上按键
    


    
        ☆ 氛围灯效果
        前排有一条灯带，腿部、门上有一块块的灯，可惜只有单色，而且调到最亮也不是很亮。
        
        
    
    
    
    


    
    
    
    


    
    
    
    


    
        空调效果
        木纹的空调面板略显高级，按键带有反馈。空调效果一贯日系的风格，就是驻车开空调时，外面电机声音有点大，估计是热泵在工作？
        
        
    
    
    
    


    
        内饰用料
        蓝色Nappa真皮内饰，非常漂亮、高级啊！坐着也很舒适，因为支撑性和包裹性都不错。仪表台和门上都有翻毛皮的材质，怕不耐脏。
        
        
    
    
    
    


    
        第二排舒适性
        第二排座椅宽度足够，腿部空间和横向空间也够大，但是头空间略显仓促，我的身高凑合，如果180cm以上的坐后排，就不能坐直了。
        
        
    
    
    
    


    
        座椅舒适性
        一贯的日产大沙发，一屁股坐上去，不会塌陷，小孩还喜欢跳来跳去。
        
        
    
    
    
    


    
    
    
    


    
        座椅加热
        除了后排中间位置没有，其他四个位置都有座椅加热。不过在广东更期待座椅通风啊，可惜顶配都不给。
        
        
    
    
    
    


    
        PM2.5过滤效果
        销售说空调自带过滤功能，还没试这个效果。
        
        
    





            

    性价比
        
            
            
        
        4
    
    
    配置高，但是价格也很偏贵，比特斯拉性价比高，特斯拉MODEL Y 60度电池入门版本是28万多，Ariya这个价位能差不多买个四驱顶配。但是相较国内新势力品牌，性价比真的比较一般。
    
    
        购车优惠
        由于购车限时免费升级以及政府补贴3万，外加自己置换了老奇骏，补贴了7000元，选装白黑车漆3500元，合计算下来裸车价29.43万。然后提车时，只送了一个脚垫，比较寒酸。
        
        
    





            
                

    智能化
        
            
            
        
        4
    
    
    支持手机APP远程控制，L2 级别的辅助驾驶系统，可以实现打灯自动变道。提车回来那天，高速上就试了一下，变道比较谨慎。语音交互识别率还行，居然支持分区语音，家人在后排左侧说“打开车窗”，就只有那一面车窗打开。车机一般，360全景影像可用，缺点是车速10km/h以上自动关闭。车内流媒体后视镜，在行驶过程中，能清晰看到车后面的路况，但是不是广角镜头，所以看着后车都比较近。整体上，智能化配置还是比较丰富的，但也有不足。
    
    
    
    
    


    
    
    远程空调
    


    
        App远程控制
        手机APP支持远程控制。可开启空调、锁车和解锁。遗憾是不支持蓝牙钥匙，售后说后续会开发。
        
        
    
    
    
    


    
        360全景影像实用性
        360全景影像，清晰度可以，标线准确，实用性高。
        
        
    
        HUD抬显实用性
        Hud显示面积大，可以显示辅助驾驶、车速、导航、音乐等信息。
        
        
    
        自动泊车智能程度
        有自动泊车功能，倒车入库和侧方位停车。买回来试了一次，方向盘会打得比较快，吓一跳。
        
        
    
        手机无线充电便利性
        手机无线充电放在手扶箱，可以把手机塞进去，但是拿出来需要打开扶手箱。
        
        
    
    
    
    


    
        面部识别便利性
        支持面部识别，自动适配该账户的设置，比如空调、主题、座椅位置等。好像还能检测疲劳驾驶，没试过。
        
        
    
    
    人脸识别
    


    
        车机功能及流畅度
        车机流畅性还可以，有高德地图、酷狗音乐、爱奇艺、KTV等，勉强够用，但远没有新势力那么多功能。只能期待OTA了。
        
        
    
    
    车机
    


    




            

            



        "
风移影动可爱,2022-11-18 首次发表,"
            
                
                    988km
                    
                    行驶里程
                
                
                
                
                
                    17.0kWh
                    春秋电耗
                
                
                
                
                
                
                    585公里
                    春秋续航
                
                
                
                

                
                
                    24.88万
                    裸车购买价
                
                
                    2022-10
                    购买时间
                
                
                    广州
                    购买地点
                
            
            
    
        
            
        
    
    

    
        $(document).ready(function () {
            var koubeiid = 4691408;

        });

    


            
                最满意
                提车一个月，最满意的是当然是眼缘，内外饰造型没得说，走哪都是亮点。当然驾驶感受，续航，充电，辅助驾驶等等亮点挺多。
            
            
                最不满意
                讲真目前还真没有不太满意的地方，要说起来就是配置问题了，比如没有蓝牙钥匙，音响效果很一般，APP控制功能太少。
            

            

    空间
        
            
            
        
        5
    
    
    虽然尺寸定位紧凑型SUV，内部空间没得说，前后排都挺宽敞，我175，75kg，前后排都体验过，不得不说日产内部设计有一手。
    
    
    
    
    


    
    
    
    


    
        ☆ 空间设计亮点
        艾睿雅前排空间设计很多巧思，前排贯通，上下车左右都可以，移动扶手箱，电动隐藏储物柜，总之这是其他车找不到的设计，关键是很好用
        
        
    
    
    
    


    
    
    
    


    
        乘坐空间
        175，75kg调整好座椅，腿部头部都挺宽敞，毫无压抑感，因为前排贯通，这种舒适感更棒了
        
        
    
    
    
    


    
        后备厢容积
        后备箱带了一个隔板，置物和隐私都不错，空间不能说大，但是应对家用足够了
        
        
    
    
    
    


    
        第二排空间
        依然是自己的体格，第二排没有任何空间问题，腿部头部依然舒适，地台纯平中间座位也很不错，就是后排座椅角度不能调整
        
        
    
    
    
    


    






                

    驾驶感受
        
            
            
        
        5
    
    
    跟购车之前试驾一样，对于开惯了汽油车的人来说，这车上手上脚都及其容易，三个驾驶模式：经济模式的拖曳感已经比较明显，仪表盘会实时告诉你电门力度多少比较经济；标准模式没啥可说的，默认模式，日常最常使用，加速刹车都最适宜；运动模式加速就嗨一点，一直踩一直能加速，有点天籁2.0T+CVT加速线性和沉稳自信的感觉，但不要想T牌或者其他电车那种眩晕感，本来也不喜欢那种感觉。悬架比较软，之前看到有人说试驾刹车会晃动的说法，确实有点（跟我的天籁比的话），但之前开其他SUV也会有同样感觉，自身还能接受，主要是底盘质感可以、有韧性，感觉比天籁强不少。这车不是T牌那种稍硬的操控感，还是强调舒适性，家用没毛病。刹车行程有点长，有时候需要深踩刹车感觉才行，应该也是为了舒适性，如果开了动能回收会好很多。
单踏板模式：有必要单拿出来说说，默认关闭（单独开关）必须好评，实际上很多油车老司机切换成电车，上来就搞单踏板，很容易不适应，特别是家里有油车混着用的。T牌出了好多匪夷所思的车祸新闻，我猜部分原因就是这个。目前已经适应了艾睿雅的单踏板模式，判断好距离，放电门拖曳感极强，刹车灯会点亮（这点挺好的，会让后车知道你在刹车减速）。每次用完停车，系统告诉你动能回收加了续航几公里，有时候还挺有成就感，但还是那句不喜欢不适应就不用，为了那点续航没必要。
    
    
    
    
    


    






            

            




            

    续航
        
            
            
        
        5
    
    
    续航
相信大部分电车用户最在意的就是这个，这车90度电池，官方能耗上面好像写的是16度每百公里，开了小1000公里，讲真这个还是比较接近实际的，广州目前的天气温度刚刚好，已经很少上车就开空调了，充满电表显示585公里，现在平均能耗17，每次实际能耗不一样，少的时候开过11的，也没有说把车开不动了去看实际续航的。只能说每次来回表显掉的里程跟实际导航显示的没差多少。这个天气正常脚法跑个500以上问题不大，对我来说极其足够了。后面就等到降温和夏天到了再看看续航的表现，目前用还是比较满意的。
充电
目前公司有免费充电桩，还么在外面充过，就是说每次想充了就直接插上慢充离开。下班充满开走，香的很。有个问题是这APP充电控制了个寂寞，只能设置充到多少提醒，却不能控制充到多少自动断电。这个功能不知道好不好实现，一般来说充到90%对电池比较好吧。
    
    
    
    
    


    
    
    
    


    





            
            

    外观
        
            
            
        
        5
    
    
    不多说了，外观是自己选车的首要条件，不入眼的车都没去看的欲望，艾睿雅这车在电车里排前列一点问题没有，设计感十足，特别是前脸，黑色的整体感非常强，原厂黑化，喜欢😍
    
    
    
    
    


    
    
    
    


    
    
    
    


    





            

    内饰
        
            
            
        
        5
    
    
    选的米色内饰，几台车都是，比较居家温馨，买这车的一大理由就是内饰，座椅的舒适性，隔音，木纹及氛围设计，这简直秒杀T牌，悬架比较软，底盘质感比较韧性
    
    
    
    
    


    
    
    
    


    
        ☆ 氛围灯效果
        氛围灯不是那种乱七八糟可以变色的，就是一种暖白色，仪表台一圈，门和中控台下部，素的很，喜欢的是真喜欢，简单又温馨，还高级
        
        
    
    
    
    


    





            

    性价比
        
            
            
        
        5
    
    
    有人说贵，那是没对比过吧，十一试驾过特斯拉y，小鹏G9，还有理想，大众外观直接过滤，总之25万买它觉得值，免费升级了长续航，返现补贴香的很，售后也靠谱，送的充电桩，电卡，三电终身质保……必须有性价比
    
    





            
                

    智能化
        
            
            
        
        4
    
    
    要说智能化，感觉是不如一些所谓新势力品牌了，但是要看同价位，这车一点不差，基本就是高阶全速自适应巡航，跟市面上同价位大部分电车一致，车道居中、自动跟车、后车识别、打转向辅助自动变道等等，高速上挺好用的，主要是感觉比较老司机，不会很突兀。而且识别司机有没有手握方向盘及其灵敏，拿走就叫，这个挺好的，千万别把这个当成“自动驾驶”去作死。语音识别挺好用的，可以改唤醒词，车机非常流畅，告别车载手机支架了，送的流量也够用，360倒车好用，HUD显示很大，就是竟然不能显示歌词，人脸识别和声音识别都挺快的。
    
    
    
    
    


    




            

            



        "
小鱼车1348,2022-10-31 首次发表,"
            
                
                    692km
                    
                    行驶里程
                
                
                
                
                
                    14.5kWh
                    春秋电耗
                
                
                
                
                
                
                    600公里
                    春秋续航
                
                
                
                

                
                
                    27.63万
                    裸车购买价
                
                
                    2022-10
                    购买时间
                
                
                    武汉
                    购买地点
                
            
            
    
    

    
        $(document).ready(function () {
            var koubeiid = 4662659;

        });

    


            
                最满意
                外表特别的耐看，内部又特别的人性化，开起来既安静又舒适，功能不复杂。
            
            
                最不满意
                车漆比较薄，刹车有点软，有时候感觉要大力踩才有感觉。
            

            

    空间
        
            
            
        
        5
    
    
    空间大，视线比较好，一开始觉得中央扶手那里是贯通的很不习惯，但是用了以后觉得真心很实用，厂家安装的充电桩在墙上，选择了靠墙的停车位，竟然可以很方便的从副驾驶下车，很佩服自己的机智。
    
    
    
    
    


    






                

    驾驶感受
        
            
            
        
        5
    
    
    以前开老爸的奇骏，现在开电动车，感觉加速要快很多，而且没有延迟，动力很足，问过身边开电动车的朋友，都在预期之中。目前只上下班在市区里面跑，没有上过高速。
    
    






            

            




            

    续航
        
            
            
        
        5
    
    
    续航我觉得是比较清晰准确的，家里自己安装了充电桩，充电很方便。从电量消耗和显示的续航里程来看，比较满意，身边朋友充满电能跑600公里的车子不多，但是实际上我不可能把电跑空再充电。
    
    





            
            

    外观
        
            
            
        
        4
    
    
    首先我是很满意这个外型的，当时第一眼看到这个车就觉得车身大小很适合自己，不大也不小，当时4S店只有金色的，也很好看，但是车尾太普通了。
    
    
    
    
    


    
        车头造型
        车头是一整块不透风的，内部有摄像头，圆形的日产标志可以发光，有科技感但是不花哨。
        
        
    
    
    
    


    





            

    内饰
        
            
            
        
        5
    
    
    第一次看内饰让我印象最深刻的就是中间贯通的那个中央扶手，感觉很奇葩，电动可以前后调节，销售员演示可以从副驾驶下车，我还觉得挺搞笑，结果自己买车以后每天都这样，挺佩服这种设计的。另外我最怕按钮全部集成在一大块屏幕上面，觉得没有实体按键可靠。
    
    
    
    
    


    
    
    
    


    
    
    
    


    
        ☆ 车联网
        车联网我用的最多的功能还是导航和听歌，导航流量是免费的。听歌主要用蓝牙，只要手机蓝牙不关，上车自动连接好，听歌也方便。
        
        
    
        屏幕/音响
        我个人对音质的要求算比较高的，这台车的效果还不错。屏幕反应灵敏，可能跟系统有关，白天晚上显示效果都挺清晰，倒车影像也清晰，没有失真。
        
        
    





            

    性价比
        
            
            
        
        4
    
    
    全程都是老公谈的，补贴和优惠什么的全部享受以后，实际只出了256300，感觉有点小贵，但是考虑到有终生质保还是保养什么的，想想也算了。
    
    





            
                

    智能化
        
            
            
        
        4
    
    
    日产智联的这个程序必须要装，还要绑定，功能目前还在熟悉中，可以通过这个程序随时随地查看车辆状态，查找充电桩。语音唤醒还可以，但是有时候答非所问。
    
    




            

            



        "
黑色schuman_999,2023-06-05 首次发表,"
            
                
                    856km
                    
                    行驶里程
                
                
                
                
                
                
                    17.3kWh
                    夏季电耗
                
                
                
                
                
                
                    480公里
                    夏季续航
                
                
                

                
                
                    26.78万
                    裸车购买价
                
                
                    2023-05
                    购买时间
                
                
                    长沙
                    购买地点
                
            
            
    
        
            
        
        
            
        
        
            
        
        
            
        
        
            
        
        
            
        
        
            
        
        
            
        
    
    

    
        $(document).ready(function () {
            var koubeiid = 4995447;

        });

    


            
                最满意
                喜欢这续航，满电可以跑400多公里，而且这前后两排也很宽敞，坐着舒服。
            
            
                最不满意
                这车避震效果不好，每次开着它过减速带，这车抖动还是挺大的。
            

            

    空间
        
            
            
        
        5
    
    
    很喜欢这大空间，坐在上面也很舒服，后备箱设计的也很大。
    
    






                

    驾驶感受
        
            
            
        
        4
    
    
    这动力还是挺充沛，上坡的时候也很得劲，就是这车避震效果不好。
    
    






            

            




            

    续航
        
            
            
        
        5
    
    
    续航方面还是挺长的，满电可以跑400多公里，而且可以快充。
    
    





            
            

    外观
        
            
            
        
        5
    
    
    我这台车外观时尚，看起来也很大气，还有LED日间行车灯，晚上的时候开出门很炫酷。
    
    





            

    内饰
        
            
            
        
        5
    
    
    车子的触控液晶屏还是挺清楚的，有12.3英寸，这座椅也很舒服，真皮的。
    
    





            

    性价比
        
            
            
        
        5
    
    
    我就是在市区里面开，觉得新能源车子划算就买了艾睿雅，它的性能挺好，性价比高。
    
    





            
                

    智能化
        
            
            
        
        5
    
    
    车子有HUD抬头数字显示功能，而且还有内置行车记录仪，对了，这360度全景影像也很清楚。
    
    




            

            



        "
海星连,2023-07-03 首次发表,"
            
                
                    1436km
                    
                    行驶里程
                
                
                
                
                
                
                    12.7kWh
                    夏季电耗
                
                
                
                
                
                
                    660公里
                    夏季续航
                
                
                

                
                
                    23.78万
                    裸车购买价
                
                
                    2023-05
                    购买时间
                
                
                    湛江
                    购买地点
                
            
            
    
        
            
        
    
    

    
        $(document).ready(function () {
            var koubeiid = 5034821;

        });

    


            
                最满意
                超赞的ProPILOT超智驾👍👍
1、操作超简单：按ProPILOT键，速度加至期望值，CANCEL向SET-拨一下，显示屏和抬头显里的相关参数成绿色，ok！你像将军那样专注前方，把握重点。艾睿雅服从命令听指挥，昂首挺胸勇往直前。长途旅行，减轻疲惫，爽！
2、安全放心：ProPILOT超智驾响应及时、行驶平稳，即便是高速通过涉水路面，也非常平稳，方向不变。中雨情况下依然能保持最佳状态。定速100以下可以单手扶方向盘，100以上必须双手。
3、自动控制合理：前面有车，会及时提醒并降低车速，与前车保持设定距离，左向超车有加速动作。变道打转向灯即可，不用操控方向盘。不能连续变道，要间隔一段时间。
4、人工控制优先：任何时候都可以人工主导驾驶过程，取消ProPILOT方便。
            
            
                最不满意
                配置不到位，23.78W的顶配版居然没有自动入库配置。
            

            

    空间
        
            
            
        
        5
    
    
    1.75的我，坐前坐后都可以，宽松自在，但是，后边坡度过大，探身到尾箱取东西困难。
    
    
        ☆ 空间设计亮点
        空间设计新颖适用
        
        
    
        乘坐空间
        1.75，微胖，驾驶空间足够大
        
        
    






                

    驾驶感受
        
            
            
        
        5
    
    
    一切都很好，加速不错，跑高速很稳，空调够力，方向盘很轻
    
    






            

            




            

    续航
        
            
            
        
        5
    
    
    续航非常理想，没有这方面的担忧和焦虑。公共充电站普及，快速充电一般半小时超40%以上
    
    





            
            

    外观
        
            
            
        
        5
    
    
    美观大气，与众不同，经常引入驻足，整体造型非常耐看
    
    





            

    内饰
        
            
            
        
        5
    
    
    做工考究，质量很好，座椅舒适尤其是长途感觉不累
    
    





            

    性价比
        
            
            
        
        4
    
    
    性价比当然是非常不错了，否则我也不会下手了。但是作为使用者我还是希望价格再优惠一点功能配置再多一点。
    
    





            
                

    智能化
        
            
            
        
        5
    
    
    这方面是没说的，远程控制OTA体验语言交流都非常好，特别是360度全景影像超使用
    
    
    
    
    


    




            

            



        "
WendyWang4513,2023-06-24 首次发表,"
            
                
                    6771km
                    
                    行驶里程
                
                
                
                
                
                
                    16.0kWh
                    夏季电耗
                
                
                
                
                
                
                    600公里
                    夏季续航
                
                
                

                
                    540公里
                    冬季续航
                
                
                    25.80万
                    裸车购买价
                
                
                    2022-12
                    购买时间
                
                
                    上海
                    购买地点
                
            
            
    
        
            
        
    
    

    
        $(document).ready(function () {
            var koubeiid = 5023387;

        });

    


            
                最满意
                最满意车子的外观，尤其是前脸的细长条车灯；动力性能可以满足需求，虽然我一直开得不太快；内饰不错；操控感十足，容易驾驶
            
            
                最不满意
                风燥还是有些大；刹车时车身会晃；启动时后视镜有时候不是同步打开，已经发生过几次；莫名显示车灯故障，关机后第二天再开机恢复；新车有味道
            

            

    空间
        
            
            
        
        5
    
    
    我是160cm女生，我先生178cm，共同乘坐很舒适。
    
    
        乘坐空间
        前排腿部空间、头顶空间都足够用
        
        
    
        第二排空间
        第二排180正常身型乘坐足够宽敞，腿部、头部空间都够用。
        
        
    
        车内储物能力
        前排储物空间设计有些花哨，不是特别实用。
        
        
    
        后备厢容积
        后备箱容积尚可，足够家庭用。
        
        
    
        ☆ 空间设计亮点
        可移动中控扶手箱设计是个亮点
        
        
    






                

    驾驶感受
        
            
            
        
        5
    
    
    起步很快，动力十足；跑高速游刃有余；刹车偏软，需要适应一下
    
    
        起步/加速动力
        起步很快，爬坡时加速踏板有些虚，但也不是啥问题。
        
        
    
        跑高速
        急加速推背感明显，动力够用
        
        
    
        方向盘轻重
        方向盘轻盈，适合女士开
        
        
    
        弯路/并线稳定性
        过弯路、并线时稳定性尚可
        
        
    






            

            




            

    续航
        
            
            
        
        5
    
    
    续航比较实在，夏季空调开26度情况下，续航在600公里以上；冬季开空调大概在540公里左右。
    
    
        公共充电桩
        公共充电桩可及度高，不需要排队，快充很方便。
        
        
    





            
            

    外观
        
            
            
        
        4
    
    
    喜欢前脸造型，很酷，尤其是细长条车灯设计。
    
    
        车身做工
        车身做工一般，缝隙比较大
        
        
    
        车头造型
        车头造型赞，是我的菜
        
        
    





            

    内饰
        
            
            
        
        4
    
    
    内饰不错，精致
    
    
        ☆ 氛围灯效果
        只是用过单色氛围灯，感觉挺时尚
        
        
    
        空调效果
        空调制冷比较快，低风噪音可以忽略
        
        
    





            

    性价比
        
            
            
        
        4
    
    
    购车时对比过Model Y，电马，Audi Etron Q4，问界等。颜值控，一眼喜欢上Ariya了。
    
    





            
                

    智能化
        
            
            
        
        4
    
    
    语音交互有些傻，车机交互偶有死机，全景倒车实用
    
    




            

            



        "
重庆车友0715768,2022-12-09 首次发表,"
            
                
                    630km
                    
                    行驶里程
                
                
                
                
                
                
                
                    14.8kWh
                    冬季电耗
                
                
                
                
                
                
                     600公里
                     冬季续航
                
                

                
                
                    24.28万
                    裸车购买价
                
                
                    2022-10
                    购买时间
                
                
                    重庆
                    购买地点
                
            
            
    
    

    
        $(document).ready(function () {
            var koubeiid = 4728116;

        });

    


            
                最满意
                1.整个驾驶感受都是日产的一贯风格，不用重新熟悉。2.油门重、提速快。3.e-Pedal。4.安静。5.新车异味小。6.整车终身质保、三电终身质保、终身免费流量（6G/月）。
            
            
                最不满意
                1.360可视依然是那么的模糊。2.左右后视镜不是倒车自动下翻，必须选择其中一个（有且只能激活一个）为可以调整状态才能实现下翻。3.过弯车身侧倾大。4.导航还是高德4.0版，声音难听，日产不居然不更新！！5.小众车型，地垫都只有官方才有。
            

            

    空间
        
            
            
        
        5
    
    
    1.前排贯穿设计，方便，放东西也不影响副驾的乘坐。2.头顶空间高，搭配全景天窗，无压迫感。3.后排地面纯平，腿部空间宽。
    
    
    
    
    


    
        车内储物能力
        副驾工具箱很薄，收缩储物盒容量还好，中控扶手箱几乎没得储存空间。其他的储物位置中规中矩，后箱的左右两个储物盒不错，如果再稍微宽一点就更好了。
        
        
    
        ☆ 空间设计亮点
        全景天窗是头部空调显得非常的高，而且开阔。
        
        
    
    
    
    


    
        后备厢容积
        后箱空间不错，就是衣帽架压低了后箱的高度。既然没得备胎了，就应该把后箱的底盒重新设计一下，以便更好的储物。
        
        
    






                

    驾驶感受
        
            
            
        
        5
    
    
    1.方向重、油门重、车身重，但是提速和刹车都很灵敏，身手敏捷的死胖子。2.下坡倒车，请注意起步会后窜，一定要迅速踩点刹车。
    
    
        刹车灵敏性
        1.自动刹车辅助为开启状态时，跟车时要注意，特别是堵车挤车时，可能会被强制刹车，很急的老刹车。2.自动刹车辅助为开启状态时，倒车感应为红色时，也会一脚老刹车给你踩死。
        
        
    
        起步/加速动力
        0-60KM加速真的快，虽然不如老姐的model3那样推背感十足，但是抢道已经够了，100以内提速迅猛，100以上没开过，基本市区转悠，又赶上疫情闭关，没机会去浪。
        
        
    
        跑高速
        自重虽然大，但是盖不住动力好。减震在内环快速路上表现不错。
        
        
    






            

            




            

    续航
        
            
            
        
        5
    
    
    冬季不开空调：市区正常通行状态40KM/H，电耗13多点；非常通畅的市区行驶（如走滨江路等）60KM/H左右，电耗11多点；内环快速路90-100KM/H，电耗16左右。电池巡航比较给力了。
    
    





            
            

    外观
        
            
            
        
        4
    
    
    1.比较喜欢这个莽墩墩的外观，溜背造型牺牲的后箱的空间，反正市区开，也无所谓了。2.钢琴漆般的黑色塑料覆盖件，刮花是早晚的事情了。
    
    
    
    钥匙靠近，迎宾模式亮灯
    


    
    
    
    


    
    
    
    


    
        车尾造型
        溜背造型加尾翼，真的好看，可惜牺牲了装载性，而且尾翼遮挡了部分玻璃，空间窄，不好洗车。
        
        
    
    
    
    


    
    
    
    


    





            

    内饰
        
            
            
        
        5
    
    
    1.极简设计，值得赞一个。2.首批车，用料还是很好的。3.后排噪音明显大于前排。
    
    
    
    简洁，行驶信息都在正前方的仪表盘里，不用右偏头看行驶信息和驾驶提示。
    


    
        ☆ 氛围灯效果
        1.兴致勃勃的给小朋友说氛围灯很不错，简约而不影响驾驶，小朋友说后排没得氛围灯，还真的什么都没得！2.单色氛围灯，不知道为什么汽车之家的参数里一直是多色！
        
        
    
    
    喜欢最低亮度，有一定亮度，而且不刺眼，拍照效果不明显。
    


    
        内饰用料
        门板扶手底部以上都是软包，有一定的高级感，方向盘皮质手感俱佳，电子挡把塑料感极强。
        
        
    





            

    性价比
        
            
            
        
        3
    
    
    盲订时心理预算加是20万左右，结果发布后上真的傻眼了。最后是看在一大波优惠和整车终身质保、三电终身质保上下手的。PS:看了海豹、汉、问界、深蓝等，价格坚挺、等待长久，放弃了。
    
    
        销售态度
        东方南方海峡店的服务是一贯的好，自从使用风度cefiro开始，就一直是在海峡路（以前为商社西星海峡路店）保养，前后添置和置换的车都选择此店。
        
        
    





            
                

    智能化
        
            
            
        
        4
    
    
    1.语音控制不错。2.集成的APP一般，还无法更新，好想删除了他们。3.最精彩的是高德导航居然是4.0版本，声音难听！！4.摄像头显示一如既往的朦胧……
    
    
        HUD抬显实用性
        开车导航的好助手，清晰、简洁，配合液晶仪表盘信息全面。
        
        
    
    
    液晶仪表盘显示详细导航内容，HUD简约指向
    


    
        360全景影像实用性
        像素低，不能与汉、海豹、M5、深蓝的比，日产的摄像头大概只有它们清晰度的一半。真正的是“影像”可视而已。顺便说一下，在晚上光线不佳的地方，更是模糊的一团糟。
        
        
    
    
    白天
    


    
    
    灯光还行的车库
    


    
    
    灯光昏暗的车库
    


    
        App远程控制
        APP显示内容丰富，但是车辆情况界面未有总里程显示，油车界面都可以显示总里程，这个要完善。
        
        
    
    
    缺少总里程显示
    


    
        车道保持智能度
        自适应巡航启动后，辅助驾驶十分给力，方向修正准确柔和，可以理解驾驶者强制变道的操作需求。
        
        
    
    
    手不能离开方向盘，不然会不停提示，辛苦后排拍摄，关键是还不好找那个HUD的反射区域。
    


    
        车机功能及流畅度
        平时仅用高德和U盘，车机表现不错。尝试过一次喜马拉雅、切换爱奇艺、懒人听书界面就卡了。估计车机内存比较小，而且CPU处理能力也就一个大众中低性能了。好在，我就只是导航和听歌，需求不高。这个车机绝对是被理想、蔚来、小鹏海豹、汉、问界、深蓝等的车机碾压成渣渣。说实话，车机主界面，我只想要左边显示导航（巡航状态），右边显示歌曲（正在播放状态），二个模块窗口足以。
        
        
    




            

            



        "
风云溃退,2023-05-10 首次发表,"
            
                
                    1000km
                    
                    行驶里程
                
                
                
                
                
                
                
                    18.0kWh
                    冬季电耗
                
                
                
                
                
                
                     550公里
                     冬季续航
                
                

                
                
                    22.48万
                    裸车购买价
                
                
                    2023-04
                    购买时间
                
                
                    上海
                    购买地点
                
            
            
    
        
            
        
        
            
        
        
            
        
        
            
        
        
            
        
        
            
        
        
            
        
    
    

    
        $(document).ready(function () {
            var koubeiid = 4952594;

        });

    


            
                最满意
                悬架：除了球形轴承是铁的，其他部分拿吸铁石吸了一下，基本上铝合金
电池保护：用料敦实，设计合理，干湿分离。底盘，全树脂保护，不需要喷“底盘装甲”，不需要额外装“底盘护板”，还是全系标配，看不见的地方，真的值28万的售价。
电池容量：90度三元里大电池，宁王的供应商。
电机：被很多人诟病的就是用的是（有刷）电励磁电机，中低速下，电耗比永磁电机耗电百分之10左右；高速中后段加速推背感明显，而且电耗低百分之10左右，使用寿命较长，除了要换刷头的维护。
续航：有90度大电池保驾护航，有车主居然一箱电跑到了七百多公里；还有热泵在冬天给电池延长寿命。
            
            
                最不满意
                底盘：偏软，因为这个价位的车，不可能什么需求都能满足，为了最大化减震的舒适性，牺牲了部分刹车姿态，有轻微来回晃动的情况，两驱明显；四驱因为有“雪狐”电机控制系统，所以没有两驱明显。
            

            

    空间
        
            
            
        
        5
    
    
    这是属于紧凑型SUV，但是得益于全新的电车平台，空间利用率非常大，非常合理。后备箱空间也非常大，虽然比不上油车，但是电车来说已经足够优秀。
    
    
        ☆ 空间设计亮点
        隐藏式中央储物盒，极大扩展了腿部空间，你懂得。
        
        
    
        乘坐空间
        “紧凑型”SUV居然有如此大的后排空间，算是日系的精致了
        
        
    
        后备厢容积
        受限于电车的车顶高度，深度不错，整体不如毛豆Y。
        
        
    
        车内储物能力
        储物空间算是中下水平，因为拓展了腿部空间。
        
        
    
        第二排空间
        1900的宽度，左右宽度很舒适，比ID系列要宽
        
        
    






                

    驾驶感受
        
            
            
        
        5
    
    
    与新势力的“轻巧”方向盘不太一样，很像油车，转向精准，有一定的厚重感。
    
    
        起步/加速动力
        加速很肉，但是中后段非常线性，100码之后还有很强的加速能力
        
        
    
        跑高速
        高速算是他特殊的优势，高速耗电能力比“永磁电机”省电，中高速工况发挥出色。
        
        
    
        开空调/满载加速
        空调能力在“X帝”冬季测评中，温度表现极为出彩，有点惊掉下巴的感觉。
        
        
    
        方向盘轻重
        和燃油车差异不大，上手很轻松，但是有一定的厚重感，很好的驾驶体验。
        
        
    
        刹车灵敏性
        刹车表现中规中矩，刹车距离比较优秀，热衰减性能后的稳定性不错。
        
        
    
        弯路/并线稳定性
        车身姿态保持的非常好，但是底板的软性，总给人有点心中没有底的感觉，但是“麋鹿测试”成绩非常好。
        
        
    






            

            




            

    续航
        
            
            
        
        5
    
    
    有90度大电池保驾护航，有车主居然一箱电跑到了七百多公里；还有热泵在冬天给电池延长寿命。
    
    





            
            

    外观
        
            
            
        
        5
    
    
    官方介绍“V-motion”的设计语言，正脸惊艳；车尾设计类似雷克萨斯SUV，高级感十足；四门 车顶 发动机盖，全铝合金材质，良心；正面白色呼吸LOGO大灯，直接把日产这个品牌的调性拉高了很多。
    
    
        车身做工
        车身做工，完全是由传承的 还是有明显优势的。
        
        
    
        车头造型
        官方介绍“V-motion”的设计语言，正脸惊艳；车尾设计类似雷克萨斯SUV，高级感十足；四门 车顶 发动机盖，全铝合金材质，良心；正面白色呼吸LOGO大灯，直接把日产这个品牌的调性拉高了很多。
        
        
    
        腰线设计
        车门与底盘是整体链接的，下雨天库管不会被雨水弄脏。
        
        
    
        车尾造型
        车尾的造型，复制的雷克萨斯的RX500h,但是和四五十万的车相比，没有使用高级感的尾灯灯带，没有对比，感觉还是不错的。
        
        
    





            

    内饰
        
            
            
        
        5
    
    
    全系全真皮，没有人造皮革 织物，我爸说这内饰座椅材质，他看着都有点老气，是最良心的用料；舒适度，比不上理想系列的座椅，国内新势力在内饰这一块，已经比合资车卷的太多了。后排座椅角度可以调节，也极大缓解长途旅途压力。
    
    
        ☆ 氛围灯效果
        就一个颜色，白色，但是亮度可以调节，不需要花里胡哨的，很优雅。
        
        
    
        内饰用料
        这个绝对是上乘的用料，丝毫没有廉价感，就是震动反馈，比较廉价，没有手机振动马达的那种X轴马达的触感。
        
        
    
        空调效果
        太猛了，感觉是给那种商务车用的空调出风量，夏天凉，冬天热，很猛，如果不介意电耗，绝对是赞不绝口。
        
        
    
        座椅舒适性
        前排的座椅腰部支撑非常顶，电机的声音很轻，方向盘也是电控，座椅记忆包括三部分“座椅、后视镜、方向盘”，高级感拉满。进出车门，还能自动拉出预位。
        
        
    
        第二排舒适性
        第二排座椅靠背角度可调，腰部支撑性丰满。
        
        
    
        座椅加热
        四个座椅都有座椅加热，这配置成本不高，能有就算是良心了，没有是要挨打的，但是连顶配也没有座椅通风，说明成本真的控制不住了。
        
        
    





            

    性价比
        
            
            
        
        5
    
    
    如果想不是开在马路上一直撞脸，坏了想到处有售后，对智能化不是要求特别高，性价比极高的合资车，艾睿雅的的确确，没有特别长的长版，但是他的精致出彩。
    
    
        购车优惠
        没啥优惠，其他的都是国家给的上海置换1万，送了好多东西，给免费升级了档次，比方贴膜，地毯，后备箱垫。
        
        
    
        保养项目
        用了油车，再看电车，原来感觉自己做孙子了那么多年啊。
        
        
    
        故障维修
        这点和新势力有点像，小范围也会有一些EV系统的故障。
        
        
    
        售后服务
        四儿子店收费那么高，服务总归是有的，远远好于这个价位的新势力维修网点。
        
        
    
        品牌评价
        讲故事，还能吹吹，电车就是老生常谈了，不然当年诺基亚也不会倒闭，全黑车身配上LOGO亮起来的时候还是很有气场的，让人感到非常英俊的气息
        
        
    
        销售态度
        态度无所谓，服务不错，问啥答啥，买车前，买车后，一个样，没有翻脸不认人，感觉日产就像是一股清流，全是技术理工流派，不太给消费者画饼。
        
        
    





            
                

    智能化
        
            
            
        
        4
    
    
    车机：没有花里胡哨的功能，跟手性非常好，流畅度很高，可靠是惟一的诉求，车子毕竟是用来开的，无黑屏，仪表显示屏大点，看得清就行。
    
    
        App远程控制
        有时候还是后有偶尔间歇性的报故，但是售后跟进很及时，不影响车子使用。
        
        
    
        OTA更新体验
        这个车的小BUG还是存在的，估计2年之后会趋于成熟。
        
        
    
        语音交互准确度
        不能和手机比，也就能开个窗，开个空调 。
        
        
    
        车机功能及流畅度
        那叫一个非常的流畅，而且没有之一，感觉，反应速度快，比功能性强要重要。
        
        
    
        手机无线充电便利性
        不是华为的车子，无线快充的确不行，买个车载点烟器80W充电器，半小时充满了，没有手机电量焦虑。
        
        
    
        车载导航实用性
        只有高德地图可以选择，扩展性不强，但是不影响好用。
        
        
    
        车道保持智能度
        没有出现过“画龙”的状态，系统可靠稳定，但是，只有摄像头 毫米波雷达，没有激光雷达配置，所以后续拓展可能不大，不过买个车，不是买手机，现在没有的功能，以后别指望OTA给你生出来。
        
        
    
        主动刹车智能度
        一般我介入的都比较早，毕竟自己的命，还是捏在自己手里面比较好，老司机都胆子小。
        
        
    




            

            



        "
怕麻烦的射手,2023-04-24 首次发表,"
            
                
                    1000km
                    
                    行驶里程
                
                
                
                
                
                    14.0kWh
                    春秋电耗
                
                
                
                
                
                
                    580公里
                    春秋续航
                
                
                
                

                
                
                    23.00万
                    裸车购买价
                
                
                    2023-04
                    购买时间
                
                
                    广州
                    购买地点
                
            
            
    
        
            
        
    
    

    
        $(document).ready(function () {
            var koubeiid = 4927067;

        });

    


            
                最满意
                在Ariya之前换过两台车，一台日产逍客，一台日产奇骏。换了Ariya之后，真的理解什么叫回不去油车。最满意1安静，不知不觉就上了速度，超车更加自信了。不像之前的油车，一使劲发动机声音就好大，让我不忍心下脚最满意2，还是安静的车窗关上外面人说话基本听不到了，对比之前的车差异特别明显最满意3好看，日系简约家居风，爱到不行。不喜欢现在市面上新车用力过猛的设计，ariya就刚刚好！最满意4服务，购车会建个服务群，职责分工明确，反应迅速。买车买出了拍婚纱照时候的感觉（专门团队跟进。）最满意5 记忆座椅，以后的车没有这个配置我是不会买的！太方便了！\r最满意6 还是座椅，比之前的座椅都要Q弹，舒适！
            
            
                最不满意
                车机跟奇骏逍客一样差，不符合电车的格调全车安全带提醒，可能是未来的趋势吧，但是现在真的不太需要……储物空间不够丰富，空间也不够大
            

            

    空间
        
            
            
        
        4
    
    
    主要使用前排，舒适够用，调好前排后排也够坐
    
    
    
    
    


    






                

    驾驶感受
        
            
            
        
        4
    
    
    开起来不太像电车，标准模式加速能感受到车是挺重的。好处是副驾不太容易晕车\r但是电子换挡有点不习惯，开机还要几秒钟，着急的时候手忙脚乱\r还有要吐槽的是，为什么电车还要一键启动，朋友的小鹏上车就走。这不应该是电车标配吗？
    
    






            

            




            

    续航
        
            
            
        
        5
    
    
    官方续航620，充满了之后580，看他们的宣传，电量清零之后还能开几十公里。电车耶，我觉得日产在这点上比好多车厂都厚道。点赞。希望所有的电动车厂商向它看齐！！！
    
    





            
            

    外观
        
            
            
        
        5
    
    
    好看！不像电车，但整体感很好，还有不少细节，属于越看越好看的类型。
    
    
    
    
    


    
    
    
    


    
    
    
    


    





            

    内饰
        
            
            
        
        5
    
    
    日系风格，居家舒适的感受，坐起来，摸起来，看起来都很有质感。不容易过时。这辆车最让我心动的就是内饰的部分！
    
    
    
    
    


    
    
    
    


    





            

    性价比
        
            
            
        
        4
    
    
    相比自主品牌的电动车，还是对合资的技术更加信赖。一样大小的车，买自主十几万，买ariya二十几万，说没有心痛是假的。不过车是大件，关乎安全也关乎自己的体验，我愿意为这个选择买单\r做了分期，让我的心痛少了那么一点，哈哈
    
    





            
                

    智能化
        
            
            
        
        3
    
    
    语音交互被小鹏甩出去十条街，请日产工程师赶紧加油努力给我OTA一下吧
    
    




            

            



        "
花花豆豆95,2023-04-06 首次发表,"
            
                
                    529km
                    
                    行驶里程
                
                
                
                
                
                    12.0kWh
                    春秋电耗
                
                
                
                
                
                
                    600公里
                    春秋续航
                
                
                
                

                
                    580公里
                    冬季续航
                
                
                    24.13万
                    裸车购买价
                
                
                    2023-03
                    购买时间
                
                
                    达州
                    购买地点
                
            
            
    
    

    
        $(document).ready(function () {
            var koubeiid = 4896430;

        });

    


            
                最满意
                最让我满意的是这辆车子的外观和内饰细节做的很到位，前面也去看过很多车型，大众ID，丰田的验证码，还有比亚迪，都没让我很心动，当时也是在汽车之家上面了解选车，无意间看到了艾睿雅，都不知道日产出了一款电动车，看到车型图片感觉很大气，一眼就吸引了我，后面周末抽了个时间就到4儿子店去看实车。
            
            
                最不满意
                不满意的是日产的车机系统他没有carplay，我自己还有一台车是有支持的，没有这个功能反而还不习惯，但看了艾瑞雅的中控的功能还是挺多的，只有再慢慢熟悉。
            

            

    空间
        
            
            
        
        5
    
    
    空间整体来说还是可以，2775cm的轴距，我176cm的个子坐在后排空间还是感觉很宽敞，特别是日产的座椅不得不说在这几款车中是最舒服的，不愧日产有沙发厂之称。后排座椅也是放倒的，我在网上买了一个气垫床，出去玩拿上在车里休息还是很舒服的。
    
    
    
    
    


    
        后备厢容积
        后备箱满足平常需求还是可以的，后排座椅也可以放倒
        
        
    
    
    
    


    
        ☆ 空间设计亮点
        中控扶手台我觉得是很巧妙的设计，可以前后移动10几公分，移动到最后前面都可以拉通，扶手台也配了手机无线充电很方便。
        
        
    
    
    
    


    






                

    驾驶感受
        
            
            
        
        4
    
    
    方向盘打起来很轻，转向这些都还可以。起步提速比油车爽太多了，车子跑起来比较平稳，没有顿挫感。刹车有点偏软，跑高度感觉外面的噪音还是有点。
    
    






            

            




            

    续航
        
            
            
        
        5
    
    
    充满电差不多能跑580到600来公里，空调开的少，最近我们这边天气比较凉快，冬天和夏天还没试过。目前的续航跟厂家标的续航最高里程623差不多，没有续航虚标的问题。
    
    





            
            

    外观
        
            
            
        
        5
    
    
    艾睿雅的外观没有再像原来燃油车那样了，线条看起来很舒服，前面logo是能发光的，也是日产新的logo标，大灯比较细修长，前面看起来就很大气。后面的尾灯也是贯穿的，夜间点亮警示效果好。整体外观艾睿雅是偏运动和科技感的。
    
    
    
    
    


    





            

    内饰
        
            
            
        
        5
    
    
    最喜欢的也是这款车的内饰，两个屏幕很大，功能很多，AR导航用起来挺方便的，还可以语音控制，最让我喜欢的是中控扶手台是可以前后移动的，中间还有个隐藏的小桌板，空间利用的很好，同时调空调的面板按起来很高级。
    
    
    
    
    


    
    
    
    


    





            

    性价比
        
            
            
        
        5
    
    
    性价比整体来说还是不错的，开起来很舒服，不用加油用车成本很省。配置高，功能多。对我来说还是很满意的。
    
    
        品牌评价
        提车时的仪式感还是满满的，4S店送了一大束花和一份小礼物，
        
        
    
    
    
    


    
    
    
    


    





            
                

    智能化
        
            
            
        
        5
    
    
    L2的自动驾驶用起来很方便，跑高速方向偏了可以自动微调，方向盘脱手了也有警告和刹车，还有很多安全配置，因为我买的是顶配，手机远程控制，360全景，无限充电，各方面的配置是很多的，还是不错的
    
    
    
    
    


    
    
    
    


    




            

            



        "
HuJH_,2022-12-31 首次发表,"
            
                
                    3000km
                    
                    行驶里程
                
                
                
                
                
                
                
                    17.0kWh
                    冬季电耗
                
                
                
                
                
                
                     500公里
                     冬季续航
                
                

                
                
                    25.28万
                    裸车购买价
                
                
                    2022-11
                    购买时间
                
                
                    广州
                    购买地点
                
            
            
    
        
            
        
    
    

    
        $(document).ready(function () {
            var koubeiid = 4763679;

        });

    


            
                最满意
                年轻简洁的外观和内饰设计，丰富的驾驶模式选择，L2级别辅助驾驶安心感很强。
            
            
                最不满意
                两驱的动力相对来说不够猛，高速的风噪有一些大，多媒体软件的选择太少。
            

            

    空间
        
            
            
        
        4
    
    
    前后排的乘坐空间对于这个尺寸的SUV来说都是称职的表现，特别是后排的座椅，坐垫长度很够，坐姿没有因为电池的原因变成小板凳的感觉，依然有日产大沙发的感觉。前排的贯穿式的可移动中控在停车的时候可以调整出非常大的腿部空间，配合方向盘和座椅记忆，调整非常方便。
    
    
    
    前排的贯穿式的可移动中控在停车的时候可以调整出非常大的腿部空间，配合方向盘和座椅记忆，调整非常方便
    


    






                

    驾驶感受
        
            
            
        
        4
    
    
    提速的响应很快，动力只能说够用，在电车里没有太大优势，胜在整体跟脚自然，好开。操控上过弯的侧倾较小，悬挂支撑性以及轮胎的抓地力能给人信心。舒适性上悬挂整体偏软，对大的振动隔绝较好，特别是过减速带，有高级感。转向中心区并不快，仍然是家用车的设定，大角度转向时方向盘的回正自然，偏沉稳，指向性也比较精准。
    
    






            

            




            

    续航
        
            
            
        
        5
    
    
    和新势力的车型不同，日产的表显续航是根据实际使用计算的，所以会比较准，有可看性。而90度的电池包决定了他的续航不会太差，实际也能跑到550km以上，在广州这种常年20度以上的城市来说，这个续航对于日常家用已经非常够用了。
    
    





            
            

    外观
        
            
            
        
        5
    
    
    这车的概念车刚出的时候有让人眼前一亮的感觉，不过那是2019年了，3年之后即使还原了概念车的设计，但是跟新势力相比也就那样了。值得一提的是全车的包围都是钢琴烤漆，好看至于小剐小蹭会比较明显。
    
    
    
    外观在日产的车里算是年轻时尚了
    


    





            

    内饰
        
            
            
        
        5
    
    
    内饰还是很对胃口的，整体以简洁时尚为基调，又通过木纹按键的方式保留了空调的实体按键，这个设计我还没在其他车型上看到过，实际使用的体验也有一定科技感。仪表和中控的尺寸实现相同的，通过曲面玻璃连成一体，中控支持高德导航、爱奇艺、酷狗音乐、唱吧等常用软件，其中高德支持手机微信位置发送、或者手机高德发送给车机，解决了车载导航语音输入困难的问题。
    
    
    
    环抱式的氛围灯
    


    
    
    简洁的内饰最耐看
    


    





            

    性价比
        
            
            
        
        4
    
    
    和新势力那些越级配置爆棚，车身尺寸巨大的车型相比，合资电动车的性价比看起来还是稍显弱一点。但是25万的车能配备90度电池且标配热泵空调，电动方向盘有实体按键，标配了座椅记忆，HUD，中控两连屏等，整体的配置还是够看的。这款车同级别配置在美国日本都要卖37万人民币，在英国超过40万，从这个角度上看，跟油车都是国外比国内便宜的现象相比有了明显的转变。
    
    





            
                

    智能化
        
            
            
        
        4
    
    
    值得表扬的是L2级辅助驾驶非常好用，由于公司和家单程超过40 km，好用的辅助驾驶对我来说是刚需。中控支持高德导航、爱奇艺、酷狗音乐、唱吧等常用软件，其中高德支持手机微信位置发送、或者手机高德发送给车机，解决了车载导航语音输入困难的问题。值得一提的是语音控制支持广东话和四川话，对于我这个广东人来说是一个小彩蛋吧。
    
    
    
    辅助驾驶方向盘修正很小，居中能力强，距离控制得当，绝对是能用的
    


    
    
    在冷清的二沙岛路边看电影
    


    




            

            



        "
漫游加倍游,2022-12-18 首次发表,"
            
                
                    700km
                    
                    行驶里程
                
                
                
                
                
                
                
                    17.0kWh
                    冬季电耗
                
                
                
                
                
                
                     520公里
                     冬季续航
                
                

                
                
                    25.28万
                    裸车购买价
                
                
                    2022-10
                    购买时间
                
                
                    广州
                    购买地点
                
            
            
    
    

    
        $(document).ready(function () {
            var koubeiid = 4742732;

        });

    


            
                最满意
                续航比较满意，车配了90度的电池，在城市和高速的达成率都还是蛮好。
            
            
                最不满意
                车机功能比较少，只有固定的几个软件可以用。手机智联app功能不够丰富。
            

            

    空间
        
            
            
        
        4
    
    
    本人身高173，虽然前排坐姿偏高但是头部和腿部空间都还足够宽裕，后排我自己没有坐过，不过家人说挺宽敞，明显比我之前的日产逍客好很多。
    
    
        ☆ 空间设计亮点
        能前后挪移的扶手箱绝对是亮点，既能方便不同坐姿的司机，还能让出一个能通过人的前排通道，我自己已经有几次主驾门开不了太大，然后就穿过去从副驾下车的经历了。
        
        
    
    
    
    


    
        车内储物能力
        因为有那个能过人的中央通道，中控台储物空间比较少，另外手套箱和电动小桌板都不大，车前排的储物空间有点捉急。。。
        
        
    






                

    驾驶感受
        
            
            
        
        5
    
    
    虽然我的这辆是单电机版本，不过提速真的完全够了，相比之前的油车逍客简直脱胎换骨，我常用标准模式，加速已经很够用了，运动模式动力响应会更迅猛一点，经济模式感觉和我之前的cvt就差不多了。
    
    
        起步/加速动力
        起步动力响应比较线性，动力又很充沛，妈妈再也不用担心我开日产车红绿灯起步太慢了～～
        
    
        

        0% buffered00:00播放暂停00:00/00:14倍速2x1.5x1.25x1x0.75x0.5x高清高清全屏切换50%75%100%满屏00:00汽车之家视频播放器  之家首页  复制链接  版本号 : 2.5.32

  
    
      
        
        
          
        
        
          
        
        
      
    
  


    
    

        
    






            

            




            

    续航
        
            
            
        
        5
    
    
    我目前用车是在广州，因为这里冬天温度不算太低，所以续航感觉十分给力，目前看城市和高速都有的情况下，充满电开到500km问题不大，而且大部分时候我是不开动能回收的，续航总体满意。
    
    
    
    
    


    
    
    
    


    
    
    
    


    





            
            

    外观
        
            
            
        
        5
    
    
    选择ARIYA外观绝对是重要因素之一，分别放一下自己用专业相机和手机给车车拍的照片，个人感觉外观绝对是大大的满分！
    
    
    
    
    


    
    
    
    


    
    
    
    


    





            

    内饰
        
            
            
        
        5
    
    
    内饰质感应该也是想买ARIYA的人比较中意的因素之一吧，同样是自己用相机拍的照片，没别的就是满意！
    
    
    
    
    


    
    
    
    


    





            

    性价比
        
            
            
        
        5
    
    
    ARIYA价格刚公布时我觉得还是贵了，但是后面几天仔细看了看政策才发现内有乾坤啊，我把之前的逍客置换了，然后盲订权益+10月定车权益+返补贴+置换补贴之后，实际价格不到25万拿下长续航顶配，按照它的配置和大电池来说，也不算贵了。
    
    





            
                

    智能化
        
            
            
        
        4
    
    
    车机流畅度挺好，滑动很跟手，但是功能真的有待加强，除了几个预装app（爱奇艺，唱吧，喜马拉雅等）也没有其他的音视频软件和地图软件可以选了，也不能自己装软件，跟国产和新势力比确实功能有点少。然后跟其他合资品牌比又没有carplay可以用，真是有点小郁闷。。。
另外就是其他人也提到过的手机app不能远程控制充电的启停，如果有这功能肯定能让电量更尽在掌握些，这个就不详说了。
    
    
    
    
    


    
    
    
    


    
        车道保持智能度
        辅助驾驶开启之后车子基本是在车道的正中间，不像之前开过的一些车会略微偏左或偏右，另外打灯变道功能很实用，现在一上高速我就全程打开辅助驾驶，已经离不开它了～
        
        
    




            

            



        "
干锅牛蛙9067,2022-12-12 首次发表,"
            
                
                    1445km
                    
                    行驶里程
                
                
                
                
                
                
                
                    18.0kWh
                    冬季电耗
                
                
                
                
                
                
                     500公里
                     冬季续航
                
                

                
                
                    24.58万
                    裸车购买价
                
                
                    2022-10
                    购买时间
                
                
                    广州
                    购买地点
                
            
            
    
        
            
        
        
            
        
        
            
        
        
            
        
    
    

    
        $(document).ready(function () {
            var koubeiid = 4732234;

        });

    


            
                最满意
                外观和钨钢灰的颜色超越期待，内饰很有质感，平顺的驾驶感受开起来很丝滑，超长续航和方便的充电让我没有里程焦虑，人脸识别、自动驾驶等智能装备很方便
            
            
                最不满意
                没有手机蓝牙钥匙，不知道后面会不会有后装产品；前排储物空间少，储物有些麻烦
            

            

    空间
        
            
            
        
        4
    
    
    前排做了贯穿式设计，主驾和副驾串门非常方便；中控台可以电动前后调节，根据不同场景优先保障前排或后排的空间；后排买了个垫子中午可以休息
    
    
    
    前排是贯穿的
    


    
    
    侧边有前后电动调节按钮
    


    
    
    某宝买的气垫
    


    
        ☆ 空间设计亮点
        前排贯穿式可以放脚，放外卖，最合适的答案已经被我们家狗子找到了
        
        
    
    
    狗子悠然自得
    


    
        车内储物能力
        由于取消了传统的中控扶手箱，替代的是无线充电，抬起来能放行驶证，但也就只能放个行驶证；前面的电动的小储物格，好玩，逼格够了，但空间小了些，用的时候也稍微慢了点
        
        
    
    
    无线充电&amp;行驶证
    


    
    
    有个小滑板
    


    
    
    里面能放点东西
    


    
        后备厢容积
        后备箱是纯平的，抬起来下面也能放东西，对我而言，作为钓鱼佬，放2个钓箱和竿包完全没有问题
        
        
    
    
    空间完全够
    


    






                

    驾驶感受
        
            
            
        
        5
    
    
    之前偶尔听说过电车开起来比较容易晕车，但ariya开了这么久，最直观的感受就是比我之前的油车（老奇骏））加速更快、方向盘更轻，完全没有晕车或者其他不习惯的感觉。驾驶模式总共有epedal、经济模式、标准模式和运动模式，epedal就是单踏板模式，松油门的同时自动带刹车，我开起来不太习惯，经济、标准、运动感觉就是动力输出的调教不同，平时用的最多就是标准模式，除了更轻、更快，跟油车真的没有区别
    
    
    
    调节按钮
    


    
    
    三种驾驶模式 epedal
    


    
        起步/加速动力
        日常用标准模式，超车非常自信，高速开到120,稍微深踩，不像油车，很安静就超过去了
        
        
    






            

            




            

    续航
        
            
            
        
        5
    
    
    Ariya电池足足有90度电，标称续航623km，与其他同电量的电车基本同一水平。实际续航里程肯定有折扣，以个人经验来看，家里领导每趟通勤100km，其中高速占绝大部分，一趟耗电大概20%，粗略算下来，大概500km左右，打个8折吧。
    
    
    
    跑完全程高速后的满电续航
    


    
    
    刚提车，第一次充满电的续航
    


    
        关于续航焦虑
        我目前为止没有电量焦虑，首先我肯定不会选择开着电车跨省回家过年，其次，日产免费送了家用充电桩，虽然充电功率是7KW的，不高，但配合定时充电功能，平时用谷电充电，才2毛4一度电，简单的数学运算，0.24元/度x90度÷500公里=0.04元，一公里约4分钱，四舍五入，约等于不要钱。
        
        
    
    
    免费的充电桩
    


    
    
    定时充电
    


    
        公共充电桩
        手机app上有公共的充电桩，能显示忙闲信息，地址能发送到车，支持免费赠送的电卡充电
        
        
    
        表显续航准确性
        续航会根据驾驶习惯和驾驶的工况动态调整，根据经验，如果前一段是全程高速，后面切换后城市后，续航里程甚至会越开越多
        
        
    





            
            

    外观
        
            
            
        
        5
    
    
    颜色选的免费的钨钢灰，拿到实车后比想象中更好看，有种高级感；车的Logo是发光的，亮起来很好看；刚停到车库的时候还特意跟邻居家的电车对比了下，感觉赢了~
    
    
    
    颜色低调而有质感
    


    
    
    车库最靓的仔
    


    
    
    正面霸气
    


    





            

    内饰
        
            
            
        
        5
    
    
    木纹的内饰很有质感，与电动车环保、简洁的理念能够贴合；保留了空调和音量的物理调节方式，对我这种刚从油车切换的人非常友好，空调调节的按钮感觉像几年前苹果的home键，按下去会有轻微的反馈；
    
    
    
    内饰质感
    


    
    
    物理调节空调
    


    
    
    后排纯平
    


    
        座椅加热
        全车都有座椅加热，虽然南方很少用的到，但配置到位了
        
        
    
    
    座椅加热
    


    





            

    性价比
        
            
            
        
        5
    
    
    下定的时候老车主有各种权益（置换补贴有7K，保客换购有3W积分），再叠加600公里大续航，各种终身三电质保，终身6G流量，2K电卡，免费升级顶配，反正我想到的没想到的都有了，没有多少犹豫，就直接下了大定！
    
    
        售后服务
        终身三电质保，终身6G流量，终身免费救援
        
        
    
    
    免费流量
    


    





            
                

    智能化
        
            
            
        
        5
    
    
    智能配置方面各种升级，车联网、自动驾驶、主副驾电动座椅、座椅加热、全景影像、热泵空调、自动大灯、自动雨刷等，应有尽有，其中有几个我觉得特别好用
    
    
        面部识别便利性
        这个是我觉得ariya做的最牛逼的一个功能，可以自动识别车主人脸，并且自动与车机账号、座椅、后视镜、空调联动，自动调节。我设定了我跟老婆的人脸，每次换着开的时候，都能自动识别，自动调整，逼格满满。
        
        
    
    
    人脸识别
    


    
    
    识别成功
    


    
    
    个性化配置
    


    
        HUD抬显实用性
        可以显示导航的路口信息，道路信息，车速信息等，显示面积很大，亮度也够，白天也能看得清，习惯了以后，基本开车不用低头，调节空调温度或者切歌啥的都用语音来操作，驾驶安全了很多
        
        
    
    
    夜晚效果
    


    
        车机功能及流畅度
        ariya的车联网有高德导航、酷狗音乐、爱奇艺、唱吧、喜马拉雅，还能换皮肤，常用的应用基本都上了，每个月还免费赠送6个G流量；左右滑动很流畅，应用也都专门适配了车机
        
        
    
    
    
    


    
    
    
    


    
        车载导航实用性
        车载导航是高德的，功能很全，支持语音搜索、手车互联、微信地址发送到车；导航信息能显示在HUD上，还有AR实景导航，可以显示在车机和仪表上
        
        
    
    
    手车互联
    


    
    
    实景显示
    


    
        车道保持智能度
        riya的自动驾驶大致相当于自适应巡航 车道保持，在高速上还额外支持打转向灯后自动变道。整体功能特别适合高速，以及上下班路上堵车，整个的调教偏舒适，跟车加减速很平顺，不会有急刹或急减速，刚开始几次可能还会质疑它的能力，用多了后就完全信任它了
        
        
    
    
    两轮车也能检测到
    


    
    
    自动驾驶开启
    


    
    
    手要放到方向盘
    


    
        App远程控制
        远程功能很全面，能查看车辆状态、车辆位置，远程开启各项空调功能
        
        
    
    
    远程控制
    


    
    
    各项功能
    


    




            

            



        "
qingdaofu1890,2022-11-27 首次发表,"
            
                
                    789km
                    
                    行驶里程
                
                
                
                
                
                    14.0kWh
                    春秋电耗
                
                
                
                
                
                
                    513公里
                    春秋续航
                
                
                
                

                
                
                    27.28万
                    裸车购买价
                
                
                    2022-09
                    购买时间
                
                
                    承德
                    购买地点
                
            
            
    
    

    
        $(document).ready(function () {
            var koubeiid = 4709072;

        });

    


            
                最满意
                现在越来越感觉新能源的车确实性价比高一些，销量也是蹭蹭的上涨，不仅是车比以前销量更高而且品质要求也比刚开始好多了。不光是外型上设计，现在性能再到续航也都好很多，现在日产的艾睿雅刚出的就是性价比很高的车，续航也比以前高很多，现在出行就没有以前的那种焦虑了，车的外形也很好看，开车的过程也很舒服。
            
            
                最不满意
                新车一直没有发现什么问题，日产的品质也是格外的让人放心，至少从续航还有动力上没有什么问题，就是开车有一次有人坐在中间，展示中央扶手的时候坐着不是很舒服，别的也没有缺点了。
            

            

    空间
        
            
            
        
        4
    
    
    车上空间比较大，本来就有移动大沙发口碑的日产，在艾睿雅上也是体验感很好，车上的轴距比较宽大，上车之后前排座椅刚好180的男士坐进去不会局促，至于后排也是很不错，一家三口出行是绝对没问题，在中央扶手箱移动的过程中，要是中间有人可能不会很舒服，后备箱也挺大，放东西很方便。
    
    
    
    
    


    
    
    
    


    
    
    
    


    






                

    驾驶感受
        
            
            
        
        5
    
    
    日产电机方面还是采用的电励磁同步电机，在动力上呈现出来的优势就是超强的性能还有超静音的加速，而且驾驶起来还很有劲，一点都不比燃油差。后期加速到了110左右还能够视线超强的加速能力，就没有我去试驾别的电车那种后劲不足的感受，性能强并且转速也不会超高，开车的过程很舒服。
    
    






            

            




            

    续航
        
            
            
        
        5
    
    
    续航里程倒也不错，一般上下班来回都不超过30公里，我开车上下班根本不需要担心续航的问题，日产电机技术也很厉害，从买车回来到现在冲过一次电，中间又一次因为有点焦虑在上班的地方冲了一会，从续航新车上完全没有问题。
    
    





            
            

    外观
        
            
            
        
        5
    
    
    车的外观也是很好看，科技感的前脸盾牌式的设计也很个性，配置的大灯跟别的车型也完全不一样，晚上打开大灯那种流光的感觉也让人眼前一亮，开出去停在路上很远就能够看到我的车，跟别的车完全不一样，高科技的外形设计，车外形看起来很流畅，说是SUV但没有那种笨重的感觉，
    
    
    
    
    


    
    
    
    


    





            

    内饰
        
            
            
        
        5
    
    
    上车的第一感觉就是更有科技感了，座椅也很舒服，日产大沙发的座椅就是不一样，长时间坐着也不会感觉累，车上中控中间的扶手箱是我最喜欢的设计，即便是男士只要不是很胖，也能够从副驾驶出去，车上中控的触控按键跟别的车也不一样，晚上看起来就很高端，开这个车出去也是一种享受了。
    
    
    
    
    


    
    
    
    


    





            

    性价比
        
            
            
        
        5
    
    
    
        

        0% buffered00:00播放暂停00:00/00:03倍速2x1.5x1.25x1x0.75x0.5x高清高清全屏切换50%75%100%满屏00:00汽车之家视频播放器  之家首页  复制链接  版本号 : 2.5.32

  
    
      
        
        
          
        
        
          
        
        
      
    
  


    
    

    买电车尤其是现在很多车厂都出了，价格有高有低，我觉得在自己能力范围之内选择一个相对安全保守一点的，日产不管是从什么方面来说虽然达不到第一名，但绝对没有问题，艾睿雅刚开始看的时候我没有啥感觉，也是对比之后才安心买车的。
    
    





            
                

    智能化
        
            
            
        
        5
    
    
    车上光是有着个L2级驾驶辅助就已经很方便了，还有全速自适应巡航和后部倒车雷达和倒车影像，这些功能来说表现都很不错，有了辅助功能就方便了很多，安全配置也不少，前方碰撞预警还有主动刹车系统，每个功能来说都实用性很强，日产价格合适各方面体验感还舒服。
    
    




            

            



        "
Social_J,2022-11-23 首次发表,"
            
                
                    1862km
                    
                    行驶里程
                
                
                
                
                
                    14.0kWh
                    春秋电耗
                
                
                
                
                
                
                    400公里
                    春秋续航
                
                
                
                

                
                
                    27.28万
                    裸车购买价
                
                
                    2022-10
                    购买时间
                
                
                    潮州
                    购买地点
                
            
            
    
        
            
        
        
            
        
        
            
        
        
            
        
        
            
        
        
            
        
    
    

    
        $(document).ready(function () {
            var koubeiid = 4701550;

        });

    


            
                最满意
                让我最满意的地方就是它这款车是一款纯电的车子，在耗能方面是非常的经济实惠的，不会给我带来很高的用车成本，而且这款艾睿雅在保养方面也是比较便宜，其实也不需要经常去保养，定期的去检个查就好了，选择这款车是真的非常不错。
            
            
                最不满意
                让我不是满意的地方就是它的减震方面，有时候过坑洼的路段车子底盘滤的不是很干净，过坑洼路段的时候车内的抖动感是很明显的。
            

            

    空间
        
            
            
        
        5
    
    
    空间方面我觉得还是可以的，前后排都算是比较宽欲的，就算是平时承载5个成年人的话，这款车也是完全足够乘坐的，也不会感到车内很拥挤，而且车子的后备箱也是很宽敞的，大大小小的东西是可以放下很多的。基本上都是可以满足我的需求的。
    
    






                

    驾驶感受
        
            
            
        
        4
    
    
    艾睿雅这车在动力方面是非常强劲的，而且在动力的输出也是非常迅速的，驾驶起来和驾驶燃油车的感觉是完全不一样的。提速非常快，轻踩一下油门，推背感是很明显的。但是这款车在减震的时候效果不是很好，过一些坑洼的路段或者是过减速带的时候车子的颠颇感是很明显的。
    
    






            

            




            

    续航
        
            
            
        
        5
    
    
    这款车在耗能方面是非常的经济的，再怎么算下来艾睿雅的耗能都不会比燃油车的耗能要贵，所以我觉得这款车是非常经济，不会给我带来很高的用车成本，这一点我是很满意的。
    
    





            
            

    外观
        
            
            
        
        5
    
    
    这款车的外观首先就是非常的大气，其次前脸的设计非常的科幻，科技感满满。就像是一辆未来汽车一样，颜值方面绝对是很高很高的。平时驾驶这款车在路上行驶的时候回头率和辨识度是非常高的，而且停在路边的时候还有路人来问我这款是不是要七八十万，听的我心里乐滋滋的。
    
    





            

    内饰
        
            
            
        
        5
    
    
    内饰很整洁，没有很多花里胡哨的设计，而且车内的功能键都是一目了然的，实用性是非常高的。总的说这款车的内饰设计是我喜欢的类型。
    
    





            

    性价比
        
            
            
        
        5
    
    
    艾睿雅这款车的性价比是很不错的，在各个方面都表现的非常的突出，而且从价格方面我也觉得是非常值得的，当时入手这款车的时候4s点还给了我一个很优惠的价格，而且还赠送了我很礼品还赠送了我几次的保养，这下子又能让我省下了一笔支出。
    
    





            
                

    智能化
        
            
            
        
        5
    
    
    这款车的智能化是非常高的，基本上各种辅助功能都是配备的。例如这款车的配置有：并线辅助、车道居中、道路交通标识识别、疲劳驾驶提示等等，辅助功能是非常丰富的。
    
    




            

            



        "
生生又世世,2022-11-19 首次发表,"
            
                
                    2562km
                    
                    行驶里程
                
                
                
                
                
                    15.0kWh
                    春秋电耗
                
                
                
                
                
                
                    560公里
                    春秋续航
                
                
                
                

                
                
                    27.28万
                    裸车购买价
                
                
                    2022-09
                    购买时间
                
                
                    石家庄
                    购买地点
                
            
            
    
    

    
        $(document).ready(function () {
            var koubeiid = 4694200;

        });

    


            
                最满意
                性价比高的车就是跟别的车开起来不一样，我买车回来之后最大的感受就是，更长的续航还有更强劲的性能驾驶上的感觉也燃油车要有驾驶乐趣，日产的优点还在与品牌多年的积淀累计，技术核心像是电机还有电控和电池都有相当优秀的底蕴，这个是别的车企没有办法相比的。
            
            
                最不满意
                艾睿雅在起步的时候很重，起步没有想象的那么轻盈，驾驶上有点运动化的感觉，后期就还挺跟脚的，尤其是在100左右，驾驶还带有一种冲劲。新车到手除了正常上下班之外也没有开车去过别的地方，光是从动力上感觉还挺有质感的，日产的车不光是艾睿雅别的款式也都很有安全保障。
            

            

    空间
        
            
            
        
        5
    
    
    车上的空间来说也是非常特殊的地方，显示中央的操作按键显示很高级，再就是中央扶手可以前后移动，主副驾驶相同的设计也很有未来科技感。从我用车的体验感来说是挺不错的，生活中更加便捷，不说是多优秀但全家代步用还是可以的。
    
    
    
    
    


    






                

    驾驶感受
        
            
            
        
        4
    
    
    这个车可以说是很了解用户的焦虑了，不仅是续航问题，后期的动力上我也是很担心，但买到这个车以后就没有那么多的问题了，车的动力加速很有劲，并且车上还有很多的辅助功能，智能化的功能也是格外的安全放心，从自己开车这么长时间的实际体验来说，很舒服特别是起步的时候，
    
    
    
    
    


    






            

            




            

    续航
        
            
            
        
        5
    
    
    跑的公里数还挺合适的，特别是我这个长续航顶配版，虽然作为家用车但公里数行驶起来600左右不需要担心，现在换车就没有什么花销了，从我换了车之后一个月省下的钱全家买水果是没有问题，至少经济上就减轻了一部分的压力。
    
    
    
    
    


    
    
    
    


    





            
            

    外观
        
            
            
        
        5
    
    
    
        

        0% buffered00:00播放暂停00:00/00:03倍速2x1.5x1.25x1x0.75x0.5x高清高清全屏切换50%75%100%满屏00:00汽车之家视频播放器  之家首页  复制链接  版本号 : 2.5.32

  
    
      
        
        
          
        
        
          
        
        
      
    
  


    
    

    外观那种科技感就不用我多介绍了，买车之后一家人都不相信日产的车很时尚，开回去之后才都觉得颜值很高，前脸中间黑色的装饰就很个性，车头比较圆润有种很强的科技感，再就是车的侧面圆滑饱满，单独从颜值上来说艾睿雅的表现就很好，比现在很多的电车都好很多。
    
    
    
    
    


    





            

    内饰
        
            
            
        
        5
    
    
    
        

        0% buffered00:00播放暂停00:00/00:03倍速2x1.5x1.25x1x0.75x0.5x高清高清全屏切换50%75%100%满屏00:00汽车之家视频播放器  之家首页  复制链接  版本号 : 2.5.32

  
    
      
        
        
          
        
        
          
        
        
      
    
  


    
    

    内饰设计就跟别的车更不一样了，车上的储物空间不多，但有个隐藏式的储物，这个不是我去店里人家介绍我也不会注意，内饰中间采用的是贯穿式的前排设计，可以来回动的中央扶手箱也是格外的有科技感，车上的屏幕也很大，大屏幕不光是看上去好看，显示界面精美，在车里更是点睛之笔。
    
    





            

    性价比
        
            
            
        
        5
    
    
    买车时间比较早，价位当时没有什么优惠，送了点东西，跟实际的心理价格多少有点偏差，但性能上是真好，电车续航上再就是颜值都表现不错，现在配置也都很高级，顶配版各项功能简直都长在了我的心窝上，太合适了，忍痛拿下到现在真的庆幸当时的选择。
    
    
    
    
    


    





            
                

    智能化
        
            
            
        
        5
    
    
    实际上最好用的功能就是360度全景影像还有抬头数字显示，这是我感觉全车最实用的两个功能，车上L2级驾驶辅助也不错，包括前方碰撞还有主动刹车之类的功能都很多，从辅助功能上的表现来说确实不错，功能还超级的多方便很多。
    
    
    
    
    


    




            

            



        "
开山石斧,2022-11-06 首次发表,"
            
                
                    1614km
                    
                    行驶里程
                
                
                
                
                
                    14.0kWh
                    春秋电耗
                
                
                
                
                
                
                    610公里
                    春秋续航
                
                
                
                

                
                
                    28.48万
                    裸车购买价
                
                
                    2022-10
                    购买时间
                
                
                    保定
                    购买地点
                
            
            
    
    

    
        $(document).ready(function () {
            var koubeiid = 4670218;

        });

    


            
                最满意
                新车买来不长时间，性价比还挺高的，像是从店里开回来跑的里程还挺多的，日产技术一直不错，拿下来也放心，车颜值也很好看，这种未来战车的感觉很心动，价位合适虽然低但也很有诚意，配置很高级，硬件上电机和性能根本不需要担心，落地跑了这么长时间也都感觉不错。
            
            
                最不满意
                艾睿雅这个车新车并没有不好的反应，内饰新车回家有点味道是正常，别的都很不错。
            

            

    空间
        
            
            
        
        5
    
    
    紧凑型SUV空间表现还可以，反正居家用车我是挺满意的，代步上下班我和我老婆也都坐着很舒服，中间的扶手盒才开始不是很适应现在好多了。这下车就算是停的近了下车也都挺方便的，我180体重175坐着挺舒服，前后排都不拥挤，视野也很好，座椅宽大舒服静音坐在车里很舒适。
    
    
    
    
    


    






                

    驾驶感受
        
            
            
        
        5
    
    
    落地开了有差不多一个月的时间，订车到取车时间不长，纯电动车开起来并不适应，起步没有动静一脚油门下去没有燃油车那种转速提醒还不敢踩，不过开习惯了还是电车有劲，起步加速超车都很有劲，不需要担心动力问题，车跑得快高动力还低能耗，上下班开车是经济省钱还舒服，再就是车稳定性和底盘悬架都很好，一点都没有异响的感觉。
    
    
    
    
    


    
    
    
    


    
    
    
    


    






            

            




            

    续航
        
            
            
        
        5
    
    
    能耗的话不算是很好，开车一直到现在满电跑下来上下班呢好几个来回是没有问题，并且电量随时都有提示，三元锂电池和超安全电池架构也都挺让人放心的，以后充电桩肯定是越来越普及，我们办公的地方也都有了，上高速以后也不需要害怕了。
    
    





            
            

    外观
        
            
            
        
        5
    
    
    艾睿雅的全新外观很好看特别是大灯，虽然没有进气格栅但黑色的设计还挺好看的，整个车看着新潮时尚，侧面还有一些凹面的设计很好看，车的流线型低趴车尾的造型也很好看，开车出去辨识度相当的高，车是很好看后车尾部的大灯和车标也都很精致，我觉得性能确实很美好。
    
    
    
    
    


    
    
    
    


    
    
    
    


    





            

    内饰
        
            
            
        
        4
    
    
    
        

        0% buffered00:00播放暂停00:00/00:04倍速2x1.5x1.25x1x0.75x0.5x高清高清全屏切换50%75%100%满屏00:00汽车之家视频播放器  之家首页  复制链接  版本号 : 2.5.32

  
    
      
        
        
          
        
        
          
        
        
      
    
  


    
    

    车内大部分材质还是软质的，反正豪华的气氛还是挺充足的，要比一般的紧凑型SUV好看多了，车上的屏幕连屏的设计也很精美，享受这个车开出去的感觉，我也是很满意的，新车多少有点味道。
    
    
    
    
    


    





            

    性价比
        
            
            
        
        5
    
    
    艾睿雅这个车噪音处理的也不错，开车出去基本上没有啥噪音，开车窗听自己开车的声音也挺静音的，开车在路上动力充足，纯电车日产技术一直是很成熟的，并且日产的车采用的结构包括底盘一些设计都很人性化，电池的固定位置除了增加车的稳定性之外下面还有一定的缓冲空间，减少磕碰保护车辆的安全，从这些细节方面我对比了很多车，就日产让我更加的放心一些。
    
    





            
                

    智能化
        
            
            
        
        5
    
    
    高性能的车还有高性价比的配置，像是L2级别辅助驾驶更加的智能平时开车出去更加的方便，自动泊车入位就更不用说了，非常的方便，车上还有前后倒车雷达提示，安全和辅助上功能配置非常的多，还有手机无线充电和内置行车记录仪，感应式后尾门和抬头显示系统。功能可以说是实用并且操控简单。
    
    




            

            



        "
志妙电气,2022-11-04 首次发表,"
            
                
                    1958km
                    
                    行驶里程
                
                
                
                
                
                    15.0kWh
                    春秋电耗
                
                
                
                
                
                
                    510公里
                    春秋续航
                
                
                
                

                
                
                    28.48万
                    裸车购买价
                
                
                    2022-09
                    购买时间
                
                
                    石家庄
                    购买地点
                
            
            
    
    

    
        $(document).ready(function () {
            var koubeiid = 4668264;

        });

    


            
                最满意
                对比市面上的电车除了那些小电机版的车价格低之外没有任何的优势，日产艾睿雅我当时买车的时候还有优惠，其实到手的价位很合适，并且性能上提高的不是一个档次，并且配置和辅助功能上也都很不错，新车外观也很有科技感，看起来颜值要高于别的车，从车的内饰上看也很精美，毕竟双连屏的设计也都是现在很流行的设计了，车上的按键包括出风口的设计也都很有科技感，日产不得不说舒适度还是相当优秀的，当时新车对比了很长时间毕竟新能源的车都不是很了解，选择日产艾睿雅也是因为格外的信赖。
            
            
                最不满意
                新车没有不满意的地方，毕竟公里数还有各种表现都不是很了解，但从现在来车的感觉来说确实很不错，特别是四驱高性能的版本，配置高级并且没有啥很大的缺点，充电现在也都很方便了，各种公园路口都有充电桩。
            

            

    空间
        
            
            
        
        5
    
    
    空间比同价位的车宽不了多少，上车坐进去反正挺舒服，紧凑型SUV车家用是没问题，2775的轴距作为suv来说表现还可以，我180坐进去后排还有两拳左右吧，头顶因为是全景天窗感觉挺高的，并且车内见光度也不错，车上座椅空间还是很宽松的，一点也不会局促。
    
    






                

    驾驶感受
        
            
            
        
        4
    
    
    驾驶动力电车就很快速这个都知道，并且加速的感觉轻盈没有那种燃油车的笨重感，车加速的过程很舒服，加速的过程很线性，方向盘手感好并且不会很重，开车就很舒服，底盘稳定性也不错，油门踩下去反应挺灵敏的，车上手很快就是才开始会有点晕车的感觉，感受不到车在动。
    
    






            

            




            

    续航
        
            
            
        
        5
    
    
    续航能够达到500多公里，除了开空调会有点影像之外感觉还行，上下班代步一般的家里用车还是挺不错的，现在充电要比才开始方便多了，也没有什么用电焦虑，像是导航到附近的充电桩也都很方便。
    
    





            
            

    外观
        
            
            
        
        5
    
    
    有个大溜背的造型还有中跨界车的感觉，外观上设计上看起来挺有辨识度的，特别是前脸上细节仔细观察很讲究，车的外形设计也是得过很多的奖项，外形优势在在大灯上，细长的大灯让车看起来也更完美，车完美的设计很适合年轻人驾驶，运动感非常的强，非常的好看。
    
    
    
    
    


    





            

    内饰
        
            
            
        
        5
    
    
    内饰上的设计跟外观一样都很有科技感，双连屏的设计就不用多说了，都是现在最流行的设计风格，中控还是悬浮式的触控式的按键都很精美，主副驾驶中间没有隔挡，看上去还是挺好看的，从车内饰设计上也能够看出来日产想要进步的决心，很时尚很美观挺好看的。
    
    
    
    
    


    





            

    性价比
        
            
            
        
        5
    
    
    当时看车的时候长续航和高性能的续航不一样，最后纠结了很长时间选择了高性能的版本，其实车都很好开，配置齐全高科技的功能多一些我感觉更好开，其实别的品牌的纯电车跟艾睿雅相比之后，我还是感觉日产要更靠谱一些。
    
    
    
    
    


    
    
    
    


    
    
    
    


    





            
                

    智能化
        
            
            
        
        5
    
    
    L2级驾驶辅助开车上路感觉方便多了，再就是全速自适应巡航以后也挺有用处的，360度全景影像还有后部倒车雷达也都很齐全，车上还有自动驻车。安全方面配置也不少，总体配置上多很全面。
    
    
    
    
    


    
    
    
    


    
    
    
    


    




            

            



        "
钦州车友0527225,2022-11-03 首次发表,"
            
                
                    800km
                    
                    行驶里程
                
                
                
                
                
                    16.4kWh
                    春秋电耗
                
                
                
                
                
                
                    595公里
                    春秋续航
                
                
                
                

                
                
                    28.48万
                    裸车购买价
                
                
                    2022-10
                    购买时间
                
                
                    济南
                    购买地点
                
            
            
    
        
            
        
        
            
        
        
            
        
        
            
        
        
            
        
        
            
        
        
            
        
        
            
        
    
    

    
        $(document).ready(function () {
            var koubeiid = 4666639;

        });

    


            
                最满意
                最满意的是它的空间表现，车内空间方面真的很不错，乘坐体验感很好。后备箱的话它的容纳能力也很不错，平时放一些日常的东西也是非常够用的。
            
            
                最不满意
                不满意就是内饰里面的塑料材质比例有些高，虽然不是那种粗糙的类型，但手和大腿碰到时候还是能感觉到偏硬，不是很舒服，与车子定位不太匹配。
            

            

    空间
        
            
            
        
        5
    
    
    整体的空间表现我觉得挺不错，平时节假日我们一家人会去周边的城市逛一逛，我都没有听到父母的抱怨声，绝对符合家用车标准。后备箱开口是真的很大，装我们几个人的行李后还有很多空间富余，所以大部分时候只管往里面塞就是了。
    
    






                

    驾驶感受
        
            
            
        
        5
    
    
    我觉得这款车整体的操控性非常好，方向盘不会太轻也不会很重，开起来车子很稳当，完全没有飘的感觉。它的转向也是可以的，定位比较准确，基本没有什么虚位。动力表现我很满意，跑山路的时候，前面遇到一辆货车或者巴士，按以前我是不敢超车的，因为超车距离要很长，保不齐对面会来车，但这车地板油一下子就过去了。这种畅快体验，顿时感觉自己的钱花的很值。
    
    
        舒适性
        这辆车给我的感受还是比较舒适的，毕竟空间上占了优势，舒适度也是跟着提升的。并且它的座椅也蛮舒服的，坐上去软硬适中，支撑力也强，不会腰酸背痛的情况出现。
        
        
    






            

            




            

    续航
        
            
            
        
        5
    
    
    电耗表现是不错的，即便是有点堵车，这台车也是可以拥有不错的电耗表现。在市区通勤的话，综合电耗也蛮低的，这样的成绩还是很省钱的，续航不用担心。
    
    





            
            

    外观
        
            
            
        
        5
    
    
    外观方面这车就要显得非常的年轻了，很有运动感，符合当代年轻人的风格，开出门会感觉到整个人都特别的自信。
    
    





            

    内饰
        
            
            
        
        3
    
    
    内饰的塑料感我觉得有点强，几乎都是硬塑料的设计，摸起来手感比较一般，而且新车的异味较大。但是内饰的做工我觉得还不错吧。
    
    





            

    性价比
        
            
            
        
        5
    
    
    这车用车成本方面是比较省的，所以开支又节约了一些用车开支，性价比很不错。
    
    
        购车
        这款车它是纯电SUV，我觉得后期的用车成本会挺划算的，这点非常不错，深得我心，再加上看了车之后，发现它的配置也是很高的，科技感很强，所以这就是我选择它的原因。
        
        
    





            
                

    智能化
        
            
            
        
        5
    
    
    它的各方面配置还是很优秀的，自适应巡航和360全景影像很实用，我觉得这是一辆配置很高的车。
    
    




            

            



        "
柳州车友4956954,2022-11-02 首次发表,"
            
                
                    770km
                    
                    行驶里程
                
                
                
                
                
                    15.9kWh
                    春秋电耗
                
                
                
                
                
                
                    580公里
                    春秋续航
                
                
                
                

                
                
                    27.28万
                    裸车购买价
                
                
                    2022-10
                    购买时间
                
                
                    长沙
                    购买地点
                
            
            
    
        
            
        
        
            
        
        
            
        
        
            
        
        
            
        
        
            
        
        
            
        
        
            
        
    
    

    
        $(document).ready(function () {
            var koubeiid = 4665442;

        });

    


            
                最满意
                最满意的是它的空间表现，车子的乘坐空间挺宽敞的，前后排无论是腿部空间还是头部空间都是挺不错的。坐在车里没有那种压抑的感觉，后备箱的储物空间也够用。
            
            
                最不满意
                噪音方面是有些大的，尤其是加速的时候，噪音控制的不是很好，还有就是轮胎噪音也有些大，在公路上跑起来，只要摇下车窗，就能够明显的感受到轮胎的噪音。
            

            

    空间
        
            
            
        
        5
    
    
    车子前排头部空间非常宽裕，无需担心顶头之类的问题。横向宽度也是绰绰有余的，不会显得捉襟见肘。后排腿部空间具有不小的余量，活动空间是有的。中控台下面设置了用来放手机的储物槽，放手机的时候相当顺手。
    
    






                

    驾驶感受
        
            
            
        
        3
    
    
    操控性还是比较不错的，动力补充很足，而且只要一踩电门加速带来的推背感很快就有感觉。动力的反应很快，方向盘轻巧灵活，而且也没有虚位，驾驶视野也很好。动力总的来说还不错，相比我之前开的燃油车要给力得多。刚开始提速时踩电门重的话会发现车子激进很多，会感觉到略微的推背感。虽然隔音不是很好，但是只要不跑高速，市区里面还是可以接受的。
    
    






            

            




            

    续航
        
            
            
        
        5
    
    
    我平时都是在市区一直开着空调跑，没有刻意为了省钱地开，目前的电耗比销售和我说的数据没有大的差距，所以还可以接受。
    
    





            
            

    外观
        
            
            
        
        5
    
    
    外观很大气，给人的压迫感很强。车身侧面线条很有力量感，肌肉感比较强，开在外面回头率很高。
    
    





            

    内饰
        
            
            
        
        5
    
    
    内饰的用料也是很棒的，大面积的软包真的是很上档次，而且做的比较人性化的就是能经常摸到碰到的地方都是有软包的，很不错。内饰设计给人感觉也还算舒服，接缝和走线的细节处理的也都不错。
    
    





            

    性价比
        
            
            
        
        5
    
    
    性价比还是比较不错的，这么实惠的价格能买到内饰用料非常好、空间非常大、动力也很出色、外观也非常时尚的一辆车属实不易。
    
    
        选车
        买这台车的时候，主要就是因为它的外观才买的，这台车的外观真的非常的好看，非常的大气，在这个价位里，我觉得它是没有对手的，气场非常的足，开出去一点都不比那些豪车差。外观真的是非常符合我的审美，时尚感十足的前脸，非常大气，相当上档次，还有就是它的漆面，感觉非常精致，阳光下非常好看。
        
        
    





            
                

    智能化
        
            
            
        
        5
    
    
    内部的配置无敌啊，在同级别在合资纯电动SUV当中是最好的了，而且低配版的也有全速自适应巡航，很高档了。
    
    




            

            



        "
努力配合,2022-10-31 首次发表,"
            
                
                    1976km
                    
                    行驶里程
                
                
                
                
                
                    18.0kWh
                    春秋电耗
                
                
                
                
                
                
                    576公里
                    春秋续航
                
                
                
                

                
                
                    32.78万
                    裸车购买价
                
                
                    2022-09
                    购买时间
                
                
                    青岛
                    购买地点
                
            
            
    
    

    
        $(document).ready(function () {
            var koubeiid = 4662335;

        });

    


            
                最满意
                日产艾睿雅这个车性价比还是挺好的，不管是内饰还是外观看上去都很有科技感，在就是配置上还挺高级的，技术支持日产也是很稳定，一点都不需要担心电力续航问题，电动的车起步快非常的迅速，轻便便捷还静音在就是性能还好，车开出去还好看，兼顾高性能还有低能耗的车除了艾睿雅别的车我也想不出来还有啥了。
            
            
                最不满意
                不满意的地方就是减震不好，过滤细小的震动不是很好，有时候开车速度快了过坑洼的地方震动的很厉害，平路上倒是不错，开车加速也够劲，性能上没得挑，车是真的好开，确实性能很好。
            

            

    空间
        
            
            
        
        5
    
    
    本来就是一辆紧凑型的SUV家用倒是合适，后排还不错家里三四个人出去也能坐下，座椅很宽大坐着也舒服，头顶还有一拳的距离，车的后备箱挺大，放东西也很多，一般家里出去都能放下，车上后排的凸起不高，特别是坐在驾驶座视野好，我老婆开出去也都很方便，男生女生开都很合适。
    
    






                

    驾驶感受
        
            
            
        
        4
    
    
    别看我提车才一个月的时间，动力上表现非常的好，加速百公里很快。电车明显的看出来要比燃油车快很多，车开起来很轻盈。底盘还稳定，一点飘的感觉都没有，主要的优点还是轻便，辅助功能还多开车上路很方便，过滤震动有点差。隔音挺好坐在车里很安静，一点杂音都没有特别是关上窗户。
    
    
    
    
    


    






            

            




            

    续航
        
            
            
        
        5
    
    
    我开车充电次数不多，正常上下班高峰期堵车也不多用电，倒是开空调的时候能够看出来电耗下降，别的时候上下班没有啥用点焦虑，实际用车的感觉还挺好的，有时候看到网上那些上高速没电的消息多少会有点焦虑。
    
    





            
            

    外观
        
            
            
        
        5
    
    
    车的外形很刚硬，看着前脸的设计很有科技感，大灯还好看并且晚上点亮之后还很亮眼，SUV车看着也很稳重，时尚稳重并且还很有科技感，轿跑的外观溜背的造型也都很好看，看上去非常的有活力很动感，车轮毂还很个性，车尾的造型也是突出的大灯也很有设计感，确实外观看上去非常的时尚。
    
    
    
    
    


    
    
    
    


    





            

    内饰
        
            
            
        
        5
    
    
    内饰非常的简单隐藏式的出风口还有按键非常的时尚，双连屏的设计也都很个性，中间的扶手是最个性的，车里坐着很舒服透气还很有支撑性，简单的设计风格就很适合家用，挡位的手感不错，车上分层的设计还挺好看的，中控的设计是我一直来说最喜欢的，非常的好看舒服。
    
    





            

    性价比
        
            
            
        
        5
    
    
    性价比艾睿雅这个车相当于日产里边性能最好的了，颜值到动力还有配置都没有什么挑剔的地方，开起来非常的舒服，纯电的车确实性能不错，平时上下班没有油耗花销还是挺开心的，并且日产个方面保障还是挺不错的，合资车里边丰田还有日产的车是我一直非常喜欢的。
    
    
    
    
    


    
    
    
    


    
    
    
    


    





            
                

    智能化
        
            
            
        
        5
    
    
    车上有360度全景影像、全速自适应巡航之类的功能都有，实用性很高，我主要看中的还是四驱的功能，车上还有手机无线充电方便了不少，在就是内置行车记录仪也都很好用，抬头显示还有远程遥控也都有，真皮的座椅前后排都可以加热，冬天就方便了不少，性能确实不错。
    
    




            

            



        "
好几个吃饭哈,2022-10-31 首次发表,"
            
                
                    1510km
                    
                    行驶里程
                
                
                
                
                
                    13.0kWh
                    春秋电耗
                
                
                
                
                
                
                    523公里
                    春秋续航
                
                
                
                

                
                
                    32.78万
                    裸车购买价
                
                
                    2022-09
                    购买时间
                
                
                    济南
                    购买地点
                
            
            
    
    

    
        $(document).ready(function () {
            var koubeiid = 4661533;

        });

    


            
                最满意
                上车之后其实小惊喜特别的多，我去看车之后就感觉别的车都是弟弟，不管是从性能方面还是从颜值方面艾睿雅都比别的车要好，车开起来续航里程还行，不会特别的焦虑。车买回来一个月，提车的时候虽然心疼但后续花销少，一个与省下来的油费也够用的了，之前加95的油从涨价之后也加不起了。
            
            
                最不满意
                车上的储物空间不是很多，中间扶手盒不大放东西有限，中间有个隐藏式的储物盒但也没有想好放啥，有时候放进去看不到也就忘记了，车上的空间反正就很有个性，我是感觉挺新颖的，别的也没有啥缺点了。
            

            

    空间
        
            
            
        
        4
    
    
    空间得益于这个全景天窗见光度提高了不少，并且没有因为溜背的造型对高度造成什么阻碍，后排空间不错，中间也没有很高的凸起，反正作为家用车还是可以的，就是车上的储物空间稍微有点少，中间的扶手盒是贯通的，但是作为男士想从主驾驶去副驾还是有点难度，这个设计就只能说是很个性，实用性不强。
    
    
    
    
    


    
    
    
    


    






                

    驾驶感受
        
            
            
        
        5
    
    
    电车开车的感觉肯定是要比燃油车方便很多，特别是开车的过程很轻松，有几次喝完酒然我老婆开回来，她也说要比燃油车好开，至少没有那种怠速的抖动的感觉了，车性能上很稳定，再就是辅助功能和安全功能很多平时开车也都挺方便，上下班代步还是电车经济性更强一点。
    
    






            

            




            

    续航
        
            
            
        
        5
    
    
    能耗我刚买车回来的时候看到往下掉电还挺紧张的，开的时间长了之后就好了，充满电跑的里程还不错，充电我们这边还不算是普及，有时候找几个充电桩没有电也是正常，平时在家里充电就方便很多，性能方面确实不错安全性也高。
    
    





            
            

    外观
        
            
            
        
        5
    
    
    外观科技感这么强的车表现还是非常可以的，车前脸看上去就像是肌肉战甲的感觉，车还有中溜背的感觉，车的后车尾部也很精美，外形大灯也是亮点。我是去看了这个车就很喜欢了，带有运动感还很时尚，颜色上选择不多但也都很好看，就可以有很多种选择。
    
    
    
    
    


    
    
    
    


    





            

    内饰
        
            
            
        
        5
    
    
    内饰上屏幕还是不规则的曲面屏设计不仔细观察还看不出来，再就是车屏幕上看上去很清晰，包括反光之类的都不会出现，感觉还挺舒服的。方向盘手感很好，特别是材质又好，上面的按键也都很精美，车上中控处的设计是亮点，中间没有隔断主副驾驶互通，感觉还挺有新意的。
    
    
    
    
    


    
    
    
    


    





            

    性价比
        
            
            
        
        5
    
    
    买电车我一开始去看了大众ID款，我觉得挺好看后来看了艾睿雅之后我觉得外观上我还是更喜欢艾睿雅一些，并且价位差不多的情况下我觉得日产座椅舒适度是我很喜欢的，多方面对比之后还是决定买艾睿雅，开回来时间虽然不长但表现让我感觉超值。
    
    





            
                

    智能化
        
            
            
        
        5
    
    
    安全方面配置齐全，前方碰撞预警、主动刹车、车道偏离、车道保持辅助，剩下的还有一些辅助功能360度全景影像还有车身稳定系统，手机无线充电也很实用，抬头数字显示系统和远程遥控都是我感觉很有实际用处的功能，作为家用车前排座椅加热还有第二排座椅加热都有，基本上作为家用车已经很优秀的了。
    
    




            

            



        "
之为人分,2022-10-31 首次发表,"
            
                
                    798km
                    
                    行驶里程
                
                
                
                
                
                    15.0kWh
                    春秋电耗
                
                
                
                
                
                
                    500公里
                    春秋续航
                
                
                
                

                
                
                    32.78万
                    裸车购买价
                
                
                    2022-10
                    购买时间
                
                
                    成都
                    购买地点
                
            
            
    
        
            
        
        
            
        
        
            
        
        
            
        
        
            
        
        
            
        
        
            
        
        
            
        
    
    

    
        $(document).ready(function () {
            var koubeiid = 4660914;

        });

    


            
                最满意
                最满意的一点，当然就是它的用车成本很低了。这样的一台车，用作家用车，代步使用，成本也不高，真的很好了。在一个满意的就是ARIYA的外观是真的好看，科技感太强了，未来感十足。
            
            
                最不满意
                最不满意的地方，可能就是空间了。后排的空间表现一般般。
            

            

    空间
        
            
            
        
        5
    
    
    空间也是很不错，看着车子的尺寸不大，所以内部空间也不是很宽敞，坐进去感觉不大。不过车子的后备厢容积也可以，平常出门的时候，带点东西也都能放得下。个人感觉在同级别里应该就是可以的了。
    
    






                

    驾驶感受
        
            
            
        
        4
    
    
    操纵这个怎么说，因为它是电动车，开着很省心。底盘的稳定性也不错，转弯的时候也很稳，没有很飘的感觉。同价位里的真的挺好，至少开起来是觉得踏实的。市区开的时候，电动车的特点就是起步快，尤其是前三四十公里之内这个速度，加速的时候真的超级快。而且上了高速之后，我发现车速超过90km，动力也有明显的提速感，挺好的。另外车辆的舒适性也是蛮好的，ARIYA的座椅很舒服，不会给你那种很硬的感觉，长时间乘坐也不累。至于减震这方面我觉得它做的也是可以的，开快了之后过减速带的时候，也并不会觉得特别的颠簸。电动车也挺安静的，开起来也不觉得吵闹。
    
    






            

            




            

    续航
        
            
            
        
        5
    
    
    我对ARIYA的能耗真的是特别的满意，因为家用车，成本很重要。成本控制好了，就是省钱。这台车每公里的使用成本还是很低的，和开燃油车的朋友一交流，他们都很羡慕我。
    
    





            
            

    外观
        
            
            
        
        5
    
    
    时尚，精致，好看，这是我对这台车整体的评价。具体来看，前脸的造型很有设计感，特别是那个大灯组，造型很有特点。同时车辆车漆颜色亮，厚度也不错。总体来说都非常满意。
    
    





            

    内饰
        
            
            
        
        5
    
    
    内饰的设计风格也非常电气化，就给人的感觉就是一台电动车，特征很鲜明。至于内饰的配置，比如连屏，还有多功能方向盘这些方面，平日用起来也十分方便。内饰没什么缺点，总体还是很满意的，至少我没有发现啥明显的问题。
    
    





            

    性价比
        
            
            
        
        5
    
    
    这个车性价比感觉还是比较不错的，因为这台车从买车到现在时间很短，从里到外，个别的地方有些小的不足，但是也没有多大影响，毕竟主要还是城区行驶。这续航方面表现的也都不错了，这个价位还是很值得选择的，我喜欢这台ARIYA。
    
    





            
                

    智能化
        
            
            
        
        5
    
    
    配置我觉得没啥说的，一个字高，ARIYA的配置已经非常牛了。
    
    




            

            



        "
蚂蚁森之林,2022-10-30 首次发表,"
            
                
                    237km
                    
                    行驶里程
                
                
                
                
                
                    15.0kWh
                    春秋电耗
                
                
                
                
                
                
                    790公里
                    春秋续航
                
                
                
                

                
                
                    34.28万
                    裸车购买价
                
                
                    2022-10
                    购买时间
                
                
                    淮南
                    购买地点
                
            
            
    
    

    
        $(document).ready(function () {
            var koubeiid = 4659571;

        });

    


            
                最满意
                艾睿雅这个车可以说是非常的好开了，新能源的车作为日常用车肯定还是非常的舒服的，并且车上的各种配置也都很高级，特别是辅助功能上顶配版就是很高级，外观颜值上也很高级，日产舒适的座椅也都很不错，作为家用车兼顾高性能低能耗那一定是相当优秀的了，车用下来还是挺好的。
            
            
                最不满意
                车底盘不算是很高，有时候过一些高凸的地方还是需要注意，特别是最近门口修路总是过去会磕一下底盘，减震倒是还行坐在车里没有啥很颠簸的感觉，车是挺好开的。我也很喜欢并且驾驶模式切换之后，动力加速更加的刺激，完全就是我最爱的那种车型，非常的有劲很完美。
            

            

    空间
        
            
            
        
        5
    
    
    空间不错宽松舒适一点都不会局促，特别是日产大沙发式的座椅简直是种享受，车挺宽大这也是车内宽松的基础，后排基本上是平面的，中间扶手盒向后突出也不是很大，反正我180的身高坐在后排还有两拳左右，不能说是很轻松地跷二郎腿但也不拥挤，这也算是不错了。
    
    
    
    
    


    






                

    驾驶感受
        
            
            
        
        4
    
    
    开车时间不多上下班正常行驶，加速的过程很线性，不管是动力还是静音程度都让坐在车里的人感觉很舒服，超车的过程也很轻松强大的推背感很舒服。开车很刺激，加速超车还有减速的过程都很线性，车低趴的造型让车看起来有点矮，过一些地方要格外的注意，悬架舒适度倒是不错，良好的底盘调教上表现出来的舒适度也是很好的，车身稳定性也不错，好上手并且操控还很舒服。
    
    






            

            




            

    续航
        
            
            
        
        5
    
    
    耗电量还行一般来说家里上下班路程不远根本不需要担心，我们这边到处都是充电桩，还挺省心的，电量还都有提示，不需要加油也方便不少，再也不需要担心油费是不是上涨了，纯电动车确实省钱。
    
    
    
    
    


    





            
            

    外观
        
            
            
        
        5
    
    
    外观肌肉感很强，特别是前脸的黑色装饰搭配上大灯，营造出来的科技感还是挺好看的，两侧的大灯也跟原来的日产风格完全不一样，侧面的曲面设计也让车看起来更加的运动，车尾灯还是贯穿式的，整体的辨识度挺高的，车灯和车身颜色不一样，悬浮式的设计也都很好看，车外观是比较不错的。
    
    
    
    
    


    
    
    
    


    
    
    
    


    





            

    内饰
        
            
            
        
        5
    
    
    内饰上颜值还行，主要是中控的按键在中控台上很有科技感，再就是车上的屏幕显示也都很清晰，车的中控扶手比较宽大按键也很精美，上车看到这个方向盘和中控的设计就满意了，座椅又很舒服，这些优点都是我很喜欢的。空调出风口也不错，一字型的设计很好看，表现倒是很优秀。
    
    
    
    
    


    





            

    性价比
        
            
            
        
        5
    
    
    综合买车这一个月的体验来说还是不错的，价位上虽然不低但性能好，配置还高级，并且还有点优惠，综合里程还多这样满足不同消费者出行就很方便了，四驱不管是出去玩还是在家驾驶都很不错。
    
    





            
                

    智能化
        
            
            
        
        5
    
    
    L2级别驾驶辅助还有全速自适应巡航这些功能还都不少，自动泊车入位、前后倒车雷达都很清楚，360度全景影像也都很清晰，对于车来说性能还是挺靠谱的，车道偏离还有车道保持辅助也都很安全。
    
    




            

            



        "
南岸之南,2022-10-28 首次发表,"
            
                
                    1928km
                    
                    行驶里程
                
                
                
                
                
                    17.0kWh
                    春秋电耗
                
                
                
                
                
                
                    532公里
                    春秋续航
                
                
                
                

                
                
                    28.48万
                    裸车购买价
                
                
                    2022-09
                    购买时间
                
                
                    青岛
                    购买地点
                
            
            
    
    

    
        $(document).ready(function () {
            var koubeiid = 4656765;

        });

    


            
                最满意
                纯电动的车那肯定开起来省钱是第一的，动力上倒是也不错还挺符合我当时买车的要求的，空间上也可以一家人出行也都很方便，后面坐上三个人也都很舒服，艾睿雅车外形也好看那种未来的科技感还挺好看的，内饰配置也都是实用的类型，总体的优势还挺明显的，用车也会方便不少。
            
            
                最不满意
                没啥不满意的吧，现在换了这种纯电的，一切还是比较兴奋的，慢慢研究下看看有什么不足
            

            

    空间
        
            
            
        
        5
    
    
    舒展的前排腿部空间182身高坐着很舒服，看路上的视觉效果挺好的，不会有啥遮挡，主要是后排的座椅挺宽松的，车上座椅调节也方便的。后面放上个安全座椅还有一定的空间，后备箱放东西也挺多的，至少放下三个行李箱也倒是可以。平时想要开车跑个滴滴之类的也都很方便。
    
    






                

    驾驶感受
        
            
            
        
        5
    
    
    开车肯定是电动车舒服，一点声音都没有这个开车还很有劲，电动起步超出燃油车很高一部分，我买车就是打算上下班代步，市中心闹市区也不怕光停停走走的，这个车并不算是很庞大的那种车，车开起来轻盈多了，并且方向盘还很轻盈，转向非常的精准，日产车座椅舒适也都知道，以后要是正常都有充电桩了上高速之类的也方便多了。
    
    
    
    
    


    






            

            




            

    续航
        
            
            
        
        5
    
    
    电量消耗不多，新能源日产一直就是佼佼者，现在是我自己安装了充电桩，在家充电上线很方便，买车到现在已经有一个月了，油耗上节省下来的都够我闺女买书本的了，基本上代步就夏天开空调多少回有点担心。
    
    





            
            

    外观
        
            
            
        
        5
    
    
    大胆的设计跟常规的车还是有区别的，前脸的黑色还有别的设计也都很有科技感，不是日产经典的造型但也很还看，侧面的腰线动感贯穿侧面的车身，看上去视觉效果还挺好的。车上溜背的造型很圆滑，是那种富有现代感的设计，开出去绝对不掉面子。新车颜色车漆都很亮看着很好看。
    
    
    
    
    


    
    
    
    


    
    
    
    


    





            

    内饰
        
            
            
        
        4
    
    
    这个车内饰表现还挺好看的，扶手盒的设计还很有新意，看上去整个内饰很有科技感，手感都不错，特别是座椅还有中控的设计，方向盘也都很简单，就是按键设计的我不是很适应，屏幕显示也都很清晰，双连屏的设计也是现在主流的风格了，科技感还有精致的细节也都很完美。
    
    
    
    
    


    
    
    
    


    





            

    性价比
        
            
            
        
        5
    
    
    我平时对日产的车就很喜欢，之前我就开着燃油车感觉稍微小一点，换成艾睿雅之后还挺舒服的，座椅宽松舒服，并且车颜值也很过关，花销还少平时开车出去一家人都想去哪里去哪里，基本上400之内不需要担心，以后上高速不知道充电方不方便，并且艾睿雅也是日产重点的战略型车，技术很过关一点都不要担心，现在身边的朋友买车我都会推荐这个车，外观内饰还有配置功能也都刚刚好。
    
    
    
    
    


    
    
    
    


    





            
                

    智能化
        
            
            
        
        5
    
    
    配置辅助功能很不错360度全景影像还有一些充满科技感的设计，从我自己用车这一个月的感受来说还很方便，主要是功能齐全开车就很轻松，还有一些安全方面的配置，Ｌ2级辅助驾驶功能也都很高科技了，从我之前的小破车换到这个车完全就是很高科技了，手机无线充电功能平时用的也很多，再也不需要单独带根数据线了，高科技的配置完美的匹配现在的生活
    
    




            

            



        "
驻马店车友3830785,2022-10-15 首次发表,"
            
                
                    1100km
                    
                    行驶里程
                
                
                
                
                
                
                
                
                
                
                
                
                

                
                
                    25.80万
                    裸车购买价
                
                
                    2022-09
                    购买时间
                
                
                    洛阳
                    购买地点
                
            
            
    
    

    
        $(document).ready(function () {
            var koubeiid = 4631658;

        });

    


            
                最满意
                日产高上市第1批车主给大家讲一下这款车的用车感受，整体在用车的过程中还是非常满意的，因为车子的动力感非常强，作为日产的首台纯电动的车型，车子在细节上做工确实也都比较好，性能上的表现也是蛮不错的，质量品质各方面都不错。
最喜欢的还是他这款车的外观确实挺大气的颜值很高外观的做工比较高端大气有上档次这款车性能的表现也都非常优秀。
            
            
                最不满意
                最不满意的当然是这款车，我感觉空间不是很大，虽然是一台SUV的车型，但是它的整体使用空间只能说一般车内使用空间偏小的，一些头部的空间不是很大，乘坐空间还可以，但是使用空间确实有点偏小了点。
            

            

    空间
        
            
            
        
        4
    
    
    空间稍微有一点不太满意的，就是它的乘坐空间挺宽敞的，但是车内的储物空间不是很大，放一些零碎的小物品，感觉不是很够用，4个门的门板空间稍微有点小。
    
    






                

    驾驶感受
        
            
            
        
        5
    
    
    动力感很好，作为一台电动车它的提速非常的快，动力性能表现都是非常优秀的，性价比非常高，车子的品质也都很好，日产的车保值率还是非常高的。
    
    






            
                

    操控
        
            
            
        
        5
    
    
    操控起来也都非常的灵活，转向的时候都没有盲区，车子操控起来确实比较轻便，转弯的时候灵敏度也是非常高的。
    
    




            

            




            

    续航
        
            
            
        
        5
    
    
    续航里程和官方相差基本上不是很多，十几二十公里吧，因为新车才行驶的，几百公里，目前没有发现什么续航上的问题。
    
    





            
                

    舒适性
        
            
            
        
        5
    
    
    整车的舒适性也是蛮好的，因为它的方向盘确实也都挺轻的，车子开起来挺舒服的，性能的表现也都比较足，整体的舒适感还是挺好的。
    
    




            
            

    外观
        
            
            
        
        5
    
    
    外观还是挺漂亮的，颜值也都非常高，时尚大气，车子的颜值确实表现的非常好。
    
    
    
    
    


    
    
    
    


    
    
    
    


    





            

    内饰
        
            
            
        
        5
    
    
    整车的内饰也都挺气派的，全新的日产内饰设计比老款真的好看很多软包，材料很足，看起来就比较豪华，比较上档次，运动感非常强的一台车。
    
    
    
    
    


    
    
    
    


    
    
    
    


    





            

    性价比
        
            
            
        
        5
    
    
    整车的性价比非常高，车子在品质上的表现还是挺优秀的，整体的性能包括质量品质各方面都是非常优秀的，对这款车的性价比非常满意，因为日产车相比较保值率都是挺高的，再加上这次日产首台的新能源车型，质量方面肯定比较放心一点。
    
    





            

            
                



            



        "
童话的春天hch,2023-10-02 首次发表,"
            
                
                    10000km
                    
                    行驶里程
                
                
                
                
                
                    12.0kWh
                    春秋电耗
                
                
                
                
                
                
                    755公里
                    春秋续航
                
                
                
                

                
                    540公里
                    冬季续航
                
                
                    25.00万
                    裸车购买价
                
                
                    2022-11
                    购买时间
                
                
                    成都
                    购买地点
                
            
            
    
        
            
        
        
            
        
        
            
        
        
            
        
    
    

    
        $(document).ready(function () {
            var koubeiid = 5173999;

        });

    


            
                最满意
                安全、外观、内饰、续航都很满意。外观大气优雅，一见倾心。内饰简洁大方、舒适实用。续航最高达到了755公里，反向虚标颇为夸张。
            
            
                最不满意
                过减速带或者小坑的时候，左右晃动比较明显。
            

            

    空间
        
            
            
        
        5
    
    
    乘坐空间对我来说绰绰有余，储物空间有所欠缺。中央扶手贯通式设计绝对好评。
    
    






                

    驾驶感受
        
            
            
        
        5
    
    
    提速快，一点就来，行驶丝般顺滑，几乎没有顿挫。
    
    






            

            




            

    续航
        
            
            
        
        5
    
    
    续航很满意，表显续航很准确。春秋季最好可以开出满电700多公里的续航，超出厂家标称的最高续航。一般我都是家充，晚上插上就不管了，到设定时间自己充电自动停止，非常方便。快一年了，面前还没有感受到电池衰减。
    
    
    
    
    


    





            
            

    外观
        
            
            
        
        5
    
    
    最好看的是侧面，非常有范。虽然现在保有量不多，但是回头率很高。
    
    





            

    内饰
        
            
            
        
        5
    
    
    喜欢这种侘寂风格，简洁而不简单，舒适而不张扬。氛围灯恰到好处，不喧宾夺主又有适当的点缀，有情调。内饰用料很良心，摸到的地方都是皮质，比较柔软。空调相当给力，无论是冬天制热还是夏天制冷都快而猛，完全不用担心。座椅是一如既往的日产大沙发，舒适性没得说。需要吐槽的是没有座椅通风很遗憾，另外钢琴漆面虽然好看，但容易有划痕。
    
    





            

    性价比
        
            
            
        
        4
    
    
    因为在我预算之内，没有过多地计较，觉得性价比还可以。
    
    





            
                

    智能化
        
            
            
        
        4
    
    
    App远程控制还可以，主要是用于开启空调很方便。OTA更新没有什么体验。语音交互的准确性还行，每次导航都是用语音超控的。车机功能也还行，能够满足需要，360全景影像非常重要也是我买车的必选前提，在刚开始使用的时候出现过按键反馈不灵敏的情况，现在已经好了，很清晰，反应也很快。HUD也是我非常看重的功能，实用性很强，很喜欢，功能简洁好用。车道保持功能，我在高速路上使用过，能够居中保持，表现优异，并且在打转向灯的情况下，自动变道，很丝滑平顺，好评。辅助驾驶功能很强大，尤其是主动刹车系统很灵敏。曾经有几次遇到鬼探头以及自己走神的情况，差点追尾，自动刹车系统都能及时介入，紧急制动，非常好。
    
    




            

            



        "
小小个一张,2022-11-27 首次发表,"
            
                
                    1532km
                    
                    行驶里程
                
                
                
                
                
                    20.0kWh
                    春秋电耗
                
                
                
                
                
                
                    623公里
                    春秋续航
                
                
                
                

                
                
                    32.78万
                    裸车购买价
                
                
                    2022-10
                    购买时间
                
                
                    阜阳
                    购买地点
                
            
            
    
    

    
        $(document).ready(function () {
            var koubeiid = 4708885;

        });

    


            
                最满意
                这个车也是偶然我看到推送，当时一直就在考虑是买电车还是燃油车，看到艾睿雅之后就确定了想买个电车，实际的驾驶之后也是感觉很不错。
            
            
                最不满意
                这个车因为是全新的车我自己开车的时间并不长，暂时没有什么缺点，不管是车开起来的感觉还是颜值都很满意。
            

            

    空间
        
            
            
        
        5
    
    
    空间反正一家人是完全够用，尽管是紧凑型的SUV但是内部的空间是很宽松的，我们两个孩子加上我们两个大人上车都还坐的挺轻松的。
    
    
    
    
    


    
    
    
    


    






                

    驾驶感受
        
            
            
        
        4
    
    
    这个车是电车静音还是比较静音的，平时开车真的感觉就不一样，我老婆上车就会感觉有点晕车，其实对我来说还好，这个一人一个习惯吧。
    
    






            

            




            

    续航
        
            
            
        
        5
    
    
    至于这个电耗其实每个人用车不一样，反正通过驾驶之后电耗还不错，没有想象中消耗的那么快，不过具体的公里数也没有数。
    
    
    
    
    


    





            
            

    外观
        
            
            
        
        5
    
    
    外观上可以说是非常的好看了，溜背的造型酷酷的前脸不仅仅是好看，酷炫的外观也是赢得了一波好感度，至少看出来日产在这个外观上是下功夫了。
    
    





            

    内饰
        
            
            
        
        5
    
    
    内饰说得过去没有那种很有科技感的设计，坐在车里主要是座椅很舒服，宽大还很柔软坐着完全不需要担心长途驾驶会感觉劳累。
    
    
    
    
    


    





            

    性价比
        
            
            
        
        5
    
    
    以后随着电车越来越普及，不管是去什么地方都会感觉很方便，而且电车花销确实会比较少一些，家用肯定是会更多的考虑一下这个花销的问题
    
    





            
                

    智能化
        
            
            
        
        5
    
    
    配置我是看中了这个车的配置够多我才买的这个，毕竟四驱的车开出去旅游都方便多了，车上还有一些辅助功能360全景影像还有一些别的功能上都很多很方便
    
    




            

            



        "
rfrr成全g02,2022-11-25 首次发表,"
            
                
                    600km
                    
                    行驶里程
                
                
                
                    13.8kWh
                    百公里电耗
                
                
                
                
                
                
                
                
                
                
                

                
                
                    28.48万
                    裸车购买价
                
                
                    2022-09
                    购买时间
                
                
                    三门峡
                    购买地点
                
            
            
    
        
            
        
    
    

    
        $(document).ready(function () {
            var koubeiid = 4705118;

        });

    


            
                最满意
                在我看来这个车子的优点挺多的，各方面都没有什么问题，问题是非常合适的一个车子，不管是颜值还是各方面的，整体的表现都不错。
            
            
                最不满意
                表现的并没有什么特别不好的地方，虽然说有一些小缺点吧，但是我觉得大的方向来说表现的都挺不错的，所以我也会对他产生一个比较满意的感受，因为我的要求本来就不高。
            

            

    空间
        
            
            
        
        5
    
    
    空间上我认为是非常充裕的一个表现，因为实还是表现的比较好的，所以我认为他做的是非常不错的。
    
    






                

    驾驶感受
        
            
            
        
        5
    
    
    效果还是可以的，并没有什么让人不满意的地方了，所以我觉得这一点是非常好接受的，他的表现也让我觉得非常的满意。
    
    






            
                

    操控
        
            
            
        
        5
    
    
    手感非常的简单，所以开起来也是非常快的一辆车子。
    
    




            

            




            

    续航
        
            
            
        
        5
    
    
    电耗的表现还可以吧，我觉得也没有什么特别大的问题。
    
    





            
                

    舒适性
        
            
            
        
        4
    
    
    除了隔音效果都挺舒适的，所以我觉得做的还是挺不错。
    
    




            
            

    外观
        
            
            
        
        5
    
    
    外观颜值确实是我喜欢的类型，所以我是觉得他做的还挺好的，也没有什么特别不满意的地方，就觉得他做的还可以。
    
    
    
    
    


    
    
    
    


    
    
    
    


    





            

    内饰
        
            
            
        
        5
    
    
    内饰什么的都做的也还行，给我的感觉也是比较踏实，放心的，所以我觉得质还是挺不错的。
    
    
    
    
    


    





            

    性价比
        
            
            
        
        5
    
    
    性价比还是可以的，所以我自己也是比较放心的。
    
    





            

            
                



            



        "
烟台车友1836516,2022-11-23 首次发表,"
            
                
                    600km
                    
                    行驶里程
                
                
                
                
                
                
                
                
                
                
                
                
                

                
                
                    25.80万
                    裸车购买价
                
                
                    2022-11
                    购买时间
                
                
                    济南
                    购买地点
                
            
            
    
        
            
        
        
            
        
        
            
        
    
    

    
        $(document).ready(function () {
            var koubeiid = 4701263;

        });

    


            
                最满意
                这款车这台纯电动车型也是日产的首台纯电动车外观很概念很漂亮，其实颜值还是扛把子的。
            
            
                最不满意
                最不满意的是日款车在隔音上的表现就不是特别的好的日产车的一个小缺点。
            

            

    空间
        
            
            
        
        5
    
    
    空间还是比较大的，这款车的使用空间确实比同价位的车型要好一些。
    
    






                

    驾驶感受
        
            
            
        
        5
    
    
    动力很足，在提速的时候还是能感觉到很大的特别的。
    
    






            
                

    操控
        
            
            
        
        5
    
    
    这款车的操控性也特别好，转向的时候也没有盲区，灵敏度确实也比较高。
    
    




            

            




            

    续航
        
            
            
        
        5
    
    
    续航是和官方没有什么差距的，这款车的续航里程还是挺满意的。
    
    





            
                

    舒适性
        
            
            
        
        5
    
    
    舒适性包括车子灵敏度，悬挂各方面都不错，从做起来还是驾驶起来都是很舒服的。
    
    




            
            

    外观
        
            
            
        
        5
    
    
    外观比较时尚，大汽车子的颜值也非常高，做工用料也是蛮好的一款车。
    
    
    
    
    


    
    
    
    


    





            

    内饰
        
            
            
        
        4
    
    
    内饰的缺点，轮胎不行，噪音有点大。
    
    





            

    性价比
        
            
            
        
        5
    
    
    性价比还算是比较高的，因为它的保值率还是可以的，毕竟也是日产的品牌。
    
    





            

            
                



            



        "
毛皮皮毛,2022-11-04 首次发表,"
            
                
                    1403km
                    
                    行驶里程
                
                
                
                
                
                    15.0kWh
                    春秋电耗
                
                
                
                
                
                
                    518公里
                    春秋续航
                
                
                
                

                
                
                    28.48万
                    裸车购买价
                
                
                    2022-10
                    购买时间
                
                
                    保定
                    购买地点
                
            
            
    
    

    
        $(document).ready(function () {
            var koubeiid = 4667819;

        });

    


            
                最满意
                兼顾这舒适性能全面的体验还得是日产艾睿雅，虽然我开车时间不长但性能体验非常的好，特别是开车起步还有生活中不需要加油，这车开起来太舒服了。
            
            
                最不满意
                车隔音有点问题，虽然电动起步没有啥声音，但是关上窗户并不会很静音，车外面的动静还是能够听到。
            

            

    空间
        
            
            
        
        5
    
    
    家用车紧凑型SUV其实就够用，轴距2775不管是燃油车还是新能源里边都不错，后排的距离宽大宽度也不错，家里三个成年人不算是很局促。
    
    
    
    
    


    






                

    驾驶感受
        
            
            
        
        4
    
    
    新能源车都知道起步很有劲，最高车速也能够达到200，动力加速肯定是很有劲，人多了对车也没有啥影响，车的隔音不是很好，别的也没有问题。
    
    
    
    
    


    






            

            




            

    续航
        
            
            
        
        5
    
    
    电动能耗确实不高，并且长续航也是这个车的优点，买车时间不长行驶里程也不高，冲过一次电。工作上下班很方便也没有啥消耗很高的地方。
    
    





            
            

    外观
        
            
            
        
        5
    
    
    外观上还是日产的经典款式，就是车中网跟之前不一样了，车灯很好看包裹着中网看起来很精致，车侧面的凹陷设计白天看着反射也很好看，车顶和车身双色的设计也很精致。
    
    
    
    
    


    





            

    内饰
        
            
            
        
        5
    
    
    
        

        0% buffered00:00播放暂停00:00/00:03倍速2x1.5x1.25x1x0.75x0.5x高清高清全屏切换50%75%100%满屏00:00汽车之家视频播放器  之家首页  复制链接  版本号 : 2.5.32

  
    
      
        
        
          
        
        
          
        
        
      
    
  


    
    

    至于内饰就更好看了，不仅是精致还很豪华，特别是屏幕的设计加上方向盘和空调出风口就很有个性。车的座椅很舒服日产不是白叫的，中间的扶手是最新颖的设计。
    
    





            

    性价比
        
            
            
        
        5
    
    
    性价比新能源里边可能价位不是最合适的，但性能绝对是最佳的，开车上路之后的体验感不一样。
    
    





            
                

    智能化
        
            
            
        
        5
    
    
    配置很高级，当初也是因为这个配置才下手的，价位有点高不过还能够接受，平时花销比燃油车省下来的也不少，安全配置最丰富了。
    
    




            

            



        "
悄一声息,2022-10-31 首次发表,"
            
                
                    2011km
                    
                    行驶里程
                
                
                
                
                
                    18.0kWh
                    春秋电耗
                
                
                
                
                
                
                    523公里
                    春秋续航
                
                
                
                

                
                
                    32.78万
                    裸车购买价
                
                
                    2022-08
                    购买时间
                
                
                    六安
                    购买地点
                
            
            
    
    

    
        $(document).ready(function () {
            var koubeiid = 4661499;

        });

    


            
                最满意
                新能源的车还是生活的主力，日常花销少很多，日产的车性能也是格外的好，纯电动旗舰款的车艾睿雅也是有出色的表现，一如既往的舒适也是我买这个车的主要理由，生活出行也都很方便花销不说是省下很多。省出来的油耗最起码生活水电费基础的花销，动力上还挺跟脚。
            
            
                最不满意
                车买回来到现在用车都很满意，就只有我老婆上车感觉会晕车，别的不管是空间也好颜值也好都很不错，车的动力起步我习惯了也很快速，家用车代步新能源就是不一样经济实惠很好开。
            

            

    空间
        
            
            
        
        5
    
    
    空间倒是也挺舒服的，上车感觉挺新颖的跟之前的那种车不一样，还挺有新意的，腿部的空间也挺舒展的，不管是扶手还是中控都很小巧精致，方向盘也能够调节，后排的空间坐上三个人也可以，基本上短途时间不长都很舒服，后备箱也挺大。能放下我儿子的车还挺轻松的。
    
    
    
    
    


    
    
    
    


    
    
    
    


    






                

    驾驶感受
        
            
            
        
        4
    
    
    艾睿雅这个车动力反应也不错，新车纯电动紧凑型SUV，日常跑起来起步加速很快，百公里加速反应很好，电车反应确实比燃油车跑起来更快，并且还有很多的辅助配置。开车方便多了，红绿灯路口起步那也有推背感，纯电动车要比燃油车快更静音，我老婆从我换车之后上车就会晕车。
    
    
    
    
    


    






            

            




            

    续航
        
            
            
        
        5
    
    
    续航里程也不错，开车要是用来正常上下班基本上没有啥花销，就算是堵车的地方也都很安心，一般一周冲电次数就很有限，花销非常的少，现在一个月省下的钱买东西就够用了，有时候还想开车去跑个副业之类的，也都很经济，虽然有时候电耗到最后还是有点紧张。
    
    





            
            

    外观
        
            
            
        
        5
    
    
    艾睿雅的外形造型还挺耐看的，很有科技感的设计，前脸的黑色设计倒是也挺精美的，车上的大灯也都挺好看的，流线型的外形侧面看着还挺柔和的，细节处的设计也挺好看的，独特的设计风格也很有辨识度，开这个车出去旅行或者是上下班也都很耐看。看着还挺高端的。
    
    





            

    内饰
        
            
            
        
        5
    
    
    内饰简单但很有科技感，空调出风口还有车上的按键也都很精致，方向盘的手感也挺舒服的，双联屏显示也都没有遮挡，中控手感很柔软，上车看到内饰也就基本满意了，看上去还挺有未来科技感的，我才开始看内饰都没有认出是日产的车，精美的设计炒鸡完美，多少有点概念车的设计。
    
    





            

    性价比
        
            
            
        
        5
    
    
    新能源车以后肯定是生活中的主流车型，从设计到配置到动力颜值上都没有啥问题，到现在我虽然开车时间不长但优势还比较明显，开车出去省钱还有比较充足的动力，再就是买这个车也是因为日产的品牌，开起来非常的放心安心，方便还很有动力，驾驶起来绝对是很有劲的。
    
    





            
                

    智能化
        
            
            
        
        5
    
    
    360度全景影像还有抬头显示，价位不高但配置很齐全，而且还都很实用，辅助功能还有全速自适应巡航还有后倒车雷达，这些功能上的配置也都级别很高，安全方面有车道偏离和主动刹车，光是安全性上就非常让人放心，还有手机无线充电和远程遥控，车内配置还有行车记录仪，无钥匙启动之类的，功能齐全还很实用。
    
    




            

            



        "
开开心心哦,2022-10-30 首次发表,"
            
                
                    623km
                    
                    行驶里程
                
                
                
                
                
                    17.0kWh
                    春秋电耗
                
                
                
                
                
                
                    623公里
                    春秋续航
                
                
                
                

                
                
                    34.28万
                    裸车购买价
                
                
                    2022-10
                    购买时间
                
                
                    临沂
                    购买地点
                
            
            
    
    

    
        $(document).ready(function () {
            var koubeiid = 4659745;

        });

    


            
                最满意
                新上市的车型去店里看过之后就订车了，我是觉得电车花销各方面的确实更合适一些，而且开起来的动感也是非常不错的，艾睿雅这个车外观也非常吸引人。
            
            
                最不满意
                暂时对车没有什么不满意的地方，毕竟也是刚刚看到车，一些功能配置上体验还都不算完善，新车以为感觉还是挺浓郁的。
            

            

    空间
        
            
            
        
        5
    
    
    空间不错紧凑型suv我们一家三口坐在车里反正不挤，后排的空间比较宽松，作为车主来说也是非常的满意。
    
    






                

    驾驶感受
        
            
            
        
        5
    
    
    驾驶上第一次开这种电车，确实不怎么适应一点动静都没有，像是起步的动力还有超车要比我想象的要更快速一些，这个方面确实挺不错的，车稳定性也可以用车非常的方便。
    
    
    
    
    


    






            

            




            

    续航
        
            
            
        
        5
    
    
    长续航版本我看公里数能够达到623这个续航里程还是可以的，现在跑的公里数不多看起来还不错，以后要是有什么问题在来分享吧。
    
    





            
            

    外观
        
            
            
        
        5
    
    
    外观超酷我本来对电车没有什么好感但是经过艾睿雅之后就不一样了，看上去颜值好好看，我和我老婆去了就相中了，造型是那种流线型的非常的舒服。
    
    
    
    
    


    
    
    
    


    





            

    内饰
        
            
            
        
        4
    
    
    内饰也不错手感比较好，像是屏幕还有一些小细节上的设计都说得过去，反正座椅是很舒服我是很满意，新车在展厅里边味道还是挺浓的。
    
    
    
    
    


    
    
    
    


    





            

    性价比
        
            
            
        
        5
    
    
    这个车买了虽然前期花销稍微大点，但是后期也是够节省了，像是正常行驶花销非常的少，当时也是因为这个才选择的这个车。
    
    





            
                

    智能化
        
            
            
        
        5
    
    
    配置安全方面比较多，像是DOW开门预警还有一些别的辅助功能倒车影像之类的，还有就是是手机无线充电这个非常的方面，配置上的选择也还可以挺丰富的。
    
    




            

            



        "
南山悠悠然,2022-10-30 首次发表,"
            
                
                    956km
                    
                    行驶里程
                
                
                
                
                
                    18.0kWh
                    春秋电耗
                
                
                
                
                
                
                    623公里
                    春秋续航
                
                
                
                

                
                
                    27.28万
                    裸车购买价
                
                
                    2022-09
                    购买时间
                
                
                    合肥
                    购买地点
                
            
            
    
    

    
        $(document).ready(function () {
            var koubeiid = 4659248;

        });

    


            
                最满意
                这个车算是新车上市之后我就去看了，当时就决定要订车，一个是舒适度不错在一个是外观上我很喜欢，车辆因为是纯电动的所以我对这个续航要求也比价高。
            
            
                最不满意
                新车除了内饰有点皮质的味道以外还都不错，动力还有续航上现在也没有多余的体验，希望以后用车体验也会很好。
            

            

    空间
        
            
            
        
        5
    
    
    空间说得过去自己家用还是挺宽松的，后排坐上三四个成年人还是问题不大，后备箱也挺大的，前排的空间自己坐着也轻轻松松
    
    
    
    
    


    
    
    
    


    






                

    驾驶感受
        
            
            
        
        4
    
    
    纯电动的驾驶过的应该都知道像是车辆开起来之后轻便很多，而且不会有什么笨重的感觉也没有噪音，这个是我选择电动车的原因了。
    
    
    
    
    


    






            

            




            

    续航
        
            
            
        
        5
    
    
    电车其实电耗还是跟人数和开不开空调有关系的，现在暂时看起来还保持的不错。
    
    





            
            

    外观
        
            
            
        
        5
    
    
    外观看到这个车应该都会感觉是个相对精致的suv，当时看到前脸上的分层话的设计就非常的喜欢，包括车的后尾灯也看上去很亮眼
    
    





            

    内饰
        
            
            
        
        4
    
    
    内饰上车之后看到屏幕颜值还是挺高的，车的方向盘手感很不错，座椅也挺舒服不愧是大沙发出厂的车型，非常的舒服细节处理的也不错，车内多少的有点皮质的味道。
    
    





            

    性价比
        
            
            
        
        5
    
    
    纯电车以后发展肯定是越来越快速，现在开电车花销真的太少了这方面就很吸引我了，毕竟钱现在这么难挣，这个车有自己的优势总得来说确实不错。
    
    





            
                

    智能化
        
            
            
        
        5
    
    
    配置不算是很高级但是车辆硬件配置值得看一看，车上还有一些辅助功能一般来说用处也都比较大，平时开车停车也都方便很多，至少从我自己用车的角度来说是很完美的一个配置了
    
    




            

            



        "
syx789,2022-10-28 首次发表,"
            
                
                    551km
                    
                    行驶里程
                
                
                
                
                
                    19.0kWh
                    春秋电耗
                
                
                
                
                
                
                    623公里
                    春秋续航
                
                
                
                

                
                
                    28.48万
                    裸车购买价
                
                
                    2022-10
                    购买时间
                
                
                    保定
                    购买地点
                
            
            
    
    

    
        $(document).ready(function () {
            var koubeiid = 4656914;

        });

    


            
                最满意
                新车上市关注这个车的还是挺多的，像是排试驾都排了很久，开这个车就感觉质感挺顺手了，电车起步真的是不一样的感受，这个丝滑的感觉确实很不错。
            
            
                最不满意
                其实买电车我还是做了不少的工作，我老婆挺反对的认为以后出去上别的城市会不方便，希望以后越来越多的地方会普及这个充电的设计，我也就不用再听我老婆叨叨了。
            

            

    空间
        
            
            
        
        4
    
    
    空间还是不错的，前排后排我自己都去坐过，后排的距离前面至少还有两拳左右，前排坐着视野不错，就是挡光板有点磕脑袋身体不动头往前的时候会磕。
    
    






                

    驾驶感受
        
            
            
        
        5
    
    
    动力体验可以说是相当丝滑了，开车上路基本上听不到什么声音，并且开起来提速非常快，可以自己去试驾一下，开习惯了这个车就不想换车了。
    
    
    
    
    


    






            

            




            

    续航
        
            
            
        
        5
    
    
    能耗其实不高听我朋友说他的电车夏天开空调可能会比较高一些，不过相对来说还是可以的，现在开车时间不长没有什么数不过感觉还是挺不错的。
    
    
    
    
    


    





            
            

    外观
        
            
            
        
        5
    
    
    
        

        0% buffered00:00播放暂停00:00/00:04倍速2x1.5x1.25x1x0.75x0.5x高清高清全屏切换50%75%100%满屏00:00汽车之家视频播放器  之家首页  复制链接  版本号 : 2.5.32

  
    
      
        
        
          
        
        
          
        
        
      
    
  


    
    

    外观车前脸的那种黑色的凸起感觉好酷炫啊，有种机甲战士的感觉车外形设计是很大的亮点，溜背的造型也是很好看，这个车完全长在了我的审美上。
    
    
    
    
    


    





            

    内饰
        
            
            
        
        5
    
    
    内饰主要是质感很不错，手摸上去之后一般的皮质都是很柔软的，屏幕这次虽然不是很大但是分辨率不错，车内的座椅不管是前后排都很柔软。
    
    





            

    性价比
        
            
            
        
        5
    
    
    性价比价位稍微高一些，但是续航希望能够保持的好一些，现在就期盼着什么时候能够上高速以后跑一跑试一试，非常的期待了。
    
    
    
    
    


    
    
    
    


    





            
                

    智能化
        
            
            
        
        5
    
    
    配置这个版本是顶配的版本，车上还有360度全景影像包括抬头显示系统，车内的一些配置可以看出来是性价比很高的车型了。
    
    
    
    
    


    
    
    
    


    




            

            



        "
小五子叔叔,2022-10-28 首次发表,"
            
                
                    72km
                    
                    行驶里程
                
                
                
                
                
                    19.0kWh
                    春秋电耗
                
                
                
                
                
                
                    623公里
                    春秋续航
                
                
                
                

                
                
                    32.78万
                    裸车购买价
                
                
                    2022-10
                    购买时间
                
                
                    唐山
                    购买地点
                
            
            
    
    

    
        $(document).ready(function () {
            var koubeiid = 4656215;

        });

    


            
                最满意
                选择电车肯定是因为能够花销比较少，而且电车肯定是主流了，艾睿雅这个车外形非常好看，车内的舒适度也不错，去看车到现在一直是念念不忘。
            
            
                最不满意
                车的空间上因为外观的原因稍微有些压缩，男士坐进去稍微有些矮，别的都还是非常不错的，至少用车方面很舒服，动力也跟的上。
            

            

    空间
        
            
            
        
        4
    
    
    空间外形的造型有一部分影像，反正是上车还是有一定局限性的，我178坐进去反正还可以，后排倒是更宽松一些，整个车的感觉还不错反正家用是可以的。
    
    






                

    驾驶感受
        
            
            
        
        5
    
    
    动力电车都知道是很轻盈的，开车的感觉非常舒服又很平滑，一点噪音都没有跟原来车相比太完美了，车开在路上还是无可挑剔的。
    
    






            

            




            

    续航
        
            
            
        
        5
    
    
    这个暂时坐不了什么分享，刚看到车也是不久，开车公里数也不长像是平时用车来说也还不错，主要是续航现在还拿不准。
    
    





            
            

    外观
        
            
            
        
        5
    
    
    外观看起来还是挺有科技感的，大平背的造型看起来也很有力量的感觉，车头的设计很另类包括大灯搭配也挺特殊的，这个颜值上是我很满意的地方。
    
    
    
    
    


    
    
    
    


    





            

    内饰
        
            
            
        
        5
    
    
    内饰座椅很舒服方向盘手感也不错，很柔软大小也刚好合适，车上的屏幕显示也很清晰，车上的一些显示包括按键的位置还有挺有设计感的。
    
    
    
    
    


    





            

    性价比
        
            
            
        
        5
    
    
    买这个车我是一直很满意的不管是从花销还是四驱版本的高性能来说都很满意，就算是以后要出去玩也会很方便。
    
    





            
                

    智能化
        
            
            
        
        4
    
    
    车上的电动四驱至少是让人感觉很放心的，车还有360度全景影像以及后部倒车雷达，还有抬头数字显示，配置可以说是相当丰富了匹配这个价位是完全可以，就是车的屏幕稍微小点。
    
    




            

            



        "
邢台车友8515115,2022-10-19 首次发表,"
            
                
                    124km
                    
                    行驶里程
                
                
                
                
                
                    18.0kWh
                    春秋电耗
                
                
                
                
                
                
                    623公里
                    春秋续航
                
                
                
                

                
                
                    27.28万
                    裸车购买价
                
                
                    2022-10
                    购买时间
                
                
                    衡水
                    购买地点
                
            
            
    
    

    
        $(document).ready(function () {
            var koubeiid = 4639153;

        });

    


            
                最满意
                我觉得电车肯定还是未来的趋势，相对来说选择一个可以信赖的车也是显得尤为重要，像是平时用车方面还是很方便的，生活上也不会有什么很大的花销。
            
            
                最不满意
                车开到现在来说一直是非常舒服的，就是这个充电来说相对没有那么普及，我家里有个充电的地方，但是外面找就比较麻烦了，正常城市里边用还是挺方便的
            

            

    空间
        
            
            
        
        5
    
    
    车其实属于是个紧凑型suv，车身的尺寸还是比较大的，并且日产的车型来说完全可以放心，舒适度很好，我这个身高180反正坐进去挺舒服的。
    
    
    
    
    


    
    
    
    


    
    
    
    


    






                

    驾驶感受
        
            
            
        
        5
    
    
    电动起步还是感受不错的，主要是起步的时候很轻巧便利，开电车是一点声音都没有，这个动力感觉就非常的舒服了，这个动力起步比燃油车要舒服很多。
    
    






            

            




            

    续航
        
            
            
        
        5
    
    
    这个就根本不需要担心基本上费用很低，平时用车像是正常市内的行驶充满电完全够用，上下班包括下班去跑了外块都很合适，跑的公里数其实也不错。
    
    





            
            

    外观
        
            
            
        
        5
    
    
    外观其实这个车看起来挺有科技感的，我第一次看到这个就有种眼前一亮的感觉，车灯也是非常好看，视觉效果非常不错。
    
    
    
    
    


    





            

    内饰
        
            
            
        
        4
    
    
    内饰很好看细节上很有看点，基本上跟之前日产的一些家族化的设计完全不搭边，看上去颜值很高，就是新车有点味道除此以外都挺好的。
    
    





            

    性价比
        
            
            
        
        4
    
    
    
        

        0% buffered00:00播放暂停00:00/00:04倍速2x1.5x1.25x1x0.75x0.5x高清高清全屏切换50%75%100%满屏00:00汽车之家视频播放器  之家首页  复制链接  版本号 : 2.5.32

  
    
      
        
        
          
        
        
          
        
        
      
    
  


    
    

    从我自己的开车角度来说是很不错主要是日常花销比较少，再就是这个车家用也好还是自己用也好空间都比较大，这个充电问题以后应该都会解决。
    
    





            
                

    智能化
        
            
            
        
        5
    
    
    车上有倒车影像、后部倒车雷达还有L2级别的驾驶辅助功能，配置上也做到了尽善尽美非常的齐全。
    
    




            

            



        "
驻马店车友4308432,2022-10-10 首次发表,"
            
                
                    350km
                    
                    行驶里程
                
                
                
                
                
                
                
                
                
                
                
                
                

                
                
                    28.50万
                    裸车购买价
                
                
                    2022-10
                    购买时间
                
                
                    郑州
                    购买地点
                
            
            
    
        
            
        
        
            
        
    
    

    
        $(document).ready(function () {
            var koubeiid = 4622088;

        });

    


            
                最满意
                日产这款刚上市的新车型是一台纯电动的车，这是我们整个市里面我是第1台，车主感觉还是挺好的，因为4S店送了很多次的保养还送了全车膜，这是我比较满意的这款车真的让我感觉很有面子。
            
            
                最不满意
                最不满意的目前就是车内的异味就是有点大了，稍微有点刺鼻不是很好闻，新车内饰可能需要散放一段时间。
            

            

    空间
        
            
            
        
        5
    
    
    空间挺大的，毕竟是一台SUV车型，所以空间的表现非常的好。
    
    






                

    驾驶感受
        
            
            
        
        5
    
    
    动力十足，提速很快，开起来很给力，这款车的动力感还是很足的。
    
    






            
                

    操控
        
            
            
        
        5
    
    
    操控性也很好，转向的灵敏度比较高，开起来动力感很强，方向盘比较轻。
    
    




            

            




            

    续航
        
            
            
        
        5
    
    
    续航里程真的是和官方没有什么差距，这款车的续航还是挺满意的。
    
    





            
                

    舒适性
        
            
            
        
        4
    
    
    舒适性偏差了一点，因为车内有一股比较难闻的味道，因为现在还是新车的原因。
    
    




            
            

    外观
        
            
            
        
        5
    
    
    外观比较时尚大气，颜值特别高的一台车。
    
    





            

    内饰
        
            
            
        
        5
    
    
    内饰的做工也挺好看的，内饰设计的比较豪华，也都比较上档次一点。
    
    
    
    
    


    
    
    
    


    





            

    性价比
        
            
            
        
        5
    
    
    性价比高，品质好，性能好。
    
    





            

            
                



            



        "
信阳车友7004194,2022-10-10 首次发表,"
            
                
                    500km
                    
                    行驶里程
                
                
                
                    19.5kWh
                    百公里电耗
                
                
                
                
                
                
                
                
                
                
                

                
                
                    28.48万
                    裸车购买价
                
                
                    2022-09
                    购买时间
                
                
                    信阳
                    购买地点
                
            
            
    
        
            
        
        
            
        
        
            
        
        
            
        
        
            
        
    
    

    
        $(document).ready(function () {
            var koubeiid = 4621680;

        });

    


            
                最满意
                我觉得这个车子的颜值挺高的，然后用起来感觉各方面也是比较好的，所以我觉得整体做的都挺好。
            
            
                最不满意
                会有一些让人不满意的地方，但是一些小细节上做的也都还可以，所以我认为他还是比较不错的。
            

            

    空间
        
            
            
        
        5
    
    
    空间上我认为是非常宽敞的一个表现，因为他给人的感觉确实还是比较不错的，所以我觉得他做的还是挺好的，非常的好用，充足。
    
    
    
    
    


    
    
    
    


    
    
    
    


    






                

    驾驶感受
        
            
            
        
        5
    
    
    效果还是很好的，所以我也不觉得他有什么问题，就整体给人的感觉也都还行，用起来也挺放心，挺满意的一个地方的，所以我自己也还是比较满意的，觉得他的表现也很不错。
    
    






            
                

    操控
        
            
            
        
        5
    
    
    手感挺轻松灵活的，所以还是比较好开的一个车子。
    
    




            

            




            

    续航
        
            
            
        
        5
    
    
    电耗的数值还算是可以的，他的表现给我的感受也都还行，所以我认为他做的还可以吧，虽然说不完美吧，但是基本上还是比较不错的。
    
    





            
                

    舒适性
        
            
            
        
        4
    
    
    本身是比较舒适的，所以我认为他做的还是挺不错的，各方面都还是挺舒适的一个车子的，除了隔音效果不太好，我对他也是比较满意的，就觉得他做的还算是合适，没有问题。
    
    




            
            

    外观
        
            
            
        
        5
    
    
    外观的颜值还是挺好的，我觉得还是比较有设计感的，所以我挺喜欢他的设计风格。
    
    
    
    
    


    
    
    
    


    





            

    内饰
        
            
            
        
        5
    
    
    内设的布局还是比较简单大方的，然后用起来的话，感受也还可以吧，没有什么太大的问题，所以还是比较满意的。
    
    





            

    性价比
        
            
            
        
        5
    
    
    性价比还是挺合适的，我认为用起来也没有什么问题，反正各方面也挺舒适，满意的吧，就觉得还可以。
    
    





            

            
                



            



        "
明天88汽车之家,2022-11-26 首次发表,"
            
                
                    550km
                    
                    行驶里程
                
                
                
                
                
                    13.0kWh
                    春秋电耗
                
                
                
                
                
                
                    550公里
                    春秋续航
                
                
                
                

                
                    550公里
                    冬季续航
                
                
                    25.28万
                    裸车购买价
                
                
                    2022-10
                    购买时间
                
                
                    惠州
                    购买地点
                
            
            
    
        
            
        
    
    

    
        $(document).ready(function () {
            var koubeiid = 4707623;

        });

    


            
                最满意
                概要：\n1-购买时间：2022年10月15日了解到日产的电动车艾睿雅；22日在app下定，11月11日左右提车；\n2-购买地点：坐标广东惠州；\n3-参与人物：惠州某马4s店（这样子写可以吧）、武汉厂家\n4-购买方式：厂家直销（体验很不错，直接app付钱，很方便，省去了砍价环节，对大家都好）；\n5-购车价格：已上传发票；全国都一样，25.28 0.45 0.1\n6-开了多久：2周。\n7-打分：95分。（家里领导非常满意，领导以前开408，现在换成日产，虽然品牌没升级，可以领导说了要实用）\n8-优点：很多，说几点我看中的，（1）从油车转到电车，很不错，不晕车；（2）三电 整车终身质保；（3）纯电平台；（4）90度电池，cltc里程打9折吧；（5）日产老品牌，不会那么容易暴雷。\n10-买车比较：基本市面上18-30w的电动车（宝马ix1，奔驰eqa，领克，领跑，小鹏，比亚迪，极客，极狐，本田en，ep，除了丰田的bz4x），我都比较了，说实话电动车开起来感觉都差不多，都不缺动力，买这款，就是因为两个字，靠谱，三电 整车终身质保，随便开。\n备注：我一直想买bba的纯电，尤其是奔驰的eqa，最后还是因为质保问题，排除了。\n11-为什么买黑色：因为黑色不用加钱；\n12-上牌多少钱：1k\n13-4s服务态度怎么样：严经理很不错。但是贴膜环节，会有推荐各种贴膜（你们懂的）\n14-个人感受：现在是买电车的时代，电车开起来的感觉是燃油车比不了的，想买就买了，戴口罩3年了，让大家都越来越珍惜自己的人生，我是买给我家领导的，旧车卖了3.5（标致408），自己补了一些；至于那些所谓的购车保值论，我完全不赞同，买车是用来开的，不是用来保值的，人生报不保值，自己知道。\n15-论坛消息：我是12年加入汽车之家的，在汽车之家上参加车商城“一口价”买的408，当年汽车之家就有直销模式了，购车体验很好，省去了砍价环节，很舒服，也希望汽车之家越办越好。
            
            
                最不满意
                缺点：（1）座椅加热鸡肋，在广东地区没什么用，而且前后排都有，哈哈；（2）转向灯的提示音比较小，家里领导经常忘记复归；（3）中央扶手储物空间太小；
            

            

    空间
        
            
            
        
        5
    
    
    驾驶空间完全够用，老司机以前是艾力绅，现在开这部车也不觉得很小。
    
    






                

    驾驶感受
        
            
            
        
        5
    
    
    电动车的马力绝对够用，大家放心。没什么问题的。
    
    






            

            




            

    续航
        
            
            
        
        5
    
    
    50度的大电池在那里摆着。续航也不成问题。
    
    





            
            

    外观
        
            
            
        
        5
    
    
    外观是日产的家族化造型挺好看的，老婆老婆很喜欢。
    
    





            

    内饰
        
            
            
        
        5
    
    
    那是中国争取有日本的叉记风格。仿黑胡桃木的内饰很好看。
    
    





            

    性价比
        
            
            
        
        5
    
    
    性价比说实话不高，这个价格在大众，丰田，本田一系列合资车里。价格算比较高的。
    
    





            
                

    智能化
        
            
            
        
        5
    
    
    智能化的话也挺好。不过跟新势力不能比。我到挺喜欢现在的样子的。
    
    




            

            



        "
Queen5296,2022-11-15 首次发表,"
            
                
                    100km
                    
                    行驶里程
                
                
                
                
                
                    14.4kWh
                    春秋电耗
                
                
                
                
                
                
                    623公里
                    春秋续航
                
                
                
                

                
                
                    28.40万
                    裸车购买价
                
                
                    2022-11
                    购买时间
                
                
                    广州
                    购买地点
                
            
            
    
    

    
        $(document).ready(function () {
            var koubeiid = 4686178;

        });

    


            
                最满意
                买车前也考虑过新势力的几个品牌，也跟朋友们了解过新势力的实际续航，但大家都会反映有虚标的现象。最终选择日产，也是考虑到日产毕竟已经有75年的纯电汽车研发、量产历史，虽然近几年在国内比较低调，但技术传承是很优秀的，汽车这个东西不是说做就做，想做就能做好的，它必须要有技术的沉淀和积累，并反复实验、改进，
所以从品质感上来讲，我还是信任日产的。
            
            
                最不满意
                目前还没有不满意的地方，如果非要说，那就是开到大街上，回头率太高了，搞得不好意思了
            

            

    空间
        
            
            
        
        5
    
    
    空间超大，Ariya的移动中控台的设计，它可以电动无级调节中控台的位置，这个设计是我见过的所有车型里面最独特的，增加了驾驶排空间。另外这也体现了日产的人文科技关怀，遇到较窄车位时，我老公187的大高个儿可以轻松自如的从副驾驶下车，太赞了
    
    
    
    
    


    
        后备厢容积
        还有后备箱，两边还有小方格，可以放一些雨具等，掀开上面一层垫子，下面还有空间，赞啊
        
        
    






                

    驾驶感受
        
            
            
        
        5
    
    
    都说电动车坐起来爱晕车，不是我吹啊，Ariya就没有这感觉，开起来相当丝滑平顺，没有所谓的电车的“通病”--顿措感，踩急刹，也不会有很大冲击感。闺女坐上车时，我没跟她说这是电动车，然后问她，跟以前的车比坐着有啥区别不，闺女说很舒服，一个没有电动车概念的孩子，都没有感觉到与燃油车的区别。我自己的驾乘体验感受也很好，跟燃油车感觉一样，怪不得日产一直说“技术日产”呢，看来真有两下子。
    
    






            

            




            

    续航
        
            
            
        
        5
    
    
    提车后还没有机会出去耍，目前只是每天上下班高峰期市区路况开开，昨晚下班开到12.1，今天上班时的能耗，跑到了11.4度/百公里，按这个来推算的话，充满电能跑790公里，我买的是长续航版本，官方标的续航里程是623公里，实际跑下来，日产不仅没有虚标，反倒还有惊喜呢
    
    





            
            

    外观
        
            
            
        
        5
    
    
    整体圆润，集东方美学与科技感为一体，外观颇具概念感。
    
    





            

    内饰
        
            
            
        
        5
    
    
    内饰简洁，没有明显按钮，全都隐藏在木纹板下面了，满满的高级感
    
    





            

    性价比
        
            
            
        
        5
    
    
    综合各项补贴及权益全部算下来，性价比超高，毕竟这是长续航顶配啊，配置真是老高了
    
    





            
                

    智能化
        
            
            
        
        5
    
    
    车配有face id与座椅自动调节功能，还有语音唤醒
    
    




            

            



        "
嘟嘟爱儿,2022-11-14 首次发表,"
            
                
                    100km
                    
                    行驶里程
                
                
                
                
                
                    15.0kWh
                    春秋电耗
                
                
                
                
                
                
                    500公里
                    春秋续航
                
                
                
                

                
                
                    25.40万
                    裸车购买价
                
                
                    2022-11
                    购买时间
                
                
                    武汉
                    购买地点
                
            
            
    
    

    
        $(document).ready(function () {
            var koubeiid = 4683577;

        });

    


            
                最满意
                整体提车感受比较好，更多功能后期使用再发现
            
            
                最不满意
                因为是新车，我们城市日产4S店还没有上展车
            

            

    空间
        
            
            
        
        5
    
    
    空间满意，虽然是紧凑级别SUV，但依然令人满意
    
    






                

    驾驶感受
        
            
            
        
        5
    
    
    加速很像油车，没有像一般电动车驾驶的激烈感觉
    
    






            

            




            

    续航
        
            
            
        
        5
    
    
    电池容量是很大的，续航也非常满意，用的还是三元锂电池
    
    





            
            

    外观
        
            
            
        
        5
    
    
    外观是我最满意的地方，比特斯拉都要好看很多，非常有科技感
    
    





            

    内饰
        
            
            
        
        5
    
    
    内饰用料满意，大量的运用真皮，和传统元素
    
    





            

    性价比
        
            
            
        
        5
    
    
    我认为艾睿雅是符合这个价位的，综合性价比很高
    
    





            
                

    智能化
        
            
            
        
        5
    
    
    虽然是传统油车企业，但是智能化做的非常好，还可以更新升级
    
    




            

            



        "
