字段1_文本,字段2,字段3
邯郸车友2177016,2024-01-21 首次发表,"
            
                
                    5790km
                    
                    行驶里程
                
                
                    10.2L
                    百公里油耗
                
                
                
                
                
                
                
                
                
                
                
                

                
                
                    19.36万
                    裸车购买价
                
                
                    2023-10
                    购买时间
                
                
                    石家庄
                    购买地点
                
            
            
    
    

    
        $(document).ready(function () {
            var koubeiid = 5282227;

        });

    


            
                最满意
                最满意的是瑞虎9的外观和内饰，整体设计大气稳重，车身线条流畅。内饰用料考究、做工精细且富有质感，给人一种奢华的感觉。中控台布局合理，各种功能按钮布置得井然有序，易于操作。座椅舒适性较高，能够提供良好的支撑力和包裹感，乘坐体验我觉得还是不错的。
            
            
                最不满意
                最不满意的一点是这个车机，开机慢，有的时候有点卡顿，在4s店升级过一次系统后已经可以正常使用，不过目前还没有遇到死机的情况。
            

            

    空间
        
            
            
        
        5
    
    
    空间非常大，我身高178体重160斤前排调整好我的驾驶位后排腿部还有两拳多的距离，而且座椅还可以前后调节可以很好的满足乘坐的需求。储物格也很多放一些日常用品非常的方便。后备箱空间也是非常大的，平常把第三排放倒完全可以放一些比较大的东西。
    
    






                

    驾驶感受
        
            
            
        
        5
    
    
    驾驶感受非常棒，底盘质感很稳。提速也很给力，超车的时候动力随叫随到。油门响应很快轻轻一点速度就上来了。方向盘的操控性也很好转向精准。而且底盘也比较稳，跑高速的时候没有发飘的感觉。
    
    






            

            




            

    油耗
        
            
            
        
        5
    
    
    油耗的话，因为刚提车不久，目前是10.2左右。感觉还可以接受吧！毕竟这么大的车身在这摆着呢，可能过了磨合期还会再降下去一些。
    
    





            
            

    外观
        
            
            
        
        5
    
    
    瑞虎9的外观设计时尚而大气，线条流畅且富有力量感，是我比较喜欢的设计风格。前脸采用了家族式设计语言和LED大灯组，整体造型非常犀利动感，给人一种强烈的视觉冲击力。车身侧面则采用溜背式的设计风格，凸显了车辆的运动气息。车尾部分同样饱满圆润，与整个外观相得益彰，一眼就能认出这是一款豪华SUV。
    
    
    
    
    


    
    
    
    


    
    
    
    


    





            

    内饰
        
            
            
        
        5
    
    
    内饰方面整体的设计比较简洁，但是做工和用料都比较讲究。中控台采用了大面积的软质材料包裹，触感柔软舒适，操作简单便捷。仪表盘设计也非常直观明了，各种功能按钮布置得井然有序，易于使用。座椅舒适度也很高，提供了良好的支撑力，乘坐起来非常舒服。
    
    
    
    
    


    
    
    
    


    
    
    
    


    





            

    性价比
        
            
            
        
        5
    
    
    在性价比方面，瑞虎9表现出色。虽然价格相对较高一些，但是考虑到其丰富的配置和出色的性能表现以及豪华的内饰设计，我认为它的售价也还是比较合理。无论是从外观、动力还是驾乘感受来说，这款车都能给到我一个满意的体验。
    
    
    
    
    


    
    
    
    


    
    
    
    


    





            
                

    配置
        
            
            
        
        4
    
    
    奇瑞的智能语音系统，我比较中意的是它的远程控制功能，冬天天气比较冷，可以提前打开空调，上车的时候就比较暖和。另外就是360全景影像和前后驻车雷达也挺好用的，对于新手来说帮助很大。但是车机有的时候会有嗲卡顿，不过升级了一次之后这种情况就好了很多。
    
    




            

            



        "
之家车友2819270,2024-01-17 首次发表,"
            
                
                    10896km
                    
                    行驶里程
                
                
                    9.5L
                    百公里油耗
                
                
                
                
                
                
                
                
                
                
                
                

                
                
                    16.50万
                    裸车购买价
                
                
                    2023-08
                    购买时间
                
                
                    成都
                    购买地点
                
            
            
    
        
            
        
    
    

    
        $(document).ready(function () {
            var koubeiid = 5278480;

        });

    


            
                最满意
                奇瑞这个品牌对我来说还多熟悉的，我姐开的车就是奇瑞，那时候我还没有车，经常都开她那辆车出去办事，开起来的顺畅度挺好的，所以我买车的时候首先选择了奇瑞。在一系列的国产自主品牌里面， 瑞虎9的配置是令我实在满意的，谁不喜欢这种高配置，价格又合适的产品呢，功能性又实用又多。高性价比肯定是我的首选，比较经济能力有限，这个车满足了我基本的择优条件。 附加的外形和空间也算是都是不错的，可以说这辆车是各方面都比较优秀，没有太大短板的。
            
            
                最不满意
                槽点基本表现在硬件方面，比如座椅偏硬，舒适度不高之外，座椅还偏短，对腿部的支撑不算好，开久了会感觉腿部累。在隔音效果上面也算不上好，一上高速能够明显的听到胎噪。
            

            

    空间
        
            
            
        
        4
    
    
    中型的SUV空间感是真的大不一样，我这个178cm身高的大老爷们坐到驾驶座都还要把座椅升高一点，可见1699mm的车身高度给乘坐带来的高透气感有多好。2820mm的轴距也提供了前后排优越的乘坐空间，后排座位还是纯平的地台，腿部空间大，就是座椅偏硬。后备箱开口大，这点很方便，存储能力也是很棒的。
    
    
    
    
    


    






                

    驾驶感受
        
            
            
        
        4
    
    
    2.0T都发动机带来的提速感果然是不同凡响的，基本上就是油门一踩速度便跟上来， 提速超车是非常稳定都，不飘不顿挫感。低速行驶偶尔有顿挫感，但是不严重，出现的频率也不高。悬架的软硬程度我个人感受是适中的。
    
    
    
    
    


    






            

            




            

    油耗
        
            
            
        
        4
    
    
    油耗这东西看开车习惯，我技术不好，费点油也是在所难免，到现在平均油耗在9.5左右。
    
    





            
            

    外观
        
            
            
        
        5
    
    
    年轻化，是我第一眼看到这台车的感慨，特别适合出社会不久又追求外观的年轻人们。 我这个灰蓝色更是走在了时尚尖端一样的色系，近看还有些珠光粉样。车头比较吸引眼球，大面积的瀑布般的进气格栅，尤其大气，车灯还和格栅相连接了，再过渡到门上方的腰线，可谓是一气呵成。 车轮的轮毂有点密集，感觉做简洁点更好看吧。
    
    
    
    
    


    
    
    
    


    





            

    内饰
        
            
            
        
        5
    
    
    内饰还是高档的，中控台有做出差异化，分上下两段，不同高度还做了不同材质的区分。中控屏也是和仪表盘连在一起的，屏幕大，显示效果好，操作方便。中央扶手的地方也是跟上了潮流，貌似现在很多品牌都是这个调性，布局也都差不多，挺合理，储物和实用性都佳。
    
    
    
    
    


    
    
    
    


    





            

    性价比
        
            
            
        
        5
    
    
    性价比我觉得挺高的，就算是摆在高竞争力的国产品牌里面，这个配置搭这个价格也是很能打的。
    
    





            
                

    配置
        
            
            
        
        5
    
    
    配置高毋庸置疑，屏幕好，仪表也是液晶屏，显示分区符合大多数人开车习惯， 还有好用的360全景影像。
    
    




            

            



        "
南通车友8644722,2024-01-08 首次发表,"
            
                
                    4200km
                    
                    行驶里程
                
                
                    9.0L
                    百公里油耗
                
                
                
                
                
                
                
                
                
                
                
                

                
                
                    17.79万
                    裸车购买价
                
                
                    2023-10
                    购买时间
                
                
                    镇江
                    购买地点
                
            
            
    
    

    
        $(document).ready(function () {
            var koubeiid = 5270376;

        });

    


            
                最满意
                瑞虎9的外观设计深得我心，大气而不失时尚，每次停在路边都能吸引不少目光。还有就是它的配置了，尊贵版的配置相当丰富，基本上我想要的功能它都有，性价比非常高。
            
            
                最不满意
                内饰的用料虽然做工不错，但塑料感还是有点强，如果能用更多软质材料就更好了。
            

            

    空间
        
            
            
        
        5
    
    
    前排空间很宽敞，我身高180cm，调整好座椅后头部和腿部都有充足的空间。后排空间同样不小，坐三个成年人也不会觉得拥挤。后备箱储物空间也很大，平时放些杂物或者出门旅行放行李都没问题。
    
    
    
    
    


    
    
    
    


    
    
    
    


    






                

    驾驶感受
        
            
            
        
        5
    
    
    起步和加速都很平顺，没有明显的顿挫感。方向盘的轻重适中，指向性也不错，开起来很顺手。刹车灵敏性也很好，轻点刹车就能有明显的减速效果。在满载或者开空调的情况下，动力输出也没有明显减弱。弯路和并线时，车身的稳定性也很好，没有明显的侧倾感。
    
    






            

            




            

    油耗
        
            
            
        
        5
    
    
    在城市道路上，综合油耗大概在10L/100km左右，对于一款中型SUV来说这个表现还算不错。高速上行驶时，油耗能降到8L/100km左右，表现相当令人满意。开空调的情况下，油耗会有所上升，但也在可接受范围内。
    
    





            
            

    外观
        
            
            
        
        5
    
    
    瑞虎9的外观设计是我非常喜欢的一点。整体造型大气而不失时尚感，车头造型犀利，搭配大尺寸进气格栅和犀利的前大灯组，看起来非常有气势。车身腰线流畅且富有力量感，从车头一直延伸到车尾，营造出一种向前俯冲的姿态。车尾造型饱满且层次感分明，双边共两出的排气布局也增添了一丝运动气息。
    
    
    
    
    


    
    
    
    


    
    
    
    


    





            

    内饰
        
            
            
        
        4
    
    
    瑞虎9的整体做工还是不错的，但用料上还有待提升。中控台和门板上的塑料感有点强，如果能换成软质材料或者皮质包裹就更好了。空调效果很不错，制冷和制热都很迅速，风量也很大。座椅舒适度还可以，填充物软硬适中，长时间乘坐也不会觉得太累。
    
    





            

    性价比
        
            
            
        
        5
    
    
    性价比方面，我认为瑞虎9还是相当不错的。虽然内饰用料上有些不足，但在配置和动力方面的表现都非常出色。而且奇瑞的售后服务也还可以，保养项目也比较合理，没有出现过度保养的情况。至于故障维修方面，我目前还没遇到过什么大问题，希望后续也不要有吧。
    
    





            
                

    配置
        
            
            
        
        5
    
    
    瑞虎9尊贵版的配置相当丰富，基本上我想要的功能它都有。车机流畅度还不错基本都能流畅运行。车载导航实用性也不错，路线规划合理且更新及时。倒车影像实用性也很高，清晰度不错且带有辅助线功能，对于新手司机来说非常友好。
    
    




            

            



        "
临沂车友5545674,2024-01-08 首次发表,"
            
                
                    300km
                    
                    行驶里程
                
                
                    10.2L
                    百公里油耗
                
                
                
                
                
                
                
                
                
                
                
                

                
                
                    15.60万
                    裸车购买价
                
                
                    2023-12
                    购买时间
                
                
                    临沂
                    购买地点
                
            
            
    
        
            
        
    
    

    
        $(document).ready(function () {
            var koubeiid = 5269759;

        });

    


            
                最满意
                这个价位能买到的最豪华的配置，这么大的车身，驾驶感受又很沉稳，这么大个屏幕，能给你的配置绝对都不吝啬，内饰也足够豪华，各方面的小细节都设计的很到位，很有想法。
            
            
                最不满意
                后排安全带未系报警，没办法设置关闭，当然这是个好习惯，但如果能设置关闭就更好了，希望以后能升级OAT系统，把这个关闭功能加上。中控的触屏按键很不好！谁开车有空这么精准定位的点到那个座椅加热啊，偶尔还会误触。这里俩座椅加热的触摸键也挺奇怪，换成空调不行么，座椅加热使用概率肯定比空调低啊。
            

            

    空间
        
            
            
        
        5
    
    
    空间绝对的足够，都不用看什么车长车宽的参数，路上一打眼瞅着这个车就是大，里面空间肯定也就没的说。我还有朋友看见第一眼问我是不是7座的，其实是5座的，但看着就很长很宽。前排就是拉到最后，后排都老大地方了。后备箱更别说了，感觉就是使用不完的大。
    
    
    
    
    


    
    
    
    


    
    
    
    


    
        ☆ 空间设计亮点
        中控上边能竖着放两个手机，还能无线充电。虽然无线充电我用不习惯，但是我老婆坐副驾的手机有地方放了。
        
        
    






                

    驾驶感受
        
            
            
        
        5
    
    
    新车目前开起来就是哪哪哪都好，毕竟买来还没稀罕够，车身大，开起来就要求点技术，但那是人的问题，怎么能怪车呢。起步/加速没问题！当然跟电车比起来会稍微差一点，但跟一个价位油车比起来，那是一点不差，遥遥领先（有个人感情在）。提车肯定去跑了趟高速，试试车，很不错，很舒服，跑出了一种有质感的感觉，有种大风来了也刮不跑的稳重感。方向盘操控起来很好，很优秀，车身很好控制。刹车也非常灵敏，就是可能车身太重了，刹车点头，总不能是我开车太猛了不顺滑？
    
    
    
    
    


    






            

            




            

    油耗
        
            
            
        
        4
    
    
    这么大的车油耗10个，我能接受！毕竟是新车哈哈哈，开着开着肯定就会低了。理想是8个油，对自己的驾驶风格还是很了解的，8个油差不多，再低我可能就开不出来了。现在是跑过一次高速，在高速保持110km/h跑匀速，跑完就掉了得1个油。后期多跑几次高速，专门的掉掉油耗。
    
    





            
            

    外观
        
            
            
        
        5
    
    
    多帅啊，多大气，看着这个车不得是个20多万的样子？要面子有面子，要里子有里子！要细节有细节！！看上去前脸线条是比较圆滑，但是他厚实，所以看上去就敦实，看这细长上扬的前眼，增加了一丝凌厉 气质。妙啊妙~这个车身一长，就显的贵，更别说这个车漆还挺有质感的，至少看着不廉价，没有给我们的档次拉垮。车屁股就是中规中矩了，跟前脸风格一样，但前面有格栅显得有个性些，后面没啥太大特色。轮毂也漂亮，看上去花里胡哨的，得是用心设计了。
    
    
    
    
    


    
    
    
    


    
    
    
    


    





            

    内饰
        
            
            
        
        4
    
    
    棕色的内饰就是高级，还耐脏，不像黑的，一个印子就可明显了，全车整个座椅都是这个颜色，我觉得会比其他品牌的拼色更上档次点。我不喜欢拼色设计，拼不好怪丑的，就这一码色就很好。悬架还可以，减震我是觉得不错，就是车身重，刹车一吨一吨的。坐垫好像就是比其他车短一点，对腿部支撑没那么好，我虽然没出现人家腿抽筋的情况，但也能感受到座椅还是更长一点舒适性会更好。
    
    
    
    
    


    
    
    
    


    





            

    性价比
        
            
            
        
        5
    
    
    满意，非常满意，没上市就在关注了，上市了以后还观望了一段时间呢，然后看了实车，去试了车又看了网上评论，各方面做完功课后就开开心心订车了。而且奇瑞给的置换补贴实在是力度很大了，其他车企给个置换补贴也就三、五千的，奇瑞直接190000，大气敞亮的！车在还不烂大街，一出去怪炸眼，吸睛！当时保险花了4200，4S店给送了脚垫、太阳膜和三次保养，然后还有砸金蛋中的空气炸锅。虽然空气炸锅是个杂牌子，感觉质量一般，不过人家态度在这里啊。
    
    
        保养项目
        说是5000公里或者半年来保养一次，保养一次不到500块钱，所以可以接受。
        
        
    





            
                

    配置
        
            
            
        
        5
    
    
    感觉我知道的，能了解到的配置基本都有，当然那种主动驾驶不行哈，但什么定速巡航、车道保持都有，日常主要用的辅助驾驶不也就这些，这功能都是没什么问题，至少简单高速实验后是没有什么问题的。360比较准，而且这个屏幕是有点弧度的，看起来还挺方便。新车，OAT没咋升级过，不过我看群里早几个月买的车主都说OAT升级的挺勤快，不知道总升级对以后流畅性有影响没有，现在倒是挺顺滑的，不能说多灵敏，但也不慢。车载导航实用性很强的，这么大的屏幕用起来就是得劲儿，比手机小小一个看着可不舒服吗。
    
    
        手机无线充电便利性
        就在中控台最上面，一共俩位置，能放俩手机还不错，但是无线充电就算了，充的慢，还发热，提车后我都没咋用。所有这些车给的无线充电这个配置都是噱头，有而已，好用的我目前是没了解到。
        
        
    




            

            



        "
徐州车友6608868,2024-01-07 首次发表,"
            
                
                    6500km
                    
                    行驶里程
                
                
                    10.0L
                    百公里油耗
                
                
                
                
                
                
                
                
                
                
                
                

                
                
                    17.79万
                    裸车购买价
                
                
                    2023-10
                    购买时间
                
                
                    徐州
                    购买地点
                
            
            
    
    

    
        $(document).ready(function () {
            var koubeiid = 5269678;

        });

    


            
                最满意
                最满意的地方是瑞虎9的动力表现了。2.0T的发动机在城市道路上行驶绰绰有余，无论是起步还是加速，动力都随叫随到，让我总能轻松应对各种交通状况。特别是在等红灯后起步，那种轻快的加速感让我很是享受。
            
            
                最不满意
                最让我不太满意的是它的油耗。虽然动力充沛，但相对应的油耗也确实偏高一些尤其是在市区拥堵的路段
            

            

    空间
        
            
            
        
        5
    
    
    前排空间宽敞舒适，即使是身材高大的驾驶者也能找到合适的坐姿。后排空间同样不逊色，腿部和头部空间都很充裕，坐三个成年人也不会觉得拥挤。后备箱储物空间更是大到惊人，无论是日常购物还是长途旅行，都能轻松满足我的需求。
    
    
    
    
    


    
    
    
    


    
    
    
    


    






                

    驾驶感受
        
            
            
        
        5
    
    
    驾驶瑞虎9，我总能感受到它稳健的底盘和精准的转向。方向盘手感适中，既不会过轻也不会过重，让我在驾驶时总能保持轻松的心态。刹车灵敏性也很出色，轻点刹车就能感受到明显的减速效果，给了我很大的信心。在开空调或满载的情况下，瑞虎9的动力表现依然出色，加速依然流畅，没有明显的衰减感。在弯路和并线时，车身稳定性也很好，没有明显的侧倾感，让我总能保持平稳的驾驶姿态。
    
    






            

            




            

    油耗
        
            
            
        
        4
    
    
    在城市道路上行驶，综合油耗大约在10-11升/百公里左右；而在高速公路上，油耗则能降低到8-9升/百公里左右。开空调对油耗的影响也不是很大，基本上在可接受的范围内。
    
    





            
            

    外观
        
            
            
        
        5
    
    
    瑞虎9的外观设计大气而时尚，车头造型犀利且富有层次感，进气格栅与大灯组相得益彰。车身腰线流畅且富有力量感，从车头一直延伸至车尾，营造出一种向前俯冲的视觉效果。车尾造型简洁而不失稳重，双边共两出的排气布局也增添了一丝运动气息。车身做工方面，瑞虎9的表现也很出色，无论是漆面还是钣金都非常均匀且细致。
    
    
    
    
    


    
    
    
    


    
    
    
    


    





            

    内饰
        
            
            
        
        5
    
    
    内饰用料考究且环保，触感柔软舒适且无异味。空调制冷制热效果都很好且风速调节范围大，总能快速达到我设定的温度。座椅舒适度也很高且支持多向调节和加热通风功能，无论是长途驾驶还是短途出行都能让我找到最舒适的坐姿。
    
    





            

    性价比
        
            
            
        
        5
    
    
    性价比是我选择瑞虎9的重要因素之一。在故障维修方面，瑞虎9的质量非常可靠且配件价格合理；售后服务也很到位且响应速度快，让我用车无后顾之忧。销售态度也很热情且专业，让我在购买过程中感受到了尊重和愉悦。品牌评价方面，我认为奇瑞作为国内知名的汽车品牌，在品质和技术方面都有着不错的表现。购车优惠方面，我也享受到了不少实惠且附加的保养项目也很实用。
    
    





            
                

    配置
        
            
            
        
        5
    
    
    智能化是瑞虎9的一大亮点。它支持app远程控制功能且响应速度快、操作简便；OTA更新体验也很顺畅且功能不断完善和优化。车机流畅度也很好且界面设计简洁易用；车载导航实用性高且更新及时、支持多种路线规划和实时路况显示
    
    




            

            



        "
眉山车友7269970,2024-01-07 首次发表,"
            
                
                    5900km
                    
                    行驶里程
                
                
                    9.5L
                    百公里油耗
                
                
                
                
                
                
                
                
                
                
                
                

                
                
                    17.50万
                    裸车购买价
                
                
                    2023-10
                    购买时间
                
                
                    成都
                    购买地点
                
            
            
    
    

    
        $(document).ready(function () {
            var koubeiid = 5269246;

        });

    


            
                最满意
                我对这款车最满意的地方是它强劲的动力表现了。2.0T的发动机在城市道路上可以说是游刃有余，无论是起步还是加速，都能给我带来非常流畅的感觉。特别是在等红灯起步的时候，轻轻一踩油门，车子就能迅速地冲出去，那种感觉真的很爽。
            
            
                最不满意
                最不满意就是它的隔音效果了。在高速上行驶的时候，风噪和胎噪都比较大，有时候会影响到我听音乐。不过好在市区内行驶的时候，这个问题并不是特别明显。
            

            

    空间
        
            
            
        
        5
    
    
    在空间方面，瑞虎9的表现可以说是非常出色了。前排空间非常宽敞，我身高1米8，坐在驾驶位上头部和腿部都有足够的空间。后排空间也同样宽敞，坐三个成年人完全不会觉得拥挤。后备箱的储物空间也很大，平时放些杂物或者出行时的行李都完全没有问题。
    
    
    
    
    


    
    
    
    


    
    
    
    


    






                

    驾驶感受
        
            
            
        
        5
    
    
    说到驾驶感受，除了动力强劲之外，瑞虎9的方向盘手感也很不错。轻重适中，指向精准，让我在驾驶的时候感觉非常自信。刹车也很灵敏，轻轻一踩就能有明显的制动效果，给我带来了很大的安全感。另外，在满载或者开空调的情况下，车子的加速表现依然很出色，不会感觉到明显的动力损失。在弯路和并线的时候，车身的稳定性也很好，不会有明显的侧倾感。
    
    






            

            




            

    油耗
        
            
            
        
        5
    
    
    在城市道路上行驶的时候，由于红绿灯和堵车的情况比较多，油耗会稍微高一些，但基本上能保持在10个油左右。而在高速上行驶的时候，油耗就会明显降低，大概能保持在7到8个油左右。这样的油耗表现对于一款中型SUV来说，我觉得已经是非常不错了。
    
    





            
            

    外观
        
            
            
        
        5
    
    
    整体造型非常大气，车头的设计很有力量感，给人一种非常稳重的感觉。车身的腰线也很流畅，从车头一直延伸到车尾，让整个车身看起来更加修长。车尾的造型也很饱满，不会有突兀的感觉。另外，车身的做工也很精细，无论是车漆还是钣金的接缝处，都处理得非常到位。
    
    
    
    
    


    
    
    
    


    
    
    
    


    





            

    内饰
        
            
            
        
        5
    
    
    中控台和门板都采用了软质材料覆盖，手感很好。空调效果也很不错，无论是制冷还是制热都很迅速。座椅的舒适度也很高，长时间驾驶也不会感觉到疲劳。
    
    





            

    性价比
        
            
            
        
        5
    
    
    在性价比方面，我觉得瑞虎9的表现也是非常出色的。虽然它的价格比一些同级别的合资车型要便宜一些，但是在配置和品质上却丝毫不逊色。而且奇瑞的售后服务也很不错，保养项目也比较合理，不会让我感觉到有太大的经济压力。
    
    





            
                

    配置
        
            
            
        
        5
    
    
    车机系统的流畅度很高，反应速度很快，不会有卡顿的感觉。车载导航的实用性也很强，路线规划合理，更新也很及时。倒车影像的清晰度也很高，对于我这种经常需要停车的人来说，感觉非常实用。
    
    




            

            



        "
临沂车友1384170,2024-01-04 首次发表,"
            
                
                    7517km
                    
                    行驶里程
                
                
                    9.4L
                    百公里油耗
                
                
                
                
                
                
                
                
                
                
                
                

                
                
                    15.80万
                    裸车购买价
                
                
                    2023-06
                    购买时间
                
                
                    临沂
                    购买地点
                
            
            
    
    

    
        $(document).ready(function () {
            var koubeiid = 5266432;

        });

    


            
                最满意
                油耗比较低，空间比较大，动力加速的时候表现的不错。配置好一点，买的顶配，与同价位，同级别的其他车配置要高一些，有个电释门。价格更低，性价比也更高。
            
            
                最不满意
                系统总是有问题，总是弹故障码，升级后好一段时间，但是这一段时间又开始报了。
作为首批车主，可能要调整的多一些，目前是让来4s店来更换一个螺丝，还有扶手箱盖板，目前并没有出现问题，但是说后期可能会出现问题，所以就过来了。

预告是2.0+8AT+CDC悬架
首批两驱的悬架就是普通的，和预告有些出入，后期四驱才有预告配置，但是价格也相应高了很多。CDC是想要一个，可惜两驱版本没有。
            

            

    空间
        
            
            
        
        5
    
    
    182坐在里面挺大的，后排也挺大的，就是后排的中间座位可能舒适度要稍微差一些，但其他位置都可以。
后备箱空间挺大的，但是稍微高一些，也和备胎放在下面有关系。
    
    
    
    
    


    
    
    
    


    
    
    
    


    






                

    驾驶感受
        
            
            
        
        5
    
    
    感受是挺好的，很想感受CDC悬架，但是当时买车时还没有这个配置，目前这个没有什么太大的感受，就是一个普通悬架。
我这驾驶风格偏保守一些，所以悬架用起来没有感觉特别不合适的地方。
高速的时候有定速巡航功能，不需要太用力的操控方向盘，但是手必须保持在上面，不然会报警。
    
    
    
    
    


    
    
    
    


    






            

            




            

    油耗
        
            
            
        
        5
    
    
    油耗9个左右，到现在没有清零，然后从开始到现在大概用起来是九个油左右。一开始大概是十个油，然后现在平均下来是九个油，这个油耗后期会慢慢的降。
车友群反应最低油耗大概在六个左右，有的单程可能能开到最低五个多。
平时单趟大概8个油左右，跑高速和市区差别挺大，高速大概6.5左右，市区不堵车可能8个多，堵车都能到10个油。
夏天开冷风倒是没感觉油耗有太大变化。
    
    
    
    
    


    





            
            

    外观
        
            
            
        
        4
    
    
    胎宽比较小，前后看起来不太协调，侧身看起来还好搭配20寸轮毂比较合适。正面和正后方看起来轮胎的胎宽太窄了，不太协调。
雨刮冬天要把它立起来，有些麻烦。前几天在泰安他的雪会比较大，所以很担心雨刮会被冻在玻璃上，包括是后视镜折叠这个功能也有些不太敢用。
对于外观，其他各方面都是比较满意的，一开始没有上市的阶段看了照片，所以持续关注了，后续上市就直接买了。
没有前雾灯是有后雾灯的，虽然说雾灯不是标配，但是还是希望能够有的。
    
    
    
    
    


    
    
    
    


    
    
    
    


    





            

    内饰
        
            
            
        
        5
    
    
    内饰倒是挺好的，就塑料键比较容易留下划痕。观感是比较不错，但是实用性上稍微差一些，耐磨性高一些好了。
 座椅的胶体容易失去弹性。有车主在东北，冬天经常开启座椅加热，用一段时间座椅就会留下比较严重的坐痕，非常明显，这个去4s店他们会免费的给更换座椅，后期不知道会不会升级座椅。
内饰看起来是挺高端的，氛围灯挺好看的，但只有侧面和车门的，脚底没有。
中控按钮都不是实体的，全部是触摸的，容易误触。开车习惯搭在那，有时候会不小心误触，主要是胳膊放在上面也感受不到是不是误点，所以不知道的情况下，可能功能就会被打开。
    
    
    
    
    


    
    
    
    


    
    
    
    


    





            

    性价比
        
            
            
        
        5
    
    
    当时买车有一个置换补贴，当时补贴了一万九，这车原价17.45w，我相当于买成15w+。
但是手续费很贵当时旧车估值9000，手续费3000+，这个很贵。这个
当时保险3000-4000，送了膜和脚垫，脚垫半年后就不能用了。保养就送了个首保，怎么也没谈下来。
在我后面买的可能优惠会更大一些，我看人家有送电动车，提着酒走，还送好几次保养。
    
    





            
                

    配置
        
            
            
        
        1
    
    
    主要是辅助系统报故障，发动车辆之后行驶一段时间，辅助系统的各种故障就开始全部爆出来了，当时对于行车是没有什么影响的，但是辅助功能是不能使用的。行驶一段时间之后故障码又不见了。
当时出现报故障码这个问题4s店联系了厂家，但是厂家一直没有真正反馈，只是说后期系统升级后可能会好。
但是正常使用这些辅助系统的功能是好用的，只要他不报故障。
后排安全带未系报警，一般前排报警是可以理解的，但是目前大家还没有养成后排系安全带的习惯，所以比较恼人。
    
    
    
    
    


    
    
    
    


    




            

            



        "
雾灵山下,2024-01-02 首次发表,"
            
                
                    1200km
                    
                    行驶里程
                
                
                    9.0L
                    百公里油耗
                
                
                
                
                
                
                
                
                
                
                
                

                
                
                    15.59万
                    裸车购买价
                
                
                    2023-11
                    购买时间
                
                
                    广州
                    购买地点
                
            
            
    
    

    
        $(document).ready(function () {
            var koubeiid = 5264774;

        });

    


            
                最满意
                外观十分霸气，高大威猛，一眼看去就充满了力量感，不娘炮！
空间巨大无比，是那种全方位的大 前排后排后备箱都是硕大无比！
就算是坐进5个大个子一点也不觉得拥挤还是宽宽松松，而且动力真是非常强劲，用力踩油门时有明显的推背感，但是车里还是很安静，没什么燥音，不会听到发动机的嘶吼或者是其他路面噪音，看来瑞虎9在车内静音上下了很大的功夫。急加速情况下8AT变速器换档也是十分平顺，完全没有顿错感，这个台车目前开下来的驾驶感觉让我非常满意。

瑞虎9的人机信息交互也是非常准确像车辆信息 驾驶信息都是一目了然，而且智能化程度很高 功能十分齐全，再配合上12.3英寸的中控屏再搭配Sony 8喇叭，让驾驶旅途更加惬意。
            
            
                最不满意
                由于现在是新车用车不久目前遇到的一些问题如下：
1，左右侧的后视镜都比较小 车又比较宽大还很长，导致看到后面的范围有限希望后续能增大面积改进，或者免费提供一个凹凸镜给老车主?
2，目前1000多公里，但是车里味道还是较大，不知道厂家能不能免费给我们安排一个除味服务之类的？
3，座椅不够长 有点偏小 屁股只够垫着坐，而且对腿部没有支撑，跑长途时候容易酸脚，其实应该有一个腿托设计就好了，要用的时候拉出来不用的时候收回去，我才成本上也不会增加太多，但是实用性和档次感一下就能上去很多。
4，车头的造型虽然好看，但是洗车时会有点小麻烦，因为车头两侧的造型与尾翼上面的造型很窄，洗车时很难洁到里面
5，发动机很容易发烫，散热慢。白天的车灯开了没开都不知道。同一个位置有时是开的，有时是关的。
            

            

    空间
        
            
            
        
        5
    
    
    空间真的是超级大，前排调整好舒服的坐姿后 头顶居然还有一拳半的空间，后排就家人慵懒的乘坐也能有两拳的头部空间真是非常给力，瑞虎9车身宽度达到1930mm然后放倒第二排可形成一个几乎纯平的的超大空间，可以做一张大床，露营 午休 睡觉 完全没问题，真的很不错，或者是拿它拉货 搬家 放一些大件物品完全不成问题，总之这空间没谁了。
    
    
    
    
    


    
    
    
    


    






                

    驾驶感受
        
            
            
        
        4
    
    
    首先动力是真的强，2.0T的发动机达到261马力配合8档手自一体变速器，一踩油门轻松超车，方向盘转向精准。
高大的车身还能提供非常的驾驶视野，可以看到较远的地方心情舒畅。
底盘调校也比较不错，过减速带或非铺装路面颠颇影响较小，整体还是很舒适没有很强的波动感。
    
    
    
    
    


    






            

            




            

    油耗
        
            
            
        
        3
    
    
    宽大的车身肯定会带来油耗偏高，如果是市区拥堵路段驾驶证再打开空调油耗飙升到11-13个油，但跑高速可以降到最佳的7.5个油。综合油耗9-10个油。总的来说这么大的车9个多10个油其实还是可以接受的，又想马儿跑 又要马儿不吃草肯定是不现实的！
    
    





            
            

    外观
        
            
            
        
        4
    
    
    买这台车首先就是冲它的外观而来，奇瑞现在的设计越来越好看了，瑞虎9的外观非常大气，而且还高大威猛，是那种看起很粗犷但又有霸气的中网，再搭配霸气的大灯及夸张的包围设计，十分有视觉冲击力，车身侧面、修长的车身，看起来档次感与商务感十分到位，
我个人觉得这个外观是很好的平衡了家用和商用，算是宜商宜家吧。
    
    
    
    
    


    
    
    
    


    
    
    
    


    





            

    内饰
        
            
            
        
        4
    
    
    第一次进车内，让我感觉是很是豪华感和精致感，内饰设计简洁大气，做工用料也颇具豪华气息。中控台表面采用了糙面皮，感受到很有运动感，我比较喜欢瑞虎9这种浅色木纹饰板的设计显得车很有高级感。车辆中控屏幕下方的三个独立风口看着很精致也兼顾了实用性。
    
    
    
    
    


    
    
    
    


    





            

    性价比
        
            
            
        
        4
    
    
    瑞虎9的价格从15.29万到20.25万不等，配置上丰俭由人，但就算是低配车型，入门级就是2.0T，261马力的动力搭配这点我觉得还是挺良心的，而且这款车身尺寸：达到4820*1930*1699mm,轴距达到了2820mm，可以说是紧凑型的价格 中大型车的尺寸，算是越级表现吧。
还有瑞虎9官方宣传的L2.9级辅助驾驶系统，远程启动，电动尾门，全影倒车，全速自动巡航，全系标配也是有非常高的有性价比，妥妥的国产良心车，如果你喜欢大车真的可以去4S店试驾看看。
    
    
    
    
    


    
    
    
    


    





            
                

    配置
        
            
            
        
        5
    
    
    车前排座椅带有加热通风，360全景影像，L2级辅助驾驶系统，远程启动，电动尾门，全影倒车，全速自动巡航，多种驾驶模式可选，车道保持辅助系统，配置非常丰富，简直是甩了合资车一大截，配置良心！
    
    




            

            



        "
阿和y,2023-12-28 首次发表,"
            
                
                    2214km
                    
                    行驶里程
                
                
                    9.2L
                    百公里油耗
                
                
                
                
                
                
                
                
                
                
                
                

                
                
                    15.30万
                    裸车购买价
                
                
                    2023-11
                    购买时间
                
                
                    合肥
                    购买地点
                
            
            
    
    

    
        $(document).ready(function () {
            var koubeiid = 5258903;

        });

    


            
                最满意
                最满意动力和操控，经常跑高速动力充沛超车有信心提速快，指向精准车身很稳。
            
            
                最不满意
                实体按键太少基本没有，后排出风口按键有点碍事也不好看，听说会改可以到售后更换希望搞快点
            

            

    空间
        
            
            
        
        5
    
    
    车内空间和后备箱都很大，后排座椅可以调节角度，可以跷二郎腿，选车时对比个人觉得也是虎九座椅比较舒服一点。后备箱有一层隔板下面还有空间可以放一些杂七杂八的东西，再下面有个备胎出门心不慌，现在电车都没备胎了。上面的空间可以放很多酒水饮料，这下过年不怕后备箱酒水装不下了。
储物空间除了常规四门板位置还有中控扶手上面有手机无线充电和两个杯架，下面掏空可以放纸巾毛巾等等。挺满意的
    
    
    
    
    


    
    
    
    


    






                

    驾驶感受
        
            
            
        
        5
    
    
    目前开着很满意，双离合也没网友们说的顿挫什么的，换挡也很快，加速反应灵敏，方向盘也没虚位，高速非常稳车子不飘信心很足，前些天下雪在高速上也敢跑个70码。油门灵敏给点油就走，风琴踏板脚放着很舒服。
驾驶模式我一直用标准在开，经济和运动试了一下就没用了，熟悉了标准模式对车子心里有个底，换别的模式又不太熟悉了没必要。
抬头显示的内容挺多尺寸也够大，大太阳下看的也很清楚，车友群里看到还有人用虎九抬显看视频不知道怎么做到的等有空研究一下，然后虎九的怀挡熟悉了以后很好用挺喜欢的。
    
    
        方向盘轻重
        方向盘在低速行驶下手感轻些，高速变得稳重些，深踩油门急加速下也会变重。
        
        
    






            

            




            

    油耗
        
            
            
        
        5
    
    
    油耗情况，高速120巡航7.5左右，100巡航6个左右，合肥市区白天拥堵11个左右（仅供参考，个人开车习惯不同路况不同）这么大的车和动力可以接受。油箱盖板上推荐加95，不过车友群里有车友一两万公里了一直加92也没问题，不要去小油站就行吧。
目前冬天还没开过空调制冷所以空调油耗还不知道，等天热了再体验
    
    





            
            

    外观
        
            
            
        
        4
    
    
    前脸和侧面都挺好看的，实车比图片挺大气特别是白色，个人认为算是瑞虎系列目前的天花板，车屁股个人觉得不太行特别是贯穿尾灯下面的那个银色饰板感觉多此一举改一下可能更好看。
    
    
    
    
    


    
    
    
    


    





            

    内饰
        
            
            
        
        4
    
    
    内饰方面设计都挺满意，中控表面都是软包的，出风口旋钮咔咔声很有质感，但是物理按键太少了基本没有，不太喜欢，希望后面可以改改，不过我已经买了改了也轮不到我哦，屏幕黑边有点大，你屏幕做不大可以把黑边做小一点嘛，搞那么宽干嘛呦。
氛围灯颜色挺多选择的，可以无极调色也可以前后颜色调不一样的，很不错。
新车车内也没有什么味道我是没闻出来，这点非常好，说明用料环保。
    
    
    
    
    


    
    
    
    


    





            

    性价比
        
            
            
        
        5
    
    
    选车前就没想过合资不太看得上，电车目前电池还有不太有信心，就在油车里面选了，打开之家app看了一遍目前卖的不错的国产车子看中了瑞虎九，比较喜欢四门电释放和后门遮阳帘，后面直接去店里看车，销售主动邀请我试驾谈谈价格，结束后又去看了星越L，坐上去感觉内饰差点意思座椅没虎九软，销售有点牛气，就直接走了也没要试驾。
回去考虑下搁了几天就直接订车了，赠品就是膜脚垫灭火器储存卡这些东西，提车后除了储存卡其他都扔了膜也没去贴垃圾膜。
性价比这么大的车该有的也都有了动力空间配置都不缺没什么不好的。
    
    





            
                

    配置
        
            
            
        
        5
    
    
    配置方面我觉得这个价位基本拉满了吧，各种驾驶辅助预警。我经常跑高速，虎九的智能领航很好用，车辆不论是直道还是弯道会一直保持在车道中间，自动的油门刹车都很线性，不是猛地刹车。这一切都靠虎九的3个毫米波雷达和8个超声波雷达，这些功能对经常跑高速的我来说省心太多。
    
    
        语音交互准确度
        语音很灵敏，车内放很大音乐也能清楚识别，车机上基本可见可说。
        
        
    
        360全景影像实用性
        虽然新车比以前开的大了一圈但是有360影像无论是倒车停车还是小路会车都很有信心，打方向灯车速低于30码自动开启360。
        
        
    
        面部识别便利性
        虎九的车外摄像头有6个车内有一个人脸识别摄像头，上车会识别人脸并调整座椅，打瞌睡的时候小奇也会提醒驾驶员并打开香氛提神醒脑，
        
        
    
        手机无线充电便利性
        50w的无线充电速度妥妥的，下高速手机电就充满了非常好，手机也没感觉到热，下面还有个小出风口对着吹
        
        
    
        HUD抬显实用性
        抬显尺寸挺太，能显示油量、辅助功能、车速、导航剩余里程、下个路口信息和转弯掉头都有动画提示。
        
        
    




            

            



        "
arT23,2023-12-23 首次发表,"
            
                
                    2150km
                    
                    行驶里程
                
                
                    9.8L
                    百公里油耗
                
                
                
                
                
                
                
                
                
                
                
                

                
                
                    14.40万
                    裸车购买价
                
                
                    2023-10
                    购买时间
                
                
                    潍坊
                    购买地点
                
            
            
    
        
            
        
    
    

    
        $(document).ready(function () {
            var koubeiid = 5253784;

        });

    


            
                最满意
                首先是配置非常高，该有的配置基本都有了，各项参数也比同级别的要高一些。
 国道跑的比较多，油耗一般都是在7-8个，个人感觉这个体型和动力的车油耗一点都不高。最近天气非常冷，油耗也一直在9个左右。
 261匹马力，400扭矩的动力，测试了一下运动模式百公里七秒多，动力非常强劲，超车毫不费力，就是两驱地板油有点打滑。
 隔音我觉得同级别里算的上优秀的，前排双层隔音玻璃，国道100以下时速风噪不大，胎噪差点意思但是还可以接受，可以说是体验非常可以。
 底盘质感非常不错，调教偏舒适，过一些小坑小坎的时候底盘滤震非常好，开起来舒适性特别高。
 车机用的是8155芯片，特别流畅，语音交互也很灵敏，反应也快，两个多月没有卡顿和死机的情况出现，而且支持苹果carplay和华为hicar，高德地图也好用。
            
            
                最不满意
                刹车感觉差点意思，前段有一点点虚位，没有那么的线性，但是没有什么大问题，就是脚感差点意思。
 实体按键有点少，而且位置不太舒服，后排按键还容易碰到，个人还是觉得瑶光的按键设计要更好一些。非常建议把360影像设置快捷键，每次开360都要在屏幕里先划一下再点一下不方便。
            

            

    空间
        
            
            
        
        5
    
    
    五座版本空间非常大，尤其是后备箱空间，而且后排座椅可以水平放倒。储物空间也很大，扶手箱特别深。180身高前排后排都不会感到拥挤，如果五座版本能再往后调节一下座椅感觉乘坐体验会更好。
    
    
    
    
    


    
    
    
    


    
    
    
    


    






                

    驾驶感受
        
            
            
        
        5
    
    
    加速强劲，高速上随便超车，双离合变速箱开着很平顺，底盘质感好，非常舒适。索尼的音响效果还算不错，效果还能自定义，开车的时候听着很舒适。
    
    
    
    
    


    
    
    
    


    






            

            




            

    油耗
        
            
            
        
        5
    
    
    裸车重1.72吨，2.0t有着261马力，这个体型这个动力的车，平时8-9个，油耗可以说是一点也不高了，而且还能加92油。
    
    





            
            

    外观
        
            
            
        
        4
    
    
    侧颜非常漂亮，尾部也挺漂亮，前脸看着很大气，但是个人觉得八字胡不太好看，如果能用国际版中网就更好了。
    
    
    
    
    


    
    
    
    


    
    
    
    


    





            

    内饰
        
            
            
        
        5
    
    
    内饰质感还不错，大片的软包皮质包裹，摸起来非常舒服。256色氛围灯也好看，氛围感很不错。方向盘按键是实体按键，但是中控台按键是触摸式的，个人感觉触摸式按键不太舒服。
    
    
    
    
    


    
    
    
    


    
    
    
    


    





            

    性价比
        
            
            
        
        5
    
    
    性价比超高，这个价位能给的东西都给了，两驱家用非常够用，四驱还能给你cdc电磁悬架，这个价格这个配置还有置换补贴，性价比真的超级高。
    
    
    
    
    


    





            
                

    配置
        
            
            
        
        5
    
    
    配置拉满，个人觉得豪华平时就很够用了，四驱还配备了cdc电磁悬架，如果预算多的话还是非常建议上高配的。
    
    
        OTA更新体验
        车机还没有进行ota升级，升级后应该会更好用。
        
        
    




            

            



        "
上海车友5790637,2023-12-20 首次发表,"
            
                
                    1960km
                    
                    行驶里程
                
                
                    11.0L
                    百公里油耗
                
                
                
                
                
                
                
                
                
                
                
                

                
                
                    16.30万
                    裸车购买价
                
                
                    2023-07
                    购买时间
                
                
                    上海
                    购买地点
                
            
            
    
        
            
        
    
    

    
        $(document).ready(function () {
            var koubeiid = 5249654;

        });

    


            
                最满意
                来上海了那么多年，之前是买的一辆二手的轿车，这几年也算攒了一些积蓄，想着换一辆大一点的SUV，一家人出行也方便一点，看了很多，感觉这辆车的性价比还是非常的高，外观好看，内部的空间也很大，虽说油耗稍微高了一丢丢，不过平时开的也不多，主要就是回老家和偶尔周末一家人出去玩玩使用，所以完全没问题
            
            
                最不满意
                目前来说都挺不错的，也没感觉到哪里有不满意，可能就是油耗稍微高了一点点，其他感觉都挺不错的
            

            

    空间
        
            
            
        
        5
    
    
    这个空间真的好大，因为家里有6口人，2个老人，2个孩子，还有我和我太太，孩子做到最后面2个位置，也不会感觉腿部很难受，2个老人坐后排，不论腿部空间还是头部空间，都很卓卓有余，完全没有任何问题，而且哪怕3排坐满人，后备箱还是有点空间可以稍微放点东西的，如果最后一排放倒，哇！那个后备箱空间就超大！要是后排一起放倒，感觉完全可以放一个6尺的大床睡觉了！超级舒服！
    
    
    
    
    


    
    
    
    


    






                

    驾驶感受
        
            
            
        
        5
    
    
    动力方面来说，2.0T发动机加上261匹的大马力，不管是起步还是后面的加速，动力澎湃感十足，要是切换到运动模式的话，那个推背感强烈的不得了，提速也会更加的凶猛，而且换挡也很顺畅，不像之前的车子，有很明显的顿挫感，这辆车一点都没有。然后从操控方面来说，方向盘不是那种很重的，转弯的时候方向盘还是比较轻盈的，转向也非常的精准，而且，在高速上，你开的越快，方向盘就开始沉了，这个应该是一个保护机制吧，就是要过比较大的弯的时候，速度尽量减一点，毕竟是SUV，底盘比较高一点，如果速度很快过弯，就有比较明显的侧倾感
    
    






            

            




            

    油耗
        
            
            
        
        3
    
    
    这车油耗一般在10个到12个，平时一般节假日回去，都会比较堵，所以很多时候都14,15都有，当然，如果后面顺畅了，跑高速8,9个油也够了，毕竟平时上下班几乎不怎么开，主要就是出去玩和回老家用
    
    





            
            

    外观
        
            
            
        
        5
    
    
    这个外观线条感给人的视觉冲击感很强，进气格栅瀑布状的，霸气十足！20寸大轮毂，配合整个车身，车子就给人一种很刚毅的感觉，尾部设计也让整个车子的层次感很清晰，双侧尾巴也呈现了一种运动感，这车外观就让人感觉时尚，霸气，运动的感觉，很适合年轻人
    
    
    
    
    


    
    
    
    


    





            

    内饰
        
            
            
        
        5
    
    
    内饰属于非常简约的那种，然后空调出风口样子特别的帅，真皮方向盘，皮质座椅，档次就很高，2个大的屏幕，就很有智能科技的味道，后排空调出风口，就像一个机器人一样，特别可爱
    
    
    
    
    


    
    
    
    


    
    
    
    


    





            

    性价比
        
            
            
        
        4
    
    
    车价优惠了4000，然后办理了贷款，收了2000金融服务费，送了2次保养，感觉还是挺划算的，性价比挺高
    
    





            
                

    配置
        
            
            
        
        5
    
    
    有氛围灯！每次晚上开车，孩子看到氛围灯都特别开心，一直说车子好漂亮！有360影像，感觉停车都方便了好多，座椅通风，加热也都有，很实用
    
    




            

            



        "
人的一生该如何度过,2023-12-18 首次发表,"
            
                
                    700km
                    
                    行驶里程
                
                
                    9.5L
                    百公里油耗
                
                
                
                
                
                
                
                
                
                
                
                

                
                
                    16.08万
                    裸车购买价
                
                
                    2023-12
                    购买时间
                
                
                    成都
                    购买地点
                
            
            
    
    

    
        $(document).ready(function () {
            var koubeiid = 5247585;

        });

    


            
                最满意
                一是外形设计好，尤其是车头看起来非常的霸气和大气，竖式进气格栅更是点睛之笔，非常的别致。
二是配置比较丰富，全速自适应巡航和l2级别的辅助驾驶都配置了，感觉还是非常地道。
三是空间充足，尤其是后排空间，腿部感受非常舒适，非常适合家用。
外形好，配置强，空间足，我非常满意。
            
            
                最不满意
                总体还是很满意，就有几点希望能完善改进的嘛。一是有自动泊车就好了。二是能把无钥匙进入改成全车，这样的话，如果去拿后排东西时，就不用专门去前门或者掏出钥匙解锁了。三是感觉胎噪还是有点大。
            

            

    空间
        
            
            
        
        5
    
    
    长度4米8，轴距2米8，整体空间相当不错。我170的个子头部空间有一拳多，腿部也非常的充裕，驾驶感受非常良好。而后排的话，膝盖离前排座椅还有两拳的距离，那是相当伸展的开。后排中间位置扶手箱有点微微向后凸起，中间乘客稍微有点影响。
后备箱非常平整，深度也很够，储物收纳都非常的方便。切开盖板下面还有一个储物格，可以说是一个惊喜。电动尾门还能感应开启，非常有科技感。
中控附近手机放置非常方便，还能无线充电，更显科技。双翻盖的扶手箱让后排取了也非常方便，可谓是贴心，一家乘坐简直再合适不过。
    
    
    
    
    


    
    
    
    


    






                

    驾驶感受
        
            
            
        
        5
    
    
    2.0t，261马力还是相当之强劲。8挡手自一体变速箱，让驾驶更加顺畅丝滑，没有感受到顿挫。方向盘轻重比较合适，转向也比较精确，刹车油门都还比较灵敏，开起车来还是相当的舒适。自动驻车上坡辅助，让城里堵车也不再那么烦恼。
而全速自适应巡航，L2级别的辅助驾驶，还有车道保持，车道居中，主动刹车都提升了驾驶的舒适感和安全性，真的是配置丰富，安全提升。
    
    
    
    
    


    
    
    
    


    






            

            




            

    油耗
        
            
            
        
        4
    
    
    个人觉得油耗稍微高点，都快到10了，降到九以下是我比较能够接受的。
    
    





            
            

    外观
        
            
            
        
        5
    
    
    车头进气格栅配合两边车灯，整体非常圆润，又非常有运动感。隐藏式门把手让车身更加浑然一体。腰线从车头延伸到车尾灯，显得更加修长曲线。菊花般延展的轮毂，非常的别致。
    
    
    
    
    


    
    
    
    


    
    
    
    


    





            

    内饰
        
            
            
        
        5
    
    
    内饰暗色系为主，倒也显得沉稳大气。双联屏设计非常显眼，也非常有感觉。
    
    
    
    
    


    
    
    
    


    





            

    性价比
        
            
            
        
        5
    
    
    这个颜值，这个配置，这个动力，我个人感觉是非常值得。毕竟我选择了他，那就说明他是最适合我的。
    
    





            
                

    配置
        
            
            
        
        5
    
    
    车机灵敏度还可以，可以ota升级，还能手机远程操控，还是非常不错。
    
    




            

            



        "
雅安小虎,2023-12-18 首次发表,"
            
                
                    2400km
                    
                    行驶里程
                
                
                    8.0L
                    百公里油耗
                
                
                
                
                
                
                
                
                
                
                
                

                
                
                    16.00万
                    裸车购买价
                
                
                    2023-07
                    购买时间
                
                
                    雅安
                    购买地点
                
            
            
    
        
            
        
        
            
        
        
            
        
        
            
        
        
            
        
        
            
        
        
            
        
        
            
        
        
            
        
        
            
        
        
            
        
    
    

    
        $(document).ready(function () {
            var koubeiid = 5247511;

        });

    


            
                最满意
                购买奇瑞瑞虎9 后，我对其整体表现比较满意。首先外观时尚大气，也可以说是霸气，就很符合我猛男的身份。其次车内配置很丰富，科技感十足，拥有灵敏的智能语音控制给我提供了便利和娱乐。然后动力表现十分出色，搭载2.0T的发动机，动力澎湃，让我帅出天际，留下潇洒的背影。当然，在安全性方面，瑞虎9配备了多项主动安全技术，提供了更高的行车安全性，耍帅也很安心。
            
            
                最不满意
                一是座椅设计有待改进，主驾驶座椅太短需要加长，才能给我的大长腿更好的支撑，而副驾驶座椅可以考虑设计成女王座椅，给我的女神更好的乘坐体验。二是内饰设计方面，亮亮的钢琴烤漆虽然美观，但容易刮花，对我这种不拘小节的人来说，日常使用不太友好。
            

            

    空间
        
            
            
        
        5
    
    
    作为一款SUV，瑞虎9空间优势明显。4820*1930*1699的车身尺寸，确保了充足的车内空间，5座足以满足家庭的出行需求。后排座椅支持靠背调节，使得后排的乘客可以轻松找到舒适的坐姿，轻松做自己。前排座椅还能加热、通风，为我提供更舒适的体验，男人也得爱自己。
    
    






                

    驾驶感受
        
            
            
        
        5
    
    
    瑞虎9配备了电磁减震器和爱信8AT变速箱，这些配置都带来了更丝滑柔顺的驾驶体验，加速迅猛，换挡平顺，加速顺畅。瑞虎9在NVH方面的表现也颇具优势，发动机静音、降噪水平十分优异，怠速噪声优化，车内路噪较低，男人有时也想静静。
    
    






            

            




            

    油耗
        
            
            
        
        4
    
    
    瑞虎9虽然车身尺寸较大，是个大个子，但通过合理的动力系统和出色的调校，使得油耗控制在了一个相对合理的范围内。在城市道路和高速公路上行驶时，油耗表现都比较出色，让我为节能环保事业贡献一份应尽的力量。
    
    





            
            

    外观
        
            
            
        
        5
    
    
    外观大气磅礴，线条流畅，似有猛虎疾驰之势，深得我意！
    
    





            

    内饰
        
            
            
        
        4
    
    
    内饰整体风格简约大方，用料上乘，做工精细，体现我的精致品味，中控台布局合理，操作方便，座椅舒适，包裹性良好，长时间驾驶也不会感到疲劳，又是爱自己的表现啊。
    
    





            

    性价比
        
            
            
        
        5
    
    
    考虑到瑞虎9的价格和配置，我认为它的性价比非常高。虽然价格对我等屌丝来讲不低，但考虑到其豪华的外观、精致的内饰、强劲的动力以及合理的油耗表现，我认为这性价比非常高。
    
    





            
                

    配置
        
            
            
        
        4
    
    
    配备了全景天窗、电动尾门、自动泊车、全速ACC等，要想耍帅自由，配置还得跟的上。
    
    




            

            



        "
小奏,2023-12-06 首次发表,"
            
                
                    6797km
                    
                    行驶里程
                
                
                    9.8L
                    百公里油耗
                
                
                
                
                
                
                
                
                
                
                
                

                
                
                    15.40万
                    裸车购买价
                
                
                    2023-07
                    购买时间
                
                
                    成都
                    购买地点
                
            
            
    
        
            
        
    
    

    
        $(document).ready(function () {
            var koubeiid = 5234737;

        });

    


            
                最满意
                1.新车内饰用料很好，没什么味道
2.安全配置很足，具体参数在汽车之家对比过，国产车真是越来越好了
3.动力和空间表现是我最满意的，一家五人出行也没问题
4.语音唤醒小奇也很灵敏，华为hicar和苹果的carplay连接也很流畅，hicar功能要更丰富一点
5.空调出风口设计很棒，多个出风口单独调节满足不同人不同风方向的需求👍
6.座椅通风功能很实用，天气很晒也能很快让座椅降温下来👍，现在到了冬天座椅加热也很舒服
            
            
                最不满意
                1.后排空调和座椅加热调节按钮是突出式，很容易误触
2.中央扶手的座椅加热功能触摸式的很容易误触，初始的启动档位就是三档，觉得改为一档好一点，三档太烫了
3.五座的后排座椅不能前后调节，没有充分利用后备箱空间
5.方向盘快捷键，希望能定义一键开启关闭360影像
6.车子内部细节做工还需要加强
            

            

    空间
        
            
            
        
        5
    
    
    空间完全满足我的要求，媳妇也很满意😁，后备箱空间完美放下我的钓鱼装备👍
    
    
    
    
    


    






                

    驾驶感受
        
            
            
        
        5
    
    
    三种驾驶模式都试过，运动模式踩油很跟脚，动力响应很快，标准模式在市区更省油，节能模式反而使用的最少
    
    






            

            




            

    油耗
        
            
            
        
        4
    
    
    资阳到成都，高速路段，目前最低的一次，现在每天上班通勤，12公里左右，表显百公里9.8，虎9的油耗还是能接受的
    
    
    
    
    


    
    
    
    


    





            
            

    外观
        
            
            
        
        5
    
    
    车身侧面颜值最高，黑色成稳大气，正面看的话，感觉憨憨的😂，每次洗完车都有惊艳的感觉，有一次停路边，还有人问车多少买的，很好看
    
    
    
    
    


    
    
    
    


    
    
    
    


    





            

    内饰
        
            
            
        
        4
    
    
    内饰用料还是很好的，看着很有高级感，氛围灯白天看着还是很明显，多个出风口设计单独调节很棒
    
    
    
    
    


    
    
    
    


    





            

    性价比
        
            
            
        
        5
    
    
    价格配置都很满意，购车过程中也没有多余收费，做首保时问了4S店，后期保养可以购买套餐，平均300多一次还可以
    
    





            
                

    配置
        
            
            
        
        5
    
    
    1.车机很流畅，目前没有出现过死机的情况，车机导航因为没有红绿灯读秒，用的比较少，现在用的最多的就是华为的hicar，无线连接很实用
2.无线充电完美适配华为，50瓦充电，速度拉满👍
3.车道保持和居中的触发还是很准确，主动刹车出发过两次，每次都吓一跳，以后跟车保持安全距离
4.行车途中出现过智能领航系统故障，开着开着故障又自动消失，首保咨询过工作人员，说是传感器和摄像头有污渍的话会误报警
    
    
    
    
    


    




            

            



        "
车大炮CAPF,2023-11-01 首次发表,"
            
                
                    286km
                    
                    行驶里程
                
                
                    12.0L
                    百公里油耗
                
                
                
                
                
                
                
                
                
                
                
                

                
                
                    15.59万
                    裸车购买价
                
                
                    2023-10
                    购买时间
                
                
                    江门
                    购买地点
                
            
            
    
    

    
        $(document).ready(function () {
            var koubeiid = 5204864;

        });

    


            
                最满意
                在用车过程中，瑞虎9的动力是实打实的，2.0T的发动机，动力是只要肯踩油门，那是随叫随到，虽然虎9的车身很大，看起来也很笨重的样子，但是实际驾驶起来，不会感到拖沓。还有车内的空间，因为购买的是7座版本，但平时基本都是5座的多，那为什么要选择7座呢，只能说，虽然平时用不到，但不能没有吧，之前的5座，有时候会因为座位的原因导致需要分开两台车或者打车才可以一家人出发，所以在换的时候就已经决定必须上7座，虎9的后排可以折叠，又可以完全放平，这个就很友好了，在你需要的时候，他就能满足你的出行需求，不用的时候，后备箱还可以变成一个大的储物空间，简直不要太6了。还有一个车内的用料，还有后排B柱还有出风口，这得多少钱价位的合资车才拥有的配置，虎9都给到你了。
            
            
                最不满意
                不满意的地方就是后排的出风控的实体按键，因为都有小朋友，小朋友又喜欢往中间凑，就很容易碰到按键，
            

            

    空间
        
            
            
        
        5
    
    
    身高1.8，体重190斤，前面是驾驶位置，腿部空间还能有一拳多，
    
    
    
    
    


    






                

    驾驶感受
        
            
            
        
        5
    
    
    2.0T发动机，动力强劲，推背感十足，隔音的效果也是
    
    
    
    
    


    






            

            




            

    油耗
        
            
            
        
        5
    
    
    目前驾驶基本都是在市区，红绿灯比较多，单次油耗一般在8-9个，主要跑的还不是很多，综合油耗还在11个多，需要跑跑高速才能降下来
    
    
    
    
    


    





            
            

    外观
        
            
            
        
        5
    
    
    圆润的大屁股，侧身的腰线，看起来就比较大气
    
    
    
    
    


    





            

    内饰
        
            
            
        
        5
    
    
    内饰选的是黑色，主要是方便打理还有一个是耐脏，有小朋友的应该都懂，
    
    
    
    
    


    





            

    性价比
        
            
            
        
        5
    
    
    虎9的性价比在这个价格区间没得说，对比过传祺的GS8，之前想着换车就肯定首选他的，但是自从虎9上市以后，经过一对比，虎9在综合上简直是吊打GS8。
    
    
    
    
    


    





            
                

    配置
        
            
            
        
        5
    
    
    选的是两驱尊贵7座版本，该有的配置都有了，车机的反应灵敏度也高，一些辅助的功能也多，直接满配哈。540度全景影像，对于停车那不是手到擒来，本来以为两驱尊贵也有自动泊车功能，后来发现需要四驱，还说这个功能可以帮助媳妇自动泊车，但四驱在城市基本都用不上，目前还没有这个喜爱越野的爱好，就平时周末开车带着小朋友，带上露营的装备去周边游玩一下。现在可以实现露营的时候躺在虎9的超大后备箱，打开大天窗，观看星星了。这个小朋友应该会很喜欢吧。
    
    
    
    
    


    
    
    
    


    




            

            



        "
虎友谊久久,2023-10-29 首次发表,"
            
                
                    2700km
                    
                    行驶里程
                
                
                    8.9L
                    百公里油耗
                
                
                
                
                
                
                
                
                
                
                
                

                
                
                    15.99万
                    裸车购买价
                
                
                    2023-06
                    购买时间
                
                
                    东莞
                    购买地点
                
            
            
    
        
            
        
    
    

    
        $(document).ready(function () {
            var koubeiid = 5201441;

        });

    


            
                最满意
                车型概述
本文的主角是奇瑞瑞虎9 2023款 400T两驱豪华版7座。这是一款具有良好动力性能和出色性价比的中型SUV，这款车的官方指导价为16.69万元。瑞虎9提供多种配置选择，包括两驱和四驱版本，满足不同消费者。
瑞虎9的外观设计时尚大气，线条流畅，给人一种稳重而又不失活力的感觉。内饰方面，瑞虎9的设计简洁大方，配色合理，营造出一个舒适豪华的环境。
瑞虎9在安全方面表现得十分出色。它配备了多项主动安全系统，如ESP电子稳定系统、ABS刹车辅助系统、前排侧气囊等。在实际驾驶中，这些系统表现稳定可靠，给驾驶者带来充分的信心。
自提车以来，我对瑞虎9的使用感受非常满意。它的动力充沛、操控灵活，让我在驾驶过程中倍感自信。此外，车辆的油耗和舒适度也让我非常满意。在行驶过程中，瑞虎9的静音效果非常好，让我和乘客在车内能够享受到安静舒适的驾乘体验。
            
            
                最不满意
                方向盘自定义按键。
现在按键功能不能设置为打开360全景。虽然可以语音或者屏幕点击打开，只是还是最方便的按键打开感觉最方便。
双闪按键位置。
紧急情况下双闪按键位置实在不够友好。需要抬头观看按键才能点击到。
            

            

    空间
        
            
            
        
        5
    
    
    一、空间与配置
瑞虎9的车内空间宽敞，特别是后排腿部空间避免了长时间乘坐的疲劳感。此外，车辆的储物空间也十分丰富，可以满足驾乘者各种储物需求。在配置方面，豪华版车型提供了多项实用配置，如多功能方向盘、电动座椅、自动空调、倒车影像等，为驾乘者提供了便利和舒适。
    
    
    
    
    


    
    
    
    


    






                

    驾驶感受
        
            
            
        
        5
    
    
    二、安全性和操控性
瑞虎9在安全方面表现得十分出色。它配备了多项主动安全系统，如ESP电子稳定系统、ABS刹车辅助系统、前排侧气囊等。在实际驾驶中，这些系统表现稳定可靠，给驾驶者带来充分的信心。
操控性方面，瑞虎9的悬挂系统调校适中，既保证了舒适性，又确保了操控稳定性。在城市道路和高速公路上行驶时，车辆的操控表现都非常出色。
    
    






            

            




            

    油耗
        
            
            
        
        5
    
    
    三、油耗与舒适度
瑞虎9的油耗表现相当出色，百公里综合油耗约在8-9升左右。在同级别车型中，这样的油耗表现具有很高的竞争力。
舒适度方面，瑞虎9的座椅宽大且支撑性好，无论是长途驾驶还是短途出行都能保持舒适的坐姿。此外，车辆的悬挂系统调校得当，有效过滤了路面颠簸，使得驾乘者在行驶过程中倍感舒适。
    
    
    
    
    


    
    
    
    


    





            
            

    外观
        
            
            
        
        5
    
    
    四、车辆外观
瑞虎9的外观设计时尚大气，线条流畅，给人一种稳重而又不失活力的感觉。
    
    
    
    
    


    
    
    
    


    
    
    
    


    





            

    内饰
        
            
            
        
        5
    
    
    内饰方面，瑞虎9的设计简洁大方，配色合理，营造出一个舒适豪华的驾乘环境。
    
    
    
    
    


    





            

    性价比
        
            
            
        
        5
    
    
    五、个人用车感受与建议
自提车以来，我对瑞虎9的使用感受非常满意。它的动力充沛、操控灵活，让我在驾驶过程中倍感自信。此外，车辆的油耗和舒适度也让我非常满意。在行驶过程中，瑞虎9的静音效果非常好，让我和乘客在车内能够享受到安静舒适的驾乘体验。
建议方面，我希望厂家能在后期的车型中进一步提高瑞虎9的科技配置，如增加更多智能驾驶辅助功能、车联网等。此外，如果能提供更多的定制化选项，以满足不同消费者的个性化需求，相信会进一步提升瑞虎9的竞争力。
总的来说，奇瑞瑞虎9 2023款 400T两驱豪华版7座是一款性能出色、性价比高的中型SUV。在提车作业和日常使用心得分享中，我希望给大家提供一些参考和帮助。无论是在购车前的准备阶段还是在日常使用过程中遇到任何问题时，我希望这些信息能对大家有所帮助。最后，祝愿大家都能选到心仪的座驾！
    
    





            
                

    配置
        
            
            
        
        5
    
    
    360，全景影像，车道保持，对于一个新手来说实在是非常好的配置。
    
    




            

            



        "
炳哥9,2023-10-28 首次发表,"
            
                
                    8300km
                    
                    行驶里程
                
                
                    9.2L
                    百公里油耗
                
                
                
                
                
                
                
                
                
                
                
                

                
                
                    17.99万
                    裸车购买价
                
                
                    2023-07
                    购买时间
                
                
                    哈尔滨
                    购买地点
                
            
            
    
        
            
        
    
    

    
        $(document).ready(function () {
            var koubeiid = 5199769;

        });

    


            
                最满意
                一、动力
奇瑞2.0T的发动机真不是吹的。瑞虎9搭载这款发动机真牛。动力强劲，随叫随到，不论平路还是上坡，稍稍深踩油门呼啸而过……换挡丝滑、平顺、升档降档都很积极。动力储备强，高速超车轻松多了

二、底盘
虎9底盘调教的真的很棒，平时跑一些小坑洼路面瑞过滤的很好，基本感觉不到太多震荡。我平时开车过弯路较快，支撑力还是挺可靠的。高速行驶稳稳当当

三、外观
外观大气上档次，颜值高，提车回家，在楼下，邻居看了都说这车太漂亮了，真大气。初次在4S店邂逅瑞虎9就深深的爱上她……对销售小姐姐说，这就是我要的车，哈哈，个人觉得瑞虎9是奇瑞汽车目前颜值最高的车

四、内饰配置
选择的是尊贵七座版：内饰简单大气上档次，配置高，超级喜欢双联屏，氛围灯，怀档，12索尼喇叭，低音炮、三排独立空调、前排座椅加热，二排座椅加热，方向盘加热，座椅记忆、香氛系统，配置太丰富了，真给力

晚上开车，播放自己喜欢的歌曲，随着音乐🎵跳动，心情好极了！
黑色内饰我的最爱，耐脏嘛，好打理，呵呵。身体触摸的地方都是软包的，很舒服
座椅舒适，皮质包裹，没有异味。新车提回来撕开塑料膜，几天啥味都没有了
扶手箱给力，大冰箱，可以放下6瓶矿泉水，炎炎夏日跑高速公路的时候随时随地可以喝拔拔凉的水，享受啊……

五、隔音效果
隔音效果很好，前挡风双层隔音玻璃，主副驾驶也是双层玻璃，减少外界噪音，底盘隔音做的很好，厚厚的隔音棉，还有米其林轮胎，真香啊

出去自驾游一次，家里人一致好评，都喜欢瑞虎9动力强劲，底盘扎实稳定，安全感满满，油耗低动力强劲
            
            
                最不满意
                最不满意，是瑞虎9二排空调控制按键，坐三个人很容易误碰的，希望后期升级一下。
            

            

    空间
        
            
            
        
        4
    
    
    空间宽敞舒适，二排空间充裕，三排空间小点，第三排就是应急用的，平时就是大五座，二排三排都放倒就是一个床，平时午休在车里睡觉这是真香，哈哈
    
    
    
    
    


    
    
    
    


    
    
    
    


    
        后备厢容积
        三排座椅放倒空间巨大
        
        
    
    
    
    


    






                

    驾驶感受
        
            
            
        
        5
    
    
    动力强劲，加速快，换挡丝滑平顺，毫无顿挫，调教的很好。动力储备足，随叫随到
    
    
        跑高速
        高速上，标准模式足够用了，动力强劲，超车轻松
切换运动模式，换挡更迅速，动力更强劲，小心驾驭不住哦，抬头哦
        
        
    
        开空调/满载加速
        开空调基本没啥影响，这就是虎9动力强劲的原因吧
        
        
    
        方向盘轻重
        方向盘很稳，操控精准
        
        
    
        刹车灵敏性
        刹车线性，很舒服
        
        
    






            

            




            

    油耗
        
            
            
        
        5
    
    
    在哈尔滨这个城市，一般的2.0T车油耗都得十多个以上。但是瑞虎9通勤开出9个多油耗，每次加油都记录了
    
    
    
    
    


    
    
    
    


    
        高速油耗
        高速 坐七人满员油耗，7～8之间吧
        
        
    
        城市油耗
        市区综合油耗9.2 在快速路上按照限速70～80跑最低跑了6.6油耗，太省了
        
        
    





            
            

    外观
        
            
            
        
        4
    
    
    星银色是我的最最爱，耐脏，可以少刷几次车，呵呵，在不同光线下呈现出不同色彩。尾部车顶溜背小点就好了
    
    
    
    
    


    
    
    
    


    
    
    
    


    
        车头造型
        霸气，好喜欢
        
        
    
        车尾造型
        瑞虎9屁股饱满性感，贯穿尾灯辨识度很高
        
        
    
    
    
    


    





            

    内饰
        
            
            
        
        5
    
    
    内饰简单大方豪华，新车就没有异味，座椅舒服，座椅加热，方向盘加热，对于东北来说就是福利更好用，香氛系统很高档。空调制冷快，夏季真冷，暖风是真热，出风口都烫手啊
    
    
    
    
    


    
    
    
    


    





            

    性价比
        
            
            
        
        5
    
    
    行驶了8000多公里了，通过这段时间用车感受，瑞虎9是一款车推荐购买的车，适合家用，油耗低，动力强劲，底盘扎实。在同级别同价位油车上，没有啥对手吧。
    
    





            
                

    配置
        
            
            
        
        5
    
    
    配置丰富，前排座椅加热，二排座椅加热，方向盘加热，香氛系统，8155车机系统，米其林轮胎，行车记录仪，还有冰箱，可以放6瓶矿泉水
    
    
    
    
    


    
    
    
    


    




            

            



        "
开奇瑞的东哥,2023-10-12 首次发表,"
            
                
                    2000km
                    
                    行驶里程
                
                
                    9.2L
                    百公里油耗
                
                
                
                
                
                
                
                
                
                
                
                

                
                
                    15.19万
                    裸车购买价
                
                
                    2023-08
                    购买时间
                
                
                    泸州
                    购买地点
                
            
            
    
        
            
        
        
            
        
        
            
        
        
            
        
    
    

    
        $(document).ready(function () {
            var koubeiid = 5183089;

        });

    


            
                最满意
                动力非常好，底盘表现惊艳，内饰也很漂亮，综合实力非常强。
            
            
                最不满意
                怀档还需要一定时间去适应，刚上手需要去摸索，个人还是喜欢普通电子档把。
            

            

    空间
        
            
            
        
        5
    
    
    得益于大尺寸的车身长度和轴距，整体乘坐空间非常宽敞。
    
    
    
    后排空间超大
    


    
    
    扶手箱深度够深
    


    
        ☆ 空间设计亮点
        手机位置设置的非常不错，还带无线充电和通风降温功能
        
        
    
    
    
    


    






                

    驾驶感受
        
            
            
        
        5
    
    
    奇瑞的三大件实力还是毋庸置疑的，特别是发动机，提速杠杠的，高速超车毫无压力，稍微深踩油门速度一下就起来了。底盘稳的一批，质感比之前的风光580和瑞虎8都强了不少，胎噪和风噪也抑制的比较好，整体来说对得起这10多万的售价。
    
    






            

            




            

    油耗
        
            
            
        
        5
    
    
    对于这么大一台SUV来说，目前9.2的综合油耗已经非常不错了，相信首保过后还会略微降低。
    
    
    
    9.2的综合油耗。
    


    
    
    跑一段高速后降到了8.8，感觉非常不错。
    


    





            
            

    外观
        
            
            
        
        5
    
    
    外观设计那是萝卜青菜各有所爱，个人还是觉得非常不错的，特别是侧面造型，无敌了。
    
    
    
    车头外观见仁见智，实车看起来还是显大气的。
    


    
    
    侧面造型无敌了。
    


    
    
    屁股也很耐看，尾灯造型也漂亮。
    


    





            

    内饰
        
            
            
        
        4
    
    
    内饰整体做工和设计用料都很不错，比瑞虎7和瑞虎8有了较大的提升，唯一就是第二排出风口的造型有点中二，还有就是突出的空调控制按键有可能造成误触。
    
    
        内饰用料
        内饰整体做工和设计用料都很不错，比瑞虎7和瑞虎8有了较大的提升，门板和中控台都是大面积软材质包覆，手感非常好。
        
        
    
    
    门板用了大面积软材质包覆，开门也采用了电触控，科技感一下就上来了。
    


    
    
    化妆镜补光灯没记错的话是首次出现在奇瑞车型上，而且主副驾都有。
    


    
    
    门板储物槽内设置了物理开门拉手，应对突发情况，细节还是挺到位的。
    


    
        座椅舒适性
        座椅软硬适中，包裹性很好，航空头枕体验很好。
        
        
    
    
    
    


    
    
    副驾设置了老板键
    


    
        第二排舒适性
        后排整体舒适性非常不错，地板全平，坐垫也够长，承托性好，长途乘坐不会不舒服。其中高配车型还配备了后排隐私遮阳帘和B柱空调出风口，档次感更高，可惜我的预算有限，只能上豪华版了。
        
        
    
    
    第二排有隐私帘，档次感一下拉满
    


    
    
    B柱出风口，全方位照顾后排乘客。
    


    
    
    唯一的吐槽点就是后排中央出风口了。
    


    





            

    性价比
        
            
            
        
        5
    
    
    作为一台中型SUV，动力、配置都非常不错，价格也很美丽，再加上奇瑞的整车终生质保，个人认为性价比无出其右者，这也是我选择他的原因。
    
    





            
                

    配置
        
            
            
        
        5
    
    
    配置太丰富了，而且车机使用8155芯片非常流畅，智能辅助驾驶也完全够用了。
    
    
    
    车机比虎8的流畅多了，语音控制也很给力。
    


    




            

            



        "
发糕1,2023-10-02 首次发表,"
            
                
                    212km
                    
                    行驶里程
                
                
                    8.9L
                    百公里油耗
                
                
                
                
                
                
                
                
                
                
                
                

                
                
                    18.00万
                    裸车购买价
                
                
                    2023-09
                    购买时间
                
                
                    合肥
                    购买地点
                
            
            
    
    

    
        $(document).ready(function () {
            var koubeiid = 5174155;

        });

    


            
                最满意
                最满意的地方那就是这款的悬架系统了，走在坑洼的道路上，它的减震系统可以很有效的过滤掉其中的抖动，在里面开的话基本上都感受不到很明显的抖动效果。
            
            
                最不满意
                不满意的应该就是这款车的车长有点长，侧方位停车的时候真的有点考验其技术了。停车的时候老是顾头顾不了腚，很烦恼的啊！
            

            

    空间
        
            
            
        
        5
    
    
    虎九这款车的前排空间充足，我175的身高坐在前排一点都不拥挤，而且它有记忆座椅，每次上车都会自动给你调到你最适应的驾驶位置，很实用的设计。
    
    
        ☆ 空间设计亮点
        后排空间是按我前排坐的不动的情况下测试的，我坐下去前排离我腿有三拳半左右的距离，车顶离我头有三拳的距离。可以说这款车对我来说算高得了，逢年过节送礼品后排坐三个成年人也是不在话下的。
        
        
    
    
    
    


    
        车内储物能力
        它的中央扶手箱前排是无线充电，后面是两个水杯架。扶手箱里有个空调出风口。炎热的夏天可以放一杯奶茶饮料之类的放在里面，开完到地方了可以拿出放进去的饮料。这时候已经冰凉的了，喝到口里那是让心理透心凉心飞扬的感受了。
        
        
    
    
    
    


    
    
    
    


    
    
    
    


    
        后备厢容积
        虎九这款车的常规容积就达到了717L，而且第二排座椅支持4/6比例放倒功能，而放倒之后可以和地台形成纯平也将后备厢容积拓展至2021L，完全可以满足全家出行时装载需求，同时也配备了电动后备厢、感应后备厢、电动后备厢位置记忆功能。
        
        
    
    
    
    


    






                

    驾驶感受
        
            
            
        
        5
    
    
    奇瑞的发动机我想知道的人都知道，2.0T的发动机可以加92或者95的汽油。加92的汽油它可以爆发出390T的扭矩，如果你觉得还不够那你可以加95的汽油了。95的汽油那就可以爆发出400T的扭矩，对于2吨不到的车来说，完全大牛拉小车嘛。
    
    
    
    
    


    






            

            




            

    油耗
        
            
            
        
        4
    
    
    它的城市油耗在十个左右，基本上在同级别的车里算偏低的了。这次高速跑回来平均下来在7.8个油，油耗偏低了。
    
    





            
            

    外观
        
            
            
        
        5
    
    
    它的外观设计中，前面的中网设计呈现出直瀑式造型，其中搭配镀铬装饰条，呈现出立体感十足的造型。前大灯组与中网相连，灯体造型修长，同时采用透镜设计，增强了视觉效果。
    
    
        车身做工
        这款车的车身不得不说非常的不错，整体美学非常的nice。不得不说奇瑞的设计师越来越能抓住现在年轻人的审美风格了，比以前奇瑞的车型来说，现在的车型有太大的改变了。
        
        
    
        车尾造型
        它的车尾采用了最新的的贯穿式后尾灯，灯带的下方装饰了黑色的装饰板，给人营造出一种满满的科技感。
        
        
    
    
    
    


    
        
        它采用的是
        
        
    





            

    内饰
        
            
            
        
        5
    
    
    
    
    
        内饰用料
        瑞虎9它的内饰采用了糖塑和皮革组成，座椅采用了仿皮材质包裹并且使用了大量的缝线装饰，体现出了不错的豪华感。
        
        
    
        座椅舒适性
        座椅的支撑性和包裹性都相当不错，而且对表面进行了打孔处理，质感提升的同时也有助于提升乘坐时的透气性。

￼
        
        
    
    
    
    


    





            

    性价比
        
            
            
        
        5
    
    
    这款车的性价比很高了，不到二十万的价格给了你提供了主动刹车/主动安全系统、车道偏离预警系统、前方碰撞预警、内置行车记录仪、道路救援呼叫、前/后驻车雷达、360度全景影像、透明底盘/540度影像、驾驶模式切换（运动、经济、标准/舒适）、自动驻车、上坡辅助、陡坡缓降、全速自适应巡航、L2级辅助驾驶、车道保持辅助系统、车道居中保持、道路交通标识识别、自动空调、后排独立空调、后座出风口、温度分区控制、车内PM2.5过滤装置等科技配置。相同的价位来说基本上能给你的配置都给你配备了。
    
    





            
                

    配置
        
            
            
        
        5
    
    
    这款车采用了高通的8155芯片，也是目前市面上相对来说最高的芯片了
    
    
        车机功能及流畅度
        车机很流畅基本上是一点就通，还支持OTA系统升级，以后可以通过升级来增加更多的车机功能跟娱乐性。
        
        
    
    
    
    


    
    
    
    


    




            

            



        "
成都车友7997474,2023-09-26 首次发表,"
            
                
                    500km
                    
                    行驶里程
                
                
                    11.6L
                    百公里油耗
                
                
                
                
                
                
                
                
                
                
                
                

                
                
                    14.30万
                    裸车购买价
                
                
                    2023-09
                    购买时间
                
                
                    成都
                    购买地点
                
            
            
    
        
            
        
    
    

    
        $(document).ready(function () {
            var koubeiid = 5168167;

        });

    


            
                最满意
                我本来拿驾照也还没有多久，这台车买来也就是上下班使用，有时候出去购物啊，逛街啊更方便。之前上下班天天都是挤地铁，那个-成都一号线真的是挤到怀疑人生，出门买个东西也是很不方便。自从买了这台车出门的次数都直接增加了，以前就是怕走远一点。这个车最满意的就是空间，不光乘坐空间大，后备箱更大。外形也是非常的年轻，设计亮点也还是挺突出的。内饰设计也不错，对称的设计挺有美感。
            
            
                最不满意
                比较不满意的是这台车的悬挂，是真的偏硬，我有一次开车去乡下，一段烂路把我颠惨了。再一个就是对于我来说这个车的油耗还是有点偏高的，虽然车价格不算高，但是出行成本也不算低。
            

            

    空间
        
            
            
        
        5
    
    
    车子的内空做得确实是蛮好的。我最喜欢的还是这个后备箱，非常的深，而且尺寸还高，毫不夸张的说后备箱放三个行李箱都还有空间。只是开口有点低，然后车身高，放重物有点费力。整个车长度有4820mm，高度更是快要两米了。这个作为SUV来说算得上比较大的尺寸了。我这个172cm身高的人坐进去真的不怕笑话，后排可以翘二郎腿，哈哈哈。头顶空间也是非常的高，没有一点点压抑感。
    
    
    
    
    


    
    
    
    


    
    
    
    


    






                

    驾驶感受
        
            
            
        
        5
    
    
    首先就是这个车开起来仪表的现实通俗易懂，对于开车来讲有很好的辅助功能。再就是方向盘也不算重。转方向也不算费力，我女朋友一个小女生都说好开。而且这个车是拥有2.0T的发动机，起步平稳 加速给力，超车稳定。上高速的爆发力也比较强。在城市里面开更是不在话下。就是悬挂偏硬。底盘倒是挺高，有时候停车很方便，不会担心刮底盘。
    
    
    
    
    


    






            

            




            

    油耗
        
            
            
        
        4
    
    
    油耗偏高，官方说是8个油这样，结果我是开出来了十几个油。还是有点偏高的。出行开车是方便，但是成本也随之增加。
    
    





            
            

    外观
        
            
            
        
        5
    
    
    这个车的外形可以说是与时俱进的，尾部很大气，而且尾灯时间贯穿式的长条形。有科技感。侧面的造型虽平，但是腰线比较多，而且还拼凑得很时尚运动。车头的格栅有点撞另一个国产品牌，但是这种也确实是简洁大方。
    
    
    
    
    


    
    
    
    


    
    
    
    


    





            

    内饰
        
            
            
        
        5
    
    
    内饰用料还是中等偏上的。而且这种连屏现在也是十分流行的。而且线条也是撞色的，还有比较柔美的走线。非常漂亮。
    
    
    
    
    


    





            

    性价比
        
            
            
        
        5
    
    
    性价比还是挺高的，这个价格买一辆比较大的SUV日常使用的便捷性挺高。
    
    





            
                

    配置
        
            
            
        
        5
    
    
    配置也还不错。有全景360影像很OK，还有可开启全景天窗。其他娱乐功能也不错。
    
    




            

            



        "
农场主的家,2023-07-07 首次发表,"
            
                
                    2000km
                    
                    行驶里程
                
                
                    7.7L
                    百公里油耗
                
                
                
                
                
                
                
                
                
                
                
                

                
                
                    16.79万
                    裸车购买价
                
                
                    2023-06
                    购买时间
                
                
                    郑州
                    购买地点
                
            
            
    
    

    
        $(document).ready(function () {
            var koubeiid = 5039807;

        });

    


            
                最满意
                关注虎9很久了，6月初终于提车，和家人一起，开始幸福之旅！目前行驶近2000公里，整体很满意，最满意有以下几点：
1，动力强劲，换挡顺畅。
开车参加了一次4s店组织的活动，作为奇瑞最高端SUV很荣幸被安排在头车，带领着一群虎7虎8们一起在黄河边露营，画画，野餐，路途中有一段陡坡，虎9毫不费力，而且稳如老狗，特别是换挡拨片的设计，在上坡时候随时降档和增档，相当顺畅，没有一点顿挫感觉。
2，底盘稳。
之前开的雪铁龙C5，雪铁龙一直以底盘扎实著称，所以就会和C5来对比底盘的扎实性。端午节去了150公里外的九峰山，在走盘旋山路，有时候是180度的大转弯，方向盘丝滑的带动这大块头游走自如，一点都不飘，此时更加体会到虎9底盘的稳定，感觉和轿车的驾驶感受一样，SUV能做到这种体验也确实比较到位了。
3，静音体验超好。
对虎9静音的感受，也是非常满意的，因为没有过磨合期，高速就保持在100以内的速度，静音控制丝毫不亚于40多万BBA，毕竟主驾副驾都是双层夹胶玻璃。特别是开了音乐以后，几乎感受不到外面的噪音。
4，油耗低。
按道理讲，中大型SUV，2.0排量，油耗应该在10以上，但目前虎9油耗的表现完全超出想象。目前开了2000公里，一半市区一半高速，综合油耗7.7，有照片为证，这也是很让我满意的地方。
5，内饰精致。
最初吸引我的就是虎9的白色内饰，一看就是豪车的感觉，可惜只有高配才有白色内饰，资金有限，选择的中配，黑色内饰，但也很不错，能触摸到的地方都是软包，麂皮，打孔皮等，尽显高端豪华。扶手也很宽大，手放着很舒服。
6，环保无异味。
我女儿对汽车的异味很敏感，所以买车前特意带着女儿去店里试驾，她说没有味道，我们才敢放心购车。通过一个月的体验，我也没有感觉有任何异味。
7，服务好。
购车后4s店组织了几次活动，而且主动上门进行车辆检测，赠送礼品，茶具等，让车主备感温暖。
总之，虎9，高速稳，行驶静，油耗低，价格低，无异味，绝对无悔之选。
            
            
                最不满意
                赠送的装饰比较少，就一个脚垫和贴膜，而且贴膜不是很高端，赠送再高端一点的贴膜就好了。
            

            

    空间
        
            
            
        
        5
    
    
    前后排空间没得说，相当宽敞，扶手宽大，感觉很舒服。
    
    






                

    驾驶感受
        
            
            
        
        5
    
    
    2.0动力足够，超越同级别，底盘稳，静音控制的好。
    
    
    
    
    


    






            

            




            

    油耗
        
            
            
        
        5
    
    
    2000公里，一半市区一半高速，7.7，很满意了，还要啥自行车🚲
    
    
    
    
    


    





            
            

    外观
        
            
            
        
        5
    
    
    远看像路虎，近看几分神似林肯航海家，其实是瑞虎，雄起！
    
    
    
    
    


    
    
    
    


    





            

    内饰
        
            
            
        
        5
    
    
    能触摸到的地方，都是软包，各种高端，麂皮，打孔皮等，用料绝对不亚于40多万的BBA
    
    
    
    
    


    





            

    性价比
        
            
            
        
        5
    
    
    置换综合优惠19000，加上盲定的3999，新车有这么大优惠，还想啥？
    
    
    
    
    


    
    
    
    


    





            
                

    配置
        
            
            
        
        5
    
    
    车机流畅，随叫随到，特别是360全景，让你倒车，侧方停车，无忧！
    
    
    
    
    


    




            

            



        "
深夜中的光明,2023-08-23 首次发表,"
            
                
                    340km
                    
                    行驶里程
                
                
                    7.0L
                    百公里油耗
                
                
                
                
                
                
                
                
                
                
                
                

                
                
                    18.39万
                    裸车购买价
                
                
                    2023-08
                    购买时间
                
                
                    北京
                    购买地点
                
            
            
    
        
            
        
    
    

    
        $(document).ready(function () {
            var koubeiid = 5115725;

        });

    


            
                最满意
                最满意的就是我期待的CDC电磁悬挂的表现，起步抬头刹车点头的现象抑制的非常好，比两驱版强，对路面细碎的过滤很干净，对过弯的支撑性很好，抑制车辆的侧倾很到位，这点是出乎我意料的！还有就是油耗给了我一个小惊喜，最低拉到了6.1，虽然是表显油耗，但是我后期肯定是会自己去算一下的，因为本身我之前的车也是这个排量这个重量这个级别的，我之前综合油耗10-12L/100KM，大家等待我后续的测试吧，真实油耗后期我再给大家算一下
            
            
                最不满意
                最不满意的一点就是提车时间太长了，我从6月5号开始定车，直到8月22号才提上车，这点确实让我中间都有些犹豫要不要去提揽月现车了，再有就是中配车型，使用的是固铂轮胎，胎噪略大，比我以前的马牌MC6差一些，因为噪音对整车的NVH会有影响，希望后续厂商可以再压缩下成本，不要吝啬轮胎，因为真的会影响驾乘感受
            

            

    空间
        
            
            
        
        5
    
    
    
        

        0% buffered00:00播放暂停00:00/00:08倍速2x1.5x1.25x1x0.75x0.5x高清高清全屏切换50%75%100%满屏00:00汽车之家视频播放器  之家首页  复制链接  版本号 : 2.5.32

  
    
      
        
        
          
        
        
          
        
        
      
    
  


    
    

    我本人身高1米72，调整好驾驶位坐姿前排头部空间两拳多，后排乘坐腿部空间两拳多，头部空间超两拳，而且整车横向空间非常宽裕，放下儿童座椅再坐两个成人再也不挤了，打满分，而且后备箱空间非常充裕，不放到后排座椅我都觉得很够用了，后排放到都能放个充气床，去露营妥妥的改成床车，哈哈哈
    
    
    
    
    


    
    
    
    


    
    
    
    


    






                

    驾驶感受
        
            
            
        
        5
    
    
    动力表现没得说，2.0T的鲲鹏动力名不虚传，油门调教轻盈，轻点即有，中后段加速随踩随有，8AT调教平顺性很好，升档几乎感觉不到，降档略微有一些拖拽感，我问后排家人他们说感觉不太到，可能是出于驾驶员的敏感吧，现在暂时只是跑了高速环路和国道，其他后续轻越野的性能有机会带孩子出去自驾再试试吧
    
    
    
    
    


    






            

            




            

    油耗
        
            
            
        
        5
    
    
    刚提车两天，跑了高速和很堵的五环路，暂时表显油耗堵车9.3，高速不堵拉到了6.1，感觉非常惊喜，哈哈，这么大的车，这种级别百公里十到十二个都很正常，毕竟以前我的车就这个油耗，但是表显油耗谁也说不准，等我第一箱油加完了再自己给大家算算吧🤭
    
    





            
            

    外观
        
            
            
        
        5
    
    
    我最喜欢这个车的侧面，高挑贯穿的腰线，微微溜背的造型，从侧面看上去就像小星脉，哈哈。不知道各位有没有这种感觉，贯穿式尾灯和整个尾部造型也非常不错，但是我曾经的福特蒙迪欧也是非常帅的，各位亲可以欣赏一下，再给大家欣赏一个车模大鹏展翅，因为新车没来得及照大鹏展翅，今天就直接飞烟台来玩了，哈哈
    
    
    
    
    


    
    
    
    


    
    
    
    


    





            

    内饰
        
            
            
        
        4
    
    
    
        

        0% buffered00:00播放暂停00:00/00:21倍速2x1.5x1.25x1x0.75x0.5x高清高清全屏切换50%75%100%满屏00:00汽车之家视频播放器  之家首页  复制链接  版本号 : 2.5.32

  
    
      
        
        
          
        
        
          
        
        
      
    
  


    
    

    我定的黑棕内饰，一开始还是很期待的，但是略微感觉棕色有点浅，要是虎8P上那种略深一些的，不过现在这种颜色家用更显得温馨一些吧🤭，内饰味道很小，比我之前提蒙迪欧时那可是好太多了，蒙迪欧开5年后味道都有，一开天窗那个臭味啊😭，而且做工用料方面也觉得不错，空调出风口很精致，那小阻尼的清脆感，听上去就有高级的味道，爱了爱了😘，贯穿式的大连屏，很简洁，有人喜欢这种简洁，有人可能会觉得没有实体按键不太方便，我是比较中和的那种，一方面希望简洁一些，一方面又希望常用工能能有实体按键，纠结了😅
    
    
    
    
    


    





            

    性价比
        
            
            
        
        5
    
    
    最终决定提国产车也是觉得性价比出众才选择的，裸车18.39，还有置换补贴1.9，这样的配置这样的级别这样的外观和安全配置，还要什么自行车？虽然自主品牌车回头卖旧车可能会很贬值，但是你看看十年后的crv和十年后的瑞虎9都一样两三万块钱，就算是冠道估计也就比虎9贵个两三万而已，但是买车十冠道可比虎9贵了将近十万啊？你说买哪个值？
    
    





            
                

    配置
        
            
            
        
        5
    
    
    
        

        0% buffered00:00播放暂停00:00/01:05倍速2x1.5x1.25x1x0.75x0.5x高清高清全屏切换50%75%100%满屏00:00汽车之家视频播放器  之家首页  复制链接  版本号 : 2.5.32

  
    
      
        
        
          
        
        
          
        
        
      
    
  


    
    

    就这个车能把我的坏毛病都给改过来，车道保持开开后，速度到60以上你变道不打灯试试，它会跟你抢方向盘，后排你不系安全带，它会一直叮叮叮的响提示你💘扎心了，我除了儿童安全座椅会给他系安全带，其他家里人后排没有系列安全带的习惯，我也没管过，这回不用我管了，有虎9帮我管了😄，360全景倒车影像非常清晰，虽然我的其他车也都有倒车影像，但是我还是习惯看反光镜，回头还是试试这个影像和雷达的精准性，如果精准性够好，我以后可能会依赖这个功能了吧，哈哈哈，最后放了一张汽车之家我这个车的配置截图，其实也没必要，大家自己去看就行，汽车之家的配置非常准确非常全！
    
    




            

            



        "
塞外公路,2023-08-23 首次发表,"
            
                
                    729km
                    
                    行驶里程
                
                
                    9.9L
                    百公里油耗
                
                
                
                
                
                
                
                
                
                
                
                

                
                
                    15.00万
                    裸车购买价
                
                
                    2023-08
                    购买时间
                
                
                    保定
                    购买地点
                
            
            
    
    

    
        $(document).ready(function () {
            var koubeiid = 5115153;

        });

    


            
                最满意
                最满意的当说是瑞虎9舒适的空间和成熟可靠的发动机变速箱搭配，还有锦上添花的四驱系统和CDC悬架，这也是我选择瑞虎9四驱的坚定理由。
            
            
                最不满意
                如果说不满意的话，可能是它没有像自家高端揽月那样高吧，如果能再拔高一点我觉得就更接近完美了
            

            

    空间
        
            
            
        
        5
    
    
    空间方面，全车有很多储物的地方而且使用起来很方便，后备箱更是一张大床。横向宽度比瑞虎8pro要宽两指吧
    
    
    
    
    


    
        ☆ 空间设计亮点
        车内有很多亮点设计，让人一看就爱那种，主要是便携。给我印象深刻的就是后备箱盖板下的大格子，中控通道下方的大面积储物空间和手机无线充电旁边的位置
        
        
    
    
    
    


    
    
    
    


    
    
    
    


    
        乘坐空间
        乘坐空间方面我关注更多的后排，因为老人和孩子经常坐在后排，他们对瑞虎9的乘坐空间满意度很高，腿部空间更是胜过之前的瑞虎8，虽然中间地台小有凸起，但并没有对中间乘客有太大的影响
        
        
    
        后备厢容积
        后备箱容积在同级里算上乘的，如果两边凸起位置能像瑞虎8一样低一点就更完美了
        
        
    
        车内储物能力
        最令我惊喜的就是这个扶手箱里的空间，真的是没有多余的设计，全部让步给了空间，还有门板储物槽，明显感觉比之前瑞虎8要大
        
        
    
    
    
    


    
        第二排空间
        第二排空间整体感觉比瑞虎8要宽敞，尤其是腿部空间优势还是有的
        
        
    






                

    驾驶感受
        
            
            
        
        5
    
    
    驾驶方面，瑞虎9的2.0T高功率发动机不是吃素的，即便在经济模式下，油门深一些，也是能感觉到它动力状态一下子精神爽朗，变速箱还是一个平顺，而且每一档都是顶着往上有，非常好的加速感受
    
    
        起步/加速动力
        起步目前我还是以经济模式来度过首保的前半期，经济模式下油门会略有迟滞，先吼一声告诉大家它要加速了，随后的动力就很平顺的输出了，虽然用的是平顺这个词，但是它的功率强大，再加上调教的平顺，所以整体感受很快又很稳
        
        
    
    
    
    


    
        跑高速
        高速驾驶非常舒服，配合ACC自适应巡航和L2.9级辅助驾驶，简直是一种享受，得益于双层静音夹胶玻璃的密封隔音良好特性，风噪几乎感觉不到
        
        
    
        开空调/满载加速
        现在正是北方最热的时候，每天上车不论早晚都要开空调，最大是开到3档，动力方面没有丝毫影响
        
        
    
    
    
    


    
        方向盘轻重
        方向盘转向很轻盈，而且指向很准，即便单手操作也是非常得心应手，回转力道适中，hold住
        
        
    
    
    
    


    
        刹车灵敏性
        关于刹车方面的脚感，我觉得比之前瑞虎8好，瑞虎8是有将近4分之一的虚位，而瑞虎9几乎是点上就有，而且不是很难把控
        
        
    
    
    
    


    
        弯路/并线稳定性
        弯路驾驶目前就以高架桥盘桥为例，基本上60过的话能感觉到车身被抑制侧倾了，整体姿态很稳
        
        
    






            

            




            

    油耗
        
            
            
        
        5
    
    
    目前油耗表现我还算满意，毕竟这么大的车且还在首保期内，能控制在9.9还是值得分享一下的
    
    
    
    
    


    
        城市油耗
        城市油耗，像我每天有70%快速路，瑞虎9自启动后驾驶油耗估算一般显示在9左右
        
        
    
        高速油耗
        提车后我开了187公里到家，全程90%高速，自适应100这么跑，单程油耗定在6个多，整体油耗降到了8以下
        
        
    
    
    
    


    
        开空调油耗
        开空调油耗会高出0.5左右，整体还能接受
        
        
    





            
            

    外观
        
            
            
        
        5
    
    
    外观我很喜欢，霸气、大气、沉稳，很有欧美风格
    
    
    
    
    


    
        车身做工
        车身做工方面我认为可以打95分了，因为观察过很多之前网友提出来一些问题，在我的虎9车上没发现
        
        
    
    
    
    


    
    
    
    


    
        车头造型
        车头这块我很喜欢，很简约风格，看着不乱
        
        
    
    
    
    


    
        腰线设计
        对于侧面腰线我也很喜欢，整体腰线偏高，提升了大家对整车高大威猛的侧面观感
        
        
    
    
    
    


    
        车尾造型
        车尾方面，虽然没有瑞虎8辨识度那么高，但是，但是亮起来之后非常漂亮，流水的效果也很棒，很有欧洲豪华车的感觉
        
        
    
    
    
    


    
    
    
    


    





            

    内饰
        
            
            
        
        5
    
    
    内饰风格比以前的瑞虎8系列好很多，至少我最喜欢瑞虎9的内饰，很有居家的氛围
    
    
    
    
    


    
        内饰用料
        内饰尽可能给你软质触碰，提升豪华感和品质高，而且用料上没有那种毛边啊异味等瑕疵
        
        
    
    
    
    


    
    
    
    


    
        空调效果
        空调制冷很快，比瑞虎8的制冷效果要好，风力很柔和，压缩机动静也还可以，能接受
        
        
    
        座椅舒适性
        座椅舒适性方面，我觉得瑞虎9做的还是不错的，坐垫承托很好，而且坐垫很柔软
        
        
    
    
    
    


    
        第二排舒适性
        第二排座椅舒适程度应该用享受来形容了，配合宽裕的空间，整体乘坐好非常棒
        
        
    
        ☆ 氛围灯效果
        氛围灯目前我只看到两种颜色，蓝色和红色，但是足够绚丽，搭配内饰风格，非常有合资车的那种高级感
        
        
    
    
    
    


    
        PM2.5过滤效果
        PM2.5目前还没有使用，等到了秋冬季节空气中可能会有可吸入颗粒物，到时候再试验一下
        
        
    
        座椅加热
        前排座椅加热不新鲜，但是瑞虎9居然有全车座椅加热，这个绝对是对全家人的一种呵护
        
        
    
    
    
    


    





            

    性价比
        
            
            
        
        5
    
    
    性价比方面，瑞虎9上市就有不限品牌直接抵扣1万9的置换补贴，首发盲订还有3999的优惠，真的太合适了，再加上四驱至臻版183900的价格，再看看它包括的性格配置真心太棒了，太有优势了
    
    
        购车优惠
        1万9的置换补贴，3999的盲订优惠，真心香
        
        
    
        保养项目
        目前车子还在首保期
        
        
    
        故障维修
        没有任何故障，用起来非常好
        
        
    
        售后服务
        还没涉及到售后
        
        
    
        品牌评价
        我是三辆奇瑞车车主，对奇瑞的品牌非常认可，皮实耐用老百姓买得起
        
        
    
        销售态度
        销售态度非常热情，而且很接地气，咱们老百姓买车就应该多考虑老百姓所想，所以我给奇瑞的销售点赞👍
        
        
    





            
                

    配置
        
            
            
        
        5
    
    
    整体配置很丰富，按照我对用车的预判，瑞虎9的配置5年不过时
    
    
        语音交互准确度
        嗨小奇，语音交互系统非常给力。得益于8155芯片，反应速度超级快，而且有很多非常规的话术也能精准识别并完成指令
        
        
    
    
    
    


    
        手机无线充电便利性
        无线充电最大50W，亲测能达到，而且还带自然风降温功能，这个功能冬天用很赞，夏天的话如果太阳不足的话还是可以起到一定降温作用的
        
        
    
    
    
    


    




            

            



        "
不会忽悠的大飞哥,2023-08-22 首次发表,"
            
                
                    3960km
                    
                    行驶里程
                
                
                    8.9L
                    百公里油耗
                
                
                
                
                
                
                
                
                
                
                
                

                
                
                    17.49万
                    裸车购买价
                
                
                    2023-08
                    购买时间
                
                
                    西安
                    购买地点
                
            
            
    
        
            
        
    
    

    
        $(document).ready(function () {
            var koubeiid = 5113176;

        });

    


            
                最满意
                本人是19款瑞虎8新一代改款后第一批车主，目前行驶了3万公里，因为去4S店里保养，闲来无事去展厅看看新车吧，第一眼就被瑞虎9大气的前脸深深的吸引了，新的前脸设计 直瀑式进气格栅，加上镀铬元素的装饰，给人感觉很有气势。去保养车的时候，按耐不住好奇心试驾了一下，米胖子的轮胎抓地力真的很好，整车质感比我的瑞虎8高了好几个档，底盘优化、避震真的很好，配置吊打20W左右的合资车。建议各位有需要或者购车意向的朋友，务必试驾，货比三家不比不知道，不试不知道，试试会更好。
            
            
                最不满意
                瑞虎9槽点就是，大气中有一点中庸，少了那么一点点豪华和灵性，还有部分人吐槽电释放门把手、怀档（很有BC的高级感）、隐藏式的门把手，真实体验个人感觉是优点大于缺点的，没见到实车之前，看图片和网上说的，后排空调按键，坐中间的人会不会误碰之类的，当我坐在后排真正的去感觉的时候，之前的担心完全是多余的，后排座椅的角度设计，以及瑞虎9的超大空间，除了你去刻意的触碰，否则完全不用担心腿会碰到空调按键。
            

            

    空间
        
            
            
        
        5
    
    
    我是1米78的身高，165的体重，坐进前排头部有两拳的空间，第二排头部一拳多一点的空间，第三排空间可以忽略，因为不到5米的车辆长度，第3排基本上都是一个样子，腿都放不开，二排空间敲个腿很惬意，后备箱也超级大，中间还有个隔层，不常用的东西可以放在下面，真的是让人羡慕。
    
    
    
    这超大的后备箱空间，你爱了吗？
    


    
    
    前排驾驶位置视角，越看越喜欢。
    


    
    
    副驾驶视角
    


    
        第二排空间
        第二排翘着二郎腿，妥妥的老板座，深深的喜欢
        
        
    
    
    
    


    






                

    驾驶感受
        
            
            
        
        5
    
    
    相比我的瑞虎8，虎9的的低速顿挫，几乎可以忽略不计，他的避震和底盘真的很好，比虎8高了好几个档次，就是50W 的车才又有得底盘高级感，唯一需要注意的是，一定要仔细去了解他的驾驶辅助功能，车道保持会紧急避险，也就是俗话说的抢方向盘，一定要注意，别误操作反过来影响驾驶安全，还有应急避让功能，都要多多了解，让他为我们的安全添砖加瓦。
    
    






            

            




            

    油耗
        
            
            
        
        5
    
    
    我的瑞虎8，平时表显8.2左右，夏天市区开空调多了会到8.6，高速7.5左右。因为雨天驾驶的路程短，瑞虎9的综合表显行驶600公里，综合油耗8.9，因为是新试驾车，公里数不大，还属于磨合期，这么大的车，很惊喜了。
    
    





            
            

    外观
        
            
            
        
        5
    
    
    车身修长，线条流畅，真的想拿瑞虎8置换瑞虎9的想法
    
    
    
    圆润的尾部，真的是喜欢
    


    
    
    
    


    





            

    内饰
        
            
            
        
        5
    
    
    满满的高级感，后排侧出风，感觉这个是高档车才会有的。
    
    
    
    
    


    





            

    性价比
        
            
            
        
        5
    
    
    瑞虎9现在还是新车上市，没有现金的优惠，有一个置换补贴19000元，但是新购车的话有7000元的现金优惠，少数地方有补贴，真的是好，西安目前是没有的。心动真的心动，但是去拿折损一半多的虎8去换虎9，荷包还是很疼的，再加上这2年YQ的因素，上有老下有小都需要银子，暂时再忍忍。希望后期政策越来越好，自己越来越好，早点开上瑞虎9。
    
    





            
                

    配置
        
            
            
        
        5
    
    
    满意最高的是，试驾的时候稍微有一点困，打了几个哈欠，眨巴了几下眼睛，就提醒我疲劳驾驶，窗户开了一点小缝隙，还播放音乐，立马有风吹进来了，哈哈，偷笑一下，太人性化了。紧急避让，主动刹车，真的太好了，当时买虎8的因素就是因为有主动刹车，能提高我们的行车安全。瑞虎9性价比当之无愧的国产担当，力荐！
    
    
    
    大连屏满满的科技感。
    


    
        手机无线充电便利性
        无线充电，人性化的加了防滑垫，以及多功能区，这样的瑞虎9，你怎能不爱。
        
        
    
    
    
    


    




            

            



        "
ao3d9lm,2023-08-10 首次发表,"
            
                
                    160km
                    
                    行驶里程
                
                
                    11.0L
                    百公里油耗
                
                
                
                
                
                
                
                
                
                
                
                

                
                
                    14.00万
                    裸车购买价
                
                
                    2023-08
                    购买时间
                
                
                    益阳
                    购买地点
                
            
            
    
    

    
        $(document).ready(function () {
            var koubeiid = 5093966;

        });

    


            
                最满意
                买车前因
从疫情期间就一直关注国产车了，不知怎么的，本人对合资车的欲望没有那么强烈，处于种种原因，一直都在观望状态，比较中意的还是国产车，可能身边朋友提的星越L，领克03，CS75，比亚迪宋，哈佛H7等等，受他们的影响吧。考虑家用，以前深圳一有车展，但凡有点空闲时间我都要去看车😅😅

​之前看了很久的虎8系和凌云，试驾了好几次也一直没有买，囊中羞涩ᥬ😂᭄，朋友都催我还不提车。直到回老家，家里宝宝出生，想着以后用车的地方会比较多，出行会方便点，就有了真正买车的打算。之前其实是比较看中老款凌云400T，因为那个时间段优惠大，后面去4S的时候，老款凌云没得卖了，去晚了，只有刚上市的新款，优惠力度小，有点伤心，直到看到虎九后，被这个大前脸惊艳到了，青岛超级工厂产的，和瑶光同平台的虎9，想着应该也挺不错，陇式车身和高强度缸占比达到85%的特点，以及一体冲压成型的车门和出色的关门质感，后面试驾了后，和媳妇商量好了就直接订车了

下面谈谈我的感触
            
            
                最不满意
                吐槽
这么优秀的发动机，这么优秀的动力，厂家竟然这么低调，把车尾400T标都给省了，太不应该了，太小气了，拼夕夕买个还要18块

没实体按键刚开始不太习惯，需要适应，现在已经习惯呼叫小奇了,360全车影像，科技感满满!
            

            

    空间
        
            
            
        
        5
    
    
    
        

        0% buffered00:00播放暂停00:00/00:09倍速2x1.5x1.25x1x0.75x0.5x高清高清全屏切换50%75%100%满屏00:00汽车之家视频播放器  之家首页  复制链接  版本号 : 2.5.32

  
    
      
        
        
          
        
        
          
        
        
      
    
  


    
    

    首先感触最大的便是空间了，瑞虎9的车身长宽高分别为4820*1930*1699mm，定位是中型SUV，轴距达到了2820mm
    
    
    
    
    


    
        后备厢容积
        后备箱也够大，我买了全包垫，垫子下面还有两暗格，中层储物格，很大，最下层暗格是备胎
        
        
    
    
    
    


    
    
    
    


    
    
    
    


    
        ☆ 空间设计亮点
        中控扶手箱，集成了前后排座椅加热控制，驾驶模式设置、无线充电处带空调出风口，防止充电手机过热，这个比较赞，带多功能杯架放置，大储物箱，按键也是阻尼感满满
        
    
        

        0% buffered00:00播放暂停00:00/00:29倍速2x1.5x1.25x1x0.75x0.5x高清高清全屏切换50%75%100%满屏00:00汽车之家视频播放器  之家首页  复制链接  版本号 : 2.5.32

  
    
      
        
        
          
        
        
          
        
        
      
    
  


    
    

        
    
    
    
    


    
    
    
    


    
        第二排空间
        由于我买的是5座版本，第二排空间十分宽敞，前排驾驶位调好的情况下，身高1米7的我坐进二排还能有3拳多的腿部空间二排地板纯平
        
    
        

        0% buffered00:00播放暂停00:00/00:40倍速2x1.5x1.25x1x0.75x0.5x高清高清全屏切换50%75%100%满屏00:00汽车之家视频播放器  之家首页  复制链接  版本号 : 2.5.32

  
    
      
        
        
          
        
        
          
        
        
      
    
  


    
    

        
    
    
    
    


    






                

    驾驶感受
        
            
            
        
        5
    
    
    经济模式，起步很稳，不用担心动力太太，往前窜，至于后段加速，试驾过的都知道，奇瑞的马力，那是随叫随到

之前试驾的时候，感觉车头好大，像开卡车，怕开不习惯，不好停车什么的，后面开了几次熟悉了，感觉还是挺好的，村里头，狭窄的小路上，已经游刃有余
    
    
    
    
    


    
    
    
    


    






            

            




            

    油耗
        
            
            
        
        4
    
    
    油耗，目前开了一百六十公里，APP显示挺高的，但应该没有这么多，之前在车库打开发动机，空调研究车，搞了挺长时间，加上每次去小镇上拿快递就开个4---5公里，都是走的村里小路，速度搞不上去，车友群里的都挺低的，使用环境不一样，油耗也不一样，感觉也没有必要太纠结。
    
    
    
    
    


    
    
    
    


    
    
    
    


    





            
            

    外观
        
            
            
        
        5
    
    
    白色车身，真的很大气
    
    
    
    
    


    
        车头造型
        看我大鹏展翅，鹏程万里，哈哈
        
        
    
    
    
    


    
        腰线设计
        这个角度线条感十足
        
        
    
    
    
    


    
    
    
    


    





            

    内饰
        
            
            
        
        5
    
    
    黑色内饰酷酷的，内饰材质很有质感，选的白色车身看着很大气，高通8155车机芯片，车机它的内饰设计和用料也比较显档次，12.3英寸的液晶仪表组成了联体式的大屏，内部带有导航、语音识别控制、车联网、4G网络以及Wi-Fi热点等功能，用手指操作屏幕，没有任何卡顿，软件的打开速度也足够快。中控台由皮质和木纹饰板所覆盖，摸上去很有质感，座椅的调节按键被放在了门板上，看上去有豪车的既视感。用料确实非常扎实，至于好不好看，萝卜白菜，各有所爱😅😅😅
    
    
    
    
    


    
    
    
    


    
    
    
    


    
        座椅舒适性
        座椅非常舒适，软硬适中，包裹感很强，腰部头部支撑到位，前排带座椅通风和加热，
豪华版及以上版本的，二排座椅带加热功能
        
    
        

        0% buffered00:00播放暂停00:00/00:18倍速2x1.5x1.25x1x0.75x0.5x高清高清全屏切换50%75%100%满屏00:00汽车之家视频播放器  之家首页  复制链接  版本号 : 2.5.32

  
    
      
        
        
          
        
        
          
        
        
      
    
  


    
    

        
    
        ☆ 氛围灯效果
        256色氛围灯，可以分区控制，多色多模式可调，氛围拉满🈵
        
    
        

        0% buffered00:00播放暂停00:00/00:41倍速2x1.5x1.25x1x0.75x0.5x高清高清全屏切换50%75%100%满屏00:00汽车之家视频播放器  之家首页  复制链接  版本号 : 2.5.32

  
    
      
        
        
          
        
        
          
        
        
      
    
  


    
    

        
    
        空调效果
        空调制冷效果快，可语音控制，可手操控，多个空调出风口，前后排独立空调，比较照顾一年四季后排乘坐人员出行感受
        
    
        

        0% buffered00:00播放暂停00:00/00:50倍速2x1.5x1.25x1x0.75x0.5x高清高清全屏切换50%75%100%满屏00:00汽车之家视频播放器  之家首页  复制链接  版本号 : 2.5.32

  
    
      
        
        
          
        
        
          
        
        
      
    
  


    
    

        
    
    
    
    


    
    
    
    


    





            

    性价比
        
            
            
        
        5
    
    
    
    
    
        保养项目
        新车送首保，整车享受奇瑞终身质保服务，感觉还不错
        
        
    
    
    
    


    
        购车优惠
        任意车型置换补贴1.9W，没有置换，可以以享受现金优惠，两者不能叠加同时享
        
        
    





            
                

    配置
        
            
            
        
        5
    
    
    配置很丰富，360全景影像都有，倒车什么的不用担心
    
    




            

            



        "
开瑞虎的铁锤,2023-08-09 首次发表,"
            
                
                    1500km
                    
                    行驶里程
                
                
                    11.8L
                    百公里油耗
                
                
                
                
                
                
                
                
                
                
                
                

                
                
                    16.79万
                    裸车购买价
                
                
                    2023-06
                    购买时间
                
                
                    郑州
                    购买地点
                
            
            
    
    

    
        $(document).ready(function () {
            var koubeiid = 5093572;

        });

    


            
                最满意
                我的车是尊贵版，可能发帖的时候选错了，统一说明一下
最满意的地方应该就是奇瑞瑞虎9的颜值了，本来是打算买23款瑞虎7plus或者瑞虎8pro的，结果到店里看到瑞虎9完全就沦陷了，不管是是前脸、尾部还是侧颜，我感觉都是非常亮眼的，好几次被一些不太懂车的大爷大妈问，这车是不是要好几十万，走在路上也经常引来路人频频回头
            
            
                最不满意
                最不满意的地方应该就是电子手刹和紧急报警灯的位置，电子手刹设计在车门那一侧的灯光区旁边，紧急报警灯居然设计在车顶调节天窗的那块，这两个非常常用的设计如果能集成在中控台或者中央扶手上就好多了，不过开了一个多月，已经习惯了
            

            

    空间
        
            
            
        
        5
    
    
    我身高180，体重155斤左右，坐在驾驶位头部空间大概有一圈多一点，头部空间还是比较大的
    
    
    
    
    


    
        第二排空间
        可能是因为采取了溜背的造型，我感觉后排的头部空间甚至还没有瑞虎8的大，不过我的身高坐在后面大概还是有1拳左右的距离，家人都说坐在后排比之前那辆车舒服多了
        
        
    
    
    
    


    
        后备厢容积
        因为我选的是5座版本，所以后备箱空间非常大，我记得当时看车销售说是后排座椅放倒容积能达到2000升，反正比家里原来那台老哈弗H6的空间大多了
        
        
    
    
    
    


    






                

    驾驶感受
        
            
            
        
        5
    
    
    当时买车的时候其实就是冲着奇瑞的发动机来着，2.0T的发动机动力可以说是随叫随到，我一般都用标准模式，跑高速的话一般会用运动模式。红绿灯起步除了电车以外，基本上不会落后，高速上超车后段加速动力也非常强
    
    






            

            




            

    油耗
        
            
            
        
        4
    
    
    刚提车的时候油耗比较高，达到了14个油，可能和天气热有很大关系，我上车都是空调开到最低，然后风量最大，有时候天气热就是提前打火开空调降温。另外，提新车了脚底下老是没轻没重，老想试试加速能力，14多个油其实也能接受，毕竟它喝的是92粗粮
    
    
    
    
    


    
        高速油耗
        买车以后，跑过几次高速，高速油耗比市区低多了，如果平均速度120的话，大概是8个油左右，如果速度100的话，就只有6点几个油
        
        
    





            
            

    外观
        
            
            
        
        5
    
    
    我最喜欢的就是它的车头，造型非常大气，虽然瑞虎7plus那个前脸和这个差不多，但是看着有点小气，也比瑞虎8pro那个前脸更有科技感，也算是忠于颜值了
    
    
    
    
    


    
        腰线设计
        我自己没有拍过车的侧身照片，这是刚提车和朋友一块出去玩，他给我拍的车侧面，感觉从侧面看的话，还是很有高级感的，流线型的车身搭配比较有辨识度的轮毂，非常有豪车的高级感
        
        
    
        车尾造型
        相较于车头，车尾的设计我个人感觉略显平庸，整个看上去就像一个平面一样，没有凹凸有致的感觉。不过尾灯的效果还是不错的，双边双出的排气口设计也比较精致
        
        
    
    
    
    


    





            

    内饰
        
            
            
        
        5
    
    
    购车之前，我也试驾过同价位其他品牌的车，也试驾了奇瑞其他型号的车，总得感觉瑞虎9的内饰设计真的是具有划时代意义的。不同于此前家族化的设计方式，一款方向盘或者中控台好几个型号的车用，瑞虎9的内饰可谓是全新设计
    
    
    
    
    


    
        内饰用料
        试驾过瑞虎9的车友应该对这台车的内饰和用料有直观的感受，除了用料比较扎实以外，感觉能呈现出来一些高级感，比如把座椅调节放在车门上，采用了电吸门，氛围灯效果也相当不错
        
        
    
    
    
    


    
        空调效果
        空调制冷效果还是不错的，基本上上车前2分钟远程启动空调，上车后就感受不到热浪了，不过总得感觉空调调到最低还是不是特别凉快，可能是天气太热了
        
        
    
        第二排舒适性
        后排座椅相对来说也是比较舒适的，后面B柱上也有独立的空调出风口，后排也能对空调进行调节，后排还搭载了遮阳帘，这个绝对值得点赞，夏天用起来非常方便，而且比装的严丝合缝多了
        
        
    
    
    
    


    
        座椅舒适性
        无意间从后排拍了一张主驾座椅，是不是感觉非常的厚实，舒适度可想而知了。除了电动调节，记忆座椅，还有电动腰托，座椅通风，座椅加热，配置基本上拉满了
        
        
    
    
    
    


    





            

    性价比
        
            
            
        
        4
    
    
    目前才行驶了1500公里左右，距离保养还有一段时间，从目前来看，油耗12升左右，平均一公里一块钱，对于一台空重1.8吨的车来说，我觉得已经非常满意了。不过有两次出现过仪表盘有故障灯出现的情况，熄火再打火就消失了，问了一下售后和车友，都说是正常现象，果然是重启治百病，不过这个确实值得改进
    
    





            
                

    配置
        
            
            
        
        5
    
    
    个人感觉这个价位里面，比瑞虎9配置高的应该不多了吧，主动刹车、疲劳检测、开门碰撞告警、透明底盘等等，基本上用得到的配置都有，另外瑞虎9用的是8155芯片，整体的操作流畅度非常不错，可能是处理能力变强了，车机里面多了很多功能，看得人眼花缭乱。50瓦的无线充电可能只有30/40瓦，但是充电速度也是比较快的。语音助手反应还算比较快，不过有时候副驾说话会没有反应，或者是莫名其妙的来上一句。总的来说，没有辜负我的期望吧，后面如果还有什么新的用车感受，再和大家分享吧
    
    
    
    
    


    
    
    
    


    
    
    
    


    




            

            



        "
迷猫6,2023-07-22 首次发表,"
            
                
                    1300km
                    
                    行驶里程
                
                
                    10.0L
                    百公里油耗
                
                
                
                
                
                
                
                
                
                
                
                

                
                
                    15.60万
                    裸车购买价
                
                
                    2023-06
                    购买时间
                
                
                    佛山
                    购买地点
                
            
            
    
    

    
        $(document).ready(function () {
            var koubeiid = 5064376;

        });

    


            
                最满意
                一、外观真的让我爱上这车了，这车外观真的长在在我的审美上，前脸的竖向进气格栅修长的机头盖让它看着沉稳大气，侧面溜背是的后尾让他有点运动的风范。
 二、配置丰富，车机芯片较新，系统流畅度好，还有5年的无限流量套餐，现在都快成一个车载wifi了。
 三、前排座椅包裹性好，比较软，座椅通风在广东夏天真的很友好。
 四、底盘的行驶质感确实随着平台的提升有质的改变。隔音效果确实好。动力也充足，超车无压力。
            
            
                最不满意
                1.中控马鞍问题:马鞍太大，导致视觉上前排空间不大，让人感觉很挤，实际还行，主驾驶一侧马鞍上的滚轮位置刚好在搭手的位置，容易误触重启系统或者调节音量，马鞍上副驾驶一侧的座椅加热和前后档除雾加热容易误触，容易坐着坐着屁股烫人。
 2.后排座椅中间很硬，没有两边软，坐久容易屁股疼，后排出风口那个空调按钮也是很容易误触，底部悬空突出有点多，刚好对着膝盖容易误触导致后排座椅莫名其妙就加热了。
 3.第三排因为溜背式的设计导致只能坐1.6以下的孩子，如果是1.7就会顶头，空间利用不佳。
 4.起步猛踩油门会打滑。
 5.行车记录仪那个黑盒子太大，有点影响视野，且里面没有装风扇散热，导致容易高温，出现过一次故障码，希望厂家后续能升级优化这一个缺点，毕竟报故障码，容易影响行车安全。
 6.座椅记忆功能有时会失效，导致座椅处于迎宾状态，后视镜记忆每次调整会有误差，需要定期调整后视镜。
            

            

    空间
        
            
            
        
        5
    
    
    整体空间算比较大。但是由于适用于油电混合车型的平台打造，地盘离地间隙比一般suv较高，对比同类型车型空间略小
    
    
    
    
    


    
        后备厢容积
        这是7座的后排空间。第三排座椅放平相当于大五座，如果二排放倒可以放比较大的物件
        
        
    
    
    
    


    
        第二排空间
        二排中间地板全平，这点好评，座椅两侧舒适度很不错，中间座椅靠背和坐垫较硬
        
        
    
    
    
    


    
        ☆ 第三排空间
        溜背式车身三排座椅坐1.7以下的人会顶头，1.7以下就不会，基本适用于小孩子乘坐，此处不配图了。基本不打开第三排座椅
        
        
    






                

    驾驶感受
        
            
            
        
        5
    
    
    在隔音方面真的很不错，这种隔音想效果可以说媲美合资25万到30万的车。这车减震有点软，个人感觉，有点像坐船，不知道算不算好。但是过颠婆路段的时候振感还是很明显。减震的调教还是差点。
    
    
    
    
    


    
        起步/加速动力
        双离合的调教很好，基本感觉不到换档的顿挫，也有可能新手体验不出来。但是起步油门踩太猛轮胎会打滑，感觉奇瑞的车起步都不太行，只有中后段才发力，试驾8pro也一样，可能是一种保护机制吧。
        
        
    
    
    
    


    
        跑高速
        2.0的动力真是随叫随到，第一次上高速120我踩油门还能感觉到推背感，且高速上面隔音效果还不错。
        
        
    
        弯路/并线稳定性
        suv过弯的侧倾是比较大的。建议过弯时一定要降低车速。这车车头很长容易剐蹭，我去看了很多合资车别人设计车的里面跟国产还是有点区别的，合资车头并不会太长太方正，相比来说国产为了颜值牺牲了驾驶体验。
        
        
    
    
    
    


    






            

            




            

    油耗
        
            
            
        
        4
    
    
    上下班代步。目前15000公里，均速22，平均油耗11.8
    
    
    
    
    


    
        城市油耗
        用车都是集中在早上7点上班晚上5点下班，基本在高峰期，市区油耗目前综合下来12个，基本在1块一公里吧，不过中型suv而且2.0的动力，这个油耗是在我的预算之内的，毕竟没有想让马儿跑又不让马儿吃草的道理。
        
        
    
        开空调油耗
        对于表显油耗，都是不开空调的理想状态油耗，不开空调确实可以标多少跑多少，最多2到3公里的误差，这是我上下班测试的。如果开空调可以跑百分之70左右的表显续航
        
        
    
    
    
    


    
    
    
    


    





            
            

    外观
        
            
            
        
        5
    
    
    车身外观这车是长在我审美上的，外观因人而异。这里不做过多评价。
    
    
    
    
    


    
    
    
    


    
        车头造型
        前脸霸气竖向进气格栅设计，车头两侧圆润，大气不失圆润
        
        
    
    
    
    


    
        腰线设计
        侧面腰线配个溜背造型，运动又不失稳重
        
        
    
    
    
    


    





            

    内饰
        
            
            
        
        4
    
    
    空调出风口比较多，前排座椅支持通风再也不用开车湿屁股了，内饰做工有明显提升，
    
    
    
    
    


    
        内饰用料
        座椅采用打孔仿皮设计，门板和中控多个地方采用软皮材质包裹，看着档次不一样。大范围的软包比某些合资塑料强太多
        
        
    
    
    
    


    
    
    
    


    
        第二排舒适性
        二排两侧座椅的包裹性和舒适性还是不错的。不过二排中间位置的座椅靠背和坐垫都比较硬，不舒服
        
        
    
    
    
    


    
        ☆ 氛围灯效果
        256色氛围灯，但是颜色单一。颜色不能变化，只能选指定颜色，这个256色氛围灯差评
        
        
    
    
    
    


    





            

    性价比
        
            
            
        
        4
    
    
    综合来说在16到18万这个价位，该有的功能都有，外观深得我心。但是终身质保绑定了售后服务，使用成本还是有点高。
    
    
    
    
    


    
        购车优惠
        盲定4000优惠。加2000抵9000的优惠。一共优惠了1万1，最终落地价在17.6万
        
        
    





            
                

    配置
        
            
            
        
        5
    
    
    堆配置是国产的最大优点，目前个人使用来说真的很方便也很喜欢。风琴式踏板也是我比较喜欢的一个配置，比悬空的那种踏板更精准，脚感觉因为真的很方便。空调出风口很多，而且每个都是可以控制关闭出风的，这个对于车上多个人乘坐的时候特别友好，因为有时我们觉得冷别人觉得热，现在可以直接调节对应风口的出风大小，目前来说这车配置上面的使用没遇到什么大问题，个人还是比较满意的
    
    
    
    
    


    
        360全景影像实用性
        360的全景影像对新手真的很友好，虽然但是，我还是发生了两次剐蹭，不知道该不该庆幸，如果没有这个功能会不会更多剐蹭呢？现在停车全靠360全景了。原车自带360影像还是比较清晰的
        
        
    
    
    
    


    
        手机无线充电便利性
        主驾驶一侧无线充电，日常开空调太阳不直晒还是比较好用的，但是太阳直晒会导致温度过高无法充电，无线充电位置的出风口形同虚设，没啥用
        
        
    
    
    
    


    
        车道保持智能度
        车道保持在压线的时候会抢方向盘力度居中，个人蛮喜欢的
        
        
    
        车载导航实用性
        目前车机系统支持高德地图，支持语音包，车机导航高德版本比较新。安卓手机在高德上也能直接投屏到车机，这样别人发地址直接可以用手机然后投屏同步到车机，这点好评。
        
        
    
        车机功能及流畅度
        车机芯片采用8155的芯片，有这个芯片的加持，我感觉车机系统流畅度还是很不错的，目前使用两个月来说还没遇到过车机重启的问题，语音助手识别起来也准确，因为我上下班是一个人，用语音助手比较多。
        
        
    




            

            



        "
卢辰风,2023-07-14 首次发表,"
            
                
                    3500km
                    
                    行驶里程
                
                
                    8.9L
                    百公里油耗
                
                
                
                
                
                
                
                
                
                
                
                

                
                
                    16.50万
                    裸车购买价
                
                
                    2023-06
                    购买时间
                
                
                    龙岩
                    购买地点
                
            
            
    
        
            
        
    
    

    
        $(document).ready(function () {
            var koubeiid = 5051978;

        });

    


            
                最满意
                首先做为中大型SUV虎9的外观显得很有辨识度，给人成熟稳重的感觉。车内空间充足，大个子用车也不会有拘束感。 其次虎9在动力上对比之前的车系是有很大提升的，虎9全系标配2.0T，超车毫无压力，而且通过近一个月的使用，油耗在同等级别的车应该是最省的，平均9个油，高速跑了一趟只要6升多。 最后在智能配置上也有挺多实用的功能，如车的远程查看车辆位置，倒车时后视镜会自动下翻功能都比较有实用性，以前倒车的时候总会担心剐蹭问题，现在的设计就可以避免这种情况了。还有就是开门如果后方有车会自动提示，还带有主动刹车，如果出现驾驶分心的情况，他会帮你刹车，大大提高了行车的安全性。
            
            
                最不满意
                唯一遗憾的是车道偏离、预警等有速度限制，其实，高速行驶反而会聚精会神；低速行驶容易分心，希望后期可以优化。
            

            

    空间
        
            
            
        
        5
    
    
    车内空间充足，储物和乘坐方便实用，也不会有拘束感。
    
    
    
    买车时看了五座和七座的，但考虑到很少多人乘坐，大五座第二排确实舒服可以翘二郎腿了，果断选择了大五座。
    


    
        后备厢容积
        超大的后备箱储物空间，周末外出露营或去钓鱼放一些装备十分方便，这后备箱空间爱了。
        
        
    
    
    超大的后备箱储物空间，周末外出露营或去钓鱼放一些装备十分方便，这后备箱空间爱了。
    


    






                

    驾驶感受
        
            
            
        
        5
    
    
    虎9在动力上对比之前的车系是有很大提升的，虎9全系标配2.0T，超车毫无压力，方向感十分清晰，高数驾驶配合辅助功能，轻松惬意。
    
    






            

            




            

    油耗
        
            
            
        
        5
    
    
    通过近一个月的使用，油耗在同等级别的车应该是最省的，平均9个油，高速跑了一趟只要6升多。
    
    





            
            

    外观
        
            
            
        
        5
    
    
    虎9的外观大气沉稳，整体的流线流畅协调，十分的耐看。
    
    
    
    
    


    





            

    内饰
        
            
            
        
        4
    
    
    内饰做工精细，细节的地方处理的到位。新车用料环保，异味很少，能保证车内的空气质量，家里有小孩的乘车也不用担心了。
    
    
    
    内饰做工精细，有质感，是奇瑞一个很大的进步。
    


    





            

    性价比
        
            
            
        
        4
    
    
    个人感觉奇瑞的性价比还是比较高的，20万以内的预算选奇瑞在配置上面都可以做到很高配了，加上现在奇瑞厂家给出的一些优惠政策比如置换补贴等，总体下地的话还是比较划算的。
    
    





            
                

    配置
        
            
            
        
        5
    
    
    在智能配置上也有挺多实用的功能，如车的远程查看车辆位置，倒车时后视镜会自动下翻功能都比较有实用性，以前倒车的时候总会担心剐蹭问题，现在的设计就可以避免这种情况了。还有就是开门如果后方有车会自动提示，还带有主动刹车，如果出现驾驶分心的情况，他会帮你刹车，大大提高了行车的安全性。
    
    
    
    
    


    
    
    
    


    




            

            



        "
星篆,2023-07-14 首次发表,"
            
                
                    1526km
                    
                    行驶里程
                
                
                    9.4L
                    百公里油耗
                
                
                
                
                
                
                
                
                
                
                
                

                
                
                    14.79万
                    裸车购买价
                
                
                    2023-06
                    购买时间
                
                
                    重庆
                    购买地点
                
            
            
    
    

    
        $(document).ready(function () {
            var koubeiid = 5050762;

        });

    


            
                最满意
                6月24号提车（瑞虎9、豪华版、云灰色、7座）到现在，行驶里程1526公里（含20%高速公路里程），用油143.34升，平均油耗9.4升/100km。裸车价格14.79万元（指导价16.69万-置换补贴1.9万=裸车价14.79万元）。现结合这半月使用，综合讲述我个人的使用感受分享给大家。1、虎9外观和尺寸作为我个人来讲是非常满意；2、内饰非常漂亮，可以对比高档车辆；3、动力方面不用我多说大家都知道的；5、车身稳定和减震调校这块，个人感觉很稳，偏舒适；6、车机系统反应灵敏、速度快。
            
            
                最不满意
                对于虎9不满意的地方就是360全景影像的图像显示略显粗糙，图像衔接变形较大。
            

            

    空间
        
            
            
        
        4
    
    
    整体空间布局还不错，就是第三排的乘坐高度偏矮了。本人1.75米的身高坐第三排，头顶无富裕空间，颠簸时易撞头。
    
    






                

    驾驶感受
        
            
            
        
        5
    
    
    驾驶平稳，舒适，动力输出强劲。过弯道倾斜不明显。
    
    
        弯路/并线稳定性
        低速和高速过弯路、并线时车身均保持稳定无侧倾。
        
        
    






            

            




            

    油耗
        
            
            
        
        4
    
    
    本人主要以上下班通勤为主，少量高速为辅（总里程的20%为高速里程）。现平均油耗9.4L/100km。
    
    
    
    
    


    
    
    
    


    
        城市油耗
        城市综合油耗根据个人的开车习惯，我开车较为佛系，在不发生堵车的情况下，油耗基本为7.2-8.5升这范围内（因所在城市为山地城市所以油耗变化较大），一般上下班高峰油耗为8-10升这个范围内。
        
        
    





            
            

    外观
        
            
            
        
        5
    
    
    青菜萝卜各有所爱，自己最喜欢就好。这个就不评价了。
    
    
    
    
    


    





            

    内饰
        
            
            
        
        5
    
    
    内饰做工还不错，可以与高档车辆对比，只是细节之处有待提高。缺点:第三排无空调出风口，第二排出风口的出风量很小。
    
    
    
    
    


    
    
    
    


    
    
    
    


    





            

    性价比
        
            
            
        
        5
    
    
    提车半月，行驶里程未到保养时间和里程，暂时不清楚保养费用多少。
    
    
        购车优惠
        裸车价格14.79万元（指导价16.69万-置换补贴1.9万=裸车价14.79万元），落地价16.6万元=裸车价14.79万 保险4500 上户500 购置税。
        
        
    





            
                

    配置
        
            
            
        
        4
    
    
    1、车机助手的智能程度相对一般，不能在长途旅途中陪驾驶员聊天解闷；2、360全景影像的图像显示略显粗糙，图像衔接变形较大；3、其他车机功能都还挺不错的，切换和反映速度很快。
    
    




            

            



        "
郑州车友6436623,2023-07-13 首次发表,"
            
                
                    1019km
                    
                    行驶里程
                
                
                    9.0L
                    百公里油耗
                
                
                
                
                
                
                
                
                
                
                
                

                
                
                    14.40万
                    裸车购买价
                
                
                    2023-06
                    购买时间
                
                
                    郑州
                    购买地点
                
            
            
    
        
            
        
    
    

    
        $(document).ready(function () {
            var koubeiid = 5049450;

        });

    


            
                最满意
                关注瑞虎9有一段时间了，我觉得咱们国产车现在技术做工各方面都比较成熟，今年初和家人商量了一下想换车，开始对比了长安的cs95.吉利的星越L，最后结合家人的意见和我自己的想法，最终喜提虎9。最让我满意的就是外观，看着非常大气，线条简洁而不简单，非常耐看，高端大气，设计的一点都不输合资车。另外这个车的空间非常大，我们一家四口出去旅游，带些行李物品，空间也绰绰有余，特别满意。
            
            
                最不满意
                自己精心挑选的，目前看着都挺好，刚买不到一个月，还没跑过长途，待我多体验下性能，再来评价。
            

            

    空间
        
            
            
        
        5
    
    
    这款车的车身整体比较大，所以空间没得说，非常宽敞舒适，我亲戚180厘米的身高，说坐这车毫无压迫感，一点儿也不顶头，而且后排空间也很宽敞，翘二郎腿自如，后面座椅可以放得非常平（如图），平时要是拉个东西，搬家什么的，用起来应该没问题，空间大，并排躺两三人都可以，出去旅游玩累了在车上休息也很不错，对空间很满意。
    
    
    
    
    


    
    
    
    


    
        乘坐空间
        空间很宽敞，家人都反应坐上没有压迫感，舒适感强。
        
        
    
    
    
    


    
    
    
    


    






                

    驾驶感受
        
            
            
        
        5
    
    
    我买这款是2.0两驱豪华的，对我来说动力方面足够用了，在河南大部分都是平原，没有特别复杂的路况，这个车的悬架是麦弗迅和多连杆，优势就是驾驶舒适性，抓地感强，有很好的车身稳定性，日常开没问题，爬坡挺给力，日常超车也是迅猛无比，推背感很强，我目前还没高速行驶过，待体验后和大家分享。
    
    
    
    
    


    
    
    
    


    






            

            




            

    油耗
        
            
            
        
        4
    
    
    刚买回来将近一个月，我在城市开的比较多，在市区做生意，偶尔接送下孩子，最近郑州40度高温天气，每天都开空调，目前油耗9个多，和我预期的差不多，毕竟车有那么大，跑高速的话应该会低一些，还是比较满意的。女儿很喜欢这款车，她说很霸气，车内功能比较多，她经常坐车上研究，让我教她如何使用。
    
    
    
    
    


    





            
            

    外观
        
            
            
        
        5
    
    
    我选的是白色，这车以后我儿子开得多一些，他说白色时尚一些，每个人眼光不同，个人觉得白色耐看又耐脏，而且夜里开车，白色更加有辨识度，安全性更高一些吧，总之萝卜白菜各有所爱，根据自己喜好吧，这个车颜值很高，我当时对比了其他车，还是这款比较有眼缘，就决定入手了。侧边看车身线条流畅，流线型好，侧身腰线设计很动感，车头比较宽，车身高，前隔栅霸气外漏。车尾也特别好看，隐藏门把手设计，科技感又高级，
    
    
    
    
    


    
    
    
    


    





            

    内饰
        
            
            
        
        5
    
    
    内饰颜色是黑色的，皮质包裹，座椅软硬适中，开车时间长了也不会觉得腰疼，很舒适，中控屏设计得很气派，双连屏，看着非常高端上档次。空调制冷效果很不错，最近我们这高温40多度的天气，车内降温还是比较迅速的，另外多功能方向盘，操作起来也挺方便。车的隔音也不错，我在市区比较嘈杂，关上车窗几乎没有任何噪音。后排海有隐私玻璃，儿童锁按键，安全性比较高。虽然我家孩子比较大了，带亲戚家孩子出去玩，安全也是第一位的。
    
    
    
    
    


    
    
    
    


    
    
    
    


    





            

    性价比
        
            
            
        
        5
    
    
    
        

        0% buffered00:00播放暂停00:00/00:05倍速2x1.5x1.25x1x0.75x0.5x高清高清全屏切换50%75%100%满屏00:00汽车之家视频播放器  之家首页  复制链接  版本号 : 2.5.32

  
    
      
        
        
          
        
        
          
        
        
      
    
  


    
    

    性价比不错，买车时我对比了吉利和长安，综合考虑之后还是觉得虎9更适合我，有眼缘，配置又高，很有科技感，当时有置换政策，我给原来的车卖掉过户了，店里给补贴1万9.享受终身质保服务，买下来我觉得还可以，去店里看车时，服务也挺周到，4s店给提供了果汁，茶水和小点心，中午那会儿店里还给我和家人点了外卖，服务挺好，我和他们销售顾问聊得来，没有购车压力，怎么说呢，气氛烘托了，感觉到位了，就买了。
    
    





            
                

    配置
        
            
            
        
        5
    
    
    接下来聊聊配置吧，车的门把手是隐藏式的，给人一种高级感，黑白搭配，立体感很强，配备的360摄像头，我感觉特别实用，因为这个车比较大，车头高又宽，盲区多，有360环视的话开起来更加自如，可以减少盲区，避免刮蹭，提高了安全性能，我爱人刚拿驾照没多久，她说开起来也没有压力，另在还配备了电动感应式的后尾门，搬东西不方便时，开后备箱很方便，可以说给生活提供了便捷。后排的座椅处还有一个独立空调，可以调节风速温度，让后排乘客体验感更舒适。另外还有很多科技感的配置，像语音交互，氛围灯，座椅加热，50w快充，科技感十足。
    
    
    
    
    


    
    
    
    


    




            

            



        "
宝鸡车友3914425,2023-07-13 首次发表,"
            
                
                    2050km
                    
                    行驶里程
                
                
                    9.2L
                    百公里油耗
                
                
                
                
                
                
                
                
                
                
                
                

                
                
                    15.20万
                    裸车购买价
                
                
                    2023-06
                    购买时间
                
                
                    西安
                    购买地点
                
            
            
    
        
            
        
        
            
        
    
    

    
        $(document).ready(function () {
            var koubeiid = 5049373;

        });

    


            
                最满意
                太稳了，动力太丝滑了，被大众吐槽的双离合也可以做到如此丝滑，被开森林人四驱的大哥多次夸赞无任何顿挫感。基本在经济模式，试了下运动模式有点驾驭不了，太冲了。车机反映很快，流量充足，孩子一上车就是小齐你好，打开抖音。售后服务好，有个故障码，虽然不舒服但店里上门服务三次，问题已处理。售后电话基本每周都回访。
            
            
                最不满意
                功能太多，适应太慢，有时让自己播放音乐他就是网络不稳定，但是爱奇艺能打开播放，不知道咋回事，还在研究。
            

            

    空间
        
            
            
        
        5
    
    
    两个孩子在后面可以跳舞，比身边人开的主流SUV空间都大，特别喜欢宽大的中央扶手，后备箱暂时还没有大量装东西实验，老婆副驾空间超大，媳妇1.65基本可以躺。
    
    
    
    门板储物
    


    
        ☆ 空间设计亮点
        中央扶手下镂空可以放杂物避免中空，门板储物确实大放两把伞有余，扶手箱太深了，准备买个隔层放电私房钱哈哈，别被老婆大人看到这个。提车至今就买了个电话号码排，没有添加任何装饰，就不拍照了，本人也不喜欢拍照（关键拍的啥都好丑）
        
        
    
        第二排空间
        二排比同级别同价位好多车的都大，看过唐星越等，
        
        
    






                

    驾驶感受
        
            
            
        
        5
    
    
    提车至今没有用运动模式开过，试了一下，计划以后都不用了，太猛了，基本在经济模式【】跑，稍微深踩轻松就上去了。最主要的是老婆晕车，不得以换车，谁知换电车实验了下更晕，自从开了虎九从来没有晕过，不知道磁悬浮的感受是怎样，这个底盘值得点赞。
    
    
    
    
    


    
        跑高速
        还未正式跑高速，只是三环跑了下，稳如老牛，让驾驶很有信心
        
        
    
        开空调/满载加速
        这动力根本就不用考虑是满载还是空载，随叫随到随用随有。
        
        
    






            

            




            

    油耗
        
            
            
        
        4
    
    
    堵车时油耗确实高，堵了一个小时从6.5到10.5，不堵车时城市路况7个多开空调，最低6.2，高速还没有试过，早高峰就是八个多，这么大的车挺满意油耗，关键是能加92
    
    
    
    
    


    





            
            

    外观
        
            
            
        
        5
    
    
    朋友见了都说是像那个啥，哈哈，个人挺喜欢这个外观
    
    
    
    
    


    
        车头造型
        开车是图自己舒服，又不是为了看车头，坐车里也看不见，但是个人挺喜欢这个头
        
        
    





            

    内饰
        
            
            
        
        5
    
    
    说实话，用料良心，自己感觉不亏，别人怎么说都不是事
    
    
        座椅加热
        座椅太大，这大热天容易出汗，座椅通风给了不错的感受，就是不知道会不会得风湿
        
        
    
        ☆ 氛围灯效果
        氛围灯功能挺多，但是个人对着不太感冒，开车也没有办法专门体验，孩子挺喜欢
        
        
    
        空调效果
        空调杠杠的，制冷特快，要不定期关闭，或者调小，出风口超级多，刚开始还不会调节，自动除雾大大的赞和宣传的基本一致
        
        
    





            

    性价比
        
            
            
        
        5
    
    
    原计划买个混动的公路坦克（大家知道是啥），和虎九比起来个人更喜欢这个外观，便宜几万块够加油了，也避免了风险好大的自然，主要是终身质保终身质保救援等挺值的
    
    





            
                

    配置
        
            
            
        
        5
    
    
    能有个盲区监测就好了，咨询了厂家只有高配有想要加装目前还么有，车太大，容易有盲区
    
    
        车机功能及流畅度
        车技速度挺快的，就像两个人交流一样，功能叶挺丰富 基本都能操作 ，可能是出于安全考虑好多功能只能手动操作不能语音控制。
        
        
    
        主动刹车智能度
        隐约感觉自动触发两次刹车，想尝试下但是没有机会，刚提车有次提示故障，还好工作人员上门服务，处理好了，个人不喜欢拍照，检查就不发照片了发个故障码的
        
        
    




            

            



        "
你看灬你像你,2023-07-12 首次发表,"
            
                
                    1251km
                    
                    行驶里程
                
                
                
                
                
                
                
                
                
                
                
                
                

                
                
                    17.49万
                    裸车购买价
                
                
                    2023-06
                    购买时间
                
                
                    新乡
                    购买地点
                
            
            
    
        
            
        
        
            
        
        
            
        
        
            
        
        
            
        
        
            
        
        
            
        
    
    

    
        $(document).ready(function () {
            var koubeiid = 5048991;

        });

    


            
                最满意
                首先这个外观看起来足够帅气，尤其是前脸看起来足够凶狠，车身侧面虽然短了一些，但是车顶看起来还是非常动感的，而且内部的空间也比较大，虽然车身尺寸也不是很高，但是坐在里面还是蛮舒服的，头顶空间非常足，而且坐姿也舒服，还有就是后备箱空间也挺大的。
            
            
                最不满意
                最不满意的就是隔音性能，噪音这一块比较大，降噪控制的不是特别好，尤其上高速的时候风噪会非常的明显，的确是有一些吵人，音乐可以盖一盖。
            

            

    空间
        
            
            
        
        5
    
    
    这台车虽然尺寸不大，但是内部空间完全可以，前排空间很舒服，而且后排的腿部距离也是比较宽敞的，相对来说这台车的坐姿高，视野通透性还是挺好的，而且后备箱空间也足够大。
    
    






                

    驾驶感受
        
            
            
        
        4
    
    
    我觉得这台车子操控起来还是比较舒服的，换挡的时候很方便，它的方向盘也是比较灵敏的，很多时候我都是单手操作，而且他还是一个多功能的方向盘，可以直接在方向盘上操控声音什么的都特别的方便，这台车还有倒车影像的功能，刚买这台车的时候确实是快速的提升了我的技术，就是隔音效果就不太好了，在市区还不明显，一跑长途就容易有风噪和胎噪声，减震效果的话，我觉得跟这个价位的车型应该也都差不多。
    
    






            

            




            

    油耗
        
            
            
        
        5
    
    
    油耗是十分不错的，我一般都是在市区，有时也会上高速，总体油耗6.1左右，大概5毛多，其实还是因为市区不好走，走走停停，高速上表现很不错。
    
    





            
            

    外观
        
            
            
        
        5
    
    
    这台车的外观看起来就让人舒服，特别喜欢这个前脸和后尾部的设计，看起来真的是非常大气，而且车身侧面看起来也是挺让人舒服的，
    
    





            

    内饰
        
            
            
        
        5
    
    
    内饰的设计也算是比较简单一些的，它的颜色还是比较耐脏的设计，中控的屏幕，感觉还是比较流行的，它的功能倒是比较齐全一些，还是很满意的。
    
    





            

    性价比
        
            
            
        
        5
    
    
    性价比还是蛮高的，外观时尚好看，走在路上很吸睛，空间也够用，油耗也算低的，虽然有一些不足的地方，但是就算你几十万买一辆豪车也会有让你不满的地方，青菜萝卜，各有所爱吧，反正我是挺满意的，而且缺点也不是很明显，各种地方也能满足我。
    
    





            
                

    配置
        
            
            
        
        5
    
    
    我这个车子平时使用的到的配置就是倒车影像，还有一些巡航系统，他的车技功能很完善，使用起来卡顿的状况黑屏的状况还没出现过。
    
    




            

            



        "
王丹丹,2023-07-11 首次发表,"
            
                
                    1000km
                    
                    行驶里程
                
                
                    8.0L
                    百公里油耗
                
                
                
                
                
                
                
                
                
                
                
                

                
                
                    16.29万
                    裸车购买价
                
                
                    2023-06
                    购买时间
                
                
                    淮南
                    购买地点
                
            
            
    
        
            
        
    
    

    
        $(document).ready(function () {
            var koubeiid = 5047052;

        });

    


            
                最满意
                瑞虎9的零百加速7秒级，体验感超爽，发动机最大功率192KW,最大扭距达到400Nm,同级最佳动力，还有双十佳发动机和变速箱，黄金动力组合且享受发动机终身质保。使用高通骁龙8155芯片，可以让你感受2秒开机，4秒身份识别，多屏使用不卡顿。瑞虎9外观看起来霸气又不失沉稳，车身侧面、线条流畅简洁又富有力量感。
            
            
                最不满意
                暂时用着各方面都挺不错，没有什么不满意的。
            

            

    空间
        
            
            
        
        5
    
    
    拥有超爽二排，后排座椅加热，B柱出风口，媲美百万级埃尔法，舒适体验拉满。
    
    






                

    驾驶感受
        
            
            
        
        5
    
    
    瑞虎9搭载了2.0T涡轮增压发动机，动力输出平顺稳定。在城市道路上，车辆起步平稳，加速过程十分线性。
    
    






            

            




            

    油耗
        
            
            
        
        4
    
    
    个人开车上下班目前对瑞虎9油耗还比较满意。
    
    





            
            

    外观
        
            
            
        
        5
    
    
    作为奇瑞全新的旗舰SUV,瑞虎9前脸采用垂瀑式飞流格栅，发光LOGO灯，个性时尚，车身顶部和车窗处采用了熏黑装饰，尤其是双色车身设计非常醒目。在轮眉位置也做了双腰线的处理，让整个车子看起来更具力量感。此外，隐形式门把手设计，主流高端。车尾部的造型也加入了很多流行元素，像贯穿式的尾灯组、大尺寸的扰流板以及双边单出的排气口等，看起来也相当有层次感。
    
    
    
    
    


    
    
    
    


    
    
    
    


    





            

    内饰
        
            
            
        
        5
    
    
    有深浅两种颜色的内饰，我选择了深色内饰，怕脏的小伙伴可以和我一样选择深色内饰，而且这个黑色内饰很有质感。内饰风格属于简约大方，中控台的材质为上皮下木，增加了256色氛围灯，简约大气的同时也不失时尚，氛围灯的颜色跟随车辆驾驶模式的切换而变化，会随着车辆车速变化而改变，也会跟随车内多媒体放映节奏和响度而变化，是不是很炫酷?为亲人打造的最舒适二排，夏天遮阳隐私、冬天座椅加热和一排一样的享受，副驾驶老板键带给你更舒适的二排可调空间。
    
    
    
    磁吸式发光化妆镜，简直是女生的最爱，让你随时随地美美哒。
    


    





            

    性价比
        
            
            
        
        5
    
    
    本人购买时享受了旧车置换补贴19000和当地的地补政策。
    
    





            
                

    配置
        
            
            
        
        5
    
    
    瑞虎9拥有同级领先的鲲鹏动力2.0T发动机，动力强，全系标配全景天窗，540全景影像、8155芯片。80155芯片是现行汽车界最好的芯片，你可以通过唤醒词唤醒车机，系统能在0.5秒内响应。中控台还可以手机无线充电，解决充电烦恼，无线充电让中控台看起来干净、整洁。
    
    
    
    
    


    
    
    
    


    




            

            



        "
汤姆脑壳疼,2023-07-11 首次发表,"
            
                
                    850km
                    
                    行驶里程
                
                
                    10.5L
                    百公里油耗
                
                
                
                
                
                
                
                
                
                
                
                

                
                
                    17.49万
                    裸车购买价
                
                
                    2023-06
                    购买时间
                
                
                    达州
                    购买地点
                
            
            
    
        
            
        
    
    

    
        $(document).ready(function () {
            var koubeiid = 5046246;

        });

    


            
                最满意
                先来说说购车历程：
我从小到大生活并工作在渠县，单位的同事大多数都是开的红旗，5月10多号，跟家里人上达州来看车，在这附近方圆两公里覆盖了几十家4s店，基本能看的该看的车基本都去了解了，转来转去逛到达州瑞元奇瑞4S店，走进大厅看到的第一辆车就是瑞虎9，确实也足够吸睛，店里其他的车型也就没过多去了解，销售跟我们说，这是即将上市的瑞虎9，然后又跟我讲解了不少这个车子配置的新功能，基本上还是很满意，但当时试驾车也还没到店，试不了驾，所以有点犹豫，在考虑订下来还是再去看看其他品牌，销售说现在预售期间交2000元可以抵9000元，有置换的话，一共有1.9W的政策（很遗憾，这是第一次购车，没享受到补贴）等试驾车回来了试过驾或者提车之前要是有任何不满意可以无条件退定金，这确实是跟我们吃了颗定心丸，后面又说了一些比如整车终身质保的政策，当天就把车订了，大概等了十几天好像，定了个日子和家人一起去把车接了回来，车子上的老婆的户，买车过程大概就是这些，接下来说说驾驶一个多月对瑞虎9的一些评价：
动力方面：这个车是配置的2.0t的发动机，最大功率192千瓦，最大扭矩400纽米，我也没怎么开过其他车，对这个概念也不是很懂，但就这段时间的驾驶感受来说，不管是提速还是爬坡或者是超车，瑞虎9的表现都令我满意
配置方面：买的顶配，安全配置不用说，全车安全气囊和辅助驾驶功能都是带有的，当然我最喜欢的还是540度影像和透明底盘，主打的就是一个无盲区驾驶，开车巨踏实。
空间方面：超大后排空间，齐平地板，双层后备箱，后排放倒之后秒变双人床，等孩子暑假班结束之后安排个自驾游，搞点装备可以直接睡车里了，带老婆和孩子去看看野外的星空，解锁新体验。
舒适度：主副驾驶不用说，大多数造车厂都会给予主副驾驶席最大的操控感和舒适感，但这次更让我惊喜的是后排，父母和孩子作为后排常用者，让他们坐起来舒服和自在也相当重要，这一点奇瑞算是做到了，其实我作为驾驶人基本不会有机会坐到后排，销售给我提了一嘴之后我特意去感受了，我甚至觉得坐虎9比开虎9更舒服。
油耗方面：这一个多月都是上下班（通勤时间三分钟）和周末到周边玩开开，空调打满，基本维持在11个油左右，有时候会高点，等到出去玩的时候跑跑高速，再看看有没得变化。
外观方面：这方面不用说，当时看车第一眼就很喜欢，这次和老婆的审美很一致，其实当时是想提辆黑色，但要等很久，所以还是订了白色，另外的亮点就是会发光的车标，有亿点点高级！
买车就是要买个自己喜欢的车嘛，这款车给我的体验还是比较不错，家人也满意，短短一个多月，很多功能配置还没有体验到，过段时间再来和大家探讨！
            
            
                最不满意
                提车的时候还是应该多等一段时候，到现在最喜欢的颜色还是黑色🤣，白色也很好看很大气，但是萝卜青菜各有所爱啊
            

            

    空间
        
            
            
        
        4
    
    
    我大概178左右，有点啤酒肚，不会顶，活动自如，后排宽敞舒适，头部腿部空间绰绰有余，很重要的一点，后排座位的靠背也是可以调节的
    
    
    
    
    


    
    
    
    


    






                

    驾驶感受
        
            
            
        
        4
    
    
    高速还没咋体验过，就提车的时候回程开了几十公里，但这段时间在城区里超车，加速，爬坡都轻轻松松。
    
    






            

            




            

    油耗
        
            
            
        
        5
    
    
    平时在市区用，通勤时间非常短，三分钟左右，刚上车就准备下车了，油耗11个左右目前
    
    





            
            

    外观
        
            
            
        
        5
    
    
    比较喜欢隐藏式门把手，解锁自动伸出，有点科技感，另外就是悬浮车顶，黑白配色比较能凸显出来
    
    
    
    
    


    
    
    
    


    
    
    
    


    





            

    内饰
        
            
            
        
        5
    
    
    内饰能看到的能摸到的都是比较好手感的nappa皮，值得表扬的是完全没异味，中央扶手的位置空间利用度还蛮高的，设计得比较合理
    
    
    
    
    


    





            

    性价比
        
            
            
        
        5
    
    
    当前市面上同价位的车配置没瑞虎9高，同级别的又比瑞虎9贵，不夸张的说，目前的性价比之王了，而且还有整车终身质保
    
    





            
                

    配置
        
            
            
        
        5
    
    
    车载无线充电还有散热功能，后排独立控制出风口（但是造型有点滑稽），老板键，配置太多了，有的还没来得及体验
    
    
    
    
    


    
    
    
    


    
    
    
    


    




            

            



        "
买个啥车比较好,2023-07-11 首次发表,"
            
                
                    360km
                    
                    行驶里程
                
                
                    11.0L
                    百公里油耗
                
                
                
                
                
                
                
                
                
                
                
                

                
                
                    16.30万
                    裸车购买价
                
                
                    2023-06
                    购买时间
                
                
                    焦作
                    购买地点
                
            
            
    
        
            
        
    
    

    
        $(document).ready(function () {
            var koubeiid = 5046195;

        });

    


            
                最满意
                车够宽敞，一家人出去周边游也不会觉得拥挤，外观也比原来大气，整车还终身质保，非常安心。
            
            
                最不满意
                车是真的大且高，对身高还是有点要求的。油耗目前来看也是真的高，希望跑一跑会好，毕竟现在油价是真的高
            

            

    空间
        
            
            
        
        5
    
    
    车身长度4米82、宽度1米93，内部空间非常宽敞，我们一家五口（四个大人一个小朋友）坐起来后排也不用挤，舒适度很高。还没有选到心仪的爱车的小伙伴们，如果跟我一样有周末带家里人一起出去周边自驾游的需求的，可以把瑞虎9列入考虑范围，看车的时候可以去店里看看，坐上去感受感受，个人感觉是能带给大家惊喜哦。
    
    
    
    
    


    






                

    驾驶感受
        
            
            
        
        5
    
    
    新手小白，具体的感受不出来，反正挺好开的，怀挡需要适应一下下
    
    






            

            




            

    油耗
        
            
            
        
        4
    
    
    大家最最最关心的油耗问题，别看瑞虎9这么大还是2.0T的，它其实用95的动力会更强，但92油就可以了，动力上不会削弱太多的，毕竟现在油价这么贵，我还是选择加92吧。目前来看油耗还是有一点高的，希望用一用、开一开能把油耗降下去吧。如果大家伙儿有好的节油小妙招小心得，欢迎大家多多分享出来，大家一起省油省钱，快乐驾驶！
    
    





            
            

    外观
        
            
            
        
        5
    
    
    隐藏式的门把手、车头的呼吸logo、超级多的出风口等等，大家去店里看车的时候都可以关注一下。
    
    
    
    
    


    
    
    
    


    
    
    
    


    





            

    内饰
        
            
            
        
        5
    
    
    瑞虎9车上还自带了香氛系统（豪华没有！豪华没有！）和256色音律氛围灯，上车直接一整个氛围感拉满。空调出风口的数量也多，后排也不用担心。整体内饰做工精细，用料看着也不错，新车也没有闻到异味，还是很不错的。
    
    
    
    
    


    
    
    
    


    
    
    
    


    





            

    性价比
        
            
            
        
        5
    
    
    性价比还是不错的，至少我们一家还挺满意，主要是有整车终身质保，买的很安心
    
    





            
                

    配置
        
            
            
        
        5
    
    
    
    
    
        车机功能及流畅度
        车上还有一个二十多寸的曲面大屏幕，也是非常流行的，车机搭配的是高通骁龙8155的芯片，销售说能实现2秒开机、4秒识别，具体时间我没有掐着表算过，不过用下来能感觉到速度确实挺快，使用感还是不错的。而且它还能连续下达多个指令，车机都会一条一条识别执行，并且都不带卡顿的，这真的是有点厉害了，感兴趣的小伙伴去看车的时候也可以试一试，个人感觉还是挺有意思的。
        
        
    
    
    
    


    
        手机无线充电便利性
        瑞虎9还有一个点挺吸引我的，就是它居然在车上配了50w的无线快充。不知道大家是咋样，反正我有时候晚上会忘记给手机充电，早上慌慌张张的也顾不上再去插电源，现在好啦，直接上车把手机一放，上班通勤半个小时，手机也能差不多满血复活啦。当然了，这需要手机本身支持无线充电，属于双向奔赴的功能，不能无线充电的小伙伴们就有点遗憾咯。
        
        
    
    
    
    


    




            

            



        "
张掖车友5504614,2023-07-10 首次发表,"
            
                
                    200km
                    
                    行驶里程
                
                
                    8.9L
                    百公里油耗
                
                
                
                
                
                
                
                
                
                
                
                

                
                
                    13.39万
                    裸车购买价
                
                
                    2023-06
                    购买时间
                
                
                    张掖
                    购买地点
                
            
            
    
    

    
        $(document).ready(function () {
            var koubeiid = 5044042;

        });

    


            
                最满意
                提到这款车最满意的地方，个人来看当属它时尚的外观和整车满满的科技感。这款车外观整体看上去较为精致，给人以沉稳之中带着点不拘的感觉，而且这款车科技感非常强，10个安全气囊、电子怀挡、方向盘换挡拨片、8个索尼扬声器等多种豪华配置远超同级其他车型，像我这样的年轻个体经营者开上既不失体面又经济实用。
            
            
                最不满意
                六月初提的新车，目前在用车过程中还没有什么特别不满意的地方，唯一让人不太舒服的一点就是太科技了，有些功能还用不习惯，之前开的奇瑞的瑞虎3,感觉瑞虎3车上还没有那么多功能，现在换了瑞虎9，反到把老司机给难住了😂。人和人之间需要磨合，人和车也一样，也需要磨合，相信在过几个月，我和我的“伙伴”会磨合的很有默契的。
            

            

    空间
        
            
            
        
        5
    
    
    家里人口不多，准五口之家，瑞虎9空间对于我们一家来说，不管是出行乘坐还是储物都绰绰有余，乘坐方面，选择了瑞虎9五座车型，它的乘坐空间刚好适合我们一家五口乘坐所需，一家五口坐上不仅没有一丝拥挤感，反而还很宽敞，好动的儿子坐在第二排，都可以自由的玩耍。它宽大实用的后备箱空间更是我们一家子的“后勤大管家”出行该用的东西通通都能装下，前几天一家子去长沟寺露营，后备箱把烧烤架、水果、小型折叠帐篷等一些露营需要的东西装的满满当当的。
    
    
    
    
    


    






                

    驾驶感受
        
            
            
        
        5
    
    
    开着这款车让我很舒服的一点就是，提速非常快，稍给点油它就会很快的给予反馈，之前开的瑞虎3，油门踩到底车子就是提不起想要的速度，但这款车完全没有那种感觉，不但提速快，刹车也很灵敏，没有那种迟钝的感觉。
    
    
    
    
    


    






            

            




            

    油耗
        
            
            
        
        4
    
    
    动力好，油耗自然要高点，目前差不多开了一个月，上了一次高速，平均油耗下来8.9，实话说比我平时开的瑞虎3油耗要高点，我的瑞虎3平均下来8个左右的油耗，现在新车还没有完全磨合下来，开着在看吧。
    
    
    
    
    


    





            
            

    外观
        
            
            
        
        5
    
    
    外观时尚前卫，大气的前格栅配上奇瑞时尚发光Logo,瞬间提升了整车的档次感。
    
    
    
    
    


    
    
    
    


    





            

    内饰
        
            
            
        
        5
    
    
    内饰整体色调是比较沉稳的黑色，做工看上去比较精细，空调制冷效果不错，制冷迅速，车在暴晒之后，打开空调，不一会车内温度就会降下来，即使在热的天，开上它也会觉得很舒服。
    
    
    
    
    


    





            

    性价比
        
            
            
        
        5
    
    
    当初选择这款车，不是单方面看它哪一点吸引我才入手的，而且在权衡了它的各个方面才选择了它，不能说这款车是最好的车，但在同级车型中它可以算是性价比最高的车了。
    
    
    
    
    


    





            
                

    配置
        
            
            
        
        5
    
    
    配置方面，这款车做的还可以，该有的配置它都有，手机远程控制、一键启动无钥匙进入、后背箱未关报警、智能语音控制、360全景倒车影像等功能该有的都有。
    
    
    
    
    


    
    
    
    


    




            

            



        "
Alexubago,2023-07-09 首次发表,"
            
                
                    1800km
                    
                    行驶里程
                
                
                    8.3L
                    百公里油耗
                
                
                
                
                
                
                
                
                
                
                
                

                
                
                    16.70万
                    裸车购买价
                
                
                    2023-05
                    购买时间
                
                
                    哈尔滨
                    购买地点
                
            
            
    
    

    
        $(document).ready(function () {
            var koubeiid = 5043410;

        });

    


            
                最满意
                本人家庭因为要了二胎，所以家里人一直考虑换一个七座车，因为本人不喜欢Mpv 那种风格的车系，所以开始考虑买suv !刚开始也看了蛮多七座suv 的，后来锁定了捷途的x70plus七座和瑞虎8鲲鹏版七座，5月3号那天去看车，正好赶上店里来了虎9试驾车，老婆跟孩子一眼就看中了虎9,4s销售人员带我试了一圈就决定买虎9了！动力跟配置真是没得说，越级享受！
            
            
                最不满意
                奇瑞瑞虎9大毛病没有，小毛病还是有的，比如右边的氛围灯灯条跟左边的氛围灯灯条高低不一致，左边的后尾灯高低跟右边又是不一样，左后轮轮眉卡扣地方有缝隙，右后又没有，虽然没有什么大问题，但是我还是很希望奇瑞厂家能把这些细节做好，因为每一个细节都能决定成败！总的来说虎9给我的惊喜还是蛮大的，毕竟这个价位能享受到越级的动力，越级的舒适！，反正我感觉蛮值得的
            

            

    空间
        
            
            
        
        5
    
    
    首先说空间，空间没得说，应用的很到位，大七座后排放到，后备箱空间很足，可以躺下我1米73的个子，特别是我大多数时间都是开长途，后排放倒纯平，累了躺后面休息，可比我之前的某田小轿车只能坐在座位上休息强太多了
    
    
    
    
    


    
    
    
    


    






                

    驾驶感受
        
            
            
        
        5
    
    
    动力搭载的是奇瑞鲲鹏动力2.0T高功率发动机，峰值400Nm,动力没得说，前段加速比较慢，转速上去提速就很快！在高速超车速度很快，比我之前的某田1.5l自吸超车快多了！总结一句话(起步没赢，高速没输过)
    
    






            

            




            

    油耗
        
            
            
        
        4
    
    
    油耗方面因为我是经常跑高速，油耗百公里8.3个油耗左右！虽然比我之前的某田油耗高1个多油，但是油耗还可以能接受，毕竟1.8吨重的车有这样的油耗表现，我已经挺满足的！
    
    
    
    
    


    





            
            

    外观
        
            
            
        
        5
    
    
    颜值外观设计的比较稳重大气，侧面一看四平八稳！而且我比较喜欢这种隐藏式门把手
    
    
    
    
    


    
    
    
    


    
    
    
    


    





            

    内饰
        
            
            
        
        4
    
    
    内饰设计的简洁大气.我买的是黑色内饰，其实卡其色的内饰更显高档，只是家里有孩子，卡其色不耐脏脏！眼睛能看到的地方基本都是较软的材质！
    
    
    
    
    


    
    
    
    


    





            

    性价比
        
            
            
        
        5
    
    
    同价位跟合资车比，合资车只能买到低功率低配置的车系所以还是国产香呀
    
    





            
                

    配置
        
            
            
        
        5
    
    
    我特别说说车机系统，车机用的是8155芯片，反应比较快，基本功能都能通过语言互动解决！这一块在行车方面比较实用，省去了操作实体按键的动作，使之行车更加安全可靠！而且智能小奇在你疲劳的时候还会提醒你注意休息，这点很赞！
    
    
    
    
    


    
    
    
    


    
        隔音效果
        车玻璃也是用的双层夹胶静音玻璃，隔音效果做的特别棒！
        
        
    




            

            



        "
凉嗖嗖哒晓V5,2023-07-09 首次发表,"
            
                
                    1500km
                    
                    行驶里程
                
                
                    8.5L
                    百公里油耗
                
                
                
                
                
                
                
                
                
                
                
                

                
                
                    17.49万
                    裸车购买价
                
                
                    2023-06
                    购买时间
                
                
                    鞍山
                    购买地点
                
            
            
    
    

    
        $(document).ready(function () {
            var koubeiid = 5043179;

        });

    


            
                最满意
                最满意的地方一定是瑞虎9的空间。之前开的小白，已经陪伴我七个年头啦，也许是七年之痒，不过最重要的是小白的后备箱对于现在的我，显然不太够用。然后，瑞虎9进入了我的选择范围中。后备箱的空间真的太太太给力了！两个大行李箱，两个小行李箱轻轻松松。出去玩儿再也不用抉择，哪些应该带，哪些不应该带了。也不用后悔，为啥某某某没有带了。
            
            
                最不满意
                不太满意的地方，算油耗吧。油耗中规中矩，没有想象中省油，在高速上还好。在市区的话，也就那么回事。不过，毕竟车身重量和大小在那了，还是可以接受的。值得一说的是。虽然它不省油，但是油耗比我的小白要低，裙子接受了😂
            

            

    空间
        
            
            
        
        5
    
    
    老公178cm，站在车边是这个感觉。大小刚刚好。
    
    
        后备厢容积
        后备箱容积是我的最爱，本人162cm，后备箱放下我真的完全不费劲😂。一家5口去自驾游，两个大号行李箱，一个中号行李箱，还可以再带一些孩子的水桶小铲子。
后备箱这个储物格，我很喜欢，可以放一些工具，风筝，水枪，这样这些东西就不会在后背箱滚来滚去了。。。
        
        
    
    
    
    


    
        乘坐空间
        老公178cm，体重95kg，坐在后排空间很充足。
        
        
    
        车内储物能力
        这个位置可以放下我一双高跟鞋哦，或者放我的包包。很方便。扶手箱可以放6瓶矿泉水（别问我为什么只放矿泉水，只是因为这样形容比较方便）
        
        
    
    
    
    


    
    
    
    


    
        ☆ 空间设计亮点
        后排侧面的小挂钩，我也很喜欢。平时买一些需要拎着放的东西，可以挂这上面。比如打包的玉米面条，浇汁豆皮，炸鸡叉。自驾游的时候，垃圾袋可以挂在上面。很方便。
        
        
    
    
    
    


    
        第二排空间
        忽略我的小粗腿，在副驾驶坐的比较放肆的情况下。可以一目了然的看出，后排也是不挤的。毕竟车子大小在那，空间是非常可以的了。
        
        
    






                

    驾驶感受
        
            
            
        
        5
    
    
    
    
    
        起步/加速动力
        智能驾驶辅助功能很好用。起步不肉，加速也可以。
        
        
    
    
    
    


    
        跑高速
        高速一点儿不吃力。动力十足。不得不表扬一下奇瑞的发动机和变速器了。
        
        
    
    
    
    


    
        方向盘轻重
        方向盘我握着的感觉比较舒适，没觉得女生手小，方向盘大。
        
        
    
        开空调/满载加速
        空调比较惊艳，后排这个出风口怎么看怎么可爱，像一个小机器人，还有五颗牙齿😁
        
        
    
    
    
    


    
        刹车灵敏性
        刹车灵敏度可以，不会太紧，我不会太松，这个调教刚刚好。
        
        
    
        弯路/并线稳定性
        车身稳定性可以。自驾游去延边，一路都是盘山道，没有飘起来的感觉。放一张美图吧。
        
        
    






            

            




            

    油耗
        
            
            
        
        4
    
    
    
    
    
        城市油耗
        城市油耗八九个左右，有时候会过十。不惊喜，也不吐槽吧。只能说可以接受。
        
        
    
    
    
    


    
        开空调油耗
        开空调油耗，不会涨太多。基本差不多。
        
        
    
    
    
    


    
        高速油耗
        高速一路算下来七八个吧。油耗这一方面，还需要持续观察。
        
        
    
    
    
    


    





            
            

    外观
        
            
            
        
        4
    
    
    腰线设计，感觉有些像路虎。
    
    
    
    
    


    
    
    
    


    
        车身做工
        车身就流线很好看，硬度做工，都可以。
        
        
    
    
    
    


    
        车头造型
        车头造型比较硬朗，比较适合男士开。对于女士来说，真的是太酷了。尤其是小个子女生，从车上下来，太有气势了。
        
        
    
    
    
    


    
        车尾造型
        车尾整体辨识度很高，给我一种憨憨的感觉，圆圆的，挺可爱。。
        
        
    
    
    
    


    





            

    内饰
        
            
            
        
        5
    
    
    
    
    
        空调效果
        空调很出色，出风口很多。后排一点儿不热，前排就更不用说了。后排的出风口真的惊艳到我了。之前总是前排冷，后排才能感觉到凉。现在就没有这个困扰了。
        
        
    
    
    
    


    
    
    
    


    
    
    
    


    
        座椅舒适性
        驾驶座椅舒适度适中，整体和之前的车差别不大，都很舒服。
        
        
    
    
    
    


    
        第二排舒适性
        座椅软硬适中，在后排躺着很舒服，自驾游后排两个大人一个小孩，轻轻松松，不会挤。
        
        
    
    
    
    


    
        ☆ 氛围灯效果
        氛围灯很漂亮，不过在黑的地方看效果比较好。比如隧道里。
        
        
    
    
    
    


    
        座椅加热
        座椅加热，前后排都有，这一点比较好。雨露均沾了。
        
        
    
        内饰用料
        里面把手很有特点，和以往开关门的方式不同，外面是隐藏式把手，里面也是需要用按钮开门，按钮和机械的两种。
        
        
    
        PM2.5过滤效果
        路过田间时候，闻到施肥的味道，打开空气净化，是有用的。
        
        
    
    
    
    


    
        遮阳挡
        这个遮阳挡真的爱了爱了，不用担心太阳晒，不用担心小虫子飞进来，还能看到外面的景色。绝了。
        
        
    





            

    性价比
        
            
            
        
        4
    
    
    
    
    
        购车优惠
        置换补贴1.9w还是可以的。不分是不是同品牌，我的小白给我省了1.9w😂
        
        
    
        品牌评价
        一直很支持国产品牌，觉得国产车的配置很高，同等价位，国产车的配置碾压合资进口，奇瑞在国产中也数一数二，所以选了小9。
        
        
    
    
    
    


    
        销售态度
        顾问服务态度不错，在我第一次进车里。然后没找到门锁有些尴尬的时候，还替我解围😂。呃。。。我真的是没找到。摁了半天也没打开，原来是边摁边推的。。
        
        
    
    
    
    


    





            
                

    配置
        
            
            
        
        5
    
    
    
    
    
        语音交互准确度
        语音交互系统比较准确。是一个小帅哥。
        
        
    
    
    
    


    
        360全景影像实用性
        540度的全景影像很实用，尤其是对于女司机。倒车啊，观察车距啊，我都是用这个辅助系统的。这个车是540度的，加了底盘的影像，不错。
        
        
    
    
    
    


    
        手机无线充电便利性
        无线充电，速度可以，我的小华为还支持快充，惊喜。
        
        
    
    
    
    


    
        车道保持智能度
        车道纠正，我觉得有利有弊吧。有时候不小心开出线了，突然拽我一下，还是会吓一跳。。。其他辅助功能还可以。
        
        
    
    
    
    


    
        车机功能及流畅度
        车机灵敏度可以，不知道后期升级做的怎么样。会不会更新。
        
        
    
    
    
    


    
        面部识别便利性
        面部识别准确。车子总体来说用心了，一些小的灯啊，处理的都挺贴心
        
        
    
    
    
    


    
        索尼音响
        音质可以，给旅途增添一份惬意。
        
        
    
    
    
    


    
    
    
    


    




            

            



        "
徐娅妮,2023-07-08 首次发表,"
            
                
                    535km
                    
                    行驶里程
                
                
                    7.5L
                    百公里油耗
                
                
                
                
                
                
                
                
                
                
                
                

                
                
                    17.49万
                    裸车购买价
                
                
                    2023-06
                    购买时间
                
                
                    杭州
                    购买地点
                
            
            
    
    

    
        $(document).ready(function () {
            var koubeiid = 5041101;

        });

    


            
                最满意
                瑞虎9这款车落地17万多，不管是配置还是舒适度我认为都能媲美30万价位的中端车，发动机动力十足，车看起来很大很重却提速飞快。同时还有非常好的隔音，驾驶时不会有太吵的发动机声音，对外界的一些杂音也有很好的隔绝效果。车内的索尼音响音质也很高，像我这种开车爱听歌的属于是舒适感拉满了，而且它还有座椅通风，大热天的开车真的背上屁股上都是汗，有座椅通风舒服多了。刚提车的时候感觉车里有一股香味，好像是这个车自带的香氛效果，不知道时间长了还能不能持续下去，效果能一直保持下去的话以后就不用自己买香氛贴在车上了，这个挺好的。车内空间的话可以看我发的照片，个人认为足够大，虽然比原本期待的小了一点，因为这个车外观看起来真的特别大，但我1米78，属于有点壮的，坐在主驾感觉左右还留有挺多空间，开车累了可以换姿势，后备箱是分两层的，中间有个可以手动抬起来的挡板，东西太多的话也可以把挡板拉出来不用。然后像雨刮器呀灯光呀这些都能自动感应，平时就很省心，不需要太多手动操作。上次下班约室友去吃晚饭开车去接他，他对这个车也感到震惊了，问完价格甚至怀疑奇瑞是不是不赚钱了，因为二三十万的车有的它都有，本来他想买特斯拉的，现在心动开始纠结了。
            
            
                最不满意
                这个车刚开始开的时候真的感觉超大，技术不好的话开着应该会很紧张，但习惯了以后小心点就没什么问题。其次我感觉抬头显示好像有点模糊，不知道是因为我视力问题还是设备问题，我眼睛有点近视，散光比较严重，所以看着不是很舒服，刚开始有点晃眼睛，开久了好像习惯了一些，稍微清晰点了。其次是油耗问题，这个车有三个模式，平时我都用经济模式开，因为杭州路上车多，也开不快。但高架上车少的时候就会想要换运动模式爽一下，毕竟提速的时候那种推背感真的很爽。但上次爽完发现油耗一下子跳到15 16了，可能是踩油门踩的太狠了，而且开着空调。平时经济模式开开油耗在7.5左右，感觉这么大又重的车这个油耗挺低的，就是飙车的时候那个油耗有点吓人，不知道是真那么高还是那个测量显示的问题。还有全息影响的问题，我感觉那个反应有点慢，看着一卡一卡的，而且显示出周围的车的模型都是纯白或者纯黑，然而那个显示屏就白天和黑夜两种模式，一个白一个黑，导致看那个全息影响也太不清楚。最后是辅助驾驶的问题，我还没太研究明白，那个辅助驾驶对车道还挺敏感的，稍微跑偏车道会马上回方向盘，但有时候会有反应慢了失灵的情况。好像所有车的辅助驾驶都有这个问题，可能这个功能还没完善吧，而且也比较看路况，在高速或者高架上的时候就没这种问题，平时城市道路还是老老实实自己小心点开，毕竟网上各种辅助驾驶跑偏的视频挺多的，看着吓人，最好还是别把自己的命交给人工智能吧。大致就这么几个问题，总结：太大，功率全开的时候油耗高，全息影像有点卡并且显示不太清楚，以及辅助驾驶功能不够好。
            

            

    空间
        
            
            
        
        5
    
    
    空间非常大，后排座椅很宽阔，还可以放平可以休息
    
    
    
    
    


    
    
    
    


    






                

    驾驶感受
        
            
            
        
        5
    
    
    发动机动力十足，座椅有记忆功能自动调节位置
    
    
    
    
    


    






            

            




            

    油耗
        
            
            
        
        5
    
    
    这么大一个车油耗大概在7.5左右，还是比较省油的
    
    
    
    
    


    





            
            

    外观
        
            
            
        
        5
    
    
    外观十分大气 ，拥有发光Logo灯 非常洋气
    
    
    
    
    


    
    
    
    


    
    
    
    


    





            

    内饰
        
            
            
        
        5
    
    
    内饰特别高大上，有27个出风口，空调特别凉的快。还有自带香氛，车内空气特别清晰
    
    
    
    
    


    
    
    
    


    





            

    性价比
        
            
            
        
        4
    
    
    性价比还是不错的，和途观L对比的话空间比它大
    
    





            
                

    配置
        
            
            
        
        5
    
    
    有360全景影像，索尼音响音质不错，空调出分口多，还有遮阳帘
    
    
    
    
    


    




            

            



        "
黄亮,2023-07-07 首次发表,"
            
                
                    3200km
                    
                    行驶里程
                
                
                    7.4L
                    百公里油耗
                
                
                
                
                
                
                
                
                
                
                
                

                
                
                    15.59万
                    裸车购买价
                
                
                    2023-06
                    购买时间
                
                
                    绍兴
                    购买地点
                
            
            
    
        
            
        
    
    

    
        $(document).ready(function () {
            var koubeiid = 5039700;

        });

    


            
                最满意
                最满意的必须是它的外观内饰还有动力啦。说实话，最初对于国产车的信心还没有那么强的，上一辆车子买的是合资的入门车型，轿车款式。那个时候买车我的想法很简单，买个合资的，10万出头的预算，也不考虑啥空间动力了，有车就行了。但过了一段时间就后悔了，车子看着小气不说，动力还差，而且以前用在国产车上的形容词，在那个车上都有，什么做工粗糙，用料差了。所以再次换车的时候，我果断的将目标转向国产车了，谁让现在国产车强势崛起了呢。主流的国产车差不多价位的都看了个遍，碰巧虎9上市了，一眼就相中了这个造型，简单大气沉稳。男人就该开这样的车。
            
            
                最不满意
                感觉车头有点高吧，其实也不能说不满意吧，毕竟之前开的车子小，有个适应的过程，相信过不了多久就能人车合一。
            

            

    空间
        
            
            
        
        5
    
    
    关于空间是真没啥说的，宽敞，特别是后排，这车宽度有1930mm，轴距有2820mm。在咱们这边的人基本上身高也就175左右，偶尔高点的也就180多点，后排正常坐个三个人绰绰有余，偶尔坐四个人也和我之前的车子坐三人差不多。
    
    
    
    宽敞的后排空间，中间完全没有凸起
    


    
        乘坐空间
        车主本人1.75m左右，坐后排不论是葛优躺还是二郎腿都不在话下的，前排的座椅往后放几乎可以放平了，有时候在车上等人的时候躺一下也是舒服异常。
        
        
    






                

    驾驶感受
        
            
            
        
        5
    
    
    我买的配置是两驱的尊贵型，2.0T的鲲鹏发动机和7速湿式双离合。之前看论坛，说好说坏的都有，我自己的使用感受是比较满意的，400N.m的扭矩，在超车也好还是高速行驶也好，给我的感觉就是随叫随到的，油门反映非常迅猛，但又不会给人心慌的感觉，高速上也开过120多，再轻踩油门，还是能给我推背感。这款变速箱很多车型都在使用，也是全球十佳变速箱，虽然在起步加速阶段能够轻微感受到换挡的感觉，但也不是不能接受，脚法好的兄弟们应该就不太能感觉出来了。再说到底盘，虽然这款车有电磁悬挂版本，但我觉得这个两驱的车型，它的底盘就已经相当不错了，给人舒适性的同时也不会失去对车辆的支撑。完全对的起它的价！
    
    
    
    豪华车的既视感
    


    






            

            




            

    油耗
        
            
            
        
        4
    
    
    油耗其实对于跑的少的人来说根本不用太纠结，我自己平时上下班用，周末会带家里人出去玩一下，郊区和市区道路掺杂着跑，目前跑了有3200公里了，油耗基本上在7.5L左右徘徊，我也不清楚我这个油耗算高还是低，大家也可以晒出来看看的。不过按照我的理解，毕竟2.0T的发动机，太省了肯定不现实的，至于为啥打4星，我觉得我还可以再低点的。嘿嘿
    
    
    
    油耗7.4
    


    





            
            

    外观
        
            
            
        
        5
    
    
    外观，其实每个人的眼光不一样，反正我挺喜欢的。我比较喜欢这种成熟稳重的气场，没有过多的线条辅助，整体给人感觉的干净清爽的。我买的是银色的外观配黑顶的。双色的车身更加高端，阳光下面的这种金属质感就让我爱不释手了。奈何天气不佳，拍照技术有限，没有拍出它的颜值，喜欢的兄弟可以去门店看看的。
    
    
    
    高大威猛的车头
    


    





            

    内饰
        
            
            
        
        4
    
    
    内饰整体布局我非常喜欢满意，而且用料很扎实，大面积的麂皮面料和皮质包裹，不看LOGO的话，你觉得它像多少价位的车子呢。怀挡的设计我也非常喜欢，挪车的时候，手都不用离开方向盘就能完成换挡。唯一不太满意的就是整个内饰太黑了。不过听说四驱的版本是棕色的。到时候去看看啥样式。
    
    
    
    看着有没有很高端？
    


    





            

    性价比
        
            
            
        
        5
    
    
    性价比就更不用说了，大家选择国产车，一方面是因为国产车的崛起，更多的还是因为它那无可比拟的性价比，这么豪华和舒适的车子，入门才15万，而且对于我们置换的用户来说还有补贴19000，性价比真的还可以了，换成合资车这个标准，没个30-40万真下不来。
    
    
    
    看看车尾部
    


    





            
                

    配置
        
            
            
        
        5
    
    
    这款车可以说入门就相当于高配了，全系2.0T，标配8155车机系统，360全景影像还有自动驾驶辅助功能，高配的话更不用说，ARHUD抬头显示，电开门，隐私玻璃，遮阳帘，无线的手机充电还是50W的。特别后排的独立空调和B柱的出风扣惊艳到我了，至少家里人在后排也能够享受到舒适的空调温度了。我的这个配置还有座椅加热通风，人脸识别，座椅记忆等等。很多功能我还没有研究透，等日后满满摸索啦
    
    
    
    
    


    




            

            



        "
小蘑菇石头,2023-07-07 首次发表,"
            
                
                    2012km
                    
                    行驶里程
                
                
                    9.0L
                    百公里油耗
                
                
                
                
                
                
                
                
                
                
                
                

                
                
                    14.40万
                    裸车购买价
                
                
                    2023-06
                    购买时间
                
                
                    连云港
                    购买地点
                
            
            
    
    

    
        $(document).ready(function () {
            var koubeiid = 5039440;

        });

    


            
                最满意
                家用2.0T鲲鹏动力，车身尺寸大，整体外观设计年轻化，最喜欢整体车身线条轮廓，磁悬浮式车顶。
            
            
                最不满意
                总体还可以，如果门把手可以选择老式款式，让更多的群体喜好可选择更多一点
            

            

    空间
        
            
            
        
        4
    
    
    本人1.8米大个子，首选SUV，也算是资深奇瑞老客户，2014年11月购买的手动档瑞虎5X，本人也是属于人高马大人士，所以对于再次换购，空间要求这一块会考虑多一点。从今年2月份预售一直关注瑞虎9，最终还是忍不住下手了！6月份去试驾，实测感受很好，试驾了30多分钟，觉得安全系统非常高。
    
    
    
    
    


    
    
    
    


    
        ☆ 空间设计亮点
        不得不说，现在国产车整体空间、内饰科技感十足，比较喜欢内饰24.6吋曲面屏，再也不用担心手机在车内没电，手忙脚乱找数据线，无线充的功能真的是超赞。
        
        
    
    
    
    


    
    
    
    


    
        乘坐空间
        整体空间真的满足我这样的一家三口，怎么说呢！整体很舒适，出门旅游不用担心东西太多放不下。后排3个大人坐下，一点不拥挤。
        
        
    
    
    
    


    
    
    
    


    
        后备厢容积
        看看我的后备箱，定制了一套后备箱垫，放收纳箱和杂物，没有任何问题。毕竟是2820的轴距，整体车身尺寸，空间是我最喜欢的。
        
        
    
    
    
    


    
        车内储物能力
        门板储物非常大，平时水杯杂物都可以放；我觉得细节最打动我的，前排地图袋雨伞槽
        
        
    
    
    
    


    
    
    
    


    
        第二排空间
        后排空间真的很哇塞，整体的黑内饰，座椅材质显得特别高大尚。真的不是夸赞奇瑞良心企业，我去车管所上牌，很多人都过来看这款车的说奇瑞出的这一款车真好看，当时真的特别有面子。
        
        
    






                

    驾驶感受
        
            
            
        
        4
    
    
    百公里加速7秒级，2.0T鲲鹏动力真的很可以，整体感受很舒适，刚开始的油耗。还发现这个车不系安全带，车都开不走，安全系统做的真的可以。试驾感非常好，为什么这样说，前排玻璃隔离效果➕！测试了一下胎噪，静音状态！8155芯片真的挺好之前有和家里人试驾瑞虎8pro，在试驾瑞虎9，就是两个试驾感受。试驾途中感受智能语音操作，新媒体音乐的质感，以及电动座椅通风，后视镜电动加热，自带的电动记忆座椅调节，副驾驶两个电动座椅调节，后排座椅的调节，以及最人性化后备箱按钮可以实现打开，4秒关闭！中国制造，真的要赞一个！
    
    
        跑高速
        近期跑了好几趟高速，油耗从刚开始14左右到现在6.3左右，显示屏这样显示，等我回老家在市区油耗肯定会往上涨，近期路段都是在高速上。
        
        
    
    
    
    


    
        起步/加速动力
        油门怎么踩，动力怎么有。红绿灯处停下来，自动驻车就会自动开启，再次只需要轻踩一下油门，档位也是和高端品牌奔驰一样的模式，会有一种心里觉得不习惯，但是深度试驾感觉很好，学到了很多。
        
        
    
    
    
    


    
    
    
    


    
        刹车灵敏性
        跑到速度80突然刹车，没有顿挫感，很灵敏，后排家里人没有感受到冲击的力度。
        
        
    






            

            




            

    油耗
        
            
            
        
        5
    
    
    2.0T油耗可想而知，但是去一趟外地上了趟高速，油耗慢慢降下来了，百公里油耗9.1.我觉得再磨合一段期间，油耗可以在降下来，直接上图，各个阶段使用情况
    
    
        城市油耗
        城市油耗会高一点，市区红绿灯真的太多，急刹都会多一点。
        
        
    
    
    
    


    
        高速油耗
        我一直在看综合油耗，行驶里程，后期再分享一下实测
        
        
    
    
    
    


    
    
    
    


    





            
            

    外观
        
            
            
        
        5
    
    
    4.8米的车长配上2.0T鲲鹏动力，而且门把手隐藏式，整体外观看的人都说好看，因为我买的天青色，焦点会多一点。
    
    
    
    
    


    
    
    
    


    
    
    
    


    
    
    
    


    
        车头造型
        特别喜欢LED大灯，非常的亮，钥匙靠近车，灵敏度非常好，车感应钥匙自动解锁，科技感十足
        
        
    
    
    
    


    
    
    
    


    
    
    
    


    
        车尾造型
        解锁大灯随动转向，电动后尾门，后视镜折叠
        
        
    
    
    
    


    
    
    
    


    





            

    内饰
        
            
            
        
        5
    
    
    整体黑内饰，看起来很大气，空调出风口的设计，简洁大方，还是比较喜欢这个配置自带的电动座椅记忆，熄火之后座椅自己调节自己下车
    
    
    
    
    


    
    
    
    


    
    
    
    


    





            

    性价比
        
            
            
        
        5
    
    
    我觉得自己喜欢，适用于自己才是最好的。有人说这个价位买个合资车很香，开了奇瑞这么多年，车真的没啥大问题，家人也觉得奇瑞车安全系数高，靠谱，合资车肯本买不了国产车的内饰以及功能。参数表好了好几遍，配置丰富，说实话，需要慢慢研究，很多人性化的设计。大家可以实体去店里感受一下，一些小细节，真的觉得不错
    
    
        购车优惠
        购买的2.0T豪华16.29万，旧车置换补贴1.9万，送了原厂脚垫
        
        
    
        售后服务
        给我开通智云互联系统，车机人脸识别自己绑定，还有一些高大尚的一系列操作，定期保养，功能使用
        
        
    
    
    
    


    
    
    
    


    
    
    
    


    
        品牌评价
        开了9年的老车主，接下来又是多少年呢？今年的幸运数字“9”对于奇瑞给个赞！
        
        
    





            
                

    配置
        
            
            
        
        5
    
    
    2.0T 8AT特别感兴趣，但是真的等不急，8AT需要等到7月份才能订车，我这个买车冲动的劲，也没考虑多少，因为之前都在网上了解差不多了，所以果断试驾一下，买了店里现车：2.0T 豪华16.29万天青色，因为我有旧车置换可以享受1.9万补贴，总体下来配置真的挺不错。
    
    
        语音交互准确度
        以前习惯性找按钮，切换音乐，以及空调按钮，一些功能性的操作，突然买了瑞虎9，很多操作解放双手，开始很不习惯，到目前为止，还会有一点不适应，现在只需要多功能方向盘按动一下智能语音，说话语音识别特别精准，或者语音智能喊一下，随意听歌，导航、空调控制等操控，真的是yyds
        
        
    
        车机功能及流畅度
        当时购车，经销商让下载：智云互联app，手机远程操控系统，可以启动车，提前打开空调自己，车窗
        
        
    
    
    
    


    
        手机无线充电便利性
        以前总是担心手机没电，数据线拖来拖去，现在直接手机放置固定点处，妙妙显示充电模式，给设计师➕鸡腿
        
        
    
    
    
    


    
        车道保持智能度
        开车时候有时候会因为堵车，在道路行驶上压线，车机会显示偏离，矫正车辆行驶路线，第一次还帮我吓我一跳，还打电话联系销售啥情况，搞了个大乌龙
        
        
    
        车载导航实用性
        智能语音叫换导航，很方便，道路清晰，智能语音提示温馨提示
        
        
    




            

            



        "
给我一个木木,2023-07-06 首次发表,"
            
                
                    1500km
                    
                    行驶里程
                
                
                    10.5L
                    百公里油耗
                
                
                
                
                
                
                
                
                
                
                
                

                
                
                    17.49万
                    裸车购买价
                
                
                    2023-05
                    购买时间
                
                
                    武汉
                    购买地点
                
            
            
    
        
            
        
        
            
        
    
    

    
        $(document).ready(function () {
            var koubeiid = 5037640;

        });

    


            
                最满意
                1、安全性非常高，被动安全方面，瑞虎9不仅在主副驾都配备了安全气囊，还配备了前排侧气囊以及后台头部气囊。主动安全方面，瑞虎9配备了车道偏离预警、碰撞预警、开门预警以及主动刹车等配置，让我们的用车非常安全。
2、动力充足，不论在市区还是在高速，提速都非常快，而且后段加速同样非常棒，对于喜欢开快车的我来说，非常完美。
3、科技感非常充足，隐藏式门把手、电子按键开门、540度全清影像以及透明底盘，让人感受到了科技的魅力。
4、音响效果非常棒，车现在已经不仅仅是代步工具，而是逐步成为了我们的另外一个空间，瑞虎9配备了12和喇叭，并且是索尼品牌，音质效果非常棒。
5、后排有独立的出风口以及风量调节，可以自己设置分量和温度的大小，对后排乘坐的乘客非常友好。
            
            
                最不满意
                1、双闪功能放在头顶，让我非常不适应，刚开始的时候找了很久才发现。
2、瑞虎9采用的是怀挡，需要一定的适应学习时间。
3、中控取消了很多实体按键，集成到屏幕中，比较不习惯。
            

            

    空间
        
            
            
        
        5
    
    
    本人身高170，体重85Kg，前排驾驶位空间非常充足，腿部伸展性不错，没有感觉到拥挤。前排调整到舒适的架势姿势后，后排仍然非常宽敞，虽然不能翘起二郎腿，但是至少有2拳的空间，值得点赞的是后排中间地台没有凸起。因为是5座车型，后备箱同样非常能装。
    
    
    
    宽敞的前排驾驶空间
    


    
    
    后排舒适的乘坐空间，并且后排中间地台没有凸起
    


    
    
    超级大的后备箱空间，奇瑞车型的特色
    


    






                

    驾驶感受
        
            
            
        
        5
    
    
    动力方面，瑞虎9全系标配了2.0T发动力，动力非常充足，几乎是踩下油门就能够感受到动力的输出，提速非常迅速，红绿灯我一般都是最先冲出去。在高速上行驶的时候，速度在120左后，踩下油门，依旧可以马上感受到后段加速的反应。
    
    
    
    
    


    
        起步/加速动力
        瑞虎9起步加速也是非常不错，油门反应也很快，一般踩下油门，就能够非常明显的感受到动力的输出。
        
        
    
        刹车灵敏性
        瑞虎9的刹车比较灵敏，轻踩刹车就能够感受到明显的减速，急刹车的时候，依旧会有点头的反应，建议平时刹车的时候，最好不要急刹车。
        
        
    
        方向盘轻重
        瑞虎9方向盘采用的是电子助力，操控非常轻巧，转向也比较灵敏，非常容易上手。
        
        
    






            

            




            

    油耗
        
            
            
        
        4
    
    
    本人开车属于偏急躁的类型，受不了慢慢悠悠的开车风格，稍微有点激进。目前已经行驶了1500多公里了，表显油耗在10.5左右，还是非常满意的。上班所走的路段魏市区，路况稍微有点拥堵，车速一般都在20Km/h左右，表显油耗一般都在11左右。提车的时候走过一段快速路，速度一直都保持在85左右，20公里的距离，表显油耗在6.0左右。
    
    





            
            

    外观
        
            
            
        
        4
    
    
    瑞虎9外观看上去远远谈不上惊艳，但他看上去比较成熟稳重，属于耐看的类型，非常喜欢瑞虎9中网上的LOGO，在夜间可以点亮发光，非常炫酷。隐藏式门把手也是我所钟爱的功能，看上去非常有高级感和科技感。
    
    
    
    
    


    
        轮胎
        瑞虎9采用了米其林的20寸大轮毂，不仅美观，静音效果也非常棒，通过性也非常突出。
        
        
    
    
    
    


    





            

    内饰
        
            
            
        
        4
    
    
    瑞虎9的内饰是奇瑞所有车型中最为突出的一款，大面积采用了软皮包裹和硬质木纹饰板，座椅虽然采用的是仿皮，但是包裹性不错，坐上去能感受到比较柔软和舒适。瑞虎9还配备了256色氛围灯，并且可以随着音乐律动，配上12个索尼喇叭，非常有家庭KTV的感觉。
    
    
        第二排舒适性
        第二排座椅依旧采用的是仿皮的材质，坐上去还是能够感受到非常舒适的柔软度，另外后排中间的地台没有凸出，给第二排乘客带来了很好的体验。
        
        
    
        开门按键
        最让我喜欢的就是瑞虎9的开门按键，瑞虎9采用的是电子按键的开门方式，非常优雅和方便，同时为了安全考虑，瑞虎9还配备了手动开门把手，给我们带来了优雅和安全。
        
        
    
    
    电子按键开门，非常方便和优雅
    


    
    
    手动开门把手，给我们行车提供了安全保障。
    


    





            

    性价比
        
            
            
        
        5
    
    
    瑞虎9刚刚上市，所以只有厂家提供的优惠，我是通过置换的方式入手的，因此享受的是置换补贴1.9万元，然后从闲鱼入手了一张盲订券，又可以省下3000大洋，非常满意。
    
    





            
                

    配置
        
            
            
        
        5
    
    
    瑞虎9是入门即高配的车型，全系标配了L2.9级别的辅助驾驶，给我们用车带来了超强的辅助。在所有的配置中，最喜欢的有540全景影像透明底盘、主动刹车、ACC全速自适应巡航。尤其是主动刹车，短短的1500多公里的驾驶，由于自己的粗心，幸亏有主动刹车的帮助，让我避过了一次追尾事故。
    
    




            

            



        "
雨天洗头,2023-07-05 首次发表,"
            
                
                    1300km
                    
                    行驶里程
                
                
                    8.0L
                    百公里油耗
                
                
                
                
                
                
                
                
                
                
                
                

                
                
                    17.99万
                    裸车购买价
                
                
                    2023-06
                    购买时间
                
                
                    阜阳
                    购买地点
                
            
            
    
    

    
        $(document).ready(function () {
            var koubeiid = 5036751;

        });

    


            
                最满意
                本人是在六月二十七号提的虎 9，到目前为止已经行驶了 1300 公里！很多人可能疑惑我怎么跑这么多！因为我中间跑了一个八百多的高速！真心满意虎 9 的地方是它在高速上的静谧性还有舒适性！底盘传达出来的质感已经越级吊打三四十万的车了！很舒适的驾乘体验，另外再夸赞的一点就是安全性高！我在高速上如果看别的方向，车机会主动提醒我看前方，注意安全驾驶，这一点儿很人性！点个赞！
            
            
                最不满意
                不满意的地方也有，就是虎 9 的一些细节装配确实需要有待提高！要多向其他品牌学习！油耗总体来说高速省油市区一般般，但是毕竟车重在这呢！有一说一哈！
            

            

    空间
        
            
            
        
        4
    
    
    先说明一下，我本人身高 170 体重 120！不管去开这个车还是去坐这个车都比我之前哪个车要舒适！空间确实没话说，但是只能针对于前两排，第三排的只能说坐个 1.7 以下的身高还是比较舒适的！
    
    
    
    
    


    
        车内储物能力
        值得去夸一夸的是，全车的储物空间确实多并且还大，另外中央扶手箱的一个容积确实没得说可以放很多水并且还带空调出风口！
        
        
    
    
    
    


    
    
    
    


    
        后备厢容积
        因为我是七座车型，这时候去聊后备箱空间就有些耍流氓了！但是七座坐起来情况下，后备箱大概还有三十多公分的宽度，已经很可以了！
        
        
    
    
    
    


    






                

    驾驶感受
        
            
            
        
        5
    
    
    我刚刚也就说了，这个车的一个驾驶乘坐感觉已经可以吊打三四十万的车了！不管开起来还是坐起来真的很舒服！毫不夸张！包括在高速上 120 整车的一个静音性和一个行驶姿态都很完美！但是要改进的一个就是低速换挡有一丢丢顿挫！希望变速箱换挡可以再顺滑一些！
    
    
        起步/加速动力
        这个车起步我经济模式要是踩深了，车头都是抬头！所以动力确实没话可说！
        
        
    






            

            




            

    油耗
        
            
            
        
        4
    
    
    我平常一年大概会跑五六回高速也不算多！这个车在高速上我尝试过压住一百去跑最终油耗 6.2 跑了八百多公里！所以高速真的很省油！总体来说高速➕市区综合目前我不超出 8 个油 1300 公里！
    
    
        城市油耗
        我这里三线城市，平时早晚高峰也是堵的不行，并且红绿灯也是很多！基本上这个油耗也不会超过十个！
        
        
    





            
            

    外观
        
            
            
        
        5
    
    
    这个车说真的奇瑞这一次真的学厉害了！这款车真的确实做的很耐看，而且还是那种越看越好看的那种！上个图自己慢慢品味！
    
    
    
    
    


    
    
    
    


    
    
    
    


    
        车头造型
        说实话车头做的饱满圆润，真是越看越好看，如果说车标可以再改进一下真的绝了！
        
        
    
    
    
    


    
    
    
    


    
        腰线设计
        都说这个车身侧面看着像极了路虎和林肯！真的停在一起完全不虚的好嘛！
        
        
    
    
    
    


    
    
    
    


    
    
    
    


    
        车尾造型
        车尾辨识度还是挺高的，屁股也是那句话圆润饱满，尤其贯穿式尾灯确实很迎合主流！
        
        
    
    
    
    


    
        车身做工
        车身做工确实有待提高哈，就不上图了！希望以后的做工会越来越好！
        
        
    





            

    内饰
        
            
            
        
        5
    
    
    现在说说内饰这一块儿哈！刚进驾驶室第一感觉就是中控马鞍很大很宽，虽然很气派但是同时也会损失一定的横向宽敞度！仪表台和门边上方都用了类似翻毛的材质，具体叫啥我也不知道！反正手感真的是可以！我的是尊贵所以有电释放门，现在用起来真的开门很优雅！不会像以前那样要连续拉两下门把手推开门！
    
    
    
    
    


    
    
    
    


    
        空调效果
        空调只能说一个字：冷🥶！那天我带我闺女出去玩儿，外面三十多度！我闺女在车里让我把空调关小一些！说冷！所以可想而知这个车空调制冷怎么样！并且我闺女特别喜欢后排出门口！一路上很喜欢去给他做造型！
        
        
    
    
    
    


    





            

    性价比
        
            
            
        
        5
    
    
    性价比为什么回去打五分呢，虽然说我还没保养！我也不知道保养一次多少钱！但是说实话我一开始是打算买豪越 L 的旗舰版本的！当时哪个车算完价格落地也要十五个了！后来看到虎 9 有置换补贴 19000，又加上一些所谓的补贴，下来也有十七个多点！虽然说贵了两三万吧！但是我想要配置都有了，什么静音玻璃，什么车机互联，12 个索尼音响等等一些！所以我这个性价比是给车的整体价格还有配置给出来的！
    
    





            
                

    配置
        
            
            
        
        5
    
    
    我上面也说了，我喜欢车机互联，因为上个车帝豪 GS 是有线 Carplay，但是每次必须要用数据线，很不方便，这个虎 9 呢就是可有线可无线，很方便！并且还有无线充电！充电还带出风口免得手机发热！好了，今天就到这了！下次再见！
    
    
    
    
    


    
    
    
    


    
        语音交互准确度
        语音试别还是很快的，说真的现在车机互联用的也少了，更多的会去用车上自带的音乐播放器和高德地图！语音跟小奇说一下就好了！
        
        
    
        车机功能及流畅度
        车机的一个流畅度我感觉取决于车机热不热，要是车机热了会有一点儿小延迟，但是车机不热的时候速度真的很顺滑！
        
        
    




            

            



        "
龙显云,2023-07-04 首次发表,"
            
                
                    650km
                    
                    行驶里程
                
                
                    7.6L
                    百公里油耗
                
                
                
                
                
                
                
                
                
                
                
                

                
                
                    17.49万
                    裸车购买价
                
                
                    2023-06
                    购买时间
                
                
                    萍乡
                    购买地点
                
            
            
    
    

    
        $(document).ready(function () {
            var koubeiid = 5035798;

        });

    


            
                最满意
                瑞虎9这款车外观是吸引眼球的入口，采用垂瀑式飞流格栅，发光LOGO灯，颇有豪华车的风范。车身线条采用云端悬浮车顶设计，给人一种稳重，安全的感觉。尾部的造型相比车头要明显更加收敛一些，没那么夸张，更多的是强调沉稳。黑色的D柱以及窗框饰条营造出了半悬浮式的车顶，视觉层次感得以提升。瑞虎9采用了时下较为流行的隐藏式车门拉手，电动伸缩增强了仪式感，前排拉手同时配备了触摸式的无钥匙进入功能。两侧后视镜下方集成了360度全景摄像头，而且为了图像更加清晰，减少画面畸变，其甚至采用了双摄像头的方案，值得点赞。贯穿式的尾灯同样是提升层次感的部件，整体采用黑色的打底，内部的组合式灯带造型很精致，而且中间的部分还巧妙地布置了奇瑞的字幕LOGO。当然，那根银色的装饰条也是增强视觉冲击力的手段。方向盘采用平底式设计，外圈比较粗壮，整体抓握感充盈。再加上真皮的包裹以及加热功能，基本上没啥可吹毛求疵的了。拇指两侧的多功能按键为一体背光款，想要准确按下需要的功能就得花费更长的时间去适应并记住相应位置，学习成本有一点点提升。全液晶仪表在如今这个时代必须是标配，不过瑞虎9的默认界面似乎显得有些过于简洁。核心信息的显示当然没什么问题，但整体画面要是再精细，或者是再好好规划一下，会更讨人喜欢。

360度全景影像的画面清晰度不错，常用的角度它都有，紧贴路边停车或者是周围环境复杂的情况下，这套系统绝对是个好帮手。
瑞虎9使用的是索尼品牌的扬声器，整体效果还不错，符合其旗舰车型应有的表现。另外，在部分高配车型上，主驾头枕还有独立的扬声器，可以用来单独给主驾播放导航语音，这样就不用影响全车乘客听音乐了。
其他功能方面，后门上提供了手动遮阳帘，进一步提升了私密性和防晒隔热表现。前排中央的扶手箱尾端是两个独立的空调出风口（B柱上也有），后排两个座椅都有三挡可调的加热功能，最下方同样是两个USB充电口，只是这里没有标识，接口造型也十分“简约”。
            
            
                最不满意
                最不满意的地方就是中控台上的触摸按键设计位置不合理，稍不注意就开启了座椅加热，可以和放水杯位置调换一下。
            

            

    空间
        
            
            
        
        4
    
    
    我身高180，平常就喜欢开SUV，这个车的空间完全满足我的需求，而且后备箱超大，长途旅行的装备都能容纳，空间方面给个大大的赞👍🏻
    
    
    
    
    


    
    
    
    


    
        ☆ 空间设计亮点
        有个隐藏式储物空间，号称小冰箱，可以在车上随心所欲的喝上冰饮料
        
        
    
    
    
    


    
        乘坐空间
        1930mm的宽度，躺上去就像家里的大沙发，非常舒服。
        
        
    
    
    
    


    
    
    
    


    
    
    
    


    






                

    驾驶感受
        
            
            
        
        4
    
    
    2.0T鲲鹏动力，都不敢用力踩油门
    
    
        跑高速
        暂时还没有跑过高速
        
        
    
        起步/加速动力
        起步快，动力强
        
        
    
        刹车灵敏性
        刹车灵敏，不用担心急刹
        
        
    
        方向盘轻重
        方向盘很轻，且灵活
        
        
    






            

            




            

    油耗
        
            
            
        
        5
    
    
    我们经常在市区开，这么大一个车还以为油耗会很高，结果综合油耗只有7.6升，真的给了我大大的惊喜
    
    





            
            

    外观
        
            
            
        
        4
    
    
    外观造型前脸垂瀑式前格栅，发光灯，超级霸气
    
    
        腰线设计
        腰线采用云端悬浮车顶设计，识别度非常高
        
        
    





            

    内饰
        
            
            
        
        5
    
    
    内饰做工真的是很良心，车门打开就能闻到淡淡的清香，舒适的皮质座椅，简直不要太舒服
    
    





            

    性价比
        
            
            
        
        5
    
    
    购车时有比较过星越l，最终因为认准了瑞虎9的性价比，选择了这款车型
    
    





            
                

    配置
        
            
            
        
        5
    
    
    540 立体超感系统，27个出风口，3个鼓风机，即使在炎热的夏天也能在车上迅速找到专属空调
    
    




            

            



        "
顶级生活家102,2023-07-04 首次发表,"
            
                
                    2500km
                    
                    行驶里程
                
                
                    9.1L
                    百公里油耗
                
                
                
                
                
                
                
                
                
                
                
                

                
                
                    16.29万
                    裸车购买价
                
                
                    2023-06
                    购买时间
                
                
                    郑州
                    购买地点
                
            
            
    
        
            
        
    
    

    
        $(document).ready(function () {
            var koubeiid = 5035389;

        });

    


            
                最满意
                开始是选择瑞虎8pro的，最后准备提车的时候虎9发布了。看完试驾，瑞虎8Pro瞬间不香了，那就加点预算直接上瑞虎9吧，选车交定金上临牌去提车一切都很顺利。在郑州提的车，两驱黑色中配落，没有置换，有置换的话裸车价就是落地价不知道真假，对于我这种没有置换的真心不是很友好啊。目前开了两千五百公里，感觉各方面都不错
【真实用车体会】
这车到现在开了两千多公里，我平时就上下班回家用开的不算很多，基本都是短途，油耗在11-12升表显平均油耗，最近经常跑高速油耗慢慢降下来了在9个油左右，油门响应灵敏，起步轻快，悬挂滤震好，开着有碾压感，这车刹车堆头确实有点毕竟是中大型 SUV ，操控不错，指向性好，虚位小。得益于固铂轮胎路感清晰，有点运动感。转弯半径大，在小空间，小车道不好转弯 d 档驻车等灯时抖动，有一种想出去拽住的感觉，刹车踩死或挂 n 档解决，估计是厂家调教问题，注意起步点油门有一点窜，适应后还好，这车起步确实轻快。前排双层夹胶玻璃和多种隔音材料的应用，驾驶室噪音表显优秀。支撑性也不错，车速快是转弯有信心。至于网传的麋鹿测试 我觉得不要完全听车评人的，他们充值与否公平性有待考量。自己亲自试驾，自己感受再决定要不要买。
【空间】
我身高173cm，体重160左右，驾驶位支持六向调节、腰托支撑调节，前排座椅长度是50公分，同级车里最长的，左右的支撑也很好，舒适性很有保证，所以不管身材如何绝对是够用了；后排座椅长度48公分，比前排稍柔软，左右座位也有一点侧面支撑，对于我朋友180身高95公斤体重来说腿部一拳头部一拳，空间是非常宽裕了。后备箱空间足够大，卷尺量过有1米×1米，偶尔装个大物件也是可以的，放倒的情况下后排全平，或者是出来旅游用来睡觉也是可以的。来旅游东西终于有地方放了，车内储物空间也是为了照顾副驾驶腿部空间，前排储物箱有点不够，没具体测量，估计放点小东西是够的，大件就不行了；杯架可放两瓶水，扶手箱挺深可以放一些小物件，档把前面位置大小可放一盒烟，中控台下掏空，可以放手包，支持无线充电，速度也可以
【内饰】
豪华感和科技感是瑞虎9重点打造的方向，车内配色以浅色为主，配合大量皮质包裹，营造出轻奢氛围，同时，双联屏设计方向盘、挡把等区域大量采用的虚拟按键突出了座舱的科技感。昨天加油碰见奇瑞的维修工作人员，看见我的车就好奇的想打开看看他说还没有见过实车呢，看完后他说虎九的内饰比虎7高级太多了👍
【车辆槽点】
1、中控时不时的短暂黑 ，时间可能也就2、3秒，然后恢复。
2、方向盘音量控制键偶尔会失灵，就是有时按一下降低键，就只是按一下，系统会直接降到最低；或者是按一下升高键，音响会加满。以上这两个问题不知道是什么情况
【动力】
动力那自然是不用多说了在路上可以看到的车都可以超过去，踩了就用看见就想超。前中段的加速那是随叫随到，不过大家还是以安全为主，道路千万条，安全第一条。
家用车的话两驱中配完全够用了，我个人觉得没有完美的车型，能享受它的优点也得能接受它的缺点。瑞虎9的总体表现也是不错的，还在犹豫的车友们，想入手就不要犹豫了，支持国产，支持奇瑞
            
            
                最不满意
                【缺点】
油耗续航：加满油估计能跑九百公里，没加满过估计可以，油耗方面官方给出的是7.5，我现在开了两千五百公里左右，现在油耗在9个左右。油耗高低我觉得一部分是取决于驾驶人的脚法的平常驾驶喜欢暴力输出的那油耗肯定是偏高的，更何况还是一台中型suv 2.0t的排量。如要想前段加速快点，必须把转速深踩到2500以上才行，所以日常模式起步时油门前段反应偏柔和了，必须深踩才有比较强的动力。运动模式急加速起步的时候有时前轮打滑，湿滑路面打滑严重的时候甚至会导致整个车头震动。
            

            

    空间
        
            
            
        
        5
    
    
    我身高173cm，体重160左右，驾驶位支持六向调节、腰托支撑调节，前排座椅长度是50公分，同级车里最长的，左右的支撑也很好，舒适性很有保证，所以不管身材如何绝对是够用了
    
    
    
    
    


    






                

    驾驶感受
        
            
            
        
        5
    
    
    起步轻快，悬挂滤震好，开着有碾压感，这车刹车堆头确实有点毕竟是中大型 SUV ，操控不错，指向性好，虚位小。
    
    
    
    
    


    
        起步/加速动力
        起步的时候有点窜
        
        
    
    
    
    


    






            

            




            

    油耗
        
            
            
        
        4
    
    
    经常在郑州最近经常跑高速百公里油耗9个左右
    
    
    
    
    


    





            
            

    外观
        
            
            
        
        5
    
    
    整体比较大气。侧面和后面都挺好看的，前面的进气隔栅略大，
    
    
    
    
    


    
    
    
    


    
    
    
    


    





            

    内饰
        
            
            
        
        5
    
    
    豪华感和科技感是瑞虎9重点打造的方向，车内配色以浅色为主，配合大量皮质包裹，营造出轻奢氛围，同时，双联屏设计方向盘、挡把等区域大量采用的虚拟按键突出了座舱的科技感
    
    
    
    
    


    





            

    性价比
        
            
            
        
        4
    
    
    总体来说瑞虎9性价比挺高的，售后有问题及时处理，奇瑞越来越好了
    
    





            
                

    配置
        
            
            
        
        5
    
    
    瑞虎9的配置如果换个车标的话估计会买到30个W，就是有时候车机跟手机互联不太流畅
    
    
    
    
    


    
    
    
    


    




            

            



        "
飘渺核弹头,2023-07-03 首次发表,"
            
                
                    468km
                    
                    行驶里程
                
                
                    9.3L
                    百公里油耗
                
                
                
                
                
                
                
                
                
                
                
                

                
                
                    13.19万
                    裸车购买价
                
                
                    2023-06
                    购买时间
                
                
                    德阳
                    购买地点
                
            
            
    
        
            
        
    
    

    
        $(document).ready(function () {
            var koubeiid = 5035225;

        });

    


            
                最满意
                因为上个车，科鲁兹满打满算已经开了11年了，车辆虽
然没啥很大的问题，但是小毛病不断，动力也不够看了。之前看过长安的unink，然后吉利的星越L，捷途的x90子龙版，揽月，凌云，瑶光。前几个不是很满意，揽月是太大了，凌云小了一点，遥光后排座椅矮了一点。最终多等了几个月，选择了综合能力没有明显缺点的虎9。

首先说外观，照片上和实车看起来是两码事，去看过车的朋友都明白我的意思，非常大气，越看越好看，本来我想买银色，但是4s店没有实车，我又怕仅有的两个入门般配置
现车被别人提了，所以我就选了黑色。类似用料比较舒服，触手可及基本上都是软质材料，新车也没有什么味道。
驾驶感受就一个字，爽！起步以后基本感觉不到换挡，这台7速双离合奇瑞调的是真不错。星途的发动机，400t的动力，只要你踩深一点，你就很有信心完成超车，80码以上的后段加速能力也在线，动力澎湃。
车内空间，不错，五座的，后备箱巨大巨大，装载能力实在恐怖。
车机比较流畅，该给的配置入门版就给了，远程启动和APP控制还有自动驻车、全景影像、carplay这些功能都非常好用。

总体来说，这个车没有明显的短板，在我看来是比较全面的一辆家用车，偶尔还可以有一点点踩地板油的激情。
            
            
                最不满意
                细节做工的话还需要提升，比如我的a柱的内板是凹进去的，不过我扒开胶条看了是塑
料件有点冲突，问题不大，瑕不掩瑜。
方向盘指向就是家用SUV的感觉，不能和轿车比。
中控扶手的空调控制面板，放手肘的时候容易误触。
车内空间，很遗憾，很一般，但凡奇瑞舍得给第二排在多5cm以上，都能去大五座组别里打一打。
预装的app多了，能自助删除就好了，内存不是很够，一旦内存不足就会卡机，这个原理和手机一样，希望后续奇瑞可以开放删除第三方app的权限。
辅助驾驶的车道偏离辅助我是关了的，小县城的道路很多没有线，具体使用起来还是不够智能。
车太大了，前两天我蹭到墙上了，大家多熟悉下全景影像和实际情况的距离吧。

最后我有三点建议：
1，方向盘自定义健关联功能，比如全景影像。
2，自动驻车自动判断倒车停车场景，自动关闭一
会儿。
3， app远程控制，天窗、车窗通风功能，和雨刷雨量感应联动，检测到下雨就自动关窗。
            

            

    空间
        
            
            
        
        5
    
    
    储物空间够用，后备箱巨大
    
    
    
    
    


    
    
    
    


    
        乘坐空间
        175 70kg坐起来感觉很不错，各方面都还可以。头部还宽，后排也不错。
        
        
    
    
    
    


    






                

    驾驶感受
        
            
            
        
        5
    
    
    综合评价就两个字，好开。变速箱调教的很好，基本感受不到换挡的动静。
    
    
        起步/加速动力
        加速很不错，踩就有。中后段加速也很给力，基本没有延迟。
        
        
    
        方向盘轻重
        方向盘有两个模式，舒适和运动，舒适比较轻，运动稍微重一点，整体来说偏舒适感受。就是，轻一点。
        
        
    
        弯路/并线稳定性
        因为车比较大，掉头的话可能需要多回一盘子，并线变道的话，比较舒服吧，当然和轿车没法比。
        
        
    
        刹车灵敏性
        刹车我感觉稍微有一点硬。比较灵敏。
        
        
    






            

            




            

    油耗
        
            
            
        
        4
    
    
    1.7吨的车，城市油耗我开的九点几个有。还是非常不错的，2.0的动力，加95
    
    





            
            

    外观
        
            
            
        
        5
    
    
    外观整体来说有一点拼凑的感觉，但是确实颠覆了奇瑞以往给我的设计感受。
    
    
    
    
    


    
        车头造型
        车头造型是耐看型的，越看越好看。包括他的引擎盖这些线条比较舒服，厚重。
        
        
    
        车尾造型
        车尾的话，贯穿式尾灯，圆润的造型也不错。
        
        
    





            

    内饰
        
            
            
        
        4
    
    
    类似的颜色是黑色的，做工一般吧。用料比较舍得下本，触手可及，全是软包材料。
    
    
    
    
    


    
        内饰用料
        基本都是皮质包裹，只有门的下部分有一些硬塑料。
        
        
    
        空调效果
        空调制冷很快，，中等风以下声音很小。
        
        
    
        第二排舒适性
        第二排的话，座椅稍微比第一排硬一点。第二排中间位体验很一般，甚至可以说有点差。
        
        
    
        座椅加热
        我的是入门版主副驾支持座椅加热。效果很好，很快就加热了。
        
        
    
        座椅舒适性
        前排座椅的柔软度比较舒适。前面座椅的话稍微短了一点点。
        
        
    





            

    性价比
        
            
            
        
        5
    
    
    性价比很不错，综合看起来，这个车没有什么明显的短板。
    
    





            
                

    配置
        
            
            
        
        4
    
    
    车机使用的是8155的芯片，用起来比较流畅，然后也支持carplay和华为车机系统，我是用carplay，非常好用，这也是经过市场验证的，有acc自适应巡航，还有540度全景影像，透明底盘，倒车影像都有。我这个是入门版的，所有实用的配置基本上的都给够的。
    
    
    
    
    


    
        语音交互准确度
        语音识别还不错，连续识别的话需要再进一步提升。
        
        
    
        主动刹车智能度
        我试过主动刹车，体验还可以，但是我是老司机，我不太喜欢完全靠智能系统。希望后边可以慢慢适应吧。
        
        
    
        自适应巡航智能度
        这个自适应巡航的智能程度也比较高，比较灵敏，但是我是一个驾龄比较长的司机，对这个东西还是不是很信任吧
        
        
    




            

            



        "
瑞虎9最年轻车主,2023-07-02 首次发表,"
            
                
                    600km
                    
                    行驶里程
                
                
                    10.0L
                    百公里油耗
                
                
                
                
                
                
                
                
                
                
                
                

                
                
                    16.39万
                    裸车购买价
                
                
                    2023-06
                    购买时间
                
                
                    阜阳
                    购买地点
                
            
            
    
    

    
        $(document).ready(function () {
            var koubeiid = 5034239;

        });

    


            
                最满意
                油耗市区不超过9个 高速6个左右
丰富的配置对标合资40万价位
            
            
                最不满意
                中控座椅通风加热容易误触，座椅记忆混乱！
            

            

    空间
        
            
            
        
        4
    
    
    
        

        0% buffered00:00播放暂停00:00/00:02倍速2x1.5x1.25x1x0.75x0.5x高清高清全屏切换50%75%100%满屏00:00汽车之家视频播放器  之家首页  复制链接  版本号 : 2.5.32

  
    
      
        
        
          
        
        
          
        
        
      
    
  


    
    

    本人身高182 体重190斤，因前排可调节 坐起来自然没有问题，后排按照我的座椅记忆本人做后排还有一拳的空间， 二排空间稍微小了一点， 因为后备箱非常大，牺牲了二排空间，很好的一个点，就是后备箱可以完全放平躺两个人没有问题，下面有视频，在超市刷了三千的购物卡，买的基本都是生活用品米面油，装载能力非常ok！整体来说一家五口的话，空间完全够用，不会显得拥挤，吐槽一下后备箱做这么大，有没有考虑过我以后去老丈人家里的感受😒
    
    
    
    
    


    
    
    
    


    






                

    驾驶感受
        
            
            
        
        5
    
    
    加速调整到运动模式后 一脚油门下去推背感直接到位奇瑞的双离合调教的没毛病 400T的发动机奇瑞的招牌 讲动力都多余！前期加速不是很快 但是中后段加速贼猛，一句话形容（一点寒芒先到，随后枪出如龙）
    
    
        跑高速
        高速方面首先油耗非常满意，这么大的suv6个油左右，动力十分强劲，在高速上超车，一脚油门下去动力响应没有感觉到延迟随叫随到
        
        
    






            

            




            

    油耗
        
            
            
        
        5
    
    
    本人在阜阳和合肥用车，高速就是6个多 很多车友5个多的也很多 驾驶习惯有关吧 市区的话正常不超过9个，合肥高架晚高峰当地的应该知道非常堵 最高的一次10.5 以上油耗都是在开着空调和座椅通风的情况下
    
    
    
    
    


    





            
            

    外观
        
            
            
        
        5
    
    
    侧颜无敌 车身棱角分明 车头的话就是霸气 开出门回头率很高，而且星银这个配色真的高级感满满，提车后亲戚朋友说的最多的一句话就是奇瑞还有这么高端的车？
    
    
    
    
    


    
    
    
    


    
    
    
    


    
        车尾造型
        贯穿尾灯好评
        
        
    
    
    
    


    





            

    内饰
        
            
            
        
        5
    
    
    车本身没什么异味就是新车的味道，空调制冷效果很猛，但是设计的很好不会让你感觉有冷风吹在脸上 座椅的话开久了还是有点累 有腰部支撑感觉还是累 氛围灯我一般是设置跟随音乐，唯一不满的就是中控容易吸灰沾指纹建议贴内饰膜可以忽略不计
    
    
        内饰用料
        内饰的话 基本能摸到的地方都是麂皮，车顶除外没有加装麂皮，可以说是奇瑞目前为止内饰最好的一款车
        
        
    





            

    性价比
        
            
            
        
        5
    
    
    没有置换 交两千抵九千 盲订3999 别的没什么优惠 外加我们当地政府补贴三千 落地也就在18.2左右 购车前考虑过星越L 很多人说瑞虎9对标的就是星越L 我试驾过星越L 本人觉得跟瑞虎9没有可比性 不在一个赛道 萝卜青菜，各有所爱吧！ 我认为全方面碾压
    
    





            
                

    配置
        
            
            
        
        5
    
    
    开高速的情况下感觉很轻松  我一般上了高速就是定速续航加领航模式车道保持 不用管油门控制刹车就可以  车道偏移后会自动回正， 基本不用怎么操控方向盘，有车辆并线后会根据设置车距自动加减速保持车距
    
    
        手机无线充电便利性
        无限充电可能是充电协议的问题冲的比较慢 而且手机发热严重
        
        
    
        360全景影像实用性
        这个对新手可以说是神器了 相当方便
        
        
    




            

            



        "
有爱的二哥,2023-07-02 首次发表,"
            
                
                    1200km
                    
                    行驶里程
                
                
                    9.1L
                    百公里油耗
                
                
                
                
                
                
                
                
                
                
                
                

                
                
                    18.49万
                    裸车购买价
                
                
                    2023-06
                    购买时间
                
                
                    长治
                    购买地点
                
            
            
    
    

    
        $(document).ready(function () {
            var koubeiid = 5034190;

        });

    


            
                最满意
                我是18款奇瑞瑞虎8车主，一直比较关注奇瑞汽车的发展，5月30日，奇瑞瑞虎9在北京上市举行发布会，新一代的全球旗舰SUV来了！瑞虎9作为瑞虎系列的旗舰版，外观设计巅峰，采用了全新的设计语言，大尺寸进气格栅内部配有较为粗壮的镀铬饰条，搭配中部醒目的品牌LOGO以及熏黑的前大灯组，使得前脸很有冲击力！加上4820mm的超长车身，2820mm超长轴距，车内的空间利用率非常大。内饰高级感十足，12.3英寸中控触摸屏+12.3英寸的液晶仪表采用了连体设计，提升了内部科技感。座椅方面，坐上去软硬适中，坐在后排，腿部也有承托，很到位很OK！感觉和磁悬浮列车一样，舒服！在动力方面，发动机最大功率192kw，搭载了鲲鹏动力2.0TGDI发动机，最大扭矩为400N.m，还配备了8AT变速箱，动力杠杠的！
            
            
                最不满意
                美中不足的就是怀档，座椅加热在扶手箱那里，还是触摸面板打开调节，感觉一点都不对称的设计，估计是我有强迫症，以后习惯就好了。
            

            

    空间
        
            
            
        
        5
    
    
    
    
    
        第二排空间
        本人身高180cm，头部空间仅一拳两指，坐在后排腿部放在最舒服的位置和前排还有两手指的间距，车身宽度193cm，横向空间表现相当不错，而且横向地台全平。
        
        
    
    
    
    


    
    
    
    


    
        后备厢容积
        后备箱超大，可以放下4个24寸的行李箱，还能放下婴儿车，座椅放倒纯平，夏天打开天窗就可以躺着看星星了。
        
        
    
    
    
    


    
    
    
    


    
        ☆ 空间设计亮点
        空调出风口下方有两个放置手机的平台，左边支持无线充电，并提供了散热口。
        
        
    






                

    驾驶感受
        
            
            
        
        5
    
    
    有三种驾驶模式，eco，标准，驾驶三种模式，在中低速驾驶的话，动力衔接做的相当不错，变速箱换挡没有明显的顿挫感。
    
    
        起步/加速动力
        加速加速有推背感，在转速达到2000转以后，有明显的爆发点，没任何滞后。
        
        
    
        开空调/满载加速
        开空调满载的话，动力也有过剩的，毕竟是2.0的动力。
        
        
    
        跑高速
        高速上超车也是轻轻松松，动力随叫随到
        
        
    
        方向盘轻重
        方向盘的握感不错。很舒服，皮革材质的。
        
        
    






            

            




            

    油耗
        
            
            
        
        4
    
    
    市区开车比较耗油，因为红绿灯多，容易堵车
    
    





            
            

    外观
        
            
            
        
        5
    
    
    前脸是奇瑞家族中最有颜值的一款车，没有之一，车头霸气，中网面积很大，内部是粗壮的直瀑式镀铬条，观感大气，。另外保险杠两侧竖状进气口也提升了运动气息，大灯样式也不复杂，从中网上边两个角延伸出来，和中网非常协调。
    
    
        腰线设计
        车辆侧面造型修长，贯穿整个侧面的腰线搭配车门处内凹的类似“L”样式的线条，很有立体感。上半部分设计有点像林肯飞行家，姿态挺拔。
        
        
    
        车尾造型
        车尾造型饱满，而且还采用现在流行的贯穿式尾灯，点亮后有很出色的识别度。后尾灯像不像犀利的鹰眼？
        
        
    
    
    
    


    
    
    
    


    
        轮胎尺寸和门把手
        在轮胎方面，这款旗舰版的试驾车轮毂采用双五幅样式，并且有双色工艺加入，很有运动感。而轮胎的规格为245/50/R20，而且出厂就配备了米其林轮胎，光这4条轮胎就价格不菲，达到了豪华车的标准。隐藏式的门把手也没有缺席，这样的感觉科技感和豪华感共同兼备，同时仪式感也拉满了。
        
        
    
    
    
    


    





            

    内饰
        
            
            
        
        5
    
    
    瑞虎9主驾有座椅通风，加热，按摩功能，座椅差不多有10向调节，拉高了车的舒适度，同时采用怀档的换挡机构，从造型上和操作手感上看，相当的像奔驰。虎9的座椅造型挺高级的，全系都是皮革材质，头枕也很宽大。
    
    
    
    
    


    
    
    
    


    
        内饰用料
        瑞虎9的方向盘全系都是皮革材质，不像真皮。不过手感还行，底部有削平的处理，有动感气息。
        
        
    
    
    
    


    
        空调效果
        空调出风口像回字形的，很有科技感，调节操控手感不错，同时这款车有27个出风口，有着540°的环绕式空调。
        
        
    
    
    
    


    
    
    
    


    
        车机配置
        配备了两块12.3英寸的屏幕和高通8155芯片，保证了车机的流畅度，屏幕上小玩偶更加增添了乐趣
        
        
    
    
    
    


    
    
    
    


    
    
    
    


    
        PM2.5过滤效果
        香薰系统加分，进入车内首先闻到一股淡淡的香味，夏天太阳晒，车内有味道，远程启动后香薰+座椅通风一开，进来就是香香的凉凉的，非常棒。
        
        
    





            

    性价比
        
            
            
        
        5
    
    
    个人感觉性价比挺高的，比较喜欢奇瑞理工男的造车观念，所以一直选择他，希望奇瑞越来越好。
    
    
        购车优惠
        旗舰版指导价是20.39万元，厂家给了1.9w的置换补贴，这个优惠政策非常划算，落地才20万出头。
        
        
    





            
                

    配置
        
            
            
        
        5
    
    
    从整体配置上看，该有的都有了，无钥匙进入，一键启动，自适应巡航，尤其在主动安全配置方面，提升更加的丰富。
    
    




            

            



        "
墨上青花,2023-07-02 首次发表,"
            
                
                    200km
                    
                    行驶里程
                
                
                    7.5L
                    百公里油耗
                
                
                
                
                
                
                
                
                
                
                
                

                
                
                    15.29万
                    裸车购买价
                
                
                    2023-06
                    购买时间
                
                
                    郑州
                    购买地点
                
            
            
    
        
            
        
        
            
        
    
    

    
        $(document).ready(function () {
            var koubeiid = 5033943;

        });

    


            
                最满意
                油耗很惊喜，我说7个多油，很多人不相信，其实刚开始我也怀疑，因为当时提车的时候心里想着10个油之内都能接受，没想到7个油，真的是比较意外！也可能和我的路况和驾驶习惯有关系！上下班单程12公里基本上都是国道，2个红绿灯，不存在堵车的想象！
            
            
                最不满意
                购车没优惠，预算是在15万内，但是后来超了，还好超的不多，心里有算平衡了，花15万买个奇瑞的车，从品牌上讲确实给人感觉不划算，但是从配置上讲，这个价位确实很香！
            

            

    空间
        
            
            
        
        4
    
    
    空间上绝对超赞，但是呢和预期想象的不一样，没上市之前想着瑞虎9应该比瑞虎8大不少，但是上市后发现比瑞虎8也大不了多少，轴距上厂了11厘米，宽了7厘米，长了8.5厘米，跟没上市想象中有差距！
    
    
    
    前排空间宽敞大气 随意坐 想怎么坐 就怎么坐
    


    
    
    后备箱巨无霸的存在 想拉什么就拉什么
    


    
    
    二排空间绰绰有余 能坐4个成年人 5个小孩
    


    






                

    驾驶感受
        
            
            
        
        5
    
    
    奇瑞的车驾驶感受是没得说的，底盘沉稳舒适，2.0T的发动机起步加速动力连绵不绝，刹车也非常的给力，因为动力比较大，好几次在起步的时候，明明是轻踩油门，结果车子还是一下子窜出去了，幸亏是赶紧踩刹车，避免与前车相碰如果之前是开小排量汽车的，开瑞虎9一定要注意油门的轻重！
    
    






            

            




            

    油耗
        
            
            
        
        5
    
    
    油耗绝对给力，我想说的是和我之前的艾瑞泽是一样的，说出来怕大家不信，刚开始我也不信但是确实是这样的，也许有人说是欢乐表，我想说的是作为奇瑞老车主，奇瑞的油耗表还是比较准的！可能和我的驾驶习惯和路况有关系吧，12公里基本上都是国道，两个红绿灯，路况是比较爽的
    
    
    
    这个是表现油耗啊 不是我胡编乱编的 有图有真相
    


    





            
            

    外观
        
            
            
        
        5
    
    
    外观很满意这个造型 有点九五之尊的味道 很年轻化，虽然人到中年了，但是还是非常喜欢这种年轻化的造型外观，流线感很强，隐藏式门把手，矩阵式LED大灯，直瀑式进气格栅，电动折叠后视镜，led的车标
    
    
    
    出去玩的时候拍的照片 车身修长 大气磅礴
    


    
    
    洗车的时候的照片 洗车工一个劲的这个是什么车 说没见过 问这个车多少钱
    


    





            

    内饰
        
            
            
        
        5
    
    
    瑞虎9内饰超赞，双连屏，皮质方向盘，多功能半幅方向盘，真皮座椅，你能看到摸到的都是皮质包裹，软包，搭配镀铬装饰，高端既简约，物理按键很少，空调出风口很有个性，怀挡，旋钮式换挡，有种新能源汽车内饰的感觉
    
    
    
    
    


    
    
    
    


    





            

    性价比
        
            
            
        
        5
    
    
    如果说16万买个国产奇瑞车，给人的感觉是有点像不明白，但是同样的16万元，国产给你的是配置满满，合资给你的是什么呢？性价比这方面是看你怎么看了，如果注重品牌脸面，就选择合资，现在合资也大降价了！如果注重实用，配置就选择国产！
    
    





            
                

    配置
        
            
            
        
        5
    
    
    配置什么的你能想到的几乎他都有了，应有尽有！什么前后倒车雷达，360全景，摄像头，超声波雷达，自适应巡航，车道保持，语音控制，天窗，导航，空调，车联网，远程控制，主动刹车...你能用到的他都有，你用不到的他也给你配备了
    
    




            

            



        "
你就在这等我,2023-06-30 首次发表,"
            
                
                    3500km
                    
                    行驶里程
                
                
                    9.8L
                    百公里油耗
                
                
                
                
                
                
                
                
                
                
                
                

                
                
                    17.99万
                    裸车购买价
                
                
                    2023-06
                    购买时间
                
                
                    天津
                    购买地点
                
            
            
    
    

    
        $(document).ready(function () {
            var koubeiid = 5032286;

        });

    


            
                最满意
                大家好，我是瑞虎8三年的车主现在已经行驶了33000公里，整体使用都非常满意的。作为奇瑞车主还是比较关注奇瑞的新产品，
因为家里都比较喜欢中大型SUV从瑞虎9谍
照曝光开始就比较关注。五一车展的时候就见到了实车当时就是挺震撼的，由于人多也没有仔细体验，其实那会就已经种草了。
首先看到的它的前脸，直瀑式中网让整个前脸显得非常厚重。两侧的全LED矩阵式灯配合熏黑的灯腔看起来非常的精致，夜晚照射效果也非常不错。车身侧面平直的双腰线尽显成熟稳重，侧身颜值无敌的存在。全系标配20寸的熏黑的花式轮毂尽显大气，尾部设计干练贯穿式的LED尾灯点亮以后很有辨识度。
瑞虎9这次选择的是全黑色内饰，还有米色和棕色可选。米棕色还是比较好看的但是家里有宝宝的还是选择黑色的比较好打理。方向盘中控都是用大量的皮质包裹，还配有金属拉丝装饰板尽显高级感逼格拉满。540°℃的立体空调还是非常不错的，可以感受无风空调。车机配有的高通骁龙8155的芯片真是流畅，比瑞虎8的车机有这明显的提升，语音识别度也非常高。还有非常多的电子辅助功能等待探索。
此车最满意的还是动力方面，比原先的1.6T提升了不上少，瑞虎9全系标配2.0T高功率发动机动力随叫随到，1.6在满载的情况下有明显衰弱，在这款车里完全不用担心，高速超车响应迅速毫无压力。
            
            
                最不满意
                整车体验还是非常不错的，值得吐槽的是新车都配有隐藏式的把手最担心的还是冬天下雪会不会冻住门把手弹不开，还是有把手的比较靠谱。再有就是怀挡作为一个老司机是真的不太适应了，我的第一辆就是手动挡开了八年适应了右手扶着东西，再有就是雨刮位置和之前不一样了太不习惯了。
            

            

    空间
        
            
            
        
        4
    
    
    前排空间还是比较满意的，本人180的身高坐在车里头部空间还有一拳的距离。中排空间也是可以而且地面也是纯平的对中间座位也是比较友好的，此车要有独立六座就更好了。
    
    
    
    
    


    






                

    驾驶感受
        
            
            
        
        5
    
    
    整车动力非常强劲，高速满载超车毫无压力感觉不到顿挫平顺度很好，方向盘也没有虚位，底盘非常扎实。
    
    






            

            




            

    油耗
        
            
            
        
        5
    
    
    这么大的车它的油耗还是比较满意的，上下班城市拥堵道路9个多，自驾游高速路况比较好的情况下7个左右。综合油耗8点多还是很不错的，每个人的开车习惯和道路情况不一样油耗也不一样。
    
    
    
    
    


    
    
    
    


    





            
            

    外观
        
            
            
        
        5
    
    
    前脸直瀑式中网发光LOGO非常显大气、高级，侧身流畅的腰线颜值超高，领先霸气。中后排还配有隐私玻璃连贴膜的钱都省了。
    
    
    
    
    


    
    
    
    


    





            

    内饰
        
            
            
        
        5
    
    
    座椅坐上去非常柔软包裹度很好，还有打孔和菱形格缝线工艺，方向盘和中控都是皮质包裹的尽显高级。最重要的是还没有异味比某些车的塑料味强上很多。
    
    
    
    
    


    
    
    
    


    





            

    性价比
        
            
            
        
        5
    
    
    奇瑞的汽车性价比非常高，而且是首个终身质保的车企，售后保养的价格也非常实惠。新车上市优惠非常高，尤其对有旧车的车主享有19000的置换补贴，没有旧车的新车主可以2000抵9000元。
    
    





            
                

    配置
        
            
            
        
        5
    
    
    瑞虎9的配置是科技感十足，车机配置了8155芯片、方向盘加热、抬头显示、自适应巡航、车道保持…… 真是你能想到的功能它都有你想不到的功能它也有。
    
    




            

            



        "
魏foreverlove,2023-06-29 首次发表,"
            
                
                    2031km
                    
                    行驶里程
                
                
                    9.5L
                    百公里油耗
                
                
                
                
                
                
                
                
                
                
                
                

                
                
                    17.49万
                    裸车购买价
                
                
                    2023-05
                    购买时间
                
                
                    中山
                    购买地点
                
            
            
    
        
            
        
    
    

    
        $(document).ready(function () {
            var koubeiid = 5031661;

        });

    


            
                最满意
                1：作为一个瑞虎8plus1.6T的车主而言，2.0T的动力完全不是1.6T能够相比较的，对于这款车来说，如果不求追强劲的动力，92号粗粮也是可以的，也是可以兼容92号汽油的。如果加95号汽油，则能爆发出400T的动力，2：车内内饰，整体颜色非常喜欢，3：车机使用的是目前最先进的8155芯片，车机流畅度非常高。4：车内空间也非常的大，因为家里已经有了一辆瑞虎8plus，所以在选择瑞虎9的时候，依然选择了5座版本，5：怀挡的设计也是我非常喜欢的，虽然开始的时候不是特别习惯，但是经过了几天的熟悉以后，慢慢的开始喜欢上这种感觉了，怀挡的设计，不仅节约了中控的空间，还极大方便了驾驶人员的使用。6：中控台实体按键，极大的方便了主副驾驶人员的操作。
            
            
                最不满意
                1：一般情况下，上下班途中使用的会比较多，而市区而已，早晚高峰都会堵车，所以对于2.0的动力来说，就比较过剩了，而堵车加上开空调也会造成油耗偏高，2：因为以前没有开过这么大的车，而且对于瑞虎8plus的车长，4820的车长在狭窄的地方停车比较麻烦，3：原本的打算是想购买8AT四驱版本的CDC悬挂的，但是这个配置上市太拖拉，在等待无望的结果下，提了两驱的版本。
            

            

    空间
        
            
            
        
        5
    
    
    因为是五座的原因，这个时候就能突出超大的后备箱空间了，就算平时带孩子出游的情况，也能装下所需的各种物品。
    
    
    
    
    


    
    
    
    


    
    
    
    


    
        第二排空间
        五座版本，相较于七座的版本，二排空间没有任何的变化，后排空间可以说是非常的宽裕，朋友做进去翘个二郎腿完全没有问题，头部空间也有很大的余地。
        
        
    






                

    驾驶感受
        
            
            
        
        5
    
    
    瑞虎9，作为本人的第三辆汽车，第一辆是手动的，已经开了8年之久，习惯了左手方向，右手挂挡，后来购买了瑞虎8plus，一直以来右手也都是放在一边的情况，偶尔会进行挂挡操作，但是自从购入了瑞虎9以后，右边完全就像废了一样，根本没有可操作的余地，左手就完成了挂挡打方向的操作，操控也是非常的方便，2.0的动力，无论是在起步或者形势过程中，只要油门稍微猛踩的重一点，就会有往前窜的感觉，动力可以说是非常的强劲，高速油耗一般保持在8个左右，而且这个油耗还是在开空调的情况下，刹车的灵敏度非常高，轻踩刹车就能感觉到，也是为了车主的安全所考虑弯路形势的情况下，在100KM/H的速度下，能感觉到轻微的倾侧，但是这种都是正常的，毕竟速度有那么高！
    
    
    
    
    


    
    
    
    


    






            

            




            

    油耗
        
            
            
        
        4
    
    
    平均油耗9.5，这个油耗一直以来都没有清零，广东的天气，只有在晚上的时候开车不需要开空调，但是因为晚上有飞虫的原因，所以我在行车的过程中，都是开空调形势的，而且喜欢运动模式驾驶，所以造就了油耗偏高，但是对于2.0的动力来说，这个油耗完全非常的满意！
    
    
    
    
    


    





            
            

    外观
        
            
            
        
        5
    
    
    外观而言，颜色是我喜欢的天青色，外观设计磅礴大气，尤其是瀑布式中网，会发光的奇瑞logo车标，相当上档次，隐藏式门把手设计让整车腰线看起来更高级感。
    
    
    
    流畅的车身线条，看起来霸气十足。
    


    
    
    车尾贯穿式尾灯，包裹着CHERY的奇瑞标志，让整体看起来非常的大气，
    


    
    
    直瀑式前脸，带发光的logo，及L型的日行灯，都非常漂亮。
    


    





            

    内饰
        
            
            
        
        5
    
    
    内饰的颜色是我喜欢的深灰色，因为个人而言比较懒，所以对于浅色的内饰不是特别的喜欢，因为不好打理，做工方面也是非常的好，无论是中控台还是座椅的缝线都可以看到满满的都是细节之处，材质用料也是很讲究，皮革摸上去非常的顺滑。新车购买的时候，进入车内没有异味，配置的香氛系统深的我心，每一次上车，都能问到香味，能够让心情十分的愉悦。整车隔音玻璃，配备马牌的静音轮胎，无论是在高速行驶还是市区的时候，都能隔绝大部分的风噪及胎噪，广东的夏天，最能感觉出空调的效果，空调的制冷效果很棒，只需短短的几分钟，车内就完全的凉爽下来了。减震方面也是做的非常的好，基于第五代火星架构，虽然没有体验过四驱的CDC悬挂，但是两驱的悬挂也是让我非常满意了！
    
    
    
    
    


    
    
    
    


    
    
    后排的隐私窗帘，为后排乘客增加了隐私性。
    


    





            

    性价比
        
            
            
        
        5
    
    
    因为新车上市，价格方面没有优惠，但是有置换的1.9W补贴，这一点还是非常的好的，综合下来等于整体价格便宜了1.9W元，而且在这个价位的中型车，整体还是很不错的！
    
    





            
                

    配置
        
            
            
        
        5
    
    
    配置方面，选择的是高配的版本，搭配50w的手机无线充电功能，可以快速的给手机充电，而且下方还有吹风口，可以在无线充电的同时，防止手机发热。车机使用的是目前最先进的8155车机芯片，车机的流畅度这点就不用夸赞了，那是相当的流畅，360全景的适用性也非常的高，这么大的车身，在狭小的地方，因为有360可以避免不必要的剐蹭。同时车机还支持无线/有线carplay和华为的Hicar连接，可以说非常的方便，语音识别也非常的准确，
    
    
    
    
    


    
    
    
    


    
    
    
    


    




            

            



        "
Renmoe,2023-06-29 首次发表,"
            
                
                    625km
                    
                    行驶里程
                
                
                    10.3L
                    百公里油耗
                
                
                
                
                
                
                
                
                
                
                
                

                
                
                    17.50万
                    裸车购买价
                
                
                    2023-06
                    购买时间
                
                
                    太原
                    购买地点
                
            
            
    
        
            
        
    
    

    
        $(document).ready(function () {
            var koubeiid = 5031059;

        });

    


            
                最满意
                因为自己本身就是瑞虎7的车主，所以一直对奇瑞汽车比较关注，瑞虎9上个月上市之后一直蠢蠢欲动，然后对瑞虎9更深入的去了解，实体店有车之后就立马去实体店体验，看到虎9后的第一感觉就是这车非常霸气。让我爱不释手，是心动的感觉。于是跟店里说明了我的意愿，简单的了解了价格。试驾的时候最明显的就是隔音方面明显要更棒。驾驶过程中压井盖的感觉也非常舒服。动力方面也非常够用，随叫随到。空间也非常宽大。而且后排可以放到当大床使用，这对于我经常喜欢露营的人来说很是方便。内饰的布局配色上也非常沉稳。车机的流畅程度也完全没有问题。油耗方面也中规中矩。
            
            
                最不满意
                用车体验中这个隐藏门把手有利有弊吧，虽然看起来很有高级感，但是个人对这个设计没有那么感冒。还有是瑞虎9采用了新型的怀挡设计，可以节省出更多的储物空间，目前还没有适应怀挡。适应了后应该也很方便吧
            

            

    空间
        
            
            
        
        5
    
    
    本人身高175，前排调整好我舒服状态下的坐姿，后排空间也很充裕。而且后排中间没有凸起的地台，个人非常不喜欢后台有凸起设计的车子，如果有凸起基本都pass掉了。
    
    
    
    
    


    
        后备厢容积
        后备箱也特别宽敞能装，放倒就是一张大床，打扑克看星星完全都没有问题，而且后备箱还有点烟器的配置，轮胎充气呀，使用充气床什么的都特别方便。相信有虎9的日子也会越来越好。
        
        
    
    
    
    


    






                

    驾驶感受
        
            
            
        
        5
    
    
    
    
    
    
    
    


    
        起步/加速动力
        瑞虎9采用的是鲲鹏动力2.0T的发动机，马力可以达到261马力。动力开起来可以说是非常的充沛，见车超车，但是还是建议大家开车要稳住。动力这个东西我感觉是可以不用，但不能没有。
        
        
    
        开空调/满载加速
        开空调个人感觉对加速方面没有影响
        
        
    
        跑高速
        车子在跑高速的时候也非常稳。
        
        
    
        方向盘轻重
        方向盘低速的时候会轻，速度上去了就会重一点，这个设计挺好的
        
        
    
        刹车灵敏性
        平时在急刹车的时候，车身姿态也控制的非常平稳。这一点是非常满意，车里乘坐人的舒适度也提高了。
        
        
    






            

            




            

    油耗
        
            
            
        
        4
    
    
    
    
    
        城市油耗
        我这边用车城市油耗中规中矩，不算费用，毕竟这么大一台车
        
        
    
        高速油耗
        高速油耗的话稳着跑应该能跑到9个以下，还有待测试
        
        
    
        开空调油耗
        开空调还比较少，后期再来反馈
        
        
    





            
            

    外观
        
            
            
        
        5
    
    
    远看是不是真的就像一幅画
    
    
    
    
    


    
        车身做工
        车身做工已经非常细致，线条硬朗，给人硬汉的感觉
        
        
    
    
    
    


    
        车头造型
        车头设计我觉得非常沉稳大气，大灯的造型也非常特别，配备的是LED的大灯灯组
        
        
    
    
    
    


    
        腰线设计
        侧面腰线的设计也是非常的硬朗笔直
        
        
    
    
    
    


    
        车尾造型
        车尾的造型设计也非常圆润饱满，还配备了贯穿式的尾灯，流水的转向灯点亮效果也非常棒
        
        
    
    
    
    


    
    
    
    


    





            

    内饰
        
            
            
        
        5
    
    
    
    
    
        内饰用料
        内饰用料方面我觉得奇瑞一直是比较厚道的，新车上的异味也很少，这就很好的保证了车内的空气质量。而且还配备了多种空气净化技术，有宝宝也不会担心空气的问题啦。
        
        
    
        空调效果
        空调开启后凉的速度很快，而且空调出风的声音也很安静
        
        
    
        座椅舒适性
        座椅的包裹性很强，也很软。满分
        
        
    
        ☆ 氛围灯效果
        氛围灯说是256色的，可玩度挺高
        
        
    





            

    性价比
        
            
            
        
        5
    
    
    个人感觉奇瑞还是很有性价比的，因为个人比较喜欢奇瑞的造车理念，也就选择继续支持他。希望奇瑞可以越来越好。家人对虎9的外观各方面也非常满意。
    
    
        购车优惠
        当时裸车价格是17.49，厂家有1.9w的置换补贴，这个优惠政策真的巨划算。落地下来十七万出头一点
        
        
    
        品牌评价
        购车过程中和销售了解沟通的也比较愉快，专业性很强。比以前要提升了很多
        
        
    
        销售态度
        销售小哥的态度也非常棒，对他们服务挺满意的
        
        
    





            
                

    配置
        
            
            
        
        5
    
    
    说实话这个车的功能简直不要太多，到现在还没有琢磨明白，全车有十二个索尼喇叭听歌感受非常不错，座椅通风加热功能也非常实用，冬天用座椅加热，夏天用座椅通风，还有就是手机可以远程控制车辆查看车辆。倒车的时候发现后视镜会自动下翻，这个功能简直不要太爽，之前我总是倒车的时候就会担心蹭到轮胎，这下就不会啦。还有就是电动后备箱这个也很实用，可以调整后备箱开口的高度，老婆个子低也能够着按钮了，以前关后备箱一直就是我干的活。这下解放了。这个车还有L2级别的辅助驾驶，这个跑长途简直不要太爽，现在还没有机会来得及体验。还有就是开门如果后方有车会自动提示，以前全靠我大嗓门。还带有主动刹车，如果出现驾驶分心的情况，他会帮你刹车，又多了一个好帮手。
    
    




            

            



        "
漫游玩家,2023-06-29 首次发表,"
            
                
                    3000km
                    
                    行驶里程
                
                
                    9.0L
                    百公里油耗
                
                
                
                
                
                
                
                
                
                
                
                

                
                
                    17.00万
                    裸车购买价
                
                
                    2023-05
                    购买时间
                
                
                    徐州
                    购买地点
                
            
            
    
        
            
        
    
    

    
        $(document).ready(function () {
            var koubeiid = 5030893;

        });

    


            
                最满意
                奇瑞瑞虎九是目前奇瑞瑞虎系列里面最新款也是最高端的车型了，上市之前就被他的外形和内饰深深地吸引住了，硕大的空间，漂亮的线条，谁能抵挡住诱惑，进入车内，满满的科技感，你所想到的科技，全部给你安排上，能触摸到的地方全部真皮包裹，真的高大上，颜色还可以根据自己的喜好自由搭配，尤其是硕大的天窗和电磁悬挂底盘，真的是国产同级别的天花板，七座版本是目前二孩选择的最佳选择，虽然使用利率不大，但是不能没有，为了以后准备吧！
 目前行驶了3000公里，综合油耗9升，动力系统采用2.0t奇瑞自主研发的发动机，油门响应很快，随叫随到，无论市区低扭矩，还是高速超车都有把握，看着车身大，但是很灵活。车到哪里都会有人来询问，真的很骄傲。
 刚开始去看车的时候，孩子很兴奋，因为从2011年出生就一直见证着奇瑞汽车的发展，从奇瑞x1、风云、a3，瑞虎三、瑞虎八、再到瑞虎八plus,一辆比一辆好，一代比一代好，孩子现在身高168，瑞虎九完全满足了需求，另外我是一名自驾游爱好者，经常车里放很多露营装备，以往都是塞得满满的，甚至后排都要占用一半，现在好了，三排放倒后，天呢，就是一个面包车啊，所有装备通通装进去，还放了车载冰箱和两桶矿泉水，还不占用中排任何地方，一家人出行，没有任何拥挤感，我选择的颜色是白色内饰，因为做进去气氛非常温馨，但是考虑到白色容易脏，所以提车后就买了一套坐垫，保护上，这样就不怕脏了。还别说我买的浅绿色亚麻籽坐垫，搭配白色内饰，还真不错啊。家人都说了，你每次都把车擦的那么干净，都不好意思上车了。这怕什么啊，作为领导的驾驶员，工作就是把车搞好。
 谈起车，作为20多年的驾驶员来说很有发言权，无论纯进口，合资，还是国产车，无非是一个面子，一个里子。论面子，作为老百姓来说，真的不切实际，但作为里子来说，现在的国产车真的超过合资甚至进口车了。作为国产车的骄傲我会一直坚持选择奇瑞品牌！
            
            
                最不满意
                目前提车1个多月了，行驶3000公里，空间没得说，动力没得说，颜值没得说，科技感没得说，如果硬让我说不满意的地方，就是所有7座suv的通病，就是三排空间不够，但想想，如果想三排空间大，还会选择suv吗？
            

            

    空间
        
            
            
        
        5
    
    
    一起去的朋友身高170左右，前排中排，都满意
    
    
    
    
    


    
    
    
    


    
        ☆ 空间设计亮点
        驾驶位储物的地方非常多，随手都有
        
        
    
    
    
    


    
    
    
    


    
        第二排空间
        空间二排可以随意滑动，满足身高不同
        
        
    






                

    驾驶感受
        
            
            
        
        5
    
    
    市区堵车情况下，没有任何滞后，高速动力随叫随到，就算满载空调情况下，都没有感觉到动力不够
    
    






            

            




            

    油耗
        
            
            
        
        5
    
    
    市区油耗，因为堵车，达到12升，但是到了高速120码转速2000，油耗才5个多
    
    





            
            

    外观
        
            
            
        
        5
    
    
    外观是我选择这车的标准，不会让你失望的，漂亮的流线型，20寸轮毂，马牌轮胎，随动大灯，隐藏把手等等
    
    
    
    
    


    





            

    内饰
        
            
            
        
        5
    
    
    能看到的地方全是真皮包裹，座椅是国外设计师设计的，各种气囊，气帘全部安排上，让你感觉到安全感满满
    
    
    
    
    


    





            

    性价比
        
            
            
        
        5
    
    
    作为落地17个多点的顶配国产车型，你还能找到如此吗？目前以旧换新优惠19000，加上经销商优惠，值得下手，并且保养维修特别便宜
    
    





            
                

    配置
        
            
            
        
        5
    
    
    你所能想到的科技，在这个车上全部都有了，还有谁
    
    
    
    
    


    




            

            



        "
之石,2023-06-27 首次发表,"
            
                
                    1570km
                    
                    行驶里程
                
                
                    9.6L
                    百公里油耗
                
                
                
                
                
                
                
                
                
                
                
                

                
                
                    17.49万
                    裸车购买价
                
                
                    2023-05
                    购买时间
                
                
                    湘潭
                    购买地点
                
            
            
    
        
            
        
    
    

    
        $(document).ready(function () {
            var koubeiid = 5028740;

        });

    


            
                最满意
                5月1日无意从抖音刷到奇瑞瑞虎9这款车，第一眼让我有了换车的冲动。经过几天网上的了解，对虎9有初步的认识。了解到10日本地4S店到了展车，一个人兴高采烈飞速奔向4S店。就想亲眼看看虎9实车是不是心里想的样子。当我见到实车外观时，换车的决心立马涌上心头心头！经过简单的与销售交谈后。高兴的回来，一路上恨不得马上能提车就好。（当时并未开售）开售前几天又一次跑到长沙4S店去谈价格。心里就是想着一定要买。直到预售开卖了，5.15日特意请假准备去长沙提现车，结果跑到湘潭4S店。刚好上午到了台准备做为展车的五座顶配虎9。我直接就与经理详谈，最终拿下湖南首台虎9。导致湘潭泽瑞店近20天没有瑞虎9的展车，同时感谢泽瑞4S店让我有幸成为湖南首台虎9车主！
经过一个多月的驾驶体验。
首先从外观来说瑞虎9大气、时尚、稳重。回头率杠杠的！
内饰的布局精致，操作流畅，豪华感倍增。车机采用8155的芯片，流畅性高。智能语音系统反应灵敏，虽然减少了按键的操控，但也增添了一点乐趣。
操控方面，驾驶操作灵敏，高速100往上的提速响应很明显。怀挡设计开始有点不顺手，现在反尔觉得比挡杆舒服多了。倒车采用540的环影，给车主提供不少方便。
动力方面，不得不说奇瑞鲲鹏发动机调校相当不错，提速相当给力。
油耗方面，整体来说2.0T高速油耗能跑出不到7个油，市区9-10个油，确实值得点赞。
整车的静闭性确实可以，高速上的风燥声很小，发动机提速声听着挺舒服。
包括整车14个索尼扬声器带来的音乐感受是很多车都无法给到的。
顶配采用20寸米其林轮胎，整车L2.9级安全辅助驾驶，车身采用高强度钢等一系列为车主安全提供强力保障！
综合以上，奇瑞瑞虎9确实是一台家庭实用行SUV，不仅是空间大，主要是驾驶起来车身稳定性很强。开启运动模式，驾驶乐趣瞬间提升。全车的安全气囊也是提升了不少（远端安全气囊）
。
            
            
                最不满意
                疲劳驾驶监测很难介入，这方面有待提高！
后排通风，加热实体键易误碰。
            

            

    空间
        
            
            
        
        5
    
    
    车长4820的尺寸，空间感受很舒服。后排空间大且中间无地台。
    
    
    
    
    


    






                

    驾驶感受
        
            
            
        
        5
    
    
    整车提速，驾驶乐趣亲自体验才知道好。空调效果杠杠的，前面5个出风口，后面4个。车内温度调控很方便。
    
    
    
    
    


    






            

            




            

    油耗
        
            
            
        
        5
    
    
    市区油耗基本上在9-11个油中间。高速油耗很低，空调开着不觉得增加什么油耗。
    
    
    
    
    


    





            
            

    外观
        
            
            
        
        5
    
    
    车头霸气 侧身流线真的漂亮 车身腰线很好看
    
    
    
    
    


    
    
    
    


    
    
    
    


    





            

    内饰
        
            
            
        
        5
    
    
    内饰布局精致，采用翻毛皮工艺，手感很舒服。座椅包裹性很强，后排乘座空间大。
    
    
    
    
    


    





            

    性价比
        
            
            
        
        5
    
    
    奇瑞的销售服务真的是不错，对每位虎9车主有专人的VIP服务群，用心服务车主。
    
    





            
                

    配置
        
            
            
        
        5
    
    
    车机采用8155芯片非常流畅，语音命令也是很准确的。
    
    




            

            



        "
五档五十麦,2023-06-18 首次发表,"
            
                
                    1500km
                    
                    行驶里程
                
                
                    11.0L
                    百公里油耗
                
                
                
                
                
                
                
                
                
                
                
                

                
                
                    17.99万
                    裸车购买价
                
                
                    2023-05
                    购买时间
                
                
                    北京
                    购买地点
                
            
            
    
        
            
        
    
    

    
        $(document).ready(function () {
            var koubeiid = 5014170;

        });

    


            
                最满意
                第一，外形我很喜欢，造型协调，尤其喜欢前格栅的直瀑式大嘴搭配前唇造型，侧面的线条很运动。车尾部的造型也很好看，尾灯辨识率很高。开在路上，回头率很高。第二，内饰方面，中控分区很鲜明，功能区划分合理，仪表曲面大屏清晰，车机反应很快，没有反馈慢半拍的感受。中控搪塑材质很多，车门上包皮也很多，摸起来很舒服。第三，空间方面，我身材偏胖，瑞虎9的空间能满足我的要求。NVH方面，底盘采用软连接较多。第三排座椅打开之后，后备箱依然有实用空间。第四，配置方面，瑞虎9的第二排B柱有独立空调出风口，第三排也有空调出风口，舒适度确实提升不少。HUD抬头显示，8155车机，座椅通风加热都有了后期也不需要在加装什么。第五，动力方面，2.0T鲲鹏动力搭配7DCT，足够应付日常使用。2.0T的发动机能在短时间爆发400NM的扭矩。7DCT的换挡逻辑也比较清晰。
            
            
                最不满意
                新车还在磨合期，城区用车较多。目前的油耗基本在10个多油左右。第三排没有USB充电插口，只有点烟器充电口。
            

            

    空间
        
            
            
        
        5
    
    
    空间方面瑞虎9作为目前瑞虎系列最大的尺寸，确实空间可以了，对比瑞虎8的略显局促，瑞虎9的空间可以说进一步开发，长宽都比前代瑞虎8大了一圈
    
    
        第二排空间
        第二排空间也是十分充裕的，车身尺寸和轴距在这摆着。第二排还有氛围灯，很惊喜。
        
        
    
    
    第二排空间也是十分充裕，而且第二排座椅能完全放平。后期需要拉东西也方便。
    


    
        ☆ 空间设计亮点
        中控部分分区鲜明，各个功能区划分合理。出风口下面是无线充电手机放置，能放置两台手机好评！下面是储物盒以及控制区，向后是储物箱。空间利用率很高！
        
        
    
    
    中控部分分区鲜明
    


    
        乘坐空间
        很舒服，即使是体型偏胖也能满足。空间利用率很高
        
        
    
    
    个人体型偏胖，买车必须考虑空间舒适程度，第一排调整到舒适，空间如图！
    


    
    
    第二排在第一排按照我的体型调整到位之后，第二排的空间。前面还有2拳多的距离。
    


    
        后备厢容积
        后备箱容积足够，后期如果需要临时装货也是可以满足。
        
        
    
    
    在右侧靠近电尾门的地方有点烟器充电口，如果能设计一个USB接口会更好。
    


    
        ☆ 第三排空间
        第三排座椅打开一个的情况下，储物空间还是有不少，而且第三排打开之后，后备箱放个储物箱也是足够的。
        
        
    
    
    空间很宽敞，可以当床！
    


    
        车内储物能力
        中央扶手箱位置打开之后空间如图，储物箱空间较大。可以放置杂物。
        
        
    
    
    配置小冰箱功能
    


    






                

    驾驶感受
        
            
            
        
        5
    
    
    动力十分澎湃，鲲鹏动力2.0T的发动机搭载7DCT湿式双离合变速箱，换挡逻辑清晰，换挡积极。目前在驾驶中未发生顿挫等情况。HUD抬头显示不用频繁去看仪表盘，增加安全系数。
    
    
    
    运动模式切换动画，拼色设计，看起来很有驾驶的激情。
    


    
        起步/加速动力
        起步低扭很充沛，涡轮介入后直接爆发400NM的最大扭矩，起步超车游刃有余。
        
        
    
        跑高速
        动力源源不绝，超车之类的更是不在话下，开起来完全不像这个尺寸的车，驾驶者的意图能够很好地被执行。
        
        
    
        开空调/满载加速
        夏天开空调的时候低扭涡轮没有介入的时候，低扭很不错，不肉。
        
        
    
        方向盘轻重
        方向盘力度适中，会随着速度以及驾驶模式的变化变更力度。总体比较平顺。指向明确。
        
        
    






            

            




            

    油耗
        
            
            
        
        4
    
    
    夏天全程开空调的前提下，目前油耗是10个多油，市区开的话10多个，高速上7-8个也有，综合来说10个多油，总体来说还是比较满意，毕竟车身的重量在这。
    
    
    
    参照信息如图
    


    
        开空调油耗
        开空调比不开多1L多，百公里油耗，不过空调制冷量很大。
        
        
    
        城市油耗
        城市拥堵路面的话，需要11-12L百公里。
        
        
    
        高速油耗
        高速路顺畅的情况下，油耗为7-8L百公里
        
        
    





            
            

    外观
        
            
            
        
        5
    
    
    这个蓝色，不知道怎么形容，比蒂凡尼蓝更加灰，但是比灰色又偏蓝，我十分喜欢这个颜色。
    
    
    
    最喜欢这个蓝色，首发的颜色里就喜欢这个蓝色。
    


    
        车头造型
        引擎盖上有两条线条，应该对风阻有帮助，同时也增加层次感，瑞虎9的车头造型分层很舒服。进气格栅搭配两边的虎眼大灯和下面的导风槽，我很喜欢这样的设计。
        
        
    
    
    阳光下的车头部分
    


    
        腰线设计
        侧面的腰线协调，有一个轻微的上扬的感觉，充满了动感，侧面看感觉车身很厚实。隐私玻璃也有了。后期不用贴膜了。
        
        
    
    
    侧面后排隐私玻璃不用考虑贴膜了。十分方便。
    


    
    
    阳光下十分明显，颜色很好看
    


    
        车尾造型
        车尾的造型厚实，LED灯组很有档次感，辨识度较高。
        
        
    
    
    车尾照片
    


    





            

    内饰
        
            
            
        
        5
    
    
    内饰的接缝均匀。上层采用类似皮革质感，不确定是不是搪塑。下层采用硬质饰板，也有花纹，搭配较协调。
    
    
    
    内饰整体协调，布局合理。
    


    
        内饰用料
        车门上软硬结合，除中间一条硬饰板，其余为软材质。
        
        
    
    
    门板造型很好看，造型很合理。
    


    
        空调效果
        空调效果不错，第二排第三排也有独立空调出风口，对乘员舒适性提高很有帮助。
        
        
    
    
    第三排的出风口在车顶，可以独立调节。
    


    
        座椅舒适性
        座椅的包裹性和支撑性较好，对于大腿的支撑也不错。我个人感觉还不错。
        
        
    
    
    坐垫长度对大腿支撑较好。
    


    
        ☆ 氛围灯效果
        前后排都有氛围灯，随着模式变化也会变更氛围灯颜色。
        
        
    
    
    第二排依然有氛围灯，对于氛围的提升很重要。
    


    
        座椅加热
        前后排都具备加热功能在北方的冬季，这个功能非常实用。
        
        
    
    
    第二排空调加热控制按键
    


    





            

    性价比
        
            
            
        
        5
    
    
    性价比方面，瑞虎9的性价比还是见仁见智的。目前的价格，我认为还是比较有竞争力，毕竟有1.9W的置换补贴，相当于售价再减2W元，基本上售价=落地价，配置满足也能满足家庭日常，后期不用在额外添置。瑞虎9也是整车终身质保，确实节省了后面索赔维修的成本。
    
    
        品牌评价
        奇瑞品牌在国内和国外口碑不错，26年的老车企了，近年来品质管控也提升了不少，瑞虎9目前使用没有任何问题。
        
        
    
        购车优惠
        目前是1.9W的置换补贴，售价可以看做落地价。如果没有置换，可以2K抵9K（二选一）。还有金融贷款优惠，整车终身质保。
        
        
    
        保养项目
        保养，瑞虎9需要使用0W-20的全合成机油，一次小保养大概在400元上下吧。一年2次。属于价格偏中下。
        
        
    
        销售态度
        销售态度不错，能主动打招呼并主动安排试驾，介绍产品特点。并且提供饮料和小礼品，总体提升很明显。
        
        
    





            
                

    配置
        
            
            
        
        5
    
    
    配置基本满足日常需求，后期不需要添置什么，日常的配置都有，360全景，中控大屏，HUD抬头显示，香氛系统都有了，隐私玻璃也有了。驾驶位车门上有一个儿童锁按键，可以在车内控制儿童锁。增加儿童乘坐的安全性。这点确实是个大大的加分项！
    
    
    
    驾驶位车门上有一个儿童锁按键，可以在车内控制儿童锁。增加儿童乘坐的安全性。
    


    
        车机功能及流畅度
        车机功能较完善，日常使用都在主菜单一级二级页面即可找到，总体算便捷，8155芯片流畅度好评。
        
        
    
    
    标准模式切换画面，车机反应灵敏，搭载8155芯片，没有卡顿和卡死。
    


    
    
    节能ECO模式切换画面
    


    
        360全景影像实用性
        360成像质量不错，边角畸变控制较好。可以用来参考日常行车。
        
        
    
    
    360成像质量不错，边角畸变控制较好。可以用来参考日常行车。
    


    
        手机无线充电便利性
        有50W的无线充电，左侧是无线充电，右侧是手机放置，可以根据手机电量选择是否充电
        
        
    
    
    有50W的无线充电，左侧是无线充电，右侧是手机放置，可以根据手机电量选择是否充电
    


    
        车道保持智能度
        车道保持开启的状态下HUD会显示车道轨迹，但是在稍微陈旧的路面，车道识别功能会受限，车辆会在仪表提示驾驶员接管。并且有声音提醒驾驶员接管。
        
        
    
        自适应巡航智能度
        ACC自适应巡航灵敏，跟车距离把握适中。ACC过程中减速较柔和，可以减轻驾驶员疲劳程度。
        
        
    
        车载导航实用性
        使用高德导航，能实时更新路面情况，选择更顺畅的道路行驶。定位速度较快，一般室外都能很快的定位，地下车库没有手机信号的地方定位受阻，在出地库之后马上就能定位。
        
        
    
        语音交互准确度
        日常使用用语都能识别，比如调整空调温度，开闭天窗，播放指定音乐或者广播，识别较准确。基本满足日常驾驶需求。
        
        
    
        HUD抬显实用性
        HUD抬头显示很实用，投影信息丰富，不光有车速，还有路面导航以及限速标志和车道寻迹功能。比较全面。
        
        
    




            

            



        "
前方红绿灯往左拐啦,2023-06-15 首次发表,"
            
                
                    912km
                    
                    行驶里程
                
                
                    10.6L
                    百公里油耗
                
                
                
                
                
                
                
                
                
                
                
                

                
                
                    17.49万
                    裸车购买价
                
                
                    2023-05
                    购买时间
                
                
                    长春
                    购买地点
                
            
            
    
        
            
        
    
    

    
        $(document).ready(function () {
            var koubeiid = 5009684;

        });

    


            
                最满意
                1、驾驶感受：整个车开起来非常舒服，特别是底盘滤震，过井盖的时候震动很小，整个车的隔音效果也很不错，开起来很舒服。
2、动力：加速很冲，调成运动模式之后大脚油门动力响应也很快，不像8PRO在踩的时候有延迟，虎九基本是动力随叫随到。
3、空间：虎九的空间很大，我180的身高坐在后排用比较舒服的姿势都还有一块距离，后排座椅放倒之后也能纯平，出去玩还能两个人躺在里面休息。
4、配置：这个车功能很多，市面上的主流配置都有了，到现在我还有很多功能没找到，正在慢慢摸索，车机反应速度很快，弥补了按键少的缺点。
            
            
                最不满意
                这个车我感觉值得吐槽的有以下几点：
1、没有1.6的动力导致这台车在市区动力过剩，经常堵车的情况下油耗偏高。
2、按键布局不合理，电子手刹在门边，每次停车启动都操作不方便，可能需要习惯一段时间，双闪按键在头顶，有需要情况下容易找不到。
3、后排座椅放倒之后高度过高，本身溜背型车身后排就矮，这样就导致虎九放倒后还没有虎八大。
            

            

    空间
        
            
            
        
        4
    
    
    我身高180，驾驶这个车的时候空间是很够用的，也不顶头，在后排的时候有点局促。
    
    
    
    
    


    
        ☆ 空间设计亮点
        我最满意的就是手机槽了，之前的车没有专门放手机的地方，虎九这次给了两个，而且能无线充电，还贴心的设计了散热孔，底部的材质能够增加摩擦力，防止手机划出去。
        
        
    
    
    
    


    
        后备厢容积
        后备箱放倒之后非常大，虽然高度不太高，但正常使用是没问题的
        
        
    
    
    
    


    
        车内储物能力
        扶手箱空间很大，直上直下，取用物品很方便，在中控台下方的这个位置也有空间，放纸巾之类的也是没问题的。
        
        
    
    
    
    


    
    
    
    


    
        第二排空间
        二排空间足够满足日常家用，我们一家4口出行是没有任何压力的，而且地台比较平，不用担心孩子绊倒。
        
        
    
    
    
    


    






                

    驾驶感受
        
            
            
        
        5
    
    
    
    
    
        起步/加速动力
        起步很冲，我平时就用标准模式，2.0的动力输出绰绰有余，感觉啥车都能崩一下，特别是运动模式，轻轻一点油门，车就窜出去了。
        
        
    
        跑高速
        高速目前还没有行驶过，后期补充
        
        
    
        开空调/满载加速
        2.0的动力空调影响很小，没啥太大感觉，正常上下班，还没有满载过。
        
        
    
        方向盘轻重
        方向盘比较轻，但是速度提升后会变的越来越沉，和虎八的感觉差不多
        
        
    
        刹车灵敏性
        刹车调的很舒服，没有那种突兀的感觉，减速时挺平稳，还没有试过急刹
        
        
    
        弯路/并线稳定性
        过弯感觉还是不行，5-60的时候还是有倾斜的感觉，开SUV还是过弯慢点吧，并线倒是很稳。
        
        
    






            

            




            

    油耗
        
            
            
        
        4
    
    
    
    
    
        城市油耗
        我居住在长春，经常在市区开车，每天就是上下班，开的也不多，但这个油耗有点高，可能还是驾驶习惯的事，再加上车太堵了，后期再看看。PS：跑了个长，再给你们看一下油耗
        
        
    
    
    
    


    
    
    
    


    
        高速油耗
        高速目前还没有行驶，后期补充
        
        
    





            
            

    外观
        
            
            
        
        5
    
    
    车身外观还是很帅的，我和我家里人都比较喜欢，特别是前脸，很有进攻性
    
    
    
    
    


    
        车身做工
        车身工艺很不错，车门也是一体冲压的，整个车身的刚性也很好，用料实在，开起来很稳。
        
        
    
        车头造型
        特别喜欢这个前脸，这个角度看上去是不是很帅
        
        
    
    
    
    


    
        腰线设计
        整个车的流线性我感觉非常好，看上去比8协调多了
        
        
    
    
    
    


    
        车尾造型
        车尾造型和8系列还是有相似的地方，挺顺眼，特别是字母尾标，辨识度很高。
        
        
    
    
    
    


    





            

    内饰
        
            
            
        
        5
    
    
    
    
    
    
    
    


    
        内饰用料
        整个车的内饰用料真不错，说是麂皮，摸着感觉还是不错的，挺高级，软质包裹也很多，用料真的足。
        
        
    
    
    
    


    
        空调效果
        空调制冷效果不错，而且后排出风口的力度也很大，据说是配备了单独的风机，比虎八强多了
        
        
    
    
    
    


    
        座椅舒适性
        前排座椅挺舒服，还有腰部调节，开起来一点也不累
        
        
    
    
    
    


    
        第二排舒适性
        第二排的座椅比第一排硬一些，中间的位置比旁边也硬一些，但舒适度还可以，没有网上说的那么夸张
        
        
    
    
    
    


    
        ☆ 氛围灯效果
        氛围灯效果很好，有256种颜色，亮度也足够，高级感满满
        
        
    
    
    
    


    
        PM2.5过滤效果
        这个功能没啥太大感觉，可能是我不太敏感
        
        
    
        座椅加热
        座椅加热提车时试了一下，热的很快，等冬天再给大家分享使用感受
        
        
    





            

    性价比
        
            
            
        
        4
    
    
    买这个车当时就是奔着性价比来的，当时对比过星越L，长安UNI-K，CRV，途观L，最后还是选择了瑞虎九，因为之前开的就是瑞虎八，所以对这个品牌还是很信任的，最开始是想买一个中配，但很多功能需要选装，嫌麻烦，一咬牙直接就上了顶配。合资车感受了一下，性价比太低，星越L试驾了一下，感觉动力还差了一点，长安还行，但是外观最终家里人不太喜欢，所以还是放弃了。
    
    
    
    
    


    
        购车优惠
        裸车价格是174,900，有一个盲定券减了4000，置换补贴减了19,000，最终落地不到17万。
        
        
    
        品牌评价
        因为一直都在开奇瑞车，所以对这个品牌还算比较了解，自主品牌里边能认真研发发动机的也就只有奇瑞了，总说买车买三大件，发动机国产最牛，全新的这个底盘架构，开起来也很稳，变速箱虽然是外采，但是有了多年的调教经验，我开着感觉也很顺手。
        
        
    
        销售态度
        销售的态度还是不错的，因为之前就是在他这里买的瑞虎8，所以没有什么太多被安排的地方，而且新车的价格没有太多优惠，还好，还好，没被套路😂
        
        
    
        售后服务
        4s店的售后服务也行，之前一直都在这里保养，而且每周都去刷车，国产车这点确实是好，我家人的合资车去刷车都是要收费的。
        
        
    
        保养项目
        目前还没到首保的公里数，后续会有补充。
        
        
    





            
                

    配置
        
            
            
        
        5
    
    
    这个车的配置太多了，到现在还没有全部体验过，座椅通风很舒服，夏天开车终于不是煎熬了，特别是四门电开，高级又好用，还有后视镜下翻，停车很方便。
    
    
    
    
    


    
        语音交互准确度
        语音识别度很好，能操控的功能也很多
        
        
    
        车机功能及流畅度
        车机流畅度很好，8155芯片比以前的车机强多了，一点都不卡，反应也很快
        
        
    
        HUD抬显实用性
        HUD很大，看着也清晰，现在主要就是看它行驶，不用频繁低头了
        
        
    




            

            



        "
木头丶朲,2023-06-11 首次发表,"
            
                
                    358km
                    
                    行驶里程
                
                
                    11.1L
                    百公里油耗
                
                
                
                
                
                
                
                
                
                
                
                

                
                
                    14.39万
                    裸车购买价
                
                
                    2023-05
                    购买时间
                
                
                    潍坊
                    购买地点
                
            
            
    
        
            
        
    
    

    
        $(document).ready(function () {
            var koubeiid = 5004225;

        });

    


            
                最满意
                动力方面非常满意，隔音效果很好，尤其是对后排的照顾程度非常好。非常喜欢前排的座椅通风和后排的独立空调以及B柱出风口。当时也是因为后排才选择的瑞虎9。后备箱空间巨大，后排座椅放倒之后基本纯平了。整车的储物空间也非常多。当初换车的原因就是因为成家了，有两个孩子，以前的轿车空间有点局促，平时出去玩，后备箱放个婴儿车就基本满了。现在提车之后孩子现在已经不愿意做我以前的旧车了。.0
            
            
                最不满意
                遇到的问题\n1.后备箱偶尔按一下不开，需要按2-3下才开。\n2.座椅记忆偶发不回位。没熄火下车，车门没关，过会上车之后关门，座椅无法自动回位。但是未丢失座椅记忆的位置，手动点击屏幕仍可自动回位。\n3.远程钥匙启动发动机后，上车关门，座椅记忆位置不对，需要从设置里点一下才回到正常位置。
            

            

    空间
        
            
            
        
        5
    
    
    空间巨大，储物空间也非常多多。后排乘客翘个二郎腿没问题，如果换成我老婆开车的话，我甚至可以在后排葛优瘫。
    
    
    
    后备箱有5瓶矿泉水的长度
    


    
    
    巨大的扶手箱
    


    
    
    巨大的后备箱
    


    
        后备厢容积
        后备箱巨大，有存储深度为1m，最宽处1.15m，高度0.69m。
        
        
    
    
    深度1m
    


    
    
    宽1.15m
    


    
    
    高度0.69m
    


    
        前排门板储物空间
        前排门板处储物空间巨大，平时放些水瓶雨伞的轻轻松松。门板上甚至为折叠雨伞专门设计了储物空间！
        
        
    
    
    前门板储物空间，下雨时可以把雨伞放到这里。
    


    
        第二排空间
        第二排腿部空间是我决定买瑞虎9的重要因素之一，真的是超宽敞！！！前排座椅调到我开车的位置，腿部空间有一个水瓶之多！
        
        
    
    
    腿部空间有一个水瓶的长度
    


    
    
    前排座椅和后排座椅的距离为32cm
    


    
        扶手箱空间
        扶手箱内部可以放下6瓶500ml的水，而且还有空调出风口，虽说不如车载冰箱，但是也不至于和热水了。
        
        
    
    
    
    


    
    
    水瓶立放
    


    
        第二排坐垫长度
        我身高175，第二排长度对我来说非常好，刚好到我膝盖位置。
        
        
    
    
    后排在坐垫长度53cm
    


    
    
    后排中间坐垫长度52cm
    


    






                

    驾驶感受
        
            
            
        
        5
    
    
    悬挂非常不错，非常适合家用，转弯的时候支撑力也不错。尤其是过减速带的时候，颠簸小了很多。平时走一些非铺装路面的时候，一些小坑根本不觉得颠。隔音效果很好。只能听到一些发动机的声音，但是不大，而且很好听。玻璃是隔音玻璃，带小耳朵图标的。
    
    
    
    前档的隔音玻璃
    


    
        方向盘轻重
        方向盘轻重可调，我感觉调成舒适我最合适。也可以设定根据驾驶模式自动切换方向盘轻重。
        
        
    
        起步/加速动力
        起步加速贼快，这么大一个车，一脚油门就窜出去了，尤其是后段加速，比大部分车都要猛！
        
        
    






            

            




            

    油耗
        
            
            
        
        5
    
    
    平时有五分之一的时间是两个大人和两个孩子乘坐，关闭自动启停，加的小海豚的95#汽油。平时跑国道市区段平均时速25左右，开空调油耗在11左右。不得不吐槽一下，我们这的国道真的太堵了。
    
    
    
    前几天加油刚清零，所以里程数少了一点。
    


    





            
            

    外观
        
            
            
        
        5
    
    
    车头霸气，侧面大气，悬浮式车顶看起来非常好看，我选的星银色，这是我老婆和我的一致决定，又好看，又耐脏。
    
    
    
    
    


    
    
    
    


    
    
    
    


    





            

    内饰
        
            
            
        
        4
    
    
    内饰只有黑色，夏天晒得很烫，尤其是我还没贴膜。。。头枕不是太舒服，虽然带手动调节，但是属于无极调节，不如档位调节的好。
    
    
    
    
    


    
        空调效果
        空调制冷非常快，车辆暴晒之后打开空调AC制冷，十几秒就能吹凉风了，而且出风口有很多，自己一个人开车的时候可以想吹哪里就吹哪里。后排空调是我老婆最喜欢的，中间的独立空调和B柱空调是一大亮点。不过有一点要吐槽，空调部分命令无法用语音助手控制，例如你想打开腿部空调，只能在屏幕上打开，无法通过语音助手打开。
        
        
    
        ☆ 氛围灯效果
        恕我直言，氛围灯除了夜晚停车在车上休息的时候，其余时间真的没用。开车的时候也不会去看它。
        
        
    
        座椅舒适性
        座椅通风和加热，嗯，真香。以前的破车没有通风，开车没一会裤子就粘屁股上了，衣服也会粘后备，有了座椅通风舒服多了！
        
        
    
        座椅加热
        这个得等冬天来测试了，我也不能大夏天的烤蛋吧。。。
        
        
    





            

    性价比
        
            
            
        
        5
    
    
    国产车的性价比一直非常可以。瑞虎9也不例外。要配置有配置，要动力有动力，要外观有外观。全系标配2.0T发动机，全景天窗，后视镜折叠。我买的中配，有前排座椅通风和加热，第二排座椅加热。
    
    





            
                

    配置
        
            
            
        
        5
    
    
    车机流畅，配置很高。甩合资车不知道几条街。我提的是二驱豪华版五座，至于详细配置就不一一列举了，汽车之家都看到，也能对比低中高配的区别。
    
    
    
    
    


    
        360全景影像实用性
        520全景影响非常好用，毕竟这么大的一个车盲区很多，没有这配置的话在通过一些狭小路段的时候会担心剐蹭到车辆。
        
        
    
        主动刹车智能度
        这个没测试，等哪天有时间拿个纸箱测试一下吧，希望永远不要用到这个功能。
        
        
    
        车机功能及流畅度
        车机到时挺流畅的（废话，8155芯片的车机就没一个不流畅的），语音助手识别率也很高，基本没事别错过，但是有一点我要吐槽，和造车新势力的语音助手差太多了，不能同时执行多个命令，例如，关闭车床，打开空调，语音助手能识别，但是只会执行第一个命令。更不要说关闭车窗，打开空调，温度调到22度，风速调到5，这种复杂命令了。
        
        
    
        车道保持智能度
        这个只适合在高速上用用。和造车新势力的差距不小。
        
        
    
        手机无线充电便利性
        无线充电有50W，且可以识别手机厂商的私有无线快充（目前只测试了小米的），缺点就是发热，不过无线充电都这样，不过无线充电处自带吹风口降温，也可以把空调出风口调一下角度来吹空调降温，反正空调出风口多。
        
        
    




            

            



        "
东莞车友0518443,2024-03-05 首次发表,"
            
                
                    3630km
                    
                    行驶里程
                
                
                    8.4L
                    百公里油耗
                
                
                
                
                
                
                
                
                
                
                
                

                
                
                    16.00万
                    裸车购买价
                
                
                    2023-12
                    购买时间
                
                
                    广州
                    购买地点
                
            
            
    
    

    
        $(document).ready(function () {
            var koubeiid = 5305950;

        });

    


            
                最满意
                车辆85%高强度钢的用料，内饰采用大量原生隔音棉，一点异味都没有。动力强劲，超车游刃有余
            
            
                最不满意
                后排出风口非常容易误触，双闪在头顶，车轮传感器线束外漏，轮胎偏窄
            

            

    空间
        
            
            
        
        5
    
    
    空间对于我一米八的大个来说很友好，我的是七座，最后一排都是折叠起来的，后排空间非常充裕
    
    






                

    驾驶感受
        
            
            
        
        5
    
    
    双离合响应非常快，但起步加速有点肉，抵挡加速有非常轻微的抖动感
    
    






            

            




            

    油耗
        
            
            
        
        4
    
    
    市区拥堵路段10个左右，不堵的话就8个左右。国道百公里7个不到，高速是七点几个油，我的驾驶习惯是一路超车的那种。
    
    
    
    
    


    





            
            

    外观
        
            
            
        
        4
    
    
    外观霸气，个人挺喜欢，只是发动机仓覆盖件有点软，不如我之前那台海马S5人站上去都没事
    
    
    
    
    


    





            

    内饰
        
            
            
        
        5
    
    
    做工一般，提新车当天有个车内扶手把是坏的被我验出来，方向盘的按键不能分离开吗？一点都不好按
    
    
    
    
    


    





            

    性价比
        
            
            
        
        5
    
    
    性价比无敌，看了CRV，浩影，途观L，日系只能看看，不敢将安全托付，不管什么车，我只看用料，安全是放在第一位的
    
    





            
                

    配置
        
            
            
        
        5
    
    
    配置有全速自适应巡航，主动刹车，车道偏离预警，360全景影像
    
    
        OTA更新体验
        没有更新系统，车机都挺好用，没出现过死机
        
        
    
    
    
    


    




            

            



        "
1段情嘎嘎,2024-03-02 首次发表,"
            
                
                    4200km
                    
                    行驶里程
                
                
                    9.0L
                    百公里油耗
                
                
                
                
                
                
                
                
                
                
                
                

                
                
                    18.79万
                    裸车购买价
                
                
                    2023-10
                    购买时间
                
                
                    乐山
                    购买地点
                
            
            
    
        
            
        
    
    

    
        $(document).ready(function () {
            var koubeiid = 5304810;

        });

    


            
                最满意
                最满意的是空间，动力，还有四驱底盘舒适性，以及SUV独有的通过性
            
            
                最不满意
                实体按键太少，我的米棕色内饰很不耐脏，不好打扫
            

            

    空间
        
            
            
        
        5
    
    
    空间足够用了，我特意买的7座，不用的时候它就是5座，过年回家经常人多，那么7座就很实用了
    
    
    
    
    


    
    
    
    


    






                

    驾驶感受
        
            
            
        
        5
    
    
    动力没的说，给油就窜，基本上路上无敌，能秒杀路上一半以上的车，特别是中后段加速，超级给力
    
    
    
    
    


    






            

            




            

    油耗
        
            
            
        
        4
    
    
    我用车城里比较少，主要是乡下，又比较爱钓鱼，很多钓点轿车去不了，SUV两驱的也不行，所以特意买了四驱，基本上大多数地方都能去
    
    





            
            

    外观
        
            
            
        
        4
    
    
    
        

        0% buffered00:00播放暂停00:00/00:03倍速2x1.5x1.25x1x0.75x0.5x高清高清全屏切换50%75%100%满屏00:00汽车之家视频播放器  之家首页  复制链接  版本号 : 2.5.32

  
    
      
        
        
          
        
        
          
        
        
      
    
  


    
    

    外观上，确实我对外观没多大要求，主要是对空间，动力以及通过性比较在意，侧面很好看，前面一般，后面一般
    
    
    
    
    


    
    
    
    


    
    
    
    


    





            

    内饰
        
            
            
        
        4
    
    
    内饰我选的米粽色，看上去豪华大气，唯一缺点就是不耐脏，钢琴烤漆容易花，我就买了拉丝贴纸，效果不错，完美解决
    
    
    
    
    


    





            

    性价比
        
            
            
        
        4
    
    
    性价比两驱的比较高，我四驱的就一般了，不过这个价钱买合资的也就面包车配置，我平时开车不多，国产车比较香
    
    





            
                

    配置
        
            
            
        
        5
    
    
    配置上基本拉满了，唯一缺点就是实体按键太少了，大多数都要动嘴，屏幕上操作开车时候也不安全，注意力不集中，容易发生事故，人多的时候用语音感觉自己就像显眼包一样。
    
    




            

            



        "
ec2001,2024-02-23 首次发表,"
            
                
                    2300km
                    
                    行驶里程
                
                
                
                
                
                
                
                
                
                
                
                
                

                
                
                    17.49万
                    裸车购买价
                
                
                    2023-12
                    购买时间
                
                
                    杭州
                    购买地点
                
            
            
    
        
            
        
    
    

    
        $(document).ready(function () {
            var koubeiid = 5299982;

        });

    


            
                最满意
                动力足，销售说动力堪比保时捷。确实动力很猛，一脚油门下去那推背感太爽了。空间大，老爸叫上几个战友出门，大包小包都能塞下。座椅舒服，容易晕车的老妈都说坐这个车不晕，座椅不硬不软，有支撑，长途不累人。隔音不错，同级甚至更高级都算可以的。
            
            
                最不满意
                音响优化不够，索尼的喇叭没有发挥出来。车机跟新势力也有差距，语音只能一条条说。
            

            

    空间
        
            
            
        
        5
    
    
    后排空间不是有几拳，而是能躺个人，太宽大了。
    
    
        后备厢容积
        这后备厢，钓多少鱼都能放下。出门自驾游多少行李都放的下。
        
        
    
    
    
    


    






                

    驾驶感受
        
            
            
        
        4
    
    
    动力太强了，不止动力强，油耗还低。一脚油门下去直接响胎冲出去
    
    






            

            




            

    油耗
        
            
            
        
        4
    
    
    这么大的车，2.0T这么强的动力，杭州这路油耗还没超过10。真不错，奇瑞的发动机真不是吹的。
    
    
    
    
    


    





            
            

    外观
        
            
            
        
        4
    
    
    外观特别大气，前脸就不说了，侧面修长敦厚。稳重感十足。
    
    





            

    内饰
        
            
            
        
        4
    
    
    内饰用料厚道，各种软质材料。还有大连屏、无线充电、无级调色的氛围灯，怀档。科技感给了，怀旧感也给了。
    
    
    
    
    


    
    
    
    


    





            

    性价比
        
            
            
        
        5
    
    
    这么大的车，这么强的动力，油耗还低，性欲比不用说了，加油冲吧。
    
    





            
                

    配置
        
            
            
        
        5
    
    
    8155芯片、ACC自适应巡航、车道保持，长途自驾游再也不怕累了。
    
    




            

            



        "
陆小杰,2024-02-11 首次发表,"
            
                
                    597km
                    
                    行驶里程
                
                
                    11.2L
                    百公里油耗
                
                
                
                
                
                
                
                
                
                
                
                

                
                
                    16.30万
                    裸车购买价
                
                
                    2024-01
                    购买时间
                
                
                    昆明
                    购买地点
                
            
            
    
    

    
        $(document).ready(function () {
            var koubeiid = 5294520;

        });

    


            
                最满意
                开车行驶感受非常棒！再加上有CDC的加持，舒适！毕竟是新平台的底盘。和瑞虎系列的其他车型质感完全不同。
            
            
                最不满意
                说实话，内饰质感这些都还不错，就是在装配工艺上差了一点。
            

            

    空间
        
            
            
        
        5
    
    
    我买的是五座的，“大”就一个字。中控台有点大，但是也不影响他的空间，这车虽然有一点微微的溜背，但是后排空间同样大。后备箱空间也是大，带着一点倾斜度，应该是方便拿东西。
    
    
    
    
    


    
    
    
    


    
    
    
    


    






                

    驾驶感受
        
            
            
        
        5
    
    
    驾驶感受必须好！两驱的直接PASS，虎9必上四驱，才会有质的改变。
    
    
    
    
    


    






            

            




            

    油耗
        
            
            
        
        3
    
    
    油耗有点高啊，至少比我以前的虎8高了两个多将近三个。😂公里数比较短，看后续吧。
    
    





            
            

    外观
        
            
            
        
        5
    
    
    很多人觉得这个前脸太丑，我倒不觉得。虽然不是很惊艳，但是也不像别人说的那种丑出天际的感觉。
    
    
    
    
    


    
    
    
    


    
    
    
    


    





            

    内饰
        
            
            
        
        4
    
    
    内饰不是很惊艳，但肯定不差。坐着很舒服，摸着质感也可以。非要比较的话，比瑶光真皮的差那么一点。但是，比瑶光差一点不代表他就差，就是这么一个道理。
    
    
    
    
    


    





            

    性价比
        
            
            
        
        5
    
    
    2.0T 261马力400T，爱信8AT，可以喝95/92的油。行驶质感好，平顺性好，空间大，耐操，静音控制的也不错，最重要的是安全性高。性价比可以。
    
    
    
    
    


    





            
                

    配置
        
            
            
        
        5
    
    
    当然是四驱旗舰版更好了，但是比至臻贵了2万，哪怕贵1万我都提顶配了。所以从性价比来说，至臻版的配置已经挺好了。
    
    
    
    
    


    




            

            



        "
瓜皮学长,2024-01-10 首次发表,"
            
                
                    688km
                    
                    行驶里程
                
                
                    7.9L
                    百公里油耗
                
                
                
                
                
                
                
                
                
                
                
                

                
                
                    16.49万
                    裸车购买价
                
                
                    2023-12
                    购买时间
                
                
                    南宁
                    购买地点
                
            
            
    
        
            
        
    
    

    
        $(document).ready(function () {
            var koubeiid = 5272220;

        });

    


            
                最满意
                外观霸气，空间大，动力充足，性价比高。。
            
            
                最不满意
                驾驶位仪表下方疑似漏风；
提车一周，车机卡机无法联网，售后刷新过后暂时没出现问题；
高速100-120的时候松开油门发动机制动时声音有嗡嗡嗡的声音，类似于压到高速路边线一样
            

            

    空间
        
            
            
        
        5
    
    
    空间很大，没事也很有质感，大部分都是皮质软包，我们家的人个头相对来说比较矮，驾乘感受空间绰绰有余，第三排空间相对来说比较小，只能乘坐小孩或者临时应应急用
    
    
    
    
    


    






                

    驾驶感受
        
            
            
        
        5
    
    
    加速快，油门响应速度快，刹车稍微偏软一点，刚开始接触的时候感觉车太大了，信心不是特别充足，等适应了就好了
    
    






            

            




            

    油耗
        
            
            
        
        4
    
    
    主要是市区用车为主，平时上班代代步，偶尔跑一下高速，对于这么大个车，这个油耗相对来说比较满意了
    
    





            
            

    外观
        
            
            
        
        5
    
    
    外观霸气，有点像路虎星脉的姿态，黑色更加霸气，但是我家领导偏向于纯洁白色，所以体重选择了白色外观
    
    
    
    
    


    
    
    
    


    





            

    内饰
        
            
            
        
        4
    
    
    内饰豪华，256色氛围灯效果个小奔有的一比，能摸得到的地方都是皮质包裹
    
    
    
    
    


    





            

    性价比
        
            
            
        
        4
    
    
    性价比相对来说比较高了，试驾过星越L，星越L落地也差不多17-19个，但是星越L动力方面稍微差一点
    
    





            
                

    配置
        
            
            
        
        4
    
    
    配置方面360影像，L2级别辅助驾驶，智能座椅加热，座椅通风，256色无极氛围灯，隐藏门把手，索尼音响等等都给你安排了
    
    




            

            



        "
灵活小胖子123,2023-12-28 首次发表,"
            
                
                    
                    暂无
                    行驶里程
                
                
                
                
                
                
                
                
                
                
                
                
                

                
                
                    16.29万
                    参考价格
                
                
                    2023-12
                    探店时间
                
                
                    临沂
                    探店地点
                
            
            
    
        
            
        
    
    

    
        $(document).ready(function () {
            var koubeiid = 5259786;

        });

    


            
                新车好评
                外观很时尚，有一种很高档豪车的感觉，车漆很亮很有质感

内饰用料足，做工好，上档次

动力很强劲，油门反应速度快，还省油
            
            
                新车槽点
                首先后排的座椅不能前后调节很是遗憾，其次低速行驶的时候有轻微的顿挫感，不过在接受范围之内，不是很严重，如果后期能改进一下那就更好了，其它的倒是还挺满意的。
            

            

    空间
        
            
            
        
        5
    
    
    空间是真的大，坐满5个人空间一点也不会拥挤，整体空间相当的不错，后排空间即使坐在中间位置翘个二郎腿，也是非常宽敞的。5坐版本的车型，后备箱可以说是非常的大，一家人出去旅游什么的，基本的生活用品肯定是足够放得下。
    
    
    
    
    


    
    
    
    


    
    
    
    


    






                

    驾驶感受
        
            
            
        
        5
    
    
    首先动力方面，2.0T发动机马力足够大，满载状态下提速行驶可以说是非常轻松，放在运动模式，油门随叫随到，而且很跟脚。底盘质感非常的好，颠簸路段坐在车内也是很舒服的，还有瑞虎九的隔音做的非常不错，行驶中很安静。
    
    






            

            




            

    油耗
        
            
            
        
        5
    
    
    瑞虎九这辆车本身就很大，跑起来风阻也是增加油耗的原因之一，市区中行驶了15公里，表显油耗9个油，全程开空调的，红绿灯也多。不过我个人感觉还是可以接受的，毕竟车子大，只要不超过10个油我都可以接受。
    
    





            
            

    外观
        
            
            
        
        4
    
    
    外观设计很大气，尤其是车身侧面设计的确实好看，有一种高级车的感觉，尾部设计同样也是高端大气上档次，还有轮毂特别喜欢。

唯独前脸个人感觉还差点意思，感觉不是很协调，可能萝卜青菜，各有所爱吧。
    
    
    
    
    


    
    
    
    


    
    
    
    


    





            

    内饰
        
            
            
        
        5
    
    
    内饰的风格很符合我的审美，简约大方，没有花里胡哨的感觉，而且做工还很细致，特别是双联屏，给人一种科技感满满的感觉，个人感觉很有豪华车子的气息。
    
    
    
    
    


    
    
    
    


    
    
    
    


    





            

    价格政策
        
            
            
        
        5
    
    
    年底了，优惠政策还是挺大的，旧车置换最高可以补贴3万元，而且还有免息政策，还有现金优惠，还有礼品保养相送，这力度还是可以的。
    
    





            
                

    配置
        
            
            
        
        5
    
    
    瑞虎九的配置可以说是很够用，你平时听过的常见配置，瑞虎九几乎都有。座椅加热，香氛系统，米其林轮胎，行车记录仪，还有车载小冰箱，值得一提的是还配有8155车机芯片，是目前很流行的，也是很可靠的系统芯片，瑞虎九的配置放在这个价位来说，还是很有诚意的。
    
    
    
    
    


    




            

            



        "
伟大的打龟钓手,2023-12-28 首次发表,"
            
                
                    
                    暂无
                    行驶里程
                
                
                
                
                
                
                
                
                
                
                
                
                

                
                
                    18.39万
                    参考价格
                
                
                    2023-12
                    探店时间
                
                
                    青岛
                    探店地点
                
            
            
    
        
            
        
    
    

    
        $(document).ready(function () {
            var koubeiid = 5259292;

        });

    


            
                新车好评
                最喜欢至臻版的这个浅棕色的内饰，这个颜色给人很温暖，很温馨的感觉
            
            
                新车槽点
                不喜欢隐藏式门把手，看着不好看，在北方冬天下雪结冰，还担心万一弹不出来的问题
            

            

    空间
        
            
            
        
        5
    
    
    空间很充足，特别是后备箱空间非常深，日常家用拉点东西很实用
    
    
    
    
    


    
    
    
    


    






                

    驾驶感受
        
            
            
        
        5
    
    
    动力挺好的，发动机声音也很小，变速箱换挡基本感受不到顿挫，车内噪音控制的也很不错
    
    






            

            




            

    油耗
        
            
            
        
        4
    
    
    四驱车型温柔点开9个多油，这么大的车能跑出10个以内，挺优秀的
    
    





            
            

    外观
        
            
            
        
        5
    
    
    外观还是挺大气的，特别是从后面看给人很稳重的感觉，后排的隐私玻璃挺好，省了贴膜的钱了
    
    
    
    
    


    





            

    内饰
        
            
            
        
        5
    
    
    内饰比我的瑞虎8好太多太多，太喜欢这个内饰了，看着豪华，坐着舒服，要是能把这内饰挪到我的虎8上就太完美了
    
    
    
    
    


    
    
    
    


    





            

    价格政策
        
            
            
        
        4
    
    
    置换补贴1.9W，现金优惠只有一千，价格有点高，感觉还有谈的空间
    
    





            
                

    配置
        
            
            
        
        5
    
    
    配置非常丰富，四驱、8AT、540度全景影像、自适应巡航，比较常用的配置都有了
    
    




            

            



        "
我是的十八抑,2023-12-26 首次发表,"
            
                
                    790km
                    
                    行驶里程
                
                
                    8.8L
                    百公里油耗
                
                
                
                
                
                
                
                
                
                
                
                

                
                
                    16.69万
                    裸车购买价
                
                
                    2023-12
                    购买时间
                
                
                    郑州
                    购买地点
                
            
            
    
        
            
        
        
            
        
        
            
        
        
            
        
    
    

    
        $(document).ready(function () {
            var koubeiid = 5256696;

        });

    


            
                最满意
                车辆内部空间宽敞，乘坐感觉非常舒适。在市区通勤时，整体的驾驶质感不错，还有一定的回头率
            
            
                最不满意
                车辆内部装饰水平略显一般，存在异味，并感觉稍显塑料感，整体质感不够出色。
            

            

    空间
        
            
            
        
        5
    
    
    空间设计十分出色，适合家庭使用，每个座位都宽敞舒适，家人一同出行感到愉快。
    
    






                

    驾驶感受
        
            
            
        
        3
    
    
    车型庞大，但加速迅猛，方向盘操控准确，没有虚位感，驾驶体验仍然十分舒适。唯一的缺点是在转弯时会有一些明显的侧倾感，这可能是高底盘SUV难以避免的。
    
    






            

            




            

    油耗
        
            
            
        
        5
    
    
    目前对于油耗表现还比较满意，主要现在还是磨合期，后期估计油耗还会有所下降
    
    





            
            

    外观
        
            
            
        
        4
    
    
    车辆外观引人注目，大气，身边的朋友纷纷表示这款车很适合我的气质。
    
    





            

    内饰
        
            
            
        
        3
    
    
    车内装饰略显塑料感，整体质感一般，同时存在异味。内饰工艺属于中等水平。
    
    





            

    性价比
        
            
            
        
        3
    
    
    价格较高，性价比一般，当时买车也没啥优惠，希望能有更实惠的定价
    
    





            
                

    配置
        
            
            
        
        3
    
    
    车载系统的应用相对较少，娱乐性不够，且出现了几次卡屏现象，需要进行更新。
    
    




            

            



        "
我是齐大圣拇,2023-12-26 首次发表,"
            
                
                    950km
                    
                    行驶里程
                
                
                    8.9L
                    百公里油耗
                
                
                
                
                
                
                
                
                
                
                
                

                
                
                    17.19万
                    裸车购买价
                
                
                    2023-12
                    购买时间
                
                
                    商丘
                    购买地点
                
            
            
    
        
            
        
        
            
        
        
            
        
        
            
        
    
    

    
        $(document).ready(function () {
            var koubeiid = 5256682;

        });

    


            
                最满意
                我对车辆的外观和内饰设计非常满意，感觉大气和霸气，非常适合男性驾驶
            
            
                最不满意
                主要问题在于价格，当时没有讨价还价的余地，只好默默地为了喜欢而买单。
            

            

    空间
        
            
            
        
        5
    
    
    车辆的内部空间宽敞，利用率也很高，车厢宽敞，视野开阔，后备箱容量也很大，可以容纳很多物品。
    
    






                

    驾驶感受
        
            
            
        
        3
    
    
    加速非常迅猛，超车动作敏捷，动力表现出色，隔音效果也很好。但由于底盘较高的缘故，转弯时车身倾斜较为明显，需要踩刹车进行减速。
    
    






            

            




            

    油耗
        
            
            
        
        4
    
    
    油耗能力目前感觉还行，主要还在磨合期后期可能还会有下降
    
    





            
            

    外观
        
            
            
        
        5
    
    
    外观设计确实吸引眼球，非常符合我的个人品味。我特别喜欢这类外形独特、带有霸气感觉的SUV。
    
    





            

    内饰
        
            
            
        
        5
    
    
    尽管外观设计显得霸气，但内饰设计非常精致，充满质感。软包材质的使用没有异味，材料优质，乘坐舒适感和豪华感十分强烈。
    
    





            

    性价比
        
            
            
        
        3
    
    
    性价比略显不足，主要是因为价格方面的劣势。在这个价位范围内，可选择的车型还有很多，当时购车也没啥优惠
    
    





            
                

    配置
        
            
            
        
        3
    
    
    车辆的智能化程度一般，明显不如一些新势力车企推出的车型。不过，我对车辆的智能功能使用并不频繁。
    
    




            

            



        "
虎八鲲鹏的主人,2023-12-23 首次发表,"
            
                
                    
                    暂无
                    行驶里程
                
                
                
                
                
                
                
                
                
                
                
                
                

                
                
                    18.29万
                    参考价格
                
                
                    2023-12
                    探店时间
                
                
                    保定
                    探店地点
                
            
            
    
        
            
        
    
    

    
        $(document).ready(function () {
            var koubeiid = 5254079;

        });

    


            
                新车好评
                这个价位 拥有cdc电磁悬架 开起来很舒服 隔音也很不错 8155芯片 车机反应超级快
            
            
                新车槽点
                发现后排空调出风口位置按键有点不合理 容易误碰
            

            

    空间
        
            
            
        
        5
    
    
    空间绝对够用，也是很宽敞的，后排三个人毫无压力，前排就是大沙发
    
    
    
    
    


    






                

    驾驶感受
        
            
            
        
        5
    
    
    虎九的驾驶感受是我目前开过得车中感觉最舒适静音的一款。绝对没有第二，这个价位，我感觉绝对是数一数二的存在了。
    
    
    
    
    


    






            

            




            

    油耗
        
            
            
        
        5
    
    
    试驾距离比较短 油耗没法客观评价 从我凯虎八来看 应该不会太高
    
    





            
            

    外观
        
            
            
        
        5
    
    
    外观我觉得虎九不是很惊艳，但是绝对不是难看的那样，虎九的外观设计应该是属于中等水平，让人看着很中庸。
    
    
    
    
    


    





            

    内饰
        
            
            
        
        4
    
    
    内饰也是很良心了，该有的都有，能碰到的地方都是皮质的，很高大上。
    
    
    
    
    


    





            

    价格政策
        
            
            
        
        4
    
    
    没有太过意了解价格，主要买了虎八不满两年，以后计划换虎九。
    
    





            
                

    配置
        
            
            
        
        5
    
    
    配置方面，CDC电磁悬架，鲲鹏动力，爱信8AT，智控四驱系统，L2.9驾驶辅助，540°立体超感空调，24.6寸曲面屏，256色氛围灯，0重力超感副驾驶位，绿色座舱，超级静谧空间，10气囊保护等……
    
    
    
    
    


    




            

            



        "
虎九等了好久,2023-12-19 首次发表,"
            
                
                    3299km
                    
                    行驶里程
                
                
                    6.9L
                    百公里油耗
                
                
                
                
                
                
                
                
                
                
                
                

                
                
                    16.70万
                    裸车购买价
                
                
                    2023-10
                    购买时间
                
                
                    南平
                    购买地点
                
            
            
    
        
            
        
    
    

    
        $(document).ready(function () {
            var koubeiid = 5249124;

        });

    


            
                最满意
                虎9️⃣整车外观很大气，车内空间宽敞，动力足还省油，驾驶起来很舒服
            
            
                最不满意
                不知道其他虎9️⃣车友有没有试过ACC自适应巡航车距加减，在高速开按加减车距时失灵，加车距就会关闭巡航系统，已联系售后还未去处理。
后排空调出风口太碍事，小朋友一碰就开，后期希望改进中控可控制开启状态（常闭状态）。
自动远近大灯不是很好用，只要前方路边稍微有点光就会切换。
            

            

    空间
        
            
            
        
        5
    
    
    车内空间很宽敞，一家人出行方便，后排两座放倒还是可以放很多东西。
    
    
    
    
    


    






                

    驾驶感受
        
            
            
        
        5
    
    
    平时省道开的多，偶尔跑高速，提速超车反应都很快
    
    






            

            




            

    油耗
        
            
            
        
        5
    
    
    省道油耗在6格上下，没有拍照片，在市区开要10格油，高速上看你怎么开咯，猛踩油门那油耗没的说
    
    





            
            

    外观
        
            
            
        
        1
    
    
    引擎盖上漆面有瑕疵点，还不知道售后怎么解决，心里很不舒服
    
    
    
    
    


    
    
    
    


    





            

    内饰
        
            
            
        
        4
    
    
    隔音效果还差点，胎噪声比较大，内饰嘛还好，氛围灯藏太里面了，外面的亮度就暗了，出风口要是加上氛围灯就好了
    
    





            

    性价比
        
            
            
        
        5
    
    
    整体感觉不错，就是半年保养一次时间短了，现在换的都是全合成机油跑一万公里，你改个一年或者十个月换一次也好，半年才跑几千公里就要换有点尴尬
    
    





            
                

    配置
        
            
            
        
        1
    
    
    ACC自适应巡航车距加减，在高速开按加减车距时失灵，加车距就会关闭巡航系统
    
    




            

            



        "
11平平安安11,2023-12-10 首次发表,"
            
                
                    
                    暂无
                    行驶里程
                
                
                
                
                
                
                
                
                
                
                
                
                

                
                
                    16.69万
                    参考价格
                
                
                    2023-12
                    探店时间
                
                
                    临沂
                    探店地点
                
            
            
    
    

    
        $(document).ready(function () {
            var koubeiid = 5239795;

        });

    


            
                新车好评
                最满意的地方就是外观了，特别是侧面比较修长，让人不禁想起路虎揽运的设计风格
            
            
                新车槽点
                只是简单的体验了一下，目前并没有特别不满意的地方
            

            

    空间
        
            
            
        
        4
    
    
    瑞虎9的后排坐椅坐着非常舒适，腿部空间对1米75的个子两个拳头空间足足有余，将主驾驶席调至合适的坐姿，且座椅调到最低位置，头部空间还有一拳，后排座椅支持前后移动，靠背也提供了比较大角度的调节，座椅的灵活性主要是考虑七座车型的空间布局。来到后排，保持前排坐姿不变，可以获得两拳的腿部空间，以及接近四指的头部空间，表现中规中矩。后备厢容积方面，可以看出瑞虎9的后备厢容积也是不错的，进深、高度、空间规整度都可以，日常使用需求可轻松满足，并且后排座椅还支持4/6比例放倒功能
    
    
    
    
    


    
    
    
    


    






                

    驾驶感受
        
            
            
        
        5
    
    
    瑞虎9的变速箱与发动机有着很高的匹配度，逻辑的标定、换挡时机的选择、挡位间切换的平顺性，都挑不出太多毛病，很大程度上确保了车辆的动力性能，也能为舒适性加分。瑞虎9的动力响应积极，踩下油门马上就有反应，转弯的时候可以感觉到刚性车身对侧倾起到的稳定作用
    
    






            

            




            

    油耗
        
            
            
        
        5
    
    
    在平时代步开的情况下，油耗在10个左右。如果经常跑点好的路况的话，这油耗还是蛮低的，最低开到6.7个油
    
    





            
            

    外观
        
            
            
        
        5
    
    
    外观设计充满了力量感和运动气息。车辆前脸采用了多边形的进气格栅，内部填充了点阵式的镀铬装饰，两侧搭配上独特的LED大灯组，整个前脸设计时尚而精致。
车头部分采用了大尺寸的多边形进气格栅，通过直瀑式中网、内置竖立的镀铬饰条进行填充，营造出大气豪华的效果，和两侧的两组大灯贯穿，形成一体式的设计。
侧面来看，瑞虎9的线条流畅，车身比例协调。独特的双色车身设计，让车辆看起来更加时尚动感。车辆的窗线和车门把手都采用了镀铬装饰，提升了整体的精致感。
    
    
    
    
    


    
    
    
    


    





            

    内饰
        
            
            
        
        5
    
    
    看内饰第一感受瑞虎9的配色够大胆，设计思路也有进步，黑色内饰设计显得充满质感，中间还点缀仿木材质，三辐式平底多功能方向盘为真皮材质，握感细腻，左右两侧的控制区域内有背光。在用料方面也极其厚道不仅采用了大面积软性材质包裹细节上配备了金属镀铬件以及钢琴烤漆进行装饰
    
    
    
    
    


    
    
    
    


    





            

    价格政策
        
            
            
        
        5
    
    
    瑞虎9的价格毕竟有1.9万置换补贴。有旧车的话太划算了，就相当于优惠了两万，再加上其他优惠感觉性价比就太高了
    
    





            
                

    配置
        
            
            
        
        5
    
    
    配置部分，提供了自动空调、后排独立空调、后座出风口、温度分区控制、车内PM2.5过滤装置、电动后备厢、感应后备厢、电动后备厢位置记忆、车顶行李架、发动机电子防盗、车内中控锁、蓝牙/车载电话、手机互联/映射、语音识别控制系统、车联网、OTA升级、Wi-Fi热点、手机APP远程功能等科技配置。
    
    
    
    
    


    




            

            



        "
cyz06,2023-12-09 首次发表,"
            
                
                    
                    暂无
                    行驶里程
                
                
                
                
                
                
                
                
                
                
                
                
                

                
                
                    15.40万
                    参考价格
                
                
                    2023-11
                    探店时间
                
                
                    湛江
                    探店地点
                
            
            
    
    

    
        $(document).ready(function () {
            var koubeiid = 5238271;

        });

    


            
                新车好评
                智能化，舒适度，外观很大气，特别是
侧脸很好看
            
            
                新车槽点
                后排空调按键太丑了，像大钢
牙。自带导航在市区GPS没有那么灵
敏。
空调调节比较麻烦，要点进去才行。
导航和听歌要来回切换才能选歌，
自带的APP不是很多，配的是酷狗音
乐，音效可能需要自己调一下，才会感
觉立体一点。
            

            

    空间
        
            
            
        
        5
    
    
    我175，120斤前排座位调好头顶一拳
半，后排还有两拳多空间是真的大
    
    
    
    
    


    






                

    驾驶感受
        
            
            
        
        5
    
    
    2.0+8AT是真的猛，动力性能基本上是
随叫随到，起步非常快，底盘比较稳，
开在画不平的路上也是比较稳，在车上
没有摇摇晃晃的感觉，减震调教得非常
好，比我的瑞虎8plus好太多了。
    
    
    
    
    


    






            

            




            

    油耗
        
            
            
        
        5
    
    
    8到9个感觉还能接
受，也不算高，经常开往后开应该还能降一点
点
    
    
    
    
    


    





            
            

    外观
        
            
            
        
        5
    
    
    外观霸气外，特别是侧脸非常好看好喜
欢
    
    





            

    内饰
        
            
            
        
        5
    
    
    座椅颜色搭配合理，坐着软硬感适中看
了奇瑞的很多车，这辆车真的是是最强
瑞虎。多层隔音玻璃在驾驶时隔音效果
很好，车内静音性很强。
    
    
    
    
    


    





            

    价格政策
        
            
            
        
        4
    
    
    等车周期说是两周内，但是我看了一下他们还是有库存的，等车的时间应该是看贷款下来的时间吧，现在优惠有8千左右，想要更优惠价格只能去店里和销售谈了，看自己的能力能砍多少了，应该少个三两千是没问题的
    
    





            
                

    配置
        
            
            
        
        5
    
    
    车前排座椅带有加热，360
影像，L2辅助驾驶系统，远程启动，电
动尾门，还带有全影倒车，全速自适应
巡航，三种
驾驶模式可选，车道偏离等等辅助功能功能
    
    
    
    
    


    




            

            



        "
akb9m3dwo4w,2023-12-08 首次发表,"
            
                
                    
                    暂无
                    行驶里程
                
                
                
                
                
                
                
                
                
                
                
                
                

                
                
                    20.39万
                    参考价格
                
                
                    2023-11
                    探店时间
                
                
                    东莞
                    探店地点
                
            
            
    
    

    
        $(document).ready(function () {
            var koubeiid = 5237727;

        });

    


            
                新车好评
                作为一台旗舰级SUV，在外观上就要具备“老大哥”的强大气场。奇瑞瑞虎9的车身尺寸为4820x1930x1699mm，轴距为2820mm。虽然定位中型SUV，但瑞虎9却有着很强的体量感，在工程师精心的设计下，瑞虎9呈现出大气、稳重的外观形象。
            
            
                新车槽点
                要说不满意，主要还是隐藏式门把手，就怕冬天下雪结冰，门把手弹不出来，话又说回来，既然我能想到工程师肯定也考虑到了，可能是我多滤了。
            

            

    空间
        
            
            
        
        4
    
    
    瑞虎9的整体车长为4820mm，但轴距却达到为2820mm，还是得益于高空间利用率的轴距表现，车内各个部分布局明显比瑞虎8更显豪迈气场。
首先前排坐进车里面感觉脚步的空间还是比较宽裕的，中控扶手箱是比较宽大的宽体设计，所以压缩了一点点左右的宽度。但是实际体验的角度来讲还好，基本上腿部空间也是足够的。座椅支持12项调节，所以前后左右上下都可以，还有个小腰托。顺便给大家看一下前排的内饰表现，就是这样的设计，两个字形容就是简约。
然后再来看一看后排，因为后排是吐槽的比较多的一个点，实际坐到车里面感觉腿部的空间还算比较宽裕，大概有两拳半左右的距离，翘高二郎腿还是有一点点费劲的，但是翘起来之后是没任何问题，但是正常单纯来坐感觉上是很OK的。当然了如果能把后座后移10公分，那这个车就完美了。
    
    
    
    
    


    
    
    
    


    






                

    驾驶感受
        
            
            
        
        5
    
    
    奇瑞瑞虎9搭载鲲鹏动力2.0TGDI发动机，最大功率261马力，峰值扭矩400牛·米。两驱版车型将搭载麦格纳7挡湿式双离合变速箱；四驱版车型搭载爱信8AT变速箱，我们此次体验的便是2.0T+8AT的版本。这套动力总成对奇瑞来讲都是比较成熟的，在此前的星途凌云以及星途揽月上都有搭载。在瑞虎9的身上，奇瑞赋予了这套动力更为舒适化的调校。这台2.0T发动机的动力你完全不用担心，单从参数上来看，它就已经超越主流的2.0T产品了，而实际开起来的表现也十分优异。
瑞虎9的动力可以说是随叫随到，无论是低速起步还是高速超车你都感受不到丝毫的疲乏，油门调校也处于踩多少有多少的状态。即便是80km/h以上的中高速工况，瑞虎9也有着源源不断的动力输出，高速驾驶信心十足。
底盘部分，得益于CDC电磁悬挂的加持，瑞虎9的底盘质感有了一个质的提升。悬挂对于颠簸的抑制更强，细碎弹跳过滤得比较干净，因此底盘具备了一定的厚重感。同时，在过弯、刹车等状态下，CDC悬挂也能有效抑制车身侧倾和俯仰，为舒适的乘坐感受提供更多帮助。
    
    






            

            




            

    油耗
        
            
            
        
        5
    
    
    瑞虎9尺寸比我瑞虎8要大上一圈，试驾体验的综合油耗八个多点，就这油耗表现对得起它中型旗舰SUV，当然了比我虎8要高大概1个油，这么大车再配2.0T发动机真的不比某些合资车差。
    
    





            
            

    外观
        
            
            
        
        5
    
    
    奇瑞瑞虎9采用“柔光美学设计理念”打造，车头部分的八边形直瀑格栅气势十足，在格栅中央配有呼吸式的发光车标，夜晚点亮后科技感十足。两侧修长扁平的车灯与中网相连，进一步拉宽了车头的视觉宽度。瑞虎9的前包围巧妙的设计为W字造型，提升了车头整体的层次感。
来到侧面，瑞虎9的车侧造型修长、厚重，车身腰线由头灯平直的贯穿至车尾，凸显了侧面的力量感。瑞虎9还采用了双色车身的设计，悬浮式的车顶在车尾形成下压的姿态，多了几分运动气息。时下流行的隐藏式门把手瑞虎9也有配备，同时，20英寸的大尺寸双色轮毂与厚重的车侧造型相得益彰。
瑞虎9的车尾设计宽厚简洁，贯穿式的尾灯内部具有262颗光珠，开启时可以呈现1400mm超长时光卷轴动态流水效果，在尾灯中间配有发光的字母车标，与车头形成了很好的呼应。车身下部的双出镀铬排气与车顶的尾翼也为车尾增添了几分精致感与豪华感。
    
    
    
    
    


    
    
    
    


    
    
    
    


    





            

    内饰
        
            
            
        
        5
    
    
    进入车内，你能明显的感受到旗舰级座驾所带来的豪华感和精致感。瑞虎9的内饰设计简洁大气，做工用料也颇具豪华气息。通过四种不同的配色，瑞虎9将内饰划分为四层区域。中控台表面采用了糙面皮，略显粗糙的手感以及哑光的视觉感受很有运动感，再往下是一块大面积的浅色木纹饰板，饰板由中控区域延伸至门板两侧，高级感和档次感油然而生。木纹饰板下方便是触感细腻的皮革包裹，大面积的软包既具备家一样的温馨，同时也不乏豪华感。在A柱及车顶区域，瑞虎9采用翻毛皮的材质覆盖，内饰的做工用料难觅瑕疵。
中控部分，瑞虎9搭载了双12.3英寸的曲面连屏，主驾区域还配备了检测驾驶员状态的摄像头以及50英寸的AR-HUD显示系统。在中控屏幕下方是三个波光涟漪式独立出风口，相较传统的双口空调，三出风口的风感更为柔和，同时多出来的一个风口也能更好的平衡主、副驾或是后排乘客的风量需求。
    
    
    
    
    


    
    
    
    


    
    
    
    


    





            

    价格政策
        
            
            
        
        4
    
    
    虎9发布上市半年左右，现在的价格优惠还是比较少的，有车辆置换补贴1.9万，没有置换的优惠一万左右吧，不过有送车辆保险五千，这个还是挺不错的，也显示了厂家的诚意。
    
    





            
                

    配置
        
            
            
        
        5
    
    
    这次体验的是四驱旗舰5座版本，中控部分，瑞虎9搭载了双12.3英寸的曲面连屏，主驾区域还配备了检测驾驶员状态的摄像头以及50英寸的AR-HUD显示系统。在中控屏幕下方是三个波光涟漪式独立出风口，相较传统的双口空调，三出风口的风感更为柔和，同时多出来的一个风口也能更好的平衡主、副驾或是后排乘客的风量需求。
其它的安全配置一应俱全，旗舰车型上都有配置，这里重点说下CDC“磁悬浮”悬架。
这套系统通过5个整车状态监控传感器+4个电磁减震器+1个控制器实时调整车身姿态，猛一看与竞品所搭载电磁悬挂相类似，但奇瑞想表达的是这套系统拥有更高的采样数据，所以，在长波路面场景行驶时，这套系统要比一般电磁悬挂拥有更强的吸收止震能力，同时又不会像空前悬挂那样，走长波路面时，后排乘客回产生稍许眩晕感。
作为奇瑞家族的旗舰SUV，瑞虎9的产品实力毋庸置疑，大气、舒适和实用便是瑞虎9对于旗舰座驾的理解。虽然它在某些方面的表现还算不上完美，但综合而言瑞虎9仍是一款全能且全面的座驾。如果你期待拥有一款高品质的旗舰级座驾，那么不妨将瑞虎9加入到购车清单中，它的表现不会让你失望。
    
    
    
    
    


    




            

            



        "
键盘车神Zzz,2023-12-06 首次发表,"
            
                
                    
                    暂无
                    行驶里程
                
                
                
                
                
                
                
                
                
                
                
                
                

                
                
                    18.30万
                    参考价格
                
                
                    2023-11
                    探店时间
                
                
                    柳州
                    探店地点
                
            
            
    
    

    
        $(document).ready(function () {
            var koubeiid = 5234590;

        });

    


            
                新车好评
                满意的地方有很多，首先就是配置非常高，对比同价位同级别的其他车型，可以说是配置吊打，特别是合资车型，多了很多主动安全配置和疲劳监测，辅助驾驶等配置，还有本年度非常流畅火爆的骁龙8155车机芯片，车机功能因此非常多，还有540°全景影像新手必备，老司机也能更好把握周围情况，内饰和液晶大屏幕一直是国产车的强项就不提了，最重要的他的动力，2.0T鲲鹏发动搭配格特拉克湿式双离合变速箱，高达261马力路上想超谁超谁，还能喝92号油（官方建议95），经济性也很好。
            
            
                新车槽点
                主要是一些设计方面的问题，比如隐藏式门把手的弊端就很大，南方还好，北方已经有很多车主反应隐藏式门把手被冻住开不了车门的情况了，这种元素真的没必要存在太多，第二个就是怀档，可能是还没有习惯使用的原因，感觉很别扭。
            

            

    空间
        
            
            
        
        5
    
    
    作为一个中大型SUV，瑞虎9的空间肯定是非常够用的。在后排就坐，我的身高为183cm，体重为100公斤，这样的大数据坐上去腿部空间都还有三四圈这样子，跷二郎腿什么都是随心所欲。后备箱空间一眼望去是也是非常宽敞的，成年人拿来放床用平躺感觉也是一点问题没有，宽度和高度也是装载大部分货物都不存在困难，可能存在的小问题就是车主后备箱的下坎略高，搬运时要多出点力。
    
    
    
    
    


    
    
    
    


    
    
    
    


    






                

    驾驶感受
        
            
            
        
        5
    
    
    比较可惜的是车子还未上牌不能试驾，不然能体验到这种大马力suv也是很有乐趣和成就的。
    
    






            

            




            

    油耗
        
            
            
        
        5
    
    
    官方油耗的数据仅为7.5升每百公里，我觉得还是比较难做到的，实际可能有9升左右，但是这么大这么重个车还能加92号汽油，这样的数据都算是省油的了。
    
    





            
            

    外观
        
            
            
        
        5
    
    
    前脸相比以往的瑞虎家族设计变的非常地时尚和霸气，不同于以往稳重一点的风格，前格栅开得比较大，配合银色的竖条镀铬饰条看起来这个大嘴还是挺唬人的，大灯也不是现在非常流行的狭长眯眯眼式的大灯，宽度还是比较大的看着比较舒服，值得一提的是，车标在解锁的时候会亮也是一个非常讨喜的设计。
屁股则显得比较圆润，配合上贯穿式尾灯不管是在白天还是黑夜都是最靓的仔。
奇瑞车型的侧面一般都做得非常流线型，有腰线显得好看帅气。
    
    
    
    
    


    
    
    
    


    
    
    
    


    





            

    内饰
        
            
            
        
        5
    
    
    瑞虎9的内饰也是非常出彩的，真皮座椅配上主副驾的电动调节，门板上的按键也镀上一层银色显得更有质感，搭配氛围灯，大双联屏，中控三连出风口，一种豪华感扑面而来。
    
    
    
    
    


    
    
    
    


    





            

    价格政策
        
            
            
        
        5
    
    
    奇瑞整车终身质保，加上不限品牌的高达一万九千元的置换补贴，还有五年的免费娱乐流量赠送，还是非常香的。
    
    





            
                

    配置
        
            
            
        
        5
    
    
    相比于我的1.6T款艾瑞泽8，车机里最大的就是搭载了8155芯片，和540°的全景影像，这两个配置也是让我非常眼馋阿，车机变得很流畅不说，功能超多软件版本也非常新，最后还配备了电尾门，使用起来更方便了。
    
    
    
    
    


    
    
    
    


    
    
    
    


    




            

            



        "
xbb头号死敌,2023-11-29 首次发表,"
            
                
                    1000km
                    
                    行驶里程
                
                
                    10.0L
                    百公里油耗
                
                
                
                
                
                
                
                
                
                
                
                

                
                
                    16.00万
                    裸车购买价
                
                
                    2023-10
                    购买时间
                
                
                    杭州
                    购买地点
                
            
            
    
        
            
        
    
    

    
        $(document).ready(function () {
            var koubeiid = 5228285;

        });

    


            
                最满意
                提车一个月了，中控台的设计在年轻的同时又存在一丝沉稳的感觉，同时类似麂皮材质的面料让触摸手感更具有高级感，中控台的储物空间也是相当丰富，车机搭载了高通骁龙8155处理器运行也是流畅，语音助手的呼唤非常灵敏，可以用语音助手进行座椅加热、空调的操控，空调虽然除去了实体按键，但是现在的车机电子控制还是可以信赖的。在中型suv这个赛道上，20以内的价格还是非常能打的。全车的27个出风口也使得车内的温度能够更快的调节，车内的12个索尼音响也是足够惊艳（在不追求极致的音质下）。主副驾驶的妆容镜自带补光灯，灯的效果非常的好，足够女孩子临时补一个妆年轻人不用怕驾驭不住它的气质，足够年轻也足够沉稳。
            
            
                最不满意
                中控台水杯架放水杯或者水瓶时会有点卡手，也容易误触按键
            

            

    空间
        
            
            
        
        5
    
    
    空间非常足够使用，没有中间凸起让有小孩的家庭在接送孩子上下学的时候能够更好的上下车
    
    
        后备厢容积
        后排座椅能够放倒让后备箱的储物空间更加充足，能够满足亲朋好友一起出去露营时的装备存放
        
        
    






                

    驾驶感受
        
            
            
        
        5
    
    
    在经济、标准模式下起步加速都非常平顺，运动模式时加速的推背感非常明显操控感十足，转向反馈非常明显，没有虚位的感觉
    
    






            

            




            

    油耗
        
            
            
        
        5
    
    
    在长期市区内行驶，并且偶尔会有暴力驾驶的习惯下能将油耗稳定在8.5-10左右作为一辆中型suv的表现已经非常不错
    
    
    
    
    


    





            
            

    外观
        
            
            
        
        5
    
    
    珍珠漆在微弱的灯光下靠近会有闪闪发光的感觉，车辆的自身线条感十分流畅，不论在近远处看见都非常有震撼感。我当时走进4s店第一眼就看上了虎9
    
    





            

    内饰
        
            
            
        
        5
    
    
    内饰的设计年轻中又带点沉稳，不论是哪个年龄段驾驶都是非常合适的
    
    
    
    
    


    
    
    
    


    





            

    性价比
        
            
            
        
        5
    
    
    等后期降价之后，在这个价位内的suv是足够占有一席之地的，我所在的4s店内承诺终身质保的服务
    
    





            
                

    配置
        
            
            
        
        5
    
    
    车机自带苹果的CarPlay，华为的haicar，我两者都使用过，运行流畅，响应很快基本上没有延迟现象的出现
    
    




            

            



        "
清风徐来哆啦,2023-11-20 首次发表,"
            
                
                    
                    暂无
                    行驶里程
                
                
                
                
                
                
                
                
                
                
                
                
                

                
                
                    15.00万
                    参考价格
                
                
                    2023-11
                    探店时间
                
                
                    北京
                    探店地点
                
            
            
    
    

    
        $(document).ready(function () {
            var koubeiid = 5219769;

        });

    


            
                新车好评
                方向盘很轻，油门和刹车的脚感也不错，减震很好，关门声音听起来很厚重有一种很扎实的感觉，360全景影像好用。
            
            
                新车槽点
                没有档把怀挡还需要适应一段时间
后排座椅前面空调出风口那按键，有点凸出了，有小朋友的需要注意点安全，防止磕伤
            

            

    空间
        
            
            
        
        5
    
    
    空间宽敞舒适，前排头部空间充足，后排腿部空间宽裕，满足家庭用车需求
    
    
    
    
    


    
    
    
    


    
    
    
    


    






                

    驾驶感受
        
            
            
        
        5
    
    
    操控稳定，转向精准，底盘扎实，行驶平稳舒适;
动力强劲，搭载2.0T+7DCT的动力总成，动力输出平顺，加速反应迅速，油耗更低
    
    
    
    
    


    
    
    
    


    
    
    
    


    






            

            




            

    油耗
        
            
            
        
        5
    
    
    城市里经济模式油门有一点点迟滞。标准模式就很跟脚了。市里用车不堵车基本上8个9个油左右。动力是一点毛病没有啊，市里开经济模式脚轻轻搭在油门上就行。一不小心踩多了就超速。
    
    





            
            

    外观
        
            
            
        
        5
    
    
    外观设计，线条流畅，精致美观，尤其是倾斜式前脸，张扬个性，格栅很大气
    
    
    
    
    


    
    
    
    


    





            

    内饰
        
            
            
        
        5
    
    
    瑞虎9的座椅采用了仿皮材质包裹并且使用了大量的缝线装饰，体现出了不错的豪华感，座椅的支撑性和包裹性都相当不错，而且对表面进行了打孔处理，质感提升的同时也有助于提升乘坐时的透气性。
    
    
    
    
    


    





            

    价格政策
        
            
            
        
        5
    
    
    目前4s店优惠9000，具体还得再谈，总体感觉性价比还是比较合适，这样的配置，性价比很合适了
    
    





            
                

    配置
        
            
            
        
        5
    
    
    空间方：面我是身高160，自己坐过副驾，坐过后排空间也乘坐过，感觉对我一米六的身高来说，这辆车的空间完全足够够够用，190都没问题～
舒适性：对这车的隔音很满意，前风挡和前排车门玻璃全是双层玻璃，开窗关窗完全两个世界;底盘噪音控制
配置方面：这个没的说了，基本车上能想到的都有了，特别是车道偏移和车道保持，同时高速的时候走神了，他会瞬间抢方向盘给你拉回来，毕竟行车安全是最大的一方面!主要我是通勤走高速～还是安全很重要的！
    
    




            

            



        "
舊版國貨,2023-11-14 首次发表,"
            
                
                    4000km
                    
                    行驶里程
                
                
                    8.0L
                    百公里油耗
                
                
                
                
                
                
                
                
                
                
                
                

                
                
                    14.70万
                    裸车购买价
                
                
                    2023-08
                    购买时间
                
                
                    广州
                    购买地点
                
            
            
    
        
            
        
    
    

    
        $(document).ready(function () {
            var koubeiid = 5215245;

        });

    


            
                最满意
                开起来很有安全感，配置也够用，全外观看是真的很大台，一家5口很合适家用，油耗目前高速6.5，市区8个左右，塞车接近10个，95加满广东地区530左右，能开800公里左右，目前还没发现接受不了的问题！
            
            
                最不满意
                座椅有点短，前排中控太大，影响我躺平，新车方向盘有点偏、开空调一直听到雪种流动的声音，到时候首保一起处理。4s店和贴膜店套路多
            

            

    空间
        
            
            
        
        5
    
    
    坐着还可以、座椅有点短，我是7座的，最后一排只能合适坐个小学生，中间的可以移动，空间来说勉勉强强，中排很容易触碰座椅加热开关。好像现在网上有那个防护的卖，看一下有点丑就懒得搞，反正自己开车自己舒服就好
    
    
    
    
    


    






                

    驾驶感受
        
            
            
        
        5
    
    
    提速很快，换档有点顿挫，特别是1到4档很明显、估计我以前开CVT习惯了，油门点一下就走，高速上很容易超速，那个智能辅助功能有点傻，用一次后就不敢用了，平时高速用定速就好
    
    






            

            




            

    油耗
        
            
            
        
        5
    
    
    油耗很满意，2.0T的车高速正常开做到6.5个左右，市区8个、高峰期10个，对我来说还是可以接受的，4s店说95.92通吃，我一般加油看当天心情，目前加92还没出过问题，95.92开起来没感觉到有什么区别
    
    
    
    
    


    





            
            

    外观
        
            
            
        
        5
    
    
    对个人来说外观霸气侧漏，有些地方做工差一点点意思，反正对我来说这外观是爱了
    
    
    
    
    


    
    
    
    


    





            

    内饰
        
            
            
        
        4
    
    
    实体按键偏小，控制全部集中在中控屏，使用起来不太习惯，用的是怀挡，习惯就好，刚开始还是有一点不习惯，做工有点点差，我还是可以接受的，要求十全十美的人来说可能返厂的机率很大吧
    
    
        内饰用料
        座椅除短一点，其他的还挺舒服，中空是钢琴烤漆，容易留指纹，自己网上买点贴纸就好
        
        
    





            

    性价比
        
            
            
        
        4
    
    
    对比过星越L、UNI-k、探界者，还是虎9比较合适，别问为啥不考虑日本仔的车。我开差不多10年日本仔的车，换也有3台了。现在是真心的爱不动了，从外观、内饰、配置价格各方面都配不上国产车！也不见油耗有多底。以前听有老师傅说过日本车油耗底是因为车身轻，跟国产车一样的重量也不见得它油耗底到那里！这是我第一台的国产车，可能不是最后一台，但是希望是最爱的一台
    
    





            
                

    配置
        
            
            
        
        4
    
    
    该有的都有，太多配置也用不上，反正你想要的不想要的都配满了
    
    




            

            



        "
邯郸正好,2023-10-31 首次发表,"
            
                
                    950km
                    
                    行驶里程
                
                
                    9.4L
                    百公里油耗
                
                
                
                
                
                
                
                
                
                
                
                

                
                
                    15.00万
                    裸车购买价
                
                
                    2023-09
                    购买时间
                
                
                    邯郸
                    购买地点
                
            
            
    
        
            
        
    
    

    
        $(document).ready(function () {
            var koubeiid = 5204443;

        });

    


            
                最满意
                目前提车一个多月了，跑了900多公里，一共加了950块钱92的油，续航里程还剩500多，油耗基本满意吧，目前油耗9.4，开这么长时间超车上山啥的，油门还没采到过底，动力方面还是相当够用的，别人说这车前脸不太好看，但我感觉挺好的，感觉这个价位，空间，动力，外形，目前都挺满意
            
            
                最不满意
                唯一不满意的地方可能就是他们说的后排空调按键吧，家里有小孩儿，开10次会误碰六七次，希望厂家改进吧，可能是因为原来开轿车的缘故，现在总感觉车头有点儿阻碍太大了，其他缺点目前没发现，
            

            

    空间
        
            
            
        
        5
    
    
    我身高173，空间绝对够用，手扶箱挺大的，不过感觉里面设计好像不太合理，浪费空间
    
    
    
    
    


    
    
    
    


    






                

    驾驶感受
        
            
            
        
        5
    
    
    动力相当充沛，有可能现在还没适应吧，感觉轻踩油门踏不动，但猛踩油门它会往前窜，
    
    






            

            




            

    油耗
        
            
            
        
        5
    
    
    油耗还行吧，目前没过磨合期，最低开到5点多，目前表显9.4
    
    
    
    
    


    





            
            

    外观
        
            
            
        
        5
    
    
    车身外观挺满意，至于隐藏门把手，刚开始也不太喜欢，现在用习惯了也挺好，
    
    
    
    
    


    





            

    内饰
        
            
            
        
        5
    
    
    后排空间挺满意，毕竟地板纯平的，第2排座椅坐三个人也不会感觉到拥挤
    
    





            

    性价比
        
            
            
        
        5
    
    
    性价比挺高的，买之前也对比了20万左右的几款合资车，对比的配置大小，动力，都没有他合适，至于别人考虑的，没有合资车有面子，我不太在乎这个
    
    





            
                

    配置
        
            
            
        
        5
    
    
    买钱感觉没有实体按键会不方便，不过用了一段时间感觉还行吧，功能一般都用语音控制也挺方便的，目前没有卡顿，
    
    
    
    
    


    




            

            



        "
易书生,2023-10-26 首次发表,"
            
                
                    
                    暂无
                    行驶里程
                
                
                
                
                
                
                
                
                
                
                
                
                

                
                
                    17.49万
                    参考价格
                
                
                    2023-10
                    探店时间
                
                
                    长春
                    探店地点
                
            
            
    
    

    
        $(document).ready(function () {
            var koubeiid = 5198322;

        });

    


            
                新车好评
                奇瑞的瑞虎9发布了半年左右了，好几次想去试驾都没时间当好最近闲下来就去试驾一下这款奇端最高端的车型。先说中型SUV尺寸还是非常足的4.82米的车长，设计风格也偏商务，奇瑞这几年在外观设计方面的进步还是挺大的。内饰方面做的非常的大气用料很足皮质包裹用的非常的多搪塑的软材质。当然瑞虎9还是有改进空间的。把座椅前端加宽不要凸出那么多或做点弧型会舒服点。后排座椅最好可以前后上下调节这样可以解决头部空间问题也能灵活增大后背箱。另外8155的车机系统还可以承载更多的功能安装更多的APP这点还能加强。多让瑞虎9的内饰非常高端。座椅硬一点支撑性可以久坐不累，主副驾电控加热和主驾的通风和加热体验不错。但前面凸出的一块对胖人不太友好。车用的双层夹胶玻璃和车门的隔音棉让NVH做的不错噪音很小。地板采用的都是环保发泡不会有空气污染。配置方面奇瑞的三大件2.0T鲲鹏发动机格特拉克7DCT湿式双离合变速箱和T2X构架的底盘还是相当不错的。前麦弗逊后多连杆也是这个级别的标配而且采用的还是铝合金材质强度更高更安全。安全配置方面，各种安全辅助系统加上540度环影和HUD让驾驶更简单方便安全。车内空间还是比较大的二排可以纯平放倒做床车一点问题没有。不足的是由于车顶变低后排的头部相对少了点。驾驶感受方面经济模式算比较平顺，动力不强，标准模式开起来就感觉比较轻盈正常开没有什么问题。运动模式调校的不激进但261马力发动机的动力还是非常足的。风琴踏板很灵敏在运动模式下推背感足，刹车非常灵敏行程短很有效保证了行车的安全。圈好的试车路面跑了一下极限真的非常的爽。加速快刹车稳。底盘扎实。急转侧倾小，路感清晰。这个水平要比很多合资车都要强不少国产车越来越优秀了。瑞虎9采用的笼式车身强度非常的高，高强度热成型钢使用的比例很大前保险杠又粗又厚。这也能看出瑞虎9对安全的重视。这个要表扬一下。
            
            
                新车槽点
                当然瑞虎9还是有改进空间的。把座椅前端加宽不要凸出那么多或做点弧型会舒服点。后排座椅最好可以前后上下调节这样可以解决头部空间问题也能灵活增大后背箱。另外8155的车机系统还可以承载更多的功能安装更多的APP这点还能加强。
            

            

    空间
        
            
            
        
        4
    
    
    主副驾空间大可电调主架座椅加热通风齐全后排腿部空间大，头部稍小。
    
    
    
    
    


    
    
    
    


    
    
    
    


    






                

    驾驶感受
        
            
            
        
        5
    
    
    车很大，动力强加速好油门反应快，转向精准侧倾小底盘扎实。刹车既快且稳。相比瑞虎8plus强上不少。
    
    






            

            




            

    油耗
        
            
            
        
        5
    
    
    标准模式下市区9到10个油高速7个左右。
    
    





            
            

    外观
        
            
            
        
        4
    
    
    LED大灯尾部贯穿灯瀑布格栅发光LOGO。外型厚重。
    
    
    
    
    


    
    
    
    


    





            

    内饰
        
            
            
        
        4
    
    
    内饰做工不错上档次，大面积的隔音棉加隔音玻璃效果好。空调给力出风口多。座椅稍硬支撑好。
    
    
    
    
    


    
    
    
    


    
    
    
    


    





            

    价格政策
        
            
            
        
        5
    
    
    瑞虎9两驱尊贵版17.49万元，优惠7千可谈。置换3万补贴。
    
    





            
                

    配置
        
            
            
        
        5
    
    
    20尺大轮毂马牌UC6轮胎。安全辅助全540环影HUD26寸联屏8155车机。不足座椅凸出。
    
    
    
    
    


    
    
    
    


    




            

            



        "
dingbusan0,2023-10-25 首次发表,"
            
                
                    2400km
                    
                    行驶里程
                
                
                    8.1L
                    百公里油耗
                
                
                
                
                
                
                
                
                
                
                
                

                
                
                    14.30万
                    裸车购买价
                
                
                    2023-09
                    购买时间
                
                
                    邯郸
                    购买地点
                
            
            
    
    

    
        $(document).ready(function () {
            var koubeiid = 5196642;

        });

    


            
                最满意
                买车最满意的地方，就是瑞虎9的外形设计，太帅了，十分大气。前脸浑圆，侧线流畅，屁股饱满，还有悬浮顶的流线，看上去有豪车范儿。
 另外就是他的安全配置高，用料十分扎实。网上曝光的大铝合金保险杠，双吸能盒，高强度钢和各种五星碰撞安全视频，都在说明，奇瑞这个理工男，把安全看的非常重要。安全才是最大的豪华，对这句话非常认同。
 最后就是这款车刚上市，各方面材料用的供应商都比较好，还没有到简配增效的时期，所以本着买新不买旧的原则，把票投给了虎9。
 希望能陪伴家人长长久久。
            
            
                最不满意
                车子提了一个多月，跑了两千多公里，跟原来的手动档小铃木比较，最不满意的是发动机盖隆起有点高，挡两侧的视线。需要把座椅调到高一点才能适应。
其次是倒挡上坡的时候，油门轻点没反应，重踩就往后窜，需要慢慢适应。
最后是装配做工方面有待加强，车顶行李架的压条没有装配好，外翻了一段，4S店说等厂家发货更换。
            

            

    空间
        
            
            
        
        5
    
    
    空间非常大。
家里人身高不超过一米八，前后排都挺宽敞，后排放一个宝宝椅，再坐两个大人，都能坐得下，毕竟一米九的车宽。装载能力强，后排座椅能调节角度，分开放倒。回家用上一次拉行李，装的挺多很实用。
    
    
        ☆ 空间设计亮点
        前排中控台空间挺大，下面挖空可以放个挎包，中控扶手箱也挺大，里面放几瓶饮料不成问题，还能吹冷热风。
        
        
    
        ☆ 第三排空间
        第三排空间不大，只能坐两个孩子，或者身材娇小的大人。因为车顶高度不高，所以高个子坐进去就顶头了。
        
        
    






                

    驾驶感受
        
            
            
        
        5
    
    
    驾驶感受不错，底盘很稳。过同样的路面，老车颠的要命，瑞虎9只是低沉回弹。
方向盘调到运动模式，手感适中，转弯指向挺精准，自动回位也很及时。
舒服好开。
需要注意的是，这个车适合家用，激烈驾驶可能不太灵敏。
    
    
        开空调/满载加速
        开空调满载加速，基本不存在动力不足。踩下油门，稍稍等不到一秒，就能感到涡轮介入，动力源源不断，还有一点推背感。
        
        
    






            

            




            

    油耗
        
            
            
        
        5
    
    
    油耗总体不高。
高速自适应巡航，平原地区满载110公里，油耗7.5左右。
平常上下班8公里市区加郊区，均速30，油耗8个多，供参考。
市内拥堵要上十个，这确实没办法。
    
    
    
    
    


    





            
            

    外观
        
            
            
        
        5
    
    
    外观是我最喜欢的，前面已经说过，需要注意的是进气格栅比较宽大，跑完高速里面的散热器和车头沾了很多蚊虫尸体，需要定期清理。
    
    
    
    
    


    
    
    
    


    
    
    
    


    





            

    内饰
        
            
            
        
        4
    
    
    内饰能摸到的地方都是软的，座椅宽大，家人们也感觉挺舒服。豪华七座后排还有立柱出风口，制冷效果不错。前排玻璃也是夹胶的，隔音挺好。
不满意的是实体按键太少，有时候用语音操作比较不好意思。后排的空调按键突出，小孩子比较活泼，容易误触座椅加热开关。
    
    





            

    性价比
        
            
            
        
        4
    
    
    购车优惠不大，毕竟上市才不到半年。首保免费，其他没送什么东西。早买早享受嘛，期待车友用更优惠的价格买到心仪的车子。
    
    





            
                

    配置
        
            
            
        
        5
    
    
    配置基本都拉满了，豪华七座，360，前后雷达，自适应巡航，都挺好用。高速800公里，原来的手动挡要走13个小时，现在休息少了，速度还快了，不到11个小时就能到家。
减轻疲劳，确实应该早点换车。
    
    
    
    
    


    




            

            



        "
我心情真好,2023-10-21 首次发表,"
            
                
                    
                    暂无
                    行驶里程
                
                
                
                
                
                
                
                
                
                
                
                
                

                
                
                    17.90万
                    参考价格
                
                
                    2023-10
                    探店时间
                
                
                    邢台
                    探店地点
                
            
            
    
        
            
        
    
    

    
        $(document).ready(function () {
            var koubeiid = 5193237;

        });

    


            
                新车好评
                我是奇瑞艾瑞泽5车主，作为第一次试驾瑞虎9的感觉是舒适性有很大提升，从头枕的包裹程度，感觉真的太舒适了，座椅设计非常合理，作为家庭用车，舒适肯定第一位的，这方面满足了我的需求，另外就是全景影像方面，停车，起步，转弯等都很实用，而且角度设计合理，可以看到多个盲点。
还有就是说底盘设计这方面来说，转弯很稳，而且角度很好，那种弯艾瑞泽转起来都要担心，瑞虎9转起来很容易，很轻松。这种体验是第一次有，另外起步，刹车很稳，加油响应很快，开起来很有车感。
            
            
                新车槽点
                作为艾瑞泽5车主，感觉配置上虽然有增加，但是感觉方向盘有点细，而且感觉盲区大，不知道是不是轿车开多的原因
            

            

    空间
        
            
            
        
        5
    
    
    
    
    
    
    
    


    






                

    驾驶感受
        
            
            
        
        4
    
    
    和艾瑞泽5比较来说，动力要强一点，毕竟发动机功率摆着呢，拐弯来说的话就是说底盘比较稳，没有倾斜的感觉。如果从加速做比较的，直线加速肯定是非常给力，而且经济模式感觉很线性。这是我的试驾体验！
    
    
    
    
    


    






            

            




            

    油耗
        
            
            
        
        5
    
    
    油耗来说相对于艾瑞泽5油耗不高多少，毕竟一个suv,一个轿车从已经提车的车友介绍油耗在百公里7升到8升之间
    
    





            
            

    外观
        
            
            
        
        5
    
    
    车的进气格栅特别大气，是我非常感兴趣试试它的动力，车身的设计感觉线条如流水般，车灯采用随动大灯改变了原有车型的设计，让夜间转弯更安全，一体式尾灯感觉很线性，让人看着舒服
    
    
    
    
    


    





            

    内饰
        
            
            
        
        4
    
    
    与同级别的车相比较而言，内饰肯定是佼佼者，座椅的舒适度较好，适合长途的驾驶，中控台很多科技化设计真的很拉风，另外值得一提的是老板按键，如果副驾驶座后面的老板感觉空间有点小，可以直接通过副驾座椅的电动按键进行调节。另外如果副驾驶座乘坐的是行动不便的老人或者病人，无法自己调节座椅角度和空间的话，在后排也可以调节的，这样也方便了不少人呢！
    
    
    
    
    


    
    
    
    


    





            

    价格政策
        
            
            
        
        4
    
    
    等车周期很短，有的车型有现车。现在推出的旧车抵3万的活动挺诱人的，当然旧车价值高可以选择置换，怎么优惠大怎么来
    
    





            
                

    配置
        
            
            
        
        5
    
    
    我对瑞虎9最满意的地方就是前进气格栅，怀挡，老板按键，座椅舒适度，全景天窗，智能化车机。这些地方的设计让我感到了国产车的进步很大，最重要的是以人为本，务实进取。不满意的地方就是方向盘有点细，让很多手大一点的人要加方向盘套，如果设计适当粗一点感觉会很好。
    
    
    
    
    


    
    
    
    


    
    
    
    


    




            

            



        "
粤北山区,2023-07-15 首次发表,"
            
                
                    1000km
                    
                    行驶里程
                
                
                    8.2L
                    百公里油耗
                
                
                
                
                
                
                
                
                
                
                
                

                
                
                    15.29万
                    裸车购买价
                
                
                    2023-07
                    购买时间
                
                
                    韶关
                    购买地点
                
            
            
    
        
            
        
    
    

    
        $(document).ready(function () {
            var koubeiid = 5053559;

        });

    


            
                最满意
                十几年前我买了一台本田锋范1.5自然吸气发动机的车花了11万，今天我置换那么大一台车，配置也好，居然才15万，而且置换补贴有1.9万，真的觉得现在奇瑞汽车性比价超高，试驾那时候就看了表显示油耗才8.0，我以为欢乐表，没想到我加油过测试过，发现真的很准，底盘厚实，那么大台车操控可以做到那么好，真的不错，因为我之前那台车很小，现在换了那么大台车也不觉得笨重，反而更好开了，真的推荐大家去试驾一下瑞虎9这个车
            
            
                最不满意
                暂时没有不满意的地方，就是低速一点点顿挫，完全可以接受的
            

            

    空间
        
            
            
        
        5
    
    
    空间秒杀很多车型了，毕竟中型suv，可以在里面打麻将都可以了，小孩很开心
    
    






                

    驾驶感受
        
            
            
        
        5
    
    
    鲲鹏动力不是吹的，很猛
    
    
        起步/加速动力
        试过百公里时速8秒不到，真的很快哦
        
        
    






            

            




            

    油耗
        
            
            
        
        5
    
    
    给你们看看，不然说我吹牛
    
    
        城市油耗
        8.2的油耗要什么自行车呢，怎么踩都不怕啊，这个油油不贵
        
        
    





            
            

    外观
        
            
            
        
        5
    
    
    很好看，耐看型，特别是这个天晴蓝，一眼就看中了
    
    
    
    
    


    





            

    内饰
        
            
            
        
        5
    
    
    内饰也很好
    
    
    
    
    


    
        内饰用料
        全真皮包裹，大面积鹿茸皮包围，豪华感觉就有了
        
        
    





            

    性价比
        
            
            
        
        5
    
    
    十几万要什么自行车，建议去买低配领先版就可以了啊
    
    
    
    
    


    





            
                

    配置
        
            
            
        
        5
    
    
    低配就很好配置了，推荐
    
    
    
    
    


    
        OTA更新体验
        8155芯片，牛逼的反应，随叫随到的反应，要听什么歌和他说就可以的了
        
        
    




            

            



        "
德誉堂正骨推拿,2023-09-18 首次发表,"
            
                
                    1594km
                    
                    行驶里程
                
                
                    9.0L
                    百公里油耗
                
                
                
                
                
                
                
                
                
                
                
                

                
                
                    19.69万
                    裸车购买价
                
                
                    2023-09
                    购买时间
                
                
                    锡林郭勒盟
                    购买地点
                
            
            
    
        
            
        
    
    

    
        $(document).ready(function () {
            var koubeiid = 5155217;

        });

    


            
                最满意
                再等待四十多天后， 于九月二号终于提车了，多少有点小激动，这个车比我原来的车大一圈，操控和视角都一点不同，一开始慢慢的体验，那天要跑长途了，来回要一千二百多公里。跑长途的时候再加速方面，给一点油车子就上速度，因为是新车，轻松一百四十吗，没有再加油跑。油耗表显七点多，一箱油跑到
，表显还能跑一百多公里。
 在加速方面，只要给油，超车发动机就会发出咆哮声，特别好听，给力。
 现在在市里跑，表显九个油，马上天气就要进入寒冷的冬天了，期待油耗能不要太高了。
 内饰装修给力，鹿皮绒面，手感细腻，空间大，储物箱，门板上的储物盒都挺能装的。
 车机连接顺畅，抬头显示器清晰，路况信息提示准确。道路偏离预警，干预，做的到位。转向必须得提前打转向灯，要不方向盘会突然抢一下，会有下一跳的感觉。自动刹车，自动雨刮，自动大灯都挺好用的。再区间测速路段，还用了一下自巡航，好用。
 因为是临时牌照，在出地库的半坡上停车，去扫牌子，再起步，四驱系统就会工作，给力。
 车上没有实体按键，再点击那些图标的时候，不能心急，得让车机一个反应的时间，所以我的车一直，没有出现什么情况 看看一会用车的反应吧！
 写了一通用车的感受，想到那里了，就写到那里，文笔也不好，就是我这十多天的感觉，以后有什么新的体验，再和车友们反馈我的用车感觉吧！
 谢谢
            
            
                最不满意
                再驾驶员位置应该做设计一个眼镜盒，一个能放证件或者是小物件的小储物盒，那就太好了。
            

            

    空间
        
            
            
        
        5
    
    
    空间设计简洁大方，主副驾驶乘坐舒适，跑长途得劲，给力，没得说了。车的储物空间大，第二排的空间。
    
    






                

    驾驶感受
        
            
            
        
        5
    
    
    起步稳，加速给力，超车发动机给油就会发出咆哮声，听着得劲，这次跑长途基本上全程开空调，没有感觉到什么，方向盘操作灵敏，准确。刹车灵敏准确，没有跑偏和异响。转弯的时候，三六零显示车位，道路准确，给力。再车辆并线辅助的时候一定要提前打转向灯，要不方向盘会突然抢一下的，慢慢得熟悉才行。
    
    






            

            




            

    油耗
        
            
            
        
        5
    
    
    现在市区内九个油，跑长途高速7.8个油，全程开空调，没有感觉车有什么反应。
    
    
    
    
    


    
    
    
    


    
        城市油耗
        再市区内九个油，因为城市不大，所以没有堵车的时候。
        
        
    





            
            

    外观
        
            
            
        
        5
    
    
    车身做工精细，大灯好看，车头霸气，腰线流畅性好，那天在回家的路上被警察叔叔截停，还问这是什么车？挺好看的，还挺霸气的。我自豪感一下就上来了。这是奇瑞瑞虎九，刚刚上市的。
    
    





            

    内饰
        
            
            
        
        5
    
    
    内饰用料将就，鹿茸翻毛皮的，上档次，讲究啊，座椅特别爽，按摩，多向调节，腿托功能都天花板了。氛围灯彰显车的高档有品位。车内空气过滤效果好。香薰系统给力，上车就有淡淡的香味。座椅还加热没有用，不评价，以后用了再评价吧！
    
    





            

    性价比
        
            
            
        
        5
    
    
    这次买车是用我的16款博越二驱顶配五座车置换的 ，置换优惠一点九W，没有保养，没有维修，以后做了保养再评价一下
    
    





            
                

    配置
        
            
            
        
        5
    
    
    OTA体验感觉挺好的，语音交互准确，因为没有实体按键，就得慢慢等待，不能急。就特别好用，要是急性子，就不行了，360影像全面，倒车，转弯，提示左右前后来车，都显示的特别明白。面部识别也准确，这次跑长途，就被提醒，先生要好好驾驶哦，不要思想溜号噢。多给力啊！
    
    




            

            



        "
金华车友1448188,2023-09-14 首次发表,"
            
                
                    6200km
                    
                    行驶里程
                
                
                    9.0L
                    百公里油耗
                
                
                
                
                
                
                
                
                
                
                
                

                
                
                    17.40万
                    裸车购买价
                
                
                    2023-07
                    购买时间
                
                
                    金华
                    购买地点
                
            
            
    
        
            
        
    
    

    
        $(document).ready(function () {
            var koubeiid = 5148365;

        });

    


            
                最满意
                油耗和我燃油经济：瑞虎9以其卓越的燃油经济性而脱颖而出。在实际驾驶测试中，强劲动力：
            
            
                最不满意
                右侧记录仪总会提示有东西预警， 这点很让我头疼 总是滴滴想 出厂就应该调试好，距离中国制造还差一点感觉
            

            

    空间
        
            
            
        
        5
    
    
    对于需要大量储物空间的车主来说，瑞虎9也能够满足需求。它的宽敞内部空间为您提供了充足的座位和储物空间。后排座位的腿部空间和头部空间宽敞，确保乘客在长途旅行中享受舒适的乘坐体验。此外，后排座椅还可以折叠，以便扩展货物储存空间，使其成为购物、野餐或大型行李的理想选择。总之，奇瑞瑞虎9以其卓越的燃油经济性、强劲的动力和宽敞的内部空间成为了一款令人印象深刻的SUV。它不仅适合城市驾驶，还在各种驾驶条件下表现出色。如果您寻求一款同时具备经济性、性能和空间的汽车，瑞虎9绝对值得您的考虑。不仅如此，它还将为您提供出色的驾驶体验，无论您是在城市街头还是远离城市的冒险中。
    
    
    
    
    


    
    
    
    


    






                

    驾驶感受
        
            
            
        
        5
    
    
    瑞虎9搭载一台强大的261匹马力引擎，为您提供卓越的动力和加速性能。这款引擎不仅提供了出色的驾驶体验，还保证了在各种驾驶情况下都能够轻松应对。特别是在城市居家开车时，瑞虎9的动力表现出色，为您提供了足够的力量应对交通状况的变化。无论是超车还是爬坡，都能够轻松应对，让您始终保持安全和信心
    
    






            

            




            

    油耗
        
            
            
        
        5
    
    
    它的燃油消耗仅为每公里9升。这意味着您可以在行驶6200公里后，仅需消耗大约558升的汽油，这在SUV车型中是相当出色的表现。这不仅可以节省您的燃油开支，还有助于降低对环境的影响。瑞虎9的燃油经济性使它成为城市驾驶和长途旅行的理想选择
    
    





            
            

    外观
        
            
            
        
        5
    
    
    外观刚好长在啦我的审美里，大气侧面也是很对我的口味
    
    





            

    内饰
        
            
            
        
        5
    
    
    内饰简单明了，我就喜欢简单的东西，座椅也比较舒服 有腰脱
    
    





            

    性价比
        
            
            
        
        4
    
    
    性价比整体还是不错的 ，后面开个几年再看油耗和小问题多不多 ，有待验证
    
    





            
                

    配置
        
            
            
        
        4
    
    
    后排座椅如果有下餐桌就更完美 ，语音交互还算可以， 网络不过不是很稳定，有待维护
    
    




            

            



        "
90938726,2023-09-13 首次发表,"
            
                
                    1281km
                    
                    行驶里程
                
                
                    8.0L
                    百公里油耗
                
                
                
                
                
                
                
                
                
                
                
                

                
                
                    14.59万
                    裸车购买价
                
                
                    2023-07
                    购买时间
                
                
                    郑州
                    购买地点
                
            
            
    
    

    
        $(document).ready(function () {
            var koubeiid = 5147333;

        });

    


            
                最满意
                旧车置换补贴19000 相当给力1.动力强劲 油耗市区9个左右 高速7个左右 2.横向空间富裕！二排空间座三个成年人没问题！3.前档、前排静音玻璃，更加舒适！4.2.0T黄金动力随用随到，超车动力充沛。5.L2.9级自动驾驶让长途驾驶更加轻松便捷！6.2 3 2布局更加合理！平时后两个座放到当无座开，后备箱超大7.50W无线快充摆脱数据线充电，方便快捷9.8155车机芯片车机运更加行丝滑流畅10.最新火星架构平台底盘质感非常棒！
            
            
                最不满意
                中央扶手箱的座椅加热按键容易误碰！第二排空调调节座椅加热突出家里有小朋友的容易误碰 希望厂家早日有更改方案！
            

            

    空间
        
            
            
        
        5
    
    
    微胖身高170cm体重75Kg主驾座椅包裹性很好！座椅柔软度始终！带有腰部支撑，可以缓解长途驾车疲劳！
    
    
    
    4820mm车长是充足空间的保障！
    


    
    
    2820mm轴距保证了第二排横向空间足够富裕
    


    
    
    1930mm车宽更好的保证了车内纵向空间充足！更加舒适！\n1699mm车高降低风阻更加节能省油
    


    






                

    驾驶感受
        
            
            
        
        5
    
    
    2.0T鲲鹏发动机！节能省油同时要动力有动力！
    
    
        起步/加速动力
        2.0T动力起步少给点油稳稳！百公里加速8S左右！超车动力充沛
        
        
    
        跑高速
        ACC自适应巡航功能 自动领航功能相当好用实用方便
        
        
    
        开空调/满载加速
        空调制冷给力！2.0T满载加速有充沛动力
        
        
    
        方向盘轻重
        轻重适中！指向精准！车大操控起来轻松入手
        
        
    
        刹车灵敏性
        刹车线性轻踩就停！自动驻车需要踩到位才能激活！主动刹车试了，稳稳的！
        
        
    
        弯路/并线稳定性
        虽然车宽 车重！方向指哪打哪！弯路并线轻松拿捏
        
        
    






            

            




            

    油耗
        
            
            
        
        4
    
    
    郑州市区跑开空调9个油左右！高速国道7个油左右
    
    





            
            

    外观
        
            
            
        
        5
    
    
    流线车顶！直瀑前脸！隐藏式门把手！可点亮车标！贯穿式后尾灯！处处透漏着科技时尚
    
    





            

    内饰
        
            
            
        
        5
    
    
    双联屏设计让整个中控更加简洁大方！能碰到地方都是软材质！新车基本没什么味道！
    
    





            

    性价比
        
            
            
        
        5
    
    
    外观时尚大方：2.0T鲲鹏发动机261匹马力400NM可以满足日常所有需求！2 3 2座椅布局更加灵活方便！
    
    





            
                

    配置
        
            
            
        
        5
    
    
    智能语音助手反应迅速！开空调！开天窗！调整分区空调温度！打开遮阳帘！一语速达！
    
    
        手机无线充电便利性
        50W无线快充给手机充电更加便捷，带主动散热无需担心充电手机发热问题
        
        
    
        OTA更新体验
        联网自动更新最新版本的车机系统！及时修改让车机用起来更加稳定可靠
        
        
    
        360全景影像实用性
        速度低于40打转向灯即可激活全景影像！画面清晰流畅！倒车转弯更加安全
        
        
    
        车道保持智能度
        打开智能领航自动识别道路标线及时调整方向车辆始终位于车道内！更加省心
        
        
    
        手机映射兼容性
        兼容华为手机Hi Car，苹果手机carplay！两大主流手机映射功能.使用起来更加方便便捷！
        
        
    
        主动刹车智能度
        打开自动领航！可以调整跟车距离！根据前车状态提速及时调整车速！前车减速自行减速！前车停车后车主动刹车！
        
        
    
        车机功能及流畅度
        8155芯片应用流畅度不错！支持语音控制！令到即行反应时间短！跟手动操作一样！540度全景影像切换流畅！打开应用切换流畅自如
        
        
    
        车载导航实用性
        支持路况提醒！高德导航版本有点低！不支持红绿灯读秒跟车道级导航！可以用CarPlay HiCar补上
        
        
    
        自适应巡航智能度
        识别车道左右标线前方行驶车辆机动车非机动车
        
        
    
        语音交互准确度
        语音控制方便快捷！打开天窗、打开遮阳帘、打开车窗、关闭车窗、调整分区空调温度、打开座椅通风加热、打开后尾门、打开地图。几乎同步反应迅速
        
        
    




            

            



        "
sanson8,2023-09-12 首次发表,"
            
                
                    3303km
                    
                    行驶里程
                
                
                    9.1L
                    百公里油耗
                
                
                
                
                
                
                
                
                
                
                
                

                
                
                    15.99万
                    裸车购买价
                
                
                    2023-07
                    购买时间
                
                
                    滨州
                    购买地点
                
            
            
    
        
            
        
        
            
        
        
            
        
    
    

    
        $(document).ready(function () {
            var koubeiid = 5145768;

        });

    


            
                最满意
                外观，长在我的审美上，哈哈。鲲鹏动力2.0t也是挺不错的，和星途瑶光一样的发动机。
            
            
                最不满意
                后排的座椅加热容易误碰，夏天有点不方便的。希望后期能改进下，在中控里可以增加个后排座椅加热开关。
            

            

    空间
        
            
            
        
        5
    
    
    空间没的说，我买的是7座版，7座应急用，偶尔坐坐，第三排打开后备箱有点紧促，放小件行李还是可以的。第三排放倒，空间很大，大五座配置。
    
    
    
    
    


    






                

    驾驶感受
        
            
            
        
        5
    
    
    2.0T动力很猛，可以得谁蹦谁，哈哈哈。
    
    
        跑高速
        跑高速给我的感觉是很稳，超车也是随便超。
        
        
    






            

            




            

    油耗
        
            
            
        
        5
    
    
    跑了3300多公里了，综合油耗在9.1L/km,总体感觉还是不错的，毕竟2.0T 1.8吨的车。
    
    
    
    
    


    
        城市油耗
        市区走走停停，整体油耗应该在12-13之间吧，高峰期堵车时14-15都有可能。如果买这车上下班挺费油的，毕竟是一台2.0t的中性SUV。
        
        
    
        高速油耗
        我高速跑得比较多，整体高速油耗应该在7.5左右吧。
        
        
    
        开空调油耗
        夏天可以说一进车必开空调，原地怠速开空调挺费油的，半小时油耗能涨0.1L/km。
        
        
    





            
            

    外观
        
            
            
        
        5
    
    
    虎9的外观可以说是自发布一眼看中，大气、豪华。可以说这次奇瑞的设计师终于选对了一次，加鸡腿。
    
    





            

    内饰
        
            
            
        
        5
    
    
    没正式上市就定了，本来定的天青色外观，白色内饰那一套，谁知上市后告知没有白内饰。。。又改选的白外黑内。内饰用料看着不错，摸到的基本上都是软的，进去之后没有异味、很干净。
    
    
        空调效果
        空调制冷很快，大热天做进去一会就凉快了。空调声音低档基本没声音，高档也可以接受。我买的是豪华版，后排B柱上有两个出风口。整体制冷效果不错。
        
        
    
        ☆ 氛围灯效果
        据说有200多种颜色可以调，氛围灯这东西对于我来说并不感冒，出厂的蓝色就挺好的。
        
        
    
        座椅舒适性
        座椅很舒服，包裹性很好，腰部支撑也挺不错。驾驶位座椅开关门还有迎宾功能，还是很智能化的。
        
        
    





            

    性价比
        
            
            
        
        5
    
    
    只享受了交2000抵9000，其他的没有任何优惠，可能是新车上市缘故吧。总体价格可以接受。
    
    





            
                

    配置
        
            
            
        
        5
    
    
    配置比较丰富了，座椅加热、通风，倒车影像，自动大灯，8155的车机芯片，副驾还有老板键，后排B柱空调等等。
    
    
        车道保持智能度
        刚提车时还纳闷怎么还会抢方向盘，哈哈，一查原来是车道保持功能。该功能应该跑长途时很好用，防止驾驶疲劳偏离车道保证安全。市区可以关掉只留下提示音。
        
        
    
        车机功能及流畅度
        车机功能很齐全，运行很流畅，毕竟8155的芯片。自带的是酷狗音乐APP，很多歌需要开会员才能听。
        
        
    
        360全景影像实用性
        图像清晰，倒车很方便，基本上不用看后视镜都能倒车入库。
        
        
    




            

            



        "
大道至簡0706,2023-08-27 首次发表,"
            
                
                    2359km
                    
                    行驶里程
                
                
                    8.8L
                    百公里油耗
                
                
                
                
                
                
                
                
                
                
                
                

                
                
                    18.79万
                    裸车购买价
                
                
                    2023-08
                    购买时间
                
                
                    济宁
                    购买地点
                
            
            
    
        
            
        
    
    

    
        $(document).ready(function () {
            var koubeiid = 5121660;

        });

    


            
                最满意
                整车开了这么一段时间是很满意的，首先是动力，奇瑞的发动机确实很好，怠速也很稳定，提速随叫随到。
行驶质感也很舒服，CDC的底盘很有韧性，软中又硬，硬中有软，比两驱车型开着稳定性要好不少。高速行驶质感很好，很稳，奇瑞调校的底盘功底不是一般的好！
做工用料也很扎实，内饰设计也比较合理，实体按键太少了，操作不太习惯，慢慢会习惯的。奇瑞的怀挡很好用，也能省出很大的储物空间来！
油耗也很满意，基本市区9.5，高速6.5到7个左右，整体很可以了。
            
            
                最不满意
                唯一不满意的地方就是后排空调按键，太容易触碰到了，尤其是有小孩的，好孬一碰，空调或者座椅加热就打开了
            

            

    空间
        
            
            
        
        4
    
    
    空间比较宽松，整体是不错的，第三排只能坐小孩，或者应急用。
    
    
    
    
    


    






                

    驾驶感受
        
            
            
        
        5
    
    
    加速很给力，随叫随到，加上8AT的变速箱，平顺性也很好
    
    






            

            




            

    油耗
        
            
            
        
        4
    
    
    这么大的车，油耗是可以接受的，市区9.5左右，高速7个不到，综合9个很不错了！
    
    
    
    
    


    





            
            

    外观
        
            
            
        
        5
    
    
    外观设计感觉很大气，很沉稳，不激进，不张扬是我喜欢的设计风格
    
    
    
    
    


    
    
    
    


    
    
    
    


    





            

    内饰
        
            
            
        
        4
    
    
    内饰用料比较扎实，座椅前排比后排偏软一些，空调效果也很好，储物空间也比较多
    
    
    
    
    


    





            

    性价比
        
            
            
        
        4
    
    
    性价比如果按照配置和行驶质感来说，比同级别的合资车要好太多，个人感觉！
    
    





            
                

    配置
        
            
            
        
        4
    
    
    配置是国产车的强项，我觉得够用就可以了，平时也很少鼓捣这些东西
    
    




            

            



        "
幕然回首1,2023-08-21 首次发表,"
            
                
                    
                    暂无
                    行驶里程
                
                
                
                
                
                
                
                
                
                
                
                
                

                
                
                    17.49万
                    参考价格
                
                
                    2023-08
                    探店时间
                
                
                    苏州
                    探店地点
                
            
            
    
        
            
        
    
    

    
        $(document).ready(function () {
            var koubeiid = 5111479;

        });

    


            
                新车好评
                我也是一名老车主，现在开的是16年的艾瑞泽5，7年多也行驶了超二十二万公里，对奇瑞的质量还是很有阴信心，随着孩子的长大，也有想换车的准备，当然首选选择一款合适家用SUV，对新上市不久瑞虎9心仪已久，入门起15的起售价让人心动，不管外型，还是内饰都彰显豪华SUV系列，空间乘坐当面就更不用说，对于一家出游肯定有更好的舒适体验。
            
            
                新车槽点
                说吐槽点也就是瑞虎9全系都是2.0，家用能省则省，如果有1.6T版本共用户选择就完美了，毕竟有的用户没那么大的动力需求，奇瑞1.6T有时候对于家用已经够了，大多还是上下班出行用的比较多，油耗方面费用还是要高许多！
            

            

    空间
        
            
            
        
        5
    
    
    瑞虎9的空间真是没得说，有一个字来形容那就是“法”，我跟朋有一起试乘试驾的，先他开的，我媳妇带孩子坐在后面感受，我身高1.72，他前排调到适合自己的位置驾驶，后排空间我用拳头比了下，估计4拳有的，所以即使后排翘二郎腿都是戳戳有余，所以一家出游，孩子在后面有足够的游玩空间。
    
    
    
    
    


    
    
    
    


    






                

    驾驶感受
        
            
            
        
        5
    
    
    自己一直开的艾瑞泽5，自然吸气动力一般，坐上瑞虎9，那座椅真的特别舒适，相信长时间开车也不会感觉到累，虎9是怀挡设计，开始有点不适应，试驾员告知怎么使用，2.0T瑞虎9那动力是没得说，，驾驶感可以说爽了，起步润滑没有啥顿挫感，油门刹车响应也快，索尼的音响音质更不用说，这才叫开车！爱上这种感觉，配置540度全景影像，实际驾驶中360.度就够了。
    
    
    
    
    


    
    
    
    


    
    
    
    


    






            

            




            

    油耗
        
            
            
        
        5
    
    
    油耗奇瑞2.0还是不错的，试驾一圈下来10几公里，都是城市道路也开不起来，表显油耗11个左右，毕竟瑞虎9中型SUV，胸量在那里，还是可以接受的。
    
    
    
    
    


    
    
    
    


    
    
    
    


    





            
            

    外观
        
            
            
        
        5
    
    
    瑞虎9的外观也是很满意，前脸采用大尺寸直瀑式进气格栅，中央品牌标志可点亮，LED大灯支持迎宾灯光秀，测面来看，采用当下流行的隐藏式门把手设计，车身线条流畅，贯穿始终，有着不错的整体视觉效果。尾部设计也有层次，车顶配备扰流板，熏黑贯穿式后尾灯组中间嵌入CHERY字母LOGO，并使用细长的镀铬件点缀，简约的下包围还融入双边共两出的镀铬排气布局，观感更加精致。
    
    
    
    
    


    
    
    
    


    
    
    
    


    





            

    内饰
        
            
            
        
        5
    
    
    方向盘采用平底设计，外圈比较粗壮，整体握感还是比较舒适，多功能方向盘，开车时不用过于分心，驾驶的时候也没太研究，双联屏，8155芯片用起来确实丝滑无卡顿，反应很快就是，音乐效果索尼的音箱听起来感受效果极佳，试驾的是两驱尊贵版本，黑色内饰，简洁又耐脏。
    
    
    
    
    


    
    
    
    


    





            

    价格政策
        
            
            
        
        4
    
    
    瑞虎9的价格政策也比较给力，特别是19000的置换优惠，力度空间的大，对于老车主的吸引力可是很大的，还有8000金融优惠免息补贴，别的新车上市没多久店里优惠都比较少，当然还要看自己的去谈，想要优惠只能等等，后面优惠力度肯定会大些。
    
    





            
                

    配置
        
            
            
        
        5
    
    
    试驾员告知四驱版本的最近才铺货，没有试驾车，试驾的是两驱尊贵版，属于两驱顶配了，手机无线充电，无钥匙进入，一键启动，全速自适应巡航，自动泊车，疲劳驾驶提醒，DOW开门预警，后方碰撞预警，倒车车侧预警系统，JUD虚拟显示抬头显示，560度全景影像，第二排侧窗遮阳帘，空气净化器，香芬装置，超大天窗等，配置基本拉满！城市首选也是比较摧荐尊贵版，安全配置很全面，特别 L2.9级智能辅助驾驶系统将安全防护做到全方位。
    
    
    
    
    


    
    
    
    


    




            

            



        "
apgzdjxphai,2023-08-20 首次发表,"
            
                
                    
                    暂无
                    行驶里程
                
                
                
                
                
                
                
                
                
                
                
                
                

                
                
                    15.00万
                    参考价格
                
                
                    2023-08
                    探店时间
                
                
                    牡丹江
                    探店地点
                
            
            
    
    

    
        $(document).ready(function () {
            var koubeiid = 5110980;

        });

    


            
                新车好评
                虎9中大型SUV外观大气识别度很高，成熟稳重，空间宽敞 2.0T发动机192KW力十足，采用了隐藏式门把手，电动伸缩仪式感十足。8155芯片秒开机，4秒身份识别。
            
            
                新车槽点
                超大车身尺寸，芯片反应速度快随叫随谁有
智能香氛系统，驾驶1小时以上自动切换清新提神的功能。
            

            

    空间
        
            
            
        
        5
    
    
    整体空间比较大，坐上去舒适宽敞，后排可以实现姿势自由。
    
    
    
    
    


    
    
    
    


    
    
    
    


    






                

    驾驶感受
        
            
            
        
        5
    
    
    鲲鹏动力搭载2.0T涡轮增压发动机，最大功率192K扭矩达到400NM。隔音效果较好。给油时随踩随有，明星有种推背感。
    
    
    
    
    


    






            

            




            

    油耗
        
            
            
        
        4
    
    
    上下班代步，油耗约10左右。市区油耗综合下来要高点，毕竟这么大的车
    
    
    
    
    


    





            
            

    外观
        
            
            
        
        5
    
    
    车身外观还是很大气时尚，运动感十足的。个人比较喜欢。
    
    
    
    
    


    
    
    
    


    





            

    内饰
        
            
            
        
        5
    
    
    内饰出风口较多，能实现到空调自由， 还有座椅通风
    
    
    
    
    


    





            

    价格政策
        
            
            
        
        5
    
    
    我是老车主有置换，还有券，赶上店内搞活动，15万裸车价格
    
    





            
                

    配置
        
            
            
        
        5
    
    
    配置丰富 个人喜欢，风琴式踏板比悬空踏板更精准，独立出风口索尼音响。
    
    
    
    
    


    
    
    
    


    
    
    
    


    




            

            



        "
郑州老等,2023-08-17 首次发表,"
            
                
                    
                    暂无
                    行驶里程
                
                
                
                
                
                
                
                
                
                
                
                
                

                
                
                    18.29万
                    参考价格
                
                
                    2023-07
                    探店时间
                
                
                    郑州
                    探店地点
                
            
            
    
        
            
        
    
    

    
        $(document).ready(function () {
            var koubeiid = 5104622;

        });

    


            
                新车好评
                香就一个字！
一直以为虎九不过是虎八的升级款，没想到虎九和虎八简直不是一个物种！
动力，舒适性，安全性，智能性，操控性，几乎都不在一个水平线上，虎九要甩虎八几百条街，试驾完虎九，又默默地开着我的虎八离开，虎八顿时显得不那么香了！
虎九太棒了，稳重大气的外观，宽大的内部空间，强劲的鲲鹏动力，稳定的操控，扎实的火星底盘，流畅的8155芯片，无一不是精心力作，这次，奇瑞的研发团队真是费心了，把能用上的好东西，成熟的新技术都用上了，以我个人的开车经验来说，不超过四十W的SUV都可以拉开溜溜，比试比试！
            
            
                新车槽点
                价格适中，优惠美丽！虽然我是消费者，还是希望有一天奇瑞的高端产品能踏实的定在20W之上
            

            

    空间
        
            
            
        
        5
    
    
    
    
    






                

    驾驶感受
        
            
            
        
        5
    
    
    这么大的车，给油就跑，油门踩到底（但愿试驾专员看不到）车头想抬起来跑，这感觉谁试谁知道！行驶过程觉得油门根本没到一半，力量随叫随到，动力绵绵不绝！刹车不点头，标准豪华车的感觉！
    
    
    
    
    


    






            

            




            

    油耗
        
            
            
        
        5
    
    
    美丽！这么大的车，您猜🉐多少个油？我开，百公里七八个，绝对不到九！
    
    
    
    
    


    





            
            

    外观
        
            
            
        
        4
    
    
    
    
    





            

    内饰
        
            
            
        
        4
    
    
    
    
    





            

    价格政策
        
            
            
        
        5
    
    
    厂家金融很棒，其他贷款多种选择，搞的我觉得，买车付全款都对不起厂家的好心！
    
    





            
                

    配置
        
            
            
        
        5
    
    
    有条件就上最贵的吧，个中滋味，谁用谁知道！钱不足，量力而行，丐版也很棒！
    
    
    
    
    


    
    
    
    


    




            

            



        "
破伤风说车,2023-08-09 首次发表,"
            
                
                    
                    暂无
                    行驶里程
                
                
                
                
                
                
                
                
                
                
                
                
                

                
                
                    17.49万
                    参考价格
                
                
                    2023-07
                    探店时间
                
                
                    西安
                    探店地点
                
            
            
    
        
            
        
    
    

    
        $(document).ready(function () {
            var koubeiid = 5092930;

        });

    


            
                新车好评
                我是奇瑞 16 款 艾瑞泽 5 首批车主，也是艾瑞泽5 论坛版主破伤风。目前我的车开了 179000 多公里，前年的时候改了气，所以驾驶体验也变得不是很好，前几天车友会兄弟结婚，车友想要一个瑞虎 9 正好联系了店里借出来了他们的试驾车，往返富平车友家里来回一共驾驶了 300 多公里，体验也算是比较完整，因此想分享给大家。

瑞虎 9 在高速的时候因为静音玻璃和米胖子轮胎，还有定位高做的品质高的原因整车隔音效果是相当好的，我的破 5 铁定是没得比了，而且同价位的合资车，也肯定是达不到这个标准的，不论 crv 还是 rav4，同价位能给你体验不到的动力性能，空间，配置，舒适性，科技型。那个加速真的对于这么大一台车来说，嘎嘎猛，基本上当天试驾过的车友都认为比他们的瑞虎和艾瑞泽系列驾驶体验好很多。比如滤震，以前的奇瑞都是嘎嘎硬，但是瑞虎 9 的过坑不会，除了一样的干脆之外，人在车里的体验基本是稳稳当当的。

关于这个车，最核心的一点建议是，去试驾！别做云车主！不试驾你根本不能了解他的好。而且建议多圈试驾！
            
            
                新车槽点
                瑞虎 9 最大的槽点就是内饰太过于中庸大气，欠缺一点豪华感和灵动性。当然，也有很多人吐槽他的门把手，怀档，电释放门把手之类的，我个人这几百公里体验下来，感觉这几个细节是优点大于缺点的。

还有人说他的中网缝隙太大进虫子，我其实想问，除了电车，那个车中网能不进虫子？真介意自己加个网子去。。。

目前听说有遇到传感器高温报故障的小问题，但是电子产品这个倒是没啥影响，后续软件优化一下就可以解决，毕竟是奇瑞最头部的重磅产品，我个人还比较信任的。
            

            

    空间
        
            
            
        
        5
    
    
    驾驶位头部空间两拳，二排头部空间一拳 2 指，第三排头部局促，我 173，第三排空间就不说了，只要不是 5 米左右的车，第三排都不够用！腿部就不用说了吧，这个车这么大，二郎腿随意安排了，后备箱也很大，还有个二层空间，不常用的东西放下面，真让老车主羡慕嫉妒恨
    
    
    
    
    


    
    
    
    


    






                

    驾驶感受
        
            
            
        
        5
    
    
    我自己的破 5 的 cvt 因为是第一代的所以体验很差，对比瑞虎 9 真的是天上地下的区别，而且因为辅助驾驶功能的增加，也不用担心新手司机驾驭不了，唯一的问题就是一定要了解他的辅助驾驶功能，其中有一个车道保持会抢方向盘，不要遇到了产生错误操作反倒影响安全驾驶！还有一个大车应急避让，是真的爽，我没有注意大车过来他会自己横向避让，安全感爆棚的感觉，哈哈
    
    






            

            




            

    油耗
        
            
            
        
        5
    
    
    这三百多公里，去的时候开的比较温柔，表显 8.2，回来的时候我开的激烈一些，表显 10.7。如果市区加郊县能保持在这个范围内，还是相当不错的油耗水平！
正常来说，如果开空调，纯市区用车，2.0 的车这么重又这么大马力，能控制到跟同价位盒子雅阁之流一样，在 11-13 内都算是优秀了！
    
    





            
            

    外观
        
            
            
        
        5
    
    
    这是当天车队的照片，新的奇瑞车型基本都有，你自己对比一下，瑞虎 9 是不是最大气的哪一个？贼适合我们这样 30 多有孩子的中年男，当天我孩子趴在后备箱玩就不出来，现在都会问爸爸什么时候换瑞虎 9suv，哈哈，可惜我破产了，暂时真的没能力，要不的确想换瑞虎 9！
而且瑞虎 9 也属于哪种扮猪吃老虎的车型，看是个奇瑞没毛病吧？呵呵，别惹我，一段加速我不比你差，二段加速几乎我无敌，哈哈
    
    
    
    
    


    
    
    
    


    





            

    内饰
        
            
            
        
        3
    
    
    后备箱放倒，我睡在里面刚刚好，宽度最低 104，你信不信？我干活随车带着尺子，我量的，哈哈
    
    
    
    
    


    
    
    
    


    





            

    价格政策
        
            
            
        
        4
    
    
    目前瑞虎 9 属于新车上市，没有现金优惠！最大的政策就是置换补贴 19000，对于换车的兄弟们来说是非常划算的，但是新购车车主就能差点性价比，只有 7000 的现金优惠，部分地区有地方补贴真香，西安目前没有，我倒是符合置换补贴政策，可惜暂时真的不敢花钱，加油吧！期待早点好起来！

车友会很多兄弟也在聊这个车，只要去试驾过的都心动，有实力的都换了，我们没情况的都是只能眼馋，谁有不想成为尊贵的瑞虎 9 车主呢？
    
    





            
                

    配置
        
            
            
        
        5
    
    
    最满意的是 辅助驾驶的智能体验，我在高速上摸了一把脸，就提醒我疲劳驾驶模式，开小缝通风，播放音乐，哈哈，笑死我了。当然，紧急避让，主动刹车，都是真的实用而且让人充满安全感的配置。说实话，买奇瑞本来就奔着他的安全性来的，当然性价比也是最高的品牌之一了！
    
    
    
    
    


    
    
    
    


    




            

            



        "
磊磊弟弟,2023-08-08 首次发表,"
            
                
                    
                    暂无
                    行驶里程
                
                
                
                
                
                
                
                
                
                
                
                
                

                
                
                    17.49万
                    参考价格
                
                
                    2023-08
                    探店时间
                
                
                    厦门
                    探店地点
                
            
            
    
    

    
        $(document).ready(function () {
            var koubeiid = 5091680;

        });

    


            
                新车好评
                我是一名新能源车车主，新能源只适合家用代步，要是经常会跑高速或者出远门的话还是燃油车靠谱点，由于家里二胎加上父母普通的5座车已经不够用啦，于是在朋友的推荐下去奇瑞4S店试驾了这款奇瑞全新旗舰车型瑞虎9，下面就来分享一下我的试驾心得，和朋友一起来到4S店，看到4S店的展车就觉得瑞虎9是我想要的那种车型。外观看起来是非常的大气。一改奇瑞以往那种瘦瘦高高的外观，整个车给人的感觉非常的宽大，车内的内饰也是非常的豪华，打开车门双连屏给人的感觉就非常的豪华大气，座椅的包裹性也是非常的好舒适度非常的不错，整个车内的空间也是非常的宽敞。
            
            
                新车槽点
                在经过短短的两个小时的驾驶和接触，在试驾的时候这款车的双闪是设置在头顶的开天窗的位置，个人觉得这个不是特别的方便。起步的时候感觉车辆档位在一档二档的时候会给人一种感觉就是踩油门车辆响应不积极。但是当车辆速度起来过后，就感觉动力源源不断。不知道是不是因为经常驾驶新能源车是所以才会出现这种感觉。
            

            

    空间
        
            
            
        
        5
    
    
    这款车车内空间是是非常大的。毕竟可以选择7座它的空间就不会太差，平时可以当做大五座使用，应急的时候在把后面两个位置利用起来，这也是我选择这款车的原因之一。
    
    
    
    
    


    
    
    
    


    






                

    驾驶感受
        
            
            
        
        5
    
    
    在经过几公里的试驾，这款车的动力的话，给我的感觉是非常满意的。就是在起步的时候感觉会有一点点油门迟钝的感觉。当车速达到30~40码的时候，动力就源源不断了，这款7速的双离合没有换挡顿挫的感觉。而且车内座椅通风功能在这炎热的夏天感觉非常的实用，车内的隔音效果也非常的不错！
    
    
    
    
    


    
    
    
    


    






            

            




            

    油耗
        
            
            
        
        4
    
    
    这款车的动力是2.0T的发动机。再经过几公里的试驾表显油耗是9.1升每百公里。这个是全程开着空调的试驾油耗。而且在试驾的时候还经常深踩油门，从这短短的几公里来看的话，这个油耗还是非常低的，如果是平时驾驶比较柔顺一点的话，油耗可能会更低。
    
    
    
    
    


    
    
    
    


    





            
            

    外观
        
            
            
        
        5
    
    
    来到4S店的时候，第一眼这款车的外观就吸引了我，车辆的车头非常的宽，给人的感觉非常的大气，加上隐藏式的门把手，让整个车身线条看起来更加的有力量感。外观对我们每个人买车来说还是比较重要的，这也是我最终会选择这款车的原因之一。
    
    
    
    
    


    
    
    
    


    
    
    
    


    





            

    内饰
        
            
            
        
        5
    
    
    这款车的内饰的话，感觉是奇瑞所有车型里面最好看的一款内饰，双连的一个中控看起来是非常的高端大气的。而且座椅的舒适度和包裹性都是非常的不错的。再加上座椅加热和通风功能不管是炎热的夏天还是寒冷的冬天开车都可以舒舒服服的！
    
    
    
    
    


    
    
    
    


    





            

    价格政策
        
            
            
        
        4
    
    
    试驾完过后销售也给了一份报价，可以存2000元购车直接抵7000元，或者是有置换的话是有19000的置换补贴，置换的补贴还是非常给力的，目前有些配置是有现车的，我选择的中配7座要等车，销售承诺一个月之内提车！
    
    





            
                

    配置
        
            
            
        
        5
    
    
    这款车的话满意的地方是非常多的，比如说它的抬头显示功能，电动尾门，座椅加热通风等等这些配置都是非常不错的配置，目前试驾了解最不满意的就是怀档的设计，换挡的时候特别的不方便，这也可能是因为一直习惯了中控换挡的感觉，突然的使用这种怀档的换档方式感觉特别的别扭。
    
    
    
    
    


    




            

            



        "
九八98,2023-07-06 首次发表,"
            
                
                    
                    暂无
                    行驶里程
                
                
                
                
                
                
                
                
                
                
                
                
                

                
                
                    16.69万
                    参考价格
                
                
                    2023-07
                    探店时间
                
                
                    海口
                    探店地点
                
            
            
    
    

    
        $(document).ready(function () {
            var koubeiid = 5038663;

        });

    


            
                新车好评
                在个把小时的体验下，瑞虎9在15-20万价位带给我们的感受是毋庸置疑的好，兼顾豪华和性价比的一辆旗舰级SUV,可以同时满足家用和城市越野需求，另外瑞虎9支持一些车身颜色和女王座驾，还有麂皮顶棚，NAPPA纹理座椅等，车主可以根据自己的需求自由配备，这也是一个旗舰车型的豪华装修。
            
            
                新车槽点
                缺点方面就是在这个选装，不难发现如果配齐智能选装包、安全舒适包、女王包，价格会抬升至24万元的价位了。如果一些常用的或者需求比较大的可以标配，这样压缩成本，可能比选装更加实惠。
            

            

    空间
        
            
            
        
        5
    
    
    瑞虎9旗舰级SUV长4820，宽1930，高1699，轴距为2820，油箱容积65L，后备箱容积717L，放倒后排升至2021L。前排调到合适驾驶位，头里顶棚有4指，给驾驶者提供超阔视野，安全驾驶体验直上一台阶。5座车型，后排落座距前排21CM，7座车型，后排落座距前排12CM，超宽的驾乘体验，超出预期的旗舰空间（本人身高173CM，体重65kg）。
    
    
    
    
    


    
    
    
    


    
    
    
    


    






                

    驾驶感受
        
            
            
        
        5
    
    
    得益于车子搭载的强劲发动机和优秀的刹车系统，CDC磁悬浮悬架，在加速，急刹和过弯都十分优秀，还有合适的车身质量，上高速和过减速带，既能让乘坐后排的乘客稳当舒适，也能让驾驶者信心十足，驾驭这个庞然大物，在爬山过弯或是走泥泞小路、颠簸拦路，都轻松应对。说说噪声方面，高速80以上噪声相比我艾瑞泽8明显小了，时速120开启音乐至中档，你几乎感觉不到外头的声音，这十分得益于瑞虎9在车身用料和优秀底盘、车窗的隔音玻璃的运用。动力也是随叫随有，保证安全的前提下超车轻松自如，开了试驾车跑了10km高速和2km城市道路，平均油耗9.1。这个还是挺满意。
    
    
    
    
    


    
    
    
    


    






            

            




            

    油耗
        
            
            
        
        4
    
    
    全新瑞虎9两驱车型配备2.0T 261匹马力 L4发动机➕7挡湿式双离合变速箱，四驱车型配备2.0T 261匹马力 L4发动机➕8挡手自一体AT变速箱，最大功率192kw，最大扭矩400牛米，两驱车型综合油耗百公里7.5L,百公里加速8秒内，四驱车型综合油耗百公里8.5L,百公里加速7秒内，加注95号汽油，妥妥性能王者，既兼顾家用超宽超大的驾乘体验，也给驾驶者动力澎湃的豪情乐趣。
    
    
    
    
    


    





            
            

    外观
        
            
            
        
        4
    
    
    瑞虎9标配前脸大尺寸竖直瀑布进气格栅，LED超感光晶体粒子大灯，圆弧LED日间行车灯，配备245/55/R19大尺寸胎，后尾灯沿用家族式设计，能量晶体点缀车侧，贯穿式尾灯，高尾刹车灯，雾灯排布，兼具协调与美观。车侧采用隐藏式门把手，标有瑞虎9的照地灯，夜晚开启十分大气豪华。车身颜色配备月墨、云灰、天青、星银、曦白五种颜色，其中天青色格外漂亮，值得选购！
    
    
    
    
    


    
    
    
    


    
    
    
    


    





            

    内饰
        
            
            
        
        5
    
    
    内饰方面，座椅采用高质仿皮和豪华真皮，具体应版本型号而异，两者差距并无太大，标有座椅通风座椅加热，方向盘加热。中控和仪表盘采用双12.3吋液晶双连屏，微曲的双联屏贴合驾驶者观感和兼具美感，银色金属质感的空调出风口和车窗摁键，全系标配SONY音响，车内256色氛围灯，8155旗舰车机芯片，还有AR-hud抬头显示，给足车子里子，彰显车子豪华属性，归属旗舰品质。同时还可选装副驾女王座椅，双拼车身，丰富了客户的体验性。
    
    
    
    
    


    
    
    
    


    
    
    
    


    





            

    价格政策
        
            
            
        
        5
    
    
    目前来说新车有购车权益，叫2000元抵9000，一般这个权益享受后就不能与4s店中的同享。经过与店里销售工作人员交谈中发现，价格在这个权益的基础上还可以下探3000左右，看店里的库存压力而言。裸车价➕购置税➕上牌➕保险，豪华版价格落地17.2左右。赠送贴膜脚垫行车记录仪，头枕抱枕底盘装甲等常规性礼品。
    
    





            
                

    配置
        
            
            
        
        5
    
    
    此次推出的全新旗舰SUV瑞虎9，共有9款车型，分两驱与四驱，5座与7座版本，起售价为15.29万-20.99万。相比同级，价格简直不要太友好！最低配的两驱领先型搭配2.0T发动机➕7挡湿式双离合变速箱，前麦弗逊后多连杆的底盘架构，配备了ABS防抱死系统、刹车辅助、车身稳定系统、主动安全预警系统、主动刹车、车道保持、车道居中、驻车雷达、360全景影像、全速自适应巡航等一些常见且常用的配置基本配齐，标配前排安全气囊和侧安全气囊、12.3英寸液晶仪表、全景天窗等，应有尽有。已足够满足日常驾驶需求，最令人惊艳的是仅15.29万即可拥有一辆低配的旗舰级SUV。
    
    
    
    
    


    
    
    
    


    
    
    
    


    




            

            



        "
买个车啦,2023-08-06 首次发表,"
            
                
                    
                    暂无
                    行驶里程
                
                
                
                
                
                
                
                
                
                
                
                
                

                
                
                    15.29万
                    参考价格
                
                
                    2023-08
                    探店时间
                
                
                    桂林
                    探店地点
                
            
            
    
    

    
        $(document).ready(function () {
            var koubeiid = 5088443;

        });

    


            
                新车好评
                最满意
关注新车已经有一段时间了，对一款车特别感兴趣--瑞虎9，主要是觉得国产的车在技术方面的工作都是比较先进的，去年对象商量了一下想买一台新车，开始对对比了一下长安的c95，综合考虑了一下对象和我自己的想法，最终还是决定下单瑞虎9。瑞虎9这款车让我最喜欢的就是他的颜值，可以说是非常大气的，设计简洁但不简单，帅气，可以与合资车相媲美。除此之外这款车内部的空间比较大，凳子软软的很舒服。后备箱的空间可以放很多的行李。
最不满意
我个人是比较喜欢这款车的，听说它的缺点是噪音是比较大的，但是对我来说还好。
性价比
这款车性价比还不错，相比于其他车，瑞虎9更合适我，配置高，科技先进。外观好看，开上路，博人眼球，耗油低，可能也会存在不足之处，但是你买再贵的车也有不满意的地方，各有长处，确定也不是很明显，总体感觉害怕还是很棒的。如果你想买十几万的车，可以考虑瑞虎9，真的非常棒。
            
            
                新车槽点
                刚提的瑞虎9，不管是在外观还是在内饰上，都是非常不错的。
            

            

    空间
        
            
            
        
        4
    
    
    车身的长度不到5米，宽不到2米，内部的空间非常宽敞，后座坐三个人是没有问题的，不会觉得拥挤，坐着舒服，没有觉得脚没有地方放，坐姿高，视野好。
    
    
    
    
    


    
    
    
    


    






                

    驾驶感受
        
            
            
        
        5
    
    
    个人觉得这台车操作起来还是很舒服的，没有很冲，稳稳的，不会给人心慌的感觉。高速上驾驶，速度提到120以上，有推背感。
    
    
    
    
    


    






            

            




            

    油耗
        
            
            
        
        5
    
    
    耗油情况，对我一个亲手来说还是比较关注的。我平时上班不什么用车，基本是节假日回家用到。在高速和国道上跑的总路程到目前是1600公里，耗油大约是3.6L这样，这耗油量没有跟其他车做对比，但是对我来说还是可以的。当然如果哪位老司机有可以省油的技巧，可以发出来，让大家学习学习。
    
    
    
    
    


    





            
            

    外观
        
            
            
        
        5
    
    
    这款车的外观设计大气，看起来舒服，而且是越看越耐看的那种，已经上传图片，自己慢慢欣赏。
    
    
    
    
    


    





            

    内饰
        
            
            
        
        5
    
    
    内饰非常棒。内饰的颜色是黑色，简洁，这个颜色比较耐脏，功能齐全，很满意。
    
    





            

    价格政策
        
            
            
        
        4
    
    
    付款后一个月就可以提新车了，价格非常的满意。跟自己逾期的贵一点，但是还是可以接受的，毕竟总体来说很棒。
    
    





            
                

    配置
        
            
            
        
        5
    
    
    内装有巡航系统，车技功能完善，在使用过程中目前没有出现卡顿的情况。而且在里面充电很方面，可以无线充电，如果经常忘记带数据线的朋友，它真的很方便。
    
    
    
    
    


    




            

            



        "
一把杀猪刀呀,2023-08-04 首次发表,"
            
                
                    
                    暂无
                    行驶里程
                
                
                
                
                
                
                
                
                
                
                
                
                

                
                
                    17.49万
                    参考价格
                
                
                    2023-08
                    探店时间
                
                
                    临沂
                    探店地点
                
            
            
    
    

    
        $(document).ready(function () {
            var koubeiid = 5084938;

        });

    


            
                新车好评
                我是第一代瑞虎8车主，也是第一代揽月车主，趁着保养顺便去看看刚上市不久的瑞虎9并试驾体验了下。虎9上市有一段时 间了，毕竟是奇瑞的旗舰 多新技术都应用在瑞虎9上面了，虎9上市有一段时 了，毕竟是奇瑞的旗舰 多新技术都应用在瑞虎9上面了
瑞虎9一定程度上传承了瑞虎家族的设计，尤其是和瑞虎7 PLUS 的设计更加接近前脸处采用了大尺寸直瀑式格栅，营造出的时尚感恰到好处，配合上两侧狭长的灯组造型，极富视觉冲击力。机盖上方隆起的筋条也展现出了自身的力量感 从整体呈现出的线条来看，这款车明显要更加圆润和饱满
            
            
                新车槽点
                这车整体感觉还不错，比我的瑞虎8不管是在内饰，材质还是整个驾驶感受都好太多太多，就是怀挡刚开始太不适应，还有就是拨雨刮都是习惯性的拨怀挡位置，应该适应一段时间就可以了
            

            

    空间
        
            
            
        
        5
    
    
    空间方面比我这瑞虎8的宽敞不少，车内空间足够大，可以随意调整座椅靠背角度，让你找到最舒适的坐姿，不会感到拥挤，不会因为长时间驾驶而累腰酸腿痛。
    
    
    
    
    


    
    
    
    


    
    
    
    


    






                

    驾驶感受
        
            
            
        
        5
    
    
    方向盘油门都调的比较轻快，这么大的车会让人感觉很好开，一脚油门踩下去，动力会随之而来，动力迟滞很小，油门比较跟脚，动力很线性没有很明显的顿挫，奇瑞的发动机在中后段提速非常的快，动力随踩随有
    
    






            

            




            

    油耗
        
            
            
        
        5
    
    
    油耗方面厂家标注的是8个多实际驾驶情况应该也在9个多，因为我的揽月在郊区也就在不到十个油，瑞虎9比揽月轻油耗应该会少一点
    
    





            
            

    外观
        
            
            
        
        5
    
    
    侧面造型修长饱满且极富运动气息，一条笔直的腰线从前大灯组延伸至尾灯组，有效拉伸了整车长度，配合上门板下方的折线设计，使其更加立体。贯穿式的尾灯同样很提升档次。，整体采用黑色的打底，很精致内部的组合式灯带，大尺寸扰流板及双边共两出的排气布局。头灯采用的是全 LED 光源，而且是将所有车头灯具的功能全部集中起来，虽然整体造型比较细长，倒是看起来非常的犀利
    
    
    
    
    


    
    
    
    


    
    
    
    


    





            

    内饰
        
            
            
        
        5
    
    
    内饰方面感觉比我这老款的瑞虎8的提升了好几个档次，感觉比我的揽月看着还高级。只要是能摸到的地方基本都是软包，在内饰上采用了现在流行的双联屏设计 配上高通骁龙8155芯片 车机系统的流畅性及反应速度均得到了大幅提升，中控台处的物理按键均替换为了虚拟按键
    
    
    
    
    


    
    
    
    


    
    
    
    


    





            

    价格政策
        
            
            
        
        5
    
    
    价格目前有些许优惠，但是最让人心动的还是1.9w的置换政策，相当于整个裸车价直接降了1.9w，目前指导价就能落地，非常的划算
    
    





            
                

    配置
        
            
            
        
        5
    
    
    配置方面就看中了高通8155的芯片主机了，流畅度真的是吊打我这老款虎8和老款揽月，特别是打开某一个程序，点进去以后不会有卡顿，，这个配置像倒车雷达，行车记录仪，l2级辅助驾驶都有，特别是安全配置，前排双气囊、前排侧气囊、侧气帘安全方面一点不含糊。还有一点就是后排空调出风口在b柱上面感觉还是比较贴心
    
    
    
    
    


    




            

            



        "
冷炎买奇瑞看动态,2023-07-30 首次发表,"
            
                
                    
                    暂无
                    行驶里程
                
                
                
                
                
                
                
                
                
                
                
                
                

                
                
                    17.49万
                    参考价格
                
                
                    2023-07
                    探店时间
                
                
                    温州
                    探店地点
                
            
            
    
        
            
        
    
    

    
        $(document).ready(function () {
            var koubeiid = 5079059;

        });

    


            
                新车好评
                我最满意的那肯定是8155车机处理器啊，我感觉车机流畅运行对于我们新手还是比较重要的，其次就是开门按钮感觉很炫酷，以及“磁悬浮悬架”稳定车身让你驾驶在颠簸路段也如履平地！
            
            
                新车槽点
                我是艾瑞泽8车主，对比瑞虎9只有心动的感觉，如果真的要说槽点的话，那只能说太大了，毕竟我是轿车，车技也不是很好，这么大的车停车窄路啥的我感觉不是太方便，新手需要多开开适应一下，其他的感觉还好，毕竟该有的配置都有而且价格还控制在20W以内谁不迷糊呢！
            

            

    空间
        
            
            
        
        5
    
    
    为了拥有更好的空间舒适程度，瑞虎9有着车长4820mm，车宽1930mm，整车高度达到了1699mm，不得不说有着不错的宽高比，对比之前奇瑞SUV瘦高造型比例更加协调了，很符合大众的审美。 本人180+主驾驶调到自己舒适的位置，头部腿部空间完全充足，就连后排也大到我不敢想象，后备箱打开我都能窜进去，总之瑞虎9的空间我必须给满分。
    
    
    
    
    


    
    
    
    


    
    
    
    


    






                

    驾驶感受
        
            
            
        
        5
    
    
    很遗憾因为路线有限只能跑几公里，到在这短短的几公里内让我感受到了无论是动力还是操控，隔音还是音响空调，都比我的艾瑞泽8好太多了，变速箱换挡平顺毫无顿挫，动力2.0T261马力推背感十足，总之一句话猛的很。
    
    
    
    
    


    






            

            




            

    油耗
        
            
            
        
        4
    
    
    大家都知道油耗跟动力成正比的嘛，但是我怎么感觉2.0T瑞虎9比我的1.6T艾瑞泽8还省油，是我的脚法有问题还是虎9用了什么黑科技？市区实测10个多点～～～比官宣的综合油耗7.5还是差那么一点点的，毕竟市区嘛都是车走走停停也能理解哈
    
    





            
            

    外观
        
            
            
        
        5
    
    
    前脸是全新的设计，这次必须给设计师加鸡腿，这个前脸非常的好看大气稳重，而且我们瑞虎9的车标还会亮灯的，感觉非常的炫酷，再从侧面看一看是不是觉得非常帅气，超大的轮毂还有隐藏式门把手非常漂亮，车门看上去都是平的这就显得高端了，这就是奇瑞系列首次升级的隐藏式门把手，质的飞跃。再看看尾部也是非常的圆润，看起来真的让人很舒服辨识度也蛮高的。
    
    
    
    
    


    
    
    
    


    





            

    内饰
        
            
            
        
        5
    
    
    打开车门在门边上可以看到座椅调节按键跟门把手豪车同级别设计风格，高端豪车的代表。欧标的开关设计这次瑞虎9妥妥的豪生级旗舰SUV，电子手剂也在上面给予中控更大的空间位置。 55W无线快充中控不再担心手机续航，还自带风扇散热哦！中控让人看着很舒报，又大又干净，实体按键今后可能还会越来越少直到全部取消～哈哈
    
    
    
    
    


    
    
    
    


    
    
    
    


    





            

    价格政策
        
            
            
        
        4
    
    
    现在价格政策是下定2000抵扣9000，本品他品置换补贴19000，更有金融贴息至高8000，首任车主还有5年的免费娱乐流量不限流不限量，以及终身免费道路救援+终身车辆FOTA升级。 毕竟新车上市没啥太大优惠，着急入手的可以先冲，不着急的建议再等等，毕竟早买早享受晚买享折扣这个道理大家应该都懂吧！
    
    





            
                

    配置
        
            
            
        
        5
    
    
    瑞虎9不仅仅配备了L2.9级辅助驾驶系统，而且还有四轮独立悬架“磁悬浮悬架”结构，正副驾驶和侧气囊，双联屏智能语音交互系统香氛系统540透明底盘等等等，还有就是全车多达27个空调出风口，当然还有我最最最想要的8155车机处理器+5G的网络，有了这俩个的加持，车机再也不用担心卡顿延迟啦！
    
    
    
    
    


    
    
    
    


    




            

            



        "
longleilei,2023-06-27 首次发表,"
            
                
                    
                    暂无
                    行驶里程
                
                
                
                
                
                
                
                
                
                
                
                
                

                
                
                    17.49万
                    参考价格
                
                
                    2023-06
                    探店时间
                
                
                    厦门
                    探店地点
                
            
            
    
        
            
        
    
    

    
        $(document).ready(function () {
            var koubeiid = 5028168;

        });

    


            
                新车好评
                我是2021款瑞虎8Plus车主，两年时间的相处对于这款车是非常满意的，瑞虎9没上市之前就一直关注这款瑞虎9，前一段时间试驾车还没有到店就没能试驾成功，这次专门到4s店去试驾这款旗舰SUV瑞虎9，首先这款瑞虎9的外观就是非常的大气，横向宽度非常的宽，这样车内空间就非常的宽敞，4S店销售非常的热情，耐心的给我介绍这款车的亮点配置和车辆的一些日常功能的如何操作，主动的询问需不需要试驾这款车，在试驾过程中瑞虎9的动力是非常的强劲，这一点我还是有心里准备的，毕竟我的虎8P1.6T动力都不差，车辆的车机采用的是8155的芯片使用起来非常的灵敏顺畅！
            
            
                新车槽点
                通过今天这一段路的试驾体验，感觉怀挡换挡还是没那么方便，可能也是因为平常的驾驶习惯的原因还没有适应过来，还有一个就是这款车的双闪在头顶天窗开关的旁边，今天试驾靠边停车的时候差点没找到，后来销售给我讲了才知道原来在头顶的位置！
            

            

    空间
        
            
            
        
        5
    
    
    这款车作为一款中大型SUV空间方面真的是非常的大，后排正常翘二郎腿都不在话下，而且后备箱也是非常的大，放倒第二排过后是纯平的，出去旅游露营的话完全可以当作一张双人床啦！
    
    
    
    
    


    
    
    
    


    






                

    驾驶感受
        
            
            
        
        5
    
    
    瑞虎9的座椅包裹性非常的好，座椅通风在这炎热的夏天真的是太舒服啦，油门加速非常的灵敏，而且变速箱调校的非常的平顺。
    
    
    
    
    


    






            

            




            

    油耗
        
            
            
        
        5
    
    
    试驾车的表显油耗是11个油，大家都懂得试驾车油门都随便踩，所以会偏高一点，正常驾驶这款车应该在9个油是完全可以下来的！
    
    
    
    
    


    





            
            

    外观
        
            
            
        
        5
    
    
    这款车的外观是我非常喜欢的类型，这种大嘴的瀑布是中网加上发光的奇瑞LOGO特别是晚上真的太漂亮啦，当下流行的隐藏式门把手让车辆侧面显得更加的简洁大气，尾部贯穿式的尾灯加上双出的排气让整个车辆霸气十足！
    
    
    
    
    


    
    
    
    


    
    
    
    


    





            

    内饰
        
            
            
        
        5
    
    
    瑞虎9的内饰也是相当的豪华，双联屏的设计让车辆内饰显得非常的有层次感，用料也是非常的讲究，大量的软质包裹手感非常的好，座椅舒适性也是非常的不错！
    
    
    
    
    


    





            

    价格政策
        
            
            
        
        4
    
    
    现在购买这款车现金基本上没有什么优惠，但是它这款车的置换补贴非常的高，而且不限制任何汽车品牌，置换补贴高达1.9万元，这一点还是非常不错的！
    
    





            
                

    配置
        
            
            
        
        5
    
    
    瑞虎9这款车的配置也是非常高的，360全景影像加透明底盘对行车安全帮助很大，HUD的抬头显示也是非常高科技的配置，后排B柱出风口，也是非常的实用的配置！
    
    
    
    
    


    
    
    
    


    
    
    
    


    




            

            



        "
冷雨夜散步,2023-07-27 首次发表,"
            
                
                    700km
                    
                    行驶里程
                
                
                    10.5L
                    百公里油耗
                
                
                
                
                
                
                
                
                
                
                
                

                
                
                    16.10万
                    裸车购买价
                
                
                    2023-07
                    购买时间
                
                
                    南通
                    购买地点
                
            
            
    
        
            
        
    
    

    
        $(document).ready(function () {
            var koubeiid = 5075449;

        });

    


            
                最满意
                车大 比较酷，超级喜欢 比我以前的 1.5老爷车好多了
            
            
                最不满意
                最不满意的 怎么讲尼感觉都还行 这个价位对得起车主吧 油耗要能再低点就好了
            

            

    空间
        
            
            
        
        5
    
    
    我主要是开车 很少有机会坐车 ，空间是绝对够用 宽宽松松的 对于我个人我喜欢大车 和别摸我比也不小哦
    
    
    
    
    


    






                

    驾驶感受
        
            
            
        
        4
    
    
    动力方面那就是一点毛病没有啊 ，都不敢多踩油门。那源源不断的动力太爽了
    
    
        起步/加速动力
        这么大的车 起步还是非常快的 最起码比不厚道的合资强吧
        
        
    
    
    
    


    






            

            




            

    油耗
        
            
            
        
        3
    
    
    油耗10+吧 个人能接受 这么大车也没有几个非常低的油耗了 （电动车除外😂）
    
    
        城市油耗
        城市油耗11+
        
        
    
        开空调油耗
        这夏天必须全程空调 一直都是 10.5 不知道过磨合期以后会不会少一点
        
        
    





            
            

    外观
        
            
            
        
        5
    
    
    外观满分 仁者见仁智者见智 个人非常喜欢
    
    





            

    内饰
        
            
            
        
        3
    
    
    内饰还行吧 不是太满意 也没有太不理想的地方！
    
    





            

    性价比
        
            
            
        
        4
    
    
    置换补贴挺好 总体算下来豪华版16W出头横向对比一下 我想不出来动力又好车子又大 外观很大很硬汉的感觉 只有大虎最好
    
    





            
                

    配置
        
            
            
        
        3
    
    
    配置 豪华版性价比很高吧 车机可玩性不高 不能下载各种软件 有点遗憾吧  但是资金充足还是想上高配 可惜囊肿羞涩啊
    
    




            

            



        "
阿saki,2023-07-24 首次发表,"
            
                
                    1253km
                    
                    行驶里程
                
                
                    8.6L
                    百公里油耗
                
                
                
                
                
                
                
                
                
                
                
                

                
                
                    15.50万
                    裸车购买价
                
                
                    2023-07
                    购买时间
                
                
                    漳州
                    购买地点
                
            
            
    
    

    
        $(document).ready(function () {
            var koubeiid = 5069058;

        });

    


            
                最满意
                动力肯定是够了，261p马力配湿式双离合变速箱换挡很丝滑平顺没有顿挫感，动力是随踩随有，超车时给人以充足的信心，隔壁买荣放的老朋友都馋哭了

面子？我没啥面子，我也不知道开啥车有面子，但我知道你给我钱你就有面子（伸手党）你要敢笑我，我就找你出来蹦一下（现实中唯唯诺诺，但这是网络，嘿嘿）

个人觉得这个车是买对了，家里人都很满意，虽然没有置换补贴，买的贵了些，仍然物超所值！
            
            
                最不满意
                1.驾驶座位的空间挺狭促的，我可是个灵活的小胖子
有一次不知道是不是因为我是新手司机不习惯长时间驾驶，还是座椅没调好，之前从家里开到市里又开回来，开了大概5个小时，咱的腰有点酸疼。朋友说是正常的，习惯就好。（主要咱对这车很满意，就找个点硬黑了）

2.车机不能自己安装app，这个雀食不太方便，主要酷狗和爱奇艺咱没会员，虽说对开车没啥影响，但咱可以不要，你不能没有啊！

3.还得是价格问题，4s店服务很好，但置换补贴一万九，实在太影响心态了，那我没车就真的该被宰，心理不平衡啊！
            

            

    空间
        
            
            
        
        5
    
    
    很大，副驾驶和后排乘坐舒适，由于身边的家人朋友普遍都不算高，这个空间是非常充足的，车内储物空间还可以，很少在车上放东西，主驾驶位空间只能说够用吧！后备箱很大自己看照片咯！
    
    
    
    
    


    
    
    
    


    






                

    驾驶感受
        
            
            
        
        5
    
    
    驾驶的时候就感觉平顺吧！过坑什么的也不颠簸，路感很清晰，因为是新手司机，第一辆车又这么大，买前是有点担心的，后来自己来开就觉得好像完全没啥影响，开了二十天左右，也没有剐蹭什么的，我姑父买的红旗Hs5，三百公里刮了两处（偷偷笑他），我朋友开我坐副驾驶和后座的时候也是一样的，过坑和减速带没啥颠簸感
    
    






            

            




            

    油耗
        
            
            
        
        5
    
    
    我在乡下开，路况算是比较好的，平常开6.9-8L每百公里，偶尔到市里或者镇里闹市拥堵一些的路况油耗会高一些10L，目前综合下来是每公里8.6L吧！（咱也不知道这个表显准不准），反正个人觉得这么大的车，这个油耗不算高
    
    





            
            

    外观
        
            
            
        
        4
    
    
    我第一眼看瑞虎9是觉得有点丑的，后来网上看到黑色款的又觉得有点惊艳，憨憨的！然后现在是觉得这个外观耐看吧！丑帅丑帅的（不重要）
    
    
    
    
    


    
    
    
    


    





            

    内饰
        
            
            
        
        5
    
    
    内饰很好，都说抄奔驰的，我很奇怪，本来就是挖过来的奔驰设计师给设计的呀
    
    





            

    性价比
        
            
            
        
        4
    
    
    没有置换补贴，就2000抵9000，送的首保，车窗贴膜和脚垫，落地17.5W，主打一个冲动消费！
买的贵了些，仍然物超所值！
    
    





            
                

    配置
        
            
            
        
        5
    
    
    我个人觉得倒车雷达和360影像对于我们新手小白来说很有帮助，音响音质也很好，前排座椅通风很香，可惜后排只有加热，在南方挺鸡肋
车机不卡，也没遇到过黑屏什么的，语音交互都很流畅
车上的热点手机连上还可以省点流量，这个也很满意呢！
    
    




            

            



        "
广东马保国,2023-07-20 首次发表,"
            
                
                    4366km
                    
                    行驶里程
                
                
                    9.0L
                    百公里油耗
                
                
                
                
                
                
                
                
                
                
                
                

                
                
                    14.59万
                    裸车购买价
                
                
                    2023-06
                    购买时间
                
                
                    茂名
                    购买地点
                
            
            
    
        
            
        
    
    

    
        $(document).ready(function () {
            var koubeiid = 5061920;

        });

    


            
                最满意
                天下武功，唯快不破，车好与否，动力为宗，选车三个要素，第一:动力，第二还是动力，第三绝对动力，可以这么说，动力是一辆车子好坏唯一的评判标准，当然，这里指的是机械素质。你可以认为动力越强，车子就越安全，因为马力大，所以它就必须给配上更好的刹车系统，更高强度的车身结构，总之各方面的用料材质标准更高，没有这些作为辅助，根本驾驭不住或者不敢驾驭大马力的车子，我选瑞虎9正是因为它的动力，用车之后才发现，确实也如我所说，它的各方面用料都很良心
            
            
                最不满意
                品牌形象太差，甚至说是没有任何逼格可言，还有扶手座椅加热按键设计不合理，容易造成误触，动力太爽，容易上头超速
            

            

    空间
        
            
            
        
        4
    
    
    对于广东人体形来说，空间相当不错，随便活动不问题，中间座椅可放倒做扶手台，B柱后面有挂勾，设计贴心
    
    
    
    
    


    
    
    
    


    
    
    
    


    






                

    驾驶感受
        
            
            
        
        5
    
    
    亲测零百加速7.25秒，现实中除了电车没几个人能蹦我，高速200单手依然稳如老狗，由于车头盖两边隆起的设计让车子越来越稳。转向轻盈，动力强，让车子开起来非常灵活，但变速箱反应稍微迟顿，但行车没有任何顿挫感，双层玻璃，隔音很棒，舒服
    
    
    
    
    


    
    
    
    


    






            

            




            

    油耗
        
            
            
        
        4
    
    
    我是城效乡高共用，没有固定的用车环境，只能提供综合油耗给大家，100公里9个油，这么大的车子，油耗确实不错，高速油耗很低
    
    
    
    
    


    
    
    
    


    
    
    
    


    





            
            

    外观
        
            
            
        
        5
    
    
    威猛霸气，线条流畅，越看越喜欢，唯独前脸过于单调，车漆薄
    
    
    
    
    


    
    
    
    


    
    
    
    


    





            

    内饰
        
            
            
        
        5
    
    
    新车异味很小，我试过很多新车，包括合资，只有吉利和奇瑞味道最轻，全车都是真皮包裹，车仪表台都是翻毛皮的，内饰无话说
    
    
    
    
    


    
    
    
    


    
    
    
    


    





            

    性价比
        
            
            
        
        5
    
    
    十几万能买到一辆中型SUV，而且油耗低，动力还这么强的，性价比上天了，合资车这个级别，这个动力总成得30万往上呢，还有啥可想
    
    
    
    
    


    
    
    
    


    
    
    
    


    





            
                

    配置
        
            
            
        
        5
    
    
    8155芯片，车机反应灵敏，跟手机速度差不了，语音分辩精准，有个很好玩的地方，主驾唤醒的车机精灵，其他人是无法指挥的，副驾也一样
    
    
    
    
    


    
    
    
    


    




            

            



        "
没事划划水,2023-07-15 首次发表,"
            
                
                    600km
                    
                    行驶里程
                
                
                    11.0L
                    百公里油耗
                
                
                
                
                
                
                
                
                
                
                
                

                
                
                    16.30万
                    裸车购买价
                
                
                    2023-06
                    购买时间
                
                
                    长沙
                    购买地点
                
            
            
    
        
            
        
    
    

    
        $(document).ready(function () {
            var koubeiid = 5052861;

        });

    


            
                最满意
                虎9的外观是我选择它的原因之一，对比了途胜、昂科威s，欧蓝德，还是看上了虎9。
然后就是虎9的驾驶感受，之前试驾了途胜l，和虎9比起来感觉完全都不是一个档次。
            
            
                最不满意
                只跑了600多公里，目前还没有让我觉得太不满意的地方，非得挑一个毛病的话就是虎9太大了，对新手有点不友好😂，但是车大也是我选择它的一个原因😜
            

            

    空间
        
            
            
        
        5
    
    
    后排空间适中吧，试驾过途胜l，感觉虎9后排空间没有途胜l大，后备箱抬高做了一个储物空间，外面的空间就没有显得很大了。
    
    






                

    驾驶感受
        
            
            
        
        5
    
    
    驾驶感受很满意，隔音和稳定性都很好，就是第一次开这么大的车还不太习惯。
    
    






            

            




            

    油耗
        
            
            
        
        3
    
    
    城市油耗近11个，省道大概7个多，高速没太关注。
    
    





            
            

    外观
        
            
            
        
        5
    
    
    外观好看没那么多花里胡哨的设计，车身看起来很协调，很多人吐槽的前脸我反而觉得很好看。
    
    





            

    内饰
        
            
            
        
        4
    
    
    黑色内饰沉稳大气，座椅包裹性很强，腰部支撑可调节。
    
    





            

    性价比
        
            
            
        
        5
    
    
    总体来说很不错，比合资车性价比高多了。🤩🤩🤩🤩
    
    
    
    
    


    
    
    
    


    





            
                

    配置
        
            
            
        
        5
    
    
    车机8155芯片很流畅，无线充电，360影像，
    
    




            

            



        "
双鸭山车友3142279,2023-07-15 首次发表,"
            
                
                    1489km
                    
                    行驶里程
                
                
                    7.0L
                    百公里油耗
                
                
                
                
                
                
                
                
                
                
                
                

                
                
                    17.49万
                    裸车购买价
                
                
                    2023-06
                    购买时间
                
                
                    佳木斯
                    购买地点
                
            
            
    
        
            
        
    
    

    
        $(document).ready(function () {
            var koubeiid = 5052821;

        });

    


            
                最满意
                油耗：
油耗对2.0T的发动机来说，开空调市区跑9格油我已经很满意了，跑了趟高速油耗在7-8格之间完全可以。

外观：
科技感，隐藏式拉手，外观非常大气

内饰：
用料足设计也非常细腻，档把设计方便快捷，对新手非常友好，还有抬头显示很方便

性价比：
配置非常给力奇瑞车比较良心，这个在配置在合资车最少40万才有，性价比很高啊！
            
            
                最不满意
                暂无，非常满意，没有感觉不好的，还在体验中，，，，，，
            

            

    空间
        
            
            
        
        4
    
    
    瑞虎9的驾驶体验真是舒适到爆炸! 配备了L2.9级前沿智能辅助驾驶系统，简直就是我的私人助手。不管是堵车还是长途旅行，它都能帮我保持车距、辅助变道，真是省心又安全。而且，车身超长，轴距超长，坐在车里就像坐在一间豪华的大宅里，尽享舒适。
配置：
配置不错，看我买车的几个哥们都说比起他们家合资车车价不多，配置高太多！！！
    
    
    
    
    


    
    
    
    


    
    
    
    


    
        ☆ 空间设计亮点
        五口之家轻松驾驭！！！
        
        
    
    
    
    


    






                

    驾驶感受
        
            
            
        
        5
    
    
    很有推背感，动力十足开起来特有感觉，加速反应快。
    
    






            

            




            

    油耗
        
            
            
        
        5
    
    
    油耗对2.0T的发动机来说，开空调市区跑9格油我已经很满意了，跑了趟高速油耗在7-8格之间完全可以。
    
    





            
            

    外观
        
            
            
        
        5
    
    
    科技感很强，隐藏式门拉手很喜欢，外观非常大气！
    
    





            

    内饰
        
            
            
        
        5
    
    
    用料足设计也非常细腻，档把设计方便快捷，对新手非常友好，还有抬头显示很方便
    
    





            

    性价比
        
            
            
        
        5
    
    
    配置非常给力奇瑞车比较良心，这个在配置在合资车最少40万才有，性价比很高啊！
    
    





            
                

    配置
        
            
            
        
        5
    
    
    配置不错，看我买车的几个哥们都说比起他们家合资车车价不多，配置高太多！！！
    
    




            

            



        "
相国强,2023-07-15 首次发表,"
            
                
                    260km
                    
                    行驶里程
                
                
                    10.0L
                    百公里油耗
                
                
                
                
                
                
                
                
                
                
                
                

                
                
                    15.50万
                    裸车购买价
                
                
                    2023-06
                    购买时间
                
                
                    朔州
                    购买地点
                
            
            
    
        
            
        
    
    

    
        $(document).ready(function () {
            var koubeiid = 5052737;

        });

    


            
                最满意
                【购车经历】一开始没打算买车 但是原来的车保险快到期了 也开够了 所以想换车 9号没上班去看了看星瑞和星越L想买个13万左右的车（说白了就是想买个星瑞）但是家里人看中了星越L 四儿子店低配次低配都不卖 优惠幅度也不大 但是我确实也是很稀罕星越L 看了个两驱尊贵 落地万15.5万，上午看完准备吃个午饭下午去订车，当时11点了我又想去看看艾瑞泽8和瑞虎8pro 两辆车都不错 但是友拆了红布看了下瑞虎9 不看还好，一看一家人都看好了。直接去试驾了一圈回来，谈了下价格直接订车了。刚好有现车在往我们这运 再加上置换补贴19000优惠 直接拿下了 11号到车现在开了260公里。选的星银，理由很简单，个人感觉天青色最好看，后期小剐蹭调漆不好调，黑色太显脏一点水碰不得，白色也很好看但是我担心后期白色氧化发黄，天灰色的话。。颜色太深了 【驾驶感受】 驾驶感受这种东西还是要你们自己去试驾一下试试 同级别隔音效果无敌，动力给油就走 0-50加速并不是很慢，基本可以超大部分家用车，最享受的是中段后段的提速，我朋友说这车就是261匹马力的2.0T怪物 【空间表现】 空间更没必要说了，4820的车身近两米的车宽，前排后排，后备箱空间都巨大 【提车价格】 购置税是11200贷款服务费3500当时太急了忘了砍服务费，旧车置换补贴19000非常香，全办完落地15.32 【油耗】 目前行驶了260公里，都是跑的市区，现在10个油左右（全程空调20度）改天去跑下高速拉一下
            
            
                最不满意
                感觉都挺好，满意，推荐朋友继续购买，组个瑞虎9婚庆车队，帮忙宣传奇瑞，支持国产品牌。
            

            

    空间
        
            
            
        
        5
    
    
    打开车门，第一眼看过去，豪华感太足了，浅色系配色、厚实带缝线的座椅、木纹饰板、大连屏，还有一股淡淡的香氛味道。
    
    
    
    提供了后排座椅加热、独立空调以及隐私玻璃和手动遮阳帘，实用是一方面，你们不觉得这东西还能提升气场吗？
    


    
    
    很宽敞对吧，惊喜不止这点儿，它的第二排座椅还支持前后移动、靠背能提供大角度调节，很容易找到一个舒服的
    


    






                

    驾驶感受
        
            
            
        
        5
    
    
    这台车搭载的鲲鹏动力系统，2.0T发动机 7DCT变速箱，匹配度很高，对于换挡时机的选择、挡位间切换的平顺性、动力输出的衔接都挑不出太多毛病，我想优雅地开，那就经济模式、标准模式，不用担心因为车太大会觉得肉，反而积极的升档动作会让你觉得很轻快，如果你比较着急，运动模式，油门变得非常灵敏，它不仅能把动力储备全拿出来、还能及时拿出来，相当大方，就告诉你，随便用，我有得是。 说实话，奇瑞现在能把这台双离合变速箱调成这样，很惊喜，我甚至更期待它的爱信8AT版本了 其次是底盘调校，舒适性是瑞虎9主打的行驶风格，底盘的行驶质感不错，对细碎震动的过滤比较彻底。悬挂压缩回弹的响应很快，甚至有些Q弹。
    
    






            

            




            

    油耗
        
            
            
        
        5
    
    
    10个左右，非常适合上班人群，感觉特别好。
    
    





            
            

    外观
        
            
            
        
        5
    
    
    这侧面尺寸，四米八的车长、两米八的轴距，再加上这双色车身，气场很强 尾部采用了贯穿式灯带设计，显得很宽大，加上这淡蓝车漆颜色，高端气质一下就上来了。
    
    





            

    内饰
        
            
            
        
        5
    
    
    浅色系配色、厚实带缝线的座椅、木纹饰板、大连屏，还有一股淡淡的香氛味道
    
    





            

    性价比
        
            
            
        
        5
    
    
    车身的随动性很好，如果是带CDC电磁悬架的版本，相信它的舒适性和操控还会更好。 还有一个亮点是隔音，瑞虎9的静谧性很好，现在我在市区道路的时速差不多80km/h左右，车内比较安静，除了过路面接缝时会有嘎哒一声，其它噪音都不明显，因为瑞虎9除了米其林静音轮胎以外，前排两侧都采用了双层玻璃，对于坐舱外的噪音隔绝比较到位，那这个时候再打开14扬声器的索尼音响，
    
    





            
                

    配置
        
            
            
        
        5
    
    
    目前为止见过的豪华感最强的奇瑞车型 中控区域采用了双12.3英寸的连屏设计，内置了主流的8155芯片和奇瑞最新的车机系统，色彩清晰度、UI界面以及流畅度都是不错的。
    
    




            

            



        "
rh9666,2023-07-15 首次发表,"
            
                
                    2000km
                    
                    行驶里程
                
                
                    9.0L
                    百公里油耗
                
                
                
                
                
                
                
                
                
                
                
                

                
                
                    16.69万
                    裸车购买价
                
                
                    2023-06
                    购买时间
                
                
                    绍兴
                    购买地点
                
            
            
    
        
            
        
    
    

    
        $(document).ready(function () {
            var koubeiid = 5052572;

        });

    


            
                最满意
                自己一直想拥有一台车，因个人喜好，轿车和suv里，个人比较喜欢suv，预算在15w左右，自己也经常逛汽车之家，看看这个价位的车，这个价位的合资车都了解了一下发现，位置各方面合资车没有国产车香，而且听说最近的国产车越来越好了，就把目光放在了奇瑞，吉利，长安这几个国产品牌了，都去店里看一看，这里就不多说我的心路历程了，我说说我为啥选了瑞虎9吧一到奇瑞4s店 虎8pro 虎7plus 虎9都挺好看的，个人认为国产车里suv奇瑞做的比较板正的，看了看评论都说什么奇瑞把肉埋在饭里，我看了看配置，我这个预算只接先看了瑞虎9，不得不说这内饰奔里奔气，还是很拿人的，第一眼看到外观这车尺寸还是挺大的，算得上全尺寸suv了打开后备箱，因本人比较喜欢钓鱼，看车喜欢去看看这个后备箱，后备箱打开，电动打开电动关闭，很赞，后排座椅放倒，与后备箱形成一个很平的区域放工具很坐到驾驶位 座椅调节通风加热 8155车机 全景天窗带遮阳帘仪表台上面包裹反毛皮，两种材质，第一感觉很有质感，全车音响索尼也很到位，我老婆在副驾驶打开化妆镜还带美颜灯，直接就是拿捏了呀这些细节设计坐到后排 后排出风口两个，侧面还有出风口，后排还有遮阳帘，确定这不是行政级轿车吗，驾驶方面这么久开下来感觉2.0t动力非常充沛我选的是前驱车型，感觉家用也比较够了，本人去钓鱼，国道开的比较多，超车也很有信心，底盘也很整虽然我的车没cdc电磁悬挂，但是刹车啊 顿挫方面我感觉对于这个价位来说真的做的比较优秀，缺点方面暂时没有遇到什么，就车身比较大，开车要注意些有些软件小问题后期应该也能升级吧，主要我离4s店也近随时都能去啊，咱也不是专业说车人，就这点感受吧，国产车物超所值加油加油加油希望越做越好。
            
            
                最不满意
                有些功能不太懂 但都联系了4s帮忙解答了
            

            

    空间
        
            
            
        
        5
    
    
    我主要开车 驾驶空间很大 本人身高178头部空间充裕 其他都可以调节
    
    
    
    
    


    






                

    驾驶感受
        
            
            
        
        4
    
    
    
    
    
        跑高速
        高速 115码左右2000的转速很省油 车大开起来也稳定 玻璃也是双层的静谧性很到位
        
        
    






            

            




            

    油耗
        
            
            
        
        4
    
    
    城市油耗9个左右 高速油耗七个左右 国道开开8个多 总体油耗8个9个对于这么大的车身很满意
    
    





            
            

    外观
        
            
            
        
        4
    
    
    最喜欢侧面 第二是尾部 正面也挺大气的
    
    
        腰线设计
        瑞虎9侧面来看颜值真的很高 可以看我的封面那是我第一次见到我的车拍的 侧面真的很帅
        
        
    





            

    内饰
        
            
            
        
        4
    
    
    内饰一整个就是很豪华的感觉 材质也肉眼可见的较为高级
    
    
    
    
    


    
    
    
    


    





            

    性价比
        
            
            
        
        5
    
    
    这个价格综合来说还是很满意的 置换优惠 补贴也都到位 还送了保养
    
    





            
                

    配置
        
            
            
        
        5
    
    
    carpaly 本人用的比较多 模式调节旋钮啊 语音唤醒很灵敏 车机8155真的顶
    
    




            

            



        "
绍兴车友6499832,2023-07-15 首次发表,"
            
                
                    3000km
                    
                    行驶里程
                
                
                    8.5L
                    百公里油耗
                
                
                
                
                
                
                
                
                
                
                
                

                
                
                    16.29万
                    裸车购买价
                
                
                    2023-06
                    购买时间
                
                
                    绍兴
                    购买地点
                
            
            
    
        
            
        
    
    

    
        $(document).ready(function () {
            var koubeiid = 5052508;

        });

    


            
                最满意
                瑞虎9开了也几千公里了，我来谈谈感受啊 瑞虎9这个辅助驾驶功能开高速很舒服l2.9路况好的地方会自己打方向，定速巡航跟车很舒服，我之前开的是荣放的，这一次选择了国产品牌，什么合资进口，我们中国车到外面不也是进口车吗？奇瑞这出口量，完全不担心质量，从容放倒这个瑞虎9一种老年手机到智能机的感觉，奇瑞呢我了解后就是一直在发动机研发，奇瑞听说飞机发动机都要造，质量这方面真不去担心了，后面了解到质保也到位，这个车没啥说的真的，早就完事了，车就给人一种很皮实的感觉，开了这个车，高速上面服务站山高速，动力就来的很快一下子速度就起来了，suv开高速也四平八稳的这么大一个车身，外观真帅，标遮了这内饰这外观，不知道又是哪个豪华品牌的新车型了，几千公里开下来，也没什么毛病，一点问题也就是自己不适应吧，其他都还行，家里人都挺喜欢的，车也不是很贵，这个价位给到的配置，还是很满意的
            
            
                最不满意
                车尺寸有点大 还不太适应 车其他方面还是很到位的
            

            

    空间
        
            
            
        
        4
    
    
    空间前排后排都比较大，后排有遮阳帘 侧面出风配置很高级
    
    
    
    
    


    
    
    
    


    






                

    驾驶感受
        
            
            
        
        5
    
    
    2.0t动力不要太好 只要舍得踩速度一下就起来了
    
    






            

            




            

    油耗
        
            
            
        
        4
    
    
    综合油耗8.9个这么大的车也能接受
    
    
        城市油耗
        城市油耗9.5左右
        
        
    





            
            

    外观
        
            
            
        
        5
    
    
    侧面颜值非常帅 整体来说 像个小路虎 尾部颜值也很到位 正面也比较霸气
    
    





            

    内饰
        
            
            
        
        4
    
    
    内饰实车感觉真的非常好 氛围灯 包括翻毛皮的覆盖都很到位
    
    





            

    性价比
        
            
            
        
        4
    
    
    价格的话这个价格买合资车基本买不到什么好的配置 但是买奇瑞 配置非常到位
    
    





            
                

    配置
        
            
            
        
        5
    
    
    该有的都有了吧 8155车机芯片 辅助驾驶  主副驾电调  座椅通风家人很全面很多配置自己都还没弄明白呢
    
    




            

            



        "
邓美玲,2023-07-14 首次发表,"
            
                
                    2300km
                    
                    行驶里程
                
                
                    8.1L
                    百公里油耗
                
                
                
                
                
                
                
                
                
                
                
                

                
                
                    16.59万
                    裸车购买价
                
                
                    2023-06
                    购买时间
                
                
                    嘉兴
                    购买地点
                
            
            
    
        
            
        
    
    

    
        $(document).ready(function () {
            var koubeiid = 5051756;

        });

    


            
                最满意
                瑞虎9空间很大，配置也非常高，特别是座椅，因为我经常也会开长途，瑞虎9的座椅坐着非常舒服，我开长途开久了也不会让我的背感到不舒服！非常好，而且瑞虎9作为一个大型SUV，他的动力也非常NICE！油门给就有！
            
            
                最不满意
                不太满意的就是瑞虎9的怀挡设计，用的很不习惯，一开始老是习惯性把手伸到中间去换档！
            

            

    空间
        
            
            
        
        5
    
    
    空间非常大！主副驾驶！第二排的空间！都非常大！家用完全够用！后备箱的空间也非常大！装几个行李箱完全轻轻松松
    
    
    
    这个是后排的空间~坐3个人完全没问题！而且中间全平的设计！让中间位置坐着也没有那么难受！
    


    
    
    后备箱的空间更是没话说~一家人出游装行李那是绰绰有余
    


    






                

    驾驶感受
        
            
            
        
        5
    
    
    瑞虎9这个车比较惊艳我的地方还是驾驶感受！我原本以为这种大型的SUV操作起来多少会有些迟钝！但是瑞虎9真的！无论是转向还是提速都非常优秀！
    
    






            

            




            

    油耗
        
            
            
        
        4
    
    
    油耗的话，作为瑞虎9这种大型SUV来说，油耗可以接受吧，如果开城市比较拥堵的路段会在8-9个油，我个人觉得完全可以接受的范围
    
    





            
            

    外观
        
            
            
        
        4
    
    
    瑞虎9的外观总的来说比较耐看型的！说不上特别惊艳！但是是越看越好看的类型！非常的大气！
    
    





            

    内饰
        
            
            
        
        5
    
    
    内饰做工非常精细！不同地方的包裹性做的也非常到位！反正这内饰就是突出一个高级感！而且用料也看得出非常用心，整个新车坐进去基本上也没什么异味！
    
    





            

    性价比
        
            
            
        
        5
    
    
    瑞虎9这个车的配置在大型SUV里面，我个人认为真的20万以内我强烈推荐大家可以考虑一下！
    
    





            
                

    配置
        
            
            
        
        5
    
    
    配置方面不说了！太完美了，8155晓龙芯片！540全景影像，双联屏，索尼音响，等等太多了，反正你试过就知道配置有多高了！
    
    




            

            



        "
鈊錆鎮鎬,2023-07-14 首次发表,"
            
                
                    1630km
                    
                    行驶里程
                
                
                    8.0L
                    百公里油耗
                
                
                
                
                
                
                
                
                
                
                
                

                
                
                    15.00万
                    裸车购买价
                
                
                    2023-06
                    购买时间
                
                
                    徐州
                    购买地点
                
            
            
    
    

    
        $(document).ready(function () {
            var koubeiid = 5051359;

        });

    


            
                最满意
                很不错，服务也好，开车感受也好，都很不错！
            
            
                最不满意
                不满意的，暂时还没发现，慢慢开着再看看！
            

            

    空间
        
            
            
        
        5
    
    
    我身材一般，所以坐在车里，空间还是很充足的
    
    
    
    
    


    






                

    驾驶感受
        
            
            
        
        5
    
    
    我一般是在家附近开，平时接送孩子，或者出去玩一玩，有时候出去开高速啊之类，很舒适，不像我之前的车，开一会就特别累，这个两侧包裹感很强，两个胳膊和腰都有支撑，不会特别累
    
    
    
    
    


    






            

            




            

    油耗
        
            
            
        
        4
    
    
    我都在市区里开，油耗的话还算友好，一般也就8个油左右。我觉得这种车型，这个油耗还是可以的了！
    
    





            
            

    外观
        
            
            
        
        5
    
    
    外观挺大气的，我觉得比我之前看的某些品牌，我觉得挺好看的！
    
    
    
    
    


    





            

    内饰
        
            
            
        
        5
    
    
    内饰的话，也不错，不像之前的车哪哪都是塑料感，这个给我感觉挺高级的！
    
    





            

    性价比
        
            
            
        
        5
    
    
    这个价格，这个配置，这个驾驶感受，我觉得挺值的，国产车真的是慢慢崛起！
    
    
    
    
    


    





            
                

    配置
        
            
            
        
        5
    
    
    我的配置基本上都带，我感觉我能用得到的都带，再高的我也不知道了。但是我觉得科技感挺强的！
    
    




            

            



        "
锦州车友7557576,2023-07-14 首次发表,"
            
                
                    
                    暂无
                    行驶里程
                
                
                
                
                
                
                
                
                
                
                
                
                

                
                
                    17.49万
                    参考价格
                
                
                    2023-07
                    探店时间
                
                
                    沈阳
                    探店地点
                
            
            
    
    

    
        $(document).ready(function () {
            var koubeiid = 5051035;

        });

    


            
                新车好评
                我是一名网络达人，瑞虎9新车上市后就一直想来试驾看看，最近终于有时间来店里看看了，下面给大家分享下这车到底有没有广大网友吹嘘的那么好，先说说奇瑞4s店的销售人员，标准的专业化流程，车型讲解，车辆展示，我在这里就不说了，都是培训好的话术，下面我说一说我自己对于这款车的直观感受。车身尺寸4820*1930*1699 轴距2820，然后我试驾的是尊贵版，指导价174900。但说价钱有点小贵，配置方面蓝牙钥匙，索尼音响，外门电释放，抬头显示仪，无线充电，主动及被动安全驾驶系统我就不一一介绍了，要是这个价位这些配置都没有那真是虚有图名罢了，直接来重点鲲鹏动力400T+爱信8AT的动力总成完全够用，起步有点小窜，后劲十足。跑到120给油还能感觉到动力，动力有了油耗大家就仁者见仁 智者见智吧，车内空间优，后排人没有拥挤闷热感，前排更是舒服，后备箱容积官方给的是717L，我由于没有那么多的行李箱就不给大家演示了，二孩的行李箱完全可以了。座椅舒适度，这款车配备了座椅通风，后腰包裹性极好，转弯半径次优，视野开阔，地盘调教良，颠沛路面明显感觉。说完动力我们来聊聊内饰，国产车的内饰真是没有挑剔的，瑞虎9就感觉又把国产车的内饰抬了一个高度。外观优，看起来真大气，像什么车型大家可以猜一猜、
            
            
                新车槽点
                瑞虎9最大的缺点就是空调口太多了，温度来的快，销售也重点介绍了说一共有18个多的出风口，虽然说没像某款车那样挂霜，但也快了，前脸logo亮灯设计，个人感觉没啥用，以后的维修成本还增加了，败笔。
            

            

    空间
        
            
            
        
        5
    
    
    空间没得说了，轴距2820 还要啥自行车呀，往里塞就行了
    
    
    
    
    


    






                

    驾驶感受
        
            
            
        
        5
    
    
    油门加速可以，油门顿挫感不大，方向盘灵敏度高
    
    






            

            




            

    油耗
        
            
            
        
        4
    
    
    
    
    





            
            

    外观
        
            
            
        
        5
    
    
    车尾，车侧和某款车太像了，大气上档次，汽车整体看起来就大，里面空间更大
    
    
    
    
    


    
    
    
    


    





            

    内饰
        
            
            
        
        5
    
    
    内饰真没啥可吐槽的，内饰我越称国货之光，各个方面都做到了极致
    
    
    
    
    


    
    
    
    


    
    
    
    


    





            

    价格政策
        
            
            
        
        3
    
    
    整车一分钱不让，给了一个19000的置换补贴，还是没有置换有9000元的现金折让！购置税1w+，保险5000+，尊贵版整车全下来差不多19个左右。性价比中等，如果想要支持国货的可以下手，还在观望的小伙伴可以等待降价促销活动，我是等了一个月还没有降价。总之这个价位的可选性较多，瑞虎9可排在前三选择。
    
    





            
                

    配置
        
            
            
        
        5
    
    
    最鸡肋的配置的就是出风口真是太多了  有风湿的人一定要能开窗户开窗户
    
    
    
    
    


    




            

            



        "
一寸相思万千琴,2023-07-14 首次发表,"
            
                
                    756km
                    
                    行驶里程
                
                
                    8.9L
                    百公里油耗
                
                
                
                
                
                
                
                
                
                
                
                

                
                
                    15.29万
                    裸车购买价
                
                
                    2023-06
                    购买时间
                
                
                    新余
                    购买地点
                
            
            
    
        
            
        
    
    

    
        $(document).ready(function () {
            var koubeiid = 5050878;

        });

    


            
                最满意
                最初考虑换车是因为原来旧车发动机损坏了，才考虑换车，考虑换车初期考虑了长安CS75PLUS、吉利星越L、奇瑞瑞虎8PRO、别克昂科威，基本上把市里4S店转了一圈下来后，CS75PLUS直接排除掉了，由于去4S店看车感觉车没有那么大气，吉利星越L由于价格当初准备考虑入手个13万左右的车有点超预算了所以没考虑，其余合资品牌预算有限看的上的车价格高，价格合适的车又太小所以没考虑。最终考虑入手虎8PRO，当5月去店里准备定虎8PRO时店里展厅放着台虎9，当时我老婆就觉得虎9更大气更好看，而我觉得虎9有点小贵，还是入手8PRO，而我老婆一直讲虎9好看怕买了8PRO后悔，纠结一上午没有定下来。下午又去看了星越L，到店后价格一直谈不下来。最终放弃转至奇瑞预订虎9。
 提车后使用感受最满意的是行驶质感那是老车没办法比的。走烂路大的颠簸路段可以从容应对，路面细小震动很少，底盘质感非常厚实。发动机噪音在车内几乎听不到，外界噪声胎噪关上窗户几乎是听不见。至于变速箱，都说双离合换挡顿挫，我在提车后行驶过程中换挡几乎感觉不到变速箱在换挡，比我老车6AT变速箱开起来舒服多了，之前6AT变速箱换挡顿挫比较明显。空间方面那是相当大，后排空间小孩子可以在后排跑来跑去，翘个二郎腿是轻而易举。座椅放到后就是一个平整的双人床呀。至于外观方面也是没话说，所到之处回头率及高。车机系统反应相当块，开机速度也就几秒的时间，至于网上说的车机黑屏至今没有出现过。网上的槽点说没有实体按键操作，但是我想说的是咱动嘴能解决的事情为什么要动手呢？有可能还是大家比较习惯于实体按键吧，但是虎9的语音操控系统真的很强大，根本不需要手动操作。至于网上说的奇瑞奇瑞修车排队，由于我的车是低配不带行车记录仪，4S店送了个行程记录仪，在店里安装过程中拆了A柱内饰板，导致内饰板卡扣卡不死，4S店直接给免费更换一块内饰板，服务是没得说，所有使用过程中的问题售后都会一一解答并处理。
            
            
                最不满意
                这个还得是造车品控方面还有待加强。要是车价定位再低一些就更香了。
            

            

    空间
        
            
            
        
        5
    
    
    作为一辆1.7T重的车能做到0.7元一公里已经很满意了。
    
    






                

    驾驶感受
        
            
            
        
        5
    
    
    经济模式下起步油门反应稍有迟钝，标准模式油门反应灵敏，运动模式下起步比较窜
    
    






            

            




            

    油耗
        
            
            
        
        5
    
    
    作为一辆1.7T重的车能做到0.7元一公里已经很满意了。
    
    





            
            

    外观
        
            
            
        
        5
    
    
    外观设计很满意，开出去回头率那是没得说的。
    
    
    
    
    


    
    
    
    


    
    
    
    


    





            

    内饰
        
            
            
        
        5
    
    
    内饰要是能有4驱顶配的内饰会更好看，但是黑色内饰非常耐脏。
    
    





            

    性价比
        
            
            
        
        5
    
    
    与同价位的合资品牌对比，舒适度以及给到你的配置，合资车得30万往上了。
    
    





            
                

    配置
        
            
            
        
        5
    
    
    语音交互系统真的很强大，只要你说的基本能准备识别你女的意图。车机8155芯片开机速度与反应速度基本5秒内搞定。
    
    




            

            



        "
东莞车友7100161,2023-07-13 首次发表,"
            
                
                    2100km
                    
                    行驶里程
                
                
                    8.8L
                    百公里油耗
                
                
                
                
                
                
                
                
                
                
                
                

                
                
                    17.49万
                    裸车购买价
                
                
                    2023-06
                    购买时间
                
                
                    益阳
                    购买地点
                
            
            
    
        
            
        
    
    

    
        $(document).ready(function () {
            var koubeiid = 5050016;

        });

    


            
                最满意
                提车一个多月，目前2100多公里。大部分市区，上车空调打满，平均油耗8.8L。瑞虎9的整体表现都令我满意，外观精致，内饰满满的科技感。动力方面：2.0t的发动机，最大功率192千瓦，最大扭矩400纽米。城市工况提速非常快，高速超车一个字：爽。空间方面：一个字：大。超大后排空间，不管是日常通勤还是自驾游，乘坐空间、储物空间绰绰有余，没有一丝拥挤感。操控感和舒适感：变速箱换挡积极，没有感觉到任何顿挫。最满意驾驶室开门是按钮，非常方便。
            
            
                最不满意
                希望油耗还能够再降一点点。另外就是功能太多，要花时间多看使用说明书。
            

            

    空间
        
            
            
        
        5
    
    
    空间方面：一个字：大。超大后排空间，后排放倒之后，后面空间超级大
    
    
    
    
    


    






                

    驾驶感受
        
            
            
        
        5
    
    
    变速箱换挡积极，没有感觉到任何顿挫，驾驶感受非常棒。
    
    
    
    
    


    






            

            




            

    油耗
        
            
            
        
        4
    
    
    平均油耗8.8L，市区油耗有点高，希望油耗还能够再降一点点
    
    





            
            

    外观
        
            
            
        
        5
    
    
    第一次看到，就喜欢欢上了，我喜欢的颜色也有现车。
    
    
    
    
    


    





            

    内饰
        
            
            
        
        5
    
    
    中控台做工很好，座椅坐上去很舒服，用料讲究
    
    
    
    
    


    





            

    性价比
        
            
            
        
        5
    
    
    销售价格没优惠，置换补贴1.9万。总体感觉物超所值。
    
    
    
    
    


    





            
                

    配置
        
            
            
        
        5
    
    
    选择的两驱顶配，配置很丰富。8155车机芯片，车机流畅
    
    
    
    
    


    




            

            



        "
会开车的老司机,2023-07-13 首次发表,"
            
                
                    2300km
                    
                    行驶里程
                
                
                    9.6L
                    百公里油耗
                
                
                
                
                
                
                
                
                
                
                
                

                
                
                    17.49万
                    裸车购买价
                
                
                    2023-06
                    购买时间
                
                
                    怀化
                    购买地点
                
            
            
    
    

    
        $(document).ready(function () {
            var koubeiid = 5049986;

        });

    


            
                最满意
                车子买了一个月了说说整体感受，5月30日定的车，本来想要黑色，但是说要等45天，选了店里的现车，颜色有时候看起来像蓝色，有时候看起来又有点绿，像变色龙，车子动力是真的足，第一次开高速，变道不打转向灯会抢方向盘，有点不适应，安全性能很高，整体非常满意
            
            
                最不满意
                车子油门踏板有点重，稍微用力踩一点感觉原地打滑，可能是动力强的原因吧
            

            

    空间
        
            
            
        
        4
    
    
    空间适用，个人原因不喜欢七座的车，5座够用
    
    
    
    
    


    






                

    驾驶感受
        
            
            
        
        4
    
    
    动力很足，提车回来的试了下，百米加速大概7秒多点，就是油门踏板有点不知道轻重，原地起步的时候会出现轮胎空转
    
    






            

            




            

    油耗
        
            
            
        
        4
    
    
    县城里面用车，平时开的也比较多，提了一个多月，目前跑了2300多公里，加的92油，这么大的车油耗9个多感觉还行，4s店说过了磨合期还会降点，等做了首保再看看
    
    
    
    
    


    





            
            

    外观
        
            
            
        
        5
    
    
    外观是真的好看，开在县城的回头率很高，隐藏式的门把手，前脸很霸气
    
    
    
    
    


    
    
    
    


    
    
    
    


    





            

    内饰
        
            
            
        
        5
    
    
    车子买回来没有味道，感觉用料还是比较扎实的，副驾驶的座椅边上还带了座椅调节，坐在后面非常的方便，屏幕看起来也非常不错，方向盘握感也不错，车子里面放东西的地方也多
    
    
    
    
    


    
    
    
    


    
    
    
    


    





            

    性价比
        
            
            
        
        4
    
    
    车子刚用一个月，性价比感觉还行吧，落地差不多也快到20了，功能倒是挺多，不过多评价
    
    





            
                

    配置
        
            
            
        
        5
    
    
    配置是真高，第一次跑高速的时候变道没打转向灯抢方向盘，当时还愣住了，车道偏离，自适应巡航，360全景都非常的实用，刚提回来的时候把控不住，会车有点怕刮蹭，360还是能帮上点忙的，后排还有调空调的，非常方便，很多功能还没来得及用
    
    
    
    
    


    




            

            



        "
乌海车友2259819,2023-07-13 首次发表,"
            
                
                    
                    暂无
                    行驶里程
                
                
                
                
                
                
                
                
                
                
                
                
                

                
                
                    16.00万
                    参考价格
                
                
                    2023-07
                    探店时间
                
                
                    乌海
                    探店地点
                
            
            
    
        
            
        
    
    

    
        $(document).ready(function () {
            var koubeiid = 5049744;

        });

    


            
                新车好评
                自己开的一台17年的荣威RX5，有没开过的自己去体会啊……想换一台7座的车，毕竟国家支持二胎，去这家店看到有试驾车这还是比较开心的，销售讲解一会（其实基本没有听进去）哈哈不知道有没有同感的，其实个人觉得买车还是要试驾的也就是开一下，毕竟销售说的还是不感冒，自己体会才能有真实感受。话不多说直奔主题 试驾，提供了驾照销售非要带我先开一下，才让我自己开，好吧既然规定那咱就跟着呗……发表一下试驾感受啊：不喜的勿喷啊，首先说一下配置，感觉很科技啊，开门是个按键记忆犹新啊，（会不会坏啊）坏了我是不是要从窗户爬出去啊，再就是这个车型的抬头显示，比我开会的车感觉很清晰，但是不知道晚上会不会影响视线，其实本人对这些配置没太多的感觉，毕竟车的本质是好开，说一下动力还是很好的，反正比我那个小车强太多了，不过说起来了，能加92的油吗？变速箱有两种，双离合，和8At的价格有点小贵，整体驾驶起来很稳，动力也够，空间是很满意的，路感还不错👌回去考虑一下看看能不能入手
            
            
                新车槽点
                科技的东西太多也不知道是我老了，这些东西冬天会不会不好用啊，毕竟-30几度啊……
            

            

    空间
        
            
            
        
        5
    
    
    
    
    
    
    
    


    






                

    驾驶感受
        
            
            
        
        5
    
    
    
    
    






            

            




            

    油耗
        
            
            
        
        4
    
    
    
    
    





            
            

    外观
        
            
            
        
        5
    
    
    原车这个玻璃就是黑色的，感觉很好，高大上哈哈是不是就不用贴膜了
    
    
    
    
    


    





            

    内饰
        
            
            
        
        5
    
    
    
    
    





            

    价格政策
        
            
            
        
        4
    
    
    旧车卖给他们，能补贴1W，这个让我很开心啊，但是旧车的给我的价格觉得还是不理想，也没确定，等真的定下来在，拿着大刀去砍价呗……
    
    





            
                

    配置
        
            
            
        
        5
    
    
    
    
    




            

            



        "
宜宾车友6903882,2023-07-13 首次发表,"
            
                
                    558km
                    
                    行驶里程
                
                
                    10.0L
                    百公里油耗
                
                
                
                
                
                
                
                
                
                
                
                

                
                
                    16.00万
                    裸车购买价
                
                
                    2023-06
                    购买时间
                
                
                    宜宾
                    购买地点
                
            
            
    
    

    
        $(document).ready(function () {
            var koubeiid = 5049584;

        });

    


            
                最满意
                我最先关注奇瑞汽车还得从朋友2018年买的奇瑞瑞虎8说起，说实话我当时内心还是不太认可国产车的，更多的还是因为了解的比较少，不太了解当下国产车发展的趋势，但亲自开了朋友的瑞虎8之后还是挺让我意外的，不管是动力表现还是底盘素质亦或是驾乘体验绝对对得起一台十二三万块钱的车子，在此之后我对奇瑞汽车就有了一定的兴趣。 我们是在四月份当地车展现场第一次看的车，没有很明确目标，只是说大概一二十万，买个有牌子的好车，看了一圈，奔驰宝马都看过了，最后看到了瑞虎9(图片|配置|询价)，第一反应是被颜值吸引，确实不亚于之前看的宝马3系和奥迪的A4。很多朋友问我为什么不换一个合资品牌，其实静下来想一想，现在的合资品牌与国产品牌在车的质量、配置、用车体验等等还有什么区别吗？国产车出口到国外，是不是也属于高端合资了？支持国产，支持国货，永远都是我们当代人该有的民族责任心。
 
首先让我印象比较深的就是它四驱版本配的是一个电磁悬挂。这个电磁悬挂，我们也刚刚也测试了一下，它在一些快速路拐弯儿的时候，它对侧心的抑制气碎振动，车内的滤震效果，以及急加速极减速，它的俯仰感总体表现呢还是非常有惊喜的，但是也没网上传的那么夸张，因为我们把这个底盘顶起来看了一下，前旋用的是一个麦弗逊的结构，后面用的是一个多连杆，然后呢，它的百臂用料都这种冲压缸的，而它的仰角部分用的又都是这种铝合金的材料，只能说它调效的还不错。
 2.瑞虎9全系都是2.0T的发动机，261匹马力，400牛米，就这个动力总成，虽然比不上新能源车加速那么丝滑，但是对干同价位的燃油车来说，这个动力水平绝对是数一数二的，那它整体开起来呢，就是那种比较厚重的感觉啊，就非常的沉稳。
 3. 瑞虎9的这个内饰可以看出来还是花了很大的心思，内饰用了麂皮的材料包裹，全部覆盖，再加上这种方形的出风口的设计，所以它的整个内饰还是比较有质感的。
4.空间也是瑞虎9的超大亮点，2820mm的超长轴距，带来了超大的车内驾乘空间。后排全平地板让坐在中间的乘客也有足够的腿部空间，坐在后排也可以进行语音控制，非常方便。舒适宽大的后排座椅，包裹性很强，可调的后排座椅靠
背，总能找到一个舒适的坐姿。
不得不说，瑞虎9的配置是真的高，单单一个语音控制芯片，基本能秒杀同价格很多竞品。车子的执行反应快并且准确，以后还会继续发布一些个人使用情况视频供大家参考。
还有就得夸夸它的矩阵灯光秀，远远一看就给人一种高端大气上档次的感觉！座椅的通风加热还带按摩确实完美。
            
            
                最不满意
                车身太长，侧方位女司机停不进去，油耗有点高，可能跑高速就好点
            

            

    空间
        
            
            
        
        5
    
    
    空间超大
    
    
        ☆ 空间设计亮点
        空间大，放东西随便放，躺着休息也很舒服，后备箱也很大
        
        
    






                

    驾驶感受
        
            
            
        
        5
    
    
    动力强，开着很舒服，底盘稳，超车变道提速快
    
    






            

            




            

    油耗
        
            
            
        
        4
    
    
    市区油耗稍微有点高，等有时间跑高速试试，应该能降下来
    
    





            
            

    外观
        
            
            
        
        5
    
    
    高端大气上档次，看着就很喜欢，男人心目中的SUV
    
    





            

    内饰
        
            
            
        
        5
    
    
    内饰很喜欢，很豪华，全黑内饰给人眼前一亮，
    
    





            

    性价比
        
            
            
        
        5
    
    
    性价比超高
    
    
        售后服务
        售后服务👌，还有上门关爱，送了笑话礼物，很感动，第一次收到鲜花
        
        
    
    
    
    


    
    
    
    


    
    
    
    


    





            
                

    配置
        
            
            
        
        5
    
    
    配置够用，车机智能化，特别好用，四川话也杠杠的
    
    
    
    
    


    




            

            



        "
车友2129,2023-07-13 首次发表,"
            
                
                    
                    暂无
                    行驶里程
                
                
                
                
                
                
                
                
                
                
                
                
                

                
                
                    17.49万
                    参考价格
                
                
                    2023-07
                    探店时间
                
                
                    阿克苏
                    探店地点
                
            
            
    
    

    
        $(document).ready(function () {
            var koubeiid = 5049533;

        });

    


            
                新车好评
                听朋友说奇瑞瑞虎9很不错，整好自己也有想了解的欲望，所以联系金土地这边的奇瑞店过去试驾一下，店名叫阿克苏天泽名扬店，进店整体感觉很好，销售接待很用心，产品介绍也很到位，后来试驾，怎么说呢，很惊讶，因为在我的印象里国产车并没有做的很不错，但是瑞虎9不管是外观，性能，还是车身以及内饰，还有空间，都很不错，他们的销售邀请我试乘试驾，试驾下来整体感觉还行吧，可能我平时开车少，也开的慢，试驾体验师傅带我感受加速的时候我感觉好快啊，感觉想像飞机起飞一样，带我走颠簸路段是的时候能感受到晃动，但是不是很明显，地盘调校的比较好，隔音效果我觉得在燃油车里面算是比较好的，坐车车里面噪音很小，瑞虎9的空调也很不错，我试乘试驾的时候正是大中午，太阳很大也很热，试驾师傅先提前打开空调，座椅通风，坐上去很爽，凉凉的。这个车总体感觉的下来很不错，外观大气，内饰豪华，动力十足。打算回家和家里的人一起商量一下，看看到底外观要哪个颜色，动力方面到底是要四驱还是两驱
            
            
                新车槽点
                配置方面还是比较满意的，试驾体验的时候功能介绍的还是挺全的
            

            

    空间
        
            
            
        
        5
    
    
    
    
    






                

    驾驶感受
        
            
            
        
        5
    
    
    整体试驾体验还是相当不错的，油耗略微有点点高
    
    
    
    
    


    
    
    
    


    
    
    
    


    






            

            




            

    油耗
        
            
            
        
        5
    
    
    
    
    





            
            

    外观
        
            
            
        
        5
    
    
    
    
    





            

    内饰
        
            
            
        
        5
    
    
    
    
    





            

    价格政策
        
            
            
        
        5
    
    
    等车周期这个不予评价，因为我还没决定好订哪一款，但是希望我订的时候可以很快到来，价格方面要是还可以优惠力度大点就更完美了😂
    
    





            
                

    配置
        
            
            
        
        5
    
    
    
    
    




            

            



        "
海口车友4982044,2023-07-13 首次发表,"
            
                
                    100km
                    
                    行驶里程
                
                
                    8.0L
                    百公里油耗
                
                
                
                
                
                
                
                
                
                
                
                

                
                
                    17.49万
                    裸车购买价
                
                
                    2023-06
                    购买时间
                
                
                    海口
                    购买地点
                
            
            
    
        
            
        
    
    

    
        $(document).ready(function () {
            var koubeiid = 5049517;

        });

    


            
                最满意
                是我心目中的爱车了。不论是空间还是动力都符合我的用车需求。
            
            
                最不满意
                整车体验还是不错的，车身长4米82，宽1米93，调头路比较小可能需要多打两把方向。刹车可能太灵敏了不是很习惯。怀档设计可能还不习惯，手经常去找档把。雨刮也换位置了，还需要时间去习惯。
            

            

    空间
        
            
            
        
        5
    
    
    车内空间很可以，后备箱空间很大装载能力很多。第二排座椅放倒是全平。无论是家用乘坐还是搬运大件行李的表现还是不错的。
    
    
    
    
    


    






                

    驾驶感受
        
            
            
        
        5
    
    
    驾驶感受就是爽，标配2.0T发动机，动力随踩随有。基本感觉不到换挡，油门响应也很快，基本没有延迟。400T的动力，超车都是简简单单的。后段加速也不虚，动力足够。
前轮驱动，用的是20寸的米其林轮胎
减震和底盘的表现在这个价位还是很不错的，应对路面的坑洼，裂缝，舒适性还是可以的。过减速带的感觉还是不错的，上下的颠簸和左右的晃动控制的都挺不错，主打的就是一个舒适性。
    
    






            

            




            

    油耗
        
            
            
        
        4
    
    
    2.0T发动机，1.7的车重，油耗想要非常低是不可能的，经常跑高速，油耗也就7 8个这样
    
    





            
            

    外观
        
            
            
        
        5
    
    
    照片和实车看起来是两码事。瑞虎9外观很有精致感和高级感，车身线条流畅，车身比例协调。侧面采用非常干练的车身设计，轮廓非常大气，车顶略微下沉，D柱大幅前倾。前脸直瀑式中网让整个前脸气势十足。两侧的矩阵式灯看起来非常精致，夜间照明效果不错。尾部还是奇瑞的标志性贯穿式尾灯。
    
    





            

    内饰
        
            
            
        
        4
    
    
    内饰方面，全黑色内饰，米棕色需要顶配才能选。家里有孩子的黑色内饰比较好清洁。
触手可及的地方基本都是软的，同价位的车里面是我最喜欢的了。
    
    
    
    
    


    





            

    性价比
        
            
            
        
        5
    
    
    性价比很高，同价位不说无敌，但也是非常非常的划算了。
    
    





            
                

    配置
        
            
            
        
        5
    
    
    540度立体空调，全车27个空调出风口。
屏幕还是奇瑞经典的双联屏设计，车机采用8155芯片，非常流畅，比奇瑞其他车型反应速度快很多，语音识别速度快，还能区分主驾副驾。
中控区域少了档把显得简洁，储物空间也很充足，无线充电区域也单独配备了空调出风口，在用50W无线充的时候还可以给手机降温。
    
    
    
    
    


    




            

            



        "
刘玉杰,2023-07-12 首次发表,"
            
                
                    1000km
                    
                    行驶里程
                
                
                    8.7L
                    百公里油耗
                
                
                
                
                
                
                
                
                
                
                
                

                
                
                    17.00万
                    裸车购买价
                
                
                    2023-06
                    购买时间
                
                
                    三门峡
                    购买地点
                
            
            
    
        
            
        
    
    

    
        $(document).ready(function () {
            var koubeiid = 5047682;

        });

    


            
                最满意
                百公里8.7的油耗 确实惊呆了我 这是最满意的一点 另外瑞虎9的底盘 还是下了功夫的 比很多合资车做的都好 其次就是外观设计了很满意 平民路虎
            
            
                最不满意
                说到缺点 任何车都有 瑞虎9唯一的缺点 我觉得就是 外观设计流线型太好 导致车辆尾部太低 后备箱 空间高度 有点低了 有点压抑 其他的都挺好
            

            

    空间
        
            
            
        
        5
    
    
    前排空间很大 2米以下的个头坐进去都感觉自己是个小孩 后排就更不用说了 三人座 前后左右 都很宽敞随便躺 绝对够用 门板 后备箱 到处都是储物空间 完全不用担心不够用
    
    






                

    驾驶感受
        
            
            
        
        5
    
    
    一脚油门下去 才知道奇瑞的2.0真的不是吹得 动力随叫随到 车辆行驶不管急加速 还是匀速行驶 非常稳当 即使急转弯 颠簸路段也不会感觉车辆的稳定性会受到影响 大夏天空调全开 动力也不会受到丝毫影响 刹车性能就更不用说了 轻点匀速减档 不会点头 刹车力度稍大 它也会立马响应 关键是刹车快速还
    
    






            

            




            

    油耗
        
            
            
        
        5
    
    
    百公里8.7的油耗 中型SUV 绝对找不出第二款 这是令我最满意的一点
    
    
    
    
    


    
        城市油耗
        基本都是在市区开 8.7的油耗确实很意外
        
        
    





            
            

    外观
        
            
            
        
        5
    
    
    外观方面 这款车没的说 国产路虎 甚至比路虎更大气 更低调
    
    
    
    
    


    





            

    内饰
        
            
            
        
        5
    
    
    内饰方面 做工精细 品控很好 设计稳重不失奢华 关键是用料环保 没有任何刺激性异味
    
    
    
    
    


    
        PM2.5过滤效果
        用车中 用车前 用车后 都会有自动清洁座舱功能 随时用车都有一个 清新的环境
        
        
    
        空调效果
        空调不是一般给力 夏天1分钟就凉了 给力
        
        
    
        ☆ 氛围灯效果
        200多种颜色的氛围灯 随时可变确实高端
        
        
    





            

    性价比
        
            
            
        
        5
    
    
    16万买一台2.0T的中型SUV 主动刹车 车道偏离预警纠正 语音控制 远程控制 应有尽有 换个合资车估计 360都没有 性价比逆天
    
    
        购车优惠
        19000元置换补贴 不分品牌 只要有车就可以置换
        
        
    
        品牌评价
        最主要的就是 奇瑞全系终身质保 这也是让我最安心的一点 至少以后不用担心车辆维修的问题 敢终身质保 说明产品本身质量过关
        
        
    





            
                

    配置
        
            
            
        
        5
    
    
    8155芯片 最好的车机芯片  没有之一 人脸识别 手机50W无线充电 高德地图实时导航 抬头显示最为出众 
    
    
        手机映射兼容性
        华为 安卓 苹果全部支持  无线连接非常方便
        
        
    




            

            



        "
乌海刚子,2023-07-12 首次发表,"
            
                
                    2470km
                    
                    行驶里程
                
                
                    10.0L
                    百公里油耗
                
                
                
                
                
                
                
                
                
                
                
                

                
                
                    15.29万
                    裸车购买价
                
                
                    2023-06
                    购买时间
                
                
                    乌海
                    购买地点
                
            
            
    
    

    
        $(document).ready(function () {
            var koubeiid = 5047369;

        });

    


            
                最满意
                空间大，一家人出行坐上车后排宽宽松松的，动力足，2.0T 7DCT高速上行驶很畅快，外观时尚，长在了我的颜值线上。
            
            
                最不满意
                看网上说后排出风口很难看，后来自己看了下，可能是受影响，感觉确实有点丑。希望可以优化一下后期。
            

            

    空间
        
            
            
        
        5
    
    
    正驾驶很舒服，不会很挤。后排座3个人都很宽敞，出去旅游也不显得不舒服。
    
    
    
    
    


    






                

    驾驶感受
        
            
            
        
        5
    
    
    高速上动力很足，提速很快，超车速度很快，踩油门响应很快。
    
    






            

            




            

    油耗
        
            
            
        
        4
    
    
    高速油耗还是可以接受的，就是城里由于红绿灯油耗很高，不过毕竟动力和重量摆在那。
    
    





            
            

    外观
        
            
            
        
        5
    
    
    外观很时尚，我就是看中了它的颜值才看的它的车
    
    
    
    
    


    





            

    内饰
        
            
            
        
        4
    
    
    内饰做工很扎实，很时尚，我很喜欢。用料也很优良，该包裹的都包裹上了。
    
    





            

    性价比
        
            
            
        
        5
    
    
    性价比很高，很喜欢。2.0T的的动力很足，在15万左右的车里面很有竞争力。
    
    





            
                

    配置
        
            
            
        
        5
    
    
    该有的配置都有，360影像，道路辅助该有的都有，车机也很流畅，
    
    
    
    
    


    




            

            



        "
大晴天23,2023-07-11 首次发表,"
            
                
                    1742km
                    
                    行驶里程
                
                
                    8.3L
                    百公里油耗
                
                
                
                
                
                
                
                
                
                
                
                

                
                
                    16.29万
                    裸车购买价
                
                
                    2023-06
                    购买时间
                
                
                    日照
                    购买地点
                
            
            
    
        
            
        
    
    

    
        $(document).ready(function () {
            var koubeiid = 5046523;

        });

    


            
                最满意
                1、首先说空间吧，最开始关注这款车的时候，就觉得4820*1930的车身空间一定不会差，这一点当我见到它的那一刻就更加认定了，尤其一家人外出时把第二排放倒后简直不要太完美，长途也不用担心家人坐车太累了，能够美美的睡一觉啦。2、再说说动力吧，好像也没有什么可说的，毕竟数据在这摆着呢，购车前特地试驾了一把，好像没怎么踩油门时速就已经100多了，可惜的是试驾不能上高速感受一下，不过这一点在我提车之后立马体验了一把，怎么说呢，高速行驶平稳静谧性也不错，借用老婆的话说“好有安全感”。3、毕竟提车时间不长，最后说说内饰吧，买车之前就对比过其他车型，这里不提了省的遭围观，瑞虎9的内饰材料使用也可以称得是独一份了吧。
            
            
                最不满意
                要说不满意可能还得提后排吧，可能二排放倒后以我182的身高起身做起来会碰到，可能我没有这个福分吧，还是乖乖的当我的专职司机吧。
            

            

    空间
        
            
            
        
        5
    
    
    这台车带给我对于空间感的体验还是不错的，驾驶位腿部空间宽敞，值得一提的手扶箱好厚重，随手搭在上边感觉也特别的牢靠，提车后特地也感受了一下后排，翘个二郎腿也有了些老板的感受。家人对他的评价也是宽敞不约束。
    
    
    
    
    


    






                

    驾驶感受
        
            
            
        
        5
    
    
    用车也有3周左右了吧，动力体验挺不错的，加速噪音都还满意，行驶方向操作还是比较有质感的。
    
    
    
    感谢4S店内工作人员布置的交车仪式
    


    






            

            




            

    油耗
        
            
            
        
        5
    
    
    可能我最近跑长途频率高一些，油耗8个多，以2.0T的排量可以接受。就是不知道以市区为主会是怎样。
    
    
    
    
    


    





            
            

    外观
        
            
            
        
        4
    
    
    好多车友都提到瑞虎9的“大屁股”，真的给我一种稳重踏实的感觉。加上贯穿式的尾灯，科技感也是拉满了。
    
    
    
    
    


    





            

    内饰
        
            
            
        
        5
    
    
    购车之前也在网上看过内饰的样子，但总归是图片，当实车看到、摸到的时候确实真真切切感受到了奇瑞造车的用心，这里还是要为它点个赞。
    
    





            

    性价比
        
            
            
        
        4
    
    
    销售是一位小哥哥，看起来年纪不大，整个过程交流挺亲切的，车辆政策讲解的很清楚，该享有的也都有啦
    
    





            
                

    配置
        
            
            
        
        5
    
    
    好像也看过之前瑞虎8系列有些车主评论车机慢，但是瑞虎9不会哦，是不是有些凡尔赛，哈哈确实是，车及整个反应流畅不卡顿，8155的芯片也确实给力哈。
    
    




            

            



        "
夜舞飞碟,2023-07-11 首次发表,"
            
                
                    
                    暂无
                    行驶里程
                
                
                
                
                
                
                
                
                
                
                
                
                

                
                
                    17.30万
                    参考价格
                
                
                    2023-07
                    探店时间
                
                
                    日照
                    探店地点
                
            
            
    
        
            
        
    
    

    
        $(document).ready(function () {
            var koubeiid = 5045417;

        });

    


            
                新车好评
                瑞虎9，一款备受瞩目的新车，相信大家都非常关注它的口碑和好评。今天我去试驾感受了一下，就来为大家总结一下瑞虎9的各项亮点和槽点，希望能帮到正在考虑购买的朋友们。
首先，让我们来看看瑞虎9的价格政策。相比同级别的车型，瑞虎9的价格定位非常合理，更重要的是它的配置非常丰富。无论是安全配置还是科技配置，瑞虎9都给出了令人满意的答案。这也是让我最满意的一点，因为在这个价位上，很难找到其他车型可以与之相提并论。
其次，我们来说说瑞虎9的空间。作为一款家用SUV，瑞虎9的空间表现非常出色。不论是前排、后排还是后备箱的空间，都能满足日常的使用需求。尤其是在长途旅行时，瑞虎9的宽敞舒适的空间给乘客带来了极大的舒适感。
驾驶感受也是选择一款车型时非常重要的考虑因素之一。瑞虎9在这方面的表现也是令人满意的。它搭载了一台强大而高效的发动机，不仅动力充沛，而且转速响应快，加速迅猛。无论是城市道路还是高速公路，瑞虎9都能轻松应对。而且它的悬挂系统也经过了精心调校，提供了舒适平稳的驾驶感受。
谈到油耗问题，瑞虎9也是一款省油的车型。经过实际测试，它在市区的油耗表现非常出色，更重要的是在高速公路上的油耗也很低。这对于经常长途出行的朋友来说，无疑是一个很大的优势。
外观是瑞虎9的一大亮点，它采用了时下流行的溜背设计，线条流畅，动感十足。尤其是前脸的设计非常大气，狮眼灯组与格栅的结合更是让人眼前一亮。整体来说，瑞虎9的外观设计非常具有辨识度，给人一种非常时尚的感觉。
当然，瑞虎9的内饰也不容忽视。它采用了很多高端的材质，配备了豪华的座椅和多功能的方向盘，让驾驶者在车内感受到非常舒适的乘坐体验。而且瑞虎9的中控台设计简洁大方，各个功能区域布局合理，操作起来也非常方便。
最后，我们来说说瑞虎9的性价比。相信大家对性价比都非常关注，毕竟我们都希望能在购买车辆时物超所值。瑞虎9在这方面也是非常出色的，它的价格不高，但是配置和品质却非常不错。无论是从外观设计、内饰豪华还是动力操控等方面来看，瑞虎9都能给消费者带来很高的性价比。
综上所述，瑞虎9作为一款新车，无论是口碑还是好评都是非常不错的。它的空间、驾驶感受、油耗、外观、内饰等方面都表现出色。再加上合理的价格政策和良好的性价比，相信选择瑞虎9绝对不会让你失望。如果你正在考虑购买一款家用SUV，瑞虎9绝对是一个不错的选择！
            
            
                新车槽点
                每款车都会有一些槽点。对于瑞虎9来说，我最满意的是它的空间设计，它的后排座位空间非常宽敞，非常适合一家人出行。而最不满意的就是它的配置，相比同级别的竞品车型，瑞虎9的配置还有一些欠缺。
            

            

    空间
        
            
            
        
        5
    
    
    我们来说说瑞虎9的空间。作为一款家用SUV，瑞虎9的空间表现非常出色。不论是前排、后排还是后备箱的空间，都能满足日常的使用需求。尤其是在长途旅行时，瑞虎9的宽敞舒适的空间给乘客带来了极大的舒适感。
    
    
    
    
    


    
    
    
    


    
    
    
    


    






                

    驾驶感受
        
            
            
        
        5
    
    
    驾驶感受也是选择一款车型时非常重要的考虑因素之一。瑞虎9在这方面的表现也是令人满意的。它搭载了一台强大而高效的发动机，不仅动力充沛，而且转速响应快，加速迅猛。无论是城市道路还是高速公路，瑞虎9都能轻松应对。而且它的悬挂系统也经过了精心调校，提供了舒适平稳的驾驶感受。
    
    
    
    
    


    
    
    
    


    
    
    
    


    






            

            




            

    油耗
        
            
            
        
        5
    
    
    谈到油耗问题，瑞虎9也是一款省油的车型。经过实际测试，它在市区的油耗表现非常出色，更重要的是在高速公路上的油耗也很低。这对于经常长途出行的朋友来说，无疑是一个很大的优势。
    
    
    
    
    


    
    
    
    


    





            
            

    外观
        
            
            
        
        5
    
    
    外观是瑞虎9的一大亮点，它采用了时下流行的溜背设计，线条流畅，动感十足。尤其是前脸的设计非常大气，狮眼灯组与格栅的结合更是让人眼前一亮。整体来说，瑞虎9的外观设计非常具有辨识度，给人一种非常时尚的感觉。
    
    
    
    
    


    
    
    
    


    





            

    内饰
        
            
            
        
        5
    
    
    瑞虎9的内饰也不容忽视。它采用了很多高端的材质，配备了豪华的座椅和多功能的方向盘，让驾驶者在车内感受到非常舒适的乘坐体验。而且瑞虎9的中控台设计简洁大方，各个功能区域布局合理，操作起来也非常方便。
    
    
    
    
    


    
    
    
    


    





            

    价格政策
        
            
            
        
        5
    
    
    让我来说说瑞虎9的价格政策。作为一款中型SUV，瑞虎9的售价相对来说比较亲民，不仅价格实惠，而且性价比较高，非常适合预算有限的消费者。
    
    





            
                

    配置
        
            
            
        
        4
    
    
    瑞虎9是一款性价比很高的中型SUV。它的外观大气时尚，内饰豪华舒适，驾驶感受出色，油耗节省。虽然它的配置有一些欠缺，但考虑到它的价格，这也是可以理解的。总的来说，对于我来说，瑞虎9是一款非常满意的新车。
    
    
    
    
    


    
    
    
    


    
    
    
    


    




            

            



        "
梦醒不如初2483,2023-07-11 首次发表,"
            
                
                    
                    暂无
                    行驶里程
                
                
                
                
                
                
                
                
                
                
                
                
                

                
                
                    17.50万
                    参考价格
                
                
                    2023-07
                    探店时间
                
                
                    日照
                    探店地点
                
            
            
    
    

    
        $(document).ready(function () {
            var koubeiid = 5045406;

        });

    


            
                新车好评
                先，瑞虎9的外观设计给我留下了深刻的印象。整车线条流畅，动感十足，尤其是那个前脸的设计，非常霸气。无论是在城市还是在乡间，瑞虎9都能吸引到很多目光。

进入车内，我发现瑞虎9的内饰设计非常精致。豪华的真皮座椅，配合金属质感的饰板，让整个车内充满了高级感。而且，座椅的舒适度也是一流的，长途驾驶完全没有疲劳感。

关于驾驶感受，我觉得瑞虎9的悬挂系统做得非常出色。无论是过坎还是过弯，车身都能够保持很好的稳定性，给人一种非常安全的感觉。而且，动力方面也非常给力，加速迅猛，超车毫无压力。

再来说说瑞虎9的油耗表现，我觉得还是相当不错的。在市区里开，油耗在7-8L左右，高速巡航的时候更是省油。对于经常长途出行的人来说，这样的油耗表现是非常可观的。

最让人满意的是瑞虎9的配置。无论是主动安全系统还是娱乐系统，都非常齐全。尤其是那个大屏幕导航系统，非常好用，操作非常方便。再加上360度全景摄像头，泊车都不再是问题。

综上所述，瑞虎9作为一款中型SUV，无论是外观设计还是内饰配置，都是非常不错的。驾驶感受出色，油耗表现优秀，配置也非常丰富。当然，价格偏高和空间局促是需要考虑的因素。总体而言，瑞虎9是一款性价比相对较高的车型，如果你对空间要求不是太高，而且预算允许的话，我认为它是一款不错的选择。
            
            
                新车槽点
                对于瑞虎9来说，最大的槽点我觉得就是空间。作为一款中型SUV，后排空间相对来说有点局促，对于个子高一点的人来说坐起来可能会有些不太舒适。

我觉得瑞虎9的价格有点偏高，相对同级别的车型来说略贵一些。虽然瑞虎9的配置相对来说更丰富一些，但是对于一些预算有限的消费者来说可能会有些考虑。
            

            

    空间
        
            
            
        
        4
    
    
    首先，空间非常宽敞，无论是前排还是后排，都能感受到舒适的乘坐体验。驾驶感受更是一流，操控稳定，转弯灵活，让我真的有一种掌控力十足的感觉。
    
    
    
    
    


    
    
    
    


    






                

    驾驶感受
        
            
            
        
        5
    
    
    关于驾驶感受，我觉得瑞虎9的悬挂系统做得非常出色。无论是过坎还是过弯，车身都能够保持很好的稳定性，给人一种非常安全的感觉。而且，动力方面也非常给力，加速迅猛，超车毫无压力。
    
    






            

            




            

    油耗
        
            
            
        
        5
    
    
    再来说说瑞虎9的油耗表现，我觉得还是相当不错的。在市区里开，油耗在7-8L左右，高速巡航的时候更是省油。对于经常长途出行的人来说，这样的油耗表现是非常可观的。
    
    
    
    
    


    
    
    
    


    





            
            

    外观
        
            
            
        
        5
    
    
    首先，瑞虎9的外观设计给我留下了深刻的印象。整车线条流畅，动感十足，尤其是那个前脸的设计，非常霸气。无论是在城市还是在乡间，瑞虎9都能吸引到很多目光。
    
    
    
    
    


    
    
    
    


    





            

    内饰
        
            
            
        
        5
    
    
    进入车内，我发现瑞虎9的内饰设计非常精致。豪华的真皮座椅，配合金属质感的饰板，让整个车内充满了高级感。而且，座椅的舒适度也是一流的，长途驾驶完全没有疲劳感。
    
    
    
    
    


    





            

    价格政策
        
            
            
        
        5
    
    
    我觉得瑞虎9的价格有点偏高，相对同级别的车型来说略贵一些。虽然瑞虎9的配置相对来说更丰富一些，但是对于一些预算有限的消费者来说可能会有些考虑。
    
    





            
                

    配置
        
            
            
        
        4
    
    
    最让人满意的是瑞虎9的配置。无论是主动安全系统还是娱乐系统，都非常齐全。尤其是那个大屏幕导航系统，非常好用，操作非常方便。再加上360度全景摄像头，泊车都不再是问题。
    
    
    
    
    


    




            

            



        "
骑车独家记忆,2023-07-10 首次发表,"
            
                
                    600km
                    
                    行驶里程
                
                
                    8.6L
                    百公里油耗
                
                
                
                
                
                
                
                
                
                
                
                

                
                
                    16.29万
                    裸车购买价
                
                
                    2023-06
                    购买时间
                
                
                    青岛
                    购买地点
                
            
            
    
        
            
        
    
    

    
        $(document).ready(function () {
            var koubeiid = 5044873;

        });

    


            
                最满意
                喜欢车的前脸，配置丰富，功能强大。安全性能好，经常跑高速安全性高
            
            
                最不满意
                功能太多了，正在研究中，很多还不会操作，瑞虎9需要慢慢了解一下
            

            

    空间
        
            
            
        
        5
    
    
    空间绝对可以，点赞。经常开车回老家跑高速后排坐着舒服
    
    
    
    
    


    
        后备厢容积
        对于家里有有2个孩子的我来说，带孩子出去游玩后备箱可以放平，点赞
        
        
    
    
    
    


    






                

    驾驶感受
        
            
            
        
        5
    
    
    动力十足，不敢深踩油门，等跑高速试试效果
    
    
        起步/加速动力
        起步迅速，之前开1.5T的车，刚来瑞虎9不习惯，动力感受很好
        
        
    






            

            




            

    油耗
        
            
            
        
        5
    
    
    目前油耗8.6个油左右，等过几天跑一圈高速，估计还能降低油耗，2.0T动力比我想象的油耗低太多了
    
    





            
            

    外观
        
            
            
        
        5
    
    
    喜欢前脸和整体流线设计，后窗设计超级好看，就因为外观控才买的，
    
    





            

    内饰
        
            
            
        
        5
    
    
    刚提车没感觉到有异味，感受很好，中控仪液晶表功能很多
    
    





            

    性价比
        
            
            
        
        4
    
    
    新车优惠幅度不够，毕竟新车上市可以理解，早买早享受，新车的优惠活动很多当时花9.9盲订省了好几千元
    
    





            
                

    配置
        
            
            
        
        5
    
    
    必须满分，功能配置丰富，全景影像很清晰，晚上效果也很好，对于这么大的车倒车，过窄地方这个功能很好
    
    




            

            



        "
何处不相逢5,2023-07-10 首次发表,"
            
                
                    
                    暂无
                    行驶里程
                
                
                
                
                
                
                
                
                
                
                
                
                

                
                
                    17.49万
                    参考价格
                
                
                    2023-07
                    探店时间
                
                
                    石家庄
                    探店地点
                
            
            
    
        
            
        
    
    

    
        $(document).ready(function () {
            var koubeiid = 5044812;

        });

    


            
                新车好评
                目前驾驶奇瑞瑞虎7（5年），在车友群发先有人购买了瑞虎9，来试试。发现瑞虎9在动力、空间、内饰都全面超越了瑞虎7
            
            
                新车槽点
                外观保守，侧面无腰线，车的尺寸很大，家人和朋友都说，外观的问题，用他们的话说，这个车有点胖，再走一点这个车的8AT版本还没有上市，问了销售人员，还没有给确定的时间节点，而且目前7DCT的版本车型没有磁悬浮的配置，这个可是瑞虎9的主打配置啊，
            

            

    空间
        
            
            
        
        5
    
    
    车宽1930mm，轴距2820mm，这个尺寸对于我的身高体重来说，太宽松了。后排可以前放到，空间拓展能力不错，空间总体不错。主驾测有座椅感应，入座后座椅位置会自动调节，后排能勉强翘起二郎腿。
    
    
    
    
    


    






                

    驾驶感受
        
            
            
        
        5
    
    
    试驾的两驱车型，总体感觉就是车很大，但开起来不显得笨，方向还是很灵活的，急加速发动机响应很快，车速迅速提升，最满意的是油门踩到底发动机没有发出特别大的噪音，这个要给奇瑞点个赞，噪音控制这块有点出乎意料，告诉还没试，不知道风噪怎么样。
    
    
    
    
    


    






            

            




            

    油耗
        
            
            
        
        5
    
    
    第一次开2.0的，当时表显油耗9.1，但我只开了几公里，过程中测试了两脚急加速地板油，车是飞出去了，估计油耗也上去了。在市区估计也不准，看其它人说这个车油耗能降到7个多。后续再试
    
    
    
    
    


    





            
            

    外观
        
            
            
        
        4
    
    
    家里人和朋友都说这个车有点“胖”，除了尺寸大的因素，估计还有侧面腰线的问题吧，腰线如果再锐利些就更好了
    
    
    
    
    


    





            

    内饰
        
            
            
        
        5
    
    
    是我喜欢的风格，很稳的感觉。而且奇瑞的做工真心不错，很有质感。氛围灯，出风口，各种按键都有一种高级感。这个车还有一个意想不到的配置，车内自带香氛系统，有几种不同的场景味道，销售说说这个可以根据自己的习惯手动设置模式，好像在车内闻到了一点味道，还没研究。
    
    
    
    
    


    
    
    
    


    
    
    
    


    





            

    价格政策
        
            
            
        
        5
    
    
    新车优惠没有，而且还要等车，让人有点期待，好饭不怕晚吧，不要让我失望
    
    





            
                

    配置
        
            
            
        
        5
    
    
    配置很全了，该有的基本都有了，车机系统是155的芯片  ，操作很流畅，功能也很丰富。其它的什么360全景、抬头显示，人脸识别、座椅通风加热、无线手机充电、车载香氛系统、索尼音响、电开门、行车辅助驾驶、还有很多功能在车机里面设置  ，还没有研究透，后续还要继续摸索，应该能满足我大部分需求了。
车基本锁定了，8AT我是等不及了，大家觉得这个车怎么样？提过车的车友还发现有什么优缺点，欢迎留言交流下👇
    
    
    
    
    


    
    
    
    


    
    
    
    


    




            

            



        "
535232081,2023-07-10 首次发表,"
            
                
                    2000km
                    
                    行驶里程
                
                
                    9.0L
                    百公里油耗
                
                
                
                
                
                
                
                
                
                
                
                

                
                
                    15.00万
                    裸车购买价
                
                
                    2023-05
                    购买时间
                
                
                    潍坊
                    购买地点
                
            
            
    
        
            
        
    
    

    
        $(document).ready(function () {
            var koubeiid = 5044053;

        });

    


            
                最满意
                外观方面设计大气、时尚，线条流畅，给人一种力量感与稳重感。内饰采用了高品质的材料，整体质感非常出色，车内空间宽敞舒适，不会拥挤造成压迫感。搭载2.0T发动机，动力非常充足，完全满足了男人的胜负欲，实现了超车自由。瑞虎9配备了丰富的主动安全配置，包括车道偏离预警、盲点监测、自动紧急制动等功能。此外，车辆还配备了多项被动安全配置，如前排双安全气囊、侧气囊、窗帘气囊等。这些安全配置为车内乘客提供了全方位的保护。瑞虎9整车也是科技十足，不管是隐藏式门把手、还是电子按键开门、怀挡等等。不满意：
            
            
                最不满意
                没有，非常好。非常用心？非常喜欢。非要挑毛病，真挑不出来
            

            

    空间
        
            
            
        
        5
    
    
    空间方面：车身尺寸为4820×1930×1699mm，轴距能达到2820mm，本人身高180，前排驾驶位空间非常充足，腿部伸展完全没有问题，不会拥挤。后排也非常宽敞，翘起郎腿也绰绰有余，后排座椅还配备了加热和通风功能，大大提升了乘坐舒适度。
    
    
    
    
    


    
    
    
    


    
        乘坐空间
        非常舒服哈
        
        
    






                

    驾驶感受
        
            
            
        
        5
    
    
    动力方面，瑞虎9搭载了一台2.0T涡轮增压发动机，动力输出平顺稳定，提速非常快，轻轻一踩就窜出去了，所以提醒大家日常开车一定要注意。不过也有一个让我们男人比较快乐的事，就是等红绿灯的时候，毫不夸张，我永远是第一个，把他们都甩的远远的。瑞虎9还提供多种驾驶模式供选择，以满足不同驾驶场景的需求。悬挂系统调校得当，日常走乡间颠簸路段，坐着的舒适度也比较好。同时这个车，还有主动刹车功能，毕竟有时开车想事情，会分神的时候，能很好的避免交通事故的发生。
    
    






            

            




            

    油耗
        
            
            
        
        5
    
    
    油耗： 我一般日常在市区开，偶尔周六、周天会回到村里，目前整体油耗在9个多。如果日常在市区开的话，油耗在10个多，毕竟市区早高峰、晚高峰太堵了，根本跑不起来，这个油耗已经很满足了。
    
    





            
            

    外观
        
            
            
        
        4
    
    
    外观方面设计大气、时尚，线条流畅，给人一种力量感与稳重感。内饰采用了高品质的材料，整体质感非常出色，车内空间宽敞舒适，不会拥挤造成压迫感。搭载2.0T发动机，动力非常充足，完全满足了男人的胜负欲，实现了超车自由。瑞虎9配备了丰富的主动安全配置，包括车道偏离预警、盲点监测、自动紧急制动等功能。此外，车辆还配备了多项被动安全配置，如前排双安全气囊、侧气囊、窗帘气囊等。这些安全配置为车内乘客提供了全方位的保护。瑞虎9整车也是科技十足，不管是隐藏式门把手、还是电子按键开门、怀挡等等。
    
    





            

    内饰
        
            
            
        
        5
    
    
    瑞虎9内饰采用了大量优质软质材料，触感细腻，颜色搭配也非常的合理，整理感觉就高级满满。车内空间设计简约大气，中控台布局合理，操作便捷。此外，多功能方向盘和高清液晶仪表盘等配置，为驾驶者提供了良好的驾驶体验。瑞虎9搭载了香氛系统，一打开车门，香气扑面而来，让一天的心情都变的美好。同时这个车还配备了256色氛围灯，会谁着音乐来跳动不同的颜色，还有12个索尼音响。晚上在回家路上，放着音乐、感受氛围灯带来的浪漫，真的可以消除一天的疲惫。怀挡、电子按键的开门都是豪华车上才配备的配置，瑞虎9上都有。有次朋友有急事，开我的车出去，出不来了，不知道怎么开门了。现在已经进入夏季了，内饰有一个福音，就是有一个移动的小冰箱，就是在中央扶手的位置。
    
    





            

    性价比
        
            
            
        
        5
    
    
    可能17万多买这么一台车，有些朋友觉得不可思议，为什么不去买个合资车呢？因为你花相同的价格的钱去买个合资车，根本不会像国产车这样，配备这么多功能，智能方面也不会配备这么高。而且现在瑞虎9刚上市就推出来了，置换补贴19000的政策，对于我这种要置换的人来说，这个政策太吸引人了。同时我关注这款车已经很长时间了，当时直播间有个9.9元盲订，可以省小4000，我就下手了，当时享反正9.9元买不买车也退，实在不退也没啥，现在想想还挺值的，比其他人还额外省小4000。
    
    





            
                

    配置
        
            
            
        
        5
    
    
    配置：奇瑞瑞虎9在配置方面表现相当全面，包括智能钥匙、一键启动、倒车影像、导航系统、全景天窗、自动空调、电动座椅调节、透明底盘、自适应巡航等众多实用功能，进一步提高了驾乘的舒适性。还有语音控制系统，在行驶过程中，保证驾驶人员的安全，非常的便捷。
    
    
    
    
    


    




            

            



        "
努力的打工魂,2023-07-09 首次发表,"
            
                
                    1032km
                    
                    行驶里程
                
                
                    10.2L
                    百公里油耗
                
                
                
                
                
                
                
                
                
                
                
                

                
                
                    16.29万
                    裸车购买价
                
                
                    2023-06
                    购买时间
                
                
                    南通
                    购买地点
                
            
            
    
    

    
        $(document).ready(function () {
            var koubeiid = 5043331;

        });

    


            
                最满意
                原来开的是日产天籁，打算换车，朋友有台瑞虎8说开的很好，经常在我面前讲换车建议我也换奇瑞，抱着好奇的心态去南通的乾通奇瑞4S店试驾瑞虎9，一下子被霸气的外形惊艳到了，瑞虎9空调真大，配备的20寸轮毂，还是米其林轮胎，满满的安全感，试驾过程中感觉动力随叫随到，驾驶平顺，舒适感很好，内饰做工精细，8155芯片，大屏响应速度快，还是全程语音控制，非常满意，我个人决定想买瑞虎9，回家后跟家里人商量，家人坚持还要换个合资车，有点纠结，个人感觉现在国产车做的确实比合资车好太多了，期间销售员联系了我两次，我就背着家里人，去提了车，男人，坚持自己认为对的，肯定没错
            
            
                最不满意
                提车后有次洗车时候发现驾驶座外面黑色饰板下方有点割手，不影响我喜欢瑞虎9，可能这就是瑞虎9唯一一点不满意的地方吧
            

            

    空间
        
            
            
        
        5
    
    
    一米八的身高，坐在前排，空间非常宽松，头顶还有两拳不到一点
    
    
    
    
    


    






                

    驾驶感受
        
            
            
        
        4
    
    
    加速平顺，动力随叫随到，红绿灯起步稍微偏慢一点，可能是我没舍得踩油门吧
    
    
    
    
    


    






            

            




            

    油耗
        
            
            
        
        4
    
    
    油耗10.2，这么大车，上下班，红绿灯，走走停停的，能接受
    
    





            
            

    外观
        
            
            
        
        5
    
    
    外观大气，非常喜欢，这个形状的前格栅，和这个贯穿式尾灯，非常漂亮
    
    
    
    
    


    
    
    
    


    
    
    
    


    





            

    内饰
        
            
            
        
        4
    
    
    做工精细，座椅通风在这个季节非常实用，长时间开车再也不用屁股后背一身汗了
    
    





            

    性价比
        
            
            
        
        4
    
    
    20寸大轮毂配米其林轮胎，8155芯片大屏，同级别车少有
    
    
    
    
    


    
    
    
    


    
    
    
    


    





            
                

    配置
        
            
            
        
        5
    
    
    清晰的全景影像，8155芯片的大屏，反应非常灵敏，车道偏离，盲区检测，碰撞辅助都非常实用
    
    
    
    
    


    




            

            



        "
宜春车友5686162,2023-07-09 首次发表,"
            
                
                    2000km
                    
                    行驶里程
                
                
                    7.5L
                    百公里油耗
                
                
                
                
                
                
                
                
                
                
                
                

                
                
                    17.00万
                    裸车购买价
                
                
                    2023-06
                    购买时间
                
                
                    宜春
                    购买地点
                
            
            
    
        
            
        
    
    

    
        $(document).ready(function () {
            var koubeiid = 5043053;

        });

    


            
                最满意
                全款刚提的新车，比较了很多品牌最后选择了这款瑞虎9，被它帅气的外表迷住了，前脸采用垂瀑式飞流格栅，发光LOG灯，个性又时尚。AR-HUD显示屏特别方便，比传统的抬头显示更安全，字体也更加的大，信息更全面，眼睛不离路，行车更安全，没想到的是这个大家伙油耗表现竟然也是不错的，双十佳的发动机变速箱。百公里提速7秒级别，超车再也不用担心动力不足了，还有终身质保，售后肯定是不用担心啦！
            
            
                最不满意
                目前没有什么不满意的地方，各方面都表现很棒，奇瑞越来越强，国产品牌也越来越好！支持奇瑞
            

            

    空间
        
            
            
        
        5
    
    
    
    
    
        后备厢容积
        这是清空了的后备箱，后备箱空间是特别足的，节假日自驾游，回丈母娘家，能带的东西特别多
        
        
    
        乘坐空间
        乘坐空间很足，180的大高个也不会觉得拥挤
        
        
    
    
    
    


    
        ☆ 空间设计亮点
        空间设计巧妙放置物品十分方便
        
        
    
    
    
    


    






                

    驾驶感受
        
            
            
        
        5
    
    
    动力很给力，百公里提速7秒级别，油耗才7点多，没有顿挫感。
    
    
    
    
    


    






            

            




            

    油耗
        
            
            
        
        5
    
    
    百公里油耗7点多，对于这个大家伙来说，这个油耗我特别的满意了。
    
    
    
    
    


    





            
            

    外观
        
            
            
        
        5
    
    
    前脸采用垂瀑式飞流格栅，发光LOG灯，个性时尚
    
    





            

    内饰
        
            
            
        
        5
    
    
    内饰低调奢华上档次，空调有26个鼓风机车内的任何一个位置都能专属空调
    
    





            

    性价比
        
            
            
        
        5
    
    
    性价比还是比较高的，购车置换有1.8万的优惠，目前还没有出现任何故障，售后服务特别好，还建立了专属的多对一客户群
    
    





            
                

    配置
        
            
            
        
        5
    
    
    车机功能的流畅度非常好，语音交互的准确度也高，很少有错误的情况出现
    
    




            

            



        "
syq_1588,2023-07-09 首次发表,"
            
                
                    1000km
                    
                    行驶里程
                
                
                    8.0L
                    百公里油耗
                
                
                
                
                
                
                
                
                
                
                
                

                
                
                    15.59万
                    裸车购买价
                
                
                    2023-05
                    购买时间
                
                
                    安阳
                    购买地点
                
            
            
    
    

    
        $(document).ready(function () {
            var koubeiid = 5042859;

        });

    


            
                最满意
                外观没得说，我很喜欢，车头比较霸气，侧面线条流畅，看起来很大气，悬浮式车顶很时尚，贯穿式一体后尾灯很有辨识度。内饰黑色更显大气，内涵，用料不错，都是软包，手感特别好，无论是外观还是内饰都媲美三十多万合资车。
            
            
                最不满意
                市区里面开空调的话综合油耗10个左右，对于中型suv这个油耗还可以接受，高速大概7-8个左右。油耗目前还算满意
            

            

    空间
        
            
            
        
        5
    
    
    空间完全不用担心，非常大，前后排翘二郎腿，空间都还很富裕，腿长的完全不用担心别扭，而且后排可以放平，放平之后空间更大了，后备箱也能放挺多东西，自驾游很不错。
    
    
    
    
    


    






                

    驾驶感受
        
            
            
        
        5
    
    
    输出动力绰绰有余，起步加速这些反应迅速，不过起步会有轻微抖动，不知道为啥，提速感明显，运动模式下，油门感觉一踩车就要冲出去的感觉，动力十足，高速上超车基本上油门随踩随有。而且过弯五六十码车也不会很飘，底盘稳。比较不错的是这车方向盘轻重可以调节，调到自己最合适的手感，开起来得心应手。
    
    
    
    
    


    






            

            




            

    油耗
        
            
            
        
        5
    
    
    市区里面开空调的话综合油耗10个左右，对于中型suv这个油耗还可以接受，高速大概7-8个左右。毕竟夏天到了不开空调的话，车里都没法呆，油耗目前还算满意
    
    





            
            

    外观
        
            
            
        
        5
    
    
    车头比较霸气，侧面线条流畅，看起来很大气
    
    
    
    
    


    





            

    内饰
        
            
            
        
        5
    
    
    当前比较流行的中控台设计方式，双联屏设计能够营造出一定的科技氛围；屏幕下方回字形的空调出风口很有特色。方向盘、挡把等区域似乎采用了虚拟按键，更具有科技感。
    
    
    
    内饰的豪华感觉营造的不错，车机8155也很流畅。
    


    





            

    性价比
        
            
            
        
        5
    
    
    起步提速快，换挡很顺畅，我一般都用标准模式，2.0的动力基本上没事就和别人蹦一蹦，如果切到运动模式的话，提速会更快，而且这台车比之前有改进的就是油门迟滞要小一点，动力来得很快。转向还是比较精准的，而且方向盘转弯的时候比较轻，但是在直线加速的时候，速度越快，方向盘越沉，这个应该是一种保护机制，
    
    





            
                

    配置
        
            
            
        
        5
    
    
    基本配置都有，完全满足日常开车使用了。360影像，用起来很顺手
    
    
    
    抬头显示
    


    
    
    
    


    
    
    
    


    




            

            



        "
原来可以0000,2023-07-08 首次发表,"
            
                
                    
                    暂无
                    行驶里程
                
                
                
                
                
                
                
                
                
                
                
                
                

                
                
                    16.29万
                    参考价格
                
                
                    2023-07
                    探店时间
                
                
                    延安
                    探店地点
                
            
            
    
        
            
        
    
    

    
        $(document).ready(function () {
            var koubeiid = 5041876;

        });

    


            
                新车好评
                作为一名车粉，每一款车上市都是追求和探索的目标。
奇瑞品牌在我们当地的口碑也很不错，最喜欢的还是它的发动机，去年一直盼着2.0T的出来，今年5月份终于上市露面了。
虽然网络很发达，没见过实车，在网上看过很多相关信息，也被虎9给震撼了一下。
也就在上市后得空，在当地4S店预约了试乘试驾体验。
总结如下：
1.颜值:虎9颜值厚重，前脸大灯与格栅搭配起来很美观，属于霸道的温柔总裁，灵动愉悦
2.动力:搭载2.0T发动机，爆发力极强，加速很快，也很稳
3.内饰:木质白灰条纹中控装饰，大面积麂皮皮质软包，悬浮式中控台，回字金字塔式出风口层次感十足。
4.配置:搭载麦格纳7DCT，顶配更是搭载8AT，815的芯片，隐藏式门把手，全息标配ACC全速域自适应巡航，540°透明底盘环影，自动启停、交通标志识别、碰撞预警、开门预警等，索尼音响，感受好音质

总之一句话:瑞虎9虎头虎脑，颜值、动力、配置不输豪华品牌
            
            
                新车槽点
                当然说了那么多，瑞虎9也有缺点:
1.车型太大，比较考验驾驶能力，也有一种让人心动被说了一句：你不合适，失恋的感觉
2.前部视眼有点不太明朗，初次体验可能不适应
            

            

    空间
        
            
            
        
        5
    
    
    空间很宽敞，座椅舒适，第一排与第二排间距也很大
    
    
    
    
    


    
    
    
    


    
    
    
    


    






                

    驾驶感受
        
            
            
        
        5
    
    
    加速很快，崎岖路面颠簸平缓，胎噪不大，换挡快
    
    
    
    
    


    






            

            




            

    油耗
        
            
            
        
        5
    
    
    对于一个2.0T的来说，一般油耗会很高，虎9的是8个左右的油耗
    
    
    
    
    


    





            
            

    外观
        
            
            
        
        5
    
    
    整体很大气，车身腰线明朗，流线感强，前脸真的很大气，很喜欢
    
    
    
    
    


    
    
    
    


    





            

    内饰
        
            
            
        
        4
    
    
    内饰无异味，带点淡淡的香味，内饰搭配整体给还不错
    
    
    
    
    


    
    
    
    


    
    
    
    


    





            

    价格政策
        
            
            
        
        4
    
    
    置换补贴:19000,很划算
金融分期:2年/3年免息政策
购车送礼品等等，优惠力度还是挺丰富的
    
    





            
                

    配置
        
            
            
        
        5
    
    
    配置相当多，安全配制比例占比大，自适应巡航、开门预警等
    
    
    
    
    


    
    
    
    


    
    
    
    


    




            

            



        "
日照帅小伙,2023-07-08 首次发表,"
            
                
                    
                    暂无
                    行驶里程
                
                
                
                
                
                
                
                
                
                
                
                
                

                
                
                    17.49万
                    参考价格
                
                
                    2023-06
                    探店时间
                
                
                    日照
                    探店地点
                
            
            
    
        
            
        
    
    

    
        $(document).ready(function () {
            var koubeiid = 5040717;

        });

    


            
                新车好评
                瑞虎9，一款让人期待已久的豪华SUV。近日，我有幸参与了瑞虎9的试驾活动，亲身感受到了这款车的卓越表现。现在，就来和大家分享一下我对瑞虎9的试驾感受吧！
首先，瑞虎9的外形设计简直太吸引眼球了！它采用了流线型的车身设计，动感十足。大尺寸的进气格栅搭配犀利的大灯组，让整个前脸看起来非常霸气。车身线条流畅，融入了一些家族化的元素，让整个车型更具辨识度。而金属质感的车身颜色更是给人一种高级感，让人不禁想要一探究竟。
当我走进车内，我立刻被瑞虎9的内饰设计所折服。宽敞的座舱空间给人一种宽广的视野，而豪华的真皮座椅和用料考究的内饰则展现出瑞虎9的高端品质。中控台采用了大尺寸的液晶屏和触摸屏，功能齐全且操作便捷。此外，瑞虎9还搭载了一套先进的音响系统，音质出色，让人尽享沉浸式的音乐享受。
在试驾过程中，瑞虎9的操控感给我留下了深刻的印象。它搭载了一台动力强劲的发动机，加速迅猛，响应敏捷。底盘调校得当，车辆的稳定性非常好，即使在高速行驶时也能保持稳定。而且，它的转向精准，给人一种非常自信的驾驶感。总的来说，瑞虎9的操控感非常出色，让我对它的驾驶性能赞不绝口。
在舒适度方面，瑞虎9也做得非常出色。它采用了一套高级的悬挂系统，过滤了路面的颠簸，让乘坐者感觉非常舒适。而且，瑞虎9的座椅也非常舒适，能够提供良好的支撑力和包裹感。此外，车内的噪音控制也非常出色，车内的噪音几乎感觉不到，让整个驾乘过程更加宁静。
最后，我要说一下瑞虎9的空间表现。作为一款豪华SUV，瑞虎9的空间表现当然非常出色。前排和后排都有足够的腿部空间和头部空间，乘坐起来非常舒适。而且，瑞虎9还提供了大容量的后备厢空间，可以满足各种出行需求。无论是家庭出游还是长途旅行，瑞虎9都能够给乘坐者带来舒适的空间体验。
总而言之，瑞虎9是一款外形吸睛、内饰豪华、操控出色、舒适度高、空间宽敞的豪华SUV。通过试驾，我深深感受到了这款车的魅力与实力。如果你也对瑞虎9感兴趣，不妨亲自试驾一下，相信你会被它所征服！
            
            
                新车槽点
                我是奇瑞QQ的车主，瑞虎9直接颠覆了我的感官，刚看最近要换一辆车，我感觉价格合适，准备入手瑞虎9了。太心动了。
            

            

    空间
        
            
            
        
        5
    
    
    我要说一下瑞虎9的空间表现。作为一款豪华SUV，瑞虎9的空间表现当然非常出色。前排和后排都有足够的腿部空间和头部空间，乘坐起来非常舒适。而且，瑞虎9还提供了大容量的后备厢空间，可以满足各种出行需求。无论是家庭出游还是长途旅行，瑞虎9都能够给乘坐者带来舒适的空间体验。
    
    
    
    
    


    
    
    
    


    
    
    
    


    






                

    驾驶感受
        
            
            
        
        5
    
    
    舒适度方面，瑞虎9也做得非常出色。它采用了一套高级的悬挂系统，过滤了路面的颠簸，让乘坐者感觉非常舒适。而且，瑞虎9的座椅也非常舒适，能够提供良好的支撑力和包裹感。此外，车内的噪音控制也非常出色，车内的噪音几乎感觉不到，让整个驾乘过程更加宁静。
    
    
    
    
    


    
    
    
    


    
    
    
    


    






            

            




            

    油耗
        
            
            
        
        5
    
    
    油耗这个试驾感觉不出来，听销售介绍油耗特别低，节能环保，大约六七个油左右。
    
    
    
    
    


    





            
            

    外观
        
            
            
        
        5
    
    
    瑞虎9的外形设计简直太吸引眼球了！它采用了流线型的车身设计，动感十足。大尺寸的进气格栅搭配犀利的大灯组，让整个前脸看起来非常霸气。车身线条流畅，融入了一些家族化的元素，让整个车型更具辨识度。而金属质感的车身颜色更是给人一种高级感，让人不禁想要一探究竟。
    
    
    
    
    


    
    
    
    


    
    
    
    


    





            

    内饰
        
            
            
        
        5
    
    
    当我走进车内，我立刻被瑞虎9的内饰设计所折服。宽敞的座舱空间给人一种宽广的视野，而豪华的真皮座椅和用料考究的内饰则展现出瑞虎9的高端品质。中控台采用了大尺寸的液晶屏和触摸屏，功能齐全且操作便捷。此外，瑞虎9还搭载了一套先进的音响系统，音质出色，让人尽享沉浸式的音乐享受。
    
    
    
    
    


    
    
    
    


    
    
    
    


    





            

    价格政策
        
            
            
        
        4
    
    
    价格希望能够再优惠一些，可以做一些大的活动来推销一下瑞虎9，一定可以大卖。
    
    





            
                

    配置
        
            
            
        
        5
    
    
    瑞虎9拥有一系列豪华配置，如大面积全景天窗、舒适皮质座椅、智能语音导航等等，让你的驾驶体验更加舒适、便捷。动力方面，瑞虎9搭载了一台高效可靠的发动机，动力输出稳定，加速迅猛。
    
    
    
    
    


    
    
    
    


    




            

            



        "
只要我的名字够长,2023-07-08 首次发表,"
            
                
                    
                    暂无
                    行驶里程
                
                
                
                
                
                
                
                
                
                
                
                
                

                
                
                    17.50万
                    参考价格
                
                
                    2023-07
                    探店时间
                
                
                    商洛
                    探店地点
                
            
            
    
        
            
        
    
    

    
        $(document).ready(function () {
            var koubeiid = 5040681;

        });

    


            
                新车好评
                哈喽，大家好，我是2021款奇瑞瑞虎8鲲鹏版的车主，不知不觉买车已经一年半了，瑞虎8目前一切都很正常，今天来为大家分享一下5月30日上市的奇瑞旗舰suv瑞虎9！瑞虎9这款车一直因为工作原因都是在网上了解，今天有幸看到实车，一共五款车型，售价15.29-20.99万元，我今天试驾的这一款是2023款400T两驱尊贵版的五座版本。和我的瑞虎8比起来，这款车让我最心动的地方就是他的外观，和他搭载的CDC悬挂。还有他充沛的动力！
            
            
                新车槽点
                接下来，吐槽一下这款车的不足之处，虽然隐藏式门把手是时下流行，但是任然还是有点担心，冬天冻雨，冻住就非常不方便，可能也是我想多了，我个人有点排斥隐藏式门把手！
            

            

    空间
        
            
            
        
        5
    
    
    空间方面，这款车长4820mm，车宽1930mm，轴距2820mm，我身高1.78米，主驾驶位置调到最舒服的位置，一般座椅我喜欢调的高一点，头部空间距离车顶棚还有一拳多的距离，明显感觉比我的瑞虎8大了一点！副驾驶位也一样，正常成年人乘坐完全没有问题，最值得一提的事他的后排空间，我坐上去带一点葛优躺的座椅，腿部距离前排空间仍然很可观，竟然可以翘起二郎腿。后备箱空间也是大的出奇，本来我以为打开他，就那么大空间，拉起来后备箱下面的隔板，下层仍然还有一个夹层，大概20公分左右的深度，储物空间相当强悍！
    
    
    
    
    


    
    
    
    


    
    
    
    


    






                

    驾驶感受
        
            
            
        
        5
    
    
    因为我本身就是1.6T的车型，动力方面我日常使用已经非常满意了，而且这款车全系搭载2.0T的鲲鹏动力发动机，扭矩更是达到了400T，还有三种驾驶模式调节，无论是低速起步，还是中后段加速，或者地板油，都有着非常不错的线性动力输出，几乎是随叫随到，唉，我是真的后悔当时我的瑞虎8没有上2.0T的！当然，这种格特拉克7DCT的变速箱换挡平顺性也有所提升，我的瑞虎8低速就有一点明显顿挫，但是瑞虎9就调教的非常不错，低速只有那么一点点顿挫，几乎可以说没有！再者，本次试驾的瑞虎9不是高配，没有配备CDC电磁悬挂，但行驶过程中跟我的瑞虎8比起来可就是质的提升！滤震效果非常不错！最后就是关于他的刹车脚感，刹车系统的整体表现还是非常线性的，刹车踏板也是随踩随有，并且急刹并没有点头那么厉害，不得不说，也是一次非常大的提升！
    
    
    
    
    


    
    
    
    


    






            

            




            

    油耗
        
            
            
        
        5
    
    
    油耗一直也是车友们最关心的问题，这么大的一个车，这么大排量，我开了差不多15公里左右，而且一直开着空调，表显油耗为10.3，我觉得这个油耗表现应该还可以再低一点，因为我试驾过程中，有城市道路，加上红绿灯，车速也快不起来，所以油耗方面我也是比较满意的！
    
    
    
    
    


    





            
            

    外观
        
            
            
        
        5
    
    
    作为奇瑞的旗舰车型，瑞虎9的外观明显感觉大气加霸气可许多，前脸依旧采用多边形的大尺寸进气格栅，加上他的扁平的发光车标，顿显大气，车身侧面，前面和后面通过一条隆起的腰线，很有感觉。后尾灯依然是贯穿是设计，这也是我的最爱，当初我选择瑞虎8的时候也是因为非常喜欢这个贯穿式尾灯！
    
    
    
    
    


    
    
    
    


    
    
    
    


    





            

    内饰
        
            
            
        
        4
    
    
    内饰方面，整体造型上端庄稳重，并且整个仪表台采用麂皮材质包覆，下面用的是以中控台为中心两侧贯穿到门饰板饿的TOM工艺木纹装饰面板，不但高级了许多，并且还营造出非常不错的质感和档次！另外，在 包括车内面板，中央扶手箱乃至车辆座椅等部位，瑞虎9还采用了金色缝线加以点缀，进一步丰富了车辆内饰的观感，同时也显得更加细腻。
    
    
    
    
    


    
    
    
    


    
    
    
    


    





            

    价格政策
        
            
            
        
        4
    
    
    新车价格方面的话，全系综合优惠27000，其中包含旧车置换的19000（旧车不分品牌），和8000的金融礼，购置税的话根据车辆的发票价格计算购置税，保险的话，一般新车5000块左右。
    
    





            
                

    配置
        
            
            
        
        5
    
    
    内饰方面，平底化设计的三幅式多功能方向盘，采用皮质材料包裹，手感颇为舒适。值得一提的是，瑞虎酒采用了拐挡式设计的电子档杆，并且还在方向盘上配备有换挡拨片。并且像360还有acc自适应巡航的辅助驾驶功能应有尽有，对于一些新手刺激来说非常方便。还有一体式的双联屏，也是这辆车的亮点所在，营造出了非常不错的科技感，而且它还搭载高通骁龙的8155芯片配备全新一代雄狮智云系统。另外这台车的空调系统也非常给力，尤其后排的。从整体的配置来看，他的怀档可能是因为我第一次开这种车有一点不习惯。其他方面比起我的瑞虎8可是强太多了。
    
    
    
    
    


    
    
    
    


    
    
    
    


    




            

            



        "
奋斗0529,2023-07-07 首次发表,"
            
                
                    
                    暂无
                    行驶里程
                
                
                
                
                
                
                
                
                
                
                
                
                

                
                
                    19.50万
                    参考价格
                
                
                    2023-07
                    探店时间
                
                
                    佛山
                    探店地点
                
            
            
    
        
            
        
    
    

    
        $(document).ready(function () {
            var koubeiid = 5040417;

        });

    


            
                新车好评
                作为一个奇瑞汽车的老车主，我的12年的奇瑞旗云5，这辆车让我非常省心，除了日常保养跟一些易损件的更换，其他的还是原厂未动，车辆4S店保养的时候，在展厅一眼就看到了奇瑞瑞虎9静静的在店里展示着，作为奇瑞全新旗舰suv瑞虎9，从外观上看，有很大的气场，特别是前脸的大尺寸中网，加上镀铬格栅，给人带来很强的视觉冲击力，看起来霸气十足。整车配置也非常高，电动隐藏式门把手看起来非常豪华，瑞虎9的内饰设计很出色，做工非常的精湛，而且用料非常扎实，坐在车内没有一点异味，空间也非常的大，1.7米我坐上去离车顶还有两拳多的距离，后排3个成年人坐上去都毫无压力，距离前排座椅还有两拳多的距离，空间非常充足，还有瑞虎9这个怀档必须给奇瑞点赞👍，对我个人而言这个怀档非常实用，可以把双手一直放在方向盘上了，也使整个仪表台看起来更加简洁大气上档次。
            
            
                新车槽点
                整车设计非常好，配置也非常高，如果非要说什么不好的地方，我个人认为那个手刹开关，安装在左边方向盘下边的饰板上，拉手刹或者解手刹的时候习惯性用右手去拉，想一想原来手刹开关在左边，加上座椅调后一点的时候手也不够长，但根据销售人员介绍有自动驻车功能，平时也不需要去按动开关，毕竟之前开的车都是手刹在右边的机械手刹，一时半会还没有习惯。总体来说奇瑞瑞虎9还是非常值得入手的。
            

            

    空间
        
            
            
        
        5
    
    
    奇瑞全新旗舰瑞虎9车型整车使用空间非常充足，设计非常人性化，两前座椅都是电动座椅有加热通风等功能，1.7米坐上去都还有两拳半有多才到车顶，后排座椅也是3个成年人坐上去一点都不会觉得拥挤，距离前排座椅还有差不多两拳半有多，后排还可以手动前后调节，靠背也可以调节，还可把后排放倒，这样瑞虎9的后排➕后备箱就是一个妥妥的移动大尺寸床的，打开全景天窗晚上还可以看星星。
    
    
    
    
    


    
    
    
    


    
    
    
    


    






                

    驾驶感受
        
            
            
        
        5
    
    
    由于试驾是在一般城市道路，2.0t的发动机➕湿式双离合变速箱，让瑞虎9行驶起来动力十足，起步非常平顺，换档平顺加减档非常快。湿式双离合变速箱，比干式双离合变速箱换挡平顺度，响应速度非常快，加上2.0t的动力加持，动力杠杠滴，油门踏板的反应非常直接。车速一下就上去了。
    
    
    
    
    


    
    
    
    


    
    
    
    


    






            

            




            

    油耗
        
            
            
        
        5
    
    
    根据官方公布的数据,瑞虎9的综合工况油耗为7.8L/100km1,这个数据在同级别中属于中等水平。当然,实际油耗还要根据驾驶习惯、路况、车况等因素而有所差异。根据汽车之家论坛上部分车主的反馈,瑞虎9的实际油耗在8-10L/100km之间,其中高速油耗在7-8L/100km,市区油耗在9-11L/100km。
    
    





            
            

    外观
        
            
            
        
        5
    
    
    外观方面，新车采用了全新家族式设计，前脸配备了尺寸非常大的直瀑式中网，搭配可发光的车标，具有较强的科技感与辨识度，两侧还搭配了矩阵式LED大灯，使整车看起来非常霸气。车侧，新车采用了双色车身，配备了隐藏式门把手，搭载了20英寸密辐式轮圈，使新车的科技氛围也更加浓厚。新车的尾部，配备了贯穿式尾灯，点亮后视觉宽度十分大气。
    
    
    
    
    


    
    
    
    


    
    
    
    


    





            

    内饰
        
            
            
        
        5
    
    
    瑞虎9的座舱内部简洁且富有层次感，大面积双拼色设计配合镀铬装饰及木纹饰板进行修饰，进一步提升了车内的豪华品质。从图片可以看出，瑞虎9在车内配备了氛围灯，为夜晚增添了不错的视觉效果。前档玻璃跟两前车窗玻璃使用的静音玻璃，后排玻璃使用的隐私玻璃。
    
    
    
    
    


    
    
    
    


    
    
    
    


    





            

    价格政策
        
            
            
        
        5
    
    
    因为我看的是高配版本，销售人员介绍说全包是19.5万。
    
    





            
                

    配置
        
            
            
        
        5
    
    
    该车我最满意的是2.0t➕湿式双离合变速箱，加车机的8155芯片。抬头显示。最不满意的就是这个手刹开关了。
    
    
    
    
    


    




            

            



        "
越来越好1984,2023-07-07 首次发表,"
            
                
                    
                    暂无
                    行驶里程
                
                
                
                
                
                
                
                
                
                
                
                
                

                
                
                    17.20万
                    参考价格
                
                
                    2023-07
                    探店时间
                
                
                    长沙
                    探店地点
                
            
            
    
        
            
        
    
    

    
        $(document).ready(function () {
            var koubeiid = 5040303;

        });

    


            
                新车好评
                很久开始关注奇瑞的车型， 因为家里都比较喜欢中大型SUV从瑞虎9谍 照曝光开始就比较关注。五一车展的时候就 见到了实车当时就是挺震撼的，由于人多也 没有仔细体验，其实那会就已经种草了。 首 先看到的它的前脸，直瀑式中网让整个前 脸 显得非常厚重。两侧的全LED矩阵式灯配 合 熏黑的灯腔看起来非常的精致，夜晚照射 效 果也非常不错。车身侧面平真的双腰线尽 显 成熟稳重，侧身颜值无敌的存在。全系标 配 20寸的熏黑的花式轮毂尽显大气
            
            
                新车槽点
                不少人吐槽后排出风口有点吓人 看图片真的 有点不舒服 还有电释放功能 基本不常用
            

            

    空间
        
            
            
        
        5
    
    
    车形比例控制得比较协调，有着非常大的乘坐空间。在看后排空间也是非常的大，后排也有很大前后移动空间，座椅脚底基本上是平的 后备箱空间非常大，而且平整简约看起来很整齐
    
    
    
    
    


    






                

    驾驶感受
        
            
            
        
        5
    
    
    驾驶感受动力很强劲，不管是超车还是起 步，轻点油门就能走啦，超车也很灵活
    
    






            

            




            

    油耗
        
            
            
        
        4
    
    
    市区来说油耗有一点高，毕竟车比较大。还算可以接受市区的话10-12都是正常范围毕竟这么大的车在这呢
    
    
    
    
    


    





            
            

    外观
        
            
            
        
        5
    
    
    外观设计有所提升，相对于之前的车型来讲，车身的流线型比较好看，而且整个车身的比例更加协调了瑞虎9整车设计富有现代感，具有年轻、动感的外观风格。前脸造型简洁大方，前大灯采用LED光源，灯组组合感强，提高了夜间使用的安全性。车身线条流畅，尾部设计简洁，呈现出大气稳重的感觉。
    
    
    
    
    


    
    
    
    


    





            

    内饰
        
            
            
        
        5
    
    
    瑞虎9整车内饰风格简约现代、科技感强，在选材方面均匀头顶材质注入豪华感与细节 内饰用料非常足，全车用了大面积的皮质包裹，手感非常不错，搭配上多色的氛围灯。
    
    
    
    
    


    
    
    
    


    





            

    价格政策
        
            
            
        
        4
    
    
    新车优惠不大 没有置换发话只能交2000抵 9000活动 对没有置换的人来说有点不够友 好
    
    





            
                

    配置
        
            
            
        
        4
    
    
    中控是24.6英寸双联屏，搭配8155芯片以及5 G高速网络，车内的控制功能都可以通过触屏完成，使用的时候流畅度非常好坡道缓降、ESP车身电子稳定等多项越野功能，安全性得到了极大提升。瑞虎9还配有多种安全气囊系统，和紧急制动、车道偏离预警等智能驾驶辅助系统
    
    
    
    
    


    




            

            



        "
王瑞勋,2023-07-07 首次发表,"
            
                
                    300km
                    
                    行驶里程
                
                
                
                
                
                
                
                
                
                
                
                
                

                
                
                    15.06万
                    裸车购买价
                
                
                    2023-06
                    购买时间
                
                
                    濮阳
                    购买地点
                
            
            
    
    

    
        $(document).ready(function () {
            var koubeiid = 5040293;

        });

    


            
                最满意
                车的尺寸同基本比较大的，看起来比较气派。
            
            
                最不满意
                2.0T的油耗有点高，不过这么大的车，功率小了没动了。在市区跑有点费油了。
            

            

    空间
        
            
            
        
        5
    
    
    整体空间还是比较大的，后备箱加一排座椅就是一个7坐，出去自驾游空间够了。
    
    
    
    后排中间无阻隔，三个人中间做个人也不觉得不舒服，
    


    
    
    扶手箱里面也能个冷风口，满满的细节，
    


    
    
    后面空间比较大，孩子在后面休息还是可以的，后排放下去，躺个1米6/7的人还是没问题的，
    


    






                

    驾驶感受
        
            
            
        
        4
    
    
    刚开始开，怀挡挺方便的不过还是有点不习惯，自动记忆座椅坐上车就能自动调节，比较方便的不用每次在调座椅了。
    
    
    
    
    


    






            

            




            

    油耗
        
            
            
        
        4
    
    
    现在我开着是8.5，不知道你们开着多少的油耗！
    
    





            
            

    外观
        
            
            
        
        5
    
    
    同级别的车应该是最大的了吧，自动隐藏的门把手，看着是比较时尚就是质感不是很好感觉不结实。
    
    
    
    
    


    





            

    内饰
        
            
            
        
        5
    
    
    智能香氛系统让车内不但没有异味，而且有醒神功能，不过具体的效果的等开时间长了才知道吧。
    
    
    
    
    


    





            

    性价比
        
            
            
        
        5
    
    
    这个价位的配置性价比还是比较高的，该有的都有了。
    
    





            
                

    配置
        
            
            
        
        5
    
    
    配置上面没得说，该有的功能都有，不过我买的是豪华版的，一般的功能够用了，在多了也用不到。
    
    




            

            



        "
郑蕾蕾,2023-07-07 首次发表,"
            
                
                    
                    暂无
                    行驶里程
                
                
                
                
                
                
                
                
                
                
                
                
                

                
                
                    15.29万
                    参考价格
                
                
                    2023-07
                    探店时间
                
                
                    牡丹江
                    探店地点
                
            
            
    
        
            
        
    
    

    
        $(document).ready(function () {
            var koubeiid = 5039090;

        });

    


            
                新车好评
                瑞虎9采用了时下较为流行的隐藏式车门拉手，电动伸缩增强了仪式感，前排拉手同时配备了触摸式的无钥匙进入功能。两侧后视镜下方集成了360度全景摄像头，而且为了图像更加清晰，减少画面畸变，其甚至采用了双摄像头.
动力十足高速上基本上油门随踩随有，而且过弯五十六码车也不会飘，底盘稳。
            
            
                新车槽点
                超大尺寸，芯片反应速度快，随叫随有
香氛系统，有提神醒脑功能，这个不错
            

            

    空间
        
            
            
        
        5
    
    
    空间超级大，，坐上去很宽敞，前后排腿部空间能让你姿势自由
    
    
    
    
    


    
    
    
    


    






                

    驾驶感受
        
            
            
        
        4
    
    
    动力十足，搭载2.0T涡轮增压发动机，最大功率192KW，最大扭矩400牛米。
    
    
    
    
    


    






            

            




            

    油耗
        
            
            
        
        5
    
    
    官方给的油耗7.5L，实际用油估计8个左右
    
    





            
            

    外观
        
            
            
        
        5
    
    
    外观大气，时尚，线条流畅，贯穿式后尾灯，很有辨识度
    
    





            

    内饰
        
            
            
        
        5
    
    
    27个出风口，有独立空调，电释放门，索尼音箱
    
    
    
    
    


    
    
    
    


    





            

    价格政策
        
            
            
        
        4
    
    
    152900元起售，置换补贴不分本品外品19000元
    
    





            
                

    配置
        
            
            
        
        5
    
    
    丰富的配置让你无从下手，2秒铠甲，4秒身份识别，氛围灯会随着驾驶模式而切换，会随着音乐律动而变化
    
    




            

            



        "
六安车友9658439,2023-07-06 首次发表,"
            
                
                    4000km
                    
                    行驶里程
                
                
                    8.9L
                    百公里油耗
                
                
                
                
                
                
                
                
                
                
                
                

                
                
                    15.00万
                    裸车购买价
                
                
                    2023-05
                    购买时间
                
                
                    六安
                    购买地点
                
            
            
    
    

    
        $(document).ready(function () {
            var koubeiid = 5038495;

        });

    


            
                最满意
                车辆的动力确实好，外观设计的非常大气，可以选择。
            
            
                最不满意
                油耗有点高，但在同级别的车辆中相对来说也还好
            

            

    空间
        
            
            
        
        5
    
    
    
    
    
        ☆ 空间设计亮点
        确实很好的
        
        
    
        ☆ 第三排空间
        乘坐舒适，座椅包裹性好。空调出风口很大，杯座也比较实用，方便
        
        
    






                

    驾驶感受
        
            
            
        
        4
    
    
    车辆起步快，油门踏板较轻，无顿挫感，跑高速车辆比较稳，超车非常快捷，高速油耗较低，只有六点几个油，车身稳定系统较好，各项配置到位，该有的配置在同级别车里面都比较好
    
    






            

            




            

    油耗
        
            
            
        
        5
    
    
    车辆起步快，油门踏板较轻，无顿挫感，跑高速车辆比较稳，超车非常快捷，高速油耗较低，只有六点几个油，车身稳定系统较好，各项配置到位，该有的配置在同级别车里面都比较好
    
    





            
            

    外观
        
            
            
        
        5
    
    
    车辆起步快，油门踏板较轻，无顿挫感，跑高速车辆比较稳，超车非常快捷，高速油耗较低，只有六点几个油，车身稳定系统较好，各项配置到位，该有的配置在同级别车里面都比较好
    
    





            

    内饰
        
            
            
        
        5
    
    
    内饰豪华，座椅包裹性好，车辆隔音效果非常棒，空调出风口到位，氛围灯效果家里人很喜欢
    
    





            

    性价比
        
            
            
        
        5
    
    
    车辆起步快，油门踏板较轻，无顿挫感，跑高速车辆比较稳，超车非常快捷，高速油耗较低，只有六点几个油，车身稳定系统较好，各项配置到位，该有的配置在同级别车里面都比较好
    
    





            
                

    配置
        
            
            
        
        5
    
    
    车辆起步快，油门踏板较轻，无顿挫感，跑高速车辆比较稳，超车非常快捷，高速油耗较低，只有六点几个油，车身稳定系统较好，各项配置到位，该有的配置在同级别车里面都比较好
    
    




            

            



        "
an7jxt,2023-07-06 首次发表,"
            
                
                    650km
                    
                    行驶里程
                
                
                    8.5L
                    百公里油耗
                
                
                
                
                
                
                
                
                
                
                
                

                
                
                    17.49万
                    裸车购买价
                
                
                    2023-06
                    购买时间
                
                
                    南充
                    购买地点
                
            
            
    
        
            
        
    
    

    
        $(document).ready(function () {
            var koubeiid = 5038236;

        });

    


            
                最满意
                昨天接到了南充润德奇瑞站客户部打来的电话，说什么要上门关爱服务，以为他们就是说说，我也没有多想，当看到他们拿着一束代表纯洁、热烈的爱、永远幸福的百合花，还带来了礼品、贺卡来到我身旁时，我当时感到很开心，感受到了他们那颗真成的心，感受到了他们的挚爱感受到了他们售后的责任和担当。我感到非常的荣幸，能成为他们尊贵的奇瑞车主，这么在乎我们的用车体验感，冒着酷暑千里迢迢的来到我家，为我的爱车用车情况全面查看并对我的驾驶陋习作了指导 ，对车内饰也做了适当的建议，还告诉我对内饰的布置注意事项，并告诉我随时都可以联系他们24小时热线电话。瞬间感觉自己有幸成为瑞虎9的客户而自豪，之前一直都在关注这款车上市，等待上市观望了情况，决定去先试驾看看，到了南充润德奇瑞站后，感觉他们很热情服务好 试驾体验也不错，销售顾问详细的介绍了车况，也详细的讲解首批瑞虎9的优势。我试驾后，感觉到了这款车的舒适感和体验感，觉得不错 ，才确定了购买我也开了快一个月了，感觉确实不错，加上售后服务也好，为我们建立了专属服务群，还打电话告诉我注意事项，还在群里面及时回答我们不懂得问题，实实在在感受到了对我们用户的关心、关爱和关怀。我感觉瑞虎9这款车配置确实不错，特别是后面我朋友坐了，觉得空间大、舒适感不错，有一个比较深的印象就是它四驱版本配的是一个电磁悬挂。这个电磁悬挂，它在一些快速路拐弯儿的时候，它对侧心的抑制气碎振动，车内的滤震效果，以及急加速极减速，触感也不错，它的俯仰感总体表现呢还是非常有惊喜的。还有一点这个车机语音控制功能非常灵敏与准确，开车途中导航、切换音乐、开关空调和车窗等等多种功能都能通过语音精准控制非常使用，也增加了行车的安全性，这款车如果价格再便宜点就好了。有了这次不错的体验，如果后期服务一直这么好，体验这么好，我相信我会再次选择奇瑞，也会介绍我的朋友来买奇瑞，最近计划外出自驾游，期待它更多精彩的表现。
            
            
                最不满意
                座椅加热开关按键的位置很容易被误触，建议可以调整下位置或者更换成按键的。
            

            

    空间
        
            
            
        
        5
    
    
    我是老瑞虎三置换的瑞虎九，现在一家五口人出趟远门，整个后排做满三个人也显得非常宽松，大大的增加了舒适感
    
    
    
    
    


    






                

    驾驶感受
        
            
            
        
        5
    
    
    动力强劲，油门反应迅速，相比我以前那台瑞虎三感觉一个天一个地，超车提速非常迅速，你踩多深油门，它就提多快速度。
    
    






            

            




            

    油耗
        
            
            
        
        4
    
    
    暂时经常都是在市区内上下班使用油耗九点几，感觉平常家用确实有点耗油了，但是这么重的车身这么大的尺寸这样的油耗还在预期内，打算过几天出去跑跑高速，期待实际的中和油耗。
    
    





            
            

    外观
        
            
            
        
        5
    
    
    瑞虎九车头中网大灯的设计相对于传统的车型塑造更加大气，更具有层次感。
    
    
    
    
    


    





            

    内饰
        
            
            
        
        4
    
    
    说到内饰这里得夸奖一下这个可散热底面又防滑还带手机无线充电的手机存放处真心实用。
    
    
    
    
    


    





            

    性价比
        
            
            
        
        4
    
    
    虽说车真的很多错，用料也很扎实，但是国产车里价格确实还是有些偏高。
    
    





            
                

    配置
        
            
            
        
        5
    
    
    开车途中导航、切换音乐、开关空调和车窗等等多种功能都能通过语音精准控制非常使用，也增加了行车的安全性，这车机确实比较实用。
    
    
    
    
    


    




            

            



        "
董小姐_a,2023-07-06 首次发表,"
            
                
                    
                    暂无
                    行驶里程
                
                
                
                
                
                
                
                
                
                
                
                
                

                
                
                    17.49万
                    参考价格
                
                
                    2023-07
                    探店时间
                
                
                    重庆
                    探店地点
                
            
            
    
    

    
        $(document).ready(function () {
            var koubeiid = 5037846;

        });

    


            
                新车好评
                奇瑞汽车旗下的王牌产品，瑞虎系列深受海内外消费者的青睐，家族阵营中包括瑞虎3X、瑞虎5X、瑞虎7系列、瑞虎8系列等多款车型，从小型到紧凑型，再到中型SUV，满足不同消费者的需求。最新推出的瑞虎9，作为家族旗舰SUV，不仅尺寸更大，还在消费者关心的舒适性上有所突破。



此次试驾车均为2.0T＋7DCT的动力总成，2.0T＋8AT这套动力要等正式上市后才会有，包括四驱系统、CDC自适应悬挂也是要等正式上市才会匹配，所以可以期待下上市后的深度试驾。



瑞虎9基于火星架构－超级混动平台打造，定位于中型SUV，车身尺寸不小，长宽高分别为4820×1930×1699mm，轴距2820mm，尤其超过1米9的车宽让其在同级车型中脱颖而出，不仅观感更有气势，车内空间也更加宽敞。而这两点是很多消费者选择SUV最看重的，可见奇瑞是真正了解用户需求的。



家族式设计成型，不逊色一众豪华品牌
瑞汽车在技术层面的表现确实出色。在 21 世纪初，很多自主品牌都没有自主研发发动机的能力，基本上只能依赖沈阳航天三菱提供的发动机。深知技术 "" 卡脖子 "" 道理的奇瑞汽车，联合奥地利 AVL 公司开启了发动机研发之路。



2003 年，奇瑞 ACTECO 系列第一代发动机正式下线，奇瑞汽车也拥有了发动机的完全自主产权。至此，奇瑞汽车在技术领域不断深耕，甚至可以说是偏执。可惜的是，奇瑞汽车作为一名 "" 理工男 ""，在设计审美上始终存在短板。现如今，伴随着奇瑞瑞虎家族的完善，家族式设计也开始渐渐成型。



瑞虎 9 基于全新一代设计语言 "" 柔光美学 "" 打造，相比于奇瑞汽车过去的产品设计，整车的大气感油然而生。细节方面也很有看点，比如：镀铬材质的八边形直瀑格栅，搭配可发光的奇瑞新款logo更显高级；矩阵式LED大灯与“L”型仿进气口，提升了科技感与时尚度。



从侧面看去，瑞虎9车身非常修长，轮廓硬朗，贯穿前后的腰线和凸出的轮拱进一步增强了SUV的力量感。标配的20英寸多辐轮毂，大小合适，与整体造型很搭；而隐藏式门把手、双色车身和悬浮车顶都是很时髦的汽车设计元素。另外，在前大灯与后灯组之间，瑞虎 9 利用一条隆起的腰线相连，让侧面更具力量感。所以说奇瑞汽车在设计上确实有了很大的进步，在高级感营造上完全不逊色于 BBA 等一众豪华品牌。



需要注意的是，瑞虎 9 在轮毂设计上采用了 20 英寸双色多辐设计的大轮圈，与之匹配的是 245/50 R20 的米其林 ""e-Primacy"" 系列轮胎。这套轮胎在驾驶体验中拥有不错的表现，可以很好地抑制行驶过程中产生的噪音。



车尾部分，新车的 LED 尾灯组采用了贯穿式设计，在尾灯中间下方是 ""CHERY"" 的字样，并采用了透镜覆盖。配合下方粗壮的镀铬饰条，整车层次感鲜明且辨识度极高。



内饰智能座舱，低调而不失豪华
相比于外观设计带来的冲击感，瑞虎 9 在内饰设计上所展示设计手法更能体现奇瑞汽车在审美方面的进步。从配色方面来看，虽然新车的内饰配色采用了浅色，但是搭配一众设计却让整车内饰显得富有质感，几乎每一处用料都可以看出奇瑞汽车的用心。



为了令新车更具科技感，瑞虎 9 在很多细节之处都运用了超越同价位 SUV 车型的设计。以方向盘为例，新车的三辐式多功能方向盘采用皮质材料进行包裹，手感舒适。方向盘的按键设计合理，左侧按键负责 ACC 自适应巡航和驾驶辅助功能控制，右侧按键则是行车信息、多媒体系统的控制。



除此之外，在座舱内同样集齐了如今汽车内饰的大部分流行元素。比如双12.3英寸的连屏设计，虽然看起来有点“堆料”的嫌疑，但当你真正坐到车内，才能发现它的实用性以及视觉效果都很棒。另外它的豪华氛围营造得很浓，浅色的皮质包覆、木纹饰板、金属质感的扬声器网罩和门板上的座椅调节……讲真，一开始确实有种置身奔驰车内的错觉。



除了豪华氛围之外，瑞虎9最吸引我的就是车内满满的科技感，车机搭载了全新一代Lion 5.0雄狮智云系统，内置的高通8155芯片也让车机系统的操作更加流畅，并且还支持5G网络和FOTA远程升级。为了提升用车体验，新车还提供540°立体超感空调系统、SONY14扬声器环绕音响以及前排座椅自带头枕音响。



中控台是上下分层的设计，上半层是两个放手机的面板，不过只有左侧具备无线充电功能。底部的镂空区域具备两种规格的充电端口，旁边是香薰系统，镂空区的末端还有一个12V电源接口。



对于旗舰型SUV来说，乘坐的豪华感和舒适感无疑是非常重要的。首先，空间方面完全不用担心，我们试驾的是5座版本，它的后排空间体验是相当充裕的。另外，座椅的舒适性表现相当好，它的填充物非常软，采用了很有质感的菱形设计，包裹感和柔软度都很不错，而且坐垫的长度明显进行了加长，对腿
            
            
                新车槽点
                后备箱空间利用设计欠缺，相比同级别偏小，车标略显不足
            

            

    空间
        
            
            
        
        5
    
    
    
    
    






                

    驾驶感受
        
            
            
        
        5
    
    
    驾驶整体体验感极强，怀档挂档确实方便，261匹马力动力确实强劲，主驾驶座椅带记忆功能这个功能非常nice
    
    
    
    
    


    
    
    
    


    
    
    
    


    






            

            




            

    油耗
        
            
            
        
        5
    
    
    
    
    





            
            

    外观
        
            
            
        
        4
    
    
    
    
    





            

    内饰
        
            
            
        
        5
    
    
    
    
    





            

    价格政策
        
            
            
        
        4
    
    
    新车上市优惠太少，如有旧车置换还是可以冲一冲
    
    





            
                

    配置
        
            
            
        
        5
    
    
    
    
    




            

            



        "
石头3427,2023-07-05 首次发表,"
            
                
                    
                    暂无
                    行驶里程
                
                
                
                
                
                
                
                
                
                
                
                
                

                
                
                    19.00万
                    参考价格
                
                
                    2023-06
                    探店时间
                
                
                    保定
                    探店地点
                
            
            
    
        
            
        
    
    

    
        $(document).ready(function () {
            var koubeiid = 5037506;

        });

    


            
                新车好评
                作为奇瑞粉奇瑞老车主，瑞虎系列我一直在关注，瑞虎9被曝光出来后就被他的外表惊艳到了！真帅！奇瑞雄起啊！
端午节我们本地的4s店邀请我去参加“淄味不改，狂欢一夏”烧烤活动，正好借此机会试驾了一下霸气的瑞虎9！试驾的是四驱至臻5座版！瑞虎9定位的是中型suv，见到实车惊呆了，这不大型suv吗，车长四米八多，轴距两米八二，从侧面看活脱脱的大林肯啊，十几万的大林肯冒险家！从我的5x上下来，再上虎9，我勒个去，好大，都不敢开了😂，感觉不好操控！
工作人员赶紧给我讲解了一下这车的高科技配置，说这车虽然大，但不一定比我的5x难操控，主动安全预警，主动刹车，道路交通标志识别，被动安全方面有主副驾驶都有安全气囊，侧安全气囊，气帘，前后都有驻车雷达，等红灯的时候前车驶离提醒，540°全景透明影像，车外环境一览无遗，没有盲区那一说！
听工作人员介绍了一会儿，按耐不住启动了车辆，座椅电动调节，好像还带位置记忆功能，通风加热都有…调好位置，安全带系好，一切准备就绪，车内驾驶模式有多重选择：运动、ECO、越野、雪地、标准模式。我用的标准模式起步，比想象中起步要稳，加速稍稍偏慢，开起来后动力杠杠的，超车推背感很强！540°全景透明影像，在你转弯的时候车机屏幕就会自动显示车外环境，特别有安全感！等红灯的时候前车起步确实会提醒起步！全液晶仪表盘和车机双联屏看起来特别大气漂亮，分辨率很高看的很清楚！标准模式跑了一段路，切换到运动模式，很刺激，推背感更强…
独立悬挂坐在车里过减速带车辆颠簸很轻，让人很舒服！后尾门也是电动感应带位置记忆功能的！后排座椅可以放平，睡两个成人完全没问题！
            
            
                新车槽点
                由于试驾时间有限，缺点没发现多少，就发现这些：后排座椅空间稍微小了一点点，前排调好座椅，后排坐一个180的成人，腿离前座椅还有一拳的距离，不算宽松，但也不挤！后备箱也太大了，大的有点离谱！两者再重新分配一下就更完美了。
再就是油耗看起来稍微高了点，不过也在接受范围内，毕竟动力那么强，也有可能跟我的驾驶习惯和路况有关系，每个人开车的油耗都不一样！再就是车机互联好像不支持百度carlife，只支持苹果carplay和华为hicar，这就限制了一大批安卓手机，对于习惯用百度carlife和VIVO手机joviincar的用户不太友好，虽然车机自带导航，但有些人习惯用手机，不爱用车机导航
            

            

    空间
        
            
            
        
        4
    
    
    主副驾驶前后左右上下都挺宽敞，后排座椅距离前排稍微近了一点，后备箱太大，该匀点空间给后排座椅后排空间，前排调好座椅，后排坐一个180的成人，腿离前座椅还有一拳的距离，不算宽松，但也不挤！
    
    
    
    
    


    






                

    驾驶感受
        
            
            
        
        5
    
    
    
        

        0% buffered00:00播放暂停00:00/00:22倍速2x1.5x1.25x1x0.75x0.5x高清高清全屏切换50%75%100%满屏00:00汽车之家视频播放器  之家首页  复制链接  版本号 : 2.5.32

  
    
      
        
        
          
        
        
          
        
        
      
    
  


    
    

    很好操控，有磁悬浮悬挂加持，感觉很稳，动力强劲，540°全景透明影像、前后雷达，主动安全预警、道路交通标志识别等配置让人很有安全感
    
    






            

            




            

    油耗
        
            
            
        
        5
    
    
    油耗反正我试驾的时候显示的不低，这个没法定义高不高，每个人的开车习惯都不一样，喜欢激进驾驶的，油耗自然肯定比佛系驾驶高，再就是路况不同，跑市区走走停停，这堵二分钟那堵二分钟，肯定也会比跑国道乡道或者高速路油耗要高！
    
    





            
            

    外观
        
            
            
        
        5
    
    
    外观就一个字——帅呆了！自己看！这不比那些配置低价格贵的合资车强吗？
    
    
    
    
    


    
    
    
    


    
    
    
    


    





            

    内饰
        
            
            
        
        5
    
    
    内饰配色大气，软包高级感十足，双联屏让人真的很喜欢！操控台空间利用很充分！再就是化妆镜的小细节，还有补光灯哟
    
    
    
    
    


    
    
    
    


    





            

    价格政策
        
            
            
        
        5
    
    
    价格方面就大概了解了一下，裸车报价17.69，置换补贴19000，送装潢大礼包，当时有现车，能立即提车！如果订车的话差不多两周左右能提车！剩下的没多问！毕竟我的5x还没开多久，也没钱换大虎9😂
    
    





            
                

    配置
        
            
            
        
        5
    
    
    配置很高，都有一定的作用，尤其是540°全景透明影像，能让一个开车不多的小白都敢放心的开车！跟我的5x相比可就太高级了，我的低配5x跟这辆虎9没可比性😂
    
    
    
    
    


    




            

            



        "
张成哪,2023-07-05 首次发表,"
            
                
                    
                    暂无
                    行驶里程
                
                
                
                
                
                
                
                
                
                
                
                
                

                
                
                    17.40万
                    参考价格
                
                
                    2023-06
                    探店时间
                
                
                    连云港
                    探店地点
                
            
            
    
    

    
        $(document).ready(function () {
            var koubeiid = 5036539;

        });

    


            
                新车好评
                作为老奇瑞车主，今天保养顺便试驾一下新款瑞虎9，走起！
【驾驶感受】
先总结一下：
瑞虎9这款车底盘调教还是瑞虎系列里面最用心的一款产品了，底盘整体性能调教算得上是一级棒。
不论过可惜的是目前这个配置搭载的不是CDC磁悬浮悬架，要不体验效果预计会更佳。
提速时候轻轻一点，400马力的发动机立刻响应推背感直接拉满。
转向过弯的时候指哪打哪没有任何不适感，即便最为一名新车司机也有人车合一的感觉。
急刹车时候也没回那种低头感，这一点就说了很多问题，在这点播路面真心感觉不到那种颠簸。一分钱一分货，我的老车毕竟是老了保养的再好毕竟底盘设计调教还是不一样。
【乘坐体验】
这款车做为一款中大型SUV，空间尺寸上有待加强继续往大型尺寸上增加。
主副驾驶座椅通风加热，四六项调节以及老板按键非常到位，后排空间感更是不多说毕竟尺寸摆在这里面。加上这么多出风口制冷制热不会出现前排冷后排热这种低级问题
对于这一点奇瑞还是特别人性化的，值得表扬
            
            
                新车槽点
                作为一款2.0T，400超强动力的中大型SUV试驾表显油耗9.2，不过我试驾举例少也没啥太大分参考性。当然，油耗这个毕竟越低越好，哈哈哈

瑞虎9这款车搭载的8155芯片还是很给力的，整车配备了20多个出风口包括B住上的出风口也是真的，绝绝子了。至于360全景影响、怀挡设计了、感应雨刮、流水转向灯啥的略过不谈。
唯一缺点就是，明明无线充电是双份的但实际能用的只有一个。
            

            

    空间
        
            
            
        
        4
    
    
    整体空间不多说了，后排翘个腿啥的完全没问题，后备箱还分为双层的蛮贴心
    
    
    
    
    


    
    
    
    


    
    
    
    


    






                

    驾驶感受
        
            
            
        
        5
    
    
    瑞虎9这款车整体调教还是瑞虎系列里面最用心的一款产品了，底盘整体性能调教算得上是一级棒。可惜的是目前这个配置搭载的不是CDC磁悬浮悬架，要不体验效果更佳
提速时候轻轻一点，400马力的发动机立刻响应推背感直接拉满。
转向过弯的时候指哪打哪没有任何不适感，即便最为一名新车司机也有人车合一的感觉。
    
    
    
    
    


    
    
    
    


    






            

            




            

    油耗
        
            
            
        
        5
    
    
    这个试驾的里程少，就不做参考了。试驾时看是表显9.2，不懂是不是真实的，有待测试
不过我上天看到一个博主实测视屏，全程是市区跑了49.6公里，平均时速2-28左右，前期平均油耗8.9左右，全程跑完油耗10.6貌似。
在市区堵车的情况下，一个2.0T的排量平均时速不超30码，这个油耗我觉得足以说明了它的优秀性。
各位看客老板觉得呢？
    
    





            
            

    外观
        
            
            
        
        5
    
    
    整体设计很喜欢，稳重大气适合我们这些中年大叔哈哈哈
转向灯已久是绝绝子，延用了之前的流程转向灯设计，前面中网有种某宝的感觉，尤其是出风口妥妥的既视感，宝子们你们说有没有啊
    
    
    
    
    


    
    
    
    


    





            

    内饰
        
            
            
        
        4
    
    
    内饰上这个价位算是绝对了，采用索尼音响、后排自备遮阳帘，第一次见到呢重点是后排车窗自带隐私功能一级棒
主副驾驶标配电加热电通风，电动四调节六项调节。，一级棒！
    
    
    
    
    


    
    
    
    


    
    
    
    


    





            

    价格政策
        
            
            
        
        5
    
    
    说一下我进店了解的政策吧，基本上与网上了解的差不多。
首先做为老车主先发个声，为啥老车主和其它品牌置换都一样，老车主没有单独福利呢？
置换补贴19000元，这个其实也是有异议的。现在官方优惠7000元，政策是交2000抵9000然后和置换19000不同享。
这个拆开其实还是置换补贴10000外加优惠，有点逗我玩呢，不过不过这个补贴一万元呢也是真的很香了。
贷款的话有三年五年免息政策，建议三年就行了，能贷10万。首付这样就少了，手续费啥的另说看个人谈判技巧吧，上牌啥的不纠结了多送点礼品补补，毕竟开店做生意都理解
    
    





            
                

    配置
        
            
            
        
        5
    
    
    瑞虎9这款车型的配置真是不错，首先智能语音互动这块吊打瑞虎系其它车机系统。搭载的8155芯片还是很给力的，整车配备了20多个出风口包括B住上的出风口也是真的，绝绝子了。至于360全景影响、怀挡设计了、感应雨刮、流水转向灯啥的略过不谈。
唯一缺点就是，明明无线充电是双份的但实际能用的只有一个。
    
    
    
    
    


    
    
    
    


    
    
    
    


    




            

            



        "
周继彬,2023-07-04 首次发表,"
            
                
                    1685km
                    
                    行驶里程
                
                
                    9.0L
                    百公里油耗
                
                
                
                
                
                
                
                
                
                
                
                

                
                
                    17.49万
                    裸车购买价
                
                
                    2023-06
                    购买时间
                
                
                    廊坊
                    购买地点
                
            
            
    
    

    
        $(document).ready(function () {
            var koubeiid = 5035793;

        });

    


            
                最满意
                买车还是被颜值吸引的，车内空间足够大，驾驶舒适
            
            
                最不满意
                优惠力度小，没有实体按键，操作不是很方便
            

            

    空间
        
            
            
        
        4
    
    
    瑞虎9的轴距很长，这就意味着乘坐空间很大，与瑞虎9同级别SUV车型往往空间都不是很大，尤其是后排腿部空间，更是小的可怜，反观瑞虎9的后排空间可以媲美中大型SUV了。
    
    
    
    
    


    
    
    
    


    
    
    
    


    






                

    驾驶感受
        
            
            
        
        4
    
    
    瑞虎9的动力和操控是最让人满意的，在一些需要急加速的路况场景下，随叫随到的动力，从不让我失望。相比之下，隔音降噪这方面瑞虎9做的不是很好，一些颠簸路段，可以听见很大的胎噪声，即便是米其林轮胎也会有很大的声音。
    
    
    
    
    


    
    
    
    


    






            

            




            

    油耗
        
            
            
        
        5
    
    
    油耗大概在9-10个油，相比官方数据，是高了点，但是这么大的车，这个油耗在市区开，可以接受
    
    
    
    
    


    





            
            

    外观
        
            
            
        
        5
    
    
    外观很符合年轻人的审美，线条很流畅 尤其是侧面 有豪华品牌那味儿了
    
    
    
    
    


    
    
    
    


    
    
    
    


    





            

    内饰
        
            
            
        
        5
    
    
    座椅舒适，包裹性很强，整车27个出风口，真是坐哪都不热呀
    
    
    
    
    


    





            

    性价比
        
            
            
        
        5
    
    
    在买车期间，关注过同价位车型，比如CRV或者RAV4价格都差不多，但是合资品牌配置相当低，而且奇瑞现在是整车终身质保，后顾无忧
    
    





            
                

    配置
        
            
            
        
        5
    
    
    瑞虎9这个车配备了云端升级服务更方便，而且车机系统芯片是8155的，非常流畅不卡顿，还有AR-HID抬头显示，成像距离与眼距重合，使用不头晕！
    
    




            

            



        "
邢台车主,2023-07-03 首次发表,"
            
                
                    2580km
                    
                    行驶里程
                
                
                    9.8L
                    百公里油耗
                
                
                
                
                
                
                
                
                
                
                
                

                
                
                    16.50万
                    裸车购买价
                
                
                    2023-05
                    购买时间
                
                
                    海口
                    购买地点
                
            
            
    
        
            
        
        
            
        
    
    

    
        $(document).ready(function () {
            var koubeiid = 5034788;

        });

    


            
                最满意
                瑞虎9空间宽敞，借用我媳妇的一句话：第一次在后排感受到了尊重。原因是，我媳妇坐副驾驶会晕车，所以长期坐后排，瑞虎9的后排单独出风口和宽敞的座椅让她觉得被尊重，以至于她一上车就把鞋子一脱，特别舒服的窝在后座上耍手机
            
            
                最不满意
                实话实说，还真是没有不满意的地方，没有不满意，没有不满意
            

            

    空间
        
            
            
        
        5
    
    
    我儿子中考考点距离我家25公里，中午如果回家，那么时间全都浪费在路上。我儿子身高175CM，体重180斤，把后排座椅放倒，可以很舒服的躺在车里休息。可以说，瑞虎9这次为中考立下汗马功劳
    
    
    
    
    


    






                

    驾驶感受
        
            
            
        
        5
    
    
    可能是我没开过什么好车吧，我觉得瑞虎9在高速上表现特别优秀，时速140码，还可以体会推背感
    
    






            

            




            

    油耗
        
            
            
        
        4
    
    
    这么大块头的车，9点几的油耗，我非常满意
    
    
    
    
    


    





            
            

    外观
        
            
            
        
        5
    
    
    瑞虎9外观真的很漂亮，大家请看,是不是虎里虎气呀？
    
    
    
    
    


    
    
    
    


    
    
    
    


    





            

    内饰
        
            
            
        
        5
    
    
    用料扎实，所触之处，都是软材质，奇瑞真的很厚道
    
    





            

    性价比
        
            
            
        
        5
    
    
    这个价位里，能打能抗的不多，瑞虎9是一个
    
    





            
                

    配置
        
            
            
        
        5
    
    
    瑞虎9配置丰富，自己去试驾体验吧，尤其是安全配置，很丰富
    
    




            

            



        "
口琴十块钱买的,2023-06-30 首次发表,"
            
                
                    
                    暂无
                    行驶里程
                
                
                
                
                
                
                
                
                
                
                
                
                

                
                
                    16.70万
                    参考价格
                
                
                    2023-06
                    探店时间
                
                
                    沈阳
                    探店地点
                
            
            
    
    

    
        $(document).ready(function () {
            var koubeiid = 5032048;

        });

    


            
                新车好评
                我是2021款瑞虎7Plus车主，用车两年来对奇瑞车非常满意，现在我已经成为了奇瑞的铁粉，最近奇瑞发布了最新款的旗舰SUV瑞虎9之后我也是非常期待，第一时间去店里体验了瑞虎9 ，首先好评的就是外观.瑞虎9的外观非常霸气，在进店之前就已经被虎9的外观吸引了，这两年奇瑞的设计师也是开窍了 我觉得哪怕只是一个路人 ，也会忍不住多看几眼。车机的流畅度也非常满意，据说搭载了8155芯片，语音控制反应非常灵敏，应用之间来回切换不卡顿。2.0T的发动机开起来真的非常舒服，油门踏板非常跟脚，动力源源不断，得益于强大的动力，瑞虎9这么大的车开起来竟然非常灵活、轻便，这点令我感到惊讶 值得点赞！
            
            
                新车槽点
                这款车的槽点我觉得就是按键布局问题，包括电子手刹、大灯开关的旋钮以及双闪的位置与我们平时的使用习惯不一样 ，如果不是销售告诉我我甚至找不到双闪的开关，还有就是电子怀档，我总是把它当成雨刮器，可能是驾驶习惯还没有改过来，使用一段时间应该会习惯。
            

            

    空间
        
            
            
        
        5
    
    
    我本人身高181，驾驶位以及第二排坐进去都非常宽敞，第三排稍微有些局促，不过临时有多人出行需求时用来应急真的很方便，大多数时间还是放倒的，放倒后可以看出来瑞虎9后备厢的装载能力真的很不错。
    
    
    
    
    


    
    
    
    


    






                

    驾驶感受
        
            
            
        
        5
    
    
    试驾时就开了一段路，给我的感觉就是油门踏板很跟脚，动力随踩随到，方向盘很轻不过会随着车速加快变重，这么大的车开起来非常灵活，最重要的就是变速箱没有顿挫！！！
    
    






            

            




            

    油耗
        
            
            
        
        4
    
    
    官方给出的油耗是7.5，在实际使用满载情况下油耗可能会达到9个，不过这么大的车能做到这个油耗很不错了
    
    





            
            

    外观
        
            
            
        
        5
    
    
    直瀑式进气格栅加上会发光的logo，非常稳重，隐藏式门把手看起来科技感十足，靠近自动弹出，就算是没有电用手一按就开了，完全不用担心
    
    
    
    
    


    
    
    
    


    





            

    内饰
        
            
            
        
        4
    
    
    中控台是无按键设计，看起来非常简洁大气，整体的驾驶舱给人一种非常豪华的感觉，扶手箱是对开式的设计，拿东西更方便，整车还搭载了540度立体超感空调，配备了27个空调出风口，简直就是移动的空调房。
    
    
    
    
    


    
    
    
    


    





            

    价格政策
        
            
            
        
        5
    
    
    瑞虎9的价格还是比较不错的，全品牌车型置换补贴1.9W，再加上一些金融政策基本上车价就是落地价！我体验的是七座版本，如果选择五座版本的话回比七座便宜4000元。
    
    





            
                

    配置
        
            
            
        
        5
    
    
    瑞虎9的配置真的是诚意满满，就算是入门款该给的配置都给到了，也只是少了车内氛围灯以及4个超声波雷达这些无伤大雅的配置。
    
    




            

            



        "
爱难说,2023-06-29 首次发表,"
            
                
                    
                    暂无
                    行驶里程
                
                
                
                
                
                
                
                
                
                
                
                
                

                
                
                    16.69万
                    参考价格
                
                
                    2023-06
                    探店时间
                
                
                    淄博
                    探店地点
                
            
            
    
    

    
        $(document).ready(function () {
            var koubeiid = 5031675;

        });

    


            
                新车好评
                本人现在车型是全新一代瑞虎8 20款，手动挡，为什么去试驾呢，因为现在拥有的车型是手动挡，有打算换一辆自动挡车型！外加1.5T感觉动力有点不够用了！ 一直关注瑞虎9，从刚公布外形时就感觉很符合自己审美，就喜欢偏大点的SUV车型！ 今天去试驾之后真是不出所望、无论是动力，还是内饰，以及驾驶感受都非常满意👍，做工对比自己车也提升很大！动力因为现在开的是手动挡所以没法标准衡量，外形比瑞虎8大了一圈，驾驶感受那就更不要提了，真是太棒了，都有点不敢踩油，轻轻一踩车就一下窜出去了！
            
            
                新车槽点
                瑞虎8对比瑞虎9那可以说是天壤之别吧！首先是外型尺寸、瑞虎9更大，做工瑞虎9要细致很多，内饰更豪华， 不太满意的点：座椅调节在车门处，这个需要适应，怀挡设计也需要适应一段时间，座椅长度稍有欠缺，可能是本人比较胖的缘故！车门上的小三角窗看着有点不太习惯！
            

            

    空间
        
            
            
        
        5
    
    
    本人186/100kg 主驾驶空间可以，横向空间也不错，不会想虎8那样感觉有点局促，副驾驶可选装女王座椅，主驾驶调节好后，后排大约还有三拳距离，头部还有四指空间，后备厢空间表现出色，且中间地板非常平整，大大提升了后排中间位置乘坐者的舒适性，二、三排座椅可折叠，而且多种布局折叠，
    
    
    
    
    


    
    
    
    


    
    
    
    


    






                

    驾驶感受
        
            
            
        
        5
    
    
    首先底盘采用全新火星架构，滤振效果出色，走颠簸路面或者过减速带表现出色，感觉车身几乎没有过多晃动，动力澎湃！之前是1.5T车型，所以感觉2.0简直太猛了，轻点油门车辆就窜出去了、换挡也非常平顺，之前也试驾过瑞虎8系列自动挡，对比而言，瑞虎8系列在运动模式下2-1挡降挡时会感到明显顿挫，瑞虎9就没有感觉顿挫非常平顺，抬头显示大大提升安全性，不用再低头看仪表！座椅通风带靠背通风，夏日福音，对比瑞虎8车型只有坐的部分有通风功能，标准模式下提速就已经很迅猛，运动模式下油门几乎没有延迟现象！节能模式油门反应稍有迟顿！对比瑞虎8是提升不少！最后就是隔音效果也很好，几乎感觉不到风噪，
    
    
    
    
    


    
    
    
    


    
    
    
    


    






            

            




            

    油耗
        
            
            
        
        4
    
    
    油耗试驾车显示是百公里10L左右，感觉试驾体验感觉正常市区油耗可能会在百公里9-10升左右，高速油耗可能会在百公里8L左右，市区快速路会在百公里8-9L左右
    
    
    
    
    


    
    
    
    


    
    
    
    


    





            
            

    外观
        
            
            
        
        5
    
    
    全新设计的直瀑式进气格栅，首次搭配扁平化logo并且可点亮，辨识度极高，车身侧面过度平滑，值得一提的是出厂配备后排隐私玻璃，尾部造型宽大，后尾灯依旧是贯穿式，并有启动动画效果，车身后lg镶嵌其中，质感超好！尾灯下方搭配镀铬装饰条，有画龙点睛之笔！轮胎尺寸为245 50R 20
    
    
    
    
    


    
    
    
    


    
    
    
    


    





            

    内饰
        
            
            
        
        5
    
    
    内饰是瑞虎9提升最大的亮点，仪表台全部采用软性材料包裹并搭配翻毛皮材质，座椅宽大厚实，包裹性极强，同时也搭配翻毛皮材质，副驾驶可选装女王座椅，由于此车采用怀挡设计，这样就给副仪表台预留出更多储物空间，大功率手机无线快充，让你不再有手机续航焦虑，多彩气氛灯，为夜晚驾驶增添不少乐趣！后排不仅有隐私玻璃还有手动遮阳帘，不仅可以更好的保护隐私也可以在炎炎夏日遮挡烈日！
    
    
    
    
    


    
    
    
    


    
    
    
    


    





            

    价格政策
        
            
            
        
        4
    
    
    问了一下订车周期差不多是2周左右，也有部分现车，但是配置和颜色可能不全！价格方面，置换补贴19000元，再就是赠送新车装饰的一些实物礼品！
    
    





            
                

    配置
        
            
            
        
        5
    
    
    全系标配L2辅助驾驶，acc自适应巡航，主动刹车，索尼音响，电动尾门，自适应自动大灯，自动雨刮，远程操控功能，并在高配车型配备L2.9级辅助驾驶，女王座椅，四驱系统，全车多出风口设计，
    
    
    
    
    


    
    
    
    


    
    
    
    


    




            

            



        "
黄昏的月亮,2023-06-29 首次发表,"
            
                
                    
                    暂无
                    行驶里程
                
                
                
                
                
                
                
                
                
                
                
                
                

                
                
                    17.49万
                    参考价格
                
                
                    2023-06
                    探店时间
                
                
                    周口
                    探店地点
                
            
            
    
    

    
        $(document).ready(function () {
            var koubeiid = 5031092;

        });

    


            
                新车好评
                作为一名瑞虎8PRO的车主，8PRO曾经是奇瑞的家族旗舰，在虎9上市后，无论是空间、配置、颜值、做工、科技、油耗、乘坐舒适度等等各个方面，瑞虎9都符合旗舰车型的定位。
刚刚上市的瑞虎9是奇瑞品牌的 SUV 旗舰车型，车长4820mm，宽1930mm，高1699mm，因为有着不错的宽高比，所以一改之前奇瑞 SUV 瘦高的造型，比例更加协调，更符合大众的审美。瑞虎9全系标配2.0T鲲鹏动力，最大功率192KW，最大扭矩400N，先期上市车型采取前置前驱，匹配7档湿式双离合变速箱，最高车速可达205公里，综合油耗7.5L。在配置上，前后均采用了独立悬挂，高配车型更是有 CDC 电磁悬挂，让车辆的减震和平稳性上了一个新台阶，无愧于家族旗舰车型的称号。在智能驾驶方面，瑞虎9配备了L2.9级别的驾驶辅助系统，可以全方位提供驾驶辅助功能，大大减轻了驾驶疲劳，提高了驾驶舒适性。安全方面，正副驾驶和侧气囊气帘均有配置。科技方面也毫不含糊，双联屏、智能语音交互系统，8155芯片给车辆插上了科技的翅膀。
            
            
                新车槽点
                说完瑞虎9好的一面，再说说个人不太满意的地方。第一是怀挡设计，对于习惯了中控换挡的车主，初次使用怀挡总觉得别扭，而且下雨的时候习惯性会去拨动换挡杆（大部分车型雨刮器的位置）；第二是后排空调出风口和控制按键，组合在一起就像一个铁齿钢牙的机器人面部，而且狰狞恐怖；第三是内饰用料，中控和门板采用了新型材料，虽然更有豪华感，但是个人还是更喜欢搪塑的软性材料➕实木饰板。第四是虽然虎9车身尺寸比较大，但是后备箱下面隐藏了储物格，造成底板开口高，拿取物资不方便，而且牺牲了一部分后备箱空间。
            

            

    空间
        
            
            
        
        4
    
    
    前后排驾驶空间比较宽裕，大五座车型才是虎9的强项。后备箱是纯平的，空间还有提升的余地。
    
    
    
    
    


    
    
    
    


    






                

    驾驶感受
        
            
            
        
        5
    
    
    先期上市的虎9使用的是比较成熟的2.0T➕7速湿式双离合变速箱，动力输出比较直接，加速凌厉，刹车一点就有，转换时侧倾很小，操控很从容，完全没有驾驶大型车的不便，是一辆很好开的SUV
    
    
    
    
    


    
    
    
    


    
    
    
    


    






            

            




            

    油耗
        
            
            
        
        5
    
    
    官方宣传综合油耗7L多，市区应该在10L左右，高速和国道6-7升，对于一辆中大型SUV来说，已经很省了。只不过需要加95号以上汽油，费用上可能会高一点点。
    
    
    
    
    


    





            
            

    外观
        
            
            
        
        5
    
    
    外光方面，流线的这身造型，降低了车高，拉宽了车身宽度，使得虎9的车身不再像其他奇瑞车型显得瘦高，而是有了一定的扁平比，外形上更美观，更豪华。
    
    
    
    
    


    
    
    
    


    
    
    
    


    





            

    内饰
        
            
            
        
        4
    
    
    真皮的多功能方向盘，360旋转的空调出风口，触摸的控制按键，旋转式驾驶模式切换，12.3英寸的曲面双联屏，在科技方面配置足够了。
    
    
    
    
    


    
    
    
    


    
    
    
    


    





            

    价格政策
        
            
            
        
        5
    
    
    指导价17.49万的两驱豪华版，现在可以享受置换补贴加优惠2万元。保险约6000元，购置税12000元，上牌和其他费用约200元。
    
    





            
                

    配置
        
            
            
        
        5
    
    
    全LED的自动大灯，20寸的米其林静音轮胎，隐藏式的门把手，让车辆的风阻系数很低，行驶起来静音性很好。
    
    
    
    
    


    
    
    
    


    




            

            



        "
徐州18款手豪虎八,2023-06-29 首次发表,"
            
                
                    
                    暂无
                    行驶里程
                
                
                
                
                
                
                
                
                
                
                
                
                

                
                
                    16.69万
                    参考价格
                
                
                    2023-06
                    探店时间
                
                
                    徐州
                    探店地点
                
            
            
    
        
            
        
    
    

    
        $(document).ready(function () {
            var koubeiid = 5031041;

        });

    


            
                新车好评
                作为奇瑞瑞虎8的老车主对于奇瑞的新车一直比较关注，虎九的盲订活动也参与了，上市活动也看直播关注了，各位车友一直想要的AT变速箱也给安排上了，没想到的是CDC电磁悬挂也安排到位了，20万级别的车车这个配置直接拉满。
 动力方面， 奇瑞的发动机，大家公认的动力强劲，全系2.0T，这个动力配置绝对够用。
 再说一下配置，国产配置一直是吊打合资的存在，前后独立悬挂，LED自动大灯，智能驾驶方面，540度全景影像，L2.9级自动驾驶，等等，这些可是最低配置都有的，妥妥的入门即豪华。
 车机方面，全系8155芯片，搭配24.6的曲面屏，给车主们极致的流畅丝滑体验。高配版还有HUB抬头显示系统，驾驶过程不在需要低头观看显示屏，既安全又漂亮，满满的科技感。
 安全方面，高配更是有10个安全气囊，360度的全方位保护自己和家人，这个安全配置，大家都是宁可不用也要有的，万事都怕万一。
 作为虎八车主，我的虎八已经跑了6万公里了，除了正常保养，基本不需要操心，从来不会把我扔在路上，所以奇瑞的品质还是值得信赖的，家里人口多，虎八是当时为数不多的七座车型，这不虎九也有七座，所以比较关注，空间，动力是首选，然后就是颜值了，虎九的外观设计还有内饰设计都是比较不错的，大气又时尚，应该比较符合多数人的审美观。
 试驾了一圈虎九，2.0T的鲲鹏动力，和我的老虎八1.5T的，真是一个天上一个地下，心动啊，要抓紧努力搬砖了，换。
            
            
                新车槽点
                对于虎九有点不满的是低配版也就是双离合版没有CDC主动悬挂系统。其实我对于AT变速箱没有过多迷恋，双离合的动力输出以及驾驶感受对于家用车来说是完全够用的，耐用性也是可以的，我们老款虎八车友很多双离合变速都跑了十几万公里，正常保养，没有坏过变速箱。另外就是奇瑞的很多车型特别是旗舰车型都是经过各种极端路试，对是路试，不是实验室那种测试，真正跑过路试的车型会把大家平时经常会遇到或者极难遇到的各种各样的实际情况都经历过，保证了车辆的一个可靠性。
 来继续吐槽一下虎九，后尾门确实是塑料的，至于这个塑料的好坏只能继续关注车友们后续使用中是否有问题了。 其实据说某合资车早就是塑料了，不太关注所以也不知道好坏。
 本人比较关注国产，不喜勿喷，出门左转。
            

            

    空间
        
            
            
        
        5
    
    
    4.82米的车长，1.93米的车宽，2.82米的轴距，带给虎九的空间是很大的，比我的老虎八空间感觉还要好。这个后备箱空间够大吗？
    
    
    
    
    


    
    
    
    


    
    
    
    


    






                

    驾驶感受
        
            
            
        
        5
    
    
    2.0T果然还是给力的，轻点油门，一下就出去了，动力随叫随到，这次试驾的是双离合版，没有感受到CDC悬架，有点遗憾，不过这个虎九的减震调教已经比虎八好太多了，舒适性不错。
    
    
    
    
    


    
    
    
    


    






            

            




            

    油耗
        
            
            
        
        5
    
    
    油耗方面的话，因为是试驾，不好评论，拿我的虎八给大家参考一下，目前六万公里多点，表显7.8，小熊油耗7.79，最近一次小熊油耗是7.87，
这个是从购车就记录下来的，车上油耗也没有清零过。
    
    





            
            

    外观
        
            
            
        
        4
    
    
    外观没得说，奇瑞的设计部门终于靠谱起来了，大气的前脸，这个竖着的格栅前脸，看起来就帅气，各人眼光，不喜勿喷。车子整体宽度也有了，车高也比虎八低了点，从后面看终于没有虎八那种瘦高的感觉了。
    
    
    
    
    


    
    
    
    


    





            

    内饰
        
            
            
        
        4
    
    
    这个有深色还有浅色内饰，个人比较喜欢深色的，好打理，不过浅色内饰很漂亮。怀档设计，中控台就比较简洁了，储物空间也多，门上那个按键是个电释放按键，开门按一下就开了，很高级的感觉。
    
    
    
    
    


    
    
    
    


    
    
    
    


    





            

    价格政策
        
            
            
        
        5
    
    
    对于价格方面，奇瑞的旗舰车型，价格也是比较高的，不过现在上市活动，置换补贴一万九，而且不管你现在开什么品牌车，都可享受，这个政策确实给力，补贴是厂家补贴，已经有购车车友收到了，真实性不要怀疑。其他的免息等等，要购车时再拉详单了，我这才试驾，还没到下手的时候就没有过多麻烦销售，毕竟虎九挺热，展厅好多咨询，试驾的。咱这老车主了，销售经理微信都搞到了，想买时，带着大刀，好好和经理砍砍。
 最后还有就是奇瑞汽车的终身质保了，首任车主整车终身质保，这个还是很给力的，还有终身免费救援，是不是更给力了。
    
    





            
                

    配置
        
            
            
        
        5
    
    
    最满意的配置是入门即高级，各种实用的配置都有了，安全配置也到位，比较可惜的是CDC只有AT四驱高配才有，这个下放到双离合版多好，哪怕可以选配。20万级别配置无敌，吊打合资，国产已经崛起，合资还活在过去时。
    
    
    
    
    


    




            

            



        "
特立独行的飞行员,2023-06-29 首次发表,"
            
                
                    
                    暂无
                    行驶里程
                
                
                
                
                
                
                
                
                
                
                
                
                

                
                
                    16.00万
                    参考价格
                
                
                    2023-06
                    探店时间
                
                
                    芜湖
                    探店地点
                
            
            
    
        
            
        
    
    

    
        $(document).ready(function () {
            var koubeiid = 5031014;

        });

    


            
                新车好评
                在此之前，我一直对国产车不太感兴趣，觉得国产车的设计和体验感不好。很幸运能够从抖音上了解到奇瑞瑞虎9，它的外观一出现就让我魂牵梦绕，念念不忘，在网上查了一下附近刚好有试驾体验，为了解馋，我立马打电话去和工作人员预约试驾。不得不说，如今的销售经理水平很高，特别热情地帮我忙前忙后，让整个试驾过程都很顺利。亲身体验了瑞虎9的魅力后，让我对如今国产车的成长和实力感到震惊。下面我就说说这次的试驾感受吧！

再说这个内饰，给我最大的感受是没有任何异味，据说是用的环保材料，而且车内的空气净化系统也是KN95级，净化效率很高，还会自动调整循环模式，检测到污染就会换成内循环。说实话，这种看不见的细节我还是很满意的，毕竟健康和舒适是现代人的真实需求，特别是夏天有的车里气味很大，开窗还是开空调，简直不要太纠结，这次试驾全程关着窗户，下车后感觉车外空气还不如车内，鼻子都灵敏了不少。这点还是国产车拿捏的恰到好处，而且在这个价位把这样的细节做好，难能可贵。

还有一个点，是我很意外的，就是这次的换挡设计，本来以为会不适应，但是显然懒是人的天性，能少动一下也是好的，相比传统的换挡要移动手臂，瑞虎9动动手指轻松搞定，几乎肌肉记忆上适应的很快，并且一旦适应就回不去了。
总结起来就是：优雅！太优雅了！

最后，再夸一下奇瑞的大气，车机上基本把能给的都给了，8155的反应确实比之前的芯片快太多，而且按照目前的趋势来看，后期也不太会卡顿，因为除了芯片意外，还配备了100G的存储，像我这种喜欢下载音乐在车上听的也完全足够，不用另外买储存卡，省心多了。说到音乐，这次顶配的音响效果也真不错，立体声清晰，定位准确，最重要的是后排的体验也不错，说明是考虑到每一个乘客的，而不单单是讨好车主，我带着老婆和孩子体验时，他们在后座也能有很好的体验，还夸这个车的空调效果自然，看来在B柱上加上空调出风口是个明知的选择。开车上路时，抬头显示器不是那种在玻璃上显示几个数据就完事的渣渣，考虑到了司机的视角和焦点，看起来就像是在现实世界里凭空出现了对应的参数，整个人的关注点不仅没有被分散，反而更集中。

以瑞虎9的售价，对比了差不多定位的红旗H5S和星越L，我还是更喜欢奇瑞的设计思路，在性能大家都够用的情况下，舒适可能是现在用户体验最强的部分，在充满力量感的造型和澎湃的动力之下，有这样体贴、细致的内部设计，可以说是心有猛虎，细嗅蔷薇了！
            
            
                新车槽点
                有多种配置和选配，看似是提供了个性化的定制，但却增加了决策成本，线下没法体验到每一种配置的差异，线上也不好了解，这就导致用户购买前有些纠结，是全都要？还是丐版就够？缺少一个指导性很强的意见，或者是定位精准的差异化配置。
            

            

    空间
        
            
            
        
        5
    
    
    巨大！
和一般都SUV相比都能感觉到的宽敞和舒适，并且空间设计上非常出色。它宽敞的内部空间能让每一位乘客都坐的舒适，尤其是在后排部分，提供了足够的腿部和头部空间，和在家坐沙发上的感觉很像，而不是在逼仄的车里。
    
    
    
    
    


    






                

    驾驶感受
        
            
            
        
        5
    
    
    舒适的体验，和极致速度不同，感觉这次奇瑞对瑞虎9的调教很有个性，稳、丝滑、轻柔是我驾驶时的最大感受，对我这样不是急性子的人来说，操纵这辆巨大的SUV却不感觉迟钝，而是柔中带刚，配合辅助驾驶，能感受它优雅地穿行在车流中，将车外的噪音隔绝，只有耳边的音乐混合着香薰，带给人的放松感，是其他竞品里没有的。
    
    
    
    
    


    






            

            




            

    油耗
        
            
            
        
        4
    
    
    这方面表现还是可以的，2.0T的发动机，加上车身重量注定不会是那种节能标兵，但是也没有太夸张，城市里12不到的油耗我觉得还是相当不错的，高速上应该能到8以内，不过我只是试驾没有试，但是我觉得这不是问题。
    
    
    
    
    


    





            
            

    外观
        
            
            
        
        5
    
    
    之前已经夸过了，奇瑞这些年进步不少，设计上确实更有力量和醒目度了。多放几张图给大家欣赏欣赏
    
    
    
    
    


    
    
    
    


    
    
    
    


    





            

    内饰
        
            
            
        
        5
    
    
    诚意满满，能看到、摸到、闻到、感受到的地方都用心做了，后排座椅还有加热功能，这个冬天接老婆孩子可是很暖的。
    
    
    
    
    


    





            

    价格政策
        
            
            
        
        5
    
    
    目前还真没看到太大的优惠活动，不过这个价格这样的配置已经很划来的，感觉后期可以再蹲一波好价，但是也有可能买的太好涨价也说不定🤣
    
    





            
                

    配置
        
            
            
        
        5
    
    
    看个人需求，能选择的点确实不少，有精力的可以研究下，不差钱的上顶配绝对不亏，有个细节我还挺喜欢，就是在车床上加了遮阳网，比那种网上买的要贴合多了，而且很实用，能挡隐私和蚊虫，夏天想开窗通个风也不错。
    
    
    
    
    


    




            

            



        "
告别摆渡生涯,2023-06-29 首次发表,"
            
                
                    
                    暂无
                    行驶里程
                
                
                
                
                
                
                
                
                
                
                
                
                

                
                
                    17.49万
                    参考价格
                
                
                    2023-06
                    探店时间
                
                
                    秦皇岛
                    探店地点
                
            
            
    
    

    
        $(document).ready(function () {
            var koubeiid = 5030976;

        });

    


            
                新车好评
                本人瑞虎8已购3年，趁着保养之际去了奇瑞4S店，早就听说了瑞虎9的消息，这次终于看到了实车。18万的价格，奇瑞推出了瑞虎9，配备的是加拿大格特拉克公司提供的双离合变速箱。外观方面，奇瑞瑞虎9采用大尺寸多边形进气格栅，内部为竖状镀铬装饰条的直瀑式造型，展现出较强的气势。更有七种酷炫的颜色可供选择，满足不同的个性需求。不光外表酷炫，内在更加强大，它配备了高科技的“磁悬浮”悬架，毫秒级响应调节，在不同的路况下都都获得更加稳定的行驶体验。
            
            
                新车槽点
                两驱和四驱版本动力上并没有太大差异，只是四驱作为性能版，在动力匹配操控和配置方面更好一些。像适时四驱、中央差速锁、电磁感应悬架包括更高一点的辅助配置。车厢内饰配色没有星途瑶光那么炫酷时尚，瑞虎9的内饰就是中规中矩。此外，奇瑞貌似真的不太擅长设计车头，瑞虎9侧面尾部的设计都很好看，单单就是车头真心不入眼。
            

            

    空间
        
            
            
        
        5
    
    
    我试驾的是五座版本，车内空间非常宽敞，在舒适性上，座椅的填充很有支撑性。特别是后排空间非常宽敞，可以轻松容纳三个成年人，同时还有足够的头部和腿部空间，让人感到非常舒适。
    
    
    
    
    


    
    
    
    


    
    
    
    


    






                

    驾驶感受
        
            
            
        
        5
    
    
    虽然前驱车型都使用的7速湿式双离合变速箱，但基本感受不到什么顿挫，还有就是整车的隔音确实比瑞虎8提升了好几个层次，最惊喜的莫过于开起来的感受，底盘的滤震和车身姿态控制的非常好
    
    
    
    
    


    






            

            




            

    油耗
        
            
            
        
        4
    
    
    官方数据瑞虎9百公里油耗8.5L，油耗在不同的驾驶条件下会有所不同。在城市道路上，瑞虎9的油耗大约在7.5升左右。而在高速公路上，瑞虎9的油耗则会下降到6.5升左右。总的来说，瑞虎9的油耗表现还是相当不错的。
    
    





            
            

    外观
        
            
            
        
        4
    
    
    大车身，厚重感，大尺寸格栅内部14根竖向分布的镀铬条微微外凸，中间为硕大的扁平化车标，很有视觉冲击，搭配两侧带透镜的全LED大灯组，看上去精致大气。其侧面采用了隐藏式门把手、悬浮式车顶设计，并配20寸米其林轮胎，整体酷似路虎揽胜星脉。
    
    
    
    
    


    
    
    
    


    





            

    内饰
        
            
            
        
        5
    
    
    进入车内，瑞虎9除了一键启动按钮，几乎没有实体按键，中控台更加干净利落，驾驶模式可通过中控的旋钮调节，使用上也很顺手，开门方式还加入了按键式设计，省力的同时也更加优雅。
    
    
    
    
    


    
    
    
    


    
    
    
    


    





            

    价格政策
        
            
            
        
        5
    
    
    价格在14.39--20.09万之间，在部分地区有7千元左右的优惠。当然，由于各地市场行情不同，新车落地价约为19.9万元左右。这个售价并不算高，虽然是燃油车但也是可以的，瑞虎9定位比较合理。
    
    





            
                

    配置
        
            
            
        
        5
    
    
    一些小细节，例如整个车机使用的是8155芯片，确实语音控制要比之前的瑞虎8之类的好太多，整车的隔音也比瑞虎8提升了好几个层次。虽然内饰用料触感都还不错，但就是没有那种高级豪华感，虽然一开始大家都说它的内饰很奔驰，但说实在的这个内饰的整体感还是不太协调，没有营造出那种高级感。
    
    
    
    
    


    
    
    
    


    




            

            



        "
只不过是一位岛民,2023-06-29 首次发表,"
            
                
                    
                    暂无
                    行驶里程
                
                
                
                
                
                
                
                
                
                
                
                
                

                
                
                    16.69万
                    参考价格
                
                
                    2023-06
                    探店时间
                
                
                    海口
                    探店地点
                
            
            
    
        
            
        
    
    

    
        $(document).ready(function () {
            var koubeiid = 5030828;

        });

    


            
                新车好评
                我是一位奇瑞艾瑞泽5车主，一直想换SUV，直到瑞虎9发布，真的让我这个老车主非常的心动，立马就到店试驾一下。
奇瑞一直都是以好的品质和好的价格深入人心。
瑞虎9，一款中型suv，15万的起售价，非常的奈斯啊。
不管是外形，还是内饰，都非常的好看，非常的棒。
配置方面，该有的都有了，尺寸也大，真的让人难不心动。
这款瑞虎9我更喜欢黑色的，黑色看上去更加的霸气。
这么大的车，车内空间就不用说了，一定让你非常的惊喜的。我觉得一家出游，小孩子在后面要过家家都不为过。
            
            
                新车槽点
                个人觉得没什么可以吐槽的，毕竟萝卜青菜各有所爱。
            

            

    空间
        
            
            
        
        5
    
    
    瑞虎9的空间真的没的说，非常的大，我是176的个子。把前排调试到自己合适的位置，后排翘着二郎腿还能喝着茶。
比我的艾瑞泽5大了不止一圈了。
    
    
    
    
    


    
    
    
    


    






                

    驾驶感受
        
            
            
        
        5
    
    
    试驾了一圈，起步非常的润滑，换挡也没有什么顿挫感，这点非常好。
刹车响应也非常的到位，座椅坐起来也非常的舒服，非常的软，长时间开车，也不会太累。
车内音响也觉得非常好，一路开哥，整个音质真的爱到了。
方向盘的握感也不错，挺舒服的，有种让你上车就想抓住它的感觉。
    
    
    
    
    


    






            

            




            

    油耗
        
            
            
        
        5
    
    
    试驾完，表显是10个油，对于这么大的车，这个油耗非常的满意。
    
    





            
            

    外观
        
            
            
        
        5
    
    
    外观我觉得非常的好看，前脸采用直暴式的格栅，非常的霸气。采用的是LED的大灯，非常的亮。
隐藏式的门把手，也算是现在的主流吧，现在的车基本都用隐藏式的。
可能每个人的看法不一样，我觉得隐藏式的看上去挺大气的。
尾部贯穿式的尾灯，这是一定要有的，现在贯穿式的尾灯才是街上最靓的仔啊。
    
    
    
    
    


    
    
    
    


    
    
    
    


    





            

    内饰
        
            
            
        
        5
    
    
    内饰店里有两种，展厅的是黑色的，试驾的是黄白双拼的。
黄白的看上去更加的高贵点，黑色就比较耐脏，沉稳。
瑞虎9的整个内饰都比较简单整洁，没有太多的按键。双联屏的设计，也是现在的主流啊。
车的氛围灯，我也爱到了，颜色多到我都不认识了。
    
    
    
    
    


    
    
    
    


    





            

    价格政策
        
            
            
        
        5
    
    
    价格我还是比较认可的，15的起售价，加上新车优惠，置换补贴啥的。
    
    





            
                

    配置
        
            
            
        
        5
    
    
    配置方面，真的非常多啊。无钥匙进入，一键启动，全速自适应巡航，L2级驾驶辅助，自动泊车，高通8155芯片系统等等，就不一一说了，真的太多了，
    
    
    
    
    


    




            

            



        "
凡尘落世,2023-06-27 首次发表,"
            
                
                    
                    暂无
                    行驶里程
                
                
                
                
                
                
                
                
                
                
                
                
                

                
                
                    15.00万
                    参考价格
                
                
                    2023-06
                    探店时间
                
                
                    宝鸡
                    探店地点
                
            
            
    
        
            
        
    
    

    
        $(document).ready(function () {
            var koubeiid = 5028870;

        });

    


            
                新车好评
                大家好，我是奇瑞瑞虎7的老车主，5月车展时就一下想亲身体验一下瑞虎9的各项功能，由于展车。试驾就一直期待实车到店后的试驾，终于等到了店里的实车，周末抽空感觉驱车前往，见到了心念已久的瑞虎9实车心情有点激动啊。看到他的第一眼，用流行的一句话就是“高端大气上档次”。因为在展厅的C位，一进门就能看到，尤其是更换后的车标，可点亮式的，紧跟时代潮流。这也只仅仅是瑞虎9的一个亮点，还有很多高科技容我慢慢道来。
外观方面：整体造型以及布局还是不错的，尤其是隐藏式门把手，值得注意的是瑞虎9的门把手可以在外面手动打开，因此避免了一些不必要的麻烦。贯穿式尾灯延续了家族式的。
内饰方面：打开车门映入眼帘的除了奢华，再没有什么了。中控24.6吋曲面双联屏采用骁龙8155芯片，L2.9智能辅助驾驶，全车采用了SONY扬声器，双拼色皮质电动调节座椅。
空间方面：瑞虎9的空间比起我的虎7空间那没得说啊，尤其后排空间，一个五口之家出门游玩那是没得挑剔的，再加上超大后备箱空间，用我们方言那叫叫“沃野”。
            
            
                新车槽点
                我的座驾是全新一代瑞虎7，20款自动精英版，由于购车时没有做足功课，了解不够全面有点后悔当初没有购买豪华版，毕竟差了好多配置，和现在的瑞虎9相比，我的虎7瞬间不香了。别说我晚上见异思迁，去看了瑞虎9实车相信你们都会有这种感觉。在店里看的应该是高配了吧，感觉一般家庭用车绝对没有问题，对于部分车主而言，可能是少了几把锁的存在。
            

            

    空间
        
            
            
        
        5
    
    
    瑞虎9的空间和我的虎7比简直是大了一圈。
    
    
    
    
    


    






                

    驾驶感受
        
            
            
        
        5
    
    
    驾驶感受，最初对于怀挡还是不能习惯。在试驾员的指导下还是很快适应了，动力值得表扬，点到即可。
    
    
    
    
    


    






            

            




            

    油耗
        
            
            
        
        4
    
    
    油耗而言不能一论概论，根据个人驾驶习惯而定。
    
    
    
    
    


    





            
            

    外观
        
            
            
        
        5
    
    
    外观大气，给人感觉震撼。直瀑式前格栅，点亮式车标，这些都是可圈可点的
    
    
    
    
    


    
    
    
    


    
    
    
    


    





            

    内饰
        
            
            
        
        5
    
    
    内饰高级感十足，眼镜看的到的地方都是软包，皮质双拼座椅，坐上去舒适度也是不在话下。电动调节，后排任意角度调节。
    
    
    
    
    


    
    
    
    


    





            

    价格政策
        
            
            
        
        5
    
    
    官方指导价格为15.29—20.39，但是却有很大程度的优惠活动。盲订期间交2000抵9000，然后还有置换补贴19000。目前销售的只是两驱的车型，后续会有四驱以及电磁悬挂车型，期待大作吧。
    
    





            
                

    配置
        
            
            
        
        5
    
    
    说起配置，改款车型该有的都有了，可能有些人对于怀挡还是有些挑剔吧。贴心的设计是还加装了遮阳网，为车主考虑周到啊。
    
    
    
    
    


    
    
    
    


    
    
    
    


    




            

            



        "
夏有森光暖无疑9255,2023-06-27 首次发表,"
            
                
                    
                    暂无
                    行驶里程
                
                
                
                
                
                
                
                
                
                
                
                
                

                
                
                    15.88万
                    参考价格
                
                
                    2023-06
                    探店时间
                
                
                    芜湖
                    探店地点
                
            
            
    
    

    
        $(document).ready(function () {
            var koubeiid = 5028607;

        });

    


            
                新车好评
                作为一个地道的虎七车主，对SUV车型有一种天生的好感，这不瑞虎九一到4S店，就赶紧迫不及待的和朋友一起去预约试驾。我们这次试驾的是7DCT两驱版本的车型，尽管瑞虎9是一款身材高大的SUV，但开起来却相当紧致，有着不错的平顺性，轻柔的换挡动作甚至让人感受不到变速器的存在，从始至终都非常顺畅。油门的调校也恰到好处，不贼不懒，让人开起来轻松惬意。扎实的底盘调校让车子即便是高速过弯也能够提供不错的支撑性，车身姿态更加从容，整体试驾感觉也非常符合瑞虎9主打的舒适的体验。
作为奇瑞瑞虎家族中的旗舰车型，瑞虎9的确给人带来眼前一亮的感觉。无论是更大气的外观设计、精致感满满的车内氛围、舒适至极的“0重力”超感副驾，还是丰富的配置和澎湃的动力，都让人们感受到瑞虎9强大的产品力。相信凭借奇瑞一贯的良好口碑和高性价比，瑞虎9将会在中型SUV市场中占有一席之地。
            
            
                新车槽点
                奇瑞瑞虎9凭借其时尚的外观、宽敞的空间、出色的性能和丰富的配置，在大型SUV市场具有较高的性价比。然而，品牌影响力、售后服务、噪音控制以及二手车保值率等方面仍有改进空间。
            

            

    空间
        
            
            
        
        5
    
    
    我们试驾的是五座版本，车内空间非常宽敞，在舒适性上，座椅的填充很有支撑性，并配置睡眠头枕，前排座椅的电动调节位于门板，后排座椅也有加热功能，并配遮阳帘，加上打孔、锋线的工艺，不管是视觉上还是体验上都彰显着豪华感。
    
    
    
    
    


    






                

    驾驶感受
        
            
            
        
        5
    
    
    
    
    






            

            




            

    油耗
        
            
            
        
        5
    
    
    
    
    





            
            

    外观
        
            
            
        
        5
    
    
    
    
    
    
    
    


    
    
    
    


    
    
    
    


    





            

    内饰
        
            
            
        
        5
    
    
    瑞虎9采用了换挡式换挡机构，中控台更加干净利落，驾驶模式可通过中控的旋钮调节，使用上也很顺手，开门方式还加入了按键式设计，省力的同时也更加优雅。

空调的设计也很有新意，在B柱也配置了出风口，环抱式吹风就很舒服。

音响系统则来自索尼，位于门板上的扬声器还加装了灯带，联动255色氛围灯，尤其是在夜晚更显浪漫腔调。
    
    
    
    
    


    
    
    
    


    
    
    
    


    





            

    价格政策
        
            
            
        
        4
    
    
    通过4S店工作人员的介绍，本次奇瑞厂家针对购车用户特推出6重惊喜。为用户带来买无忧、用无忧、养无忧的全新价值体验。

舒享金融礼：金融贴息至高8000元

舒享定金礼：下定支付2000元，购车抵扣9000元

舒享置换礼：置换补贴19000元（本品/他品同享）

舒享质保礼：首任车主整车终身质保（非营运车主）

舒享流量礼：首任车主5年免费娱乐流量(不限流不限量)+终身免费基础流量

舒享省心礼：终身免费道路救援+尊享终身车辆FOTA升级
    
    





            
                

    配置
        
            
            
        
        5
    
    
    24.6英寸的双联屏则集成了大部分功能，内置8155芯片，不管是功能的丰富度还是响应速度都很优秀，并且操作逻辑和手机很像，比如主界面左右滑动即可显示常见应用，下滑就是蓝牙、WI-FI等功能的设定，并且可以自定义添加，非常容易上手。
    
    
    
    
    


    
    
    
    


    
    
    
    


    




            

            



        "
威武虎八,2023-06-26 首次发表,"
            
                
                    
                    暂无
                    行驶里程
                
                
                
                
                
                
                
                
                
                
                
                
                

                
                
                    16.29万
                    参考价格
                
                
                    2023-06
                    探店时间
                
                
                    淮安
                    探店地点
                
            
            
    
    

    
        $(document).ready(function () {
            var koubeiid = 5026875;

        });

    


            
                新车好评
                作为一名奇瑞瑞虎8的车主，用车两年来，对瑞虎8的表现相当满意，也一直在关注奇瑞的新车动态。这不，从官宣瑞虎9盲订开始，就一直在跟进瑞虎9的动态，最近我们这的4S店来了一辆瑞虎9实车，第一时间赶到店里，就为亲身体验一下。瑞虎9给人第一感觉就是大气，4S店门前停了有30辆车左右，不用找，远远的一眼就能看到瑞虎9的存在，天青色的外观是瑞虎9所独有的，非常显眼。庞大的车身显的更为突出，来到车内，第一感觉就是豪华，第二反应就是大。车机采用了奇瑞时下流行的双联屏设计，8155芯片的加持使得车机的反应速度相当快。座椅软硬适中，包裹性和支撑性都很不错。宽大的中央扶手台，让习惯单手驾驶的我，右胳膊能舒服自然的搭放，长距离开车更轻松。前仪表台上回字形空调出风口配以金色饰条，提升了整车豪华感。来到第二排，我176的身高，感觉翘二郎腿都没问题，腿部空间至少两拳以上。这次奇瑞全新设计师用心了，第二排除了常规的空调出风口之外，还配备了B柱出风口，贴心配置啊！同样的贴心配置还有后排原车窗帘，高级感满满！体验完第二排再来到后备箱，只能用空间巨大来形容，而且第二排座椅放倒后形成一个纯平的空间，简直就是一张移动的双人床，五座版本，算上遮物帘，后备箱被分割为三部分，储物能力超强。最后我们来看看发动机舱，引擎盖双液压杆支撑，引擎盖内隔热棉非常厚实，发动机舱内布置规整，2.0T的机头上星途的标异常醒目，特别值得表扬的是，发动机上的装饰盖，一般车辆都是塑料的，瑞虎9采用的是整体发泡的公益，隔热隔音效果更强。
            
            
                新车槽点
                因为是静态体验，没有上路行驶，没能感受一下瑞虎9行驶状态，静态体验下各方面非常满意，按照我的虎8用车经验，应该不会让人失望。
            

            

    空间
        
            
            
        
        5
    
    
    主副驾驶位置，因为我一个人在现场，没法拍照，按照我的身高，调整好座椅位置后，头部空间约1拳，后排头部1拳有余，腿部超过两拳距离，空间无敌。
    
    
    
    
    


    
    
    
    


    
    
    
    


    






                

    驾驶感受
        
            
            
        
        5
    
    
    
    
    






            

            




            

    油耗
        
            
            
        
        5
    
    
    
    
    





            
            

    外观
        
            
            
        
        5
    
    
    侧面颜值超高，也是我最喜欢虎9的部分，特别是黑色，威武霸气。后排隐私玻璃➕悬浮顶设计，让车身尺寸较大的虎9也不显臃肿，更具商务魅力。
    
    
    
    
    


    
    
    
    


    
    
    
    


    





            

    内饰
        
            
            
        
        5
    
    
    坐进车内，所能触摸到的地方基本都是软质材料包裹，座椅软硬适中，包裹性好支撑性都很不错，定制索尼8扬声器音响，为你营造出环绕立体声音效，后排配备独立出风口，座椅还配备了加热和通风功能，提高后排乘客乘坐舒适度。
    
    
    
    
    


    
    
    
    


    
    
    
    


    





            

    价格政策
        
            
            
        
        5
    
    
    瑞虎9新车全系目前只有7000的现金优惠（交2000抵9000），和置换补贴19000元，豪华版指导价16.29万元，按照目前优惠计算，置换完应该在16万元左右就能落地，加上免息贷款，首付超低，性价比非常高。整车终身质保政策加持下，相信瑞虎9一定会成为奇瑞又一款爆款车型。
    
    





            
                

    配置
        
            
            
        
        5
    
    
    和我的虎8相比较，虎9的配置有了质的飞跃，2.0T的高功发动机，配上奇瑞大力度宣传的爱信8AT变速箱和CDC电磁悬架，超强动力输出随叫随到，从容不迫应对各种环境。L2.9级智能辅助驾驶，高速巡航轻松不累，主、被动超高安全配置，让新手也能随心驾驶。
    
    
    
    
    


    
    
    
    


    
    
    
    


    




            

            



        "
LT的怒火,2023-06-25 首次发表,"
            
                
                    
                    暂无
                    行驶里程
                
                
                
                
                
                
                
                
                
                
                
                
                

                
                
                    17.50万
                    参考价格
                
                
                    2023-06
                    探店时间
                
                
                    重庆
                    探店地点
                
            
            
    
        
            
        
    
    

    
        $(document).ready(function () {
            var koubeiid = 5025118;

        });

    


            
                新车好评
                我是瑞虎8Plus车主，目前爱车行驶了30000公里，当奇瑞瑞虎九品牌上市，一直想去试驾感受番，这款车上市来，车评口碑一直不错，但由于自己工作时间的原因没有去4S店亲身试驾感受，这次终于在端午节满足了试驾感受，首先值得肯定的是奇瑞的销售人员服务态度非常让人满意，顶着炎炎烈日给我介绍瑞虎九的各项功能和亮点，说实话这车给人第一眼就看上眼了，我的瑞虎八Plus，如果价格置换满意，说什么也要把这款车提车回家。首先他的各项配置在原瑞虎系列车型上有了全面提高，车身尺寸也普升为中大型S U V，满足我们大家庭户外出行。
            
            
                新车槽点
                作为一名8PLUS车主，我觉得瑞虎9首先没有1.6T动力可选还是有点遗憾，毕竟我们很多车主是在城里上班，通勤为主，如果加上红绿灯堵车油耗还是偏高，很多时候都在十个油以上。另一个就是新车的价格和瑞虎其他系列的价格上市有了一定的提升，标配落地也要近17万。
            

            

    空间
        
            
            
        
        5
    
    
    
        

        0% buffered00:00播放暂停00:00/00:06倍速2x1.5x1.25x1x0.75x0.5x高清高清全屏切换50%75%100%满屏00:00汽车之家视频播放器  之家首页  复制链接  版本号 : 2.5.32

  
    
      
        
        
          
        
        
          
        
        
      
    
  


    
    

    首先座椅给人的感觉非常的豪华，而且坐在上面的感觉非常舒适，给人的感觉就像坐在飞行驾驶舱一样，第二排的乘坐空间也非常的宽敞，特别是对家里面有晕车的乘客特别友好。
    
    
    
    
    


    
    
    
    


    
    
    
    


    






                

    驾驶感受
        
            
            
        
        5
    
    
    瑞虎9和我的瑞虎8plus两个驾驶感受，明显瑞虎九的各项调教都要好过我原来那款车，让我一在有冲动马上换车，特别是驾驶感受方面真的是动力十足，给油随叫随到的感觉，爆发力特别强，而且后劲十足，试驾的时候超了几部车非常轻松。
    
    
    
    
    


    
    
    
    


    
    
    
    


    






            

            




            

    油耗
        
            
            
        
        4
    
    
    
        

        0% buffered00:00播放暂停00:00/00:10倍速2x1.5x1.25x1x0.75x0.5x高清高清全屏切换50%75%100%满屏00:00汽车之家视频播放器  之家首页  复制链接  版本号 : 2.5.32

  
    
      
        
        
          
        
        
          
        
        
      
    
  


    
    

    由于试驾的时候油耗没有拍摄，所以无法给大家展示，我们试驾了差不多2公里左右，小计油耗为10.2，不过作为中大型SUV个油耗还好。
    
    





            
            

    外观
        
            
            
        
        5
    
    
    瑞虎九的外观采用的传统家族设计，特别适合瑞虎七Plus两台车犹如孪生兄弟一样，当然瑞虎九的外观看上去更加大气高端，整台车最吸引人的地方就是硕大的车头，刀锋式前脸让瑞虎九看上去霸气侧露，车灯全系采用LED大灯，自动大灯功能让整个车显得非常有灵性。
    
    
    
    
    


    
    
    
    


    
    
    
    


    





            

    内饰
        
            
            
        
        5
    
    
    方向盘采用平底式设计，外圈比较粗壮，整体抓握感充盈，特别是多功能方向盘，带我们开车时操控不带分心，瑞虎九的双联屏给我们眼前亮，据说这台车子用的还是8155的芯片，运算速度相当给力，索尼品牌的扬声器，让我们开车不在疲惫。
    
    
    
    
    


    
    
    
    


    
    
    
    


    





            

    价格政策
        
            
            
        
        5
    
    
    目前奇瑞给优惠置换直接优惠19000，说实话在我买奇瑞这些时间一直没看到过这么大的置换优惠，当然名地经销商拿到的额外优惠还有定金2000，享9000的优惠，一个金融8000的优惠，当然具体还是需要去4S店多砍价才行，瑞虎9作为才上市的车优惠政策肯定没有另外的瑞虎八系列的优惠幅度大。
    
    





            
                

    配置
        
            
            
        
        5
    
    
    这款车的配置相当丰富，基本上老车型高配车型的配置，标配上已经拥有了，座椅记忆功能，女王坐椅，自适应巡航，车门电动按键，升级版的360全景影像等。
    
    
    
    
    


    
    
    
    


    
    
    
    


    




            

            



        "
zoupingniu,2023-06-20 首次发表,"
            
                
                    
                    暂无
                    行驶里程
                
                
                
                
                
                
                
                
                
                
                
                
                

                
                
                    17.60万
                    参考价格
                
                
                    2023-06
                    探店时间
                
                
                    杭州
                    探店地点
                
            
            
    
        
            
        
    
    

    
        $(document).ready(function () {
            var koubeiid = 5017687;

        });

    


            
                新车好评
                华东大区发布会，试乘试驾瑞虎9两驱顶配五座版本。瑞虎9的前格栅使用了新的家族风……瀑布式前格栅，四透镜前大灯，外形尺寸大，体型敦实，无缝式门把手结合钣金件的细致拼合，流线车身极具线条美；四门铰链为分段式，松手后的车门会自动合紧，闭合音圆润，前引擎盖闭合只需轻轻拉下，不像8plus的……需要摔下来，高配车型配备20寸米其林e-PRIMACY，也许是提前给C-DM铺路？那么，这次华东发布会，有什么新的感受呢？动力研发副总李鲲鹏先生，现场对虎9的市场定位和车辆参数，使用场景，一一简介。会后的实车试驾，我搭乘的是顶配两驱瑞虎9尊贵版。感受，用一个字表达就是……爽！不止于座舱的舒适感和氛围感，头枕音响和尾箱低音炮的动感，这么一个大块头，居然在模拟的紧急变道，0-100加速时，让人不相信这是国产车的调校水平，8秒左右，完成零到百公里提速，全程普通模式。 80迈时速，紧急变道，车身微晃，随后稳稳回正；LKA提醒不仅仅是反光镜的信号灯闪烁，主驾液晶屏同步模拟显示车辆或其他对应的物体。语音助手快速连续成功识别空调温度调节，风量调节，音乐播放，天窗操作，氛围灯启用等，哦，没敢试语音指令的“弹射主驾”。
旗舰车型的配置果然都是满格的。
            
            
                新车槽点
                通过发布会，能看到奇瑞汽车正在加快瑞虎9的全面布局，四驱版预计最快7月底上市，也让与会诸位实地考研了瑞虎9这款新车型的实力！预计搭载了磁悬浮底盘的四驱版瑞虎9，操控会更加的行云流水，比如刹车点头的抑制和坑洼路面的自适应。
            

            

    空间
        
            
            
        
        5
    
    
    超大空间，后排空间大，后备箱空间硕大。第二排放倒后的地板纯平。
    
    
    
    
    


    






                

    驾驶感受
        
            
            
        
        5
    
    
    座椅支撑很好，方向盘四向可调节，配备拨片换档，全车座椅加热。座椅包裹nappa皮，手感很好，针脚细致。底盘紧凑，零百加速只需要8秒左右。噪音控制很好。
    
    
    
    
    


    
    
    
    


    






            

            




            

    油耗
        
            
            
        
        5
    
    
    表现续航888的车，我们疯狂试驾之后的表现续航是790+，表现油耗在12左右。
    
    
    
    
    


    





            
            

    外观
        
            
            
        
        5
    
    
    有神的四透镜大眼睛，LED灯源，广角照地灯和AVM镜头已经安排。
    
    
    
    
    


    
    
    
    


    
    
    
    


    





            

    内饰
        
            
            
        
        5
    
    
    座椅包裹nappa皮，手感很好，针脚细致。
内饰安装紧凑，加接缝合理，备胎非全尺寸，随车工具有专用置物格。第二排放倒后的地板纯平。后备箱分三层，第一层打开后门可见，第二层是掀开后备箱地板，下面是一块长x宽x高约1.3x0.8x0.15米的储物格，没有隔断；第三层是掀开储物柜格，能看到备胎和车身的部分，这个的组装依然细致到位，未见明显毛刺和错位的情况。
    
    
    
    
    


    
    
    
    


    
    
    
    


    





            

    价格政策
        
            
            
        
        5
    
    
    置换立享至高1.9万的价格立减；车机娱乐流量5年免费，不限量；基础功能流量，终身免费。整车终身质保。
    
    





            
                

    配置
        
            
            
        
        5
    
    
    两驱版全系配备2.0T发动机+7DCT变速箱；顶配是19寸轮毂，20米其林e-PRIMACY轮胎。CDC悬架和和8AT变速箱会在四驱车型配备。
    
    
    
    
    


    
    
    
    


    




            

            



        "
琅琊小G,2023-06-19 首次发表,"
            
                
                    
                    暂无
                    行驶里程
                
                
                
                
                
                
                
                
                
                
                
                
                

                
                
                    16.29万
                    参考价格
                
                
                    2023-06
                    探店时间
                
                
                    临沂
                    探店地点
                
            
            
    
        
            
        
    
    

    
        $(document).ready(function () {
            var koubeiid = 5016108;

        });

    


            
                新车好评
                我是一名瑞虎8plus车主，从2021年一月提车至今也近两年半的时间了，自从瑞虎9正式上市后，各地4s试驾车也准备妥当！我们车友会很多小伙伴都已经尝鲜了，对瑞虎9都给了很高的评价，让车友们说的心里痒痒的，一直想找个机会去试驾一下！
 今天早上把事情处理完毕，决定到有授权的4S店试驾感受一下！
 这次选择试驾的4S店离家只有短短半个小时的路程，到达目的地后，告知工作人员想看看瑞虎9并试驾感受一下！
 在服务台出示驾驶证并登记完毕，开启我们的试驾之旅！
 试驾路线一共是两个方案，第一个方案是从4S店前的沂河路东行到达沂州路后南行，大约一公里左右位置调头返回沂河路，然后沿沂河路西行，到达与沂蒙路交汇处调头东行直接到达4S店；第二个方案是从4S店前的沂河路东行到达沂州路，然后南行到达湖北路交汇处，然后西行到达沂蒙路，右拐沿沂蒙路北行到达与沂河路交汇处右拐到达4S店，我们此次选择的是第一个方案！
 解锁车后，无框门把手优雅的弹出，进入驾驶室后，工作人员给我简单的介绍了一下，然后调整好座椅，瑞虎9的座椅调整在门框上，刚开始可能习惯性的会摸向座椅左侧位置！
 瑞虎9的换挡拨片在方向盘的右手边位置，向下拨动既是D档，向上拨动既是R档！
 在8155芯片的加持下，不管是主题还是响应速度都提升了很多！
 总行驶时间大约在15分钟左右，从坐进驾驶室的那一刻起，分分钟就能感受到瑞虎9那立体而又清晰的音乐震撼力！车机的辅助识别相当的准确，能够很正确的呈现出周围的车辆！
 过减速带也没有很强的颠簸感和杂音，加速和刹车较我的瑞虎8plus感觉更加柔性，踩下油门后不知不觉中就达到百公里速度，换挡很平顺一点没有迟滞感和卡顿！
 不管是从静谧性还是舒适性，瑞虎9较瑞虎8plus都提升了很大！
            
            
                新车槽点
                瑞虎9相较我的瑞虎8plus，从动力方面的话瑞虎9动力显得源源不断，空间上对乘坐人员更加友好了，虽然高度有所下降，但是长度和宽度的提高让乘坐的空间更加舒适了！座椅做工上两者差异不大，车内都是没有异味！音响效果上瑞虎9提升很大，声音立体感更强，让人听着更加舒适，颠簸路段也更加平稳无较大噪音，静谧性提升很大！无线充电位置也更合理，怀档设计也让驾驶更加便捷！唯一的一点就是前大灯设计我更喜欢瑞虎8plus的大灯和前网设计！还有门把手被电控取代可能要稍微适应一下！
            

            

    空间
        
            
            
        
        5
    
    
    我一米八的身高85公斤的体重坐在主驾完全没有压力！头顶还有一拳半的距离，腿部空间也很充足，后排空间比瑞虎8plus也大了一圈，后备箱空间也是很大的，把第二排放倒后我躺在后面完全没有压力！
    
    
    
    
    


    
    
    
    


    
    
    
    


    






                

    驾驶感受
        
            
            
        
        5
    
    
    瑞虎9换挡很平顺完全感受不到档位间的卡顿和迟滞，升档及时，踩下油门后偏柔性，但是只要肯用力踩，他的响应也是很快的！过颠簸路段也平稳，让驾乘人员不会感受到那种强烈颠簸感和胎噪声！空间的静谧性做的也很好！
    
    
    
    
    


    






            

            




            

    油耗
        
            
            
        
        5
    
    
    官方油耗是7.5，我所驾驶的路段属于城市铺装路段，平均速度在45左右，开着空调油耗在8.7，比官方油耗高出1.2，可以说是很理想了！
    
    





            
            

    外观
        
            
            
        
        4
    
    
    外观方面比较喜欢轮毂和可点亮的logo车标，还有贯穿式一体后尾灯！本次试驾的4S店一共有三台颜色，分别是云灰、天青和曦白，而我更喜欢曦白，白色显大也好打理
    
    
    
    
    


    
    
    
    


    





            

    内饰
        
            
            
        
        5
    
    
    内饰采用类似于翻毛皮的设计，摸起来质感很不错，后排独立空调控制也是很人性化！整体内饰很上档次！
    
    
    
    
    


    
    
    
    


    
    
    
    


    





            

    价格政策
        
            
            
        
        4
    
    
    咨询了一下销售人员，告知订车后有相同配置和颜色的大约也需要等两周左右，没有的话需要等一个月左右，目前两驱最高配去掉置换补贴等后落地价大约在15W多一点！对于奇瑞老车主的话可能在置换上不能享受到奇瑞品牌额外的补贴，这一点可能对奇瑞老客户不太友好！
    
    





            
                

    配置
        
            
            
        
        5
    
    
    我最满意的配置就是8155芯片加持的车机，让整体显得更加高端和顺畅，还有就是B柱空调出风口的设计，解决了很大一部分前排效果达到了后排温度还达到理想的情况！还有他的静谧性和舒适感的提升，还有音响效果的大幅提升！
    
    
    
    
    


    
    
    
    


    




            

            



        "
想穿越没成功,2023-05-11 首次发表,"
            
                
                    
                    暂无
                    行驶里程
                
                
                
                
                
                
                
                
                
                
                
                
                

                
                
                    17.50万
                    参考价格
                
                
                    2023-05
                    探店时间
                
                
                    沈阳
                    探店地点
                
            
            
    
    

    
        $(document).ready(function () {
            var koubeiid = 4953526;

        });

    


            
                新车好评
                我是一个轿车车主，最近想换车了，这次计划换一台SUV。因为感觉SUV更加的实用。五一假期期间我到沈阳国家会展中心车展中看车。车展中我看中了最新款的5座款瑞虎9。因为这台车不但满足了我的外观内饰需求，它还有很多实用的性能我都挺喜欢的！我首先觉得这台中型SUV瑞虎9的外观设计的看起来非常的大气时尚，明明是中大型SUV厂家确把这台车定位成了中型SUV的，它大小看起来除了比少量的大型SUV小一些之外，跟其它7座的SUV大小不相上下。。其次是这台车的内饰采用了浅色调看起来温馨时尚的同事又有豪感。性能方面，这台车采用了2.0T的涡轮增压发动机，配合8AT的变速箱对于这台车完全的够用了！至于安全方面的性能绝对可以说奢华了，普通的ABS那些配置就不说了。在豪华车跟电上才有的智能语音控制系统，全景影像，跟车辅助，防碰撞智能刹车等等都非常的全面。
            
            
                新车槽点
                说实在的我感觉雾灯还是非常实用的不管是夜晚增加亮度也好，还是在大雾天气的安全实用性都挺重要的，但是这台车居然内看到明显的前雾灯这就必须要吐槽一下了，这么实用的灯光必须要有呀？。目前新车只有5座版的车型。没有7座版的要是有7座版的就更加完美了。
            

            

    空间
        
            
            
        
        5
    
    
    这台车的外形尺寸长宽高达到了4820*1930*1699mm。所以这台车属于中型SUV中比较大的了。这款车是计划推出7坐车型的，所以车内的空间是特别大的了。我1.8米的身高，坐在前排主副驾驶头部到车辆顶棚还有一拳以上的剩余空间。后排的话因为车身后部是下压设计虽然头部空间没有前排那么大但是达到的一拳。至于腿部空间就非常宽敞了，腿部到前排座椅有两拳的空间。尾箱就不多说了那是十分的大呀！你就想想7座车的第三排取消了变成5座车尾箱能不大么！至于车辆内的前后排杯架中央扶手箱手扣箱等等你能想象到的设计这台车它都有。令人眼前一亮的是这台车有手机无线充电的的空间，它的主副驾驶之间的中央扶手箱下部是镂空的储蓄空间设计，不但美观也是非常实用的。
    
    
    
    
    


    
    
    
    


    
    
    
    


    






                

    驾驶感受
        
            
            
        
        3
    
    
    车展中并没有提供试驾，所以试驾感受也无从说起了。希望4S店有试驾车后的驾驶感受能够不错吧，怎么说也是第9带车型了！不过这台车的配置上的驾驶辅助系统还是很可观的，一般高端车型你能想象到的全景影像跟行车辅助等系统它基本上都有。
    
    
    
    
    


    
    
    
    


    
    
    
    


    






            

            




            

    油耗
        
            
            
        
        3
    
    
    油耗方面官方公布的综合油耗是百公里油耗是7.5升。我个人认为这款奇瑞9这么大的中型SUV，还是2.0T的发动机。就算综合油耗达到百公里10升也是比较省油的。
    
    





            
            

    外观
        
            
            
        
        5
    
    
    外观方面这台车的前脸采用了一个巨大的竖向镀铬中网设计。这张大嘴看起来非常的霸气，再配合上车头部位的矩阵式LRD双透镜大灯及前保险杠上的造型设计车辆显得十分的野性大气！就连发动机盖子上都有线条外形设计，充分的体现出了越野车的力量感。
侧面整体上车身的车顶部位采用下压设计，车身颜色为双色设计，车顶及ABCD柱都采用了黑色设计，并且C住跟D柱在别外是看不到的，北一块悬浮的黑色玻璃遮挡住了，车身采用了银灰色设计的双色车身更加的时尚。最为眼前一亮的是侧面能够看到这台车采用了一个巨大的银黑相间的20寸的铝合金与车顶颜色遥相呼应，巨大的轮毂也显得豪气十足。
还有一个时尚的设计就是隐藏的门把手设计。
尾部最为显眼的就是目前主流的贯穿式线条尾灯设计，配合上真实的双边排气管等设计十分的美观。
    
    
    
    
    


    
    
    
    


    
    
    
    


    





            

    内饰
        
            
            
        
        5
    
    
    内饰部分这台车主要采用了浅色调设计，给人一种温馨的感觉。再配合上独特的时尚越野车出风口设计还有各种皮革软包设计，几乎车内能够摸到的地方都是软的。使车辆更加显得豪华。
还有值得一说的就是它的仪表盘跟中控屏是采用连屏设计十分的好看！至于座椅的通风加热它都有。我还特别喜欢这台车怒王座设计，特别是副驾驶座椅的调节实在座椅靠背的侧面，方便后排乘客调节座椅位置角度。还有车内时尚的坏档拨片设计，车内按钮电动开门等等尽显车辆的高大上！
    
    
    
    
    


    
    
    
    


    
    
    
    


    





            

    价格政策
        
            
            
        
        5
    
    
    车展中了解到这款车还是预售状态。价格政策方面有两个优惠！一个是【舒享诚定礼】交2000元定金可以抵9000元购车款。也就是说新车订车享受7000元的购车优惠。另一个是【舒享换新礼】最高享受19000元的置换补贴。
并且官方对第一任车主提供了终身质保服务。当然也是要按照官方要求定期保养车辆，不进行那种极端的越野下河冲沙等等才行。
普通的质保提供3年/10万公里的质保。
    
    





            
                

    配置
        
            
            
        
        4
    
    
    我的车已经买了几年了配置方面没有什么现行的汽车主流性能及科技智能配置我就不多说了！这款瑞虎9就必须要说一说了，因为它对比我的车配置太先进了。因为配置太多了就挑选我喜欢的配置来说一说了。就从三个方面说说它吧。1.智能驾驶辅助方面。我最喜欢这台车的高科技行车辅助了，不但有自适应定速巡航系统，还有所有现在高端车型的盲区监测，并线辅助，车道偏离抑制，前车碰撞预警自动紧急制动，也有后车碰撞预警等等。2.智能科技方面。这台车自带行车记录仪就不多说了它的胎压监测跟上下坡辅助系统全都有。3.安全科技方面。我在驾车时是特别喜欢看汽车时速的，因为怕超速罚款。这台车配置了AR-HUD虚拟现实抬头显示系统，这样的配置就解决了我低头看时速表不能看到车辆前方路况那瞬间的盲驾安全隐患。并且这台车还配置有540度全景影像跟全方位雷达等安全系统。在停车入库方面不但能够避免车辆的剐蹭，也能够提高周边行人的安全性！
    
    
    
    
    


    




            

            



        "
西子三千个,2023-05-11 首次发表,"
            
                
                    
                    暂无
                    行驶里程
                
                
                
                
                
                
                
                
                
                
                
                
                

                
                
                    17.50万
                    参考价格
                
                
                    2023-05
                    探店时间
                
                
                    杭州
                    探店地点
                
            
            
    
    

    
        $(document).ready(function () {
            var koubeiid = 4953469;

        });

    


            
                新车好评
                第一，瑞虎9外观显得豪华大气，感觉像是30W档次的车型，远看想林肯，近看大灯像奥迪Q6。
第二，瑞虎9用了较多较软的皮质包裹，整体内饰质感不错。
第三，瑞虎9B柱有空调出风口，后排竟然也有单独的空调控制区域。
第四，瑞虎9的乘坐空间也是相当大，后排的乘坐舒适度不亚于前排，这也是很少有的。
第五，瑞虎9是有五座和七座两种车型的选择，给消费者多一点选择的余地。
第六，瑞虎9五座版本车型，后备箱宽度和纵深的话相当给力，后备箱放行李完全够用。当然如果七座车型后备箱就没这个大了。
第七，轮胎用的米其林，这点感觉很赞。
第八，这是我第一次在十几万的车体验到了后排有腿托，而且还能调节靠背角度的。
            
            
                新车槽点
                我是帝豪L Hip睿的车主，也是混动车型，拿瑞虎9对比，有以下几点槽点。
第一，瑞虎9车内基本上没有物理按键，把所有功能基本集中到中控屏进行触摸操作，个人是不不太习惯。
第二，扶手箱比较款，驾驶位空间感觉不是特别宽敞。
第三，传说中的爱信8AT变速箱和全场景智控四驱系统，在展车上都没发现，取而代之的是7DCT变速箱和前置前驱。
            

            

    空间
        
            
            
        
        4
    
    
    就拿同样是中型SUV的神车途观L来说吧，尺寸方面，TIGGO瑞虎9的4820*1930*1699车身尺寸比途观L 4735*1859*1677要更大；2820mm的轴距也比途观L2791mm更长，因此TIGGO瑞虎9在空间的舒适度上是具有更好的表现的。本人173cm，如图所示，座位调到最低位置。在前座时，头部剩余一拳两指；在后座时，头部空间依然还有一拳两指，腿部空间足有两拳三指。瑞虎9还有5座车型和7座车型的选择，当选择五座时，后备箱空间很大。选择七座时，虽然第三排不是很宽裕，但是短途乘坐也是完全没有问题。
    
    
    
    
    


    
    
    
    


    
    
    
    


    






                

    驾驶感受
        
            
            
        
        3
    
    
    踩下油门动力马上就有积极的响应，而且关键是脚感上没有虚位，中后段的动力输出饱满有质感，并没有因为1.7吨的车身和满载乘员而产生动力绵软的拖沓感觉。前后独立悬架的设计保证了作为家庭座驾的舒适性，对路面的过滤也主要是以舒适为主，高速行驶不发飘。底盘的调校兼顾了乘坐的舒适性同时也保留了一些路感，方便驾驶员在行驶中及时对驾驶情况作出处理，转弯的时候可以感觉到刚性车身对侧倾起到的稳定作用，这点对于比较容易晕车的人来说是福音。
    
    
    
    
    


    
    
    
    


    
    
    
    


    






            

            




            

    油耗
        
            
            
        
        3
    
    
    官方数据显示WLTC综合油耗为7.5L/100km。不过这么大的车身，你跑10个左右，也在正常范围。官方建议使用95号汽油。
    
    
    
    
    


    
    
    
    


    
    
    
    


    





            
            

    外观
        
            
            
        
        4
    
    
    瑞虎 9 基于全新一代设计语言 "" 柔光美学 "" 打造，相比于奇瑞汽车过去的产品设计，瑞虎家族家族式设计也更加完善，开始渐渐成型。新车前脸采用了大尺寸多边形进气格栅设计，格栅内运用了直瀑式镀铬饰条作为装饰，两侧矩阵型大灯内部结构精致，前脸下方的导流槽设计也非常精妙，不仅采用了 C 形装饰条，而且所在区域还是内凹式设计，与下包围配合，有助于凸显前脸层次感。车尾部分，新车的 LED 尾灯组采用了贯穿式设计，在尾灯中间下方是 ""CHERY"" 的字样，并采用了透镜覆盖，横排的小立方体还是挺独特的。底部的镀铬双尾排则是一个装饰件，真正的排气管隐藏在底部。悬浮式车顶与隐藏式门把手流露出时尚，车身线条平直有力，整体显得很规整，车头并没有太大的亮点，但这不重要，中型SUV需要的设计是耐看，体现出沉稳和大气。瑞虎9用了一套245宽度的米其林静音轮胎，能大大减少路面与轮胎摩擦时产生的路噪。瑞虎9车头沉稳大气，满足全家人的审美这点做到就已足够；贯穿式尾灯已见惯不怪，亮点来自于两头的虎爪式设计，让平滑的车尾增添了一丝灵动。
    
    
    
    
    


    
    
    
    


    
    
    
    


    





            

    内饰
        
            
            
        
        5
    
    
    TIGGO瑞虎9内饰大量采用了软质包裹材料，NAPPA纹理高级皮质座椅是全系标配。浅暖色座舱也更符合现代审美，纹理饰板营造出高级感，与大部分合资中型SUV老气的内饰形成鲜明对比。怀挡设计不仅方便操作，看起来高级，同时也将传统档把位置解放出来显得更加整齐美观。24.6吋极智丝滑曲面屏在高通骁龙8155高阶智能座舱中彰显出科技的含金量，同时它使用起来也非常顺畅。瑞虎9在隔音降噪方面的表现也非常优秀，即便是车速超过了100km/h、甚至达到120km/h，传递到车内的噪音也是有限的，对于车内的驾乘人员来说确实是有了更舒适的体验。为打造极致静音体验，首先是发动机的静音优化，经过了20多项的降噪减振处理，发动机降噪强于竞品5%，其次，怠速噪声优化，85%全车声学材料包裹，官方数据怠速噪音38分贝，与冰箱工作时的噪音相当。在如此静谧的空间当中，无疑为那套SONY 音响构建了良好的建声环境，由此带来的音响感官将发挥出更纯粹的质感，所以说，舍不舍得下成本，是制造出一辆好车的基础，一旦坐进车里，人的五官能不偏不倚的感受到品质所带来的溢价成分。
    
    
    
    
    


    
    
    
    


    
    
    
    


    





            

    价格政策
        
            
            
        
        3
    
    
    在新车预售阶段，瑞虎9为广大消费者提供了丰厚的福利。消费者可以享受到现金2000元定金抵9000元购车款的舒享诚定礼。除此之外，瑞虎9还为消费者带来了舒享焕新礼，即购车后可享受高达19000元的补贴，以帮助消费者更换车辆。需要注意的是，盲订期间下订的客户同时享受预售权益，但舒享诚定礼和舒享焕新礼不叠加享受。讲真这样的价格配上这样的豪礼，真的是诚意十足了。
    
    





            
                

    配置
        
            
            
        
        3
    
    
    从领先版（最低配）的配置来看，已经有L2级自动驾驶辅助系统、六安全气囊、前方碰撞预警、540°透明底盘等配置，所以最低配车型已经能提供不错的用车体验，更重要的是，这款车的预售价格为15.50万元，估计上市后的价格还有小幅度下调，所以这款车的性价比是非常高的。如果你所在的地区很热或很冷，选择更高版本也不错，瑞虎9除了最低配，其它版本都有前排座椅加热和通风功能，甚至第二排座椅也有加热功能，一上车就能得到舒服的乘坐体验，所以在极热或极寒地带的朋友，可以考虑豪华版。而尊贵型，相比豪华版主要多出了脸部识别、疲劳提醒、开门预警等功能，有它们加身，车辆在行驶安全性上能有更好的表现，如果你的预算充足，考虑它们也是可以的，只是没有这些配置，对日常用车也基本没影响，所以买不买主要看你预算。
    
    
    
    
    


    
    
    
    


    
    
    
    


    




            

            



        "
arb2i7psy59,2023-11-25 首次发表,"
            
                
                    
                    暂无
                    行驶里程
                
                
                
                
                
                
                
                
                
                
                
                
                

                
                
                    17.50万
                    参考价格
                
                
                    2023-11
                    探店时间
                
                
                    娄底
                    探店地点
                
            
            
    
    

    
        $(document).ready(function () {
            var koubeiid = 5225029;

        });

    


            
                新车好评
                外形霸气侧漏！行政风满满当当。熏黑柱和悬浮车顶非常喜欢
            
            
                新车槽点
                车机系统升级后还有智能方面ai不太方便，小奇助手还不够灵活
            

            

    空间
        
            
            
        
        5
    
    
    
    
    






                

    驾驶感受
        
            
            
        
        5
    
    
    
    
    






            

            




            

    油耗
        
            
            
        
        4
    
    
    
    
    





            
            

    外观
        
            
            
        
        4
    
    
    ​悬浮式车顶，就是这边也都是变成黑色的，那这样的话视觉效果会更好一点。
这是一个24550，20寸的，这是个20寸的轮毂，但是他用了50的扁平比，又轮毂又大，然后轮胎又厚，这样给人的感觉那轮胎厚一点相对来说开起来会比较安全，基本上不用担心什么了。
非常高级，看着这个车17、8万，17、8万1个车，你从这个角度看的话特别高级，打开车门先看一下材料用的也非常好，这个这个材料是类似于翻毛皮，然后再加上金属，再加上缝线皮。
    
    





            

    内饰
        
            
            
        
        5
    
    
    
    
    





            

    价格政策
        
            
            
        
        5
    
    
    
    
    





            
                

    配置
        
            
            
        
        4
    
    
    
    
    




            

            



        "
温州车友3077285,2023-11-23 首次发表,"
            
                
                    2280km
                    
                    行驶里程
                
                
                    9.0L
                    百公里油耗
                
                
                
                
                
                
                
                
                
                
                
                

                
                
                    16.00万
                    裸车购买价
                
                
                    2023-09
                    购买时间
                
                
                    温州
                    购买地点
                
            
            
    
    

    
        $(document).ready(function () {
            var koubeiid = 5223575;

        });

    


            
                最满意
                其实都很满意，自己也看了很久的瑞虎9才下手买的，动力啊，外观啊，内饰啊真心没得说，国产车牛逼。
            
            
                最不满意
                就是有时候空调和香氛会自己开起来，可能太智能了，会检测车里空气，可能我还不太熟悉车子，哈哈
            

            

    空间
        
            
            
        
        5
    
    
    空间可以算得上是它的一大亮点之一，车内如果坐进五个打汉子的话也完全是够的，我买的是七座，主要是家里人多，有时候出去玩应急的，平时基本上不用，并且我坐在主驾驶开车的时候也很宽敞。
    
    






                

    驾驶感受
        
            
            
        
        5
    
    
    在我看来车子的动力还是非常强劲的，在没买车之前就听说它的动力很给力，但是没想到这么给力，平时在路上开车的时候可以说是想怎么开就怎么开，红绿灯起步的时候其他并排的车子基本上都是被我甩在后视镜里的。操控方面比较值得一提的就是它的这个刹车比较灵敏了，包括整体的底盘调校的也是比较好的，就算是在过大弯的时候也不会感觉到飘。
    
    






            

            




            

    油耗
        
            
            
        
        4
    
    
    车子仪表盘上显示的百公里油耗是9.9个油，感觉这样的油耗还是偏高了一些，但仔细想想也还是能够理解的，毕竟我用车都是在市区里的高峰时期，并且车子的磨合期也还没过，所以说油耗高一点也是没什么的，后期自然而然的就降下来了。
    
    





            
            

    外观
        
            
            
        
        5
    
    
    车辆外观设计什么的都没得说，真心好看，买一辆车，外观配置什么，就要帅一点苦短酷一点，那样看的爽，开的也爽。
    
    
    
    
    


    
    
    
    


    





            

    内饰
        
            
            
        
        5
    
    
    内饰杠杠的，空间大，没有异味，显示屏又大，氛围灯有好多颜色，就一个字爽。
    
    





            

    性价比
        
            
            
        
        5
    
    
    之前也有考虑过大众途岳那款车子，因为我有一个朋友就是买的那台车子，但是后来想一想我觉得没有必要，如果买车都要学别人的话，那还有什么意思，所以后来就想买一台比较小众一些的车子，看来看去也就觉得这台上市没多久的瑞虎9最适合不过了，所以试驾完当天就决定了要买这台车。
    
    





            
                

    配置
        
            
            
        
        5
    
    
    它的大灯组采用的是矩阵式的LED大灯，所以在夜间开车的时候照明效果是非常明亮的，一点也不会觉得昏暗，并且它的日间行车灯在白天的时候也非常的醒目。就是大灯感觉有点低，没有照那么高。车内按键啊，显示屏反应很快，不会卡顿，双连屏，高端大气上档次，电动座椅，座椅加热，很齐全。
    
    




            

            



        "
东大大i,2023-10-18 首次发表,"
            
                
                    583km
                    
                    行驶里程
                
                
                    13.5L
                    百公里油耗
                
                
                
                
                
                
                
                
                
                
                
                

                
                
                    14.40万
                    裸车购买价
                
                
                    2023-09
                    购买时间
                
                
                    四平
                    购买地点
                
            
            
    
        
            
        
        
            
        
    
    

    
        $(document).ready(function () {
            var koubeiid = 5189987;

        });

    


            
                最满意
                肯定是动力好，配置高，隔音也不错，这些都是这个价位的合资车比不了的，之前一直喜欢哈佛H6，因为我家的地方小，没有正经4S店，只能去附近的汽贸城买，第一天去了哈佛没有现车，然后就看了一眼瑞虎9，说实话 之前一点都没了解过虎9，或者可以说是就是压根心里就没打算买奇瑞的车，但是我从看到虎9到买虎9连24个小时都没过，可能也是冲动消费了吧，感觉这个车也太大了，配置也够用，比同价位的皓影啊啥的合资车强的不是一点半点的，所以毫不犹豫的就拿下了，但是开了也有20天了，感觉真是太棒了！各方面都很好，配置也高，该有的也都有了，感觉是一款非常不错的家用车
            
            
                最不满意
                油耗高啊，我看别人的帖子都是8升 9升的，不知道他们咋开的，我第一箱油加了600圆子，跑了450公里的时候亮灯了我就跑去加油站加到跳枪是506块钱的，不知道后期首保之后能不能好一点，但是这个油耗作为一款家用车挺高了已经。
            

            

    空间
        
            
            
        
        5
    
    
    空间是没的说，我180身高体重185调好坐姿后面的人宽宽敞敞的，哪哪都够用
    
    






                

    驾驶感受
        
            
            
        
        4
    
    
    动力非常非常够用，就是车太大，冷不丁的开倒车啥的不咋好整，以前开小车都是一把轮，这个车得两次能进去，虚位不虚位的我也感觉不出来，没开过太好的车，（第一台车是10年马三）
    
    






            

            




            

    油耗
        
            
            
        
        1
    
    
    z这个油耗目前看真不咋地，有一说一，我这就是最真实的帖子，就是想让想买还没买的人有个参考，但是你换位思考一下，这么大个车 中级SUV 1块钱一公里也差不多了。
    
    





            
            

    外观
        
            
            
        
        5
    
    
    这个就是众口难调了，反正给我的第一感觉就是大大的，憨憨的，真的帅，有那么一丝比较像路虎，因为路虎是我终极梦想哈哈哈。
    
    





            

    内饰
        
            
            
        
        5
    
    
    内饰说不出来啥，反正跟前的人上车都会说一句真酷啊，尤其是大马鞍 是最显档次的。
    
    





            

    性价比
        
            
            
        
        5
    
    
    感觉除了车标剩下哪都挺好，说心里话，这个配置，这个动力，随便换个合资车标肯定是要30W往上的。
    
    





            
                

    配置
        
            
            
        
        5
    
    
    配置都挺够用，太多的也用不上，够用就行，主要空调凉快就行
    
    




            

            



        "
开虎9的新同学,2023-09-19 首次发表,"
            
                
                    800km
                    
                    行驶里程
                
                
                    10.8L
                    百公里油耗
                
                
                
                
                
                
                
                
                
                
                
                

                
                
                    14.59万
                    裸车购买价
                
                
                    2023-09
                    购买时间
                
                
                    贵阳
                    购买地点
                
            
            
    
        
            
        
    
    

    
        $(document).ready(function () {
            var koubeiid = 5156553;

        });

    


            
                最满意
                （购车经历）去年迎来了二胎.家里面出行越来越不方便.老车也11万公里空间也无法满足使用.年初开始看车.我之前车是国产而且也没啥毛病所以看车的范围国产和合资都在看，先后去看过星越L和皓影.虎八por以及GS8和GM8等车型.最后在基本上定在了虎八Por.六月份去奇瑞试驾虎八.进门就被虎9星银给吸引了，当场叛变试驾虎9.试驾下来确实满意.回家就看咋搞定媳妇.媳妇最先开始也是不同意买国产的.比较中意合资车型.终于结果一个多月软磨硬泡下带着她试驾了好几款车型和虎9做对比.终于松口.在8月下定.开启了半个月的等车时间。

下面详细说优缺点：
最满意的：
【空间】一个字“大”买回来后所有人第一眼都说这个车真大.空间也好大.后面做三个成年人完全不感觉挤.主驾驶我200斤的胖子坐进去都没有拥挤感.后备箱相比之前老车那真不是大了一丁点.

【配置/内饰】虽然买的是中配.但是配置已经完全满足平时所用.360全景影像.座椅通风.自动驻车.自适应巡航.座椅迎宾等等.还有很多配置还在慢慢摸索中。
内饰很多地方都是软软的.而且用料也不错.加上氛围灯很有高级感。

【回头率和驾驶感受】目前提回来二十天左右.已经不下十个人问我什么车.多少钱.有什么优缺点.确实赚足了回头率。
跑了四百公里高速.虎9的后期动力真是不错.而且特别稳.车辆隔音也不错.很多次过弯道都提示我压线.车大有点怕.主要是提速真的很快.很容易就超速.不知不觉就超速这个大家要注意

其他目前暂时没遇到什么问题。

最后说一下大家关心的油耗：
目前我跑了650公里.400公里的高速.250公里的市区加国道.基本上都是开空调状态.目前油耗9.3.说实话没过首保这个油耗基本上满意.毕竟这么大的车想跑5和6油基本上不现实.

还有大家不喜欢的怀档设计：
刚开始确实也不喜欢这种设计.感觉反人类.但是用了几次以后感觉还不错.上下切换比较流畅.而且也比较方便.不需要放手下去拉档杆.
            
            
                最不满意
                最不满意：
【后排空调误触和前排座椅误触】
后排的空调是突出的开关.每次小孩在车上都会不小心打开后排座椅加热和空调.另外就是副驾驶旁边的中控台上的座椅加热这些.副驾驶搭手上去很容易被误触.这个还是希望后面想想办法看看能不能规避

【双闪的设计】好几次去开双闪都要抬头去看位置.这种感觉很不方便.如果是高速上紧急情况开双闪.这种感觉很危险.
            

            

    空间
        
            
            
        
        5
    
    
    确实很大完全没问题.不管是后排还是前排.完全满分
    
    






                

    驾驶感受
        
            
            
        
        4
    
    
    加速很给力.特别是后段加速.直接有点感觉刹不住
    
    






            

            




            

    油耗
        
            
            
        
        4
    
    
    目前油耗还算满意确实.毕竟这么大车要求太低油耗不现实.目前安排95后面就上92
    
    





            
            

    外观
        
            
            
        
        5
    
    
    外观确实不错已经有好几个人来主动来问我了什么车
    
    





            

    内饰
        
            
            
        
        4
    
    
    内饰中规中矩.看得见的地方很多都是软包而且用料比较良心
    
    





            

    性价比
        
            
            
        
        4
    
    
    目前这个价位我认为这个车型的车已经算不错了
    
    





            
                

    配置
        
            
            
        
        5
    
    
    最喜欢360.无线充电.座椅通风.自动迎宾.自适应巡航等等
    
    




            

            



        "
逸海7406,2023-09-18 首次发表,"
            
                
                    170km
                    
                    行驶里程
                
                
                    9.1L
                    百公里油耗
                
                
                
                
                
                
                
                
                
                
                
                

                
                
                    18.20万
                    裸车购买价
                
                
                    2023-09
                    购买时间
                
                
                    武汉
                    购买地点
                
            
            
    
        
            
        
    
    

    
        $(document).ready(function () {
            var koubeiid = 5155082;

        });

    


            
                最满意
                最满意的就是虎9内饰非常良心没有什么异味，满🈵的高级感。油耗在市区走走停停9.1还是能接受，国庆回家跑趟高速再看油耗，应该过了磨合期还要省油些，动力是肯定够用的。车内静音舒适比同价位的还是有优势，在买车之前也试驾过GS8，隔音真赶不上虎九。本来GS8是我的第一选择，后来不断传出车机卡顿最终把我劝退后来一直关注星途揽月和虎九，星途4S店太少李离我工作地太远，就去汉阳奇瑞4S店一眼就看中了虎九，并试驾了感觉太合我意了，回家和老婆商量好后8月底去4S店订车，9月8号办理完上牌，10号提回。老婆和我都很喜欢这个大玩具，奇瑞值得购买。
            
            
                最不满意
                最不满意的就是护手箱上面按键和后排出风口按键设计不合理容易误碰。
            

            

    空间
        
            
            
        
        4
    
    
    本人172，65公斤。坐里面感觉很舒服，就后背箱感觉有点高了。
    
    






                

    驾驶感受
        
            
            
        
        5
    
    
    驾驶方向很轻盈，好开，并线铺助很实用。语音唤醒也很顺畅，8155芯片是正的够用
    
    






            

            




            

    油耗
        
            
            
        
        5
    
    
    
    
    
        城市油耗
        城市油耗9.1能接受。毕竟车自重在那里，我用车少一年也难开1万公里。
        
        
    





            
            

    外观
        
            
            
        
        5
    
    
    车身做工精细，造型就一个字帅。本人非常满意，公司同事都说这个车大气。
    
    





            

    内饰
        
            
            
        
        5
    
    
    空调制冷效果杠杠的，我都不敢开大了。座椅通风也实用✌
    
    





            

    性价比
        
            
            
        
        5
    
    
    性价比超高，购车优惠19000置换补贴办理方便。
    
    





            
                

    配置
        
            
            
        
        5
    
    
    车机非常流畅，功能太多还在摸索中。语音交互精确，很好用
    
    




            

            



        "
大连车友9995927,2023-09-15 首次发表,"
            
                
                    3300km
                    
                    行驶里程
                
                
                    9.3L
                    百公里油耗
                
                
                
                
                
                
                
                
                
                
                
                

                
                
                    17.90万
                    裸车购买价
                
                
                    2023-07
                    购买时间
                
                
                    大连
                    购买地点
                
            
            
    
    

    
        $(document).ready(function () {
            var koubeiid = 5151065;

        });

    


            
                最满意
                外观时尚霸气，动力充沛、用料良心、配置应有尽有，安全性评分也达到了
            
            
                最不满意
                1.速度在73码的时候出现了电流声，很小，不知道之前有没有，这个是在高速上没有开空调，没有开音乐的情况下听到了，去售后看了一下，推荐我先别拆，反正声音不大 等后续厂家怎么解决，我去试了试驾车也有， 大小的问题，反正声音很小 也是可以接受，看后续怎么解决吧！
 2.前雷达的激活条件有点鸡肋，需要转向灯开开启or全景影像开启or挂倒档or倒档再前进的时候才能激活，一直是前进档的时候前雷达是不工作的，不是像我想的那样根据距离激活，没开过别的车也不知道别的车前雷达是怎么工作的，这个也不能算是缺点
 3.我不习惯用手机导航，之前的车也是用的车机自带的导航，出现了两次导航离线状态，没有网络 但是酷狗的网络还是好用的，暂时不知道是什么引起的 重启就好了
            

            

    空间
        
            
            
        
        4
    
    
    大，真的大 坐在里面真得劲 哈哈哈哈
    
    






                

    驾驶感受
        
            
            
        
        5
    
    
    开着都挺舒服的，这动力是值得提的，是真的猛 2.0动力有着261匹马力这动力都可以说是性能车了，开起运动模式那一脚油门响应是真快，直接抬头加推背。
    
    






            

            




            

    油耗
        
            
            
        
        5
    
    
    3300公里，一大半城市 少量高速，现在油耗9.3非常满意
    
    
    
    
    


    





            
            

    外观
        
            
            
        
        4
    
    
    从外观来说的话仁者见仁，智者见智了， 外观时尚霸气，我在我喜欢的点上
    
    





            

    内饰
        
            
            
        
        4
    
    
    内饰主色调有浅色和黑色两种。内饰颜色采用高级的纳帕真皮座椅，完全贴合人体工程学，零重力设计，主驾驶12项电动调节，加热通风记忆通通都有。副驾驶女王座椅，腿托按摩功能等老板按键，后排打孔的皮质座椅键也同样支持座椅加热。后排还配有遮阳帘14个索尼音响，专业大师调教，殿堂级享受。10个气囊加持，还有一个远端安全气囊。瑞虎9采用的还是风琴踏板。
    
    





            

    性价比
        
            
            
        
        4
    
    
    相比合资车用料足配置高，价格我觉得还好吧，有置换有盲订 指导价就可以落地了
    
    





            
                

    配置
        
            
            
        
        3
    
    
    配置也是没得说比如后排加热这个配置很
多三十万的车都没有这样冬天这个配置就
比较实用了
    
    




            

            



        "
昌吉回族自治州车友0247699,2023-08-30 首次发表,"
            
                
                    1500km
                    
                    行驶里程
                
                
                    9.0L
                    百公里油耗
                
                
                
                
                
                
                
                
                
                
                
                

                
                
                    14.39万
                    裸车购买价
                
                
                    2023-07
                    购买时间
                
                
                    昌吉
                    购买地点
                
            
            
    
    

    
        $(document).ready(function () {
            var koubeiid = 5128098;

        });

    


            
                最满意
                加速强劲，超车不用狠给油，市区一不小心就超速，七档湿式双离合调校的像CVT一样丝滑，无顿挫，比我的老科鲁兹6AT好了不知道多少倍 ，空间大，180身高，90公斤坐进去丝毫不挤，怀挡很好用，手不离方向盘就可以操作，换挡拨片是鸡肋，几乎不用，还不如换个方向盘加热，疲劳驾驶提醒等实用的配置。车漆厚，提车一周出了刮擦事故，车门没有掉漆，自己用牙膏打磨了一下几乎看不出来，奇瑞做工还是值得信赖的。
            
            
                最不满意
                前排座椅稍短了一点，也可能是我腿太长了，其他暂时没有发现。
            

            

    空间
        
            
            
        
        5
    
    
    
    
    
        乘坐空间
        身高180，体重90公斤，乘坐驾驶毫无压力
        
        
    






                

    驾驶感受
        
            
            
        
        5
    
    
    加速强劲，满载加速超车信心十足，方向盘轻重合理，刹车线性，弯道侧倾抑制的很好，悬挂很有韧性。
    
    
    
    
    


    
        起步/加速动力
        节油模式起步稍慢点，标准模式起步迅速，运动模式不敢用，太快了。
        
        
    






            

            




            

    油耗
        
            
            
        
        5
    
    
    平时上下班市区油耗在7.5—8.5之间，一半时间开空调，高速真是省油，时速90左右开出5.4油耗
    
    





            
            

    外观
        
            
            
        
        5
    
    
    外观见仁见智吧，有人吐槽车头难看，车标难看，我觉得挺好的，车是开的，不是拿来看的。
    
    





            

    内饰
        
            
            
        
        5
    
    
    内饰豪华感十足，秒杀三十万以内合资车，空调制冷快，并且可以语音控制，提高了驾驶安全性，后排座椅舒适，安全带位置不太合理，做成高度可调的就好了。座椅加热速度快，对我这种老腰突真是太友好了，座椅通风夏天很舒服。无线充电速度快。
    
    





            

    性价比
        
            
            
        
        5
    
    
    落地十五万多，配置，驾驶感受，空间堪比三十万级别的合资车，性价比高。
    
    





            
                

    配置
        
            
            
        
        4
    
    
    语音搜歌提示连不上网络，更新车机系统后好了，车机流畅度高。
    
    
        OTA更新体验
        最近升级了一次，好用了很多
        
        
    




            

            



        "
Cheng1473,2023-08-24 首次发表,"
            
                
                    100km
                    
                    行驶里程
                
                
                    7.6L
                    百公里油耗
                
                
                
                
                
                
                
                
                
                
                
                

                
                
                    15.29万
                    裸车购买价
                
                
                    2023-08
                    购买时间
                
                
                    伊犁
                    购买地点
                
            
            
    
    

    
        $(document).ready(function () {
            var koubeiid = 5116486;

        });

    


            
                最满意
                丈母娘给买的，因为家里种地棉花还没有收成就零首付买的（掏了全险和税钱2.6w多）预算7-8万硬是让我和小舅子抬到15万以内，对比了哈弗大狗和丰田卡罗拉锐放（老丈人带的朋友来的非要买合资车）哈佛大狗我朋友是2021哈士奇版本我也开了将近5000公里唯一不满意就是油耗1.5t的车一公里都一块钱实在有点不能理解就没有考虑，丰田卡罗拉我看了一眼内饰纯纯10年前的装饰直接pass，试驾了瑞虎9的顶配试驾员开的110码麋鹿测试了一下车身很稳能拽回来我丈母娘一下就喜欢了不管是内饰还是动力都不错，主驾驶的座椅是真爽可惜预算不够拿了标配。
            
            
                最不满意
                刚提车甲醛味道太重了估计是因为放太阳下太久了，展厅里的就没有味道。还有就是钱到用时方恨少有钱说什么都得整个顶配，顶配的音响和标配真是天壤之别。
            

            

    空间
        
            
            
        
        5
    
    
    标配的座椅怎么坐我都坐不到舒服的位置，顶配的就不会衬托的刚刚好。储物空间不错虽然没有无线充电但是有放手机的地方。
    
    
        后备厢容积
        后备箱空间凑合看得车大后备箱但是一般后备箱的地台也高我180的身高还可以矮一点的人就不友好了
        
        
    
        乘坐空间
        空间满分了我和小舅子都180左右的个子，前排填合适位置后排空间也绰绰有余。
        
        
    






                

    驾驶感受
        
            
            
        
        5
    
    
    地板油轮胎都打滑主要也是前驱车，马力261完完全全都够用了这么大的车随便跑，油门响应不是很积极可能是我脚法柔踩的不深，低档位顿挫是有的而且低档位升档位不积极，3档以上就顺，刹车偏舒适没有大狗那么硬比较跟脚。转向不是特别精准毕竟车也长转弯要留身位。
    
    






            

            




            

    油耗
        
            
            
        
        5
    
    
    目前表现6.6到7.6因为不是长测也待后续观察
    
    





            
            

    外观
        
            
            
        
        4
    
    
    车头我是不喜欢但也不至于难看，侧身无敌不像这个价位该有的样子，车尾也是跟车头一样。有些位置用料足有点地方敲一敲感觉有点空，但是这车的安全配置还是到位还是很满意。
    
    





            

    内饰
        
            
            
        
        5
    
    
    内饰奔驰e的翻版但是用料还是给力的都是翻毛皮空调制冷也快
    
    





            

    性价比
        
            
            
        
        5
    
    
    15w标配都一堆配置还要什么自行车冲就完事了
    
    





            
                

    配置
        
            
            
        
        5
    
    
    目前没有研究车机明天才落户8155的芯片确实快的多
    
    




            

            



        "
aw9w8dx,2023-08-21 首次发表,"
            
                
                    200km
                    
                    行驶里程
                
                
                    10.2L
                    百公里油耗
                
                
                
                
                
                
                
                
                
                
                
                

                
                
                    17.49万
                    裸车购买价
                
                
                    2023-08
                    购买时间
                
                
                    临沂
                    购买地点
                
            
            
    
    

    
        $(document).ready(function () {
            var koubeiid = 5111924;

        });

    


            
                最满意
                换挡平顺，没有什么顿挫。隔音效果真的很棒，我不知道某些车黑说的风噪大从何说起。操控也很好，开起来完全没有什么违和感，很舒服。我不懂什么键盘侠嘴里的各种参数，也不懂车黑说的各种问题，我就知道我开着舒服，想提速随时，想超车随时。我也是第一次买国产车，这是我的第四辆车，之前都是开的别克，君威十一个油左右，没什么感觉，不觉得什么省油费油的，但是换了车我深切体会到朋友们说的别克费油是咋回事。尝试换国产我也考虑很久，但是真的一句话，真香。让键盘侠和车黑喷去吧，反正我开的很舒服。
            
            
                最不满意
                非要说不满意就是大车停车有点麻烦，其他没啥，还有那些纠结92或者95号油的键盘侠们，几毛钱的差价被你们说的好像加92能省出一套房一样，油咱都加不起别开车了好么？
            

            

    空间
        
            
            
        
        5
    
    
    空间一定选五座，七座白第二排空间了，第三排就是摆设。
    
    
    
    
    


    






                

    驾驶感受
        
            
            
        
        5
    
    
    给油就有，很舒服。完全没有什么顿挫，某些人说的什么发动机声音杂，我是没发现
    
    
        起步/加速动力
        超车毫不费力
        
        
    






            

            




            

    油耗
        
            
            
        
        5
    
    
    目前为止十个油左右，很满意，这么大车，这油耗很好了，没跑过告诉都是市区上下班
    
    





            
            

    外观
        
            
            
        
        5
    
    
    车很漂亮，第一眼看到就喜欢的不行。大气，稳重
    
    





            

    内饰
        
            
            
        
        5
    
    
    内饰用料很讲究，你能触及的地方基本没有塑料
    
    





            

    性价比
        
            
            
        
        5
    
    
    这个价格，这颜值，这个性能，我只能说真香，没白费我鼓起勇气买国产车的决心。奇瑞售后我最后夸一句，我真是没想到这么好，任何问题，你提出他解决，绝无推脱。
    
    





            
                

    配置
        
            
            
        
        5
    
    
    配置没得说，需要的都有，用不太上的也给你配好，可以不用，但是不能不给你配
    
    




            

            



        "
a9eudm5sxao,2023-07-29 首次发表,"
            
                
                    500km
                    
                    行驶里程
                
                
                    16.0L
                    百公里油耗
                
                
                
                
                
                
                
                
                
                
                
                

                
                
                    14.29万
                    裸车购买价
                
                
                    2023-06
                    购买时间
                
                
                    绍兴
                    购买地点
                
            
            
    
    

    
        $(document).ready(function () {
            var koubeiid = 5077353;

        });

    


            
                最满意
                加速强劲，车身稳定，隔音还可以，车子内饰用料还可以
            
            
                最不满意
                油耗高的离谱，车子盲区有点大，经济模式下有轻微顿挫，
            

            

    空间
        
            
            
        
        5
    
    
    空间大，乘坐舒服，后背箱容量大，乘坐不累，
    
    
    
    
    


    






                

    驾驶感受
        
            
            
        
        5
    
    
    加速强劲，标准模式很顺滑，动力够用，加速快，运动模式没有用过，
    
    






            

            




            

    油耗
        
            
            
        
        1
    
    
    城市道路油耗高的离谱，快速路油耗还可以，高速还没有跑过，
    
    
        城市油耗
        油耗高的离谱，比之前的越野车，油耗还高好多，不知道是不是车子有问题，
        
        
    





            
            

    外观
        
            
            
        
        4
    
    
    车门太薄，碰下就凹陷进去，车头机盖设计有问题，盲区太大，
    
    





            

    内饰
        
            
            
        
        3
    
    
    内饰用料可以，做工还行，刚提车的时候，气味有点大，
    
    





            

    性价比
        
            
            
        
        4
    
    
    性价比还可以，15万的车，合资车根本没有这样的配置，舒适度还可以，
    
    





            
                

    配置
        
            
            
        
        4
    
    
    配置还可以，一般都用的到，挺好用的，全自适巡航还没有用过，其他都挺好用，车机反应快，不卡机，语音控制功能有点不行，不太搞的清楚指令，要重复几遍才可以，
    
    




            

            



        "
吉安车友4961841,2023-07-28 首次发表,"
            
                
                    200km
                    
                    行驶里程
                
                
                    11.0L
                    百公里油耗
                
                
                
                
                
                
                
                
                
                
                
                

                
                
                    16.69万
                    裸车购买价
                
                
                    2023-07
                    购买时间
                
                
                    吉安
                    购买地点
                
            
            
    
    

    
        $(document).ready(function () {
            var koubeiid = 5076723;

        });

    


            
                最满意
                在看了各种各样合资国产的相关车型，最终选择了瑞虎九，看了各项指标和优惠条件，觉得这款车实实在在好，首先外形非常大气上档次，颜色又很好看，发动机马力强劲很方便很跟脚不费力，加上各种新功能让人试过后就心动不已，决定买了就快速的全额买定家人也一致欢喜！迎来新车后亲朋好友齐来围观，表哥首先动了心，准备也要入手一台，我们的新车让这么多人围观喜欢，也令我们全家欢喜，心情愉悦！感谢这么好的公司，这么好的没计团队，期待你们不断出令百姓喜爱的新产品！
            
            
                最不满意
                油耗高了点，然后还要加九五的油，车子再长一点，坐七座时再舒服点，还有进岀后面七座时，不太方便，上车时，站在外面把二排座往前推，用力也不好推，能希望将来岀一款混动的车型。
            

            

    空间
        
            
            
        
        5
    
    
    车子大了后，坐五个人每个人，都有很大的空间，坐的很舒服。
    
    
    
    
    


    
    
    
    


    
        ☆ 空间设计亮点
        各种放小东西的地方，也多，中控也大气。
        
        
    






                

    驾驶感受
        
            
            
        
        5
    
    
    加速也很快，轻松就跑起来了，不像一辆大的suⅤ，刚刚从井冈山下来，座了六个人开空调，上山路一点也不弱。
    
    






            

            




            

    油耗
        
            
            
        
        3
    
    
    跑了三百公里各种路，全程开空调，现在油耗百公里11个多点，还可以吧。
    
    





            
            

    外观
        
            
            
        
        5
    
    
    外观是最满意的，不像国产车，像进口车的感觉。
    
    
    
    
    


    





            

    内饰
        
            
            
        
        4
    
    
    内饰也很不错，大气又时尚，希望屏幕再大点。
    
    
    
    
    


    





            

    性价比
        
            
            
        
        5
    
    
    性价比不错，我有旧车置换，等于车子就是只有十四万多点，就能买到七座的大suv，很可以了。
    
    





            
                

    配置
        
            
            
        
        4
    
    
    最喜欢是36o影像，倒车，和走小点路都很轻松，而且还很清晰，有多个角度可以点，其他配置也很全面。
    
    




            

            



        "
谢先生8581,2023-07-22 首次发表,"
            
                
                    9800km
                    
                    行驶里程
                
                
                    9.5L
                    百公里油耗
                
                
                
                
                
                
                
                
                
                
                
                

                
                
                    15.50万
                    裸车购买价
                
                
                    2023-05
                    购买时间
                
                
                    临沂
                    购买地点
                
            
            
    
    

    
        $(document).ready(function () {
            var koubeiid = 5064528;

        });

    


            
                最满意
                相当出色的动力系统，独特的操控性能，使驾驶在行驶的时候有一定的操控乐趣
            
            
                最不满意
                就一开始上手驾驶时有点不习惯，怀档设计和电子手刹不习惯
            

            

    空间
        
            
            
        
        5
    
    
    空间也是瑞虎9的亮点之一，在空间上的利用和设计上相当不错，后备箱容积很大，车内乘座空间也比较宽敞
    
    






                

    驾驶感受
        
            
            
        
        5
    
    
    方向盘 油门踏板 制动踏板 都调校的比较轻快，2.0T发动机的动力组合，油门比较跟脚，中高速时动力响应的更快，加速超车很有信心
    
    






            

            




            

    油耗
        
            
            
        
        5
    
    
    一般都在城市道路上行驶，油耗很不错，平均在9.5左右，很省油，也不会因为油耗高带来经济负担
    
    





            
            

    外观
        
            
            
        
        5
    
    
    瑞虎9搭配了隐藏式门把手，悬浮式的车顶，很有层次感，侧身的腰线设计完美的将车身侧面层次感凸显出来
    
    





            

    内饰
        
            
            
        
        5
    
    
    隔音方面做的也比较优秀，高速行驶也有很小的噪音，氛围灯也很漂亮，采用的也是怀档设计，配备换挡拨片，还有一体式双联屏
    
    





            

    性价比
        
            
            
        
        5
    
    
    瑞虎9性价比是真的不错，在这个价位非常能打，在加上奇瑞的置换补贴政策，价格相当优惠
    
    





            
                

    配置
        
            
            
        
        5
    
    
    360全景影像非常清晰，配备了智能驾驶，提高了驾驶便利性，还提高了安全性，手机无线充电也很方便，不用每次带着数据线给手机充电了，还支持CarPlay功能
    
    




            

            



        "
乐山车友1809919,2023-07-15 首次发表,"
            
                
                    1020km
                    
                    行驶里程
                
                
                    8.0L
                    百公里油耗
                
                
                
                
                
                
                
                
                
                
                
                

                
                
                    14.00万
                    裸车购买价
                
                
                    2023-06
                    购买时间
                
                
                    四平
                    购买地点
                
            
            
    
    

    
        $(document).ready(function () {
            var koubeiid = 5052757;

        });

    


            
                最满意
                非常满意，这么大的车油耗也很低，销售服务态度也都非常好
            
            
                最不满意
                非常满意没有不满意的地方，这么大的车油耗也很低，销售服务态度也都非常好
            

            

    空间
        
            
            
        
        5
    
    
    
    
    
        ☆ 空间设计亮点
        空间非常大，后排可以放平，后背三个人完全不会拥挤
        
        
    






                

    驾驶感受
        
            
            
        
        5
    
    
    驾驶非常稳，换挡没有顿挫感，加油也很快，
    
    






            

            




            

    油耗
        
            
            
        
        5
    
    
    我的用车地是市区，平均油耗也就7.8个油，这么大的车这个油耗非常够用
    
    





            
            

    外观
        
            
            
        
        5
    
    
    外观大气猛男形象，腰线线条非常完美，车尾也是比较帅
    
    





            

    内饰
        
            
            
        
        5
    
    
    做工非常精致，隔音效果非常好，第二排座椅可以完全放平，空调制冷也很好
    
    





            

    性价比
        
            
            
        
        5
    
    
    综合性价比非常高，相对于合资车来说配置多了很多，支持国产，现在的奇瑞确实很好
    
    





            
                

    配置
        
            
            
        
        5
    
    
    360座椅加热电动座椅车道保持等等，非常好，配置齐全，全景天窗，后排座椅加热，独立出风口，座椅180度纯情，隔音好，操控感好，语音识别系统非常流畅，2.0T发动机，动力上劲，自带行车记录仪，7速湿式双离合官方完全没有顿挫感，20寸大轮毂，而且外形好看，跟路虎相似，悬浮大屏非常好，
    
    




            

            



        "
赵亚龙,2023-07-15 首次发表,"
            
                
                    1000km
                    
                    行驶里程
                
                
                    9.0L
                    百公里油耗
                
                
                
                
                
                
                
                
                
                
                
                

                
                
                    17.49万
                    裸车购买价
                
                
                    2023-06
                    购买时间
                
                
                    郑州
                    购买地点
                
            
            
    
    

    
        $(document).ready(function () {
            var koubeiid = 5052481;

        });

    


            
                最满意
                没上市就在关注，外观时尚大气，流线线条完美，非常符合时尚审美，又时尚又稳重，车标还会亮，非常非常漂亮，全家都满意。店家还有上门关怀，提车服务非常好，非常满意，提车送了大礼包，销售顾问非常热情，店内交车还有店总和销售总送的礼物，感觉非常上心，提车过程比较满意。
            
            
                最不满意
                后排座椅加热按钮小孩容易误碰，底盘有点偏硬。小二十万的车两驱版本没有配置官方宣传的电磁悬挂，想买带电磁悬挂的必须要选四驱版本的，可是城市用车又不想买四驱的。并且四驱版本上市还晚，非常不满意。
            

            

    空间
        
            
            
        
        5
    
    
    空间比较大，适合家用
    
    
        ☆ 空间设计亮点
        后排平摊，中间座椅下面没有凸起，很满意
        
        
    
        提车服务
        提车后还有上门关怀以及车主群，比较满意。
        
        
    
    
    
    


    






                

    驾驶感受
        
            
            
        
        5
    
    
    动力强劲，不挑油。满分。这么大的车，现在油耗才九个非常满意。
    
    






            

            




            

    油耗
        
            
            
        
        5
    
    
    油耗比较省，并且不挑油，非常满意。加92的油虽然有点动力损失，但是几乎感觉不到。
    
    





            
            

    外观
        
            
            
        
        5
    
    
    外观时尚大气，线条流畅，车标还能发光，后尾翼设计很漂亮，整车有种悬浮顶的感觉，非常棒。
    
    





            

    内饰
        
            
            
        
        5
    
    
    内饰质感比较细腻，坏档的操作档杆看起来比较廉价但是用起来还是比较顺手的，空调出风口阻尼感还是很强的
    
    





            

    性价比
        
            
            
        
        4
    
    
    性价比不算特别高，这个空间大小，这个价格的国产车很多。主要是对奇瑞比较信任，并且各方面还算满意，不多不少吧算是
    
    





            
                

    配置
        
            
            
        
        4
    
    
    配置不算特别高，车内配置还是比较豪华的，但是硬件配置小二十的车还是用的双离合，没有宣传的AT，也没有电磁悬挂。这两项配置只有四驱有，两驱顶配都没有，不太满意。
    
    




            

            



        "
杨仲文,2023-07-14 首次发表,"
            
                
                    230km
                    
                    行驶里程
                
                
                    9.0L
                    百公里油耗
                
                
                
                
                
                
                
                
                
                
                
                

                
                
                    16.00万
                    裸车购买价
                
                
                    2023-06
                    购买时间
                
                
                    三明
                    购买地点
                
            
            
    
    

    
        $(document).ready(function () {
            var koubeiid = 5051460;

        });

    


            
                最满意
                座椅设计我最喜欢，新手最好的助手，调节座椅很方便，开2个小时也不累
            
            
                最不满意
                非常满意，没有感觉不好的，新手还在体验中
            

            

    空间
        
            
            
        
        5
    
    
    瑞虎9的驾驶体验真是舒适到爆炸！这款车配备了L2.9级前沿智能辅助驾驶系统，简直就是我的私人助手。不管是堵车还是长途旅行，它都能帮我保持车距、辅助变道，真是省心又安全。而且，车身超长，轴距超长，坐在车里就像坐在一间豪华的大宅里，尽享舒适。
    
    
    
    
    


    






                

    驾驶感受
        
            
            
        
        5
    
    
    动力不错开很有推背感，加油门反应快，舒适感很好
    
    






            

            




            

    油耗
        
            
            
        
        5
    
    
    油耗对2.0T的发动机来说，市区跑9格油我已经很满意了，跑了趟高速油耗还可以在7-8格之间，开空调会加耗油些
    
    





            
            

    外观
        
            
            
        
        5
    
    
    很有科技感，大气，我最满意拉手隐藏式，小区熊孩子没办法拔，整改外观非常大气
    
    





            

    内饰
        
            
            
        
        4
    
    
    内饰感觉用料很足，设计也非常细腻，我喜欢挂档设计方便快捷，对新手非常友好，还有抬头显示很方便
    
    





            

    性价比
        
            
            
        
        4
    
    
    这个配置非常给力，奇瑞车比较良心，这个在配置在合资车最少40万才有，我16万就可以享受，性价比很高
    
    





            
                

    配置
        
            
            
        
        5
    
    
    配置还不错，就是要7座的还要加钱，看我买车的几个朋友都说比起他们家合资车车不多价格配置高太多
    
    




            

            



        "
遵义车友0811496,2023-07-14 首次发表,"
            
                
                    2650km
                    
                    行驶里程
                
                
                    10.2L
                    百公里油耗
                
                
                
                
                
                
                
                
                
                
                
                

                
                
                    14.39万
                    裸车购买价
                
                
                    2023-05
                    购买时间
                
                
                    遵义
                    购买地点
                
            
            
    
        
            
        
        
            
        
        
            
        
        
            
        
    
    

    
        $(document).ready(function () {
            var koubeiid = 5051450;

        });

    


            
                最满意
                动力非常好，底盘调教的非常好，几乎过滤了凹凸路面。
            
            
                最不满意
                外观细节方面应该做完美一下，洗车时发现左右缝隙不一样大。
            

            

    空间
        
            
            
        
        5
    
    
    空间够用，特别是后排空间 超出我对奇瑞车的看法
    
    






                

    驾驶感受
        
            
            
        
        5
    
    
    说起这个就一言难尽了，作为一个十几年的老司机，真的想骂奇瑞，动力强劲也就算了，那么大一个车子开起来还那么轻巧，方向盘那么轻，我的麒麟臂二头肌都开始退化了，座椅扎实还柔软，我车子是买来开的，不是买来享受的，很容易就放松身体，这真的很不好，减震更是一塌糊涂，过一些颠簸路段完全找不到Disco摇摆感受；
    
    






            

            




            

    油耗
        
            
            
        
        5
    
    
    因为动力太猛，见车就想蹦，导致油耗蹭蹭往上涨，原本8个油硬生生干到了10个油，足足7毛一公里啊，这谁受得了？这妥妥的败家玩意啊。
    
    





            
            

    外观
        
            
            
        
        4
    
    
    总之我对这个车甚至这个车企很不满意，如果非要挑一点最满意的话，就是瑞虎9的空间和颜值吧，虎里虎气的挺威猛霸气的，下面有图大家可以感受得到，空间方面很大，后备箱很大，可以放倒后排座椅当床用，外出露营啥的也可以在车上睡，人身安全很多
    
    





            

    内饰
        
            
            
        
        5
    
    
    总之我对这个车甚至这个车企很不满意，如果非要挑一点最满意的话，就是瑞虎9的空间和颜值吧，虎里虎气的挺威猛霸气的，下面有图大家可以感受得到，空间方面很大，后备箱很大，可以放倒后排座椅当床用，外出露营啥的也可以在车上睡，人身安全很多
    
    





            

    性价比
        
            
            
        
        5
    
    
    总之我对这个车甚至这个车企很不满意，如果非要挑一点最满意的话，就是瑞虎9的空间和颜值吧，虎里虎气的挺威猛霸气的，下面有图大家可以感受得到，空间方面很大，后备箱很大，可以放倒后排座椅当床用，外出露营啥的也可以在车上睡，人身安全很多
    
    





            
                

    配置
        
            
            
        
        5
    
    
    该有的都有，别人没有的虎9也有，感觉对得起这个价格。
    
    




            

            



        "
德阳车友6296559,2023-07-14 首次发表,"
            
                
                    1036km
                    
                    行驶里程
                
                
                    8.8L
                    百公里油耗
                
                
                
                
                
                
                
                
                
                
                
                

                
                
                    14.39万
                    裸车购买价
                
                
                    2023-06
                    购买时间
                
                
                    成都
                    购买地点
                
            
            
    
        
            
        
    
    

    
        $(document).ready(function () {
            var koubeiid = 5051211;

        });

    


            
                最满意
                接到成都瑞一奇瑞4s店售后的工作人员电话，说要上门进行关爱活动，第二天上午4S店的工作人员还有技师带着鲜花和精美的礼品就过来了，在我的小区给我爱车做了一个检查，添加了玻璃水和防冻液、还送了我一瓶玻璃水，感觉4S店的服务还是相当不错的。自从买了这个车后，我开着还是比较满意的，整个性能动力这些都还不错，这是我开的第二辆奇瑞，感觉瑞虎9的做工和质量都很棒，各方面都是很好的，今天瑞一售后的工作人员在检查车辆的同时还给我讲了许多用户知识和注意事项，瑞一奇瑞的服务还是值得信赖的！
            
            
                最不满意
                后备胎不是全尺寸的，如果是全尺寸的轮胎就更好了！
            

            

    空间
        
            
            
        
        5
    
    
    空间大，看着舒适，大人小孩儿在里面也不拥挤
    
    
    
    
    


    
    
    
    


    






                

    驾驶感受
        
            
            
        
        5
    
    
    动力方面还是挺棒的，动力十足，跑高速也不费劲
    
    






            

            




            

    油耗
        
            
            
        
        5
    
    
    目前才行驶了1000公里左右，油耗这方面目前还不到9个油耗，还是挺省油的
    
    





            
            

    外观
        
            
            
        
        5
    
    
    外观看着大气，开着有档次，时尚、远观看着时尚。
    
    





            

    内饰
        
            
            
        
        4
    
    
    内饰宽敞舒适设计风格现代简约时尚，后备箱也比较大
    
    
    
    
    


    





            

    性价比
        
            
            
        
        5
    
    
    终身质保，维修保养也不贵，整体性价比也挺高的！
    
    





            
                

    配置
        
            
            
        
        5
    
    
    功能可以语音控制，大屏，导航系统也比较流畅！
    
    




            

            



        "
铁岭车友7850089,2023-07-14 首次发表,"
            
                
                    2564km
                    
                    行驶里程
                
                
                    8.0L
                    百公里油耗
                
                
                
                
                
                
                
                
                
                
                
                

                
                
                    17.49万
                    裸车购买价
                
                
                    2023-05
                    购买时间
                
                
                    铁岭
                    购买地点
                
            
            
    
        
            
        
    
    

    
        $(document).ready(function () {
            var koubeiid = 5050931;

        });

    


            
                最满意
                一直关注瑞虎9有一段时间了，我觉得咱们国产车现在技术做工各方面都比较成熟，一直跟家人商量想换车，刚开始对比丰田、吉利最后结合家人的意见还有我自己的想法，最终喜提虎9。最让我满意的就瑞虎9的外观，看这非常大气，线条简洁而不简单，非常耐看，高端大气，设计的非常完美。另外这个车的空间非常大，我们一家四口出去旅游，带些行李物品，空间也绰绰有余，特别满意。非常喜欢咱们奇瑞的瑞虎9 奇瑞的服务也很给力
            
            
                最不满意
                车身太大了刚开始有点不适应 慢慢的就习惯了
            

            

    空间
        
            
            
        
        5
    
    
    车里的空间非常大 后排坐三个人完全宽松 后备箱也非常大
    
    






                

    驾驶感受
        
            
            
        
        5
    
    
    加速跟动力非常棒 驾驶也非常的平顺 一点顿挫感都没有 非常棒
    
    
        跑高速
        动力非常好
        
        
    






            

            




            

    油耗
        
            
            
        
        5
    
    
    我平时都是上下班出门带步开 现在还没有出过远门 平时在市区开的话在9个油
    
    





            
            

    外观
        
            
            
        
        5
    
    
    瑞虎9的前脸设计看着非常的大气 车身也非常漂亮 让人看着非常的美观
    
    





            

    内饰
        
            
            
        
        5
    
    
    内饰非常漂亮 给我的感觉非常智能 新车车里也一点味道都没有
    
    





            

    性价比
        
            
            
        
        5
    
    
    性价比超高 置换有置换补贴 首任车主给的礼品也非常的丰富 后期还有上门送礼品
    
    





            
                

    配置
        
            
            
        
        5
    
    
    车辆配置也非常的高 自动驾驶 前景影像都有 用着也非常的方便
    
    




            

            



        "
郭佳利,2023-07-14 首次发表,"
            
                
                    1800km
                    
                    行驶里程
                
                
                    6.0L
                    百公里油耗
                
                
                
                
                
                
                
                
                
                
                
                

                
                
                    15.29万
                    裸车购买价
                
                
                    2023-06
                    购买时间
                
                
                    西安
                    购买地点
                
            
            
    
        
            
        
    
    

    
        $(document).ready(function () {
            var koubeiid = 5050809;

        });

    


            
                最满意
                购车一个半月了，奇瑞售后上门来回访，还带了精美的小礼品。车子开着很有高级感，动力十足，路上回头率超高。希望国产越做越好，也相信奇瑞...
            
            
                最不满意
                目前没有不满意的地方 工作人员很热情 也很周到
            

            

    空间
        
            
            
        
        5
    
    
    空间足够大，能放很多东西，操作性好还有冰箱 试驾满满
    
    






                

    驾驶感受
        
            
            
        
        5
    
    
    车起步确实轻快。发动机噪音不小(相比于日系两田)前排双层夹胶玻璃和多种隔音材料的应用，驾驶室噪音表显优秀
    
    






            

            




            

    油耗
        
            
            
        
        4
    
    
    这款车相对来说油耗不是很大还是值得入手的
    
    





            
            

    外观
        
            
            
        
        5
    
    
    简单大气，整体还是可以的，比较高档，时尚。
    
    





            

    内饰
        
            
            
        
        5
    
    
    内饰
空调效果还是不错的，色彩整体丰富，功。全
    
    





            

    性价比
        
            
            
        
        4
    
    
    价格挺高的再等等 想买的伙伴等等看还有什么其他福利
    
    





            
                

    配置
        
            
            
        
        5
    
    
    科技感十足，车机反应灵敏，2秒开机，30秒内十项指令。
    
    




            

            



        "
朱华,2023-07-13 首次发表,"
            
                
                    
                    暂无
                    行驶里程
                
                
                
                
                
                
                
                
                
                
                
                
                

                
                
                    16.29万
                    参考价格
                
                
                    2023-07
                    探店时间
                
                
                    楚雄
                    探店地点
                
            
            
    
    

    
        $(document).ready(function () {
            var koubeiid = 5050493;

        });

    


            
                新车好评
                内饰方面个人感觉还是不错的，有时尚设计的元素，整一个中控布局有自己的独到之处。现在新车世面上还是挺少有怀档操作，刚开始试驾操作还是有不适应的地方，多操作几次后感觉也还挺简单方便的
            
            
                新车槽点
                车身外观中规中矩，没有比较惊艳的地方，门把手的弹出式设计个人感觉不太喜欢，
            

            

    空间
        
            
            
        
        5
    
    
    
    
    
    
    
    


    






                

    驾驶感受
        
            
            
        
        5
    
    
    
    
    






            

            




            

    油耗
        
            
            
        
        5
    
    
    
    
    





            
            

    外观
        
            
            
        
        4
    
    
    
    
    





            

    内饰
        
            
            
        
        4
    
    
    触手可及的地方采用软质包附，体验感，档次感都还挺好
    
    
    
    
    


    
    
    
    


    
    
    
    


    





            

    价格政策
        
            
            
        
        5
    
    
    老客户可以享受19000元置换补贴，这个还是挺意外的，以往感觉奇瑞新车上市基本没有政策性的实质性优惠
    
    





            
                

    配置
        
            
            
        
        5
    
    
    
    
    




            

            



        "
af8qpj3,2023-07-13 首次发表,"
            
                
                    500km
                    
                    行驶里程
                
                
                    10.0L
                    百公里油耗
                
                
                
                
                
                
                
                
                
                
                
                

                
                
                    16.29万
                    裸车购买价
                
                
                    2023-06
                    购买时间
                
                
                    合肥
                    购买地点
                
            
            
    
    

    
        $(document).ready(function () {
            var koubeiid = 5050185;

        });

    


            
                最满意
                内饰好看，外观大气，在国产suv中算是佼佼者，一直都是奇瑞汽车老用户，自己也是做奇瑞品牌售后服务多年，对奇瑞汽车质量和服务相当满意！
            
            
                最不满意
                车子前脸略显大点
车子LOGO可以再优化一下
            

            

    空间
        
            
            
        
        5
    
    
    空间大，一家四口坐起来舒服
后备箱空间足够
    
    






                

    驾驶感受
        
            
            
        
        5
    
    
    动力没话讲，2.0T家用车够用了，市内跑
    
    






            

            




            

    油耗
        
            
            
        
        4
    
    
    油耗略显高点，跑高速还行，毕竟油价现在不低
    
    





            
            

    外观
        
            
            
        
        4
    
    
    外观大气上档次，中大型SUV定位相当精准
    
    





            

    内饰
        
            
            
        
        5
    
    
    内饰好看，怀档经典，氛围灯漂亮
大屏显示大气上档次
    
    





            

    性价比
        
            
            
        
        5
    
    
    性价比比较高，中大型SUV能有这种价格，确实给力
    
    





            
                

    配置
        
            
            
        
        5
    
    
    360全景影像，语音唤醒功能，偏道指引，贯穿式尾灯相当漂亮
    
    




            

            



        "
庆阳车友2727275,2023-07-13 首次发表,"
            
                
                    500km
                    
                    行驶里程
                
                
                    8.0L
                    百公里油耗
                
                
                
                
                
                
                
                
                
                
                
                

                
                
                    17.00万
                    裸车购买价
                
                
                    2023-06
                    购买时间
                
                
                    银川
                    购买地点
                
            
            
    
        
            
        
    
    

    
        $(document).ready(function () {
            var koubeiid = 5049974;

        });

    


            
                最满意
                车身非常大气，侧面线条流畅，车头很霸气， 虽然外观说不上特别好看，但是内饰的豪华感觉真的是一级棒，车机8155也很流畅，贯穿式后尾灯很有辨识度，前后排的氛围灯也是很有感觉，晚上的氛围感直接拉满，车内自带的香氛也让人很舒服，两驱动力也是完全够用，配置也是完全够用，提车不到两个月，售后服务也做得还不错，还上门给我的车子做了全面检查，厂家还送了贴心的小礼物，总的来说体验感挺好的，希望后续的使用一切顺利！
            
            
                最不满意
                目前没有什么最不满意的，可能就是还没怎么开平时比较忙，很多功能还没来得及体验
            

            

    空间
        
            
            
        
        5
    
    
    空间完全不用担心，非常大，前后排翘二郎腿，空间都还很富裕，腿长的完全不用担心别扭，而且后排可以放平，放平之后空间更大了，后备箱也能放挺多东西，自驾游很不错
    
    






                

    驾驶感受
        
            
            
        
        5
    
    
    输出动力绰绰有余，起步加速这些反应迅速，不过起步会有轻微抖动，不知道为啥，提速感明显，运动模式下，油门感觉一踩车就要冲出去的感觉，动力十足，高速上超车基本上油门随踩随有。而且过弯五六十码车也不会很飘，底盘稳。比较不错的是这车方向盘轻重可以调节，调到自己最合适的手感，开起来得心应手。
    
    






            

            




            

    油耗
        
            
            
        
        4
    
    
    8L/100km——市区里面开空调的话综合油耗10个左右，对于中型suv这个油耗还可以接受，高速大概7-8个左右。毕竟夏天到了不开空调的话，车里都没法呆，油耗目前还算满意
    
    





            
            

    外观
        
            
            
        
        4
    
    
    车头很霸气，自动伸缩拉手真的很有档次，买了白色，奇瑞瑞虎9采用了双拼色的样式，配合上W字样的饰条，优雅气息扑面而来，并且在更宽的车身下，奇瑞瑞虎9更加符合一台更大尺寸的SUV所应给予消费者的于感官层面的冲击。为了进一步降低整车风阻，瑞虎9融入了隐藏式门把手，令不少网友直呼高级。另外瑞虎9的车身线条硬朗，霸气又不失沉稳，让人很容易联想到路虎揽胜星脉。联想到奇瑞与捷豹路虎的合资关系，不排除这次瑞虎9的造型很可能是由路虎设计师操刀设计。作为一台高端SUV，这款瑞虎9在颜值上真是完全不输豪车，这一点确实很让人惊喜。
    
    





            

    内饰
        
            
            
        
        5
    
    
    前后排的氛围灯很有感觉，而且切换模式还能变换颜色，到了晚上这个灯的感觉直接拉满。座椅支撑包裹性都很不错，对于臀部和背部非常友好，久开不累。新车基本无异味，这一点我很喜欢，滤震隔音效果也很棒，跑路面崎岖的路，起伏感小。高速上胎噪风噪小，跑高速这点非常nice
    
    





            

    性价比
        
            
            
        
        5
    
    
    总的来说这个价位这个配置我是很满意的，功能性很强，车上能有的他都有了，还要怎样，瑞虎9作为奇瑞汽车的旗舰产品，性价比是其最大的优势之一。相比同类车型，瑞虎9的价格更加亲民，配置也更加丰富。在同等价位的车型中，瑞虎9的配置可以说是非常豪华了。比如，瑞虎9配备了先进的智能驾驶辅助系统、全景天窗、豪华内饰等高端配置，这些配置在同价位车型中是很难找到的。因此，从性价比的角度来看，瑞虎9是非常值得购买的。
    
    





            
                

    配置
        
            
            
        
        5
    
    
    会搭载奇瑞汽车自主研发的鲲鹏动力2.0TGDI发动机，这款堪称同级最强动力的发动机最大功率192kW（261马力），值得注意的是，之前其他车上搭载的2.0T发动机扭矩为390Nm，在这方面，瑞虎9或许会带来新的突破，其峰值扭矩有望通过重新调教达到400Nm，如果真的如此，那可就太棒了。而关于很多消费者都十分关心的油耗问题，鲲鹏动力2.0TGDI发动机百公里油耗低至8L，兼顾了动力性和燃油经济性，真不愧是曾荣获2021“中国心”十佳发动机的选手，确实相当的靠谱。
    
    
    
    
    


    
    
    
    


    




            

            



        "
ak2mdz8,2023-07-13 首次发表,"
            
                
                    1600km
                    
                    行驶里程
                
                
                    9.2L
                    百公里油耗
                
                
                
                
                
                
                
                
                
                
                
                

                
                
                    18.00万
                    裸车购买价
                
                
                    2023-05
                    购买时间
                
                
                    中山
                    购买地点
                
            
            
    
        
            
        
    
    

    
        $(document).ready(function () {
            var koubeiid = 5049771;

        });

    


            
                最满意
                一开始为什么选择瑞虎9，瑞虎9属于瑞虎家族的旗舰车型，出自奇瑞火星架构T2X平台，听着是不是很熟悉？ 这是星途揽月、瑶光用到的架构，所以从这个层面来说，瑞虎9算是流淌着高端基因，跟之前的瑞虎系列相比，还是高级不少。 瑞虎9的车身尺寸为4820/1930/1699mm，轴距2820mm，妥妥中型SUV的尺寸，要比瑞虎8大出不少，实际体验了7座版本之后，第3排两个座椅空间表现并不局促，不是给宠物和小朋友预留，而是真正能满足成年人乘坐。
关于销售服务，从进门那一刻我们的销售人员很热情的招待，从试驾到下订，给我的感觉都是很热情，很愉快的，给奇瑞服务真的要大大的点个赞！！！
 到提车了，销售人员马上建了个群，里面有售后的师傅，服务人员，新车嘛！有很多不懂的地方，在群里发问也很耐心的解答。再次为奇瑞点赞
现在提车一个多月了，售后人员上门关怀，帮我检查车况，还有小礼品送，师傅还主动告诉我车辆日常保养知识让我受益匪浅，这服务真的不差于高端品牌！！
            
            
                最不满意
                暂时没有，用车一直很不错，奇瑞继续加油！
            

            

    空间
        
            
            
        
        5
    
    
    妥妥中型SUV的尺寸，实际体验了7座版本之后，第3排两个座椅空间表现并不局促，不是给宠物和小朋友预留，而是真正能满足成年人乘坐。
    
    






                

    驾驶感受
        
            
            
        
        5
    
    
    2.0的动力肯定是杠杠的，非常棒！！！推背感很强
    
    






            

            




            

    油耗
        
            
            
        
        5
    
    
    在中山城区用车，这个排量，这油耗也能接受，反正是不错的
    
    





            
            

    外观
        
            
            
        
        5
    
    
    外观没得说啊，大气上档次，奇瑞设计真的越来越不错
    
    





            

    内饰
        
            
            
        
        5
    
    
    采用了双联屏的设计，取消了中央通道上的空调操控屏，取而代之的是悬浮式双层中央通道，提高了上层中央通道的高度，并拥有下沉式的储物槽，空间利用率、档次感都得到了提升。
    
    





            

    性价比
        
            
            
        
        5
    
    
    性价比肯定没得说了，终身质保，空间大，性价比之王
    
    





            
                

    配置
        
            
            
        
        5
    
    
    该有的功能都有，不过有很多还不会用，慢慢摸索摸索
    
    




            

            



        "
暹罗不黑脸,2023-07-13 首次发表,"
            
                
                    1024km
                    
                    行驶里程
                
                
                    7.0L
                    百公里油耗
                
                
                
                
                
                
                
                
                
                
                
                

                
                
                    17.49万
                    裸车购买价
                
                
                    2023-06
                    购买时间
                
                
                    安康
                    购买地点
                
            
            
    
        
            
        
    
    

    
        $(document).ready(function () {
            var koubeiid = 5049748;

        });

    


            
                最满意
                车动力十足油耗也很低，平时上下班6个油，空间也很大五个人一点也不拥挤。配置也很高。
            
            
                最不满意
                目前刚用还没发现什么挺好的就是车大距离不好把控
            

            

    空间
        
            
            
        
        5
    
    
    空间很大完全够用
    
    
    
    
    


    
        ☆ 空间设计亮点
        前排很舒服
        
        
    
        ☆ 第三排空间
        人胖一点完全够坐很宽松
        
        
    






                

    驾驶感受
        
            
            
        
        5
    
    
    提速很快
    
    
        起步/加速动力
        提速很快超车没啥问题秒杀
关键时候一脚油门速度立马上来了
        
        
    






            

            




            

    油耗
        
            
            
        
        5
    
    
    很省油平时6个油耗
    
    
        城市油耗
        平常上下班也就是20公里市区油耗7个多这么大个车已经很不错了在预想范围之内，挺不错
        
        
    





            
            

    外观
        
            
            
        
        5
    
    
    外观大气，整体很好看，流水大灯也很惊艳。都很惊艳同事都说很好看
    
    





            

    内饰
        
            
            
        
        5
    
    
    很高端很多都是软皮的摸起来很舒服夏天也不烫，
    
    





            

    性价比
        
            
            
        
        5
    
    
    感觉这个价位选择奇瑞真的很不错，配置还是动力都很赞
    
    





            
                

    配置
        
            
            
        
        5
    
    
    配置很高有很多高科技，很便捷挺方便的，车机也很快
    
    




            

            



        "
李海林,2023-07-13 首次发表,"
            
                
                    
                    暂无
                    行驶里程
                
                
                
                
                
                
                
                
                
                
                
                
                

                
                
                    17.49万
                    参考价格
                
                
                    2023-07
                    探店时间
                
                
                    阿克苏
                    探店地点
                
            
            
    
        
            
        
    
    

    
        $(document).ready(function () {
            var koubeiid = 5049606;

        });

    


            
                新车好评
                2018年瑞虎8奇瑞老车主，作为一个奇瑞老粉，从这辆第三辆奇瑞车贷还完以后就开始关注新的奇瑞车型，2022年新出的8pro跟8PLUS也都有去看，主要是尺寸跟我的瑞虎8没有多大变动也就没有更换，直到瑞虎9的出现，让我下定了换车的决心。
首先这款车在预售时我就发现了它的尺寸比我这款车大了不少。进店发现整车外观也比较之前有了很大的改变，让我眼前为之一亮。
其次我看的这款是1.6T的车，起初我还在担心油耗会比较高，但实际销售顾问带我进行了远距离试驾，8.1的油耗让我悬着的心彻底放了下来。
最后主副驾的座椅及空调系统让我感觉非常舒适。从高速到市区开了四十多分钟，没有一点儿疲惫感。多个空调出风口让我在开车。还是坐车都能够感受到凉气袭来。
            
            
                新车槽点
                作为奇瑞9字头新车，感觉1.6T虽然油耗还比较合适，但是前期动力感觉不是很足。
我所关注的磁悬浮悬架这款配置也没有比较遗憾
换挡不太喜欢拨片的，还是习惯挡把在中间的感觉
            

            

    空间
        
            
            
        
        5
    
    
    车辆整体空间很大。比我的瑞虎8开起来，坐起来更为舒适。
    
    






                

    驾驶感受
        
            
            
        
        5
    
    
    前期提取动力感觉有点不足，但总体不妨碍用车。在车速60码以后提取感觉比瑞虎8强一些。
    
    






            

            




            

    油耗
        
            
            
        
        5
    
    
    总体油耗还可以。开始试驾的时候十个多得油让我有点怕，销售顾问这边看出了顾虑。把仪表归零后带我上高速，跑市区整体油耗8.1，相对于瑞虎9这么大的车，已经符合我的预期了。
    
    





            
            

    外观
        
            
            
        
        5
    
    
    外观感觉非常赞，从高速路下来还拍了张相片，看起来很有范。
    
    
    
    
    


    





            

    内饰
        
            
            
        
        5
    
    
    
    
    





            

    价格政策
        
            
            
        
        5
    
    
    原价17.49万的车，用我的瑞虎8做了置换优惠了1.9万。销售小姐姐还帮忙申请了老车主福利，把赠送的座套这些换成了全包围的装饰，膜也免费做了升级。整体感觉很不错。
    
    





            
                

    配置
        
            
            
        
        4
    
    
    
    
    




            

            



        "
瑞瑞瑞瑞呼呼呼,2023-07-13 首次发表,"
            
                
                    960km
                    
                    行驶里程
                
                
                    8.4L
                    百公里油耗
                
                
                
                
                
                
                
                
                
                
                
                

                
                
                    17.49万
                    裸车购买价
                
                
                    2023-06
                    购买时间
                
                
                    昆明
                    购买地点
                
            
            
    
    

    
        $(document).ready(function () {
            var koubeiid = 5049439;

        });

    


            
                最满意
                家里以前开着奇瑞风云2，红色的小车都开了十年了，我还是比较喜欢奇瑞的，这次换的是瑞虎9，一步到位，主要是喜欢它的空间，家里俩娃，大空间的瑞虎9出行还是很方便的。
            
            
                最不满意
                最不满意的地方1，低速行驶的时候有顿挫感。2，新车内饰有味道。
            

            

    空间
        
            
            
        
        5
    
    
    空间我是比较满意的，买它就是看中了它的大空间，俩娃在后排都可以躺着了。
    
    






                

    驾驶感受
        
            
            
        
        4
    
    
    辅助驾驶的配置比较多，有前后雷达和透明底盘，操控还是简单的，但是低速行驶时候有顿挫感。
    
    






            

            




            

    油耗
        
            
            
        
        5
    
    
    油耗我还是比较可心的，仪表盘显示的油耗是8.4L。
    
    





            
            

    外观
        
            
            
        
        5
    
    
    车头大面积的镀铬竖条中网，气势汹汹，非常的有视觉冲击力。
    
    





            

    内饰
        
            
            
        
        4
    
    
    内饰的科技感还是很足的，现在的车几乎都是大屏，但是新车的内饰是有异味的。
    
    





            

    性价比
        
            
            
        
        5
    
    
    性价比还是非常的不错的，主要是瑞虎9的配置比较多，油耗又不高。
    
    





            
                

    配置
        
            
            
        
        5
    
    
    全速自适应巡航，车道剧中保持，前方碰撞预警，后方碰撞预警等等。
    
    




            

            



        "
kok_ye,2023-07-13 首次发表,"
            
                
                    1642km
                    
                    行驶里程
                
                
                    8.3L
                    百公里油耗
                
                
                
                
                
                
                
                
                
                
                
                

                
                
                    17.49万
                    裸车购买价
                
                
                    2023-05
                    购买时间
                
                
                    绵阳
                    购买地点
                
            
            
    
    

    
        $(document).ready(function () {
            var koubeiid = 5049421;

        });

    


            
                最满意
                最满意的就是它内饰的做工真的不错，座椅也是比较舒服的，没想到现在奇瑞的车也是这么精工。
            
            
                最不满意
                最不满意的就是瑞虎9的转弯半径有点大，因为我是新手，所以总是掌握不好距离，前保险杠都有剐蹭了，很心疼。
            

            

    空间
        
            
            
        
        5
    
    
    空间当然是不错的了，一家五口在车里都很宽敞的，后排地板比较平整，坐在中间也是舒服的，最惊喜的就是大大的后备箱。
    
    






                

    驾驶感受
        
            
            
        
        4
    
    
    动力方面是没得说的，唯一的不满就是转弯半径太大了，也是因为车身尺寸的原因吧，还得多熟悉熟悉这个车。
    
    






            

            




            

    油耗
        
            
            
        
        5
    
    
    油耗方面还是很不错的，五月份提车，开了不到一千七百公里，油耗8.3个。
    
    





            
            

    外观
        
            
            
        
        5
    
    
    外观是非常的大气的，尾部设计的比较饱满和有辨识度。
    
    





            

    内饰
        
            
            
        
        5
    
    
    内饰是深色的，我比较喜欢，看起来比较稳重，因为我也是开车谈业务，所以比较满意内饰的做工和品质的。
    
    





            

    性价比
        
            
            
        
        4
    
    
    价格方面优惠没有，这点真的不开心，现在国产燃油车没有优惠的，估计也就瑞虎9了。
    
    





            
                

    配置
        
            
            
        
        5
    
    
    智能化还是相当的多的，平时开车也是经常在用的就那几样，12.3英寸的中控屏可以语音识别，反应速度还是不错的。
    
    




            

            



        "
成都车友3075412,2023-07-12 首次发表,"
            
                
                    420km
                    
                    行驶里程
                
                
                    9.0L
                    百公里油耗
                
                
                
                
                
                
                
                
                
                
                
                

                
                
                    15.60万
                    裸车购买价
                
                
                    2023-06
                    购买时间
                
                
                    成都
                    购买地点
                
            
            
    
        
            
        
    
    

    
        $(document).ready(function () {
            var koubeiid = 5048985;

        });

    


            
                最满意
                以为买了车，就只管开，到期再保养，没想到用车不到一个月就感受到奇瑞服务突如其来的惊喜
            
            
                最不满意
                提车快一个月了，还没时间开着他去尽情享受自驾，争取近期安排一次
            

            

    空间
        
            
            
        
        5
    
    
    在购车前已经体验了他的空间，足够满足我们的需求，等把露营的装备通通带上，好好展现一次
    
    






                

    驾驶感受
        
            
            
        
        5
    
    
    感觉起步比较快，方向也比较轻，在这样的夏天空调效果很好，每天开着上下班，偶尔同事搭乘，都感觉不错
    
    






            

            




            

    油耗
        
            
            
        
        4
    
    
    目前里程还不多，不完全在市区，待后期观察看看平均如何
    
    





            
            

    外观
        
            
            
        
        5
    
    
    外观是一眼就对上眼，是喜欢的造型，尤其是车头部分
    
    





            

    内饰
        
            
            
        
        5
    
    
    做工还不错，朋友说新车味道比他的小多了，不过新车我觉得还是最好多通通风
    
    





            

    性价比
        
            
            
        
        4
    
    
    朋友推荐，试驾体验也不错，办了按揭，在理想的承受范围
    
    





            
                

    配置
        
            
            
        
        5
    
    
    好多新的功能都还没体验，用得最多的就是倒车影像了，非常清晰，女司机也是老司机
    
    




            

            



        "
伊犁车友1555168,2023-07-12 首次发表,"
            
                
                    2000km
                    
                    行驶里程
                
                
                    9.5L
                    百公里油耗
                
                
                
                
                
                
                
                
                
                
                
                

                
                
                    16.29万
                    裸车购买价
                
                
                    2023-06
                    购买时间
                
                
                    乌鲁木齐
                    购买地点
                
            
            
    
    

    
        $(document).ready(function () {
            var koubeiid = 5048912;

        });

    


            
                最满意
                空间大，性价比高，动力随叫随到。外观时尚大气
            
            
                最不满意
                总体来说都是满意的糊锅全系都配备米其林轮胎就十全十美了。
            

            

    空间
        
            
            
        
        5
    
    
    后排空间很大坐着相当舒服，后排放到睡两个成年人没有任何问题
    
    






                

    驾驶感受
        
            
            
        
        5
    
    
    2.0T，400牛米动力效果很棒，随叫随到，踩油门动力反馈很足驾驶感很足，人车合一。
    
    






            

            




            

    油耗
        
            
            
        
        4
    
    
    市区行驶油耗略高10L左右，高数油耗很给力本人亲测可到7—8L这么大的车油耗相当不错
    
    





            
            

    外观
        
            
            
        
        5
    
    
    外观高端大气上档次，车体比较宽尤其是双色车顶路虎的感觉。
    
    





            

    内饰
        
            
            
        
        4
    
    
    内饰简约，没有太多的的实体按键，大部分都可以语音控制，大大提高了行车安全
    
    





            

    性价比
        
            
            
        
        5
    
    
    全系置换补贴1.9W价格很给力，同级别无敌。
    
    





            
                

    配置
        
            
            
        
        5
    
    
    全景影像特别清楚还有透明地盘配置简直无敌
    
    




            

            



        "
瑞虎9老司机,2023-07-12 首次发表,"
            
                
                    1252km
                    
                    行驶里程
                
                
                    9.0L
                    百公里油耗
                
                
                
                
                
                
                
                
                
                
                
                

                
                
                    17.49万
                    裸车购买价
                
                
                    2023-05
                    购买时间
                
                
                    亳州
                    购买地点
                
            
            
    
    

    
        $(document).ready(function () {
            var koubeiid = 5047548;

        });

    


            
                最满意
                瑞虎9的360全景影像非常清晰，在转弯倒车的时候会自动弹出来。我第一次上手，在狭窄路段掉头，倒车都是一气呵成的，上手难度很低。方向盘、油门踏板、制动踏板都调校得非常轻快，这么大的车会给人一种很好开的感觉。2.0T加7挡湿式双离合，这套动力组合大家已经不陌生了和瑶光是同款动力组合，192千瓦最大功率，峰值扭矩400牛米。在经济模式下，我第一脚油门踩下去动力随之而来，没有明显的动力迟滞。油门比较跟脚，每一次轻踩油门都能给你相应的动力输出，整个加速非常线性没有丝毫顿挫感。这就是大马力加双离合的优势，只要动力强配合换挡快，驾驶体验不比AT差。
            
            
                最不满意
                暂时未触及到，以后在用车过程中慢慢反馈。
            

            

    空间
        
            
            
        
        5
    
    
    空间非常大，长途也很舒适。后排空间足够大。
    
    






                

    驾驶感受
        
            
            
        
        5
    
    
    起步轻快，动力强大，加速超车信心满满。妥妥的
    
    






            

            




            

    油耗
        
            
            
        
        5
    
    
    平时在城区开，油耗偏高，加上天气炎热开空调略微有点高，长途还是比较能接受的
    
    





            
            

    外观
        
            
            
        
        5
    
    
    外观大气上档次，腰线设计完美，车尾造型确实很中意
    
    





            

    内饰
        
            
            
        
        5
    
    
    配置非常出色，采用可大量优质材料，设计简约大方
    
    





            

    性价比
        
            
            
        
        5
    
    
    车辆置换非常好，相比同类车型。瑞虎9性价比更加亲民
    
    





            
                

    配置
        
            
            
        
        5
    
    
    配置超高，全景影像非常实用，一些黑科德东西智能化
    
    




            

            



        "
长沙车友9822376,2023-07-11 首次发表,"
            
                
                    312km
                    
                    行驶里程
                
                
                    10.0L
                    百公里油耗
                
                
                
                
                
                
                
                
                
                
                
                

                
                
                    16.70万
                    裸车购买价
                
                
                    2023-06
                    购买时间
                
                
                    长沙
                    购买地点
                
            
            
    
        
            
        
    
    

    
        $(document).ready(function () {
            var koubeiid = 5046334;

        });

    


            
                最满意
                长沙最近天气很热，40度高温，出门是考验，瑞虎9有27个出风口，降温很快，这一点我很满意。瑞虎9的空间很大
            
            
                最不满意
                瑞虎9是新上市的车型，没有优惠政策，价格偏贵。
            

            

    空间
        
            
            
        
        5
    
    
    车辆平时是老公用的多，他的身材偏胖，肚子大，坐在驾驶室空间很充足。平时在车上休息，可以将座椅放平，躺着睡觉，这一点真的不错。
    
    
    
    后排座椅，宽敞
    


    
    
    驾驶室的空间也很宽敞
    


    
        后备厢容积
        平时就放点杂物，空间绰绰有余，周末出去游玩，装上一家人的东西，一点也没显得拥挤
        
        
    
        乘坐空间
        后排的空间也很大，膝盖不会顶着，坐3个人空间也很充裕。身材比较壮的人，也不会有压力
        
        
    






                

    驾驶感受
        
            
            
        
        5
    
    
    动力充足，加速很快，还没跑过高速，不知道跑高速的表现怎么样。踩下油门，推背感十足。
    
    






            

            




            

    油耗
        
            
            
        
        4
    
    
    主要是在市区用车，油耗有点高，10点多的油耗。没有广告上说的7.5，下次跑高速再看下
    
    





            
            

    外观
        
            
            
        
        5
    
    
    当初是奔着瑞虎8去4S店里看车的，刚到他们展厅就看到瑞虎9摆在中间，流线型设计，一眼万年呀，瞬间就被它吸引了。垂瀑式飞流格栅，侧面是和路虎星脉一样的云端悬浮车顶设计，时尚感十足。外观很大气，视觉冲击力强。隐藏式的门把手，看起来很高级，自动弹出和上锁，很有仪式感。星辰之眼的车灯，转弯时会跟着方向盘转动自动调整角度。电释放门，按一下就自动打开了，很方便
    
    
    
    车辆前脸
    


    
    
    星辰之眼的车灯
    


    





            

    内饰
        
            
            
        
        4
    
    
    内饰是黑色的，简洁大方，比较耐脏。后排座椅可以加热，还有遮阳帘。儿童座椅的安装卡扣有点脆弱，设计是往下按的，掰一下就断了。
    
    





            

    性价比
        
            
            
        
        3
    
    
    去过长安，当时价格没有谈好，再去的奇瑞。瑞虎9是新上市的车型，没有优惠，算下来只有置换补贴。销售人员的服务很热情，最终选的奇瑞。还没有做保养，后期去4S店做了保养再评价。赠送了终身质保
    
    





            
                

    配置
        
            
            
        
        4
    
    
    语音反应速度很快，车机流畅，不卡顿。身份识别很快。氛围灯很炫酷，车内放着音乐，氛围灯跟着旋律变换，到了晚上氛围感十足。苹果手机充电不友好，问了技术人员，充电功率不同。
    
    
    
    
    


    




            

            



        "
ap6y2atqy7n,2023-07-11 首次发表,"
            
                
                    1000km
                    
                    行驶里程
                
                
                    8.7L
                    百公里油耗
                
                
                
                
                
                
                
                
                
                
                
                

                
                
                    15.00万
                    裸车购买价
                
                
                    2023-06
                    购买时间
                
                
                    成都
                    购买地点
                
            
            
    
        
            
        
    
    

    
        $(document).ready(function () {
            var koubeiid = 5046174;

        });

    


            
                最满意
                我个人需求原因想购买一个空间比较大同时性价比也非常高的一台车，经常回老家，老家的路不是特别好，车的舒适度很重要。瑞虎9在上市之前有关注过，也关注过别的品牌，比如哈弗。到店了看了实车毫不犹豫的选择了瑞虎9，隐藏式门把体现出了整个车的高端大气，0重力超感副驾 越级关怀二排舒适度拉满，高强度钢覆盖，双防撞钢梁顶配安全配置。
            
            
                最不满意
                目前来说暂时没有不满意的地方，主要开车也比较少，后期开的多一点了再看看有什么不满意的地方
            

            

    空间
        
            
            
        
        5
    
    
    整个车身看起来都是很大的，二排空间也是比较足的，由于我一般都是两个人，基本上后排没有坐人的
    
    






                

    驾驶感受
        
            
            
        
        5
    
    
    驾驶感受\n一般用于上下班，路上都是比较堵车的，起步提速还是挺快的，在高速路上跑还是比较稳，但是变道的时候还是放慢速度一点。
    
    






            

            




            

    油耗
        
            
            
        
        5
    
    
    油耗\n毕竟是SVU油耗还是有点偏高的，像我又是经常在市区开，上下班 非常堵车，油耗感觉会比正常的偏高一点
    
    





            
            

    外观
        
            
            
        
        5
    
    
    隐藏式门把体现出了整个车的高端大气，0重力超感副驾 越级关怀二排舒适度拉满，高强度钢覆盖，双防撞钢梁顶配安全配置。
    
    





            

    内饰
        
            
            
        
        5
    
    
    黑色得内饰看起来比较典雅，音响效果非常不错，氛围灯随着音乐变动，座椅舒适度也是比较好的
    
    





            

    性价比
        
            
            
        
        5
    
    
    在同级别车型里面算是价格算是非常优惠的，同时售后服务比较给力，有什么问题马上进行沟通，希望以后能保持
    
    





            
                

    配置
        
            
            
        
        4
    
    
    全景天窗，电动遮阳帘，电动尾门这些配置都带来了很多的方便
    
    




            

            



        "
四平车友4552342,2023-07-11 首次发表,"
            
                
                    1000km
                    
                    行驶里程
                
                
                    9.0L
                    百公里油耗
                
                
                
                
                
                
                
                
                
                
                
                

                
                
                    16.30万
                    裸车购买价
                
                
                    2023-06
                    购买时间
                
                
                    沈阳
                    购买地点
                
            
            
    
        
            
        
    
    

    
        $(document).ready(function () {
            var koubeiid = 5046170;

        });

    


            
                最满意
                动力挺好的，开着比我之前车舒服太多了，车功能太多了，还没全弄明白
            
            
                最不满意
                空调没有实体按键，我这个配置没有抬头显示功能
            

            

    空间
        
            
            
        
        5
    
    
    全车坐5个人一点不拥挤
    
    
        ☆ 空间设计亮点
        空调非常大，出游方便
        
        
    






                

    驾驶感受
        
            
            
        
        5
    
    
    动力强劲，加速挺快的，磨合期没敢太深踩，总体满意
    
    






            

            




            

    油耗
        
            
            
        
        5
    
    
    我平时在市内开，油耗可以接受。车这么大油耗可以了
    
    





            
            

    外观
        
            
            
        
        5
    
    
    非常像路虎，喜欢外观的造型，门把手非常帅
    
    





            

    内饰
        
            
            
        
        5
    
    
    中控面板感觉有点廉价敢，要换成皮质就好了
    
    





            

    性价比
        
            
            
        
        5
    
    
    对比吉利，长城，领了，我还是选择了奇瑞，性价比很高
    
    





            
                

    配置
        
            
            
        
        5
    
    
    语音功能非常好用，识别很精准，给9分。音响非常给力
    
    




            

            



        "
唐连英,2023-07-10 首次发表,"
            
                
                    500km
                    
                    行驶里程
                
                
                    8.0L
                    百公里油耗
                
                
                
                
                
                
                
                
                
                
                
                

                
                
                    17.29万
                    裸车购买价
                
                
                    2023-06
                    购买时间
                
                
                    深圳
                    购买地点
                
            
            
    
    

    
        $(document).ready(function () {
            var koubeiid = 5044809;

        });

    


            
                最满意
                车的空间很大，很适合生二胎孩子的我。还有他的开门也很特别，和传统开门完成不一样的，他是按弹，特别有意思。
            
            
                最不满意
                就是开车过减震时候车子力量暖一点点，不过还可以接受。
            

            

    空间
        
            
            
        
        5
    
    
    后备箱空间很大，可以装很多东西，第二排也可以空间坐上还留很多空间
    
    
    
    
    


    
    
    
    


    






                

    驾驶感受
        
            
            
        
        5
    
    
    在坐满人，放满行李过减震带时候力量有点暖，不过还可以，过减震和没有减震一样没有感觉。
    
    






            

            




            

    油耗
        
            
            
        
        5
    
    
    在上下班高峰期时候油耗不是很高，这么大的车，油耗才8个油
    
    





            
            

    外观
        
            
            
        
        4
    
    
    外公挺好看的，看起来很大气，要是换一个合资车logo估计这个车会买疯
    
    





            

    内饰
        
            
            
        
        4
    
    
    内饰做工，坐上去比较舒服和飞机头等舱一样，只是没有头等舱的服务。
    
    





            

    性价比
        
            
            
        
        4
    
    
    综合来说还可以，空间很适合我，价格也不是很高。
    
    





            
                

    配置
        
            
            
        
        4
    
    
    自己选一个带有360倒车影像，对我老婆来说非常实用，哈哈哈，这么大倒车入库，转弯呀，看周围附近。
    
    




            

            



        "
上饶车友0945762,2023-07-10 首次发表,"
            
                
                    849km
                    
                    行驶里程
                
                
                    8.5L
                    百公里油耗
                
                
                
                
                
                
                
                
                
                
                
                

                
                
                    14.60万
                    裸车购买价
                
                
                    2023-06
                    购买时间
                
                
                    上饶
                    购买地点
                
            
            
    
    

    
        $(document).ready(function () {
            var koubeiid = 5044556;

        });

    


            
                最满意
                瑞虎9动力非常强劲，操控非常舒适，内饰豪华！
            
            
                最不满意
                对瑞虎9的驾驶体验，唯一美中不足的是，车机反应不是很灵敏！
            

            

    空间
        
            
            
        
        5
    
    
    空间超大，乘坐舒适，后背箱可以放很多物品。
    
    
    
    
    


    
        ☆ 空间设计亮点
        空间非常大 。
        
        
    






                

    驾驶感受
        
            
            
        
        5
    
    
    起步推背感很足，超车轻轻松松，跑高速非常稳，方向灵活，稳定性好。
    
    






            

            




            

    油耗
        
            
            
        
        4
    
    
    城市油耗一般，高速还是比较省油。开空调满载油耗偏高。
    
    





            
            

    外观
        
            
            
        
        4
    
    
    前脸简单大气，车尾圆润美观。腰线圆滑美感十足。
    
    





            

    内饰
        
            
            
        
        5
    
    
    内饰非常豪华，256色氛围灯科技感十足，座椅非常舒适。
    
    
    
    
    


    





            

    性价比
        
            
            
        
        4
    
    
    购车置换政策非常棒，性价比超高。售后服务非常贴心。
    
    





            
                

    配置
        
            
            
        
        5
    
    
    配置丰富，车机功能十足，语音交互使用起来非常方便。
    
    




            

            



        "
毕节车友5706880,2023-07-09 首次发表,"
            
                
                    4377km
                    
                    行驶里程
                
                
                    10.0L
                    百公里油耗
                
                
                
                
                
                
                
                
                
                
                
                

                
                
                    15.59万
                    裸车购买价
                
                
                    2023-05
                    购买时间
                
                
                    六盘水
                    购买地点
                
            
            
    
    

    
        $(document).ready(function () {
            var koubeiid = 5042939;

        });

    


            
                最满意
                动力可以，油耗不高，安全方面高 车机配置高
            
            
                最不满意
                车身过大 不好操控，其他方面什么太大问题就是车上大了
            

            

    空间
        
            
            
        
        4
    
    
    后排乘坐感受比较舒适，冬天有后排加热，比较舒适
    
    
    
    
    


    
    
    
    


    






                

    驾驶感受
        
            
            
        
        4
    
    
    经济模式方面，都能跑的飞快，动力没的说，油门响应很快，
    
    
    
    
    


    






            

            




            

    油耗
        
            
            
        
        4
    
    
    六盘水
    
    
        高速油耗
        高速油耗也不高，高速油耗话在个6.5左右
        
        
    





            
            

    外观
        
            
            
        
        4
    
    
    外观耐看，大气特别是还有发光的标志很有高级感
    
    
    
    
    


    





            

    内饰
        
            
            
        
        4
    
    
    内饰黑色，比较耐磨，很有高级感，用料很十足。
    
    
    
    
    


    





            

    性价比
        
            
            
        
        4
    
    
    性价比很高，有很多娱乐配置，安全配置很高，
    
    
    
    
    


    





            
                

    配置
        
            
            
        
        4
    
    
    有360度全景影像加上180度透明地盘很好，再过一些路面很清晰
    
    
    
    
    


    
        语音交互准确度
        反应很快，很灵敏
        
    
        

        0% buffered00:00播放暂停00:00/00:04倍速2x1.5x1.25x1x0.75x0.5x高清高清全屏切换50%75%100%满屏00:00汽车之家视频播放器  之家首页  复制链接  版本号 : 2.5.32

  
    
      
        
        
          
        
        
          
        
        
      
    
  


    
    

        
    
        360全景影像实用性
        在过一些路面上很实用窄路能够很好观看
        
        
    




            

            



        "
胖胖9507,2023-07-09 首次发表,"
            
                
                    100km
                    
                    行驶里程
                
                
                    7.0L
                    百公里油耗
                
                
                
                
                
                
                
                
                
                
                
                

                
                
                    17.49万
                    裸车购买价
                
                
                    2023-06
                    购买时间
                
                
                    鞍山
                    购买地点
                
            
            
    
    

    
        $(document).ready(function () {
            var koubeiid = 5042869;

        });

    


            
                最满意
                很幸运提了一台各方面都很称心如意的车型，它就是奇瑞瑞虎9。全新奇瑞瑞虎9，火星架构，彰显科技实力中型SUV，车身尺寸魁梧大气，独树一帜；外观设计，线条流畅，大气美观，最突出特点的倾斜式前脸，个性时尚，彰显魅力；内饰高端大气，上档次；豪华又内敛，全液晶仪表，科技感十足；空间宽敞舒适，前排后排都留有足够的伸展空间，适合全家老小出游；即使长途跋涉也不会疲劳；车辆操作稳定，地盘扎实，行驶平稳，动力强劲，最最满意的当属油耗了，这对我来说真的是非常友好，女新手百公里油耗7.2L，哇哈哈，真是美翻了
            
            
                最不满意
                车辆还在磨合过程中，暂时发现是网上精品件太少，一直没有选中心仪的脚垫
            

            

    空间
        
            
            
        
        5
    
    
    空间宽敞舒适，简洁大方，高端大气上档次，前排头部空间充足，后排腿部空间宽裕
    
    






                

    驾驶感受
        
            
            
        
        5
    
    
    操作稳定，转向精准，底盘扎实，行驶平稳舒适
    
    






            

            




            

    油耗
        
            
            
        
        5
    
    
    动力强劲，搭载2.0T+7DCT的动力总成，动力输出平顺，加速反应迅速，油耗更低
    
    





            
            

    外观
        
            
            
        
        5
    
    
    外观设计，线条流畅，精致美观尤其是倾斜式前脸，张扬个性
    
    





            

    内饰
        
            
            
        
        5
    
    
    内饰设计，简洁大方去，豪华动感十足，真皮座椅，全液晶仪表盘，科技感十足，车内没有异味
    
    





            

    性价比
        
            
            
        
        5
    
    
    最终俘获我心的是车辆价格，及多年在奇瑞售后维系的感情
    
    





            
                

    配置
        
            
            
        
        5
    
    
    高通骁龙8155，是现行汽车界最好芯片，车机不卡顿，360超高清倒车影像
    
    




            

            



        "
朝阳车友5605636,2023-07-08 首次发表,"
            
                
                    1093km
                    
                    行驶里程
                
                
                    9.7L
                    百公里油耗
                
                
                
                
                
                
                
                
                
                
                
                

                
                
                    16.29万
                    裸车购买价
                
                
                    2023-06
                    购买时间
                
                
                    朝阳
                    购买地点
                
            
            
    
        
            
        
    
    

    
        $(document).ready(function () {
            var koubeiid = 5041957;

        });

    


            
                最满意
                从三个方面来描述一下我的感受吧：
1.外观方面
瑞虎9从关注开始一直到买车用车，外观的喜爱自然是少不了的，尤其是侧面的平直流线，无论是静态停放还是拍视频的动态状态，都给我一种优雅的感觉，当时对比了瑞虎8pro，除了车身长度的差距，主要还是在于瑞虎9更宽更矮，从后面的视觉效果是宽扁的，更加耐看。
2.空间及内饰方面
车身2米82的轴距，空间自然不小，七座后排空间会小一点，所以选了五座。媲美奔驰的豪华内饰，氛围感拉满，哈哈哈，当然网友们吐槽的后出风口像三星堆，也无法辩驳。最主要的还是车机的流畅度，8155芯片不亏为现在的旗舰芯片，这么多年没少为科技买单。
3.油耗及动力方面
其实选奇瑞，发动机也是占比很大的一个点，动力在试驾的时候就感受了，包括日常行驶中想超车或暴力驾驶一下，肾上腺素上升的感觉必须存在。一般来说既然选择2.0T发动机了，油耗就得做好一定的心理准备，目前行驶一千公里，综合油耗还不到10个，心理预期是10个，已经很满意了。
以上三点仅仅是我个人的一点用车感受及观点，对我而言，真的很符合家用。
            
            
                最不满意
                虽然啥车都会有故障，尤其是新上市的车型，但作为车主真的遇到后，还是会有一点小不爽的，8155芯片的车机流畅度是很好，但也让我遇到了一次黑屏现象，大约3分钟就恢复了，目前只出现过一次，感觉就像电脑遇bug重启一样，希望厂家能够找到问题根源，及时推送OTA更新处理。
            

            

    空间
        
            
            
        
        5
    
    
    一米七的身高开这车只能说空间太充裕了，五座后排三人并不挤，后排座椅放平加上后备箱空间必须好评！
    
    






                

    驾驶感受
        
            
            
        
        5
    
    
    动力满分，奔的就是这个发动机，加速度杠杠的，就是辅助功能太多，有时候动不动就干预驾驶，主动修正方向似的，挺多功能没整太明白，还需要多适应。
    
    






            

            




            

    油耗
        
            
            
        
        4
    
    
    平时就在县城开，油耗算10个油吧，满意是满意，但跟网上说的7.8个油，还是有差距的。
    
    





            
            

    外观
        
            
            
        
        4
    
    
    不给5星，怕厂家骄傲，好不容易出一款颜值不错的车，得继续提高才行，侧面和后面是我喜欢的，前脸感觉应该可以设计的更漂亮！
    
    





            

    内饰
        
            
            
        
        5
    
    
    内饰基本看得到的，都是软的，怀挡，门把手，座椅调节都很新颖，本人很喜欢。
    
    





            

    性价比
        
            
            
        
        5
    
    
    车的性价比不用多说，这么多配置，这个用料，独一档的存在，另外买车时候咨询售后了，2.0T的发动机保养一次不到300，属实震惊了，去保养的时候如果价格不对，别说我投诉他。
    
    





            
                

    配置
        
            
            
        
        5
    
    
    配置拉满，主要是车机流畅度飞快，跟非8155芯片的车机就是质的飞跃。
    
    




            

            



        "
未来大帝007,2023-07-08 首次发表,"
            
                
                    100km
                    
                    行驶里程
                
                
                    7.0L
                    百公里油耗
                
                
                
                
                
                
                
                
                
                
                
                

                
                
                    16.29万
                    裸车购买价
                
                
                    2023-07
                    购买时间
                
                
                    黔东南
                    购买地点
                
            
            
    
    

    
        $(document).ready(function () {
            var koubeiid = 5041492;

        });

    


            
                最满意
                空间大，动力强，去试驾的时候各方面的试驾都很舒服，无论智能语音，电动座椅，提速都很给力
            
            
                最不满意
                如果车子的价格便宜一点点，那就更亲民了。
            

            

    空间
        
            
            
        
        5
    
    
    空间真是大，特别后备箱，能装能座，特别豪
    
    
    
    你看这个后备箱，你在做三个人怕是都可以吧
    


    
        后备厢容积
        后备箱很大，拉几个人都是可以的，而且还可以放到，之后可以躺着睡
        
        
    






                

    驾驶感受
        
            
            
        
        5
    
    
    去试驾了，各种超控真舒服。原地60码掉头没有说的了。瞬间上120轻轻松松
    
    
    
    这个大轮胎，抓地下，杠杠的。
    


    






            

            




            

    油耗
        
            
            
        
        5
    
    
    目前是新车。但是之前我开试驾车去试它油耗也很平稳，基本在7左右，今天直播间看直播说，可以跑到6.2改天我去高速试试
    
    
    
    带有智能语音系统，小虎小虎的挺好玩
    


    





            
            

    外观
        
            
            
        
        5
    
    
    外观很漂亮。时尚大气。这个颜色更是我中意的那种颜色
    
    





            

    内饰
        
            
            
        
        5
    
    
    精致的内饰，到处都是软包，摸起来真舒服，真豪华
    
    
    
    这个面板那么精致。不像16个W的车，相比合资车很难找到这种的
    


    
    
    这个电动座椅也是很好玩，门边的。我记得豪华品牌都是你这样的设计
    


    
    
    你看这个中控。特别适合我们，年轻不失沉稳。
    


    





            

    性价比
        
            
            
        
        5
    
    
    性价比真不错，16个就得那么大的车了。相比其他品牌起码也要30多个
    
    





            
                

    配置
        
            
            
        
        5
    
    
    科技配置很多，智能驾驶，倒车，入库，语音等系统，让你完全无忧的使用这个车
    
    
    
    科技配置很多，很多已经超过了很多豪华车
    


    
    
    电动后备箱放松了很多双手
    


    
    
    这个大的轮胎，特别适合我这里走山路
    


    




            

            



        "
漳州人在莆田,2023-07-08 首次发表,"
            
                
                    1820km
                    
                    行驶里程
                
                
                    9.7L
                    百公里油耗
                
                
                
                
                
                
                
                
                
                
                
                

                
                
                    16.79万
                    裸车购买价
                
                
                    2023-06
                    购买时间
                
                
                    莆田
                    购买地点
                
            
            
    
        
            
        
        
            
        
        
            
        
        
            
        
        
            
        
        
            
        
        
            
        
        
            
        
    
    

    
        $(document).ready(function () {
            var koubeiid = 5041278;

        });

    


            
                最满意
                我喜欢它的动力，2.0T的发动机得劲，而且车子的空间大，每一排都很宽敞。
            
            
                最不满意
                上个月才把车子提回来，就是新车的异味还没有消散，还挺大。
            

            

    空间
        
            
            
        
        5
    
    
    我很满意车子的空间，它的前后排都挺宽敞，包括这后备箱设计的也大。
    
    






                

    驾驶感受
        
            
            
        
        5
    
    
    我这车的动力还是挺充沛的，2.0T的发动机跑高速得劲嘞。
    
    






            

            




            

    油耗
        
            
            
        
        5
    
    
    油耗我能够接受，也不高，百公里就是9个多，我可以接受。
    
    





            
            

    外观
        
            
            
        
        5
    
    
    我喜欢这车的外观，看起来也是挺商务的，而且这门把手设计的精致。
    
    





            

    内饰
        
            
            
        
        4
    
    
    车子的中控屏幕像素高，看360度全景影像清楚，就是新车的异味有点大。
    
    





            

    性价比
        
            
            
        
        5
    
    
    买这车还是送了不少礼品，还有脚垫和抱枕，对了，还送了三次保养。
    
    





            
                

    配置
        
            
            
        
        5
    
    
    我喜欢这360度全景影像，而且也喜欢它的全速自适应巡航功能。
    
    




            

            



        "
北京车友7777308,2023-07-07 首次发表,"
            
                
                    500km
                    
                    行驶里程
                
                
                    8.5L
                    百公里油耗
                
                
                
                
                
                
                
                
                
                
                
                

                
                
                    14.39万
                    裸车购买价
                
                
                    2023-07
                    购买时间
                
                
                    唐山
                    购买地点
                
            
            
    
        
            
        
    
    

    
        $(document).ready(function () {
            var koubeiid = 5039574;

        });

    


            
                最满意
                瑞虎9让我最满意的地方是强劲的动力，豪华的配置，宽敞的前后排和后背空间，整体都很满意。SUV的离地间隙，这个因素也让车的通过性变得更好，舒适的底盘让乘坐和驾驶都很舒服，不会像一些车的底盘那么硬，这个底盘还是偏软偏舒适的。油耗方面，作为这么大的SUV，市区8－10个油还是能接受的，瑞虎9有三个驾驶模式，想要省油的话用ECO模式，油耗会比普通模式低，而且作为2.0T的发动机，ECO模式的动力就已经很充沛了！
            
            
                最不满意
                整体还是挺满意的，可能稍微不满意的，是买的有点早了吧，而且感觉配置还是买低了。但实际情况也就这样了，买的1529这个配置，走的置换，补贴19000，也还可以！
            

            

    空间
        
            
            
        
        5
    
    
    4米8多的车长，1米9多的车宽，前后排，后备箱，储物空间，没得说，大家看实车就好了，没啥可说的。空间绝对无敌！
    
    
    
    
    


    






                

    驾驶感受
        
            
            
        
        5
    
    
    动力更不用多说了，2.0T的动力，250多马力，让我不由自主的想狂飙一下。无论是超车还是高速的后程动力都相当给力！奇瑞的发动机变速箱那是没的说。
    
    






            

            




            

    油耗
        
            
            
        
        5
    
    
    ECO模式市区8个油，正常市区8－10，高速7个以下！看怎么开吧！越是高速下道就越是省油！
    
    





            
            

    外观
        
            
            
        
        5
    
    
    哎呀，瑞虎9的外观在奇瑞车型里边算是挺好看的了，最开始看上虎9就是冲着在外观的
    
    





            

    内饰
        
            
            
        
        5
    
    
    内饰其实是给我了一个惊喜的，奇瑞真是用心设计了，对比其他这个价位的车型，这个内饰真的很豪华，很精致。
    
    





            

    性价比
        
            
            
        
        5
    
    
    有置换的话，这个价位真的挺合适的。152900的车型，置换补贴19000，对于新车型来说，我个人还是挺满意这个价位的！
    
    





            
                

    配置
        
            
            
        
        5
    
    
    这个价位的配置，我选的所谓的低配，但是配置真的不低，常用配置，高科技配置都有！满意！
    
    




            

            



        "
待购1422,2023-07-06 首次发表,"
            
                
                    800km
                    
                    行驶里程
                
                
                    7.2L
                    百公里油耗
                
                
                
                
                
                
                
                
                
                
                
                

                
                
                    14.39万
                    裸车购买价
                
                
                    2023-07
                    购买时间
                
                
                    成都
                    购买地点
                
            
            
    
    

    
        $(document).ready(function () {
            var koubeiid = 5038898;

        });

    


            
                最满意
                最满意的就是动力了，只要给油，动力持续输出，怀挡用习惯了很爽，隔音舒适感在这个价位真的可以了。
            
            
                最不满意
                全靠触屏和语音控制，没有实体按键来的快。靠近解锁的距离忽近忽远的，偶尔内饰会传出咔咔咔的异响，
            

            

    空间
        
            
            
        
        5
    
    
    空间可以，要是副驾驶的座椅可以调高度就好了，老婆身高165.感觉座椅偏高。
    
    
        ☆ 空间设计亮点
        扶手箱很大，还有出风口，这么热的天就不用喝热水了
        
        
    






                

    驾驶感受
        
            
            
        
        5
    
    
    可能是没开过好车的原因，觉得这车相当爽，怀挡习惯后相当好用
    
    






            

            




            

    油耗
        
            
            
        
        5
    
    
    长途爬升600公里，全程空调表显7.2的油耗，很不错
    
    





            
            

    外观
        
            
            
        
        5
    
    
    20寸大轮毂，星灰，再去贴个黑顶，想想都霸气
    
    
    
    
    


    





            

    内饰
        
            
            
        
        5
    
    
    内饰用料很厚道，基本全覆盖了，看起来很高档，
    
    





            

    性价比
        
            
            
        
        3
    
    
    送了几次机油，感觉一般，除了置换一点补贴都没有
    
    





            
                

    配置
        
            
            
        
        5
    
    
    配置齐全，该有的功能都有，同事们上去感受后评价很高，就是不知道产品后期咋样
    
    
        语音交互准确度
        有过一次语音误开天窗的情况
        
        
    




            

            



        "
虎9小姐姐,2023-07-06 首次发表,"
            
                
                    600km
                    
                    行驶里程
                
                
                    10.0L
                    百公里油耗
                
                
                
                
                
                
                
                
                
                
                
                

                
                
                    17.09万
                    裸车购买价
                
                
                    2023-07
                    购买时间
                
                
                    南宁
                    购买地点
                
            
            
    
    

    
        $(document).ready(function () {
            var koubeiid = 5038749;

        });

    


            
                最满意
                看人先看脸射人先射马，瑞虎9的颜值！无论从哪个角度看，颜值都很耐打，因为实在太帅，不管走在路上还是静态停放，尤其喜欢前格栅的直瀑式大嘴搭配前唇造型，回头率很高。实话实说，我就是颜控，就是冲着颜值去的。
            
            
                最不满意
                就是车内的异味，刚刚提车的时候车内还是有一些新车的味道的女生坐久了还会晕车，我上网采购了好几包炭包，把味道吸一下，后面记得丢喔，吸完还会释放，多来几次车内的异味就没了，女朋友也觉得还好，不会晕车了
            

            

    空间
        
            
            
        
        5
    
    
    整辆车子2.8米多的轴距，后排空间可以调整车内坐着不挤人，这款车的尾箱是真大，但后排乘坐家人小孩因为空间大打闹，因为整个车比奇瑞旗下品牌瑞虎8这些大了一圈，空间杠杠的
    
    
        第二排空间
        空间很充裕，还带四个空调出风口，左右中间都有
        
        
    






                

    驾驶感受
        
            
            
        
        4
    
    
    现在瑞虎9是2.0T的发动机95号油，动力方面自必必多说，甩自然吸气几条街，启动加速迅猛有 推背感，尤其是运动模式更嗨，在市区的话，车多人多，还是建议用经济模式，动力强真的不一样，不想某些车没推背感，踩到地板油还超不了车，而且，座椅的包裹度喝支撑性也好，即便是遇到堵车久坐也不会很累。此外，车子的减震做的是磁悬浮悬架，坐进去挺舒适。
    
    






            

            




            

    油耗
        
            
            
        
        4
    
    
    车子油耗确实还行吧，目前车子的油耗是10点多，因为现在还在磨合期，等到磨合期过了之后，油耗肯定还会降低看情况吧到时候再分享出来，另外跑高速是7个多左右，说不定磨合期过了之后，降到了七个多也说不定呢？
    
    





            
            

    外观
        
            
            
        
        5
    
    
    最爱的就是外观了奇瑞这款车的外观真不是盖的，凌厉的车身线条和霸气前脸结合，车身比例也是一等一的好，还有隐藏式门把手，全部扎到了我的心，说真的喜欢就得上手。不然后悔一辈子
    
    





            

    内饰
        
            
            
        
        5
    
    
    瑞虎9的内饰方面采用了风格简洁明快的中控台，点个赞，双联屏科技感十足，我是没想到国产车已经做得这么好了，多功能幅方向盘和换挡拨片，功能齐全，多媒体语音控制，车道保持，定速巡航，自适应巡航都在方向盘上面应有尽有。
    
    





            

    性价比
        
            
            
        
        5
    
    
    这款车的配置真的算是同价位的天花板了，现在老百姓那能买得起豪车？现在十多万就能搞到功能配置一大堆的国产车，性价比着实高，而且动力十足，服务很周到。
    
    





            
                

    配置
        
            
            
        
        5
    
    
    国产车配置我觉得很实在了，全系都有L2.5级别驾驶辅助，包括了自适应巡航和车道保持，还有主动刹车啥的。540全景影像很清晰，还能切换前后左右的独立影像，倒车掉头都更轻松了不少。远程启动这个是真香，谁用谁知道，用了还想用
    
    




            

            



        "
16th6298,2023-07-06 首次发表,"
            
                
                    1000km
                    
                    行驶里程
                
                
                    7.5L
                    百公里油耗
                
                
                
                
                
                
                
                
                
                
                
                

                
                
                    17.49万
                    裸车购买价
                
                
                    2023-06
                    购买时间
                
                
                    漳州
                    购买地点
                
            
            
    
    

    
        $(document).ready(function () {
            var koubeiid = 5037946;

        });

    


            
                最满意
                大家好，今天我要和大家分享一下对瑞虎9的口碑评价。瑞虎9作为奇瑞汽车旗下的一款中型SUV，近年来备受关注。它以其出色的性能、豪华的内饰和令人惊艳的外观设计，成为了许多消费者眼中的明星车型。下面就让我们一起来看看瑞虎9为何能够赢得如此赞誉的吧！✨

首先，让我们来聊一聊瑞虎9的外观设计。瑞虎9采用了流线型的车身造型，配上镀铬装饰和大胆的线条设计，瞬间吸引了无数目光。无论是车头的犀利大灯，还是车尾的时尚尾灯，都展现出了独特而动感的魅力。而且，瑞虎9还提供了多种个性化的外观颜色选择，满足了消费者对个性化需求的追求。😍

其次，让我们来看看瑞虎9的内饰设计。瑞虎9的内饰简洁大气，采用了高品质的材料和精湛的工艺，使整个驾乘空间更显豪华感。座椅舒适度极佳，还带有加热和通风功能，让长时间的驾驶更加舒适。8英寸高清中控屏幕和人机交互界面设计得非常直观，操作起来非常方便。此外，车内还配备了各种智能科技功能，如导航、倒车影像等，大大提升了驾乘体验。👏

最后，我们来聊一聊瑞虎9的性能。瑞虎9搭载了一台2.0L涡轮增压发动机，动力强劲且响应迅速。同时，它还配备了先进的四驱系统和多种行驶模式，使得它在各种路况下都能够表现出色。瑞虎9的悬挂系统也经过了精心调校，保证了驾驶的稳定性和舒适性。无论是城市道路还是乡村山路，瑞虎9都能够带给你无比畅快的驾驶体验。🏞️

总的来说，瑞虎9以其出色的外观设计、豪华的内饰以及卓越的性能，赢得了众多消费者的认可。如果你正在寻找一款中型SUV，不妨考虑一下瑞虎9，它将为你带来意想不到的驾驶乐趣和舒适体验。🌟
            
            
                最不满意
                车身尺寸偏大，通过狭窄路段比较吃力，但在全景影像的帮助下算不上太大的问题。
            

            

    空间
        
            
            
        
        5
    
    
    空间大，乘坐感受很好，感觉很开阔，储物也很方便。
    
    






                

    驾驶感受
        
            
            
        
        5
    
    
    动力强，制动性能好，底盘调教非常不错，行驶中感觉不到太大颠簸
    
    






            

            




            

    油耗
        
            
            
        
        4
    
    
    由于使用2.0T发动机油耗会稍微高一点，但也处在完全能接受的范围内
    
    





            
            

    外观
        
            
            
        
        5
    
    
    外观霸气，不论是前脸、腰线还是尾部都给人一种美感
    
    





            

    内饰
        
            
            
        
        5
    
    
    内饰用料实在，皮质非常多，设计上也非常美观协调
    
    





            

    性价比
        
            
            
        
        4
    
    
    性价比还算不错，外观、内饰、功能上都对得起它的价格
    
    





            
                

    配置
        
            
            
        
        5
    
    
    手机互联、驾驶辅助功能都十分齐全并且使用起来很方便
    
    




            

            



        "
范园9921,2023-07-06 首次发表,"
            
                
                    
                    暂无
                    行驶里程
                
                
                
                
                
                
                
                
                
                
                
                
                

                
                
                    16.79万
                    参考价格
                
                
                    2023-07
                    探店时间
                
                
                    抚州
                    探店地点
                
            
            
    
    

    
        $(document).ready(function () {
            var koubeiid = 5037797;

        });

    


            
                新车好评
                我是艾瑞泽5plus老车主，看到虎9非常喜欢，试驾了感觉也不错，外观内饰都非常喜欢
            
            
                新车槽点
                来店就一眼就喜欢上了，试驾各方面都还可以
            

            

    空间
        
            
            
        
        5
    
    
    空间大，坐着真舒服，一家五口一点都不拥挤，外出旅游再合适不过了，喜欢喜欢
    
    






                

    驾驶感受
        
            
            
        
        5
    
    
    驾驶感非常不错，开起来动力十足，油耗还能接受，适合自驾游
    
    
    
    
    


    






            

            




            

    油耗
        
            
            
        
        4
    
    
    油耗还可以，还能接受，动力十足，适合旅游
    
    





            
            

    外观
        
            
            
        
        5
    
    
    外观大气，是我喜欢的款，我就喜欢这种霸气十足的车子，开起来都霸气，超级爱了，推荐推荐，到时带一家人旅游再合适不过了
    
    





            

    内饰
        
            
            
        
        5
    
    
    
    
    





            

    价格政策
        
            
            
        
        4
    
    
    跟心中价格差不多，试驾各方面都不错，喜欢
    
    





            
                

    配置
        
            
            
        
        5
    
    
    配置各方面都不错，推荐推荐，爱不释手，越看越喜欢
    
    




            

            



        "
师晓东,2023-07-06 首次发表,"
            
                
                    
                    暂无
                    行驶里程
                
                
                
                
                
                
                
                
                
                
                
                
                

                
                
                    17.49万
                    参考价格
                
                
                    2023-06
                    探店时间
                
                
                    天津
                    探店地点
                
            
            
    
        
            
        
    
    

    
        $(document).ready(function () {
            var koubeiid = 5037774;

        });

    


            
                新车好评
                【试驾感受】
虎9在动力方面：
我们在试驾的时候发现它起步提速快，换挡很顺畅，我先用的用的标准模式，2.0的动力基本上没事就和别人蹦一蹦，在试驾过程中如果切到运动模式的话，提速会更快，而且这台车比之前有改进的就是油门迟滞要小一点，动力来得很快。
操控方面：转向还是比较精准的，而且方向盘转弯的时候比较轻，但是在直线加速的时候，速度越快，方向盘越沉，这个应该是一种保护机制，之前我们试驾瑞虎八也是这个感觉。转弯的时候还是会有侧倾，尽量速度不要超过 50，毕竟是个SUV，转弯不稳尽量慢一点。综合来说这次试驾瑞虎9的体验还是很不错的，做了很多改进，进步的也更多
            
            
                新车槽点
                运动模式后一觉教脚油门下去推背感直接到位，奇瑞的双离合真的没毛病，虽然前期加速不是很快但是中后期加速贼猛，总体来说没毛病
            

            

    空间
        
            
            
        
        4
    
    
    空间真的很大，如果是家里买的生活用品空间完全够用不会显得很拥挤！
    
    
    
    
    


    
    
    
    


    






                

    驾驶感受
        
            
            
        
        4
    
    
    
    
    






            

            




            

    油耗
        
            
            
        
        5
    
    
    
    
    





            
            

    外观
        
            
            
        
        5
    
    
    
    
    





            

    内饰
        
            
            
        
        5
    
    
    
    
    





            

    价格政策
        
            
            
        
        5
    
    
    我主要是到点点店试驾赶时间就没来得及和销售聊价格问题
    
    





            
                

    配置
        
            
            
        
        5
    
    
    
    
    




            

            



        "
易少银,2023-07-05 首次发表,"
            
                
                    
                    暂无
                    行驶里程
                
                
                
                
                
                
                
                
                
                
                
                
                

                
                
                    17.50万
                    参考价格
                
                
                    2023-07
                    探店时间
                
                
                    宜春
                    探店地点
                
            
            
    
    

    
        $(document).ready(function () {
            var koubeiid = 5036640;

        });

    


            
                新车好评
                我首先觉得这台中型SUV瑞虎9的外观设计的看起来非常的大气时尚，明明是中大型SUV厂家确把这台车定位成了中型SUV的，它大小看起来除了比少量的大型SUV小一些之外，跟其它7座的SUV大小不相上下。。其次是这台车的内饰采用了浅色调看起来温馨时尚的同事又有豪感，有豪华车的感觉，用料也实在，不愧是技术理工男奇瑞，性能方面，这台车采用了2.0T的涡轮增压发动机，配合8AT的变速箱对于这台车完全的够用了！
            
            
                新车槽点
                油耗超出了我的预期，2.0T的试驾车，油耗开出了十七八个点的油耗
            

            

    空间
        
            
            
        
        5
    
    
    车辆的内部空间确实可以，非常大，外观也霸气，2.0T的有动力油耗高了
    
    
    
    
    


    
    
    
    


    






                

    驾驶感受
        
            
            
        
        5
    
    
    
    
    






            

            




            

    油耗
        
            
            
        
        4
    
    
    
    
    





            
            

    外观
        
            
            
        
        5
    
    
    
    
    





            

    内饰
        
            
            
        
        5
    
    
    
    
    





            

    价格政策
        
            
            
        
        5
    
    
    针对有旧车的车主来说，置换补贴力度还可以，但是针对新手，没有车的人来说，现金优惠太少了
    
    





            
                

    配置
        
            
            
        
        5
    
    
    
    
    




            

            



        "
胡水花,2023-07-04 首次发表,"
            
                
                    300km
                    
                    行驶里程
                
                
                    8.6L
                    百公里油耗
                
                
                
                
                
                
                
                
                
                
                
                

                
                
                    15.59万
                    裸车购买价
                
                
                    2023-06
                    购买时间
                
                
                    上饶
                    购买地点
                
            
            
    
    

    
        $(document).ready(function () {
            var koubeiid = 5035394;

        });

    


            
                最满意
                最满意的就是它的动力，2.0T的动力超车随随便便，而且颜值超高，外观霸气，谁又能想到1.5米的妹子开这么大的车呢？出街关注度太高啦！
            
            
                最不满意
                唯一不太好的可能就是车躺对我来说还是太长了，停车不太好停，不过有360影像也不怕😛
            

            

    空间
        
            
            
        
        5
    
    
    空间超大，乘坐舒适，后备厢也很大，能放很多东西
    
    






                

    驾驶感受
        
            
            
        
        5
    
    
    动图强劲，起步快，超车不要太轻松哦，你们只能看见姐的尾灯
    
    






            

            




            

    油耗
        
            
            
        
        4
    
    
    可能我自己驾驶技术不好吧，油耗有点高了，看别人6-7个油耗，不知道怎么开的
    
    





            
            

    外观
        
            
            
        
        5
    
    
    瑞虎9妥妥颜霸，颜色我选的天青，真的超级好看呐
    
    





            

    内饰
        
            
            
        
        4
    
    
    内饰干净整洁，整车自带香氛系统，座椅人才着很舒适
    
    





            

    性价比
        
            
            
        
        4
    
    
    总的来说这款车性价比还是可以的，最重要的是这款车有终身质保，4s店还多送了我一次保养，nice
    
    





            
                

    配置
        
            
            
        
        5
    
    
    配置太强了，360全景影像，电动座椅，语言系统精准，自带73色氛围灯等等，好喜欢。
    
    




            

            



        "
格兰6909,2023-06-25 首次发表,"
            
                
                    
                    暂无
                    行驶里程
                
                
                
                
                
                
                
                
                
                
                
                
                

                
                
                    18.00万
                    参考价格
                
                
                    2023-06
                    探店时间
                
                
                    南京
                    探店地点
                
            
            
    
    

    
        $(document).ready(function () {
            var koubeiid = 5025659;

        });

    


            
                新车好评
                从22年底看到爆料的瑞虎9就被种草，外形很霸气，比例很协调，很符合我的审美，之后便一直在关注瑞虎9的动态，今年2月27日全程观看了火星架构和瑞虎9的发布会，当场盲订，但是一直苦苦等到5月30号瑞虎9才正式上市，我也是马不停蹄地赶紧到店体验。

外观
外观是真的符合我的审美，尤其侧颜美爆，从车头贯穿车尾的腰线显得整体车身修长，整体性很强，b柱和c柱熏黑设计让整体车身有种悬浮式车顶的感觉，20寸的花瓣轮胎显得车子很高级，比例很完美，车头也虎头虎脑，大包围的进气格栅也很好看，再加上扁平的a字logo，设计的很出彩，非常有辨识度尾部贯穿式尾灯中规中矩，嵌入式的奇瑞logo也显高级，底部双出排气很好看，可惜为了车尾雷达探测不是真排气

内饰
内饰上市只有黑色内饰，不过我反而觉得黑色大气而且耐脏，浅色设计好看但是不方便搭理，整体设计的很简约，且进入车里也没有异味，双连屏的设计很高级，8155芯片用起来也很流畅，但是黑边有点大，希望奇瑞的设计师再优化优化，怀档的设计也大大增大了中控的储物空间，无线充电设计了空调出风口进行降温，再也不用担心无线充电手机热炸了，同时增加了防滑材料，这点好评，还设计了按钮式开门，很不错的设计，同时为了保证安全同时设计了机械开门方式，奇瑞果然是理工男，座椅很宽大很柔软，坐上去又软又有支撑性，长途乘坐也不会累，后排地台纯平且空间巨大，腿部空间很足，随便跷二郎腿，头部空间稍微差一点（身高185），不过对于一般家用来说足够使用了，而且后排座椅支持调节，躺着的姿势还蛮舒服点，次低配以上还标配座椅加热，后排出风口很有意思，有点像小黄人，可以自己DIY设计各种表情，做后排也不会无聊了，且全系标配b柱空调出风口，奇瑞真的是厚道，抬头显示内容很丰盛，可以显示导航，路标，时速等信息，让我更想体验顶配的ARhud，空调出风口设计的很有质感，拧动的阻尼感很高级，声音也好听，后备箱因为还预留了七座的位置，而试驾车是五座版本，所以后备箱空间巨大，还标配遮物帘，下边还有储物暗格，且都用了植绒的材料，不得不说奇瑞的用料很厚道

驾驶
在这里点名表扬奇瑞的油门和刹车调教师，两者都调的特别线性，风琴踏板踩起来特别跟脚，踩多少有多少，加速也很平顺，没有顿挫感，动力充沛，延迟几乎没有，随踩随有，之前都说奇瑞发动机牛批，试驾完我是领略到了，悬架过滤震动很干净，再加上柔软的座椅，感觉真的很高级，过弯支撑性也很强，不得不说奇瑞的底盘也达到了国际一流，很整又很舒适，360很清晰，开这么大的车盲区很多，全系标配360确实良心，nvh做得很好，隔音效果很好，只有急加速可以听到发动机的声音，而且发动机的声音还比较好听，可能我坐过的豪车少，感觉整体的静谧性还是蛮不错的，Sony的影响效果也很不错，路途中放两首歌曲也是很自在的。

总结
其实最打动我的还是奇瑞的安全设计，车子只是代步工具，没必要去神话一辆车，能够安全将你送到目的地的就是好车，瑞虎9有85％的高强度钢使用比例，前段配有6个吸能盒，设计3条吸能路径，铝合金防撞梁覆盖率超过85％，远超65％的及格线，b柱狂拉强度达到了15000mpa，安全性拉满，且拥有360°的10气囊安全防护，奇瑞瑞虎想必大家都不陌生，毕竟这个奇瑞城市SUV的开山之作已经创立快20年了，而且也从一款车演变成了一个家族。如今，奇瑞再度提升了这个系列的高度，推出了更高端的瑞虎9车型，进一步深化和丰富了其SUV产品线，同时也提出了全车终生质保。
            
            
                新车槽点
                不足之处就是没有空调实体按键，希望可以像摇光那样设计几个空调实体按键，还有hud配置希望下放，不要只有顶配才有，希望次低配啥的就可以拥有，换挡拨片啥的反正很少用到的可以去掉。
            

            

    空间
        
            
            
        
        5
    
    
    空间很大，不论前排，后排还是后备箱都很大
    
    






                

    驾驶感受
        
            
            
        
        5
    
    
    加速很平顺，延迟几乎没有，刹车也很线性，刹车调教的非常舒服，不软也不硬
    
    






            

            




            

    油耗
        
            
            
        
        5
    
    
    试驾时间较短，就十几二十分钟，而且试驾过程中也没有注意油耗，所以油耗没有参考驾照
    
    





            
            

    外观
        
            
            
        
        5
    
    
    车侧设计的很美，比例协调，线条优美，车头设计的虎头虎脑的，扁平化的a字logo很高级
    
    





            

    内饰
        
            
            
        
        5
    
    
    内饰简约大气，没有异味，空调出风口的设计很有高级感，怀档的设计也让中控区域储物空间很丰富
    
    





            

    价格政策
        
            
            
        
        5
    
    
    目前只有盲订优惠3999，交两千抵九千，或者一万九的置换补贴，毕竟新车刚上市，这样的优惠力度很可以了
    
    





            
                

    配置
        
            
            
        
        5
    
    
    最满意的配置当然是全系标配的星途400发动机
    
    




            

            



        "
嘉兴车友2671221,2023-06-17 首次发表,"
            
                
                    670km
                    
                    行驶里程
                
                
                    14.0L
                    百公里油耗
                
                
                
                
                
                
                
                
                
                
                
                

                
                
                    17.49万
                    裸车购买价
                
                
                    2023-05
                    购买时间
                
                
                    嘉兴
                    购买地点
                
            
            
    
        
            
        
    
    

    
        $(document).ready(function () {
            var koubeiid = 5013150;

        });

    


            
                最满意
                你想要的 平常用的上的 多给你了 整车终身质保
            
            
                最不满意
                起步加速有抖动 ，停车状态下踩刹车有金属碰撞声
            

            

    空间
        
            
            
        
        5
    
    
    空间很大很大非常大 比我之前奇骏大多了 跷二郎腿是没问题
    
    






                

    驾驶感受
        
            
            
        
        5
    
    
    起步动力强说走就走 运动模式点一下油门就窜出去
    
    






            

            




            

    油耗
        
            
            
        
        5
    
    
    开的时间短可能不太准确 目前是14个油 开了670公里 三百公里是高速 三百是市区
    
    





            
            

    外观
        
            
            
        
        5
    
    
    外观拉风 车头霸气 运动风格轮胎20寸地盘也很高
    
    





            

    内饰
        
            
            
        
        5
    
    
    内饰比我之前开的日产好多了 按键什么的多紧实 不信日产 不安他 平常开车多能晃
    
    





            

    性价比
        
            
            
        
        5
    
    
    性价比我要吐槽了提车第二天就就优惠7千，我只能说早买早享受
    
    





            
                

    配置
        
            
            
        
        5
    
    
    车子挺好的 整车终身质保也不怕怀，配置也够你平常用的上的多有 油耗才开了半个月还不清楚 大问题是没有 前排贴的膜白天还好看得清一到晚上要把玻璃降下来看反光镜 这膜是4s店送的是不是厂家的就不知道了 网上说刹车不点头 我我是没感受到可能我是两驱版本吧  我唯一吐槽觉得是缺点地方 就是储物格 没有放行驶证驾驶证身份证的小格子  放扶手箱太乱 平常放一大堆东西  放扶手箱下面空档里 容易掉出来
    
    
    
    
    


    




            

            



        "
国货之光456,2023-06-12 首次发表,"
            
                
                    154km
                    
                    行驶里程
                
                
                    8.5L
                    百公里油耗
                
                
                
                
                
                
                
                
                
                
                
                

                
                
                    15.29万
                    裸车购买价
                
                
                    2023-06
                    购买时间
                
                
                    潍坊
                    购买地点
                
            
            
    
        
            
        
    
    

    
        $(document).ready(function () {
            var koubeiid = 5005663;

        });

    


            
                最满意
                首先说空间大，超级的大！其次说动力，这个动力同级别里很少有竞争者。2.0涡轮机子能有261的马力，相当牛啊。之前就一直很看好奇瑞的发动机技术。地盘感受也不错，过滤震动的也挺好，挺适合家用。我买的最低配，这车的功能也够我用的了。有钱的可以上四驱，毕竟还有CDC，此次购车很突然，本来就是纯看看车而已，没想到就稀里糊涂把车开回家了。这也是没谁了，刚上市反正没什么优惠。不着急的可以等等降价。
            
            
                最不满意
                前脸的设计总感觉还差点，但是侧面看比例还挺协调
            

            

    空间
        
            
            
        
        5
    
    
    后排空间特别的大，后备箱空间很大啊。车内空间没的说。
    
    
    
    
    


    






                

    驾驶感受
        
            
            
        
        5
    
    
    加速特别猛，动力非常足。这一脚油，蹭蹭的。
    
    






            

            




            

    油耗
        
            
            
        
        5
    
    
    刚提回家，油耗这东西暂不做参考。154公里，平均8.5
    
    





            
            

    外观
        
            
            
        
        3
    
    
    前脸感觉设计上还差点，其他的都还好，整体比例不错。
    
    





            

    内饰
        
            
            
        
        4
    
    
    内饰的材料挺厚道的，用料比某些合资强太多
    
    





            

    性价比
        
            
            
        
        5
    
    
    我觉的挺好的，国产油车我只看奇瑞，新能源只看某迪，所以我就买的虎9。真值
    
    





            
                

    配置
        
            
            
        
        5
    
    
    360全景影像，车机反应特别迅速。8155的确很棒。功能挺多。
    
    




            

            



        "
荒野莽原,2023-11-20 首次发表,"
            
                
                    5000km
                    
                    行驶里程
                
                
                    9.5L
                    百公里油耗
                
                
                
                
                
                
                
                
                
                
                
                

                
                
                    16.00万
                    裸车购买价
                
                
                    2023-08
                    购买时间
                
                
                    保定
                    购买地点
                
            
            
    
    

    
        $(document).ready(function () {
            var koubeiid = 5220379;

        });

    


            
                最满意
                瑞虎9的颜值和配置是30万元以内SUV的天花板应该没有人反对吧。
我的第一辆车是长城的h6，一辆从大学创业跟我到今年的车。说实话品控可以，但唯独几年下来油耗较高，并且已经二胎家庭的我，平常热衷于待着老人和老婆孩子四处跑跑看看的我，准备换一辆六座或者七座suv。最初考虑的是30万以内的新能源。比亚迪唐太紧凑了，魏牌蓝山刚刚好。奈何天有不测风云，7.31京津冀暴雨，一夜之间，房屋损失，两辆车也宣告报废。无奈只能选择降低预算。报着对奇瑞汽车看一看的想法，我准备在北京、河北多家4s店看的瑞虎8pro新能源车。四处比比价格。一进店内却被天青色的瑞虎9吸引了。
隐藏式门把手，电动尾门，高级的怀档，以及流畅的8155芯片的车机系统。给人一种轻奢的感觉。
驾驶过程也是流畅舒服，前排的夹胶双层玻璃在跑高速过滤掉了风燥和胎噪。后排的隐私玻璃保护了家人的隐私。贴心实用。
            
            
                最不满意
                8.31提车到现在将近三个月，我已经跑了5000公里，准备去首保。
三个月的感受，最不满意的几个点
1、出厂我就丢两个轮毂标什么鬼，当然后续厂家给邮寄了，但是还是有一丢丢遗憾，毕竟新车有一点点不爽。对细节处理还是不到位
2、油耗，5000公里，我基本上都是高速状态，每周通勤北京保定。看到车友圈油耗都是7-8个。我很纳闷为啥已经有四辆车的老司机的我为啥跑高速将近10个的油耗。准备看看首保之后什么情况。
3、第三排空间，第三排空间确实只能坐160c m以下的人，不然真的有些拥挤。会顶到头，不知道为啥非要设计成一个大溜背造型。当然，我三排空间坐孩子，也能接受啦。
4、二排空调按键，二排空调实体按键设计初衷应该是为了让后排乘客独立控制空调，想法很好。但是容易误触，孩子误触后大屏显示就会弹出提醒，真的烦。
            

            

    空间
        
            
            
        
        4
    
    
    我们一家七口，乘坐够用，三排空间坐小孩，但是储物空间就不够啦，所以加了一个行李箱。够用。平常自己当五座车开的时候后备箱大的很，甚至第二排空间也可以放倒放平，妥妥的大床。
    
    
    
    
    


    
    
    
    


    
        ☆ 空间设计亮点
        中控扶手箱相当于一个小冰箱，空间很大，可以放几个饮料。中控处放两个手机刚刚好，下边镂空的巨大的储物空间既保障了行车的安全性又增加了储物的空间。
        
        
    
    
    
    


    
        ☆ 第三排空间
        我这是七座版本，一般当大五座来开。二排空间足够宽敞。三排比较紧凑，主要是高度太低，160cm以上的乘坐会碰头，小孩乘坐完全没问题。
        
        
    
    
    
    


    
        乘坐空间
        乘坐空间比较舒适，前排座椅通风，前后排座椅加热真的很实用。但是貌似前排座椅有点短，可以改进。后排如果再支持通风就更完美了。
        
        
    
    
    
    


    
        后备厢容积
        二排三排可以完全放平，空间还是蛮大的。看看这性感的大屁股就可以看出来他有能装。
        
        
    
    
    
    


    






                

    驾驶感受
        
            
            
        
        5
    
    
    经常跑高速，高速上动力随给随到。非常nice。日常家用完全够用。偶尔跑个越野，空车还好，满载的话打滑。越野需求旺盛的可以直接上四驱。
    
    






            

            




            

    油耗
        
            
            
        
        4
    
    
    我主要跑高速通勤的，可能是加行李箱的原因？110-120车速，油耗在九个，市区油耗11个左右。
    
    
    
    
    


    
    
    
    


    
    
    
    


    
        高速油耗
        高速油耗偏高。可能是行李箱的原因
        
        
    
        开空调油耗
        空调四季常开。感觉影响不大。
        
        
    
        城市油耗
        城市道路11.7油耗。
        
        
    





            
            

    外观
        
            
            
        
        5
    
    
    想传个视频，还传不上。
放图片吧。我当时就是被外观所吸引。时尚前卫。一个字，帅
    
    
    
    
    


    





            

    内饰
        
            
            
        
        5
    
    
    内饰中规中矩，但是配置高啊。总体感觉不错，三十万以内suv内饰天花板
    
    





            

    性价比
        
            
            
        
        5
    
    
    三十万以内suv性价比天花板，销售态度很好，还帮我装防尘网。售后还没有体验，期待不是奇瑞奇瑞修车排队
    
    
    
    
    


    





            
                

    配置
        
            
            
        
        5
    
    
    360影像，主动安全驾驶，毫米波雷达，电动尾门，电动座椅。8155芯片的车机系统。配置很能打。
    
    
        OTA更新体验
        没有更新过，但是有两次导航崩溃，找不到卫星信号，害我错过高速出口一次。后边又莫名其妙的恢复了。准备首保的时候去看看咋回事。
        
        
    
        车机功能及流畅度
        车机流畅，反应灵敏。随叫随到。基本上我开车，孩子们在后边看电视。主要是还赠送了5年的免费流量。这羊毛得薅啊
        
        
    
    
    
    


    
        360全景影像实用性
        作为第一辆车就带360环影的我，没有360环影都已经不会开车了，路口，侧方，停车，倒车。这配置绝对刚需。
        
        
    
        手机无线充电便利性
        充电速度还是挺快的，基本上是闪充。但是夏天的话会发烫，好在有一个空调出风口设计。会有些改善。
        
        
    
        自适应巡航智能度
        自适应巡航智能度比较高，基本上会车道保持，跟车前行。但是我基本会把车道保持关掉，不喜欢被抢方向盘的感觉。
        
        
    
        车道保持智能度
        车道保持能够识别车道，还是蛮精确的。但是我喜欢方向盘掌握在自己手里的感觉，所以基本不开。
        
        
    
        手机映射兼容性
        只用过高德地图的车机互联，灵敏度还不错。
        
        
    
        语音交互准确度
        语音交互准确度比较高。并且灵敏。常见的配置操作都可以完成。但是如果看个电视剧啥的，建议手动搜索。
        
        
    
        车载导航实用性
        定位准确，实时更新，但是有两次找不到卫星。
        
        
    
    
    
    


    




            

            



        "
东方人DY,2023-11-03 首次发表,"
            
                
                    798km
                    
                    行驶里程
                
                
                    9.0L
                    百公里油耗
                
                
                
                
                
                
                
                
                
                
                
                

                
                
                    15.50万
                    裸车购买价
                
                
                    2023-09
                    购买时间
                
                
                    张家口
                    购买地点
                
            
            
    
        
            
        
    
    

    
        $(document).ready(function () {
            var koubeiid = 5206356;

        });

    


            
                最满意
                瑞虎9我最满意的地方其实是外观，尤其是从侧面看起来，有一种路虎的感觉，整体非常霸气，且有高级感，我们全家人第一眼看后其实就已经动心了。至于前脸，大家褒贬不一，但是在我看来瑞虎9的前脸还是非常不错的，大气十足，搭配整体车身是很搭的，如果再改设计，恐怕还不如现在好看。另外，空间也是我中意的，不管是前排还是后排空间，坐着都很舒服，后排中间纯平地台，中间坐人的话腿部空间也是足够的，跑长途的话不会觉得累，而且座椅舒适度也足够。
            
            
                最不满意
                不满意的地方应该就是内饰了目前，只有黑色可以选，我喜欢白色或者棕色的话其实根本没得选，尤其如果是女司机的话，想选个暖色根本不可能，对于用户来说并不友好，希望后续可以丰富一下内饰颜色。
            

            

    空间
        
            
            
        
        5
    
    
    空间表现这里讲讲后备箱空间，这是我比较喜欢瑞虎9的，后备箱门一开，视野瞬间打开，空间很大，能放很多东西，平时开车去买菜，很实用，而且还有夹层，还能放一些私密性的东西。
    
    
    
    
    


    
    
    
    


    
    
    
    


    






                

    驾驶感受
        
            
            
        
        5
    
    
    驾驶感受最真实的还是在提车以后，之前的试驾根本没什么概念，因为根本不太会开车。在提车后的这段时间，我觉得驾驶感受其实蛮不错，车大，视野大，座椅也是舒服的，动力充沛，新手开也没啥压力。
    
    
        起步/加速动力
        我开的时候基本都在经济模式，起步加速的动力已经够了，等红绿灯这种场景下很够用，不过初次驾驶还是要感受踩油门的力度，要不然容易点头。
        
        
    
        开空调/满载加速
        目前还没有满载加速的场景，但是开空调跑过，动力不用担心，依旧很充沛，我加的还是92的汽油。而且跑的过程中，空调风量真的很足，即使天气很热的时候刚进入车内，打开空调，几分钟时间就能凉快下来，非常好评。
        
        
    
        刹车灵敏性
        刹车非常灵敏，不过在市区我还是喜欢慢刹车，尤其是遇到堵车，红绿灯这些场景，我基本都是提前松油门，配合轻踩油门让车辆自己刹停。试乘的时候销售带我们感受了急刹车，百公里刹停距离30多米，基本就是一瞬间的事，太刺激了。
        
        
    
    
    
    


    
    
    
    


    
        弯路/并线稳定性
        现阶段开着瑞虎9其实走了不少弯路，因为我家到市里要走环路，所以每次都要绕大环，我习惯车速控制在40左右跑环路，稳定性还是不错的，方向盘也好操控。
        
        
    






            

            




            

    油耗
        
            
            
        
        4
    
    
    目前我大部分用车场景都在城市里，刚提车时候油耗达到了13个多，着实有点吓人，不过后来开着开着油耗也降下来了，目前APP显示油耗是9个，感觉接下来车感好了以后，还有下降的空间，我作为车主，有信心把油耗降到8个。
    
    
    
    
    


    
    
    
    


    





            
            

    外观
        
            
            
        
        5
    
    
    外观是我最喜欢瑞虎9的，他和之前的瑞虎车型区别还挺大的，显得更加商务，也更稳重，是我的菜。从进气格栅里，能够非常清晰地看到瑞虎9的防撞吸能盒，非常厚，也非常大，用料很足，给了我足够的安全感，这也让我理解了最近网上传的“时速125，保命靠瑞虎”这句话，确实能做到。而且今天我还看到瑞虎9获得了2023年中国十佳车身奖，全球五星安全标准名不虚传。
    
    
    
    
    


    





            

    内饰
        
            
            
        
        4
    
    
    内饰的整体用料是比较好的，坐上去很舒服，不过颜色比较单调，只有黑色可以选，我选的黑车黑内饰，确实够酷的哈哈。车内也配备了氛围灯，我一般设置是音乐氛围灯，随音乐节奏律动，很有氛围，我其实晚上开车的时候。座椅加热通风也有使用，前排二者都支持，后排也支持加热，个人觉得配置很足了。第二排的舒适性也是足够的，坐三个人完全不担心，跑长途也是OK的，后排中间纯平地台绝对好评。
    
    
    
    
    


    





            

    性价比
        
            
            
        
        5
    
    
    购买瑞虎9的经历其实还挺简单的，我在北京看了一些新能源车，比亚迪，吉利，问界都看过，本来想看瑞虎9，但是4S店太远了，最后选择回张家口看。和销售断断续续联系了有半年时间，中间试乘了两次，试驾一次，最终决定入手。提车价格在16万7左右，买的是两驱豪华版，指导价162900，后来官方出了5000报销补贴的活动，相当于又省了5000，提车价来到了16万2，其实性价比挺高。
    
    
    
    
    


    
    
    
    


    
    
    
    


    





            
                

    配置
        
            
            
        
        5
    
    
    瑞虎9两驱豪华版的配置是非常丰富的，座椅通风加热，540°全景影像，氛围灯，迎宾灯啥的应有尽有，开起来很舒适，和别人讲的时候也倍儿有面子。
    
    




            

            



        "
艰苦奋斗1d,2023-09-14 首次发表,"
            
                
                    1300km
                    
                    行驶里程
                
                
                    9.0L
                    百公里油耗
                
                
                
                
                
                
                
                
                
                
                
                

                
                
                    15.60万
                    裸车购买价
                
                
                    2023-07
                    购买时间
                
                
                    长沙
                    购买地点
                
            
            
    
    

    
        $(document).ready(function () {
            var koubeiid = 5148255;

        });

    


            
                最满意
                总：首先，我提的是瑞虎9两驱豪华版，落地17.3万多了，这是我人生中的第一辆车，没有什么前车做对比感受，但是总体来说开到现在非常满意！
 分：
【空间表现】
空间真的大，我买suv主要是想要空间大点，后排空间很大，再加上斜靠在座位上，视觉感觉和前排隔的很远，后备箱空间也是足的，电动尾门，后排座椅还可以放倒。

【动力表现】+【驾驶感受】
我一般都开标准模式，2.0t动力也是很够的，高速上超车不用深踩油门，虽然不像电车，踩下去动力随叫随到，要过大概1秒反应时间，动力就能明显感觉到了。这里我要吐槽的是，由于我是新手，不知道新车最好不要开100码以上，我跑高速的时候，前面视线很空旷，油门也是慢慢的踩，不知不觉到1百多码了，然后回到家，这个打电话回访服务态度的时候说新车不要开100码，那个又回访服务态度的时候说，新车不要开100码，你们为啥不早点告诉我呢？但是这里值得一提的是，就算高速跑到一百多码，车身是没有感觉到一点点晃动。方向盘也是轻轻的握着。贼稳！这个真的好评！之前开共享的时候，100码就有点晃了。
车子隔音做的很不错，前面双层玻璃，高速关上窗一瞬间，嗡，就安静了。
我朋友开我车说这方向盘有点重，我自己没有感觉，可能开个运动模式会好一些。

【油耗】
油耗我是真的觉得挺满意的，虽然在决定要买suv的时候就提醒自己，油耗肯定不会低。500公里以前自己油门刹车控制不好，油耗经常开到11点几，后来开车的时候刻意练习脚法，城市能够控制在8点几到9个油，高速更不用说了，最低开过6点3。然后问了其它轿车油耗，也是7到8个油，真的很惊喜，不说很省油吧，但是毕竟他是suv，还有这么几吨重很不错了！

【售后】
中间有个小插曲，右后方的雷达倒车在空旷的地方也会自动报警，好在我去售后的时候，他们帮我检查一遍说帮我订货免费换，等了3天。不得不说这售后还是很给力的。

总得来说车子很满意，很不错的，性价比很高，喜欢的可以不用犹豫，直接买！3大件终身质保，整车3年质保，售后无忧的，目前暂时就这些问题和感受，后面有新的了继续发帖！
            
            
                最不满意
                【最不满意】
1，这车的实体按键偏少，确实还是要个实体按键方便点，不要多的，空调加一个自定义的按键就行了。所以会车的时候我想把全息影像调出来，很不方便，要么就只能打转向灯，他才会出现全息影像（这车的全息影像也还行，方向盘幅度打大一点，就会跳出来，还有打转向灯也会自动跳出来。）好在车机很灵敏，还有人机互动也很灵敏。
2，后排中间那个座椅加热和空调按键太突出了。真的很容易碰到，然后有些人又不懂，就只能开着了，我在前面哪顾得到。
3，右后方的安全座椅扣得提起来，是凸出来的一大截，坐着一不小心就会顶到屁股，为什么不能想左后方的座椅一样，是凹进去的呢？
            

            

    空间
        
            
            
        
        5
    
    
    内饰极其简洁，扶手箱空间大！后备箱容积超级大，车内储物功能能力强。乘坐空间也很大。
    
    
    
    
    


    
    
    
    


    
    
    
    


    






                

    驾驶感受
        
            
            
        
        4
    
    
    加速后期动力很强。踏板不用踩的很用力，就有很强的动力我。
    
    
    
    
    


    






            

            




            

    油耗
        
            
            
        
        4
    
    
    油耗低，这个吨位的车油耗很不错了，市区控制脚法，能到9个以内，我是新手咯，高速7个以内
    
    





            
            

    外观
        
            
            
        
        5
    
    
    再换非常大气，也是我选择的原因之一，车身做工还是很扎实的
    
    
    
    
    


    





            

    内饰
        
            
            
        
        4
    
    
    异味不大，用料中规中矩吧，很极简风，座椅很舒服，第二排空间很大
    
    
    
    
    


    
    
    
    


    





            

    性价比
        
            
            
        
        5
    
    
    性价比很高，这个价位配置还算给的很足的，3大件终身质保，整车3年质保，售后还是很给力的
    
    





            
                

    配置
        
            
            
        
        4
    
    
    360全息影像都有，就是没有实体按键方便调出来，语音交互很准确，识别的也很快，车机不卡，就是车机有时候开机的时候会等久一点，等了差不多40秒，有时候又没有，很快就开机了。
    
    




            

            



        "
您幸福嘛,2023-08-09 首次发表,"
            
                
                    4000km
                    
                    行驶里程
                
                
                    8.9L
                    百公里油耗
                
                
                
                
                
                
                
                
                
                
                
                

                
                
                    15.18万
                    裸车购买价
                
                
                    2023-07
                    购买时间
                
                
                    威海
                    购买地点
                
            
            
    
    

    
        $(document).ready(function () {
            var koubeiid = 5093193;

        });

    


            
                最满意
                空间——作为奇瑞的旗舰SUV车型瑞虎9来说，大-是我见到它的第一感觉，对于我这样的四口之家来说空间是首要的条件。然而它能完全满足我的要求。
科技——家里有两个还小的孩子出行时候难免会有无聊烦躁的时候，这时候车机的用处就来了，小奇可以跟他们聊天，放他们喜欢的歌和动画片来解闷，行驶的科技也是拉满，各种辅助应有尽有。
舒适——四口之家的出行乘坐空间非常宽敞，车内能感受的噪音也微乎其微，悬挂的调校也合适。
安全——国产车的用料大家都是有目共睹的，无论是前后防撞梁的硬度和厚度，还是车子整体的刚性在同级别中我认为都是数一数二的存在。可以放心的把全家托付给它。
辅助功能——车道偏离预警，车道保持，360影像，ACC自适应巡航，主动刹车…都能为家人提供一份安全的守护。
            
            
                最不满意
                第三排空间——我想七座SUV车型的硬伤就是第三排和后备箱吧，当第二排坐满成年人后，第三排只能坐下两个小孩子了，要是长途的话小孩子也会感受别扭，三排坐满后的后备箱空间更是非常小，只能放的下一个行李箱吧，对于全家长途出行很不友好。作为旗舰车型应该再加长些许来增加后备箱面积。
电磁悬挂——电磁悬挂只有四驱高配车型才有，对于两驱车型很不友好，因为家用四驱车型基本上用不到。但是悬挂系统的提升确实大多家庭出行的舒适首选。
车机系统——车机系统可玩性基本就是零，不能自己安装想要的应用，不能更新导航的版本，车机智能化也稍有欠缺，
储物空间——车子得储物空间虽然不少，但是有的地方很是鸡肋，比如中央通道储物，只能放个手机，水杯或是水瓶放上后会阻碍驾驶的，
            

            

    空间
        
            
            
        
        4
    
    
    作为旗舰车型空间很大，乘坐舒适性也很好，但是第三排仍然是SUV的痛点，只能短途坐坐或是坐个小孩。
手机无线充电位置很人性化，拿取方便增加了绒布材质，防滑手感也不错，
第三排放倒的话，后备箱的空间巨大，可以平铺下四个行李箱差不多的面积。
储物能力只能用够用来说，因为我觉得在方便这点上还需要进一步的改进。
    
    
    
    
    


    
    
    
    


    
    
    
    


    






                

    驾驶感受
        
            
            
        
        5
    
    
    2.0的发动机动力可以说随叫随到，变速箱的响应速度和平顺性调校的也合我的驾驶习惯，特别是跑高速时候的平稳性和动力储备都让我非常有信心。开空调和满载我都跑过，对于动力来说没有感觉有损耗。
座椅通风和座椅加热对于主副驾是非常友好，特别是夏天时候屁股和后背带来的凉爽很贴切。
    
    






            

            




            

    油耗
        
            
            
        
        5
    
    
    奇瑞的自研发动机绝对是车主们选购的第一要素，2.0T的发动机可以媲美2.5甚至更高得其他品牌，油耗表现也是毋庸置疑的，8-9的城市综合油耗对于这么大的车子来说我认为算得上完美。
    
    





            
            

    外观
        
            
            
        
        5
    
    
    车子的外观是我第一眼就相中的样子，给人一种大气稳重的感觉，led得大灯灯组很是犀利，给人一种跃跃欲试的感觉。
隐藏式门把手已然成为了当今就行的元素。减少了风阻也增加了美观性。
车子的整体流线型很平稳，腰线偏上有种中年的稳重性。
    
    





            

    内饰
        
            
            
        
        5
    
    
    我的车子是全黑的内饰，简约但不简单，玻璃为双层隔音，静音效果加倍，座椅调节按钮移到门上了，减少行驶中调节按键带来的风险。空调二排门上增加了出风口，为二三排的舒适性增加了不少。
    
    
    
    
    


    
    
    
    


    





            

    性价比
        
            
            
        
        5
    
    
    作为国产旗舰七座车型，能够选择的空间不大，在各种对比后选择了瑞虎9也是经过全家的投票赞同，无论是品牌和做工都能说服大家，得到认同。
    
    
    
    
    


    
        购车优惠
        购车只要是置换就有19000的优惠，这对于换购的车主是个不小的诱惑，再就是整车终身质保也是为车主省下一笔不小的开支。赠送的脚垫，后备箱垫只能说是临时用用而已。
        
        
    
    
    
    


    





            
                

    配置
        
            
            
        
        4
    
    
    360影像清晰度和流畅度都非常好。可以手动调节想要观察的角度来躲避障碍物。
无线投屏也非常实用，可以直接手机控制车机，听手机收藏的歌，用手机的小团团导航语音。
小奇同学的响应速度和人工交互也是能满足日常所需的，但是还有提升的空间。
    
    




            

            



        "
快乐的老陈2019,2023-07-12 首次发表,"
            
                
                    2000km
                    
                    行驶里程
                
                
                    8.5L
                    百公里油耗
                
                
                
                
                
                
                
                
                
                
                
                

                
                
                    16.20万
                    裸车购买价
                
                
                    2023-06
                    购买时间
                
                
                    青岛
                    购买地点
                
            
            
    
    

    
        $(document).ready(function () {
            var koubeiid = 5048685;

        });

    


            
                最满意
                外观设计时尚，线条流畅，给人一一种路虎的感觉，给人一种有力量稳重感。内饰的材料也货真价实，整体感觉比较好，空间宽敞，动力也很充沛。油门随叫随到，配置也很丰富，主动安全，被动安全所有能我能数得上的基本上都有。车道偏离预警，盲点监测自动紧急自动前排双安全气囊，侧气囊，侧气帘儿全方位保护，整体科技十足。电子按键开门，科技感很强，语言识别度高。大屏幕。前脸给人看见，就像一只温顺的大猫，静若处子，动若猛虎。
            
            
                最不满意
                我不喜欢这种隐藏式门把手，我担心下雪天门把手能不能伸出来？不喜欢在这儿新兴的设计。
            

            

    空间
        
            
            
        
        5
    
    
    空间我感觉是非常大了，本人也不是很胖，也不是很高，但是我感觉的的确是够大的。腿部伸开完全没问题，后排也非常宽敞。关键还是配备了加热和通风。这个价位这个配置。绝对对得起消费者。后备箱那更是出奇的大。
    
    
    
    
    


    






                

    驾驶感受
        
            
            
        
        5
    
    
    动力澎湃，输出平稳，提速非常快，油门随叫随到。好几个模式可以选择，日常走颠簸路面也没有感觉到异常，同时这个车还有主动刹车功能。跑高速超车从来没有担心过动力不足。开空调满载也不在话下。
    
    






            

            




            

    油耗
        
            
            
        
        5
    
    
    这么大的车油耗我非常满意。开空调跑高速油耗也不高，大约不到8个。下面你们可以看我的截图。
    
    
    
    
    


    
        城市油耗
        城市油耗堵车的时候我感觉能到10个。2.0的排量，堵车的话10个油，我觉得我能承受得了。
        
        
    





            
            

    外观
        
            
            
        
        5
    
    
    说实话我就喜欢他这个外观，看着他就像一只温顺的“大白猫”。就喜欢他那种人畜无害的感觉。侧面看看，大气磅礴。有力量，有肌肉。正面看很温顺。就喜欢他静若大猫，动若猛虎的样子。
    
    





            

    内饰
        
            
            
        
        4
    
    
    内饰也很细致。布局也非常合理，操作便利，多功能方向盘，高液晶仪表盘的配置为驾驶员提供了良好的驾驶体验。上海车子还配备了256种氛围灯，随着音乐来跳动不停的颜色，索尼音响效果很棒。当累的时候躺上玻璃，静静的听着音乐5分钟，你就可以忘记疲劳，深深的睡去。
    
    
    
    
    


    
    
    
    


    





            

    性价比
        
            
            
        
        4
    
    
    奇瑞的性价比直接就是无敌了，这个车这个配置在盒子上那就是天价了。维修保养服务顾问说不超过300块钱故障，临时没有，服务网点也很多。服务顾问和销售顾问还有新的添加了一个微信群，经常在群里关怀。近期还受到他们上门关爱了。有鲜花，有礼品。这样的瑞虎9，你让人如何不爱？
    
    





            
                

    配置
        
            
            
        
        4
    
    
    倒车影像清晰。360清晰。语音交互准确。吃鸡其他功能正在研究中。现在瑞虎9还有其他更加耀眼的表现。
    
    
    
    
    


    
    
    
    


    




            

            



        "
雨落子夜,2023-07-10 首次发表,"
            
                
                    170km
                    
                    行驶里程
                
                
                    11.0L
                    百公里油耗
                
                
                
                
                
                
                
                
                
                
                
                

                
                
                    16.59万
                    裸车购买价
                
                
                    2023-07
                    购买时间
                
                
                    芜湖
                    购买地点
                
            
            
    
        
            
        
        
            
        
        
            
        
        
            
        
        
            
        
        
            
        
        
            
        
        
            
        
        
            
        
        
            
        
    
    

    
        $(document).ready(function () {
            var koubeiid = 5044790;

        });

    


            
                最满意
                芜湖这片皖江明珠大地上，1997年诞生了一个车企-奇瑞，那些年开始至令，芜湖的大街小巷上跑的大部分都是奇瑞，这就是芜湖人对于本土企业的无声支持。汽车，是一个男人对于仗剑走天涯梦想的执念，好比女人对于家的执念，是房子的体现，而男人对于自由和梦想的执念，我想应该就是车吧。2011年12月30日，刚考完科三，还没有拿到驾照的我提了人省生的第一台车，奇瑞瑞虎(也就是现在的瑞虎3，只是那个时期还没有瑞虎3的叫法，瑞虎系列仅此一款，不像现在瑞虎系已经是一个大家族了，瑞虎3，虎5，虎7，虎8，虎9一个大系列大家族，虎三陪伴我将近十年的时间，走遍了深圳的大街小巷，和珠三角的大部分城市，以及每年春节深圳安徽两地两千多公里的跋涉，虎三的公里数也是将近27万多公里，汽车作为一个老朋友，它给予我最好的支持应该就是从来没有在路上抛下过我，兢兢业业陪伴支持我每一次的旅途。所以在21年换车计划提上日程的时候，依然是毫不犹豫的直奔奇瑞而来，那就是瑞虎8plus，从看车到订车，前后也不过是半个多小时的时间，因为对于自己要买的车型配置有清醒的要求，已经做好攻略，所以到店订车也只是讨论价钱优惠这些了，所以决定的很快。8P陪伴我两年的时间，用车体验真的是很不错的了，所以在奇瑞推出瑞虎9的时候，我是一直在关注这款车的上市日程，奇瑞这款集奇瑞之大成的旗舰车型，基于火星架构-超级混动平台打造，定位为中型SUV。作为家族的旗舰型SUV，全系搭载2.0T发动机，胎压显示、ABS、EBD、EBA、ASR、ESP、车道偏离预警系统、车道保持辅助系统、车道居中保持、道路交通标识识别、主动安全系统、前方碰撞预警、倒车雷达、360度全景影像、透明底盘、全速自适应巡航、驾驶模式切换、发动机启停技术、自动驻车、电子驻车、上坡辅助、陡坡缓降、L2级辅助驾驶、可开启全景天窗、电动后备厢、电动后备厢位置记忆、车顶行李架、遥控钥匙、无钥匙启动 进入、隐藏式电动门把手、远程启动、真皮方向盘、多功能方向盘、方向盘换挡、12.3英寸全液晶仪表盘等等，高配车型更是搭配了50W级豪华品牌的CDC悬架、抬头显示等功能，所以虎9一上市就迫不及待的来店试驾，首先说下驾驶感受，首先是车内NVH优化的十分出色，因为我开过老款的瑞虎3，和近年推出的瑞虎8PLUS，作为老车主，对于虎9的NVH优化更加能直接的感受出细微的变化和突出的进步，虎9的NVH优化比虎8plus更加的出色，时速120车内正常的音量沟通交流，毫无影响，根本感受不到以前虎3的那种胎噪影响，其次是驾驶调教，油门感应迅速，能很好的辨别驾驶者的意图，升档降档行云流水，变速箱调教的也很丝滑，还有语音交互也非常的nice，比虎8plus的有明显的进步，不知道是受益于8155芯片的原因还是软件的优化，反正语音指令的接收和执行，智能交互反应快了许多。
            
            
                最不满意
                虎9作为中大型SUV，对于我这个奇瑞老车主来说，也会有一点点的不满意，比如扶手箱那块的设计是否可以下沉一些，没必要做一个镂空的设计，这样驾驶时拿取其实不是很方便，而且扶手箱的位置没有放水杯的设计位置，都已经是怀挡了，这个位置为什么不给我设计各杯架呢？其次是空调出风口的设计，总感觉就那几个出风口，感觉风量严重不足的样子。
            

            

    空间
        
            
            
        
        4
    
    
    我身高170.体重75KG，整体空间满足我的使用需求
    
    
    
    
    


    
        乘坐空间
        我体重75KG，体型中等吧，坐进驾驶室的头部和腿部科技都是十分充裕的，毕竟中大型SUV的车子了
        
        
    
    
    
    


    
        后备厢容积
        后备箱空间肯定能满足我三口之家的出行需求的，后排放倒做个双人床一点问题没有，后备箱也很平整，进深都非常满意
        
        
    
    
    
    


    
        第二排空间
        得益于2820MM的大轴距，后排的乘坐科技也是非常可观的，我坐进去前排打到最后，还有两拳半的腿部空间
        
        
    
    
    
    


    
        车内储物能力
        门板储物格设计完全够用，大号水杯都不在话下
        
        
    
    
    门边储物格
    


    






                

    驾驶感受
        
            
            
        
        5
    
    
    中国十佳发动机的奇瑞2.0T发动机，此发动机的动力储备和调教真的是没话说，起步、超车、爬坡、高速过弯、急加速等各种驾驶场景我都有试，发动机动力充沛，完全没有达到极限
    
    
    
    车机系统非常的好用
    


    
    
    奇瑞最强2.0T发动机
    


    
        起步/加速动力
        得益于2.0T发动机强劲动力表现，无论是起步急加速还是超车、爬坡等场景，油门响应和动力储备都是十分充沛，轻松驾驭
        
        
    
    
    环抱式驾驶舱
    


    
        方向盘轻重
        电子助力的方向盘，非常轻盈，即使是女生开车，单手也能轻松操作
        
        
    
    
    
    


    
        刹车灵敏性
        刹车软硬适中，反应也是很灵敏，轻踩踏板就能感受到刹车系统给你的实际反馈，随时随地护你安全驾驶
        
        
    
    
    宽大的刹车踏板
    


    
        跑高速
        高速时如果开启运动模式的话，你会发觉完全感觉不到自己是在驾驶一台中大型SUV的感觉，车身轻盈，动力随时保证充沛的输出，400T的扭矩爆发出的动力储备让你完全不用担心超车和提速的需求
        
        
    
    
    液晶仪表盘的速度显示清晰，让你随时随地掌握速度与激情
    


    






            

            




            

    油耗
        
            
            
        
        4
    
    
    市区的驾驶油耗在11L百公里左右，作为这么大的车，是能接受的范围，高速油耗保持匀速的话，能控制在8L百公里左右，非常的省油了
    
    
    
    怀挡设计真的是很赞，我是特别喜欢怀挡的设计造型
    


    





            
            

    外观
        
            
            
        
        5
    
    
    瑞虎9的整体风格主要走厚重霸气的路线，前脸和奥迪Q6颇为相似，巨型的多边形进气格栅采用直瀑式装饰，同时，狭长的大灯组搭配发动机隆起的多条筋线，以及下方三段式进气口，视觉效果十分大气，是我中意的设计造型
    
    
    
    尾部造型饱满，符合国人的审美需求
    


    
    
    米其林的大脚，兼顾静音舒适
    


    
        车头造型
        犀利的大嘴造型，这气场完全不输几十万级别的进口豪华品牌
        
        
    
    
    大灯造型别致，连中间品牌LOGO可是能发光点亮的哦
    


    





            

    内饰
        
            
            
        
        4
    
    
    虎9 的中控台采用了全新的设计，氛围感营造非常出色，浅色系的双拼搭配，以及木纹的应用，让车内更具豪华感。另外车内能摸到的地方几乎都采用了软性材质，加上氛围灯的加持，整体营造出的豪华感非常不错，符合其旗舰级SUV的定位，奇瑞的新车内气味一直都做的很好，几乎闻不到新车的异味
    
    
    
    扶手箱设计有槽点，不细化
    


    
        第二排舒适性
        第二排的空间充裕，座椅软硬适中，适合长途乘坐也不会觉得累，儿童安全座椅当然是标配了
        
        
    
    
    
    


    
        内饰用料
        现在中国自主品牌的内饰用料你完全不用担心，诚意满满，目光所及都是软性皮质包裹
        
        
    
    
    
    


    





            

    性价比
        
            
            
        
        5
    
    
    因为我是奇瑞的忠实粉丝，所以老车主置换和厂家的上市福利都享受到了，相对于提车的价格对比合资品牌，虎9整车的配置我感觉是非常的超值了
    
    





            
                

    配置
        
            
            
        
        5
    
    
    配备了由12.3英寸全液晶仪表盘和12.3英寸中控大屏组成的一体式连屏，而且车内取消了大量的物理按键，大部分功能都集成在中控屏当中此外车机系统也搭载了高通8155芯片，操作体验之后，车机整体的流畅程度也十分不错
    
    
    
    
    


    
        车机功能及流畅度
        两块12.3英寸的液晶屏，搭配8155的芯片，车机真的不要太流畅了，语音控制的交互体验也非常的棒，能够快速识别驾驶员所发出去的语音指令，反应迅速
        
        
    
    
    
    


    
        语音交互准确度
        瑞虎9的语音交互比虎8plus进步的不止一点点，几乎没有延迟就能接受我的语音指令，相比于虎8plus的语音交互的2秒延迟，虎9的语音交互几乎是毫秒级的反应接收了
        
        
    
    
    
    


    




            

            



        "
达州车友6502359,2023-07-10 首次发表,"
            
                
                    600km
                    
                    行驶里程
                
                
                    11.7L
                    百公里油耗
                
                
                
                
                
                
                
                
                
                
                
                

                
                
                    17.49万
                    裸车购买价
                
                
                    2023-06
                    购买时间
                
                
                    达州
                    购买地点
                
            
            
    
    

    
        $(document).ready(function () {
            var koubeiid = 5044779;

        });

    


            
                最满意
                说到对瑞虎9满意的地方，其一是价格，购车之前在网上也关注了一段时间，两个车的价格也差不多能比较出来，一个Q5抵两个瑞虎9，能省下来一个车的钱，这钱再买台车也够了，再加上平时做生意也不需要特意搞台车接待客户和朋友，这样一对比，瑞虎9就胜了一大截。第二个满意的点是配置，当时瑞虎9刚上市，特意交代销售等试驾车回来了再通知我过来，在试驾的时候，对平稳度、动力、空间、静音效果这些方面就比较满意，因为前一辆车是荣威Rx5，开了也有五年多，换车的目的也是想要个动力更强、空间更大、舒适性更高的车，另外还有个印象很深刻的地方，下车的时候，在车内没有看到门把手，然后销售特意跟我提到这个功能，说瑞虎9用的是电释门，同级别车型中独有的，这也引起了我的注意，主要图个新颖，后面又给我介绍了540度影像、透明底盘、后排座椅加热等等，这让我选择瑞虎9的想法又更强烈了。另外比较满意的点在于服务，可能是新款车型上市，整个服务流程都显得比较严谨，我从看车到订车到提车的整个过程都还是比较舒心，当时置换旧车的手续，销售帮忙收集资料提交上报，置换补贴到的也比较快。提车一个月之后，销售和售后的工作人员又专门开车来渠县了解我们的用车情况，讲解用车的注意事项，还送了鲜花和礼物，确实很用心。目前用车一个多月，总的感受就两个字，适合。用更少的钱买了自己真正需要的东西。最后给大家看看我选择的云灰色的瑞虎9
            
            
                最不满意
                提车一个多月，公里数六百多，每天从家到公司几分钟的路程，路比较堵、红绿灯多，再加上夏季全程空调打满，目前表显油耗在12，13个左右，还没跑过长途，等过段时间去成都跑个来回看看油耗怎么样，不过，油耗与整车重量，排量都是成正比的，这个油耗与同样排量的其他车比也在正常范围之内，而且打算买2.0T的车，就考虑到油耗肯定会比之前1.5T的油耗高，另外就是上班路程太短，很多功能还没来得及摸索就下车了，还需要一些时间熟悉新功能。
            

            

    空间
        
            
            
        
        4
    
    
    后备箱很大、还有分层，后排还没有坐满过人，但不用说，绰绰有余
    
    
    
    
    


    
    
    
    


    






                

    驾驶感受
        
            
            
        
        4
    
    
    对动力方面还是比较满意，开起来很顺畅，怀挡属于新体验，适应得还比较好
    
    






            

            




            

    油耗
        
            
            
        
        5
    
    
    渠县县城里面，平时上下班路况比较堵，目前油耗在预期之内
    
    





            
            

    外观
        
            
            
        
        5
    
    
    发光的logo比较喜欢，整个外观比较流畅、在我的审美范围，自己还另外去外面加了电动踏板
    
    
    
    
    


    
    
    
    


    





            

    内饰
        
            
            
        
        5
    
    
    深色内饰比浅色的要耐脏，中控能触摸到的都是麂皮，手感要好不少，基本没啥异味儿，我记得我前一个车还需要放橘子皮在车上除味，现在根本不需要
    
    
    
    
    


    





            

    性价比
        
            
            
        
        5
    
    
    没有选择Q5而选择了瑞虎9看中的就是一个性价比，花更少的钱办更大的事
    
    
    
    
    


    





            
                

    配置
        
            
            
        
        5
    
    
    车机顺畅，360影像也很实用，过窄路，烂路，会车的时候作用特别大，我的华为手机没有无线充电功能，还没体验到
    
    




            

            



        "
axnpakkddc6,2023-07-10 首次发表,"
            
                
                    500km
                    
                    行驶里程
                
                
                    10.0L
                    百公里油耗
                
                
                
                
                
                
                
                
                
                
                
                

                
                
                    17.49万
                    裸车购买价
                
                
                    2023-06
                    购买时间
                
                
                    南通
                    购买地点
                
            
            
    
    

    
        $(document).ready(function () {
            var koubeiid = 5044399;

        });

    


            
                最满意
                第一，外形我很喜欢，造型协调，尤其喜欢前格栅的直瀑式大嘴搭配前唇造型，侧面的线条很运动。车尾部的造型也很好看，尾灯辨识率很高。开在路上，回头率很高。第二，内饰方面，中控分区很鲜明，功能区划分合理，仪表曲面大屏清晰，车机反应很快，没有反馈慢半拍的感受。中控搪塑材质很多，车门上包皮也很多，摸起来很舒服。第三，空间方面，我身材偏胖，瑞虎9的空间能满足我的要求。NVH方面，底盘采用软连接较多。第三排座椅打开之后，后备箱依然有实用空间。第四，配置方面，瑞虎9的第二排B柱有独立空调出风口，第三排也有空调出风口，舒适度确实提升不少。HUD抬头显示，8155车机，座椅通风加热都有了后期也不需要在加装什么。第五，动力方面，2.0T鲲鹏动力搭配7DCT，足够应付日常使用。2.0T的发动机能在短时间爆发400NM的扭矩。7DCT的换挡逻辑也比较清晰。
            
            
                最不满意
                身子大还有点不习惯 等开开就习惯了 其他的都还好 各个功能还需要再了解一下不是很熟悉
            

            

    空间
        
            
            
        
        5
    
    
    曲线很完美可以减少凤力从而可以省油 小孩上车空间很大 不用你急我推的 老妈年纪大 上去也很舒服 很值得购买奇瑞瑞虎九是目前奇瑞瑞虎系列里面最新款也是最高端的车型了，上市之前就被他的外形和内饰深深地吸引住了，硕大的空间，漂亮的线条，谁能抵挡住诱惑，进入车内，满满的科技感，你所想到的科技，全部给你安排上，能触摸到的地方全部真皮包裹，真的高大上，颜色还可以根据自己的喜好自由搭配，尤其是硕大的天窗和电磁悬挂底盘，真的是国产同级别的天花板，七座版本是目前二孩选择的最佳选择，虽然使用利率不大，但是不能没有，为了以后准备吧。油门响应很快，随叫随到，无论市区低扭矩，还是高速超车都有把握，看着车身大，但是很灵活。车到哪里都会有人来询问，真的很骄傲。 刚开始去看车的时候，孩子很兴奋，因为从2011年出生就一直见证着奇瑞汽车的发展，从奇瑞x1、风云、a3，瑞虎三、瑞虎八、再到瑞虎八plus,一辆比一辆好，一代比一代好，孩子现在身高168，瑞虎九完全满足了需求，另外我是一名自驾游爱好者，经常车里放很多露营装备，以往都是塞得满满的，甚至后排都要占用一半，现在好了，三排放倒后，天呢，就是一个面包车啊，所有装备通通装进去，还放了车载冰箱和两桶矿泉水，还不占用中排任何地方，一家人出行，没有任何拥挤感，
    
    
    
    
    


    






                

    驾驶感受
        
            
            
        
        5
    
    
    踩上油门推背感很强 上了高速就有种非一般的感觉但是又很稳 不抖动
    
    






            

            




            

    油耗
        
            
            
        
        5
    
    
    目前耗油10多点 对于我这种市区开的人已经很省油了
    
    





            
            

    外观
        
            
            
        
        4
    
    
    车子做工比以往的做工更加细致 车头的造型一直就这样也就还好吧 主要外观开起来比较大气
    
    
    
    
    


    
    
    
    


    





            

    内饰
        
            
            
        
        4
    
    
    内饰有面部识别 在开车困的时候可以提醒我 抬头显示 上车还有香氛系统 非常奈斯 还可以远程控制
    
    
    
    
    


    
    
    
    


    





            

    性价比
        
            
            
        
        4
    
    
    相对于别的车子 这俩车子的优惠已经很不错了 售后也非常有保障
    
    
    
    
    


    
    
    
    


    





            
                

    配置
        
            
            
        
        4
    
    
    我买的就是最高配置的
座椅加热通风 记忆
抬头显示  驾驶辅助各方面都没得说非常奈斯
    
    
    
    
    


    




            

            



        "
封尘3623,2023-07-06 首次发表,"
            
                
                    2500km
                    
                    行驶里程
                
                
                    12.0L
                    百公里油耗
                
                
                
                
                
                
                
                
                
                
                
                

                
                
                    17.00万
                    裸车购买价
                
                
                    2023-05
                    购买时间
                
                
                    珠海
                    购买地点
                
            
            
    
    

    
        $(document).ready(function () {
            var koubeiid = 5037820;

        });

    


            
                最满意
                大家在考虑买一辆车的时候，有百分之八十的人会干这件事，各个APP做对比，有哪些毛病也是一目了然的。不过因为我买车的时候奇瑞瑞虎9这款车应该是第一批车主，资料网络上相对是比较少，但是我感觉如果开的时间超过一个月，最满意的地方应该不会只是外观之类的，这些大家都能看得到自然也就不用去看，主要还是大家最在意的操控性能，舒适性、动力等。其他的不多说，重点发表一些实际的用车感受吧。
外观：外形其实是最直观的，这是最基础的东西了，能不能喜欢都是眼缘和喜好的问题。个人觉得瑞虎9的外观还是比较前卫和大气的
动力：就拿到车到现在，动力和油耗才是我最满意的地方。在起步的时候如果不着急那就比较稳，只要稍给油门，起步都比较猛了，而且在中后段的加速感觉动力很充沛。即使像爬坡超车，深踩一点油门动力的反应都很直接。
油耗：为什么先说油耗呢，因为我觉得这个是大多数车主来说都是比较关心的事情，对油耗的关心程度要比其它的地方都多。对我来说家用车也是以经济实用为前提的，日常驾驶话当然是越省油越好。
舒适性：舒适性怎么说呢，从摩托车到瑞虎9你肯定会觉得是舒服太多，但是从同等级别的车系来说又是最好的。个人感觉，如果是普通的家用车，它是比较能够让人满意的。
空间：空间不吹不黑的说，家用完全够用了。头部空间足够，第二排的空间坐三个人也够宽敞，完全不会觉得局促。在SUV车里算比较宽敞的。总结下来对奇瑞瑞虎9我最满意的是动力和油耗，其次是空间，也就是偏向经济家用和实用性
            
            
                最不满意
                门把手夹手，等待时间提车时间长，地盘比较硬
            

            

    空间
        
            
            
        
        5
    
    
    空间大，舒适性强，后备箱容积大
    
    
    
    
    


    
        ☆ 空间设计亮点
        空间大，特别是跑长途还是舒适性强
        
        
    
        车内储物能力
        内饰舒适，空间大
        
        
    
    
    
    


    
        后备厢容积
        后备箱空间大，承载力大
        
        
    
    
    
    


    






                

    驾驶感受
        
            
            
        
        5
    
    
    动力没问题，起步比较稳，市区或者跑长途都很安全
    
    
    
    
    


    
        跑高速
        跑高速省油，油耗低，
        
        
    
        起步/加速动力
        倒挡顿挫，但是爬坡很顺畅
        
        
    






            

            




            

    油耗
        
            
            
        
        5
    
    
    市区油耗高，高速比较稳定，比较能接受，还是比较满意
    
    
    
    
    


    





            
            

    外观
        
            
            
        
        5
    
    
    外观大气，适合各类年龄，沉稳大气，相比同系车型
    
    
    
    
    


    
    
    
    


    





            

    内饰
        
            
            
        
        5
    
    
    内饰黑色，给人很沉稳的感觉，空调效果好，制冷快
    
    
    
    
    


    





            

    性价比
        
            
            
        
        5
    
    
    不管从外观还是内饰，还是操控性，都是比较满意，值得推荐
    
    
    
    
    


    





            
                

    配置
        
            
            
        
        5
    
    
    配置到位，特别是语音操控和到车形象，大大提高车辆安全性
    
    
    
    
    


    




            

            



        "
Smeldor,2023-06-19 首次发表,"
            
                
                    1360km
                    
                    行驶里程
                
                
                    8.5L
                    百公里油耗
                
                
                
                
                
                
                
                
                
                
                
                

                
                
                    16.30万
                    裸车购买价
                
                
                    2023-05
                    购买时间
                
                
                    杭州
                    购买地点
                
            
            
    
        
            
        
    
    

    
        $(document).ready(function () {
            var koubeiid = 5016483;

        });

    


            
                最满意
                1.安全性 当时也是在b站看到虎9碰撞测试全满分，然后还有它的发动机很厉害，就考虑了这车。跑高速经常用自适应巡航，会主动减速加速，用起来还挺省心的。
2.油耗 定速100左右温和驾驶差不多6.3到7个油，如果定速120，油耗会在7.5到8，看个人脚法吧，行驶了1300公里市区高速综合下来8.5个油，完全可以接受。
3.智能 8155芯片的确挺好用，当时看新君越的时候也是用的这个芯片，反应挺快，会自动除雾，个人觉得挺实用，开车的时候说一句热，它空调就会降温，诸如此类。
            
            
                最不满意
                车头的确有些高，转弯停车的时候不好判断，好在有360，停车还算方便。
自动启停有时候好用，有时候觉得烦。
            

            

    空间
        
            
            
        
        5
    
    
    我170，感觉空间完全ok，和之前开得天籁比起来，空间没啥差
    
    
    
    
    


    
    
    
    


    
    
    
    


    






                

    驾驶感受
        
            
            
        
        5
    
    
    加速没得说，跑高速的时候超车轻松。
    
    
        起步/加速动力
        起步的时候，有自动启停，所以有时候动作会慢点，但给油就很快的。建议限速100的高速上不要猛加速，容易超速。一下就超120码了。
        
        
    
        方向盘轻重
        轻重合适，比之前开的老天籁要轻。
        
        
    
        弯路/并线稳定性
        车道保持挺灵敏，我跑偏了会马上拽一下我的方向盘，习惯了就挺好。过弯的时候很稳。
        
        
    
        qq音乐！！
        为啥不能下载qq音乐。这是我要吐槽的地方，自带酷狗音乐的，如果可以下载扣扣音乐就好了！！！我现在是连手机蓝牙播放音乐，或者用u盘放。
        
        
    
        行车记录仪需要再调试
        出厂的时候并不是可以直接用的是，无语了，我嫌麻烦就自己买了个内存卡，插上去就好用了。
        
        
    






            

            




            

    油耗
        
            
            
        
        5
    
    
    综合8点5，城市道路8到10，高速6点5到7点5（全程空调）
    
    
    
    
    


    
    
    
    


    





            
            

    外观
        
            
            
        
        4
    
    
    
    
    
        车头造型
        有些高，视线上略有不足
        
        
    
    
    
    


    
        车身做工
        做工感觉挺好的，很实在。
        
        
    





            

    内饰
        
            
            
        
        5
    
    
    内饰是黑色，用料感觉可以（我也不是专业的）空调效果好，嘎嘎凉。座椅的确不错，跑高速两三个小时一点都不会屁股痛！
    
    
        ☆ 氛围灯效果
        氛围灯是多色调节的，但是氛围灯不能通过语音调节，希望可以改进一下，把这个也纳入智能调节范围
        
        
    





            

    性价比
        
            
            
        
        5
    
    
    对比过天籁，雅阁，迈腾，凌度L，君越，配置前到位就好，但虎9会便宜很多，算了一下，车实际上只是工具，合资车好，但基本得20出头才有高配置，安全性的话虎9也不差，动力不必说。用车成本没必要太高，所以还是偏实用，性价比，选了虎9。
    
    





            
                

    配置
        
            
            
        
        5
    
    
    配置很高了，我买的中配。这就不多说了，app上都有的看。
    
    




            

            



        "
海纳百川6044,2023-06-17 首次发表,"
            
                
                    1200km
                    
                    行驶里程
                
                
                    8.6L
                    百公里油耗
                
                
                
                
                
                
                
                
                
                
                
                

                
                
                    12.29万
                    裸车购买价
                
                
                    2023-06
                    购买时间
                
                
                    廊坊
                    购买地点
                
            
            
    
        
            
        
    
    

    
        $(document).ready(function () {
            var koubeiid = 5013609;

        });

    


            
                最满意
                在开车过程中最满意的地方就是超车不拖泥带水一脚油门瞬间完成任务。配置高档，特别是机器人小奇非常可爱又问必答各种操作模式问问小奇就解决了，比如说小奇你好空调，大点风小点风，我喜欢听什么歌曲立马就解决👍👍小奇你好打开导航高德地图导航小奇就问你主驾你要去哪里？你说出想去哪里就开始导航。内饰方面简洁大方舒适度爆棚电动调节座椅
智能车钥匙🔑走的你的爱车1.5的位置车门自动解锁，超出1.5米车门自动落锁不怕忘记锁车。这个功能我挺满意的因为我记性不好。去哪里总是记不准车是锁了还是没锁还有360影像技术这个更牛逼，拐歪磨脚不怕看不见几乎没有死角。我个人认为瑞虎9这个价格这个配置这个动力可以碾压很多比瑞虎9价格高的合资车。今天就分享这些，这是我作为瑞虎9车主的亲身体会，实事求是一点没胡说八道了，有人说奇瑞汽车这不好那不好，我觉得说奇瑞汽车不好的人其实他们根本就没开过奇瑞汽车。奇瑞汽车发动机国产第一这个不用质疑。我2016年买的艾瑞泽5开到现在一点毛病没有就是换过一次轮胎。也没去过哪里修车排队没有排队的机会因为它不坏哈哈哈😃不说了说多了该有人说我是水军了😡😡奇瑞汽车车主的真实体会。拜拜了。
            
            
                最不满意
                不满意的就是有些部分四S店服务不到位对顾客的太对有点不好。就这些
            

            

    空间
        
            
            
        
        5
    
    
    乘坐空间满意后备箱也够大第二排空间够用非常满意
    
    
    
    
    


    
        ☆ 空间设计亮点
        隐藏门把手非常好最起码防盗
        
        
    
        第二排空间
        第二排1.8米大个坐着还有空地
        
        
    
        瑞虎9车主的体会
        满意度爆棚
        
        
    






                

    驾驶感受
        
            
            
        
        5
    
    
    在市区开车🈶自动刹车这个功能非常好不怕溜车轻踩油门动力就够了。上高速就更好了动力2.0T就没的说了
    
    






            

            




            

    油耗
        
            
            
        
        5
    
    
    市区走走停停耗油量8.6左右上高速我的车在磨合期就跑100码百公里油耗6.8左右
    
    





            
            

    外观
        
            
            
        
        5
    
    
    外观设计前脸高端大气上档次霸气外露车身线条流畅腰线设计高端流畅车尾设计高端优雅气质非凡
    
    
        瑞虎9
        就像一匹黑色骏马
        
        
    
    
    
    


    
        车尾造型
        车尾不张扬显大气
        
        
    
    
    
    


    





            

    内饰
        
            
            
        
        5
    
    
    室内设计座椅舒适度爆棚。空间布局合理颜色搭配合理空间大
    
    
    
    
    


    





            

    性价比
        
            
            
        
        5
    
    
    性价比很高高端大气上档次开出去不丢面子，国产车的佼佼者
    
    
    
    
    


    
    
    
    


    





            
                

    配置
        
            
            
        
        5
    
    
    爱车配置，🈶360，倒车影像，车载导航地图流畅，制动刹车，自动启停，360全景影像，超大天窗
    
    




            

            



        "
菏泽车友2,2023-11-11 首次发表,"
            
                
                    4200km
                    
                    行驶里程
                
                
                    11.0L
                    百公里油耗
                
                
                
                
                
                
                
                
                
                
                
                

                
                
                    15.59万
                    裸车购买价
                
                
                    2023-09
                    购买时间
                
                
                    菏泽
                    购买地点
                
            
            
    
    

    
        $(document).ready(function () {
            var koubeiid = 5212325;

        });

    


            
                最满意
                外观看上去和大气，稳重，霸气侧漏内饰感觉很高级，加上高级感满满的氛围灯
配置在车型里面属于较高的了，开起来很舒适，提速也非常快，搭配360全景影像，真的是完美，刚开始还纠结买哪一款车，看到路边这个虎9就立马心动了，并且厂家售后服务也特别好，很有耐心，因为我是新手女司机，有很多不懂得，工作人员耐心指导，服务态度很好，车辆开起来也很舒服，空间也特别大，后车厢也特别大，吧后排座椅放倒，躺下一个180的人完全没问题，
            
            
                最不满意
                感觉油耗有点高，空调出风口和360不是实体按键用起来比较费劲
            

            

    空间
        
            
            
        
        5
    
    
    空间很大，后排也很宽敞，后排放倒能躺下180的一个人
    
    
    
    
    


    
    
    
    


    
    
    
    


    
        后备厢容积
        后车厢空间很大，后排放倒能躺下一个人
        
        
    






                

    驾驶感受
        
            
            
        
        5
    
    
    灵敏度很好，在高速上方向盘很重，刹车狠灵敏，行驶平稳
    
    
    
    
    


    
    
    
    


    






            

            




            

    油耗
        
            
            
        
        5
    
    
    平常就是上下班开，这是去10个油差不多，在国道和高速8个油左右
    
    





            
            

    外观
        
            
            
        
        4
    
    
    外观大气，上档次，说不到20万基本没人相信
    
    
    
    
    


    
    
    
    


    
    
    
    


    





            

    内饰
        
            
            
        
        4
    
    
    就是比较喜欢他的内饰，尤其是怀挡，开着真舒服
    
    
    
    
    


    
        内饰用料
        座椅是皮质座椅，做起来很舒服，还有腰拖，座椅加热用着真是太舒服了，对冬天怕冷的人很友好
        
        
    





            

    性价比
        
            
            
        
        5
    
    
    性价比很高
    
    
        售后服务
        4s店服务态度很好，很有耐心
        
        
    
        购车优惠
        裸车价格1679万，落地价格16.7，送了车窗膜，和方向盘套
        
        
    
        故障维修
        行驶了4200公里，就后雷达和前雷达出了一点故障，但是售后服务人员很有耐心，都给
        
        
    





            
                

    配置
        
            
            
        
        5
    
    
    360全景影像非常实用，还有手机无线充电，车道保持和主动刹车真的是没的说
    
    
    
    
    


    
        语音交互准确度
        接听电话，导航，开关窗户特别好
        
        
    
    
    
    


    




            

            



        "
三文钱先生丶,2023-11-06 首次发表,"
            
                
                    
                    暂无
                    行驶里程
                
                
                
                
                
                
                
                
                
                
                
                
                

                
                
                    16.39万
                    参考价格
                
                
                    2023-08
                    探店时间
                
                
                    珠海
                    探店地点
                
            
            
    
    

    
        $(document).ready(function () {
            var koubeiid = 5208384;

        });

    


            
                新车好评
                首先，我是奇瑞欧萌达车主。9月份带我同事提了瑞虎9.开了几次一直想写一篇真实的口碑，但一直给耽误了。
今天就说说我开了几次同事虎9后的一些感想。
首先要说的是就是8155车机芯片。流畅运行真的让我这个老款车型的车主感妒忌除了车机处理器,瑞虎9的内饰设计以及氛围灯设计给人很高级的感觉。它的外观简洁而富有科技感,实车大气耐看。
            
            
                新车槽点
                对于我个人而言，瑞虎9的隐藏式门把手设计，我并不是很喜欢这种设计，而且在实际使用中并不方便。特别是当手里拿着东西或者在寒冷的天气中，想要打开车门会感到有些困难。
这点可能会劝退一部分人。
            

            

    空间
        
            
            
        
        5
    
    
    瑞虎9的车身较大,驾驶空间和乘坐空间让我感到无比舒适。坐在驾驶座上，以我173的个头可以享受到头部和腿部充足的伸展空间。即使是后排乘客，也能享受到宽敞舒适的乘坐体验。后备箱的空间更是让我惊喜，打开后甚至能让我轻松地钻进去！
    
    
    
    
    


    
    
    
    


    






                

    驾驶感受
        
            
            
        
        5
    
    
    在开过几次同事虎9后，可以得出结论，瑞虎9的强 大动力和卓越操控性能。无论是起步还是加速,瑞 虎9都展现出了惊人的动力表现。当然最让我满意的就是，它的隔音效果和音响系统是真的不错，在同级别的车型中也算是中上水平，驾驶过程中可人给人带来较好的极致体验。
    
    
    
    
    


    






            

            




            

    油耗
        
            
            
        
        4
    
    
    油耗跟动力成正比的，2.0T瑞虎9我个人觉得还是很省油的，图1是我开的7.8个，市区实测12个多点~~说实话没有官方说的那么7省，但这么大的车其实也算可以了
    
    
    
    
    


    





            
            

    外观
        
            
            
        
        5
    
    
    前脸的设计，这次必须给设计师加鸡 腿，简单来说就是，好看大气稳重, 对了，瑞虎9的车标还会亮灯的，感觉非常的炫 酷，再从侧面看一看是不是觉得非常帅气,超大的轮毂还有隐藏式门把手非常漂亮（虽然我不喜欢隐藏门把手，但不能否定它是可以提升整车颜值的）,再就是尾部也是非常的圆润,看起来真很舒服辨识度也蛮高的。
    
    
    
    
    


    
    
    
    


    





            

    内饰
        
            
            
        
        5
    
    
    内饰方面，瑞虎9同样表现出色。豪华的座椅调节按 键和门把手设计尽显高端品味,欧标的开关设计更 是让我感受到了瑞虎9的用心与品质。无线快充和让驾驶者无需担心手机电量问题。
    
    
    
    
    


    





            

    价格政策
        
            
            
        
        5
    
    
    目前来说价格政策没有刚首发时下定2000抵扣9000的时候那么香。也就一个3000抵5000的活动。毕竟这车刚上市没啥太大优惠，着急入手的可以先等等12月份，不着急的建议再等等看看明年买老款估计优惠力度会很大，具体看各自的自身情况判断吧，
    
    





            
                

    配置
        
            
            
        
        5
    
    
    配置方面，瑞虎9配备了L2.9级辅助驾驶系统、四轮 独立悬架“磁悬浮悬架”结构、正副驾驶和侧气囊、 双联屏智能语音交互系统、香氛系统。更值得一提的是，全车多达27 个空调出风口和我最最最想要的8155车机处理器 +5G的网络加持。
    
    
    
    
    


    




            

            



        "
龙哥的瑞虎8,2023-10-30 首次发表,"
            
                
                    
                    暂无
                    行驶里程
                
                
                
                
                
                
                
                
                
                
                
                
                

                
                
                    15.50万
                    参考价格
                
                
                    2023-10
                    探店时间
                
                
                    厦门
                    探店地点
                
            
            
    
    

    
        $(document).ready(function () {
            var koubeiid = 5202455;

        });

    


            
                新车好评
                我是江淮瑞风s3车主，16年购买的，由于是小型suv空间方面已经不够用啦，在朋友的介绍下来到奇瑞4S店试驾瑞虎9，这款车给我的第一感觉就非常的不错，大气的外观就是我比较喜欢的类型，试驾的时候这款2.0T的发动机动力十足，而且车内的隔音效果也是非常的好，全车配备的索尼音响让一上车就喜欢听歌的我真的是太爱啦，南方的秋天也是非常的热试驾的时候瑞虎9的座椅通风功能也是非常的实用！
            
            
                新车槽点
                由于试驾接触的时间不长目前觉得瑞虎9唯一的缺点就是这个应急双闪灯按键设置在了开天窗的位置，试驾的时候靠边停车的时候硬是找不到按钮，而且也不能盲操作得抬头看一下才能按到，对行车安全还是有影响的！
            

            

    空间
        
            
            
        
        5
    
    
    这款瑞虎9的话它的空间特别的大，平时要是周末和朋友出去露营或者聚餐什么的，都特别的方便，因为这款车的后备箱可以装下非常多的东西，作为一款家用车它的空间真的是完全够用啦，
    
    
    
    
    


    
    
    
    


    






                

    驾驶感受
        
            
            
        
        5
    
    
    这款车的驾驶感受非常的好。和其他试驾过同级别的车型相比的话，这款车更加的平稳一些，而且动力也是非常的强，中后段的话都能感觉到源源不断的动力。而且车辆的悬架过弯的话支撑性是非常好的。
    
    
    
    
    


    






            

            




            

    油耗
        
            
            
        
        5
    
    
    这次试驾的路线路况跟好，全程空调试驾完的时候瞄了一眼仪表盘上的油耗是8.2，这么大一款SUV这个油耗的话应该是还是非常满意和不错的。当时换别的人试驾忘了拍照啦！
    
    
    
    
    


    





            
            

    外观
        
            
            
        
        5
    
    
    这款车的外观是我最满意的，首先全新设计的中网就非常的漂亮，车身宽度也相比奇瑞的其它车型更加的协调，悬浮的车顶的话让整个车看起来更加的大气有档次。
    
    
    
    
    


    
    
    
    


    





            

    内饰
        
            
            
        
        5
    
    
    内饰的话双连屏看起来也是高端大气，基本上手能触摸到的地方的话，都是采用了皮质的包裹。在试驾的时候，这款车的座椅舒适度也是非常好的，包裹性特别的强，加上座椅通风功能真的太完美啦！
    
    
    
    
    


    
    
    
    


    





            

    价格政策
        
            
            
        
        4
    
    
    销售给我报价的时候说目前现金油耗只有5000元，置换是有19000的置换补贴，看销售的样子订车应该还可以优惠一到二千块。
    
    





            
                

    配置
        
            
            
        
        5
    
    
    这款车试驾的时候我觉得非常实用的配置就是540度的全景影像。对行车的帮助真的特别的大。还有一个就是抬头显示功能。也是非常的实用。我平时开车的话都喜欢去瞄仪表盘的车速和油耗。有了这个抬头显示功能的话，就完全没有这个必要了，对行车安全还是有帮助的。
    
    




            

            



        "
w魏先生,2023-10-29 首次发表,"
            
                
                    
                    暂无
                    行驶里程
                
                
                
                
                
                
                
                
                
                
                
                
                

                
                
                    16.29万
                    参考价格
                
                
                    2023-10
                    探店时间
                
                
                    合肥
                    探店地点
                
            
            
    
        
            
        
    
    

    
        $(document).ready(function () {
            var koubeiid = 5200693;

        });

    


            
                新车好评
                大家好！我算是奇瑞汽车的忠实粉丝了，从2014年开始接触到人生的第一辆奇瑞汽车至今也有马上十年个年头了！这里有人可能会问这么多年奇瑞汽车用的怎么样？不吹不黑！一直挺好，第一辆是瑞虎3，开了算六年吧！后来置换了瑞虎8，累计使用奇瑞汽车也超十万公里出头了吧！怎么说呢！第一辆瑞虎3车型家用一开始新手开开还行，后来自己的技术提高了，就觉得动力有点跟不上了！只到试驾了1.6T瑞虎8车型，才知道那会奇瑞的发动机有多牛！不对吧！好像以上有点跑题了！各位请原谅，我有点话唠了。这次咱评价的是奇瑞新车型瑞虎9，怎么说呢！和亲戚一进4S店里最最最吸引人的就是它了！瑞虎9，没办法，人家人气旺，许多看车的人都是冲着瑞虎9前去的。我们也是。亲戚家两个儿子，身高都在180左右，所以打算看看中大型的SUV车型。这不瑞虎9就是不错的选择！瑞虎9侧面给人一种高大稳重的视觉效果，前脸是那种看的越久，越喜欢的类型。尾部尾门也是很饱满的设计。坐进去后主驾位置更是包围感十足，特别是手扶箱区域，高度提升了整个车内部的百分之九九的好评！手臂放上面特别的舒适。真的是想购车的朋友们一定要亲生经历的去体验一下中意的车型，不能光听网上说一辆车的好于坏！试驾中意咱就买！不中意也不后悔。
            
            
                新车槽点
                由于我们是试驾车辆，没有过多的体验，但从外观颜值来说瑞虎9没有槽点，外观颜值可以说是瑞虎系列很成功的车型了！如果非要我挑一个说说，那就是它的引擎盖上的加强筋了！有点太高了！！！本身车头就大又高，再加上那个加强筋，前面的视觉就更加明显了！不过还好！车子开起来很轻逸，不像是个中大型车辆一样！这一点很吸引我们。
            

            

    空间
        
            
            
        
        5
    
    
    五座瑞虎9有着超大的后备箱，空间无敌的存在！不用质疑！
    
    
    
    
    


    
    
    
    


    
    
    
    


    






                

    驾驶感受
        
            
            
        
        5
    
    
    瑞虎9驾驶加速时非常线性，不冲，不突的，刹车操控也是很有脚感，上车就感觉好像是在平时里自己的车子一样！很自然！很舒适！
当然瑞虎9的操控还是比我瑞虎8要好很多很多，毕竟价格差很多呢，再加上这几年奇瑞对车子上的调校也是有目共睹的，进步很大现在。这次试驾瑞虎9的操控感绝对是对的起这十几万的价格的。物超所值！
    
    
    
    
    


    






            

            




            

    油耗
        
            
            
        
        4
    
    
    油耗2.0T发动机，正常道路应该不会超过9个油，那些六点几个油的估计非常难得，估计高速上更加省油些。国道公路，高架路面，应该都很省油。
    
    
    
    
    


    





            
            

    外观
        
            
            
        
        5
    
    
    之前也说道了外观，这里就不多说了，瑞虎9的外观颜值还是很在线的。一辆车子的外观不是手机就能拍的出效果的，要身临其境的去感受，去接触。让我选，我还是喜欢这款黑色！黑色自带高大上的感觉！你们觉得呢？
    
    
    
    
    


    
    
    
    


    





            

    内饰
        
            
            
        
        5
    
    
    瑞虎9的内饰也可以说是很成功了。8155的车机芯片，流畅度优越，怀挡很多人不喜欢但是一圈来下来适应了还是很便捷的。其他的配置我这款就不多说了，太多，太丰富了！喜欢瑞虎9的朋友可以去附近的4S店一看究竟。
    
    
    
    
    


    





            

    价格政策
        
            
            
        
        5
    
    
    亲戚打算购买15万左右的价格车型，看来看去，算了算了还是有点超预算了！置换补贴算有两个W了，加上优惠豪华上路也是超了他们的预算。
    
    





            
                

    配置
        
            
            
        
        5
    
    
    很多人吐槽瑞虎9的门把手是隐藏式的，这个只有体验了以后才知道它的好处吧！还有吐槽怀挡设计的，我只能说一个新的物件去强加给任何一个人，都会很难接受！但你要看看它的初衷是什么，是不是利大于弊，如果利更加的多，那我们为什么不尝试去适应一下呢！毕竟怀挡和隐藏式门把手在很多车系上都很常见了！奇瑞汽车能跨出这一步也是带着很忠诚的态度来迎合消费者了！我们是不是可以这么去想呢！其实一辆车再怎么造，怎么设计都会有人说它的不足！当然这一点不足，仅仅在于个人观点，因为你可能不喜欢的配置，设计在他人眼中也许就是很不错，非常认可的配置和设计。总而言之，就是一辆车你第一眼对上怎么看都喜欢，除非你打心里就讨厌这个车企，这个车型，在购买车辆选车时，更多的要问问自己的内心想法，不能光听销售人员的言辞。
   好咯！以上纯属个人观点！不喜勿喷！话有点话唠了，还请各位见谅！
    
    
    
    
    


    
    
    
    


    




            

            



        "
步了尘,2023-10-13 首次发表,"
            
                
                    
                    暂无
                    行驶里程
                
                
                
                
                
                
                
                
                
                
                
                
                

                
                
                    17.49万
                    参考价格
                
                
                    2023-10
                    探店时间
                
                
                    梅州
                    探店地点
                
            
            
    
        
            
        
    
    

    
        $(document).ready(function () {
            var koubeiid = 5185244;

        });

    


            
                新车好评
                15.5万起的预售价来看，简直就是不给合资品牌留退路。即便你配置和我一样，那价格一定比我高，相反价格比我低。瑞虎9这款车型对于奇瑞提升品牌价值也是非常重要的，它的推出就和前期星途瑶光上市的打法一样，竞品绝不是仅仅锁定在与合资品牌PK，往上还要对标40万级的豪华品牌车型。
            
            
                新车槽点
                虽然是7速湿式双离合变速箱，但奇瑞对它的调教可以说是几乎无懈可击，换挡平顺性堪比AT变速箱，几乎感觉不到什么顿挫和冲击，顺滑程度令人称赞。
            

            

    空间
        
            
            
        
        5
    
    
    
    
    






                

    驾驶感受
        
            
            
        
        5
    
    
    鲲鹏动力400T+7DCT，在加速时动力输出迅速，提供了极好的驾驶乐趣。实际开起来，这台发动机也表现出了与账面参数相一致的表现，爆发力够强，后劲儿也很足，只要不是过低的转速，动力可以说是随叫随到，超车加速十分轻松。

城区里完成超车动作也是轻松满足，丝毫没有被它的大体型显示出笨重感。双离合变速箱升挡逻辑对驾驶员的意图判断反应是没有什么大问题，唯独在降挡方面略显不够积极，这种设定也是为了行驶平顺性而做的妥协。高转速区间和100km/h后的加速仍然是它的强项，动力响应积极，百公里加速8s内。

瑞虎9的底盘源自火星架构－超级混动平台，底盘调校的功底还是很深厚的，简单来说，虎9的底盘在舒适性方面明显好于瑞虎8PLUS，在经过颠簸路段时对于振动的抑制更强，细碎弹跳过滤得比较干净，整体的厚重感就很好，车内驾乘人员就更舒适。
    
    
    
    
    


    
    
    
    


    
    
    
    


    






            

            




            

    油耗
        
            
            
        
        5
    
    
    
    
    





            
            

    外观
        
            
            
        
        5
    
    
    瑞虎9的直瀑式前格栅配合上圆润的车头，会给人一种更接地气的感觉。要是往前追溯一下这个设计，多少有点瑞虎7 PLUS的痕迹。不过我个人也是比较喜欢这种竖向格栅的排列，它和点阵式格栅对比的话，看着就是一种很稳重的样子。

瑞虎9车灯不是那种小眯眼的分体式设计，传统的浓眉大眼换来一个憨态可掬的样子，对于它这样一个高大体型的SUV来说，较高位置的灯组，更好的照明方法是在夜晚进行体验。

瑞虎 9 在轮毂设计上采用了 20 英寸双色多辐设计的大轮圈，与之匹配的是 245/50 R20 的米其林 ""e-Primacy"" 系列轮胎。这套轮胎在驾驶体验中拥有不错的表现，可以很好地抑制行驶过程中产生的噪音。

车尾采用的设计手法就是最为熟悉的了，贯穿式尾灯组展现形式上还是能体现出精致的一面。让我感到不可思议的是，如此夺目的排气口居然还是个装饰件，而它真正的排气也是双边共两出的设计，只是被隐藏了起来。
    
    
    
    
    


    
    
    
    


    





            

    内饰
        
            
            
        
        5
    
    
    
    
    





            

    价格政策
        
            
            
        
        5
    
    
    有置换补贴，终身质保。十几万的车合资的话能找出来几个终身质保！
    
    





            
                

    配置
        
            
            
        
        5
    
    
    全新一代Lion 5.0雄狮智云系统，内置的高通8155芯片也让车机系统的操作更加流畅，并且还支持5G网络和FOTA远程升级。为了提升用车体验，新车还提供540°立体超感空调系统、SONY14扬声器环绕音响以及前排座椅自带头枕音响。

中央通道就变得更加整洁了，50W手机无线快充和水杯架以及少量的可触摸按键被合理布局在这里，不过我觉得既然座椅调节已经放在了门板上，甚至还留有一大片空余，那倒不如把座椅加热相关的功能也一起放在门板上，这样能更好地满足日常操作习惯。

空间上，前排女王副驾依然具备，电动腿托和按摩模式把舒适度又加高了一个层级，此外，包括香氛、律动氛围灯这些配置，也都是能形成高品质的座舱享受。

好的放松不仅座椅要够舒适，还需要一套环绕音响系统来助阵，瑞虎9搭载索尼14扬声器音响。

5座带来的另外一个优势就是拥有一个超大的后备箱，内部的布局非常规整，当后排座椅靠背放倒后，获得一个全平的后备箱，增加了空间利用率。并且盖板下面位置也巧思设计了一个大的储物盒，如果你是空间收纳控的话，那么这台车的每一寸空间是绝不允许你浪费。

虎9在整体静谧性表现还是挺令人满意的，发动机的高转时声音、高车速时路噪和风燥都不算明显，整体比例也比较平均，无论是坐在前排还是后排都有不错的隔音水准，并不会觉得吵。
    
    
    
    
    


    
    
    
    


    
    
    
    


    




            

            



        "
步了尘,2023-10-09 首次发表,"
            
                
                    
                    暂无
                    行驶里程
                
                
                
                
                
                
                
                
                
                
                
                
                

                
                
                    20.39万
                    参考价格
                
                
                    2023-10
                    探店时间
                
                
                    深圳
                    探店地点
                
            
            
    
    

    
        $(document).ready(function () {
            var koubeiid = 5179192;

        });

    


            
                新车好评
                瑞虎9在外观设计上与之前的车型相比有很大变化。它采用独立的设计风格，具备大尺寸的中网直瀑式设计，并带有镀铬装饰条。饰条经过曲折处理，增加了立体感，前大灯组与中网相连，灯体修长且配备透镜设计。发动机盖上有凸起的多条筋线和三段式进气口，使前脸更具攻击性。
            
            
                新车槽点
                侧面线条修长，前部宽度更大，给人一种更宽敞的感觉。车身尺寸方面，新车的长度为4820毫米，宽度为1930毫米，高度为1699毫米，轴距为2820毫米。此外，新车采用了隐藏式门把手，增添科技感。
            

            

    空间
        
            
            
        
        5
    
    
    瑞虎9相较于奇瑞家族过去的车型，在配色和用料上展现出高级感。中控台采用仿木质纹理饰板和大面积的软质包裹，配备精致的镀铬空调装饰口修饰，还有宽大的中央扶手区域，整体感觉更加高级。
搭载基于高通骁龙8155芯片和5G千兆以太网，具备较高的车载娱乐性能。车辆还配备SONY的14个扬声器环绕音响和256色光瀑式音律氛围灯。方向盘、挡把等区域采用虚拟按键，展现出浓厚的科技感。扶手箱区域包括座椅、多媒体和空调控制区域，前部还设有无线充电板。中控台下方采用了怀挡设计，还设有一个巨大的储物空间。
提供5座和7座两种座椅布局选项，主驾座椅具备通风、加热、记忆和按摩功能。座椅的装饰也彰显高级感，包括不同材质的搭配以及皮革上的缝线纹路，头枕更加柔软。电动座椅按键位于车门板上，与奔驰车型相似，后排座椅还有独立的调节按键。

第二排采用三座布局，设有独立的空调控制区域，座椅靠背支持4/6放倒，可与后备厢形成一个宽敞的平面储物空间。第二排中央扶手带有杯架。第三排座椅为两座布局，整体座垫相对厚实，但第三排地台较高，舒适性一般。后备厢的储物空间相当可观，提供了良好的乘坐和储物体验。

在NVH表现方面，瑞虎9全车声学材料包裹覆盖85%，四门均采用双侧夹胶玻璃，风噪以及发动机的噪音都抑制的不错，但底盘部分的噪音略微明显。搭配上14扬声器的SONY音响，车内秒变移动音乐厅。
    
    
    
    
    


    
    
    
    


    






                

    驾驶感受
        
            
            
        
        5
    
    
    
    
    






            

            




            

    油耗
        
            
            
        
        5
    
    
    
    
    





            
            

    外观
        
            
            
        
        5
    
    
    搭载鲲鹏动力2.0TGDI发动机，最大功率为192千瓦（261马力），峰值扭矩为400牛·米。传统版本将匹配7速双离合变速箱和8速自动变速箱。此外，瑞虎9还将推出瑞虎9 C-DM车型，该混动车型配备全场景智控四驱系统，0到100公里/小时的加速时间为4.26秒，综合续航里程超过1400公里，纯电续航里程为165公里，百公里综合油耗为4.2升。

此外，该车搭载CDC悬架，通过悬架软硬度无级调节、每秒1000次的动态反馈调整以及OTA无限进化升级技术，实现智能全感应调节。相较于普通悬架，该悬架提升了悬架舒适性74.8%、车身侧倾舒适性超过50%、静音、抓地力和车身姿态稳定性超过30%。
    
    
    
    
    


    
    
    
    


    
    
    
    


    





            

    内饰
        
            
            
        
        5
    
    
    内饰设计简洁大气，做工用料也颇具豪华气息。通过四种不同的配色，瑞虎9将内饰划分为四层区域。中控台表面采用了糙面皮，略显粗糙的手感以及哑光的视觉感受很有运动感，再往下是一块大面积的浅色木纹饰板，饰板由中控区域延伸至门板两侧，高级感和档次感油然而生。木纹饰板下方便是触感细腻的皮革包裹，大面积的软包既具备家一样的温馨，同时也不乏豪华感。

瑞虎9的座椅表面采用绗缝的工艺，座椅的填充厚实，前排座椅的支撑性比较到位。在功能性上，瑞虎9的前排座椅支持加热、通风以及按摩功能，在副驾也配备了女王座椅，前排的舒适性做的很到位。

瑞虎9的辅助驾驶也是一个值得信赖的功能。在开启自适应巡航和车道保持功能后，瑞虎9能够稳定的在自己的车道内行驶，车辆对于边缘线距离的掌控恰到好处，加速以及刹车也不会让人感到突兀，能够给到驾驶员充分的信任感。同时，在AR-HUD抬头显示中，驾驶员还可实时监测前方车辆的位置以及车辆距两侧标线的距离，清晰又实用。
    
    
    
    
    


    
    
    
    


    





            

    价格政策
        
            
            
        
        5
    
    
    售价区间为15.29万元至20.39万元。
    
    





            
                

    配置
        
            
            
        
        5
    
    
    
    
    




            

            



        "
敏敏5024,2023-09-24 首次发表,"
            
                
                    2400km
                    
                    行驶里程
                
                
                    9.0L
                    百公里油耗
                
                
                
                
                
                
                
                
                
                
                
                

                
                
                    16.69万
                    裸车购买价
                
                
                    2023-08
                    购买时间
                
                
                    张家口
                    购买地点
                
            
            
    
    

    
        $(document).ready(function () {
            var koubeiid = 5163548;

        });

    


            
                最满意
                瑞虎9外观漂亮大方，尤其是从远处侧面看和路虎一样的悬浮车顶真的很漂亮，led大灯，最亮眼的是车标还发光，晚上尤其好看，大轮毂，轮胎宽，开起来更稳，电动尾门带着钥匙过去就能打开了，不用脚踢，真方便车内空间堪比豪华车，后排的空间都能放个小板凳，真的是超赞，车机系统反应快，也很智能，每次上车都会自动登录，扶手箱里还有空调出风口，这样夏天可以喝到冰冰的饮料，冬天可以喝到暖暖的热饮，孩子冬天也不会喝凉水了，目前跑了2000多公里，后续在用车得过程中好好琢磨一下，以后有问题高兴虎友们多多交流！
            
            
                最不满意
                后座出风口座位加热设计，总是不小心碰到座位加热，孩子坐后面总想按着玩。应该设计成隐藏按钮不然总会碰到。还有钥匙太大了不好装
            

            

    空间
        
            
            
        
        5
    
    
    乘坐舒适空间宽敞，扶手箱太大了，都不知道放点什么
    
    
    
    
    


    
    
    
    


    
        ☆ 第三排空间
        第三排空间宽敞，可以活动开
        
        
    






                

    驾驶感受
        
            
            
        
        5
    
    
    上坡加速也没有压力
    
    
        起步/加速动力
        起步时稍微不注意就回窜出去
        
        
    
        跑高速
        跑高速那叫一个稳
        
        
    






            

            




            

    油耗
        
            
            
        
        4
    
    
    城市，开空调油耗实测9.0个油，真的超乎想象，可以加92也可以加95，
    
    
    
    
    


    





            
            

    外观
        
            
            
        
        5
    
    
    外观线条流畅，车头威猛，车位贯穿式尾灯一点都不次于合资车
    
    
    
    
    


    





            

    内饰
        
            
            
        
        5
    
    
    内饰都用的翻毛皮材质，尤其是工作台，这样的材质行车中不易反光，更加安全
    
    





            

    性价比
        
            
            
        
        5
    
    
    保养价格也不高，还不到保养时间，再跑跑，期待首保后的动力
    
    





            
                

    配置
        
            
            
        
        5
    
    
    最值得提的还是高通骁龙的8155芯片，真的是速度超快，不卡顿，功能强大且操作方便
    
    




            

            



        "
雪落至白头,2023-09-14 首次发表,"
            
                
                    
                    暂无
                    行驶里程
                
                
                
                
                
                
                
                
                
                
                
                
                

                
                
                    20.50万
                    参考价格
                
                
                    2023-09
                    探店时间
                
                
                    南昌
                    探店地点
                
            
            
    
        
            
        
    
    

    
        $(document).ready(function () {
            var koubeiid = 5149272;

        });

    


            
                新车好评
                本人奇瑞“全新一代瑞虎八”自动豪华车主，20来岁，差两年30岁，第一次见到我的人都以为我30有2了，显得成熟，也是跟本人性格有关，比较沉闷，想事情比较多，方方面面都会考虑，所以才会人生第一辆车，在24岁那年选择奇瑞瑞虎八。
 考虑置换瑞虎九的原因还是因为比较喜欢这个品牌，父亲买的是奇瑞QQ，自己工作以后，手里有点钱就想买个使用车，就一个要求，空间大，还得顾家，够安全！
 刚好上周日，有事来南昌，时间还很充裕，想着闲着也是闲着，带着朋友一起来到“永瑞4s店”来提车，顺便试驾一下，看看是否是我心中的那盘菜…
 关于驾车感受，对于一个4年的老奇瑞车主来说，大致有两点——四驱与两驱的不同，因为两驱我也试驾过，正好这次是朋友提的“顶配四驱五座”版，这次试驾更能体验到更多的不同了。
 相比较而言，两驱对四驱，后者提升的不只是动力了，更多的是“安全感”上的提升，动力随叫随走、急转弯侧倾减弱、后排空间+舒适度、内饰、空调、这些都提升。
 对于瑞虎八来说，最能直观体现的就是外观了，毕竟从4700mm•1860mm•1746mm提升到了4820mm•1930mm•1710mm，轴距提升到2820mm来说，那是相当够诚意了，再有就是座椅的舒适度，比虎八软和多了，距离前排的距离足足有3拳半，长途跑车不憋屈，至于为什么不说动力方面呢，那是因为奇瑞的发动机就是“王炸”，不用多说的存在，2.0T当红产品，质量稳定，油耗不算太高。
            
            
                新车槽点
                再说有哪些不满意的呢？那就是更新迭代太快了吧！第一次试驾车是在2023年6月17日，萧山“华东瑞虎九”见面、发布会，真心感觉时代发展的真快😭😭。再有就是用料方面，小细节的把控应该还可以再好些，说个本人作为老车主最想说的话，空间既然这么大，就应该发挥出作用，比如女王座驾，就应该把（副驾驶）前排设计成，在完全后仰的情况下，可以跟后排持平，这样一来就能把这台车的看点加一个等级。
            

            

    空间
        
            
            
        
        5
    
    
    空间挺大，本人184公分身高，驾驶位距离头顶还有差不多一拳距离，后排就宽敞了，至少3拳距离，由于是五座，后备箱空间还挺大，如果是七座，估计很难坐成年人，也不舒服，后备箱高度对于我来说比较适中，对于女士跟孩子来说也比较友好，电尾门都是标配了
    
    
    
    
    


    
    
    
    


    
    
    
    


    






                

    驾驶感受
        
            
            
        
        5
    
    
    动力充沛，还是四驱版本，刹车比较灵敏，毕竟这个车的调教就是比较“虎”的存在，试驾那会，感觉加速什么的都比较舒服，侧倾的感受很低，30码过弯，侧倾的感受都很低，再有就是通过颠簸路段，可以更加直观的感受到不同，这个CDC电磁悬架不单是说说而已，滤震可谓是做到满分，不敢说做到极致。
    
    
    
    
    


    
    
    
    


    






            

            




            

    油耗
        
            
            
        
        4
    
    
    油耗嘛，刚出来那会油耗显示百公里20L油耗，后来回去跑了几十公里，15个多，到家显示12个油左右，跟我虎八那会差不多，不过四驱的肯定会费油点，城市路段也能11个油吧！高速的话，虎八7.4个，虎九高两个油也就9个油。
    
    





            
            

    外观
        
            
            
        
        5
    
    
    外观比较适中，不算是特别惊艳，比较稳重的感觉，带点奢华，跟哥哥瑞虎八比较矮了3公分左右，可能是为了降低风噪，进一步达到省油的目的。
    
    
    
    
    


    





            

    内饰
        
            
            
        
        4
    
    
    刚上市的新车，堆料还是很良心的，该有的都有，而且内饰也有几个颜色可选，根据自己的心愿吧。
    
    
    
    
    


    
    
    
    


    
    
    
    


    





            

    价格政策
        
            
            
        
        4
    
    
    提车还好，不算太长，上周一订车，这周四就能提车，10％的购置税+保险费用，优惠1.9万，出门加了200元95号油，不得不说这个油箱是真大，有65L。车牌号还是老车牌号，其他杂七杂八算到一起20.5万落地，至于优惠，目前没有太大优惠，就跟官方宣传的一样，需要注意的是：多重优惠不可共享！比如2000抵扣9000不可与置换共享，这个大家需要看清楚
    
    





            
                

    配置
        
            
            
        
        5
    
    
    最满意的配置还主动安全功能，探测到危险主动刹车还是很良心的，再加上前后气囊都是满配，早说最鸡肋的功能就是车机壁纸了，其实没必要去app里用积分兑换，总显得小气
    
    
    
    
    


    
    
    
    


    
    
    
    


    




            

            



        "
迷桥,2023-08-13 首次发表,"
            
                
                    
                    暂无
                    行驶里程
                
                
                
                
                
                
                
                
                
                
                
                
                

                
                
                    16.69万
                    参考价格
                
                
                    2023-08
                    探店时间
                
                
                    大理
                    探店地点
                
            
            
    
    

    
        $(document).ready(function () {
            var koubeiid = 5099353;

        });

    


            
                新车好评
                我是奇瑞21款瑞虎7plus车主 目前我的车开了20000多公里，前几天刚好去保养，去店里体验了试驾车，在此分享给大家。
 关于这个车，很多人吐槽门把手，电释放门把手，用起来不是很方便，我自己试了还是很灵敏的。然后底盘舒适很多，比我的7p稳多了，车机也很流程，就是不知道128g的存储空间为啥只剩20多g。
            
            
                新车槽点
                糟点
一是掩藏式门把手，对这个设计实在不喜欢。
二是车机问题，都用8155芯片了，应用较少，高德也还是低版本，还不支持升级。
            

            

    空间
        
            
            
        
        5
    
    
    本人175身高，主驾头部空间一拳，二排头部空间也是一拳，二排剩余空间十分充足，三个拳头，翘个腿都没问题。后备箱是纯平的，拿取东西都很方便，置物板下面还有一层空间。
    
    
    
    
    


    
    
    
    


    
    
    
    


    






                

    驾驶感受
        
            
            
        
        4
    
    
    自己的虎7p是cvt的变速箱，提速不行，自己也不敢深踩油门，虎9就没有这个顾虑，而且虎9辅助驾驶功能齐全，就是需要了解各项功能使用方式。
    
    
    
    
    


    






            

            




            

    油耗
        
            
            
        
        5
    
    
    奇瑞的油耗还是没得说，这么大的车，跟我的7p油耗差距竟然相差不多，就是需要加95号，每公里多贵1毛。
    
    
    
    
    


    
    
    
    


    





            
            

    外观
        
            
            
        
        4
    
    
    最吸引人的还是车头，看上去霸气十足，大灯很显眼的透镜，十分华丽，两个型的装饰，刚好为整个车头增加了美感。但是坐在驾驶位，还是觉得车头有点高，并不是座椅矮的缘故。
    
    
    
    
    


    
    
    
    


    





            

    内饰
        
            
            
        
        5
    
    
    内饰很多人都说平庸，我倒是还挺喜欢这个内饰的，就是雨刮拨杆这个得学习使用，跟我的老款车还不一样。
    
    
    
    
    


    
    
    
    


    





            

    价格政策
        
            
            
        
        2
    
    
    定车需要一个月，实际20天左右就行。大理价格很硬，8000优惠。
    
    





            
                

    配置
        
            
            
        
        5
    
    
    重点关注了虎9的高德，已经是6.1版本了，有小团团语言包，但是也不支持升级高德。然后车机128g的储存，不知道为啥只剩20多了
    
    
    
    
    


    
    
    
    


    
    
    
    


    




            

            



        "
封心育林养虎,2023-08-12 首次发表,"
            
                
                    
                    暂无
                    行驶里程
                
                
                
                
                
                
                
                
                
                
                
                
                

                
                
                    16.29万
                    参考价格
                
                
                    2023-08
                    探店时间
                
                
                    广州
                    探店地点
                
            
            
    
        
            
        
    
    

    
        $(document).ready(function () {
            var koubeiid = 5097903;

        });

    


            
                新车好评
                瑞虎九从5月份上市，快二个月了，也有不少人已经提车，沉浸在新车的喜悦中。今天有时间，刚好可以去体验下奇瑞的瑞虎九。一到店瑞虎九就映入眼帘，看上去真的宽大魁梧，坐在车里，随便你摆什么姿势，都非常从容。内饰配色也非常考究，色调搭配十分协调，仪表盘采用了全液晶显示屏设计，科技感十足。瑞虎9在驾驶体验方面表现出色，动力充沛，加速稳健，轻松应对城市道路。车身稳定性也非常好，行驶时行驶稳定性很高，操控精准，车辆底盘抗扭强度强，过弯时的稳定性也很好。
            
            
                新车槽点
                瑞虎九挡位采用怀挡设计，取代的传统车的雨刷器位置，雨刷控制设计到灯光位置，一时很难适应。鉴于瑞虎9的车身长和宽，在后期的用车环境中必然在停车上用少许不便，建议设计师将中间扶手台储物架取消，直接可在主、副驾驶座来回进出。
            

            

    空间
        
            
            
        
        5
    
    
    瑞虎9基于火星架构超级混动平台打造，定位于中型SUV，车身长宽高分别为4820、1930、1699mm，轴距2820mm。主驾驶调整好姿势后离车顶足足有两拳头位置，副驾驶座椅调整好姿势，翘个二郞腿都没有问题。二排位置，鉴于1.9米车宽的优势，座4个中等身材的人完全不拥挤，二排乘客依然可以翘二郎腿。并且第二排座椅还支持靠背调节。
后备箱到二排深度有1米左右，宽1.1米，高0.69米。第二排座椅放倒后完全可以做到纯平的后备箱，调整好主副驾驶座此时深度达到1.9米左右。并且后备空间采用双层储物，更方便车主对小件物品分类存放。
    
    
    
    
    


    
    
    
    


    






                

    驾驶感受
        
            
            
        
        5
    
    
    驾驶模式分为经济、标准、运动三种模式，方向盘延续了瑞虎8的设计，可以直接关联驾驶模式，并且支持轻重调节，总有一种适合自己的习惯。瑞虎九油门踏板，采用风琴踏板，让驾驶员长时间驾驶减轻右脚不适，起步时轻点油门动力就有了，变速箱采用七挡湿式双离合，低速升挡时非常平顺，比虎八升挡平顺，机乎都感觉不到顿挫。车速达到50后，深踩油门，动力随叫随到，推背感非常强烈，因为是城市道路试驾，速度有限，但你深踩油门时，明显感到发动机澎湃的动力。
    
    
    
    
    


    
    
    
    


    
    
    
    


    






            

            




            

    油耗
        
            
            
        
        5
    
    
    每个驾驶员驾驶习惯不同，试驾车的油耗肯定是不是准的，按照我的驾驶习惯，1.6的车正常通勤下，我能将油耗控制在7.5L／100KM以下，奇瑞汽车的发动机在油耗控制方面，我对奇瑞还是很有信心的。根据瑞虎8 2.0T车主的反馈，他们的车在高速上油耗的反馈比我们1.6的油耗还低。目前试驾车的油耗在10左右 ，据提车后的车主真实反馈高速油耗能控制在7L／100km。
    
    
    
    
    


    
    
    
    


    





            
            

    外观
        
            
            
        
        5
    
    
    瑞虎9基于火星架构-超级混动平台打造，定位于中型SUV，车身尺寸不小，长宽高分别为4820×1930×1699mm，轴距2820mm，尤其超过1米9的车宽让其在同级车型中脱颖而出，不仅观感更有气势，车内空间也更加宽敞。车身侧面，奇瑞瑞虎9最大的特点就是高腰线，车辆的腰线车身3/4附近的位置，这样做最大的好处就是高重心带来的魁梧身材。车辆悬浮式车顶配合小溜背的造型，让奇瑞瑞虎9有着不输于SUV车型的运动感。
奇瑞瑞虎9使用直瀑式进气格栅，通过14根竖向的镀铬材质、八边形饰条装饰，而镀铬饰条中央有着奇瑞的LOGO，成为第一款奇瑞旗下拥有发光特效的LOGO。
奇瑞瑞虎9的前大灯为“星辰之眼”，“星辰之眼”灯腔内部结构复杂，远近光灯组使用钻石切割工艺，配合顶部的LED日间行车灯，具有不错的辨识度。
车辆的前包围结构更为复杂，两侧导流槽使用“L”式造成，并且在进气格栅下方相连，营造出贯穿式效果，而最下方有着梯形的小格栅。
    
    
    
    
    


    
    
    
    


    
    
    
    


    





            

    内饰
        
            
            
        
        4
    
    
    瑞虎9的内饰采用了大量优质软质材料，触感细腻。车内空间设计简约大气，中控台布局合理，操作便捷。此外，多功能方向盘和高清液晶仪表盘等配置，为驾驶者提供了良好的驾驶体验。
配备540° 立体超感空调系统，配合全车多达27个出风口，让用户有凉感无风感，彻底摆脱“要么冷，要么热”。
    
    
    
    
    


    
    
    
    


    
    
    
    


    





            

    价格政策
        
            
            
        
        4
    
    
    2023款400T瑞虎九 两驱豪华版五座车型目前指导价16.29万起，目前厂家推出置换补贴19000元、金融贴息8000元（享受厂家的免息金融贷款），首任非营运车主享受整车终身质保以及首任车主享受5年免费娱乐流量包。目前订车大概就2周左右就能提车
    
    





            
                

    配置
        
            
            
        
        4
    
    
    奇瑞瑞虎9在智能科技方面配备了很多实用的功能。车载娱乐系统采用了8英寸的中控屏幕，支持蓝牙、USB、AUX等多种音频输入方式，方便驾驶者的使用。该车还搭载了智能语音控制系统，通过语音指令实现多种功能操作。此外，该车还配备了倒车雷达、自动空调、电子手刹等实用配置，让驾驶更加轻松便捷。
    
    
    
    
    


    
    
    
    


    




            

            



        "
ai9acw36jes,2023-08-09 首次发表,"
            
                
                    500km
                    
                    行驶里程
                
                
                    10.8L
                    百公里油耗
                
                
                
                
                
                
                
                
                
                
                
                

                
                
                    15.29万
                    裸车购买价
                
                
                    2023-07
                    购买时间
                
                
                    周口
                    购买地点
                
            
            
    
    

    
        $(document).ready(function () {
            var koubeiid = 5092538;

        });

    


            
                最满意
                虎9没上市之前就已经关注很久了 不过价格一直没出也没敢盲订 就看的8pro 其他品牌的车基本没看 我还是比较相信咱们奇瑞的 奇瑞这几年做的越来越好了，6月份去店里试驾了8pro和虎9对比了一下感觉就是天壤之别虎9的质感太好了不过就是价格高了点 还有置换补贴也是真的香啊 最后在这两个车之间选择了虎9的领先版 毕竟预算有限嘛
瑞虎9的空间是不错的本人1米8 主驾驶调到合适位置 后排空间还有很大呢 空间还是相当满意的 动力那简直没得说2.0的排量油门那是随叫随到提速很快换挡平顺杠杠的
            
            
                最不满意
                就是这个行车记录仪我这个配置不带原装的 我想装一个跟原厂一样的市面上基本没有 只能装一个其他的不过不是很美观
还有就是辅助驾驶功能 主动避让系统好像也没触发过 紧急制动主动刹车我试了好几次都触发不了 到底是我的问题还是车的问题
目前行驶了500公里油耗是偏高毕竟2.0的排量也能接受吧
            

            

    空间
        
            
            
        
        4
    
    
    空间还算可以的 本人1米8调好坐姿后排空间还有很多 后备箱容积也挺大的
    
    
    
    
    


    






                

    驾驶感受
        
            
            
        
        4
    
    
    瑞虎9加速还是很不错的油门响应还行 速度是一点点往上跑的没有很窜换挡平顺
    
    
    
    
    


    






            

            




            

    油耗
        
            
            
        
        4
    
    
    油耗还好吧毕竟2.0的 城市油耗10.8 要是平均速度快的话还能更低 高速目前还没跑过 不过高速我相信油耗肯定不会高了
    
    
    
    
    


    





            
            

    外观
        
            
            
        
        5
    
    
    外观是我最满意的了 挺喜欢这个外观的 外观属实很能打
    
    
    
    
    


    





            

    内饰
        
            
            
        
        4
    
    
    内饰只有一款黑色 不过这内饰颜色没啥挑的 黑色可以了挺好的 做工精细 棒棒的
    
    
    
    
    


    





            

    性价比
        
            
            
        
        4
    
    
    虎9和虎8我犹豫了很久最终还是选择了虎9感觉虎9的性价比高点 裸车15.29 保险加上牌4000购置税11850
    
    





            
                

    配置
        
            
            
        
        5
    
    
    车机肯定是没啥可挑的了8155芯片用着很流畅 领先版的配置都拉满了 入门即豪华
    
    
    
    
    


    




            

            



        "
银河小铁骑6819,2023-07-31 首次发表,"
            
                
                    
                    暂无
                    行驶里程
                
                
                
                
                
                
                
                
                
                
                
                
                

                
                
                    17.49万
                    参考价格
                
                
                    2023-07
                    探店时间
                
                
                    遂宁
                    探店地点
                
            
            
    
    

    
        $(document).ready(function () {
            var koubeiid = 5080568;

        });

    


            
                新车好评
                我是一位 90 后，人生第一次购买国产品牌汽车，还是在 2013 年，也就是 10 年前，十年前汽车品牌以合资品牌为主，当时国产品牌没核心技术，不管是外观还是技术，都有很大差距，那是国产汽车厂家，基本靠三菱发动机组装汽车，我的旧车也是搭载三菱 4A91S 发动机的众泰 Z300， 发动机相当成熟，没有任何问题，就是动力太弱了，换车的事迫在眉睫，家庭成员越来越多，5 坐小轿车乘坐空间有点不够用了， 十年后的今天，国产品牌拥有了核心发动机技术，比较好的发展方向，长安蓝鲸发动力，东风马赫动力，上汽蓝芯动力，吉利雷神动力，哈弗柠檬平台（本人不太了解哈弗品牌动力总成），比亚迪骁云动力，和今天我要准备去看的奇瑞鲲鹏动力，奇瑞汽车成立好像也是 1997 年成立的，没做过多了解，但是奇瑞汽车发动机动力强劲，这是网上没被黑过的点，全国 10 佳发动机，发动机终身质保的底气，应该还是有硬实力的，换车首要要提升安全配置，主被动安全配置必须要有，瑞虎 9 尊贵版六个安全气囊，abs 防抱死系统，esp 车身稳定系统，这些被动安全上一台车都没有。主动安全销售也介绍了一下，车道偏离预警，主动刹车，疲劳驾驶，开门预警，好多功能，真是太丰富了，开它出门，应该不用太过担心和紧张。换车除了配置还有动力的需求，瑞虎 9 搭载 2 .0T 高功率发动机，功率多少我没注意，车尾标 400T 非常醒目，用的好像是麦格纳（格特拉克） 7 速湿式双离合变速箱，销售也没讲清楚，就说是一线大品牌公司生产的，整车终身质保，放心使用，没有问题的，上网一查确实大品牌，好多合资品牌汽车都在使用，确实不错👍。鲲鹏动力确实给力，个人试驾感觉推背感十足，破百应该是 7 秒级别的中大型 suv，还有硬实力居然还不挑汽油油品，92 和 95 都可以长期使用，最近油价又涨了，92 使用成本上应该要节省一点。配置动力接下来就是空间表现了，我和家人上车体验和试乘试驾后，都觉得空间非常大，相比轿车的话大的不是一星半点，车长接近 5 米，体格就不小，长 4820，宽 1930，高 1699，轴距 2820，圆滚滚大胖子车型。也带来了超宽敞的乘坐空间，横向后排座 4 个成年人都得有问题。长长的车尾，后备箱空间非常大，地台也非常平整，取拿行李都非常方便。配置动力空间，接下来就说说，外观设计，个人感觉这个外观不丑也不惊艳，属于耐看型，从个人观点出发，奇瑞汽车都没有好看惊艳的车型，都非常中庸思想，但求无功，不求未过。没有什么亮点，水桶车型，内饰设计沿用了时下非常流行的设计，类似翻毛皮材质的材料，具体我也不知道什么材质，目测是用手摸感觉又不是。现款在售的两驱版本，全系都是深色内饰，没有官宣的棕白搭配颜色，我猜想应该是四驱车型才有的吧！还是黑色耐脏，个人比较喜欢。
            
            
                新车槽点
                新款车型没有赠送保养套餐，对车辆保养费用和使用成本价不清楚，中大型 SUV 
配备运动式尾翼，这车不是主打舒适豪华的吗？有点害怕，买车后路上被人挑衅。隐藏式排气筒，又让它很低调，设计师设计出来效果，真是有点看不懂，同展厅的瑞虎 8 系列车型，2 .0T 全都配备 4 出排气管。261 匹马力不是 254 匹马力动力强？高通骁龙 8155 芯片算力很强，反正速度很快，语音识别功能准确率高，但是车机操作系统有点复杂，后期能不能优化一下，常用功能简单快捷方式显示在桌面上。两驱全系没有官宣的 CDC 磁悬浮超舒适悬挂，作为两驱顶配，应该下放一点原装包，让两驱顶配可以选，好东西让两驱车主也应该用上。换档方式也需要适应，现在怎么都要使用怀档，十年手动挡车主，表示有点复杂，需要时间慢慢适应。
            

            

    空间
        
            
            
        
        5
    
    
    个头决定了车内前排后排空间非常大，我们两夫妻身高体重都比较匀称，坐在瑞虎 9 里面感觉人很渺小，嘻嘻！
    
    
    
    
    


    
    
    
    


    
    
    
    


    






                

    驾驶感受
        
            
            
        
        5
    
    
    低速行驶油门踏板反映灵敏，开习惯了自吸发动机，个人感觉开经济模式即可获得，非常不错的动力体验。
    
    
    
    
    


    
    
    
    


    
    
    
    


    






            

            




            

    油耗
        
            
            
        
        5
    
    
    试驾车油耗不能做参考，可以参考其他车友的，试驾车都是暴力驾驶，没有油耗低的。
    
    
    
    
    


    





            
            

    外观
        
            
            
        
        4
    
    
    只能说中规中矩，不丑也不惊艳。萝卜白菜各有所爱！
    
    
    
    
    


    
    
    
    


    
    
    
    


    





            

    内饰
        
            
            
        
        5
    
    
    梅赛德斯奔驰设计师，设计的内饰，总有点德味，高级感十足！
    
    
    
    
    


    
    
    
    


    
    
    
    


    





            

    价格政策
        
            
            
        
        4
    
    
    目前经销商价格异常坚挺，除了上市发布会公布的官方政策，没有其他现金优惠，我们也没有政府补贴，两千抵 9000，相当于优惠 7000 块，置换补贴 1 .9W 二选一，还是置换划算，落地价和指导价差不多。
    
    





            
                

    配置
        
            
            
        
        5
    
    
    尊贵版本，B 柱上也有空调出风口，后窗也有遮阳帘，无线充电 50W，其他科技配置太多太多了。具体看配置表吧！我都不记得了
    
    
    
    
    


    
    
    
    


    
    
    
    


    




            

            



        "
会跳舞的肘子,2023-07-25 首次发表,"
            
                
                    
                    暂无
                    行驶里程
                
                
                
                
                
                
                
                
                
                
                
                
                

                
                
                    16.69万
                    参考价格
                
                
                    2023-07
                    探店时间
                
                
                    金华
                    探店地点
                
            
            
    
    

    
        $(document).ready(function () {
            var koubeiid = 5071305;

        });

    


            
                新车好评
                我是18款奇瑞瑞虎八的第一批车主，驾驶瑞虎八已经差不多五年了，五年的时间，瑞虎八对我的整体感觉非常不错，油耗低，动力强，驾驶感很不错，性能也非常稳定。所以瑞虎九到店了马上来试试，瑞虎九对于我来说，整体就是一个大，比我的瑞虎八还大一圈，空间非常不错，当初选择瑞虎八也是因为瑞虎八的整体空间，然后就是瑞虎九的动力，它配备的是奇瑞最新研发的2.0T发动机，比起我瑞虎八1.5T的发动机，那真的是不可同日而语，动力就是一个字，强！钢炮一个，特别是上坡的时候体验了一下，轻轻松松的就上去了。然后就是外观让我眼前一亮，瑞虎九的尾部跟侧脸可以说的上是非常完美的，前脸也是非常大气，内饰非常有科技感。
            
            
                新车槽点
                新车内饰很漂亮，储物盒少了些，然后感觉前脸的中网太大太稀了，如果能设计的更细更密，那么一定会更加精致！
            

            

    空间
        
            
            
        
        5
    
    
    空间真的非常大，我一米八坐进去毫无压抑感，坐在驾驶室的视野非常好，后备箱也是非常大，出远门或者搬家那肯定是非常棒的，第二排座椅可以翘个二郎腿，几个大胖子挨着坐都很宽敞！我当初买车也是看了很多个车型，最后买了瑞虎八，因为瑞虎八的空间够大，可以满足我一家人的出行，空间对于现在的购车者来说都是非常注重的，所以瑞虎九的空间让我绝对非常满意，相信喜欢大空间的朋友们对于瑞虎九一定非常满意！
    
    






                

    驾驶感受
        
            
            
        
        5
    
    
    驾驶感非常不错，经过颠簸路面的时候，在车内感觉不到多大的波动，然后就是隔音效果非常好，语音操控非常方便！路面上行驶舒适度非常高，比起我的老瑞虎八真的是进步太多了，驾驶了大概二十分钟的瑞虎九，我感觉动力输出也是非常平顺，发动机跟变速箱的调校非常好，奇瑞的三大件是非常值得肯定的。安全性能也非常高，除了车身的高强度钢结构，笼式车身，主动刹车，360全景等等都是非常实用非常安全的配置，对比我的瑞虎八，我的只有倒车影像，那时候我还是新手，操控起来不是很顺手，像现在的360全景，用起来真的是非常爽，然后车身四周还有雷达，有自动报警功能，特别值得一提的就是瑞虎九四驱的电磁悬挂，可惜的是店内暂时还没有车，等到有电池悬挂的四驱高配版了，我一定还要来试驾一下，总结一点就是国产车进步太大了，为国产车的进步点赞！
    
    
    
    
    


    
    
    
    


    






            

            




            

    油耗
        
            
            
        
        5
    
    
    这么大的车，油耗居然也就7.5左右，国产车说油耗那么奇瑞绝对是佼佼者，我的瑞虎八油耗在6个左右，虽然很少跑市区，但也很少跑高速，国道居多，这个油耗让我非常满意了！一辆省油的车，在生活中是可以省不少钱的，你想象一下，一辆车五毛钱一公里的油耗跟一块钱一公里的油耗，一年行驶两万公里，那么就相差一万块钱的油钱，几年下来一辆车的钱就出来了！所以奇瑞的发动机真的值得点赞，热效率非常高，省油又省心！
    
    





            
            

    外观
        
            
            
        
        4
    
    
    外观我个人觉得尾部跟侧脸是非常完美的，真的挑不出什么毛病，前脸也是非常大气，个人觉得如果前脸中网再细一些，密一些，那么整体会更加精致！然后就是很多人说奇瑞的车标不好看，个人觉得奇瑞的车标在国产车中算非常美观的了，不管是车标的形状或者意义，都是非常不错的！
    
    
    
    
    


    
    
    
    


    





            

    内饰
        
            
            
        
        5
    
    
    走进驾驶室的时候，就能感觉到浓浓的科技感，很多实用的配置都可以触手可及，中控台非常大气，按键减少了很多，基本上都是智能化的语音操控，或者自我调节。门把手是非常不错的亮点，换成了电子门把手，安全性能提升了许多，传统门把手尤其是怕小孩子在开车过程去开门。
    
    
    
    
    


    
    
    
    


    
    
    
    


    





            

    价格政策
        
            
            
        
        5
    
    
    瑞虎九它的一个价格很便宜，特别是置换补贴非常给力，不限车型，不限本品，只要是置换就会有19000的置换补贴，然后现在新车优惠7000，也是非常给力的，综合来说性价比也是非常不错的
    
    





            
                

    配置
        
            
            
        
        5
    
    
    配置我感觉非常充足了，就算是最低配的车型，该有的配置统统都有，像360全景啊，电动座椅，天窗，电动后备箱，上坡辅助，主动刹车，等等应有尽有！我买车也是喜欢买低配的，因为我个人感觉很多配置用不上，看个人需求吧！
    
    
    
    
    


    
    
    
    


    
    
    
    


    




            

            



        "
春天里开花456,2023-07-14 首次发表,"
            
                
                    
                    暂无
                    行驶里程
                
                
                
                
                
                
                
                
                
                
                
                
                

                
                
                    16.29万
                    参考价格
                
                
                    2023-07
                    探店时间
                
                
                    大连
                    探店地点
                
            
            
    
        
            
        
    
    

    
        $(document).ready(function () {
            var koubeiid = 5051760;

        });

    


            
                新车好评
                我之前是开着奇瑞的艾瑞泽七，通过奇瑞4s店的销售顾问给我打电话说有瑞虎九新车到店，我非常感兴趣，于是我就到大连华为奇瑞4s店来体验一下瑞虎九的试驾感受，销售人员和试驾专员的详细的讲解与亲身的试驾体验，让我深深的感受到这款车的舒适性，动力性，科技性，售后服务等围于一体的超强感受。我之前开的，艾瑞泽7整体使用品质还好，但是动力弱，空间小，科技感不强等弱点，简直是跟瑞虎九有天壤之别，在我试乘与试驾的过程当中，第一让我感受到瑞虎九的外观大气的整个车身，包括它的尾部采用路虎星脉的云端悬浮车顶，整车时尚大气，发动机马力达到261马力，扭矩达到400N.M的鲲鹏动力发动机，同时搭配当前市场运行速度最快的8155芯片体验超爽不卡顿，丰富的舒适配置让你花最少的钱也能享受到最称百万级的阿尔法的舒适体验，全系整车终身质保。
            
            
                新车槽点
                整体感觉非常良好，个人建议座椅稍微再大一点
            

            

    空间
        
            
            
        
        5
    
    
    主驾与副驾的空间非常宽敞，后排空间非常大，老人小孩坐到后面坐不拥挤，后备箱放倒达到纯平状态，空间利用率超乎想象
    
    
    
    
    


    
    
    
    


    
    
    
    


    






                

    驾驶感受
        
            
            
        
        5
    
    
    
    
    






            

            




            

    油耗
        
            
            
        
        5
    
    
    
    
    





            
            

    外观
        
            
            
        
        5
    
    
    
    
    





            

    内饰
        
            
            
        
        5
    
    
    
    
    





            

    价格政策
        
            
            
        
        4
    
    
    等车的周期大概在一个月左右加上保险置换购置税全部办完，应该是在十六万多块钱
    
    





            
                

    配置
        
            
            
        
        5
    
    
    
    
    




            

            



        "
jy_chen_,2023-07-13 首次发表,"
            
                
                    5100km
                    
                    行驶里程
                
                
                    9.1L
                    百公里油耗
                
                
                
                
                
                
                
                
                
                
                
                

                
                
                    17.50万
                    裸车购买价
                
                
                    2023-05
                    购买时间
                
                
                    亳州
                    购买地点
                
            
            
    
    

    
        $(document).ready(function () {
            var koubeiid = 5050091;

        });

    


            
                最满意
                购车理由：我买车的初衷就是为了实现我的自驾游梦想，一直以来，我都梦想着能够驾车出行，去到祖国的各个角落，体验当地的壮美景色和文化风情。
 1. 在提瑞虎9前，我还试驾过星越L和宋Plus，前两者的内饰相比起瑞虎9还是差了些，看着并不是很喜欢，而且乘坐感受没有瑞虎9舒适。于是在对比之后选择了瑞虎9，外观也相对霸气，体型也大，整体也让我很满意。
 2. 购车以后先后参加了奇瑞厂家组织的北京发布会，西安虎9车友会，吃喝住行全是奇瑞公司报销的，目前已报名奇瑞公司组织的318川藏线自驾游，期待月底的自驾旅行。
 3. 车辆目前行驶了5000多公里，首保已做百公里油耗9.1。高速平均油耗7个左右，市区油耗10个多，我个人不喜欢开窗户，所以都是全程空调，油耗还是比较满意，毕竟1.8吨的车子呢。
 4. 提车优惠：现在政策基本都是盲订3999-置换19000再减去当地的政府补贴，加上税和保险17000左右就是你的落地价。各地区大同小异，不过我本地4s店的服务态度意识比较好，送了很多小礼品，上次车子没有玻璃水了还跑过来给我加上这点真的很点赞。
 5. 外观及内饰：外观真的很帅，我又加装了一个电动踏板，一靠近车，就会自动解锁亮灯来欢迎你，这点真的很喜欢，很高大上，内饰大气高档，座椅很软。主副驾驶都能把座椅放得很平，在服务区休息有个靠枕睡了好大一会。方向盘也很轻，高速隔音也不错，放歌几乎听不到外面的胎噪，后排座椅和后备箱的空间都很大，我媳妇1米72的个子，她坐在后排，还能有几拳的空间，把后排座椅放平完全可以躺个人在里面睡觉，我已经买个气垫放车里，有时候自驾累了可以在车里面躺着眯一会。不过后排中间那个座位比较硬，往后躺的时候容易隔到背部。不舒服，我又买了个靠枕放后面，其他关于内饰就没什么大问题了。
 6. 开到现在两个多月了，车子也出过一点小问题，车机小奇有时候在地下停车场或者没信号的地方会卡机，打转向灯会没声音，行车记录仪会显示连接不上，主摄影头长时间经过暴晒可能会出现一些故障码，和奇瑞厂家沟通反馈过，他们积极解决来录制数据流反馈回厂家后续可能会升级系统程序，把这些问题解决掉，这点奇瑞的态度还是很可以的。每次有不懂的问题或者疑似故障咨询他们也会解答的很快，只能说奇瑞售后比以前好的太多了。还是那句话，大家都爱国了，支持国产了，国产车企的格局与品牌价值也就慢慢在提高了。
            
            
                最不满意
                后排空调按钮容易误触，前排没有实体按键还是有点不方便，可能还没习惯。
            

            

    空间
        
            
            
        
        5
    
    
    我1米8 100kg前排空间足够，没有别人说的别腿的情况，后排不坐3个胖胖空间是绝对够的。我上次试了一下，3个200斤的坐在一起确实很挤。
    
    
    
    
    


    
    
    
    


    
    
    
    


    






                

    驾驶感受
        
            
            
        
        5
    
    
    动力很足，高速上开运动模式油门一踩就抬头，8秒不到就破百，油耗直接拉到20
    
    






            

            




            

    油耗
        
            
            
        
        5
    
    
    市区平均10.多。高速7个左右。综合9个左右
    
    
    
    
    


    





            
            

    外观
        
            
            
        
        5
    
    
    外观那就两个字，霸气，好看，时尚。从侧面看小路虎。
    
    





            

    内饰
        
            
            
        
        5
    
    
    内饰很有科技感，而且新车没什么味道，看上去就不是那种劣质塑料，真的很爱。
    
    
    
    
    


    





            

    性价比
        
            
            
        
        5
    
    
    当时买车没什么优惠，贵了一些，没走置换，现在都是盲订➕置换可以省2.3万还有政府补贴省2.7左右。
    
    





            
                

    配置
        
            
            
        
        4
    
    
    360全景还挺方便的，就是有时候会和地图抢优先级。车机app不能自己下载，用法比较少。
    
    




            

            



        "
嘦姕一颗小狗杞,2023-07-13 首次发表,"
            
                
                    1500km
                    
                    行驶里程
                
                
                    9.5L
                    百公里油耗
                
                
                
                
                
                
                
                
                
                
                
                

                
                
                    15.49万
                    裸车购买价
                
                
                    2023-06
                    购买时间
                
                
                    楚雄
                    购买地点
                
            
            
    
        
            
        
    
    

    
        $(document).ready(function () {
            var koubeiid = 5049969;

        });

    


            
                最满意
                安全性很高，瑞虎9配备了车道偏离预警，碰撞预警开门预警，主动刹车等配置。动力很足，超车加速提速很快。科技感也很强，隐藏式门把手，540度全清影像以及透明底盘很方便，让人感受到了科技的魅力
            
            
                最不满意
                双闪在头顶不怎么方便，怀档的设计也还需要多适应
            

            

    空间
        
            
            
        
        5
    
    
    乘坐舒适，腿部空间很足
    
    
    
    
    


    
        ☆ 空间设计亮点
        第二排有单独空调设计很方便后排乘坐人员以及操作
        
        
    
    
    
    


    
        乘坐空间
        头部空间也充足
        
        
    
        ☆ 第三排空间
        空间还可以
        
        
    






                

    驾驶感受
        
            
            
        
        5
    
    
    起步流畅，加速也很给力超车时动力充沛，踩油门就有，
    
    






            

            




            

    油耗
        
            
            
        
        4
    
    
    在楚雄乡镇往返上班，偶尔上高速油耗还可以
    
    





            
            

    外观
        
            
            
        
        5
    
    
    外观大气，车身霸气，视觉感很棒，一眼就很喜欢
    
    





            

    内饰
        
            
            
        
        5
    
    
    内饰用料很扎实，软包触手可及，座椅也舒适
    
    





            

    性价比
        
            
            
        
        5
    
    
    终身质保，同等价位享受到豪华车的体验，值得入手
    
    





            
                

    配置
        
            
            
        
        5
    
    
    540全清影像，透明车身，让小白入手更快
    
    




            

            



        "
谭清,2023-07-13 首次发表,"
            
                
                    
                    暂无
                    行驶里程
                
                
                
                
                
                
                
                
                
                
                
                
                

                
                
                    15.59万
                    参考价格
                
                
                    2023-07
                    探店时间
                
                
                    成都
                    探店地点
                
            
            
    
    

    
        $(document).ready(function () {
            var koubeiid = 5049595;

        });

    


            
                新车好评
                家就在双流附近，趁着有空去感受一下这款瑞虎9，这家店离机场挺近，随时都有飞机起飞降落，吵si啦.....
言归正传，试驾了一下，说说自己感受吧
先说经销商，店里正在装修，说是要升级那种超豪华那种店，也是蛮期待的，逼格上来了，会不会销量也上来，就在旁边有个临时的，不过还好有空调，不是那种敞篷的，带我试驾的是个小姐姐，技术还不错，人挺好，也同意我去旁边的运动公园拍照
路线挺长的，差不多有半个小时，沿着环港路遛了一圈，顺便看了下飞机，总体流程是OK的，感受也不错
            
            
                新车槽点
                这个怀档感觉是上档次了，但使用起来太不习惯了，要不是销售提醒都刮到了，不过我看他们旁边店新能源无界也是怀档，看来是out了，还有那个双闪按钮在头上，试驾的时候都没看到，下车的时候才看到
另外，瑞虎9实体按键太少一点都不方便，全景都只有在中控屏里打开，触摸的按键担心后期灵敏度不高
            

            

    空间
        
            
            
        
        5
    
    
    空间是真的大，可能是因为车比较宽吧，比之前关注的8pro后排要大一点，另外座椅的舒适性确实有提升，可能材质有变化，不过后排放倒感觉跟虎8pro差不了多少，比8pro还矮一点，感觉后面反而要压抑点呢，个人感受
    
    
    
    
    


    
    
    
    


    






                

    驾驶感受
        
            
            
        
        5
    
    
    2.0t动力确实充沛，不知道是不是因为踏板换了地板式的原因，有点窜，或者可能有点不适应，不过跟8pro感觉都是2.0区别不大，试驾的是两驱，说后面会上四驱的试驾车，还是8AT的，再加CDC悬架，感觉可能会好一些
    
    
    
    
    


    
    
    
    


    






            

            




            

    油耗
        
            
            
        
        4
    
    
    油耗好像是10个多点，未拍照，不过试驾还是有点小猛，猛踩油门猛才刹车的
    
    





            
            

    外观
        
            
            
        
        5
    
    
    外观的话个人喜好吧，不过那个logo比之前好看了
    
    
    
    
    


    





            

    内饰
        
            
            
        
        5
    
    
    里面很多元素有些BenBen的感觉，门板的座椅调节，圆形出风口，双联屏感觉还是差了一点意思，之前看的某利的xy都是三屏咯，奇瑞在这块还是稍显慢了点，不过车机确实快，超爽，一点也不卡，这个必须点赞，标配了8155的芯片确实不一样，但实体按键少了一些，都有中控屏里有点不适应
    
    
    
    
    


    
    
    
    


    
    
    
    


    





            

    价格政策
        
            
            
        
        4
    
    
    现车还是挺多的，只是价格还比较坚挺，现金2000抵9000，置换19000，其他好像也没有什么
    
    





            
                

    配置
        
            
            
        
        5
    
    
    配置确实高，该有的都有了，台显，540全景，辅助驾驶那些，不过电释门都有，后排的隐私玻璃，遮阳板也都有的，还有b柱的出风口，确实国产车在配置上已经拉满了
    
    
    
    
    


    
    
    
    


    
    
    
    


    




            

            



        "
胡巴p的怪蜀黍,2023-07-13 首次发表,"
            
                
                    
                    暂无
                    行驶里程
                
                
                
                
                
                
                
                
                
                
                
                
                

                
                
                    16.29万
                    参考价格
                
                
                    2023-07
                    探店时间
                
                
                    东营
                    探店地点
                
            
            
    
        
            
        
    
    

    
        $(document).ready(function () {
            var koubeiid = 5049559;

        });

    


            
                新车好评
                前几天凑巧去店里做保养，原来的某多买的胶垫质量太差，更换一套原厂的tpu胶垫，虽然防护面积有点小，，但是真的非常服帖。原厂脚垫言归正传，等待的 时间去展厅看到了刚到的瑞虎9，外观真的是威武霸气，销售小姐姐很热情的邀请试驾。这么好的机会肯定不会错。对比我的瑞虎8plus真的是内外兼修，挑不出毛病了。
            
            
                新车槽点
                虽然我的8plus也不错起码外观颜值在线，但是试驾过瑞虎9后还是忍不住羡慕一波啊，心里一直有一种直接置换的冲动。虽说心里对他各种喜欢，有些地方还是感觉不太适应的，一个就是怀挡，这个真的是要好好适应一下。在就是车身太大，家用还是有些不太方便，我现在也觉得我8plus挺大，7plus就是刚刚好的，当然只是因为我自己原因有这样的感受。对比我的8plus 瑞虎9的提升可以说是一分钱两分货的水平了。害的我心里痒痒的
            

            

    空间
        
            
            
        
        5
    
    
    4820*1930*1699的车身只有高度低于我的8plus其余尺寸都是要大一圈的，但是高度低了以后车身尺寸显得协调很多，奇瑞原来的车都是又高又瘦的感觉，这个终于肯改进一下了，这个尺寸带来的车内空间提升也是巨大的，我还是用8plus比较也有明显的提升。
    
    
    
    
    


    
    
    
    


    
    
    
    


    






                

    驾驶感受
        
            
            
        
        5
    
    
    
        

        0% buffered00:00播放暂停00:00/00:15倍速2x1.5x1.25x1x0.75x0.5x高清高清全屏切换50%75%100%满屏00:00汽车之家视频播放器  之家首页  复制链接  版本号 : 2.5.32

  
    
      
        
        
          
        
        
          
        
        
      
    
  


    
    

    操控这个作为奇瑞的旗舰车型来说也是目前驾驶感受最好的，地盘相对我的8plus来说只能说更有高级感了，主要也也不太会描述这中操控感受。动力是2.0t的发动机，对比1.6t的8plus感觉是很明显的，我在试驾路段随便踩一点车速就飙到将近100。整体舒适性还是对比我的8plus确实也是整体提升，更宽大柔软的座椅，加上众多舒适智能的配置，最新的车机系统，相应速度大大提升，显示内容也更加丰富的，而且更加智能，真的用起来非常顺手。地盘调教的也是舒适性不错，最关键的是2.0t+7dct的组合在加速中感觉不到一点的顿挫，非常丝滑。虽说心里对他各种喜欢，有些地方还是感觉不太适应的，一个就是怀挡，这个真的是要好好适应一下。在就是车身太大，家用还是有些不太方便，我现在也觉得我8plus挺大，7plus就是刚刚好的，当然只是因为我自己原因有这样的感受。对比我的8plus 瑞虎9的提升可以说是一分钱两分货的水平了。
    
    
    
    
    


    
    
    
    


    






            

            




            

    油耗
        
            
            
        
        3
    
    
    因为是试驾车，我看到油耗还是要上十个的，不过这么大个车型油耗还是比较合理的。应该是比我的1.6的8plus稍高有一点，但是也不会太多。
    
    





            
            

    外观
        
            
            
        
        5
    
    
    外观这方面可能每个人的审美都有所区别，但是在我这欣赏水平来说，绝对是一见钟情了，没有很多车子那种花哨的装饰，但是整体成熟稳重，就是我们这种奔四的大叔的梦中情车。
    
    
    
    
    


    
    
    
    


    





            

    内饰
        
            
            
        
        4
    
    
    内饰感觉从8plus往后的车型都是好了不少，原来一直喜欢pro的内饰plus的外观，不过瑞虎9完美结合了两者的优点，让我挑不出毛病了。
    
    
    
    
    


    
    
    
    


    





            

    价格政策
        
            
            
        
        4
    
    
    因为是新车，店里介绍时只有说到官方给出的活动优惠。价格还是比较坚挺的，如果确定提车还可以在谈了
    
    





            
                

    配置
        
            
            
        
        5
    
    
    配置方面我试驾的是两驱豪华五座，虽然不是高配，但是已经配置很高了，我原来8plus豪享上最想要的抬头显示、前雷达、L2级辅助驾驶、座椅通风、Hicar一应俱全。入门就是顶配了。特别是8155的车机，我不忍吐槽，8plus的车机弟弟都算不上，简直就是个垃圾啊。
    
    
    
    
    


    
    
    
    


    




            

            



        "
威海车友9958750,2023-07-11 首次发表,"
            
                
                    
                    暂无
                    行驶里程
                
                
                
                
                
                
                
                
                
                
                
                
                

                
                
                    15.60万
                    参考价格
                
                
                    2023-06
                    探店时间
                
                
                    威海
                    探店地点
                
            
            
    
    

    
        $(document).ready(function () {
            var koubeiid = 5046539;

        });

    


            
                新车好评
                大家好呀，我是一位女司机，当时刚学完车，为了练手买了一台二手艾瑞泽5，因为当时我们这教练车就是艾瑞泽5，这样开起来比较上手，其实心里还是比较喜欢大一点的车的。现在教的差不多了，开着艾5整体感觉还不错，一直在网上了解，奇瑞新推出来一台虎9；正好周天有时间就去店里看看。展厅正中央摆了一台瑞虎9，老远看就给人看起来很大气。隐藏门把手、前格栅、20吋的大轮毂，真的是很吸引人眼球。内饰还采用了高品质的材质，瞬间更是拉升了瑞虎9的档次。坐进去之后，真是太无敌了，宽敞、舒适，还有座椅给你的包裹性，不要压迫的同时还给你安全感。整车配备的都是2.0T的发动机，试驾车是配备了2.0T两驱的，听说还有四驱的，但是目前没有试驾车，真是遗憾没有试到。这个车整体试下来，动力真是杠杠的，对于我这个女士来说，真是超额足够用了，在试驾过程中，销售顾问还给演示了一下很多智能方面的东西，车道偏离预警、盲点监测、自动紧急制动等，在自己走神时，能很快做到紧急处理和提醒，减少了交通事故的发生。
            
            
                新车槽点
                电子开门很容易让人很尴尬，我这上车了，不知道按什么地方下车了。
            

            

    空间
        
            
            
        
        5
    
    
    空间方面对于我这个168的女士来说真的是绰绰有余了。前排座椅调好了，后排翘着二郎腿都是没有问题的。后排放倒也是纯平的，适合喜欢出去自驾游的小伙伴，轴距是2820，趟个190的打个都没有问题。日常后备箱空间也是够用的，放个日常收纳东西的车载收纳箱，再放其他的东西，完全没有问题的。
    
    
    
    
    


    
    
    
    


    






                

    驾驶感受
        
            
            
        
        5
    
    
    动力十足，轻轻一踩油门就窜出去了，所以在试驾过程中都不敢猛踩，感觉很快就到达100多，而且换挡速度快且流畅。他们这个有多种驾驶模式，在试驾过程中，销售顾问还特意走一个泥泞路段，让我感受舒适性、是否有颠簸感，整体来说他的悬挂系统调校还是挺好的，不会给人不舒服的感觉。
    
    
    
    
    


    






            

            




            

    油耗
        
            
            
        
        5
    
    
    销售顾问介绍百公里油耗在7-8个，但是还得根据你日常在市区还是郊区开，以及你开车的习惯。我看他们试驾车上的油耗为12. 6L.
    
    
    
    
    


    





            
            

    外观
        
            
            
        
        5
    
    
    瑞虎9的外观设计大气、时尚，线条流畅，给人一种力量感与稳重感。前脸采用了家族式的矩阵式前脸，搭配独具特色的LED大灯，使整车颇具辨识度。
    
    
    
    
    


    
    
    
    


    





            

    内饰
        
            
            
        
        5
    
    
    瑞虎9采用了豪华的材料和工艺，整个内饰设计简洁大方。中控台配备了大尺寸液晶屏幕，显示效果非常清晰。车内空间设计简约大气，中控台布局合理，操作便捷。座椅采用了高级真皮材质，舒适度极高。车内空间宽敞，前排和后排都有足够的腿部空间，使得驾乘者可以享受到更加舒适的体验。
    
    
    
    
    


    
    
    
    


    
    
    
    


    





            

    价格政策
        
            
            
        
        5
    
    
    对于有老车的还好，置换可以享受19000的补贴，但是没有置换的来说2000底9000的话优惠还是少一点
    
    





            
                

    配置
        
            
            
        
        4
    
    
    在配置方面表现的已经很相当全面了，不管是科技还是智能方面。科技方面包括智能钥匙、一键启动、倒车影像、导航系统、全景天窗、自动空调、电动座椅调节等众多实用功能，进一步提高了驾乘的舒适性与便利性。安全方面装备了ABS、EBD、刹车辅助、车身稳定系统、多气囊等安全设备，保障驾驶者和乘客的安全。
    
    
    
    
    


    
    
    
    


    
    
    
    


    




            

            



        "
lemon6197,2023-07-07 首次发表,"
            
                
                    
                    暂无
                    行驶里程
                
                
                
                
                
                
                
                
                
                
                
                
                

                
                
                    17.00万
                    参考价格
                
                
                    2023-07
                    探店时间
                
                
                    运城
                    探店地点
                
            
            
    
    

    
        $(document).ready(function () {
            var koubeiid = 5040179;

        });

    


            
                新车好评
                之前在直播间看过好多次了，听到销售说运城有瑞虎9的试驾车了，赶紧就过来试驾一下
这台车前脸，侧身，外观的颜值毋庸置疑，油耗大概在8个左右，对于这个体量的车来说，油耗并不算高。
车内配置也挺高，智能驾驶辅助系统，双联屏的设计，屏幕很大，很灵敏，有人机互动，感官很好。
全车搭载索尼音箱，音质也很棒，在车上听音乐也是很享受。
前排有无线充电，使用起来挺方便的，杯托后面是一个小冰箱，出个门随时喝个冷饮，真是畅快！
翻毛皮的内饰，触感很好。
后排以及b柱上都有独立的出风口，体验感很赞
空号不用多说，尺寸摆着呢，前后排都很舒适。
隐藏的门把手，车里的氛围灯，还有的都有了。
            
            
                新车槽点
                车身比较大，对于新手不够友好，不太好停车。
            

            

    空间
        
            
            
        
        5
    
    
    车内空间很大，腿部到前排还有很大的空间，座椅也比较大，包裹感很好
    
    
    
    
    


    
    
    
    


    
    
    
    


    






                

    驾驶感受
        
            
            
        
        5
    
    
    车开起来很稳重，提速也快，空间感受很不错
    
    
    
    
    


    
    
    
    


    
    
    
    


    






            

            




            

    油耗
        
            
            
        
        4
    
    
    
    
    





            
            

    外观
        
            
            
        
        5
    
    
    
    
    





            

    内饰
        
            
            
        
        5
    
    
    
    
    





            

    价格政策
        
            
            
        
        4
    
    
    优惠7000现金或者19000的置换补贴
    
    





            
                

    配置
        
            
            
        
        5
    
    
    
    
    




            

            



        "
重庆车友4935562,2023-07-07 首次发表,"
            
                
                    600km
                    
                    行驶里程
                
                
                    8.0L
                    百公里油耗
                
                
                
                
                
                
                
                
                
                
                
                

                
                
                    16.29万
                    裸车购买价
                
                
                    2023-06
                    购买时间
                
                
                    重庆
                    购买地点
                
            
            
    
    

    
        $(document).ready(function () {
            var koubeiid = 5039778;

        });

    


            
                最满意
                动力好，提速快，换档平顺，操控性好，驾驶平顺，座椅通风，噪音小，油耗低，室内空间大，配置丰富，后排座椅放倒可以当床车使用，还配置了手机无线充电，座椅加热通风，特别是重庆夏天天气又热，座椅通风这个是真心实用，行驶中再也不用但心屁股和后背湿哒哒的。这款车真的确实很耐看，而且是那种越看越好看的那种，安全性高。，扶手箱的容积确实没得说可以放很多水并且还带空调出风口。空调效果很不错。性价比我打8分。真心推荐友友们购买
            
            
                最不满意
                不满的地方也有，就是福酒的一些细节，装配确实需要有待提高！要多向其他品牌学习！总体来说高速省油市区一般般，但是毕竟车重在这里呢！有一说一哈！
            

            

    空间
        
            
            
        
        5
    
    
    本人身高165.坐在车里面还是比较舒适的，空间确实没话说，后备箱还是蛮大的
    
    
    
    
    


    
    
    
    


    
    
    
    


    






                

    驾驶感受
        
            
            
        
        5
    
    
    提速快，油耗低，动力强，配置丰富空间大换挡平顺，操控性好，驾驶平稳
    
    






            

            




            

    油耗
        
            
            
        
        5
    
    
    在重庆主城使用平均油耗9个油
    
    
        城市油耗
        主城平均油耗9个油
        
        
    





            
            

    外观
        
            
            
        
        5
    
    
    整体比较大气。侧面和后面都挺好看的。前面进气格栅很好看
    
    





            

    内饰
        
            
            
        
        5
    
    
    豪华感和科技感是瑞虎9重点打造的方向，车内，配色以浅色为主，配合大量皮质包裹
    
    





            

    性价比
        
            
            
        
        5
    
    
    总体来说瑞虎9性价挺高的，售后问题即时处理，奇瑞越来越好了
    
    





            
                

    配置
        
            
            
        
        5
    
    
    说这个性价比挺高的，售后有问题，及时处理奇瑞越来越好了
    
    




            

            



        "
辰润,2023-07-06 首次发表,"
            
                
                    
                    暂无
                    行驶里程
                
                
                
                
                
                
                
                
                
                
                
                
                

                
                
                    17.49万
                    参考价格
                
                
                    2023-06
                    探店时间
                
                
                    邢台
                    探店地点
                
            
            
    
        
            
        
    
    

    
        $(document).ready(function () {
            var koubeiid = 5039003;

        });

    


            
                新车好评
                作为一名奇瑞艾瑞泽5的车主，6年已行驶10万公里，整体使用还是很不错的。
6年该上线审车，所以换车的计划已经提上了日程。
由于轿车已经不满足日常的需求，尤其是对空间的需求，所以决定换suv。作为奇瑞车主还是比较关注奇瑞的最新产品。而瑞虎9作为最奇瑞新款的旗舰级suv，所以肯定要去试驾一下，因为别人说的再好，也不如亲自体验。

瑞虎9说是中型suv，可给我的视觉更像大型suv，太专业的话我也不会话我也不会说。只知道一点，外观给我的视觉冲击力很大。高大威猛，霸气十足。
空间没的说，用一句大白话形容，很宽敞，很敞亮。
动力没的说，2.0t的动力在标准模式下推背感都十足，更何况运动模式。同样也感觉不到迟滞。
            
            
                新车槽点
                槽点，其实也不算是槽点，
首先是怀档，可能因为自己的不习惯，才觉得换挡别扭。
双闪，习惯了双闪按键在中控屏附近，忽然改到头顶天窗开关位置。虽然更方便，但总感觉很别扭。
            

            

    空间
        
            
            
        
        5
    
    
    空间还是很满意的。
4820×1930×1699mm的整车尺寸。不管坐前排还是坐后排。空间都很充足。并且后备箱空间也很大。第二排放到后妥妥的双人床。
    
    
    
    
    


    
    
    
    


    






                

    驾驶感受
        
            
            
        
        5
    
    
    开惯了1.5t，突然开2.0t，动力来的太猛，居然有点不太适应。方向盘有舒适和运动两种模式。舒适模式，方向盘比较轻。运动模式方向盘比较重。（即使在重也比艾5方向盘轻）
    
    
    
    
    


    






            

            




            

    油耗
        
            
            
        
        5
    
    
    试驾车显示的百公里油耗是9.3L，毕竟是试驾车，大家都懂。如果自己开，我估计油耗在8L左右。
    
    
    
    
    


    





            
            

    外观
        
            
            
        
        5
    
    
    前脸非常大气。这种竖条的进气格栅看着很有厚重感，非常霸气，这也是最喜欢的一点。
车尾看来也是很端庄的感觉，搭配贯穿式尾灯，更是科技感十足。
245/50R/20的轮胎大尺寸。更为整车增添了豪华感。
    
    
    
    
    


    
    
    
    


    





            

    内饰
        
            
            
        
        5
    
    
    首先中控台没有实体按键。虽然简洁，看起来更有豪华感。但总觉得不如物理按键更有手感。
整车还配备了大功率的无线手机快充，七彩氛围灯，还配备了27个空调出风口，尤其是在炎炎夏日，非常好用。能吹到车里的每一个角落。
    
    
    
    
    


    





            

    价格政策
        
            
            
        
        4
    
    
    目前奇瑞的优惠政策，置换补贴1.9万。
经销商的优惠政策，交2千定金，享9千的优惠。也就是说可享受七千的车价优惠。
奇瑞给第一任车主提供了终身质保服务。当然了也要达到官方的要求才可以享受终身质保服务。
    
    





            
                

    配置
        
            
            
        
        5
    
    
    配置基本是拉满了。中控屏24.6英寸双联屏。搭配了8155颗芯片，360全景摄像头，L2辅助驾驶，车道偏离，车道保持。以及主动刹车。acc自适应巡航，自适应自动大灯。hud抬头显示，电尾门。自动感应雨刷等等，大大提高了日常出行的安全系数。
    
    
    
    
    


    




            

            



        "
梅夫子,2023-07-06 首次发表,"
            
                
                    
                    暂无
                    行驶里程
                
                
                
                
                
                
                
                
                
                
                
                
                

                
                
                    17.00万
                    参考价格
                
                
                    2023-06
                    探店时间
                
                
                    中山
                    探店地点
                
            
            
    
    

    
        $(document).ready(function () {
            var koubeiid = 5038966;

        });

    


            
                新车好评
                大家好！我是拥有三年奇瑞老款瑞虎七车主，目前安全行驶25000公里。自从开上瑞虎七这款车，它安全舒适的乘坐体验，澎湃动力的驾驶体验，以及出色的燃油经济性，让我对这台车，对奇瑞这个品牌有了深厚的感情！也对奇瑞每次新品的推出充满了期待。直到6月中旬，接到销售情报，奇瑞旗舰suv瑞虎九到店，赶紧驱车25公里去到店里一探究竟。

1外观部分:销售还是蛮热情的，刚到门口销售就开始招呼。一进店门就看到了这个大家伙，旗舰suv果然名不虚传，可以说是独占C位！对比我的瑞虎七，整个车身尺寸明显大了好多，但是看上去又是特别的精致协调，不像我的瑞虎七那样瘦高瘦高的。瑞虎9在设计上没有像星途、捷途两个品牌下的新车们那么夸张，反倒是透过一副比较稳妥的宽体结构样式去迎合了人们对于旗舰的期待，但同时间，它由八边形改造而来的椭圆状进气格栅、通过保险杠间结构完成了贯穿的C型导流槽，看起来非常霸气！
2空间部分:由于我的瑞虎七属于紧凑型SUV，只有4米5的车长，所以坐进瑞虎九的车内，那叫一个宽敞啊。我们今天体验的这台车是两驱顶五座配版本，我1米7的个子，头部空间还有两拳多的余量。后排座椅靠背支持40:60放倒，放倒后可以形车窗结构等等，都还是能够给人留下极为深刻的第一印象。成纯平的一个大床，提供了实用性。前排座椅还支持记忆功能，坐进驾驶坐位上，关门，座椅自动归位，开门的时候，座椅自动往后移，这给车主上下车提供了很大方便。
3内饰部分:整个内饰以深色为主，咖啡色的中控搭配黑色运动座椅，给人很豪华的感觉。真皮座椅柔软舒适，还支持通风功能，让你在炎热的夏天再也不用像我的瑞虎七那样不透气了。中控和车门部分都采用了大面积貌似翻毛皮的材质，摸起来很舒服！256色车内氛围灯在开启大灯后点亮，随音乐律动闪烁，非常漂亮！
4动力部分:瑞虎九全系搭载鲲鹏动力2.0TGDI直喷发动机，别看这么大一台车，开起来那叫一个轻松，甚至可以让你忘记你正在驾驶一台接近4米9的中型suv。七速湿式双离合换挡非常平顺，低速换挡也几乎感觉不到顿挫！我的瑞虎七也是七速双离合，在三档降二挡的时候偶尔就能感受到顿挫，这套双离合显然调校水平更高，值得点赞👍🏻
            
            
                新车槽点
                习惯了我的瑞虎七，再开上瑞虎九，也发现有几点个人需要吐槽的地方:
1这台车内除了一键点火实体按键以外，全是集成在中控屏或者少量触摸键，用起来很不习惯，双闪的按键也放到了头顶天窗控制区域。特别是后排空调控制键，也是触摸式的，很容易造成后排乘客误碰。
2虽然搭载奇瑞2.0T强劲动力，但是尾部排气筒还是隐藏式的，整体看上去不够霸气，这么强的动力，如果能设计成四个排气筒那就完美了！
3怀档换挡拨片不太习惯！习惯了中控换挡手柄，每次换挡右手总往中控去摸档把！
4在急加速过程中，变速箱降档反应慢，两千多转了才降档，有点牺牲油耗！
            

            

    空间
        
            
            
        
        5
    
    
    瑞虎9的定位和瑞虎8系列一样，都是属于中型SUV，并有5座和7座两种布局，不过它整体尺寸要比瑞虎8更大，车长超过4.8米，轴距也达到了2820mm，横向空间达到了1930mm。今天我们体验的是五座版本，我1米7的个子，无论是前排还是后排，头部空间都有很大的余量，所以说对于五个成年人来说，是相当充裕的。五座状态下，后备箱空间巨大，也是非常平整，下面还有一层泡沫储物盒，收纳小东西非常方便。
    
    
    
    
    


    
    
    
    


    
    
    
    


    






                

    驾驶感受
        
            
            
        
        5
    
    
    今天试驾只有几公里国道，由于车流量比较大，所以没有开太快。这台七速湿式双离合调校很好，加速的时候还算平顺，基本感受不到顿挫。油门比较轻，轻点油门就有不错的动力输出，这台发动机感觉真的很给力，完全不用担心动力问题。线控刹车对比我的瑞虎七的真空助力有了很大的提升，比我的敏感，缩短了刹车距离，不像我的要踩多一点才有反馈，刚开始还有点不习惯。电子助力方向盘很轻盈，还支持两种舒适度调节。整体舒适度有了很大的进步，悬架比我的瑞虎七软，对颠簸过滤比较好。特别是噪音这块控制不错，非常静音，搭配上12个索尼音响，豪车的感觉自然而来。怀档设计节省了空间，但还需要时间习惯！
    
    
    
    
    


    






            

            




            

    油耗
        
            
            
        
        4
    
    
    试驾这几公里的路程，由于车流量大，车速提不起来，基本维持40到50码行驶，表显油耗10.7，如果路况好，9个左右肯定没问题，奇瑞的发动机技术基本不必担心油耗问题。
    
    





            
            

    外观
        
            
            
        
        5
    
    
    今天我们试驾体验的这款车是天青色，非常好看。前脸格栅尺寸略显夸张，直瀑式中网，以此强化力量感，并由中置向上位移，拔高视觉高度，结合SUV为身躯，致使魁梧形象得以呈现；大灯熏黑处理，与格栅相契合，就连格栅正中的奇瑞车标也设计成了发光车标，点亮后很高级，也赋予了前脸灵动效果。侧面车顶向后延伸明显下沉痕迹设计，压低尾部，兼顾绕流作用，结合宽大的身躯，刻画大气沉稳效果得以良好呈现。尾部以贯穿式尾灯为中心，上下两侧明显向中收缩，具有明显宽肩形象，视觉宽度得以扩展。隐藏式门把手凸显高级，使用起来也非常方便！前后大尺寸led流水转向灯点亮后简直不要太帅！
    
    
    
    
    


    
    
    
    


    
    
    
    


    





            

    内饰
        
            
            
        
        5
    
    
    
        

        0% buffered00:00播放暂停00:00/00:13倍速2x1.5x1.25x1x0.75x0.5x高清高清全屏切换50%75%100%满屏00:00汽车之家视频播放器  之家首页  复制链接  版本号 : 2.5.32

  
    
      
        
        
          
        
        
          
        
        
      
    
  


    
    

    内饰以暗色为主，柔和线条修饰，银色空调组件点缀，其效果较为简洁，样式布局趋近于新能源款式，以极简风格呈现，贴合当下审美。内饰核心组件与奔驰组件布局趋同，如：装饰面板，怀挡设计，以及座椅调节按钮。运动座椅非常舒适，支持座椅通风功能。后排车窗还使用了遮阳帘功能，这在十几万的同级车型中还是首次出现！
    
    
    
    
    


    
    
    
    


    
    
    
    


    





            

    价格政策
        
            
            
        
        3
    
    
    这款两驱尊贵型五座版本的指导价是17.49，目前来说优惠还是很给力的，前期盲订有个2000抵9000活动，不限品牌置换补贴19000，算下来17万以内可以落地。
    
    





            
                

    配置
        
            
            
        
        5
    
    
    
        

        0% buffered00:00播放暂停00:00/00:20倍速2x1.5x1.25x1x0.75x0.5x高清高清全屏切换50%75%100%满屏00:00汽车之家视频播放器  之家首页  复制链接  版本号 : 2.5.32

  
    
      
        
        
          
        
        
          
        
        
      
    
  


    
    

    配置可谓毫不吝啬，安全配置：ABS防抱死系统，车身稳定系统等，前方预警系统，主动刹车，道路交通标识识别等；智能配置：360全景影像，透明影像，3大巡航系统，L2级辅助驾驶，上坡辅助，陡坡缓降，电动后尾门，后尾门位置记忆，雨量感应式雨刷，12个索尼音响等都应有尽有。主驾车门支持拉手开门的同时还支持一键开门功能，这是我的瑞虎七无法比的，座椅电动调节的老板键也集成到了主驾车门上。瑞虎九全系标配20寸米其林轮胎，静音舒适是这个轮胎品牌的它的主打，奇瑞可谓是诚意满满！
    
    
    
    
    


    
    
    
    


    
    
    
    


    




            

            



        "
瑞虎9太大气了吧,2023-07-06 首次发表,"
            
                
                    1100km
                    
                    行驶里程
                
                
                    9.0L
                    百公里油耗
                
                
                
                
                
                
                
                
                
                
                
                

                
                
                    15.30万
                    裸车购买价
                
                
                    2023-06
                    购买时间
                
                
                    潍坊
                    购买地点
                
            
            
    
    

    
        $(document).ready(function () {
            var koubeiid = 5037904;

        });

    


            
                最满意
                一开始没打算买车 但是原来的车保险快到期了 也开够了 所以想换车 9号没上班去看了看星瑞和星越L 想买个13万左右的车（说白了就是想买个星瑞） 但是家里人看中了星越L 四儿子店低配次低配都不卖 优惠幅度也不大 但是我确实也是很稀罕星越L 看了个两驱尊贵 落地万15.5万 上午看完准备吃个午饭下午去订车 当时11点了我又想去看看艾瑞泽8和瑞虎8pro 两辆车都不错 但是友拆了红布看了下瑞虎9 不看还好 一看一家人都看好了 直接去试驾了一圈 回来谈了下价格直接订车了 刚好有现车在往我们这运 再加上置换补贴19000优惠 直接拿下了 11号到车现在开了260公里 选的星银 理由很简单 个人感觉天青色最好看 后期小剐蹭调漆不好调 黑色太显脏 一点水碰不得 白色也很好看 但是我担心后期白色氧化发黄 天灰色的话。。颜色太深了 
驾驶感受这种东西还是要你们自己去试驾一下试试 同级别隔音效果无敌 动力给油就走 0-50加速并不是很慢 基本可以超大部分家用车 最享受的是中段后段的提速 我朋友说这车就是261匹马力的2.0T怪物 
空间更没必要说了 4820的车身近两米的车宽 前排后排 后备箱空间都巨大
已经行驶1100公里了 开着空调油耗纯市区9个油左右 国道7,8个油 这个油耗非常满意
            
            
                最不满意
                后排座椅不能前后移动不太方便 中网缝隙太宽 水箱容易进异物 经常跑高速的朋友可以去汽修店安装一个防护网7,8十就能搞定
            

            

    空间
        
            
            
        
        5
    
    
    4820的车身 2820的轴距 空间非常大 适合带家人出去旅游自驾游
    
    






                

    驾驶感受
        
            
            
        
        5
    
    
    2.0t鲲鹏动力发动机 提速非常快 时速30后提速非常快 目前朋友的迈腾380 雅阁都没有飙过我
    
    






            

            




            

    油耗
        
            
            
        
        5
    
    
    油耗在市区现在9个油左右 全程开着空调18度 国道7,8个油
    
    





            
            

    外观
        
            
            
        
        5
    
    
    外观非常大气 腰线完美 前脸没有图片那么丑 现实中挺大气的
    
    
    
    
    


    
    
    
    


    
    
    
    


    





            

    内饰
        
            
            
        
        5
    
    
    奔驰的设计师 出风口了 怀挡 换挡拨片 扶手椅还有内饰的包裹都非常奈斯
    
    





            

    性价比
        
            
            
        
        5
    
    
    有置换15万冒冒买个中型suv真的非常不错了 油耗也不高
    
    





            
                

    配置
        
            
            
        
        5
    
    
    领先的功能非常强大 360全景影像 无线CarPlay 2.0的鲲鹏动力发动机 l2级驾驶辅助全系标配 领先的配置可以了
    
    
    
    
    


    
    
    
    


    




            

            



        "
彭俞林,2023-07-06 首次发表,"
            
                
                    1110km
                    
                    行驶里程
                
                
                    11.0L
                    百公里油耗
                
                
                
                
                
                
                
                
                
                
                
                

                
                
                    17.49万
                    裸车购买价
                
                
                    2023-06
                    购买时间
                
                
                    嘉兴
                    购买地点
                
            
            
    
        
            
        
    
    

    
        $(document).ready(function () {
            var koubeiid = 5037813;

        });

    


            
                最满意
                外观设计我比较喜欢，科技配置也高，动力强，本人打工人，瑞虎9还没上市的时候，就已经在关注这款车，车辆一上市马上去了4S店试驾，试驾很满意，车辆外观，动力，包括里面的配置都是我喜欢的，以前开的是轿车，一家人出去坐里面也比较挤，现在一家人出去坐里面完全不用担心空间问题。动力的话，我现在在城市里用，三种模式，经济模式和标准模式完全够用了。
            
            
                最不满意
                最不满意的地方就是，行车记录仪有时候连接不上，需要连一下自己的网才可以用希望改进。
            

            

    空间
        
            
            
        
        5
    
    
    空间大，一家五口人出去一点不挤，坐在里面挺宽敞。
    
    
    
    
    


    






                

    驾驶感受
        
            
            
        
        5
    
    
    动力强，在红绿灯起步时超车完全不是问题，一踩就走。
    
    






            

            




            

    油耗
        
            
            
        
        4
    
    
    油耗有一点高，目前11格油，我的理想是10格以下。
    
    
    
    
    


    





            
            

    外观
        
            
            
        
        5
    
    
    车头，车尾我都比较喜欢，特别是贯穿式尾灯。
    
    
    
    
    


    
    
    
    


    
    
    
    


    





            

    内饰
        
            
            
        
        5
    
    
    全是真皮，做工也好，目前来说内饰没有一点异响。
    
    
    
    
    


    





            

    性价比
        
            
            
        
        5
    
    
    性价比可以，目前还没到保养周期保养费用还不清楚
    
    





            
                

    配置
        
            
            
        
        5
    
    
    配置完全够用，有的配置目前还不了解，以后再添加
    
    




            

            



        "
ad2myw3,2023-06-30 首次发表,"
            
                
                    
                    暂无
                    行驶里程
                
                
                
                
                
                
                
                
                
                
                
                
                

                
                
                    17.49万
                    参考价格
                
                
                    2023-06
                    探店时间
                
                
                    遂宁
                    探店地点
                
            
            
    
    

    
        $(document).ready(function () {
            var koubeiid = 5032826;

        });

    


            
                新车好评
                我是奇瑞汽车的老款瑞虎8plus车主，一直都比较关注奇瑞汽车的新车型发布，确实没想到瑞虎9会采用40万级别车型都很少配备的CDC磁悬浮悬挂，对比奇瑞集团另一款配备这个悬架的瑶光，瑞虎9的优势是有7座可选，我的刚需是7座SUV,2.0T的发动机动力总成，让我很期待，我现在开的是1.6T的，对油品也有要求，建议95，但是92也可以长期使用，降低用车成本，换挡拨片怀挡的运用，真的很高级，上手也没有一点难度，车机使用的高通骁龙8155芯片，目前量产车型中车规级很高的，运行速度很强悍的存在。尊贵版香氛系统，真的很高级，也很香，中控保留了一些非常实用的，常用实体按键。中控台采用了类似翻毛皮的材质，看着好高级。空调出风口采用的360度旋转式的，可以自由上下左右调节出风方向，销售介绍设计师来自于梅赛德斯奔驰的团队，这么一说，还真有几分神似。黑色内饰配备香槟金的氛围灯装饰条，白天都可以衬托出氛围灯，营造的高级感。疲劳监测和摄像头，安装位置，比以往车型更加合理。位于方向盘后方，监测面积更宽泛，不容易出现识别错误的情况。新款瑞虎9遮阳板化妆镜，也配备了LED光源，爱美的车主及副驾驶小姐姐的最爱，双开式的中央扶手箱，有更加合理实用的使用空间。黑色内饰耐脏，全部都是打孔，尊贵版前排座椅通风，座椅加热都配备，更加美好的是第二排都有座椅加热，同级少有配置，基本没看过，该价位的国产车合资车，有这个实用性装备。再有就是第二排出风口，配备单独调节的按键和液晶屏幕，也有好多人吐槽它，今天看了实车，并没有网上说的那么夸张，个人感觉还挺好看的呀！也可能是萝卜白菜各有所爱吧！地台纯平没有一点凸起，瑞虎8plus大概有两指高的台阶，虽说不影响乘坐，但是对比奇瑞瑞虎9的纯平地台，还是有些逊色，瑞虎9的备胎内嵌式的，拿取方便不少，瑞虎9在瑞虎8系列车型上，做了好多升级，真是让我们老车型老车主好羡慕，好香拥有，改变了好多我们吐槽的。
            
            
                新车槽点
                新车槽点还是有的：1.驾驶感受，动力太强，起步窜，城市代步通勤，开着有压力。2.五座版本的后备箱空间太大了，不放东西太空旷了，有双层储物盒，还好我买七座的，五座不装东西太尴尬。3.十几万的车配备20寸轮毂就不说了，想买的尊贵版还配备了米其林轮胎，我感觉更换成本过高，想要顶配，这又是后期成本。4.隐藏式排气管子，有点含蓄，不符合400T马力的体现，难道不锈钢管子很贵？5.香氛系统虽然很香，但更换成本过高，我现在开的车没有，有点疼了。6.远程手机控制有时不灵，难道是因为没有付费使用。7.车门隐藏式开启，内部开门方式两种，太麻烦了。8.车标发光有点虚头巴脑的。
            

            

    空间
        
            
            
        
        5
    
    
    空间对比我现在开的瑞虎8plus，不管是外部尺寸还是内部尺寸，都要大一圈，车门长度更长，座椅坐垫更长更宽。
    
    
    
    
    


    
    
    
    


    
    
    
    


    






                

    驾驶感受
        
            
            
        
        5
    
    
    试驾了一圈，2.0T的发动机动力太强，奇瑞高功率发动机，硬核实力，确实厉害，起步窜，底盘悬架支撑到位，侧倾较小，刹车灵敏，刹停点头幅度不大，不会给人晕车的感觉，这么大的车身，动力随叫随到，轮胎静音，外加隔音玻璃加持，开着感觉不到风噪和路躁，开着比我的车，舒服太多了，真的很高级很喜欢，好想直接置换。
    
    
    
    
    


    
    
    
    


    






            

            




            

    油耗
        
            
            
        
        5
    
    
    由于是新车外加试驾车的原因油耗12.6，个人感觉2.0T261马力这个油耗不高，如果正常使用，应该我能控制10个以内，对比瑞虎8plus2.0T，8-9个油，差距不大。油耗表现中规中矩，比较满意。
    
    
    
    
    


    
    
    
    


    





            
            

    外观
        
            
            
        
        5
    
    
    车头霸气十足，采用直浦式中网设计，奇瑞汽车的最新设计风格，车尾中规中矩。
    
    
    
    
    


    
    
    
    


    
    
    
    


    





            

    内饰
        
            
            
        
        5
    
    
    内饰高级切耐脏，实用性非常不错。色彩搭配好看，香槟金氛围灯装饰条，点睛之笔。
    
    
    
    
    


    
    
    
    


    
    
    
    


    





            

    价格政策
        
            
            
        
        4
    
    
    尊贵版7座需要订车2周左右，主销还是5座车型，展车就是此版本。指导价17.49，官方政策置换补贴1.9W或2000抵9000的活动二选一，金融补贴8000，基本能控制在指导价落地。
    
    





            
                

    配置
        
            
            
        
        5
    
    
    配置最欢就是副驾驶老板键调节，车载安全呼叫，L2.9级的辅助驾驶。
    
    
    
    
    


    
    
    
    


    
    
    
    


    




            

            



        "
i彭七七,2023-06-29 首次发表,"
            
                
                    
                    暂无
                    行驶里程
                
                
                
                
                
                
                
                
                
                
                
                
                

                
                
                    17.49万
                    参考价格
                
                
                    2023-06
                    探店时间
                
                
                    唐山
                    探店地点
                
            
            
    
        
            
        
    
    

    
        $(document).ready(function () {
            var koubeiid = 5031360;

        });

    


            
                新车好评
                作为一名瑞虎8plus豪享版车主，目前已经行驶了17000公里，对刚上市不久的旗舰SUV瑞虎9也是一直心心念念，它的上市，在整个国产车型圈也算是重磅消息，今天终于有时间到店试驾，首先外观就吸引了我，高大粗矿但又不失风度，后排的隐私玻璃也让人略显神秘，开门的座椅自动后移瑞虎9在人性化方面的用心，双12.3英寸的悬浮式双联屏，车机系统更是搭载了最新的8155芯片，不管是车机反应速度还是语音识别的准确性以及全景影像的清晰度都有了很大的提升，让整车更显智能。怀档的设计让我非常喜欢，既节省了中控扶手箱位置的空间，也让操作更加方便顺手。动力方面搭载的是奇瑞自主研发的2.0T发动机，8秒左右的百公里加速推背感相当刺激，就算是普通模式，稍微给油就能提速到60码。整车内饰做工精细，皮质包裹覆盖百分之九十，所能触及到的地方全是软质皮革。试驾完瑞虎9，瞬间就觉得我的瑞虎8plus不香了。
            
            
                新车槽点
                瑞虎9相比较我的瑞虎8plus，不管是各个层面还是有很大提升的，不足的地方第一个就是浅白色的内饰虽然看起来很高级，但是个人感觉并不实用，不耐脏，清洗起来麻烦。第二个是全系标配2.0T发动机，对于三点一线工作的人油耗肯定会是大多数人比较在意的，要是有1.6T的选择，个人觉得会更好。第三就是四驱版本上市时间有点拖沓，没能体验到cdc电磁悬挂。第四中控处实体按键减少，个人不是很习惯。
            

            

    空间
        
            
            
        
        5
    
    
    
        

        0% buffered00:00播放暂停00:00/00:03倍速2x1.5x1.25x1x0.75x0.5x高清高清全屏切换50%75%100%满屏00:00汽车之家视频播放器  之家首页  复制链接  版本号 : 2.5.32

  
    
      
        
        
          
        
        
          
        
        
      
    
  


    
    

    因为个人比较胖，所以对空间的要求也比较高，瑞虎9的主驾驶空间对于我来说坐起来非常舒服，而且还有富裕的空间。
第二排座椅的空间也很大，头部预留空间大概在三拳左右，膝盖与前排座椅也有将近两拳的距离，乘坐舒适度还不错，并且预留了儿童安全座椅接口，还有独立的空调出风口。
后备箱的容积就非常大了，如果把第二排座椅放倒的话可以平躺三个80公斤左右的成人。前面推荐7座版本，第三排座椅可以乘坐标准体型的成年人，个子高的不适合。
    
    
    
    
    


    
    
    
    


    
    
    
    


    






                

    驾驶感受
        
            
            
        
        5
    
    
    
        

        0% buffered00:00播放暂停00:00/00:13倍速2x1.5x1.25x1x0.75x0.5x高清高清全屏切换50%75%100%满屏00:00汽车之家视频播放器  之家首页  复制链接  版本号 : 2.5.32

  
    
      
        
        
          
        
        
          
        
        
      
    
  


    
    

    驾驶感受就一个字：稳。
对比我的8plus那根本就不是一个档次，对细小颠簸和减速带之类的过滤相当好，在车内感受到的颠簸微乎其微，刹车软硬度适中平稳。
车内静音效果非常好，米其林的轮胎也不是白给的，胎噪很小。
2.0T的鲲鹏动力搭载7速湿式双离合，加速平稳而且迅速，没有在行驶中出现换挡顿挫等现象。
超大的HUD抬头显示给行车增加了安全系数。
    
    
    
    
    


    






            

            




            

    油耗
        
            
            
        
        4
    
    
    
        

        0% buffered00:00播放暂停00:00/00:03倍速2x1.5x1.25x1x0.75x0.5x高清高清全屏切换50%75%100%满屏00:00汽车之家视频播放器  之家首页  复制链接  版本号 : 2.5.32

  
    
      
        
        
          
        
        
          
        
        
      
    
  


    
    

    试驾时的表显油耗7.8，这是在小计里程的显示，个人感觉综合油耗应该在9到10个左右，毕竟这么大的车而且是2.0T的排量，不过相对于来说结合整车表现，这个油耗是完全可以接受的。
因为个人开车比较生猛，我的瑞虎8plus，1.6T的排量综合油耗都在9个左右。
    
    
    
    
    


    





            
            

    外观
        
            
            
        
        5
    
    
    
        

        0% buffered00:00播放暂停00:00/00:11倍速2x1.5x1.25x1x0.75x0.5x高清高清全屏切换50%75%100%满屏00:00汽车之家视频播放器  之家首页  复制链接  版本号 : 2.5.32

  
    
      
        
        
          
        
        
          
        
        
      
    
  


    
    

    外观设计磅礴大气，尤其是瀑布式的中网和会发光的车标，相当上档次，要是车标的会变换颜色那就更好了。
整车1.7吨多，说明用料实在，侧面反应安全系数提升。
关于车身颜色个人推荐曦白色或者星银色，白色略显大气，不失风度，星银色略显沉稳又不失灵动。
隐藏式的门把手设计让整车的腰线看起来更有高级感。
    
    
    
    
    


    
    
    
    


    
    
    
    


    





            

    内饰
        
            
            
        
        5
    
    
    
        

        0% buffered00:00播放暂停00:00/00:05倍速2x1.5x1.25x1x0.75x0.5x高清高清全屏切换50%75%100%满屏00:00汽车之家视频播放器  之家首页  复制链接  版本号 : 2.5.32

  
    
      
        
        
          
        
        
          
        
        
      
    
  


    
    

    瑞虎9的内饰选择个人感觉算是豪华级别了，双12.3英寸的双联屏，超大尺寸的HUD抬头显示，大量的软材质包裹，体验感非常好。
内饰的连接缝均匀无线头，座椅材质舒适度较高。
整车音响效果相当炸裂，动感且不失真。氛围灯可以跟随音乐律动，不过个人感觉不够亮。
座椅通风和加热功能对于北方车主来说非常人性化。
    
    
    
    
    


    





            

    价格政策
        
            
            
        
        4
    
    
    全系享置换礼19000，个人推荐加购5000选择7座版本，因为现在7座也是6年免检，而且对于一家人出行7座版本更贴合。
    
    





            
                

    配置
        
            
            
        
        5
    
    
    
        

        0% buffered00:00播放暂停00:00/00:05倍速2x1.5x1.25x1x0.75x0.5x高清高清全屏切换50%75%100%满屏00:00汽车之家视频播放器  之家首页  复制链接  版本号 : 2.5.32

  
    
      
        
        
          
        
        
          
        
        
      
    
  


    
    

    配置方面瑞虎9的配置算是非常高了，个人最钟意的还是HUD的抬头显示，因为我的plus没有，不需要过多的地头看仪表盘，增加安全系数。
全速自适应巡航
对于我这种跑高速多的人是一个非常友好的配置。
碰撞预警和主动刹车
可以避免很多在分心时候的误操作和事故。
语音系统
识别度高，基本上可以实现车内的所有操作。
360全景影像和前后雷达
这个配置不管是老司机还是新手都是非常好用的，可以监测盲区，在停车和倒车的时候避免很多剐蹭。
无线充电功能
虽然我的手机不带无线充电，但是这个功能肯定也会在今后更加普及，为了一辆虎9去换一个可以无线充电的手机，好像也不是不可以。
对标我的瑞虎8plus，瑞虎9给我带来了更新鲜更舒适的感受，2.0的高功率发动机，L2.9级的辅助驾驶，让人与车能够更好的融合，期待四驱版本的cdc电磁悬挂，我一定要第一个去试驾。
    
    
    
    
    


    
    
    
    


    
    
    
    


    




            

            



        "
小小灬萌新,2023-06-29 首次发表,"
            
                
                    
                    暂无
                    行驶里程
                
                
                
                
                
                
                
                
                
                
                
                
                

                
                
                    15.00万
                    参考价格
                
                
                    2023-06
                    探店时间
                
                
                    昆明
                    探店地点
                
            
            
    
        
            
        
    
    

    
        $(document).ready(function () {
            var koubeiid = 5030894;

        });

    


            
                新车好评
                大家好，我是瑞虎系列的老车主，有瑞虎5瑞虎8混动两款车型，看到瑞虎9上市了，特意来4S店试一下这款车，这车给我的车第一眼感觉就是很大，很时尚，运动感十足。这个车的前脸采用了新一代瑞虎7 PLUS那套最新的家族式设计语言，前脸大嘴式进气格栅辅以直瀑式镀铬饰条点缀，极具视觉冲击力。两侧开眼角设计的大灯十分犀利，内部还采用了矩阵式LED灯源，再加上引擎盖上线条的勾勒，给人的感觉霸气且硬朗。而前包围类似“山”形的贯穿式格栅，还勾勒出C形进气口以及前铲造型，进一步提升了车头的运动气质，车身采用平直的线条，看起来方方正正。悬浮式的车顶搭配熏黑轮毂，再有扰流板和双出排气的加持，继续强调运动属性。而前倾的D柱位置还有点阵式纹理装饰，配合时下流行的隐藏式门把手以及贯穿式尾灯，又提升了时尚气息饰，内饰也是我们熟悉的奇瑞家族式后排的配置也比较丰富，不仅配备了老板键、独立空调按键，就连B柱位置上也有独立空调出风口。同时，后排座椅加热功能也没有缺席，门饰板还配备了电子开关门锁以及手动遮阳帘等配置，可见，瑞虎9对第二排乘客的乘坐舒适性照顾得颇为到位，也诠释了旗舰定位仪表盘+中控屏组成的一体式曲面双联屏，直接将科技氛围拉满，不过，触摸式的多功能方向盘十分新颖，并配有换挡拨片，而且还可以看到HUD抬头显示、手机无线充电功能以及造型很酷的空调出风口。后排的配置也比较丰富，不仅配备了老板键、独立空调按键，B柱空调出风口，后排座椅加热功能，门饰板还配备了电子开关门锁以及手动遮阳帘等配置，这个车动力也是很强，搭载了奇瑞2.0t鲲鹏动力的发动机，匹配了7速湿试双离合的变速箱！完全够用了，四驱顶配搭载了8AT的变速箱，适合喜欢蹦车老铁们，
            
            
                新车槽点
                瑞虎9这款车总体来说比我原来那款的配置高的太多，不是一点半点，特别是安全功能保护方面的，自动紧急制动、车道偏离预警、主动巡航等，唯一给我感觉不好的设计可能就是电子手刹的设计，设计在门板上，不太习惯！作为家用车来说，已经够用了，还有5座和7座可以选择
            

            

    空间
        
            
            
        
        5
    
    
    瑞虎9这个车呢定位中型SUV，能定位中型的车。像空间这些都不会有问题的，我168的身高，座进去空间就太宽了，头部离车顶20公分以上，主副驾都可调节。距离不会有问题的，后备箱空间就可大了。和瑞虎8PLUS得差不多，把后排座位放倒可以当床来使用！妥妥的
    
    
    
    
    


    
    
    
    


    
    
    
    


    






                

    驾驶感受
        
            
            
        
        5
    
    
    这个车的驾驶感总体来说还是相当不错，特别是动力，一点就来，后段提速也是相当给力，推背感妥妥的，超车也杠杠滴，豪不拖泥带水，奇瑞车对于车辆控制，刹车等，调校的很好！
    
    
    
    
    


    






            

            




            

    油耗
        
            
            
        
        5
    
    
    相对于其它品牌的车型，奇瑞的车对油耗方面控制的相当不错了，正常驾驶高速油耗7-8个，市区油耗8-10个，暴力驾驶的除外！
    
    
    
    
    


    





            
            

    外观
        
            
            
        
        5
    
    
    这个车的前脸采用了新一代瑞虎7 PLUS那套最新的家族式设计语言，前脸大嘴式进气格栅辅以直瀑式镀铬饰条点缀，极具视觉冲击力。两侧开眼角设计的大灯十分犀利，内部还采用了矩阵式LED灯源，再加上引擎盖上线条的勾勒，给人的感觉霸气且硬朗。而前包围类似“山”形的贯穿式格栅，还勾勒出C形进气口以及前铲造型，进一步提升了车头的运动气质，车身采用平直的线条，看起来方方正正。悬浮式的车顶搭配熏黑轮毂，再有扰流板和双出排气的加持，继续强调运动属性。
    
    
    
    
    


    
    
    
    


    





            

    内饰
        
            
            
        
        5
    
    
    瑞虎9的内饰跟合资车相比，已经碾压同级别的车了，配置豪华，搭配合理，隔音玻璃，智能操控系统，带8155芯片的车机，中央扶手还有大储物箱扶手
    
    
    
    
    


    





            

    价格政策
        
            
            
        
        5
    
    
    价格方面来说，优惠政策也是很大的，瑞虎9共推出领先版、豪华版、尊贵版、至臻版、旗舰版5款车型，官方指导价15.29-20.39万元，优惠方面有：舒享金融礼提供了至高8000元金融贴息，用户在分期购车时不会产生任何利息；舒享定金礼是2000元定金抵9000元车价，相当于瑞虎9拥有7000元现金优惠；舒享置换礼提供高达1.9万元置换补贴，且置换车型不受品牌影响，个地区还有当地政府补助的消费券，像云南还有商务厅购车补(2500加油劵)的活动，2023年6月22日到2023年7月31日购买车辆的！
    
    





            
                

    配置
        
            
            
        
        5
    
    
    
    
    




            

            



        "
塞外公路,2023-06-26 首次发表,"
            
                
                    
                    暂无
                    行驶里程
                
                
                
                
                
                
                
                
                
                
                
                
                

                
                
                    17.49万
                    参考价格
                
                
                    2023-06
                    探店时间
                
                
                    天津
                    探店地点
                
            
            
    
        
            
        
    
    

    
        $(document).ready(function () {
            var koubeiid = 5026260;

        });

    


            
                新车好评
                我是奇瑞瑞虎8和艾瑞泽5车主，这次到店体验瑞虎9可以说着实让我惊呆了，没想到瑞虎9这次的改变如此之大，这份改变不单单是造型、配色，绝对是质的跨越，而且是全面超越当前瑞虎家族所有车型的存在。

外观方面：绝对是能符合国际审美标准的设计
内饰方面：前所未有的时尚感和居家感
空间方面：多处储物空间，第二排地板纯平
隔音降噪：双层静音夹胶玻璃，有高级乘坐感
影音娱乐：8155芯片就是快，而且识别很准
坐垫承托：对于我173身高来说，到位且舒适
            
            
                新车槽点
                可能车子高度还有提升空间，1米85以上身高坐进车子时歪头感略明显
            

            

    空间
        
            
            
        
        5
    
    
    首先从后备箱纵深望去，那是相当的有深度有宽度，仿佛可以放下一张双人床，后排座椅放倒后纯平展现。
其次就是第二排腿部空间，几乎不用几拳来形容了，直接展示出了一臂的巨大优势，由于有航空舒压头枕的加持，头部空间非常舒适，能在长时间驾驶过程中保持头部一个舒适的自然状态。
最后值得夸奖的一点就是全车的储物空间很丰富，而且都很实用，小空间也能做到最大化，大空间更是做到了极致。

对于瑞虎9的空间，在同级车型中，综合表现还是能名列前茅的。
    
    
    
    
    


    
    
    
    


    
    
    
    


    






                

    驾驶感受
        
            
            
        
        5
    
    
    驾驶感受方面真的是超出了同乘所有人员的预期，它的动力怎么能这么强，变速箱怎么能这么平顺，制动怎么能这么舒缓。我可以很负责任的说，在这个价位里，能做到瑞虎9这样的操控表现已经是加量不加价的表现了。
我们展开说一下：
1、起步
丝毫没有顿挫，即便我怎么尝试怎么想鸡蛋里挑骨头，只要你是正常心态驾驶，你根本发现不了它变速箱的槽点
2、急加速
动力感受是那种平顺之中又稳稳的推着你走的感觉，这个稳是指动力的增进很稳，那种强大的推动力又不会让你感觉到把控不住
3、制动
我们尝试着踩急刹，没想到的是这么大的车全力制动下车身姿态居然能这么稳，而且在车内乘坐感觉一点没有推头的感觉
    
    
    
    
    


    
    
    
    


    
    
    
    


    






            

            




            

    油耗
        
            
            
        
        5
    
    
    油耗方面，鲲鹏动力本身就主打低油耗强动力，再加上成熟可靠的7速湿式格特拉克双离合变速箱，油耗基本上在7到8.5徘徊，城市上下班代步应该可以控制在9个以内
    
    
    
    
    


    
    
    
    


    
    
    
    


    





            
            

    外观
        
            
            
        
        5
    
    
    外观方面，瑞虎9可以说做出了国内国外皆喜爱的成绩，外观稳重大气，不仅商务人士喜欢，就连很多刚踏足社会的年轻人也对它的外观垂涎已久。我特别喜欢它的20寸大轮毂，跑起来的样子十分拉风，整体设计一点不输合资品牌。
    
    
    
    
    


    
    
    
    


    
    
    
    


    





            

    内饰
        
            
            
        
        5
    
    
    内饰主要感官还是用料上的提升，软的地方除了亲肤还更细腻，硬的地方也用一些特殊纹理来凸显高级感。而且这次瑞虎9在整体风格上和以往瑞虎车型区别开来，中控操作区整体抬高了，方便主副驾人员胳膊的自然搭档。而且仪表台整体看上去很有一种环抱的感觉，很居家的氛围。
除此之外，全车很多地方都配有氛围灯装饰，尤其是晚上一下子高级感就出来了，顶配车型的天使之翼让十几万的车子一下子有个豪华车五六十万的感觉。
    
    
    
    
    


    





            

    价格政策
        
            
            
        
        5
    
    
    首先我觉得这车定价真不高，你得分析它都能给你提供哪些配置再讨论价格。当我听到1万9的优惠政策时着实惊呆了，再加上首发时盲订礼3999优惠，基本上指导价可以落地，16出头买这个中级旗舰SUV，动力是翘楚般存在，整车终身质保，你还担心什么？
    
    





            
                

    配置
        
            
            
        
        5
    
    
    要说配置，瑞虎9可以说是把诚意给到了光明顶，欲与各家竞品决战一番，像什么一些人性化的储物挂钩，50瓦无线快充，B柱空调出风口等等诚意的实用配置瑞虎9都给到你了。
再比如L2.9级辅助驾驶，驾驶证疲劳监测，隐藏门把手，8155高通骁龙车机芯片，爱信8AT，最新版适时四驱，CDC电磁悬挂等等，其中很多配置都是在合资至少要上到30万才会有的配置，瑞虎9在20以内就全给你配齐了，而且是一次性给到你，对于国产车你还想要它做什么？

瑞虎9的发布也必将把奇瑞推向一个全新的国际战略布局，它也将携手全新的火星架构平台为全球消费者带来更加精彩的驾乘体验。奇瑞加油。
    
    
    
    
    


    
    
    
    


    
    
    
    


    




            

            



        "
时间旅途,2023-06-25 首次发表,"
            
                
                    
                    暂无
                    行驶里程
                
                
                
                
                
                
                
                
                
                
                
                
                

                
                
                    13.99万
                    参考价格
                
                
                    2023-06
                    探店时间
                
                
                    重庆
                    探店地点
                
            
            
    
        
            
        
    
    

    
        $(document).ready(function () {
            var koubeiid = 5025216;

        });

    


            
                新车好评
                我是一名瑞虎8 Plus车主，瑞虎9新车上市了这么久，今天终于决定去体验一下，4s店告知不用预约，直接去试驾就可以了！
 首先，我在门口静态观察外观，外观比瑞虎8plus稍微低趴一点点，看着感觉大一圈，大灯我更喜欢8plus的设计，比较有层次感，瑞虎9的可点亮的logoi让人眼前一亮，无门框门把手设计也是最近比较潮流的设计，贯穿式尾灯设计夜间让行车更安全，隐私玻璃的设计感觉可以不用贴车膜了。。
            
            
                新车槽点
                说一下新车的槽点吧:瑞虎9的实体按键比较少，导致如果你操作空调或者香薰这些功能的话，都是需要去触摸屏操作的。如果在开车的过程中去调节这些东西的话，是比较危险的。
            

            

    空间
        
            
            
        
        5
    
    
    主驾，副驾，后座三个区域的头部及腿部空间都是非常宽裕的，毕竟这个车长非常的大，我觉得就是后备箱的空间太大了。可以把后备箱的空间缩小一点点吧，后排的空间再变大一点点。
    
    
    
    
    


    






                

    驾驶感受
        
            
            
        
        5
    
    
    底盘的调教和滤震效果我是非常满意的。支撑性和滤震做的比较平衡。转弯时侧倾非常的小，在车内赶不到明显的外界路感震动。
    
    






            

            




            

    油耗
        
            
            
        
        4
    
    
    这辆车采用的是2.0t的发动机，开车完成超车提速，这些完全没有压力。所以油耗的话在市区表显油耗是在十个油左右（空调全程21度）
    
    





            
            

    外观
        
            
            
        
        5
    
    
    外观方面，整体看起来是比较大气的，车身侧面和后面的设计都是挺好看的，前面的进气格栅设计的非常大，我觉得还是非常好看的。
    
    
    
    
    


    





            

    内饰
        
            
            
        
        5
    
    
    内饰主要是豪华感与科技感。车辆内部大部分地方都是采用的软包围。几乎让你感觉不到塑料感，中央的扶手，手感非常好，车内的用料都能让你感觉得到设计师真的用心了
    
    
    
    
    


    





            

    价格政策
        
            
            
        
        4
    
    
    等车周期的时间还是比较短的，大概就15天之内吧。价格的话要看当地的政策，我们重庆这边的话，目前是没有什么优惠的。某些地区可以咨询一下当地政府，看有没有购车补贴。
    
    





            
                

    配置
        
            
            
        
        5
    
    
    配置向来是国产车能体现性价比的主战场，已经和合资拉开了非常大的差距。可以说应有尽有。我试驾的是中配，座椅通风加热、骁龙8155、远程控制等等都有，Acc也有，我在试驾时使用了一下，还不错，车与车距离大概一个车样子，跟车时不会自动启动，得踩一脚油门。启动过程很简单，方向盘上按一下就行。车机速度很快，一点都不卡顿。还有方便出入的模式，非常不错。
    
    
    
    
    


    




            

            



        "
芜湖强总,2023-06-20 首次发表,"
            
                
                    
                    暂无
                    行驶里程
                
                
                
                
                
                
                
                
                
                
                
                
                

                
                
                    17.99万
                    参考价格
                
                
                    2023-06
                    探店时间
                
                
                    芜湖
                    探店地点
                
            
            
    
        
            
        
    
    

    
        $(document).ready(function () {
            var koubeiid = 5018343;

        });

    


            
                新车好评
                1.首先让我印象比较深的就是它四驱版本配的是一个电磁悬挂。这个电磁悬挂，我们也刚刚也测试了一下，它在一些快速路拐弯儿的时候，它对侧心的抑制气碎振动，车内的滤震效果，以及急加速极减速，它的俯仰感总体表现呢还是非常有惊喜的，但是也没网上传的那么夸张，因为我们把这个底盘顶起来看了一下，前旋用的是一个麦弗逊的结构，后面用的是一个多连杆，然后呢，它的百臂用料都是
这种冲压缸的，而它的仰角部分用的又都是这种铝合金的材料，只能说它调效的还不错。
2.瑞虎9全系都是2.0T的发动机，261匹马力，400牛米，就这个动力总成，虽然比不上新能源车加速那么丝滑，但是对于同价位的燃油车来说，这个动力水平绝对是数一数二的，那它整体开起来呢，就是那种比较厚重的感觉啊，就非常的沉稳。
3.瑞虎它的隔音材料前面用的是一个双层的杂胶玻璃，这个是全系标配的。然后我们刚把这个底盘抬起来的时候也，发现它在整个底盘也用了很多的喷涂材料，那它车内的噪音控制的整体来说还是不错的。
4.瑞虎9的这个内饰可以看出来还是花了很大的心思，内饰用了麂皮的材料包裹，全部覆盖，再加上这种方形的出风口的设计，所以它的整个内饰还是比较有质感的。
5.空间也是瑞虎9的超大亮点，2820mm的超长轴距，带来了超大的车内驾乘空间。后排全平地板让坐在中间的乘客也有足够的腿部空间，坐在后排也可以进行语音控制，非常方便。舒适宽大的后排座椅，包裹性很强，可调的后排座椅靠背，总能找到一个舒适的坐姿。
6.车身侧面，瑞虎9的车顶线条自A柱后开始逐渐下滑，营造出了类似于溜背式车顶的视觉效果，双色车身搭配流畅简洁的线条，将车身勾勒的富有力量感，稳健大气，一眼望去很有路虎揽胜星脉的既视感。联想到奇瑞与捷豹路虎的合资关系，不排除这次瑞虎9的造型很可能是由路虎设计师操刀设计。
            
            
                新车槽点
                1.车内的这个大屏我是真得好好吐槽一下，就如果你不能设计成那种连屏的话，那么这个黑边能不能稍微窄一点，因为这样看的话，真的有一种山寨的感觉，虽然它全系用的都是8155的芯片。

2.这个音响，虽然全系都是索尼的，但是它低配只有八个喇叭，高配呢是12个喇叭，只有顶配车型才有14个扬声器，所以大家呢也不要被误导了。
            

            

    空间
        
            
            
        
        5
    
    
    2820mm的超长轴距，带来了超大的车内驾乘空间。后排全平地板让坐在中间的乘客也有足够的腿部空间，坐在后排也可以进行语音控制，非常方便。舒适宽大的后排座椅，包裹性很强，后排座椅靠背也可调节。
    
    






                

    驾驶感受
        
            
            
        
        5
    
    
    起步加速瑞虎9一点也不拖泥带水，动力随叫随到。驾驶的这车辆车动力为鲲鹏动力400T+麦格纳全球最新一代7DCT湿式双离合变速箱，最大功率192kW，峰值扭矩400N.m。实际驾驶过程中，瑞虎9的换挡也非常平顺，并不会因为是7DCT的变速箱而有任何顿挫感，再加上拨片换挡功能，在山路驾驶乐趣更佳。
    
    
    
    
    


    






            

            




            

    油耗
        
            
            
        
        5
    
    
    瑞虎9 2.0T＋7DCT版本实测半小时油耗为7.9L/100km，对于一台接近2.5吨的纯燃油中型SUV来说算是不错的成绩。
    
    





            
            

    外观
        
            
            
        
        4
    
    
    瑞虎 9 基于全新一代设计语言 "" 柔光美学 "" 打造，相比于奇瑞汽车过去的产品设计，整车的大气感油然而生。细节方面也很有看点，比如：镀铬材质的八边形直瀑格栅，搭配可发光的奇瑞新款logo更显高级；矩阵式LED大灯与“L”型仿进气口，提升了科技感与时尚度。

从侧面看去，瑞虎9车身非常修长，轮廓硬朗，贯穿前后的腰线和凸出的轮拱进一步增强了SUV的力量感。标配的20英寸多辐轮毂，大小合适，与整体造型很搭；而隐藏式门把手、双色车身和悬浮车顶都是很时髦的汽车设计元素。另外，在前大灯与后灯组之间，瑞虎 9 利用一条隆起的腰线相连，让侧面更具力量感。
    
    
    
    
    


    
    
    
    


    
    
    
    


    





            

    内饰
        
            
            
        
        5
    
    
    虽然新车的内饰配色采用了浅色，但是搭配一众设计却让整车内饰显得富有质感，几乎每一处用料都可以看出奇瑞汽车的用心。
    
    
    
    
    


    
    
    
    


    





            

    价格政策
        
            
            
        
        4
    
    
    咨询了销售人员，告知订车后大约也需要等两周左右，目前两驱最高配去掉置换补贴等后落地价大约在15W多点！对于奇瑞老车主的话可能在置换能享受到奇瑞品牌额外补贴，置换补贴19000，前期参与盲订获得4000元购车券。
    
    





            
                

    配置
        
            
            
        
        5
    
    
    2.0T发动机已经不陌生了，400牛·米的最大扭矩、192千瓦的最大功率，放在所有2.0T发动机中来看都是一流的。搭配7DCT变速器，第一脚油门踩下去，动力随之而来，油门的跟脚度也很好，也就是每一次踩踏车辆都能给你相应的动力输出，特别是在中高速时再加速，浑厚的动力可以带来更好的反馈，所以坊间流传的那句“奇瑞车的中后段加速你永远相信”可不是吹的。
    
    
    
    
    


    




            

            



        "
童年记趣,2024-02-20 首次发表,"
            
                
                    4000km
                    
                    行驶里程
                
                
                    8.8L
                    百公里油耗
                
                
                
                
                
                
                
                
                
                
                
                

                
                
                    14.69万
                    裸车购买价
                
                
                    2023-11
                    购买时间
                
                
                    南京
                    购买地点
                
            
            
    
    

    
        $(document).ready(function () {
            var koubeiid = 5297261;

        });

    


            
                最满意
                瑞虎9内饰外观都挺满意的,尤其是动力响应方面.
            
            
                最不满意
                最不爽的是后排独立空调的出风口大钢牙是非常的容易触碰,然后我具体列出以下瑞虎9的缺点.
1:后排独立空调大钢牙按键容易触碰,几乎没有实体按键,双闪的开关在中空上面,很离谱.
2:方向盘左下方偶尔会有几秒一次的异响.
3:瑞虎9上市已经大半年了,竟然还没有车机仪表盘主题切换升级推送,而瑞虎9机械仪表盘主题切换早在12月份的时候就有4S店通过U盘升级这个系统.
4:瑞虎9的底盘不够平整,表现在排气管这一块,另外瑞虎9是出场自带发动机护板的,所以有车友新车可以不用买,虽然是一块塑料的.
5:瑞虎9的前雷达,据说有很多车主反应没用,我试过前台除非在离障碍物特别近的情况下才会报警.
6:方向盘手感偏重,女性开可能会很累.
7:在购车时,由于大意先交了定金,然后什么都没送,只有一个灭火器,脚垫,脚垫回来换上新的就扔了,保养什么的都没争取到,有个小老弟,去谈的时候我在边上,人家就是直接说,我要几次保养,行就交定金,不行就走人,很直接,所以提醒广大预购车主,不要先给钱,不要先给钱,不要先给钱.
            

            

    空间
        
            
            
        
        4
    
    
    空间方面也可以给到80分,但是前排座椅深度偏低,我身高173,体重70公斤,前排座椅是顶不到我的膝盖腿弯处.后排没的说,做3个人一点都不挤.
    
    






                

    驾驶感受
        
            
            
        
        5
    
    
    爱信的8AT在奇瑞手上调校还行,升降档都很积极,动力方面在3种不同模式下,感受也各不相同,经济模式,发动机变速箱,会在2000转左右给你升档,控制你的转速,速度在85左右的时候会升到8挡,普通模式的时候一般都在7挡,,运动模式由于没过磨合期,也没敢踩.
    
    






            

            




            

    油耗
        
            
            
        
        4
    
    
    城市油耗,打底10个油,速度在80-100之间最省油,目前我小计里程,120公里,最低跑过6.3,在80-100这个区间,高速跑过一次120的,1900转,油耗得8+,这点SUV跟轿车相差还是蛮大的.
    
    





            
            

    外观
        
            
            
        
        4
    
    
    瑞虎9的车身外观总体来说还是可以给到90分的,缺点是中网设计上不够理想,还有引擎盖从驾驶室方向看过去,就很奇怪.
    
    





            

    内饰
        
            
            
        
        4
    
    
    内饰做工还是可以的,起码在我的认知当中,低于30万得车,是没有这种用料做工的,尤其是合资车,当然国产车的卖点就是配置.
    
    





            

    性价比
        
            
            
        
        4
    
    
    我第一辆车是1.5T的荣威RX5,上路16万,瑞虎9在旧车置换方面的价格是1.9万,9千现场补,1万3个月之内返还,我本人已经收到.
    
    





            
                

    配置
        
            
            
        
        5
    
    
    配置方面还是很给力的,车机各项功能很正常,没有出现死机的情况,功能蛮多.
    
    




            

            



        "
蒲鸿义,2023-07-14 首次发表,"
            
                
                    300km
                    
                    行驶里程
                
                
                    8.5L
                    百公里油耗
                
                
                
                
                
                
                
                
                
                
                
                

                
                
                    14.39万
                    裸车购买价
                
                
                    2023-06
                    购买时间
                
                
                    张掖
                    购买地点
                
            
            
    
    

    
        $(document).ready(function () {
            var koubeiid = 5051137;

        });

    


            
                最满意
                瑞虎9最让我满意的是它的外观，尤其喜欢它的车身颜色和月墨色的车身颜色看起来很有高级感。
            
            
                最不满意
                用车过程中，让我觉得不太满意的一点是这款车的隐藏式门把手设计的有点不太方便，有时候人都到车跟前了门把手还没漏出来，无形中增添了一点不快。其他的地方都还是很ok的。
            

            

    空间
        
            
            
        
        5
    
    
    空间大而实用，一家子出门装一些日常用具都能装下。
    
    






                

    驾驶感受
        
            
            
        
        5
    
    
    开起来舒适感强，动力也很带劲，亦易操控。
    
    






            

            




            

    油耗
        
            
            
        
        5
    
    
    跑了一两回高速，油耗下来是8.2，但在市区跑油耗就高了，几乎在8.8，8.7之间。
    
    





            
            

    外观
        
            
            
        
        4
    
    
    本人是一个感性的人，买车先看颜值，瑞虎9时尚大气的颜值也是我选择它的主要原因，特别喜欢它虎头虎脑的前脸，还有那个发光的车标，真是越看越喜欢。侧面隐藏式门把手是挺时尚的，但终归还是不方便。
    
    





            

    内饰
        
            
            
        
        5
    
    
    内饰座椅坐着很舒服，做工也很精细，一看就是用了心的，空调出风口也很多。像这样炎热的天气，坐在车内吹着空调，这种感受别提有多美了。
    
    





            

    性价比
        
            
            
        
        5
    
    
    这款车在同级车型当中算是很好的一款车了，外观大气，动力强劲，油耗也不算太高，而且科技感也很强，这样的车给谁谁不爱呢？
    
    





            
                

    配置
        
            
            
        
        5
    
    
    这款车的定速巡航非常好用，上高速开启了定速巡航功能不用变速，勇往直前。还有一个好用的功能就是它的车道偏离预警功能了，当开车偏离原轨迹就会自动提醒你。
    
    




            

            



        "
yichuangtinfeng,2023-11-14 首次发表,"
            
                
                    4940km
                    
                    行驶里程
                
                
                    8.1L
                    百公里油耗
                
                
                
                
                
                
                
                
                
                
                
                

                
                
                    17.30万
                    裸车购买价
                
                
                    2023-08
                    购买时间
                
                
                    广州
                    购买地点
                
            
            
    
    

    
        $(document).ready(function () {
            var koubeiid = 5214750;

        });

    


            
                最满意
                油耗最满意，近五千公里，高速多表显油耗8.1，没有具体算真实油耗，堵车的时候油耗高，动力很满意，虽然有点延迟，但是动力很足，提车三个月了，由于跑了两次长途约两千公里，前天去首保了，升级更换了护手箱盖，还有两颗螺丝，厂家送了一支茅台干红，虽然不喝酒，也感受到了厂家的心意，对售后暂时感觉满意，如果售后能够服务继续满意就继续在这里保养，维护。使用过程中有些小问题也说说，希望厂家能够改善，出现两次对右后来车的识别警示没有显示，右后视镜，中控屏都没有，然后两次都是要两次熄火启动后才恢复，还有一个就是方向盘按喇叭不方便，要很大力。暂时就这两个问题了。
            
            
                最不满意
                喇叭要大力按，这样不方便，也有安全隐患。
            

            

    空间
        
            
            
        
        5
    
    
    空间大，拉东西放倒后排，可以装很多东西，而且后备箱还可以把盖板取了下面还有几百升的空间
    
    






                

    驾驶感受
        
            
            
        
        5
    
    
    以前的是比亚迪S62.0自吸，两个的驾驶感受差太远了，所以非常满意，
    
    






            

            




            

    油耗
        
            
            
        
        5
    
    
    高速居多，正常五十公里有差不多四十公里的高速，只要不堵车表显可以不到6
    
    





            
            

    外观
        
            
            
        
        4
    
    
    外观大气，看起来很大，看起来却很轻松，虎里虎气
    
    





            

    内饰
        
            
            
        
        5
    
    
    内饰高级感很强，触手可及的软包裹，座椅舒适
    
    





            

    性价比
        
            
            
        
        5
    
    
    性价比很高，我是看了后就再也不看其它车型的了
    
    





            
                

    配置
        
            
            
        
        5
    
    
    我买的是两驱高配，配置拉满，实用性高，车机流畅，语音交互满意
    
    




            

            



        "
xuehangLv,2023-11-13 首次发表,"
            
                
                    9500km
                    
                    行驶里程
                
                
                    9.0L
                    百公里油耗
                
                
                
                
                
                
                
                
                
                
                
                

                
                
                    16.30万
                    裸车购买价
                
                
                    2023-05
                    购买时间
                
                
                    青岛
                    购买地点
                
            
            
    
    

    
        $(document).ready(function () {
            var koubeiid = 5214266;

        });

    


            
                最满意
                这台车让我最满意的无非就是外观设计几乎同样尺寸的瑞虎8pro的车型但是虎九一眼看过去就比他大很多很多，再者就是动力操控性，在超车过程中动力响应非常迅速，在高速后段加速过程中动力依然很足很猛，毕竟是用的星途高功率发动机，唯一遗憾的就是，当时买车的时候只有两驱加双离合，没有跟4驱➕8AT一起出来，这是比较遗憾的，燃油经济性上这台车总体还可以，市区在10油上下，综合在8.8个油左右，因为我开的比较猛，总体来说我买这个车呢看重的地方就是外观大气、动力足，燃油经济性比同级车型省油，因为当时四驱没出来所以买的两驱豪华，买豪华版主要就是看中了座椅加热通风、腰托、内置行车记录仪等配置，因为在我前期开车过程中有这些配置很好的减轻驾驶疲劳程度
            
            
                最不满意
                最不满意的就两点前中网间隙有过大、而且很明显就能看到内置防撞梁、很容易近一些小虫子对散热水箱造成一定程度的撞击变形，第二就是中置扶手箱那个盖子，前期试车人员在试车过程中没有测试出来吗还是怎么着，跑到用户手里才发现此类问题，第二就是雷达，系统升级前跟升级后为什么会出现雷达探头失灵问题，这个在试车测试车机系统过程中没有测试出来嘛，我虎九的前车雷达本来就5个一换换仨，才买了不到半年的车就拆了前杠，真的很心疼，但是售后人员的专业程度还是值得肯定的，我作为外资工程机械制造厂家的试车员句我了解这些问题都是可以在厂家车辆在全国各地路试过程中都可以发现的
            

            

    空间
        
            
            
        
        5
    
    
    前后排空间完全够用，第二排座椅放倒纯平，可以经过简单的铺设睡觉用品，可以当一个成年人的双人床
    
    






                

    驾驶感受
        
            
            
        
        5
    
    
    超车动力响应及时、高速路后段加速依然很足
    
    
        起步/加速动力
        经济、标准模式起步特别平稳、运动模式起步比较冲，日常超车对方车辆多快都能超过去
        
        
    






            

            




            

    油耗
        
            
            
        
        5
    
    
    我用车路段比较综合、市区、郊区、乡村各一半，综合油耗9个，市区拥堵油耗11个，市区正常油耗8.8-9.5左右，郊区乡村油耗7-8.3左右，高速巡航油耗7个油上下最低高速油耗干到了6.5，最高油耗也干到了11.3
    
    





            
            

    外观
        
            
            
        
        5
    
    
    比同级车型外观设计原因，都要大而且稳重、买这台车也是因为外挂才选择的他重要原因
    
    





            

    内饰
        
            
            
        
        4
    
    
    做工用料，整体说的过去，但是细节装配方面需要改善，
    
    





            

    性价比
        
            
            
        
        5
    
    
    购车优惠力度我是9.9低3999，交两千大定金低9000购车费用都享受到了，这台车在代号为T26车型过程中就已经注意到他了，后期经过对比吉利星越L、长安UNK这两款车型，无论是空间上还是外观上都完胜拿两款有商车型，但是内饰设计方面长安UNK还是比虎9略微年轻一点
    
    





            
                

    配置
        
            
            
        
        5
    
    
    这台车该有的舒适性配置都有了，总体对我来说我需要的就是自动辅助驾驶、座椅加热通风、行车记录仪等一些舒适性配置，所以豪华版车型已经完全可以满足我的用车需求
    
    




            

            



        "
安子5004,2023-10-28 首次发表,"
            
                
                    2086km
                    
                    行驶里程
                
                
                    8.6L
                    百公里油耗
                
                
                
                
                
                
                
                
                
                
                
                

                
                
                    14.39万
                    裸车购买价
                
                
                    2023-09
                    购买时间
                
                
                    贵阳
                    购买地点
                
            
            
    
        
            
        
    
    

    
        $(document).ready(function () {
            var koubeiid = 5199813;

        });

    


            
                最满意
                ，⊙ω⊙⊙ω⊙目前跑过高速，跑过国道，整体感受对得起这个价位，同时作为一款国产SUV，我对奇瑞还是比较有信心的，L2级别的辅助驾驶很安心，也让驾驶员开起来放心，30码以下环影在转弯和倒车及入库来说还是比较顺心，后排地板平顺，腿部空间够大，前后都带桌椅通风加热，不管热天还是冷天，对驾乘人员的关怀还是比较到位的，扶手箱开空调的时候有冷风，有一定的保鲜效果，后备箱空间很大，很实用，有些人吐槽油耗，其实这个车9升左右的油耗是可以接受的，毕竟这个排量和这个体重，表显8.6左右，实际要着9.3左右，表显有点快乐。
            
            
                最不满意
                缺少实体键还有一定的适应时间，车鼻子高了一点，对视野还是受到一定的影响，行车记录仪没有储存卡，麻烦还要自己配。后备箱只有一个挂钩，方便性要差一点。
            

            

    空间
        
            
            
        
        5
    
    
    总体来说还是比较满意的，空间够用，设计人性化。
    
    
    
    
    


    






                

    驾驶感受
        
            
            
        
        5
    
    
    加速足，如果调整到运动模式，感觉更好，suv视线还是要调整好座位。
    
    






            

            




            

    油耗
        
            
            
        
        5
    
    
    9升左右，如果一直高速可以做到8个左右。。
    
    





            
            

    外观
        
            
            
        
        5
    
    
    车型看起来大气，线条流畅，稳重大方，让人有前进的动感。
    
    





            

    内饰
        
            
            
        
        4
    
    
    细节还是要改进一下，接口的平整度和缝隙还是有一定的改进空间。
    
    





            

    性价比
        
            
            
        
        4
    
    
    在这个价位性价比还是不错的，有新能源车型就好了，毕竟可以兼顾环保和油耗成本。
    
    





            
                

    配置
        
            
            
        
        4
    
    
    感觉配置基本上都是够用的，也不需要太多花哨的东西，毕竟主题功能实用就行。
    
    




            

            



        "
惠州车友8383320,2023-10-04 首次发表,"
            
                
                    350km
                    
                    行驶里程
                
                
                    7.5L
                    百公里油耗
                
                
                
                
                
                
                
                
                
                
                
                

                
                
                    18.00万
                    裸车购买价
                
                
                    2023-09
                    购买时间
                
                
                    惠州
                    购买地点
                
            
            
    
        
            
        
    
    

    
        $(document).ready(function () {
            var koubeiid = 5175186;

        });

    


            
                最满意
                虎9整车外观设计上确实上了一个档次，动力也充沛，配置丰富，科技含量高，同配置级别还不错
            
            
                最不满意
                1.最近在高速行驶中，踩油门发现有电流声，不踩就没有，轻踩就有，越深明显变大，跟电动车油门那种电流声，网上也有这种反馈，不知道算不算正常，反正膈应，开去4S看看
2.内饰钢琴烤漆太多，很担心后期刮花难看，而且烤漆很薄，包括BC柱和车围黑色装饰条以及轮毂圈，好看是好看，但也可以设计磨砂系的
3.油箱盖略有不平，从下往上看有凸起，展车都是内凹的，应该是装配工艺问题，运气不好，不影响使用，做工有待提升啊。
4.原厂送的东西太少
            

            

    空间
        
            
            
        
        5
    
    
    空间足够，车长车宽足够

加7座略微拥挤
    
    






                

    驾驶感受
        
            
            
        
        5
    
    
    油门响应积极，动力十足，超车无压力
升级的涡轮确实优秀
    
    






            

            




            

    油耗
        
            
            
        
        5
    
    
    目前行驶公里不多，350公里B油耗表显7.5 这么大的车算可以了，看后期的表现。
    
    





            
            

    外观
        
            
            
        
        4
    
    
    外观好看，尤其侧面看像林肯的设计，侧面无敌，正面略有不足，把大胡子改成大灯就更完美了
    
    





            

    内饰
        
            
            
        
        4
    
    
    内饰不错，有奔驰的感觉，就是实体不多，担心后期的维修，钢琴烤漆太多，容易刮花
    
    





            

    性价比
        
            
            
        
        4
    
    
    同级别还是不错的，动力碾压同级别，设计也算比较中肯
    
    





            
                

    配置
        
            
            
        
        4
    
    
    配置比较丰富，有迎宾灯光，灯语设计也不错，还有的都有
    
    




            

            



        "
欧萌达车主,2023-09-28 首次发表,"
            
                
                    
                    暂无
                    行驶里程
                
                
                
                
                
                
                
                
                
                
                
                
                

                
                
                    15.30万
                    参考价格
                
                
                    2023-08
                    探店时间
                
                
                    成都
                    探店地点
                
            
            
    
    

    
        $(document).ready(function () {
            var koubeiid = 5171620;

        });

    


            
                新车好评
                我以前是奇瑞E3的车主，现在是欧萌达的车主，瑞虎9还没有上市的时候我就在网上看了很多关于虎9的视频和图片，说实话这个车给我的第一印象就是非常大气，有点硬汉的感觉，2.0T的动力非常强劲，加速提速都很快，几乎感觉不到顿挫，刹车的制动踏板感觉比欧萌达要大一些，制动距离比我以前的E3要短一些，也比欧萌达要短一些，8155的芯片车机响应很快，实体按键要比欧萌达要少一些也更先进一些，也采用了目前流行的怀档设计，从传统的车型到现在的按键转换全部由车机控制，这是一个大胆的尝试，也非常高科技，当然这款车型也有五座和七座不同的车型选择，座椅方面也采用了真皮材质包裹并且使用了大量的缝线装饰，这样看着非常高级。
            
            
                新车槽点
                整体对虎9比较满意，就是我还是比较喜欢实体按键，可能是因为习惯了实体按键吧，还有就是大部分都是语音控制，如果在信号不好的地方网络难免会出现卡顿，在这样情况下还是实体按键比较好一些。
            

            

    空间
        
            
            
        
        5
    
    
    主驾位够宽敞，副驾位置同样舒适，第二排跷二郎腿完全没问题，第二排的中间还有一个水杯架可以放下来，给人感觉非常大气，后备箱空间够大，比欧萌达大很多。
    
    






                

    驾驶感受
        
            
            
        
        5
    
    
    
    
    






            

            




            

    油耗
        
            
            
        
        4
    
    
    
    
    





            
            

    外观
        
            
            
        
        5
    
    
    
    
    





            

    内饰
        
            
            
        
        5
    
    
    
    
    





            

    价格政策
        
            
            
        
        5
    
    
    我喜欢的是2023款领先版5座的车型，指导价是15.29万元，落地价在17万左右，这款车目前优惠力度很大，置换补贴最高1.9万元，还有预交2000抵9000的定金礼，还有8000元的金融贴息，首任车主免5年的娱乐流量和终身免费基础流量，相对于就是导航和听热门歌曲都是免费的流量。
    
    





            
                

    配置
        
            
            
        
        5
    
    
    
    
    




            

            



        "
廊坊车友2572628,2023-08-05 首次发表,"
            
                
                    600km
                    
                    行驶里程
                
                
                    10.0L
                    百公里油耗
                
                
                
                
                
                
                
                
                
                
                
                

                
                
                    16.20万
                    裸车购买价
                
                
                    2023-07
                    购买时间
                
                
                    廊坊
                    购买地点
                
            
            
    
        
            
        
    
    

    
        $(document).ready(function () {
            var koubeiid = 5086795;

        });

    


            
                最满意
                目前很满意，车机反应快，行驶感受特别好，底盘反馈质感真的是太棒了，目前还没有跑过高速，后备箱空间太大了，后排空间很大，做过后排的人都会说太大了。氛围灯晚上也很漂亮，座椅也舒服，加92的油，动力也十足，空调方面也特别凉快，而且瑞虎9还有一个特别好的方面就是钥匙离近解锁之后车机会让空调快速的让车里面换气，这点真的太好了，晚上大灯真的是太亮了，不比2－3十万的合资车差，而且座椅也舒服，在国道跑120稳如老狗。。
            
            
                最不满意
                唯一不满意就是不能车载微信，还有就是安全带插口不太方便，需要适应
            

            

    空间
        
            
            
        
        5
    
    
    本人身高1.88，我的后排坐上去可以翘二郎腿。
    
    






                

    驾驶感受
        
            
            
        
        5
    
    
    
    
    
        起步/加速动力
        快，稳。动力强劲
        
        
    
        开空调/满载加速
        很好，空调制冷快。凉快
        
        
    
        方向盘轻重
        掉头很灵活，方向盘回正正好
        
        
    
        弯路/并线稳定性
        没有测倾，而且特别舒服
        
        
    






            

            




            

    油耗
        
            
            
        
        5
    
    
    油耗现在还可以接受，没有出磨合，10.5左右吧。我一般喜欢暴力驾驶
    
    





            
            

    外观
        
            
            
        
        5
    
    
    整体效果很好，后尾设计特别棒，前脸越看越喜欢。
    
    





            

    内饰
        
            
            
        
        5
    
    
    异味特别小，做工精细。二排坐着也舒服，座椅通风特别好。
    
    





            

    性价比
        
            
            
        
        5
    
    
    性价比很高，目前还没有做过保养。售后服务态度很好
    
    





            
                

    配置
        
            
            
        
        5
    
    
    自应适巡航很好，360全境特别清晰，可以避免不必要的碰撞
    
    




            

            



        "
呼和浩特车友5511745,2023-07-28 首次发表,"
            
                
                    750km
                    
                    行驶里程
                
                
                    9.0L
                    百公里油耗
                
                
                
                
                
                
                
                
                
                
                
                

                
                
                    15.99万
                    裸车购买价
                
                
                    2023-07
                    购买时间
                
                
                    呼和浩特
                    购买地点
                
            
            
    
    

    
        $(document).ready(function () {
            var koubeiid = 5076819;

        });

    


            
                最满意
                动力好，提速快，换档平顺，操控性好，驾驶平顺，座椅通风，噪音小，油耗低，室内空间大，配置丰富，后排座椅放倒可以当床车使用，还配置了手机无线充电，座椅加热通风特别是重庆夏天天气又热，座椅通风这个是真心实用，行驶中再也不用但心屁股和后背湿哒哒的。这款车真的确实很耐看，而且是那种越看越好看的那种，安全性高。，扶手箱的容积确实没得说可以放很多水并且还带空调出风口。空调效果很不错。性价比我打8分。真心推荐友友们购买
最不满意
不满的地方也有，就是福酒的一些细节，装配确实需要有待提高!要多向其他品牌学习!总体来说高速省油市区一般般，但是毕竟车重在这里呢!有一说一哈!
本人身高165.坐在车里面还是比较舒适的，确实没话说，后备箱还是蛮大的驾驶感受古出食古古
提速快，油耗低，动力强，配置丰富空间大换
挡平顺，操控性好，驾驶平稳
油耗
在重庆主城使用平均油耗9个油
城市油耗
主城平均油耗9个油
外观 
整体比较大气。侧面和后面都挺好看的。前面
进气格栅很好看
内饰
豪华感和科技感是瑞虎9重点打造的方向，车内，配色以浅色为主，配合大量皮质包裹
性价比
总体来说瑞虎9性价挺高的，售后问题即时处
理，奇瑞越来越好了
配置女食食食女
说这个性价比挺高的，售后有问题，及时处:
奇瑞越来越好了
            
            
                最不满意
                整体换不错 主要是有点声音大了 点
            

            

    空间
        
            
            
        
        5
    
    
    空间大 副驾坐着舒服 7座跟家人出去旅游
    
    
        ☆ 空间设计亮点
        内饰都是皮的
        
        
    
        后备厢容积
        后备箱容量挺大
        
        
    






                

    驾驶感受
        
            
            
        
        5
    
    
    不错不错 可以下手
    
    
        起步/加速动力
        起步的话有制动停车功能
        
        
    
        方向盘轻重
        方向盘挺轻的
        
        
    
        刹车灵敏性
        刹车片挺灵敏
        
        
    






            

            




            

    油耗
        
            
            
        
        4
    
    
    城市走的话9个油多 跑高速的话7
8个油 挺省油的 毕竟怎么大个车
    
    





            
            

    外观
        
            
            
        
        5
    
    
    外环整体大气 开上感觉酷酷的 更适合年轻人下手
    
    





            

    内饰
        
            
            
        
        5
    
    
    内饰做工很精致
    
    
        内饰用料
        内饰用料都下足功夫了
        
        
    
        座椅舒适性
        驾驶起来 很舒服
        
        
    
        第三排舒适性
        第三排坐点小孩出去玩
        
        
    
        座椅加热
        4个座子有加热功能
        
        
    





            

    性价比
        
            
            
        
        4
    
    
    性价比整体就跟网上报价一下的 反正新车就是贵点 后期优惠就大了
    
    





            
                

    配置
        
            
            
        
        5
    
    
    配置不错  喜欢  我选了一个豪华版的7座  以后带老人孩子出去玩
    
    




            

            



        "
黄山车友5748123,2023-07-21 首次发表,"
            
                
                    200km
                    
                    行驶里程
                
                
                    12.0L
                    百公里油耗
                
                
                
                
                
                
                
                
                
                
                
                

                
                
                    15.00万
                    裸车购买价
                
                
                    2023-07
                    购买时间
                
                
                    黄山
                    购买地点
                
            
            
    
        
            
        
    
    

    
        $(document).ready(function () {
            var koubeiid = 5062129;

        });

    


            
                最满意
                说句实话，在瑞虎没上市前，我的购车计划是星途摇光，试驾过后觉得各方面都还可以，就想着等过段时间有点优惠的时候再买。当我在奇瑞展厅看到瑞虎9的时候，哎呀那个大气啊，就不知道怎么的，刷卡了！开回家老婆还问你这是摇光吗？不像啊？这个车外观虽然大气但是没用摇光运动感强啊？机关炮似的问题一个接一个的。。。我知道迟早要面对的。所以我要从车型，配置，性价比，空间等几个方面来熄灭老婆大人的怒火。
 说句实话，发动机都是2.0T的，瑞虎9的变速箱还要更牛逼一些，底盘也是一样，内饰也没多大的差别。但是瑞虎9不一样的地方是他的空间，那个空间大的啊，我靠，真大啊！像我现在这个年纪开瑞虎9绝配啊。唉，其实最后是我承包了一个月的家务，老婆才既往不咎了。。
 经过这3周的驾驶，跑了一趟短高速大概50多公里，其他都在市区跑。驾驶方面没问题一个字稳，油耗方面，这个动力跟车重来说，普遍都在11个以上了，属于正常。就是希望抽个时间，带上老婆孩子开着瑞虎9，让瑞虎9装载着我们全家的快乐一路向前吧！
            
            
                最不满意
                目前没有发现最不满意的地方，整体来说我还是比较满意的
            

            

    空间
        
            
            
        
        5
    
    
    整体空间还是比较宽裕的，坐起来也很舒服，腿部空间很足
    
    






                

    驾驶感受
        
            
            
        
        5
    
    
    普通加速还是反映没有那么快，地板油那提速是说来就来的，但是那个油耗吃不消啊
    
    






            

            




            

    油耗
        
            
            
        
        4
    
    
    市区12个，高速上8个不到，综合来说10个油吧，属于一定排量的suv正常油耗
    
    





            
            

    外观
        
            
            
        
        4
    
    
    外观大气符合30-50岁之间的商务人员，瑞虎9不管是商务宴会还是家庭出行，外观都比较适应
    
    





            

    内饰
        
            
            
        
        5
    
    
    内饰的颜色我还是很喜欢的，浅棕色的颜色显得很大气高端，内部的浅色系装饰件跟车内座椅颜色相互链接
    
    





            

    性价比
        
            
            
        
        4
    
    
    对于目前这个价位来说，性价比还是比较高的。2.0 T的发动机动力强劲，空间大
    
    





            
                

    配置
        
            
            
        
        5
    
    
    这个价位的瑞虎9配置方面那绝对没话说的，吊打一片，女王座椅，火星架构底盘等等
    
    




            

            



        "
福州车友3881233,2023-07-18 首次发表,"
            
                
                    520km
                    
                    行驶里程
                
                
                    8.0L
                    百公里油耗
                
                
                
                
                
                
                
                
                
                
                
                

                
                
                    16.50万
                    裸车购买价
                
                
                    2023-06
                    购买时间
                
                
                    厦门
                    购买地点
                
            
            
    
    

    
        $(document).ready(function () {
            var koubeiid = 5057622;

        });

    


            
                最满意
                1、配置体验：配置人性化，非常有质感 空间表现：178cm 150kg坐着很舒适 驾驶感受：提速很快，驾控性能非常好 内饰设计：科技感十足，内饰豪华 外观设计：线条没话说 物超所值，空间大，价格亲民很好推荐
2、空间表现：不论是前排还是后排，乘坐都十分舒适 驾驶感受：油门的反馈非常迅速，转向方向盘的阻尼感调教的也很好 内饰设计：内饰很好看 3、经销商服务态度很好很耐心 还上门拜访检查车辆 送了礼品和鲜花 感觉很温馨
            
            
                最不满意
                使用了一个多月目前还没发现什么问题 就是方向盘太先进了 感觉打起来太轻了
            

            

    空间
        
            
            
        
        5
    
    
    空间非常大 我快180的个子坐进去还有很大的空间 后排空间也是非常宽敞
    
    






                

    驾驶感受
        
            
            
        
        5
    
    
    加速动力很强 油门很轻 换挡很平顺 方向很精准
    
    






            

            




            

    油耗
        
            
            
        
        5
    
    
    市区开油耗都不高 这么大的车真的是想象不到 高速还没跑估计还可以下两个油
    
    





            
            

    外观
        
            
            
        
        5
    
    
    瑞虎9的外观真的是太大气了 整体线条还有前脸是我最喜欢的
    
    





            

    内饰
        
            
            
        
        5
    
    
    内饰做工精细 感觉看上去很整洁 不会花里胡哨的居然还有翻毛的仪表 档次很高
    
    





            

    性价比
        
            
            
        
        5
    
    
    车子价格很合适这么大的车 而且配置这么高 现在国产车真的是越做越好
    
    





            
                

    配置
        
            
            
        
        5
    
    
    360全车影像 自适应巡航这些配置真的是太实用了 有了自适应巡航开高速特别方便
    
    




            

            



        "
罗霄,2023-07-14 首次发表,"
            
                
                    
                    暂无
                    行驶里程
                
                
                
                
                
                
                
                
                
                
                
                
                

                
                
                    17.49万
                    参考价格
                
                
                    2023-07
                    探店时间
                
                
                    吉安
                    探店地点
                
            
            
    
        
            
        
    
    

    
        $(document).ready(function () {
            var koubeiid = 5051515;

        });

    


            
                新车好评
                在自主品牌中，奇瑞汽车一直有着一副“工科男”的形象，不太擅长营销，但各类技术却有着非常不错的口碑。而最近奇瑞瑞虎9的正式发布也让我们看到了奇瑞的技术实力，新车作为火星架构-超级混动平台的第一款量产车型，先期提供“鲲鹏燃油动力”版本似乎有着超越同级合资车的水平。
            
            
                新车槽点
                瑞虎9的这个外观，网上很多人说奇瑞开窍了怎么怎么样，我是真的持保留意见，因为这个前脸你不觉得有点向那谁吗？宝马，尤其是从这个角度看上去，那前面呢，整体是比较圆润的，但是它的后尾部你看就是比较方的，我觉得它的后尾做的还真漂亮，因为这里用了这种悬浮的设计，而且你要往远处看的话，会发现它的整个后尾部是呈现了一个下压的姿态，它前边跟后边有那么一点点不协调，如果它前面的这一块能够给它做的方一点儿，然后中网再往里收一点，我觉得可能会更好看。
            

            

    空间
        
            
            
        
        5
    
    
    
    
    






                

    驾驶感受
        
            
            
        
        5
    
    
    
    
    






            

            




            

    油耗
        
            
            
        
        5
    
    
    
    
    





            
            

    外观
        
            
            
        
        5
    
    
    
    
    





            

    内饰
        
            
            
        
        5
    
    
    瑞虎9的这个内饰你可以看出来还是花了很大的心思，内饰用了麂皮的材料包裹，全部覆盖，再加上这种方形的出风口的设计，所以它的整个内饰还是比较有质感的。
    
    





            

    价格政策
        
            
            
        
        4
    
    
    总体来评价的话，其实瑞虎9它的产品力是完全对得起它的这个价格的。但是呢，出来的有点晚！早点出来的话就非常有竞争力了。
    
    





            
                

    配置
        
            
            
        
        5
    
    
    
    
    




            

            



        "
铁岭车友6727178,2023-07-14 首次发表,"
            
                
                    4206km
                    
                    行驶里程
                
                
                    8.0L
                    百公里油耗
                
                
                
                
                
                
                
                
                
                
                
                

                
                
                    17.50万
                    裸车购买价
                
                
                    2023-04
                    购买时间
                
                
                    铁岭
                    购买地点
                
            
            
    
        
            
        
    
    

    
        $(document).ready(function () {
            var koubeiid = 5051218;

        });

    


            
                最满意
                我购买的瑞虎9是两驱尊贵版 之前也一直都关注这款车瑞虎9吸引我的几个方有以下几点： 百公里加速8秒级，堪称同级超强动力输出。 在“智驾舒适上新车搭载L2.9级前沿智能辅助驾驶系统，实现更高阶实现更高阶的NOC奇瑞自动导航辅助驾驶以及AVP自主代客泊车功能，在开车行驶中为我带来更智能、更安心、更轻松的驾驶体验。 配备540° 立体超感空调系统，瑞虎9车4820mm超长车身2820mm超长轴距，车内的空间利用率优于同级 更有0重力超感副驾、全车智能香氛系统等配置，从触觉、视觉、听觉、嗅觉等维度，为我带来摸起来有料、看起来拉风、听起来悦耳、闻起来真香的舒奢体验。 瑞虎9 360°环抱式10气囊安全防护，在主副驾之间配备同级独有的“远端安全气囊”，进一步降低主副驾二次碰撞发生率，真正为用户生命安全保障。
            
            
                最不满意
                车身比较大 刚开始开着不习惯 慢慢的就好了
            

            

    空间
        
            
            
        
        5
    
    
    乘坐非常的舒服 空间也是非常的大 一家人出去正好
    
    






                

    驾驶感受
        
            
            
        
        5
    
    
    动力非常好 尤其是跑高速的时候体验感非常棒 开着也没有顿挫感很平顺
    
    






            

            




            

    油耗
        
            
            
        
        5
    
    
    我基本上都在高速上开 上次加了400块钱95的跑了800公里 非常的省油
    
    





            
            

    外观
        
            
            
        
        5
    
    
    前面给人一种非常大气的感觉 整个车身线条也非常好看
    
    





            

    内饰
        
            
            
        
        5
    
    
    内饰看着非常的大气 给人一种高大上的感觉
    
    





            

    性价比
        
            
            
        
        5
    
    
    瑞虎9优惠也相当的给力置换最高还能补贴19000元 还有精美的礼物
    
    





            
                

    配置
        
            
            
        
        5
    
    
    配置非常高 有些功能我都还没有弄明白呢 全景影像也非常的清晰
    
    




            

            



        "
海口车友1012143,2023-07-13 首次发表,"
            
                
                    5550km
                    
                    行驶里程
                
                
                    8.3L
                    百公里油耗
                
                
                
                
                
                
                
                
                
                
                
                

                
                
                    16.59万
                    裸车购买价
                
                
                    2023-06
                    购买时间
                
                
                    广安
                    购买地点
                
            
            
    
    

    
        $(document).ready(function () {
            var koubeiid = 5050112;

        });

    


            
                最满意
                从六月份提车到现在快一个月了，总体来说还是很不错，不管从外观、空间、操控、油耗表现都很不错，外观大气上档次，空间也足够大，一家人平时家用偶尔出去耍下，空间都绰绰有余，。操控很不错，加速平稳，油耗适中，可能是我技术的问题。在做首保的时候当地4S店还准备了惊喜的礼品及鲜花，非常感动，服务和技术都很不错，非常感谢！
            
            
                最不满意
                才使用一个月，现在都很满意，还没有不满意的地方！
            

            

    空间
        
            
            
        
        5
    
    
    乘坐空间宽敞，舒适。储物空间表现更加出色，完全够一家四口的日常生活出行。
    
    
    
    
    


    






                

    驾驶感受
        
            
            
        
        5
    
    
    加速平稳，方向灵敏，指向精准，超车时动力充沛.....
    
    






            

            




            

    油耗
        
            
            
        
        5
    
    
    油耗8.3L每百公里，总体还是很满意，动力油耗表现不错
    
    





            
            

    外观
        
            
            
        
        5
    
    
    外观大气，自己喜欢的颜色，一家人都非常满意
    
    





            

    内饰
        
            
            
        
        5
    
    
    做工精细，用料讲究，没有异味，很不错的内饰搭配，很满意
    
    





            

    性价比
        
            
            
        
        5
    
    
    很不错这个价位的最佳选择，不论外观，内饰、配置等性价比超高
    
    





            
                

    配置
        
            
            
        
        5
    
    
    家用完全够用，是一款不错的家用首选SUV，并且售后的服务值得点赞！
    
    




            

            



        "
成都车友2417635,2023-07-13 首次发表,"
            
                
                    603km
                    
                    行驶里程
                
                
                    8.9L
                    百公里油耗
                
                
                
                
                
                
                
                
                
                
                
                

                
                
                    14.79万
                    裸车购买价
                
                
                    2023-06
                    购买时间
                
                
                    成都
                    购买地点
                
            
            
    
        
            
        
    
    

    
        $(document).ready(function () {
            var koubeiid = 5049581;

        });

    


            
                最满意
                前两天接到成都瑞一奇瑞4S店的电话，电话说要上门送关爱活动，然后约好了时间，4S店的工作人员来到了我住的小区，在炎炎夏日顶着大太阳带着一束非常鲜艳的颜色百合花，还有精心准备的礼品和贺卡送给我，我感到非常开心。还给我的车车做了检查给我添加了防冻液和雨刮水，全车也检查了下，还送了我雨刮水，讲解了许多车辆的使用知识和一些注意事项，，这是我第一次购车感受到了4S店对我这个客户的关怀和爱，同时也体现了他们的售后责任和担当，能够成为瑞虎9的车主，我感到非常开心也很荣幸能够成为瑞虎9首批车主，说实话，瑞虎9这块车感觉体验感爽，终身质保，对奇瑞品牌还是值得信赖！买车一定要去成都瑞一看看
            
            
                最不满意
                最不满意的就是门把手，使用起来不习惯，还有档位在方向盘下面感觉不太好，还是像传统一样设置在扶手箱感觉要好一些
            

            

    空间
        
            
            
        
        5
    
    
    空间还是挺大的，宽敞，适合老人和小孩子乘坐，小孩子车里还能自由的玩耍，进去也方便不拥挤！后备箱也大可以放置很多物品
    
    






                

    驾驶感受
        
            
            
        
        4
    
    
    瑞虎9开着动力感十足，加速快，驾驶舒适，国产发动机还是挺给力的
    
    






            

            




            

    油耗
        
            
            
        
        4
    
    
    目前在成都市区使用，不到9个油耗，没怎么跑高速，还是挺省油的，也许是我跑的少的原因，后面多跑跑看看
    
    





            
            

    外观
        
            
            
        
        4
    
    
    外观设计比较大气，开着有气场，个性也较时尚，整体看有层次感！
    
    





            

    内饰
        
            
            
        
        5
    
    
    内饰做工还算精细，有质感，简约时尚大气，有256色氛围灯会随着模式和速度随之变化
    
    





            

    性价比
        
            
            
        
        5
    
    
    同等价位的车中性价比高，购车有置换补贴！而且还终身质保！
    
    





            
                

    配置
        
            
            
        
        5
    
    
    有车载无线充电，语音控制设计的挺好，该有的配置都有，有些配置还不太会用，需要多熟悉一下
    
    




            

            



        "
沈阳车友6823262,2023-07-11 首次发表,"
            
                
                    1500km
                    
                    行驶里程
                
                
                    9.8L
                    百公里油耗
                
                
                
                
                
                
                
                
                
                
                
                

                
                
                    16.69万
                    裸车购买价
                
                
                    2023-06
                    购买时间
                
                
                    沈阳
                    购买地点
                
            
            
    
        
            
        
    
    

    
        $(document).ready(function () {
            var koubeiid = 5046384;

        });

    


            
                最满意
                很开心还收到了礼物，和身边朋友也介绍了，以后朋友换车也会考虑
            
            
                最不满意
                暂时还没有，还没有，还没有，还没有，还没有
            

            

    空间
        
            
            
        
        5
    
    
    中控非常漂亮，喜欢怀档设计，停好的，空调也不错
    
    
        ☆ 空间设计亮点
        中控台下面
        
        
    






                

    驾驶感受
        
            
            
        
        5
    
    
    动力非常好，都不敢深踩油门，动力系统挺好，没有顿挫感觉
    
    






            

            




            

    油耗
        
            
            
        
        5
    
    
    油耗告诉我最低开过7个油，这么大车，我很满意了。
    
    





            
            

    外观
        
            
            
        
        5
    
    
    中规中矩，车身线条非常的好看，把手很帅气
    
    





            

    内饰
        
            
            
        
        5
    
    
    很惊艳，奔驰的感觉，尤其是出风口。满分。
    
    





            

    性价比
        
            
            
        
        5
    
    
    没有考虑太多，就是喜欢，喜欢就买了。保值率还不知道，短时间不换车
    
    





            
                

    配置
        
            
            
        
        5
    
    
    屏幕响应挺快的，比我朋友8PRO响应快很多，希望以后不会有故障。
    
    




            

            



        "
暴击9046,2023-07-08 首次发表,"
            
                
                    200km
                    
                    行驶里程
                
                
                    7.5L
                    百公里油耗
                
                
                
                
                
                
                
                
                
                
                
                

                
                
                    16.29万
                    裸车购买价
                
                
                    2023-06
                    购买时间
                
                
                    中山
                    购买地点
                
            
            
    
    

    
        $(document).ready(function () {
            var koubeiid = 5041640;

        });

    


            
                最满意
                本人在六月中旬的时候提的车，其实这车最大的优点就是，博人眼球，但是在驾驶了半个月后，还是非常满意的，比较喜欢，所有来总结几点我自己觉得比较好的亮点1.造型大方，很突出，视觉冲击力强，给人看了有一种眼前一亮的感觉，而且车顶还是云端悬浮车顶。2.后排不错，够宽，怎么舒服怎么躺，还给你配个遮阳布（手动的）。3.提速的话还是蛮快的，大约七秒左右，超车无压力，而且推背感十足啊。4.开机快，反应快。5.曲面大屏清晰，画面灵动，不反光，还有专属的语音系统，个人感觉科技含量应该挺高的😂😂，6.空调角度大，27个出风口，三个鼓风机，每个座位应该都能吹得到，相当于每人一个专属空调。7.氛围灯也不错，不同区域的颜色也都不一样，还能跟着音乐节奏和响度来，妥妥的氛围感。8.智能香氛，味道跟那种名牌香水一样，不刺鼻，蛮好的，装卸方便，自带三种味道，还送了我六种，还不错。9.无线快充，本来就是华为手机，感觉更快，50W左右应该，而且还有防水和散热功能。10.记忆座椅和电释房门，座椅通风加热都有，下车的时候手里面拿着东西，又要推门，比较费劲，但是电释放门只要推一下电动按钮车门就自动开了，就跟奔驰商务车一样，仪式感不错，堪比男人的浪漫。
其实个人还是比较喜欢外观，看上去就是四个字 大气磅礴，两侧的大灯看起来也比较精致，晚上的灯光效果也不错，很有满满的安全感
            
            
                最不满意
                细节方面还是有待提升，个人原因觉得界面比较简洁，还有就是稍微不注意就按错了其他按钮，也可能是不太熟悉的原因。
            

            

    空间
        
            
            
        
        4
    
    
    个人原因就比较胖，对空间方面要求就比较高，但是这个车满足了一切，而且后排也不会挤
    
    
    
    
    


    
    
    
    


    
        乘坐空间
        体型较胖，所以很喜欢这么宽的空间
        
        
    






                

    驾驶感受
        
            
            
        
        4
    
    
    提速快，显示屏开机快，超车给力，推背感十足，
    
    






            

            




            

    油耗
        
            
            
        
        4
    
    
    在中山本地，开了差不多三百公里，油耗的话差不多7.5也不高
    
    





            
            

    外观
        
            
            
        
        4
    
    
    外观方面线条很好，车头大气，比较喜欢，还有就是悬浮车顶
    
    





            

    内饰
        
            
            
        
        4
    
    
    内饰颜色低调简洁，好看耐脏，音响氛围感强
    
    





            

    性价比
        
            
            
        
        5
    
    
    其实十几万左右能买这样的车话，还是很不错的，而且这个价钱也值得
    
    





            
                

    配置
        
            
            
        
        5
    
    
    车内搭载8155芯片，不卡壳，开机快，配置丰富
    
    




            

            



        "
棒棒糖爱上巧克力,2023-07-08 首次发表,"
            
                
                    1500km
                    
                    行驶里程
                
                
                    10.0L
                    百公里油耗
                
                
                
                
                
                
                
                
                
                
                
                

                
                
                    16.29万
                    裸车购买价
                
                
                    2023-06
                    购买时间
                
                
                    淄博
                    购买地点
                
            
            
    
        
            
        
    
    

    
        $(document).ready(function () {
            var koubeiid = 5041565;

        });

    


            
                最满意
                瑞虎酒大气，时尚，稳重，回头率杠杠的，内饰的布局精致，操作流畅，豪华感倍增，车机采用815芯片，流畅性，高智能，语音系统反应灵敏，减少了按键的操作，但驾驶但增加了一点驾驶乐趣，操控方面，驾驶度灵敏，高速100提速响应明明显。倒车采用540环影，给车主提供了不少方便，动力方面不得不说奇瑞鲲鹏发动机调教的相当不错，提速相当给力，油耗方面，整体来说2.0高速油耗不到七个油，市区9~10个有确实值得点赞整车静谧性确实可以，高速上风噪很小，发动机提速声听着很舒服，包括整车14个索尼扬声器带来的音乐感受是很多车无法给到的，顶配采用20寸米其林轮胎，整车l2.9级安全辅助驾驶。车身采用高强度钢等一系列，为车主安全提供强力保障。综合来说，壶酒确实一台家庭实用型SUV。
            
            
                最不满意
                瑞虎9这个车主要就是车身比较大，可能对于女性来说，呃，调车，倒车可能不是很方便。
            

            

    空间
        
            
            
        
        5
    
    
    空间大，乘坐舒服，真皮座椅无味儿。后备箱能装很多很多东西。
    
    






                

    驾驶感受
        
            
            
        
        5
    
    
    加速响应很灵敏。动力很好。爬坡然后提速没有脱档换挡然后换档物又断
    
    






            

            




            

    油耗
        
            
            
        
        5
    
    
    油耗就是高速平均下来六七个油，市区呃9~11个油吧，反正这么大的SUV油耗还是可以的。
    
    





            
            

    外观
        
            
            
        
        5
    
    
    外观大气然后整车设计比较比较有质感然后适合男性比较开然后颜色有黑的白的还有一个蓝色颜色还是比较多的选择性很广
    
    





            

    内饰
        
            
            
        
        5
    
    
    啊，内饰做的无味儿，然后真皮座椅，然后包括空间，包括质感，舒适度都非常高。
    
    





            

    性价比
        
            
            
        
        5
    
    
    性价比综合来说的话，作为16万级别的中型SUV来说，这辆车应该是国产车，里面选择性应该是作为首选，性价比非常高。
    
    





            
                

    配置
        
            
            
        
        5
    
    
    配置比起同级别的合资品牌来说，配置应该是顶到天花板了，配置非常高，你能想象到的，想不到的都有，我怎么
    
    




            

            



        "
喀什车友9622224,2023-07-08 首次发表,"
            
                
                    1300km
                    
                    行驶里程
                
                
                    10.0L
                    百公里油耗
                
                
                
                
                
                
                
                
                
                
                
                

                
                
                    16.00万
                    裸车购买价
                
                
                    2023-06
                    购买时间
                
                
                    北京
                    购买地点
                
            
            
    
    

    
        $(document).ready(function () {
            var koubeiid = 5041512;

        });

    


            
                最满意
                感谢奇瑞售后上门服务，身边同事的开的奇瑞车这次买车也是首选奇瑞瑞虎9。开了一个月开车很舒服，比我之前买的车感受都要好很多……
            
            
                最不满意
                目前没有不满意，对奇瑞汽车相当满意的，奇瑞是首选车
            

            

    空间
        
            
            
        
        4
    
    
    空间很大跑长途应该也很舒适，性价比非常高
    
    






                

    驾驶感受
        
            
            
        
        5
    
    
    很舒适，遇到堵车一点都会觉得疲惫，在车里休息很舒服
    
    






            

            




            

    油耗
        
            
            
        
        4
    
    
    油耗也不算高，性价比非常高，对于我很适合
    
    





            
            

    外观
        
            
            
        
        5
    
    
    外观很大气，有点像高端车 ，空间也很大很大气
    
    





            

    内饰
        
            
            
        
        5
    
    
    内饰非常实用，功能性很强很流畅，使用起来很不错
    
    





            

    性价比
        
            
            
        
        4
    
    
    性价比非常高，奇瑞的终生质保也很让人满意，有任何问题奇瑞售后一对一解决
    
    





            
                

    配置
        
            
            
        
        5
    
    
    车配置非常高，国产车能做到现在的智能已经很满意了
    
    




            

            



        "
重庆车友5533439,2023-07-08 首次发表,"
            
                
                    1000km
                    
                    行驶里程
                
                
                    8.0L
                    百公里油耗
                
                
                
                
                
                
                
                
                
                
                
                

                
                
                    16.78万
                    裸车购买价
                
                
                    2023-06
                    购买时间
                
                
                    重庆
                    购买地点
                
            
            
    
    

    
        $(document).ready(function () {
            var koubeiid = 5041066;

        });

    


            
                最满意
                瑞虎9我关注了很久，在盲订的时候就看上了这款，所有的权利都享受到了，心情非常的愉快，奇瑞还是很给力的，开着这款超高的颜值，扎实的地盘，上班路上都没那么枯燥无味，风都是甜的，最喜欢的还是他的音响效果和隔音效果，对于我这种上下班代步的家用车上车有个舒服的音质是非常重要的事情，使用中还是非常满意的，所以今天这个帖子就是告诉给关注或者最近在了解新车的朋友们，对这方面有要求的朋友可以去实际体验下，奇瑞的旗舰车型是现在奇瑞最重视的产品，订车到提车真的服务确实满意
            
            
                最不满意
                车子对于新手来说还是有点大适应周期一周左右
            

            

    空间
        
            
            
        
        4
    
    
    空间很舒适，感觉自驾都OK，马上就有年假了，带上我心爱的虎9，一家4口去感受祖国的壮美山河吧，空间方面特别是后排的出风口和副驾电动座椅老板键让后排的家人更加随心随意的调节到自己喜欢的9位置，而且主驾的方向盘也是可以4向调节，一个好的驾驶位置让一路路程更加安全舒适
    
    






                

    驾驶感受
        
            
            
        
        4
    
    
    加油无迟钝，完美，任何道路环境都可以随心所欲，棒棒哒
    
    






            

            




            

    油耗
        
            
            
        
        5
    
    
    平时上下班代步高峰时间一般油耗现目前在9个油左右，这么大个车还是能够接受，提速给力不得带我迟到城市加92跑高速去耍这些可以自由切换确实满意度增加，而且经济性也高
    
    





            
            

    外观
        
            
            
        
        5
    
    
    高端大气上档次，因为颜值而选择，始于颜值，陷于配置拥有发光logo设计大赞，天青色的颜色好看做工方面
    
    





            

    内饰
        
            
            
        
        5
    
    
    堪比豪华车的内饰，谁能不爱，主打一个豪华电吸门，米胖子的轮胎轮毂超级喜欢，抓地力给力在重庆这个山区多坡的地方，急速踩油门没出现什么打滑的情况，而且隔音效果也很好
    
    
    
    
    


    
    
    
    


    





            

    性价比
        
            
            
        
        5
    
    
    同价位的空间动力配置方面这个两驱的尊贵版的一枝独秀也是当时选择他的原因之一，电吸门，后排座椅加热，通风这些满满的都是诚意，加之不损失动力的情况下城市道路这个车子可以加92的油确实经济性好的很
    
    





            
                

    配置
        
            
            
        
        5
    
    
    前排座椅通风加热都是配好了的，重庆火炉的天气非常有爱，上车就可以走瑞虎9的车机流量999➕完全够用。真的对得起他的旗舰称号，车门的开门把手也有破冰效果在东北那些地方，也不会影响开门，怀档的设计让中间扶手位置空间增大，简单大气的设置增加了车子的质感。
    
    
    
    
    


    
    
    
    


    




            

            



        "
L先森7046,2023-07-08 首次发表,"
            
                
                    1300km
                    
                    行驶里程
                
                
                    8.7L
                    百公里油耗
                
                
                
                
                
                
                
                
                
                
                
                

                
                
                    17.40万
                    裸车购买价
                
                
                    2023-06
                    购买时间
                
                
                    盐城
                    购买地点
                
            
            
    
    

    
        $(document).ready(function () {
            var koubeiid = 5040731;

        });

    


            
                最满意
                最满意它霸气有范的外观设计，整个车身个性鲜明并透露着很年轻动感的气息，车头大灯很有气势，车漆的光感度还很高，开出去挺面子的。
            
            
                最不满意
                操控的时候，我个人感觉方向盘开始时不那么顺手，打转向时需要多用力。
            

            

    空间
        
            
            
        
        5
    
    
    空间也不用担心，前后排乘坐空间够大，后排轻松翘起二郎腿，腿长的朋友也不会觉得别扭伸展不开，后备箱也能放挺多东西，自驾游的时候是很实用的。
    
    






                

    驾驶感受
        
            
            
        
        4
    
    
    强劲的动力提供了不错的驾驶乐趣，起步反应迅速，同时中后期动力依旧很跟脚，方向盘的转向角度精确，无虚位，但是手感我觉得偏重些。
    
    






            

            




            

    油耗
        
            
            
        
        5
    
    
    油耗方面在我可以接受的范围，城区里面开空调的话，也能在8-9个点之间，挺经济节约的。
    
    





            
            

    外观
        
            
            
        
        5
    
    
    外观有着独特的辨识度，充分迎合了年轻人的审美，大尺寸的直瀑式进气格栅带来了很强的视觉冲击力，气场很强大，而侧面凌厉腰线，流畅的线条，营造出了很强的力量感，
    
    





            

    内饰
        
            
            
        
        5
    
    
    内饰配色协调大气，在用料上也不错，很有豪华感，大面积软包覆盖，中控台各个功能区域清晰规整，大尺寸的中控屏营造了科技和高端的氛围，音响放音乐时音效是很不错的。
    
    





            

    性价比
        
            
            
        
        5
    
    
    它挺符合我的用车需求，动力性能无可挑剔，配置丰富，安全可靠，空间利用率还很高，因此在我看来性价比是很高的，
    
    





            
                

    配置
        
            
            
        
        5
    
    
     配置是比较高的，主被动安全装置方面几乎都有，辅助功能也是给的很足，中控车机系统更是流畅不卡顿
    
    




            

            



        "
宜春车友8984817,2023-07-07 首次发表,"
            
                
                    
                    暂无
                    行驶里程
                
                
                
                
                
                
                
                
                
                
                
                
                

                
                
                    17.49万
                    参考价格
                
                
                    2023-07
                    探店时间
                
                
                    银川
                    探店地点
                
            
            
    
    

    
        $(document).ready(function () {
            var koubeiid = 5040265;

        });

    


            
                新车好评
                试驾奇瑞瑞虎9，20元级别驾乘最舒适的旗舰SUV一点也不过分。车身尺寸大，外观设计也大气，尤其是车尾悬浮车顶的设计一下把豪华感拉上去了有种路虎星脉的感觉～试驾起来感受也棒棒的，销售介绍这款车最大功率有192Kw，扭矩可以到400Nm，试驾起来感觉这车的动力没得说，可惜没有体验到8at四驱的版本～后排乘坐舒适性更加值的吹爆，全车多个空调出风口前后排可是雨露均沾了，而且这个级别的SUV后排配备座椅加热可是很罕见的，大热天就没有体验但是仅仅有就很优秀了～综合下来，个人感觉20万级别最舒适的SUV当之无愧
            
            
                新车槽点
                也说不上是缺点吧～电动按钮开门不太适应，得迷茫的找门把手在哪，严格来说得是我的缺点吧
            

            

    空间
        
            
            
        
        5
    
    
    170的个头，后排翘个二郎腿没问题，头部空间也不让人感到压抑，空间上很令人满意
    
    






                

    驾驶感受
        
            
            
        
        5
    
    
    
    
    






            

            




            

    油耗
        
            
            
        
        5
    
    
    
    
    





            
            

    外观
        
            
            
        
        5
    
    
    
    
    





            

    内饰
        
            
            
        
        5
    
    
    
    
    





            

    价格政策
        
            
            
        
        5
    
    
    2000抵9000，另外置换的话还有19000元补贴，还是很划算的
    
    





            
                

    配置
        
            
            
        
        5
    
    
    
    
    




            

            



        "
wenwen8023,2023-07-06 首次发表,"
            
                
                    
                    暂无
                    行驶里程
                
                
                
                
                
                
                
                
                
                
                
                
                

                
                
                    17.00万
                    参考价格
                
                
                    2023-07
                    探店时间
                
                
                    阜阳
                    探店地点
                
            
            
    
    

    
        $(document).ready(function () {
            var koubeiid = 5038982;

        });

    


            
                新车好评
                本人瑞虎老车主一枚，听说奇瑞来了一款新车，特来此看看，进店以后，销售比较热情地简单介绍了一下展车，我也有机会近距离仔细研究了下瑞虎9静态外观。整体感觉瑞虎9比瑞虎8大了整整一圈，肉眼可见的那种。奇瑞新旗舰车型：瑞虎9名副其实。
            
            
                新车槽点
                1.前面可点亮的奇瑞大logo。我觉得挺好看，A字星辉照亮你前行之路，奇开得胜，瑞享前程。

2.隐藏式门把手，超喜欢

3.B柱上的空调出风口，极致享受。

4.全系标配的车规级8155芯片，车机纵享丝滑，流畅的一批。

5.怀档设计，换挡更便捷简单。

6.后排隐私玻璃隐私帘设计也很讨巧。
            

            

    空间
        
            
            
        
        4
    
    
    车子外观看起来很大，乘坐空间比瑞虎8Pr0差不多，后排座椅放倒很实用
    
    






                

    驾驶感受
        
            
            
        
        5
    
    
    
    
    






            

            




            

    油耗
        
            
            
        
        4
    
    
    
    
    





            
            

    外观
        
            
            
        
        5
    
    
    
    
    





            

    内饰
        
            
            
        
        5
    
    
    
    
    





            

    价格政策
        
            
            
        
        4
    
    
    虎9领先版。落地152500。有置换。没补贴没盲订。
    
    





            
                

    配置
        
            
            
        
        5
    
    
    
    
    




            

            



        "
冯海燕,2023-07-06 首次发表,"
            
                
                    
                    暂无
                    行驶里程
                
                
                
                
                
                
                
                
                
                
                
                
                

                
                
                    16.00万
                    参考价格
                
                
                    2023-07
                    探店时间
                
                
                    广州
                    探店地点
                
            
            
    
        
            
        
    
    

    
        $(document).ready(function () {
            var koubeiid = 5038353;

        });

    


            
                新车好评
                首先从外观设计来看是高大威猛又帅气的，车里面的空间非常大 ，车子的配置也是非常高的， 驾驶时让人感到舒适，颜色也很喜欢😊总体来说很不错
            
            
                新车槽点
                对比我的车辆空间大多了，很适合一家人出游使用
            

            

    空间
        
            
            
        
        5
    
    
    首先从外观设计来看是高大威猛又帅气
 的，侧面给人的感觉就是大和敦实，都说
 和揽胜星脉很像，我倒是觉得这个侧面很
 像林肯的飞行家。隐藏式的门把手可能不
 是适合所有人，像我们这种做事风风火火
 的可能有点不太适应，必须要仪式感展示
 后你才能拉动门把手。我喜欢这款车是因
 为车里面的空间非常大，车子的配置也
 是非常高的符合我的期望，驾驶时让人
 感到舒适，整个发动机舱还是比较清爽
 的，隔音棉和液压支杆都没有缺失。全系
 2.0T的发动机让整个机舱看起来还不是很
 空旷，对于颜控的我来说颜色也很喜欢
 总体来说还是棒棒哒。
    
    






                

    驾驶感受
        
            
            
        
        5
    
    
    
    
    






            

            




            

    油耗
        
            
            
        
        5
    
    
    
    
    





            
            

    外观
        
            
            
        
        5
    
    
    
    
    





            

    内饰
        
            
            
        
        5
    
    
    
    
    





            

    价格政策
        
            
            
        
        5
    
    
    希望能优惠力度再大点，赠品多一点，价格合适车就很好合适了
    
    





            
                

    配置
        
            
            
        
        5
    
    
    
    
    




            

            



        "
石家庄车友1133998,2023-07-06 首次发表,"
            
                
                    400km
                    
                    行驶里程
                
                
                    10.0L
                    百公里油耗
                
                
                
                
                
                
                
                
                
                
                
                

                
                
                    16.30万
                    裸车购买价
                
                
                    2023-06
                    购买时间
                
                
                    石家庄
                    购买地点
                
            
            
    
        
            
        
    
    

    
        $(document).ready(function () {
            var koubeiid = 5038173;

        });

    


            
                最满意
                最满意
第一，外形我很喜欢，造型协调，尤其喜欢前格栅的直瀑式大嘴搭配前唇造型，侧面的线条很运动。车尾部的造型也很好看，尾灯辨识率很高。开在路上，回头率很高。第二，内饰方面，中控分区很鲜明，功能区划分合理，仪表曲面大屏清晰，车机反应很快，没有反馈慢半拍的感受。中控搪塑材质很多，车门上包皮也很多，摸起来很舒服。第三排座椅打开之后，后备箱依然有实用空间。第四，配置方面，瑞虎9的第二排B柱有独立空调出风口，第三排也有空调出风口，舒适度确实提升不少。HUD抬头显示，8155车机，座椅通风加热都有了后期也不需要在加装什么。第五，动力方面，2.0T鲲鹏动力搭配7DCT，足够应付日常使用。2.0T的发动机能在短时间爆发400NM的扭矩。7DCT的换挡逻辑也比较清晰。
            
            
                最不满意
                新车还在磨合期，城区用车较多。目前的油耗基本在10个多油左右，不知道长途能否有改变
            

            

    空间
        
            
            
        
        5
    
    
    中控部分分区鲜明，各个功能区划分合理。出风口下面是无线充电手机放置，能放置两台手机好评！下面是储物盒以及控制区，向后是储物箱。空间利用率高！
    
    






                

    驾驶感受
        
            
            
        
        5
    
    
    动力十分澎湃，搭载7DCT湿式双离合变速箱，换挡逻辑清晰，换挡积极，
    
    






            

            




            

    油耗
        
            
            
        
        4
    
    
    夏天全程开空调的前提下，目前油耗是10个多油，市区开的话10多个，高速还没有跑过，过几天出差就尝试一下，总体来说还是比较满意，毕竟车身重量在这。
    
    





            
            

    外观
        
            
            
        
        4
    
    
    引擎盖上有两条线条，应该对风阻有帮助，同时也增加层次感，瑞虎9的车头造型分层很舒服。这样设计感超足
    
    





            

    内饰
        
            
            
        
        4
    
    
    内饰接接缝均匀。上层采用类似皮革质感，下层采用硬质饰板，也有花纹，搭配较协调。
    
    





            

    性价比
        
            
            
        
        5
    
    
    瑞虎9的性价比还是见仁见智的，配置满足也能满足家庭日常，后期不在用在额外添置。瑞虎9也是整车终身质保，确实节省了后面索赔维修的成本
    
    





            
                

    配置
        
            
            
        
        5
    
    
    配置基本满足日常需求，后期不需要添置什么，日常的配置都有，360全景，中控大屏，HUD抬头显示，香氛系统都有了，隐私玻璃也有了。驾驶位车门上有一个儿童锁按键，可以在车内控制儿童锁。增加儿童乘坐的安全性。这点确实是个大大的加分项！
    
    




            

            



        "
