字段1_文本,字段2,时间,字段3
移山灬,"新摩卡提车两周及500公里之初体验
     自7月10日提车到今日已有两周，从最开始小心翼翼到现在的渐入佳境。整体就用几个二字词语来概括：轻快、智能、静谧、扎实、实用、省油。
轻快充沛的动力 
     新摩卡是一台插混车，纯电续航175公里，日常驾驶用电即可，电门响应速度很快，没有延迟，超车简直是小菜一碟，经常感觉还没怎么踩油门速度就已经80+了。有一次电用完了试了试油驱动，动力依然充沛，而且油电之前的切换没有顿挫感，不仔细注意基本没感觉切换了。支持三种动力模式和四种驾驶模式切换，提供更多驾驶体验。总而言之，新摩卡的这套1.5T+电机+两档变速的动力系统，不会让人对动力有任何不满意！
智能便捷的系统 
     新摩卡的车机系统和一系列安全配置都非常的智能便捷。车机采用长城自研coffee OS2系统，通过一句十指令，可实现对车辆的一个便捷设置。诸如玻璃升降、音乐播放、座椅调节、氛围灯、导航、空调等等，均可通过语音控制。安全配置上也很智能，全速自适应巡航可以自由设定跟车距离。主动刹车也能在关键时刻守护安全，刚提车那天在路边倒车，没注意一辆电瓶车在后面横向穿过，车子感应到自动刹停，避免了我的新车被开光。。。
静谧舒适的乘坐体验
     全车双层隔音，搭配主副主动降噪。使整个车的隔音效果达到跨级别的存在，车玻璃关闭的一瞬间感觉最为明显。座椅宽大柔软，包裹性很好，前排主副座椅都带有通风和按摩功能，在舒适性上吊打同级别任何品牌的车。空气净化器能够时刻保持车内空气的清爽。晚上开车，在车里抽根烟，空气指数直接爆表，空气净化器自动开启，熄了烟后没多久指数就下来了，问了问后上车的家里人，都没闻到车里的烟味。不得不说，空气净化的效果和效率都是不错的。
扎实稳定的地盘
     底盘这块我不懂，只能说说我的实际体验感受和其他车型的对比。在试驾摩卡之前我去试驾了唐，平路感觉还不错，到了颠簸路段直接像开船一样，我一个驾驶员都有点晕车的感觉，也是因为这一点唐被直接pass掉了。而摩卡完全没有这个感觉，比唐还要大一点的车身结结实实的，地盘感觉是一个整体不松散。急停急刹整个车身姿态都很整体很稳，这里就体现出长城在SUV领域的技术含量了。下面这张图片不是对某迪的恶意，哈哈。
实用丰富的车内空间
     必经这车的尺寸和轴距在哪放着呢，不管是前排还是后排以及后备箱，空间都非常富裕。标标准准的大五座SUV。前排的储物空间很多，扶手箱，手套箱，中控下也有空间，杯架无线充等等，绝对满足日常使用。这里要特别说一下后排，很多五座车后排空间看着大实际上是牺牲了后排座椅长度，看着大坐着很不舒服。但摩卡没有这种情况，后排座椅长度很长，对腿部的支撑很到位，腿部空间也很足。靠背也支持两档调节，进一步后排提升乘坐感受。家庭用车后排舒服才是真的舒服！
经济省油的能耗控制
     因为摩卡的纯电里程达到了175公里，基本上市区和周边城市之间的往来都是以纯电为主。我这500公里就提车时加了200块油，现在可能还有180块的油？基本没用过。插混车，用一滴油都感觉是罪过，哈哈！现在装了充电桩，每度电4毛4，充满只需15块，可以跑175公里，每公里还不到1毛。。。再加上买车时送的终身保养，这养车成本还有啥说的。
说完了优点，再说几个不满意的地方。就比如上电之后总有鞥鞥的声音，4S说是电池管理系统的声音，这个是否可以在后期的系统升级中解决？还有车机应用有点少，可以尝试开源，激发一下车友的开发能力；还有待开发一个哨兵模式，毕竟硬件都能满足，只是软件的问题。别的暂时还没有什么不满意的。
     到目前为止，500公里基本都是我开的，我媳妇开过两次，怀档上手很快，她说这车在外边看着大，实际开着又很轻松。这我想就是一个优秀车企的造车能力吧。",2023-07-22,许昌
齐德隆东强灬,"车开起来质感很不错。之前开的是老款奥迪，地盘动力开起来不逊于油车的质感，续航比较准，175的市区一点不虚，高速的话混动模式只要踩油门动力源源不断，另外吐槽智能驾驶在高速上容易犯困反而用的不怎么多，高速还是依赖自己吧
      缺点：送的东西太少，慢充充电枪没有配备，车牌费也没有省，不过我购车在等着抢当地的消费券
【购车经历】
       开始是一心痴迷于油车，最相中的是沃尔沃 xc 60，关注小半年价格非常坚挺而且隔音确实不咋滴，也试驾了别克昂科威 plus ，车挺霸气颜值也可以，不过对象想看看新能源后期用车成本也低一点，随后就去试了比亚迪护卫舰和唐，很不错就是内饰没相中，基本就要订车了摩卡来了，一眼就相中了它的外观，内饰说不上高级但是比较简约，同等价位续航也高，买车是看自己需要不用特别关注销量榜，再加上家里的领导也非常满意，所以就订车加购车转了当地 4 家 4s店，最后选择了有政府优惠券的店，2 个小时搞定了，
【最不满意】
车机！！有好几次忍不住骂起来小 wey 同学，识别不出来语音内容，完成语音任务后不会自动退出，希望赶快升级吧，8155 的饮片做成这个样子也是无语
最后，我选择的是银外黑内，蓝黑是我最初的选择，后来还是觉得黑色内饰干净好看，现在每次停完车都忍不住回头看两眼我的摩卡并在心中默念：真 tma 的帅🤩",2023-07-09,郑州
新摩卡开着舒服,"从vv7时就开始关注魏牌的车了，对它的外观和精致内饰吸引，了解更多后，因为他的安全性，就更加认可了，奈何老款价格高，销量低。今年换车，先后试驾了别克e5，比亚迪唐dmi，汉dmi，小鹏p7，根据试驾感受，悬架原因pass比亚迪，新势力都是代工，还是有点不放心买，就下定别克e5，等车过程中突然发现新款摩卡phev上市，外观、内饰、价格都美丽，瞬间心动，因为e5的续航始终是块心病，还是决定改订新摩卡phev。
        6月7号提车到今天，开了一周了，里程500公里左右，都是城市路和高架路，还没上高速。详细说一下感受:漓江蓝外观漂亮，阳光下效果更好，黑棕内饰大气耐脏，静音非常好；底盘很整，悬架软硬适中；空间大，座椅舒服，家人乘坐很满意；自适应巡航很好用，可以跟停再起步，拥堵路段很适用；智能辅助驾驶在高架路上使用了一次，第一次用有点提心吊胆，但感受还不错，前面有车插队能及时刹车，自动变道的反应和及时性还有提高空间；音响效果好，音量大一点才能出来效果；车内储物空间大，好评，后备箱因为溜背，没那么大，但是足够用了；有电时提速轻快，没电时提速稍微差一点，但是家用已足够快了，提速这东西够用就好，5秒内破百的那种，家用真不需要那么大动力，头晕；电耗和油耗和官方宣传的差不多，比较真实，这个和驾驶习惯关系很大。
        开了7天，唯一不太满意的，就是车机反应有点慢，开机也有点慢，没有死机蓝屏等现象，就是慢了一点，希望后期厂家能尽快升级。",2023-06-14,济南
哈里花花,购车需求：第一辆车由于事故被保险定了全损，正好换个新能源车型感受一下。由于第一个车报废，这次打算选个没有里程焦虑的插混。本来去试驾蓝山，到店发现实车真的比网上看的大很多。考虑到6座也不是刚需，就试驾了摩卡。新摩卡在驾驶质感，底盘滤震，空间等方面确实做的很棒，不论纯电续航还是汽车的用料都对得起20w的价格。和媳妇商量后选择了中网不太明显的深空黑，内饰选择了灰蓝内饰（比较坑的是提车后灰蓝内饰阉割掉了蓝色边条，觉得这个有点不应该，那算是灰蓝内饰的亮点啊，缝线有没有都不纠结，这个去掉太不应该），深空黑虽然很好看但是是真的不耐脏，准备去贴个车衣。 提车价格：99权益5000减8000，大客户优惠3000。保险4900，除了脚垫、膜、一些不值钱的户外小椅子，其他什么没送。 第一次开新能源车，还没什么太深入的感受。后面慢慢体会。吐槽一点，车机是真的拉胯。,2023-07-18,临汾
凌晨三点1122,昨天刚提的车才跑了一百多公里，目前还没有太深入了解过一些详细参数，总体来说外管满意，五月底我去试驾的是一辆银色车子，天水蓝没有实车，那天跟老婆只看了下图片就直接选择盲订了，直到车子回来才算第一次见到实车，天水蓝这个配色很漂亮很适合二十多岁的年轻人，内饰不用说非常满意，感觉不输50万级的合资车，尤其是后排座椅很柔软坐上去十分舒适，整车质感非常好，实测车内甲醛含量很低，说明用料挺好的，底盘也看过了十分工整，粗壮的铝合金摆臂给人满满的安全感，动力表现非常出色，总是不知不觉就到八九十了，有主动降噪的加持行驶中隔音效果也OK，能耗跟我预期有一点点出入，驻车空调的话电量下去的蛮快的，在接受范围吧，34度的大电池包满电在车内休息两三晚应该没问题，槽点是感觉空间不大够用，这个类型的SUV因为溜背造型所以头部空间表现不会太好，本人一米八五身高体重185斤算块头比较大了，前后排都是完全够用的，所以高度还好，但新摩卡长宽参数大于坦克300，实际内部空间表现却低于坦克，如果有太多的行李物品空间表现就很一般，不过人无完人车无完车，23左右这个价格还是很划算的，我是23.4左右落地，加上绿牌免购置税，性价比就很高,2023-06-24,厦门
劲久999,1、价格。价格很香，性价比非常不错，看得出来魏牌想要破釜沉舟背水一战。4S不收服务费，不强制保险，心里舒坦多了。 2、外观。外观简约现代，和理想的风格很像。 3、内饰用料十足，设计合理，座椅舒服，音响给力，车机欠流畅，空调屏幕不实用，不如换成蓝山同款。摩卡因为用了遛背，尺寸上除了车高全面胜出！不足是后排地台不是纯平，大概凸起3cm！ 4、底盘扎实，良心铝合金，长城这么多年SUV经验完全可以放心。 5、电池175公里满足大部分用车场景，三元锂电对北方车友更友好。 6、智能驾驶国内算第一梯队，灵敏高效。 7、电机数据中规中矩，相比dmi长城更倾向电机发动机均衡配置。 8、刹车制动信心十足，通风盘式值得信赖。,2023-06-30,哈尔滨
sun1岁,自己看中的车只要买了不后悔就行，我自己想看的车就是插电混动，看了很多一开始的预算是18左右就行了，但是新摩卡出来发布价格我以为会21左右，但是看了很车各方面配置去参考的，最后六一之前买了99权益，本来打算在扬州买车的，但是扬州这边4儿子店一直在装修，一直没办法买，最后看了周边的城市，南京那边的销售一直在联系很热情，后来直接就大定了，而且当时南京那边有政府补贴，五六天车就到了，我也就23岁，看中漓江蓝外观和棕色内饰，我个人觉着棕色内饰并不老气，我朋友买的现代的车我哥买的车内饰都是棕色，感觉很大气，本来想着选黑色内饰的，但是去4儿子店看了实车，一眼就看中漓江蓝外和棕色内饰，好大气，虽然魏的车很容易成绝版车，但是并不会影响驾驶，我同事一辆油摩卡和插电玛奇朵，我也试了他们的车，最初想买拿铁的落地也就二十左右，但是新摩卡出的太及时没办法，最后和家里人商量提了我的摩卡，当天就上牌了，哈哈哈，我已经开了几天，驾驶感受不输同价位的车，不管它以后降不降价，还是那句话早买早享受，车子很好开。缺点就是太大了人生中第一辆车就买那么大的还是有点担心开不好的，实际还是很好开的，车机我没太大要求，反正也就导航听歌了，应用越少反而用的时间更久，就像手机一样，下载那么多软件两三年就换手机，祝大家爱自己所爱的车，早日提车，魏加油，大家加油，自己也要再努力，加油加油加油。,2023-07-05,南京
敏图,换车过程:20年第一台车是哈弗F7，2.0T的，到今年八月整整三年，行驶六万多公里，每天上班来回要50公里起步，每公里要一块钱的油，加上现在油费只涨不跌，4月份考虑着要换一辆混动车，纯电不会考虑，刚好没过多久网上看到新摩卡的消息，一直开的哈弗也没出现过问题，所以长城的高端的wey也是很相信的，前后对比了新摩卡、蓝山、理想L8、唐、宋plusdmi、护卫舰、星越L等好几款！ 换车时间:8.4号提车，第三天就上了高速，杭州到苏州参加婚礼！来回300+的高速！ 空间:空间很满意，无论是前排还是后排，空间都非常的大，之前网上看到的说后备箱很小，但是自己用下来这么久，感觉也不小的，上一辆车的东西也都完全放得下 操控:操控也是不错的，地盘非常稳，变道超车和上下匝道，车身倾斜感比较小，非常有信心！ 智能化:自动驾驶方面也体验好多次了，很灵敏，主动刹车，遇到大车主动避让都能做出来，平时开车要喝水，直接开启自动驾驶，就能很放心的去喝水！车机反应对我来说够用，也不会很慢，反应也是灵敏的，虽然不是秒反应，但也不会卡！ 配置:因为下订单是7月份，所以全车配的是纳帕座椅，主副驾都有座椅通风，腰部按摩，音响也是非常喜欢的一点！ 续航:目前开了大概一个半月，行驶了3000km+的里程，满油满电是能跑到1000㎞的，纯电的续航也是实打实的，175km只多不少，有时间电量低，开启保电，发动机多余动能还能给电池包充电！ 车子是越开越舒服！虽然不是四驱，但是两驱我觉得已经够用了！,2023-09-19,杭州
腿真粗,我是在今年3月份就开始看车准备换车了，看了BYD唐，雪佛兰开拓者，还有本田的艾力绅，还有魏派的坦克，购车目的是家里生了小宝宝，想买车给她提供一个相对宽松的驾乘环境以及一定要省油，新能源最好，看了几个月车，一只在懂车帝上面刷贴子，对比各种利弊，途中经历了3.15水军事件，对很多帖子的用心产生了怀疑，所以看什么车都觉得是水军写的，因为一直有车开，所以拖到了6月份，一开始是没关注摩卡的，去试驾了BYD，车是好车，但是内饰真的是喜欢不起来（媳妇儿也不喜欢）果断pass掉，然后又看到雪佛兰的开拓者优惠也多，就在网上看配置，结果看到加95＃号油，本人上班族，着实觉得不踏实，pass。最后又觉得看看本田的艾力绅，无奈预算不足，尽管现在已经降了很多但是下完户也要将近30W，所以pass，最后看了坦克，觉得油耗较高pass掉了，这么长时间的观望，时间已经到了6.1又在网上看了几天看到新摩卡的帖子，觉得颜值不错，又在APP上面看了内饰以及优惠政策，觉得带老婆去4S店看看，到了4S店以后，看了蓝山和摩卡，蓝山很想但是超预算，摩卡的各方面我和老婆看了都很喜欢，尤其内饰，但是我之前没有99权益，想着还得多花5000选真皮，觉得好亏，跟销售沟通后结果销售说帮我争取一个99权益，顿时觉得很满意，心情好了真的是哪哪都好，后来一切就顺利了，记得当天是周六，等到周一销售给我把99权益转过来后，转了大定，选了雾凇银外，黑内。订完后销售说大概一周可以到，不知道为啥，我们这里这么快，网上看到其他地方都是半个月往上，大概是我们这里订单少的原因？有没有懂的大哥帮忙解释一下。车在路上走了4天就到了，速度不慢，没等太久，激动的心颤抖的手，车上午到，中午他们休息让我下午2点半接车，我2点就去了，嘿嘿。去了以后把旧车置换（旧车给了折价9000，还不错），补贴5000，公务员补贴3000，还有市里的补贴2000（这个是之后打卡里），最后提车20.6。销售帮我跑手续很快就办完了，给长城的销售点个赞。提车经历分享完毕，之后还会有其他分享，谢谢。,2023-06-19,鄂尔多斯
一只海棠压梨花ld,"本来想等四驱摩卡的，6月底看小定权益要过期了，就大定了😂，现在想其实有点后悔
【最不满意】
后排遮阳帘取消
流媒体后视镜不能单独选装
【购车经历】
第一台车是本田思域，开了5年，车没有什么问题，就是配置比较低，安全性比较差
其实去年就有换车的想法，去年6月无意间在网上看到摩卡这款车，被摩卡外观给惊艳到了，到网上查了很多相关信息，也去店里试驾了（当时试驾的是油摩卡四驱的），后面听说摩卡要停产油摩卡，所以也就没卖，直到今年新摩卡出来，就直接小定了，本来想等四驱的，但不知道要多久，本着早买早享受的想法，就直接定了两驱的😂

【提车价格】
车价加保险落地23.3左右，就5000抵8000，送了一些小东西，充电桩没要减了1000

【驾驶感受】
提取很快，没有油车的那种顿挫感（之前开我的思域，起步急加速顿挫感明显😂）
隔音效果好（当然也有可能是我没来过什么好车
，是对比我之前开的思域）
空调非常制冷，提车当天开回家，开最小都感觉好冷
其他驾驶感受，等开一段时间再来给大家分享了


【油耗】
提车开回家，开了大概160公里高速，开的混动模式，显示综合油耗5.6，可能是刚开始纯电模式开了一段路，电耗没注意看
【续航】
提车回来开了3天了，昨天晚上冲了第二次电（提车当天销售给车充满电了），续航175应该是问题不大的
【乘坐体验】
提车回来暂时只有我一个开，后续给大家分享后排座位体验
【最满意】
1.外观比较满意
2.车好开
【销售态度】
整体购车服务满意",2023-07-15,贵阳
梦红楼3133,"【购车经历】
在问界M7，比亚迪护卫舰，岚图新款free，星途瑶光，领克08直接取舍了很久，钱倒是够，到好像最终选了最便宜的，我自己也没想到！
瑶光首先出局，因为他说11月来cdm一直不来，深圳到12月的上牌政策没说可以延续，我担心深圳的免居住证政策不会延续。到时候车来了，牌没了这不很尴尬，😂不敢再等了。
领克啥都好，主要是外观我个人不是很喜欢，特别是尾灯和门把手，欣赏不来，试驾都没试驾，就略过了。
问界现在太火了，不买是因为想着年底交车，怕交不了，还有我对所谓的智驾还是不敢太放心，毕竟小命就一条，所以抛开智驾，他的整体机械素质并不显眼。我觉得现在互联网造车，很多人人云亦云，但真的增程器一直推广，我们国家战略目标就背离了，可能不一定是好事，基本增程车企都是新势力，因为门槛太低。但因为成本便宜而忘了本来目标，不知道是好是坏。没啥好说的。车也喜欢不过没买。
岚图很喜欢，这外观去把个妹，应该没问题吧！差点就定了。为什么没定，就是因为买了魏派，很装逼的一辆车，不过想想家用，省个大几万好像也不错。
至于为什么买魏派摩卡，第一，我对四驱没有那么热衷，其实百公里加速7秒多已经很厉害了，家用足够，第二，他基本的功能都有，比如智驾L2级别，我开起来还是觉得不错，长城也是比较早做毫末智行的企业。自动泊车，座椅加热按摩，抬头显示，自适应巡航，行车记录仪这些还有都有，纳帕真皮也还安利上了，还送终身保养。。对于一直开大众的我来说，这已经是天花顶级别享受了。我真不喜欢我原来大众的破内饰。还有，这个价位，这个配置的，买的这个175续航，个人感觉已经性价比很高了，隔壁的比亚迪护卫舰可能要24左右，摩卡下来优惠不少，已经达到心理预期。

【驾驶感受】
提速很快，一不小心都到了130公里，你还没什么感觉，可能车比较重的原因，我设置了130速度语音提醒，一上高速一提速就来提醒到了130了。这我那大众是开不出来这效率。
还有就是现在的黑科技真多。我试了几次之后，基本不带钥匙了，怀档真好用。省了不少空间。。


【最不满意】
长城的女公主能不能不要取这么难听的名字，我有点尴尬，这么大一辆车，竟然叫摩卡。销量不好。名字占一半。",2023-11-19,深圳
唔知5029,性价比很高的车，无论是配置还是新能还是外表，都是同级别的佼佼者。底盘正如大家说的那样，调教不错。之前开过护卫舰07车，打急弯容易飘，不知道是护卫舰重心较高，还是我驾驶的问题，感觉车身不稳。此外，该车智能驾驶不错，不过在高速上突然悠一下，让我很害怕( •̥́ ˍ •̀ू )，但是确实保持居中了。智能泊车上，可能程序设计上很谨慎，距离障碍近一些，就自动放弃泊车了。如果是很大车位，左右没车，肯定停车很丝滑。车里的氛围灯很高级，有种小奢华的感觉。但是，有2件我个人比较计较的事，一是随车不送外放电板和便携式充电。这个上让我有点伤，比较这个感觉某迪都标配，我也希望魏能给力哈。二是etc设置上，貌似只支持工商银行的银行卡，看能不能拓宽一下审核。,2023-06-16,鄂尔多斯
执着的孔雀6Z8,"【外观】
相对于摩卡的外观，个人更喜欢蓝山那种封闭式的外观。关于溜背好多人都提到，我觉得溜背也挺好看的。

【智能化】
高速智慧巡航还是挺顶的，正常路况，除了上下匝道，几乎可以做到不用接管。扣分项是来自车机，只能说目前是白瞎了8155

【驾驶感受】
摩卡的驾驶感受还是很舒服的，完全家用调教。底盘整体给人的感觉非常的踏实，激烈驾驶下也比较有信心。

【能耗】
大部分时候用电，所以这里就重点说电耗。通勤25km的路程，空调25 auto，基本都是15-16左右的电耗。

空间和续航还是很顶的。

【吐槽点】
1.车机开机较慢，操作反应略慢，语音识别基本是人工智障级别。
2.座椅通风正确的叫法是屁股通风，有点小难受
3.空调耗电有点厉害，这个影响较大。大概1小时掉10公里的电，真挺多的",2023-09-07,福州
啊东方红12,综合评价：车机拉胯了点，但是也够用了，又不是像手机一样天天拿在手上，看中的是安全和空间，目前还没出现什么毛病，但愿后续长期稳定使用。 内饰外观：内饰简洁，外观大气，成熟稳重。 使用感受：动力充足，虽然是两驱，由于发动机可直驱，高速亏电状态也轻轻松松超车，周末放假开出去露营非常棒，外放电3.3kw够用，烧烧水，煮火锅。夏天睡车上一晚上大概耗电30% 能耗方面：大概计算了一下，9月提车到现在总共行驶5200km，油跑了2000多，电跑了3000左右，有时候去充最便宜的电，3毛一度，纯电差不多费用2毛一公里，油差不多5毛多一公里，综合下来3毛多一公里，这个能耗还可以。 图中位置可以自己定位查看，汕尾那边，风景绝佳，露营绝佳去处，可以带上小铲子和盆，早上可以捡花甲，好多人露营。,2024-01-22,深圳
鱼在water中,【购车经历】 在买这个车之前其实一直没关注过，一直在看比亚迪唐和护卫舰07。试驾了好几次唐和07，总是有不满意的地方，特别是座椅不舒服。 后来我和老婆说，不行去看看魏派摩卡，我在懂车帝上看到的，配置也不错，就是知名度不高。然后就去看了，当场就看上了。内饰高级，座椅舒适。接着就预约试驾，试驾后对于车子的动力和行驶质感也很满意，悬挂不错，没有开船的感觉。 回去考虑了几天，还是决定买这款，虽然有停产风险，但是我们开个五六年最少，不是一年就卖，开着爽就行了，也就不在意贬值的事了。 【提车价格】 我们当地有地方置换补贴五千，4s店置换补贴五千，大客户抵扣三千，交五千抵八千，保险找了一家还可以的五千九，所以最终实际就是22.08万加保险五千九。 有一个比较坑的地方，我们当时买的时候置换车辆必须卖给4s店，然后下个月之后就没有这个要求了，估计这块要亏个几千块钱。 【驾驶感受】 动力随叫随有，特别纯电行驶的时候，加速线性，不晕车。发动机介入后也很安静，馈电下也听不到声音，只有打开车窗才能听到声音。 【最不满意】 我觉得车机系统应该是最不满意的了，这点厂家也意识到了，还要加油追上新势力啊。 另外厂家对摩卡这款车的营销也不重视，很少看到推广，可能没利润吧，销量的确是越来越低，这种恶性循环需要想办法解决啊。,2023-10-16,合肥
熊字饼兯,"【购车经历】
有了想换混动SUV的想法，试驾过比较多车，唐DMI   UNIK IDD 宋PIUS DMI  零跑CII增程版，看到新摩卡属于机缘巧合，以前了解过老摩卡以及拿铁，所以对WEY的车驾驶感，还是比较满意的，再加之价格比较合适，于是下定新摩卡。
【提车价格】
我是在成都市火车南站那家店提车的，总体感觉销售人还不错，送了贴膜（一月不到就起泡，前挡尽然也要起泡，原谅我真没见过前挡贴了不到一月就起泡的膜，于是自费去外面贴了量子膜） 脚垫 露营套件吧应该是，车友们的车机内存卡是要找销售要才会有的吗？我提车时发现没有，自费买了一段时间之后，看到车友发文才发觉原来原车自带内存卡，问销售才说，我没找他要😄送了5W积分（虽然快半年了都还没兑现），有预交5千抵8千，有大客户补贴3千，所以价格感觉还是比较合适。
【驾驶感受】
这个我觉得开过几台车以上的人，应该能感觉出来吧，20来万一个大混动SUV，驾驶感受真算不上差吧。
【最不满意】
那就不得不说说车机了，算了不想说。还有所谓的一些智能配置（蓝牙钥匙）罚站加打脸神器，和朋友在旁边站到（朋友:开门呀）我:手机拿出来连接半天连不上（假巴意思说 不慌，我在找烟，整杆烟再走），现在开车钥匙不离身。",2023-11-05,成都
xxxmangta,【购车经历】 之前选车试驾过老款摩卡就觉得内饰用料扎实，驾驶体验也不错，但无奈老款价格太高，看到出来新款就又来试驾，内饰和驾驶感受都还是很不错，加上纯电续航也够用，本身也不是四驱刚需，价格还来到了23万，性价比在同价位实在是香，想要的配置颜色内饰还有现车，就下了订。 【驾驶感受】 现在开了半个月跑了4000＋公里，因为是计划从杭州开到海南环岛一圈，再直接开去新疆，所以这半个月用车环境大部分都是高速，开起来减震感受还是不错的软硬度我是可以接受的，就是高速过弯车倾的感受很强这点不太舒服，智能巡航一路上给我的安全感很足，不管白天黑夜表现都很稳定。在市区内的前后侧预警刹车有一点过于灵敏，在复杂车况的时候总会突然来一下。自动泊车我平时不太用，心血来潮用的几次体验都不太好有点人工智障的感觉。 【最不满意】 车机开机速度都快比不上我手机开机了，真的是8155吗。语音助手也是听不懂人话，连续的指令只会执行第一个或者直接就不执行，试驾枭龙max的时候看枭龙max车机语音表现很棒，当时购车就没太在意，没想到车机方面真的体验有点差。手机app也是几乎没什么用，远程遥控总提示遥控车锁总显示系统电量不满足要求，刚充完电也会提示。倒车后视镜会出现复位不到位的问题。无线充电的那个出风口风力很小几乎起不到给充电手机散热的效果。 【最满意】 续航扎实，驾驶的舒适度比较不错，内饰基本上皮肤接触到地方都是真皮。高速跑了4000多公里没出现什么问题。,2023-07-22,杭州
建安工程预测算,【购车经历】 一直关注油车摩卡及30.5万的新能源摩卡，但是超预算了，这次新摩卡在预算区间内，就果断购入。4s店从试驾到购车整体工作都是比较到位的，购买过程很愉快。 【提车价格】 23.18-0.3=22.88 保险0.54上牌0.05一共23.48万元。 【驾驶感受】 底盘、空间、性能、NVH都没得说，动力充沛，提速也是说有就有，120迈噪音控制的很好，但是到140～150迈时风噪明显增加。 【最不满意】 本车主为魏牌新能源主销车型，驻车、autohold、大灯、陡坡缓降等功能都集成在中控显示屏，但是车机操作流畅性有待提升，陡坡缓降功能操作不变且不支持语音控制(试了一下未成功)，对于每天要下地库的车主手动操作有点麻烦。车辆驾驶模式固定为纯电优先，如果充电不方便需要调智能混动，每次不能记忆，需要重复操作。 【空间表现】 车身宽度较大，过狭窄曲艺及停车需要额外注意。车辆整体形态还是偏向于低趴，身高过高的车主需要调整一下，两侧后视镜以及HUD高度略微不太合适。,2023-06-25,天津
那个男人i,1.车子外观，内饰都挺满意的 2.目前开了2000公里，油耗这个还没具体算过，反正500块的油还有100多公里续航，充电倒是充了可能7次左右吧。 3.存在的问题就是座椅记忆有点鸡肋，有时候不一定准确，然后车机确实慢，我刚提没两天跑了一趟长途，中途车载导航居然失灵了，一直定位不了地方。然后就是每次设置了驾驶模式，但是第二次上车又得重新设置。 最不满意的地方就是没有哨兵模式，明明点了停车监控，但是每次上车点开一看，又得重新设置停车监控！！然后有两张照片是我提车回家的晚上，我用车结果就弹出来了故障，然后自动驻车一直没法开启，最后第二天用车才恢复正常。 其它就将个烂就吧,2023-09-22,成都
有趣的灵魂SSS,性价比很高，驾驶舒适度很高，除了座椅方向盘还没找好最合适的坐姿尺寸距离外，基本满足个人的驾驶需求。 我十月份开始看车，试驾很多，也看很多，具体有啥就不一一列举了，没有意义。如果你需要的驾乘体验是，底盘的平稳兴，乘坐的舒适的话，在这个价位的话买它不吃亏。 续航问题，冬季开空调，基本减半，别抱幻想！不开空调冬天这个温度五度左右150+没有任何压力，那当然天暖和了估计达成率更高。 主动安全够用，自动泊车对新手还比较友好，老司用不着。360全景看着有点头晕，全车实景我觉得有点反人类，特别行驶途中，车机上显示左侧的汽车是你实际右侧车，右侧的反之…这个是我设置的不对还是都这样？有大神能告知一下最好。 其他，不知道为什么这个车卖这个德行，我不是买了必须说它好，车外型我不喜欢，内饰还行，如果再高点这个车就好看了。是真的试驾过好多车，这个开着，坐着都很舒服。驾驶的动力输出比较线性，输出足够，没有那种响应延迟，一头一头的感觉。 让我订这个车的最主要原因是一性价比配置丰富，二驾驶舒适度，三内饰相对豪华感。,2024-01-06,烟台
狗哥有点呆,"重度选择困难症，看车看了挺久。
        比亚迪唐，宋，问界，本田，大众都跑了一遍。一路选下来 ①问界太贵了超预算（不买智驾版买啥问界） ②宋不符合审美（宋冠军的花猫前脸、兰花指换挡杆劝退了，老款没有单独的快充口）③BBA的纯电续航50像是开玩笑，CRV店里没有试驾车，有点可惜，途观L.开起来发动机噪音超级大。
       之前一直想买领克的，觉得更安全，而且肉肉的我很喜欢，但是08实在捂太久，最近又要用车，等不及了，简直磨人的小妖精。另外看大家的预测，23音响版本估计25w起，估计买不起😭，也就不等它了。
        最后定了新摩卡，我都忘了是咋看到这台车的了。稀里糊涂的，但是外观内饰都喜欢，最后下定的是漓江蓝外观，黑米内饰，提车一周，目前只跑了168公里。
        颜值: 好看，符合我们家所有人的审美。选的浅色内饰很温馨。
        驾驶: 混动车没啥可说的，有劲儿，舒服。
        续航: 还算是比较扎实吧。满电交付，首次续航达成率只有50%，我很费解，以为上当了。但是第二次充电后续航达成率有个82%，跑了68公里，续航掉了80多一点，夏天空调开的大，还是可以接受的。但是但是有一点，驻车开空调太费电了，车上坐了一小会儿，3、4公里的续航干没了，希望官方能优化下。
       智能: 车机太傻了，除了不能装软件不说，语音识别也一般，近音词联想能力太弱。这方面长城官方一定要优化！
       辅助驾驶: 试驾的时候感觉挺好的，提车回来自己开没敢用。后面试了再来补充。
       空间: 前后排都很宽敞，符合家里需求。
       其他问题:  ① 我的车钥匙不能打开后备箱门是咋回事？② 用app控制开后备箱门，再用实体按钮开门，结果后备箱门关上又打开了，并且喇叭还鸣笛三次，昨晚车停单位家属院，半夜两点反复这样3次，太扰民了，我贼尴尬。 如果车友们知道怎么解决也拜托帮忙解答哈🙏🏻
      待补充……",2023-07-17,成都
叨叨叨叨叨范,全款，南昌没有补贴，保险自己外面买便宜1000多！上牌费就500！销售服务还可以，帮忙上牌子到车上！开了半个月不到，驾驶感受还可以，刹车和油门反应都比较快！方向盘指向性也还可以！之前是3系，开这车没有感觉太大差异，加速平滑！可能之前开的是轿车，开这种大的suv需要慢慢适应，优点是空间大，隔音很好！就是没电启动发动机。也蛮静音！配置蛮高！奶爸车，家用完全够用！没事还可以带着家里人去自驾游！后排空间也蛮大.可以放倒，虽然不能纯平，铺个气垫躺着没啥问题，无线充电也蛮好用，360全息影像还是蛮清楚的！之前3系基本就是丐版，就带一个倒车影像，现在体验这个车感觉功能太全了！ 缺点就是我刚提的车官方纯电续航175！我基本也就跑100公里，电耗能到30多！不知道是不是电控问题，销售和我说多充几次试试，和售后聊了几句，售后给我感觉就是甩锅，一点都不专业，也不检查，说电车都这样，打对折，和我说隔壁欧拉，300多的续航也就跑150，我这车上高速也就跑70多！如果电车这种续航，还不如油车！听他这么说，电车就是续航垃圾！还有车机，封闭车机我能理解，但是封闭车机，搞得车机还不流畅，就完全无语，有时候点下能延迟2秒！而且小魏同学连家里的天猫精灵都比不上，导航指令就是智障！我说去坦克4s店，不识别，说去魏派4s店才识别，说4s店全名也不识别，给我识别别的位置！反正车机真的一塌糊涂！交互性一点没有！ 这个车正常开没啥问题，不考虑车机，车是好车，开这个大车能给人安全感！暂时没有别的问题！如果打分能打9分，车机垃圾可以减2分，打到7分！,2023-06-30,南昌
美好人生16837,"我的新摩卡提车有感 

有那么一天，驾乘朋友的新能源车后，就萌生了换车换新能源的想法，于是进驻懂车帝，从纯电到插混、增程的工作原理，从品牌老店到新势力的底缊前景，比当年考大学还用功地学习了一遍，每晚深耕至半夜，老婆大人对我机不离手，聪耳不闻都产生了生活作风方面的怀疑，当然身正不怕影子斜哈😊，本来才买三年的英菲尼迪QX50，行驶里程不到4万5，车况良好，在初探老婆换车意愿显然是石板一块滴，但凡事都有转机，在我作风正派，只是出轨爱车的铁证如山之下，老婆大人对自己的胡乱猜忌终究心生愧疚，夹杂着对我夜以继日的辛苦学习的怜悯之情，在一个阳光明媚的下午，我终于借科技改变我们生活的伟大憧憬开启了我们逛车之旅，迈向了成功胜利之路。

看车我是带着目标的，比亚迪护卫舰07刚刚上市（因为它悬架不是筷子了），为它而来，但从农村包围城市，我们从零度开始到深蓝S03、小鹏p7，老婆显然不满意不耐烦了，直接说看下比亚迪吧，还不如QX50，不得不说比亚迪居然深入到了女人的心中，很了不起，从王朝开始到海洋，尽管我各种介绍07，但深得她心的只有一款一一汉EV，而我只想要SUV，习惯SUV，意见不一，看实车07在造型方面有所欠缺，特别是那门把手，啧啧……此事只好作罢，继续深造学习。后来因星途4S就在我家楼下，瑶光和新揽月都进行试架体验，那家伙真的不一般，很可以哈，一度濒临冤种的崩溃边缘，以油车换油车了，说真的就算是换揽月也比Qx50强。终于主角登场，万里长城永不倒！偶然搜索到了长城二狗上市，长城高端魏牌蓝山上市在即，摩卡即将改款登场，一日之余，自己毅然一幅不买长城非好汉的状态了。首先试驾了二狗混动，内饰深得我心，外观也帅，最终在铁悬和105的纯电续航上打起了退堂鼓，犹豫不决之下坚定了初心，200续航的目标不能变，坐等摩卡上市，价格是唯一决定因素了，心里默念24个左右，直接拥有。期间蓝山和摩卡都已到店，实话实说，蓝山内饰比摩卡高一个层次，特别是那一排实体按键凸显高级，两个水杯架盖板一梭浑然天成。当然摩卡內饰只是相较于蓝山略处下风，家用6座非刚需，城市蓝山驾驶压力增大，加上超预算，就确定了摩卡。

6月1日，新摩卡上市，本来应邀了4s店上市暨庆六一活动，因临时有事，没有参加，交待销售第一时间通知我价格。23点18万，讲真还是很有惊喜的，上市就一款，基本顶配，对我而言，本就没有打算上4驱，也省了选择的烦恼。6月2日，手握99权益，跟销售谈了一些可有可无的赠送后，立即就转了大定，初定银+黑棕，后改黑+黑棕，着实纠结了一翻，因为实车对比，银VS蓝，感觉蓝色更霸气，轮胎错觉大一号，也许银色是试驾车的缘故吧。反正最后选了深色，蓝色觉得沾一点灰会降不少颜值，保险起见选定了黑色。提车差不多一周，行驶三百多公里了，总体上尽如我意，感受到了国产的进步和优秀，至少有3点超出预期：1、隔音，玻璃一升，车门之外，两个世界。2、用料做工，只说一点，关门声真的扎实沉闷好听，全车无异响。

3、音响，换车最怕就是音响跟我的英菲尼迪17个B0Se相差太大。燕飞利仕不相上下，轻音乐燕飞占优，重金属B0se胜出。 

周围亲朋，有人认为英菲尼迪换长城是一种降级消费，很是不解，其实就两车对比来看，绝对是一次全面升级，这次换车，我目标很明确，就是换国产，一来我坚信国产在新能源领域的领先优势，二来我坚信国产在发展之中的质量稳定，三来我坚信国产在性价比这块的降维打击，未来必将位列家用电器、手机等同一方阵。解放思想，今时不同往日，虽然还不能验证摩卡的耐用性，但是我已验证了当前驾乘这一块的进阶快感，当然我忽悠老婆换车的重要一点是怕英菲尼迪倒闭后，修车困难，哈😊。总之，有些体验只可意会不可言传，摩卡吸引我的点，核心要素是：外观+内饰+空间，安全+长续航电池+前后粗壮的铝合金悬架。其它的我不专业，也没太在意。要说有几个点仅个人观点希望改进：1、增加实体按键，可以撤掉空调屏。2、杯架增加活动盖板，影响美观。3、记忆驾驶模式，每次选混动后，重启又跳回纯电优先，影响体验。4、增加选装流媒体独立项和选装轮圈，提升使用品质。5、增强座椅通风+按摩的实用性。

车换了几台了，第一次写日记，不专业所以不具体，不杠精所以不细节，欣喜于自己的选择，所以才记录分享，油耗电耗不是我关注的点，所以不分析，行驶质感只比较我自己的上一台车而言，所以打优秀😄😄😄😄。未来的路很长，祝我们行稳致远！路路顺通！感谢流览！",2023-06-25,岳阳
yuren850213,在经历几个月找车、试车、比价、谈价、等政府补贴之后，终于把新摩卡提到手了。 期间试了唐DMI、宋PLUS、护卫舰07、蓝山、新摩卡、领克08，综合对比外观、内饰、动力、操控、底盘舒适度后，家人一致决定买新摩卡。理由也很简单，价位与预算匹配、好开舒适、内饰高级、适合家用；唐DMI外观老气、护卫舰07的内饰尤其是门把手接受不了、领克08没什么感觉。 外观最初看银色实车感觉一般，尤其是大溜背和车尾不太喜欢，后来偶尔看到了黑色实车照片，发现还是很好看的；无奈本地4S店里只有银色的实车，价格也没什么空间可谈，于是联系了省内多家店，最后跑了三地三家4S店，终于有了想要的颜色和合适的价格；内饰一开始怕浅色容易脏，选车软件里的棕色很丑，所以初步选了黑色，没想到在杭州店的展车看了黑棕内饰之后立马喜欢上了，高级感很强。 10月20号提车，直接顺路去了趟上海办事，三天开了七百多公里，好好感受了一把，用车感受非常好！动力强劲，高速提速超车很轻松，偶尔试一段140码以上，车子稳得一批；市区道路纯电行驶的感觉也很好，安静、平稳、响应快。昨天又上高速，试了下智慧巡航模式，高速定速巡航+自主车道保持，感觉开高速立马轻松了不少。 缺点：车子偏大，还不适应，高速超车时对车间距把控没自信，市区小路通行遇车有压力，停车不方便，因为这个已经排除了蓝山，没想到新摩卡也还是有压力，需要时间适应，如果是新手司机要有思想准备；后备箱有点斜度，平时没什么影响，夏天要放个西瓜还是会有影响的，还是放后座吧，再买个TPU 材质的后箱垫，增加摩擦力。 到今天行驶里程已经超1200公里了，感觉非常满意！特意等行驶证拿到做了车主认证再发帖。,2023-10-30,杭州
西早火火,中规中矩的一辆车，除了大空间，我坐在后排，甚至想要往前靠，因为我离司机实在太远了。在设计上没有什么特别之处，没有让人眼前一亮的东西，看了蓝山之后我甚至更不想看摩卡，但是这个价位在当时品质上有说服力的就只有摩卡了——这是我对这辆车的第一印象。 反复摸索和对比之后，发现它有点儿像周杰伦，李荣浩，看它不爽但是它有才华啊。第一触感车门很厚重，关门声沉闷，加上屁股后面两个裸露的铝合金后减震这不就妥妥的脱衣有肉嘛，满满的安全感！ 内饰风格设计上没什么可夸的，我85岁的奶奶来了也行！但是好在用料上绝对高分，还有包裹细节的处理上，新车的气味上也可以给高分的！ 音质绝对是不差了，平时开车音量也就调到13左右足以。 吐槽的点就是车机咯还能咋的？初中生水平吧，汽车基本的功能都有，拓展性的功能不多，我并不是希望它跟平板一样一大堆App，因为我坐在车上一般也是刷手机，但是看到隔壁家的鸿蒙坐仓高材生你不羡慕吗？希望它更智能，更顺滑一些，最好能移植一些PSP类的小游戏进去，外接手柄可以PK，闯关的，那太完美了。 另外一个要吐槽的是导航吧，我最怕走一个陌生岔路非常多的路口，容易错过，车机自己都没反应过来，有条件的朋友直接加装1.7W的高速NOH智驾包吧，绝对好使。 7月中提车到现在一次OTA，车机顺滑度提升了不少，但是我还是不习惯用语音控制，因为觉得没什么可玩性，顶多导个航，临时停车时喊它关个窗也不错呢。,2023-10-24,深圳
NFG835,满打满算，提车4个月出头，表显里程差50公里8000km。说下用车感受：多数时间都是上下班和近郊用车，所以基本是纯电，其中燃油里程只有600km，提车到现在加了500元的油，目前还剩了15升。从油车过渡到插混，最大感受就是确实省，以前1.6自吸，每周最少加300元的油，开电车的这段时间，我拉了一次九月的充电清单（外面快充+家充）一共180元出头。感觉现在充电，真不是买车之前认为的很麻烦，家附近和我上班的几个点附近1公里以内都有充电站，每周三中午再外面充一次，周末都在家里充。插混有个好处就是不担心没电，175km的纯电续航，成都近郊很多地方都能覆盖（家里充满不到5元，大成都范围高速免过路费）周末近郊游就很巴适。距离比较远的，我习惯用纯电跑到电量剩余30%的时候切换成混动，感觉也很省，具体油耗多少没算过，反正没之前油车耗油（以前开油车8个左右），用电提速快告别顿挫，停车的时候也没怠速，隔音也很不错，这些就是近期的用车感受，至于外观 内饰就各有所好了，买纯电和插混大家更关心的是用车体验，智能方面总体来说还是不错，因为实体按键少了，更多的是通过语音和触控面板来操作，刚开始肯定会有些不适应，或者是觉得不太合理的地方，用一段时间就习惯了，手机的很多功能和使用逻辑也不可能让人100%满意。辅助驾驶是个意外的惊喜，智慧巡航（我更喜欢在下班的时候使用，因为下班主要是封闭道路，加上很堵，开启以后确实就轻松很多，第一次用小心翼翼，后面就很放心了，使用的时候重点判断其他车加塞，其他都还好），自动泊车，倒车寻迹都试过还不错，不过基本不用，自动泊车入库时间也很快，不过停车环境比较恶劣的地方系统会因为距离受限自动退出，所以真的想用的时候是用不起的，对完全不会倒车的还是很实用。最后就是一个硬伤，我个人觉得后备箱小。（乘坐空间够大）,2023-11-08,成都
西荷,"【购车经历】
买车是早就想买了，7月25号，先看了林肯航海家，丐版33万多落地，顶配试驾车开起来是真爽，奈何囊中羞涩，拉倒。又去福特看了锐界，锐际，锐界不喜欢，过大了，锐际老款没四驱现车，新款没上市，外观不派气，先备选。7月26号晚上逛懂车帝，才发现摩卡这车居然出新款了，居然还便宜了，约了护卫舰07和摩卡的试驾，拉着朋友一块儿第二天去。期间理想的销售也联系过，但一直没试驾。也看了昂科威，凯迪拉克，还有二手车市场什么的。

说说感受的话，就大五座而言，我认为摩卡这个车做到了一个最均衡的结果。
到最后其实我的选择，就是几个，一等福特锐际新款会不会跟北美一块儿改款前脸，二是护卫舰07，三是二手林肯航海家或者凯迪拉克XT5，四是新摩卡。其实最开始，选择里本来还有理想L7，和等领克08的。也都pass了。

锐际是个好车，但是我开起来脚重，费油，后来也确实长安没有和北美同时改外观，四驱估计也贵。虽然媳妇儿还是想让买油车，考虑到后期有孩子，一家出去玩儿不憋屈，就算了。

护卫舰07是我从去年都关注的车型，没上市我就发帖子期盼，但内饰我真的接受不了，而且我去试驾的时候，开的感觉，有点儿像船，而且，重点是，我晃两下方向盘，试试变道，没打转向，试驾员凶我，我一米八大个儿，180斤，十几年老司机，他凶我？至于dmi和dht谁牛逼，仁者见仁，智者见智，我是觉得车得有动力，再谈能耗，逻辑是从洛阳到北京，我最快能到，然后我还最省。而不是，从洛阳到北京，我最省，我还能到。年纪大了，时间成本也是成本。再加上前一段儿举报门，一个老实人被逼急了眼，一个回应满满的绿茶味儿。越来越让我觉着不是那回事儿，销量高，你高高去呗，不乐意就是不乐意。

二手凯迪拉克或者林肯，家里人不让买二手车，说不靠谱，新车去看了林肯航海家确实豪华感十足，用料，配置都比BBA实在。看了凯迪拉克，销售狗眼看人低，直接不看了，不提也罢。

理想的销售我加了三个，每个人都是统一话术，客客气气的，很有素质，最开始去商场逛，我也看中了，确实是享受。我本身也喜欢理想这名字，但后来感觉味儿变了，买理想仿佛成了一种身份的象征，而且我看销售发的朋友圈，提车的大部分都是网红脸，你说她们研究玻尿酸专业我信，研究车专业我是一点儿不信，突然惊醒，我到底买什么？我买的是汽车啊。

领克08太墨迹了，没耐心了，看预告图，外观也一般，谈不上喜欢。

7月27号带朋友试驾摩卡和坦克500混动，30号带媳妇儿试驾摩卡，31号上午付定金，下午app显示车辆生产完毕，又试驾摩卡。8月6号提车，银外灰内，7号下午上牌完毕，8号贴膜去。前后十天，想好就上，再犹豫再对比反而是对自己的不尊重，因为我朋友告诉我，无论你做什么决定，你都会后悔，还不如先爽他妈的，将来后悔，将来再后悔他妈的。


外观，空间，配置，动力，能耗，续航，

外观牛逼，回头率高，去上牌，好多人不认识，也有好多人看到wey，就恍然大悟，作摇头状。

空间我觉着大，可以，够我们一家用了。

配置足够了，我不太喜欢太智能，显得我很废物，我也不喜欢一点儿不智能，显得我钱花的不值。两驱绝对够了，真想越野4驱，还得油车。

动力:挂着临牌和X5崩了4个路口，它拐弯儿了。

能耗:没咋仔细测，不过外头快充确实不便宜，我也是傻，挑个高峰期过去冲的，花了41。

续航:过两天跑个小长途测一下。



我说点儿不满。

第一，车机确实智障，但我把他唤醒词改成了德纲德纲，好像他变呼灵了。可能是心理作用，这其实没那么不满，后期ota厂家多操点儿心，多听听用户心声，应该不是啥大问题。另外我对于副驾大联屏没啥兴趣，开车就是开车，媳妇儿副驾也是聊天，听歌，现在这屏就够用，这车机其实也够用。

第二，就是品牌问题，准确的来说是魏牌的营销问题，往大了说是长城的格局问题，战略问题，我的销售，包括我等车试驾去旁边儿哈弗的销售，包括很多魏牌的车主，都心知肚明问题出在哪儿，这帮长城的领导怎么会不知道呢？
拿销量说话，确实让人有的时候没话说，但明明是好东西，却因为一步错，步步错的战略而不能让更多的人看到，这真的是有点儿憋屈，
万里长城永不倒，往事越千年，魏武挥鞭，明明是个大大方方的品牌，起名，营销，公关，却总有那么点儿小家子气。很多消费者买车其实就是从众心理，因为保有量大，配件，维修都会便宜，新能源，唯快不破，卷就要卷的快，如果被抢了先发，还不如沉下心来，认认真真的把用户画像给做好，细分市场和品牌定位，4S店别再开到那犄角旮旯了。
魏牌不应该如此，也不能如此。

第三，别的没了，后期看看售后吧，如果不好，回来继续喷。


今天去上牌的时候，旁边儿停了辆理想L7也在上牌，他看看我，我看看他，仿佛都在骂对方:XX。买车这个事儿，其实就是仁者见仁，智者见智的事儿，没有绝对的对与错，反正，谁买，谁美，谁知道。",2023-08-08,洛阳
红茶Turbo,"【最满意】
购车前最满意的是车身尺寸，之前看过大六座车型，总体感觉超过5米用起来有点困难。购车后最满意的应该就是NVH性能，整车的隔音静谧性确实不错，比如手套箱内部，扶手箱内部，后备箱盖板下方都采用了吸音材料，前挡和前排也是采用了双层夹胶玻璃，静音效果相当明显。包括发动机从纯电进入混动模式时发动机的噪音和振动都抑制的非常到位，当然这和新车也有一定关系，咱慢慢品。车机软件里我比较喜欢的功能有内置ETC,免押金还可以灵活暂停，很方便。ai实验室里的右侧盲区辅助比较实用，建议打开。

【最不满意】
车机系统没有应用商城，我觉得这个应该给加上，建议OTA一下。此外全触摸式加可见既可说的语音操作虽然很方便，但实用还是实体按键靠谱。另外如果能将一个实体钥匙变更为卡片钥匙或者NFC钥匙就更方便了。

【购车经历】
从新车下定到提车也就一周时间，之前我猜测上市价格是23.58，可结果上市价格23.18还能再优惠3000，算下来只比隔壁家别克E5贵了三千块，但却多出了一套智能辅助和一台1.5T发动机。喜欢天南地北到处跑的时候就想去哪去哪，打算在家宅着的时候也可以充电降低成本，插混目前还是最符合中国用车需求的一种产品，这点是纯油和纯电都无法给予的。


【驾驶感受】
底盘给好评，发动机的运转目前来看我也没遇到什么顿挫，整体很平稳。轮胎的配置虽不是顶级米其林，但用的马牌也算仅次于天花板。这台车有单踏板模式，建议尝试一下，和特斯拉的单踏板完全不同，不会有特别强的拖拽感，但低速时还能站的住。


【乘坐体验】
前排乘客有通风加热和按摩，但后排乘客有超宽坐垫。


【保养】
上市前定的终身免费，上市后定的305一次不含工时费。首保是5000公里或者180天。


【油耗】
油耗目前还没测过，只测过电耗，昨天的数据是18.29度电跑了118公里，感兴趣的可以自己计算一下。

【续航】
油耗都没测，续航就更不用说了，从目前的电耗来预估的话，我估计纯电行驶应该在165-175之间，我的驾驶是比较激进的，仅供参考。


【提车价格】
新车上市没有优惠，我没要充电桩给减了1000块，又送了几件户外露营用品，没了。",2023-06-09,太原
摩卡new1128,"2023年11月份买的车，2023款长续航黑色摩卡DHT-PHEV，坐标南京。性价比高，长城车中的高端品牌，各种智能化配置齐全。买车到现在一个月了，期间逐步喜欢上摩卡驾驶感受。
       智能化：前后方行人自动刹车，有一次在路上前面有2个行人，车子自动刹车，着实惊艳到我了。
       自动倒车入库，体验了一把自动倒车入库，打方向盘倒车有点快，遇到柱子会自动刹车，倒车在中间很完美，但是我心里还是有点紧张。
       速度60km/h以上，会根据道路白色行车线判断车位是否剧中，并自动微调方向盘，不想用这个功能也可以关掉。
          电动后备箱：自动开、自动关，再也没有“砰”的一声了，很智能。
         车身有5颗毫米波雷达、12颗超声波雷达、
1颗ADAS摄像头、4颗百万像素环视摄像头。360影像、寻迹倒车、碰撞预警、前后左右旁边障碍物的距离标识的很清楚，比如85cm、46cm，完美让我这个新手小白找到了开车的感觉，极大的减少了剐蹭风险。从国产车上找到了满满的人性化与科技感，心里很很舒坦。
        一个DC直流快充、一个AC交流慢充，现在南京这边充电桩很方便，附近随处都可以找到。平时在公司充低估电0.6元/度，合0.2/km；即使按普通的充电桩1～1.2元/度充电，也比用油节省。
        平时主要市区上下班用车，到公司17公里左右，来回35km左右，摩卡充满电175km的续航，完全够用了。
        由于考虑到逢年过节回老家上高速距离较远，买的摩卡混动，完全没有里程焦虑，平时油箱里有200～300公里左右的油。走快速路车速到70～90车辆会用点油。其他时间基本都是用电行驶。
       车内饰：车内座椅质感真不错，比同事买的BBA好多了，完全没有异味。音响是燕仕利飞的。车内氛围灯自动缓慢变色，很温馨了。怀档还是好用的。
       车身用料：长城的车在历次车险中都能硬起来，可以很好地保护车主。之前刷到过一个博主解剖车辆地盘的，摩卡的转动轴用的是大块铝合金，给我看心动了，和外国品牌40～50元的车一样的用料。
       车机：登录账号后，可以免费看一些电影、书架听书，权益好像是到2026年，不知道后面是否要续费，不过最近对这些车内娱乐的功能需求不太大。
       车机：有一个华为HiCar、一个carLink之类的，华为HiCar只能用华为手机连接汽车，另外一个任何手机苹果、小米都可以连汽车(蓝牙、Usb线）。
         有个问题，还没搞明白，我用手机连接汽车后，可以手机电话、百度地图、网易云音乐、抖音等主要app映射到汽车中控屏。其它app都可以用，就是百度地图点“开始导航”后，手机和车机的连接会断开。
         和油车使用的区别，加油前、充电前、锁车前都需要将车辆下电，方向盘下有个按钮按一下即可。
         整体使用很满意。各位车友，待我后续使用后再来和各位交流心得。",2024-01-01,南京
淡定山雀hZ,用车经历科鲁兹，福特锐界，飞度，摩卡，10年换第4个车，最长的开了5年6万公里锐界，其他两个都不到4万公里。本来想买油车，看过奥迪，宝马，福特，凯迪拉克，大众都没有觉得合适的，奔驰太高调，日系安全性不放心，吉利外观不喜欢，比亚迪汉没眼缘。突然有个哥哥是长城粉，推荐我看坦克500，于是跑去魏派逛逛，但是500太高大，老婆不喜欢，我和儿子都喜欢300，不过油耗太高，用着心疼。旁边摩卡，大小合适，价格也合适，终身小保养免费，可以充电，平时没什么开销了，新能源更新太快，不喜欢旧车，价格太高的车是血亏。第一天看车，第二天下定，第四天提车，这速度销售都惊讶了，销售妹妹脸上难以掩饰的小激动。 综合来看外观不错，不过前脸不如老版的好看。内饰不错，看起来简洁大气，配置够用。小魏同学语音还可以更优化一点，空间不错，续航也实在，不怎么虚标。操控蛮好，底盘很整，没有松散的感觉，支撑性不错，不过路上有大的起伏的时候过滤差一点。隔音不错，音响在这个级别很ok，比某迪的丹拿效果好，动力响应快。空调效果好。钥匙离车自动上锁，有时候不会锁，走远之后最好回头看一下。新车异味不大，本来看了a6和5系，但是新车味道最大的就是是某马和某迪，真的受不了，头痛，直接被劝退了。对比之前的几款车，除了底盘功底在舒适性上输锐界一点，其他提升还是很明显。 总结一下：外观内饰很ok智能化也不错，车机没有想象中那么差的，新车味道不大，操控不错，这个价位的底盘和隔音都很不错。最不满意的地方也有：后排安全带提醒不能关，大灯没有开关，是自动，只能在屏幕上关，很麻烦。怀档有时候挂不上，习惯了档把，还是觉得档把的好，而且雨刮和灯光搞在一起很复杂，雨刮是旋钮，还得去看一下。可以多点实体按键，安全快捷，都搞到屏幕反而不先进。座椅痛风只有坐垫有，腰部没有。,2023-08-31,泸州
R十六216,"【选车历程】：一开始就倾向新能源，再加上政策的支持，计划20w左右的中型混动SUV，看过护卫舰07、唐23，外观不太喜欢，又看昂科威，联系多家销售，即将订昂科威的前几天，看到新摩卡，很中意，直接转定新摩卡。
【订车历程】6.3号左右了解到新摩卡，6.9号去车展开车，当天直接订车，黑外内棕。大概等了1天左右车子就开始运输了，在路上大概3-4天，之后4s店告诉我可以提车了，总共不到1周
【购车费用】车子的钱都一样，保险5100，上牌150，自己上的，没有销售，贴膜1500，找的之前修车的大哥，他给找的人，贴的龙膜，至于是哪款不太清楚，也在网上了解过，感觉自己经验太少，水太深，还是找个信得过贴个就行了。脚垫、后车厢店在魏app上买的。 【赠品】：旅行套装(两个折叠椅，杯子，折叠小桌子等)，车展抽中的油卡。 【车子使用感受】： 第一感受是好开，市区、高速提速都快，高速上120左右踩踩油门，速度能立马上来。在高速上风躁也有，比较明显，能接受。 车比较稳，沟沟坎坎的颠簸不是很明显，比我以前的车好太多。 音响音质也不错，再加持QQ音乐会员就完美了。 车灯的清晰度感觉一般，对面有来车路面看的不是很清。 【充电方面】：在充电站冲，差不多1个小时；家用充电桩安装了，还没回家用过；随车充在淘宝买的，公牛的，基本从0左右充满得17-18个小时，用的普通的插座，不是空调的。(买的3.5kw的随车充，最大电流16A，平日用普通插座充的时候基本显示电流6A，功率1.8kw，功率买大了。。。）

【需要改进的地方】：车内语音控制不是很准确，我觉得我的普通话挺标准的，有时候会识别错，前几天语音输入目的地，没仔细看就导航了，结果导错了，还好差的不愿。也怪我没仔细看。
今天充电，车子解锁了，充电枪拔不出，有重新锁车解锁，才能拔出。
其他问题暂时没有发现。",2023-07-10,烟台
武小瑶wyy,【购车经历】买车的时候在雾凇银和漓江蓝中间，犹豫了好久，最终选择了雾凇银，虽然我年纪不大，刚刚满30岁，更偏向漓江蓝，觉得这个蓝色更年轻更有动感，尤其太阳光一照，更有动感了，但是思虑再三，还是选择了雾凇银，更大气更偏稳重一些，也不耐脏，刚开始呢，外观其实也没有那么惊艳，但是有了买车的念头之后，看过很多网图也去店里看了实车，感觉越看越喜欢，尤其是贯穿式的尾灯，流水式的，每次锁车的时候我都忍不住回头看几眼； 内饰颜色选择的黑棕，不耐脏，高级感拉满，朋友坐我的车，都感觉这车值三十多万； 买车的时候加装了座椅的选装包，感觉座椅的舒服度还是很好的，软硬正好，国庆假期体验了一把高速，长时间开车腰部和颈部也没有很累，家人在后排乘坐感受也很好，空间够大； 当时纠结唐和摩卡，试驾完果断选择了摩卡，试驾完唐，有种眩晕感，以为是我的问题，我朋友也有那种感觉，同时也去试了宋PLUS，也有这种感觉，尤其提速的时候，那种感觉非常明显，而且感觉内饰做工不太好，塑料感太强，试驾摩卡，感受更舒适一些，提速很平顺，内饰做工也更豪华一些，手可触及的地方都是皮质的。 【续航】 开了几个月下来，最大的感受就是非常省，还没按充电桩，因为和物业在沟通电表的事情，就一直还没安，正好在我家附近有一个公共的快充桩，现在已经摸清了这个电费的优惠时段，按我正常上下班16公里的路程来算，续航一周足够了，所以我每周日的时候会在下午最便宜的那个时候去充满，一个月充电到不了200，基本在市区上下班都是用纯电优先，偶尔出去玩，跑高速才会用智能混动，从提车到现在加了300的油，还没有用完； 【驾驶感受】 其次驾驶感受，虽然车很大，我是小个子女生，但是一点也没有感觉不好开，当天提车就自己开回家了，提速很快，很轻盈，而且也没有那种突然就增速的推拽感，尤其喜欢的就是自动驻车这个功能（我以前的车，自动驻车每次上车都得打开一下，而且起步的时候，有往前窜的感觉），短时间停车，踩刹车就刹停了，如果遇到堵车，时间长一点（大概四五分钟，具体我也没看），车辆自动就挂到P档了，更安全一些，该说不说，这个车的安全配置确实非常到位，距离旁边车很近的时候，会报警，有时候特别近了，就自动打开360影像，像疲劳提醒啊、碰撞预警啊等等，都很灵敏；而且还能自动给打转向灯，这个非常好； 以前，混动模式设置不记忆，默认是纯电优先，如果出去旅游的话，设置了智能混动，强制保电，中途停车，再上车就需要再设置一次，这次车机升级之后这个问题解决了；而且这次车机升级之后，HUD也是动态箭头了…… 除了车机不能下载酷狗音乐，其他的感受都很满意。,2023-11-23,保定
来一杯酱香摩卡,【购车经历】 从去年三月份就有了换车的想法，本次换车就想换个新能源。在网上看过理想，宋，唐但都没试驾，偶然一次发现了新摩卡这款车，就一直研究，综合考虑下来感觉各个方面都符合我的用车需求。十月份带着老婆去试驾了，瞬间爱上了，不管是外观，空间，驾驶感受，动力都符合预期，我属于比较专一的人，所以试驾了后感觉很好，就再也没考虑过别的车，由于各种原因一直没定，本来想着年底再定的。正好12月份济南政府有个新能源补贴，索性就12月份定下来了。 买车就买个自己舒心，我也是排除众意坚持自己，最终选择了它，事实证明它没有让我失望，我没有后悔过。虽然裸车啥也没送，而且中间提车什么的都有一些小插曲，但是都无伤大雅，总体还是很满意的。 【驾驶感受】 驾驶不用多说，没开过多少好车，但是这车非常符合我自己的需求，就可以了。提速很快，视野很开阔，座椅很舒服，试驾的时候做过后排，比沙发还舒服。各种辅助驾驶，360都比较满意。 【续航】 续航一言难尽，北方的冬天零下7度到7度，续航6公里的路程，能损耗23公里的续航，三分之一都不到。销售说天太冷的原因。天暖和了在看看吧。 【最不满意】 1.冬季续航，折损太多了，还没在温度高的天气使用，所以暂时保留意见。 2.预约充电不好用。买了之后充了4次电，每次预约晚上11点，就第一次预约成功。以后都冲不上了，无论是车机和魏APP预约，还是充电桩APP预约，都不好使。 到达充电时间，充电桩APP显示充电中但是电流只有0.06，魏APP显示未充电。 3.空调，设置负离子以后，再开启自动空调或者改变一下温度，负离子就没有了。而且每次开始自动控温后都是外循环。总之空调没有玩明白。 4.售后，济南售前售后态度不一，问个问题还要开车到店！还不如400，还有德州的售后，电话里指导就解决了。,2024-01-13,济南
BEN0831,1、外观比较主观，每个人的喜好不一样。个人觉得一般，能接受。如果不做溜背，硬朗一点可能更好。 2、内饰展车座椅有缝线，交付的没有，比较遗憾，有缝线更有质感，也会更加通风透气。灰蓝内饰搭配整体舒服。 3、动力两驱平时已经足够用，电机起步随叫随到，高速也后劲十足。开始也想追求四驱及四驱的动力，但试驾后发现两驱也完全足够用，所以在价格面前可以妥协。 4、空间足够，后排座椅够大，够宽敞。 5、智慧巡航功能优秀，跑高速可以省一半精力。对于经常跑高速的我而言，完美。初试需要勇气及心理防备，当使用多几次后心理可以放下这个防备。刹车，变道安全，唯一需要的是留意道路的路标是否清晰及有车道维护封路等不确定因素。 6、电车够平顺，即使馈电状态动力，平顺都不错。电池实际使用基本到175左右，比较真实。 7、馈电状态下，车速在65-75发动机转速过高，会在1800-2300左右，低速高转会有噪音大点的不适。当速度超过75，发动机直驱，转速又回瞬间回落到1500-1600转左右。 不确定他的逻辑，可能是两挡变速箱，在75以内，馈电是发动机，发电机，电机串联模式发电驱动，在75后换挡发动机直驱（问销售没有回复此逻辑原理）。优点：馈电后发动机充电效率还可以，挺快的。 8、车机与手机的联系不够灵活，数据不能共享（期待OTA升级），主要是导航的共享。 9、车内屏幕大，确实方便小孩坐车看电影。有电影可以瞬间安安静静。至于导航，单独手机支架供应。 10、个人开车模式及喜欢分享：城区纯电优先，高速智能混动。如果有山路或者高速之后有较长的城区路段，则强制保电，至于强制保电电量，则看后续低速路况。城区保留20%，有山路则保30%，有电确实动力来的更直接更安静。返充电一般调最强，预留距离可以减少刹车，甚至下长坡都不用带刹车的，又能充多点电。高速车少直接智慧巡航，轻松。 感谢大家，以上是提车35天行驶4600+公里总结如上。,2023-08-12,佛山
半生余韵48,"提车啦新摩卡，老规矩先说提车价：231800➖3000(膨胀）➖3000(大客户）5000(置换补贴)＝220800，加上5600保险。送了套露营礼包。
  第一次知道摩卡是大学那会看到个测评，可惜油摩卡已经停产了。其实买摩卡之前看了很多车，帕萨特、cc猎装、亚洲龙、林肯z、冒险家、xel，其实差点都买了帕萨特和c猎和亚洲龙。最终还是没有定下来🤣
  买摩卡6月4号那天都已经交了5000订金(因为本地没有4儿子店跑到200公里外的省会城市一个下午就订了)然后回去多了解一下，发现第一家订车的店有点不老实，于是乎我就退订，在另一个兄弟的介绍下去了另外一家店订(具体有在广西想买摩卡或者其他魏派的我可以推销售给你，完全是看在态度还可以不搞什么虚头巴脑的）
  我是6月11号下定蓝外棕内，我的是5月底生产的还带缝线！但是过程其实也挺曲折的，入库两周才发板车，7月8号还是9号才到店，中间又拖了10天直到昨天才提了车。
  因为我是当天11点开家里一台老缤智去置换的，等了一个多小时置换流程，等提车也等了一个多小时，4点多才交车🥲，然后又立马开200多公里回家。
  4儿子店售后说这个车配件很贵动不动几千上万要我买8000块6年延保，还跟我说不要开太快了(最高100)，所以开回家的时候我基本保持100左右。
  开高速回家的时候真的整个一升华了，隔音100开点音乐几乎没啥风燥，胎噪会有一点，摩卡的隔音不会让人失望。过高速接缝的感觉也是就像一大块橡胶在托着整个人，很闷很轻的咚咚咚声就淌过去了。之前开缤智就是三轮车的感觉，整个车轰隆隆。
  还有摩卡虽然没标配noh，但是我感觉智慧巡航也够用了，我定100智慧巡航遇到货车会自动变道超车(因为只开过有定速的车，刚开始的时候还不敢让摩卡自动跟车超车）遇到小车就会根据前车车速自动提速减速，对于没体验过的我觉得已经够够的了，因为奔波劳累一天开回家基本上我都是交给智慧巡航，除了一些修路的地方自己接手，也正是因为智慧巡航太方便了所以我回家看记录仪的时候基本都是在高速上的警告😖
  跑了224公里回家，提车的时候有9升我自己又加了100块钱16升，电有143公里续航。到家电量还剩21公里的电，油还有16升。我也不懂这个能耗怎么换算。
  车子音响还不错，如果不调低低音会轰头，座椅前排偏硬一点，还有那个腰托我实在不懂怎么调，保持十分钟一个姿势就腰酸得不行。雨刮我调最灵敏它也不肯动，雨点打满前玻璃也不肯刮，在高速上面我问群友才手动刮了🥲另外车子真的太大了，以前停crv和缤智我基本一把可以倒进的车位现在我要打三圈才能进车位，在市区开真的要很小心，不过开了200公里高速对车子也熟悉了一些，其实感觉想要熟悉这么大的车子要多在窄路开开才会对车有感觉。
  暂时想到这么多提车的感受，车子现在开了260公里，开更多了有什么新的体会再发帖子。
  福利上一下提车第二天贴完膜被别人刮到的一血。这个我打算找本地修理厂补一下，来回跑4儿子店成本太高了，各位摩卡车主我还想问一下官方的服务点能保养和维修吗？不会影响质保吧？这个车配件真的很贵吗？",2023-07-20,南宁
easonleee,本人之前驾驶的是14款的标志308，今年年初的时候跟同事去提了刚上市的唐冠军版中配，回来之后动了买新能源的心思。经过一段时间的对比，准备等新拿铁，奈何从工信部备案到现在一直没有下文，4S店推荐考虑摩卡，鬼使神差就去看了，说实话让我下决心购入摩卡的是4S店试驾员，相比只跟你谈纸面数据和价格的销售我觉得讲解和操作车辆的试驾员给我留下深刻印象，首先他带我们兜了一圈，途中测试了各种路况，给我们介绍了车辆的各种功能，包括自适应巡航自动变道超车、超长轴距优秀的转弯半径、智能垂直泊车、寻迹倒车、甚至能够在无划线路段侧方位智能泊入泊出，之后自己试驾感觉也不错，减震、隔音、方向盘指向精度都很好。 我住的小县城，用车环境基本就是工作日上下班以及接送孩子，周末回趟父母家，一周平均120公里左右吧，小区机械车位，车库不能装充电桩，地面有6个商用充电桩，公司也可以免费充电，摩卡175公里纯电续航足够我挥霍。目前提车两个月，来谈谈用车感受。 外观内饰设计非常漂亮，车身线条流畅，给人一种非常时尚、大气的感觉。本来我想选蓝色，结果媳妇和儿子2比1将我淘汰，最终选择了银色的车身，也还行，不纠结，各有各的优点，银色耐脏也显得更加干净利落；内饰设计也非常出色，大量的软性材料和皮质包裹，手感非常舒适，看得出用料给得很足，此外 14.6 英寸的中控屏和 9.2 英寸的液晶仪表盘，显示效果非常清晰，操作也非常方便，至于车友说的车机卡顿暂时没有遇到，后期继续观察。 内部空间非常宽敞，尤其是后排座椅，坐垫长度给到的腿部支撑性相当不错，后排靠背还支持两挡可调，感觉像在客厅坐沙发，非常舒适。对比朋友的比亚迪唐冠军版，后备箱的储物空间稍小，空间都给到后排了，我跟我同事体格差不多，他的后排坐下之后腿部和前排之间勉强有一个矿泉水瓶的长度，我这边有一个矿泉水瓶还加一拳的空间，跟宣传的大五坐相匹配。 性能方面，平时上下班通勤时基本选择的纯电模式，周末自驾出游用了一次智能混动，无论哪个模式都非常平顺，换挡无感，加速超车时，只要给上油，就能快速响应，轻松完成超车。油耗方面，官方数据显示其馈电油耗5.5，元旦去了一趟长沙，往返790公里，百公里油耗5.0L，而我之前驾驶的标志308的百公里油耗则为7L左右，相比之下能够节省大量的油费。总体来说，目前对摩卡这个车非常满意，抛开品牌力和销量来说，用车感觉经济实用，该有的功能它都能给到，家里父母、老婆孩子也都感觉不错！,2024-01-03,武汉
taury刘,"说实话今年的经济环境本来不打算换车的。之前是台英朗XT两厢，虽然空间小了点，代步还是可以的。无奈身边的朋友都想换车，有时候聊天聊着话题就到车上了。这么一来就嫌弃老车了，刚好今年上半年收益不错，和老婆一商量，那就换。换车主要考虑大5坐suv，因为房子在老小区，现在的车子每次进出都像是考一次科目二，车上的划痕和我的技术都在这练的😂。7坐和MPV的车长基本就要停小区外了。朋友给出的换车建议比较多，做二手车生意的让我买日系，保值，但大部分让我买国产，安全。
【购车经历】
最早关注到摩卡还是去年1月份陪朋友去BYD看车试驾，刚好隔壁就是魏派。那时候是想去看坦克的，一进门就看见摩卡。空间，内饰，续航，驾驶，安全都不错。一通问下来，价格29～31，是真贵啊。今年想买车刚开始考虑的是领克08，但是08太磨蹭了。刚好前段时间蓝山宣传的很多，发现新摩卡要上市。直接杀到4s，新设计的外观，和原来基本一样的内饰空间，老婆觉得也挺喜欢，特别是后排的坐垫又软又长，长途坐着舒服。马上99小订。6月1号价格和配置出来23.18万，5000大定抵8000。小城市6月11号才有试驾车，一圈开下来驾驶体验满意，6月12号下单，7月1号提车。其实展厅那辆雾凇银+灰蓝内饰就是要买的，但是发现有一处小瑕疵就等新车了，本来应该是我们这里第一辆买的😀
【提车价格】
裸车价23.18，5000抵8000，当地补贴4000。就是22.48万。加上保险和上牌费落地23.3万。
【驾驶感受】
只能说带电的车开着真顺，几乎感受不到发动机介入，也没有换挡带来的顿挫。可能也没什么开过好车，反正觉得动力够用，又不会觉得一个劲的往前窜。家用很适合。主驾位置宽敞，腿可以随意放。NVH的效果也很好，城市路况隔音效果很好。就是稍差一点的路段颠簸带来的感觉太明显了点。新车也没开过太差的路况不知道是什么感受。

【最不满意】
空调没有实体按键是真的不方便。虽然和老款摩卡比改变了空调屏幕的倾斜角度，但是操作还是不顺畅。通过语音助手控制也是指令识别不够准确。还有就是怀挡需要适应时间，在小区里进出经常需要前后移动。怀挡好几次都是没挂上，我现在是设置了档位的语音播报稍微好点。车机也会偶尔走神，经常会卡一会。蓝山已经OTA，新摩卡也希望尽快安排上",2023-07-17,丽水
用户6812735445915,6月6日下定的新摩卡雾凇银+灰蓝，6月12日顺利提车，现在驾驶了一个多月共三千多公里，其中还趁端午假期出门自驾了一次，聊聊使用体验。 选车过程中犹豫了很久，一直想买一辆带有辅助驾驶的SUV，奈何市场上这类型的车很少，之前就关注过老摩卡但稍微超出预算并且基本上只有将近一年的库存车，刚好六月初新摩卡上市了，6.6号立马就下定了，原本以为等车要一个月，没想到下定第三天工厂就发货了，提车很开心，过程非常顺利，验车、办好保险临牌开票走人。 选择摩卡也是看中了他很多方面，大空间、安全、带辅助驾驶等等，下面聊聊使用过程中摩卡的优缺点： 1、油耗电耗：两张图是在同一天驾驶中拍的，在亏电情况下高速顶着限速开油耗大概7L/100KM，但是发现高速上加的是E92汽油，下次市区加好油再测试一下，纯电充满电正常驾驶能达到1:1，但是也有一个小问题，开了智慧巡航摩卡的动能回收就会完全关闭，对于续航会有一定影响，不知道后期OTA会不会修改这个设定。 2、空间：空间很大，我当初也有一部分是看中这个，后备箱和同级别相比略小，东西多的时候可以把后排完全放平，空间大会对驾驶有点小影响，车身大了导致一些狭窄路段驾驶难度会提高，但360影像和辅助驾驶也能一定程度上弥补这些不足 3、起步加速：没有测试过，在电车中比较中庸吧，比起绝大多数燃油车那是好太多了 4、智能驾驶辅助：没有选装高阶辅助驾驶，但是现有的驾驶辅助对我来说完全够用了，在高速高架上面能完全放心交给他，开了车道保持之后可能需要一点时间适应一下，自动泊车的成功率也很高，自我感觉停不进去的侧方他也能帮我停好，同时也有一点小毛病，第一，倒车入库前后如果只剩半米距离就会退出泊车需要手动接管，有的车位不明显的话第一下还不一定能识别到车位，第二，雷达只能识别到规则的人车墙等，有些物品识别不到不会发出预警，第三，高速上自动变道有120KM/h的车速上限 5、内饰：Nappa真皮座椅、前排座椅加热、通风、按摩都带了，不知道氛围灯后期通过OTA升级能不能随着音乐律动，老摩卡是有这个功能的 6、车机：比起传统燃油车来说这个车机好太多了，但是和问界鸿蒙等之类的还是有很大差距，就说几个我认为最大的缺点：第一，车机封闭，只有娱乐爱奇艺和QQ音乐，QQ音乐还不是原版，很多功能都被阉割了；第二，高德导航的版本比较老，很多功能都没有；第三，车机有的时候反应比较慢，按理说枭龙8155不该只有这个性能，应该长城的优化还是没有做好。 上次自驾刚提车什么装备都没准备，最近置办了许多自驾以及露营装备，准备来几次自驾旅行，有时间再来分享。,2023-07-31,苏州
浔1314,"23款摩卡评车

一、车型简介

23款摩卡是长城汽车推出的一款中型SUV，以其时尚的外观、豪华的内饰和出色的性能受到我长期的关注，从18年高中时代就对vv7暗送秋波，等到大学毕业终于可以拥有自己的爱车，当然人生的第一辆车我也做了很多的对比，最开始考虑的是拿铁 但是又因为只有过度车型170公里的续航能，又考虑对比其他车型如护卫舰 感觉不如摩卡实在厚实，又看了比亚迪宋，领克05等等一些列，越发证明最初的选择不会让我遗憾，虽然提车有点挫折，好在4s店那哥们也积极配合争取，最终把摩卡接回家。

二、外观设计

23款摩卡的外观设计时尚大气，整车线条流畅，呈现出一种运动感。前脸家族式六边形进气格栅改成无边界了，最开始网上看着很别扭，但实车确实给人很科技满满的感觉（没老款霸气了，但是各有千秋），配以侧边镀铬装饰条，彰显豪华感。车身侧面线条流畅，腰线贯穿前后，让整个车身显得更加修长。车尾部分，LED尾灯组是最大的亮点，点亮后辨识度高。总的来说，符合我的审美点，最开始从图片看或许有点不适应，但到店试驾体验了一下，越发觉得对头。

三、内饰配置

23款摩卡的内饰设计豪华精致，采用了大量软性材质和皮质包裹，营造出舒适的驾乘空间。中控台配备了大尺寸液晶显示屏，支持多媒体娱乐、导航等多种功能。仪表盘设计简洁明了，能够为驾驶员提供充足的信息。空调控制区域按键清晰，操作简便。虽然车机和语音助手呆呆的，但是总体够用，希望下次ota给我们带来改观，

四、空间布局

23款摩卡的空间布局合理，乘坐舒适。前排座椅宽大，支撑性好，适合各种体型的驾驶者。第二排座椅同样宽敞，腿部空间充足，头部空间充裕，乘坐舒适。后备箱容积相对一般，但对于我这独在异地的异乡客来说，够用。

五、性能参数

新摩卡的动力虽然是1.5t混动，但是拉动两顿的车身真的感觉游刃有余，每次起步给我的感受就是轻轻松松，特别红绿灯，起步没输过。高速上也是，加上出色的隔音降噪，一不留神就一百五六了。
六、驾驶体验

驾驶23款摩卡给人一种舒适的体验。在城市道路上，发动机动力输出平顺，变速器换挡逻辑清晰，使得车辆在拥堵的城市中行驶更为轻松。在高速路上，方向盘的指向性准确，但是方向盘轻晃有点虚位，悬挂系统的调校让车辆在高速行驶时保持稳定。此外，在夸一下车内噪音控制得当，风噪和胎噪在高速行驶时均得到有效抑制，能提供安静的驾驶环境。

七、评价与总结

综合来看，摩卡在外观设计、内饰配置、空间布局、性能参数以及驾驶体验等方面均表现出色。别的不说，至少能够满足我对于中型SUV的多种需求。

总之，23款摩卡是一款综合表现优秀的中型SUV，适合追求品质和时尚的消费者。如果你正在寻找一款具备高品质、高性能的中型SUV，那么摩卡无疑是一个值得考虑的选择。",2023-08-08,青岛
板凳沙糖桔,提车已经快一个月了，目前开了800多公里，纯电馈电各一半吧。希望新摩卡能卖的好点，厂家也不要那么快的改款吧，哈哈哈，最近刷懂车帝，感觉蓝山脸＋四驱的摩卡很快就会上市了似的。 【驾驶感受】 提速快，以前开卡罗拉，用力踩油门车都不动，新摩卡轻轻踩车就窜出去了，平时踩油门还得收着点力气，刹车响应也很快，就是刹车点头有点严重，堵车跟车时候一顿一顿的，一直在适应右脚，还没找到最佳感觉。 静谧性是目前最满意的，纯电状态下路面质量好的地方几乎没什么声音，路面差的地方也可以，再也不用提高音量跟副驾说话了，纯油行驶时候发动机声音明显，振动感觉明显，但都在可接受范围内。纯油行驶加速跟纯电状态感觉差不多。 简短的尝试了几次智慧领航，堵车的时候感觉还行，可以自行刹车加速车道保持，就是跟前车的距离比较大，总有车插队，后车很着急。一般情况下还是不太敢用，暂时还是相信自己的右脚吧。有几次开车的时候拿手机看消息，车机提示请集中注意力啥啥的。前车刹车我还没反应过来的时候，就会提示请采取制动措施，然后如果我还没动作，他就会主动刹车，目前有过一次经历，刹得很急吓我一跳，以为撞车了 【油耗】 已经不太关注油耗的问题了，以前卡罗拉都用小熊油耗记录每次加油，现在不太想记录了，20天前加满一箱油，现在还有一半多。充电慢充1次充满，快充4次充到90左右。目前表现油耗6个多，电耗20左右。 【续航】 标称的175，我目前是没有跑到，但是也差不多，最近一次跑到了160，表显还剩下5公里。每天上下班跑早晚高峰，空调24-25度左右，下午上车前会提前打开空调吹个20分钟车内温度从50多度降到30多度再出发。 【乘坐体验】 坐姿很高，座椅很软，坐起来很舒服，视野很好。虽然没有女王座椅，老婆每天也都是半躺在副驾驶上。唯一缺点是目前主驾还没找到一个最舒服的坐姿，一直还在调整中。主驾的座椅按摩感觉还是很强劲的，开车的时候不太敢启动，会分神。后排空间很大，后排三个人的时候也不用挤在一起了。 【提车价格】 裸车价223800，预订5000抵8000，护士优惠3000，置换补贴5000。保险6500，店里上的人保全险，上牌600，其他的没有了。 店里送了贴膜，没去贴。店里送的脚垫，扔掉了。提车送了户外露营的一个套装，放电枪，其他的没了。 旧车在瓜子平台卖掉的，把过户资料提供给了店里。 【购车经历】 之前一直关注的比亚迪唐，dmi和dmp都试驾过。dmi冠军版高配落地价格和摩卡价格差不多，各项配置也都差不多，dmp就贵了一大截。dmi冠军版的驾驶体验底盘质感没有摩卡好，主观感觉有点颠，然后内饰摩卡显得更高级些。全家人乘坐起来，都觉得摩卡更舒服一点，再加上没有7座的刚需，最后就定了摩卡。刚好车位旁边邻居是一辆唐，对比起来还是觉得摩卡好看些。 【最不满意】 后备箱小，很小，可能是因为溜背造型吧，我卡罗拉车里的东西搬到摩卡中，基本上就占满了，这一点也是当时纠结比亚迪唐的地方，唐放倒第三排座椅后备箱巨大，摩卡的后备箱只能说够用，不过还好，平时装东西也不多，得养成好好收纳的习惯了。 车机太卡，总是得需要3秒钟反应时间，预装的高德地图应该是阉割版的吧，功能不全，平时喜欢用百度，为了推送地址手机上也换了高德，车机版缺少红绿灯倒计时、路况手动刷新等我很依赖的功能。车机语音识别有待提高，尤其是让他播放音乐的时候，很多时候听不懂。,2023-07-14,长沙
驾仕派,【驾驶感受】这一次新摩卡在动力上和老款保持了比较一致的状态，单电机版本就是我们现在开的这一台依旧是396Ps，570Nm的综合数据。在动力的体验上它会比传统的燃油2.0T好很多，甚至比肩3.0T。我首先调整成纯电模式，以及标准状态，在这样的情况下带动车辆没有任何问题。我们在80km/h左右再加速，它的动力依旧是不错的。所以我觉得它覆盖城里的通勤是完全足够；其次如果你觉得纯电都不带劲的话，那可以切换到智能混动，此时发动机可以直驱或者充电，带来更好的动力体验，稍微踩一脚油门，加速还是有一定的推背感，就这一点的体验感上来说，确实比纯电更好一些；另外如果你希望这个车更经济的运行的话，可以切换到经济模式，其实这个时候油门脚感变化确实很明显，哪怕多踩一点走车都是比较稳的这种状态；最后如果切换到运动模式，这个时候的动力体验确实跟刚才是完全不一样的，90km/h再加速你都会觉得它是有比较明显的加速感，所以说无论是在城区还是高速，以及其他的路况，你都可以得到一个很充分的动力体验，就这一点上，我觉得这一台新摩卡也是做的相当好的。 另外，这一次我是能够感受到新摩卡在操控和舒适性方面是有一定提升的，虽然说不是特别明显，但至少我觉得这个车变得更好开，坐起来更舒服了。在方向盘的设定上，因为它重心比较高，前段有一些虚位，但到了中后段，基本上指向性还是比较好的。因此在操控感上，驾驶员可以获得良好的感受。其次就是悬挂的减震回馈，我在过颠簸路的时候，车辆可以很有效的去化解掉，包括在铺装路面上，对于细碎震动的过滤，我觉得新摩卡也都是做的比较到位的，对于一台家庭用车来讲，做到这个地步已经是可以达到一个中上或者高的水准。,2023-05-25,
BigDriver新能源,"2023款新摩卡DHT-PHEV两驱长续航版是一款大五座旗舰电动SUV，价格为23.18万元。

外观方面，新摩卡DHT-PHEV采用了全新的设计理念，注重自然美学，展现出动感而又大气的外观造型。车身尺寸宽敞，给乘客带来宽适舒适的体验。动力系统方面，配备了两挡混联DHT系统和高热效率发动机，实现了更优解的能源利用。此外，它还搭载了34kWh高能量密度电池包，提供长续航里程。内饰方面，注重科学的空间设计，座椅舒适，后排空间可灵活布置。内部配备了先进的科技设施，提供便利的驾驶和乘坐体验。安全性方面，新摩卡DHT-PHEV配备了多项先进的安全功能，例如主动刹车辅助、自适应巡航控制、车道保持辅助等，提供全方位的安全保护。性能方面，展现出出色的动力表现和驾驶品质。其混合动力系统为车辆提供了强劲的动力输出，并且经济高效。操控稳定而灵活，适应日常城市驾驶和长途旅行。

综合来看，作为一款旗舰电动SUV，注重舒适性、安全性和性能表现。它的独特设计、先进科技和高效能源利用为乘客提供了愉快的驾驶和乘坐体验。",,
擎商,魏牌新摩卡DHT- PHEV外观设计和蓝山还是比较相似的，所以人家都叫它小蓝山。整体看上辨识度还是挺高的，前脸是一个很鲜明的H型的轮廓，算是延续了家族式的设计风格了，中间用到的是无边界的设计理念，内部是一些点阵式的元素向外扩散开来。上方是一条贯穿式的灯带，两侧的大灯也是特别的狭长，看上去也是比较的犀利，下方还加入了导风槽的设计造型，看上去就拉宽了前脸整体的视觉效果。下格栅位置是预留了后期需要装雷达的位置，看上去也是比较运动的。 侧面造型就非常的显大了，长度相比现款也是长了一点点。上方后排是加入了隐私玻璃，下面的门把手也是加入了平弹出的隐藏式的设计，再下方的腰线也是显得很有肌肉感，前后两个轮眉也是比较的窄，而且是跟车身同时，还是强调了一体感，看上去就更加有豪华感还有精准感。下方的的轮毂是20英寸大五幅式的设计，真的是一个大长腿。 车尾部分也是比较耐看的，上方的扰流板突出的不是很多，中间加入了一个竖状的高位刹车灯，中间是一个贯穿式的尾灯组，下面还加入了一个双层是设计，这样夜晚点亮之后辨识度还是挺高的。尾部整体的层次感也是比较的强。 尾箱的空间表现不是那么充足，还在是比较的平整，拿取物品是也比较的便捷，两侧还加入了照明灯和一个电源口。要是觉得后备箱空间不够，也是支持二排座椅放倒来扩充后备箱空间的，这样的话空间就非常的大了，搬一些大件物品都不是什么问题。 内饰的配色是黑白色的，非常的经典了。方向盘是一个纯圆的造型，上方也是加入了很多的物理按键方便操作。后面是一个怀挡的设计，我是觉得这个怀挡距离方向盘有些近了，可能有的时候会误碰到。再看看后面的屏幕，方向盘后面是一块全液晶仪表，但是尺寸不是很大，速度表放在了左边，车辆信息放在了右边，好在上方的位置有个很大成像的HUD抬头显示，显示的信息也是比较的全面。中间的中控屏面积很大，内置高通骁龙8155的芯片，里面的功能也是非常的丰富，造车新势力的车机就是能给人愉悦感，副驾也有的玩。下方是一块空调调节屏幕，操作也是很便捷的。再看下座椅，设计的就很简约，皮质也非常的柔软细腻，填充物也是非常的厚实，两侧的护翼对身体的包裹也是到位的，通风和加热也是给到了，中间的空调调节屏幕就可以控制。乘坐空间表现上，2米9多的轴距就体现在这块了，腿部是剩余还是非常充裕的，座椅的宽度也是足够承托腿部，坐在上面就像是一个大沙发一样。中间也是有一个不是很高的地台的，对脚部的影响不是很大。上方是一个面积很大的天窗，已经延伸到了二排乘客的头部了，整体的开阳感和视野效果的非常的好，还加入了遮阳帘，天热的时候还是有必要挡起来的。门板上方是燕飞利仕的音箱，边上还加了一条氛围灯带，还是能给人带来舒适的乘坐环境的。 开起来感受一下，方向盘是那种纤细的感觉，抓在手心里的感觉，转向也是比较的轻盈精准，当然这个力度也是可以调节的，看个人情况吧。动力方面，是用到了1.5T的发动机，也是搭载了一台前置单电机，油门踏板也是比较的轻，轻轻搭在上面都能往前冲的感觉，起步也是非常的轻盈轻快，而且车内的环境也是比较的安静，深踩油门的动力爆发也是非常的足，给人很大的推背感。制动踏板前半段有一些虚位，后面的脚感还是比较的实，能够给人信心。中后段是串联模式，在车市道路用到急加速变道超车都能很好的完成动作，完成只能松开油门踏板还能自动的动能回收，就是一套很聪明的系统。充电方便的话就是一台非常方便省钱的电车，即便充电不方便，亏电油耗也是非常的低，也的5点几。插电混动真的是很方便了，也不会有里程焦虑，方便就充电，不方便就加油，出去自驾游在服务区休息的功夫就能把车充电到80%，综合续航可以达到1100公里，而且这款车还是支持对外放电的，出去郊游，真的是想去哪就去哪，没有束缚的感觉。 作为一台大五座车型，魏牌新摩卡DHT- PHEV的表现真的是非常的均衡，有颜值，有舒适度，有动力，有续航，整体的性价比还是很高的。,,
全权942,购车对比了护卫舰07，领克08，G智己ls6，华为问界m7。最后购买了摩卡，已经使用两个星期，跑了800km，亏电油耗大概六升，空间由于溜背有一定的压缩，本人1m9，坐上去还比较宽敞，将后座放倒以后可以睡下，适合露营使用。 缺点主要有:1.摩卡该有的都有，但问题在于都很一般，比如座椅按摩力度非常小；座椅通风力度也非常小；靠背支承，缺少一定的力度；抬头显示亮度不够。2.摩卡的车头太大了，导致前方视野一部分缺失；3.车身高度不够，再高个两三公分就好了，a柱的斜率再大一点就好了；4.摩卡的车机一般，只能使用固定的一些app，可以连接手机；5.自带的导航无法支持车道级导航，在多个路口的情况下行驶中容易找不到路；6.后排座椅的斜率要是能再低一点就好了；7.前排USB充电功率太低。 使用的主要优点有，1.高速可以智慧巡航，开起来非常省力；2.用料扎实，底盘儿有两个非常大的铝合金下摆臂，车身都是钢板；3.智慧泊车功能非常好使，适合科目二成绩不佳的同学；4.储物空间比较丰富；5.第二排中间的座椅可以放下，提升了另外两个座位的舒适度。6.后排自带隐私玻璃；7.车的隔音效果比较好；8.车辆的座椅、方向盘可以加热，冬天开很舒适； 总之摩卡还可以，能凑合着开。毕竟才开了800km，使用的还不是很到位。之后再继续更新吧。,2023-11-10,郑州
忧桑小熊,8月5号下午去汽车城看得，本来想看昂科威plus 四驱豪华和途观l 380旗舰，结果看到了魏店，然后试驾了23款插混摩卡，然后就忘不掉了。这个车刚开始看不出彩，但是属于比较耐看的。实车比网上显大。最满意的是他的内饰，对比过过护卫舰07和唐的内饰。高级感真的不一样 。以至于我再去试驾了途观l四驱顶配差了点意思。我当天晚上就睡不着了，第二天一早就去提了现车（最开始选的黑外粽内）需要预定。我这个现车是深蓝色外观和粽内很好看。空间轴距都属于比较优秀。底盘偏向于家用舒适偏软一点。高级感是有的。就是新车异味有点大。车机没有那么不堪，但是绝对没有达到8155及格的水平，而且不开源，比较封闭的车机。后续希望会OTA。燕飞力士的音响很棒。我这个价格落地是241300。5000 抵8000，然后保险5200。我自己又买了个6年续保的套餐基础是五年，这个就是电子元件磨损啥的给理赔，最后就是贴膜提了个3M的，加了1400。送了好多露营套装，我在原本基础上销售又送了额外几个大概有10几个。还有一个1000块钱的抵消。最后就是郑州马上就可以新能源不消费券了，如果能抢到可以抵消6000。顺便插一嘴，我今年97，这是我第一个自己名下的车，以前开的老父亲的老别克，我毅然决然选择了魏。媳妇也很支持总体非常棒,2023-08-09,郑州
超级竞速斗士,"本来一开始99盲定的蓝山，因为车给老婆开的，她胆子小，看到蓝山又大又长，后面就没要，所以我又订了小点的摩卡，发布价格时觉得很香。期间遇上拿铁、翔龙的供应部申报图，也看了小鹏G6和深蓝S7的发布会，还关注了领克08,犹豫好久，也想等摩卡四驱版,最后也不纠结端午节大定，价格就是22.88万，没任何现金优惠，送了点不值钱的膜、垫子，车子一周内就到了，我出差到7月初才回来提车，现在回过来想想又有点后悔，应该买了蓝山的。 下面是我开了半天新车的感受: 1、外观仁者见仁智者见智，我个人认为还可以吧，肯定不丑，比老款偏向我审美，头尾部很漂亮，侧面可能溜背，窗户现小了，偏运动风了，我更喜欢方正的外观，比如坦克300,路虎卫士 2、配置很高，基本想到的都有，我平时开别克GL8多，还是习惯了流媒体后视镜，摩卡因为后窗太小，从车内后视镜看视野不好，不能发单独选装很遗憾。至于座椅按摩这些属于锦上添花的配置，不如去掉降低点成本，让利给消费者。 3、内饰豪华感碾压比亚迪，能摸到的地方都是软的，真皮覆盖范围也大，皮质感觉不如蓝山的手感好。底盘大部分也是铝合金的，后面五连杆比唐宋的筷子悬架厚道多了，就冲这用料选的摩卡。 4、空间超预期，特别是后排，比冠道X1实在，这2个车是缩短坐垫长度加的腿部空间，唯一点就是感觉后排座椅不是很高，姿态半躺着，也许我个人喜欢坐直点 5、车子开起来完全没有顿挫，比我开的GL8还好开，别克商务是48V轻混，油门轻，但是收油会顿挫，有拉扯感，不得不说现在国产在新能源领域是领先世界的。底盘开起来还是偏舒适，我喜欢暴力驾驶，喜欢硬点的悬挂，毕竟是SUV,车身高，转弯侧顷大，但是过我小区的高的减速带感觉底盘过滤的很干净 6、不满的地方:我车子做工有点小问题，油箱盖和充电盖和车子不完全贴合，因为车身有弧线，但是盖子确实平的，所以翘起于车身，我看的4S店的展车没有这问题，品控需要提高 7、与同类竞品对比:比亚迪就不说了，个人有点反感，高压油箱事件，品控也不行，底盘太LOW,同续航版本价格偏高，现在品牌溢价在新能源领域超越国内一众厂商，品牌运营值得长城学习。吉利的领克08设计出众，车机据说比肩华为问界，就是出来太慢，从发布到上市拖拖拉拉，考虑到空间和用料不如摩卡，外形也接受不了。至于造车新势力，底蕴和传统大厂比差距大，后期品控和品牌存活都是问题。 暂时就想到这么多，车机这块还没研究透，后面官方也随时能根据我们用户反馈及时OTA,其他使用情况后面开多了以后再和车友们分享，感谢看这么久。我希望魏派销量越来越好，对于我们车主来说肯定是百利无一害。",2023-07-12,无锡
糖豆豆916,从今年年初就一直想换车，一直在选车看车，看过唐，护卫舰，途观，一直觉得没有特别满意的车，总有不满意的点，唐的三排，护卫舰的门把手，途观还要购置税等等。 4月蓝山上市，去看了真是好车，颜值杠杠的，动力也足，内饰什么的都很舒服，可惜家里机械车位放不下，从那以后就一直关注魏牌，一直在等去年的旗舰摩卡的改款，网上看了很多测评，感觉还不错，就买了99权益。价格出来感觉挺值，比去年便宜好几万，去掉的配置也不伤大雅，就去4s店试驾了几次，非常不错，提速轻快，底盘滤震也挺好，比我以前的手动挡好太多了。 12号转大定21号提车，店里服务都很周到，就是开发票费点劲，这个店我是第一个买新摩卡的，发票等了1个多小时，一天办完手续，下午车管所直接办完上牌，感谢聊车滴老哥指导，办牌费用全免。 这开了小一个礼拜了，优点太多了：动力足，轻轻松松就能到100；底盘给力，城市道路有个坑洼，能感觉很小的震动，舒适性和反馈力都很好；真皮座椅很舒服，尤其是后排，空间又大，老婆孩子很喜欢；再说两个小缺点吧，一是空调后排不太给力，前排风力十足，后排风量不大。二就是灯光控制整合在显示屏里了，不太习惯呀，选择自动大灯，地库开车晃的别人眼疼，总得关掉，累的。 总之车非常好，买对了😁。,2023-06-28,太原
得到笔记,"【最不满意】
车机太拉垮，各种不适应，设置完了之后再打开又成原来的了。后来OTA后有一些内容已经处理好了，但整体的逻辑还是有问题。比如原来的收音机收藏频道现在有时候就会丢失，不知道啥原因。反正有小问题，不影响使用，习惯了就不影响你的心情了。厂商有问题之后的态度很积极，一直想改进。

【购车经历】
一直在看车，轿车想换个SUV，相比较过很多车辆，最后尺寸比较大的，满足我的需求的就摩卡了。想等四驱，看来遥遥无期。什么其它的品牌，宣传的这呀那呀的，最后对比参数发现：价格比咱低的续航里程少，续航里程多不了多少的，价格就多出一大截。选来选去，全是营销套路。还有内饰等其它的价格相差不了多少，但比摩卡差距很明显。

【驾驶感受】
敢踩就有速度，推背啥的都没问题。整体感觉很好，红绿灯甩其它车都没问题，每天开车感觉前边的车慢得不行，可能是咱心比较急吧

【油耗】
油耗是因人而宜，看你什么使用场景；比如冬季北方市区20的速度，什么车都得上十几个。摩卡的油是用来跑高速的，我现在用油跑了4000多公里，大概百公里5个，可能有少量电，也不堵车。电耗也一样的道理，冬天北方用电，随着室外温度的降价，那一开空调热风，再加座椅加热，再加上方向盘，续航得看你行驶时间计算，就不能按公里数，市区里跑跑停停，均速20，那电就五折，任何电车都一样，但不开热风之类的，续航衰减很少的。

【空间表现】
空间很大，车也大，前后排空间都没问题，长时间三个人座后排也不会感觉难受。主打的大五座，没问题


【维修成本】
说下维修成本，有一天下班，脑子想啥事情忘了，向前出车位时把右车左前给拉了，对方是蓝天白云，大灯貌似也坏了，总共赔付折价16900；我的摩卡右侧两门儿修复喷漆和下面的两门饰板更换共计2880多。这个价格对比就出来了

总的来说，用着不错，等维保后再给大家分享",2023-12-25,廊坊
奔跑的设计师田先生,"刚提的新车，唐，护卫舰07都试驾了。一直想要200公里续航的，护卫舰和唐都有点贵。唐底盘以及刹车点头差些，护卫舰底盘好，而且颠簸路段很好开。摩卡介于两者之间，主要价位性价比价比好，内饰也不浮夸。很不错。
我是6月13日提的车，买新摩卡就有一条心得，合适自己的才是最好的。

有孩子以后，老车空间急剧告警，要不是婴儿车塞不上，要不是全家行李带不全，一点都没有出行游玩体验，急需大五座车救急。因此从年初就开始寻思挑一款市场上在售的大五座车，来满足家庭的用车需求。

加上我们在市区里跑的多，偶尔去周边自驾游，感觉电车的出行成本会比较低，因此一开始想找一款纯电续航200公里左右的车，于是抽空带着家人去试驾了唐和护卫舰07。试驾下来发现唐底盘不好以及刹车点头差些，护卫舰的底盘好，而且颠簸路段很好开，不过这俩车都有点小贵。

而新上市的新摩卡不仅是最新车型，而且它表现介于唐和护卫舰07之间，更主要的是它价位性价比高，内饰简洁实用，不想其他车型有那些浮夸配置或功能。试驾下来，发现它在市区的表现也是杠杠的，多种动力模式不仅能让我满足纯电车的瘾，也没有远途续航焦虑。

回顾整个买车过程，从下订到提车，就一眨眼的功夫。不论到店试驾还是到店提车，销售人员都保持一贯的热情，服务也周到，在我验车时，耐心给我讲解纯电模式的使用小窍门，不得不给门店的服务竖个大拇哥！",2023-06-14,临汾
先吃瓜后嗑瓜子,选择新摩卡，只是一瞬间的事，某日浏览网页，一个帖子引起了我的注意，新摩卡99权益包最后一天了，于是抱着试试看的心态上天猫旗舰店下定，反正小定可以无条件退款，等到儿童节晚上价格和优惠政策出来，心中涟漪四起，遂隔日一早东方凯辰大定，并于6月12号开回家，我应该是无锡第一个吃六月黄螃蟹的。 直至今天，开了有十天，行驶五百公里，驾驭感受很是满意，长城品控值得信赖，只是放不下国产传统车企老大的架子，不懂吆喝不会吹牛，没有某想那样吹得让人联想，没有某迪那样笛声四起，有的只是像高冷美女风范暗自喃喃，我这么美这么好这么气质，你们咋不来追我呢？在无锡凯辰4s王猛的热情牵线下，于是我来了。 自从有了新摩卡，家里的奥迪不香了，一直吃灰中，摩卡加速线性，偶尔开一下智能混动让发动机磨合，也听不到发动机的声音，感觉不到发动机的介入，DHT毫无顿挫感，纯电续航也符合标称，只要配合你的棉花脚，基本上可以达到1:1，等充电桩安装完毕，就可以几分钱一公里，实现空调自由，出行自由，有事没事常出去看看，心有多远人有多浪。 新摩卡内饰，手指所及皆软包，我选择的是ac米兰，虽然不怎么耐脏，但只要勤于打理，漂亮大气上档次，纳帕真皮按摩通风有包裹性，燕飞利仕低音重音有环绕感，车机智能肯定没有新势力那样的花里胡哨，但基本的应该有的都有，只不过卖点不突出，希望改进，毕竟新能源汽车逐渐手机化，卖的就是智能，吹的就是系统。 总之，新摩卡到目前为止感受，不足之处智能不够丰富，倒车开启后视镜下翻，有时不能复位，车头较高导致车窗也高，视野受到一定的影响，转个弯小心翼翼避让三舍，以后配合540全景影像慢慢适应，其余如底盘操控隔音用料等尽是优点，如果亲戚朋友买车让我参考，新摩卡就是首推，长城旗舰，魏牌摩卡，你值得拥有，正如我的车牌号码2233，爱你爱你。,2023-06-21,无锡
伴娃飞翔,"【购车过程】
其实选车是最纠结的，车型选定后到了购车这一步基本就没啥大问题了。
首先要表扬一下的是魏牌的销售方式。具体魏牌是怎么跟经销商协调的我也不太懂，但他确实是很好地让4s店与顾客不再对立了。下订后没多久，魏牌那边就拉了一个群，里面一堆人，我都不知道谁具体是干嘛的，只认识那个销售，后来才知道好像区总之类的也在里面。反正就是1对多，有啥事说一声就有人响应，问题处理很快，响应也及时。另外我对接的那个销售确实也很尽心，除了价格上没给我少（上海这边有上牌费，贷款还有手续费，都没得谈，当时还是有点不舒服的），但官方的活动之类的，他会尽量给弄。贷款也是，本来已经大概定好了，我也没在想啥，但他后面又花时间给我找了更好的贷款渠道，利息都省出来差不多1w，都是他自己在搞，我也没说过啥，确实很给力，后来我还给他送了一面锦旗。尤其对比起4年前前我在广本买飞度的经历，简直天上地下。

其次就是不用排队。这方面其实我感觉不太强烈，主要看byd那边动不动3个月半年的，至少觉得摩卡p没这些糟心事儿吧。

其他都挺好，验车提车都按流程清晰地走过一遍，也没啥大问题。

哦对了，提车后我在他们厂门口没着急走，把车技里面各个设置项玩了一遍，然后发现那个存储卡格式化的问题。但也没花什么功夫，把人叫出来两三下就处理好了。

【用车体验】
提车两周，陆陆续续跑了不到1000km，喜欢把摩卡p当成电子产品来把玩，虽然使用不深入，也可以讲讲他的优缺点吧。

优点：
每次讲摩卡p时，总想说“优点就不说了”，但想想还是应该稍微讲讲的，毕竟讲过大家才会有感受。
我开过的豪车不多，都是朋友的，奔驰宝马路虎沃尔沃啥的也都开过，林肯保时捷迈巴赫没开过但坐过，日系车就更不用说了，太熟了。从个人体验而言，论外观、内饰、动力加速、安全、音效/nvh等这些基本项，我不敢像那些大V动不动对比上百万的车型，但50w以内的车，我估计没几个比摩卡p能打的。如果再加上智能化、稳定性等偏长期一些的项，我觉得摩卡真的超值。
车大有气势，但不会有开大车的感觉；加速很给力（虽然我是两驱版，但真的够用了，绝对比小钢炮飞度要给力；四驱版我就不想了），但油耗又没有焦虑（不是专业人士，也没机会测亏电油耗，主要是电太够用了，不过看很多实测下来应该在6-7之间）；最关键是纯电续航，之前觉得是价格包袱，用了之后觉得是真香啊，尤其现在汽油大涨的背景下——香，真香！
还专门试过noh（智能辅助驾驶），完成度还是蛮高的，使用起来非常舒服。我没用过特斯拉的智能驾驶，听同事说也蛮不错，不过从同事描述上来对比，感觉摩卡p也不比特斯拉的自动驾驶差。

缺点：
目前观察下来大概有三个缺点吧：
最影响生活的，是这车确实大，在上海的老小区停车，总得比原来多打几把...这事儿吧也没办法，谁让我喜欢大呢
其次是车机，其他部分都还好，就是那个导航不是很灵，这里倒也不是说导航不能用，其实基本使用是没问题的，只是对比手机上的高德，就没那么好用。我简单研究了过，车机里的高德应该是魏牌向高德定制的版本，因为要加入noh功能（这个是大头），所以更新上肯定没有高德自己的app那么快的，可能跟高德有定制费，或者需要高德方面专门立项立团队，估计想想互联网公司那样快速迭代会有点困难，这里只希望厂家尽力优化吧。

最后是ar-hub，有两个问题。第一是这个AR很容易弄出重影来，尽管能看清，但眼睛总不是那么舒服，不如单眼看的时候清爽。第二也是跟导航相关，只有转弯引导没有车道引导，导致我选车道时还是需要去看大屏上的导航信息，感觉有点鸡肋。我自己也是做产品的，这两个点感觉不算特别好优化，但也是一定能有办法的，所以魏牌加油吧！

【结语】
啰里八嗦讲了好多，用了一下午的时间来码字，算是把自己这次买车的经历做了个总结。（关于选车的经历也是一个挺漫长的过程，我另外开贴给大家讲吧）。八月时准备带家人去舟山或者桐庐玩一圈，应该会把亏电方面的情况搞清楚，回来后再向大家分享哦！",2022-07-31,上海
YY倒爷,购车经历：选车历程太过纠结，就不一一赘述了，最终选择摩卡p的原因也是缘分吧，上市时间及时，刚好在想换车选新车的过程中，马上要下定别的品牌汽车时，无意看到，抱着试一试的态度去试驾了一下摩卡p，试驾完了后就下定了，自己认为摩卡p是目前这个价位区间最适合自己的车，也是自己喜欢的车，当然产品品控还是做的相当不错的。最后我们这里魏的4s店也是非常不错的，销售顾问服务热情，不管多晚都会耐心解答购车的所有问题。很愉快的一次购车经历。 于2022年3月21日下定摩卡phev，当时有2000元定金抵8000元的活动，所以整车裸车价格最终为309000元。 外观：整体感觉不错，很大气，当然每个人的审美不太一样，自己喜欢的就是最好的。 内饰：整体来说还是很简洁大气，科技感也满满，座椅很舒服，唯一的小遗憾就是后排座椅连最基础的座椅加热功能都没有，后排水杯架那里缺少点操作的功能。 配置：中规中矩超越一点预期，在30万这个价位区间，该有的配置几乎都有了，这也是国产车这几年的发展方向吧，也希望国产车发展的能越来越好。 空间：标准的大五座，空间表现是我比较满意的地方，也是我这次换车的初衷吧，自己177的身高调整好驾驶位，后排3拳的空间还是绰绰有余的。当然有很多消费者对于六座需求很大，这个还是看个人的需求吧。 续航：这个也是最意外最满意的地方了，四驱性能版官方175公里的纯电续航，但是实际中190公里左右的续航还是问题不大的，车友甚至黄金右脚开出了200+的纯电续航。油目前还没用上，油耗表现还不太清楚，后期走远程了再来实际感受吧。 智能化：感觉功能不错，但是实际使用还没有那么多，车机配置不错，但是一些app呀功能方面还是需要厂家的团队继续完善了，希望会通过不断的升级提高用户的使用感受。 驾驶感受：很舒适，也很给力，油门可以做到随踩随有，动力响应很积极，百公里4.8秒也不是白来的，底盘还算不错，挺紧凑的。各种驾驶辅助功能用起来驾驶也会比较轻松。 就分享这么多吧，当然比较“幸运”的是提车当天行驶30公里的时候车机出现黑屏重启现象，不过不影响正常驾驶，只是当时还是吓了人一跳。其他问题还未遇到，新车还在不断摸索过程中。最后希望魏派别辜负我们第一批订车的500来车主，能够在后期不断完善升级，让我们使用车辆有更好的感受，提升我们的用车安全。,2022-04-18,兰州
饮呾茶食个包的主人,"【购车经历】
前前后后看了1年多，最早去年看了油车冒险家，xc60，glc，q5L，最惊艳的就是尊耀版冒险家的隔音，还有林肯4s小姐姐（懂得都懂)，但是想到都是油车，上班通勤75km，更换后出行费用并不会降低，所以一直在犹豫。后来冒险家出了phev，结果是三缸，就继续观望。再往后比亚迪出了唐dmi，看网上一顿吹，就去试驾，结果当时还没试驾车，就试了宋dmi，结果就是5个字“什么玩意儿！”，稀碎的底盘，毫无隔音的NVH，想想十几万也不怪它，后来等唐dmi到了，又去试，虽然比宋好一些，但是感觉质感远远不如之前试的一批油车，甚至觉得网上说的开了电车回不去油车都是鬼话，再看看和五菱共用的保养车间，想着算了吧，放弃比亚迪了。到了今年初，无意中试了极氪U版001，才知道什么是真正的电车，驾驶质感，隔音简直爽到飞起，当时差点准备定了，毕竟不着急用车。但是被家里人一众反对，毕竟只有1个产权车位，工作有时候出差还要跑外地，纯电确实不方便。后来就开始试各种插混，岚图，问界，最后才到摩卡p。经过一番对比，决赛岚图和摩卡p，二者驾驶质感都非常棒，那就对比二者缺点，做最坏打算。岚图对于我的缺点就是隔音差，车机卡，出远门高速油耗高；摩卡p的缺点就是可能会停产，前悬麦弗逊。最后想想，我还是能接受摩卡p的缺点，毕竟就算停产了，长城也不会跑，售后保养肯定是能保证的，而前悬麦弗逊可以选装电悬来弥补一下。


【驾驶感受】
30+价位总体试下来，驾驶感受NO.1还是U版001，所以后续选择插混都是朝着001驾驶质感去看的。目前用下来感觉选了电悬的摩卡p在NVH，动力，质感上还是很接近001的，但是操控还是差些，毕竟suv车身高了。

【油耗】
长途跑了两趟，一趟1300km，一趟1500km，亏电高速试下来120，7.8左右，140，9.5左右。",2022-06-29,南京
马头人车库,"柠檬DHT主要服务的是WEY这样的高端品牌，所以必须全方位照顾使用体验。使用体验涵盖的范围很广，动力、平顺性、静谧性、油耗、续航都是，因此它在技术和成本上注定做加法，所以在评价搭载柠檬DHT的车型时，不能仅仅用油耗低去衡量。

【纯电续航是亮点】
摩卡DHT PHEV只有两个版本，两驱版和四驱版，价格相差两万，配置上的差异主要就是有没有后桥P4电机。我试驾的是两驱版，相比于四驱它的动力弱一点，但纯电续航里程更长，WLTC工况下可以达到204公里。不过204公里的续航只是一个理论值，实际续航未必能跑那么远，但即便打个8折，160多公里的距离也可以满足城市代步了，所以如果家里可以装充电桩，大部分时间都能当纯电车用。

【柠檬DHT的特别之处】
在混动模式下，提速到大约40公里每小时后发动机就会进入并联工况，中高速的加速能力依然不打折扣，这套系统保留了相对完整的发动机，以及一个两速变速器。简单理解就是，柠檬DHT用牺牲一部分油耗的代价换取了更强的加速能力。

【柠檬DHT还省油吗】
低速靠电，高速靠油，加速时用电机去补足发动机的扭矩缺失，其实这个省油逻辑本身是没问题的，甚至可以说是完美的。但逻辑正确是一码事，能否避免执行过程中的能量损耗又是另一码事，所以归根结底还是要看实际油耗。官方给出的亏电油耗是百公里5.55升，不过这只是一个理论值，不过因为借车时间有限，所以我没有办法做长测，只通过表显去测试。在南京早高峰时段，将电量保在80%行驶了一个半小时，全程只用油不用电，油耗最终定格在7.8上下，虽谈不上非常省油，但结合路况，以及这辆车的体型和目标用户的需求，这个成绩我认为其实是可以过关的。当然我这种测法并不严谨，结果仅供参考。

再说一下SOC保电，它的保电比例可以设置在30%到80%之间，保电逻辑比较坚决，只要你设定在某个值，系统；一定会守住，不会出现低速保不住电的情况。但缺点也是有的，那就是保电设置没有记忆，每次重启车辆后又会默认回到30%，操作比较麻烦。

【驾驶质感如何】
在发动机参与驱动的时候可以从加速踏板感受到类似于油车的那种细微震动，所以摩卡DHT PHEV在混动模式下开起来更有油车感。值得肯定的是整个加速过程中动力衔接非常平顺，不会出现突变或顿挫，而且因为标配了主动降噪，NVH做得不错，整体的驾驶流畅度是油车无法比拟的。不过在中低速情况下发动机转速会比油车高不少，经常车速刚到40，转速已经突破2000了，以至于我会下意识地松一脚油门等待升档，但这一切都是徒劳，因为两档的齿比阶梯太大，转速根本就无法控制得像燃油版的9速双离合那么细腻，所以开惯油车的老司机需要习惯这种反直觉的转速表现。

【智能辅助驾驶表现如何】
直接总结优缺点。优点是增强现实抬头显示的科技感很足，各种提示直观到位。全区域跟车好用，加减速自然。车道居中的质量非常高，完全没有蛇皮走位的现象，对弯道的宽容度大。缺点是辅助介入过于强势，车道保持会有抢方向盘的现象，所以开这辆车变道时一定要记得打方向灯，否则很费手臂肌肉。HWA自动变道功能不够完善，失败机率偏高。领航驾驶的运用场景目前还是偏少，有待后期高精地图的完善。


【其他方面的优缺点】
内饰大面积的软硬包裹我很喜欢，空间宽敞，后排地板也是全平的。悬架走舒适路线，适合它的用户人群。转向手感细腻，但是刹车踏板特性不够连贯，尤其在停车瞬间会出现踏板力突降的情况，走走停停的路况容易点头。动能回收力度可调范围够大，但是单踏板模式比较鸡肋，胎脚时拖拽力不够且比较滞后，实际上做不到单踏板驾驶，没有太大的存在意义。另外还有一个是我个人不太喜欢的，实体按键太少，驾驶模式、动能回收力度，包括空调的快捷操作都没有办法通过盲操实体按键完成，对于我这种不喜欢和语音交互对话的用户来说不太方便。

【摩卡DHT PHEV适合什么人群】
总体来说，摩卡DHT PHEV的设计还是在高端定位的框架下进行的，对于动力、操控品质、驾乘体验等综合要求比较高的家用需求下，可以考虑这辆车。",,
车图腾,"【最满意】

我个人非常喜欢魏牌的水晶档杆，可能女性对于水晶是没有任何抵抗力的。
摩卡DHT PHEV车型有一个非常大的亮点是四屏联动，究竟是哪四屏呢？第一个是14.6英寸触摸高清显示屏，我们可以通过这个界面去操作车辆的几乎所有设置。这里有智能驾驶的选项，我们可以设置前方辅助、自动转向、碰撞安全辅助等等。
它的AI实验室分为三个部分，一个是手势挪车，可以通过手势来控制车辆挪动；二是右向辅助，开启后，当车辆右向变道的时候，系统会给予视野帮助，从而提升驾驶的安全性；三是导航辅助，开启这个功能之后，系统会在你即将转向的时候自动打相应的转向灯。
第二屏幕是中控屏下方的9英寸触摸面板。它是带锁的，可以避免一些误操作。通过这个面板，我们可以控制方向盘加热、双温区空调、座椅加热。在它的右上角可以显示空气质量，可以选择香氛、自动除雾。此外，在面板上左滑后，在第二页，还可以控制外后视镜、全景天窗、方向盘力度等。
摩卡DHT PHEV的第三个屏，是9.2英寸彩色液晶仪表。第四个屏则是AR-HUD抬头显示，可以显示速度、导航、驾驶辅助等信息，方便且安全。


【驾驶感受】

摩卡DHT PHEV的智能泊车很好用，测试了几种泊车模式，都还不错，但我觉得作为老司机来说，还是会觉得自动泊车不够方便，还是自己去停车更省事儿。
动力方面，摩卡DHT PHEV车型拥有一套高集成度的智能DHT，以及两种动力模式和一套高效的能量管理，其中包含1.5T高热效率的发动机和130kW的高集成度DHT变速箱，39.67kWh的高能量密度的电池包，以及135kW的高性能后驱动桥。它带来的驾驶感受是，低速的时候不顿挫，高速的时候，它加速非常线性，而且其他不少新能源车上经常出现的“高速后再加速乏力”现象，摩卡DHT PHEV上也没有出现。
智能驾驶方面，NOH高速智慧领航辅助驾驶系统实现了智能的上下匝道，智能的避让汇入。也就是说，它可以帮助你完成上下高速，有车辆汇入时它也会智能躲避，还可以识别大车并进行避让。

【乘坐体验】

比较遗憾的是，我们今天没有办法去体验这个智能面部识别。这是车主实际购车后，把个人的信息输入进去才可以使用的。当车主进入车内以后，它就会自动调节座椅的高度以及方向盘的高度，还是非常方便的。",2022-01-12,
勇往直前的海浪fAu,看了许多的车，也试驾了好多的车，就是被这摩卡吸引了，提车一个月多了，跑了两千来公里了，动力是指哪打哪！油耗高速在六个以下，驾驶操控是真的舒服！长城老车企值得信赖！,,北京
andylau19820112,车子开着加速、舒适度挺好的。智能驾驶还可以挺好用的。自动泊车有时候好用，对不好停的地方靠自动也不行！纯电续航冬天折扣确实比较多175能开100就不错了。上一辆车是长城的M4开着质量挺好的，对长城车的质量是比较信任的。新摩卡开的时间还短，目前开着没问题。长城安的充电桩也挺好的，觉着安的比较专业，用着感觉安全！,2024-03-14,沧州
swifty831,【购车经历】 随着油价的节节攀升，家里两台油车，油费的开销确实有点大了，对电车始终有续航焦虑，于是开始关注插混和増程。知道魏派的咖啡系列还是在APP上看到的，当时看了一下油摩的内饰，感觉挺顺眼的，得知不久将会出插混版本，就有点心动了。等到正式上市后，感觉价格贵了点，也就打消了换车的念头，转眼到了8月份，推荐同事买了台拿铁DHT，加了一个销售的微信聊了一会，综合优惠下来还可以，再次燃起了购买欲，于是果断下定。 【提车价格】 置换补贴1万，官方9.9抵3000，地区补贴2000，医务人员补贴3000，油卡补贴5000，免去3年6万贷款的手续费3000，老带新补贴1000，算上保险最终落地31万左右。 【驾驶感受】 车子很大很宽，坐姿比我原来的X1要高不少，悬挂也比X1软了不少。提速很快，没有任何顿挫，丝般顺滑，隔音也很满意，难怪人家说开过电车就回不去了，我现在感觉确实是的，偶尔再开家里的油车已经很不习惯。 【油耗】 家里装了充电桩，提车的时候加了100块钱的油，到现在已经1个月了，还是那么多油，几乎没用，所以现在不是担心油价贵的问题，是担心油箱里的油会不会过期，每天就是上下班通勤用，从家到单位就3公里，几乎没有用油的机会。家里的充电桩有峰谷电价，晚上9点后3毛7一度电，现在用车成本大幅度下降，这是最让我满意的地方。 【最不满意】 最不满意的地方，先说硬件上的：前排座椅通风后背没有，按摩功能聊胜于无，副驾没有高低调节，空调面板反光，后排没有通风和加热。车机有待进一步优化！听歌软件都是阉割版的，地图加载太慢，特别希望开发出一个小憩模式，日间行车灯可以关闭的那种。DHT的换挡逻辑要持续优化，混动模式下，特别是速度在70左右的时候，转速太高，噪音和震动有点大，跳档后，转速下来就要好很多。售后说现在有0716版的可以升了，等升级完在评价,2022-10-02,南京
是羴啊,"人生第一台车，落地定在40以内，传统B级和新势力看了一圈试驾了一圈，在没有购车冲动之余意外发现了摩卡dht-phev ，纸面上豪华的配置让我立马去试驾，只有这个车第一次就让我兴奋不已，三次试驾下来越试越喜欢。
朋友说，买了以后肯定后悔。
我说，不买现在就后悔，毕竟千金难买我乐意。
于是，就有了后面的故事。
 
提车时间：2022年4月28日
购买地点：武汉
购买车型：四驱
裸车价格：316500元(选装大灯2500元和电悬5000元，2000元抵8000元）
纯电续航：标称175KM（个人驾驶习惯市区可以开到170-190之间，跟具体路况天气等因素都有关系。）
 
【外观】大气又不失低调沉稳。
【内饰】用料扎实，做工细致。部分选料还可以优化，例如中控等亮面塑料日常使用下，容易产生划痕，如果是磨砂或者是碳纤维可能会更好。（我发现后已经贴膜了）
【配置】同价绝对是第一梯队。个别地方还有提升的空间。远的不说，拿铁有的，摩卡没有？说不过去啊！旗舰车型就应该是“我可以不用，但你不能没有”。（后排分区空调，座椅电动调节......）
【空间】车长摆在这，座位空间包括第二排都很宽裕，但后备箱容量一般（跟溜背造型有关系）。
【续航】纯电续航结合动能回收在市区很给力，在武汉这个大城市，每天跑大几十公里也一点不心疼，因为用电真的是太便宜了，使用家用充电桩，综合算下来只需要0.13元/公里。亏电油耗在这个车重下很优秀，但如果混动逻辑调整一下，应该还有下降的空间。
【智能化】智能驾驶这一块，hwa和noh用过都说好，环线和高速省心小助手，不愧为量产第一梯队！语音识别率不够，现阶段不太愿意使用。车机的拓展性不好，无法安装软件，也无法投屏手机，但自带的软件版本较低且功能不全，现在只能说是够用。
【驾驶感受】隔音效果非常棒，滤震非常细腻，行驶质感很高级，动力随叫随到，开着就是享受。两个月陆陆续续也有几十个朋友同事坐过我的车，惊讶之余除了夸还是夸，打破了对国产车的固有观念。客观来讲，试驾过或者乘坐过真的很难不喜欢啊！
因为喜欢才会有更高的要求，日常使用发现的一些比较具体的缺点，可能是硬件也可能是软件（排名不分先后，发现一个记录一个）也给大家做个分享，给厂家做个提醒。
1.座椅按摩力度太弱，四舍五入等于没有
2.后排没有分区空调，无法单独调节
3.车内阅读灯亮度太暗
4.能耗记录太简单，还不准确
5.自动驾驶没有动能回收
6.120km/h就定义为超速，有点烦人
7.后备箱挂钩只有两个，设计不合理，四个比较合理
8.汽车充电口没有充电状态提示灯
9.车钥匙实在是太大了，携带不方便，没有nfc车钥匙
10.和油摩外形差异太小，可以有电摩专有的套件或者颜色，形成差异化
11.无线充电功率太低，发热严重
12.人脸识别和记忆座椅没有联动
13.车机的导航行驶记录目前不会同步到手机高德
14.没有露营模式，行车灯无法完全关闭
15.360影像衔接不自然，一些角度畸变严重
16.离车自动锁车过于灵敏，逻辑有问题，不好用
17.空调屏的角度不佳，强光下可视度为0
WEY很重视这个车，厂家对于首批车主很多建议都响应得非常及时，在共建共创上做得很不错。上面提到的问题有的是软件的，已经在做规划/优化，有的是硬件的小短板，说出来就是衷心希望WEY可以越来越好，一步一个脚印成为更好的WEY。
【观点综述】
乍见之欢不如久处不厌。提车将近两个月，行驶3800公里，现在我每次开这车依旧是刚提车的那种欢喜和惬意。
 
Ps：第一次交大作业，想到哪写到哪，但是都是真实感受，分享出来希望对大家有帮助。",2022-06-25,武汉
优视汽车,"大概情况：
我们是在本月初参加了一场魏牌摩卡DHT-PHEV的媒体试驾活动，当时试驾的车型魏2022款 0焦虑性能版。试驾里程大约为180公里，下面简单跟大家分享一下心得。

动力表现：
整车是搭载了1.5T米勒循环涡轮增压发动机，另外还匹配了前后双电机，那么整套动力组合的最大综合功率是来到了355kW，综合扭矩为762N·m。这是一组比较夸张的数据了，比起前几年合资品牌的插电混动车型，整车要暴力很多。所以整车0-100km/h的加速时间可以做到4.8秒，同时也拥有者175公里的WLTC纯电续航。得益于电动四驱以及2挡DHT变速箱的加持整车在前中后段的动力爆发都是做够明显的，难得的是还很少出现车轮打滑的现象。所以动力部分给人的信心是足够的，而且175公里的纯电续航也在一定程度上减少了驾驶员对于新能源车型巡航里程焦虑的问题。

乘坐空间：
整车的轴距是2915mm，这个数据在当前中型SUV车型当中还占据着不错的优势。所以身高175cm的体验者调整好前排座椅坐进后排，其腿部的空间是足够宽裕的，大约有将近20cm的距离，头部空间虽说没有那么宽裕，但是也有一拳零三指的距离。不过碍于较为修长的车身造型，整车的后排侧窗玻璃面积比较一般，这点影响了一些车内的采光度。而关于座椅部分，首先其填充物是足够柔软的，而且坐垫的高度和纵向长度合理，对于乘客腿部的承托比较到位。总体来看整车的后排舒适度还是不错的，也比较利于长途乘坐。

推荐与否：
目前摩卡DHT PHEV是共了两款车型配置，而0焦虑性能版车型其指导价格是来到了31.5万元。虽说整车在动力以及综合续航能力上的表现是超越了理想ONE等车型，但这个价格似乎还是可以再等一等优惠的。",2022-01-22,
沃字子硕德东莞黑四,"摩卡DHpHEv到手五天，初步确认与宣传的相差无几。

【最不满意】
物理按键偏少，不太习惯。
【购车经历）
人的想法会随着时间经历和当时的遭遇而改变的。我呢2021年都在说买电车和新能源插电混动的是傻的，像那个插电混动领克09要三十六七万混动贵贬值还快，加几万买宝马x3，和奔驰GLc，比它保值又豪华。我的想法改变是因为陪朋友去看丰田汉兰达，魏派的4S店，刚好在丰田4S店旁边，我无意间去试了一下拿铁DHT，感觉国产车进步好震撼，瞬间种草。回来在懂车帝全方面摸清长城的混动技术。刚好摩卡混动又预售上市，去4s店再试驾一次摩卡插电混动，此时此刻的我内心想法好多，第一，一定要换车了。第二，说买新能源和插电混动的都是傻逼，打脸自己要当定傻逼了。第三，以前开过的奔驰宝马，豪车瞬间不香了。所以买了这个，插电混动摩卡。
【提车价格】
31.5万，加装电控悬挂，和激光大灯，32.5万，预售下定两千减一万，感谢厂家?
【驾驶感受】
亏电十分亮眼，当油车开还是能做到5点几秒破百，全速域顺畅强劲，绝对性能，120时速之后动力还是能做到收发自如。
提速丝滑快后劲十足，4.8秒破百真沒水份。
驾驶过程中，室内特别安静。
加装电控悬挂的底盘，急刹车不点头，急转弯车身不倾斜，走烂路不颠簸。

【油耗】
走了四百多公里基本上是用电，油耗无法发表。
【续航】
家离工作地只有两公里，驾驶之前都是远程打开空调预凉五六分钟，充一次满电只能走170公里。
【动力表现】
动力表现对我来说严重过剩，提速可以对飙油车的v8",2022-04-29,东莞
用户3930601939787,提车两月，整体感觉不错，给4.5分。 1.续航很准，标称175km，大冬天都不打折扣； 2.空间宽敞，大五座，前后排做五个成人完全够，就是后备箱有点小； 3.动力充沛无论电还是油，一脚油门，推背感很快上来，新车爱惜，一直没到过底； 4.智能化一般，全车最大的槽点是车机智能一般，开机慢，各功能切换不主动介入都不会，不能第三方软件，车机封闭，所以智能车机也就3分； 5.辅助驾驶，高速试了自适应巡航和智慧巡航，还是很实用的，会自动超车，变道，加减速，再高级一些可以睡觉了，智慧泊车和寻迹倒车还没试，看视频应该不会差； 6.馈电油耗浮动大，和驾驶习惯有关系，喜欢开会变道超车的估计得八九个，稳着均着来也就四五个； 7.纯电驾驶很舒适，相应快，静谧丝滑； 总体满意，主要价格到位，18+得价格，插混中大型suv ，续航175km，智驾L2，魏派用料扎实！,2024-02-29,北京
我是张先森A,好车，提速快，噪音低，音响好，内饰棒，后排空间大，后备箱略小。纯电公里数非常准，没有虚标，长城车做工好，底盘稳(加粗铝合金)开起来信心十足。,,武汉
用户5629279231396,其他还行，驾驶感受，空间 舒适度都符合预期。比较安静，喜欢后排的沙发。整体做工比较扎实稳妥。就是车机不够开源，我的是三星媳妇的是苹果，都不能投屏。导航版本太低了。定位隧道中不准。,,成都
灿烂微风vO,除了冬天续航不行别的都还好，车机反应速度太慢，小魏同学就是个傻子一样，电池冬天太垃圾了，达成也就50%左右，外观很好看很不错，内饰干净百万豪车的豪华，配置基本该有的都有了。空间坐5个大人一点都不挤。驾驶感受超棒，超出啥的动力满满。,2024-02-19,保定
北五2020,"【最不满意】
摩卡的车机是有点慢，能接受的慢，因为是第一辆车，选择了摩卡就不后悔，日常使用中没有特别不满意的地方。
【驾驶感受】
摩卡DHT-PHEV的驾驶感受十分舒适，可能是我没开过别的车，我感觉无论是城市马路还是高速公路，车辆的稳定性与静音效果都让人满意。座椅宽大且支撑性好，长时间驾驶也不会感到疲惫。车辆的加速和刹车我也够用，我开高速旁边是有老司机的，一直夸我这车舒服，各方面的舒服，哈哈
【购车经历】
emmm
放到最后来说这个事吧，我本人特别懒，懒到驾照考了两次，第一次是交上钱过了三年期限，第二次23年6月份终于拿到驾照了。拿到驾照的第二天就去了魏派看新摩卡了৲( ᵒ ૩ᵕ )৴♡*৹其他同价位差不多的车看都没看就大定了新摩卡，我感觉这就是懒的好处，其实是马上拿到驾照的这两月关注很久新摩卡了，哈哈
心有所爱，不墨迹，还有4S店送了脚垫，露营椅，毛毯，还有露营锅好像，香水之类的没要，不喜欢

我的第一辆车，总体满意开心！",2023-09-14,廊坊
彭于晏XXXL版,"【最不满意】车子还是大了一些，不太方便，不过这也是优点，大气，最不满意的是车机，逻辑有些乱，车机不开放，没有hicar没有carplay，有些闭关锁国和过度保护了。

【购车经历】看了两三年的车了，各个车的优缺点研究的透透的了，啥车都能卖得掉，只不过销量有差距，有的人看销量去买，没有错，毕竟会有保持率和市场检验的说法，但是我不主要看这个，因为销量虽然不能作假，但是网络上看到的很多都不是真的，水军一大堆。营销方面长城的垃圾有目共睹，销量就更差了。我只能说，这款车是目前我看了这么多车，最适合我个人的，各方面长长短短都是我能接受的。萝卜青菜，各有所爱。买了就别考虑保值的事了，现在除了某些车型，哪里有保值的说法。

【提车价格】建议大家找政府补贴厉害的城市异地提车。反正价格和优惠都差不多，全国联保。

【驾驶感受】很好，唯一不好的感受是没法快速切换纯电或者混动，那个纯电优先就是扯淡，跟纯电基本上是一样的。这个长城一定要改掉。基本所有人都有这个感觉，而且每次上车默认的就是纯电，要改还得打开车辆设置。车机逻辑怪，乱，提车一个多星期了，还是找不到功能在哪。
到现在没拍什么帅图，都是随手拍的，图中是四儿子店的兄弟，也不是我，不好意思曝光了，但是这个兄弟服务很好！很专业！",2023-07-30,芜湖
2023新摩卡车主,"【最满意】
提车5天行驶860公里，整体感受挺优秀的。底盘调教和车内静谧性是完全出乎预料的好。个人感觉静音这块比日系好太多了，在国产里面可以排在考前位置的。发动机启动状态基本上是听不到声音的。
【续航】
续航方面严重反向虚标，满电情况下开空调纯电优先，驾驶模式选择标准情况下可以开到180公里以上。非常满意


【空间表现】
空间5人出行没问题，车尾溜背能取消掉按照蓝山同款做会更完美。

【购车经历】
关注新摩卡几个月，每天有点时间就打开懂车帝看看，有没有新摩卡消息放出来。试驾车出来第二天一早就去试驾了。23号买了99权益，上市那天观看全程直播价格出来稍微有点出乎意料，（本人预计22.3万）2号去4S店转大定，刚好有喜欢颜色的现车，提前办好手续6号提车。一切都很顺利，义乌元基4S店服务非常满意，给个大大的👍
【最不满意】
目前还没发现有什么不满意的地方，后面会持续更新，以上都是个人观点不喜勿喷（还请各位看官嘴下留情）",2023-06-12,金华
新摩卡体验者,"我选车主要有几个条件:
1.要suv,尺寸要大，空间大，要在4.85米以上
2.要是新能源，混动，纯电的不是太想要
3.价格区间在20多万左右的上下
4.我还需要看车的内饰我喜不喜欢…！

【最不满意】
可能车机启动慢一点，开始时会有点卡一点点吧！
【购车经历】
年初开了几天特斯拉，之后就对我的别克就不感兴趣了，踩油门不得劲！后来特斯拉涨价，内饰简单，还要买充电桩各种配件，价格就一下上去了，关键贷款利率太高。在网上看到新摩卡一下就吸引我的所有要求。
【提车价格】
裸车是23.18，苏州有补贴但是我用公司买车需要开票所以没有，置换少5000.保险5200.上牌一番较量中就没有收500的了！
【驾驶感受】
我对这车开了1000多公里，高速市区都开过！在高速续航能力强，很实在，165公里路，充满电还是20多公里（表显175）.市区开就差不多吧！以前开的别克15款威朗，驾驶感受就是压倒性的！",2023-07-28,苏州
泥给路打油u,"因为是23年3月老摩卡降价，就提车了，因为第一次买车，不知道怎么谈，提车后看车圈人家四驱顶配落地比我两驱还低，实在是懊恼啊，但是一细想，不坑新手坑谁呢?也就释怀了；但是开了一段时间，挺后悔没有上四驱，虽然两驱动力也是那么足，但是感觉如果有四驱，哪里都能去了。

【动力表现】
虽然没有四驱，动力仍然强劲；运动模式下，动力随叫随到；

【油耗】
过年从甘肃天水到江西南昌，来回一趟，去南昌，总共加了两箱油，第一次在天水满油满电出发，把油用完(油表不显示续航里程后，行驶了30公里)以后，电还剩40%（全程混动），在服务区再次满油满电出发，到南昌电剩50%，油还剩90公里的续航；
WEY APP里面显示油耗是5.6、6.5；

回天水时，出发满油不满电（90%），进入陕西的第一个服务区进行的补给，油已经看不到续航里程了，电还剩35%，然后加了300的油（没有加满），充满电就回到天水了；
APP里面显示油耗5.4、5.5；

整体感受还是挺好的，来回总共3000多公里，总共加了3箱➕300块的油和四次电，全程开着空调，对这样的花费还是非常满意的；油品对油耗的影响还是挺大的；

【最不满意】
主副驾座椅现在有波浪的形状，车友群里面说是座椅塌陷，但是我感觉没有影响?粗人一个，细节的感受感觉不出来吧，也没有去检查啥的；
车机很差：
文字识别不精准，不够智能，而且功能不全，有些功能必须按照特定的话术去讲才能识别，用自己的口水话讲会说不支持该功能?一样车企大力改善车机系统；
后排座椅没有加热，比摩卡小的拿铁后排都有座椅加热，摩卡比拿铁贵那么多还减掉了，太不应该了。

总之，我感觉是非常好的一款车，就是有一些小小的美中不足，但是不影响对它的喜爱，女朋友也很喜欢，叫它“卡卡”，我也这么称呼它。",2024-03-03,南昌
用户4800287270790,外观简洁大气，新款设计对比老款除前脸变化不大，美观与否因人而异；内饰所到之处皆是软包，感觉还不错，豪华感还不错，新款的中控和空调屏幕换成了磨砂质感不在反光了，好评；轴距2915空间无需多言，后排坐垫比较长，乘坐感受一流；配置虽然相较老款稍微有所下降，但总体该有的都给了，除了流媒体后视镜（强烈要求单独选装流媒体）；续航里程还是比较精准，显示多少就能跑多少，相差不大；车机系统封闭，相比新势力差距不小，希望后期可以ota升级下。,2023-06-15,烟台
途观L换摩卡,"废话比较多，浅看一下，打发时间。家里三台车一辆8年的东风风行景逸X3，手搓，落地不到10万，这个价位要求不能太高，8年下来可靠性非常不错，正常保养，无任何维修，给国产一个好评。另一辆2年的大众途观L  PHEV，落地26万，说真的自从看这个价位的国产车内饰，合资车企的内饰没法看了，准备把东风风行换了，还是选择国产车。国产车性价比真的高，这个价位能给的东西都给你，20－25这个价位选择不多。看了试驾了护卫舰07和摩卡，车都还不错，老婆不喜欢07的内饰，就直接摩卡了。开的不多，和家里的途观L比起来最直观差距就在内饰和车机，一个天上一个地下。隔音，动力，底盘这些目前感觉都差不多，，摩卡还没去跑过高速，还没有结论。途观L底盘确实出众，高速稳如狗，像坐高铁一样的质感。相信摩卡也不会差。德系的造车底蕴确实深厚，就是很多地方不舍得用料，高低端层次分明。摩卡各方面的用料和Q5，X3比起来一点也不差。
明显的缺点目前没有发现。
优点:大电池175公里一点不虚标。空间，内饰，配置，用料同级别都是难逢敌手。",2023-06-20,成都
蹦甭泵甭,【最不满意】 送的东西少啊！好少! 【购车经历】 没啥购车经历，价格符合预期，价格出来第二天一早就下定了，足足等了一个月才提车，提车的时候由于交了500的服务费，后面4S店说免了，换了两把躺椅，躺椅质量不错。 【提车价格】 价格就是官方价格，没有什么优惠，也没有送太多东西，22.88裸车+7200保险+500上牌+500金融服务费（换了两把躺椅））。 【驾驶感受】 大，就一个字大而且雷达比较多停车到处都滴滴滴!虽然听着很吵但是为了避免碰撞认了。昨晚上倒车触发了一次自动刹车。 【油耗】 厂里有充电桩目前充电，感受不出来能耗，因为新车没事就在车上东摸摸西摸摸的，也耗电。 【续航】 昨天充满电是213公里续航显示，我来回上班差不多15公里刚才显示190剩余续航。 【亮点配置】 对配置需求不高，够用。 【保养】 还没有保养， 【销售态度】 销售态度挺好，但也很坚决。就是坚持啥也不送。嘿嘿,2023-07-01,东莞
VL大白白,【购车经历】 心心念念好多年，三年了，来回也试驾了许多品牌的车子了，像红旗HS5，传祺GS8，小轿车啊，都去看过，最后还是来到了wey牌这里，从摩卡刚上到现在插混，每个版本都去试驾过，这次终于下定决心了，搞起 【最不满意】 等车路是漫长的，你说你五月份生产的车子，硬推迟了好多天才发，每天都在望眼欲穿，关键4s店展车还不让提，最后还是等到了 【驾驶感受】 提速还是很快的，挂好档，一脚油门就出去了，给力啊，还是四驱强啊，实测5秒多就破百了，这里7s多也不差了，期待接下来的日子里，带我装X带我飞。 空间还是很大的，差不多快到中大型了，对于一般的家用车来足够了，兄弟们，快冲啊，喜欢就赶快下手啊，大五座，美滋滋,2023-06-28,深圳
爆炒游鱼,摩卡除了车机有点不太聪明的样子，其他无论质感还是驾驶，都是一流水准。 之前一直在等s7，等了一整个五月，踏马的天天跳票天天品鉴，如今我都提车了您价格还不公布，是真看不起我这个尊贵的摩卡车主啊！！！ 我是试驾当天转的大定，媳妇偷摸买的99预购劵(可以抵价值5000的真皮按摩座椅)非拉着我去试驾。因为我预算只有18个w，我对她说哪怕摩卡再好，再牛逼，就算它能飞，也不可能买摩卡的！我是有底线的男人。我要等我的s7。 结果就是…………摩卡真香。 尤其喜欢它的后排的座椅，超软，质感秒杀大部分选手。这回我后面再载老丈人就不用低三下四的小声说话了。可以大声逼逼，这座椅吊不吊，是不是不再挤脚了？ 整体驾驶感受和隔音质感相当完美，过坑洼路面也非常平顺。长城确实是有用心造车，只不过之前价格确实让我高攀不起😂 这会终于圆了当年立志要买vv7的梦了。,2023-06-19,常州
lifezyxg,"家里第二台车原来是台16款雅阁想着买多一辆SUV，去年开始看车选车期间看过星越L、GS8、冒险家、威飒、Q5、XC60、唐DMI/DMP、拿铁、蓝山，一直拿不定主意直到6月新摩卡上市，看到价格很心动直接下了大定,在6月4号试驾完后让4s提报厂家，4s在9号反馈车已经到店，15号交尾款19号提车。


【油耗】电量表显比较准，19号提车时表显剩余92市区行驶45公里表显还剩41，还没用过油但满油显示880公里

【驾驶感受】地盘扎实动力随叫随到，方向盘很轻开起来很舒服。


【最满意】越级的隔音比唐和XC60好跟Q5差不多。


【空间表现】得益于1960的宽度，车内空间相当宽敞，后排空间比原来的雅阁大，能看到摸到的地方都是皮质。


【最不满意】车机智能化差一些但也够用，自动泊车识别车位不算快，360有学习成本。",2023-06-20,广州
用户9777566012776,去年准备换掉现在开的福克斯，20万预算，当时摩卡价格实在是够不上，后来看拿铁要上市，一直在关注拿铁价格合适，结果拿铁超大杯要24.3，瞬间就感觉不香了，期间拿铁降价又去试过，后来种种原因放弃了，后来也关注过银河L7，结果纯电续航太短，结果今年新魔卡一上，价格虽然比预想的还贵一点，但是总体来说这个价格还是能接受的，（开始怕车太大不好上手，这也是关注银河L7的原因），后来就去看车，试驾后，开起来感觉和之前的车区别没那么大，就决定换新摩卡，车的空间够大，内饰豪华感不错，配置也够用，动力也不错（当然老四驱比较还是有差距），开起来顺畅，丝毫没有开这么大车的感觉，但是车的确是大，在公司停车多的时候好几次出不来（之前福克斯时候，两把就能出来），总体对车来说还是满意的！至于厂家和4S的骚操作就不说了，咱们只说车，希望车机功能继续优化！,2023-07-07,青岛
用户599404757814,因为块头比较大，身高也高，就20万左右预算，混动的车看了好几种，实际上能舒适坐着的，就比亚迪的护卫舰，还有摩卡，轿车就根本不在考虑范围内，就没有能坐下不挤的。然后选择这个车，开了一个月下来，除了语音识别有点呆滞，过较差路况车比较硬，没有比亚迪那个软点。其他各方面性能还是感觉不错的，本身是个新手，开过的车也不多，我觉得这个车还是不错的。就是到现在还没找到定速巡航，还有跟车,2023-12-27,杭州
就叫这个名字了456,摩卡这辆车内饰没的说，用料扎实，豪华感扑面而来，手能触摸的地方都进行了软包，材质很不错，做工呀很扎实，就是方向盘有点细，握感有待提高； 纯电续航，市区跑200公里没啥问题，高速应该能跑130-150纯电，符合心理预期。 智能化确实有待提高，语音识别一般般，车机系统不够开放，可玩性一般，不过好在车辆硬件配置较好，安全性没的说。 空间上，由于车身较矮加上溜背造型是的车身和后备箱空间较小，车内轴距倒是很大，后怕空间可以翘起二郎腿。 外观这个东西仁者见仁智者见智，在我看来，外观较为中庸，但又不失运动，腰线设计的很好看，由高往低一往直前。 不得不夸一下车辆做工了，工艺上真没的说，全车缝隙基本一致，足见功底，漆面也够厚，车门厚重，符合魏牌的定位。 综合而言不失为一辆好车，值得推荐。,2023-11-15,成都
开摩卡不喝咖啡,"买车前需求，底盘质感好，隔音好，空间大。摩卡外观和内饰都很不错，各方面也都满足我的要求。买车前对比了唐和08，唐价格稍贵，7座也比较喜欢，底盘，内饰用料真比不过摩卡和08，08空间又小了一点，网上各种小问题流传关键还不降价，4S店也不热情，最后综合对比选择了摩卡。
【最不满意】
车机智能化功能太单调，只能说刚够用，对智能化要求高的人心里会有落差，实体按键少，目前还没习惯。车名不大气，都是老爷们取这么秀气的名字。
【提车价格】 
20落地，首付10万，贷款10万，等本等息贷5年，还完2年可以提前还款，利率4.8，两年利息9600，相当月20.96落地，送膜+脚垫+外放电插排
【购车经历】
多家4S店聊完，自己在心里定的价格20W左右，这家店销售爽快不磨叽，网上聊了自己想法，销售给的优惠符合我心里价位就定了，都是爽快人。

【续航】
从4S店回来时显示剩余电量186，开了40公里回来，显示还剩141公里的纯电续航，续航达成率目前满意。
【销售态度】
爽快不磨叽，办事是利索，服务周到
【驾驶感受】
从4S店开回来40公里，纯电跑没上高速，一路最高速度80，纯电低速隔音不错，走烂路底盘反馈也很好，比我旧车底盘反馈好太多了。
【油耗】
刚提车还没用油跑，后续反馈",2023-12-28,武汉
成为指针,【最不满意】 买车一周，车辆由于保电功能未启动抛锚了，太影响使用感觉了，既然有这个问题，为什么长城之前不说，买车的时候不说，等到车主在使用的过程中发现，这车还有这问题。 油电混合，没油用电，没电用油是常识，现在好了 没电了，油也用不了，这就是长城所谓的油电混合吗，虽然车确实没啥问题，主要是车机逻辑配对的问题，但是家里的人不懂，最基本的理解就是这车开了一周，发动机坏了，抛锚了。 希望长城官方给我解决这个问题吧，再此也想问问各位车友，有没有和我遇到一样的问题。 其他方面，我觉得都还挺好的，不管从空间，还是配置，智能驾驶方面，都挺好的，但是这个买车才7天就抛锚，还要被拖车拖走的问题，让我对长城这个品牌怕了。车也买了，没办法改变，希望后期能快快点解决问题吧,2023-08-18,海口
百年酱香摩卡,外观上：选择黑色，可以给中网遮丑，整车显得威猛霸气，溜背造型显得运动感十足。 内饰：无可挑剔，很满意，不要用 4S 店的脚垫，违反者的重。 配置：除了流媒体后视镜，基本拉满。考了驾照五年没碰车的人，能够依靠 360 开的稳了。接下来就是练习不依靠 360。 空间：乘坐空间很大，后排座椅很长，缺点是后备箱空间确实小，放上随车充、外放电插排、露营套装，几乎占用了 1/3 空间。 续航：表显油耗反向虚标，开的里程不多，油耗不准。但是有一点，充电速度很快，补能很及时。从店里出来，第一箱油加了 365 块钱，很吉利。 智能化：车机不是很灵敏，小魏同学有时候无法唤醒，响应速度一般。车机无法安装第三方软件，这个可以理解为封闭生态很安全类似于 iOS，但是不给 ota 一个网易云，我不理解。 驾驶感受：3 个成年男性，2 吨多的 suv，高速上随便超车，130 公里的时速，提速依然很快。但是路上遇到了小钢炮坦克 300，好像没干过（技术太菜，不敢飙）,2023-07-11,大理
zoe9537,"18 年年底购买的十代雅阁  开了也快五年了 一直想换个电车 ，最终说服了老婆卖了换新车。
   纠结过领克 08，极氪 001，小鹏 G6，本人一直想买前纯电，奈何老婆不喜欢  最终选择了新摩卡。
   十月中旬提的车  到目前已经行驶了 4500 公里  整体还是挺满意的，前排后排空间够用，只是尾箱因为溜背的原因，空间小，比之前雅阁的尾箱小很多。
  能耗也很不错  我在四川五线小城市开，纯电基本 1 比 1，回乡下跑国道山路还能反向虚标，高速油耗开智能保电的话再在6.5 个油左右。
    底盘驾驶质感比之前雅阁好很多，智慧巡航也算好用  底盘有高级感，动力就一般般了，够用水平，不如雅阁 1.5T1️⃣阶，开新摩卡戒掉了我开快车的毛病 ，这车真不敢开快了 感觉刹不住  特别是在市区  经常踩出 ABS，总之这车不适合激烈驾驶，稳稳当当开还是不错的。
   最不满意得就是车机了，界面不好看 ，操作逻辑也很有问题，功能也少，跟新势力没有可比性，感觉 CC 也不上心，摆烂的水平，智能泊车慎用，我试了一下 直接给我对柱子上去了。",2023-12-27,南昌
给好猫喂摩卡,"外观：雾凇银色车漆耐看大气，贯穿式行车灯时尚，和左右耳蜗的造型彰显个性，溜背虽然牺牲了一点点后备箱高度空间但是运动感更好颜值更高，整体大气。
       内饰：黑棕色内饰要比灰色和米色好看，可惜的是没有蓝山的橙色可选，不然更完美。
       配置：同价位性价比之王，不管跟国产车还是合资车比都可以完胜。你可以不买新摩卡，但是强烈建议体验一下新摩卡实车，起码会让你迅速找到去跟30万以内车子砍价的说辞。
       空间：中型SUV没得说。后排中间地板凸起高度可以忽略不计。
       续航：个人觉得纯电能跑175公里的插混车比较恰当。100以下的会让你忙乎于充电，没意思。201以上的作为插混没必要。
       智能化：刚提车还没深入了解不评论。
       驾驶感受：在我试驾过的二十多万价位的车辆中（含美日德）舒适性排第二，仅仅逊于凯迪拉克XT5。",2023-08-30,邵阳
流失永恒,"提车啦～～新车简约大气好看，银外蓝灰，低调有内涵，开起来成熟稳重

停车库时旁边是一辆蔚来，气场完全不输啊，感觉赚到了

满电但是零油，我去年看拿铁的时候还听说魏牌都是满油满电，当时还心想果然是高端品牌，看来今年在各种降成本，充电枪也不送了，能省就省了

新摩卡整体不错，新的银色外观也很大气，本来盲定的时候选的黑色的，但实际看了展车之后还是改成了银色，感觉在多年使用后会耐看些；内饰应该是黑棕的比较耐脏（特别是无线充那一块），但是又想要明亮点的颜色，比较了黑米和蓝灰之后，选择了蓝灰，后续估计要勤打理了。

NVH超级好，开起来很安静，听个歌也很享受～

味道还是有一点点的，坐车里能闻到新车味道，后面要靠爆晒来缓解了，说实话魏牌要打造高端形象定位话，健康形象这块要做突出一点，买这车的应该很多都是30以上拖家带口的，还是很注重健康这块的～",2023-07-11,苏州
挥之＼不去,刹车失灵，让人真的很怕，新车提了狗还没开多远，开车提前刹车，结果刹车绵软无法刹车,,乌鲁木齐
乘风破浪的水滴J1,刚提车不久，纯电驾驶很舒服，动力够用，听销售和试驾介绍安全性高才考虑入手，本来考虑拿铁，大小正合适，好停车，奈何上市太慢，6月1日上市简单了解一下就定了。新车提取比燃油车提速快，但没怎么超车，由于车大还需要谨慎驾驶。等上了高速再试试。目前几乎都是纯电在用，发动机就用了一次，挺给力，隔音效果好，估计以后也会有用油焦虑了！自我感觉东北没那么热，冬天又冷，三元锂电池衰减慢，可能更合适点。刚买来回头率挺高，家用挺合适，价格仁者见仁智者见智，如果喜欢就不差那两个币，如果不喜欢多少都嫌贵，希望后期别出小毛病，用用再来评述。再晒我的小灰灰，我的临牌够牛吧 【最不满意】 那应该车机了，但感觉平时就是上下班，也不需要那么多花里胡哨的东西，暂时够用，以前开老车，对智能化要求没那么高的人已经够用了，时间短其他的还需要慢慢梳理,2023-07-21,长春
乐观的生活家7k8,老摩卡五月份初看了一次，试驾感受印象非常好，但要换代，就等新摩卡上市。六月一号上市二号订车😂，十二号提车（衡阳第一个提车😄）。提车已经一个多月了，整体来说非常满意，加速平顺、安静（无论纯电还是混动），非常赞，电续航非常准（有时候感觉反向虚标了），我每天上下班五十公里国道，经常超过175续航。车辆用料扎实，空间舒适够用，二千兆帕超高强度钢材的使用也让我下定决心痛快掏钱。车内没有异味，这个新车味道基本感觉不到是蛮意外的惊喜。现在马上到三千公里了，跑了一千多公里的高速，我前几天满电智能混动模式下油耗六个左右，空调二十五度（太冷了后来升到二十七😅）全程压着限速跑，没有使用我的黄金右脚（下次试试）。一句话，买了不后悔，使用有惊喜。,2023-07-26,衡阳
西瓜太狼狈,"【购车经历】
9月19号，在没有了解过这车的情况下去店里试驾蓝山，但因预算暂时不足，看了一下销量小透明摩卡。之前有试驾过深蓝s7，唐，驱逐舰，领克（外观实在没法接受）。本来打算慢慢选。结果试驾了一下这个车当天大定（十来年老司机，开上去就明显感觉出来差距）。过了一周就提到车了，提车前一天销售联系我说区里有补贴6000。催的物流加急配送。一早到店里交钱开票。占上了补贴坑。还是比较满意。

【空间表现】
后备箱一般般，溜背造型的确占了垂直空间。但是也够用。乘坐空间很满意，有高级感。
【最满意】
车辆驾驶的稳定性还有静谧性，媳妇孩子坐后排感觉说是这几种里面最舒服的，音响效果也很棒。
【最不满意】
没有靠背通风，我宁可把按摩拆了换通风。。大体重的后背就不如屁股了吗。。。",2023-09-27,石家庄
屈克7229,选了半年，对比了同价位同档次的很多新能源车，最终选定了新摩卡DHT PHEV，漓江蓝棕内的配置。新摩卡的外观非常符合我的审美，车头较长，显得有力量，正面看没有老款的霸气侧漏，我喜欢的正是这种内敛一些的阳刚美。侧面看线条非常平滑，比例最完美的大五座。新摩卡的前脸的灯带和大灯，后尾的贯穿式尾灯太漂亮了，简洁大气，我非常喜欢，没有蓝山后尾灯的庄严，多了一些简约时尚范，能吸引一批人的目光。空间方面没的说，后排空间超级大，孩子在后座空间可以来回走动，但因为溜背造型设计，后备箱空间属于足够用的程度。座椅特别舒服，包裹性好，支撑材料应该用的很不错，支撑性性强，加上NAPPA真皮，触感非常细腻舒适，还有菱形缝线和打孔，视觉看上去就上档次。智能化和主流设计方面，怀挡，HUD，中控大屏，空调屏，360，智慧巡航，分区空调等等，都值得我去探索。这辆车值不值，套用家人在试驾后的一句话足矣：这辆车就算25万也买，比看的别的好太多了。,2023-06-24,济南
单娶柔情,"提车前对比的是护卫舰07和唐。和唐对比个人感觉整体豪华感更足一些，和护卫舰07就不用比了，整体降维打击。
        目前开了总共有500公里左右，期间因为要磨合车辆，所以基本开的智能混动，算下来平均大概是41的油加上5.8的电，很满意。备注下，全程开的标准模式。
        动力还可以，因为平时都开标准模式，动力随叫随到（每次开机都是标准模式，懒得调了，就是每次从纯电优先换到智能混动就很烦）。整体驾驶还可以，车很稳，但是有时候有一些小的碎震，感觉过滤的不是很干净。
       几个缺点1．车机卡顿，开地图的情况下切换到车辆设置界面，会有1-2秒的卡顿。2．倒车没有怠速，在开启自动驻车的情况下，倒车一踩油门就窜出去了，踩刹车很容易就自动驻车了，可能是自己脚法的问题，但是也希望倒车可以默认取消自动驻车，开启怠速。这是软件层面的问题应该不难解决吧。3．氛围灯没有随音乐律动了，感觉少了很多豪华感）。",2023-06-24,海口
※恋恋风尘※,开了五个月客观评价，车是好车，就是销量不好，个人感觉是厂家宣传不行，车名太花俏，沿用以前的VV7、VV6、VV5不行吗，非要改个花俏的名字，优点：空间大，用料实在，内饰简洁不花俏，动力够强，电池续航里程很实在，隔音很好，音响很好，车身强度高，漆面强度够高，昨天发过帖子表扬了一下，蹭我车的日韩系统都去做漆了，我的没事。缺点：车机不够丰富，不过如果和我一样平时玩车机少的也无所谓，目前不能使用应用市场；后备箱高度太高，而且下面没有大储藏格，放大行李箱一点局促，车内储物空间够用；小毛病不少，例如：车内多人乘坐，驾驶员先下车后，基本不能自动落锁；偶尔出现车辆识别钥匙后，不会自动关闭大灯等等。总之，自己买车多看看，自己喜欢，性价比高就可以，别被一下车评和水军带偏，买车是自己开，自己满意就好。,2023-12-08,扬州
______明智,"新摩卡整体还不错，4s店跑了两次就下定了。使用了三天了，没出现什么问题，各方面运行正常。就是小魏同学不是很好使，车机的部分功能还需要优化。不过用的8155芯片，后期还有很大的提升空间，其它都还不错推荐购买。
外观推荐:黑色看着好看，但是不耐脏，夏天温度高；蓝色跟蓝山的一样，可以去店里对比下，晚上和黑色一样，同样也不耐脏；白色显胖，这个没啥好说的；银色也不错，耐脏，选的人应该最多；天水蓝小清新  小姐姐可选。
内饰:年轻人勤打理的推荐灰蓝，比黑米更好打理，黑米的车顶和ab柱是黑的，灰蓝的是灰色的。黑棕和黑黑配合黑色和蓝色外观比较好看，显得成熟稳重。
另外，流媒体目前不能单独选装，除非选那个1.7w的包，已咨询官方客服，如果后期自己加装流媒体需要改线路并且更换车尾相关部件。
noh的话，混了这么久车友圈，没几个车友说用的多的，自带的驾驶辅助功能够用。",2023-06-22,兰州
bountiful,"外观看起来比较霸气，车身比较宽，矮肥。内饰虽然没有老款奢华但是这个价位能到做到这样的程度出乎我意料。


车内由于溜背的原因导致后座及后备箱空间小了一点，但是整体空间比较大。


整个车开起来底盘厚实，像开坦克一样。但是车机设置有模式选择，如果选择运动模式，车子会变得轻快自如。纯电动力提速快，没有任何拖沓，电门反应快。开起来安静，在沥青路面上能听到的也恐怕只有胎噪，用的马牌虽然不是顶级，但是还算可以。在馈电情况智能混动模式下，发动机介入声音在放歌的情况下可以完全盖过去，比我之前开油车的声音小多了。


车机这块比较滞后，当然正常用没什么问题。但是和现如今主流的新能源车的车机来说确实有点落后，语音识别慢且说识别率低，语音能够控制的功能也是有限。",2023-06-29,武汉
用户8258858721316,"车子开起来最满意的地方：车子驾驶平顺、动力好，空调给力，前后排储物空间也够多，外观大气，做工好，安全性佳，给人满满的踏实感，开着放心，车子看起来大，开启时没有很大的感觉，开了2天也就适应了，开起来操控感还可以，360也很方便，可以看到轮子周围情况，对于这种大车来说很好用，内置行车记录仪也很好很，免去了后面还的自己拉线的尴尬，总之就是配置够用。

有待改进的地方：车子空间比想象的要小一些，尤其是后备箱空间，不过理想L7、L8其实空间内部也不大，我估计是沙发做的太厚实的关系。2档DHT，在混动模式下，60码测速，发动机转速就会到2000+，建议60码车速可以调成增程模式，80以上再发动机直驱。
软件bug还有待慢慢优化，营销策略有待改进，购车权益不透明，建议学新势力厂家，购车权益透明化。拉新客户的同时，保障老车主的权益，毕竟服务好老车主是成本最低的营销方式，老车主的口碑影响着后面新客户的决策。",2023-07-18,金华
Marine33176681442,1，车子外观还算大气，有些人说前脸不好看，我觉得还可以，既有新势力环形灯的特点，也保留了传统燃油车的进气格栅，总体上给人的感觉是中庸，不像新势力那么犀利，也不像燃油车那么老气。 2，底盘有高级感，过减速带和普通坑洼路面很干脆，没有大车开船的感觉。 3，配置比较丰富，智能驾驶好用，尤其是碰撞预警和倒车影像，自动泊车等，音响也说的过去，12个燕飞利仕的喇叭低音和高音表现都还可以，在这个价位不算最优秀，算是能打的，如果是4驱就完美了。 4，内部空间很大很合理，我181cm，前排合适角度，后排还能有2拳多的距离，车宽，坐5个成年人不费力。大五座是普通家庭的最优解。 5，续航1100，纯电续航175实际我开过180，反向虚标😀，可油可电用车成本比较低，基本上每公里2-3毛。,2023-07-31,天津
朝十晚八,在用车的过程中，我对长城SUV的品质和性能有了更加深入的了解。首先，我是一个新手，并且刚提车，所以空调开的比较少，大多数时间都是开着窗户跑，开出来的油耗也非常低，这让我非常惊喜，有图为证，只是随意拍的一张，图上的油耗显示4L，其实我还开过比这个更低的时候，目测能跑200公里以上，因为我充电比较方便，所以一般还剩50公里就充电，但是根据平均电耗推测开到200应该问题不大。我平时主要在城市道路上行驶，偶尔会跑一些高速公路，综合下来，根据仪表盘显示百公里油耗只有4L左右，比我的预期要低很多，这里不知道有没有水分，欢迎大家一起讨论。 加速平稳，超车那就是碎碎个事，每次红绿灯，一脚电门后车就被远远的甩在身后，不过大家很快也能追上来(主要是我开车比较稳，基本上是跟着限速跑，不知道为什么大家都可以开的很快，目前我是不太敢)。新摩卡2T多重的车，动力一点儿也不弱，无论是在加速还是在刹车过程中，车身都非常平稳,2023-07-10,西安
microsheep,外观：个人喜欢溜背造型，后备箱空间小点没问题，黑色蓝色犹豫半天还是选择了蓝色 内饰：还行吧，更喜欢老款一些 动力：起步不窜，高速轻松到150，超车不费力 驾驶：方向盘很轻松，动力调成强回收基本不用踩车了，省力 舒适性：隔音滤震不错（选择的最主要因素），空调制冷快，转弯时后排还是测倾有些严重的 能耗：城市内纯电优先，基本可以跑满175km，油耗不知道怎么看，高速换成智能混动，基本上跑140的话要比显示的燃油续航里程打8-9折 车机：启动慢，要等好几秒，使用过程中没问题 价格：西青区补贴2000，内部员工推荐，保险大约5000 缺点：1，智能泊车功能没那么可靠，有一次后轮撞到马路牙子了，还有时找不到车位 2，空调屏盲操时容易点到方向盘加热,2023-07-17,天津
我訫飛翔1,"试驾很大五座，看了很多细节，最后相中新摩卡，马牌的胎，前后通风盘，前后粗壮的铝合金悬架，电池铝合金护板保护到位，离发动机和高压油箱的空间距离布置相对其他车型合理很多，转弯控制给人信心满满（速度主干道左转，可以试试），红绿灯起步快安静平稳，该有的配置都有，通风按摩，燕飞利仕的音响，自带360行车记录仪，自带ETC，自动泊车遥控泊车，循迹倒车自动泊出都很好用，开高速智慧巡航轻松很多，自动变道超车比自己开得好，安全避让很省心。油耗很低，用电居多，家里随车充跑个170公里没问题，通勤很舒服，国庆出去自驾游也是舒服得很！不管销量咋样这车满足我的期待，本人对太花哨的车机无感，任何东西都是双面性，电池太大太小都有弊端，车机快慢也一样，能导航能听歌挺好，休息能看剧足够，出去开会午觉也可以小憩模式也很舒服！

【油耗】
6个左右
【驾驶感受】
很舒服
【续航】
纯电续航175没问题，开暖风开始掉电会厉害一点",2023-11-03,武汉
天涯夜星371,这个价位该有的都有了，动力不是越野的话足够用了，空间够大舒适，车机就不说了，有点伤肝，开机慢不说，连着蓝牙得切到蓝牙音乐才能听到语音，这个切换属实难受，carplay也不支持，语音响应太慢了，识别也一般般，唉不说了，再谈车机就写成小作文了，其他方面感觉挺好的，之前开的是老款奇骏，可能是习惯了，还是觉得奇骏操控舒服点。,2023-08-27,江门
大渡口小旋风,"外观：感觉还可以，就是感觉车头太长
内饰：浅色内饰挺好看，怀挡也挺方便的，可惜不耐脏，用料感觉还不错，就是第二排座椅没有加热通风等舒适配置
智能化：跟试驾过的新势力差距挺大的，app也不能下载，总体来说最减分的地方。
能耗：市区纯电续航基本能达到宣传的，提车回来跑了几百公里高速，高速上电耗和油耗都比较高（我可能开的比较快）。具体高速油耗差不多8     电续航6折
驾驶感受：很不错，试驾过唐、问界m5、零跑和好多油车suv，最满意的还是摩卡和问界
提车价：加置换裸价20.15 ，其他就是保险和上牌，没有其他费用",2023-11-28,重庆
热情辰星清风,天冷了，续航达成率不够，78km路程满电车损68km。不知道其他车主达成率咋样,,兰州
宥利之城,【空间表现】 空间很大，足够日常和平时需求。 【驾驶感受】 动力响应也比较好，降噪也不错，在车库自动泊车比我自己快和好🤣 【最不满意】 6月提车的优惠不够，感觉摩卡就是捡来的，全部都是蓝山和坦克。 车机真的是一言难尽呀，语音识别有时候让人捉急，可能我说话带有口音，识别出来的话真是……而且车机互联还没有，这块希望后续ota能改进,2023-07-06,武汉
火星001用户,来回比较了比亚迪唐，护卫舰，银河，极氪x等几款车型，咬牙选了摩卡，外观方面个人觉得银色不好看，漓江蓝和黑色最好看，不知道为啥店里展车和上市发布车都是银色。车子整体目前还没发现什么问题，动力强劲，加速超车很给力。车内空间很大，就是车机不太智能，语音对话不太容易识别，希望后续能优化，只能说够用，HUD功能不够丰富，尺寸也比较小。目前只行驶了不到500公里，小问题暂时没有发现，有问题后续追加。,2023-07-20,南京
聪明布雷特0k3,车是好车，智能驾驶比较好用，但是侧后外观不好看，更希望出已白色为主的车，车机不行，不够智能  ，  而且有的功能不好用，比如空调不是实体按键，常用的功能增加实体按键更好,,南宁
韩小失落,长城智能化太差，外观设计简直不行，其他都非常好。空间大，做工真好！如果能换个系统，换个设计师就好了！,,长春
Toplhq,开了几天，动力底盘都不错，车机需要加强，总得来说不上一台车驾驶感受好很多钱，希望后续稳定，电池耐用。希望长城能多做一做市场调研，了解车主的需求。,,深圳
浮生的摩卡,1.车机系统需要优化。启动默认纯电优先，没有默认强制保电。 2.外观内饰非常符合个人审美，空间大。,,商丘
田老雪,"只能说太有缘了，预售期间一直没刷到新摩卡，马上就准备提比亚迪唐了，结果六月一号才刷见，两天时间说服家人，三号立马转订新摩卡。
   外观内饰动力都很满意，不得不说在目前这个市场这个价位，摩卡的产品力真的很强，本身长城作为国产越野车大哥，技术沉淀是有的，有坦克系列作表率，而我的需求就是城市通勤，偶尔周边自驾游回老家，配置也够用，在这个价位真的没啥短板，综合实力很强。
至于品牌方面，我没有太在意，车本身就是工具属性，能满足车主的需求就是好车，车毕竟还是自己每天再开，所以我买车并没有太听家人的意见，好在家里也足够尊重我的选择。
当然最重要是价格，这个月的活动还是比较给力的，邯郸路宽4s店的服务也不错，还专门单独为车主成立一对一的咨询群👍给他们点赞",2023-06-20,邯郸
Graig1,个人对新摩卡的外观设计很欣赏，比较喜欢现在的前脸，更像电车。 车机智能化和开放程度有待提高，据说8月OTA会增加华为HiCar，很期待。 驾驶感很不错，NVH做的很好。但是真皮座椅没有老款看起来高级了…… 后排空间和座椅好评，因为每年有两到三次往返1000+的行程，舒适的空间是我选车时考虑更多的。,2023-08-07,武汉
小Good仔,原本对摩卡有好印象、好期待，完全被这家4S店（深圳魏牌智行汽车销售服务有限公司）败光了： 第一、验车环节糟糕 1、带我们验车的竟然是名爵的销售，对摩卡相关问题一问三不知，验车过程旁观没引导。 3、验的车被前后左右其他车夹在中间，连基本的试车都没办法做到，更别提检验各项功能。 4、草草验完车后，签约付款的地方竟然在一个临时搭的棚里，空调不冷，还没水喝，最后忍不住要了才给 第二、赠品至今一样没见到 1、6月13号转大定，7月7号付全款，今天7月24号仍没收到赠品 2、期间三次向周姓经理问起进度，每次都是一个回答：厂家邮寄还没到 3、试问，一个多月时间，车都生产完了，赠品就一个脚垫和防电枪能还没寄到？ 第三、承诺的赠送洗车条件苛刻 1、这位周姓经理在付全款时，承诺赠送洗车三次，提完车后回复只剩两次 2、告诉我原因是，提车当天的把车清洗干净就算一次赠送，难以置信，难道其他品牌提车都不用洗车？直接从货车上卸下来就提？ 3、关键是，提车时车身还有泥痕，就在轮胎附近的挡板处，这算是洗还是没洗？ 3、更离谱的是，后续洗车得先到他们商场，还得提前联系这位周姓经理，他要是不在店里没得洗 第四、沟通效率低下，态度冷漠 1、一次我询问电子说明书，等了一天才回复，给的还是老版摩卡，最后还是得自己找 2、一次我反馈座椅问题，提出自己的不满依据，直接不回复 3、还有一次我索要充电桩的联系方式，直到第三天才回 4、最积极的一次沟通，我支付完全款后还没到家，就微信联系我在他那买保险，还送露营装备，隔天又来提醒我买保险才能上牌 第五、座椅问题处理低效、颠倒黑白 1、7月12号提车，即发现座椅跟展厅和网上看到的座椅不同，前后排都没有缝线和蓝色修饰边，提车现场工作人员也承认这一问题 2、当晚，跟周姓经理反馈，将展车和我的现车座椅图片沟通展示，并询问我这台是否为瑕疵品，回复不是瑕疵品，已向厂家反馈这个问题 3、7月13号下午，周姓经理微信反馈，这个座椅的工艺是随机的，我回答不能接受，并阐述了我的理由，后者没回复我 4、7月14号上午，一位李姓经理来电告知有应对方案，就是把我的新车座椅拆了，换上他们展厅的车座椅，我和家人都不能接受拆新车 5、当天，我拒绝李姓经理说的方案，并告知了我希望的处理方案和理由，他说向上反馈 6、7月21号，我主动询问李姓经理进度，一周时间过去了，他告诉我还是只有这套拆新车换展厅座椅的方案，我不能接受，他又说他也在等上级回复 7、当天，我提醒这位李姓经理，拖延不能解决问题，一周时间毫无作为、毫无反馈，其后他微信回复一段颠倒黑白、栽赃嫁祸的文字，我意识到对方已然毫无解决问题的诚意，并且设计好套路要把责任和问题都甩给我，因此谈话破裂。,2023-07-24,深圳
xyc90,外观上还过得去，内饰很用心，家人一眼看上了蓝灰内饰和质感。动力够劲，高速不知不觉到了150，稳得很，车内相当安静，几乎听不到发动机声，应该是主动降噪效果，灵眸监控驾驶状态灵敏，分心就提示。主被动安全足，空间大。智慧巡航好用，满足需求，能够自动增减速跟车和自动换向。音响比我以前的车子上的好了几条街！纯高速测试，速度110，全程大灯，空调，音乐，油耗6.9升。,2023-07-14,南宁
机智的清泉2hN,外形我很喜欢，动力也很足，就是溜背造型导致后备箱空间太小了，车机拉胯，导航总是出现定位偏差,,深圳
刘洋52461633,整体还算可以，就是车机反应慢。防碰撞没有老摩卡灵敏，电池续航虚标有点大。不过整体驾驶还可以,,郑州
张志礼150625,新摩卡外观、内饰虽然不是特别的出彩，但是比较耐看，稳重大气。 车机系统只能说一般般，菜单逻辑也不是特别清晰。 我最认可的是长城汽车的做工好，底盘扎实，操控性比较好，混动技术比较先进。可以说碾压合资品牌了，这也是新势力小鲜肉比不上的。,2023-06-26,南京
小麦睡觉,这是一款销量很低，但是性价比很高的车。车机除了语音很智障，其他功能方便感觉还可以。纯电175完全够用。,,杭州
快乐梦想家qI,车机系统垃圾，新车有bug，纯电优先模式作为默认模式，出行遇到两次亏电低速行驶到终点停车场，休息几小时后有油也无法启动发动机，只能拖车救援的糟糕情况！而且两个月过去，系统没有更新，没有解决这个bug！新车对道路上细小颠簸过滤不了，这方面跟我以前七万买的奇瑞艾五比还不如。可以说，长城对魏牌作为豪华品牌的定位不清晰，用户群应该是换车升级人群，对车的细节要求高，各方面都至少要做到稳定均衡才合格。可以从新摩卡来看，长城远没有做到。新摩卡的销量低迷，确实是意料之中。价格没有长安实惠，技术做不到长安的均衡，比亚迪的优秀，如果不改变，没落成二线三线车企就在不远处！,2023-08-01,北京
Uniky,外观比较稳重，但还是缺乏点年轻好，可能与车型定位有关，配置很齐全，就是车机太差了，连carplay都没有，驾驶感还不错，虽然没有花里胡哨的配置，但长城的底盘经验着实丰富，这一块很扎实，只是下雨的时候感觉急加速，轮胎会有点打滑，可能与车自重有关，另外，就是刚开始刹车要稍微适应下，踩到末尾用力，会有一点刹车声音。,2023-07-06,长沙
辰空万Li,试驾了对标的唐，护卫舰，问界M7，零跑C11，除了车机智能化差点外，其他无论是外观，内饰，乘坐空间，驾驶体验，续航能力，还有性价比，上一台坦克300让我对长城的车辆无论安全性还是耐用性，都有足够信心，综合比较下来，犹豫了半年，刚好有补贴，最后决定选择了摩卡，开了两个月，跑了3700公里，使用体验证明自己的选择没错，适合自己的才是最好的。,2024-02-01,深圳
哎呀我去哪了,座椅通风，跟座椅按摩，聊胜于无。车机反应不跟手，有时候有些BUg。提车几天，有些小毛病，驾驶感觉还行。,,大庆
喜欢车的房产销售,8月30日提的车（中元节） 漓江蓝加黑棕内饰（现车原因）总体下来车确实不错，就是每次充电结束，踩刹车挂不了d档，只能断掉重启就OK，座椅挺舒服，空间足够大，毕竟刚跑了600多公里，其他问题暂时没出现。 对比一下，是真的大（丰田也是自家的，陪伴了7年时光，手动挡的，当年驾校出来就买了，那时毕竟学的手动挡，开了这么多年，确实开累了）。,2023-09-07,南京
东海老魔君,摩卡品质一直不错，车料也十足。驾驶声音轻，动力足。但车机系统的确比问界差不少。希望长城与华为等类似公司合作，把车机搞上去,,上海
远天5,挺不错，很喜欢。唯独感觉不好的是高德地图，感觉真心没百度地图做的好。另外就是没有人脸座椅记忆,,乌鲁木齐
欢乐马78145,一般吧，没有想想中的那么理想。外观一般，没什么设计感，溜背造型太糟心，导致后备箱空间特别小，比之前紧凑先背轿车小太多了。没有后排加热，全车没有靠背通风。车机和app稀巴烂 。减震太硬，过减速带后排点的厉害。后窗玻璃升降声音巨响，升降机设计有问题。续航相对这么大车还可以吧，不算拉胯，但是冬天除外。,2023-12-25,上海
奋发书签WN,首先外观我是越看越爱。 内饰完全符合我对200万以内最豪华SUV的认知。 动力谁叫谁到。 虽然以前来得几万块的油车，没得任何智能化，就跟老爷机一样，但是摩卡的智能化我感觉比老爷机好，跟智能还有差距。 当然提车没几天，还在磨合中,2023-07-28,成都
摩卡还是糖,外观挺大气的，前看和侧看都挺耐看，从后面看稍微差点意思。选的黑外棕内，比较经典，内部棕色很有高级感，比别人奔子的棕色更好看。空间除了后备箱其它都很赞。纯电续航可能我开的猛，感觉满电能跑个150。导航有点拉，小魏同学有点傻傻的，反正重视的地方都满意这些问题就无所谓了。,2024-01-14,深圳
滑头强,唐、问界、岚图、摩卡最终选择了摩卡，外观和内饰都是自己选的肯定很满意啦，内部空间一家五口用错错有余，后备箱放了露营的装备周末大太阳就出去冬游，实际续航和标注相差无几，上下班80公里，基本上两天充一次，每次差不多1个小时吧，充到100%！不过嘛价格还是没谈下来,2023-12-08,武汉
不形于色z,看见的和看不见的地方，这个价位绝对的诚意满满。超过多少的高强度钢，不用记数字，打开门就知道多厚重。几乎全部皮质包裹，同价位难逢敌手的用料。开起来的感觉两个字，丝滑。推荐打开运动模式，更加酣畅淋漓。外观智者见智，我是觉得好看，既沉稳又不显笨重。车机我觉得足够用了，我又不住里头，不当ipad看电视。可能好的咱也没用过，随大流扣个0.5分吧,2023-11-08,天津
非与或813,【购车经历】 6月份大订，然后就跟腱断了，车在4S点放了两个多月，悲催的人生 【驾驶感受】 从油车转电车。挺爽的，再也不心疼油了，开起来加速挺快，车身稍微有点大，还算适应，发动机启动还是有很明显的声音，其他都不错 【最不满意】 车机确实是短板，和新势力比差距不是一点半点，希望长城加大这方面的投资,2023-09-22,西安
王彦博Max,【购车经历】 让媳妇选车，一眼就相中了新摩卡，到店试乘试驾感觉不错，刚好还有现车，就直接下定了 【空间表现】 车型尺寸很大，后排和后备箱空间足够 【动力表现】 车挺大挺重的，但加速性能挺好的，一点也不笨重 【最不满意】 目前车机系统是封闭的，不能安装软件，carplay，carlife，hicar都不能用，希望尽快更新ota,2023-09-18,漯河
yhasd735,"新摩卡外观大气，安全配置高，内饰感高级，空间大。

【购车经历】
选车对比了领克08，比亚迪唐，护卫舰07，最终选择了新摩卡，第一眼看车型很大，外形非常气派，很满意，老婆也非常喜欢。
【驾驶感受】
智能配置很好，驾驶起来很容易上手。
【乘坐体验】
后排空间很大，座椅很舒服。",2023-11-20,深圳
优美春风o8,跑高速或山路亏电状态真的很省油啊。爬大坡长坡好多车爬不动爬的很慢，这车超车加速毫无压力。不满意的是大灯高低在车内不能调。,,成都
A豫宛青年,车是好车，奈何销量起不来，后箱空间小些，座椅空间大，车机优化下支持投屏就完美了,,东莞
汽车天涯,摩卡DHT-PHEV作为改款车型，主要针对内外饰设计进行了调整。采用了全新的前脸造型，无边界样式的中网搭配分体式大灯的造型贯穿上贯穿式的LED灯带，科技感非常强也怎抢了辨识度。车身侧面隐藏式的门把手以及贯穿式的腰线，显得非常简洁。车身尺寸方面，长宽高分别为4881/1960/1690毫米，轴距为2915毫米。车尾贯穿式的尾灯以及分体式的灯组设计，显得非常的时尚。后保险杠处增加了黑色钢琴烤漆的饰板，显得更加简约。车内14.6英寸中控屏以及9.2英寸全液晶仪表，中控屏下方还有一个9英寸的触控屏，科技感非常强。车内大面积的软性材质包裹，营造出简约豪华的内饰氛围。动力方面，搭载了1.5升发动机和电动机组成的插电混动系统，系统综合功率291kW，综合扭矩570N·m.，WLTC工况纯电续航175公里。,,
运管小开,外观挺漂亮，内饰做工还不错，配置上娱乐内容比较少，没有微信功能挺遗憾，空间看着不小，实际后备箱空间不大，续航能力还可以，感觉掉电速度挺快，驾驶起来比纯油车要好不少，挺安静的。,,抚顺
海上钢琴师遇见山海,外观简洁大方，内饰豪华舒适，智能化有待提高，车机反应较慢，开放程度低！短暂开了几天，体验不全面。有几点感受：静谧性不错，风噪胎噪隔绝良好，但轮胎比较挑路面，试驾的时候，感觉胎噪太大了；新车出厂的时候规定不加玻璃水，或者玻璃水很少？我用了一次，感觉像是水量不足，出水很小，今天加了两桶4升，竟然还没满；遇到过一次后视镜下翻后没有回正的情况。,2023-08-30,兰州
王之乎者也,用料扎实，续航没有虚标。冲着安全性和长续航买的。唯一不足是后备箱不够大，但是乘坐空间很充足。另外说下长城营销拉胯，一个月就让盲订车主骂娘，真的迷之操作。好车但是建议厂家营销部门应该尽快换人吧！第一次买国产车，希望质量不要让我失望！,2023-07-14,苏州
请给我来一杯摩卡,1.外观不是满分主要就是后半段溜背多了一点点，晓得低趴，多了一运动，少了一点霸气！ 2.车机系统不太理想，连接HICAR几次黑屏死机… 3.整车行驶质感很好，过滤细碎路面很到位，很有高级感！,2023-11-16,贵阳
幸福之恋,作为我的第一辆车，前期也了解对比了一些车型，本人不喜欢增程式和纯电，所以选择的空间也就不多，通过多次对比领克08，比亚迪，银河，感觉还是摩卡各方面条件更好。虽然魏牌网上风评不太好，但是我觉得车确实不错，就是服务各方面还需规范加强！ 希望长城越来越好，不要辜负大家的期望！,2023-10-17,西安
社会闲闲,提车一个星期了，感觉还是不错的，续航准，驾驶感受好，总体来说这个车还是值得买的。当然也有不好的地方，车机是个智障。看后续OTA吧,,南宁
闰土夫妇与猹,连续开了一周多，七八百公里了，感觉不错，安静舒适，续航准确，但是偶尔能听到左前方有点共振，不知道什么东西响。,,北京
宅宅宅宅男必备,老摩卡DP就开始关注了，外观还是觉得老款的好看，比较大气，现款的相对运动一点；内饰总体来说跟老款差不多，但是后排遮阳帘去掉比较恼火，这个是特色来着，最能体现出豪华感。50W无线充很实用。后排的中部凸起觉得很奇怪，为啥这个时代的车还会有这凸起，感觉倒退了。智能化还是比较弱，经常语音识别不准确，还好不常用就算了。续航还是很不错的，我来回80km纯电模式，续航从175掉到113km，反向虚标！！驾驶感受没的说，我以前就是vv6，现在这个开起来更舒适，而且nvh更好,2023-06-28,深圳
　 涼笙,简配掉的几项功能其实还是不合理，但是价格打下来了还能接受，就是原装包 noh 流媒体绑定还有些不能接受,,天津
用户14081009,外观算不上惊艳，但属于耐看型，内饰豪华感很强，空间满意，驾驶感受不错，唯一就是车机，大家都吐槽的地方，我就不多说了，希望厂家后续OTA升级会越来越好,,深圳
愉悦的可乐7u3,开着不错，车机比较拉胯，需要加强了，不过也够用，一开始没关注，去看看坦克300顺手看了下这个，从日常使用说，这个费用要低很多，就买了,,商丘
多彩雪梨tv,"外观一般吧，个人感觉没有蓝山或者22款好看。内饰和空间满足预期，车比想象中要大，一般2.2的车位有点挤。该有的配置都有，试了下自动泊车也还可以。定速巡航比想象中要好用。车机方面够用，也能看视频啥的，不过得开会员。城市通勤的话续航反向虚标。

之前一直开的油车，我觉得相比之下比油车提升巨大，加速油门也更跟脚。",2023-12-24,西安
用户8857114912261,外观还可以，空间够大五座，只是车机待改进，充电还比较快，纯电可以175公里，低速隔音及路感不错，高速还差一点意思。,,中山
0扮老虎吃猪0,外观见仁见智，我喜欢。内饰还是不错的。配置没有我理想的四驱，不过使用下来动力很足，超车没有压力。空间比较大。续航里程长，且无焦虑。智能驾驶比较好，快速路长时间开车没有压力。整体9分。,2023-07-02,南通
神杨大侠,非常棒，平时用电在市区开很轻松，家里有充电桩，基本上3－4天充一次电，5个小时充满，主要用途就是接小孩和开着玩，开起来很舒服，20多天了没有用油，非常好用，就是车长有时候停车不方便。,2023-09-18,蚌埠
VV7DHTPHEV,开了4个月，已行驶5000+公里，市区纯电绝对达标。高速油耗速度120左右，表显800大概能跑600。高速没用过纯电，麻烦。充电和用油都快1-1了。高速电价贵赖得等。,,长沙
科技飞机75,好看，很大气；好开，开的舒服；好大，进地下车库有点不方便。车机确实一般，可玩性很低。导航不如手机导航方便，座椅按摩按了个寂寞。,,深圳
西溪安少,室内有异响，非常的烦人。又找不到原因，感觉像共振引起的，像螺丝松动的声音。,,杭州
欧阳0734,外观不错，动力还行，车机不行。车有点太长太宽上手比较慢需要慢慢适应。还有智能化稍错也没啥太多功能。勉强平常够用，但车辆辅助驾驶不错。,,湖州
Me珍惜,预算20到25插电suv，只有比亚迪两款和新摩卡，有个唐dmi，摩卡驾驶感受好于唐，后备箱空间要小不少。纯电续航高几十公里。但是销量确实是拉胯。新车放味，不开空调的电耗很不错，百公里15度多。,2023-09-06,哈尔滨
dodooomm,动力表现和2.0t差不多，内饰有质感，驾驶比较稳重的感觉，音响效果中上。智慧驾驶还在适应过程中，小细节上有待提升，整体感觉不错，乘坐空间，储物空间比较优秀，后背箱空间一般，利用率较低。,2023-11-03,成都
魏鲨,车辆驾驶感受非常好，可能是第一辆电车的原因，这种动力这种安静的感觉让你有种兴奋感，有一种油门踩到底的冲动，动力说来就来没有犹豫，内饰感官也非常高档，就是车机真应该好好优化下，8155的不至于这么不丝滑吧，刚在地下车位安装了家充桩充电真的是太省了，现在就怕乙醇汽油用不完变质影响发动机。总体而言相信自己的选择长城的品质！,2023-09-16,秦皇岛
摄影师Tow,车头如果和蓝山统一语言，做全封闭的，会更好看。 车机不可以装第三方app，浪费了8155。 发动机介入声音很轻，几乎感觉不到,,深圳
啵尔奔灞,除开车机感觉不是特别丰富，车辆本身的空间，动力，续航达成率等还是挺不错的，外观的话见仁见智，不过多评价。总体来说比较满意。,,成都
晴空6843,摩卡的车机系统太差，新款样式没老款好看。新款有些配置缩水了，没有流媒体后视镜等,,上海
智者星辰O96,车绝对好车，做工用料都很扎实，车开着稳，加速快，但是有点滑盘，尤其雨天。系统就不想说了，只能说比之前的车强点，智能号称没有吧。,,长沙
热闹枫叶0c9,【最不满意】 车机响应速度还算满意，就是开机时间长，坐等OTA升级 【驾驶感受】感觉新摩卡调教主要体现的是性能，比护卫舰07底盘、质感，智能化都要略胜一筹。6月试驾07时居然低于40迈右侧环视才打开，摩卡只要障碍物靠得危险距离就会激活打开。最满意倒车盲区时，有电动车闯入紧急刹停。电机切换发动机基本没有感觉，急加速时才听得到发动机声。,2023-09-15,武汉
新摩卡车主,总体来说漂亮大气，知名度太低，开出去好多人不认识什么品牌的车，车机有点拉胯，蓝牙电话语音接听没有一次成功过，动力优秀超车轻松，跟奥迪Q7PK过加速完胜，（Q7车是2.0T高功率发动机），内饰比Q7比不会显档次低,2023-08-20,恩施
用户2909078564075,提车一个月了，高速很稳，国道超车够用，烂路20寸的轮胎舒适性差点，家用车够用了，20万的车，对得起这个价格。,,保定
小新大汉,整体好评。 内饰比旧款缩水，车机普通略卡顿，360影像普通看不太清楚，画面畸变。手机app链接速度一般，功能普通。 尴尬的一点，车内长时间打空调的话，日行灯会一直亮着，关不掉。 缺少副驾驶老板键和背部通风是个遗憾。,2023-06-23,宁波
健奕主张,首先同尺寸同内饰同动力1.5T发动机同续航近200公里，性价比非常高，新车开了半个月，未出现任何问题，操作和动力足够日常，悬挂满意，智能化够用还可以更好！内饰再配个后座遮阳帘就更好。,2023-08-01,西安
十代思域置换摩卡,整体满意，但是有些东西不知道是我不会用还是怎么，如果要关闭灯光必须在中控屏关闭，方向盘传统灯光区域无法关闭，这有点非人类设计，另外目前没有app商城只有几款app能用，但是也能满足正常需求，其他没有任何问题，都挺满意,2023-06-23,深圳
逸杯烈酒,用料讲究，做工一流，空间大，配置全，智能化够用，望提升车机功能。加强营销手段，给摩卡车主和蓝山车主同等待遇，我们也是二十三四万真金白银投票给魏的，不比蓝山30万少多少，希望长城不要区别对待，凉了车主的心！车是好车，就是营销和服务太拉垮，也许这就是你们销量上不去的原因。望重视，待提升。,2023-07-07,太原
茅十八,提车不到一周，开了五百多公里。甚是满意。今天高速一百公里，全程辅助，轻松惬意。 几个问题，后视镜第一天就不恢复，我给关了下翻。车里味儿确实有点那啥…其他的没了。 对了，上班距离是十二公里，纯电掉里程也就十一二。准确。,2023-07-25,海口
鲸鱼口香糖,外观确实没老款的有侵略感，颜色好像蓝山蓝会更好看。其他的动力，底盘隔音这些我也不懂，就觉得都挺好的，同价位试驾了领克08，没看上。为啥呢？感觉摩卡比较契合。其他的用车体验，后续用久点再来细说,2023-12-17,深圳
老司机1345,考虑了好久了，终于下定决心提了，除了对销量有点担心，车还是很满意的。开了三天了，除了车机感觉不太灵敏之外，其他的目前还行。,,太原
趣玩车,"外观方面：采用了最新的家族式前脸，有一点小蓝山的感觉。分体式大灯加上贯穿式日行灯，辨识度有所提升。无界中网配合梯形下包围和侧通风口设计，可以看出它的新能源身份。

尺寸方面：作为一台大五座SUV，长宽高分别为4881/1960/1690mm，轴距为2915mm，在同级别中属于优秀，后排横向尺寸也达到了1550mm，同时乘坐3人不会拥挤。另外前排坐垫长度510mm、后排坐垫长度500mm，乘坐舒适性还是不错的。

内饰方面：车内也是采用了新的设计风格，全新设计的三幅式运动方向盘，配备14.6英寸悬浮式中控屏＋9.2英寸液晶仪表+AR-HUD，中控屏下方还配备有9英寸触控板，有一定的科技感。另外，原来的水晶档把换成了怀挡，一键启动也取消了，电子手刹及Autohold也改成了中控屏内操作。

动力方面：采用了1.5T高热效率发动机+130kW高集成两挡DHT变速箱，具备纯电模式、纯电优先模式，智能混动三种模式。综合功率291kW，最大扭矩570N·m，WLTC综合续航超1100km，WLTC纯电续航175km，官方馈电油耗5.55L/100km，实测大约也在6L/100km以内。有了电机的加持，动力输出更直接更迅速，燃油经济性也得到了平衡。

配置方面：搭载了4颗环视摄像头、12颗超声波雷达、1颗感知摄像头和5颗毫米波雷达，支持30项智能安全配置。另外采用infinity品牌音响、nappa真皮座椅、五级变色氛围灯以及PM2.5主动净化等功能，整体的配置是比较高的。

整体来说，这台车在动力、配置、安全等方面的表现都是比较突出的。",2023-07-18,
WeGeek,"其实原本我是不打算认证的,只是经常有人拿“认证了再说”说事,那就认证一下吧,反正也不麻烦。其实也不打算点评的,一是懒,一是怕说的不全面,有失偏颇,但,反正也认证了,就随便说说吧。 * 选它,有一些要素，这些加起来，在当时来说符合的车并不多：""尺寸够、插混、四驱、全天候动力（包括全速域、包括爬大坡、馈电等）、安全性（vv7有过坠桥成员无伤记录）、电控悬架（可稳可舒适）、流媒体后视镜（已经习惯了多年流媒体后视镜），arhud、方向盘加热座椅加热(后排无)、外后视镜加热、隐私玻璃、遮阳帘、aqs空净、自带360记录仪、主动式预紧安全带（好评）、座椅迎宾、大屏（导航和操作方便啊）、水晶档把（雀食帅）、L2＋辅助驾驶等等 * 最值得肯定的就是驾驶感受了,这也是主要特点之一。不是光初段动力(百公里加速4.9秒)，在整个合法时速内都是随意的,而且不是说“猛冲”,还算是比较线性的,而且馈电(电量到了10%内)加速也刚刚的,甚至馈电且时速150依然推背，馈电开空调上两千多米山顶动力豪无压力。反正就是开这车没发愁过动力,超车啥的自己看着办,基本不用纠结“行不行啊这个时机够不够过去啊”之类的。 * 电控悬架我日常都是用运动模式,急加速急刹车没有翘头点头的不适,人晃车都不晃，真香。但是这里批评车机一点：悬架模式在车机内隐藏的比较深,而且会跟随驾驶模式变化,比如经济模式它就自动变为舒适悬架了,想调为运动需要多次点击。 * 激光大灯高速夜跑神器,都说什么需要几百米没灯没车才行,实际上只要时速超过75、远光能开基本就能启动激光大灯(可以在高速手动开\关远光灯试试),但是这激光呢并不是想想象中的刺眼极亮,感觉它不算特别亮,更大程度上只是更远而已,能清晰的看到远处多了一段光，就像两级远光。anyway,看得远就信心更足,夜间高速毫无压力（其实不限于高速，只要空旷跑的起来、能开远光就行（谢大脚的车陆虎极光如果带激光大灯可能她还活着）。 * 外观属于实车比照片好看。没有我最喜欢的灰色系（我十年前的老车就是灰色），冰翠银也还不错。蓝白内饰也不错就是白色不耐脏尤其是车门上的皮，车门上应该应蓝色！ * A柱盲区较大（可能是为了追求刚性吧（欧洲碰撞测试结果））。 * 流媒体后视镜好，这也是我选车必需配置之一，清晰且高低可调、大小可调,夜间也远比物理镜片舒服。以前老车自己加装过用了很多年，离不开了。 * 后座空间""过大""且不能前后移动加上溜背造型导致后备箱空间被压缩，带大件或远途户外旅行不便。 * 360盲区大，四角哪看得清啊，不知后期能不能优化。 * 车机功能不太丰富，尤其是跟手机互联度比较弱，这方面应该是落后于""新势力""们。系统过于求“稳”而无视功能？但是实际上也不怎么稳。so,既不怎么稳、也没什么功能(主要功能都是车控,没什么娱乐和互动) * 自动泊车不错,速度很快、停的很准、省心。 * NOH体验还行吧,我主要在车少的地方和区间限速路段用,车多了我就手动接管超过去再开。区间限速的路段呢就让他按限速稳稳的走吧,安逸。能自动变道、自动超车，不过它一般比较喜欢跑最内侧车道（众所周知现在最内侧快车道一般都被龟速车占据）。 * AEB自动刹车,辅助驾驶(巡航)模式下很好,距离控制很稳。非巡航时前进的话“标准模式”一般感受不到(可能要距离非常近？),设为“灵敏”就会经常感受到了,进洗车房在吸尘器旁边都自动刹了。倒车比较明显,经常咔咔刹停。 * 车道保持略有点抢方向盘感（打灯后不是瞬间释放，而是要等一下，希望以后更新改善？。。），其实我想关闭保持只开提醒和""紧急保持""，但这个设置无法保存，每次启动都会恢复默认，只得老老实实开着车道保持了，因为不开还真有点不习惯了，习惯了它帮忙自动转向（弯道），但在路口要警惕，谨防它""保""错车道。。再次吐槽车机，很多设置在重启后会恢复""默认""，十分不爽。希望厂家重视，不要啥都认为""需要调研、需求不大🤣""。 * 刹车配置不高,卡钳不大、且有湿气时起步有“蹭”的声音,很明显。热车或短时间停车起步没事。 * ARHUD, 硬件不错,也是我中意点之一,但因为这货是日本配件,调整内容好像还得依赖供应商,所以也没啥OTA更新,箭头指向性一般,聊胜于无。期待更新。 * 方向盘加热、外后视镜加热、坐椅加热,北方友好。但是后座却不带？然后拿铁后座却配了？ 通风也是。 * 后排空调配置不高,无后排独立温区。 另外提几点建议（在群里也提过）： *车机""常用""栏允许自定义＋使用频率组合。 *充电比例设置增加95%选项，或无级调整。 *保电比例增加10%、20%等下限。 *保电建议设置强弱档(类似能像回收)：强档跑高速多用油、弱档多用电。 *允许ready状态车外锁车（用app也行啊）。 * 车机增加""停止充电/拔枪按钮。 *多增加时间显示，如hud、仪表盘 先说这些吧。",2022-09-16,北京
小Wang童鞋,好的就不说了，好的地方大家都说过了，评测里面也能去看，我就说点不好的地方，需要改进的，说点槽点。混动车居然跟油车长得一模一样。没有创新。身为旗舰车型，后排座椅居然没有拿铁的后排加热。后排副手也简陋，空间感觉利用不好。看数据车身挺大，但是后备箱略显小。空调屏反光。副驾座椅没有高低调节。后排空调出风口居然是手动的，没有温度调节。后排座椅角度调节幅度略小。作为旗舰车型，我觉得这些不应该。车机不开放。里面只有固定的爱奇艺和QQ音乐。还是阉割版。希望后期通过升级能开放车机。至少能有个应用商店。能有腾讯视频爱奇艺，优酷供大家选择。其他厂商吉利长安新势力车机都能自己下载。就长城不能，我觉得不应该浪费了8155这块车机了。,2022-04-01,鄂尔多斯
Dr.zhou,"【购车经历】
   人生的第三辆车，前两辆是燃油车（国产)。上次配家人去试车体验了纯电和混动，试了保时捷卡都强吧哈哈😃。国能的新能源车我看了个遍，各种对比，本来要买小鹏p7的，后来根据家庭就一台车的综合考虑还是放弃p7.当时对比了唐，汉，我老婆不喜欢一进车味道比较大，内饰也没啥亮点没打动到我们，不过比亚迪DMI和刀片电池是挺牛，埃安LX 也不错，理想、岚图、问界增程式混动暂不考虑，第二台车是三代H6,给我的用车感受不错，没什么毛病，底盘扎实，所以比较相信长城的车，再说WEY是长城的高端品牌，摩卡p作为旗舰肯定用的目前长城最好的技术。
【提车价格】
四驱性能版，315000，落地325000左右。医护人员厂家补贴三千，同品牌置换补贴七千。加上政府补贴一万多。挺诱人的😬。
【驾驶感受】
目前跑了三百多公里，很安静，没有异响，行驶质感不输50W的车。

【油耗】
油耗跑的太少，不做评论，群里车友测过都不高。
【续航】
目前都纯电跑的，试了充满电上下班跑，有高速一半，市区一半，基本能达到官方标的纯电续航。
【动力表现】
四驱性能版，动力不用多说，飚就完了😃。没定车的选择四驱性能版不后悔。
【亮点配置】
AR-HUD..NOH...等好多暖心的配置。",2022-05-13,佛山
qyskhfd,最满意是配置内饰做工，吊打同级别合资车。还有纯电续航175公里，平常上下班每天30多公里，基本5天冲一次电，不堵车的情况下在城市行驶温柔点开可以跑180多公里左右，没有虚标，相当满意。NOH智慧领航辅助驾驶非常好用，减轻长途驾驶疲劳感。外观第一眼没有惊艳的地方，远处看觉得车尾太翘，但是看久了还可以，属于耐看型，21寸轮胎非常拉风，只是刹车盘有点小，看上去有点不协调。后备箱因为电池占用了一些，空间小了点，勉强够用，好在后排可以放平，拉点大件还是没有问题，车内空间足够了，大五座，座椅很舒适，包裹感很强，而且有一种拥你入怀的感觉，座椅支撑性也很好，长途驾驶并不累，买这台车也正是看中了它的舒适性。想着以后领家人自驾游的时候，可以给家人一个更宽敞的空间，可以把后排放倒，让家人在上面休息。后排坐3人非常轻松，中间地板也是比较平的。 车机系统有待加强，目前来说是够用，流畅性和语音灵敏度都不错，只是扩展性稍差，不过厂家每月都会听取车友的合理建议，每个版本升级后都有不错的体验感。 驾驶感受不错，转向精准，底盘扎实，避震有点偏硬，不过也能接受，毕竟2.3吨的车重，虽然车有点大，驾驶起来轻松自如，纯电行驶静谧性很高，而且加速很快，现在跑了近4000公里，还没有机会运动模式地板油。缺点是过颠簸路段后排有点异响，等首保去店里看看。,2022-08-25,昆明
宿命轮回A,【购车经历】 搜索魏派很久了，山东各地没车，2023.3月从魏派app查到距离济南最近的城市北京和沧州各有一台性能版，2023.3.29卖点我的八代凯美瑞，由济南西乘高铁到北京丰台寰宇4s店看车，蓝山蓝，不喜欢，价格优惠4w，没得谈，在寰宇魏派4s店门口打电话到沧州润驰达魏派，销售说现金优惠4万，补贴5000，我说没到我的预期，销售跟领导申请一下，5万，赔钱也卖，果断北京高铁到沧州，不得不说，沧州润驰达服务没得说，高铁站接车，4s店看车，虽然是库存一年的车，除了胶条多少有点老化，其他问题，此时是2023.3.29日下午6点多了，谈好价格，明天提车。4s店安排酒店住宿。2023.3.30日，上午办理手续，中午售后的技师全车检查，更换机油，交车仪式，开车回家。落地差不多27个。然后开车回家。,2023-04-02,沧州
自强不息鹏鹏,车是好车，提车价格也能接受，但是我的经历很诡异，正常试驾很顺利，感受也不错，提车也很顺利，而且4s店真的是送了好多好多礼品，有蚕丝被，水杯，眼镜，吊床，折叠桌椅，还有竹炭包，真的是受宠若惊，很nice啊，体验超好。再说买车过程，因为买的展车，当天去当天就提了，但是车买回来第二天左前车胎扎，哥们是开补胎的，直接去哥们那把胎给补了，没要钱，但是在补胎的时候，哥们发现后轮毂上面的塑料片掉了，还有一个塑料片断了，已经是半断开状态，然后第二天去4s店保修，结果售后说必须把没的塑料板尸体找到才能报修，否则费用需要自己掏，我也醉了，我上哪给她变没的塑料板去，后来销售的很不好意思，觉得车刚提两天塑料板就没了，决定给我掏这个钱，这一个总共才40块钱，不是我不愿意掏这个钱，问题是心里不舒服啊，我新车刚提回来2天就出这问题，后来觉得也没多钱就妥协了，最关键的是这么两个塑料片没配件，配这两个配件最少半个多月，从二号等到现在还没信呢，所以买这车的朋友好好考虑一下各个方面的利弊，如果受不了这种等待可要考虑好了，如果觉得无所谓，就喜欢摩卡dht-phev的驾驶感受，真的是其他车不能媲美的，总之车是不错的车，就是售后有点垃圾，包括配件配起来比较慢。,2022-07-11,抚顺
国酒飘香,【最不满意】 不到四千公里车机死了三次，死机状志为化表屏多处报警（胎压、气襄、安全带等），关电关门主屏不熄，最恐怖的是行车无转向灯，不知道对方向和刹车有影响没有。原来用的是哈弗H1，感觉质量挺好的，所以再次购买长城品牌，不知这次是否掉坑了。 【购车经历】 观注很久，3月降价提车 【提车价格】 23.5万。 【驾驶感受】 动力强，超车自信。自动驾驶辅助给力，特别是车道保持，多一重保障。NOH在高速上用过一次，但总觉自已驾驶巴实些。 【油耗】 满电满油1000+ 【续航】 满电满油1000+，实测跑六百多公里后，表显还有四百多公里的油。 【最满意】 行驶费用纸，原来每月需八九百元油费，现在只要一百多费用。 【乘坐体验】 座位宽畅，高级感和科技感十足 【动力表现】 动力强劲，超车自信。 【空间表现】 空间非常宽松，乘坐无在迫感，后备箱空间也比较大,2023-05-15,贵阳
内只蜜蜂,颜值在线，溜背设计稍微遗憾，如果像拿铁一样正常的尾箱曲线说不定行李空间会更多一点。当然现在的空间其实也不算差。 空调屏幕看不清的问题确实存在，不过可以接受。noh等功能成熟度尚可，不过个人还是喜欢自己开。 遗憾的话: 第一个就是车机ota速度太慢了，起码能换个背景壁纸也成吧? 第二就是买的四驱，当时以为能够像一些别的品牌选轮毂。本来的想法是想买四驱版本然后用两驱的轮毂，感觉那样的话理论上滤震会更好一点。还有一个外观原因就是觉得21寸的熏黑轮毂太张扬了，偶遇油摩卡的时候总感觉自己的车是改装过的一样。 外观方面很喜欢，特别是大灯。不过中网要是能做成熏黑的就好了，个人其实不是特别喜欢太多镀铬件。 【亮点配置】 氛围灯联动，当时买的时候我所知道的车只有摩卡和gm8宗师版有这个功能，感觉实现起来其实也没啥成本吧，现成的氛围灯和雷达都在的。但是有这个功能能够感觉到工程师确实有在用心做小细节。 加速很猛，虽然类似价位的唐dmp能做到4.3s的01，但是开路上又不是赛道，再者4.8s也足够超过很多车了，最终落地不超30w的车，知足了。,2023-05-25,佛山
长了一脸的毛,一、外观。有些人可能不喜欢，但这车的造型完全戳中我的喜好。 二、内饰。做的也很不错，许多小细节都体现出高档感，就是稍微有点味道，需要做下除臭。 三、空间。说是大五座车，可是从我个人实际体验来看，和唐这类七座车相比好像也大不到哪里去，感觉还不如直接弄成七座算了。 四、续航。 1，油耗。新车还没怎么上过高速，就市内行驶来看，馈电油耗大概10-12之间，对于这么大这么重的车来说也算正常了。 2，电耗。快充一个小时不到就充满，慢充大概五个半小时基本和官方宣传一致了。对于纯电续航，官方宣传204km，实际开起来就是160km左右，百公里大概30，31度这样。当然，也有可能老是在市内开车，走走停停的，消耗有点大。 五、智能化。这个要重点吐槽，这车颜值有多高，车机智能化就有多拉胯。现在提车还不到一个月，车机已经出现了两次故障（正常启动后故障灯全亮），包括且不限于语音对话，导航，hub，转向灯等便利甚至是安全功能罢工，官方宣传的辅助驾驶，自动上下匝道等亮点功能，在完全不能使用的车机智能化面前就是个笑话（不知道啥时候就罢工，谁敢拿命去体验这些功能？）。这些问题去4s店也没瞧出个所以然来，反正就是无脑升级系统，关键是还解决不了。感觉这个车机不知道啥时候就会跳出来，给你来句“surprise moxxxxfxxxer”。,2022-10-23,海口
萧威plus,人生第一台车，从最开始的vv7就关注上了，到vv7智能版，再到油摩卡，直至现在收入囊中的phev版本，总的来说，本车是一台各方面都比较全面的水桶车，虽然比油摩卡在落地价上多了六七万，但动力总成就目前而言，还是比较先进的，市区用油，偶尔去趟外地，也可以无所顾忌的动身。 颜值控，刚开始还没有从vv7的前脸映像中走出来，总感觉摩卡的前脸怪怪的，现在看来，实属耐看型，越看越舒服。 车是真的大，两米车宽，朋友多说虎气。对于新手的我来说，确实需要一个漫长的适应过程，刚开没几天，感觉良好，车机功能过多，还需要一个学习过程，目前没有发现其他问题。 再等等年底，新车机更新后，估计还会有新惊喜出现，虽说整体销量一般，但要的就是个性，朋友提醒这个价钱都买上合资bba了，而且保值率还高。我的答复就是，30多万，可以选择国产顶配，为何要大牌丐版呢？既然选择了国产，谁又会考虑保值率呢！奔着8年以上开吧！,2022-10-18,太原
婆婆特工XP,"外观:萝卜青菜各有所爱，在我看来不算丑，但绝对不洋气。
内饰:用料非常好，没有异味，基本手摸到的地方都是真皮。有些功能区域设计不合理比方空调小屏幕，手机无线充电位置，还有门上杯架居然是斜的。还有副驾驶没有高低调节，前排座椅偏硬，后排座椅有点矮。
配置:配置非常高了，基本全都有了，可惜的是没有选装电磁悬架。最喜欢的是摩卡的大灯！矩阵式自适应远近光大灯，这么好的配置没见到有什么宣传，高速时候自动打远光，前面有车的话他会自动避开前车位置，非常好。自动驾驶也很好用，还有ARHUD。音响也很喜欢音质不错。有一点是我最不满意的就是后排居然没有座椅加热，那么多高科技配置都给了，没有后排加热，哎，平时孩子媳妇坐后面连个加热都没有，也没有副驾驶老板键。
空间:这车挺长的4米8多，但是空间说真的非常一般，跟我之前的途昂比简直就是渣渣。。。因为车顶后面溜的有点狠，所以这就导致后排头部空间有限，座椅非常矮，大腿没有承托，所以后面有点窝得慌，后排不舒服也没什么配置，应该就有个遮阳帘。
续航:纯电续航还是很实在的，满电显示175公里，基本跑160-170应该没问题。满油满电没试过。
智能化:这个看怎么说了，你要是说他的自动驾驶我感觉还可以，逻辑操作什么的都不错。但你要是说车机系统或者小魏同学的话那真是太拉胯了。车机反应慢，小魏同学智商比较低哈哈。

驾驶感受:驾驶感受还是非常不错的。首先就是这套动力系统国内应该数一数二了，4.8秒破百加速非常强。在一个底盘有高级感，坑洼路面有韧劲儿，Q弹的感觉，马牌轮胎比较硬如果换了米其林应该更好！整车密封性非常好，这车门超级敦实，开关门声音极其好听，整车隔音降噪优秀，特别安静！
       
摩卡长得没有新势力洋气，身材也不算魁梧，名气也不够响亮，销量也不高路上基本没见过。但是这并不影响我喜欢她，她的小缺点我都清楚，她的大优点我更明白，希望她能在今后的日子陪我奋斗，护我周全！",2023-04-23,石家庄
飞法卖萌五十次,外观不说了，肯定是挑自己喜欢的买，内饰感觉挺简洁明了的，有点高级感，然后就是车真的没啥味，小孩老人坐都不会感觉空气质量差，就是屏幕多 需要适应，配置不说了，功能太鸡儿多了，现在好多名词 都还没搞明白，慢慢学习中，空间我给4.5分，我185  100kg 骨架挺宽的 其实拿铁完全够用了，但是我喜欢腿部空间更大的，后排空间跷二郎腿也没问题，就是后备箱空间我觉得在中型车里面称不上优秀不过也够用了。续航感觉很实在，交车的时候是130km，我这两天平均每天大概30km，4天多还有8km。后面没充电加了点油，混动模式因为跑的不多，在低电量下城市好像是5.1l，这个之后再更新，驾驶习惯属于该稳稳该冲冲，不算暴力的那种。智能化真的厉害，安全辅助太灵敏了，就是碰撞预警那滴滴声吵的我脑壳疼，前两天在地库被学校一妹妹冤枉我挂了她的车，因为刚提且车大还在适应中，我没有否认，查了监控和车载的记录仪，误会瞬间解除，这个还挺方便的，过两天可能要换大容量的sd卡，目前送的8g卡用的还行。目前还没跑高速，听说这车的智慧巡航很厉害👍🏻。最 后就是驾驶感受了，因为买的时候没有现车，试驾的是拿铁dp和油摩卡，都觉都很好开盲订的摩卡dp。刚开的时候确实感觉车挺重的像船一样，然后刹车不适应，总感觉刹不住，但是每次都刹住了，不像油车踩死紧急制动或者更迅速的刹车停的感觉，后面听别的老哥说动能回收调到高就好了，开了两天感觉越来越好开了，底盘是偏稳和舒适的，我图提车快没选 悬挂，所以感觉开的没有那么运动，操控也挺好的。不过这个车真的猛的批爆，标准模式就够了，高速的感觉一定会更直观一些等哪天去试试。一开始了解新能源都是比亚迪，想买唐dmp中配，但是后来试驾以及很多方面的对比，摩卡确实更香一点，其次家里面还有辆车，所以6 7座对我来说不是刚需。最后说一句支持国产！！综合起来性价比确实很高，后续的保养啥的也不用过多的操心。,2022-11-17,衡阳
各位都是大聪明,"本来想等摩卡的，无奈外形不喜欢，减配了不小东西，正好看到有人买二手试驾，抖音上关注了几天马上下单，车都没去看，直接物流拉到上海，里外看了看，没啥问题，蛮新的，提车时才一万公里
六月正好有时间，安排了二人直接开车去北疆玩了一圈，来回1.2万公里，玩了十六天，除了服务区一开始充了二次电，接下来全用的油。接下来总结一下这一万二千公里的使用感受

优点:稳，这车是真的稳，底盘很紧给我安全感
         外观，真的很帅比新款帅多了。
         快，加速真的快，很跟脚，路上没虚过谁，不管是独库的九曲十八弯还是那拉提空中花园的爬坡都不在话下。
         空间，很大。
         静，隔音真的无敌。
流媒体后视镜，好评，下雨神器。
        油耗，总共一万的油里程，平均8.3左右大概，一万二千多公里加了7000油50多块电费
        空调，很给力，去吐鲁番和哈密，五十多度也没觉得热。
        noh,智能驾驶，很好用，大概用了几百公里，只有脚累的时候，和手机回信息的时候交给自动驾驶，本人对自动驾驶不是很感冒。
        缺点，车机，真的垃圾，不多说，没其它app就算了，好坏8155不要卡吧。
空间好评，动力好评，纯电续航好评，车机垃圾，刚好够用，其它满意。",2023-05-12,青岛
油城黄牛,外观：外观是仁者见仁智者见智的事，我自己觉得电摩很酷，尤其是从侧面看，比较有动感，前面看个大嘴，有些人不喜欢，我觉得还是蛮酷的。 内饰：电摩的内饰基本上无可挑剔，大五座标配nappa真皮座椅，坐上去既能感觉到包覆感，身体又没有过于陷进去，这一点挺满意的，而且对比其他高级车的内饰，电摩都有了。 配置：我我专门对比了q5l，昂科旗、凯迪拉克xt5，大部分的配置基本上是吊打。国产高级车的内饰基本上都是强项。比较满意的是流媒体后视镜、360透明底盘、加速性能（在市区基本上动力随叫随到，超车充满自信）等，吐槽一下那个空调的小屏幕，很多时候反光比较严重。 空间：电摩比昂科旗稍微小一点，但比q5L空间要大，大5座的设置保证后排空间，即使‘坐人了，膝盖距离前排的座椅还有两两拳的距离，翘个二郎腿也足够了。 续航：204公里的纯电续航经过实践检验，没有虚标，我基本上1~2个星期冲一次电，用车成本极低；买车两个月了，一箱油还没用完，还没有上过高速，不过感觉燃油在6~7升每百公里，这个水平对于这么大的车非常好了。 智能化：虽然说车机的应用软件不多，但是该机的智能化水平我感觉还是比较高的。主动刹车、跟车、自动泊车等做的都很到位。有一点不足，这个车不能自己安装其他软件，扩展性不好，希望以后机车系统升级的时候可以安装上别的软件。 驾乘感受：安静（发动机介入的时候声音也不大）、动力足、提速快、内饰好，底盘过滤90分。,2022-08-11,东营
大众侃车,"长城独立研发的新能源系统，总体来说还是比较有信心的；并且能够做到性能、品质、经济全方位的兼顾，实属难得。而且不管日常上班代步，还是出门旅游，在续航上是非常OK的，在空间上也是妥妥的足够了，融合了汽油汽车和电动车的优势，用车成本也是看得到的，老话说得好：省了就是赚了
【最满意】智能和性能方面真的是让人眼前一亮，毕竟现阶段智能化和网联化的发展日渐影响了普通人的生活，大家对与汽车的需求也不是说纯粹的一个交通工具了。体验时他的三智融合（智能驾驶、智能座舱、智能服务）技术让体验者的驾驶感受、操控感受以及其他乘客的乘坐感受得到新一层级的提升

【驾驶感受】首先是模拟上下班代步的驾驶情况，这台车搭载的是一个名叫NOH的智能领航驾驶辅助功能，由5毫米的波雷达、12个超声波雷达和一个感知摄像头构成，直白点讲就是自动感知车内外环境，然后完成自动变道、超车、并线之类的动作，在开车的时候特别是新手来说，驾驶压力真的会小很多，当然啊，这个也不是说就万无一失了，就可以开车的时候干别的了，只能说善用辅助功能，会让你的驾驶难度小很多。
另外就是一个4.8秒破百的成绩，速度上面没有任何槽点

【乘坐体验】
语音控制地图、控制音乐这些功能比较常见，可以亲自去体验一下；再一个就是静谧性感受还是挺满意的，米粉条、隔音棉和远超同层级5毫米的声学夹层玻璃，风噪和胎噪个人感觉是被抑制得很好

【续航】
我试驾的这台摩卡是一个四驱性能版的车型，它是有一千公里的综合续航，纯电续航也是有175公里，所以日常代步是肯定够的，而且两档变速箱在提升动力和性能方面也是很让人满意的，它能更宽泛的使用发动机的高热效率区间，就目前来说摩卡这套变速箱放眼整个行业都称得上数一数二的DHT变速箱技术",2022-04-29,
领带带,"先从外观来说说，仁者见仁智者见智吧，我觉得从侧面和正面看上去相当霸气，四驱版本配上21寸轮毂。整个看上去不输六十万的车。其实第一眼看到现车就已经确定要买它了。黑外黑内，就是想去匹配这个熏黑轮毂。从屁股看过去呢，就觉得稍微小气了一点。再说说内饰，能看见的地方全是皮质包裹。还有一些软塑材质吧，座椅也是纳帕材质，宽大舒适，长途下来不累，再加上座椅通风，加热，按摩，长途利器。反正整个座椅上配置拉满。还有64色氛围灯，也可以自定义，音乐随动。晚上看上去很有氛围感。还有副驾驶位也有按摩功能哦。带上喜欢的人一起自驾不要太美好。至于配置，在选摩卡phev之前就试驾几款同价位的，在配置上纠结许久，现在世面上能有的功能摩卡都给你配足了，还要什么诗和远方呢，一台摩卡phev就够了。  空间上有一点不足，不足在哪里呢，在后排座椅不放倒情况下拉点东西的确很局促。后排坐三个成人情况下也还好。  续航情况，分两段说吧，在高速公路上功耗的确会大一些，和官方给的续航出入有一些，市区跑这个续航一点不虚标。对于这个续航很满意，毕竟2吨多的车还是四驱，还有什么不满足呢。 智能这块，它的noh智慧领航辅助驾驶值得说说，我上了高速就必须打开这个，让长途驾驶很轻松，自动变道跟车下道。转弯半径过大还提前减速，唯一不足就是识别路边桩桶有点模糊，可能大多数新势力车都有这个问题。最后说说驾驶感受，跑过山路，高速，非铺装路，先说说高速很稳，毕竟车重在哪里，转弯的侧倾基本感受不到。跑山路的指向比轿车差一点，但是很有乐趣哦。铺装路在四驱加持下一点不担心，动力随叫随到。
【最不满意】最让我不好的就是黑色车漆太容易显脏了，稍微一点灰尘就能看到",2022-08-26,重庆
oO风轻I云淡Oo,"【购车经历】
之前基本不考虑魏派，因为定价太高！一次无意间看到摩卡phev的二手车价格，觉得二手车价格合适就开始关注摩卡，看了好多关于摩卡的评测，评价都很高，于是决定下手！
在网上看了很多二手车商的报价，最好看到一家宁波车商的报价最低，于是就去了宁波购车，结果全是坑，套路太多！
先是看车，他们在网上发布的是四驱版，去了之后说车是寄售的车主无法把车开来，听到这我就准备走了，然后车商说来都来了看看别的车吧！就让我看两驱的，这时我就知道从一开始他们要卖的就是这辆两驱版的，网上发布的价格也是这辆车的，目的是以低价吸引人过来看车！之后是谈价格签合同，在这里提醒大家跟二手车商谈价格时他们说的多好都别信，口头上的承诺都是假的，一定要看清楚合同，在你看合同的时候车商会以各种理由转移你的注意力干扰你看合同，比如口头承诺，最好全程录音保留证据，如果没有录音就无法作为证据，口头承诺也不具备法律效益，但保留证据后可作为他们诈骗的证据！最好在当地购车，当然在当地购车也要谨慎！在外地发生纠纷维权要花费大量时间和金钱，车商也是看到这点，只要不是坑的太狠很多人都会吃哑巴亏！那些低于市场价较多的信息都是假的，除非是个人车主发布的！总之购车需谨慎，看清楚合同上的每一个字，别急着签合同！


【提车价格】
裸车价16.7万，贷款手续费加GPS费3000，中介费5000，代办费1000，第三方检测费600，保险7000！贷款利息也比自己找银行贷高出很多，准确说那不是利息是担保费13800这钱也是车商赚的，车商含泪赚了13800，而我等于多花了7千多利息！是不是看到16.7觉得便宜？这些加起来之后感觉如何？羊毛出在羊身上，那些标价低的都会从其他方面在从你身上捞回来！一顿操作车商2.28万进账

【驾驶感受】
         动力输出平顺，亏电动力也不弱！发动机启动时声音不小，好在隔音做的不错，车内几乎感觉不到！
          底盘悬挂舒适性一般，感觉偏硬！可能我胎压太高，改天胎压放低点试试！侧向支撑不错，时速70-80过弯也比较有信心，当然也要看是多大的弯，急转弯车速还是要控制在60以内，安全驾驶！


【最不满意】
车机很卡，经常点了屏幕半天没反应，延迟太久，国产品牌最卡车机！
车内异响，中控屏以及空调控制屏，简而言之就是中控这个区域用硬塑料的地方都响，开车不开音乐听到这些异响会很烦躁！静态看着质感还不错，一开起来这响那响真的很掉价！

【油耗】
市区油耗4-5L左右，毕竟低速发动机不直驱只是发电！高速时速120百公里油耗8L左右，这么大的车这油耗能接受！仅供参考，比较每个人用车环境不同！",2023-06-22,宁波
舒舒服服的享受,内饰让人意外的惊艳，如果你在意内饰，那么这个车一定要看一下，燃油版20出头的价格我想不到有任何对手，到处摸一摸，即便是塑料部分很厚实，和30万同尺寸两田比你会知道什么是优秀什么是侘寂，这车内饰做工质感用料都非常出色，如果合资车这种品质估计起码得上50万以上，行驶品质动力充沛，响应好，刹车脚感稍显偏硬也在正常水平，行驶稳定性很好，转向精准度优秀水平，侧倾抑制不错，和同品牌哈弗系列不是一回事，底盘初段偏硬，细碎震动稍显明显城市路况没有问题，整体同价位优秀水平，和同价位国内友商顶尖水平车型相比有一定进步空间，智能化挺好，触屏空调比想象中的好操作。 总结一下，即便是行驶品质这个最大的短板也在同价位合资车优秀水平，内饰细节更是价格翻倍车型的表现，一台车很难面面俱到，这是一台倾向空间内饰的车型，而且行驶品质过得去，40度电池比普通插混车大一倍，总的来说，是一台推荐指数较高的一台车,2022-07-16,
小龙虾的麻辣味,外观一直是wey的优势，年轻，动感，时尚，回头率很高。前脸和标好像有点撞林肯，遇到好几个认错了的。为了尽快提车选了店里现车，只有两驱版。后悔没上四驱版本加选配悬挂了。黑色的21寸轮毂更霸气，265的大脚估计紧急刹车的时候效果也会更好。 内饰相比原来的老x1有更多软质覆盖，门把手的皮质包裹也不会出现x1那样用久了不知道什么材料开始融化变粘的感觉。选的棕色内饰跟自己性格比较搭，也不容易显脏。 回家路上再也不心疼油钱啦，偶尔也会在几个红绿灯之间和旁边车道比一比直线加速，只有一次输给了大v8。没办法，再怎样也是个两驱的长续航版本。 感应尾门是体验过众多品牌当中把这个功能做到相对比较好的一个。 车内空间方面是比老森林人好一点，更不用说老x1了。就是后备箱空间相对比较小，搬家的时候装不了东西。虽然也没有经常搬家的习惯。 市区纯电的情况下跑过从加满电到全部放完跑了226公里。但是上了高速有点拉胯，还剩150公里的续航，实际跑了100公里就没电，启动发动机来充了。亏电状态下又跑了70公里，用了4l油，油的续航里程减少了35公里。总的来讲还是ok的。全程空调可以开着24度，不怕堵车 ai和ARhud是最喜欢的部分，ai目前除了英文等方面识别不了以外其他辨识度也很高。 开了摩卡phev以后中毒了，非得要搞回家才行。选摩卡不止是为了回老家能用一大部分的电，还因为phev的加速工程真是和丝般润滑，从未有过这样的驾驶体验。 不过有一说一，理想比摩卡尺寸还大一点，开起来却不像摩卡这样对狭窄路段比较没信心。不知道是不是因为摩卡门太厚了，对外界的距离把控不是那么好,2022-04-30,福州
回锅肉盖浇897,【购车经历】 关于购车我已经专门发过帖子介绍了，在这就不再赘述。 【驾驶感受】 开了两周，目前感觉整车机械素质还是非常不错，安静，底盘扎实，起步迅捷。175的纯电续航也基本能满意我3-4天日常通勤需求。 目前充电桩还没到位，在外边充电站充了几次电，基本都1个小时充满。提车后还没加过油，一直纯电驾驶，没有试过亏电驾驶感受。 【最不满意】 我爱人从女性驾驶员和乘客的角度出发提了几个关于车内储物和卫生的槽点： 关于车内 1.扶手储物箱的设计跟后备箱有一个共同的弊端，就是没有分层，还很深，找一个最底下的东西，我要把上面的东西全部拿开完才找得到。 2.前排水杯架设计有问题，行车过程中里面的那个卡扣与水杯之间会发出响动，形成噪音。后排中央扶手内的杯架，放入水杯后托杯底的支架很不牢固晃悠悠的（廉价感），侧面夹持水杯的卡子，夹持力量又过大，向上取出水杯时容易用力过猛，把液体荡出来。 3.手机无线充电的那个孔洞，非常容易进灰尘和杂物，而且很难清理。 4.中央储物箱一打开就两边同时打开，而且它是竖立起来的，影响肘部空间，会有驾驶安全隐患。 5.后备箱的空间是感觉大，但实际上利用率很低，他是整体是空的，没有办法分割空间的来进行收纳，只有用不同的箱子堆在一起。以前开的的哈弗H6后备箱都有个隔板把空间分为2层，这个比H6贵了几倍的车为啥不加个隔板？ 6.最最吐槽的是空调控制面板，为什么是固定的？而且这个角度也不合适？不管你在副驾还是在主驾，你都不可能在不影响操驾驶的情况之下操作，为什么不能把它设计成能调节角度的？ 7.空调的出风口不能能够完全闭合，极易进灰尘，不好清洁。建议设计一个像家用空调的那种可以关闭挡灰尘的隔板。 8.前后排都没有一个放置放纸巾方便取用的地方。 9.声音复刻，不能识别四川话😂 最后，关于女司机驾驶，这个车很宽，地库里转弯时后轮附近容易与墙柱发生擦挂。虽然前后保险杠都有传感器，但是车身中部好像没有，主要靠360视角判断。我家铝司机就因为过于相信报警提示，没有用肉眼判断，结果在提车第三天就把左后挂了，伤心了好久！！！😰,2023-03-22,成都
极速车坛,深度试驾过摩卡超级混动车型，给我的印象还是很深刻的，豪华感体验以及操控的体验都让我蛮惊喜。首先它是一台超级混动车型，满电满油情况下可以跑1千公里，纯电续航有两个版本，分别是175公里和200公里，可以上绿牌。外观方面看蛮大体，大嘴格栅的设计看起来很霸气，圆润饱满的车身，还是蛮好看，脚踢式尾门开启和关闭，用起来挺方便。内饰做工和质感都很不错，Nappa真皮坐起来很舒服，蛮喜欢开启的时候很有仪式感，每当开启的时候，有两条金鱼会从液晶仪表和中控扶手的屏幕游到中控大屏，很有意思，感觉像养了两条金鱼一样，感觉很不错。科技感也很不错，一共有五个屏，包裹流媒体倒后镜和超大的抬头显示，科技感十足。水晶挡把手感很舒服，给人一种不错的豪华体验。总功率355千瓦，762牛米的扭矩，动力相当的猛，这么大一台车，4.8秒破百。驾驶起来的感觉就是，踩下油门的时候，动力来的很快，感觉不用踩很深，动力就来的很迅猛，所以一直在猜测直接油门踩到底会是什么感觉，开起来特别的爽，感觉动力就是源源不断，同时底盘采用后五连杆独立悬架，也给人很高级的感觉，就是很稳很扎实的感觉，把路面的震动过滤得很好，同时隔音做得也不错，蛮安静，坐在车内感觉很舒适。说实话，这台车确实给到我很大惊喜，一开始真没想到。总的来说，它的外观、内饰、用料、做工、配置、动力、操控等各方面都表现不错，或者就是价格显得有点点贵，可能很多人一看到它的价格就给吓跑了，但真的试驾体验过这台车，你会觉得贵是有贵的道理。看到有人花30万买这样一台车，你可能就不会觉得惊讶了。,2023-03-27,
汽车葫芦圈,"观点综述：
因为是短期试驾，所以关于这台车的可靠性、耐久性就暂且不表。只说我们能够体验的静态、动态和智能化层面三个维度。
先说静态，和之前VV系列不同，作为咖啡系列的旗舰车型，摩卡DP虽然还是有些相对较运动的车身侧面线条，但是整体设计，包括前脸等细节，实车看着还是更偏稳重大气风格一些的，尤其是配上深色车漆，视觉高级感很足。
内饰则更多是偏向科技风格一些，用料其实很高档，但是整体设计风格让人会更注意屏幕而不是用料，所以其实还有一定进步空间，距离真正的顶级豪华视觉设计，还有一定距离。

动态和智能化方面，都是同级，甚至跨级别的满分好评，DHT-PHEV的动力总成，在大扭矩电机发力直接驱动以及电机对内燃机做扭矩补偿的基础上，任何工况都无比平顺，同时因为是2挡DHT，能更好控制发动机转速，配上魏牌更好的隔音用料，整体NVH比比亚迪唐混动等车型更好，加上悬架也满分好评，是非常有高级感、豪华感的动态表现。
智能化亦是如此，HWA和NOH功能都极为强大，目前业界第一档的水平，比竞品比亚迪、问界等车型的表现强大太多，实际体验与小鹏、蔚来、特斯拉等品牌的自动驾驶辅助感受接近，可靠且好用。",2022-11-17,
喂汽车,"整车在外观上延续了WEY的家族化设计，外观运动感强。内饰做工与材质方面属于同级领先水平。

同时，在配置方面摩卡DHT-PHEV也将车内智能化与网络化发挥到了最大。HUD+液晶仪表+双屏智能车机在布局、响应流畅度、功能支持度多方面也处在目前同级同价车型的头部水平。

在驾驶感受上，特别值得一提的是插电混动版在馈电状态下依旧可以爆发出较为强劲的动力输出！行驶中由于采用DHT两档变速箱，整体各速域区间更平顺，另外，整车舱内NVH控制极佳。

在智能化的辅助驾驶层面上，在搭载了自动变道功能后！即使在没有高精地图覆盖的区域车辆只要达到对应速度区间就可以自主变道！同时基础的车道保持功能，能应对大部分的城市环路场景。",2022-11-17,
有车以后,摩卡DHT-PHEV在我手里开了有半年时间，最大的感受有二： 【续航】一是颠覆了我此前对传统PHEV车型的印象，传统PHEV一个是电池小（纯电续航短），一个是绝大多数车型只有慢充，充电又慢又不方便（慢充桩数量远少于快充桩），因此除非家里有充电桩安装条件，否则PHEV车型买回家基本都只能当油车开着，油耗很高。而摩卡DHT-PHEV，我开的这台零焦虑性能版纯电续航里程都有175km，日常上班一周一充足矣，而且充电很快，停商场吃顿饭的空就充满了，体验可以说是跨时代的提升。 【驾驶感受】二是城市开真的很舒服，本身魏牌就是一个主打舒适和豪华的高端品牌，NVH做的非常不错，如今在纯电的加持下，整体的行驶感就更高级了。无论是低速还是高速行驶，路噪和风噪都隔绝的很不错，底盘也是偏舒适的调校，市区开惬意，长途开轻松。另外摩卡DHT-PHEV几乎装配了长城集团目前最先进的驾驶辅助系统，NOH高速自动领航辅助非常智能，不仅跟车顺滑，还能自动变道，安全又省心。 总的来说，如果你想买一台30万左右的新能源SUV，那么可油可电的摩卡DHT-PHEV是个不错的选择。,2022-10-28,
快开车V,"最满意的地方，新车除了提供慢充之外，还提供了可支持功率最大60kW的直流快充。这样一来，在城市有充电设施条件之下，用车显得更加便利。

最不满意的当然是价格方面了，因为这款车型售价31.50万元，而且厂家还想把它和理想ONE作为竞争对象，要知道理想ONE目前已经月销过万。虽然摩卡DHT-PHEV的增程技术在技术上不吃亏，但在其它定位上就不受消费者青睐，起码要搞个7座SUV车型。

外观方面，摩卡DHT-PHEV和燃油版基本一致，大尺寸中网很有气场，其实设计方面已经是国产品牌的拿手活了。

内饰方面由9.2英寸液晶仪表盘和14.6英寸组合而成，前者构造跟比亚迪一些新车有些相似。即使在太阳底下，屏幕也没有反光。并且显示信息很多，比如油量、电耗、以及动能回收等等。

14.6英寸大屏集成了很多功能，使用起来不像以前魏派车型那么繁琐。整体操作轻松，无论是灵敏度，还是操作流畅度，都符合该品牌旗舰SUV车型的定位。


驾驶感受，本次体验的车型为性能版车型，加速方面推背感很强，而且加速非常干脆利落，驱动响应积极，基本可以当作电动车来驾驶。转向手感很轻，电子味太重，这可能对于一些比较喜欢驾驶的群体来说就没有那么讨喜。

至于悬架方面，用料非常足，比如前后悬架的下支臂和转向节都采用了铸铝材质，所以整体路面颠簸都能够过滤得非常彻底。

乘坐体验给我的感觉是比较舒适的，前后排的座椅都足够宽大和柔软，加上比较大的后排空间以及不错的静谧性，乘坐体验较为舒适。

虽然有了电池的加入，但是后备箱不会被侵占更多的空间。不过，摩卡DHT-PHEV没有配备备胎，而是配备了气泵和补胎液等工具。

购买建议，该款新车刚上市不久，加上价格定价偏高，多等些时间可能会有更可观的市场优惠。两款配置车型各有倚重点，顶配车型的优势在于性能，多了一个电机以及四驱系统。所以对于性能没有太多要求的话，其实智享版已经足够了。",2022-03-08,
车百万520,"【外观】
设计：六边形大嘴 大镀铬  视觉上还是挺上档次的，外观设计这东西，还得您自己品。

【车身尺寸】
长宽高：4875mm、1960mm、1690mm
轴距：2915mm
大小：虽然定位中型SUV，但是相比豪华品牌的中型SUV，比如X3、Q5L这些车型而言，尺寸大了不少。论个头，那是气派了不少，毕竟轴距超过了2米9，又是传统5座的车型，空间自然没的说。

【内饰配置】
设计：外观设计使用了大量的镀铬饰条突显豪华，增加气质，内饰则是用了大量的皮质包裹、高配置突显豪华感，中控台你能摸到能看到的地方基本都是皮质包裹，品质、精致度都没问题，毕竟价格超过30完了，自主品牌花的钱，基本都用在你能看得到的地方。稍显遗憾的，仪表盘个头小了点，中控大屏幕在同价位车型中，尤其是传统车企来说，算得上好了，速度、视觉、顺滑程度，功能都不错，满足使用那是绰绰有余。不过，中控下面的屏幕，因为角度问题，强光下有点看不清楚，可以优化优化。配置，不一一列举了，你能想到的，他都有，肯定比合资或者豪华品牌给的多得多。

【驾驶】
虽然配的1.5T发动机听起来小家子气了点，但试驾的是性能版，搭载了双电机，官方加速4.6秒，这个性能可以说相当霸道了，动力绝对不需要担忧。不碰到变态，基本上可以满办，系统综合最大功率355千瓦，峰值扭矩762牛米。定位上豪华，看起来也比较豪华，开起来一定也得对得起价位才行，不得不说这是一台很适合家用，很适合乘坐的车，城市里开舒服，底盘调校够柔软。",,
咸车,"30万价位想选择一辆家用SUV，且需要一块新能源牌照，摩卡DHT-PHEV会是个最好的选择吗？

【外观】
摩卡DHT-PHEV的前脸使用了六边形的格栅设计，内饰使用了分段式的镀铬设计，两侧的头灯造型设计比较犀利，内部的LED日间行车灯为三段式竖直放置，我们这台车还加5000块钱选装了激光大灯，提升照明区域的同时，整车的颜值也有不小提升。
该车的长宽高为4875/1960/1690mm，轴距为2915mm，定位为中型SUV。我认为这个尺寸的SUV车型，第三排的空间基本也就只能应急用，大五座的布局还是比较合理的。
侧面和尾部的造型中规中矩，不会显得太过激进，但在茫茫车流中也不会是很亮眼的那一个，总体来说拥有一辆家用车该有的，沉稳大气的外观设计。
值得一提的是摩卡DHT-PHEV的快充接口和慢充接口是集成在一块的，平时充电会比较方便。

【内饰】
走进车内，映入眼帘的是这三块大屏，取消了大部分的实体按键，而且仪表盘上方的HUD抬头显示也为全系标配。14.6英寸的中控屏搭载了高通骁龙8155芯片，运行内存达到12G，运行流畅，反馈迅速的同时支持OTA升级，下方的屏幕则是用来控制空调温度，座椅通风加热、按摩等功能。
全系车型均使用了Nappa真皮对内饰进行大面积包覆，除了座椅之外，中控台上、扶手箱、门把手等区域都是Nappa真皮，加上别具一格的水晶挡把，豪华氛围一下子就起来了。
摩卡DHT-PHEV的尺寸和轴距上都要超过丰田汉兰达，而且使用的又是五座的布局，我身高1米75，第二排的腿部空间和头部空间均有两拳左右，坐垫长度较长，对大腿能起到不错的支撑性。
该车还配备了INFINITY的12扬声器音响系统，对于人声的解析还可以，但环绕感和包围感比不上更高级别如哈曼卡顿之类的音响。

【驾乘感受】
摩卡DHT-PHEV搭载由一台1.5T涡轮增压发动机和两台电动机组成的DHT混动系统，零百加速只需4.8秒，39.67kWh的电池组可实现纯电175km的续航，值得一提的是，在纯电模式下，这台车的电动机输出会模拟汽油机的延迟感，动力的介入不会太过突兀，就像大众ID系列的纯电车一样，它的电门调校得更接近一台汽油车。
混动模式下，当发动机介入时，发动机的噪音也被隔绝的很好，在电机的加持下，整个动力总成对于油门踏板的响应很迅速。底盘调校也和这个出色的动力水平很搭配，滤震干脆利落，侧倾的控制也很到位，不会像理想ONE一样软趴趴且小碎震很多。
智能驾驶方面，NOH高速智慧导航辅助驾驶系统实现上下匝道、智能汇入等功能，智能程度不亚于那些新势力纯电车型。

【总结】
经过一周的长测，这台摩卡DHT-PHEV的综合油耗为5.8L/100km，这个油耗对于2.2吨的车来说是比较优秀了，而如果你对动力没什么追求，还可以退一步选择配备单电机且价格更低的0焦虑智享版。",,
车扯,"外观方面，虽然很多人认为摩卡的外观设计缺少一定的新意，但实车看上去的精致感和气势还是非常在线的，包括虽然采用了类似快背的下沉式车顶设计，但是整体的体量感还是很在线的。所以虽然摩卡DHT-PHEV在外观设计上确实没能给人带来太大的惊喜，但作为一台自主品牌高端定位的家用SUV，它在外观设计上的表现还是很容易让人接受的。

内饰方面，摩卡DHT-PHEV也采用了时下流行的简约设计风格，中控台设计层次感很强，又没有过于花哨的装饰，车内大幅减少了实体按键的数量，小巧的全液晶仪表让驾驶者的视野更加开阔，再加上大量触感细腻的皮质包覆，精致感和高级感十分突出。另外，摩卡的车机在UI设计以及使用的流畅度方面也表现很不错，给人的好感很强。

配置方面，摩卡DHT-PHEV 0焦虑智享版在车内配置方面与0焦虑性能版几乎没有什么区别，在30万元这个价位能想到的像主/被动安全配置、驾驶辅助以及360度全景影像、全景天窗、电动尾门、无钥匙进入/启动、无线充电等等的舒适便捷配置都没有缺失，甚至还提供了流媒体后视镜、自动泊车、循迹倒车、遥控泊车等功能，配置水平完全不用担心。

空间方面，对于身高175cm的乘坐者来讲，摩卡DHT-PHEV可以提供超过三拳的腿部空间和一拳左右的头部空间，毕竟是一台中型SUV，后排的空间还是非常宽敞的。同时，摩卡DHT-PHEV的后排座椅十分宽大，坐垫长度足够，填充也较为厚实，靠背还支持两段可调，长度乘坐也十分舒适。另外，摩卡的后备厢装载能力也很不错，由于有电子后视镜的存在，后备厢的纵向空间可以被充分利用，实用性没有问题。

动力方面，我们所试驾的单电机版车型虽然没有双电机版车型那么夸张的性能，但7.4秒的零百加速成绩应对绝大部分驾驶工况都已经足够轻松。而且由于电机无延迟，扭矩爆发快的特点，摩卡DHT-PHEV在超车时能给驾驶者极强的信心。并且虽然采用了两挡DHT混动变速箱，但绝大部分情况下，都很难察觉到所谓的换挡动作，所以摩卡DHT-PHEV算是做到了动力体验以及燃油经济性的兼得。

底盘方面，摩卡DHT-PHEV整体的底盘风格还是偏向舒适取向的，转向轻柔线性，虽然没有多么精准的指向性和信息回馈，但胜在好开跟手。悬挂初段较软，但滤震动作较为干脆利落，对车身姿态的控制也比较到位，不会有明显的多余晃动，哪怕在山路以及破损道路驾驶，也能给人不错的信心。同时，摩卡DHT-PHEV悬挂的中后段支撑性也还不错，过弯时的侧倾不会过于夸张，可以应对较为综合的用车场景。",2022-07-20,
欢乐喜欢呦,"摩卡PHEV用车感受分享
   
【购车经历】
购车的过程非常的简单，因为朋友在长城上班，他说这款车子是新车型，而且有很多折扣，考虑到现在新能源车比较火，而且在节能方面确实做得很好，再加上没有购置税之类的，于是就心动了，看完这款车子以后觉得外观还有动力都是我想要的，所以就拿下了。
【驾驶感受】

整体的驾驶感受还是非常直接的，尤其是起步提速的时候特别的干脆利落，在市区驾驶的时候可以说是绰绰有余，当然最让我心动的还有这款车子的操控灵活性，在掉头和转弯的时候简直是小菜一碟，因为车子的转弯半径不大，而且方向盘极其的轻便，所以在操控感受上面可以算得上是锦上添花。
【动力表现】

车子的动力表现也是给我惊喜，很多的，尤其是在市区跑的时候，让我觉得非常的出色只要轻轻一点店门那么速度立马就来了这样的反应速度真的是给了我太多的惊喜当然在加速的过程当中也。
【最不满意】

车无完车这款车子也是有一些需要吐槽的地方，刚刚买回来不久的时候，车内会有一些皮革的味道，问了很多朋友，他们说这种现象也很常见，所以就忍了，当然经过积极的处理以后，现在基本上没有这个问题了。
总体来说这款车子的性价比还是非常优秀的，因为车子的价位不高，而且在操控性能方面也是非常稳定的，开了这么长时间以后，车子也没有出现什么小的毛病，而且在配置方面给了我非常多前卫的体验，让我对这款车子的印象非常的不错。",2022-05-28,
知料汽车,"魏牌摩卡DHT-PHEV是一款非常争议的车型，一方面它是品牌的旗舰SUV，为了达到足够高端的性能水平，没有推出DHT版本，直接就是DHT-PHEV，然后把魏牌乃至长城现在具备的所有先进配置功能全装上了；另一方面，它一上市就收到很多质疑的声音，售价达到30万级别，和之前魏牌的车型拉开很大一块距离。这款车我是真正驾驶过，在上市前就去到厂家的测试场开了一天，来说说感受。

外观就不多说了，和之前的摩卡差别不大，甚至很难发现这是DHT还加上了插电混动，可能会突然发现这个车怎么两边都有油箱盖？那就是了，恭喜你发现了一台罕见的摩卡DHT-PHEV。当然了，这台车是可以上绿牌的，然后尾标上也加入蓝色的PHEV字样。

内饰无论是从材质还是功能，都是魏牌目前能给到的最高水平，摩卡车系本身也是科技智能配置作为主要卖点，长城这套车机系统，UI逻辑比较清楚，语音识别率很高，自动泊车和高速公路自动领航辅助实测很可靠，这些功能，都达到了和新势力车企的产品不相上下的水平。

【驾驶感受】动力和操控是这款车型我最满意的地方，因为本身也是新能源车用户，所以我对于摩卡DHT-PHEV的加速性能有一定心理准备，实际体验来看，虽然动力被推到了零百4.8秒这样的高度，但是开起来还是会有很稳健的感觉，我想这也就是很多人所说的行驶质感吧。在高性能下的稳定是很难做到的，说实话，蔚来ET7在全力加速的时候都能感觉到明显的扭矩转向抖动，所以摩卡能给到这样的感觉我觉得很惊喜。

摩卡DHT-PHEV的另一个卖点就是它的纯电长续航能力，这其实也是它售价较高的一个因素，毕竟大电池的成本不容忽视， 厂家努力在打造“零焦虑”的概念，一辆车提供了两种动力形式的全部优点很诱人，如果预算够其实是超值的。预算不够，购买环节就会遭遇极大的焦虑。

【乘坐体验】空间和舒适性没有太大的悬念，这个车身尺寸做5座SUV，后排座椅有非常大的发挥空间，功能配置和材质也都像豪华品牌看齐，根据实际的体验，我觉得至少和合资品牌最高档次的产品没有什么差别，但是如果非要说是豪华品牌，可能还需要多一些创新思维，毕竟现在已经不是“真皮实木金属就叫豪华”的年代了。",2022-04-25,
路客汽车LA,"长城魏派这个品牌近年来一直取得很不错的成绩，像VV5、VV7等的销量都有目共睹，而坦克300更是在还未上市之前，就被抢购一空，火爆程度可想而知。近期，魏派的咖啡系列车型又出新款了，那就是wey摩卡的PHEV版本。

【外观延续家族基因 运动有型】wey摩卡DHT-PHEV延续燃油版的柠檬平台打造。整体外观设计和燃油版别无二致。大嘴式多边形进气格栅内部采用细密的点阵布局，镀铬造型和品牌logo有异曲同工之妙，给人一种很有气势的感觉。主动闭合的功能不仅很有科技感，还能为发动机带来更好的散热。分体式大灯组狭长而又犀利，内部增加了蓝色饰板，增添了“新能源”的味道。进气口采用横幅式设计，给人一种青面獠牙的凶狠感觉。不过底部的银色防护板倒是增添不少温和精致的气质。

车身尺寸和燃油版保持一致，长宽高分别为4875/1960/1690mm，轴距为2915mm。加入了多条腰线的设计，增加了车侧灵动性，而高腰线的搭配，增添了高大挺拔之姿。隐藏式车门把手的设计，提升不少科技气息。20英寸的轮胎对于一台中型SUV来说，算是很运动的配置了。后翼子板处的充电处配备两个接口，支持慢充和快充两个模式，这在插混版车型中几乎很少见到，好评哦。还配备了无钥匙启动系统、无钥匙进入功能以及远程启动功能等让车主相当有面子。

车尾的整体设计十分厚重有层次感，不过倒是和车头做了一个很好的呼应。分体式尾灯组造型独特，夜间的点亮效果也很不错。银色的后包围防护板造型呼应车头，也为车尾增添了一丝战斗气息。尽管排气布局采用隐藏式设计，不够运动，不过鉴于是插混版的新能源车型，这个设计倒也无可厚非。整体的外观设计十分经典耐看。后备箱配备了电动开启、感应功能以及后备箱的位置记忆，营造了满满的仪式感。

【内饰设计繁而不乱 科技感浓厚】整体内饰设计元素繁多又很有秩序，有种多而不杂的精致感觉。大量了镀铬装饰提升了车内的精致气息。中控台采用真皮材质包裹，摸起来手感细腻柔软，平直的线条设计，搭配深浅的双色拼接，彰显十足的层次感。双幅式多功能方向盘上装饰了很多镀铬饰条，很是精致。支持上下+左右的调节，满足不同体型的驾驶者。9.2英寸的全液晶仪表盘显示的信息非常丰富，各类车辆的油量、电量以及动能回收状态和转速都很直观清晰。值得表扬的是配备了AR-HUD增强现实抬头显示功能，提高驾驶的安全性。

14.6英寸的悬浮式液晶中控屏内置高通8155座舱芯片，支持AI智能面部识别、语音识别系统等功能，通过语音交互可实现多媒体控制、实时导航、拨打电话、开启空调以及开启天窗等多种功能的操作。更个性有趣的是，中央扶手区的空调控制按钮也采用一个独立的9英寸的触摸屏控制显示，十分方便操作、又很大程度的提升了科技气息。中央扶手采用斜面设计，符合日常的操作便捷性和习惯。小巧精致的换杠杆相信是很多女性驾驶员的最爱。安全配置方面则有胎压显示、安全带未系提醒、并线辅助、车道偏离预警、车道辅助保持、主动刹车以及疲劳驾驶等。

【乘坐体验感受】座椅采用真皮材质包裹，内里的填充物柔软，座椅的支撑性也很良好，乘坐舒适细腻，又不失支撑性。前排座椅支持各种角度的电动调节，还带有座椅的通风、加热功能，冬暖夏凉的舒适感得到保证，配备的按摩功能，让享受又提高了一个档次有没有？后排座椅带有中央扶手和杯架，而且中间的全平地台满足了后排三人满载的情况下一样舒适享受。个人身高175cm，乘坐后排头部空间大概4指左右，腿部距离接近2拳，这个空间能营造相当舒适的坐姿。加上全景天窗的配备，保证车内充足的光线和空气的流通。12个Infinity燕飞利仕的音响设置，保证了车内惬意的视听效果。

【驾驶感受】动力搭载1.5T涡轮增压的四缸发动机+永磁同步的电动机组成的插混系统，这套柠檬混动系统是长城历时3年自主研发。综合最大可输出291kW，峰值扭矩高达570N·m，这个参数在同级别的插混系统车型里可以说无可比拟。驾驶起来，“轻快、惬意”是最大的感受。起步时，无论是发动机还是电动机的响应速度都很快。城市道路下行驶，动力输出相对线性平稳。匹配2挡混合动力专用变速箱，升降当时十分迅速，没有任何的延迟。方向盘的调校也很轻柔，转弯时几乎感受不到虚位，相当精准。室内短途通勤纯电模式即可够用，兼顾燃油的经济性。

前麦弗逊式、后多连杆式的四轮独立悬架加上整体底盘的舒适调校，对于很多路面的坑洼颠簸都能很彻底的隔绝，营造舒适享受的乘坐感受。另外，车内的隔音效果是一大亮点，对各种噪音抑制都很均衡，保证车内的静谧性，十分适合接送孩子以及日常出行等家用。

【总结】这款wey摩卡DHT-PHEV外观设计特立独行、内饰造型繁而不杂、动力系统也很出色，还有快充这个大亮点。对于30万左右的插混版车型来说，实在是一个很不错的备选车型。",2022-05-04,
言車社,"好看的皮囊千篇一律，有趣的灵魂万里挑一，在这三观跟着颜值走的时代，没有点小特色都不好意思称自己是时尚达人。魏牌摩卡DHT-PHEV将燃油车型的外观完美“Ctrl+C”，采用祖传的六边形点阵式格栅，并利用镀铬装饰，强化前脸的精致感。全新的矩阵大灯采用对称内部结构，堪称强迫症患者的福音。

侧身则是个人认为欣赏整车的最佳角度，溜背式车顶、多线设计的门板、隐藏式门把手、俏皮的扰流板以及熏黑处理的轮毂，让整车带有年轻人的朝气蓬勃。

与设计丰满的侧身相比，尾部部分略显平淡。

外观设计属于新纪元背景下的稳定操作，尤其是对线条的把控可谓是得心应手，很懂得如何讨好年轻群体的眼球。

14.6英寸的大尺寸中控屏将人们的视野牢牢霸占。当然，全液晶仪表盘、电子挡把、可触空调面板等黄金搭配也是必不可少的。与车体鲜艳的配色不同

作为魏牌主打的当家花旦，各种黑科技资源肯定不会过分吝惜。由5个毫米波雷达、12个超声波雷达、1个感知摄像头和4个环视摄像头组成的防御体系，为包括NOH智慧领航辅助驾驶在内的多项智能辅助驾驶系统提供“物理BUFF”加持。可实现融合泊车、遥控泊车、循迹倒车、透明底盘等新颖功能，算得上同级别车型的T1行列。

摩卡DHT-PHEV搭载柠檬智能DHT系统，由一台1.5T涡轮增压发动机和电动机组成。其中，发动机最大功率为115千瓦，前桥电动机最大功率为130千瓦，四驱版车型所增加的后桥电机最大功率为135千瓦。

当然，对于新能源车型来说，续航能力才是最大的看点。摩卡DHT-PHEV的两驱车型纯电续航可达204km，综合续航1000余公里，百公里馈电油耗 5.55L。四驱版车型的纯电续航里程为175公里，百公里馈电油耗 6.3L。相信很多饱受续航焦虑困扰的朋友，看到这里都会不禁流下羡慕的泪水。

总体而言，摩卡DHT-PHEV的综合产品能力较为优秀。尤其是动力方面，不仅根据用户的需求分别推出经济适用的两驱车型和高性能版本的四驱版车型，满足用户各种生活场景。还赋予其1000余公里的超强续航能力，将动力性价比拉到了MAX值。",2022-08-21,
zin2013,稳健的驾驶感，大车感不重！动力切换没有明显的顿挫，油门调教的很好入手，没有特别不适的感觉。方向不算犀利，但也比较精准。 内饰，简单明了大气。做工用料看起来很好，摸起来手感也不错。空间也足够大。后备箱看起来不大，好在放到后是平的。大家有没有注意，后排座椅靠背两侧，配有专门的软垫，用心了啊!驾驶感我认为它就是个一般车，不要有太高的期望，尤其是背负了那么大的电池。没有m5好开，但你要说他哪里难开?我也真没感觉到!整体来说，一个词稳健，不同于M5的灵动!我觉得是底盘材质打了底盘结构的脸。 还有就是懂车帝当时的测试说强制hev后不能切回EV，我在这里也试了。实验证明，在任何模式下有太强的动力需求，都会强制进入混动模式。但并不是不可以行驶中切换为纯电，可以直接切换为纯电，无论是行驶中还是怠速停车时。测试时，电量应该还剩有40%左右。,2022-04-09,
发财山楂9f7,"【驾驶感受】
加速快，底盘硬，开到颠簸的地方有点异响。


【续航】
综合续航900左右，电续航175


【乘坐体验】
后座腿部有点短


【油耗】
耗油每公里2.3L，很省油，基本公司两个月才加一次油。


【保养】
保养目前没有花什么钱。

【动力表现】
加速很快，动力满满。

【提车价格】
原车31二手车21万。🙃",2024-03-09,成都
websunshine,"感谢长城花1000万请水军来删帖和请水军，把车主定义为车黑


【最不满意】
我老带新的活动购物卡未下发，提车抽到1000油卡未下发，联系厂家客服多次，一个月了，未得到回复，一个不关注消费者体验的品牌，反正车提了，后续服务很垃圾。

小问题不断：座椅迎宾失效，离车锁车失败，我不知道这些功能需要多少的技术含量，这么难实现
行车记录仪不够清晰，晚上的时候前车车牌号都看不清，停车监控没有，车被蹭了也找不到人
抬头显示经常出现让我左转又禁止左转，让直行又禁止直行，跑了两次高速，高速限速120，抬头显示限速100或者80，提了建议如果显示不准确，就不要显示，未改进。

车辆品控垃圾，制造瑕疵，现在还在理赔，一个多月了，刚得到回复说是正常的。

迎宾座椅失效，离车锁车失效，多次遇到去开车的时候发现车竟然未锁。

充电系统也很拉胯，不知道其他新能源的车主们，你们充电是不是经常充电充不起。

现在摩卡p的车主应该很多都是被拉了黑名单了，官方的app发帖子会被删帖子，现在也请了水军，真实的帖子发出来就会被围攻，这钱花的真值呀。
再说到4月13号上新蓝山，蓝山车价比摩卡还低，由于厂家的置换政策导致摩卡p二手价格从原本24/25的价格，直接到4S报价14-17万，多位车主反馈厂家，厂家压根不回复，领导看不见这一群韭菜。

第一次发现有车企能做到几十万的车主，确没有多少车主还愿意推荐购买该品牌，甚至在劝退周边朋友不要选购还企业的车辆，目光短浅，水能载舟亦能覆舟，感觉手机大战的场景历历在目，愿意跳坑的人谁也劝不住，没办法。

水军们，来围攻我吧，去长城去领取1000万吧，有本事你也认证好了来喷我。",2023-04-27,重庆
鹤三少1978,车外观，内饰不错，动力很好，亏电油耗比官方最少高2个油，悬挂一般，滤振非常差！发动机高速声音大，100以上噪音吵的脑壳疼！最恶心自适应巡航弯道自动减速(从120直接降到60左右)非常危险！车辆noh限速和车机导航限速不匹配，最少晚了2年。最不理解noh自动变道超车变道后不是加速超过，而是按照限速行驶，会形成和被超车并排行驶，或者超车失败！最搞笑：当你打电话厂家或者在魏app上反馈问题，厂家永远压回4s店售后处理，售后态度友好，热情，也很负责，但没法解决，如果你继续厂家反馈，可能造成售后服务人员被责难，甚至扣工资，弄的本来是维护自己权益，最后伤害了无辜，还显得斤斤计较，哎，一句话：国产，支持您真的不容易！,2022-10-28,
开心PQ956,"家里有一辆唐 最近提了摩卡选装激光大灯和电悬， 总结：摩卡驾驶感受真比唐好 ，而且辅助驾驶一个天上一个地上。由于我两地通勤，每周一到两趟往返青岛威海，来回一趟就是600公里，辅助驾驶确实很重要，摩卡高速省点油 不过两车油耗一年也差不了多少钱。

具体对比（个人比较在意的点）：
唐性价比高 ，动力性能是真不错；脱困能力特别强，滑轮组单轮脱困没问题；6座版座椅按摩加热通风（4座）；充放电功率更高（充80kw，放6.6kw   摩卡是充60kw，放3.3kw）；升级了自动上下电功能（解锁自动上电，不用再点启动按钮，反之锁车自动下电），很方便；app“千里眼”可以远程看车内外监控（摩卡不支持）；比较差的就是辅助驾驶；4s售前售后也都很难接受；金融（手续费）、提车（上牌费）政策各种套路。

摩卡驾驶体验好 ，辅助功能特别好，循迹倒车（适合媳妇），自动泊车（反应快 识别高， 唐动不动就退出了），noh太方便了，市区的lcc也很稳定 不会左右画龙，ar hud真不错 （我初代博瑞就喜欢用hud），蓝牙钥匙（唐有nfc 不过苹果用不了），终身免基础保养，三电 发动机 变速箱终身不限公里质保（唐限制每年公里数） ，可能因为销量太低  订车两个周多就到了（选装的 不是库存车 ，10月19下定，11.5到了，铭牌10月生产，不过玻璃是3月出厂的），在app能看到车辆从下单到组装检查运输轨迹全流程；厂家和终端优惠真不错下；可以深度试驾（签个协议 直接把试驾车开走两三天）；真的免息贷款，没利息没手续费，销售带着去检车上牌也没额外上牌费（交管收180），我着急回公司开会，上午办完手续就走了，下午销售去交管领了号牌给装上。
缺点：后排座椅连个加热都没有，方向盘不带电动调节（电动配合座椅记忆很方便），后备箱这溜背不仅外面看不好看 里面空间还小；车机没有应用市场，装不了微信、网易云音乐、优酷（只有QQ音乐 爱奇艺）；高德导航版本旧不能更新；开车不会自动播放音乐，每次得手动开；车机调不了副驾座椅，也没有老板按键；8155了，车机还是有点卡；网上只找到一个滑轮组测评视频，交叉能过，单轮过不了；
感觉缺点除了最后一个四驱性能以外，都不是很难解决的问题，不清楚厂家为什么不解决优化，尤其是车机。",2022-11-08,威海
玩车教授,"用上了DHT-PHEV动力总成，该车型价格上涨幅度相对较大，但也只能怪“燃油版本过于便宜”。在这个 30万级插混中型SUV中，它价格属于主流水平，甚至还有点便宜。以2022款 1.5T 0焦虑智享版为例，它有着足足204km的WLTC纯电续航，比起更高价位的理想L7更高，这纯电续航在同级中非常突出，所以更能当成一辆“纯电动”SUV使用。并且该版本7.4秒的性能也并不差，更重要有着5.55L/百公里的最低荷电油耗，纯油状态下油耗表现也挺出色。

另外这是一辆体态并不小的中型SUV，轴距达到了2915mm，已经相当于中大型SUV的水平，只是全系5座一定程度地限制了用户群体，但也带来了更大的后排空间以及后备厢容积。智能化配置也处于同级第一阵营水平，带有AR-HUD、L2级驾驶辅助、循迹倒车、遥控泊车等功能，还有诸如前排座椅加热/通风/按摩等功能，以该价格车型而言，可谓30万级大5座SUV的优选。",2022-10-27,
极速车坛,有很多人看到魏牌摩卡DHT-PHEV这台车，都会有一个疑问，30万的价格买这台车是为了啥？我一开始也同样有这样的疑问，直到我真的深度试驾了这台车之后，才明白为啥有人愿意掏30万去买它。外观就见仁见智，个花入各眼，个人觉得外观还是蛮厚重的，看起来不会很惊艳，但属于比较耐看的类型，感觉还蛮大气的。深度试驾体验这台车之后，让我感受最深的是这台车动力真的很强，油门踩下去动力来得很快很迅猛，有种深不见底的感觉，不知道一下子踩到底这台车会是啥反应，同时这台车的底盘质感真的让我有点惊喜，很高级的感觉，把震动过滤的很好，坐在车上感觉很舒服，同时隔音也很好，很安静，可以说静谧性方面这台车是下了真功夫的。车内的用料质感也是值得一赞，Nappa真皮座椅带通风加热按摩功能，坐起来真的很舒服。车内科技感的营造也是不错的，一共有5个屏，可以实现5屏联动，清晰度很高功能很全的抬头显示，用起来很方便。这台摩卡是插电混动，可以上绿牌，也非常省油，满电满油可以跑超过1千公里，开起来就是纯电车的感觉，又没有纯电车的里程焦虑。真的试驾体验过之后，我终于有点明白了，为啥有人花30万去买它了，如果你也和我一样有那样的疑惑，不妨你也真实体验一下这台车，深度试驾体验之后，看看你会不会也和我一样，有着同样的体会和感受。,2023-06-08,
引商刻羽888,"比亚迪秦plus混动车用了7年，对其能耗及性能比较满意，不是很满意的是其纯电模式仅可续航70km,随着电池老化充满电也只能跑30km左右了，于是果断决定换车，目标是油电混动SUV车型，要求是纯电模式至少可续航200km以上，按照自己意愿筛选出来就2款车：魏派摩卡DHTphev和比亚迪唐DMI（理想one增程式的，不考虑），先去试驾了摩卡DHTphev ，当即就比较满意其配置、性能及装饰，之后再去试驾了唐DMI，果断决定选择摩卡DHT phev，当即到4S店下订单要现车，3天就提到车了。
      到现在发文为止刚好纯电模式跑了200km，标准模式下动力足够，行车时车内较静谧无其他澡音，空调强动，车内无像其新车一样有油漆、甲醛等装饰异味
   因在疫情期间，不便到处跑，新车也仅限于在单位～家之间跑，故没有更多的用车感受分享给大家，值得提一下的是，之前因担心这款中型SUV纯电模式爬歌乐山三百梯吃力，打算买四驱性能版，后在销售的建议下，选择了纯电可跑204km的两驱尊享版，跑了几次歌乐山三百梯、金刚坡，感觉这车用纯电模式爬山动力足够用了，挺轻松的。
    待到疫情之后，可以到处走走了，再给大家分享高速纯电电耗、高速亏电油耗等情况。",2022-08-28,重庆
老道又看佛书啦,"22年11月16号交钱，买车时候有津乐购政府补贴，我这个车补贴5000，先到先得，排队交钱时候补贴金额还有几百万，交完钱等着开发票，上传发票就能拿到补贴，然后几分钟内几百万没有了
痛失5000块钱
18号提车，拿的临时牌照，车是3月生产的
然后外检，贴膜
车展期间买的车有个地方区政府补贴2000块钱优惠券，车展补贴3000块钱加油卡，增购补贴10000，4s店优惠券6000，综合下来便宜的还挺多的


驾驶感受挺不错的，稳当，动力随踩随有
车机有点弱智，和他说话总听不懂
这个车的辅助驾驶功能，需要在apo特别隐蔽的一个地方看视频教学，完成考试才能使用，完成之后才可以用ai实验室的车道级导航，很好用",2022-12-03,天津
k3k3ss,"我的第一台车是长城炫丽，虽然便宜，但也算陪走走过了人生中起步的阶段，跑过广州，上火神龙架，也没出什么大问题。第二台车是k5，陪伴了我快8年，置换的时候也难免有些不舍，当时选择它的主要原因是空间，外观。随着新能源车的盛行，也萌生了换车的念头，一次很偶然的机会让我看到了摩卡。没有做太多的对比，我的国产情结让我义无反顾的选择了摩卡p，甘愿当小白鼠，和长城共同成长。
       我是一个爱车的人，提车后第一时间送去贴车衣+威固全车膜，这第二个老婆可要好生伺候。
       提车后尽管只开了20多公里，但是感觉不错，符合预期，优点有很多：静谧性上层，内饰用料装配过硬，车机大屏反应灵敏，避震加了电控感觉很稳，有高档车的驾乘感受，因为驾驶时间太短，很多车机功能没有完全试用到，等有时间再发帖和大家分享。",2022-04-23,武汉
ahminne,"前言：作为长城长期投资者买的长城第一辆车，本人开车少，但摩卡新能源让我有了每天开车的期待。摩卡最大的优点是科技感和驾驶品质，绝对能和最好的新能源车型比拼且领先。最大的担忧是新能源车型不成熟的问题，DHT和三电系统的安全性和稳定性有待大量实车验证。希望我不是小白鼠：）

一些优化建议：

1.高速NOH催促高德地图今早开通成渝地区。
2.娱乐系统增加哔哩哔哩，网易云音乐，蜻蜓等应用，最好是能适配所有主流常用的APP。
3.增加对carplay和carlife的支持，我华为手机希望能支持华为。
4.建议增加nfc钥匙的功能。
5.优化丰富Wey应用车主页面功能和体验，想互联网卖车新势力学习，不仅要东西好，还要培育用户粘性。
6.希望OTA升级加速迭代优化。",2022-04-25,重庆
用户1773008350382,买车之前试驾了一下车辆，感觉座椅很软很舒服，比自己看的豪华品牌的车感觉也不差，而且整体的科技感非常不错，尤其喜欢的是抬头显示，视觉效果非常不错立体感很强。 同时呢我有好多年没有开车了，现在一开这个车360影像特别清楚，比我试的某品牌的要好很多，再加上有前后雷达对于我的使用来说是非常实用的。 定车是3月份定的，非常喜欢电控悬架，主要是价格也不太贵，但是销售说因为缺少芯片配件供应不足没有电控悬架可以选，只能选普通的就没有选择电控悬架，算是一个遗憾，开了几天，感觉原车悬挂也还可以的。 整个的驾驶过程中唯一不满意的就是车太大了，停车倒车的时候不方便，需要多打几把方向盘才能停好，其他的都还可以 对于价格心里边感觉还可以，不用来回比价了，只有一个2000抵8000元的活动，之前没定，错过了2000抵1万相当于少优惠的2000，这个也挺可惜的。 订车后20多天才提到车，现在开着整体算下来也还可以的后期再看看试试吧，重点关注一下油耗怎么样，充电能跑的续航怎么样 我觉得好多车友也是关注这个问题的，欢迎讨论,2022-04-26,石家庄
热心小郑969,1月14号听到预售价格还觉得挺贵的，但还是15号交了订金，后来做了功课（跑了不少品牌试驾了不少车）对比了解了同级别同配置的车后发现价格没那么难以接受，等到3月初上市立马试驾，哦了马上确定了定车。总的来说是款好车，外观挺大气大灯和大嘴都挺个性辨识度高，车三围尺寸也大，不过溜背不是太喜欢（仁者见仁）内饰是最吸引人的真皮沙发般座椅舒适度十足，做工精致配置拉满，悬挂舒适隔音效果很好完全不输四五十万合资车，因为是电车开起来也丝滑顺畅，最满意的是不虚标的纯电续航，完全可以当电车来开。目前开了半个多月慢慢熟悉了车的各种操作和驾驶特性，平时默认混动模式下其实是纯电输出安静平顺油门的响应也很及时，深踩时自动切换混动模式发动机介入，大部分场景都是纯电开满电的话可以跑到超过官方204公里，也试了亏电状态下纯油行驶5L左右的油耗，真的做到了省心省钱0焦虑。希望长期使用能一如既往表现优秀，不辜负咱们首批车主的信任！,2022-04-22,襄阳
用户9131494690441,动力非常好，科技感非常强和之前的天籁相比，舒适度差不多。因为之前是油车，那肯定驾驶感觉不一样，现在的摩卡DHT-PHEV特别的安静，在这里，必须夸一下隔音，真的很安静。但唯一一点就是后排没有双层隔音，应该前后排都有。并且现在的车开起来，提速很快。前玻璃视野更开阔了，还有抬头显示屏，还配备导航信息以及NOH，车辆外部监控。很有科技感，这车好虽好，但是确实知名度不高，希望营销方面加强，而且燃油版和混动版长的太类似了，辨别不清，应该要有点区别的；两驱和四驱之间，除了轮毂，其余地方看不出差异，应该在后尾标体现出来；车标长的像林肯，有很多人来问；车钥匙太丑，像遥控器。而且目前为止，买不到合适的脚垫，疫情缘故，只能买到燃油版，但不配套，差点尺寸，可以买到全包围的，但把迎宾灯覆盖上了。,2022-04-28,天津
世界江山多娇,"家用值得入手、大五座、动力强劲、操控不错、续航足够用。选了激光大灯和电磁悬架、夜路长途、高速建议必选！多亮一点、安全性多一点！悬架值得选、不后悔、没选会后悔！
【最不满意】
不能互联手机！空调操作界面有很大改进空间！空调操作屏幕主要问题是天窗开启反光、以及其他光线造成的反光！
【购车经历】
坎坷加顺利
【驾驶感受】
开着不错、操控、静音都可以！

【油耗】
我开出的和官方一样、正常开没虚标！
【续航】
目前总里程1300km、还没有跑长途、提车加的油目前还有15L。

新车加油348元 46L 、35度电！
第一次充电 34.度 
第二次充电 32.度 
第三次充电31.58度
第四次充电10度
第5次充电33度
总里程1300km
剩余续航油14L 电续航20km
1300km、合计约消耗38到41L的燃油！175度的电！
.提车10天、每天大概跑100多km吧。

【乘坐体验】
对得起这个价、超越同价合资一到两个档次价格！越级对比50W左右的合资。30万价格自主品牌估计无对手（销量和产品力有时候确实不成正比）

【空间表现】
五座SUV里的佼佼者！

小结：目前总里程1300km、目前感受这些！
后续：继续跟进分享！",2023-01-09,嘉兴
用户5319981977413,"【最不满意】
1.自带导航不好用，明明可以配合ARhud做出很直观方便的导航，但是实际体验下来很一般，哪个车道都没法直观显示出来，还不如手机高德导航方便。
2.主动降噪更新完聊胜于无。这些归根结底都可以通过车机更新来解决吧，但是ota更新又贼慢。
3.还有一点，蓝山蓝的车漆怎么这么容易脏，而且洗车的时候很容易有细微的划痕呢？？
4.自带的行车记录仪是真的av画质，而且内存8g, 怎么想的？
【购车经历】
从看车到买车不到半个月，说实话之前压根没听说也没听过这车，偶然发现这车配置不错，价格合适，期间看过比亚迪唐和护；卫舰07，但是现在比亚迪定价属实是没性价比，索性直接定了摩卡，只能说，降价的摩卡几乎无敌！
【提车价格】
裸车24，库存车，价格很满意。可惜啥赠品都没有。
【驾驶感受】
这个我觉得每个人的偏爱驾驶风格都不一样，对我来说还是比较满意的。

【续航】
这个必须点赞，纯电续航很扎实，现在杭州平均温度十几度左右，目前达成率几乎100%。
【最满意】
因为自己是一个性价比主义者，所以当时选择了他就说明在我认知里面，摩卡就是这个价格范围里面综合素质最好的，配置拉满，实际也能感受到魏派旗舰的产品力。真心希望长城可以抓紧扭转颓势，让魏派产品发展壮大。",2023-03-22,杭州
为梦想的远方,"优惠7万，真香，好车！
看车，这是我名下第三辆车，第二辆新能源。我开过的第一辆车是公车桑塔纳2000，第二辆公车哈佛h5，第三辆公车雪佛兰开拓者，第四公车辆帕萨特，各两年左右，后来因为八项规定，公车不再开了。
         我喜欢车，喜欢出去兜风，我买车一般会考虑传统车企自主品牌，近些年，自主品牌有了长足的进步，价格合理，质量稳定，特别是新能源领域，大有弯道超车的势头。摩卡插混的体验很棒，开始来比宝马奔驰路虎都不次，真为自主品牌的进步感到骄傲。今后我要开着摩卡远行，把心得写出来，为自主品牌摇旗呐喊，加油助威，做义务宣传员。 
         现在车还在磨合期，以后会陆续写一写心得体会，与大家分享。",2023-03-28,石家庄
JIN-MQ,"【最不满意】
车机的可玩性还不高，没有第三方app下载。有点浪费8155的芯片了
【购车经历】
第一代vv7车主，17年买的vv7s到现在快五年了。车很好就是纯市区油耗有点高，毕竟车重在那摆着。就想着换个插混的车。看了唐，问界m5，理想one。最终还是选择了摩卡phev

【驾驶感受】
换代vv7车型还是进步很大的，隔音效果真的强。舒适性很高，非常适合家用。内饰高级感，做工精细。长城的品控还是一流的，对比唐的内饰真的高了一个档次。
【油耗】
目前就提车回来开了一百多公里，提车的时候没电了就开了保电50开的。油耗6个，还充了20公里的纯电续航，很满意
【动力表现】
很平顺，动力随踩随有。没有顿挫。
【乘坐体验】
后排很宽敞，座椅舒适性也很好，还有遮阳帘。",2022-06-15,温州
粒粒皆辛ku,东北的冬天里程数衰减太厉害！ 冬天油耗高市区开起来大概13-15左右，动力没有什么衰减，但是这电池的续航里程就亏得太多。 我们这里最低气温零下30度。充满电展示续航175公里到自动启动发动机30公里续航，空调温度自动23度，实际续航里程也就只有55公里左右。 但是听说电车在这里都是痿。最多就是充电勤一点。 开起来动力很好！真的很好！开了几个月真的感觉路上没有什么对手！如此大的车能开的这么快，关键还刹得住～真的是太爱了。 内饰也很舒适！静音效果好！原配的马牌轮胎也挺不错的虽然我不懂轮胎。但是马牌听说过。 如果家里原来是一款紧凑型suv建议换车首选这个。车的内部空间很大。开着手感好！关键的关键他安全！！销售跟我介绍A柱强度是2000兆帕。比亚迪的唐我也看过了。内饰太通俗没有中级车应有的沉稳感！买车还要排队。。听说比亚迪变速箱齿轮问题严重。 对比其他紧凑型车我只能说一分价钱一分货。关键的时候保命，不是几万块钱能换回来的！提升驾驶档次的首选！ 别的没毛病！,2023-03-06,长春
freaker23,"【驾驶感受】
动力平顺、强劲。发动机介入能感觉到发动机启动的震动和声音(非常轻微,如果是高速行驶发动机可能都感觉不到),但是动力衔接的非常好，动力输出上完全感觉不到发动机的介入。

【乘坐体验】
底盘滤震很好，隔音很棒，音响效果很棒。
后排空间很大，本人177后拍腿部支撑略有不足，但空间很大，可看图。
选装了电控，感觉对舒适型和驾驶感受没啥提升。

【购车经历】
具体可看我发的帖子，从油车看到新能源，新能源一圈对比下来，最终选择摩卡。可上绿牌、动力平顺、 性能强劲、无里程焦虑、空间大、安静、舒适、豪华。

Wey对4s的要求很高，服务体验非常好，硬件比肩bba ，态度比肩新势力。

【最不满意】
副驾不能高低调节、
后排不是独立空调、
后排不是双层玻璃、
后排没有通风加热、
轮毂样式选择太少。
如果是为了削减成本，搞成选装也好啊。
还有就是钥匙太丑了。",2022-04-30,杭州
用户4631607241255,整体开着还可以，到现在开了一千多公里了，平均一周充一次吧，前几天安上送的充电桩了还是智能桩，支持预约充电，挺不错的。配置那真的没得说，而且摩卡的NOH功能也已经激活了。开着确实不错，唯一不足的可能就是发动机吧，如果没电了发动机声比较大，但是油耗确实可以6L左右，这点儿确实是有点儿意外。还有就是动力电池最低我开到2%了，感觉车明显没劲了，发动机嗷嗷的。这样做可能是为了续航，但是建议厂家在动力电池在低于15%左右增加一个选项是混动还是继续纯电，这样车主也可以根据自己情况进行选择。,2022-04-26,保定
woody鲸鱼,选了电悬，切换舒适模式和运动模式区别很明显，各有特色，像开两台车。目前行驶六千多公里，各方面都很满意，noh高速省力神器。加速爽，市内用车就是充电成本，高速用油也很省，满油满电回老家一个来回800公里没问题。至于别人觉得车机不行，我感觉还是够用的。其他方面就是中控和车门处有点异响。高速上下匝道的时候还是自己来吧，noh这方面差一点。 【驾驶感受】 从油车切换到这个车可以说无缝切换，没有任何不适感，转弯半径比之前vv5还小，操控方便。 【动力表现】 不到5秒破百的动力，太爽了。 【续航】 目前气温20左右，不开空调，纯电续航达成率100%,2022-10-27,青岛
Miniobear,"【购车经历】
去年12月开始关注摩卡，试驾油摩卡后深深被摩卡的外观，内饰和智驾功能吸引。根据日常工作和生活需求，感觉DHT- pHEV更适合，一月预售开启果断预定。


【驾驶感受】
总体提速比较平顺无顿挫感，城市驾驶完全可以满足纯电行驶。四驱版果然提速果断，亏电状态下动力减弱也不明显。
噪音控制值得点赞，开这辆车很容易引起错觉，有超速风险。
辅助驾驶功能整体比较好用，易上手操作缓解高架路高速路的行驶品质。


【续航】
四驱版175km续航标准基本可以满足日常上下班一周一充的需求。",2022-04-28,苏州
小米粥的南方大米,空间大，后排随时翘二郎腿，纯电续航非常OK，馈电动力也很足够，行驶安静舒适，最令人惊讶的是这车掉头半径居然和我之前的卡罗拉差不多，辅助驾驶功能也非常OK。缺点是车机没什么可玩性，不过我就是听歌看导航倒是够用。和汉兰达停在一起，气势完全不舒。,2023-02-22,深圳
Xyss平凡,买的是二手的，一年三个月的车，行驶了3.9万公里，我开了7天，开了1000公里，整体开了几天下来，感觉不错，要加速有加速，要空间有空间，配置基本拉满，价格二手的性价比也还不错。赞一个,2023-05-17,安庆
一根疲筋,车的内饰外观都在点位，非常好看；车内五连屏总体非常豪华。性能强大，四驱，加速4.8秒，配置拉满，悬挂略硬，老款不能选装，车机反应略差，比市面平均略低，主屏反应一秒钟，小魏同学经常听不懂一般指令；后排座椅舒服宽大，绝对好评，地垫不是纯平，有点隆起，如果能纯平最好了。后排空调出风口无调节控制，出风小。前后排空间足够，但后备箱不够大，纯平的台面开车时物品来回跑动，不能像一般轿车SUV一样放置物品，下面感觉可以做深，或者局部做置物格局。新能源普遍没有备胎有点担心，自己买又没法安放，也很难买到同型号的，比较纠结，出去远门玩可能还是要带着安全。充电口配置有点松垮，塑料盖，铁皮盖，没有照明，充电无提示。售后欠积极，买回来出现了几个问题，拖了半个多月才处理好。总之，这车越用越有感觉，是一台好车，试驾过同级其他车，感觉是越级车。,2023-06-13,连云港
流年82563,长城真不适合转型做什么智能汽车。一年到头ota不到2次，有一次还必须去4s店升级。老的bug解决了，新的bug又来了。非要设置一个蓝牙钥匙，老是出问题，不是搜不到蓝牙，就是蓝牙找不到车！最关键车里面老是提示，钥匙不在车里，一遍一遍的语音播报，人都麻了，马上成神经病了。弄个空调屏，长城设计师都是晚上工作的吗？就没有一个人发现空调反光？我们这个城市还就是早上8点下午1-2点最严重。我还特意准备了一块抹布，给这空调屏盖上，和小媳妇一样见不得光！开了没有半年后桥是不是驱动包不清楚，反正里面被打的稀碎，也许是个例，也给索赔了。受不了这个车系统封闭就算了，你更新勤一点，更上2023年的步伐好不好，天天都有人在app反馈更新，都是不当回事，一年了，就把vv系列更新了，我们这个车高德地图版本还停留在远古的2.0版本！音乐只能听微信登陆的收藏列表！,2023-07-30,蚌埠
起飞的墩墩,用料扎实，用车成本低，非常皮实，长途开了1万多公里非常的可靠，车机还有比较大的进步空间，硬件层面，在混动圈还是非常领先的,,北京
journeyzhang,"摩卡DHT PHEV 这款长城魏品牌最高端的车。
      整体配置上很丰富，亮点非常多，内饰做工都非常上档次，Nappa真皮座椅，两驱版本204公里/四驱175公里纯电续航 ，满足市区代步需求，在市区完全可以用纯电来出行，油耗低，加速快，自动泊车，遥控泊车，招车，轨迹倒车，小魏同学2.0，AR HUD抬头显示.座椅加热按摩，中控14.6寸大屏，NOH领航等非常好用。

说下缺点：
1.两驱智享版 20寸，不能选择悬挂，美中不足。
2.没有6座版本，客户群体缩小很多。
3.仪表偏小。有些仪表内容不好看到。
4.后排没有独立空调。后排娱乐配置也偏少。另外遮阳帘是手动的，如果自动就好很多。

总体来讲，魏摩卡PHEV值得这个价格。",2022-03-28,
周南风2018,其他都还好，与智能化无关，车机系统太差了。后备箱也比较小。激光大灯不错，电悬减震也不错。,,成都
赵璞工作室,"【最满意】
其实最满意的还是这辆车的纯电续航，搭载一块30多千瓦时的电池，纯电续航直接来到了175公里，两驱的甚至过了200公里。平时上下班真的可以当一辆纯电动车来开。家里有充电桩的话，真的跟纯电动车没啥两样。

【续航】可油可电，纯电续航也够，脚法够的话，一箱油跑个大几百公里也不是没可能的。

【乘坐体验】拿铁的座椅坐着确实很不错，柔中带韧，时间长一点也不会感觉到累。

【驾驶感受】四驱版车型的性能没得说，加上DHT变速器的结构，无论电量够不够，一脚油门下去都能获得很不错的推背感。市区红绿灯起步很迅速。",,
停转的地球,"外观，中规中矩吧，谈不上很漂亮，就是比较中庸的外观，至于很多人说的大嘴，这个好像这些年很流行。
内饰，材质还挺不错的，质感也挺好。就是空调屏幕反光在某些角度实在是比较严重，基本看不见屏幕。好在可以通过语音下发指令。
配置上，基本都有了，没啥好挑剔的。
空间，唯一觉得后备箱的空间以这个尺寸的车来说是差点意思的。
     续航不管是纯电还是亏电混动，都很给力。我在市区有一段纯电开了9公里显示的续航才掉了7公里。实际续航跑170没啥问题。油耗亏电实测6.8左右，路况大概1/3高速剩余市区。
      智能化上摩卡p强调驾驶辅助，但是在我看来有好多可以改进的地方，比如语音指令有好多控制是不支持的。比如方向盘左右快捷键的设置可选项太少了，例如关闭车外行人警示音这种客户呼声很高的功能，能否支持快捷键关闭？例如晚上开车想关闭显示屏幕，只有语音说“关闭屏幕”系统才能识别到关闭主显示屏和空调屏幕。你说“关闭显示屏”它都无法识别指令，电脑对语音的识别太死板了。希望改进。
      驾驶感受上没什么太多可挑剔的，之前开的福特。这个底盘也挺整的，指向性不如福特，但是真安静，滤振很好，我也没觉得有多大侧倾。开个音乐，纯电模式，山路上开着挺享受的。",2022-04-13,福州
随遇而安17309,外观六边形的格栅气场十足，同时内部加入点阵式图案进行装饰，在两侧进气口以及中网底部都可以看到微型摄像头，在智能化方面有不错的表现。 1、外观是我喜欢的类型不容易出现审美疲劳了就是车头上长了一点点。 2、内饰我觉得豪华的同时显的科技感十足虽然空调平等一点反光但是可以语音操作和盲操作。 3、在配置上我觉得没有什么可挑剔的很多合资车型五六十万的也没有他的配置多。 4、乘坐空间表现不错缺点就是尾箱稍小。 5、续航绝对没有虚标基本上可以一周一充。 6、车机智能化这块除了高通的8155芯片带来的流畅感受，高速的N0H也是表现得可圈可点。 7、驾驶感受，很安静很舒服，用电的时候完全就是电车的感受，在亏电的时候发动机启动70-80公里的时候有轻微抖动，过了80就安静了。,2022-04-24,内江
大王的电摩,从长城的哈弗h6置换到摩卡dht phev ，已经开二十来天了，外观是我喜欢的类型，内饰嘛，不用说了，摸的到的地方都是软包材质，科技感十足，就是一个360全景影像，在刚启动车辆的时候，会出现卡顿，过了一会就好了，问了销售，说到店给360做个升级就好了，暂时没空，还没做来的急去，续航嘛，因为我买的是性能版，所以官方标的是175公里，但是这个续航我感觉也是看人的，我试过满电的情况下开过180公里的，也试过大脚油门，只能开167公里的，相差也不大，就是现在天气冷了，开暖气，掉电掉的比较厉害，这个车吧，有个最大的缺点，就是空调触控屏啊，在特定的角度下，太阳射下来的弧度，会直接照在脸上，非常的不舒服，在这个也给快要提车的车友们提个建议，就是新车回来贴膜的时候，主副驾驶在反光镜那一块，一定不要贴全膜，把反光镜那一块留下来，因为摩卡的内饰两边在空调出风口那个位置有亮色的镀铬条，在晚上开车的时候，镀铬条会反光在膜上，导致有点看不清后视镜，其他的都没啥大问题，车确实开着舒服,2022-12-01,无锡
嘉宾ge哥,"高速亏电油耗有点高
【油耗】
城市还没试过，高速油耗9.9，亏点

【驾驶感受】
很不错，只能驾驶，过弯速度有点慢
【提车价格】
30.9
【购车经历】
当天定，当天提，交车仪式很满意，还拍了小视频",2022-08-03,贵阳
斌哥Haibin,"【最满意】整车驾驶感受好，舒适、动力强劲

【油耗】城市上班，每天100km，基本不用油。馈电表显油耗7L/100km

【续航】和宣传一致，城市工况绝对达到170km

【乘坐体验】后排空间足，对我家来说比6座实用

【驾驶感受】驾驶质感上乘，动力强，无大车感，赶紧大小和紧凑SUV类似",2022-06-18,苏州
LEES,"【驾驶感受】
动力输出丝滑无比，底盘质感很稳重，开起来从容不迫。
【空间表现】
大五座空间表现更好。

【最不满意】
后排配置太差了，差到离谱。
车机可玩性不强，只能说能用。",,清远
有约南山,外观一般，没有太大的亮点；内饰做工很好，有很强的品质感，但空调屏有点鸡肋；科技配置很高，NOH自动驾驶辅助挺好用，能有效减轻驾驶疲劳；动力系统确实太香了，动力随叫随有且平顺丝滑，难得的是馈电油耗还很低，我满油满电跑出了1200多公里的续航；驾驶的平顺感是最大的亮点之一，油电切换无缝丝滑，毫无顿挫，不管什么路况，这车都能给人一种信心感。,2022-05-10,东营
AUTO攻略,"【最满意】
车辆动力充足，搭载有1.5t涡轮增压发动机加永磁同步双电机，发动机具备米勒循环和可变截面涡轮技术，使它能够输出最大的功率为156马力和235牛米的最大扭矩，双电池的加持使它的最大功率达到了482.8马力，扭矩更是达到了惊人的762牛米。加速表现已经达到了4.8秒。

【驾驶感受】
好的人体工程学座椅加上舒适的底盘表现使得车辆适用于长途出行，座椅加热、通风和按摩功能优化了驾驶体验，前后乘坐空间充足，整车的调校偏舒适性但又不乏运动的基因。高速驾驶感受偏厚重，行驶过坑洼路面时滤震的效果很好，阻尼感和回弹抑制到位，整车感受是不存在续航焦虑的同时，具备较高的品质和舒适的驾驶表现。

【乘坐体验】
此外，车内NHV表现不错，高速行驶途中的胎噪和风噪可位于同级SUV中的第一梯队，双层隔音玻璃和主动降噪系统贡献突出。高速行驶过程中串并联模式切换发动机噪音很小，两档变速箱从纯电切换到并联模式过渡平稳。

【续航】
由于车辆可以边跑边充电，燃油机和电机能够协同工作，因此输出效率自然比纯燃油机来的更猛并且省油，很好地缓解了续航焦虑。",2022-07-26,
wjspc01,可油可电，出行零焦虑，那是没得说的，就是室内异响不断，今天这里响一下，明天那里响一下，很烦人，跟厂家反馈，不管不顾，每次都只是回复我几个字敷衍我，至今无法给我处理问题。,,揭阳
嘉梁车生活,【最满意】 油电混动，动力充沛，高速行驶二次加速表现依旧非常满意，而且油耗很低。 【最不满意】 行李箱地台略高，影响后备箱实际空间利用率。 【驾驶感受】 低速行驶为纯电驱动，如果不是需要急加速或者馈电工况，日常驾驶都是以纯电为主，加速感受平顺，更像是一台电动汽车的驾驶体感。急需动力请求时，油电并联输出，轮下动力释放及时，且无论声感还是体感，都毫无衔接感受，依旧能带来平滑的加速质感。 转向表现，虽然提供三种力度调节，但整体反馈感都是比较轻盈的，且轻和标准力度下，都存在明显转向虚位，转向的整体调教更倾向于主打平顺驾驶的家用轿车。 虽然摩卡DHT-PHEV是一台SUV，且底盘下方布局了电池组，但是车内坐姿更像是一台家用轿车的坐姿感受，以及行驶起来，底盘的重心感更低，车身稳定性更偏于轿车感受。 【乘坐体验】 底盘悬架调的比较软，也符合这类舒适商务定位的SUV车型，更多是让乘员得到享受，由于对对各种大小细碎颠簸都能平缓过滤掉，所以反之对驾驶员来说，传递的路感比较模糊。,2022-10-27,
TreeNewBee9527,升级后感觉非常好，平时室内当纯电开，动力足，安静，把各种新功能试了几次，车机没让我惊喜和失望，啥都没有，但车还得回归到车本身上，能听歌，看剧导航就够了。充电桩怎么也得4月化冻了安装，暂时插排冲。,2023-02-01,大庆
狂奔中的咸鱼,硬件不错，软件不太行，还有很大优化空间。客服态度都很好，就是软件真的下点功夫吧，别浪费了这么好的芯片。,,南宁
车圈小晨,实实在在跟大家分享几句 最不满意的点 新车味儿太浓了，但是过段时间这味儿就没了，所以这车哪哪都好 唯独太贵了。 最满意就是驾驶感受 首先坐姿很高 视野很好，开起来很安静（胎噪有点明显）两驱版中后段加速也不错，底盘很整但也很Q弹 反正就很高级。油耗很低很低很低，满油没电五环跑了一圈 5.7的油耗。 配置足够使用 NOH辅助驾驶特别好用 车机相比吉利系好了很多倍。 整体很成熟 总之哪哪都好就是贵！,,
别跟我杠你个逗比,相比较vv7方向盘偏重一些，车机语音控制功能有限，内饰方面亮漆面地方偏多容易挂花，内饰功能方面没有后天通风加热按摩。,,滨州
阿爷aye,一台适合驾驶的车，就是车机系统太闭塞，娱乐功能几乎为零。但就驾驶纬度，纯电续航很真实，基本上正常驾驶整体续航800km以上很轻松，油电升级之后确实现在续航油耗都有提升,,南京
烟雨离情,市场上看了一圈插混SUV，纯电续航超过150km，非纯电无里程焦虑的，选择真的不多。比亚迪唐dmp和升级版唐dmi内饰和品控完全无法接受，自然唐名气太大，就这等车还要几个月。增程式问界m5后座难受。理想马上换代。岚图估计也很快换代。摩卡用料扎实，配置拉满，安全性有上一代vv7背书，长城造SUV的经验能力还是让人放心的。,2022-10-16,厦门
电动哥,"真的感觉太划算了，外观，配置基本拉满。在目前全国范围内充电桩基建不够的情况下续航也也是很棒，上下班一周充两次电就可以，晚上三毛一度，长途不担心排队。上海还送了牌。先一个个说：
外观： 一眼看去就是林肯，连标都很像，饱满大气，线条也很好看，轮胎尺寸拉满，车漆也很深邃。
内饰：最喜欢的部分，关门的声音秒杀了绝大部分国产车，很轻密封性很好，三块屏幕，连挡把前面也有屏幕，只能说厂商舍得花钱。水晶挡把也是质感很好，座椅的皮质很棒。感叹国产的进步。
配置： 能按摩，有香水，还有自动天窗，还有一大波安全配置，开门都有安全提示，感觉更适合女司机。
驾驶： 日常行驶宛如开着小车，很轻快，得益于油电一起上的混动系统。

然后说一说缺点： 车太大，真的不好停车； 电子化的东西太多，出了小问题一般的4S搞不定，都得问厂商；有些细节用料有待改进，新车才半年刹车盘生锈了；",2023-04-02,
蜀锦传媒集群,我个人其实很看好国产品牌，尤其是长城，近几年产品力越来越好了。我自己目前也在限号城市生活，比较想要一台能上绿牌的车型。之前看中了理想ONE，空间大，又是增程式车型，续航也还行，但是考虑品牌和价格30w➕有点太贵，接受不了。 不久前看了摩卡DHT-PHEV，这款车的造型设计还是挺好看的，我觉得有一点像是以前的微微系列的车型。比较的大气，而且车头很精致，整个流线啊也跟得上潮流，比较符合现在年轻人的一个审美。 两驱纯电续航有204公里，综合续航为1000＋km，说明这台车已经完全冲破了上下班通勤的瓶颈了，可以解决我得出行续航焦虑问题。而且两驱版油耗更是达到了5.55L每公里，这个能耗水平也明显优于理想ONE。 这款摩卡DHT-PHEV还能支持最大60千瓦的快充，效率完全不输纯电车型，还支持外放电，使用场景更加丰富。插混又可加油+又可充电，日常就很方便。,2022-01-25,
多多说车ICC,【驾驶感受】 在实际的驾驶体验中，作为一款SUV，但其给我的驾驶质感还是比较轻松舒适的，整体而言并不会让你感觉到它是一款有着超4.8米车长的SUV，反而显现出一种灵动的质感。而且有一点很好的是，行驶舒适性相当好，这里不仅包含其规整的底盘质感和良好的滤震能力，同时在静谧性上，也有着不俗的表现，即便是行驶时也能很好的保证车内环境，给人感觉相当得体从容。 【电池与充电特性】 车辆搭载的是蜂巢能源高性能三元锂电池，容量为39.67kWh，带来204km纯电续航，充分满足用户日常通勤。在满油满电状态下，长续航版WLTC综合续航甚至能超过1000公里。同时还支持60kW快充，常温状态下，仅需充电35分钟，电量就能从10%充到80%。这也意味着不仅能够享受到混合动力带来的长续航体验，同时也能在较高的纯电续航能力和快充的加持下，享受纯电出行的快感，这对于当前的市场而言是相当重要的。,,
天王盖地虎Ac,"【外观】
每个人的审美不一样，我个人觉得外观还是蛮好看的，看起来大气、沉稳，选的是黑色外观，21寸大轮毂。

【内饰】
选的是棕色内饰，沙发包裹性好，够宽，坐着舒服，中控台、内车门软包较多，看不到什么塑料，用料这块还是下本的，感受起来高档、豪华。

【车机】
有限制，不能下载第三方app，连接不了carplay，而且不够流畅，用了一段时间会卡顿，其他功能还是够用的，娱乐系统这块有会员就能看了。

【亮点配置】
可以说应有尽有了，辅助功能多，抬头显示，座椅通风，加热，按摩等等，配置直接到顶。


【驾驶感受】
起步快，4.9秒破百，轻轻踩油门就跑了，没有顿挫感，官标的纯电续航175KM，还是比较实的，馈电时发动机噪音也很小，车内隔音非常好，车窗使用双层夹胶玻璃。

【不满意】
空调屏反光严重，有太阳根本一点看不清，还有车窗贴膜后，两边出风口亮条会反光到车窗影响视线。

最后想说，新老摩卡对比，还是觉得老摩卡好看点。萝卜青菜，各有所爱，买的早，偏贵了，价格下来了都是优点，哈哈哈。希望CC越做越好，让更多消费者选择CC这个品牌。。",2023-08-10,深圳
外公的梅山湾,动力强劲，外观稳重大气，内饰用材考究，空间大，驾乘感好，关门感觉厚实。 不足：车机互联和智能辅助有待升级和完善，第一次解锁后偶遇充电枪拔不出，要再上锁解锁一遍。刹车和油门相对位置太近，高低差太多。,2023-05-14,宁波
汽车天涯,新车的外观和内饰基本延续了燃油版摩卡的整体造型，只是在一些细节方面体现出了不同。比如前大灯内部增加了蓝色饰板、车尾贴有“PHEV”专属标识，而右后翼子板上的充电口自然也是必不可少的。值得一提的是，与很多插电式混动车只配备慢充充电口不同，摩卡DHT-PHEV还拥有快充充电口，最高可支持60kW的快充。 内饰设计同样与燃油版车型基本无异，只是仪表上除了常规的信息之外，还可以显示电耗和动能回收等信息。不过车内最令人感到欣喜的当属那块14.6英寸的中控大屏，它内置了高通8155座舱芯片，无论是操作便利性，还是整个系统的流畅度都相当出色。,,
ZAKER汽车,【外观、内饰】车头部分使用了超大尺寸的六边形进气格栅，大气又不失低调沉稳；内饰方面，还是下了血本的，提供了NAPPA 真皮、使得椅面的触感细腻，厚实柔软的；还有哈曼 INFINITY 音响等豪华配置，使整辆车都高级起来了。 【驾驶感受、油耗】车身的静谧性也挺不错，纯电开车的时候，没有电机发出的噪音，处于很安静的驾驶环境；在提速的时候，比较顺滑，没有顿挫的感觉；目前跑了两三百公里用纯电模式下挺好的，蛮安静的，暂时还没听到什么异响，感觉在这个价位上能有这些，对于我来说挺满足了。 【最不满意】副驾驶没有高低调节，这点来说我觉得挺难受的，希望可以改进下；后排座位加热缺失；个人是比较看重后备箱的空间，这款车的后备箱我觉得略略的小了点，不是很够位置放大件物品。,,
海边人吃海鲜dp,【驾驶感受】 提速非常猛，给油就走满载也不虚 【空间表现】 大五座后排座三个人完全不挤 ，目前有几处轻微异响，但并不影响整车的驾驶品质。 希望国产车越做越好。也希望新款摩卡能大卖。这样老款车机能服务都能跟得上 哈哈。,2023-06-10,盐城
高转青年,"【最满意】两挡发动机直驱模式在面对长途高速巡航情况就显然要从容的多，而且在北方冬季寒冷的地方，这个优势就会显得更加的突出，这确实是它的优势所在。而且由于这款车型也具备了快充接口，因此也能解决市区快速补电的问题。

【最不满意】发动机启动瞬间的振感抑制的细节还有优化空间。

【驾驶感受】日常驾驶，这款车开起来就跟普通电动汽车差不多，电驱动力响应快，扭矩输出立竿见影的特性，这台车能做到丝毫不差的水平。你完全可以将它当做一台电车来看待。

【乘坐体验】包裹座椅的Nappa材质摸上去很细腻，座椅有轻微的陷入感，舒适度很高。毕竟这是一款定位更加豪华的中型SUV，它的隔音静谧性可圈可点，对各种噪音抑制都很均衡。尤其是高速巡航状态下，车内仍能非常安静，完全不影响乘客之间正常交流。",,
香草蓝摩卡,"【驾驶感受】
动力强劲 ，开起来很舒服
【空间表现】
整体乘坐空间大大大大
【续航】
开的好续航反向虚标，正常1：1
【最不满意】
车机确实有点拉，但日常开车基本够，用不上那些花里胡哨的。最无语的是居然没有电子儿童锁  还要用机械钥匙拧 ，连个方便的开关都没有，着实对不起这个价位。",2023-03-28,东莞
黑龙江D3,用车半年整体感觉还好，就是长城车企售后维系用户太差，从买车出现问题到现在都有没解决的问题，如家用充电桩无法预约充电问题；noh异常导致危险变道情况；雨天刹车和转向有异响问题；只能线下ota和升级一次以年为单位问题；,2023-04-25,哈尔滨
智电出行,对WEY品牌来讲，此次新车亮相德国车展意义重大，一方面意味着WEY全球化战略迈入新阶段，另一方面也意味着其产品竞争力已经达到了进入发达国家的水准。外观方面，摩卡PHEV（Coffee 01）整体与燃油版基本保持一致，前脸采用大尺寸六边形进气格栅，与两侧的LED大灯组融为一体，贯穿式下包围则拉宽了视觉效果。车身侧面腰线从前翼子板延伸至尾灯组。车尾方面矩阵式灯组与前大灯遥相呼应，点亮后辨识度较高。动力方面，此前工信部申报信息显示摩卡PHEV（Coffee 01）搭载了2.0T插混系统，而非1.5T柠檬混动系统。另外据官方介绍，新车采用了P2+P4架构（也就是配备了四驱系统），纯电续航里程高达150km，超过市面上绝大多数插混车的纯电续航表现。,2021-09-09,
新车评,优点：这款车的外观算不上好看，但也算不上丑，但还算耐看，而且有自己的风格——偏圆润、流线。内饰的高级感强，抢在用料和氛围，空间也很宽裕。机械素质方面是优秀的，作为一款车长超过4米8的中型SUV，悬挂柔韧，晃悠感不强，横向对比是优秀的。DHT PHEV在有电的情况下，出力特性线性自然，油门踏板很跟脚，刹车踏板的脚感也同样线性。 缺点：摩卡DHT PHEV的仪表盘极小，虽然说有AR-HUD，但实际上AR-HUD的显示没有传统仪表盘那么直观，有时候也起到遮掩的反作用。车机系统不好用，复杂，很多功能都要在二三菜单才能使用，不够便捷。中控大屏下方是个小屏幕，组成双屏确实是更有高级感，但这个位置竟然是空调触控功能区，白天开车明显反光看不清，用起来很鸡肋，也少了一个储物空间。,,
小宇哥0630,"【最满意】内饰用料豪华，动力强劲，油耗低。

【最不满意】空调屏反光

【驾驶感受】电车的行驶质感，选装了电控悬挂，对于颠簸路面的起伏抑制的非常好。同行的朋友日常驾驶奔驰GLC，对这个车的配置和动力也是赞不绝口。

【乘坐体验】前后排座椅非常的柔软舒适，对于腰部的支撑很到位，给个好评。是我试驾过的车子里面最舒服的。

【续航】目前里程数还较少，只能说175公里的续航，市区开开之多不少，标的很准。

【提车价格】裸车315000+电控悬挂5000+激光大灯2500（预售期五折优惠）-6000（预售期2000定金抵8000）=316500元。另保险7100（人保）",,
MoMo的车,魏牌摩卡DHT-PHEV已经上市，官方售价为29.5-31.5万元，搭载柠檬DHT混合动力系统，新车外观与基础版车型区别不大，车身尺寸方面，长宽高分为4875/1960/1690mm，轴距为2915mm，满足大多家庭的的乘坐需求。内饰呈现出浓郁科技氛围，配备了多块大屏；并且采用Nappa真皮座椅、水晶档杆提升车内豪华感。动力层面，摩卡DHT-PHEV不仅配备了1.5T发动机， 同时还搭载了由发动机+双动力电机组成的电控四驱系统，无论是有电还是亏电，都可以使用混动模式，一个发电机负责发电补充电能，另一个130kW的电动机负责驱动汽车行驶，两者同时作用既保证动力优势又不会很耗油。,,
渣渣辉电车兄弟,"长城汽车旗下WEY全新旗舰SUV——摩卡DHT-PHEV，售价区间29.5-31.5万元，WEY品牌首次迈入30万级市场。与早已上市的燃油版摩卡相比，摩卡DHT-PHEV的起售价高出超过10万元。

外观方面,包括超大尺寸的进气格栅、自动弹出式车门把手、加入扰流板元素的后包围等都能彰显摩卡DHT-PHEV的高端定位。以豪华感、科技感为主旋律。

内饰方面，镶嵌于驾驶席前方面板的液晶仪表，尺寸较大的AR-HUD增强现实抬头显示，以及在中控区域融为一体的两块车机屏幕。再加上双辐式多功能方向盘以及水晶电子档案等元素的点缀，摩卡DHT-PHEV的车厢质感不会令车主失望。摩卡DHT-PHEV全系标配带通风、加热以及按摩功能的前排座椅，副驾驶支持4向腰部支撑调节，同时材质均为真皮，与基础版本的燃油版摩卡有较大差异。

配置方面，摩卡DHT-PHEV全系标配5个摄像头、12个超声波雷达以及5个毫米波雷达，意味着其将标配仅在顶配燃油版车型上才拥有的高级辅助驾驶功能，例如领航辅助功能NOH，以及高速驾驶辅助HWA。高阶辅助驾驶模式（在摩卡上称为“智慧巡航”）很方便，你只需要连续拨动两下方向盘左侧的拨杆即可。在这一模式下，摩卡DHT-PHEV可以实现智能上下匝道、智能避让汇入口等行业领先的智能驾驶功能。摩卡DHT-PHEV的ADAS功能非常全面，基本上涵盖了目前量产的各种高阶驾驶辅助功能，除了上面这些，还有自动泊车（未来会推出全自动代客泊车）、寻迹倒车、透明底盘、智慧躲闪、手势挪车、手机控车等。摩卡DHT-PHEV标配的AR-HUD增强现实抬头显示功能亦颇具划时代意义。相比传统HUD抬头显示，它能够将显示信息与驾驶员的前方视野实现虚拟与现实的结合。

动力方面，摩卡DHT-PHEV的双电机性能版车型拥有最高355kW的动力系统综合功率，以及762N·m的最大综合扭矩，即便是单电机的长续航版车型，最高综合功率和最大综合扭矩也分别达到291kW和570N·m。这赋予了摩卡DHT-PHEV最快4.8s的0-100km/h加速性能，相比燃油版摩卡有质的飞跃。单看混动系统中的1.5T直喷涡轮增压发动机，虽然其排量较小，但其采用了11.8:1的高压缩比设计和米勒循环技术，配合980℃耐高温电控可变截面涡轮增压器、350Bar的高压直喷、集成排气歧管缸盖等高技术含量设计，让该发动机能够达到极高的燃效。这样的发动机性能，搭配两挡齿轮的传动机构，能够兼顾急加速动力瞬时的爆发力和高速巡航更经济的巡航油耗。对于摩卡DHT-PHEV来说，它的两挡发动机直驱模式在面对长途高速巡航情况就显然要从容的多，而且在北方冬季寒冷的地方，这个优势就会显得更加的突出，这确实是它的优势所在。

根据厂商数据，摩卡DHT-PHEV两驱车型WLTC纯电续航能够达到204km，综合续航1000+km，百公里馈电油耗低至5.55L，高性能电四驱车型，WLTC百公里馈电油耗为6.3L。5-6L的百公里馈电油耗，足以证明摩卡DHT-PHEV非普通的插电混动车型，其燃油经济性还是不错的。



总结和购车建议：性价比有限，但物有所值，至于0焦虑智享版和0焦虑性能版之间的选择，后者牺牲了相当一部分的纯电续航能力换来了5秒级别的加速性能，同时还贵了2万元。在两车舒适性、智能性配置基本一致的前提下，或许0焦虑智享版更符合大部分消费者的需求。同时考虑到WEY在PHEV新能源领域属于后起之秀，更多口碑看后续消费者实用后才能评价，不急的消费者可以观望下下。",2022-06-17,
My车轱辘,摩卡DHT-PHEV这款车亮点还是非常多的，首先它一箱油最高续航超过1000km，其中两驱车型的纯电续航可达到204km，算得上是同级表现最好的车型。另外，拥有非常经济的油耗表现外动力还十分强劲，还配备快充补能也十分方便、最重要的是92号汽油就能满足它。同时，摩卡还配置L2+级的智能驾驶辅助系统，可以减少驾驶员的疲劳感，此外，车内的舒适程度和娱乐配置也为这台车加分不少。总体来看，这是一款值得产品力非常均衡的车型。,,
安哥超懂车,在实际的驾驶体验中，摩卡DHT-PHEV虽为一款中型SUV，但其给我的驾驶质感还是比较轻松舒适的，整体而言并不会让你感觉到它是一款有着超4.8米车长的SUV，反而显现出一种灵动的质感。而且有一点很好的是，摩卡DHT-PHEV的行驶舒适性相当好，这里不仅包含其规整的底盘质感和良好的滤震能力，同时在静谧性上，摩卡DHT-PHEV也有着不俗的表现，即便是行驶时也能很好的保证车内环境，给人感觉相当得体从容。,,
独家引擎,"对于一款新能源汽车来说，新摩卡DHT-PHEV的内饰主要体现豪华质感和科技属性，整体表现属同级上流水平。

新车配备9.2英寸液晶仪表+14.6英寸高清触控屏+W-HUD的三屏组合，从实际的体验来看，功能丰富程度和反应流畅度都可圈可点。

与此同时，语音控制功能下的小魏同学2.0，支持可见即可说、20秒不间断畅聊等。此外，中控屏下方还配备有9英寸空调触控板、50W无线充电板，以及怀挡设计等，车内科技感烘托到位。",2023-06-03,
wfwxf,外观个人不太喜欢，家里其他人都觉得外观能接受，其他还是很满意的，试驾对比多款相近价位车型后对摩卡dp动力、乘坐空间、nvh、智能化和纯电续航都比较满意，后备箱有点小。车无完车，综合考虑摩卡dp值得入手。,,
飞叔玩车,首先这车纯电续航有204KM，用完电又可以用油，没有里程焦虑。上班的话，一周充一次电就可以满足日常上下班通勤。，座椅舒适，有电动调节有痛风加热，乘坐舒适度比较好，驾驶的比较舒适。内饰大面积的软包，这款车显得高档不少。动力操控品质驾乘体验都是很OK的，空间宽敞后排地板也是全平的。说到满意，就是他的插混技术了，城市拥堵路段也不必焦虑油耗问题。静音效果也不错，关上窗，音响一开，彷佛置身音乐现场，特别享受。,2022-11-29,
SuperStreet超级街头,"魏牌最近对DHT技术进行了首次升级，由原来的纯电加混动两种模式，升级为纯电、纯电优先和智能混动三种模式，其实有了这三种动力模式你可以把它作为纯电车型或者节能经济车型，甚至还可以把它作为性能车来使用。

摩卡DHT-PHEV配的主动进气格栅，在冬天快速热车有很大的帮助，另外在高速驾驶的时候，适时的对它进行关闭，也可以获得比较小的风阻系数。

后视镜可以支持自动折叠，并且支持倒车下翻的功能，另外配的是隐藏式的门把手了，并且可以设置为近车解锁，离车上锁的功能，这样是非常方便的，就不用频繁的去拿取钥匙。

其实从正侧面看这个车它的长度有4875mm，宽度是1960mm，也是属于比较宽大的车身尺寸了，但是看起来并不显大，可能是想营造这种运动型SUV的特色，车顶做了前高后低的这种流线型的造型，其实在竞争如此激烈的新能源车型中这种设计，可能并不讨巧。

今年春节我相信很多人是要回家的，如果咱们自驾开车回家，其实走长途基本上咱们的巡航，是在100到120公里的时速去行驶的，最好的方式还是开启辅助驾驶，你看像摩卡DHT-PHEV它不管是两驱版还是四驱版，都有NOH的高速的辅助领航系统。

这个领航系统其实非常聪明的，你可以把巡航速度设置在最高限速，比如说100km或者120km，如果前面遇到慢车，这个车会自动变道去超过慢车，然后继续行驶；如果在前面遇到汇入口，它也会变道避让。

座椅是NAPPA材料的，不管是从视觉效果，还是乘坐的舒适度上，还都是不错，它的方向盘也是NAPPA材料，然后也是支持方向盘加热的，并且还有上下前后的手动的四向调节，头枕下方的金属铭牌做的还是挺精致的。

中间是14.6英寸的中控屏，车机的处理器是用的高通骁龙8155的座舱芯片，使用起来流畅度还是非常好的，然后它的这个屏幕显示信息也非常的细腻，在下面配了一个9英寸的功能屏幕是用来控制空调、天窗、遮阳帘的开启和操作。

在动力方面，摩卡DHT-PHEV两驱版是用的1.5T 4缸发动机，然后还有130kW的电机，结合两档的DHT变速箱，然后还有39.67千瓦·时的电池包，来组成的DHT新能源混动车型。
然后这个车的综合功率能达到291kW，它的综合的扭矩是570牛·米，最近魏牌又对旗下的DHT技术进行了首次的升级，升级以后呢，它的综合续航又再次的增加70多公里。

至于它的充电方面，其实这个车是有60kW的直流快充的，受环境的影响，现在冬天充电会慢一点。昨天我去充电从0%充到90%用了1小时10分钟。",2023-02-12,
我是个有灵魂的昵称,"馈电动力不错，比3.0还猛。就是发动机特定转速的那个嗡嗡声有点烦。
大脚油门的话，市区低速10个，高速120得12个。最近500公里温柔踩油门，平均油耗8.3，也有低到6个多的。
隔音好，电控悬架牛逼，激光矩阵大灯牛逼，馈电动力牛逼。我开宝马530两年半，以上几点我觉得比宝马5都好。

车机拉胯，卡顿的一批。内置软件都是简化版，体验不太好。

综合开起来，是个好车。",2022-11-10,西安
