字段1_文本,字段2,时间,字段3
用户9212268347396,本人是华为粉丝一直对华为的产品都是比较信任，今天看到华为M7车型上市被销售约去试驾之后，看完实车觉整体都不错，配置相当的丰富座椅非常的一个舒适，非常适合家庭用车非常有高科技的感觉。 【最不满意】 外观设计的不是那么的新颖相对来说比较圆润一点，本人喜欢肌肉感强一点的车子。如果在外观设计上有一点线条感那就更好了。 【购车经历】 我在发布会上就有关注这台车子看完之后，我感觉被里面的一些科技所吸引，然后也去了当地的店问了有没有车可以看，也了解一些政策，还有实车什么时候可以试驾的一些问题，也同时问了销售，总台车的一个大概信息后面加了销售的微信之后，又等了差不多，小半个月的时间，销售说有车可以试驾，然后就急匆匆地过去了，第一眼看到实车，感觉车行，还挺大的坐上去感受挺舒服的车漆系统也是格外的流畅玩起来跟手机没什么两样，试完车之后看完车之后然后就下了一个小定。 【提车价格】 销售说在预售期下定有优惠啊，然后就下了一个小定啊，拿到了一些优惠，基本上也了解过，都是统一价格。本人还想选装一个零重力座椅，想想来说哦，平时都是家用车比较多，可能用不上想了很久就放弃了。 【驾驶感受】 整台车的驾驶感受来说的话，偏向于舒适一点，没有M5那么好开，因为我之前也有开过，操控性是比较足一点，M7开起来呢就偏向于舒适，很多悬架调教也比较软，开起来比较舒服。开起来动力还是不错的有四百多匹的马力加速各方面的体验感都挺不错的转弯半径也是挺小的，才五米多一点点操控性也是可以的。家里人坐在后排感觉挺舒服的，没有晕车的感觉挺不错。 【油耗】 油耗方面因为还没有开过，所以说我不知道，听销售说是七八个油，实际上呢也不知道自己也没开过，后期提车在看看。 【续航】 整体的续航里程，感觉1100多公里，已经满足了我们家一个月的一个需求。家里面还可以装充电桩一个月，如果自己充充电的话，大概也就200来块的一个用车成本，相对油车来说，确实省了不少钱这点还是比较认可的，平时出去远门旅游也不用担心，因为没有电而烦恼，还可以自己发电加满油就可以跑了。 【销售态度】 跟我介绍的这个小伙子的销售态度还不错，从没看到车的那一刻开始一直在跟我介绍这款车的一个亮点，平时有一些问题微信问他，他也能马上回复这点，还是做得挺不错的的。人长得比较老实啊。 【保养】 保养方面的销售说首保是免费的，但是后期呢，我估计也应该是要自己花钱去做保养哎，不过价格也不贵，也就几百块钱还可以接受，如果有的送保养，那就更好了。 【亮点配置】 因为本人是华为手机的一个用户，所以说看到这个超级系统的时候还是有点熟悉的玩起来也比较顺畅，里面各方面的一个应用跟软件都是跟手机差不多玩起来也比较流畅也比较简单，而且还可以用语音来操控，它也不用说用手去按着按那的，比较方便，家里面也是有几个智能家居，平时下班回家还可以提前打开，家里面的一些电器还是挺方便的，主要也是用手表也可以解锁用手机也可以解锁，这些是挺方便的，而且前排有两个手机无线充电错了，本人也有两个手机两个手机放在这里就可以充电，这点设计是非常的人性化，喇叭的音质效果也。挺不错音质也比较清晰，整体各方面都还可以，就是如果后备箱的空间大点就好很多了了。,2022/7/25,
高冷雪碧UhG,"【购车经历】
想买suv，先后看了很多车，包括冒险家，glb，威飒，护卫舰，领克08，新摩卡，理想l7，我觉得都是好车，但总有些不合心意的地方。经过反复对比，最后10月6日定了问界m7五座后驱版，回想起来确实有些冲动，不过也没多后悔，唯一遗憾就是预算不够，不然就上智驾版了😂

【提车价格】
车价24.98万，有3.3万权益，选了科技包，松霜绿外观和琥珀棕内饰，优惠后24.38万，保险5700，上牌165。贷款12万，中国银行年费率2.8%，三年总利息10080，月供3613元。

【驾驶感受】
总体不错，车虽然大，但方向盘比较轻盈、精准，开起来比较舒服，感觉不出是大车，只有过狭窄路段和转弯掉头时才发觉车是真大。
家人以前坐别的车容易晕车，坐新m7还没出现过，这点必须点赞！
虽然是后驱，但是动力表现不错，提速很快，隔音又好，一不小心速度就飙起来了。平时都用的舒适模式，感觉完全够用，还没试过运动模式弹射起步，不知道会不会飞起😁

【油耗】
不算低，电量20%増程器启动用油，百公里油耗在7-10L之间，当然跟个人驾驶习惯和路况等有关系，但离官方宣传的油耗还有很大差距，而且还是95#油，有点不太满意👿

【续航】
我的五座后驱版，关于纯电续航，有3个数据，cltc240公里，wltc200公里，还有1个数据是175公里，前面2个数据官方宣传过，但是175公里这个数据从来没有公开宣传过，但是在车辆用户手册上、一致性证书上包括新车车窗上一般有个黄色贴纸，这3个地方写的纯电续航都是175公里。不信的可以自行去查看。
175公里这个数据是比较蹊跷的，不知道算不算虚假宣传，希望官方给出合理解释答复！反正我在aito app上发过贴，里面图文一起反映过这个问题，无人问津！
实际使用过程中，纯电续航不尽人意，充电一般到90%，用到20%就启动増程器，实际只有70%的电能用，加上开空调、车机等一些功能耗电，从90%到20%的电量只能跑个100-120公里左右，这个续航打折扣有点严重，确实不算好。我是很羡慕那些电耗百公里15、16度的，我一般都是20度以上。

【最满意】
总结一下，这个车最满意的就是性价比。
25万，都这样了还想怎样。配置快拉满了，大车大空间、鸿蒙车机、智能座舱、舒适内饰、隔音玻璃、全座椅通风按摩加热、电吸门、华为音响、华为电机、大量铝合金材料、高强度车身、可变悬挂，等等，同价位或者低价位的suv，不管是油车还是新能源车，几乎找不到能比m7更好的了。
还有一些人吐槽的外观，我倒没觉得，反正我和身边一些朋友都觉得很大气，很耐看。特别是我选的松霜绿，这个颜色真绝，特别靓！

【最不满意】

不满意的挺多，主要是希望能够引起官方重视，及时解决相关问题，把m7越做越好！

1.这批新车做工不太让人满意，有赶工嫌疑。电线很多、很乱，没有固定，也没有走直。两侧后门和尾箱缝隙特别大，尾箱关闭声音确实又大又难听。车漆很薄，新车已经被石子崩出两个坑，白色底漆都出来了。还有车友的车，好像被纸箱磕碰一下居然掉漆了。车漆太薄了，确实很不爽！

2.有些信息存疑或者说与宣传不符。①纯电续航175公里这个数据，之前官方宣传从没出现过，是不是虚假宣传？消费者的权益有没有被侵害？②关于转弯半径数据，用户手册上是6米多，aito app上是5米多，这两个数据肯定有一个不准。③底盘用料，一开始都是宣传全铝合金，也没区分车型，订车后才知道后驱的不是全铝合金，四驱以上才是，感觉有点被忽悠。④辅助智能驾驶系统和主动安全，知道后驱版的不如智驾版的，但是不知道后驱是博世的系统，因为m7一直宣传的是华为智能驾驶系统，感觉有点被忽悠。

3.驾驶感受也有不好的地方，可能还是跟底盘、轴距、调教有关系吧。后驱版高速通过起伏路面时，回弹比较明显，速度越快越明显，甚至有失重感，可能就是所谓坐船的感觉吧。还有就是刹车点头很明显，不管是慢慢刹还是突然刹，点头都存在，反正我试过很多次，都会点头，高级感一下子少了很多。还有就是底盘对井盖和坑洼的反馈还是比较清晰的，就是感觉车身有晃动，屁股有震动。

4.软件功能还不够完善。①360环视和雷达功能发挥不太好，我在用360和雷达的时候，出现过自动泊车压到线、倒车压到路牙、转弯差点撞上电瓶车，等等，反正效能一般，不能太相信。②辅助驾驶和主动安全，博世的系统真的很一般，不如新摩卡和理想，车友戏称m7后驱版是智障版。③智能卫士，每次停车后都要手动开启，app上也不能开启和查看，很不方便。④开车中控屏不能放视频，有点奇怪，把仪表、抬显的信息和中控屏区分开不就好了。

写太多问题可能没法评精，上次也发过一个非常详细的帖子，也没能评精。不过不重要，关键是想和车友们更好的分享！
以上仅是个人真实用车感受，不喜勿喷！",2023/11/22,惠州
老虎很忙忙忙,"【购车经历】
二胎的家庭伤不起，如果选择全家人自驾出行，那么一辆靠谱的出行工具是必不可少的。如果家里只有一辆5座车，带上老婆还有两个娃，车里就只剩下一个空位。于是问题来了，老妈和老爸，或者岳父和岳母，究竟带谁呢？如果有一辆6座或7座的车，以上问题大可不必苦恼了，原因很简单，前、中、后三排乘客的乘坐空间都给安排得妥妥的，全家老小都能坐下。毕竟，有足够的车厢空间才能装得下全家人的外出所需和欢声笑语。

选车过程非常简单，新能源汽车已经是发展趋势，所以直接没考虑过燃油车，纯电有续航焦虑，可油可电的混动成为我的首选。为什么选择华为问界M7呢？在确定买这个车之前，试驾过问界M5, BYD 唐，理想 one ，相对来说，华为的鸿蒙车机更加流畅，操作体验更加符合我的个人习惯，可能是我自己也用的鸿蒙系统的手机吧，比较的亲切。

【提车价格】
我买的是问界豪华版，赠送价值6k琥珀棕内饰和8次保养，颜色选的深空灰，首任车主优惠4k，加了零重力座椅花费1w，用户中心代买保险代上牌花费8k，实际车子落地近35.38w。提车不到两个月，降价3w，首任车主妥妥大冤种，降价后补偿老车主12w积分(相当于1.2现金)，整车质保延长至8年，相比其他车企，华为这波操作算良心了吧。

【能耗表现】
提车后目前行驶了5000＋多公里，纯电状态下能跑160公里左右，完全满足了上下班通勤和短途旅行，每公里不到2毛的费用，成本之低是油车无法达到的高度。高速长途使用燃油优先模式，速度平均低于100，油耗在7.5L/ km 左右，控制在120左右的速度，油耗在9L/ km 左右，超过120的速度，油耗可能还会增加，我觉得没必要，安全永远是第一位，对于车重2.5T的车子来说，整体实际续航油耗满意。

【驾驶感受】
问界M7四驱版，超车、爬坡、提速不需要任何多余操作只要踩电门就行，踩的那一瞬间电车就会像一台脱缰的野狗一样以峰值扭力蹿出去，不会像燃油车还要拉起转速提高扭力。如果仍然觉得不过瘾，可以尝试一下弹射模式，4.8s百公里加速才能体验到正真的推背感。

配备的L2级别的辅助驾驶，对我个人而言已经足够使用，高速体验非常棒，高阶的自动驾驶我不敢用，不能拿小命开玩笑，整车身5m，没有笨重感，我媳妇也能轻松驾驭，这难道是大嘴说的轴距短的优点？

隔音效果感觉不错，隔音好并不代表完全没有噪音，依然还是有胎噪风噪，相对于我之前开过的 BBA 来说，问界M7控制得更好，静谧性完全超越了油车体验。

【乘坐感受】
问界M7的内饰风格非常简洁，配备高档 Nappa 真皮、木纹配饰、水晶档把及隐藏式出风口，营造出众的豪华质感。10.4英寸曲面全液晶仪表和15.6英寸2KHDR智能中控大屏，搭载了鸿蒙智能座舱，人机交互非常顺畅。19个专业级华为 sound 音响，7.1声道环绕声场，配合静谧性极好的车厢，带来沉浸式的影音体验，坐过我车的朋友都说好！！！

问界M7最大的亮点之一""零重力座椅""，配备了四向腿拖托加上独有的专利悬浮抬升机构，最终实现了业界唯一的零重力坐姿。老婆和孩子用过了，都说好，奶爸司机不配享受。

空间表现个人是满意的，基本上满足了家庭的日常出行，全家6人满载出行的情况下，后备箱也能放下日常需要的东西。以前的旧车经常出现坐不下的情况已一去不复返，两个小孩每次上车就直奔第三排，再也不用纠结大人坐着难不难受的问题了。

【智能化表现】
鸿蒙车机非常优秀，天花板级别的存在。触控操作流畅，界面简约明了，语音可以掌控一切，可见即可说。使用车机整个就像在玩一个大平板，学习门槛，老少皆宜。

第一次 OTA 升级，增加的超级桌面功能，为车机带来了海量的应用，丰富了用车体验。使用超级桌面的话，可以在车机上使用手机 app ，哪怕这个 app 没有车机版，也可以在车上使用，大屏体验非常棒，不需要额外的 vip 充值。而且使用的流量是手机的，不用担心车机流量用完。

第二次 OTA 升级，增加的智慧寻车功能，为找车带来的很大便捷。开启智慧寻车后，倒车过程中可以准确识别车辆停放楼层及位置，并自动记录车位信息；停车后，将自动推送车辆的详细位置信息至手机 AITO 应用，轻松找到自己的车。

【最不满意】
工作的城市居然没有用户中心，保养售后还得去
100公里开外的城市，用车省下来的油费全补贴给了路费。好消息是，本地的用户中心已经在建设中，期待。

问界M7提车后经过两次 OTA 升级，官方的升级说明真心太简单，需要车主自己去摸索，找不同，已经向官方反馈，希望能改善。而且 OTA 的频次太慢了，希望官方不要挤牙膏了。

【总结】
车无完车，优点大于缺点那就是好车，安全驾驶只能靠自己，体验升级我交给华为。",2023/3/28,宁德
lisa20190204,"【购车经历】
本来只是想去买一双鞋的，结果鞋没买到买了台车回来。其实试过很多同级别的电车，最后选中M7，我对它的外形完全无感，但是一进去我就被它的内在惊艳到了。这不就是传说中的经济适用“车”嘛。主要是操控性还很好，再就是跟它是华为背书有很大关系。我是华为全家桶，华为的车机系统确实是行业翘楚。而且考虑到长远性，系统升级、售后、优化、综合考虑后选择了它相信华为。

【驾驶感受】
那是一个“爽”字可以概括所有了。其实这也是电车的通用优点。操控性极好，方向很灵活，转弯半径很小，应该是比目前市面上同身材的车都好。还有全景影像透明车身显示，对新手和小白极度友好。再也不用担心看不准距离剐蹭到了，再也不担心停车停不进去了。全方位360°无死角距离精确厘米，底盘都是透明连停车蹲都清清楚楚的。噪音小，不但有双层玻璃，还有隔音棉，很舒适。小憩模式深得我心，瞬间就可以进入睡眠。除了二排悬挂有点硬外，同级别的车相比，M7真的可以得满分了。

【续航】
我的是两驱舒适版，充电90%纯电续航180km。大概是10km耗电5%左右，这个是亲测。续航是实标，我每天上班公里数是固定的，看了几次确实电耗也基本都是5%电耗行驶10km，我是城市拥堵道路，且每次都开了空调、空气净化、座椅按摩、音乐，这些的综合电耗。充电的话快充从20%-90%大概40-45分钟。家用充电桩大概是3.5-4小时。

【动力表现】
动力非常充沛。接近3吨的车身加速起来非常流畅。百米加速推背感明显。满载行驶跟空车行驶感没区别。

【最满意】
操控性、空间、座椅、车机、天窗、隔音。

【最不满意】
坐在后排避震确实有点硬，前排是很舒适的。后座放到适合坐下的位置时，后备箱空间还是有点小。

【内饰】
内饰要赞一个的是座椅的体感，真的很软很舒服。之前试过80%以上的同级别电车，感觉那座椅都不满意。相对一个每天开车时间3小时的女性驾驶者来说，这个座椅的舒适度还是很重要的。内饰选的杏色，本来一直钟情白色，但是销售一直建议选杏色，说白色显脏。是自己不够执着，现在还觉得有点遗憾呢。虽然杏色也挺好看的。就像初恋一样，得不到的永远是胸口的朱砂痣。零重力座椅是灵魂，在休息的时候眯一下美得冒泡泡。午休和等人的时候很实用。它有单独的安全带，长途的时候轮换着休息也很好，再也不用担心睡着头歪到一边落枕了。

【车机】
车机就不用说了，行业TOP1，我买它起就没有使用过钥匙。手机直接开，离开自动关，连所有窗户都给你一并关严实了，避免户外停车天窗忘记关的情况。远程开启控制等基本有的功能都很全。60秒持续语音命令真的不要太好用。多道指令一并下都能完美识别。",2022/11/11,长沙
ytzje,"非常舒适。带着一家子出去游玩太适合了。
而且电耗很低，我市内16个电，高速20电。
【最不满意】
方向盘冻手。



【购车经历】
其实我是2年前准备买个大点的车带家人玩。当时看的是塞纳，但我觉得要加价太不爽，而且也没啥吸引我的。于是看了理想one。然后疫情开始，就算了。等解封时，再去看理想，然后又封了。这样反反复复折腾到去年年末，我又看了比亚迪唐，价格不错但第三排实在太小了，家人都觉得紧张，就放弃了。
此时，听说华为搞了个问界M5，于是开始关注，一点点看着M5车主的分享。之后听说会有M7，于是就等到了7月发布。7月24日就试驾了。有了鸿蒙和华为加持，我就在one和M7中选择了M7。
理想one是个很舒服的车，但与我无缘了。
【驾驶感受】
非常舒适。我以前开过gl8和花冠。只能说电车的丝滑度是降维打击啊。我高速只开到过130，不知道更高会怎样，但120以下，绝对是M7完胜。而且这车转弯特别灵活，滤震效果也不错，是少有的能让我愿意开的车。当然我没开过太多车，不知道这个价位的油车会不会更好。
【油耗】
这个很离谱。我发了照片大家可以看看，是同一段路的往返，全程2个座椅加热。我市内开，电耗几乎没有超过17的。高速顶着120开，基本就在20。（油电换算比例是1：3.2）。可能跟脚法有关，但我并没有刻意开。对我而言，家人的舒适更能让我开心，所以我开车都比较稳。很少急刹车，油门也是提前松。但即便如此，同样开法我开我的花冠，市内起码8个油起步。如果堵车，那就10个。高速6个油。

【续航】
续航说是150km，但是但我基本都能干到200km以上。满电到20%基本开到180km。反向虚标严重。当然我的数据比较特殊。哪怕在问界群里，我都属于电耗油耗极低的那批。普遍来看大概20电耗是比较正常的。

【乘坐体验】
体验无敌了。除了第三排我很难受外，第一排第二排体验完美。我订了零重力，基本我和老婆出门必有一人躺在椅子上。很巴适。
我以前开花冠的时候，150KM的单程，开2小时，往返的话我会疲劳。坐车的话必然晕车。基本到家必须睡觉休息。家人也是。但这次M7，全家车上猛睡，我一点没有疲劳的感觉。到家后甚至更加精神，还上山刨地瓜了（下图为刨完后的装箱）。


【动力表现】
我开得比较稳，舒适模式足够用，动力十分充足。想超车太简单。

【销售态度】
烟台这边销售很靠谱哎。遇到了问题也积极解答，很靠谱。我问他其他车的缺点优点，也很大方地说。典型例子我去看车是我说我之前看了理想one。我问他你觉得怎样。那小哥说的很直白：one是不错的车，但不如M7。然后从动力系统各种比较了一下，全程没有说过什么“垃圾”等很过分的话，让我觉得非常舒服。哎，看到群里各种吐槽销售的，我真觉得问界要好好培训一下。均值要是能做到我们这销售的水准，这销量还能高。

其他的补充：
1、这车视野很高，驾驶很灵活。我媳妇身高150cm，我姐身高145cm都能很轻松地开这个车，足以说明一切了。
2、静谧性真的强大。我也试驾了不少车了，依旧觉得M7静谧性强大。
3、车机无敌。
人机交互实在太舒服了。除了必要的按键外，我已经习惯了小艺小艺。我开车很谨慎，几乎不会单手操作另一个手离开方向盘按键。几乎所有的车窗，天窗，座椅按摩加热，地图查找等，都是通过“小艺小艺”解决的。这对新手太友好了。
4、360太好用了。已经离不开了。
5、辅助驾驶就是个XX。真就是“能用但不好用”的水平。你看人家小鹏和avita的，那才是能用的辅助好吧。开了定速巡航把我紧张得还不如自己踩。市里就更坑爹了，虽然不画龙，但地面的线稍微花点就完全不识别，还不如自己开。
6、方向盘太冻手了。
7、一开暖风，电耗巨高。我这脚法开空调都奔着23走了。

最后，前段时间出现的碰撞测试着实让我郁闷了一阵。不过现在也想开了。冤种就冤种吧。意味着这车不抗撞。我也不指望真发生车祸了车能保护我啥。我只能日常更加谨慎，更加小心。上一辆车花冠,04年上的牌，到目前为止无一次车祸，无一次大修。希望问界，也能有如此质量。
如果下辆车能更加完善，我依旧选择相信和购买。下辆车准备买个小型suv或者轿车，代替我的老花冠。

【最满意】
最满意的就是舒适度了。无论开车还是坐车，座椅软硬适中，车内无任何异味，非常安静都给了我无与伦比的舒适度。


【提车价格】
我加了1万的零重力座椅，329800的。",2022/11/27,烟台
求介绍个性点的昵称,"最初去看M5，车看着不错，驾驶感受很好，也很智能，就是车感觉有点小。后来M7上市，整体感觉还是不错的，比M5要大，外观看着也挺大气的，平常还可以作为商用接送客户，低调有格局。内部空间也不小，前排中央无线面板下面还有个超大的储物空间，随身携带的物品都可以放在那里，很是实用，加上6座超大的车内空间，满载情况下一点也不拥挤。车开起来重心很稳，操控感受挺好的，这么大的车，不会因为车重而不敢操控，想拐就拐，稳得一批。车机系统也好用，灵敏度很高，反应速度也很快。
【驾驶感受】
一开始想买四驱的，提速4.8秒，挺喜欢的，销售顾问说两驱也快，足够用了什么了，觉得也行，试驾的就是后驱的，车开着挺稳当的，提速也确实不错，动力反应速度很快，这么大的车推背感也挺强的，及时跑150的速度噪音也不大，不飘，不像看的其他车，速度上了120再提取都可慢可慢了，这个车不会，并且刹车也很猛，当时销售带着试急刹车的时候，心脏都差点跳出来，刹车距离确实短，用着也确实安心。

【续航】
因为平常也就在市区代步，偶尔周边转一转，平常都是两天充一次电，充满电纯电能跑150公里左右，续航虽然不是很多，但代步也够用了，回老家了就烧点油，油耗也不高。我个人开车不是很稳，完全都是看心情，所有平均在150公里左右的续航。
【油耗】
买车的时候销售说的是根据个人驾驶习惯，7升油到9升油左右，一般在市区我都是用的电，没用油，跑高速试过，油耗显示8.7升，还行，毕竟这么大的车，搁我之前的车上，都得十一二升了，确实这么大的车，油耗也不高，纯电的驾驶感受也要比油车好太多了。
【最满意】
1.服务
销售顾问服务特别的好，因为自己对电车不是特别的懂，所有的东西讲的都很详细，确实很专业，提供上门试驾服务，并且还有试驾礼，虽然不是什么贵重的东西，但是服务态度真心不错，不会有那种距离感，看车选车谈车，给我的体验就像交朋友一样。
2.产品
①.华为的鸿蒙智慧座舱，我是太太太喜欢了，车上绑定了我的账号，当我上到车上，车上的座椅，后视镜，氛围灯颜色，壁纸，驾驶模式等等都会调到我之前的驾驶习惯，太智能方便了。
②.车机的无缝流转
平常如果和同事朋友约饭，用到导航的时候，只要手机导航开始的状态，车机能够自动识别并有弹窗，好用。
③.数字车钥匙
现在好像很多品牌都可以手机控车了，但是M7还可以手表控车，平常根本就不需要带钥匙，手机手表打开NFC就可以解锁启动车辆，随身携带的东西少了，也不用担心钥匙丢了。
④.华为sound音响
全车19个华为扬声器，音乐的质感很好，低音悠扬中音温润，很享受，还可以调节不同的模式。
⑤.车机分辨率
不愧是车机界的天花板，在车上看个电影电视剧，连主人公化的妆，脸上的胡子斑点看的清清楚楚的，再加上19个扬声器，通过7个不同的方位发生，简直亲临现场一样。
⑥.座椅按摩
前面的两个座椅有加热，通风，按摩功能，通风开启后感觉来的非常快，按摩非常速度，是那种气动按摩，有5种不同的模式，平常下了班上到车上我都会打开，很享受。
⑦.自动泊车
虽然对于老司机来说没什么用，但是这个自动泊车逼格很高，尤其车上有其他人的时候我就喜欢用它，不需要行驶起来雷达去寻找车位，只需要在屏幕上选择位置就可以了，他自己会停进去，如果路边有台阶都可以精准的识别到，自己会停止泊车，省心。
【最不满意】
鸿蒙系统都已经更新到3.0了，也不知道车机啥时候能够更新，宣传视频有超级桌面，希望赶快OTA升级吧。",2022/10/21,郑州
玛莎拉蒂2016,1.选车经历 我的选车路径比较曲折。 总的来说是从一开始不考虑电车，到后来完全接受并采纳。 考察过的油车车型包括q5L、GLC、X3、XT5、XT6、XC60、汉兰达、5系、E级、A6L等。总的来说还是倾向于豪华车型。 转折点是在商场里看到了理想ONE（朋友赞不绝口），后来看了问界M5、M7、ET7、极氪、领克09pHEV、拿铁pHEV、L9等 淘汰过程：油车最终还是定在了汉兰达，皮实耐用，镍氢混动(现在部分丰田车型已经换成三元锂电池混动了)，等豪车的后期巨额费用。 转折点：看了一众新势力，真的是眼前一亮，内饰设计比传统油车领先至少5-10年，最重要的是没味、配置高、设计感好、购买成本低没有购置税等。 之前想买的汉兰达已完全没有兴趣了。 鉴于我的购车思想还是比较保守，放弃了纯电车的想法。而领克09与拿铁设计感感觉不足。最终目标还是放在了问界与理想。 综合对比，包括各种试驾之后，最终选择了M7 2.外观 问界M5与M7的外观设计比较合我口味，前脸富有艺术感。整个车型设计也比较前卫，至于网上很多人诽谤的IX7改造的M7，完全是无稽之谈。参考我后面附的图片，在购买M7之前就专门做过功课，M7整个车身与底盘都是完全重新设计的，供应商是国内主流大厂，与ix7油改电毫无关系。 M7这车身实在是大气，开到小区里不少人见了之后都驻足欣赏，邻居赞不绝口。 3.空间 空间非常棒。前排视野超好，第2排座椅不管是头部腿部都非常棒。第3排也完全堪用，我家小孩子在订车之前就问，是不是订的M7，每次一上车就跑到第3排去了。 4.配置与内饰 配置非常非常高，该有的配置全部都有，4个座椅全部都带通风与按摩，按摩力度也非常棒。余大嘴说的百万之内无对手，我认为不吹。内饰设计非常现代化，吊打一众油车。 5.续航 正常市区里开，目前开了接近600公里，这里面有不少拥堵路况。平均电耗为17度，我认为已经相当可以了。 6.驾驶感受 增程车，没有里程焦虑，这也是购买的初衷。开完M7之后最大的感受就是不想再摸油车了。一是视野超好，二是油门非常轻，加速随心所欲。整个车开起来非常轻快，完全没有大车的感觉。 7.买问界就不得不说智能化。整个车的菜单逻辑非常强，很容易上手，流畅度简直一绝。小艺小艺语音的智能化水平也非常高。订车之后，我跟我老婆的手机都换成了华为，为将来的鸿蒙3.0超级桌面做准备。 8.另外说一下辅助驾驶。现在辅助驾驶即使算力再怎么强，也是辅助，而不是自动。在高速路上不可能把自己的生命安全交给辅助驾驶，除非有专门的公路、或者算力水平进一步提高。比如现在公认的对于静止的物品，或者路面上一些障碍物是识别不到的。我认为为不可靠的辅助驾驶买单并不是一个明智的选择。相反M7的辅助驾驶完全堪用，主动预碰撞提醒、压线提醒、后方来车提醒等都不缺，省了辅助驾驶也省了费用，还是相当超值的。 其它的比如说自动电吸门、空气悬架，个人认为也用处不大。M7驾驶起来底盘很稳定，滤震很好，底盘不软也不硬，高速过弯车身也没有过度的倾斜，给人感觉很踏实。,2022/10/8,烟台
幸福是奋斗出来的fighting,提车后跑了有1000公里了，感觉使用起来非常的舒适和放心，同时出行成本也是非常的低，并且有华为加持的智慧车机也是非常的好用，一个字：好！ 1.外观 这款车的外观真是无可挑剔，不像之前的车那么棱角分明，这个车圆润饱满，更符合我家里人的审美感受，感觉非常的棒，非常的帅气，同时日间行车灯也是非常的好看，解锁时可以从中间往两边流动，非常好看！ 2.内饰 内饰设计也是非常的豪华，豪华的真皮座椅坐上去非常的舒服，同时前两排座椅通风加热按摩功能都有，氛围灯也是非常的好看，在晚上的时候车内显示的非常好看，同时配置的还有两个无线充电槽，充电速度很快，达到了40瓦，对于我这个手机没电就非常的实用。 3.配置 这个车的配置可以说是相当高了，比我亲戚买的六七十万的奥迪车的配置还高，全车二十一个扬声器，并且功率达到了1000瓦，还带的有私享头枕功能，同时标配的还有抬头显示功能，这个功能我非常喜欢，因为不用低头去看仪表盘了，大大提高了我们的行驶安全性，同时还标配的20寸的大轮毂，使整车行驶起来的稳定性更高。然而缺少个空气悬挂，如果有空气悬挂功能会更好！ 4.空间 这个车是个六座车，虽然我在选车的时候看到这个车的轴距不算长，然而内部的使用空间却是非常的大的，坐六个人的情况下头部和腿部空间还是非常大的，完全能满足自己的正常需求，第三排如果不坐人的情况下还能把座椅完全放平，这样就能放下更多的行李，感觉空间非常的大。 5.续航 这个车纯电情况下能跑160公里，完全能满足我在市区上下班代步的需求，如果出远门可以在电量用完的情况下用油，也完全能满足长途出行需求，在市区单用电的情况下一公里也就是一毛钱，出行成本非常的低。 6.智能化 这个车的智能化水平也是非常的高，我要打开车上的一些功能基本上都不用亲自操作，只需要呼叫小艺，智慧语音就能帮我打开，保证了我的行车安全，同时，它能自动识别我的人脸，并且登录我的车机账号然后给我调整座位，氛围灯颜色，空调温度，甚至播放的音乐都是我所喜欢的音乐，真是太智能了！ 7.驾驶感受 这个车开起来的感觉是非常好的，打开舒适模式根本就没有纯电车的眩晕感，开起来就跟油车一样，乘坐起来非常的舒适，同时运动模式下超速时提速非常快，高速超车时丝毫不费劲，并且在过坑坑洼洼的路段也不会上下晃动的太过分，过弯时侧倾小，乘坐非常舒适！,2022/10/23,郑州
ㅤ琛,"本来订了唐DMP，偶然间去试驾m5，被极佳的驾驶品质折服，后来想要大一点的车就订了问界M7
买的是后驱舒适版，加了零重力座椅是32.98万，领了3万补贴这算下来不到30万，真的很划算。
         城区正常行驶大概16-20度电百公里，最低试过13度左右，亏电纯油的话6.5升百公里，高速差不多7.5升吧，反正能耗挺低的，非常经济。目前行驶2779公里，平均电耗8.8度，油耗3.2升。
        驾驶起来一个字“爽”，两个字“灵活”，悬架很稳固，轴距短，因此开起来感觉不像大车，不过悬架跟M5比起来还是稍微差一些，悬架略生硬，余震较多，没有M5那种柔中有韧，干净利落的感觉，但是作为6座大车，底盘的用料和调教，在同价位中绝对是一等了。
        动力一踩就有，很平顺，日常超车轻轻松松，辅助驾驶系统，勉强够用，让开车也变得轻松安全。车机流畅，逻辑性不错，语音很好用。老婆坐了说很舒服，静谧性非常好，感觉比M5还好一点，还可以在车里唱歌，小孩子可以在零重力座椅上睡得很香。同级别的车里，算是佼佼者，也试过理想汽车，不过每辆车的取向不同，理想的悬挂更软坐垫更软，但是晃得会更厉害。需要改善的地方，第二排空间，没有储物盒，没有杯架，水不知道放哪里。鸿蒙车机虽然是最大的卖点，但是开放性略低，必须得用华为手机才能发挥它全部危机。
       第一次开增程式的汽车，真的颠覆了我对汽车能耗的认识，电驱动的能耗效率真的比汽油车低25%左右，所以用油来发电再来驱动车，就比直接用油，更加平顺，更加静谧，更加节能。虽然比起比亚迪DMI车型，在技术方面比亚迪更胜一筹，不过增程式但是胜在技术简单，不容易故障维修也更简单。总之，问界的能耗，非常令人满意。",2022/12/14,深圳
文之楷见,"可以用三个 “ 第 1 次 ” 来概括我驾驶 M7 的感受： 第 1 次开 新能源车； 第 1 次独自驾驶 1000 公里的高速路； 第 1 次用智能 辅助系统； 用三个 “ 绝不 ” ， 来体验这辆车子的优势： 能用电绝 不加一滴油； 能用嘴绝不用手； 能躺着休息， 绝不坐着休息。 用了这些总结， 就非常能概括自己和家庭用车的快乐。
      1. 驾驶感受。也许我也没开过什么豪车，但总体来说给我 的感觉还是比较稳，一个是他车重的缘故，另外可能华为进行了 重新调教， 至少比我以前的昂科威要稳很多，过减速带的的感觉 也能接受， 在高速路上经常一不小心就到了 130 。
     2. 智能辅助。智能辅助驾驶，其实比我想象中的要好一 点， 因为前期也看过相应的测评，在实际使用上呢，在第 1 天使 用的时候， 因为是晚上还是有点不太放心，基本上是靠自己来进 行驾驶的， 第 2 天是白天， 一大半的里程， 都是通过智能辅助来 完成的， 特别在视线好质量较早的时候，要用这种辅助确实能缓 解自己高速驾驶的疲惫感， 当然如果你要想理想或者小鹏，更不 要说特斯拉那种智能辅助的水平，我觉得还是差了一点意思，但 基本上能缓解驾驶的疲劳。 
     3. 人机交互。 这点确实应该是强项了吧。基本上 90% 的命令 都是通过小艺小艺来进行完成的，而且可能大多数问界的车主都 有这样的坏习惯，媳妇都说你去关个窗子自己用手不行吗？但能 叫小艺， 我真的就不想动手，这才能体现出门问界车主的与众不 同。 


     4. 能耗续航。现在开了 1200 多公里， 90% 多都是高速， 市区 不到 200 公里， 说实话， 他的高速能耗没有达到自己的预期值， 在上高速的时候，想做一个非车评人的实际续航体验，在满油满 电的情况下，开了 1000 公里的高速。我看官方都说在 wltc 的情 况下， 满电满油可以达到 1200 公里的续航， 那我开了大概 400 公里选择的燃油优先， 车外温度十度左右， 没有开空调， 车上一 个人， 没有装载行李， 平均速度 97 公里左右， 那车机显示的是 掉了 540 公里左右的续航，那根据我的测试结果，平均续航达成 率大概是在 74% 左右。 因此大致得出的结论是除非你是非常理想化的情况每小时 90 公里左右控制速度， 或者选择纯电优先等方 式， 那基本上续航达成率就是只能在 70% 左右。 在市区里面， 那 基本上都是充电（问界车主也有这个坏毛病，几十万的车都买了 但一到能耗就感觉抠抠搜搜的）， 由于疫情原因充电桩发不了货， 那都是在外快充，由于是冬天，我们这边大概是在两三度，从 20% 充到 90% ， 大概要充 40 分钟左右， 续航大概在 1 10 至 120 公里， 然后基本上百公里电耗 22 。 
  
    5. 配置感受。两个小姑娘特别喜欢新车，总是不由自主的边 开车边戏耍小艺，不停的使用零重力座椅来感受舒服。整体配置 蛮高的， 至少比以前试驾过的比亚迪唐要高好多，小憩模式，零 重力座椅真的是自己的最爱， 以前在车上休息， 我只能坐着， 因 为没有座椅记忆特别嫌麻烦就不愿调，那现在这样一句话就可以 躺着休息， 真好。
四、 对华为和赛力斯的一些个人建议 整体来说问界作为新兴的新能源， 品牌确实有华为的加持， 诚意满满， 但是在使用中还是发现一些问题，希望在下次 OTA 里 面能进行调整。 
    1. 建议解锁逻辑进行调整。因为就近全车解锁，对安全上将 有一定的隐患。建议车主有个选择的选项， 比如近门只开主驾或 者一米两米在可以进行一个选择，因为只有一米的距离开关锁也 过于频繁了。
    2. 建议对智能辅助跟车距离的调整。现在距离只能调为 4 档， 但是即使是第 4 档在高速路上觉得跟车都有一点近，也有一点不 放心。
     3. 建议调整雨天车窗切水条。切水效果不好，影响雨雾天气 的行驶安全。如果使用一段时间以后， 随着橡胶条的老化， 效果 会进一步的变差，基本上就不起作用，是影响雨雾天气安全驾驶 的一个比较大的问题。 这可能是切水条材质或者是间隙的问题
    4. 中控屏不能熄灭。在晚上休息的时候中控屏幕，不能有个 选项可以关闭屏幕， 晚上的时候特别刺眼。 
   5. 适配软件较少。虽然有了超级桌面，但是原车机的软件还 是更方便一点建议能不能主要的一些新闻类，媒体类，还有通讯 的软件能不能在车机多一点适配。 
   6. 价格体系较为混乱。不像其他新势力，感觉价格体系还 是传统的经销商模式，每个地方的价格都不一样，除开地方补贴 外，车友们的提车价格都各不相同",2022/12/15,深圳
等降价等增配,"【购车经历】
从23年7月份开始看车，那个时候的关注点主要是集中在Q5L、X3，老婆觉得Q5太老气，X3的后排空间又小（我开车老婆孩子都在后排坐），考虑了很久还是直接pass。
后来偶然接触新能源，正好也是在商场逛街看到了理想，各方面都不错，但那个时候没钱，所以也仅仅只是中意，但没有下定。紧接着9月份问界出来了，然后又去华为的专卖店看了实车，感觉也不错，很多人觉得外形不好看，不过我觉得马马虎虎吧，绝对算不上丑，但是相比较理想还是高下立判的。
1月份开始下定，就理想L7PRO和M7后驱智驾里面选一个，理想比较突出点是空悬和造型，问界比较突出的点是智驾还有主被动的安全防护，其他地方都大差不差的，另外L7PRO最终落地还比理想贵了1.8W左右，综合考量还是定了问界，毕竟安全第一。讲一个小插曲，本来是银色后驱智驾，结果在等车的过程中突然通知我店里有一个黑色的现车，问我要不要，考虑过年能用上车，我直接就答应了，不过后面因为这个事情搞了很大的麻烦，具体的我后面再讲。
【提车价格】
原车价28.98，减去一个3000的过年红包，减去一个5000的保险补贴，实际落地20.98，保险6500（大地保险，主要考虑价格便宜），我自己买了全车车衣4000，踏板2450，车窗膜1000，全包和车内的各种乱七八糟的小玩意1000，目前总花费29.6。还有一个充电桩没装，预计总费用在30左右，上下来去不了多少了。我是全款买的，所以也没什么贷款费率之类的。
重要提示：4S店有代上牌服务，600块钱，纯智商税，自己完全可以搞定。
【驾驶感受】
跟所有人一样，在做减速带的时候颠簸严重，尤其是低速过减速带颠簸的不行，不知道是什么原因。转弯半径过大，经常需要到两把才能拐过去，我之前开的车也是4.96米的，不知道为什么这个车转弯半径这么大！
【乘坐体验】
老婆小孩都很满意，我坐着也蛮舒服的，尤其是孩子，坐着车特别开心，前排的屏幕可以在行驶的过程中放宝宝巴士，她在后排坐着就能看，我这边用头枕模式，导航也不会影响到她。后排的空间也很大，老婆孩子在后面坐着也很舒适，这个绝对没得黑。
【油耗】
目前还没有使用燃油模式，基本都是纯电行驶，电耗基本在24.左右，很多人说20的，也不知道你们咋开的，不开空调推着走的？空调开到26度，该加速加速，加速过猛的话电耗29。
【续航】
算了一下，纯电在市区行驶的话不会超过120KM，但我设置的是到20%发动机介入，另外充电上限也是90%，所以我实际能开的就只有70%的电量，这么计算的话，实际在市区的续航大概在80左右，这个续航很失望，基本2天就要充一次电。
【最满意】
1、内饰我选的杏色，总体还可以，看着挺舒服，如果有理想的爱马仕橙会更好一点。
2、智驾我觉得也不错，基本一上路就用，高架也全部都是自动驾驶，很省心，不过在人多的时候还是要自己掌握。
3、外形我觉得还可以，配20寸轮毂整体看上去也很大气，很多人说没有理想好看，我认可，但是各有各的美吧，反正肯定不丑。另外我贴了车衣，黑色的车看上去更亮了！
4、自动停车真的太赞了！我发自内心说，这个绝对是针对那些停车停不好的人一个非常好的功能！我现在回到车位都是自动停车，比我停的好，不吹不黑！
5、音效我感觉也挺不错的，车里放个歌让车自己开真的很惬意啊，尤其是我这种上车必开音乐的人。
6、静音效果挺好，在车里音乐声音稍微开一点点，就听不到外面声音了，不知道是不是有主动降噪功能。
7、销售回复很及时，基本发个消息马上就能有答复了。
【最不满意】
1、流程太慢！
因为我之前定了银色的，后来因为店里有黑色的现车，销售就联系我了，我正好也想年前拿到车，就同意了。后来销售让我重新下一个黑色的订单，然后帮我把银色那个订单关闭了，时间已经过去了快1个月了，之间的那个订单没关闭，到现在都没把定金退给我，审批流程令人发指。
2、细节太差！
我严重怀疑销售口中的黑色现车是因为有瑕疵，所以上一个人不要的。在车子贴完车窗膜之后发现玻璃上有个锈点，本来以为是没擦干净，把车窗膜撕了之后发现锈点是在夹层里面，开车开到4S店也没处理好，最后协商送了一个充放电套装，1499块钱，也仅仅只能聊以慰藉了，不过一想到新车就要换前挡风玻璃，我这个心啊！！
3、催促交车！
当时确认换现车之后，我人还在外地出差，还有4-5天才能回去。负责交付的天天催，让我老婆去提车，说再不提就要被别人拿走了，给我气的直接就要退车，后来交付中心才没催我。车都定了，也确认提车日期了，天天催干啥，搞不懂。


最后：如果再给我一次机会，我真不一定会买M7，从提车前到提车后失望大于惊喜，写了快2000字，给要订车的一点真实反馈。以上。",2024/2/5,
油电双休日记,"简单试驾，我们不仅体验了高速还去跑了山路，这台车给我的印象还真不太一样。
【最满意】
这可能是目前暂时能买到的大六座鸿蒙车机的SUV，做工和配置没得挑，甚至比问界M5质感还好。

感受和评分如下：
简单聊点感受，开了一天不到150公里，几乎全是纯电模式，华为把增程器调试的狠温柔，介入时的震动和噪音控制都不错，但个人认为，既然选择了增强器动力，就得把羊毛薅到底，能用电就用电，当个电车用。

·动力方面
试驾车是后置单电机两驱，官方加速7.8s，电机功率200Kw，扭矩360N.m。
驾驶模式有节能、舒适、运动和个性化（弹射）四种可选。
首先，动力是够用的，甚至我更推荐单电机款，你想啊，这车定位是六座家用/商用，四驱双电机加速成绩是4.8s，纯属浪费，开车的人爽了，坐车的人并不舒服，所以我更推荐单电机版。
舒适模式下，单电机动力输出更接近油车，跟脚也不会像问界M5那样窜，试过M5运动模式的朋友应该有感触吧。
高速路段建议用运动模式，动力来的更直接，超车也会更舒服，运动模式下电门响应更积极，轻踩还有明显的前窜，让人迷惑，但其实没那么强。

·动态感受
试驾了盘山公路、搞速和城市，底盘侧向支撑到位，虽然是舒适性调校，但支撑还是够的，比预想的要好。但是！受制于高重心（底盘离地188mm比M5都高）和大车身，城市开车容易累，明显没有M5那么行云流水。不过虽然车长超过5米，但轴距短啊，2米8出头，城市变道不会有传统大型SUV那种明显的笨重感。
高速行驶反而更舒适。底盘滤震还有提升空间，细碎的颠簸处理不够高级，缺乏厚重感。当然，也能理解，华为要快速出车，能打磨成这样实属惊喜了。
不要跟M5比底盘，两者压根就不是一类车，定位不同没有可比性。
假如M7改款，建议一定要降低重心，又不是越野的SUV，底盘离地有165-170通过性也够了。

·空间
可以肯定第三排空间没有预想的那么宽裕，成年人可以坐，但长途还是建议小朋友在三排。
说说那个零重力座椅，除顶配都是选装。 看需求吧，商用可以选装，老板长途休息，或者午休补觉挺不错。家用看个人需求，会压缩副驾驶和三排空间。
看到有些人说人开启后不能拉人，是啊，是没毛病，但是，你人多的时候为啥要开启呢？ 这不是自己钻牛角尖嘛
头部空间除了第三排略显局促外，前排和二排都有非常富裕空间。

·车机
作为华为资深全家桶用户，其实鸿蒙的优势在于互联，尤其是跟华为全家桶产品。
假如平板、电视、智能家居 手表都是华为产品，9月份鸿蒙会出3.0版，体验还会不同，比如车机导航无缝流转到手表上。

其实，外界一直低估的鸿蒙智能车机或者智能座舱，它能实现的功能远比现在还要强。
举个例子，通过华为手表、手环智能穿戴，车机能更准确了解用户状态，比如体温、压力指数甚至睡眠休息情况。当感应到压力过高，结合路面拥堵情况会自动建议规避路线导航、开启空调、播放轻松音乐。
又或是通过语音/文字备忘录，当你要买什么东西，或者会议提醒等。

这才是智能汽车，而不是所谓的几块大屏，
我认为的智能功能形态一定是主动且无感的。其实这些场景概念高通2年前就做过演示，国内汽车品牌使用高通智能座舱和自动驾驶平台的就不说了，在这个领域，华为也是高通的强有力对手。

这可能也是鸿蒙车机的优势吧，随着不断升级，新功能和体验也会有，华为用户会有格外加成。


最后建议
二胎家庭，或者家里只有一台主力车出行，M7还是挺适合的
一定要装充电桩，一定要！日常开就是台续航200公里的电车
神马增程式技术落后，从用户体验来讲，日常真TM省，还能加油跑长途，在技术和实用之间我选后者。

号了，碎碎念就先这样，后面若有机会详细试车再聊。

对了，特意试了空调，这几天40度的高温，空调完全没有问题！最低只设定了23度，很凉。",2022/8/18,
小灰灰与大恐龙,"【驾乘感受】
提车半月行驶近1500公里，老婆问“是不是感觉很幸福？是不是感觉人生已经到达了巅峰？有房、有车、有宝宝、有你有我！”是啊，这5年生活发生了太大变化，从一无所有的吊儿郎当、到组建幸福美满的家庭，蓦然回首幡然醒悟，老婆才是真正的贵人，老婆的出现才成就了我、更成就了这个家。
提车后，感觉生活更从容了，可以静静的在车上等老婆下班（挺着大肚子加班依然比我猛）、可以带宝宝去她想去的滑板公园、可以去露营、可以去相约，再也不担心去医院打不到车，更不用碰运气出租车上脏不脏、司机态度好不好、开车稳不稳。一直的梦想就是带着一家人随时开启想走就走的旅行！

感慨完毕，回来说车，作为12年的老司机开过的车型无数，轿车、 SUV 、小货、商务，不乏帕拉、S480、X6、阿尔法各种“豪车”，几个新势力新能源车也有试驾，印象最深刻的驾乘里程碑有三个：
1-1、毕业时的迈腾：感觉是大众最良心的车，当时感觉这就是梦想车了，第一次尝试到开车不慌不怕，所以每次租车都首选迈腾；
1-2、 Macan ：外表的小气和空间的拘谨，一直以来都看不上眼。被迫开了几次，才惊奇的发现，原来汽车可以如此灵活，指哪打哪。试驾M5时同感；
1-3、自己的问界M7：这是第三次有人车合一的感觉，作为家庭用车，给足了自己和家人满满的信任和归属感。

【最满意】
提到当晚，连夜开了近347公里，途经常熟接二姑妈和姑父，吃个饭一起驱车扬州，到家已经凌晨1点半。哎………不出所料，全程6个人一路夸，总结下来关键词是：车稳、不颠、不晕车！车稳，二姑父说比他宝马要稳、提速要快，同感，我个人对车好的标准是速度多高都不慌，问界M7做到了，一不留神就超速了（不看仪表盘丝毫没感觉）；不颠，岳母和二姑妈坐在最后排说“不颠”真的很难得，只是座位有些局促；不晕车，宝宝易晕车体质，正常20分钟车程必晕车，不知道是安全座椅的原因、还是夜里视野、亦或是真的不晕，将近5个小时（2个小时在睡觉）的车程竟然一点没晕，老婆直呼买对了！！！（第二天、第三天验证，宝宝真的不晕了，神奇）
回到扬州老婆老家，岳父更是对这个车爱不释手，硬是开了一天，在隔壁陈老板那“碍瑟”了一番，结论：是豪车那味儿！！！比宝马好开，操控性不差、安全性（中间体验了自适应巡航，被别车了，哈哈）和智能化更是绝了，让传统车企怎么活？？？

鉴于本来容易晕车的宝宝坐这个车也不晕车了，开着也可以更加放纵、更加随心所欲，变道真的会上瘾、太丝滑了，特别享受过小坑小洼那种咯嘣咯嘣的声音。宝宝不在车上时，出于新鲜感更是想考验一下各方面性能，这阶段还能保持这个油耗，太难得了。首保过后要安分一些，安全第一，哈哈。

开了上千公里了，浅谈一下设置和感受：
2-1【乌龙事件】每次倒车再前行，后视镜下翻后都恢复不到合适角度，心想不会是故障吧？事后才发现，调到合适角度后没有保存，导致每次下翻后都回到之前保存过的角度。座椅也是通理，调整到舒服角度一定要保存。
2-2【车机设置】没提车宝宝已经给她起好了名字“小灰灰”（唤醒词，避免与手机重叠），我是“大恐龙”。每次喊“小灰灰”，童音回复“大恐龙你好”，好有喜感。
2-3【关闭的功能】关闭主驾迎宾（身后装了安全座椅）、关闭无感进入（手机和车钥匙都关了，保留无感闭锁）、关闭了离车自动关窗、关闭了锁车后视镜自动折叠、关闭360的透明车体，关闭了这几项更符合我个人的开车习惯。
2-4【磨合期的模式选择】燃油优先、舒适模
式，在首保前多磨合磨合增程器，再加上老是时不时想考验一下性能（比如加速、刹车）
油耗肯定偏高，首保后应该会恢复正常。
2-5【关于静谧性】隔音好并不代表没有噪音、并不存在绝对的安静，比如过坑坑洼洼的胎噪、比如高速风噪、比如空调声等等这些都是有的， BBA 也一样，只是相对来说M7抑制的很好，可以接受且舒服。
2-6【自适应巡航】在高速或者堵车时一直在用，也慢慢习惯和依赖，这个真是神器，前车跟随、车道保持、主动刹车这些功能不只是噱头，是真的靠谱。只是宝宝睡觉时不建议设置，时不时会有前车别车压线，导致自动刹车力度有点猛；也会有前车变道，主动寻找前车的加速有点快（可以设置最高时速），求平稳。
2-7【无线充电】 HW 在细节上扣的太到位了，有坡度、有散热、有防滑，急刹车时就能感受到 HW 在综合驾乘上的贴心。亲测显示40W无线快充。
2-8【冬日续航】这条算是夸赞，又一条贴心之处，据说冬天担心电池冷启动能效打折扣，会有温度保持、电池预热，很赞。

本来是奔着华为车机去的，结果车辆性能也是这么惊艳，算是意外之喜吧。每每停车或在车里休息，听到有人路过谈论“这就是华为的问界M7”，莫名有种小得意，哈哈，惊讶竟然有人认得这个车，看来 HW 在问界上的标签根深蒂固啊。

同时邀请更多的车友共同建设 AITO 一族，哈哈",2022/11/7,上海
会飞的鹿园,外观中规中矩，不能说好看，但是也不算丑，平平无奇吧。车头稍微难看一点，车身和车屁股还不错，所以综合来说外观没有很吸引到我，但是绝对没有丑到劝退。 内饰的话我觉得还蛮舒服的，不算非常豪华，但是用料很舒服，题外话（棕色略微有点土，还是喜欢杏色）。并没有有些人说的座椅很硬的问题，难道是我没其他人屁股娇嫩？ 配置主要是和比亚迪比，当时主要去看了比亚迪。首先无线充电带空调口就很人性，比亚迪那个充电位置巨难用还很烫，而且双40w就很爽。而且前后座椅都有座椅通风加热按摩，试了下试驾车感觉还不错，比比亚迪那个塑料内饰强太多了。其他配置也不用讲了，鸿蒙车机yyds，再加上零重力座椅，吊打一众新能源。唯一的缺点是第二排座椅不能放平，不能当床车实用，希望下一代产品能优化这个点。 空间的话不能说非常大，我试了第三排座椅还是有一点点挤的，长时间第三排坐人不现实，不过我没有这个诉求。正常当个大四座suv还是很舒服的 续航的话也不用多说，反向虚标都已经是招牌了，200+纯电续航市内足够用了 智能化这一点确实不足，比起小鹏特斯拉等有一点的劣势，但现阶段领航辅助这块我还不信任任何算法，可有可无吧，毕竟用上华为自研的价格得涨好几个w，穷啊。其他智能化还不错，自动泊车，自助巡车等功能确实不错，总体来说吊打比亚迪妥妥的，其他新势力各有特色，总体来说还行吧 驾驶感受，很多人在喷没有用上双叉臂，说麦迪逊不行。但是你要知道配件再好底盘调教差了一样感受很差。m7的悬架调的很软，过一些沟槛没有明显的颠簸感，城市开的话很舒服，动力相应也还不错，毕竟电车动力本来不会差。再加上各个视频网站上也能看到m7的馈电油耗，基本6个多，我觉得很出色。在30万附近能买一个各方面都有优势的6座suv很知足，推荐给各位。本人已大定，坐等月底提车,2022/8/8,
哄哄46662,"提车地点：太原AITO问界售后服务中心
交付时间：10月14日
提车时间：10月16日，交付开车送上门。
【最满意】
小轿车开了8年，第一次有了中大型6座SUV，空间足够大，一家4口出去玩不用太挤了，尤其喜欢华为智能座驾和华为智能音响，可以设置音乐氛围灯，听歌K歌非常棒。整体感觉非常棒，老婆孩子都喜欢。
【最不满意】
跑起来孩子们说坐后排晕车，可能是加速比较快的原因。
【油耗】
通勤单程26km，我纯电优先，消耗百分之12到13的电，百公里电耗18-21之间，续航196公里，我上下班通勤得3天充一次电，剩余20%的电后自动启动增程器，市区油跑过两天，油耗在7-8个油。快充电30分钟到80%，大概1小时左右充满，速度还可以。
【续航】
满油满电显示电续航196公里，油续航900公里，合计1100公里左右。
太原的冬天续航就不够了，前几天天气冷，两天得充一次电。
【购车经历】
购车前试驾过蔚来、比亚迪系列、特斯拉、M5、M7，试驾体验后老婆孩子比较喜欢蔚来和问界，还是有华为情怀，思考一天果断大定问界。
【智能化】
人脸识别账号，自动初始化识别人的后视镜和座驾。车机鸿蒙系统非常清晰流畅，类似于一个高配平板，2个无限充电非常给力，无限充电有一定的坡度，手机充电跑快了也不会掉了。360°全息影像帮助主驾拐弯掉头全方位识别障碍物，辅助驾驶，只能高速上启动，自动泊车（网上看到有人用自动泊车碰到柱子了?），手机投屏，KTV唱歌，台显和智能语音交付功能，让开车更轻松。
【内饰】
我老婆选的韶华杏色内饰，一块导航屏幕，一块中控屏幕，噪声极小，空调带香氛3款，可以设置。车内有20多个音响，还有128色的氛围灯，晚上开车听着歌，氛围灯随着音乐变化，感觉超级棒。零重力座椅感觉挺好的，不过要加1W，不值得就没选。
【驾驶感受】
加速快，起步快，油门顺滑，不踩油门，就和轻轻踩刹车一样，动力回收利用率高，我一般在市区跑的多，二驱就挺足够，方向操控很轻盈，转弯角度真的挺小，能少打一把方向。
【空间】
身高178cm，我坐第二排也觉得挺宽敞的。第一排二排空间绰绰有余，看过很多车，这空间算非常大的，第二排抱着孩子都不觉挤。一般我都是把第三排放倒，这样储存空间非常大，买了一个60L的收纳盒，存储东西，这样显得不乱。

【提车价格】
价格31.98W，交1000抵5000，送的价值8000元的华为充电桩，6000元的户外露营套装。",2022/10/27,太原
猫儿48,预算不超20万，我是女生，一心想买纯电，收入不高所以不想加油了，最喜欢的是欧拉闪电猫，也是唯一试驾的车辆，没想到外面的世界已经发展到这个地步了，能自动跟车和自动泊车，当时看呆了，但是高配下来要21万也没什么优惠，当时是8月份，想等等有改款，一等就等到了问界发布，当时看了智界发布会，除了价格完全符合我的要求，而且对比闪电猫确实空间太小了，盲定智界S7，当时我在外省，随便在我的省会搜了一个销售加了微信，一直到最后提车都没见过销售店在哪，人长什么样。 后来等近一个月也没提车通知，我附近几个市连展车都没见到于是准备换车，于是看了有十来个车品牌，C260是我前几年最喜欢的油车，但是看了实车瞬间放弃，空间好小后排地板一块大凸起，看着好压抑，不敢想象让我老爸老妈孩子怎么挤进去，A4A6也几乎同样的感觉，CT5倒是非常好看，顶配落地也才23W，可惜是油车，比亚迪看了几款很养眼，海豹粉色在预算之中，直到看了理想，所有前车抛之脑后，那空间和舒适度智能化完全不像一个时代的产物，就是价格又又又超出了预算，刚好我老妹直接就提了L8，各种安利我。 最后到了AITO店，问界M7出现在眼前，空间超出我的预想，坚定我的还有电动踏板，对老人孩子太友好了，连试驾也没有，回去听了销售的建议，将智界换成问界，至少老爸近一米八的身高往里一坐直接夸这车空间真大，那一刻所有付出都值了，庆幸当时换车的选择。 权益1.5选择了21寸轮毂和电动踏板，没有选智驾包，销售说没有车主这样选，我也不知道会不会后悔。提车时新的权益优惠2千，但是销售忙的要死人特别多根本无暇给一个顾客身上浪费很多时间讲解，无非就是不想给我换权益，最后我也懒的计较了，按原计划提车走了，连教我怎么使用都没有，全靠网上东拼西凑的搜。 什么东西都没送，全是官方标配，一个脚垫一个U盘一根充电线，所谓送的太阳膜没要，懂的都懂。 开了两个多月，越开越爱，所有人都说这车真大啊，老爸坐主驾，老妈和女儿坐后排别提多宽松了，后来还带村里几个老头儿去开封玩带的东西多坐的也舒心，带几个老太婆去赶集去拍抖音，她们说我车大每次都非多坐人。 外观和内饰真的不如理想好看，我也不懂为什么不加个橙色内饰皮，这实话实说，连我老妈都说咋没你妹的车好看？我妹说你这是老古董面包车吧，一开车门说:里面更像！ 但是吧，在智能面前一切都可以靠后。 智驾超出我的想像，原来开的的合资轿车近十年，没想到世界发展真快，早知道早换了，几乎再也不自己停车了，高速就交给小艺，从来不知道开车这么轻松，总是心疼自己前十年怎么熬过来的，再看着那台小破车就撇开眼。 由于不送充电桩，自己网上买了根20米的随车充，在老家刚好够用，虽然充的慢点，实测多次200公里续航实际能跑130-140，高速120公里，剩余20%时开启增程，冬天过年期间开空调。 建议咬咬牙四驱，后驱确实动力差点，有次陷在泥里出不来原地打滑。在雪地里还飘了两次，没有雪地模式，找到一个湿地模式打开了。为啥没有方向盘加热呢？ 出门再也不用操心车钥匙，拿着手机出门就行，还能提前热空调，有时出门前我爸还提醒我先把车内热一下。 不要以自己的想像去调侃别人拥有的东西，科技改变了出行方式，你可以不接受，但你阻挡不了它已经到来的事实。总之我再也回不去我的起亚轿车了，也回不到传统油车了，我是十年老司机，但我要智驾，我要自动泊车。,2024/3/9,郑州
Shawn胜哥,外环真不咋地，特别是屁股。 内饰选的杏色，没想到还挺耐脏。 配置感觉基本到顶了，不需要激光雷达和NCA，所以选后驱plus（穷），选了科技舒享包，没选踏板和轮毂，后期考虑加个踏板。 空间非常充裕，座椅也挺舒服。 wltc续航200，冬天和跑高速都会打折，开电车基本都懂。 智能化没的说，语音控制很方便，鸿蒙系统很丝滑，希望开几年以后还能保持这样。 过年开了2000km+，有几点问题：底盘遇到大颠簸会晃三晃，感觉收不住；方向盘不正，有轻微跑偏的问题；倒车过程中，往前提的话autohold功能自动打开有点不方便，踩油门往前的话不好控制距离；还没贴膜，太tm晒了；在有些低矮的地下车库打开后备箱时要注意别磕碰到顶部，我就刮到后尾门了，三道白印子，希望抛光能解决问题。,2024/2/18,苏州
钱咋又丢了,"【购车经历】
首先个人还是喜欢油车，不过因为限号确实不方便，就想换个可油可电的车，其实没啥好选的，只有理想和问界。
理想L8试驾了就那样吧，配置丰富，外观还算好看。
问界试驾了驾驶感受比理想好一点，理想好像更软。
考虑到父亲比较喜欢华为，就定了问界。

【最满意】
智驾系统太厉害了，配得上遥遥领先。
传统油车时代过来的，只用过定速巡航，也开过BYD汉的LCC，我评价就是不如没有，太危险了。
提车后就去旅游了，4000公里高速开始尝试智驾，到一发不可收拾，只能说太NB，几乎不用管。整个驾驶过程中全称接管5次，其中2次比较危险自动退出ADS，但是总体来说非常厉害了，驾驶疲劳度减轻太多了。
以前觉得智驾人盯着会更累比自，己开还累，实际驾驶后发现根本不是，逐渐熟悉后其实可以提前感知到智驾哪里可能会出问题，总之会越用越放心。
这东西有个接受的过程，习惯就好了，没想象中那么可怕。
智驾几乎达到了无人驾驶的水平，但是由于使用中出现过危险，我觉得智驾也只是辅助驾驶而已，老司机我建议还是信自己，新手让智驾面对危险吧，别给智驾添乱了。

【续航】
现在兰州0°到-8°温度下，100%纯电到増程器启动也就跑个也就80公里。加热空调都打开。
【油耗】
油耗确实不高，这个还是厉害的。
看图",2024/2/22,兰州
岁月爬过皱纹160,"问界M7真的好省钱，开了二十年的油车，充电的时候直接懵了，竟然这么便宜，一次竟然不到18元，我都快泪崩了，现在这么高的油价，真的让我觉得买了M7是个英明的决定，原以为充电要很长时间，专门找了儿子上课时间去充电，结果40多分钟从18%冲到了95%,提车回来2次一共加了166.66元的油，现在还纯油能跑178公里，充电的费用我自己预估大概一个月200元，以前宝马加油一个月得1200元，现在一个月的油钱够我M7跑半年了，省，真省，再说智能车机，我的不是智驾版，但是车机是真的好用，流畅，智能，全具备，车道保持定速巡航都有，AEB什么的已经触发2次了，比我自己刹车要快，避免2次事故，好处太多了，我实在不太会表达，也不会写小作文，大家伙将就看看吧。",2023/11/25,孝感
艾斯火锅,从油车换到新能源车，之前是一辆探岳，表现挺稳定的，一直没掉过链子。现在换掉之后，反倒是很担心新能源车的小问题会不会很多。惴惴不安。产品的质量和稳定性，就有待时间验证了。 先吐槽： 10月24日提车智驾版M7，但是没有车道保持、没有NCA、没有自动泊车。 可能是没把握完全做到的时间点，为了销量也好、噱头也好，提早的发布出去了。既然说到，就要做到。做不到，你就说什么时候可以做到。给出有效承诺，说到做到，才可以建立消费者信心。而不是噱头。 交车节奏总结： 成都，9月15日锁单，10月20日发运，22日到店，24日交车。从概率上来说，同是智驾版，肯定还是选的更多的颜色和配置有更大概率比其他配置早交车。也和用户中心打款和对接厂家的效率相关。天天催可能还是有作用，但是似乎现在有补贴了你们也不用那么急了。 外观： 银色比较耐脏，也更不吸热。这个是我选择这个颜色的理由。晚上灯光下看其实更像白。悬浮顶什么的，600-800元就可以拿下，我不是很在意外观，就没打算去。 驾驶： 所以目前只能说手动驾驶起来如何。车目前还是好开的，不过驾驶这种比较主观，有的人喜欢软，就说硬的减震不好，有的人喜欢硬，就说软的路感不好。 内饰： 确实比较担心杏色内饰比较容易脏，所以准备了一些清洁剂，但是也不准备去买一些什么防踢保护套之类的，感觉贴上去以后车的档次太LOW，只有自己清理勤快点了。 能耗： 还没烧过油，纯电城市里正常开17-18，稍微激进点开20-22.其实增程式，只要不在意电快没了就烧点油，就也不太在意能耗多少了。估计纯电车友会更在意这个。,2023/11/1,成都
自律o是一种态度,【购车经历】 本身比较看好华为，第一次了解问界是无意间看到华为商城里里的车！后来就关注了M7，从首发到小订，大定！整体来说销售的服务，解答还是很专业的！ 【提车价格】 因为我订的是舒适版本，没有选零重力，是我个人原因！因为不太喜欢后排零重力，如果零重力在副驾，嗯，毫不犹豫订了！只是自己个人浅谈！不过零重力还是很不错的，算是对得起百万豪车的噱头！ 【驾驶感受】 提车有20天左右，里程已经3000+公里了，跑过高速、山地；动力很足，可能因为年龄原因吧，很多人说四驱马力足，但是车主本身已经失去了那种速度与激情！个人觉得后驱动力也是有很强的推背感的！ 【续航】 新能源车嘛，续航才是大家关心的！M7呢，纯电低于20%的情况下启动增程器！这个设定还是不错的！ 高速纯电模式，如果时速控制在120码上下，大概能跑160公里到170公里，平均耗电量为16.5左右 市内纯电模式，平均80到90码，满电续航大概能跑200公里左右！平均耗电量为14左右！ 【油耗】 油耗我这边暂时还没有一个精准的数据，不过我增程器使用了1800公里了，一共加油加了4次，第一次是加满，以后都是一半的是时候才加满，总体来说，应该加了1000块左右，现在油箱续航还有675左右！整体来说油耗还是比较低的，大概百公里4到5个油！ 【缺点】 地下室车辆没信号，不过这也不算太大的缺点，毕竟才4G，没有运用5G到车机，这算是一个小小的短板吧！最后希望OTA升级能够尽快！,2022/10/18,郑州
羽杉希,今年3月份就有增配一辆车的打算，在懂车帝app上认真专研了7个月，终于等到了你，毫不犹豫立刻拿下。 我家第一辆车是丰田的卡罗拉，由于响应国家政策成了二胎家庭，出去郊游和旅游的次数明显增多，偶尔还想带上父母，目前的车显得有点拘束，所以想换个25万左右的7坐车。 我们刚开始看的是汽油车，对于新能源汽车没有一点想法，因为我们这个小县城周围大部分都是汽油车。 从7座suv的日系汉兰达、陆放，看到了美系雪佛兰开拓者、别克昂科旗，还有现代胜达，奇瑞瑞虎9，福特的锐界l，传祺gs8。在懂车帝上各种对比参数，从舒适度、动力、智能化、油耗等等，以上车型我都去4s看看过现车。最终决定购买福特锐界l，当时谈的价格是26.5万。 当天我和媳妇准备去订福特锐界l。在去的路上，懂车帝问界客服打来电话，说邀请我们去看看，所以我们就决定去看看就看看呗，结果没有试乘试驾就感受了一下座椅的舒适度，体验了一下智能座舱，我们对于锐界l和问界M7开始犹豫了。 1.同样的价位，26万左右，为什么不买相对舒适的汽车呢，一个纳帕真皮，另一个仿皮，另外座椅通风按摩全都有。 2.我咨询了我的高中同学，他们好多人也买了新能源，开的都挺不错了，我才放下了对新能源的包袱，开始接受新能源。 3.我家3岁的孩子都会和小爱同学，还有电视进行语音互动。后来我想我花了25万买个车，这个功能都没有就太落后了吧，我试驾了好多车，对于车机的互动和流畅程度都很一般，问界M7的车机我很满意。 4.我是物理老师，汽车往前开，摩擦力是向前的，摩擦力大小=摩擦因素*正压力，汽车前进重心后移，所以标准汽车应该是后驱才会获得更大的动力。所以我不喜欢新能源电机前驱。 5.我们9月18日大定的问界 M7。10月12号到店，开心 6，加了电机护板，挡泥板。车内贴膜 7.驾驶感受，我有点晕车。这个是我的问题，因为我以前座朋友的腾势d9也会晕车，只能慢慢适应了，或者各位看官有什么不晕车的方法，留言告诉小弟，不胜感激。,2023/10/18,长治
用户5947194605197,"选择这个车是因为对华为比较了解，自己一直都在用华为产品，包括家里面的电器。所以说吧车也用成华为的对我自己是比较方便的，它的生态系统太大、太完善了。匹配上使用太喜欢了。

30万出头的价格选择性太多了，之前还考虑过燃油车。比如奔驰GLC、奥迪Q5等等。其他新能源比亚迪唐EV、理想L8都看过。可能做比较的时候就是L8和M7哦！两辆车比较相像，同样是增程试1.5T，同样的新能源形式。反正最后怎么选择M7都是因为华为

使用了半个月，跑了1000多公里，过年回了趟老家。不管是高速还是城市或者老家乡间小路，车子反馈给我驾驶员的感觉是非常自信的。底盘质感不错，很喜欢。车上的空间对我来说是可观的，6座我一家人就才四个人，车子空间多多有余，第三排不用就是一个超大的后备箱空间，很舒服，出去玩或者想过年回老家装年货是很能装的，像一个货车一样，哈哈哈。车机是我最爱的，匹配自己的华为手机是完美搭配。无缝流传超级桌面、NFC的手机数字钥匙都是非常好用的，非常喜欢。大家如果是想用一个好用的车辆车机就可以选择这个车。HarmonyOS鸿蒙系统，销售顾问跟我说是常用常新，但是我也非常相信这个系统，我手机就是用这个系统用着非常好用。
其他比如像车辆的续航新能源，也就是那么回事，你选择什么新能源，他续航头有点虚标的，但还好在我的一个接受范围内，充满电大概150的样子，和销售跟我说的差不多。
总结下来！选择了我自己喜欢的，很满意。我觉得自己选择自己喜欢就对了。",2023/1/28,贵阳
秋风即使带凉818,智能卫士好评，昨天晚上回家停好车就打开用上了，第二天早上上车小艺推送20组晚上的录像，点开一看有一组发红，点击进去小艺已经标注好了时间区间，很奇怪，视频到红点处录像画面晃动，立马下车一看，车头被刮了，气死了，已经第三次被刮了，上两次都没抓到人，还好这次小艺把对方车牌拍得清清楚楚，立即联系物业要到了对方的手机号，对方查看了自己的车也马上就承认了，问了下用户中心修车费用，让对方按这个费用进行赔付，对方也没说啥立即转了钱，整个过程就2小时，感谢小艺让我体会到抓人有证据的舒爽感  。另外智能卫士非常灵敏，小猫路过一下都能激活，不过开一晚上7小时的智能耗电5%左右，有点多!,2023/10/22,镇江
正义凛然雪碧Yvz,前后看了几年，早就想着换车了。奈何疫情奈何大环境奈何口袋余粮，前前后后看了很多车。价格从 35～15 在波动，从二手到新车，从油到纯电到增程。真的是看了很多很多，把自己都整晕了，没有线下跑很多店，都是懂车帝上看测评看配置。最早看过冒险家航海家那时候都准备下定了，很喜欢外观，配置也不错价格也适中。但是又被特斯拉吸引了觉着外观时尚智能化程度高，就慢慢开始看纯电，eqb、e5、智己6、小鹏 6、看了好多一些都忘了，后来朋友买了增程的，又开始做功课了解增程车。过程相当曲折，总之就是看了二三年的车一直在边走边看。直到陪老婆逛德思勤，看到华为问界，突然就觉得这才是我的梦中情车，哈哈，真的就是那种感觉，从安全性能来说，老婆怀了宝宝，需要给他们一个更安全的车买车这事已经不能再拖，从外观来看按我说不突出也耐看算是比较中庸的中大型居家车吧，从智能化那我是很相信华为的，从内饰也好过 bba 一系列，从价格来说也比较满意，各项指标都是踩在我的点上了。然后选配置那时候选车只有三个型号，就是后驱、四驱智驾、四驱，没有六座需要。作为十多年的老司机智驾高速以及城区通行都不放心还是自己开靠谱，高速自适应巡航也够用了。南方也没必要四驱又不是什么动力要求很高的热衷粉。所以直接上性价比最高的后驱了。话说回来才订三天就出来一个后驱智驾，当时想换有个智驾的激光雷达主动避险应该也要聪明一点。但是购车订单不能取消或者置换，相当与定金 5000 得自己认亏，主要刚下订没几天就出了新版本不合理，虽然店里说给其他方式的补贴给我，还是算了就按最初的选择来吧，智驾也就图个新鲜，不是刚需。无所谓啦😁接下来就是等，11 月 25 下订，以为能当回华为编外人员结果 12 月 30 日到车了，赶在年末最后一天到店，碰上元旦节放假只能 1 月 3 号再去去提车了。提车当天是真热闹工作日居然也是每天十几台的交付。我真的佩服华为啊，店里销售和交付都是忙得连轴转。我是做足功课准备去如何如何验车交接，结果没用上，还看什么看感觉哪里都香，摸几把方向盘都想开回去了，直接快速流程交钱办临牌蹭个中餐上保险延保什么都搞齐，舒舒服服开回家。嘿嘿累了不说了，要睡觉了，本来准备说说用车体验，突然发现凌晨一点了。初一都过了，那就初二给大家拜个年，祝浏览此篇看我絮絮叨叨这些的宝子们：龙腾万里、山河畅游、共赴岁新、喜迎龙年！ 龙行龘龘（dá dá） 前程朤朤（lǎng lǎng） 生活䲜䲜（yè yè） 事业燚燚（yì yì） 健康𣊫𣊫（liù liù） 财运𨰻𨰻（bǎo bǎo）新年快乐龙年大吉大利行大运，五福临门喜乐平安，2024大家一起发发发！！！,2024/2/11,长沙
得陇不望蜀461,买车准备结婚用的。问界M7可以说是移动的家+家庭影院+KTV等等等等，功能真的太多啦!外观不用多说就是一个帅!带有按摩功能的座椅，坐这辆车跑长途，不知不觉的就到达了目的地，旅途是一种放松的享受。 空间真的大：车内空间超大，全家人一起出行都能坐的很舒服。后备箱也有超大空间，不仅能放下远郊游的行李箱甚至放下近郊游的露营装备也不在话下，把后排座椅放倒之 后还能汽车秒变1.8m大床，特别适合全家出去露营。 能加油真方便：增程式动力方式对远途旅行真的极为方便，能加油，1000公里以上的续 航里程完全没有其他电车的里程焦虑，全家人想去哪玩说走就走。 全车不仅颜值在线，驾驶起来对女司机也很友好：配备了倒车360度俯瞰视频辅助，对手窄路错车、停车简直太方便了，大大减少了女司机上路的心理负担。,2023/10/30,重庆
俏花盛开,"自动驻车很灵敏，等红绿灯的时候是很爽，速度降到0,自动驻车，不用深踩油门。但是下地下停车场，车多跟车时，需要不断的油门和刹车交替(下坡跟车排队等收费杆百分百速度会降到0,速度一到0,马上自动驻车)。常规的逻辑是调节刹车力度就能轻松跟随，我还要踩油门跟前车，要是力度没控制好，或者刹车没跟进，就是另外一个故事了。(设置里的下坡辅助启停后自动关闭) 其次，倒车挂R档自动解除驻车没问题，挂D档就自动驻车了，离前车非常近的情况下驻车，前进需踩油门，会往前面冲小段距离，很危险，不管你脚法多温柔，都会有前冲感。 特别是侧方位停车，离前车近时，必须立马踩刹车，离前车还有30-40cm的时候，冷汗都会吓出来。 可能也是我脚法问题，对新车不适应，前后倒车脚力控制不到位，但希望自动驻车的逻辑和灵敏度问题能够得到改善，起码可以选择停车入库、侧方位停车的时候，给用户一个选择取消自动驻车的按键",2023/10/23,南昌
一眼望穿流霞,提车周期52天，关爱补贴领取了400元。 开着这台大车感觉像开船一样，静谧性和舒适性都好，过减速带砰砰两声，一点不拖泥带水，四驱加速性能和侧向稳定性都很好，在超车变道游刃有余，丝毫感觉不到这是台接近2.5吨的大车!厦门市区下班高峰期交通极其拥堵，仪表盘的行车信息，HUD抬头显示，会有各种安全提示，在拥堵路段非常方便! 由于车子太大，原本地库的车位不能用了，只好停在地面，狭小的停车空间也不必太担心，因为他的360度摄像头夜间也足够清晰，并且有轮边位的影像，给我很大的信心，能够很轻松挺好这辆大车。 天青蓝色真的是选对了，在阳光下格外清新和与众不同，十分有高级感!,2023/11/1,厦门
寒漠鼓惊,我是8月20号去试驾，试驾的是m5，后来呢，看到有一辆M7在试驾车的旁边，一看就喜欢上，因为它空间非常大，六座，并且前四座是非常舒适的，我家刚好是四个人，把六座当四人作用也是非常好的。我当时就交了2000定金，当然，当时是2022款的，当时公司给了我24万的优惠价，我就开始等车了。8月26日，成都车展，就推出了M7大五座款款。当时负责我的销售给了我电话，说m7的大五座版有许多的改进，我二话没说，就赶紧把那交的2000块意向金定了新的m7，9月12日，新m7的发布会，我立刻大定了，是湛江市首个m7的大定车主，当时我定的是鎏金黑，来找了许多的资料，也看了许多的视频，觉得黑色虽然外观霸气，但是呢，依然不是我喜欢的颜色，本来我的车已经排产了，经过一方的思想斗争，我终于决定把车身色改为冰晶银。但是改变车身颜色之后呢，得重新安排生产，所以我提车的路要长了很多。九月25日，我有幸参加华为深圳发布会，是非常激动人心的发布会，发布了多项新产品。我感觉是华为凭一己之力挑战整个西方的高科技通信产业。虽然整个发布会没有讲到华为的5G芯片，让我觉得少有遗憾，但是华为一系列创新的产品也让我不止得高呼，遥遥领先，遥遥领先！我还有幸见到了于洋部长，于部长诚恳务实，和蔼可亲，还与我亲切合影，太高兴了。我对汽车没有什么研究，但就算是2022款的m7，我试驾过一次就深深的爱上了，别说新M7做了那么多诚意满满的改进。还有一个把责任和创新刻在骨子里的华为，不会让我们失望的。,2023/9/30,湛江
快乐会传染25,"提车大概有两周了，不知道有没有车友碰到这个问题：昨天晚上地库停车发现锁车后，里程表显示屏背光仍然亮着(白天不明显可能未注意),且屏幕显示红色P档符号，经过几次验证，发现大概两分钟之后整个屏幕和P档符号才会完全关闭熄屏。(图一：车辆上锁后，地库光线较暗，里程表背光明显且显示红色P档符号图二：隔着车窗拍摄，放大后能看出来是红色P档符号)微信询问用户中心工程师说可能是仪表背景灯异常导致，之前他们也没碰到过这个情况。今天上午出去办事儿结束后顺路去了趟用户中心，与工程师沟通后发现其他车也存在这种情况，用户中心的新车锁车里程表屏幕也会有一定的亮度(白天不太明显),且显示红色P档符号，可能是系统设定的问题。 建议 (1)锁车后车辆背光及红色P档符号约两分钟之后关闭，不太确定是否是系统设定，也不太清楚这样设定的目的，感觉这样还是很容易让车主认为车辆存在故障，包括工程师一开始也认为里程表存在故障，建议锁车后里程表背光完全熄屏，红色P档符号也无需单独显示，锁车屏幕熄屏也符合日常认知，希望后续优化一下系统； (2)另一个问题：水晶档把标志灯光无法关闭，亮度也无法调节，有时还是感觉比较刺眼的(忘拍照片了，网上看也已经有车友提出来了)。如果车主可以自行控制档把灯光开关，或者能调节亮度就更好了，希望后续能优化一下。 总结 M7提车两周，总体感觉还是非常不错的，希望AITO问界越来越好，能够不断优化车主体验，继续遥遥领先，加油!",2023/10/28,深圳
郝老师的马灯,提车以后总里程不够多，所以没太多可以说的，但是总体上还是比较满意的，尤其是之前的车，语音互动就没有，突然用了这个车机，感觉还是非常方便的。 第二个满意的地方的，就是车辆内饰豪华感，对比了家里另一个奔驰c，个人感觉没太大区别。 第三个就是配置比较丰富了，座椅按摩通风加热这些舒适度基本拉满，其他的辅助驾驶也基本够用。 买这个车，其实考虑还是比较明确的，日常家用一般不会超过4个人同时用车，所以，后排基本空着，这样空间显得很大，舒适度足够了。一旦真的家庭全部用车，第三排虽然不太舒服，但是孩子坐着问题也不大。缺点就是后备箱空间小了，6座全部用了以后，后备箱基本放不下什么东西，这个也没办法，毕竟不是全尺寸的，就看个人需要吧。,2022/10/13,北京
有时很忙280,车刚拿回来不久，感受倒是挺多的，可能是刚换新车心情比较激动，这车的人机交互很棒，一般的功能都可以通过呼唤小艺进行操作，比较好的一点是不像小爱同学需要先唤醒再发指令，直接呼唤发指令就可以了。大五座的后排空间真的是太爽了，按摩通风加热一应俱全，而且后排座椅可以调整角度，大概10多度，跑长途很友好，不像一般的车一个角度，长时间坐会很累。这些天一直把车钥匙放兜里，走进车一米就会自动解锁弹出车把手，离车超过大概两三米就会自动关闭车窗上锁。对于常常忘记关车门车窗的我绝对友好。因为不是华为手机，之前还在担心用手机解锁不方便，昨晚又试了一下，发现绝对没问题。,2023/12/4,成都
Lesswords,"空间：只开过家里的A6L（2010两驱）和X6（2013四驱运动版），只能谈谈和这两个车的区别。我自己感觉坐驾驶位要比A6L还舒服一点，因为人坐的位置比较高，相对能坐直一点，跑长途腰疼和膝盖疼的问题都没有了。第二排空间完美，相当大，前后调节距离也宽，加个小桌板笔记本打字都不会挤，加上第二排右侧的零重力座椅，任何情况下第二排舒适度都拉满。
驾驶感受：我主要在高原上开，海拔2700-3100左右。我一开始以为油车换电车驾驶习惯需要适应一段时间，开上以后发现是我多虑了，开起来和A6一样轻快舒服。辅助驾驶只有车道保持和定速巡航，级别不高，但对我来说特别实用，高速上定个120基本脚不用碰油门，定速巡航前车速度慢的时候会自动减速，能调节跟车距离，手不能长时间离开方向盘，否则会自动取消巡航。跑山路上坡动力超强，下坡还能充电。车身超过5米，但是轴距短，掉头挺方便，我自己没感觉到啥不好的，转向时候也很稳。倒车影像特别棒，甚至有车底的图像，自动泊车可以AI识别，也可以自己在屏幕上选。隔音好，用纯电在质量高的路面上跑的时候，一点动静都没有，简直是夜晚的超级享受，我老喜欢晚上漫无目的转两圈。整体驾驶感受调校的和A6L差不多，甚至要舒服一点，油门（电门）的反馈特别灵活丝滑，满分！
续航：M7配备40度的电池、60L的油箱，CLTC1100km，实际上车以后表显纯电续航165，满油续航850左右，华为的表显续航比较保守，某些情况下甚至会出现“反向虚标”，基本可以信任表显续航，冬季会因为空调掉电快，燃油优先模式下空调会利用增程器余热，这时候基本不会额外费能源。
内饰：内饰给料真的足，真皮、实木、水晶挡把都有。我选的颜色叫韶华杏，一种挺舒服的白色，配着座椅通风的点阵还是挺好看的。遮阳板内的超大化妆镜真的加分，化妆镜两边的灯很柔光。两个40W的无线充电位也是加分项，除了无线，还有好多有线口，都支持华为66W快充，全家桶用户福音。氛围灯很棒，大天窗也很棒，期待夏天开着氛围灯去山顶看星星，打开小憩模式，躺在零重力座椅上看星星，还有比这更浪漫的吗？
性价比：我是没看实车直接上的旗舰版，纯支持，说实话旗舰版性价比不高，降价后的豪华版是真的香，特别推荐！我旗舰版实付375800，现在豪华版起价309800，虽然旗舰版我总体很满意，但是现在让我重新选的话，我选309800的四驱豪华版（M7的选配只影响外观，不涉及功能，可以什么都不选配，这也是华为定价良心的地方）。
智能化：全球No1，不接受任何反驳。老美制裁认证，被制裁的中国企业都有全球最先进的技术，美国人都给你说得明明白白了。鸿蒙系统加持的车机可玩性非常高，国产车机谁都比不了，他甚至能wps办公你敢信？超级桌面能在车机上用手机上的应用（能直接打开微信，微信通话也能流转到车机上），还能连手机、连电脑、连平板、甚至ps4、ps5、switch。后备箱位置有个220V插座，能直接连个车载冰箱或者ps4。
其他不好归类的小特点：
华为音响： M7全车有21个发声单元，车外还有4个，露营时可以外放音乐，全车1000W的音响功率，平时声音放到30%就完全够了。
语音助手：华为的语音助手很强大，唤醒很灵活，和手机连接后就不会唤醒手机上的语音助手了，语音对话可以识别是哪个位置的人唤醒的语音助手，语音助手会自动识别副驾的声音并忽略掉其他人的聊天，防止其他人声音干扰语音指令。
人脸识别摄像头：M7的左侧A柱上有个人脸识别摄像头。绑定的车主上车时，会第一时间进行人脸识别，识别成功的话就会进入你自己的账号，否则会使用游客账号，保障你的数据安全。行车过程中也会用这颗摄像头检测安全驾驶情况，如果偏头看风景太长时间会提醒集中注意力，打瞌睡或者闭眼睛会提醒疲劳驾驶。所有的人脸数据只在本地使用，担心隐私泄漏的人也可以用随车的盖子把摄像头盖住，物理防窥。
洗车模式：M7自带洗车模式，打开后车辆自动下电并保持车门开启，放便洗车开关门，同时保证洗车时高压设备安全。解锁方法是用钥匙锁门再开门就行了。但是洗车模式还是有个问题，就是钥匙不能走远，无论是实体钥匙还是手机钥匙，走远了车门还是会自动锁闭，再开门洗车模式就关闭了…而且这个钥匙识别还很灵敏，揣兜里绕车走都会触发锁车，还需要优化优化。
钥匙：问界一共有5种钥匙：手机、手表、遥控、卡片、机械。 
车内摄像头：后视镜上方位置放了一颗高清摄像头，可以拍摄到车内的每一个人，同时也能切换到前置摄像头拍路上风景，不仅支持拍照、录像，而且手机可以直接调用！
HUD头显：华为这个HUD简直优秀，高清彩色。行车时会显示车速，导航开启时会显示导航信息，速度快时会显示车道和前车，定速巡航时会显示巡航速度和当前车速以及巡航开启状态以及前方是否有车。还能调节高度，满足不同身高人实用。相当实用，开车时基本不用看仪表盘和车机。",2023/2/14,兰州
网络乞丐克星,作为一款中大型SUV，34的价位让我特别满意。不仅能够兼顾家用，商用也没有问题。 底盘扎实，安全感高。我高速下轧道，时速80没有感到有侧翻倾向。避震方面，我开过的车子不多。比我以前的天籁和凯美瑞要舒服。至于是麦佛逊还是双连杆，我没有太多评价。因为我真的不清楚区别。 隔音静谧性很好，配合华为音响，很舒服。因为这个音响效果，我已经充了华为音乐会员。。。 内饰我非常喜欢这种简约风格，和传统油车的内饰已经是两个时代的产品。并且新车基本上没有太大味道，这点点赞。 辅助驾驶也能够满足我日常使用，高速不画龙，跟车也不错。再高阶的辅助驾驶我可能也不大敢用了。 车机就不多说了，非常强大和方便。UI设计逻辑非常清晰明确。 最让我满意的就是动力，是一款驾驶乐趣蛮好的SUV。 市区内通勤，我基本上都用纯电。11号提车到今天，一共一个礼拜。除了高速用了点油，其他时候都是纯电行驶。 相比我之前一个月1000元左右的油费，省太多了。我非常满意。 至于近期，大家讨论比较热烈的暖风问题。我了解到的信息是，除了中控风口，还有第一排座位下有暖风风口。理论上是完全够用的。 我也经过实测，气温在10℃左右时，车内制暖基本只要5分钟。如果是北方的小伙伴，可以提前用手机app打开暖风功能，基本上你上车时车内温度也是事宜的。如果对这点比较建议的朋友，我建议你可以再观望观望。 总之，30几万的价位，我建议大家多多关注华系车。新势力在这个价位，基本吊打BBA之流。,2022/10/17,芜湖
用户855981762857,"今天终于订车了，在这里说说我的订车感言吧，希望给正在纠结 也许和我一样的人一点建议，纯属个人感想说的不对的地方请见谅。
1. 当初在增程和EV之间徘徊 这两款车型纠结好久，纯电和增程我都试驾了，两款的驾驶感并没有太大区别，但是考虑到平时跑高速比较频繁，最终还是订了增程版的。
2.颜色 当时想选择一个比较大众的颜色，比如黑或者白，但是到点看到展车的墨绿色很抢眼，想着毕竟是新能源车，那是选择一个特别颜色的吧，哈哈 
3.空间不能说太别的大 但足够用 我基本不不会满载5人 就算满载也不会装不下啦 
4.性能 新势力的成型，新技术都说不成熟，我选择它，因为我相信华为，新事物都有个过程我敢挑战，毕竟当年手机乱世的时候他也是腾空出世，碾压一起切，同样造车也是一样，他有这个实力，我对他也有这个信心。。
5.选配 我但是没有选择最高配置的，虽然价格相差不多，但是毕竟还是想省点是点吧，归根结底，还是穷，哈哈。
6.时间 订车的时候销售说新能源跟燃油车提车时间还是有区别的，所以可能要排产时间相对久一点，大概要3个月左右，不过因为我当时有车，所以就没太在意这个时间问题
现在车子我已经开上了，我是想到哪说到哪的 比较凌乱 希望和正在纠结的人分享我的想法，
再就是这个车子还有好多功能不是很清楚，需要满满的摸索，但是店里的服务很好，有问必答，所以慢慢来吧，慢慢磨合。",2023/3/16,海口
清新柑桔UDd,【购车经历】 从今年8月份下定决心要换车，和老婆看了20万的传统油车 雅阁、凯美瑞、亚洲龙、君越、蒙迪欧等。雅阁换代之后那个前脸和后备箱空间实在是有点没办法接受；君越和蒙迪欧都是一个经销商，看了内饰 我老婆都不太满意 直接pass；我比较喜欢汉，拉起老婆和丈母娘一起去看了，当时只有一台红色的DMi车型 pass 又看了唐dmi 觉得空间和外观都不错，无奈只有7座 只能pass。下午最后一站去的丰田，看了亚洲龙 空间比较满意；但是对比比亚迪的内饰和车机，瞬间没了想法 落地24 还是布座椅 要啥没啥😳😳 直接走人。 隔壁正好是问界，也有了解过，但是老婆之前一直对这种新势力不太接受 。看了实车 试驾M5过后完全颠覆认知，就等9.12新款价格发布马上下定。 【提车价格】 价格当时一直没松口，找了蛮多朋友 最终给了脚垫和贴膜+一个充电桩 【驾驶感受】 虽然买的是丐版，开起来的感受还是十分满意的，车友群里有人反馈晃， 开了一个星期 差不多1000公里 没有晃的感觉。总体感觉提速和NVH控制得比较好，侧倾和刹车点头也都能接受。 【维修成本】 提车第四天晚上停在自己车位上被女司机刮了，心里在滴血🩸！ 一个面+轮眉更换+轮毂修复 一共1820，确实不算贵。 【续航】 续航达成率较高，节能模式纯电能开到220+ 可能老司机脚法 【油耗】 总体来说能耗控制非常满意,2023/10/21,郴州
顽皮老板喝会醉,"我为什么选增程
在我眼中，增程的竞争对手是传统燃油车而非电车，电车的电池技术尚未达到最优解，因此技术叠代太快车辆贬值也太快。而增程与燃油车技术已趋于稳定，且相较于同级别油车，驾驶质感更好更省油。

为什么不选插混
插混技术一定优于增程这个毫无疑问，但是它的成本更高（包括研发和使用，多了变速箱需要保养），那么羊毛出在羊身上，他多出的研发费用也会体现在售价上，同样价格如果为能源补给方式买单那么必将在其他体验上减配。并且同级市面上没有令我心仪的混动车。（本来去看的第一台车是领克08，我在微信上跟销售约好时间试车，到店后十来分钟没有销售招待，没有车辆可以安排试车，果断离开）

为什么选智驾
在我眼中，智驾系统是新一轮汽车革命，相当于20年前自动挡革手动挡的命。没有智驾的车跟现在的手动挡的车一样，以后当然能开，但不够方便。",2024/1/12,杭州
忙着追逐天空中的流星522,新车在现场其实看起来还蛮好看的，我个人觉得甚至比银色的更好看一些。其实天青蓝加杏色内饰不是我选的，是我们家太太和小朋友选的。我自己刚开始的时候想选银色加棕色内饰更多一些。 验车的时候都大概检查了一下。我的天窗转角还是和之前的一样，没有改进，不过我自己不是太在意这一个。 左右前大灯和增程器盖板这个位置接缝也比较宽，不过比后面后备箱那里要稍微窄一点，大概4毫米左右。 内饰皮座椅的车缝的个别地方有褶皱，但是我觉得也能接受了。后排中央扶手箱相对比较明显，后座我就觉得还挺好的。 后备箱门的车灯与车身的连接处，左右两边的缝真的挺宽的，我目测估计最宽处应该有8毫米。左边的缝还稍微宽一点，右边的缝窄一点。同时对比了在现场交付的四五辆车，均发现有这种情况，不过个别的车缝隙会稍微窄一点，但是也是偏宽的。,2023/10/29,长沙
依依东望,"【购车经历】
宝来开了三年了，陪伴着我跟我老婆安全行驶了三年，老婆怀孕了，考虑换个大车，预算25～30，大众揽境、揽巡、威然、途昂；别克昂科威、昂科旗；福特锐界L；红旗HS7等等，宜春市面上有的大的SUV都看了个遍，诚然老牌车企的品质没得说，驾驶质感都挺好，本来决赛圈定了揽境、锐界L，偶然一次陪公司同事买车，他的决赛圈是ID6、E5，大众车机确实拉胯，转身提了E5，有了这次经历我产生了现在是否还要坚持买纯油车产生了动摇，后面在谈价环节，揽境380佳境谈不到30以下，锐界L优惠也不大，都没到心理预期，心里一横算球看新能源去，第一站就去遥遥领先，哦豁，走不动路了，智能化真不错，行驶质感也不输老牌车企，试驾完立马付了定金，就是这么冲动。

【提车价格】
优惠3000，裸车246800，4s不强制到店内买保险（价格不方便说反正年底返现力度让人惊艳哈哈哈哈），上牌130，落地一起25w1不到。

【驾驶感受】
底盘质感没得说，舒适模式点头不明显，运动模式点头严重，而且开久了头晕不舒服，可能还没适应电车？

【最不满意】
4s送的膜真不行，贴的也不行，是最近交车太多师傅忙不过来吗？ 自己到改装店撕掉重贴了。

【续航】
目前就开了120公里，等开到5000公里再来给大家分享吧。下面有我提车时APP显示续航。

【油耗】
提车时加满了油但到现在发动机哦不，新能源讲法加增程器，一直没启动过，下次开个高速试试。

最后收个尾吧，一个家、两个人、一起努力全款买车很是感慨，未来我们小两口还要继续努力，给宝宝一个温馨有爱的家。
ps：老婆在家养胎我就一个人提了哈哈哈哈，另外推荐个贴膜店如图所示，手艺真好真心推荐。",2024/1/7,宜春
按时吃早饭543,国庆节大定，10月29号提车，选了中规中矩的灰色外观和棕色内饰，一切都是为了中庸，(最喜欢的外观颜色是绿色那款)由于工作原因不想太惹眼高调。谈了几家店，送了点东西。提回来之后使用感受如下：一是动力很好，虽然是后驱版，但动力很不错，随叫随到开起来很爽。二是底盘调校很舒适。底盘不是很硬，但很整，连续过大颠簸路面会有点晃，但其他底盘各方面都很不错，另外后驱版后副车架是铁的，智驾版都是全铝的。三是车机很好用。这个车机绝对是天花板级别的，简洁大方，语音识别精准，比理想one和比亚迪要强太多。就这点，能做好的车企寥寥无几，可以称之为遥遥领先毫不为过。四是空间大。这个车本人不建议买六座，因为六座空间确实不够。很多人黑这个车轴距短，黑六座我同意。但这个车的精髓是五座，五座无论是前后上下空间都是无敌的，加上宽大的座椅(我坐过迄今为止后排中间最舒服的座椅)配上大尺寸后备箱，非常到位。五是行驶质感好。这次底盘升级是只要你去认真试驾了都能感受得到的，但转弯半径有点大，配上充沛的动力，我都是在高架上穿来穿去，侧倾不大，这种不带空悬的底盘能有这样的效果很不错了。 续航情况。我只用电跑，100%充满到20%纯电可以行驶160公里，至于亏电油耗多少我就不在意了，因为我用油肯定是长途了。随车充38公里到138公里用时8个小时，快充从18%到95%四十五分钟，比理想one要快。,2023/12/1,南昌
易先生和M7,"【购车经历】
真是看一眼25万呀！
带着小孩去商场玩的，去华为店看了下手机，被旁边的M5的外观吸引了，男人么看到美女靓车都忍不住多看两眼，于是坐进去感受了下，被华为的智能座舱hold住了，一边听销售讲解，一边把目光看向了更大只的M7，M7给我的感觉就像是遇到了人生伴侣，就是她了，如果回到20几岁会毫不犹豫选择M5了，现在有小孩了会考虑的更加周到些，同样的配置智能座舱M7能给我很大气的外观，更大的空间。（补充一下自己以前对电车新能车是一点不感冒的，在M7之前自己是老款天籁，本来准备再干个几年再换，今天7月份花了大几千刚做了大保养，还是没抵住M7的诱惑）。经过几天的对比（纯电没考虑），某想也还行但她没有华为加持，某跑更适合人生第一台车，都不是我想要的，于是在跟销售争取了些优惠赶在10月6号下了大定。

【提车价格】
享受了6000的优惠后，23.8万
保险6200元
上牌600元
【最不满意】
目前没有
【驾驶感受】
一直没发帖，就是想开个个把月把自己的真实感受给即将要买车车友们一些参考。
M7开起来很舒适，底盘很扎实，减震也刚刚好，我看有些车友说高速风噪大，我觉得还好，算可以了，很安静。提速没问题（电驱动嘛），我买的不是智驾版，但L2的辅助驾驶很好了，可以智能跟车，能解放双脚，开长途很轻松。最后一点大车停车还是费劲些，幸好有自动泊车。
【油耗】
目前大部分是电在跑，高速上用了增程器6.5的样子等会上图。
【续航】
可加油，无续航焦虑。
纯电续航的话不开热空调的话打9.5折的样子，开热空调的话打75折的样子。车友们说新车电耗会高一些，后续使用个三个月的样子再分享。

【乘坐体验】
很舒适，跟我的老天籁有过之而无不及。空间够大，后排也有按摩功能。
【销售态度】
真的很赞?（不是因为小姐姐长的嬲赛（漂亮）哈）",2023/12/22,株洲
姜承刚v20,"1、从汽油车轿车换过来的电车SUV，驾驶感受不一样嘛，非常平顺，后驱的加速也是非常有力，就看你舍不舍得给油门。
2、车机大家都说好，就是应用商城里app太太少了，我用的也不是华为手机。送了游戏手柄也没几个游戏可供体验，苦笑脸... 
3、座椅一开始坐的还是舒服的，提车后深度体验后发现前两排长度不到50cm，以前坐惯了50cm的，这点还要再适应。孩子挺喜欢这车，还喜欢上第三排坐哈，可能位置小了反而有安全感。还有座椅按摩在开长途累的时候效果还是很顶的，通风和加热功能还没机会体验。
4、刚提车就降价，这个有点小难受，不过还好送的积分和质保还算有良心。积分到位后接下来三年估计都不用花自己钱充电了，保养也有送的换机油机滤的券够用三年了。
5、外观第一眼看一般，越看越耐看，可能也是在自洽吧哈哈哈
6、目前发现有一点不好的是，停车的时候，孩子和我在后排看动画片，主驾没人也没开小憩模式，15分钟后会自动下电，这个希望ota能改改逻辑，考虑到这一场景的使用，比如设置一个娱乐模式或家庭模式之类的。
7、等春节后复工了，再去服务中心贴隔热膜和天窗冰甲、安装固定踏板，没有踏板全家上下车特别是老人小孩还是有点不方便的。",2023/1/24,深圳
考拉蜀黍NB,"【购车经历】
作为一个即将迎来二胎的奶爸，给家里换一辆适合二胎家庭出行的奶爸车也提上日程。目标车型六座SUV，新能源车，考虑周边全家出行短途游，纯电还是不太适合，因此增程当前阶段最适合自己。目标明确后能选择的车型就是理想ONE，前后试驾几次后三缸发动机很纠结，后来对AITO问界也有了解会发布6座车型，7月发布后首批试驾后下定。然后就是漫长的等待交车，大概在国庆还没明确交车时间，后来官方电话反应了几次后终于在1月中旬交车，等了快三个月。

【能耗】
现在已经开了2300多公里，一大半纯电，其余用油主要是为了新车发动机磨合保养，平均电耗20度左右，油耗7个多油吧，整体经济性还是比较满意。

【辅助驾驶】
比较遗憾没有配置华为的自动驾驶系统，用的是博士的方案，基础的L2级，ACC全速自动续航基本够用，跟车距离多档可调，即便最近档位跟车还是容易被加塞。快速路上常用的还是车道保持，转弯还是略显生硬，不过基本够用还是能减轻驾驶疲劳感。

【智能化】
用的自然是华为的智能座舱，鸿蒙系统的加持车机体验丝滑流程，语音控制得心应手，一次多条指令执行确实很好用，现在开车都是尽量动口不动手，驾车安全性也提高了。使用华为手机和车机交互很方便，像音乐流转，导航流转都是很实用的功能。车机自带的地图导航也非常好用，终于不用上车还开手机导航，而且最新支持了超级桌面把手机所有应用投射到车机更加强大。

【舒适性】
车内舒适型配置拉满，前两排座椅按摩加热电动调节都有，车内手触及的地方都是真皮软包，手感舒适，音响系统是的的HUAWEI SOUND，低音震撼，高音通透，现在还出了麦克风连上车机就变成移动卡拉OK。二排加了零重力座椅，这才是这台车的灵魂配置，一键躺平后，全身悬浮的感受很放松，午休现在都喜欢在车上躺平。

【比较满意】
没有里程焦虑，四驱动力强劲，车机和华为手机配合使用体验很好，加热按摩等舒适型配置很全，静音整体也不错，0重力座椅体验很棒。

【不太满意】
后备箱在六座满座情况下还是小了些，辅助驾驶没有用华为那一套有些遗憾只能说基本够用，二排座椅不能放平，方向盘不能加热。

对于当前的用车需求其实满足得很好，舒适型空间驾驶感受都能照顾到，作为家庭用车还是非常推荐。",2022/12/25,成都
辞忧哟,"【购车经历】
       年底换车在年中时就已经列入计划，家里两个小孩＋父母，五座车有点不够用了，加上近半年新车频发，一台比一台吸引人，就按耐不住开始提前看车。
       之前一直在看理想系列，说实话比较适合家用，在即将下定决心入手理想时，新M7突然发布，在余总的遥遥领先中被安全性和智能化折服，同时30岁的年纪，这个车子的外观对于我来说完全可以接受。
      车子是11月20号下定的，1月5-6号突然通知年前无法交车，心态崩盘，找尽办法给店里施压，终于12号得到回馈从其他店里调来一台。

【驾驶感受】
      车子几天开下来就真香了，每天上下班就纯电，老婆对零重力座椅很满意，小孩子也喜欢车机系统的多元化。老爸老妈也喜欢这台车的乘坐体验和隔音效果。
      作为家里的驾驶员来讲，这个车子能给我绝对的放心，没有触发AEB的条件，基本上变道超车走神都会得到及时的提醒。4.8s的提速体验了一次，强烈的推背感真的很爽，非特殊情况还是柔和驾驶习惯，7天跑了800公里，平均算下来0.22元/公里，提车当天加了200块钱的油只用了多少一点点?。总之就这几天体验下来这车很香！
【续航】
      唯一要吐槽就是标注的纯电续航170KM，实际上平时是充电上限大概90%，到20%就要增程器的介入。所以大概可使用电量应该是在70%左右",2024/1/24,宁波
薇心唯玉,刚提车三天，跑了140公里全用的电。先说外观，确实一般，反正我也不是冲外观来的，所以无所谓。配置的话应该算是高的，反正该有的都有了。空间的话，我就是冲他的大空间来的，我本人比较高，也比较胖，所以这个价位的车都试了，这个是坐进去以后驾驶位最舒服的。续航是最让我无语的，充了两次电了，按照他这个百分比算的话百分之129的电只跑了145公里，去掉在车里呆着听音乐之类的损耗的话满电只能跑120公里，亏电一半。而且这几天温度也不是很低，都没到零下。智能化不用多说，没打满分是因为我买的不是智驾版。驾驶感受很棒，转弯之类的没有特别多的晃动，但是后排不行，拐弯感受很明显。所以不是满分。总体来说这个车我现在挺后悔的，续航太差了，人生第一辆车，本来想着平常上下班用用电，也就一周一冲，但是现在看来最多四天。,2023/11/19,淄博
二代大天狗,10月30号到现在提车5天了，说说这车的优缺点吧。外观中规中矩，不是特别亮眼。内饰看着还是很高级的，触手可及的地方都是软的，空间非常大，前后坐的空间也大，后备箱的空间也大。配置可以说很高很够用了，车开起来轻巧开着不像船，路面滤震很好，细碎的路面震感，过减速带等都很好。 NVH尤其得说一下，噪音抑制的非常好，提车以后专门跑了些城间路段，可能因为噪音抑制的太好了，我现在觉得手机无线充电的时候那个风扇散热的声音反而是车里最大的声音了，还有就是座椅通风和按摩时候的声音，不知道是车内太静了一下就显得很明显，还是这几个位置本身发出的声音就很大。 车机系统不用多说了，遥遥领先，plus版的自动泊车识别，和车道保持辅助真的只能说能用，没那么完美。,2023/11/3,包头
dpseternal,"家里有台燃油轿车了，想着增添个25w左右新能源SUV给爸妈接送孩子或者周末带家人一起出游使用

【购车经历】
一开始去带家人看了纯电车型，比如小鹏，飞凡价格都挺优惠，可惜家人觉得溜背空间太小。再差点定下G9的时候，但犹豫最低配电池是磷酸铁锂，且不是宁德时代的，回去的路上问界4S店，看了一眼M7，老爸被HW的光环吸引，最终家人达成一致下定后驱智障。
没有选智驾的原因，一是价格微微超预算，二是我和老爸试驾智驾版本的时候都会不自觉踩下刹车，而且我们都是老司机了，还是相信自己开。

【最满意】
最满意的就是空间，五座版本后排空间无敌大
内饰以及华为座舱，舒适性配置基本拉满，家人乘坐感受赞不绝口。通过销售了解到新M7在安全用料上有很多升级，家人的安全才是最大的豪华。

【最不满意】
纯电续航只有200，有点少。由于这个主要在市内开，我还是比较倾向于纯电，可惜初了G9以外，都是溜背，家人都不喜欢，G9上长续航都28w，也微微超预算。外观我看着略显老气，不过在家人眼里成熟稳重，霸气侧漏，家人满意就是说服自己最好的理由。

【驾驶感受】
还不错，和三系油车对比起来，完全是截然不同的风格，一个偏运动，一个偏舒适，不过个人没那么挑，开腻了一个换着开开挺好的

【提车价格】
11月底大定没赶上最优惠的时候下定有点可惜，不过提车当天就抢到了5000政府补贴，而且选到了尾号688的牌照，提车的时候家人特别是老爸非常开心

最后希望M7和三系一起搭档，为今后家人出行带来更加便利，舒适，安全的体验😉",2024/1/5,长沙
李旻6161,"从对问界M5后排空间的不满，转移到关注M7。因为M7的外观不出彩，本来没兴趣，但后来持续关注，发现实在没有其它选择，最终购买了它。
提车使用了两个月之后，总结一下M7的优缺点:
优点:
1、内饰特别能打，现在无论是带家人，还是带朋友，都对车内环境没得挑剔；
2、动力系统出色，哪怕是后驱版本，转向刹车等驾驶的感觉仍然很好；
3、华为车机给整车的加分很多，流畅的语音控制和系统运行，不会给驾驶过程带来任何麻烦；
4、新能源和油车相比，用车成本真的节省了很多。而增程式的模式，又解决了突然长距离用车的后顾之忧。M7的亏电油耗控制得不错，高速120每百公里真实油耗在7.5L左右。

缺点:
1、车发布的太匆忙，车机系统中的零重力座椅和主驾迎宾功能太容易出现逻辑错误，严重影响使用感受；
2、车联网系统没有仔细分析用户需求，模仿其它新能源车企，在系统上设计了一些多余无用的功能，又不让用户自行选择，导致用户体验不好；",2022/11/13,武汉
快乐的饺子xpz,外观设计比较中庸！主要是内饰非常满意，选装的杏色内饰根本看不够，以前的黑色内饰经过暴晒刚上车的感受都深有体会！配置也很丰富，手机控车很实用，每次带小孩出去游乐场玩 提前把空调打开在也没有过蒸桑拿的感觉，平时也就听听歌 其它功能很少用！空间完全够用小孩从来不会安分守己的坐着都是后排过道里面爬来爬去！续航比较真实，买来三个多月开了将近一万公里，纯电平均续航在一百四十五左右 最多开到过一百七 （有四十公里的电池保护设定，电量低于百分之二十发动机强行工作）平时用车都在广莞深，短途高速跑的多续航完全够用！到现在为止总计加了三箱油将近一千五百块钱，还是十一去武汉跑了趟长途来回两千公里吐槽一下亏电油耗没有想象中的低实测在八个油左右 不知道是不是驾驶模式没选对我一直用的纯电模式，有网友说用自动模式油耗会低一些，春节的时候再试一下！前段时间广东降温续航最大的时候打过七五折，续航还是比较真实的不会存在打对折的情况！车机系统非常给力没有出现死机卡顿的情况  ，人机交互用的也是得心应手 毕竟是华为的系统 不需要过多修饰！驾驶体验是最大的亮点 既有我想要的激情也有老婆小孩想要的舒适！,2023/12/26,深圳
我要站在山顶摆造型,【购车经历】 我是个华为十年老粉，去年七八月份老款M7上市就开始关注这个车了，当时也有去华为的手机店试驾过，车机啥的确实让我眼前一亮，因为整个操作页面跟我的Matepad的基本上可以说是一模一样，上手特别快，没有学习成本（因为本人平时比较懒，工作又比较忙🤭）但是感觉就是差点意思，可能也是因为价格有点略高，总体感觉性价比不够，毕竟老百姓挣个“窝囊费”也不容易，直到今年新款发布，机缘巧合朋友推荐到郑州圃田那个用户中心，说他们那车源丰富，销售专业，而且帅哥美女比较多，全流程体验下来，我去，这这这不就是我的梦中情车嘛，销售顾问把这个车也是吹到起飞，特别是那个高阶版的辅助驾驶，简直是解放双手的利器，我也亲自上手试了试，说实话开始还是有点紧张的，但是熟悉以后，我在车上就是个乘客的角色，完全颠覆了我的认知，这不是来自未来的车嘛，于是乎，我果断入手五座智驾，要知道，30.98这个价钱，在去年就只能买个两驱智障版都不够，对了，1.5万选装包我选配辅助驾驶包，踏板，桌板，电脑后期都能配，但是城区智驾这TM是精髓，不选智驾，就等于没买华为汽车，不过21寸轮毂是真TM帅，就好比一身帅气西装配了一双“切尔西”一样，背着老婆果断订车，订完以后带着老婆一起又让销售安排了个上门试驾，老婆也是非常认可，以后喝完酒让她来接我，再也不用担心她车技不行了，毕竟大7自己它会来，如果国家后期放开L3，我是不是坐副驾都能把车导航回家啦，哈哈，想想都刺激！,2023/11/25,郑州
用户5308878594107,所有评分都是真实评价的，在空间上第三排座椅女士小孩子还可以，但是成年男性稍微有一点伸不开腿，续航对于东北来说还算很好的，但是也有待提高，实际续航里程也算给我个小惊喜了。 总的来说： 1.驾驶感受总体来说非常稳定，我也是四驱版本车型，但是当时试驾两驱感觉也不错。 2.智能辅助和车机系统是我非常喜欢的，华为赋能，不懂多说，懂得都懂，非常先进好用。上手也快，不用担心老人开不明白。安全系数更好。 3.配置，我买的顶配，就多了一些权益和电吸门，很有档次，但是无论哪个配置其实都够用，座椅通风加热按摩，一般能想到的配置在这车上都有了。毕竟是国产天花板嘛。 这车真不是我强行给大家推荐，我在整个的购车流程中，感受到了很多品牌没有的服务，很贴心，而且冲这个品牌也要支持一下！,2022/12/21,长春
用户1085871409297,"去年从油车置换成了大众id6，觉得纯电续航还不错，德系车总体质量也还好，唯一就是用电焦虑很严重，不敢出远门。

【购车经历】去年10月忽然看到朋友圈推送问界M7的广告，就眼前一亮，是增程式的，第一反应是不用担心用电焦虑。

【驾驶感受】增程式没有里程焦虑，这也是购买的初衷，开完M7的感受就是舒服，喜欢，视野超好，油门轻，加速快，整个车开起来不笨重。全景影像透明车身显示，那个真是对我妻子那种小白极度友好，再也不用担心剐蹭看不到距离了，全方位360度的清楚。车子分了几种驾驶模式，我习惯用舒适模式。

【科技感】首先一个手机app就可以完成很多功能，比如锁车，开车，寻车定位，充电等，车载语音系统也是我目前驾驶过的车中最好用的，反应速度快，家里小朋友经常跟小艺对话，可喜欢了，不得不说华为这点做的到位。

【续航】我买的这款是舒适后驱版本，平时在市区用车较多，上下班，接送孩子，相比较油车来说，电车真的省钱多了。充电的话快充到90%大概需要45分钟左右。

【销售态度】从试驾，订车，提车，全程下来的感受就是方便，服务好，个人感觉现在很多成熟的4s店服务在倒退，而华为恰恰相反，要求高，对客户热情。买车还送了6万积分，我在华为商城换了很多东西，最划算的是平衡车，太实用了，总体来说这次换车很愉快，家人也喜欢。

【保养】第一次保养是在绵阳用户中心，因为平时在绵阳上班，知道营业后就近去了，师傅技术专业，服务流程接待规范标准，买车只是开始，售后是长久的陪伴，给AITO点赞。

【最不满意】后备箱空间不足，出去玩带的户外用品放不下，前面一家人又坐满了，希望后期能改进。",2023/1/15,成都
pp686888,天青蓝智享后驱版，市区开感觉动力算是够用了吧。百公里加速7秒多，满足日常代步需求。驾乘感受我觉得是属于偏舒适，偏软的那种。我的是5座版，用车场景大多是一家三口，内部空间感觉够用了。后备箱真是太大了，感觉有点浪费，如果能再挪一部分空间给后排的话就更完美了。 充满电表显续航200km吧，但三元锂又不建议充满，所以经常是充到90%，表显180。如果市区只想纯电的话，还是要有小区充电桩或者私桩，否则要经常找第三方充，有点麻烦。到现在开了300多km，舒适模式市区正常路况电耗平均在15-18吧，堵车的话就得20左右了，我感觉自己开的还算比较温柔的。电耗也就这样了。 驾驶模式一般我会选在舒适，驾驶感受跟之前的油车差不太多，节能模式的话，电耗会低一些，但抬电门会有明显的拖拽感，真的适应不了。估计长时间节能模式行车，后排肯定会晕车的。 开到现在还没有用过一次油，油耗还不知道。以后跑长途试试再说吧。,2023/11/1,北京
自由的星辰Ox,"【驾驶感受】
好的地方是电车的行驶质感真的很好，开起来很安静很舒服，要动力有动力。
美中不足的点一是电门有轻微延迟（但我没试过弹射模式），二是车子大，转弯半径大，也容易剐蹭停车不好停，不过这是大车的通病不是它独有的问题。

【油耗】【续航】
大家关心的油耗续航方面，我开的续航一直和表显一致。平均电耗18-22，换算成油耗6-7个油这样。很多人觉得续航短是使用技巧的问题，减少载重，少开制热，尽量保50%以上电，少大电门又踩刹车，上坡前先加速等等。


【最满意】
安全是最大的豪华。新手上路追了两次，两次都是别人车凹了块、碎了块，我这问界找半天才找到有点小凹痕/剐蹭。加上各种360全景影响/智能纠偏/碰撞提醒等安全配置，给新手满满的安全感。

智驾真的是顶呱呱，虽然现在还有很多小问题，但已经能覆盖高速八九十的场景，节省大量精力，开车真的很轻松~前期有一个人机共驾磨合的过程，要懂它。

自动泊车也是使用频率较高的功能，省心省力。

智能座舱就不用说了，什么hud彩电大沙发迎宾等等各种实用功能，总结起来就是给了你两个字：舒服。",2024/1/23,深圳
九天232462912,提车快三个月了，上个周末做了首保。买车前还信誓旦旦的说要把自己买车的心路历程记录下来供后来者戒，没想到提了车就没再懂了，几个看车的APP基本也没打开，什么排行，试驾体验，测评都通通不看了，不知道我是不是个例。 言归正传，简单评价一下问界M7，我买问界主要是筛选下的结果。第一要能用电，我上下班70公里。第二混动或者增城，我属于那种焦虑感比较强的人，不希望有续航焦虑。第三六座或者七座，家里第二台车，二胎家庭。第四预算30以内。 看车试车这个就长了，因为不是急需用车，所以周末带孩子玩的时候就去展厅这些看看，试驾一下，不得不说新势力出来之后，商圈展厅真的方便，还有送车试驾这些，你不买都有点不好意思。前后看了理想，比亚迪，零跑，宝马，长城，大众，奥迪反正能看到的都去看了。其实你在网上看到的价格都是不准确的，你要和销售实打实的谈，试驾之后谈他才给你报价那个价才有参考价值，所以预算3万差距的情况下先去谈。我就是这么买的问界。 M7开了将近三个月，总结一下，好开，省心，省钱。好开就是轴距短，大小合适，从轿车切换过来没有多费劲，重庆的巷子依然敢去，庆幸买了问界，如果是理想或者蓝山停车真的累。动力什么的比有车好太多，驾驶偏向油车，没有那种急加速急停的情况。省心就是基本不用选配啥，该有的都有，简单贴个膜就完了，不用加装，保养也是一万公里保养。省钱就真的省，以前有车一月1200左右油费，现在家用桩140一月。 没有不满意，毕竟都买了她的缺点我也都是可以接受的。不过可以说一下几个遗憾。第一后备箱小了点，其实只要再大和8㎝就好了。第二座椅，我是觉得有点硬，开车久了腰疼，我以前开轿车十来年了都没有过，不知道是不习惯suv还是什么，但是相比之下座椅真的有点硬。 最后说一下我是重庆的提车有两万补贴和一万选配，保险六千五，上牌500，其他没有费用。,2023/8/9,重庆
菱美暖通,除了外形以外。无可挑剔。 首先讲一下外观，有点老气，不太适合小年轻，传统油车的样子。不过对我接近不惑之年的人来说，一点都不违和。初看不惊艳，越看越好看。属于耐看型，百看不厌。 其次内饰方面，做工用料都很好，摸得到的地方基本都是软的，我选的是韶华杏颜色，很有高级感，就是可能更容易脏，注意卫生多清洗那也没问题。特别喜欢中控台上面凸起的华为音响，给他带个紧箍咒特别好看。 说起24款M7的配置，那就是应有尽有。只有我想不到，我想得到需要的配置都有。特喜欢HUD抬头显示，很清晰。座椅按摩座椅加热座椅通风全部标配，我记得以前最起码五十以上的车子才有的配置，直接落地到25的车子，真的好。 在空间方面，真的无需多言，很大，很舒服，我178公分，180斤的胖子，后排翘二郎腿也绰绰有余。我认为除了特别高的人，应该没有人会嫌弃这个车的空间小。 续航方面，M7的电池是40度，市区开着大概百公里20度左右，我一般三天一充，挺方便。至于用汽油方面，我没有太多话语权，因为我开了886公里，全部耗油不到1升，哈哈哈哈，真的省。我朋友的M5增程版跑高速，差不多6-7个油。我的车估计稍微多一点，但是搭配60升油箱，满油满电跑个一千公里，那不是像玩一样？？好评！！ 一句小艺一艺，满足我智能化一切要求，除非特殊要求，鸿蒙座舱各种丝滑各种流畅。我定的MATE60现在还没到，到了以后搭配车机那更加有乐趣了。还有就是OTA升级频率比较多，我在当地车友群，车友们就说各种升级各种满意，我拿到车子还没有OTA升级，我的第一次升级，我觉得应该不远了。 驾驶感受方面，我。。。试驾了两次M5试驾了一次22款M7。有一说一，M5是真好开。M7相对来说差一点。但是老款M7对我来说驾驶感已经能满足我了，所以新款M7更能满足我。现在开了886公里，总体来说很满意很满意。对于这么大的车来说底盘已经算不错的了，我老婆偶尔开一下，也说这个车很好开。 总结一下24款M7，对我来说无可挑剔，非常满意。 还有说一下，就是4S 服务人员做的也很好，很热情，就是午餐稍微差了点，哈哈哈哈。 最后一张图十一期间自驾苏州西山景区,2023/10/14,苏州
贾斯汀贾老师,"【购车经历】
18年和我老婆没结婚，为了我老婆学驾照方便接送，当时买的现代encino，小车颜值高，动力强，省油，就是太小，价格贵一点，但是常驻人口就俩人。20年宝宝出生，父母过来帮忙看孩子，后排坐三个人很不舒服（儿童座椅）老婆看到我身边同事纷纷换车也动心了，她一直想换个大车，我想要个能加油的绿牌，成都限号，一周一天不能开还是挺耽误事的，M7试驾了3次，城市，高速都有试驾，感觉都不错，理想也看过，但是新势力牌子还是担心后边发展情况，比亚迪唐和护卫舰的内饰不喜欢，趁着近期有地区补贴就定了，当时纠结4驱两驱，喜欢4驱水晶档把，后来发现有配件，提车后直接去配件城买下来了，水晶档把580¥

【驾驶感受】
从重庆开回来320公里，隔音真的不错，高速跑到140左右和我小车跑到80的感觉差不多，2驱，主要考虑坐的人舒适，已经不要推背感了，但是市区足够，音响真的好。
【空间表现】
大是真的大，小区车位框框停不下，后备箱小了点，但是放倒一个座位也够用，同事陪我开回来说的，比他Q5大好多，他都想换了


【最不满意】
门把手有没有防夹功能啊？怕夹到小孩手？网易云路上卡死一次、这不是车机天花板么。。。另外高速120以上，不知道是不是路况的事感觉有点抖，其他暂时没发现
还有洗车贴膜的时候5米开外，可能手机蓝牙还是nfc感受到了，锁车后频繁的开关开关开关。能不能调试下离车2米在感应啊，太尴尬了；升级到鸿蒙3.0链接超级桌面厚只能微信来电话只能手持接电话，想打微信电话只能进超级桌面，找到人，对话框。华为软件的超级桌面能不能改改？逻辑和场景对不上啊

【续航】
纯电续航150-180km左右，看个人驾驶习惯。我单位通勤一般每天30公里，纯油续航大概高速9个油，60L油箱。满油满电应该1000km里左右。这也是我为啥不买比亚迪的原因，比亚迪大众款100km续航，200km以上续航的26w外了，另外强制保电电噪音真不爽，车是好车

希望华为赛力斯给力点，别被刺老车主，因为我这边我是华为的屏幕供应商，我多少对他们了解一些。经常拉我们开会到9-10点。从态度上相信他们品质。

有成都车友群么？方便拉下大家交流下",2023/3/25,重庆
乔克力特特特,"【提车价格】
我的爱车是问界M7豪华款，天青蓝车漆、象牙白内饰、水晶档把、抬头显示、零重力座椅。车漆加6k，内饰加6k，零重力座椅加1w。现在豪华款免费送零重力座椅。车漆或内饰也免费送其一，最后的总价就是34.58w。销售这边什么都没送。很多车友分享有送露营套装的送充电桩的。买车的时候能申请一个鸿蒙的补贴1万。还有一个置换补贴5k。再送一个等值3k的积分。提车当天保险大概是9k。第一年是贵一点，因为我之前一直用的是人保，感觉服务也还可以。只要没出险，第二年保费应该会下调。因为电车的零部件都比较多。确实这块儿比燃油车成本要多一些。

【亮点配置】
零重力座椅:这辆车的灵魂就是这个零重力座椅。不仅是全球第一个安装了这款座椅的车型，而且真正的抓住了家庭需求和老板需求。在m7的后排只要打开零重力座椅，就有一种傲视天下的老板姿态。原理就是让你的膝盖和心脏保持在一条直线，身体是最轻盈压力最小的一个状态。也是最适合人体工学的一个坐姿，这是我买这辆车绝大一部分原因。
空调远程开启:深圳的夏天温度非常的高。可以通过APP远程提前开启车内的空调方式降温，可以调节风速和温度大小。上车的时候就可以不用开窗去散热气，也不会做到座椅上都感觉烫。最近冬天冷，开了预约加热，上车时候车内温度28度而且座椅也是加热好的，挺人性化的。
智能语音助手:车机里面所有的设置都可以通过小艺小艺进行语音命令。这个应该是我见过的响应速度最快的车机。你甚至自己可以选择唤醒智慧助手的关键词，比如说我的就是老七老七。一样可以唤醒语音助手。而且下指令的时候，直接说出指令就可以，不用等他回复。它还支持多指令同时操作，比如说小艺打开车窗打开遮阳帘然后再帮我把空调调低，它会同时执行三个指令。我看有些车友分享的最新升级里面甚至已经不用唤醒智慧助手了。直接说出你需要的指令就可以进行操作。言出法随，所说即所得。不用手指去点屏幕分心去进行操作，想要什么直接跟它说都能做到，这是我最喜欢的一点。

【乘坐体验】
我坐过同事的电车都会晕车，可能这就是油车和电车的区别，油车换挡有个缓冲的过程，电车是直接过山车试的速度往上提，但是坐m7尤其是在后排零重力座椅上其实是没有这种感觉的，因为是向后躺着的，我每次叫代驾回家途中都没有想吐晕车的感觉。

【驾驶感受】
油门一踩速度马上就起来，方向盘一打无论是变道还是超车都立马能够实现。速度提升非常快，百公里只有四秒多这个动力是非常顺滑的。提醒大家安全驾驶！

【续航&油耗】
充电到90%大概可以开140左右，这个要看是否经常猛的提速或者一直开着车内的电器，一周充一两次电，快充四十分钟玩玩手机就过去了还是可以接受的。加上一个60L的油箱备用，确实解决了里程焦虑，用电的成本也不高，充30度电我这里快充站8毛钱加上会员优惠一般就二十多块搞定。
上过两次高速顺便测试一下油耗，大概在百公里8L的样子，建议开纯电优先，相对省油一些。

【保养】
提车时候官方说三个月或者増程器3000公里或者总里程5000公里，任意一个到了都要去做保养，还有两个月，到时候去体验一下保养再回来追评这一块。


【最不满意】
车内的第二排到第三排的过道偏窄，而且车的高度有点儿低，所以每次都要弯着腰去，第三排座椅基本是一个直角的角度不能往后靠，坐起来不太舒服。而且后备箱如果想多装一点东西就要把第三排放倒，又没有一键放倒功能或者一键拉起来的功能，每次都用力去推还要用力去拉，纯手动这种操作方式还是有点儿费劲的。
抬头显示包围的包裹材质是光滑的塑料，在太阳底下会反光，有点影响驾驶员看路。
卡片钥匙识别不灵敏，走到车附近，车也不会自动解锁，一定要刷后视镜才可以，物理或者手机钥匙走到附近就自动解锁，灵敏度高很多。

【总结】
问界就是一个智能化程度很高的车型，内饰的材料和质感也是这个价格可以接受的程度，动力相比燃油车有很多优势，后排空间偏小，后备箱纵深不够，前脸的贯穿日间灯挺帅，但是中网还是有点丑。我还是比较满意的，家里人也喜欢，同事看了我的车也都挺喜欢。",2022/12/13,深圳
MilesZhu,"9月28日提车回来，一晃已经用车2513公里。一个多月时间里跑长途走短途，充过电烧过油，也算对M7有了一定了解。
车子本身设计没有现在新势力能源车那么激近，总体上偏传统，车头圆润，没太多特色，不过还算比 较耐看，冰晶银略显优雅。
内饰我比较喜欢，实木加真皮，配色素雅，加上音响的金属装饰，隐藏式出风口，整体显得简洁大方。
M7整车空间较大，二排坐正膝盖到前椅还有三到四拳距离。后备箱空间充足，我放了整理箱、网球包、路亚杆、高尔夫练习杆等，还有富足空间。
整车驾驶感受优秀，操控性好。底盘扎实，避震出色，乘坐质感和大奔相当。三层夹胶玻璃隔音优秀，即便在高速上适当打开音乐就会忽略外部声音。
车机智能性高，几乎语音可以操控所有动作，系统流畅不卡顿，华为自研音响质感很好。

说了好话也来点我感觉的缺憾：
1、新升级的智能卫士不能app开启和即时提醒，耗电明显；
2、后排空调有时莫名开启，也容量碰到开关（应该和比亚迪一样中控可关闭后显示屏，反正也不用，都是语音）；
3、早提的天窗四角做工不佳（后提已改）；
4、后门侧向设计原因泥沙甩到漆面，需加装包围挡泥板，其实我觉得出厂完全可以解决这个设计问题；
5、没有脚踢感应后尾门略显不便，其实也不会多多少成本吧。",2023/10/21,常州
JAY跨时代,"我是问界M7豪华版的车主目前已经行驶四千多公里,接下来给大家谈谈我的真实驾驶感受
拿下这款车的理由: 
1.华为的电机电控 
2.宁德时代电池和华为BMS,华为BMS电池管家,AI技术全天24小时监控电池状态,提前预测电池风险,可以通过云端自主学习、迭代更新！
3.华为智能座舱,遥遥领先的车机 以上这些就是华为吸引我的原因 外观:这辆车的车身颜值我个人感觉很漂亮,不仅大气而且豪华,非常符合我个人的审美。
内饰:M7这辆车的内饰设计是10.25寸仪表和15.6寸中控面板的组合,所有的地方基本都用皮革包裹,摸起来很舒服,没有异味,同时,中控面板下方还有两个无线充电的地方，非常方便。
空间:我个人是把这辆车当成一个大四坐用的,所以空间的话按我个人使用,那是相当够用的。
动力:虽然问界M7看起来很大,但是却十分好开,新手也可以轻松驾驭。还有运动模式四驱双电机体验推背感真的很强。
电耗:因为我现在都是在冬天使用,所以现在纯电驾驶基本在一百四五左右,燃油优先的模式我也只在高速使用,长途大概是八个油左右。
充电情况一般是3-4天充一次,表现续航基本准确,很不错。
最后说一下,M7上市这段时间,简直被黑惨了,黑的十分夸张,如果有想买车的朋友,一定要亲自去试驾一下,不要被个别的网络车评所影响。而且我相信凭借华为的技术翻身是早晚的事情！
感谢圈主推荐！",2023/2/11,郑州
crazyyty,"【最不满意】
倒是没有特别不满意的，最觉得M7在新能源车中比较差的是自动驾驶，但就个人来说，有一个自适应巡航就够了，再自动化我也不敢用，还是把方向盘交在自己手中比较放心，所以这个最不满意的点在我这里倒还算不上什么大缺点。
【购车经历】
家里原本有一辆a4l和凯美瑞，凯美瑞前两年卖掉了，今年起我和媳妇儿需要一人开一辆，所以就需要加购一辆。目标看准了新能源6座，当时能选的就只有理想one和m7。理想的造型还是挺喜欢，但看了挺长时间李想的微博，实在对这个老板不放心。再基于对华为的背书，作为重庆读书的四川人，也很愿意把钱花在重庆的gdp上，所以试驾出来，试了，能感受到动力操控都很顺手就没什么犹豫，定了。
【提车价格】
价格都是这个样子，作为第一批车主，送了电桩这些，4s店送了话筒手表保养券。
【驾驶感受】
六座的车，五米多的尺寸，开过了就会感觉，真不像是一辆大车，特别好开，连我媳妇儿都说好开，很顺手。动力没啥好说的，和家里的a4l在数据上零百加速快一秒的样子，但六十公里以前的加速绝对比a4l强了很多。大车会特别注意是否晃，就驾驶位来说我个人感觉地盘挺扎实，即便在过一些吭也在这个尺寸的大车中很稳当，过加速带的声音听起来比较德系，和奥迪的地盘声音有点像。车子迎宾标志在晚上的时候还是b格满满😄。
【油耗】
试了下，成都纯油七点几吧，这个尺寸重量，真可以了。最后一张照片是今天开空调时候的，大家可以参考一下电耗。
【续航】
纯电续航基本上150多点，我每天通勤七八十公里，两天充一次电。充电时间大家可以看下，基本上50分钟左右，冬天时间长几分钟，春夏就少几分钟可以充满。
【空间表现】
算及格，这个尺寸的六座，比一般的suv七座好了很多，和mpv那种没法比，但二排三排调好后坐个几小时还是挺舒服，不会觉得憋屈。第三排放起来的时候后备箱有一说一就空间不大了，放个行李箱加些其他东西就差不多了。如果第三排放倒，那个空间还是很大的。我也在想后期要不要加一个车顶行李箱，只是车子本身就高，有点担心加了后超高了。。
【保养】
今天去做了首保，4s还送了杀毒加玻璃水这些，两个小时搞定。价格基本上四五百，还是算便宜。四s态度挺好的，玻璃水都会添加满，首保厂家还送了消毒。有一次出现了擦挂，四s还专门让人陪我去报保险，拍了现场后让工作人员把车开回去，这个服务态度有一说一感觉还是可以的。

车牌就不遮了，车友们看到了打个招呼，希望赛力斯不要让我失望。",2022/12/25,成都
了不起的特,"很奇妙选择了问界M7

【购车经历】
上一辆车是小众菲亚特菲翔，十年了依旧皮实耐造，就是动力和噪音有点往两级发展，空间吧也紧凑了十年，是时候换车了。
因为开了十年小众菲亚特，其实本人不抵触牌子小销量少的车型。加之我驾驶习惯比较激烈暴力，感受过朋友混动车的静音，所以选择第二辆车明确了范围：混动、SUV、零百加速5秒级。先后看过唐和理想7，唐外观无感，另外感觉小了点；理想是真喜欢，觉价格略高。无意中商场看到华为店里摆着车，心想瞎转转，第一眼看到小7的侧身，挺喜欢，接着是内饰，觉得高级精致，销售一边报着价30.98，我还不觉得怎么，紧接着一句补贴2个W，我立马就不淡定了。心里盘算着～～呃  比理想少个空悬  电吸门 哨兵 等等一些，可是这已经有5个W的差价了，当时心里就有了主意。
【驾驶感受】
操控是很能满足我的驾驶习惯，加速超车更有底气了，油门和刹车响应都很灵敏，一踩就有、心中不慌。零百加速不用说，高速一百四五依然轻轻松松，当然电耗也轻轻松松逼近30😄
【提车价格】
我提的是12月份的库存车，本人比较心大，开车从不吝惜油门刹车，也不觉得车多放半年有什么问题，主要还有0.8w的优惠，太赞了。
【空间表现】
全家中等身高，这个空间的确挑不出什么毛病。储物空间很满意，尤其是中控下方镂空的那部分。
【最不满意】
第一辆车就没享受过方向盘加热，没想到这次还没有方向盘加热，奈何其他方面出众，算是可以选择性忽视了。
【续航】
续航真的要点赞，本人阳泉至太原非激烈驾驶情况下高速多+市区少，纯电满续航能多跑出10km，这个还是比较满意。

马上2000公里，优点和惊喜都很多，当然还是存在一些问题。比如自动驻车刹停就有，小范围向前移动车辆把事不好的话有擦碰风险，如果是深踩刹车才启动就更赞了。还有就是行程设置都是从车辆启动统计到下电状态这个区间，好像没有自定义设置功能，有点遗憾。",2023/7/9,太原
用户3510615000511,"【最不满意】
1.二排座椅稍微坐了三四次使用痕迹太明显了，我家老车开了四年，也没有这样的问题。二排座椅明显没有三排舒服，也没有五座的后排舒服。
2.本来想着平常当大四座开，过年过节拉一家人。
结果现在，三排放倒的情况下，没有遮物帘，随便放个啥都感觉杂乱不堪一览无余。。
  而拉六个人后备箱啥礼物都放不下。。过年还是得开两个车。。

【购车经历】
反正就是一眼看上了了，以前是老款的时候，我就看上了别人说它外观不好看，但是我真的喜欢，就喜欢这种中庸之道。不那么扎眼。低调奢华有内涵的感觉。
【提车价格】
因为定的非常早有6000的优惠。329800-6000=323800 就这了。

【驾驶感受】
无敌好吗？只能说无敌我超级超级喜欢，尤其是在高速上开nca。太舒服了 太轻松了。

【油耗】
纯游的时候，跑高速还是比较费油的，得跑到10到11个。在市区好像还行就五六个。

【续航】
唉，以前没开过电车，现在发现电车这个续航太容易被各种因素影响了。。温度，速度，坡度。。都影响。。。
【维修成本】
现在还没修过没发现啥成本。
【动力表现】
非常好。。
【亮点配置】
啊，反正我个人最喜欢的就是翻毛皮的内饰了。。每次开关门的时候没注意碰到，都感觉手感特别好哈哈",2023/12/11,榆林
迷惑桃曾,"【购车经历】
本人女司机一枚，买车是因为家里有了小二胎，原来的五坐车坐着拥挤，所以想买一辆空间大一些的电车。
订车：M7 舒适版 深空灰  订车到提车大概用时1个月。
交车前一天交付顾问和销售顾问都反复交待了要带的资料、证件及提车需要的时间，还询问了我们需不需要用晚餐，这点让我感觉蛮贴心的。
提车当天，我们一到用户中心交付顾问就在门口迎接。坐下后，保险、上牌等相关的提车手续这些都已经准备好，我只负责签字就好～
最满意的是用户中心的服务，车辆讲解的时间用户中心的小姑娘还把我家小二胎直接带走去玩儿了，这让我能专心的听交付专员给我讲解车辆功能。
车辆讲解这块，因为功能和油车有很多的不同所以我也听的一知半解，估计交付也看出来了所以和我说有什么不懂的直接在管家群里问就好。
拿着用用户中心送的鲜花、拍照……小7就这样跟着我回家啦！
3个月的使用感受：
1.空间够大，两个娃加爸妈，加上行李一点都不觉得拥挤。
2.没有异味，新车一点异味都没有，这让有二个娃的我感觉很安全。
3.驾驶这一块动力非常满意，但和油车不同的是它一松油门车立即就不动了，这让我有些不适应。
4.续行里程官方是230公里，我开了三个月基本在200公里左右，相比油车费用节约不少。
5.车机系统比较强大，小艺挺好用的，但我一般也就是听听音乐、用一用导航，其他功能还没有去使用。
最不满意的是紧急制动声音比较大，但也能忍受。
综合体验不错，如需要换车的友友们可以考虑！",2023/3/21,赣州
Jesse111,"【最不满意】
外观确实不是我喜欢的，比较中庸，但是能接受，属于比较耐看，由于车子高大，气势不输其他车，后备箱空间小，第三排座椅靠背调到最舒适状态尾箱空间就不大了，用车一周还是有些小问题，比如我的mate40p居然不能无线快充。用了远程开空调后再上车就控制不了后排空调了，要手动按一下按键才恢复正常等等，虽然不影响使用但是影响体验，希望后期ota能改进这些小问题。

【最满意】
乘坐空间够大，舒适性很好，静谧性很好，车机智能化的天花板没有之一。

【驾驶感受】
底盘不会太软像开船，但是过急弯还是有侧倾，毕竟是SUV还那么高大。高速还没去试，听说风噪胎噪比较明显，试完再来给大家汇报，两驱电车动力完全够日常通勤了，加速过车太轻松，要是四驱就更猛了。如果抛开深圳补贴我觉得四驱最有性价比，现在主要是受限于产能，四驱交付时间太长。

【购车经历】
之前看了也试驾了很多车，gl8，传祺GS8，M8，ID6，理想one，没看M7前基本定的是理想one，后来看了M7就想着等试驾车出来，而且还有专项补贴，7月底试驾完就大定了，经历了漫长的等待终于开上了这大块头，之前开轿车还得慢慢习惯这大块头。

【续航】
刚开始市区开电耗基本在16左右，见过有车友13，16的电耗，现在熟悉了电门的脚感，在城市快速路是最省电耗的，踩出过11，12的电耗。

【油耗】
电量25以下就会启动增程，大概在6个左右，那么大的车这个油耗已经很好了。试过电量在20的时候设置了燃油优先，油耗升到8.8，电耗-11还给电池充了11度电，油耗可以说很好，不过市区难得用得上油，这还是我故意不充电想试下油耗?

最后M7是款好车，特别是6座刚需的家庭用车，我没有太在意是否有华为参与的因素，就车本身来说它符合我用车的刚需就够了，其他的都是锦上添花，还有大家买车一定要亲自去试驾，光看也没用，试驾才能知道是不是自己需要的车，这很重要，先写这么多吧，也希望问界会越来越好，大家早日提到自己的爱车。",2022/9/28,深圳
多才多艺铅笔0h5,"【驾驶感受】
非常好的驾驶感，跟油车没啥区别，不像之前试驾的别的款的爱点头。而且底盘非常调教的非常舒服，用朋友的话说是车过颠簸路段的时候非常整，不会有左晃右晃的感觉，稍微晃一下之后就收紧，朋友说仿佛是这个车穿了个气垫鞋，又支撑又柔软。
转向很精准，指哪打哪。四驱的动力没得说，我喜欢用节能模式，但是即使技能模式下，动力也是随叫随到，说超车就超车。不过我很少激烈驾驶，哈哈。
【续航】
续航四驱的智驾版确实电耗要高一些，冬天经常在21度每百公里。不过我有家充，每天我跑的路程也多，就每天回家充上，现在还没怎么用过油。跑过一次高速一百多公里去媳妇儿老家，油电共用也就四个油，很爽。

【亮点配置】
智能化肯定是亮点啦！
车机智能化，从此孩子在车上可以随便看动画，手机上的大部分媒体软件都能用超级桌面，爽到爆。
智驾也是遥遥领先，高速上一路上从石家庄到邢台，全程零接管。而且没有让我不适的驾驶感觉。基本上我想超车的时候它也已经做出超车策略了，非常像人。
不过在城市高架上出现过识别匝道不准确的现象，希望后面能够升级改进。期盼城市智驾的到来！

【购车经历】
买车的时候挑了很多，基本三十万价位的全看了，这个是最佳选择，没有之一。包括后面我的朋友也在我的带动下买了，哈哈。确实遥遥领先！",2023/12/11,石家庄
Inmo,外观：我选的灰色，在展厅看着挺好看，提车后个人感觉不如白色和绿色的好看。外形更像传统油车，比较中庸，适合中年大叔，与小康的ix7神相似，个人觉得还好，没有惊喜，也不难看。 内饰：厂家主推杏色，实际就是米色，太浅了，就选了琥珀色，黑色不是真皮就pass了。内饰用料很扎实，还是非常有质感的，皮革覆盖范围很大，为数不多的几个实体按键（窗户调节等）手感很好，所有储物空间下面都有小垫子，方便清洁打扫，整体内饰有那种高级车的豪华感。杯座的盖板阻尼有点慢，个人更喜欢那种拉帘似的。这个车还是传统的档位设计，如果能改成怀挡，可以增加中间部分的储物空间。 配置：这个还是比较良心的，加上送的选装权益，等于丐版就是大满配，除了六座、智驾和四驱，其它和旗舰版没有区别了，头枕音箱、四个座椅通风加热按摩、HUD、带散热的两个手机快充板、人脸识别、全景天窗，全部都有了，幸福感拉满。 空间：五座版最大的优势就是空间，前后排、后备箱都是同级别非常出色的了，让我一个开A级车的一下有了开房车的感觉。 舒适性：空间大的最直接表现就是舒适性，无论是腿部、头部空间都有很多富裕，座椅确实比老款的更软更长，坐感提升明显。 操控：操控非常好，方向盘很轻盈（对比之前的油车），底盘走不平的道路或者过坎确实有坐船的感觉，不知道是大车都这样（之前没开过大车），还是因为悬挂的问题。 动力：对比油车确实非常有劲儿，不知是后驱的原因还是什么，感觉上坡的时候没有之前1.8自然吸气的油车有劲，平路上动力很充沛。 能耗：目前已经开了3000公里，一直在市区内开，正常用油是20左右，冬天开暖风大概是25左右，如果堵车还会升高，我最高到过38，均速是9，非常堵车了。油耗大概是7左右，亏电情况下（低于20%），会达到8-9，我理解是在给电池反向充电。2吨的车这样的能耗我觉得还可以了，没有想象中低，但也还可以接受。结合加95油，以及1.5元以上的充电费，用车成本不比之前用油车少多少。,2023/12/27,北京
代富者,"🚘基本车况:
四驱豪华版，外观深空灰，内饰韶华杏，十辐轮毂，无华为充电桩，加装零重力座椅。

🚧购车历程:
选车过程中历经了以下考量:
一、【目标】:
1、最初看别克昂科威s，发现内部空间偏小，放弃。等来了别克昂科威plus，试驾感觉不错，流媒体后视镜很棒，看中了艾维亚版本，落地约30万了，想想不如加钱再上一个台阶。
2、看了林肯航海家，感觉座椅偏短pass；试了奔驰glc300，驾控和内饰个人喜欢不起来pass；试了宝马x3，很喜欢，驾驶感很舒服，内饰是真喜欢，后排还能调节，放弃是因为到真要下单的时候涨价了，不爽pass；最后试驾的是沃尔沃xc60，一次试驾时车辆腾空后安全带自动收紧，让我对沃尔沃的安全性给出了极高的评价，在下单的前一刻，去试驾了问界m7，然后就没有然后了。
3、在考虑宝马x3、沃尔沃xc60的同时，我已开始关注新能源，重点关注了蔚来es6、理想one，小鹏G9等了很久迟迟不上市。
二、【考量因素】:
优点:1、新上市，科技感很强，车机号称业内天花板；2、车内空间够用，家人都喜欢，坐着舒服；3、可油可电，油耗也不算高，日常代步基本用电，偶尔长途用油，日常支出不大；4、外观大气；5、比起家里老车，更上一个台阶。
缺点:1、金康赛力斯，品牌影响力不够硬，之前都没关注过；2、网传增程式是落后技术；3、外观科技感不强，有点像油车；4、担心后期这车卖得不好，销量可能会影响后期售后保养质量；5、华为的自动驾驶技术没有用在这车上。
三、【最终下定理由】:1、可油可电，加满油可以跑1千多公里，平时市区基本不用油，省钱；2、老婆孩子喜欢，6座坐着舒服；3、旧车年份久了，该淘汰了；4、现在开车不求速度与激情，求个平安稳妥，大车开着更踏实；5、不用在乎保值率，新能源技术更新迭代太快；6、技术落后与否不重要，图个省心好开坐着舒服就行。

✏️本人提车流程分享:小定-转大定（3天的犹豫期）-等车（煎熬）-加各种车友群-车到店提醒（发车到店大概一周）-到店验车（可找我要提车攻略）-交税（新能源免购置税，要走个流程）-上险（切记，出店前必须生效！！！可店外购买）-交付人员培训咨询-上临牌（可选择自己上牌，当天出临牌，后期需多跑一趟上牌点）-12123APP里自选号码（想要选到心仪的号牌建议提早做攻略）-上牌点上牌（12123里可以自由选择上牌点，正式牌照一周左右寄到）-各种折腾各种装饰。

📕所做车辆装饰及价格:
大件:车衣+玻璃膜5800、电动踏板2380、航空360脚垫+后备箱垫980；
小件:牌照框80、etc99（支付宝里）、车内钢琴漆保护膜30、大屏钢化膜30、脚踏298、后备箱储物箱（官方积分）、外放电枪（官方积分）、中控箱置物盒45、中控屏后置物盒45。

📷驾乘感受:
目前已2千多公里，整体驾驶感受很不错，无论是是市区还是高速，驾驶感很稳健，毕竟2.5吨的自重在。虽然车子很大很重，但是操控性很好，提速超车感觉很舒服，不会掉链子。市区日常时，纯电优先，带着老婆孩子时一般选择舒适模式，偶尔一个人的时候撒撒欢，运动模式high一把。更激进的驾驶模式是弹射，比较强烈的推背感，哪怕电量充足时增程器也会启动，能耗瞬间飙升，噪声不可避免地会加大，不过超车真是分分钟的事，谁爽谁知道。

⛽续航情况:
整车是40度的电池容量，我正常设置充电至95%，用到20%左右就会启动增程器（20%是官方说法，实际很多车友启动增程器的最低电量不尽相同，可能与个人驾驶习惯有很大关系）。按照宁波电价（峰电0.568元/度，谷电0.288元/度），家充桩预约充电用的是谷电，百公里电费约6.4元，即便加上偶尔用的峰电，不会超过7元的百公里电费，这可比油车的消费省多了。四驱版本的电耗明显要高一些（后驱正常电耗约18kw/百公里，我的四驱正常电耗约22kw/百公里）。不过这跟个人驾驶习惯有很大关系，正常是够用了，城市里代步大概2到3天左右需充电一次，因为是增程式混动车型，没有里程焦虑。

✏️经验分享:
1、新能源购车也是可以有优惠的，要主动去咨询了解，多对比。
2、问界毕竟是新的新能源品牌，购车提车用车中所有问题要多去沟通，必要时可以400电话投诉，一般会有交付专员与你沟通对接。
3、保险不一定要店里买，为防被骗要多了解多问，具体价格以交付当日出单为准。建议再加上医保外用药险。
4、不同4S店上牌服务费不同，想省钱可以选择自己去上牌。
5、车辆装饰要多比对车友们的价格，可以避坑。车衣、玻璃膜之类的，联系选大牌有质保的。

欢迎车友一起交流✌",2022/11/23,宁波
用户7359354502373,"这款车的定位是豪华智慧大型电动SUV，个人觉得这款车男性开也好，女性开也好，都是挺好的，是增程式混动，可油可电，个人感觉还是非常棒的，没有续航的焦虑，像平时上下班，基本上能跑个200公里左右吧，我觉着比坐地铁还便宜，挺省的，如果出去玩的时候还可以用油，觉得很方便。

再说说小艺吧，这款车的车机系统还是比较强大的，有什么语音嗯，交互可见可说，而且小艺非常智能，感觉不像个机器嗯，普通的跟他聊天他都能够识别的很清楚，而且车技很流畅，像平时你给他说说什么将窗户留个缝呀，打开后备箱呀，然后打开窗户呀，什么他都能听懂，河南话他也是可以听懂的.而且还会有嗯，有一个是畅连通话的功能，就是有时候我自己开车的时候，我可以跟家人可以直接视频，车里边是有摄像头的，然后这个也可以调到外面，可以看路上的风景，也可以看到车内的情况，感觉很智能。而且这个车还可以人脸识别嗯，还有就是手机手表控车我觉得都非常棒，你像女孩子嘛，开车的时候那音乐呀，座椅啊，肯定都不太一样，包括空调的温度，他都会通过这脸识别直接设置成我自己喜欢的那个角度啥的感觉非常棒。 而且他还有那个360影像，还有自动泊车，那我平时本身停车，说实话也不是很好，但是这个自动泊车，我直接可以选一个车位，不用管他，自己就可以停进，我觉得特别的高大上，而且那个360是可以看见透明的底盘底下的任何障碍物都可以看得很清楚，我觉得对于我来说是非常安全的。

还有很多很多，我觉得非常棒，很贴心又很高大上，很智能的功能，还有很多。总而言之，言而总之，买这款车我觉得很值！",2022/10/21,郑州
KimSungLuo,【购车经历】 购车体验总体还行，没送什么东西，就给我杯子和原厂的TPU单层脚垫，那个脚垫虽然丑吧，但是还挺实用，很有分量，泥沙冲一冲就掉了。我会去工地，所以不喜欢全包围，整个体验还不错，就是说好的手机优先权遥遥无期，这点不爽。 【提车价格】 裸车24.38落地正正好25，保险我自己外面买的，不强制这点给好评。 【驾驶感受】 舒适模式好评，节电模式和运动模式会晕车，然后晃的问题还是存在的，大车的物理性质决定了晃怎么优化都没用。隔音给绝对好评，配合主动降噪，安静的可怕，我上车肯定要开音乐，不然单单听空调和电机的声音瘆得慌。多说一句，短轴距确实过弯更容易操控。 【油耗】 我还没怎么用过增程器，用过两次是20KM短途，大概6-7个油吧，如果是电量70%以上，油耗只有5左右。 【续航】 我没试过满充满放，从90%用到20%大概跑140KM吧，我基本都是红绿灯第一名，所以电耗在18-20左右。 【空间表现】 大，除了大我不知道怎么形容了，贴别是后排和后备箱，大的惊人。 【销售态度】 接待我的销售还可以，我在发布会前就接触销售小订了，那个时候的销售没业绩态度都很好，现在销量好了不知道态度是不是还那么好。 【最不满意】 首先就是车身太大了，普通车位听进去，左右基本没什么空余，很容易遇到开门杀，我提车小一个月，被开门杀不下十次了，好在车漆厚，白点擦一下就掉了。 然后就是外观确实比较中庸，长的很大众，谈不上难看但也和好看不沾边，不过符合我的需求，低调就好。 最后就是后备箱关门的声音很难听，有种面包车的感觉😂还有一个就是官方新M7的配件是真的少，连头枕都不适配，真无语 【最满意】 主动安全，这个绝对表扬，我遇到一次，在地下车库，那天我发高烧有点迷糊，下楼挪车，到了一个路口，右侧来了一辆车我没看见，M7自己刹停了，微微往左打了方向，避开了碰撞，谢天谢地，不然我要帮别人修车了。 超级桌面，绝对好评，太好用了，车机没有的应用，都可以从手机导过来，超好用。 音响，这个没得说，空间音频用起来真的是享受，缺点就是要开华为音乐会员。 小憩模式，这个很好用，中午在公司午休挺爽的，不过也挺耗电的，一个半小时大概4%的电。 明天我就要参加内测新版本OTA，有什么智能卫士好像，之后再给各位分享体验，目前只开了六百多公里，没发现什么很大的问题，反正就目前来说，25万这个车带来的体验真的很值。对了，深空灰和琥珀棕很配，那个棕色挺好看的。,2023/10/31,厦门
用户2612412892454,"作为上班族，主要使用的就是日常通勤代步，可油可电，畅行无忧。选择了问界的商务车型M7,高个子坐乘也丝毫没有压抑感，纵向横向都比较宽松，腿部感受很明显。选装了零重力座椅，工作日午休车内小憩把按摩打开是真的很舒适，一解日常疲惫。第三排座椅支持多段调节，所以基本上可以调整到一个比较舒服的坐姿。从使用场景来说，偶尔成年人乘坐第三排也是没问题的，如果是小孩乘坐空间就非常富裕了。出远门行李较多可以通过一键放倒第三排座椅，扩大后排储物空间。
   车辆驾驶操控性强，方向盘轻巧且起步快，等红绿灯时尤为明显，“随叫随到”必须提及,轻踩油门便能动力十足。全景影像，毫米波雷达可以检测到前后轮的障碍物，视角开阔盲区少，大大降低了事故频次。如不小心压线会有语音提醒，违章担心又少了一些。车身降噪做的不错，车内环境安静，华为sound音响立体环绕感强。作为华为粉丝，提车至今快有1年了，但对它的喜爱不亚于当初。
    外观大气，颜色独特少有，回头率高。说实话最让我惊喜的是它的抬显，方便且满满科技感。关于材质一定要说一下，真皮搭配木质纹非常有质感，颜色搭配协调，最让我看重的还是气味，大家都知道新车气味会很大，需要购买除味炭包并且长时间的散味，这款车让我很惊喜，几乎没有什么气味，车内还配有香氛，三种香味可选，还有自动空气净化进化功能，让人感到舒心。
    新能源车最直观的感受就是智能化，常用常新，语音识别精准度高，交流无障碍。基本上就只需要语音唤醒小艺命令操作了。更新鸿蒙3.0版本后，小艺可以免唤醒了，方便了不少，相较而言我更喜欢用手机控车，已入夏季，车内温度非常高，好在每次用车前都可以使用手机远程操控开关空调，进车就已是舒适的温度，加上座椅加热通风，特别舒服。和普通燃油车相比，进车光是开空调想要达到合适的温度就需要一段时间，如果是近距离用车，可能还没等到舒适温度就已经到达目的地了，显得有些徒劳，因此这个功能无论是夏季还是冬季都是非常适用的。
    用车体验当然少不了售后服务，进店态度热情，有问必答，店面干净透露着科技感，施工过程明朗，不同季节还有相应的服务活动，除了厂家的用车活动，我的用户中心还时常会邀约我参与客户活动，与车友互相交流用车体验，日常用车的各类问题随时随地都能得到工作人员的快速解答，贴心且省心。
   近期M5智驾版已经到店，观望好久一直想要试驾，奈何最近没有时间，导致搁浅略有遗憾，后期有空一定要到店试驾体验一把。正如人一旦对某种东西有所喜爱就会不自觉的持续关注一样。
       购车以后除了日常通勤就是节假日外出游玩使用了，除开平坦道路也跑过各种路况段，崎岖路段没有特别明显的抖动感，较为平稳。转向灵活，虽说是7座商务车比较大，但确毫无笨重感，转向操控轻巧，油门灵敏，动力十足，起步快捷，相对应的制动系统也是非常可靠的，紧急刹停优秀，安全系数高。比起纯电还是不后悔选择了增程式，不用太担心续航问题，多一重保障。
    总的来说车整体的操控性是不错的。坐乘过程中有行人或车辆经过会有黄色警示灯提示，大大降低了剐蹭风险，手机定位可以流转到车机导航上，上车自动连接，无需再手动操作，节约出行时间。目前经历了四季天气变换，座椅通风加热，空调冷暖风都已尝试过，电耗油耗都在可接受范围内，用车后预约晚上充电次日就可以满电上路真是一点不耽误，远程手机操控皆可完成并实时查看车辆状况。              近期受邀到店升级零重力座椅，说是解决滑轨异响问题，前期就有在车友群内看见有车主反映零重力异响问题，继而特别关注了自己的零重力座椅，确定无异响，感到很幸运，告知用户中心不必特别处理，但得到建议回馈为避免后期可能会产生的异响现象还是应邀到店了。最近真的一直很忙，各种车主活动都没有时间参加，终于有空提前预约了升级，进店便有人接待并有手制冰饮，独特又清凉，一并参与了宣传一段时间的夏季车辆检查活动，盲盒抽取就有奖品还是比较满意的。由于现场升级需要的时间较长，等待之余去到了展厅，看了我一直关注想要了解的新款M5智驾版，在销售的讲解下还顺便试驾体验了一番，感觉高阶购车以后除了日常通勤就是节假日外出游玩使用了，除开平坦道路也跑过各种路况段，崎岖路段没有特别明显的抖动感，较为平稳。转向灵活，虽说是7座商务车比较大，但确毫无笨重感，转向操控轻巧，油门灵敏，动力十足，起步快捷，相对应的制动系统也是非常可靠的，紧急刹停优秀，安全系数高。比起纯电还是不后悔选择了增程式，不用太担心续航问题，多一重保障。总的来说车整体的操控性是不错的。坐乘过程中有行人或车辆经过会有黄色警示灯提示，大大降低了剐蹭风险，手机定位可以流转到车机导航上，上车自动连接，无需再手动操作，节约出行时间。目前经历了四季天气变换，座椅通风加热，空调冷暖风都已尝试过，电耗油耗都在可接受，保守派还是建议普通增程版。",2023/6/29,德阳
小正太-Brandon_nWu,"2022年12月提车的旗舰版M7车主，和广大车友分享三个月来三千公里的用车体验。

【最不满意】
        3000公里实测下来，不吹不黑，没有最不满意的地方，这台车就是一台水桶车。
 

【购车经历】
        其实之前一直关注的是林肯飞行家，但超预算了老婆不让。我的需求是六座，第二排要独立座椅，另外希望能送车牌不用再摇号。选车在去年七八九月份，那个时间点市场上能选的也比较火的基本就是LX 1和M7。
        
       为什么没选LX？很简单，直接原因就是老婆不同意，觉得新势力信不过，加上后来的停产事件，基本就跟这家拜拜了。谈不上什么偏见，老婆就是不喜欢。从我的角度看，LX是不错的车子，营销也很成功，有一说一，这点问界还有很长的路要走。
        
        为什么选了问界？花了三四十万，不小的开销了，说到底是选择了一种信任，相信华为的商业道德，也相信华为的质量品控。另外一层是情怀，回想起来，2022是华为比较艰难承压的时候，家中老爷子特别喜欢华为，所以一致决定买M7，像这样有担当的民族脊梁企业，应该支持也值得支持。至于很多人说的M7前脸丑，我觉得审美这东西…各花入各眼吧，我倒觉得M7这种低调的前脸反而适合我，耐看而不张扬，内饰也简单，走理工科路线，清清爽爽就挺好，不喜欢花里胡哨的很复杂。
 

【提车价格】
        最后下定旗舰版M7，8月底还没广州华为门店还没有上，在生物岛试驾会上下定的，原车37.98万，因为有1000抵5000优惠，所以裸车价算37.58万，送一台MATE 50 RRO。
        至于为什么选顶配？因为多了四个电吸门和四个21寸专属轮毂？其实就是单单冲着21寸轮毂去的，颜值即正义。
       为了这点多花好几万值吗？实话说是小贵吧，但现在每次见到这个轮毂都会很开心，这就值了，因为我心目中的豪华车就应该这样。至于电吸门，是用了之后才觉得不错，加上又装了电动侧踏板，配置拉满，一切圆满了。
 

【驾驶感受】
        整车驾驶质感强，摆脱了纯奶爸车的那种“肉”，对驾驶员是一种福利。
1、车辆加速响应快，动力的建立非常线性和平顺，没有突兀的感觉。舒适模式下，加速曲线更加柔和，但推背感也很强；在保证提速的前提下兼顾了乘坐的舒适性，非常满意。
2、转向灵活、城市变道干脆利落，操纵感清晰不肉
3、方向盘不重，女司机来看也能轻松驾驭，这是一台2.5吨重的车，难能可贵。
      其实不要辅助驾驶都行，因为自己开会感觉更爽

【乘坐体验】
 乘坐感舒适。
第一排乘坐体验好，前排头部1010mm，前排宽度1510mm，座垫长度有520mm，头部没有压迫，坐直了开车很爽。
第二排空间足够，数据（腿部870mm、头部950mm、宽度1490mm、宽度坐垫长度520mm）最亮眼的腿部空间足够，1米75的人坐第二排，大概有3拳距离。二排座椅NAPPA真皮，打孔透气设计，靠背角度可调，后仰角度很大，而且靠背的凹陷角度设计也合理，搭配适合长时间乘坐。
以上提车到现在三个月，搭载过的亲人朋友无一人晕车不舒服，这是一台家用新能源车的无上荣光。给了更多人舒适，也就获得了更多人的肯定。
 

【能耗表现】
       行驶能耗低。
1、 市区表现：市区我一般开纯电，电耗平均在百公里19-22Kwh，电耗表现中规中矩。
2、高速表现：高速我会刻意开增程器用用油，实测多次下来，百公里平均在6.5-7.5个油波动，基于正常使用状态，空调音乐都开，相当可以，最低在华快试过6个油。（所以说真的我一直好奇销售为啥不多宣传华为这个DRIVE ONE电机的表现？总讲车机优秀就好像只有鸿蒙车机这么个优点）
 
 
【改进建议】
1、整车轴距问题。虽然轴距2820可以减少掉头半径，但整体来看全车比例还是不大协调，影响美观，而且车头过长导致盲区较大，建议后续车型改进。
2、A柱遮挡视线。A柱有点粗壮，转弯时驾驶位需要伸缩头来观察左侧路况。
3、二排空调制热。虽然广州车主没有这个困扰，但作为一款比肩豪车的SUV，还是应该考虑到五湖四海的车友，个人觉得不是什么难题，抓紧解决了也不至于一直被市场拿来说。
4、三排音响效果一般。对比发现播放纯音乐三排听歌还行，但如果播放歌曲，只有前两排行，三排出来的都是杂音，影响体验。
5、后备箱太小。作为一台六座车，说实在的这个后备箱还是太小了，只有第二排座椅放倒才略有改善。
6、三排座椅调节。建议M7改款直接改电动调节的吧，一键调节角度或直接放倒，豪华车就是要从容地使用，如果还得费力拉来拉去就没那么体面。
7、底盘悬挂偏硬。走好路没啥问题，但过细碎或一般路面时比较颠簸，改款车型应该优化调教，现有车型建议尽快把华为那套DATS系统上了，看看有没改善。",2023/3/17,广州
青涩暖阳992,"首先对于外观我是持保留态度的，个人感觉还是没有理想L7好看。外观更接近于油车，作为一个新能源，不挂绿牌的话一般人真的都会觉得那是台油车。希望问界后续车型设计更加大胆一些，前卫一些。
     内饰方面我觉得还是挺好看的，大气、简洁，桃木内饰还是挺加分的。重点是这座椅材质挺软的，对比我试驾过的唐要舒服太多了，底盘过滤不掉的震动被座椅吸收了大部分。全系标配的座椅通风加热按摩非常奈斯。工作需求我选的黑内黑外，虽然很喜欢棕色内饰，但是没办法只有妥协。
       配置方面，该有的都有，没什么好讲的。后排空间还是蛮大的，主要我不是冲着这个来的。续航方面由于我才试驾了两天，后续才能分享。
      智能化我也是很肯定的，蓝牙钥匙非常方便，基本不用操作，上车就走，靠近车辆就会开锁，下车走远了自动锁车，也得益于我也用的华为手机，如果是苹果手机估计没这么方便。辅助驾驶目前没上过高速，只在城区来了60公里左右，它只能在划线清晰的路段使用，车流量过大的路段无法使用，路况太复杂了，估计还得是智驾版的来，改天高速我再试试。动力确实没话说，跟燃油车有本质上的区别，加速线性，没有顿挫，没有换挡的那种感觉，更没有发动机停起时的那种震动，当真是开了电车就回不去了。动力随叫随到，没有油车降档的那种迟滞，一点都不拖泥带水。
     缺点嘛，目前只觉得应用商店里的APP太少了，希望后续优化跟进。
    总体来说，这个价位还是蛮值得的，同价位的话极具性价比，有钱的话还是得上智驾版。还有一点我觉得问界的服务确实挺好的，特别是下定那天，下单后拉我进群，我以为是那种很多车友的群，结果进去就我一个客户，其他的都是客服，就好像大家都是为了服务你一个人的感觉，车我也是买过几台的，这样的服务确实还是蛮讨对我的胃口的，这点必须给问界点赞👍🏻。",2023/11/1,荆门
伊人醉在冬季,"我可能是最早一批关注问界M7的人，当时关注到的时候没有任何的感觉，只是看了一眼而已，后期出了智驾版本，关注了大嘴的发布会，正式开始关注。或多或少也有些担心，认为这一定是少部分人的选择。

2023年底等了接近三个月终于接到了提车通知，同时接到了济南市的新能源补贴5000块钱。非常非常开心。12月14号提车，销售还给送了蛋糕，非常惊喜。

不知不觉中，提问界M7智驾六座已经一个月了，回头再看看，并没有觉得自己成为“小白鼠”。毕竟在六座之前，有五座现车可以看到。一直到现在销量也非常不错。本来最开始也准备选择五座的，后来考虑家庭出行需要之后，感觉更划算，空间也更大，就选择了后者。

首先是大家担心的油耗情况，这一点我还是比较认可的。我平时主要是开这辆车上下班每天是50公里，周末回老家，平均百公里油耗6-7升左右。

日常行驶一直是纯电行驶，至于开长途，其实也没什么可担心的，增程式的优势就是续航，跑多远都不用担心这方面问题。据说这辆车满油满电状态下能跑超过1000公里，实际使用下来估计800公里还是有的吧。

至于车辆的实际驾驶体验，问界M7驾驶起来非常平顺，提速也比较猛，持续踩油门的时候还能感受到一定的推背感。和燃油车相比，驾驶体验确实要舒适一些。

还有当时觉得比较新鲜的中控屏，现在也慢慢用习惯了。起初看到这块屏幕的时候，确实觉得设计得比较美观。不仅四面边框比较窄，而且屏幕显示非常细腻，视觉效果非常出色。操作起来十分顺滑，几乎没遇到过卡顿的感觉。另外是交互逻辑，也很符合日常使用习惯。

还有车上的智能辅助驾驶功能，比如主动刹车或者自动偏离预警等功能，开车的时候能随时提醒我，让我保持专注驾驶，也让我的日常出行更安全了一些，目前3000多公里，起码1500公里是智驾行驶。

总而言之，确实觉得问界M7是一辆不错的车，选它真的很值得。",2024/1/11,济南
插秧冠军,"9月26日大定，问界M7PLUS版本，10月22日通知提车，没有享受到补贴。
       银外内棕，座椅标配通风按摩功能，主驾标配头枕音箱，导航不影响车内其他乘客，内饰高级感强，必须给满分。外观各有所爱，是我喜欢的那一种款式。
       操控在同类SUV里面，中上水平，比BBA的SUV油车差一点点，国产绝对在第一梯队里面。
      目前行驶了500多公里，对能耗做初步分析。
       空间没得说，三个体重80公斤的男同胞坐在后排说很宽松。必须满分。
       本文重点讨论两种驾驶模式的能耗经济性。其他驾驶模式以后再议。
       其中130公里采用智能驾驶模式，350公里采用燃油优先模式。
智能驾驶模式百公里能耗：
14.8kwh+1.4L=6.0L，其中电耗14.8kwh*0.56元/kwh=8.288元，油耗1.4L*9.09元/L=12.726元，百公里费用总计21.014元。
燃油优先模式百公里能耗：
3.3kwh+5.1L=6.03L，其中电耗3.3kwh*0.56元/kwh=1.848元，油耗5.1L*9.09元/L=46.359元，百公里费用总计48.207元。
      问界M7PLUS版本总体油耗不高，百公里6升，对于自重2.37吨的车子来说，相当省油了。
       日常驾驶不建议使用燃油优先模式，使用智能驾驶模式更经济实惠。长途山区驾驶，可以使用燃油优先模式。市区、长途平原，使用智能驾驶模式。",2023/11/5,柳州
用户3637192851236,因为要结婚，所以准备买一辆家用代步车，看车也看了很多，从纯电到增程，从比亚迪，埃安，到理想，岚图，最后选择了问界m7。其实到底什么车是最好的，我觉得还是要考虑清楚自己的实际使用场景，适合自己的才是最好的。 最初考虑比亚迪唐ev，也试驾了，驾驶体验也不错，操控性，加速性都比较满意，不过内饰方面，还是差那么点意思，塑料感对比其他几款车型相对强一点点，虽说不是不能接受，但是都30多万了，我们就应该用30多万的要求对待。 再说理想，整体来说，理想试驾舒适性也比较高，但是3缸増程器还是多少心里不太满意，其次就是觉得理想底盘还是不太扎实。 下面再说最后选择的m7。外观走的中庸风，一眼看你要觉得有多出彩是没有，但是看久了真就越来越有味道，尤其侧面，可能我老了吧，太潮流的设计真的不太欣赏得来，理想贯穿大屏一眼看科技感挺强，但是第二次再去店里看就觉得不好看了。内饰来说，简约的中控大屏，真皮座椅，没有华丽的线条，但是放在哪里都不容易过时，看一次觉得一般般，天天看，反而越看越舒服。 驾驶感受方面。我觉得不管是新能源车还是燃油车，我始终觉得驾驶性，操作性，安全性始终才是最核心的，总觉得现在有些车企走歪了，把重心放到了其他花里胡哨的功能上。之前开的是马自达cx-5虽然也不是多好的车，但是从驾驶性，高速稳定性，过弯封性能方面我觉得是不差的，而m7给我的驾驶体验是更加满意的，高速方向稳，低速方向轻巧，加速反正快，刹车灵敏，转弯不侧倾，滤震干净利落，给人很敦实的感觉，而被其它人诟病的轴距短，我反而喜欢，转弯半径小，真的很方便！ 最后谈一谈大家总说的新能源车智能性。首先是辅助驾驶系统，这块怎么说呢，如果你是真的喜欢玩这套那么不建议选择问界m7，如果你像我，还是更喜欢自己开，感受开车的驾驶乐趣，那么m7真的是你很好的选择，不管是驾驶操控，路面反馈都是优秀的，偶尔想玩玩辅助驾驶也足够满足，高速定速巡航没有任何问题，使用下来跟车减速平顺，线性，即便是高速遇到弯道自己也能很好的过弯。但是我还是不信任电脑，觉得自己开更安心，所以基本没用过太多次。如果你追求的是完全电脑接管，那么m7不适合你。最后是车机，车机很流畅，但是也不必要神话，与其说是车机流畅吸引我，不如说是华为生态的万物互联更吸引我，用的mate40pro，与车机无缝衔接互联，真的方便，也更加期待后续超级投屏和无缝流转。 所以总体来说，如何选车需求最重要，思考清楚自己的需求，到底追求什么，再选择车款，然后就是真的去试驾！网上别人说再多都没用，自己体验好才是最好的。顺便说一句，交付的m7比试驾车底盘体验更好，滤震更好，更干脆利落～ 总体来说，m7满足了我的各项需求点，所以它就是我心目中的完美车车～,2022/10/23,昆明
一二为常,不知不觉，华为问界M7已经5个多月了，里程快9千公里！ 一、零重力座椅真是超赞，春节回老家长途，一家三口轮流开车，谁开车后谁躺零重力座椅，休息要好得多，睡得要香。单位车位紧张，早上比较早到单位，占位后还可以车上补觉；去到那里开会或者培训，也可以舒服躺在车上候会。中午，开小休憩模式，躺在零重力座椅上，那真是一个香字了得。 我觉得在电动的设计上，华为问界M7借鉴老款混动唐、理想one，M7有40度电基本能保障广州100公里内的通勤需求，如果更远也没有问题，广州、珠三角遍地的充电站让你随时补电，白云新城万达旁的云城东路、西路就有大量路边快充桩，费用便宜，真是不要不要的。大电池、快充真的让我这个第一代混动唐车主（2016年下半年购买）的体验感觉跃升了几级。 二、油耗电耗还是很满意的，除了春节回家来回用了油，其他都是电。长途油耗相比我的老唐还要省，以前开混动唐回老家来回油费大概900元到1000元之间，这次M7的总油费不超过700元，单程750公里，中间休息时也充了点电。平时电耗，城乡综合道路，我觉得1度电可以跑5公里多一点点，也比我的老唐要多半公里多。 三、功能都集成到系统上在屏幕上操作，如果没有认真研读行车指南的话，有的功能可能还不会用。比如说空调怎么调上下左右的风向，如果不是找售后专门了解一下，我只是傻傻点屏幕上显示的按皱键。当然还有很多，而且OTA升级后，功能又会改进，真是常新常学。 四、智能辅助驾驶还是很好用的，长途我开车我就用，麻烦就是高速隧道多，这种情况的设置这块还没有很好掌握。 五、也有一些槽点。我觉得华为太追求所谓豪华的，有一些设计不接地气，比如，城里停车位很窄小，车间距小开车门后，稍微胖点的人，就下不了车。当然，有专用车位的富豪不用操这个心。还有，配备脚垫都是毛的，怕灰怕水怕泥，不如用唐的大包围，不怕脏好清洁。,2023/4/12,广州
梦离城24108053,"浅谈为何二次还会继续选择相信它
款式颜色：舒适+灰棕
【购车经历】
为什么会选它：说起来比较很糟心，二次下单问界算得上是忠实粉丝了。从去年年底开始先是看了领克09，定金都交了后因为年前都拿不到车给退了，然后到今年的6月份开始又开始选车试车，最早的是关注油车汉兰达，陆放，揽境，途昂，但始终没有能打动我的点，后面去试驾理想one，试驾了2次，各方面感觉还不错价格也合适，因为补贴的名额问题，又没定。。等7月份想订的时候，李想都在微博上说可以等l8就又不了了之。 
8月份去线下华为门店先是体验了m5，不得不说第一眼非常惊艳到我。高端大气上档次，也试驾了。8月中旬才有m7，就简单试驾了一次，上了高速各方面都还行，甚至都没了解过配置啥的，就大定了。总体来说，还是冲着华为背书，无脑选择就对了。不用太了解，哈哈。本来国庆就要提车，因系统问题又二次下单重新订车，在11月才提上车。不得不吐槽一下，当初订舒适就是因为提车时间问题，豪华要等太久不想等， 没想到最后也等了那么久是很糟心的。 不过等待还是值得的，好车经得起等。

【驾驶感受】很不错，基本没什么吐槽的点。唯一一个很多人关心的可能就是辅助驾驶的问题了，这个基本上是够用的，我个人来说是可以满足需求的。实话说没有理想蔚来小鹏那么智能，就目前我自己的想法就是不要太去依赖这些高科技，不要把生命交给这些芯片机器啥的，辅助驾驶的本质终究是辅助，不能太过依赖。 够用就行，还是要靠自己。


【油耗】高速上用燃油模式的话，大概就在百公里8l，电的话差不多就20左右。  这么大的车基本上是可以接受


【续航】这个真的要看个人开车习惯，充满电是跑个200公里没问题，油没加满过觉得没必要哈哈哈


【空间表现】基本上会买6-7坐的人，第三排是比较少会坐满的。 我平时都是倒下去当小四座用，空间很大，0重力座椅真的无敌了，哈哈。 太舒服


【最不满意】1.在不放音乐的前提下空调开扫风会有轻微电机声。 怪就怪这车隔音效果比较好，很安静，基本没有什么异响，所以一点轻微的声音都会被无限放大。
2.我在当地的华为体验中心下的单子，用户中心还没搞好，所以得去隔壁市区提车，提车就简单走个流程付个钱就走了，一点体验感都没有。回来上牌也是自己去上，就没啥服务。

强烈推荐理由：自动泊车点赞特别好用，唯一缺点可能就是动作比较慢，安全的情况下慢悠悠的急性子的老司机肯定等不及哈哈哈，算是对女司机新手特别的舒服。平时一些侧方位停车的情况，我自己是肯定开不进去的，交给车机完全没有问题。不过还是要观察周围环境，不然容易磕到马路牙子。
还有就是0重力座椅了，真的是大爱。 最近世界杯都经常躺在车上看，很舒服。出差坐后面太香了，家里人都很满意这个座椅抢着坐。下雨天躲在里面，听雨声，坐0重力座椅，很治愈很容易睡着。（有送个0重力抱枕，打开来是被子刚好用上）
 车一提回来，就去贴膜贴车衣搞脚垫。车衣真的很有必要，搞个国产的几千块就可以了，都差不多的，区别就在于贴的师傅技术了。",2022/11/27,龙岩
大宝舰长遥遥领先,智能化的标杆，遥遥领先。 大五座，新能源，华为赋能…… 体验过都会被吸引，期待越来越好。 本人作为一名典型的80后，准备换车有一年多了，之前开的别克小凯越陪伴了十多年，没有什么大毛病（除了费油），一家三口准备换一辆大一点的SUV改善一下生活，平时上下班，节假日外出旅游，预算25左右。然后开始了漫长的选车之旅，从合资到国产，从燃油车到新能源。老婆的一句话坚定了买新能源信心，他说在大街上看到蓝色的燃油车牌子感觉好老旧，绿色的牌子看着顺眼。那就跟上时代的发展趋势吧，换车就换新能源！因为在东北，纯电就先省略。市面上稍有一点销量和口碑的混动车都研究过了，一直没有下定主意。去年在华为门店体验M5，看到旁边刚上市的六座M7，售价高达30+，确实大气上档次，奈何预算不够，没有过多的研究。今年九月看到新M7上市，大五座、混动、华为赋能、售价在预算范围，完美的契合了我的用车需求，最终选择了遥遥领先。 十一期间下定，销售承诺四周提车。期间出来的福利政策让苦苦等车的车友们（当然包括我）稍有一点心里安慰。10月19日显示发运中，跟销售确认6-7天能到沈阳。果然，在25日接到电话， 26日提车。从确认订单到提车，刚好20天！我想说的是，华为和赛力斯真准时啊，这时间是为我量身打造的还是拿表掐的，一天福利都没领到。 不过提新车的喜悦很快就将福利的事忘了，一早来到了用户中心，因为到的早还去旁边的宝马和现代溜达了一圈。验车、付款、交付、保险、上牌……，一套流程下来，M7就属于我的了。听车友们的建议，去朋友的一站式服务贴了车衣和隔热膜，用了大概一天，周末就把新车开回家，把在网上淘的一些附件装备到车上。 新车使用不到一周，个人感受到优点： 1. 充电：快充40分钟就能从50%充到95%，在等孩子上课的时候就能补足能量，省时省钱，真的是太方便了。 2. 加速:虽然是后驱版本，但是加速依然足够，能够明显体验到推背感。 3. 空间：不用过多强调，原来六座的车，改成大五座，真的很宽敞。 4. 智能：不是智驾版，但是鸿蒙座舱、华为生态，科技感十足。 5. 能耗：因为一直用电，还未加油行驶，暂时没有感受。 如果非要找出一个缺点，那就是应用市场的APP没有QQ音乐和douyin（是不是不会用？） 总的来说，问界M7非常适合我这一类平时上下班通勤，偶尔出去旅游的朋友，当你体验过就会发现，这车将来就是智能生活的一部分。,2023/10/31,沈阳
小怡说车,看到遥遥领先最近可太火了，今天专门跑AOTO店去试驾了一下问界m5和问界m7。整体感受下来就是舒适，我先给大家说一下问界m7的空间和驾驶感受。 【不太满意】 这个不得不还是提了一句，就是问界m7的外观，它的外观是更加成熟稳重的，对我这个女生来说，并不是我想要的外观风格，但是在后续的驾驶体验，让我学会了应该抛开外观看本质。 【空间配置】 它的车长5020mm、宽1945mm、轴矩2820mm，对于一个中大型SUV来说这个轴矩并不是特别出色，不过坐在后排，它是完全可以满足大部分人的空间需求的，座椅本身比较宽大的同时，加上升级之后，座椅的柔软的有明显提升，整体乘坐的舒适度还是很不错的。前后排通风、加热和按摩也都是标配，这个配置确实给力。 【手动驾驶】 最初先体验了它的日常的手动驾驶，整体感受下来呢，问界m7的调教更偏向舒适，没有问界m5操控性那么强。m7的尺寸要比m5要打上一些，驾驶风格还是很符合大的家庭定位，转向加速都能感觉到柔和，这对车内乘客也能减少对初乘电车的眩晕感。 在处理一些细碎路面时，隔音还有避震处理的也相对不错，底盘也是用了80%的铝质，材质用料还是用心的。 经过手动驾驶的初体验后，也让我对后面智驾体验越来越好奇了 【智驾感受】 遥遥领先终于体会到了，由于城市智驾暂时还未开通，我这次体验的是高架的智驾，我也试过其他车的智驾，说实话，这个华为的智驾确实让我有些惊喜，真后悔没有早点来试驾遥遥领先。 刚上高架时，它的提速很果断、很迅速，就像多年驾龄的老司机一样，在应对前车加塞时，它并不会因为突然拉近车距而减速，而是跟随加塞车辆的速度去适应，去跟随前车，慢慢减速再慢慢提速，这个确实超乎了我的意料。 在超车和变道的果断也是很熟练，不过在从匝道汇入主路时，由于车辆比较密，犹豫了一阵才加塞进去，毕竟智驾的基础也要保证乘客的安全。 【购车建议】 28.98万的五座后驱智驾版，作为m7最便宜的智驾版本也是买的最好的。就是需要3000元选加智驾包，这个当然是很推荐选加的，这样咱们才能遥遥领先嘛毕竟。 充电桩选择的销售也是向我推荐了5800元赛力斯的充电桩，华为7000元的充电桩多了手机控制充电的充停，基本需求的话5800的赛力斯充电桩更有性价比。,2023/12/14,
Dockang,这车在网上被议论的挺多，我作为车主谈谈使用感受。 我认为M7的亮点： 1.车机有特点。除了常见的听歌看视频这些，车机主要是能跟手机共享信息，比如手机上喜欢听的歌，喜欢看的电视，设置的日历等等，上了车以后都能在车机上形成记录，这就很省事。 2.头枕音响好用。头枕音响真是个神器，用过就知道。我们出门经常需要导航，当我们听歌，或者跟人交流，导航都是从头枕音响出来，就不会打断歌曲，也不打扰乘客，就是觉得很舒服。 3.车机语音很智能。这个车能够支持连续对话，能同时识别多条命令，这就胜过很多车机了，细品就知道这两点有多重要。 4.视野不错。有的越野车坐在主驾会觉得车头很高，看不着地，而M7就视野很好，不会感觉在开大车。 5.良好的动力和平顺性。平顺和动力是电车的优势。但是有的车调教的很灵敏，M7我觉得很线性，家里人坐车都没有过说晕车。 6.售后还不错。我经常在用户中心免费洗车充电， 这里特别要夸夸包头用户中心，与我接洽的工作人员服务都很及时很到位，有时候去了刚停下，就有工作人员会来问需要什么帮助，是不是要充电，体验就很好。另外我们这里大商场都有问界的充电桩，我每次逛商场也能免费充电（绝不乱说，就在包头吾悦）。 7.辅助驾驶好评，长时间高速开车难免疲劳，车道偏离提示能立马让人回过神来集中注意力，如果不嫌突兀，可以设置成车道偏离自动回正，这个关键时刻能救命，就是坐车的人会吓一跳，另外车道保持和主动刹车全程都很好用，很灵敏（2000公里高速实测）。以前只用过定速巡航，开M7的这个辅助驾驶就觉得很够很够用了，更高级的带激光雷达的没试过，不知道感受如何。 8.底盘很扎实，过坑或者走颠簸路面没有多余晃动，感觉很紧致。给我的感受比迈腾强的多。 9.隔音很好啊，比迈腾也绝对强的多。 10.能耗情况。目前开了8000公里，长途跑了4000，如果有长途需求，这个增程式真的好。在120公里以下开，油耗7.2，按130开，油耗8出头，市区开电耗20，这是我开出来的数据。 10.主要的槽点。第二排座椅不能完全放倒和第三排行成一个平面，说是因为座椅有加热通风按摩，所以灵活性受到限制，希望这个能优化。还有的一些智能化的部分做的不好，给车主的选择不够多，比如在冬天气温低增程器会主动介入（即便电量很高）；有的按键阻尼很好，但有的还需要优化，比如转向拨杆就有些沉，后备箱开关按钮阻尼也不好。 11.音响也不错呀。有俩次车里看电影，听见车外头什么动静，后来才反应过来是音响的声音，车里看电影还是有立体感的，感受不错。 从价格来说，这个车还是很值的，性价比高，建议华为和赛力斯应该广开言路，建立专门渠道，真正听听用户的声音，这样才能做的更好。,2023/3/3,包头
用户1343587119952,"从去年五月份在南宁会展中心车展时无意间看见问界M5在做展示，看过车之后，没有对比就没有伤害，把之前考虑的途观  探岳等车型都排除了。去年10月份前前后后看了很多品牌，决定在极氪和问界之间选择，综合考虑后还是决定入手增程式的问界，主要是在店里试驾时看中了比M5更吸引人眼球的M7（六座位），试驾之后很合我心意，以后开车回老家不用担心续航问题，二排的老板椅坐起来也比较舒服。
     今年年初下单了降价两万的问界M7（两驱舒适版  白色外饰  琥珀棕内饰 一共295800元）二月份拿到车，使用快两个月来分享一下使用感受：
      1.操作：车尺寸虽然很大，但有360°超清影像，再也不用担心新手车感问题；自动泊车对新手司机来说真的是刚需，操作简单易懂；语音功能非常流畅，自己可以连续下达三条指令，使用感很好。
      2.增程纯电模式：纯电优先在上下班可以省钱，纯电续航150km，一般一周充两次电。
      3.驾车感受：提速快！减速灵！整个驾驶过程怎么说呢，就灵敏丝滑感。一次聚餐我领导开我车时我问，车子好开吗？因为没有开过其它车，没有对比。领导说：“你起点太高了”，开了之后都想换车了。新能源车比油车安静太多了（车窗隔音也很好，不开窗完全听不到车外说话声）。
      4.辅助驾驶功能：目前还没用过，用了之后再分享，但看其他车友说跑高速不用再担心疲劳耗时，一键操作自动驾驶，非常便捷！
      5.内饰硬件舒适度：车内用材好，完全没异味，车内还自带淡雅好闻的香薰；前面四个坐椅有加热  按摩  通风功能，最喜欢的还是琥珀棕的内饰，真的太高级太耐看了，六千元花的值当了。本来想要蓝色外饰，但是得花两万多升级配置，所以放弃了蓝色外饰，但是现在的小白颜色我也喜欢。
      6.其它优点。 扬声器19个，听音乐太有感觉了。同时每月赠送流量。2个手机无线充电非常方便。送四个靠枕，太太太舒服柔软，特别夸奖一下。
      7.建议。如果苹果手机用户可以无钥匙开车就完美了。
      大数据推给问界M7和即将选择M7的车主们，做参考，感谢阅读。",2023/4/14,南宁
吃吃喝喝再睡一睡,M7出来了以后就在关注，当时联系过销售，销售说小定可以优先试驾，于是就付钱做了小定。在销售中心体验过静态感受和试驾，主要关注的是四驱版，但是四驱没有什么优惠而且比两驱等车周期更长，所以等到了成都车展。9月底成都车展上做了大定，11月初车到店，11月12号提的车，也算是赶上了双十一的尾巴。 1.外观 在试驾和车展上看的是绿色那款，但是我订的是黑色，实际提车后发现黑色在感官上要比绿色的更加大气一点。 2.内饰 内饰用的是米白色那款，颜色上和黑色还比较搭，它的内饰木质材料手感很细腻，我觉得还不错。 3.配置 我觉得 M7该有的都有。但是，它的空调出风口没有单独的开关；因为我怕热，夏天的时候我空调会开的最低，但是副驾会受不了那么强烈的风，我觉得这是一个不足。 4.空间 提车以后刚好家里出去吃饭，6个人满载的情况下，在第2排腿部还有一拳半的距离下，第3排坐进去以后还有一拳半的距离（二、三排均为女性，身高1米65，体型中单）。 5.续航 续航有一点点没有看懂，在我还有95%的电量情况下，显示还有200多公里的续航；在我还有70%的电量情况下，显示我还有150公里的续航；在我还有30%的电量情况下，显示我还有50公里的续航。反正我是全程开启按摩、通风、音乐、导航。 6.智能 我用的是mate50Pro，在车机交互和智能操控方面，没有什么太大的缺点，上手也比较快。但是当时销售和我说车上所有的功能基本上都能够用语音完成，我发现座椅调控这些好像不能。 7.驾驶 因为以前开的是一个09年的国产老车，所以在驾驶方面对我来说是有质的飞跃。在城区里面我基本上全程使用的是纯电模式，全程基本无噪音，起步很快，驾驶顺滑。在省道上行驶的时候，我使用的是油电混合，体会了一下动能回收的情况以及燃油车加速的情况，总的来说也是比较不错的。但是我行驶在路况好的情况下时车身非常平稳，但是遇上颠簸路段的话，我觉得减震还是有一点硬。 以上是提车3天心得，若有不足欢迎探讨，若有经验欢迎分享。,2022/11/15,成都
正进LEON,问界M7的提车之旅 10月22日提车，历经13天，相比预测的4-6周给我了较大的惊喜，今天经历了第一次充电，说说这两天的感受吧: 1.提车时。提车的整体感受一般，西安的泛想车城确实老了些，整体环境没有给人很舒适的感觉，交付中心的引导工作也感觉有些随意，感觉不到尊贵，一大家人去的，但感觉不到有服务人员的感觉，这个体验一般。 2.验车时。整体验车很仔细，介绍功能的小哥哥也很到位，讲解很仔细也挺有耐心的，除了车本身不算太干净，整体验车环节体验很舒服。有个小插曲是买保险时电脑出问题了，但是没人修，光等保险等了1个小时，小哥哥跑到别的店给办理的。 3.使用时。车整体给人很大气的感觉，外观属于耐看型，操控感觉轻松，转向也容易，这么大的车，开起来也不累，自动泊车和弹射起步给人很舒服的感觉，该有劲的时候也能及时给予反馈。 4.车机方向。确实是华为的体验，我全套都是华为的，这种全生态的体验用上以后就真忘不了，语音体验很舒服，流畅准确，而且个人感觉有种机器学习的感觉，我有些习惯它在慢慢迎合我。有点吐槽的就是超级桌面了，虽然很爽，但是不知道是不是我的50E的处理器差，操作超级桌面的App会有一种卡顿的感觉，特别是微信这样的大应用。 5.增程器体验。今天特别把电跑到了20%，感觉不到发动机的介入，如果不是我一直关注着能源流动，我都不知道发动机启动了，而且这增程式车为什么会显示发动机直接参与驱动车轮了，难道是新技术？？ 6.充电时。从23%充到90%，用特来电快充是40分钟，第一次充电，也不知道快慢，只是感觉商场里买了点东西回来就充满了，这个感觉还是挺爽的。 7.掏油钱时。从提车的电量95%到20%，能跑170公里左右，个人感觉也不算虚标吧，以后再多试试看吧。提车后加了一百块的95汽油，充了22元电，现在的续航到480公里了，这种掏钱的感觉比油车爽太多了。 8.乘坐感受。零重力座椅真心好评，很多朋友试完都说爽，小憩模式也很舒服，整体座椅软硬适中，对于腰不好的我来说坐着舒服，再加上按摩，通风，坐着很舒服，喜欢得很。唯一的一点就是按摩的力度略轻了些。,2022/11/1,西安
张木木选豪车,【空间及实际舒适性体验】 问界M7设计采用了圆润的风格，它的车长和轴距在略低于理想L8的情况下，尽量提供了满足六座三排乘坐的实际可用空间。在第一、二排腿部余量为一拳的情况下，1.8米以下成年男子可以在第三排坐到膝盖不顶第二排椅背。第二排座椅提供了零重力座椅的选项，其具备腿托功能，但实际因为第二排座椅滑轨距离不够长，导致其腿托的实际体验感不够舒适，腿托升起时脚步会被前排座椅下沿卡到。 【设计及其他方面体验】 问界M7的内饰用料比较有视觉冲击力，大片软质包裹结合木纹板材的装饰件，使得座舱有浓郁的传统豪华风格，这和新势力品牌喜欢的环保素淡风形成鲜明反差，当然吸引的人群也会是更偏向于主力人群及主流审美的。华为为问界M7打造的车机系统属于超一流水准，硬件和软件上都是。两个40瓦的无线快充位也很有科技风。这些是问界的M7的优势。 【问界M7的动力系统比较成熟，1.5T增程器的性能属于主流水平。其未配备空气悬架，对更晚上市的理想L8的价格体系无法形成性价比优势。目前对其底盘和车身的驾乘品质暂未有机会做更多体验，近期M7风评不是很理想，希望华为和赛力斯能够在质量方面高度重视。,,
蓬蓬说车,"华为深度赋能、5亿重磅升级打造的问界新M7于2023年9月上市！上市后销量表现优异，10月和11月的销量纷纷过万，超越理想L7，成为中大型SUV销量冠军。

【优点】
1.智能座舱：华为鸿蒙3.0系统，支持百万应用，车机流畅简单易操作；小艺小艺唤醒词，语音交互快捷方便智能，可以实现大多数场景的车辆控制；前排仪表盘、中控屏、后排两个华为平板等，一体式车机和娱乐服务，可同手机华为账号一体使用。
2.配置丰富：HUD、全景360、基础版ACC、电吸门、自动泊车、可变悬挂调节、华为音响、电动尾门、等等，基本所需应有尽有。
3.空间足够：5米多长的大车，整体虽较理想L7略小，但前后排空间已足够；后排放倒，完全可以改造成一张床，露营和上班休息完全够用。
4.驾乘舒适：前排后座椅通风加热按摩等标配，前排可记忆；双层夹胶玻璃，车内安静；加速线性；增加车身强度，安全感提升；增程器启动，声音不明显；再加上空间表现和娱乐辅助等，驾乘整体舒适。

【争议】
1.外观一般：整体中庸，没有科技感或时尚感，第一眼较难产生惊艳感，有些人可能评价丑。
2.能耗一般：整体油耗不低，百公里油耗7.5L左右，一箱95号油够跑700多公里；纯电实际175公里，一般充满90%，20%启动增程器，实际使用70%，100-120公里左右。
3.配置问题：丐版上的底盘非全铝底盘；360和雷达不太灵敏，边界情况把握不好；车漆薄；方向盘材质一般；内饰整体一般，比较理想、蔚来等存在明显差距。
4.驾驶问题：底盘对路面反馈效果比较清晰，坑洼路段比较晃；高速体验一般，有坐船感觉；刹车点头明显等。

【定位】
新版问界M7上市后，整体诚意满满，整体有着较强的性价比优势，产品力优势也明显！如果有中大型SUV增程需求，预算有限，对颜值没有较强要求，追求配置丰富和华为车机系统和品牌认可，问界M7确实遥遥领先！",2024/1/7,
驾仕派,【驾驶感受】问界M7的底盘平整度表现不错，电池和前悬部分有护板遮盖，后悬和后轴电机都没有配备护板。外挂于底盘下方的电池采用铝合金框架进行保护，但略突出于底盘大边。同时它采用钢制全框式的副车架，结构强度相比铝制差别不大，但重量不占优势，这种设计多半处于成本考虑。此外，问界M7的前悬是比较常规的麦弗逊结构，前悬下摆臂同样采用了冲压钢材，转向节总成是铝合金材质。转向节总成上端直接连接的FSD自适应阻尼器能在一定程度上提升这套结构的上限，算是一种弥补。一个有意思的问题是，问界M5采用双叉臂悬挂，定位更高、尺寸更大的M7却“降格”为前麦弗逊悬架让人有点看不懂。实际开起来问界M7的底盘机械素质其实也不错，FSD自适应阻尼器也能很好的过滤细碎颠簸。虽然铝制用料不如新岚图FREE那么多，但结构强度和韧性还是能感受得到。不过毕竟硬件少了四驱和空气悬架，这确实很难通过其他方式弥补。,2024/1/31,
汽车Z博士,"前几天带孩子去商场里的游乐场玩，正好在华为店里见到了这款问界M7，并且还有实车我就试驾了一下。

【外观】首先从前面来看，前脸设计得比较大气，采用了大尺寸的格栅设计，并且还设计了贯穿式的风格，整个前脸设计的有层次感。从侧面来看，有棱角的线条衬托车身的运动感，顶部的线条向尾部下探，车身则设计得比较饱满，尾部方面，呈现出一种上窄下宽的设计风格，并且使用了贯穿式的尾灯，拉宽了整个尾部的视觉宽度，增加了该车的商务气息。

【车机系统】问界M7 2022款1.5T增程式四驱旗舰版搭配15.6英寸液晶屏，整个中控屏操控起来简单，并且像素也不错，操控起来也没有卡顿的感觉。车机系统支持卫星导航系统、面部识别、OTA升级、导航路况信息显示、语音识别控制系统等功能，前排和后排还分别配有2个和4个的USB/Type-C接口。

【智能辅助配置】配有8个摄像头数量、12个超声波雷达数量、3个毫米波雷达数量、倒车车侧预警系统、360度全景影像、自动驻车、陡坡缓降、全速自适应巡航系统、L2级别的辅助驾驶等智能配置。

【试驾体验】问界M7 2022款1.5T增程式四驱旗舰版方向盘比较轻，开车的视野也比较广阔，刹车灵敏，前半程的加速也非常给力，深踩一下加速踏板，速度就能很快的被反馈出来，并且底盘调校也不错偏软，在经过减速带的时候没有太大的颠簸感。

【合适人群】外观看偏向商务一些，内饰设计简单但科技感很足，续航时间长，鸿蒙车机系统对人们也有很大的吸引力，综合表现还是不错的。",2022/8/8,
林奈奈,作为一名问界M7的车主，今天我来讲讲这几个月的使用感受。偶然间试驾过问界M5，被极佳的驾驶品质所吸引，然后就直接下定了，在还没提车前余大嘴突然开个发布会M7上市了，仍然是遥遥领先，哈哈哈。完全没有犹豫，就是想要大一点的车，就把问界M5换成了问界M7订单，奈何前期订单爆了，就这么死等，在等了三个月后，好消息终于来了，车辆到店了。交付中心说需要等待PDI检测合格后再进行交付，就在11月16号终于能提车了，早上10点就到了用户中心，工作人员很热情，也很客气，差不多用了3个多小时就把车辆的所有手续办完了，什么都不用操心，能在店里办的都办好，就等着铁牌子送到家里。开回家和自己的M4放在一起还有点小帅。到现在已经开了1400公里了，就平时代步接送孩子。总体的体验真的不错。外观从第一眼看的真的很一般，但是实车看起来还是挺大气的，而且看久了还挺顺眼，是耐看型。我选的是深空灰，在阳光底下真的很漂亮。内饰我很喜欢，覆盖的高档 Nappa 真皮，简约而且很有豪华的质感。车内空间第一排空间还挺满意的，特别是中控台下的镂空，空间大而且好拿东西，但是还有提升的地方，比如第二排缺少储物空间和杯架手机槽，但是刚好积分到账了，买了第二排杯架，后备箱垫，还有电动踏板。后备箱有点小如果把第三排座椅调到最倾斜，20寸的行李箱也放不下了。油耗方面，城区正常行驶大概20度电，百公里最低时候17.5度左右，亏电油耗的话，大概30左右，堵车或者高速差不多要23度电。折合油耗大概1.4L吧，反正跟油车比起来呢，能耗挺低的，增程器启动的时候不认真去觉察是感觉不出来的。在操控方面M7驾驶起来特别有动力，一踩就有输出也很平顺，起步和超车轻轻松松，得益于轴距短，方向盘轻盈，悬架稳固，因此开起来根本不像2.5吨重的大车，还是有一定的驾驶乐趣的。我的是豪华四驱版的，在雨雪天气驾驶的话，比两驱版的舒服多了，听不少两驱的车主说雨雪天后驱打滑的厉害。嗯。乘坐感受上，车的密闭性做得不错。坐垫也很舒服，如果头枕能够前后调节就更好了。零重力座椅刚开始使用的时候很惊艳，坐车时躺着特别舒服，日常时间我也会用来睡午觉，每次去接小朋友他都在车上躺平了。辅助驾驶日常也够用，让开车变得轻松安全，如果能够用上华为智研的辅助驾驶就更好了。鸿蒙车机是我用过操作最流畅，UI设计最好看，逻辑最清晰的车机，不像朋友的极氪，有时候卡的想要他的命，哈哈哈哈。而且可以一次识别的简单指令多达五个，还有一些小细节设计的也很贴心，下车的时候还会提醒我拿上手机，但是因为我是苹果手机，所以呢只能发挥一半左右的车机功能了。有了这个车车对生活改变还蛮大的，出行变得更加方便，更加敢于出发，而且是真的省钱。我很喜欢去户外，之后在备点户外套装，带着崽，正式开启露营生活。全景天窗的视野也很开阔，露营体验真的很不错。以上就是我对M7的一个驾驶体验，车是很好的车。驾驶操控能力和智能座舱真的很棒，远超同级，应了余大嘴的遥遥领先。但其实这个价位里有些地方是本可以做得更好的，比如二排空间的制热。目前还有好多积分，换了个手表是真的香啊,2023/2/21,西安
司马嘉栩,"问界m7自从推出之后就经历了不少的争议，而在之前我曾经体验过老款的m7，那台车的表现还是有许多不足的，而不久前问界也宣布对问界m7进行了一定程度的优化并推出了五座版车型，出于好奇我也去体验了一下，看看在看不见的地方有没有一些优化。
 
试驾车是五座四驱plus版，即指导价28.48w的版本，试驾过程电量处于百分之40左右，因此仅针对这个状态下的表现。实际表现上，绝对动力还是很不错的，已经远远超出够用的范畴，称之为强劲也不为过。舒适模式下整体的平顺性没什么问题，响应也比较符合预期，急加速应该没有释放全部的动力，但也绰绰有余了。简单试了一下运动模式，整体会比较窜，不怎么线性，不太好控制，考虑到定位还是放在舒适模式吧。总体舒适模式下表现不错，符合这车的定位也比较好控制。

底盘表现是本次体验的重点，之前老款的m7底盘问题还是比较多的，新款则优化了不少，小震动的处理还是比较到位的，大震动的处理也还不错，不过也谈不上特别柔韧，连续震动时的晃动抑制比老款好了不少，整体表现还算比较扎实，减速带也比老款好了很多，总体各种工况下都能做的比较干脆也没什么多余的动作，不过后面稍微比前面要软一些。但是这台车经过一些路面抛跳的处理会比较差一些，整体感觉不够贴地，一些大的起伏甚至会带给人一些不安全感。

运动性表现中规中矩，毕竟这车也不是干这个的，稍微开快点感觉姿态也还能接受，基本的操稳性没什么问题。

转向手感低速阻尼偏大一些，跑起来之后感觉还行，指向性一般，考虑到定位也不是啥问题，车身跟随性考虑到定位倒是还不错，整体体感还算比较灵活。

刹车脚感好评，通过仪表可以看出带有crbs，电制动和机械制动的衔接也不怎么明显，整体还是比较好适应的，没什么问题。

NVH表现总体好评，行驶中增程器启动基本上没什么噪音和振动，路噪和环境音的隔绝也都不错，风噪100以内没什么问题，100到120增益稍微有些明显，当然也可能和试驾那天风比较大有关。
 
静态上，这台车的外观确实一直被很多人吐槽，整体确实不显高级，一些问题也属于是娘胎里带来的倒也没什么办法。
 
内饰还是延续了之前的设计，总体的豪华感还是比较到位的，做工用料也没什么问题，车机系统也是问界品牌的强项，在这台车上自然也是很不错的，流畅度反应速度无可挑剔，菜单逻辑简单操作一些也比较好适应。
 
前排主驾驶人机工程学没什么问题，座椅比较舒服，方向盘也能很容易找到合适的位置，副驾驶之前老款前侧侵占腿部空间的问题依然存在，因此有些影响放脚。

后排表现好评，抛弃了鸡肋的第三排后第二排空间明显要宽敞不少，座椅也比较舒适，电动调节范围比较大也能调的比较躺，同时之前备受诟病的后排没有热风的问题也得到了解决(瞅了个销售不注意的时间特意试了)不过后备箱上边原来第三排的位置还保留着出风口，还挺有特色。后备箱空间好评，空间很大，下方甚至给了个液压盖板，还挺特别的。

配置上，这次问界m7给的基础配置就挺高了，最低配我个人感觉就比较够用了，座椅通风效果还不错，而更高的配置主要是四驱和高阶驾驶辅助，怎么选还是看个人的需求。

总的来说，这次问界m7的表现我认为还是不错的，在老款的基础上进行了一定的优化，抛弃了较小的空间里鸡肋的六座后实用性也得到了不小的提升(虽然还有六座版，但应该不是主销车型了)。同时动态也进行了一定优化的同时也降低了售价并提高了配置，再加上背靠华为的金字招牌，我认为应该是能取得不错的市场表现的。",2023/12/17,
玉成棋美,"从去年把换车提上日程，就开始关注问界，但第一代无论是配置、舒适性、智能化各方面总感觉和自己需求差了一点点，还不够完美，于是决定再等等，期间也关注了蓝山、理想、岚图等品牌，也是同样的感觉。9月12号，华为发布问界新M7，综合对比后觉得各方面已经达到目前选车需求，果断下定，因为还没提车，暂时未加入车友圈，下面简单和大家分享一下个人选车经历。

【购车经历】

        现在开的那辆油车已经12年了，从这些年新能源汽车的崛起，国家政策的支持，以及人工智能等科技发展趋势来看，决定换新能源汽车。考虑到目前充电问题（家里不方便装充电桩）和潜在的里程焦虑（需要经常高速），把范围集中在油电混动上，至于是插混还是增程，不是特别在意，最终对使用者来说目的都能达到，主要看驾驶感受，后边说。车型需求中大型SUV，内部空间够用，车机智能化要有科技感，自动驾驶和安全辅助功能要先进，不是驾驶爱好者，但驾驶感操控性要说得过去。最开始看的5座，后来考虑后备箱大空间日常需求不大，没有太多东西要天天塞在后备箱里，主要还是考虑二排舒适性，决定改换6座。总体需求基本这么多，在众多符合的车型中，问界各方面都感觉要领先一些，最终决定问界新M7智驾6座版。

【驾驶感受】

        问界新M7发布后，第一时间联系本地华为店面，很多店都还没有试驾车，后来在北京合生汇店找到了一辆标准版，后边又换了M5体验了智驾系统，因为不是专业车评人，只是驾龄20年的老司机，简单的感受就是—好开，特别舒服，无论是加速、制动、转弯车身稳定性很好，作为这个体型的家伙，算是相当不错，动力输出持续，踩就有，刹车油门力度适中偏轻，当然比我那辆老油车要轻的多，方向盘转向也舒服，车开起来不会感觉晃。增程车因为始终是电机驱动，所以驾驶感受这就是一辆电车，和插混相比至于油耗多少无所谓，就算有差距也不会太多不用纠结，总体驾驶感受比看的其他车型要好。

        车机系统非常流畅，这是华为的看家本事，绝对独一档，HUD显示清晰，在中午强光下也能看的很清楚，语音交互灵敏快速准确，小艺同学绝不拖泥带水和你废话。空间设计很合理，无线充电、中控台下储物格、三排杯托等等细节设计很合理。二排座椅空间足够大（因为试驾是5座版，二排距离挺大的，估计6座版会小一点，但可调节幅度应该会大很多），5座版后备箱是真的大，看着它感觉不放点东西都浪费了。座椅舒适性比老款M7确实提升很多，整体内部做工用料也精致了，看得出来用心下了功夫。最喜欢他的音响效果，绝对空间环绕立体声，车窗关上就是KTV的感觉，最喜欢他的主驾头枕音响，导航音乐互不影响。他的隔音效果也不错，无论是纯电还是增程情况下开起来基本都是只感觉到胎噪，外部环境噪音和电机噪音很小。反正总体感受下来问界新M7满足了我用车的各种需求，并且很多方面超出我的预期。

        用M5试了一下智驾，真的就是那四个字—遥遥领先，北京还没有开NCA，但LCC的体验已经足够惊艳，超车、并线、刹车非常果决，绝对碾压众多老司机，可以说他已经达到L3级别了，等年底NCA开通基本驾驶全程无需介入，如果今后政策允许，大家都能用上L3以上的自动驾驶，道路交通环境应该会改善很多。

【综评】

        上面介绍的内容不尽全面，毕竟不是专业车评人，专业术语很多也不清楚，只是单纯从一个普通驾驶者用车感受下来，问界新M7满足了我这次换车的绝大部分需求，尤其智驾系统和内部空间舒适性超出我的预期。至于外观，各有所好，起码不是无法入眼，个人觉得属于耐看型，另外相比而言，外观是给别人看的，内部才是用车的核心空间，我选车的侧重是内部舒适性>硬件操控>外观。问界新M7看到了华为造车的诚意，绝对会是一辆充满内涵的好车，也真心希望有更多的朋友好好关注一下。等正式提车了再来和大家分享用车感受。",2023/9/24,
电跑兄弟,"【外观内饰】问界M7作为一款定位豪华高端的六座SUV车型，延续AITO家族的产品设计理念：极致、简约、纯净。整车通过极简双腰线勾勒出气派稳重的车身轮廓，大气耐看。内饰注入“以人为本，体验先行”的设计理念，打造舒适与豪华共存的质感，让颜值与舒适并驾齐驱。

【空间】AITO问界M7长宽高分别为5020x1945x1775mm，轴距2820mm，通过对座舱空间的合理布置以及对空间的针对性优化设计，前、中、后排整体空间之和达到了2605mm的状态，纵向距离在同级也处于不错的水平。

【动力续航】AITO问界M7搭载专为增程系统打造的1.5T四缸增程器，可实现更高的效率和更长的续航里程。满油满电情况下问界M7后驱版可实现CLTC工况续航1220公里，CLTC工况纯电续航230公里，油耗低至5.8L/百公里。问界M7四驱版可实现CLTC工况续航1100公里，CLTC工况纯电续航200公里，低至6.3L/百公里。

【驾驶感受】M7采用前麦弗逊式独立悬架，后H臂多连杆式独立悬架结构，在设计阶段采用了虚拟验证手段和多学科集成优化等关键技术，采用DOE技术基于硬点、衬套对底盘性能300多项性能指标的敏感性进行分析和优化，最大可能的从设计阶段提升了车辆的操稳安全、平顺性水平。

同时恰到好处的轴距设计，让转弯半径仅为5.87m，车辆转弯、掉头、停车灵活性提升，整车机动性更好。得益于更专业的底盘调校技术和精益求精的开发精神，问界M7在操稳安全和平顺性能表现优秀。问界M7在过起伏路面上车体控制柔和，粗糙路面上振动过滤干净具有阻尼感，无论是小颠簸还是大起伏，它都能处理得游刃有余；过减速带及井盖时较柔和且有一定韧劲。操稳在过弯时，支撑效果也不会让人失望，同时兼顾了好开和舒适性。",2022/12/9,
司马嘉栩,"作为一台三排坐车型，首先自然是要先讲静态表现，这台车的外观本身就是一个争议点，就实车来讲，前脸还是继承了问界的家族设计，和之前的M5还是有一定传承性的，好与不好也看个人审美，我个人觉得没什么大问题，侧边确实就比较一般了，和大家传统认知的那种“高级”的比例不太一样，主要还是轴距短了一些，而且整体造型确实和东风的一些车型要接近一点，展车20寸的轮圈放在这么大尺寸的车型上也只是正常水平，充电口布置在车尾这点绝对好评。车尾整体还是比较圆润的，贯穿式的尾灯似乎也已经是见怪不怪了，还算是中规中矩，总的来说，外观层面我认为这台车的表现确实一般，和“高级”关系不大，当然这点见仁见智。
 
内饰也是比较好的继承了问界品牌的家族风格，整体设计虽然很简洁倒也不怎么单调，中间的音响头看起来还是比较高级的，档把后还有大家喜闻乐见的“Huawei“。我个人认为整体还是有一定豪华感的。同时在M5上那个很奇怪的中间眼镜盒的设计也得到了改变，这台车给出的两个无线充电板也都带有主动散热且能达到较高的功率，这确实让这个功能的实用性得到了不小的提升，而且还有较多的充电接口作为补充。储物空间也比较多，常规的门板上的储物格和中间区域的杯架都有着不错的置物能力，下方较大的空间即使放个双肩包也有着不小的空间，扶手箱空间不大，但也配有电源接口。
 
前排主驾驶位人机工程学以我的习惯来说还不错，可以比较容易的调到合适的位置，副驾驶倒是有一些问题，主要是前方的轮拱有些侵入车内倒是放脚只能放在左边位置，有些别扭（主驾驶这个区域是正常的歇脚位置，倒没什么问题）。
 
如果此时把副驾驶调到一个相当靠前的位置（以我175的身高能坐下），第二排即使调到最后也算不上很大，如果调到最前的话此时腿部空间大约有一拳左右（如图），此时进入第三排空间依旧比较小，大约只有两到三指（如图），而且进入第三排时地台要高一些，在进出时姿势确实不怎么优雅，后备箱空间也比较小，如果第三排放的比较倒的话几乎是无法立着放大点的箱子的，只能横着放一个或者放一些低矮的箱子，不过后备箱里给配了挂钩和电源接口，这在实用性上倒是不错。

试驾车是后驱版本，整个试驾过程在电量百分之60左右进行。单电机200kw，单看参数推动这么大的车似乎是一般，实际表现上，绝对动力的表现我认为还是不错的，在法定限速内都能有还算不错的加速感受。当然肯定不能奢望提供很猛烈的推背感。同时得益于较快的动力响应，前中段还是能够给出一种超出这个参数的加速感受的。这台车提供了运动经济舒适三个不同的驾驶模式，经济模式下松开油门踏板后会伴随着比较强的动能回收，类似于一些车型的单踏板模式，整体还算比较好控制，此时的电门踏板整体偏慵懒。舒适模式下整体是比较柔和的，动力响应和出力也都是比较符合这台车的调性的，运动模式相对就要更猛一些，总体三个模式都还是比较好用的，在动力响应和平顺性上都没什么问题。选用不同模式更多的还是看个人的习惯来决定，不过这个驾驶模式调节时还伴随着音效，这个音效也会比较奇怪。

底盘表现也是这台车比较富有争议的点，实际表现上先说滤震层面，这台车对于小震动的处理还是比较不错的，有一定高级感，处理路面上的一些单次的坑洼表现也还不错，但在面对连续坑洼路面时这台车的表现就比较一般了，车内的晃动感还是比较明显的，在面对一些减速带时，较低的速度下（20及以下）车内还是有比较明显的颤动感，前后轴都是如此。30左右的速度下表现还可以，同时面对一些起伏路面时这台车的抛跳感还是比较明显的，主观上觉得不是很稳。运动性表现应该不是这台车的消费者关注的点，稍微激烈驾驶了一下感觉也一般，首先这台车主观感受还是比较高的，快速过弯并线整体侧倾也是比较明显的，当然这车也不是干这个的。

转向手感整体力度还不错，不同模式下也都比较符合逻辑，指向性在这个级别中规中矩，车身跟随性考虑到定位倒是还算不错。另外值得一提的是前期宣传表示这台车较短的轴距带来了更小的转弯半径，就这台车本身来说转弯半径确实是比较小的，但我在同一条路上试驾过的另外一台尺寸和轴距都要更大的SUV也能做到相近的转弯半径，因此这个轴距短是为了更小的转弯半径似乎不是很成立。刹车脚感好评，通过能量流能够发现这台车也带有crbs，踩起来脚感和制动力的释放都比较好适应。

NVH表现总体好评，这台车的四个玻璃都采用了双层夹胶玻璃，轮胎也有一些降噪处理，能够感觉出还是比较下本的，总体路噪和环境音的隔绝都是相当不错的，风噪相对明显一些，不过考虑到这么大的撞风面积倒也能够接受。增程器在燃油优先模式下的噪音和振动抑制都比较好，只有怠速时能够稍微感觉出一点小的振动，动起来之后基本上就不明显了，当然试驾时是在较高电量下，不太清楚其总体的能量管理逻辑在不同模式或低电量下情况如何。(由于懂车分字数限制，全文可以移步本人主页查看文章）",2022/10/11,
驾仕派,【乘坐体验】坐进车内，科技氛围比较浓烈，并且豪华度也很好。科技氛围当然就是12.3英寸这个屏，以及14.6英寸的这个中控屏，尤其很厉害的是他带了两个无线的充电，40瓦的无线快充还挺舍得给的；豪华版呢，首先大面积的一个皮革内饰，我的大腿贴上去的话，其实也非常的柔软，中央扶手联通整个中控台的都有一个软质的包裹。座椅呢，规格也非常高，真皮的座椅。然后他的这个软头枕做工也非常不错，都是高摩擦力的这种材料。车机一直是华为最棒的一个竞争力，他是非常的好用，就是看界面的时候已经发现他功能已经很强大了。可能你觉得每个车的车机都差不多，但是华为就是要比别人最好的水平再提升20%，这就是我对这个车机的一个评价。最后呢，我们就看一些小的细节，顶部这个摄像头是可以观察到后排乘客的一些情况，比如方便你照顾小孩等等，底下也有好的细节，这么大的一个储物空间，当然是女士的一个专属区了，我知道高跟鞋放在这里是最合适的，那我现在把副驾座椅调整到跟主驾座椅差不多同样的一个位置和角度去看后排的空间。 后排的表现，零重力座椅非常舒适，材料跟前排标准一致，然后有这个独立的中央扶手，门上的扶手也比较宽大，整体上舒适感还是可以的。然后视野可及是很好的软包氛围。如果想坐在第三排的话，那座椅当然是要往前调一点，第二排可以不顶腿看一下第三排的表现。首先这个靠背应该是一个六级可调的靠背，放倒一点，这样可以坐得舒适一点，不顶腿，差不多是两指的一个空间，那这个腿就很舒服了，这个腿是可以往前放，然后第三排的视野同样是豪华感不错的，眼前都是皮质，然后有木头扶手，有独立的音响，然后有独立的出风口，挺好的一个第三排，所以家用的话，这个车型出去还是比较舒适的，六座的话左右也不会做的很窄，非常有科技感，非常舒适的一个座舱。,2022/11/20,
郑谊,"暂时也还没有发现什么明显的缺点，外观我就喜欢M7这种简洁大气风格的，又是6座版本，家里人口多完全坐得下，点赞零重力座椅，确实有一种VIP的贵宾式享受，前面和同事一起出差，我就坐第二排，一键放倒后，躺上面就想睡觉，舒服。 M7的座舱高级感满满的，内饰用了大量的真皮材质，座椅很软很舒服，加上隔音好，再有 HUAWEI SOUND音响，沉浸感强，在车上听音乐、看电影感受很棒,但是一般人也很少在车上看电影吧。 我家这台松霜绿的M7，外观按说还不算特别出挑的，时间长了也觉得很好看。尺寸够大，宽大的车头、修长的侧面都很有气势，确实有一种豪车的气派，开出去应该能牢牢吸引住路人的目光吧。车里面的空间和布局也非常好，每一排座位都挺舒服，不管头部还是腿部空间足够。本人身高178，坐在驾驶位一点也不觉得拥挤，而且座椅也很舒服，第二排、第三排地面平整，无论是放孩子的安全座椅，还是坐几个成年人，都没有任何问题。实际用车下来才知道，当初选择买6座的问界M7真是一个明智的决定。 内饰做工很好，触手可及的都是真皮材质，内部设计也很不错，置物空间多，放些小东西取用都很方便。支持双手机40W无线快充，这个功能据说也是领先的，反正我在其他车上确实没有见到这项配置。另外特别说一句很喜欢问界M7的HUAWEI SOUND音响，音质好、沉浸感强，再加上这车的座舱隔音做得特别好，车子高速行驶的时候也几乎没有噪音，坐车上听音乐就是一种别样的享受。 我们家这辆问界M7是两驱舒适版，虽说动力相比四驱版略低一点，但是日常完全够用，如果对速度没有极致追求的话，个人认为舒适版性价比就相当高。平时我是个比较喜欢开快车的人，能感觉到这车的加速非常轻松，轻踩油门速度一下就能给起来，力度大一点就推背了，踩油门真的不要太用力。超车更不用说，轻松，非常爽。智能座舱的体验真的不错，大屏反应快、操作丝滑，语音助手识别精准，设备使用方便简单，还可以和华为手机、华为智能设备互联，车机功能确实做得不比手机差。 最不满意的是问界M7是不是套壳东风风光ix7这件事想必大家也都看到了新闻报道了吧，我们不能判定问界M7就是和东风风光ix7出自一个平台，但是从外观设计上除了前脸和尺寸长了一点，其他部位的设计几乎可以说是一模一样吧，这个AITO问界应该出来解释一下吧。消费者如果花30多万买一个十多万设计的车，那你说有面子吗？",,
汽车Z博士,"整体造型

问界M7 2022款 四驱豪华版，整体造型还是继承了家族的设计语言。前脸来看，立体式的车标搭配着贯穿式的前大灯，整体的辨识度非常之高。圆润的大灯组和下方的扰流板组成了一个完美的视觉体验，使得整体的视觉观赏是非常地大气和漂亮的。

侧面来看，敦实而又圆润的车身使得整体的造型呈现得更简洁，全车多层隔音玻璃和后排的隐私玻璃，为您的隐私性有了一个良好的保障。

尾部设计也是非常的简洁，贯穿式的尾灯在点灯时也有一个不错的仪式感，牌照架的凹度也显得整体的格局不那么单调。

内饰风格

问界M7 2022款 四驱豪华版，内饰是十分具有现代化的。搭载10.25英寸的液晶仪表和15.6英寸的中控彩屏组合形成了车机系统，HUD抬头显示将重要的行车信息尽收眼底。车机系统支持GPS导航系统、导航路况信息展示、道路救援服务、车联网、OTA升级、面部识别等。

空间宽敞

问界M7 2022款 四驱豪华版，它的长宽高分别是5020x1945x1775mm，它的轴距为2820mm，它的整体的空间能力是很不错的，前排空间和第二排空间的宽度和头部空间都很大。后备箱的容积为176-688L，后备箱空间也不小。

动力性能

问界M7 2022款 四驱豪华版，搭载1.5T发动机和永磁同步电机，其中1.5T发动机，最大功率92kW，最大马力125Ps；安装永磁/同步电机，电动机总功率330kW，电动机总扭矩660N·m。电池方面，搭载三元锂电池，纯电续航165km。

试驾体验

问界M7 2022款 四驱豪华版，该车的动力不错，驾驶起来有点偏向于油车的感觉，并没刹车也比较敏捷，如果你在城市快速路或者高速公路行驶，可以切换到运动的模式。",,
颤抖吧飞侠君,"华为问界m7试驾说下感受。今天已试驾，我开了大概20多公里，80%高架，20%城市路面。
1，坐在副驾驶，城市路面遇到坑位或者减速带时，明显感觉上下颠簸，是很软的弹性那种，算舒服可接受的，不是很硬的那种颠簸。
2，坐在第二排，0重座椅躺下很舒服，完全可以睡觉。旁边的普通座椅我觉得也很舒服，若没有休息强诉求，可以不用买0重座椅。
3，坐在第三排，我175身高，不挤，视野不压抑因为有玻璃，但长途就不知道是否累了。

4，我自己驾驶时，尝试用增程器和纯电都感受了一下，区别不大，尤其是上了高架什么都听不出来，比燃油车的静音好太多，还有隔音效果不错。
方向盘很轻很舒服，转弯掉头用的很顺。
高架上开启辅助驾驶80码，部分路段不能开启车道居中，自动巡航感觉不错，自动加速和刹停，就是有时候左右有点摇摆，算接受范围之内吧，不过我听说这个世博辅助驾驶方案后续也没有办法升级硬件(比如车架增加激光雷达，或者升级摄像头/毫米波雷达等等，好像都没戏)，若你在意辅助驾驶的就算了。 整体感觉高架的巡航模式我觉得不错，加速和跟车很ok。
5，后备箱小，大概就是最多放2个出行7天的行李箱吧(感觉有点难)。

以上的试驾感受，也算给大家一些参考建议吧。",,
刺客唐伯虎,"一位 二娃中年奶爸 华为全家桶持有者 对新能源车的终极之选  

“最满意”
从油车到新能源车，也关注研究了很多新能源品牌，特别是特斯拉，专门借了同学的车开了一次长途100公里，华为和赛力斯合作推出AITO品牌后，开始锁定问界，从问界M5开始关注，最终选择了M7，现在提车一个月开了快1000公里，最让我满意的地方有：第一，作为40多岁的二娃中年奶爸，6座的空间满足了全家的需要，特别是问界M7的灵魂——可以“躺平”的零动力座椅，让我彻底放弃了买MPV的想法；第二，家里没有条件安装充电桩，只能在外面充电，有了增程式，可以加汽油，彻底缓解了用电焦虑；第三，作为资深的数码产品使用者，我知道自己最需要的是“四个轮子的平板电脑”，通过和我的华为全家桶（目前主要是和我的华为手机MATE40 PRO和手表WATCH3 PRO NEW）深度融合，再也不用带车钥匙，此外，等娃放学的时间看看B站视频，路途上听听1000W的HUAWEI SOUND高品质音乐，幸福感直接拉满了。

“不太满意”
人无完人，车也无完车。如果说还有提升的地方，主要有以下几点，也许未来M9或者通过OTA升级或者开发新的配件，从而都能实现吧。第一，第三排的空间还是小了一点，目前小朋友坐上去还是很适合，但是孩子总要长大，第三排还是不适合成人长时间坐；第二，后备箱还是小了一点，出去露营或者野炊时，放东西还是捉襟见肘了；第三，目前不能在车上接PS5等主机娱乐，中年老父亲怕在家玩游戏影响娃学习，SWITCH的游戏还是太卡通，我们需要有个地方玩玩3A大作！当然手柄我也买了，可是现在软件商店里的游戏还是不够丰富，给个小鸡模拟器也行啊，可惜没有；第四，方向盘没有加热，湖北的冬天是湿冷，如果方向盘能加热就好了，准备买个温暖的方向盘套；第五，第三排座椅放倒和调节只能手动，没有电动。第六，鸿蒙车机的网络还是4G的，虽然看视频没有卡顿，但K歌时缓存歌曲较慢，不知道未来能不能升级5G模块，华为加油！第七，AITO汽车官方旗舰店的配件更新太慢，比如小桌板现在还没有上，别给我说有淘宝天猫拼多多，我就是喜欢原厂原装开发的配件，因为没有适配性焦虑。

空间
对第一排的空间十分满意，对第二排的空间非常特别满意，对第三排的空间基本满意，对后备箱的空间基本满意。但是整体上很满意，因为问界M7的灵魂——零动力座椅的存在，可以最佳姿态来“躺平”的零动力座椅，第二排通过临时调用第一排和第三排的空间，让第二排变成无比舒适。第一排驾驶员通过小憩模式，可以让驾驶位充分调用第二排的空间，让空间的使用发挥到了极致。此外，车内各处的小储物空间比较满意！


驾驶感受
作为一名驾龄有23年的老司机，开过的车有很多，长期驾驶的总之都是油车吧！问界M7是我自己连续开了一个月的第一台新能源车，车很大，但是非常好开，方向盘很轻，转弯半径也比较短，非常舒服，难怪别人说开了新能源车的都回不去了，我开了问界M7也回不去了，反正我觉得比我哥的丰田汉兰达开着轻松，目前的辅助驾驶L2对于我这种老司机来说意义一般，主要是个新鲜感和脚部放松！驾驶模式我还是选择了舒适模式，因为我还要时不时开开老婆的油车，舒适模式的逻辑和油车一样。我没有选择节能模式，因为节能模式的动能回收，会习惯少用刹车，当然乘客的舒适度也会下降，会经常有类似于“急停”的感受。

续航
我的问界M7是四驱版的，我把电充满100%显示可以续航165公里，其实在我们小城市上班、接娃、郊游已经足够，目前我每周差不多在外面的充电桩两充，外面的充电桩也有快充和慢充两种，我都是选择快充，一般1个小时就可以充满（为了保护电池，我选择一般都是从30%充到90%），在车上看看视频，时间很快就过去了。问界M7的油箱有60L，加满可以跑个1000公里吧，平时实在用不上，我准备以后每个月加100元汽油用用，增程器还是要启动启动，经常活动活动筋骨。户外野炊，用放电枪可以支持3500W，也没觉得多费电，哈哈！

外观
问界M7作为一台大型SUV，外观设计属于中规中矩，直线条和曲线条结合完美，霸气天成，非常的稳重，是我这中年奶爸的菜。再加上我选择的外观颜色为天青蓝，在稳重的同时又有活泼的成分，彰显了我这不羁的风格！伸缩的门把手满满的高级感，但是目前用手机手表NFC或者NFC开片当钥匙时，刷了NFC必须10秒钟拉门把！",2022/12/10,黄石
问界M7黑色车主,第一次发帖按照评分顺序说一说。 1，我买的是黑色，外观我感觉从前边看比较大气，有时候从后边看感觉屁股有点丑，哈哈 2，内饰我感觉还可以，没有特别豪华的感觉，我选的琥珀棕，当时想选象牙白销售告我等的时间长。同价位里这个车的内饰感觉中等偏上吧，毕竟nappa真皮。 3，配置感觉不错，四个座椅加热按摩，自适应巡航，自动泊车（用了一次没玩明白）不过基本用不着，360全景，远程热车都不错，现代在感觉唯一配置缺少方向盘加热功能，对于我们北方人这几天明显感觉手很冷。 4，空间方面感觉后备箱空间有点小，不过平时放东西多的话可以把第三排座椅放倒一个，用的也不是很多。第二排靠背放倒比例不高，感觉大四座不大，六座紧凑，不过总体空间还可以，毕竟车长在这放着。 5，续航我现在跑了1000公里出头，跑了一次小长途，往返230公里左右，平均时速70，百分之80的电用了大概60元的油钱，没详细算过油耗高不高。在城区上下班一天跑40公里左右，每次都开空调及座椅加热，两天不用充电，第三天需要充电一次（每次充电到百分之90），感觉还可以吧。 6，智能化方面没什么特别感受，同级别智能应该领先吧，毕竟有华为车机。不知这车后期能不能加入遥控泊车这个功能，有次充电和理想one挨着近了，看到他展示了这个功能感觉不错。希望后期升级功能性越来越多。有个问题不知每月给的20G流量用不完次月累积吗？ 7，驾驶感受特别好，开这个车感觉操控，各方面驾驶都很棒，驾驶感受可打90分以上，底盘稍微有点偏硬。还有个问题，倒车的时候遇到台阶卡那的时候踩油门车没反应，必须在往前开往后倒利用惯性上去，这个不知怎么回事，是电车都这样吗？ 【购车经历】 说一下购车经历，本来准备去买艾力绅，家里有6座以上需求，晚上在家刷抖音看到这个车，第二天去华为门店试驾，第三天研究了一下什么是增程，看了看增程类的其他车型，第四天去交定金。支持华为相信他的车机及电机。同时也希望赛力斯后期别掉链子，把好质量做好售后。别让前期车主寒了心！现在车内上下台阶或者上下坡的时候车内后排不知哪个位置异响，希望后期去用户中心能把这个问题给解决好。手机里没怎么拍车内照片，后期在上传吧。,2022/11/29,晋中
小花爱小七,"年中的时候无意间在永旺逛的时候发现了问界M5，没来过新能源车的我抱着玩玩的心态试驾了下，就是这一次试驾在心里埋下了问界的种子。说来也奇怪，下半年开始身边的朋友陆陆续续开始换车，有新能源的特斯拉Model Y，有宋plus dmi，有极客001，也有传统的奥迪Q5L，凯迪拉克XT5，本来没有换车打算的我在身边朋友的鼓动下内心也开始骚动。
        最开始其实对新能源不感兴趣，总觉得不靠谱，所以一直都看的油车，对Q5L也是一见钟情，加上购置税减半和降价的诱惑，差点就定了下来。后来有一天周末，老大在欧尚学画画，我和老婆带着老二去迪卡侬玩，碰到了在迪卡侬展示的M7，一下子让我迈不开腿了。帅气的外形，6座的空间，华为的车机等等让我试驾M5时心里埋下的种子开始生根发芽，一切的一切都太符合我的用车需求了。对比下Q5L，功能上简直没办法比，虽然想这么大年纪应该要体会下BBA的魅力，但是想了想还是一切要以家庭为重，自己已经不是曾经买的追风少年了！
        接下来就是开始对老婆展开攻势，让她也打消买Q5L的念头。过程经历了千难险阻，30多万买个国产车是她怎么也想不明白的事情。就算要买新能源也要买BBA的，这是给我下的最后通牒，没办法，为了家庭和谐只能忍了。于是又开始了选车之路，长路漫漫，最终定在了宝马IX3上了。选了一个阳光明媚的周末，开始了我们的试驾之旅，Q5L和IX3都是转了又转，砍了又砍，不是后排空间太小就是价格超过预算。于是我偷偷的对老婆说，要么我们先出去转转，吊吊销售的胃口，然后顺便看看问界吧，反正只有一公里多。我们就出门去了问界的4s店，找了之前联系过的销售带我们去试驾了一下，之前只试驾过M5，并没有开过M7。一坐上去老婆就掩饰不住内心的喜悦，说这个车这也好，那也好，夸个不停，哈哈！回去以后就开始谈价格，不到两个小时就下单定了，真的是明明之中自由安排，老婆说真的是有缘分，第一辆别克就是这里买的，第二辆车又是这里买的。
        就这样开始了焦急的等车过程，每天都要刷一下华为商城看看车子好没好，老婆说我都魔怔了，在经历了一个月的等待过程终于通知我可以提车了。选了一个周末提车，结果天公不作美，雨下得好大，当天就没有给车子拍照，今天趁着天气好终于能给M7拍个美美的照片了！",2022/12/21,苏州
早推空门就完事了xia,虽然没开过百万级别的车，但问界M7给我带来的体验可以说是真正的越级。 首先是驾驶感受，我不懂那些什么路感、侧倾、点头等玄学，我就知道一点，开着是真舒服，加速是又快又稳，缺点就是老担心不知不觉就超速了。我之前对语音助手说话还有些尴尬，但现在是离不开了，说一下逼格，最让我惊讶的是我还没找到方向盘和座椅加热在哪，天一冷自己就开了，暖和了就自己关，这种无感但被关心着的感觉实在是暖心。不像其他车都给你密密麻麻摆出来，觉得很高级，但用时还得自己想着开和关。 最后，说一下缺点，就是车太大了，停车和上下车不方便，经常被磕碰，赶紧贴了车衣保护一下，同时也贴个防撞条，避免磕着别人。不过这也没办法，谁让咱中国人都喜欢大呢?痛并快乐着吧!,2023/10/30,昆明
ICT老王,"#问界新M7提车作业#提车啦#

年纪大了，开点小长途高速，有时总有点犯困，坐在后排的同事感觉慌兮兮的，现在科技越来越发达，AI智能，汽车的智能驾驶应该也会实现的吧！
抖音也莫名其妙推送了相关的智驾视频，什么鬼探头，主动刹车呀等等，立马赶兴趣了，刚好公司楼下的吾悦广场摆了有好几家新能源车。都试驾了下，可惜只有问界M5在内环高架上跑了一圈，其他车不知道是不是没有这个功能还是怎么回事，只是在城区试驾，没有达到我的要求，后面就大定了M7，然后就是遥遥无期的交车。
10月底终于拿到车，当天就办好手续开回家了。
现在跑了812km，钱也花了300多。（油200，外面充电100多），算下来比燃油车能省一笔钱。
说下用车感受：
用车体验：

最近几天城区高速都跑了。

采用纯电优先，舒适驾驶模式，高速上电量低于30%就开启了增程器。


1、车辆还是比较大，平时开小车的要适应一段时间，停车车库，跟旁边的PATROL相比，差不多一样大了。

2、华为手机配问界M7真是绝配，走近车自动解锁，下车后自动锁车关窗户，或者手机NFC碰主驾后视镜都顺溜了，还不用说超级桌面了，至少可以省一堆APP的会员费了。难怪某车企都要做手机了。
3、在城区开几乎听不到什么声音，起步加速超快，在高速上还是能听到电机的声音，不过增程器的声音倒是没有听到。
4、智驾虽然暂时不能用，但车道识别还是比较灵敏，车辆偏到车道线上，马上把你拉回来，我开始以为是车怎么在飘。
5、充电也比较简单，快充和慢充接口不一样很好分辨，由于家里的充电桩还没好，都在外面快充，20%的电充到80%也就30分钟左右。

存在问题（个人感觉）

1、由于我们家2个人都有华为手机也都开通了车机账户，所以有时候看谁在前面就会检测到谁手机开门，但开车可能是另外一个人，需要切换账户，切换账户后有些功能要等一会才正常，包括仪表盘的建模显示图。
2、自动驻车比较灵敏，刹车后自动驻车，在等红绿灯时候比较好用，但在较小车库停车时比较麻烦，油门稍大可能会碰到其他地方。希望后期能改进
3、空调制冷是不是有点不太给力，反正没有我原来的路虎给力，空调温度虽然能设置不同温度，但出风也只能统一调整，没有分区，至少油车都可以手工调整空调出风的大小，希望后期能升级吧。
4、没有纸质的用户手册只有电子版，电子版手册也不全，很多功能上面没有，还要自己摸索，群里咨询，电子版的用户手册至少能及时更新吧。
当然也期待新版本的OTA，开启智驾，体验真正的遥遥领先。",2023/11/4,台州
花开富贵97558,"从最初看油车到最后选问界m7，主要的原因是同事买个model Y，一看一开，觉得从科技感、配置、驾驶感受、使用成本等等方面都比同价位的油车好不少，买车的视线逐渐就从油车过渡到新能源上来了。但纯电车还是因为续航的问题有点担心，直到问界的上市，之前也了解过增程式混动的缺点，虽然网上天天骂增程式技术很老了，但我觉得是不是落后、是不是值得买还得看自己的使用环境，如果是长途多，少用电多用油的话，我觉得确实不值得购买。但如果主要以上下班通勤为主、有充电条件、偶尔还有点长途需求、不想有里程焦虑的话，增程式还是值得考虑的。之所以选择问界，是因为如下原因：
1.比亚迪电车做的确实好，销量也高，但纯电续航没有问界高，而且提车周期过长。
2.问界的纯铝底盘舒适度不错，虽没开过百万豪车，但我觉得不比四五十万的奥迪差。
3.问界有华为的参与，让我对问界的品牌力、质量控制以及售后服务有了更多的信心。

问界优点我简单说说我开完以后的感受：
1.加速快，推背感强。
2.配置高，主被动安全系统我用了也不错，虽没有特斯拉好，但再好也不能全信车的，还得靠自己，辅助就是辅助，再咋的也不是主力。
3.底盘舒适，通过性好。
4.纯电时静谧性，双层玻璃。
5.华为音响不错，不跟知名大牌的比，价位不同、欣赏能力也未必有，没意义，自己喜欢觉得好就好。
6.车机采用了HarmonyOS系统，它最大的优势就是，在生态内，可以实现不同设备间的无缝流转。

主要说下缺点或者还应该有的提升空间：
1.费电，相比特斯拉来说人家百公里13度多，问界就得23度。问界40度的电池才跑一百大几十公里，相比特斯拉60度的电池跑四百多公里，这差距有些大。
2.小毛病不少，经历过拿钥匙离车不能自己上锁，遥控不是很灵敏，后备箱要么打不开，要么关不上，送的卡片钥匙，有时放身上可以识别到，有时必须放无线充电那过一会儿才识别到，虽不是很频繁，但总为这些小事儿操心也挺闹心。
3.增程器工作时会有很低的振动声，嗡嗡的，跟油车发动机声音挺不一样，耳朵不舒服，稍微有点对不起为了隔音所做的这么多的努力。
4.商城中可下载的软件太少，娱乐性不足。导航软件偶尔有偏差。
5.后备箱用脚开不灵敏，时而能感应，时而抱着一堆东西也感应不到，不说抱着东西练扫堂腿好不好看，不说累不累吧，容易遭到路人的白眼。
6.车机网络部稳定,目前是4G没有5G。",2023/2/20,西安
日月同辉6740,"【购车经历】深圳二胎家庭，父母帮忙带娃，小秦（深圳第一批混动车牌）越来越不能满足家庭用车需求，同时考虑到深圳购车市补、省补的羊毛，换车自然而然就提上了日程。本人运气不好，从2015年深圳限牌开始参加摇号60多期没有中签，根据用车需求，只考虑6座、7座车型，将比亚迪唐 dmi 、理想 one 、领克09phev纳入了参考范围。试驾综合对比后，没有特别让我心动的车型，缘分就是这么巧妙，后来带儿子逛商场，在华为店里看到问界M7展车外形美观大气，内涵丰富，非常符合中庸审美，加之销售服务热情有礼，试驾后当场大定。 【用车成本】入手后驱无零重力版本，车价31.98万，赠送内外饰选装松霜绿＋琥珀棕。购车时有深圳市补1万，龙岗区补＋鸿蒙补贴2万，旧车置换补贴5000元，首发权益1000抵5000,5000元手机券，没有固定车位闲鱼出手充电桩回血5500，另外还有各种老带新、以日换新积分补贴。 【能耗表现】提车时加了300元油，目前行驶 2360公里，油还有410公里续航有，燃油使用减少，不具有参考价值。电耗非常惊喜，可能跟个人驾驶习惯有关，显示百分之93电量续航248公里，实测满电到百分之23跑了177公里，满电续航230公里左右，反向虚标10公里左右（官宣220)，百公里电耗17度左右。小区附近有充电站，早上8点前百分之20的电充到百分之90只要18元左右（0.58一度），百公里12元的用车成本非常出色。 【驾驶感受】有三种驾驶模式可供选择：节能、舒适、运动模式。两种动力模式：燃油优先模式，纯电优先模式。个人以日常上下班和家庭出行为主，舒适模式完全能满足日常需求，深圳快速路超车也是游刃有余。试过节能模式，比舒适模式差别不大，动力回收多一点而已，运动模式动力充沛，推背感十足，开过我车的同事都很惊讶。 【乘坐感受】乘坐舒适，空间够大，科级感和豪华感拉满。低配即顶配，首发权益多， HUD 抬显、私享头枕、真皮座椅、驾驶台设计豪华感满满，鸿蒙车机系统非常丝滑，搭配华为手机使用科技感满满，导航、音乐上下车无缝流转，为了赶深圳补贴没有选装零重力座椅。",2022/12/13,深圳
Boogeyman5,"得失参半，是国货的探路者，也是新能源的蹊

车机是买问界的最主要原因，玩华为的手机和数码产品很多年了，最期待的也是华为有一天能够把智慧生活、智能家庭的主要场景打通，从办公到家居，如今到了智慧出行，所以问界的生产商是赛力斯还是阿塔利斯又有什么区别呢。

先来分享一下做得不错的地方吧：

【智慧车机】

超级桌面的功能是把之前华为手机电脑模式部分移植过来，车主切换则是目前华为手机的隐私空间账号切换功能，这些被来就比较成熟的软件构架应用到车机并接入到鸿蒙的体系是华为现在绝对的优势。相较于目前市面上其他车商只能手机解解锁，开开空调等简单功能的所谓智能车机，华为这套生态体系是能走得远的，虽然目前扩展到应用数量还不多，但是三口或者四口家庭用起来不要太舒服。
提车到现在基本上都是用手机和手表控制，平时不用带钥匙和卡片，手机和手表就能完成很多车控功能比较让人惊喜。

【车内空间】

乘坐空间能满足一家人大多数用车场景，第二排空间非常宽敞，第三排在前排不过分占用的情况下还是比较舒适的，不管网络上各种不明目的的喷子说得天花烂坠，但对于我都家庭用车是完全满足了。

俗话说说东西是死的，人是活的，第三排在前面2排都合理调整的情况下实际乘坐感受还是可以的。那些180的大高个的自媒体车评人非要坐第三排去，然后说空间狭小的，我觉得首先不应该评测空间，应该评测一下自己的智商和良心。

5-6人远程出行时间相对比较少，出行的时候行李太多考虑加个车顶行李箱完全是可以解决空间问题的。同样价位对比Q7的6座版也没有比M7更为宽敞。

【续航表现】

现在的自媒体、测评人很容易把舆论带偏，增程式应该是未来一段时间最贴合大众用车的方式。在家用电，出门用油的模式被喷子们喷得一无是处，纯电状态下150公里完美解决了日常上下班和短途出行，远途出行油电混用仍然是合理的方案。
目前已经在西部地区已经是个位数的天气，每天用车提前暖车、座椅加热都招呼上，基本上充到90%能跑130，140km，城市通勤完全够用了。烧油跑了2次，基本上在7个油多一点。

【最不满意】

提车时间不长，但肉眼可见和亲身体验的瑕疵还是很明显。

首先，用料、做工和细节在国产车里面还算是不错的水准，但是没有达到余老板说的百万级水平。内饰的设计和搭配可圈可点，但是一些细节上还是不够完善。比如说全车包皮质感非常不错，但是中柱下部却用了黑色的塑料，且是那种很容易弄脏的材质，失分不少。

整车密封和隔音非常不错，偏偏尾箱下部没有密封条，关闭后大大的缝隙既漏灰又溅泥。外观上前脸中网格栅后面就是结构件，肉眼可见的焊接缝隙不免有失大体。好些这类可远观而不可亵玩焉的问题显示出华为和小康合作后产品设计略显仓促，急于在新能源短暂的风口站住脚而急匆匆的完成轿车和SUV产品线布局，过程中忽视或者说是放弃了一些细节。

没有电动方向盘调节是很大的遗憾，驾驶员上车人脸识别完成就会调整为个人座椅姿态，但是方向盘确实手动调节，这点成本节约得不应该。

其次，不论是零重力座椅还是主驾后排的座椅舒适度都非常好，但是由于没有深度的适配后悬挂和减震机构，在平稳路上倍感舒适的座椅到了稍微颠簸路面就表现惨淡了。行驶过程中二排体验并没有标榜的那么好，虽然得到了近乎完美的躺姿，但是路面反馈让人很不适，轻微的震动会不断传递到乘坐者的身体，我估计老人和小孩会很不适应。

另外，人机交互虽然已经是目前市面上智能汽车中翘楚了，但是还是不太完美，目前只是停留在部分智能的层面上，离智慧还一点远。没有看到自我学习和车主使用习惯分析的能力在里面，虽然我是它的主人，但是我和它千千万万个主人没有什么区别。

最后，辅助驾驶L2的水平只能是尝试着玩玩儿，路面工况稍显复杂车脑就显得不够用了，作出的反应有时候也是匪夷所思。",2022/12/28,成都
SweetyGn,"家里边的第二辆车，和很多车主不同，第一辆到第二辆是从低到高，第一辆是日产奇骏，自己没开过豪车。选车历程经历了4个月左右的时间，从6月份开始在网上学习、筛选，到试驾，中间还闹出了定车的乌龙，最终在22年10月6号下定问界。前后关注过昂科旗，理想one，理想L8，奥迪Q5L，比亚迪唐Dmp。
1.选车理由：one停产，L8超预算，两辆油车的智能化和空间不太满意，Dmp有点担心提车时间和后续服务。对于我们这样一个预算30w出头的家庭，M7是首选。经常看到M7和L8的对比，在自己心中，特别是M7降价以后，两个不是一个价位的，道不同不相为谋。
2.外观：选的金色，在北方比较耐脏，不去用手擦灰看不出来有土。外观初看没有惊艳的感觉，甚至有点像途观。。。显得比较稳重，本身性格也比较低调，适合咱们这打工人家庭。
3.内饰：韶华杏。车里面显得比较简洁，给人一种纯净的高级感。但是杏色不耐脏，孩子经常脚踢边边角角，心疼之余只能勤打理。
4.配置：被人诟病的方向盘加热和后排空调都可以接受，提前app开始速热模式，孩子上车后脱鞋都不觉得冷。在北京冬天零下的温度，一路开空调甚至会觉得有点燥热。选装了零重力，由于有宝宝椅用途不大，不过媳妇说了：“可以不用，但不能没有”。实测我家能在装宝宝椅的情况下仍然开启零重力，让大宝睡觉很方便。第二排座椅能够独立调节角度，比起原来的5座车舒服太多。
5.空间：买这台车就是当大4座用的，前后左右的空间足够大。平常放倒第三排，平衡车，自行车，滑板车，婴儿车，加上一个整理箱，孩子的装备带齐了才是最重要的。第三排应个急就把孩子的车搬回家。看重第三排的朋友们应该考虑MPV。缺点是自己住老小区，这个车的个头导致停非正规车位比较艰难。自动泊车也无能为力。
6.续航：这个车的使命就是为孩子服务，无通勤的需求。平时短途带孩子上课外班，纯电。周末出远门玩，跑高速用燃油。
7.智能化：基本天花板级别，开车路上和孩子玩词语接龙，孩子点歌都很方便。不过和手机的互联还可以更好。
8.驾驶感受：纯电模式下，低速非常静谧。高速还是会有些风噪，但是孩子睡觉仍能很安稳，比日产前面好像露个窟窿相比强太多。
9.总结：M7在我心中，相当于suv的外观，mpv的布置，里子面子都能兼顾，最大的优势还是性价比。A柱，空调，什么ix7咱都听说过，但想图个6座suv，智能化，可油可电的，M7是性价比很高的选择。

抛开选车，也希望aito、蔚小理等等国产品牌能齐头并进，本是同根生相煎何太急，国产车加油！",2023/1/15,北京
兔子家的煜小涵,"#新能源车主分享季
【情况介绍】
从提车到现在已经有2个多月，已经跑了2650KM了，使用起来非常方便舒适，从媳妇一开始觉得太贵，到现在全家都对它非常喜爱，媳妇更是直言买得值。
【真实感受】
1.购车经历
说实话，自己是华为的粉丝，从最开始的Mate S（传说中的大冤种）到P10 Plus，再到现在的Mate 40 Pro、媳妇的P50 Pro、爸爸的P40 Pro、妈妈的荣耀30Pro，用得都还是很满意的。自从发布AITO问界M7之后，心里就对它一直情有独钟。对于我家这种2娃家庭来说，原先的速腾1.6自吸确实是不够用，当时对换车的考虑就是“6座、能用电、无续航焦虑”，M7完美得满足我的换车需求。
虽然很喜欢M7，但毕竟是家里的大件，不能说买就买。8月22日，第一次带着媳妇去试驾M7，确实是很舒服，但要吐槽的一点是，试驾员感觉是为了让我们体验动力有多好，那油门踩得就像过山车似的，直接把我们给整晕了，除了可能由于试装车低速时电机声音还是比较明显外，其他方面很满意。经过我的不懈努力，终于说服媳妇，可以订车了。11月7日，第二次试驾M7，这次是四驱版，然后自己就下定了。天青蓝+韶华杏+零重力座椅+四驱豪华版下定。12月18日正式提车。
2.外观内饰
M7的外观算不上惊艳，但属于耐看的种类，自己喜欢蓝色，选择了天青蓝的外观，内饰的颜色选择韶华杏，真皮座椅看起来摸起来都很有质感，木纹饰板的点缀，一下子把高级感都拉了起来。PS.内饰韶华杏这个颜色容易脏，牛仔裤脱色，座椅已经有点脏了，要勤加打理。
3.空间配置
第一排和第二排空间非常优秀，第三排大人乘坐还是有点挤，不过还是能接受，刚好第三排是家里2个小孩很喜欢。配置方面很满意，最喜欢的零重力座椅、座椅加热按摩透明底盘功能、HUD、智能车机。
4.驾驶感受
整台车开起来偏向于灵巧舒适，四驱版动力非常强劲，基本上油门稍微点一下，动力就比较充沛了（自己的老车速腾1.6在去年夏天去乘凉时，油门踩到底都超不了车那种无力感真的是酸爽）。因为一直使用的舒适模式，家里人都感觉很舒适，没有电车的眩晕感。不过经过颠簸路面时，车辆感觉容易跳，稍微有点忽忽悠悠的感觉。
5.续航油耗
纯电续航在160KM左右，光下上班的话，可以做到2周充1次电。综合油耗来算，到现在一共行驶2650KM，充电花费了404元，加油花费688元，表显剩余里程290KM，按照网上评测说的85折来算，平均算下来0.38元/百公里，考虑到自己没有家用充电桩，充电都是在单位，1元/度，过年期间1000多公里都是烧油的，这个油耗已经很满意。
【最满意】
1.零重力座椅
刚提车时，自己刚好阳康，疫情还是比较严重，上班时午休到车上，躺在零重力座椅上真的很舒服，而且可以打开座椅加热，就不会觉得冷。家里小孩也很喜欢，经常在开车时按零重力座椅的开启键，此时座椅会展开，副驾座椅不动，腿托不出来。后来研究了下，有个儿童锁，这下就完美了。
2.智能车机
小艺真的是太好用了，导航、空调、车窗、座椅加热按摩、听歌这些都可以通过它来实现，家里小孩一到车上就是“小艺小艺，我要听江南style”。还有就是离车自动上锁关窗功能，再也不用纠结自己到底锁车关窗了没了（PS：有个朋友刚买了某个竞品，有天忘记关窗，被人钻进车里把车里的烟给拿了）。
3.售后服务
第二次试驾是销售开着车来接的，提前询问想试驾后驱还是四驱车型，全程态度非常好，包括后续的交付顾问、服务顾问都很热心解答相关的功能和问题。还有就是特别要表扬的就是后续的活动，提车2个多月，服务顾问邀请我参加3次活动了，1次年底的答谢宴、1次元宵节的“春日造趣节”、1次“黑豹2”观影活动，收获了雨伞、保温水杯、茶叶、M7合金模型等。活动的开展让我们车主会收获归属感，直言没有买错车。
4.细节亮点
俗话说得好，细节决定成败。M7车上有些细节，我觉得非常惊喜：一是仪表盘及中控屏车辆颜色是跟着自己车辆选择的颜色的，而且在打转向灯时，仪表盘中小车相应的转向灯也会点亮闪烁。二是自我学习，刚提车的时候挂入 P 档刹车踏板会快速回弹，有很大的声响，影响质感。过了一段时间后，再进行相同操作时，刹车踏板已经没有任何声音了。
【最不满意】
1.没有方向盘加热，以前在想着以后换车一定要换一个有方向盘加热的车，结果M7就是没有，冬天开车真的手冷，不过中间的空调出风口开暖风，右手刚好可以搭在那，暖手倒是挺方便的，不过左手就有点不方便了。
2.后备箱在6座时较小，我家周末出去玩都是6人，小孩子东西都比较多，再想带点出去游玩的东西都比较费劲了。

感谢圈主小灰灰推荐！",2023/2/22,重庆
看热闹的老朝奉,【购车经历】 9月30日提车的，已经开了四千了。本来定的唐dmi，交货遥遥无期，正好7月m7上市，媳妇看中了，换！7月底大定。算是上海的首批车主。9月下旬装的充电桩。信息上传后，5工作日通过了。开到现在，真的很喜欢。现在有事没事都想去车里坐一坐。出门根本不用带钥匙，都是手机解锁。蓝牙一连接就解开。很方便。各方面都挺满意的。 提车在松江手拉手。交付人不错，我当天去，2小时搞定。保险价格差不多，就在店里买的。上牌因为自己提前做了功课。所以自己去办理的。去那种上牌服务中心。全上海有80个，不排队，效率高的不行。车管所人满为患。代办点一个人都没有。费用大概总共200。很合算。提车我也没检查太多。反正有质保啊。正常的功能都没问题的。开着就走了，十一国庆正好跑了一趟苏北。开了一千多公里。深度体验了一下。车大，但是很好开，我媳妇都驾驶的很溜。 【外观】: 看时间长了其实挺耐看的。虽然个人认为他看起来不怎么像新能源车。但是比较沉稳。适合我这种三十多的。 【配置】: 没选零重力。所以比较省心。但是确实后悔了。应该花钱上。其他的，华为智能座舱就是牛。遥遥领先。但是L8也确实娱乐性会更强。m7更接地气。有些娱乐确实不会在车里做。音响，震撼，必须夸一下。但是个人认为还可以再优化。 【内饰】: 很不错。高级感十足。座椅都是纳帕真皮座椅。质感还是很高档的。确实是用了心的。这个只要去华为体验店体验下就知道了。 【空间】: 和其他轴距更大的车比起来，确实第三排要挤一些。但轴距带来的良好操控确实很值得。个人认为最大的不爽是二排独立座椅无法躺平。除非你加了零重力。第三排我家主要是孩子坐。所以她很开心。困了就躺着在那睡觉，也很舒服。个人认为很满意。 【续航】: 这一点真的满意，不多说了，自己看图吧，纯电百公里春秋不到20度电，冬夏25左右。纯油耗看图吧，不大好算，因为它会给电池充电。这个发动机和电机效率确实可以的。 【智能化】: 这个不用多说，遥遥领先。特别是系统。自动泊车天花板。无线充电天花板。辅助驾驶一般般，我也不会去用。音响控制，小艺小艺，都很好用。 【驾驶感受】: 这个是最让我惊喜的地方。如果看外观和内饰，我可能会选L8。但试驾了以后。必须是m7。车子调教的特别好。驾驶感受一流。都说轴距短。但是转弯半径小啊。操控一把就够了。 【最后说说不足之处】: 第二排座椅无法放平，一大遗憾。除非你是零重力座椅。抬头显示做的已经很好了。但后期更新可以把车道方向信息加进去。车后部没有行车记录仪。如果被轻微追尾，对方逃逸就找不到肇事者。停车时被划车，没有自动录像拍照功能，马上取证。哨兵模式后续可以开发一下。还有那个营地音响外放尽快ota升级吧。还有鸿蒙3的优化尽快。目前几个bug要尽快修复。,2022/12/9,上海
三三2256,"本人混迹车友圈有几年了，很早就有买车的想法，但是已经有两辆车了（本人15款明锐手动顶配+加老婆奥迪A3)，所以一直看一直等，就是想选一个自己各方面都满意的车，很难。问界m7出来的时候我都没关注过它，只知道22款落地要30万，太贵了。加上其实一直看不上它这个外观（真的像面包车），所以一直在关注理想、唐等这些混动或者纯电suv，最开始差点买了二手的途锐（这个是真爱)，无奈已经不再有勇气买油车了。
       1.选车经过。9月31日在逛商场的时候看到新款问界m7后，我承认首先吸引我的是它的价格，裸车优惠完24.3，配置拉满，这些配置在这个价位里几乎满足了我所有的需求：一是空间很大。由于家庭人口多，首先我要大SUV，之前一直关注唐，看中了dmp，但是低配我不满意，高配性价比不高。二是价格便宜。我的预算不超过25万，超过25我觉得就必须上bba等豪华品牌了，这里面比较了理想l7和l8和蔚来es6，感觉他们没有冰箱、沙发彩电，相比l9也弱了不少，加上还要贵8万，试驾后怎么都觉得不值这个价，就直接pass了。可能我是乡下人比较好面子吧，太追求性价比了。三是电动化。油价越来越贵，自己两个油车，所以已经不考虑再买油车了，如果出去玩可以加油，上下班纯电，增程似乎是唯一的选择了。四是配置高。我买这个车纯粹上下班家用，对动力智驾完全没需求，只对配置要求很高，要好玩好用舒适。它配置太完美了，音响很满意（可以调到我满意效果），抬头显示很清晰，电吸门、按摩通风加热都有，最让我满意的是隔音和座椅柔软度真的很好。综合以上，虽然我看车看了2年，但买新m7只用了2天，试驾只用了十分钟就大定了。      
        2.使用感受。我10月2日大定，10月29日到货，选了中规中矩的灰色外观和棕色内饰(最喜欢的外观颜色是绿色那款)，由于工作原因不想太惹眼高调。谈了几家店，都不肯送东西，最后基本每家都问过一遍后，才得到满意的条件。提回来之后使用感受如下：一是动力很好，虽然是后驱版，但动力真的很不错，基本上是随叫随到，开起来很爽。二是底盘调校很舒适。底盘不硬，比es6舒服，且很整，只是连续过大颠簸路面会有点晃，底盘其他各方面都很不错，另外后驱版后副车架是铁的，智驾版都是全铝的。三是车机好用。这个车机绝对是天花板级别的，简洁大方，功能强大，语音识别精准，比理想one和比亚迪要强太多。就这点，能做好的车企就已经寥寥无几，可以称之为遥遥领先毫不为过。四是续航比较实。我只用电跑，100%充满到20%纯电可以行驶160公里，做了多次试验，冬天空调少开的情况下实际续航应该就是160公里上下，剩余30公里，跟wltc续航大差不差，还是比较实的。至于亏电油耗多少我就不在意了，馈电用过两次估计7个以上了，也不是很在意，因为我用油肯定是长途了。随车充38公里到138公里用时8个小时，10%冲到98%用了13个多小时，快充从18%到95%用了45分钟，比理想one要稍微快点。五是空间很大。这个车本人不建议买六座，因为六座空间确实不够。很多人黑这个车轴距短，黑六座我同意。但这个车的精髓是五座，五座无论是前后上下空间都是无敌的，加上宽大舒适的座椅(我坐过迄今为止后排中间最舒服的座椅）配上大尺寸后备箱，非常到位。六是行驶质感好。这次底盘升级是只要你去认真试驾了都能感受得到的，唯一不足的是转弯半径有点大。平时我开车很凶，都是在高架上穿来穿去，侧倾控制不错，这么大的车也不带空悬的底盘能有这样的效果已经很不错了。     
        3.相关建议。一是推荐指数。丐中丐我是最推荐的，性价比极高，25万级别它是我心目中第一名的存在，它真的够大、够舒适、够豪华，电池40度，质保有8年，还要啥自行车？当然预算充足智驾班体验肯定更好。对比车型一个是理想，同事刚提的理想one，28落地感觉不是很好，配置也不够高，看了理想L7、8，主要觉得性价比不高。二是存在问题。天窗工艺已经改进了，空调扫风声音有点大，但我能接受，最不能忍受的是一个増程器要加95汽油。网上说的其他问题目前真没碰到。其实很多问题不算问题，都是自己能解决的。如果你要说一个车完美无缺，那是不可能的。网上很多人说这个车是风光改款，我其实真的不否认，但它的用料、表现和技术，那是确确实实吊打其他竞争对手，你黑也没有用，心平气和给国产一个机会，你会发现现在国产已经把合资按在地上摩擦了，现在国产电车已经甩传统油车几条街了。后电机护板建议装一个，因为后面看底盘太突兀了。三是关于价格。裸车24.3加5100保险，自己上牌自己买保险，贷款15万五年还清总利息21700，每月2845还贷，其中利息固定345每月，一年后可全部还清不收任何费用。公牛充电桩、放电枪、随车充，膜，脚垫都配齐，自己12123上选了个36060的车牌，爆赞，后续有情况再补充吧",2023/11/7,南昌
就是牌门人,"缺点
 1，车内空调无法单独开启或者关闭，例如打开了空调，副驾说我不用空调，也不想吹空调风，传统车子可以直接在空调出风口手动关闭，本车不行。
2，24 新款车子取消了 车内 220v 电源接口，太遗憾了，我是搞设计的，用的是设计本电脑，只能接电小二车内办公使用，
3，座椅，那么多高科技，瑶瑶领先，但是方向盘没有加热功能，可惜了，
4，前排 2 个 c 口接口，左边 15w，右边 65 瓦，20% 的概率，前排右边 65 瓦 的 c 口会无效，充电无反应，（使用购车时自带官方手机充电线）
5，倒车的虚拟轨迹线偏差有些大，要多看后视镜，跟着轨迹线倒车，会刮蹭的，
6，华为音箱尚可，车内喇叭多，但是华为还得加油，在看枪战片，战争片，轰轰隆隆的那种大片，例如 抗战片（800），例如科幻片，雷神 3，没有那种环绕音效的感觉，所谓的环绕音效，指的是，电影剧情忽然一声闪电，或者是爆炸声，还有飞机战斗的轰鸣声，由左到右，由上到下那种立体的环绕音效，还得加油，表现不好，甚至感觉不出来那么多喇叭的能力。平庸
7，acc 自适应巡航，便道超车后，会立刻踩刹车降速，这样很容易让被超车辆误会我在搞他。出现过多次了。

8，智驾就是期货，上市这么久了，以智驾为宣传点，结果到手了，还是期货，等待更新，我郁闷，（今日补充24年1月7日城区高阶导航还没有开放，依旧瑶瑶无期的期货）

9，24年1月7日补充，使用3月后发现的缺点，今日补充，30万的车，居然没有方向盘加热，车主杭州用车，12月份最寒冷的日子，方向盘冷的像冰坨一样，不得不开启空调，而问界m7的空调是电热丝加热，极其耗电，如果有方向盘加热，手掌暖烘烘的，加上本已有的座椅加热，为了续航，完全可以不用开启热空调，续航直接可以更上一个台阶，可惜，问界m7全系没有方向盘加热，真的好可恶，我宁可去掉车上的电吸门，或者无用的喇叭，也不想没有方向盘加热。

10，24年1月7日补充，后备箱的两侧最低点只有1.65米，我身高172cm的中等身材，侧面到后备箱拿东西，一时不留意，就会撞击到头顶，疼疼疼。（售后无法解决）

11，二排座椅平板链接器maglink平板套装，都无法开放购买，还是期货瑶瑶无期。

12，最大的缺点是，永远不敢有人说真话，只要发布负面缺点，就会被脑残粉口诛笔伐，被问娘，至于吗？我发的是真实感受，对与不对，完全可以互相交流，不至于上升至骂娘的层面，我接受任何人的质疑，这是我3个月8000km的使用体验，真实，接受质疑交流，骂娘的左拐，88不伺候。

说了这么多缺点，为什么不去试驾了再买呢，有人会问，我说缺点，不阻碍我对他的喜欢，瑕不掩瑜嘛，我说出缺点是我个人的感受，带有主观意向的。
我就是好华为的这口，我就是喜欢华为，只是希望他能坐的更好而已。我的手机也是华为的，也有欠缺点，但是我就是喜欢华为，

今天提车 10 天，暂时就这么多心得了。

以下说优点吧，
1，静谧性，真的很静谧，感觉不到增程器的启动
2，地图真贴心，方便，好用，打开随意一点，就可以找到充电站的快速寻找，真心方便。
3，短暂停车，智能手刹很贴心
4，主动安全，让我规避了 2 次可能碰撞的风险，一次是电动车鬼探头，一次是我变道时候，差点影响相邻车道产生碰撞，
5，座椅极其舒适，尤其二排，软软的，大大嗲空间爽爽爽，
6，车上的味道，那不是甲醛，那是新车的味道，有香氛，就像女人的体香一样。
7，无线快充，用过的人才知道，真香，理想的 l9 无线快充是 15w 的，没有风冷，这个是比精品瑶瑶领先了。
8，更多优点，期待日后再体验。",2023/10/30,杭州
遥遥领先懒羊羊,之前雷克萨斯NX300h，虽说也是油电混动，但是开到这个问界M7，真是一去不复返，由俭入奢易，由奢入俭难！7.8秒的百公里加速，虽然听上去在电车内算是拖后腿的存在，但是一脚电门下去，动力十足，足够用了。虽然是智障版，但是从油车切换到电车（增程车），需要一个适应的过程。大部分车友一定会说买问界不买智驾版，就是浪费，本人觉得智驾版现在才刚出来，虽然市场反响非常好，就是遥遥领先的存在，但是全国无图要到年底才开通，等年底M9出来再看看市场反馈，也不是不可以。车机不卡顿，就是听歌需要开通VIP，可以说同价位性价比很高了。昨天上牌之前还蹭了一下，果然是新车定律😭，还好是塑料件，影响不大。再来说说地盘，虽然没有用上双叉臂，但是这个过弯稳定性，还是跟不错的，车辆重心高，有这个表现，也算是加分项了。唯一有点瑕疵的就是刹车有点轻微点头。说到选择增程这个类别，没有续航焦虑吧，就像手机一样，电量低于50%就要想着去充电了，车也一样，可能是有轻微强迫症吧。在这之前，市面上火的电车增程车都试驾了一遍，特斯拉，小鹏，蔚来，理想，宝马i3，特别喜欢的就是宝马i3的驾驶感受（没开过BBA，就想拥有一辆），去了3家4S店试驾了3次，最终还是因为价格没谈妥，没买成。特斯拉3就是毛坯房，想买就是没有不加价的颜色，而且正好新款要出了，想想还是等等新的，毕竟买新不买旧，新3出来价格吓一跳，就没往下看了。蔚来的颜值没得说，价格虚高，换电模式也不是很认可。理想开上去很舒服，电磁悬挂确实有点东西，双电机动力也很好，差点就要定了。后来9.12看了发布会，9.13去店里试驾完，果断抛弃了理想，就下定了，果然网友说的，不能去试驾，试驾完了二十几万没了😅。买了汽车再等手机，等了二十几天，终于拿到手了，虽然以前用了十年的苹果手机，现在用华为鸿蒙系统，还有待适应。总之以后就是支持国产的了。,2023/10/11,苏州
说好摇一起旅行,"大家好，我是老款问界M7的车主。今天给大家讲讲，我提车2万公里的一个感受。 提车情况：我是2月份提的车，到现在开了19800多公里。 整体感受： 外观跟内饰这个就看大家自己喜欢，我是觉得外观我挺喜欢的，因为我之前是途观。那两个车基本上是整个造型的延续，反正就从小弟变成了大哥。车停好又开的，在驾驶感受上，个人觉得比之前的油车好开。 能耗及保养：使用过程中的费用也挺省心。我用小熊油耗记录了13,000公里，总共的费用花了2600左右，里面还有三大箱油，基本上的平均油耗是0.23/每公里。保养这一块，因为三个月5000公里的时候有一个首保免费，所以2万公里的时候还要再去做一次保养，那了解到的这次保养的费用大概在330左右。 辅助驾驶：上高速开的比较多，从体验上来说虽然是智障版，但是在全适应辅助巡航模式下的定速巡航，车道保持基本上可以满足我的日常使用需求，让我开车更轻松。 车机：车机功能及流畅没的说，目前3.0的鸿蒙系统足够适用，但是我们更期待能够升到4.0,过程会定期更新，常用常新，更新很多适用的功能，像最近更新的这个智能卫士，虽然功能没有哨兵模式那么强，但是也满足我们正常的停车监控的问题。 娱乐：因为我大部分的时间基本上都在车里，所以车成了我出行娱乐及成的一体的一个空间。我可以在车里唱歌，小朋友的时候他们很喜欢。我系统在车里玩游戏，我把我的360 XBOX都搬到车上，连上SWITCH,玩玩PICO VR游戏，偶尔出去放飞无人机，我可以在车里做我喜欢的事情。 车内休息：开启小气模式，放上音乐，不管是中午休息，还是在等人，等客户的时候，开启座椅按面，躺着刷会儿手机看小说，简直不要太舒服。周末的时候，约上几个朋友带着小孩一起去海露营，对外放电功能有如神助。",2023/11/15,厦门
尧耳的娱乐天堂,"问界无悔：我与M7的缘分写真 
 
【购车经历】

又是一年春节临近，忆起去年春节，提着酒陪妻子回娘家，拜会众亲戚。酒酣耳热之际，席间岳父说起想换掉自驾的手动挡宝来，年岁渐长，他感觉操控起档杆和离合，已有些力不从心。这句话传进耳中，突然勾起了我早已萌生心底的换车念头。在这之前，身边有朋友已经开始驾驶新能源车，每天穿行飞驰，开心得呼而嗨哟。我也很想找机会体验一下。于是趁着酒兴，当下夸出海口，立即着手购买新能源车，我的燃油车就可以转赠给岳父使用。岳父自然眉开眼笑，买不买得起是一回事，起码穷女婿能够想到这一层，也算是有心了。 

于是我便开始了漫长的试驾之旅，先是理想one，大气、时尚，功能齐备，但是我开着总有种“松垮垮”的感觉；接着是蔚来，整体设计紧凑，换电不充电的使用体验也很愉快，只是价格超过同类，而我对电车的心理价位是40W，超过刻度便觉得性价比低。接着又是大众的ID6 cross，价格亲民，机械系统成熟，奈何拉垮的车机，将我瞬间拉回二十年前，使用人生第一台金立智能手机的场景。

于是在纠结中等待，其他品牌要么太小众，有可能车子还没换品牌就倒了；要么太大众，体验不到特立独行的新能源车主身份。 

直到问界M5摆在了华为体验店中，华为加持，赛力斯的造车技术支撑，想来可靠，于是第一时间申请试驾，与妻子一同感受，开惯了SUV，始终不太适应M5的紧凑空间。听销售小刘说6座的M7马上发布，这自然更有理由期待了。 M7发布会当天，早已把我当成意向客户通知到现场，我便欣然前往，端坐几个小时。认认真真看过余承东的演示。气派外观，细致内饰，鸿蒙系统车机，华为全生态，零重力座椅，按摩、通风、氛围灯、全景影像……所有都是顶格标配，与我理想中的新能源车几乎一模一样。 小刘热情服务和讲解也让我感动，车型的技术细节了如指掌，后续服务和使用方式也有问必答，还有什么好犹豫的？发布会还未结束便直接大定，成为M7首批四驱车主。

 然后继续漫长的等待，高温限电、口罩封控，从重庆到成都，还未出双城经济圈的两百多公里距离，硬生生等了三个多月。还好有官方补贴的25000积分，聊做安慰。 

好事多磨，终于等到提车上牌的那天。比客服上班早20分钟抵达，然后一系列手续，等待车贷拨款的中途，直接冲回华为店拿下mate50和watch 3 pro，要获得沉浸式体验，那必须全套设备上齐。

【驾驶感受】

 驾驶至今，近三月，行程里程3千+。来说说整体感受。 

1、车机。 鸿蒙系统在新能源车中当之无愧的NO. 1，而且是世界范围内，我个人感觉超越朋友的特斯拉和蔚来。特别是有了华为手机和手表，使用超级桌面，那更是如虎添翼，无缝衔接。 尽管偶尔在音频连接、超级桌面、导航流转方面还有些延迟，但是如此简洁迅捷的科技体验感，一定是独一无二的。 

2、智能驾驶 辅助驾驶和辅助泊车两项功能，肯定是燃油车主感受最惊喜最深刻的东西。二环路高架，堵车路上，开启辅助驾驶，如同有一位专业精准的司机在帮着开车。当然车速不可过快，而且一定要随时注意和准备接管操控。 而在商场和一些路段，辅助泊车对我这种“开耍耍车”的司机，简直是如获至宝的优秀功能。

 3、外观内饰 外观大家都了解，气派的大灯，光亮的车标，圆乎乎的造型，之前不断被人吐槽像东风一款车，这根本不重要，只有内心虚弱的人，才会在乎外观看起来多么强悍，平庸低调的外形，正是体现出车主的强大和自信。哈哈，个人浅见，恳请轻拍。 M7的内饰，从细节到质感，可以说真的不输那些知名品牌的百万豪车，皮质的内衬和座椅，木质装饰，氛围灯，水晶档杆，HUD，香薰，M7独有的两个无线充电位，后排的扶手，独立的空调系统，其他豪车不上百万是不可能拥有这全部的配置，但是在M7上，却是每车标配。 

最后说说年末的惊喜，AITO品牌在新春伊始对全系车主回馈感恩馈赠，我喜得首任车主赠送的整车质保延长至8年/16万公里及12W积分。感谢AITO品牌的大气！~

【最不满意】

一点不足：在车机和手机切换方面略有些卡顿，希望在未来的OTA升级中得以改进。另外，车主服务活动可以多样化，2022年11月、12月服务中心邀请我们参加萌宠活动，可惜家里没有萌宠没能参加，但听说活动还是很成功。期待参加其他车主活动。


【油耗】

实测下来，冬季电耗20，油耗8-10，动力系统比较优化简洁。


【续航】

常规条件下，纯电续航大概160km，满油满电在1000km。开空调和冬季低温，纯电续航大概130开门，但是有增程保障，不必有里程焦虑。


【亮点配置】

亮点两个：车机和内部配置。前面说了很多。
内部配置，不管是内饰还是操控性能，都是目前新能源车中的顶配，找不出第二辆更顺滑流畅的操控感受。鸿蒙生态也已经接近完美。


【动力表现】

起步加速稳定，基本秒杀所有油车。",2023/1/20,成都
易哥哥ygg,"这是一个两瓶水和30万的故事。。

缘由：我是油车偏好者，曾经也说过我肯定不会考虑电车之类的话，但这几天抖音一直给我推华为智驾，十一江门刚好有车展，有空，就去瞄了一眼，照都没拍。至于为什么要看，其实有点想法，毕竟现在的3系不够智能，老婆开车又菜，怕出问题。然后在十一假期再去了店里头带老婆喝了两瓶水，结果埋单30万。。

【提车价格】
买车先铆钉预算，5座的25到31这个区间其实还行，对于一台两吨多的车的用料应该算实惠了。车辆价格309800优惠6000选配免费，加3000城市智驾，加5000保险等于提车价格311800

【续航】
小哥说1300，我说实际呢？他说1200。其实吧在外面身份是自己给的，他说多少我都只能听听。高速油耗看速度速度越快续航越短。

【乘坐体验】
后排空间够大，180cm二郎腿完全没问题，座椅软，有通风，后排有角度调节，大腿支撑不错。

【驾驶感受】
运动模式油门初段灵敏，中段后段线性，未适应会有那么一点窜，加速很快，但视觉速度感不强，也就是不觉得自己多快，销售说是减速玻璃导致的感觉，但一看已经近100了。刹车有一种很特殊的阻尼，脚面反馈很好，但偏软，不太适应，这表现可能跟车重有关。舒适模式全段线性油门，反馈无可挑剔，只是路不平会有多余的晃动，悬挂处理不够干脆，整体偏向家用特性。5米车长，开起来不觉得笨重，得益于轻盈的方向盘和良好的动力。

缺点：
外观确实平平无奇。只是我也相信m7的受众都是不需要靠车辆品牌去彰显自己的一群人，也不会那么在意车辆的外观。反正我选他只为了两个字：安全。

总体来说m7的驾驶感受还是很值得回味的，挺舒服的，居然有一种让我对电车有所改观的感觉，手上的车已经不怎么香了。很期待提车，准备卖了老爸的锐放，然后把3系给他开，我先遥遥领先一步了。

Ps值得一提的是这个增程机头是吃95的。",2023/10/1,
用户8868946601606,"家里换车挑挑拣拣了近半年，终于订下来了😂 因为想着不用摇号，所以指定了要新能源。出于现阶段的电车里程焦虑和家庭需求，进入决赛圈的就唐DMP,理想one/L8,赛力斯M7。 唐的内饰和空间稍差，加上等车周期，直接劝退了。理想one停产/L8落地37个直接超预算，最后还是订了两驱版的M7，期待下半个月提车👽👾。 【乘坐体验】 空间和理想one大差不差，比L8小一点点，不过座椅软硬适中,氛围灯晚上很炫。车辆隔音挺不错的，增程器全程工作，车内很难发觉到声音。不过上了80公里，风噪还是比较明显 。过坑过弯时，虽然地盘较软，但车辆支撑性还行。 【动力表现】 2驱百公里加速7.8s,够用水平，加速线性不推头 。去试驾的时候车辆已经是馈电状态了，跑起来依然平顺，没发现动力不足的感觉。 【最满意】 最满意的就是车机系统，因为家里都是华为手机，以后更新鸿蒙3系统，肯定就方便很多，手机app都能投到车机上😝。语音识别很迅速，算是第一梯队，不过稍逊G9。 续航据说满油满电WL1100公里，纯电195，看着是可以满足平常上下班和假期出游的需求的。油耗看论坛反馈，亏电7.8L，对一台5米的Suv来说还不错。",2022/10/10,
正经剪辑狮,"🚗：六座max，黑外杏内
提车一周驾驶1000公里，公平客观写下用车感受，也有对新m7最不满意的地方！

【购车经历】
原先的小车是17年大学实习时买的马自达cx4，车很好开，也没出过什么大问题，就是空间很小；现在当爹了，还是两孩子他爹，加上平时出行基本上都是一家人一起，所以要换六七座的车，对mpv无感，放了假偶尔也会出去跑跑山路露营，所以有了目标———六七座四驱SUV（带外放电）
【车辆对比】
我从22年开始看到23年国庆，看过试过符合我要求且我钱袋同意的只有唐dmp ，蓝山，腾势n8，问界m7。本来我的首选就是唐dmp，但是准备入手的时候那段时间负评不断（加压油箱、偷工减料之类的），试驾的时候由于赣州没有唐dmp 试驾车，只有22款唐ev，底盘怎么说呢，很晃，刹车点头也超级严重，还有就是辅助驾驶太拉了！第二考虑的是蓝山，第一次看实车感觉好大好有气场，底盘质感个操控也相当满意，就是这个长连屏的车机有点拉，看个360都要伸长脖子往副驾看，二排按摩力度也很小，最重要的是没优惠！然后就是腾势n8，进店给人感觉就是豪华品牌，服务也相当周到！底盘对比22唐ev提升不少，但还是不太满意，还有这个车机屏幕分辨率感觉太拉了和内饰不太喜欢。我个人给这三辆车对比一下给各位准备选车的老板参考一下（个人观点，还是建议大家抽时间自己感受）：
1.底盘质感：蓝山>m7>n8>唐dm
2.空间：蓝山>m7>n8
3.车身结构强度：蓝山牛
4.电池电控安全：m7牛
5.车机体验：m7>n8>蓝山
6:辅助驾驶：m7牛
7.售后保养：m7透明实惠

【提车价格】10月6号大定，享6000 现金优惠，那些权益就不说了基本都一样，跟销售要了8k价值的东西！12.30号提车

【驾驶感受】
底盘舒适度：试驾的时候感觉很好开，买回来自己开了1000公里后，感觉底盘也还行吧，悬挂偏软，过减速带还是有点晃，可能之前习惯了马自达的底盘，不过目前还是能接受。
动力表现：五秒左右的百公里加速，挺猛的，动力不用愁
【乘坐体验】
  空间：空间相对够用，m7二排三排都有安全座椅接口，但是第三排太窄了很不好安装，也有可能是我不会装，有装过的车友可以提出来🤝
  舒适度：只开过节能模式和舒适模式，个人比较喜欢节能模式，虽然刚开始不适应，但你只要一旦适应，就能在80%的情况下不用踩刹车，而且还能动能回收，一举两得😂
【续航】
我感觉m7的续航比较靠谱，95%的电跑110公里（75高速+10城市道路+25省道，高速跑120码上下，省道跑80码上下），跑完还剩50公里。
【油耗】
油耗的话我也不是特别在意，这么大的车，只要能在同级别车型里混个前几名，别在倒数就行，反正我粗略算了一下，以前我那辆马自达，300块跑500公里，m7现在500块跑1000公里，虽然相差不是很大，但是一个两驱一个四驱，一个紧凑型一个中大型。

【辅助驾驶】
可能是之前看多了民间短视频，以致我对m7的智能辅助驾驶特别期待，但是实际跑高速用下来也只能说还行，在没有前车挡视野的情况下激光雷达没有驾驶员看得远，偶尔会出现莫名减速搞得很尴尬，也有可能是还没开通高阶包的缘故。但是，聊胜于无，辅助驾驶能分担你高速行驶特别是晚上行车时候的疲惫，提高行车安全，而且后续还会OTA

【最不满意】
最不满意的是当时宣传六座能放倒前排铺上床垫能形成床车，但是主驾驶头枕音响有电线导致头枕取不下来，床车实现不了！
还有几个缺点：
1.异响：可能是纯电状态下太安静了，对声音极其敏感，目前发现了车机滋滋的电流声，亮度调到100%就没有了，可能是bug，希望后续能解决。还有就是自动泊车下，方向盘转动时机舱内会有嘎噔响。
2.人脸识别：在人脸识别不了的情况下，车机会卡住，重启才能用，应该是bug，希望后续能解决。",2024/1/11,赣州
於菟静,外观的美感标准因人而异，与时代和年龄段以及观念相关，我这个年龄段和工作性质喜欢这种端庄大气稳重的风格，内饰的感觉远远超过38万车价的档次，有超值享受的喜悅，配置厚道无可挑剔，当时很滿意，后来新款具备的智驾更香，让我这老款略感失落，总不能购车不到一年就換吧。前排排空间体验很棒，第三排座椅要是可拆卸就更完美了。市区通勤续航比较满意，刚入手时追求极速体验，经常是瞬间弹射起步地板油加速，续航自然就短，一般能跑一百五十公里左右，后来改变了驾驶习惯，稳起步中速行驶，续航居然超过了二百公里，可見驾驶习惯起着关键作用。智能化沒得说，还没发现有比小艺更聪明的，鸿蒙车机系统不服不行。最想说的是驾驶感受，这车与其它高端车相比，长途驾驶疲劳感很轻微，两小时之內的短途完全沒有疲劳的感觉，这对于一个超过六十岁的人来说尤其难能可贵，对退休人员自驾游意义不小。可靠性方面还沒经历过严峻考验，所以安全可靠性我沒有发言权，但质量可靠性很棒，到目前为止，大半年两万一千多公里的总里程从沒让我对这车的质量担忧过，也从没出过毛病，这要重点强调一下！用车成本是开了几十年燃油车的人最感到不可思议的，用电成本不用說，地球人都知道，那是真便宜，关键是用油成本，这米勒循环发动机总是处于最佳工作效率区间，只要速度控制在时速一百公里之內，很省油，速度与能耗是成正比的，我实际测试的合理平衡值是市区不要超过时速八十公里，高速公路上不要超过时速一百公里，极速不要超过时速一百二十公里，地球的资源是有限的，能省则省，速度适中也安全。,2023/10/13,济南
优视汽车,大概情况：问界M7是金康赛力斯和华为继问界5之后推出的第二款车型，只是问界M7它的主要定位是家用车“奶爸车”，而笔者在7月初和中旬先后对这款车进行了静态体验 和试驾体验，下面就简单说一下问界M7带给我的感受。 设计层面：相较于问界M5，问界M7的外观造型虽然在下方进气格栅和后尾灯上保留了问界系列新车家族式的设计，但是四平八稳的设计风格在当下的汽车市场中并不突出，很难挑起年轻人对它的喜爱。当然了，审美这个东西一直都是因人而议，虽然我不喜欢，但并不代表你不喜欢。 配置层面：问界M7的主要亮点在车内，首先是其车内用料够厚道，皮质包裹的中控台、水晶挡把、樱桃木纹饰板、麂皮材质等等，把问界M7车内的豪华氛围营造的不错。除此之外，问界M7的车内还配了华为鸿蒙车机系统，以及华为Sound的扬声器。首先的这套车机系统的反应流畅，而且逻辑清晰，同时它也支持和华为手机的无缝扭转功能，把手机上的各项应用直接投到车机上去，进行合理有效的排布。其次是华为Sound的扬声器，因为问界M7这款车静谧性属实做的不错，所以再配合这套扬声器后，在车内听歌还是很享受的。其它配置上问界M7的前面两排座椅都配备了座椅通风加热按摩，而副驾驶后方的座椅甚至配了零重力座椅，能让坐在这个座位的乘客有着越级的乘坐感受。不过差点意思的是它的第三排乘坐空间和后备箱储物空间并不理想，毕竟它的轴距只有2820mm，如果想要有足够的储物空间，那就把第三排放倒。 驾驶感受层面：首先可以肯定是问界M7的隔音确实做的可以，开车上路把胎噪、路噪都隔绝的比较到位，然后是的动力，的确足够迅猛，起步时非常有力，在城市中驾驶红绿灯前抢个跑轻轻松松。底盘方面，在过坑洼路面时能较好的过滤振动，算是符合它家用奶爸车的属性。差点意思的是，问界M7并没有用华为自动驾驶的解决方案，只有一套简单的L2级自动辅助驾驶功能，这点还是落后了点。,,
我是1016小胡同学,我本来定的理想L8，有天在懂车帝上看到华为问界M7，瞬间有点上头，于是花了半晚时间看相关介绍，我承认，我有爱国情节，我被那句：遥遥领先打动了，第二天我就联系门店试驾，刚开始只有老款的5座，我本来是想买6座的，试驾了两次后我就下定了，定的还是6座，后面过了两天，有个店有6座试驾车，估计是老款，我就去试了下，二排老板椅很舒服，但是0重力打开后前后就坐不了人，开始纠结了，当时完全没考虑最后一排了，后备箱空间太小了，估计出游很不方便，放不了多少东西，于是又想定5座的，来来回回折腾半天，最后重新下定，在10.31终于提车了，选了冰晶银外观颜色，杏色内饰，21寸运动轮毂，以及电动踏板（还没去装） ，提车上牌，赶紧去机场跑了圈，提速不错，开起来很舒适，语音互动很顺畅，新车味道有点大，其他没毛病，空间很大，续航比较准，差别不大，充了一次电，目前跑了400多公里，近两天装充电桩，预计一年能省10000油费！,2023/11/6,武汉
荧火1213,外观还是比较满意，配置非常丰富，车机天花板级别非常好用。内饰也很喜欢，特别是零重力座椅，之前孩子一直晕车，自从有了零重力座椅之后再也没有晕过。还有就是车辆升级方面，车买来时间不长，已经经历过两次小的升级，一次大的升级，每一次升级均有惊喜。这里要吐槽的是辅助驾驶，车道保持经常会退出，路面太宽也识别不到，高速过弯的时候方向盘会不停的修正，导致车辆不停的摆动。车辆有些细节也还欠缺一点火候，特别是没有露营模式，比较遗憾。车非常好开，驾驶非常轻巧一点不像2.5吨的车，纯电可以跑140~170之间，满油满电最多开了850公里后，表显还剩250公里续航。总的来说是一辆好车，非常喜欢，整体评价分8.5分以上。,2023/8/8,昆明
澎湃海浪花,【购车经历】最开始看的是油车，差不多也是30w左右的，探险者，途昂，凯迪拉克XT6，昂科旗都看过。问界M7一发布就投入她的怀抱了😅定的四驱豪华版，由于排产原因，等了3个多月才提车。 【总体感受】 （1）外观和内饰肯定是萝卜白菜各有所爱，个人对外观完全接受，选的深空灰，非常满意，车屁股稍显遐丑点，给四点五星。内饰是与灰色车身完全匹配的杏色，色泽和舒适度那是相当的赞👍给五星。 （2）配置上各方面都满意，座椅按摩、通风、加热统统都有，车机系统易用性和便捷性都做的很好。音响系统用了U盘自备的音源，效果一流，高、中音没得说，低音略差点，不过完全能接受。就是没有方向盘加热，不能给满分。 （3）空间上第二排若能再向后调点就好了，当大四座来开，第三排空间还是小点儿，只能应急用。不过SUV第三排就是为应急用设计的。给四星。 （4）续航能力上纯电马马虎虎吧，能跑个170km吧，不过是增程式的，重要的是没有里程焦虑，增程器工作中在车内感觉不到噪音，隔音效果不错。给四星。 （5）智能化方面，语音基本能掌控一切，开窗，放音乐，开空调，调座椅统统控制。提车时已经升级了最新系统，超级桌面非常好用，手机上大部分程序直接流转到车机上，可以用微信啦啦啦😁 （6）操控性方面，动力足，随叫随到，加速超车那叫一个爽😄再也不用担心后劲不足啦。超级豪车没开过，咱不敢说，秒杀同价位油车那敢拍着胸脯夸！,2022/11/24,北京
Huoziji麒麟猴,高大上，稳当，智能，安全，舒适没得说。第一眼看到就被深深吸引。第二个车，巧了也是在11月提的。自从有了大7，感觉节省很多。续航无忧虑，服务精致到位。车子本身来说驾乘感体验绝对相当优秀，每次唤醒“小艺”都会有不同的体验。驾驶操作简单很容易上手，整车操控性也很顺。虽然车身较长，但转弯很稳，掉头也是一盘到位。内饰非常符合我的审美观。自动泊车功能强大，非常好用。App操作也很简单，随时随地了解车辆状况，行车报告很详细，知道具体能耗和油耗。整体对比下来，的确比油车节省很多。外观大气，也挺霸气，看着很敦实。自从开上了大7，回头率颇高。因为疫情耽误了一下提车时间，给了积分补贴。近期又针对已有客户发放积分和延长专属权益，良心企业啊！在Aito精选店铺里用积分兑换了不少配件产品，非常满意！尤其是用积分兑换充电，去到购物中心充电位停好车，扫码充电，安心逛吃，充满后驾车还能免停车费，感觉真心棒。体验中心对待客户也是满满的热情，各种暖心提示，冬季免费维护，保证安全用车。总之一句话，提车以来驾驶问界M7感觉就一个字：爽。支持国产，也希望后续能有更大作为！相信aito一定会越来越好。,2023/1/18,贵阳
炜主,今天的试驾车是问界 M7 2024款 五座四驱版。今天是试驾上门的，赛力斯的销售主动上门，专业能力还不错，服务有待改进，上车也没有给饮料什么的，虽然后面有不少。 话归正转，先聊聊智能化方面，一是谈谈车机部分。由于华为智能出行的一部分，车机体验上可以说是汽车界“双智天花板”，车辆已标配了鸿蒙座舱3.0，支持语音免唤醒功能以及高达5轮对话意图理解。我除了用普通话，使用了四川话，完全能理解，而且还是连续5个不同的指令。体验感方面，车机界面以及使用流畅度与华为手机别无二致非常丝滑，完全没有卡顿感。车机唯一可以改进的是车机界面逻辑。我感觉找东西还是不是太方便，当然也有可能是我不熟悉系统，有一定的学习成本。地图是支持离线地图语音导航，这个也方便日常驾驶。 再谈谈配置方面，国产品牌主推性价比，也就是一个“卷”字。20万多价格有两段电吸门也是很不错了。当然座椅通风、加热、按摩、双50W无线充、三区空调都也是有的，真是应有尽有。车载芯片是麒麟990A，我在前面部分也谈过了，“很顺”。音响是华为的方案，19个扬声器。整体效果还是不错的，影院模式下，高中低音配合不错，声音比较有层次。 至于静态方面，谈谈外观、内饰和空间。 外观方面，问界M7的外观设计延续了M5标志性的大尺寸六边形格栅设计风格，但相对尺寸变得更大、更立体。整体看起来还不错。 内饰方面，偏向于家用车的设计风格，以浅色系为主打风格，营造出温馨自然的驾乘空间。真正的全软质包裹再搭配上木纹饰条，20万的价位，这个软质包裹程度还是比较罕见的，非常体现高级感。不过，仪表板的黑边略大，加上千篇一律的双屏设计，缺少了一些科技感。试驾车很新，没什么味道，这方面材料用的还不错。 空间方面，这个就是优势了，大，很大，非常大。后备箱容积高达688升，能轻松的装下5个24寸行李箱，可以满足折叠婴儿车、露营装备等置物需求。前排调整好坐姿后，以一米八身高来看，后排坐好后，离前排起码三拳，头顶一拳。后排空间很不错，中间也是纯平的，没有地台。另外储物空间比较丰富，且不小。手套箱、中控台的箱子都比较大，另外，中控台下方也有巨大的镂空，可以放包包什么的。 驾驶感受方面，整体风格还是偏向舒适。当然M7加速非常快，有较强的推背感，在运动、舒适、节能三种模式下，都不弱。这三种模式下的转型助力不同。运动最为硬朗，节能最为轻盈。紧急制动，刹车距离不错，比较短。刹车脚感一般，前段还是偏软，后段偏硬，不是很线性，我感觉这是电动车的通常感受。节能模式下，有动能回收，远没有特斯拉保持模式激进，最后也不会刹停，会以4公里每小时的速度滑行。运动模式的方向盘虚位比舒适、节能模式下要小。车辆更为紧绷一些。在快速变道和高速转弯时，有明显的侧倾，当然SUV可能比轿车明显。 乘坐感受方面，问界M7的NVH性能相当出色，采用了降低风噪设计和静音轮胎加上前后排双层加胶玻璃等措施来减少噪音，很早期的林肯有一拼。座椅材质是真皮。算是比较软比较厚实，腿拖比较到位，没什么悬空感。前后座椅舒适度很好。后排中间座椅，居然也是软的，这点也不错。 先说这些吧，不喜勿喷。详细试驾感受详见我在车友圈的帖子，谢谢。,2023/10/12,
走到二分之一,"【购车经历】
纯粹被那一段时间的小视频忽悠了，现在想想都是宣传套路，什么乡间小路智驾，城市道路智驾，买了之后才知道都是假的，到现在1.9号了，还没有更新好用的智驾，当时那些视频应该都是扬长避短搞出来的。

【续航】
北京的冬天，充电只能充到95%,用到20%发动机启动，也就能跑个七八十km，我这还都是低速，评论27km/h吧。


【驾驶感受】
买这车就是冲着智能驾驶来的，结果宣传的所谓无图驾驶从阳历年变成了阴历年，到处忽悠的所谓代驾泊车也没有放开全部车辆更新，可笑的这代驾泊车竟然还要人在车里，那我还要你代驾干啥？！也就高速上能用用智驾，变道还都是莫名其妙，赶上车多出个匝道或是从匝道进个主路能吓死你！一个整天吹牛遥遥领先的智驾竟然没有个遥控泊车这个连十来万车都有的功能！


【最不满意】
1.吹?逼的遥遥领先的智能座舱，里面的应用商店没几个应用，整了一些莫名其妙的麻将五子棋华容道数独这类游戏充数。没想到的是语音助手更是扯淡，语音唤醒说了命令之后，只要这时候车里放着音乐或是别人一直在说话，他就不执行命令而是一直在识别这些声音等到安静了才算完，还经常发生识别不了命令和误识别！

2.提车的用户中心竟然连个让孩子玩的地儿都没有，除了放了点板凳，两个沙发，一贫如洗。提供的只有柠檬水和一些小包装的破饼干，中午赶上饭点也没人招呼要给你订餐，要求订餐就给订个十来块的盒饭，这种档次的用户中心还要卖50万的车？我掏三十万买都觉得冤大头

3.自动驻车开启后，刹车一松，咣当一声，廉价的很，中控屏幕有尖锐的嗡嗡声，不开音乐能叫的你烦。自动泊车经常在没有任何外物打扰的时候突然狠踩一脚刹车吓你一哆嗦。",2024/1/9,北京
狗子7719,经过了长时间的等待，终于提到了车，开心高兴！终于完成了全家桶，前一辆车是一辆星越L雷神，不可否认也是一辆好车，而且性价比极高，但是在智能化和辅助驾驶上还是有些不足。其实很早就在关注问界了，当然主要还是因为华为，最早的M5因为没有华为的辅助驾驶方案，完全没有购买欲望，直到今年出了智驾版的M5，怦然心动，进行了多次的试驾，整体上还是很满意的，但是确实是对M5的空间不满意，而且我比较喜欢高坐姿，M5头部空间也不太满足我的需求，而且价格也让我感觉稍微贵了一点点，正在纠结的时候，M7智驾改款同时会降价的消息让我有些心动，虽然老款M7真的不得我意，但是价格才是购买推动力嘛，三十大几的M7浑身毛病，三十万的智驾M7天下无敌。于是当预售价出来的时候，我已经下决心购买了，直接小定，而大定则是在我去本地车展上实地看过车之后，感觉符合我的需求，于是果断下定。然后就进去了漫长的等待期，在这期间也是进行了试驾，感受到了新M7的改进，但是对我来说果然还是改的太软了，不过也还行，毕竟买了以后，更多的想让他自己开，乘坐的话，悬架软点也挺好。但是！但是！没有抢到nca体验的名额！我的长途自驾计划濒临破灭！看到别人更新好酸！而且还有人出场自带！更酸了！本来我计划从青岛出发，开着nca一路奔向云南，然后沿途做做评测，感受下遥遥领先，现在可能要泡汤了，接近3000公里，纯人工，我觉得我没那个能力。我现在好难过，就这个月有假期，计划赶不上变化快。p.s.要是能有厂家看到给我个单独更新就感激不尽了 这就是我到现在的感受，未来还会继续更新后续用车的感受，不管优缺点，主打真实。 最后望圈主推荐！,2023/11/2,青岛
线外邦,"【最满意】
最慢以的就是空间大，后排座椅坐着舒适，鸿蒙车机也算比较好用。华为音响音质比较好，氛围灯也很不错，晚上开车灯红酒绿的。

【最不满意】
提车需要等待，试驾车很少，4S店试驾车需要一堆客户扎堆试驾，不太行。其次就是，这套鸿蒙系统看着好用，但实际上你想用好它，你的手机必须是华为的旗舰机，才能实用超级桌面功能，不然如果你是苹果手机，完全不能用。只能链接蓝牙听听音乐。所以华为这套系统反应速度可以，但不好用！完全不考虑苹果用户和其他安卓用户，Carplay YYDS！！

【驾驶感受】
新能源车型咱就不了动力了，毕竟动力还不错，百公里加速5秒内，已经很不错了。我想说一下底盘，这款车底盘确实很舒服，但是该硬的时候还是会有支撑，不会一位的傻软。总体来说如果想买一款增程车，30多万除了理想one，还可以看看问界M7.",2022/7/27,
车有梗,"问界M7，要说一辆性价比极高的车，毫无疑问，这款车绝对能够位列其中，特别是在家用车里面，问界M7绝对能够排得上名号，可别看问界M7的家用属性特别强，但这辆车的选装方面，怕是真心不敢恭维了，理由也很简单，问界M7的选装，你不能说不划算吧，那是相当不划算，没错，这就是我们今天的主角，问界M7所谓的“科技舒享包”。

在买车时，车主可以选购这个科技选装包，只需要花1.5万，就可以享受到四个科技功能，像电吸门，这个没得说，还有HUD抬头显示，还有水晶档把以及主驾头枕音响，这些功能叠加到一起，看起来，这个1.5万似乎是很划算的买卖吧？但怎么说呢？大家千万别觉得这么看，如果大家仔细拆分一下，单个去网上买的话，估计只需要花几千块钱就能搞定了。

就拿HUD抬头显示来说，这个HUD，很多车主觉得挺高大上的感觉，但是，这个功能，说到底就是一块屏幕通过液晶显示屏的方式把车辆的一些行驶数据直接投射到玻璃上面，这样的话，就能很好地体验到这样的感觉了，但是，网上买一个HUD抬头，大家猜猜需要花多少钱？大概也就是200块钱左右，你没听错，真的就两百多。

接着就是水晶档把的事情了，其实就是把原先黑色的档把直接换成水晶外形的档把，看似很符合一些少女心的车主，但是，这一点，我不能说没用吧，但也基本没啥卵用，因为现在的水晶档把就是好看一点，有人可能会说什么好看一点也行，但是，如果你单独上网买的话，网上的报价是200块钱左右，最贵的，也就600多而已。

还有什么主驾头枕音响了，讲真话，这个是最不划算的功能，说白点，就是头枕上面给车主装了个音响，真的没啥卵用，你想搞的话，而且不追求什么外观，花个80块钱，去网上买个低音炮，直接用胶布主驾头枕上，再用蓝牙连接低音炮，头枕音响基本就给解决了，更何况一些专门做音响的人，直接定做一个问界M7的头枕音响，也才几百块钱解决问题。

而要说最贵的，恐怕也就是电吸门，电吸门算是整个选装包里面，最贵的功能了，功能说白点，就是用电磁力把门给闭合，以前只在一些豪车上有，现在问界M7也有了，看起来是很牛的样子，可是，这玩意基本等同于无，还很容易夹到小孩子的手，如果非要换，找个汽修店，撑死了也就2000多就能搞定了。

因此，我们再来看现在的这个科技选装包，找问界官方买需要1.5万，而如果大家上网去买的话，撑死了也就花个两千多就能搞定了，你说，是不是很亏，而且不能说没用吧，也只能说没啥卵用，很多功能都是这样，像头枕音响，只要对唱歌没啥太大的追求，基本没啥用，还有电吸门，我就不信大家关门时稍微用点力的功夫都没有。

更别提什么HUD抬头显示了，我想你在开车时，如果还要分心去看HUD抬头显示，我怕是很多车主都有可能要遭殃，毕竟开车时，看玻璃上面的HUD抬头，很容易分心出事故的，因此，我个人是不太建议大家买HUD抬头的，别忘了，汽车圈的老司机们，可是一直都有个说法，叫做“买低不买高”，选装就意味着买最高配置的。",2024/1/29,
geraler,"节能模式踏板，动能回收的踏板行程太短，大概5°左右的角度，很容易从没有动能回收一下变为拉满动能回收
建议在动能回收开高的时候，电门踏板留更多的行程给动能回收状态

车不稳，停车的时候后排抖抖腿，驾驶位都感觉车在晃，2.35吨的车不应该

主驾迎宾座椅不仅往后还会往下，座椅电动又慢，导致上车之后等比较久才能回归驾驶位
建议只往后不往下

方向盘虚位比较大，轮胎正的时候打方向，正负10度轮子不带动的

地图显示还有多少秒变绿以及还有多少秒变红

小憩模式开始后能够刷新时间并且调节背景音

座椅位置能不能像传统车辆一样有几个固定选项",2023/11/4,西安
车图腾,"在外观方面，问界M7的设计传承了家族式的风格，前脸大气稳重，大尺寸的进去格栅很吸引眼球。贯穿式的日行灯和两侧的大灯组相连，提升了视觉宽度。下方还有专门设计的通风槽。

新车侧面有双腰线的设计和流线型的车顶，还有隐藏式的门把手和20寸的多幅双色轮毂，并配有后排隐私玻璃，车尾左侧是快慢充电口，另一侧则是加油口。车身尺寸方面，新车长宽高分别为5020/1945/1775mm，轴距2820毫米。

问界M7的尾部层次感较强，风格呼应前脸，并采用了时尚的贯穿式尾灯设计。

内饰部分，新车不仅简约时尚，还有较强的豪华感。配有10.4英寸的液晶仪表，显示内容丰富。方向盘也是熟悉的设计风格，上面集成了语音控制、巡航功能等较为常用的按键，还支持自定义设置。15.6英寸的中控大屏在车内十分惹眼，其内部搭载了华为鸿蒙OS系统，画面细腻，运行流畅丝滑，使用体验就像是一个高级的Pad，给人留下了深刻印象，在同级车型中十分罕见。

用料方面，车内有大面积的软质包覆，还有高级木纹装饰，搪塑等，质感十足。此外，我们还能看到隐藏式空调出风口，两个40W无线快充面板，和时尚的水晶电子档把，其下方还做了掏空设计，形成了较大的储物空间。

影音娱乐方面，问界M7配备的是HUAWEI SOUND专业级音响系统，配有15个车身扬声器和4个头枕扬声器，结合较好的车内静谧性，能带来优质的娱乐体验。

同时，问界M7还搭载L2级别的辅助驾驶功能，支持车道巡航辅助，驾驶盲区预警和车道偏离预警等功能，可以有效提升驾乘安全。

座椅部分，问界M7采用了2+2+2的六座布局，新车的前排座椅设计宽厚，柔软度较好，支持多向电动调节，通风加热，还有按摩功能。第二排座椅则极具卖点，重点给大家看看右边的“零重力”座椅。它的安全带集成在座椅上，并配有腿托，不仅支持前后电动调节，通风加热和按摩功能，还能左右调节。长途出行支持一键躺平，身体能得到放松。不过，该功能一旦开启，前排副驾和后面第三排几乎就无法再坐人了。

来到第三排，中间过道平整，过去不会太吃力，两个座位并不小，有一定的乘坐空间，可满足短途出行需求。

动力部分，问界M7搭载了1.5T四缸增程器，纯电续航最高为230公里，综合续航最高为1220公里，官方油耗最低为5.8L。并且提供后驱版和四驱版两种车型。其中后驱版车型最大功率200kW，综合扭矩360N.m，零百加速7.8秒。四驱版车型最大功率330kW，综合扭矩660N.m，零百加速4.8秒。

底盘部分，新车采用了前麦弗逊和后多连杆四轮独立悬架的设计，主打乘坐舒适性和良好的滤振效果。

总结一下，问界M7的卖点还是清晰的，大气的外观，丰富的科技配置，前后排座椅功能丰富，有优秀的乘坐体验，还有被称为“业界天花板”的华为鸿蒙OS车机系统，同时作为增程式车型，它可油可电，没有里程焦虑。",2022/9/5,
用户7529188115543,和对象两人都不懂车，一起逛了几家。本来想买奔驰C，随便加点配置就超预算，暂且放弃了。年前逛街路过华为店，试驾的时候自动转向一次，感觉挺好就下订单了，刚好一个月提车。我是车主，但主要我对象开。 智能化的感觉太好了，基本上全部都语音控制，停车的时候也不用关灯关窗，直接走人，非常省心。我对象之前很少开车，提车到现在接近一周，距离过近报警多次，自动刹停两次，自动转向一次，有小艺盯着安心多了。我不在旁边又担心的时候，还可以打开App看看车还动不动，这个功能非常贴心。图片是小艺停的，很棒，泊入泊出都方便了很多。总之，对新手非常非常友好。,2024/3/10,合肥
Leo66677,"【驾驶感受】
就开过的车而言，个人感觉比56E都好开。



【亮点配置】
出去自驾游贼轻松，上高速自己会开，真的享受。
【油耗】
纯城区通勤用电，长途用油，油模式下油耗大概在8.3-8.7，走的高速400km里程，时速120上下，还挺满意。",2024/3/12,梅州
用户4967484870174,外观中规中矩，但是耐看 配置够用，二三十万这个配置比合资高很多 动力够用，超车顺畅 转弯半径有点小，可能是车太长的原因,2024/3/13,哈尔滨
老北京腰子,"外观:大气稳重但是缺乏科技感。
内饰:都是软包，高级感满满，就是座椅坐起来整个人往里面掉，座椅有待提升。
驾驶感受:整体比30万以内的油车强太多，提速，舒适性等等。但是相对而言轴距太短，不好停车，转弯半径太大。转弯激烈驾驶，相比其他suv还不错，有待提高。
其他问题:HUD可调范围有限，本人身高180习惯坐高一点，HUD高度调到最下面了，还是有一点看不到。
                发动机启动时:声音还好，就是会和方向盘共振，很多车主都有类似的问题。
吐槽:买车挡泥板都不送，原装也不带，还要花99去买，很无语😑。后期去体验中心洗车充电还要钱。充电桩不送就算了，送一个便携式的充电器也好吧，反正对购车配件这一块不是很满意。
车机软件:地图和音乐能不能和catplay一样，一上车就自动链接，车机里的华为音乐还不能用手机里华为音乐的账号，不通用，还要通过nfc传送。希望车机软件和华为手机互联，难道我手机买个华为音乐会员，车机再买一个音乐会员？然后KTV，一定要买指定的那个麦克风，其他款的华为麦克风就不行，还要充会员，很low，这个功能本来使用就少，还要付费。使用多，你要求付费我理解。一年用不到2次，还要付费。",2024/3/16,武汉
CCCCCCJC,外观不出彩，内饰配置还算不错。悬挂比较软，不适合暴力驾驶，城市通勤没问题。,2024/2/29,温州
衷心莫负,"我开了九天，目前感觉还好，车很好开，舒适模式方向盘转向轻盈，行驶感觉不到是五米长且两吨半重的车。
         舒适、隔音、底盘方面的确没法和理想比，这三点不能硬犟，地盘很松散，路感极其清晰，减震很硬，过沟沟坎坎车身滤震很差摇晃厉害，过减速带那声音还不如我开了五年的 CRV！
         在城区设置音乐厅模式车载歌曲音量到 20%车外就可以很轻松听到声音（显得我特么像个鬼火少年似的，音量只敢听 15%的），车机智能语音和理想五五开（是真五五开，有些方面还不如理想），漆面质感也很一般，外表。。。外表就一言难尽了，各有所爱吧。
        现在唯一比理想遥遥领先的就是智能驾驶，但是推送极慢，不知道 24 年能不能享受到，整体感觉就是低配版理想 L7 MAX 但是智驾方面和某些方面又超越 L7 MAX。",2024/2/18,银川
造价小油条,很好用，买这个车就是图智能驾驶的，过年长途1800公里，基本90%都是智驾开，自己只需要做少量接管，顺便夸一下问界的智能泊车，比人停的要好，有些地方人感觉进不去，但是智能泊车就可以停得进去,2024/3/4,西安
火云Painjoy,整体非常满意，小瑕疵可以忽略不计，就是稍微有些大，刚开始不适应。动力，稳定性，极速都感觉非常OK。高速NCA确实是遥遥领先，省不少力气，当然静谧性我觉得提升空间还比较大，外观我倒是没觉得不好，就是更接近传统油车的设计风格，空间大就完了，乘坐舒适度很高，当然华为车机虽然很好用，但是要优化的地方依然很多。空调快速加热简直不要太爽，15分钟车里已经可以享受暖气房的感觉了，北方的冬天很好用，我每天提前热车，舒适度立马提升。冬天续航达成率个人觉得还行，因为冬天用电的太多了。悬挂相对偏硬，路感过于清晰。这个每个人体验不一样。充电功率最高400客服说69Kw，我最高充到56Kw。12%，20%，30%，充满基本需要一小时左右，差不了几分钟。整体是一款性价比非常高的车。目前没有不满意的地方。有个小插曲就是，如果市区破轮胎，千万不要用补胎液，叫救援就行了，补胎液对有静音棉的轮胎来说，几乎没用，所有车型都一样，和问界没关系。甘肃车友会的标很好看。,2024/2/26,兰州
用户6765882698201,标续220，实际130-180之间，看天气和驾驶实际情况，驾驶感就那样，空间够大，乘坐舒适，家用，就足够了。,2024/2/23,武汉
梦回唐朝,驾驶感受优，外观设计有点中庸，三排空间鸡肋，续航150公里，爬坡续航100公里，高速续航100公里,2024/2/26,曲靖
小海螺88888,智能化牛逼克拉斯 小艺开车老司机，长途高速相当省心，该干嘛干嘛 高速超大货车会自动向左带一把方向盘，给右侧留够空间 智能驾驶有无效变道的时候，还要继续优化 主动安全很厉害，市区道路中间有行人等待会带一脚刹车 前方车距过近会提醒刹车，你不刹车它替你刹 自动泊车很好用，侧方我搞不定，对小艺来说小意思 空间很大 冬天纯电续航30KW，有点高 车头不好看???,2024/2/25,无锡
用户8811917939465,没得空气悬挂是硬伤 自动驾驶频繁变道很受伤🤕 纯电续航一天用不完，两天不够用，四驱很耗电，后驱就够用。,2024/3/2,重庆
丶金帅,侧面还是比较霸气 但外观确实不是很好看，尤其是车尾看起来有点像面包车，但是正面看起来还是越来越不错的,2024/3/8,吉安
热情精灵老司机,【购车经历】国庆后下的，等了两个月，现在升级了无图，基本上去过两次的地方都可以自动驾驶了，相当的方便 【提车价格】 收发优惠+200一天最高一万补贴，，加6000买了高阶智驾，很实惠。以后开车看他了 【维修成本】 有幸被撞一次，对方全责，我的就撞进去一点，他的车头基本报废。目前报价估计两万多，他的就不知道了,2024/2/19,
畜声营销骗我买问界M7,这车爱国情怀的产物！不是Mt60攻破芯片我也不得买它！认为可以突破美国封锁，值得支持！被余骗子骗了！再来一次选择的机会！绝对不买他！城区智驾迟迟不来！高速智驾跑隧道不减速，岔路口跑错！行车质感垃圾的很！根本就没路感而言！方向盘也是松垮垮的！买它就看中智驾！其余都是垃圾！目前来说！智驾也是垃圾！就看以后了！购买前说的4区175续航当你买车后，官方让你电池不低于百分之20，充电不要高于95，这样头围去除在加上去充电的路线，基本就和骑行电动车差不多的续航！真的想不到买这车的意义！智驾说好的年底全国都能开，结果他官方出的是部分200个用户能开？难道我买东西还要资格吗？既然我没有资格购买当初就不要给我卖智驾！以后再也不碰行业百草枯！,2024/3/1,重庆
暗淡了刀光剑影805,感谢M7的安全系数救了全车人，提车3天晚上8点多跟3个朋友去东莞办事，走高速东莞大概上高速10来分钟，这时候车速应该在90多码我们几个都在聊天，突然在高速路上一个铁板一样的异物我避让不及直接压过去，压过去后就看仪表显示左前后轮两个轮胎压异常，但是车身基本没有任何打滑或者偏移或者不可操控的情况，当时在快车道我慢慢移到应急车道，下车一看两个轮胎都爆了，前轮轮毂也裂开了。然后我几个朋友都说捡到一条命，高速将近100码连爆两个胎居然没有事，都说这些稳定安全。,2023/11/15,东莞
胡做非唯,"原来开的是油车，十多年了，原先轿车的空间已经不能满足我日益增加的体重，23年一直在看车，从纯电的，轻混车，插电的，一直都在唐和GS8之间对比，直到国庆期间问界展厅有24款问界M7的实车后，试驾完就定下了。 本人出差较多，之前的油车基本上在出差期间都在家停着。回家之后才会开下车，考虑到买新车后肯定要开车出差所以选了增程的问界M7。 这车空间够大，我身高182cm,体重200斤，坐着很舒服。驾驶感觉很好，我也不知道为什么网上有那么多人说这车各种各样的问题，反正对于我来说，问界和我之前的油车比起来就是一个在天一个在地，一切都很满意。市内开就充电，跑高速就用油，很方便。也不需要考虑太多，车好开，用起来舒服顺心就好。照片后续再上传，没好好的对车拍过照。",2024/2/9,无锡
1C285,"【购车经历】
我是9月15中秋下定的，中秋前去华为店逛了下，本来没想买车只是看看，销售很热情一直给我讲解，同时邀请我进行试驾，没想到这一试驾就搭进去30万？所以提醒各位，不想买车千万别去试驾。买这车也是考虑到即将有孩子了，我是打算全程让孩子出行坐儿童座椅的，但是正常五座车放下儿童座椅就很难坐下5个人，考虑来考虑去最终还是放弃了M5,选择了M7


【提车价格】
319000➕10000零重力
1000抵5000
保险5800
送儿童安全座椅，充电桩，膜
本人嘴巴差，看到群里很多人能谈下华为积分等东西，我只能实打实的出钱

【驾驶感受】
开了200km，开空调电耗在20左右，不开空调15左右，平均车速20，我回老家家210km，路上超充3个，家里都有充电桩，所以基本不用油了，只加了100块钱油意思下。
驾驶感觉跟老板的gle很像，但是过减速带余震稍微多点。因为以前一直开轿车，所以感觉非常大，不过方向盘很轻，很得心应手。

【最不满意】
每天早上启动发动机会转2分钟，让我一点油都不用的想法破灭",2022/10/27,南宁
ghostlly,"还是在9月中旬中秋节去大兴汇聚逛商场，顺便看了几个车就直接定了。但是比较烦人的事10月底车到了但是运输过程中有小剐蹭，交付中心又没有补偿，就重新排产等新车了，快等了两个月才又到店，今天去提的车。
        因为北京疫情的原因店里人不多，9点到店不到11点就全都办好了，交费办保险办临牌，保险六千七百多。因为需要再年底前办牌子，所以下午直接去了车辆检测场，1点到3点走完全部流程，共花费320元，等了45分钟拿牌子直接就装上了。回家路上顺便去办了ETC，感觉今天超级利索，所有的事都办好了。
        这个车刚看觉得还是燃油车的样子，看习惯了挺喜欢，挺禁看的，内饰的豪华感不错，配置因为是老美的车辆置换升级感觉挺好的，因为原来的车啥配置都没有，空间感觉两孩子还是够用的，续航也可以油电都能用，智能化和驾驶感受因为刚开感受不深，开起来挺舒服的，语音识别很好。",2022/12/22,北京
一心一意地素材狗,"坐标石家庄，低配24.98，赠送了脚垫和贴膜基金（等于什么都没送），不过买车可以直接买mate 60或者是X5，不用预约，优先调货！😂
总体评价是：外观老气，可能是这款车的唯一槽点，主打一个先当韭菜！

【购车经历】
预算30左右，之前看的是理想和蓝山，蓝山的车不错，理想当时优惠1.5。当天发布会后耍抖音看到新车改款，第二天去店，30分钟下定。至于配置，想想当时看的就没考虑城市智驾，那还不果断提低配，感觉省了5万！
【提车价格】
就是3.3w权益，华为手机可以优先买，就这么着
【驾驶感受】
以前一直开理想one，感觉这个车要“紧”一点，刚开了50公里，后续慢慢补充
【空间表现】
第一排肯定没问题，第二排说实话不大，感受肯定没帕萨特大…
【最满意】
内饰用料好，这是来自理想车主的评价！车机也没毛病。价格却是挺香的",2023/9/24,石家庄
用户4102693770893,本来一直在考察大众的ID系列，等了两个月，也等来了降价，结果车展上稀里糊涂的提了M7，还有点超预算了，由于下单比较早，非常有幸在中秋节之前提到了车，目前已经用车两个星期了（国庆节回了一趟老家，停了一星期没动弹），也来谈一谈感受。首先，交车的仪式感还是满满的，交付中心的人还是比较用心了，就是这个授权体验中心有点远；然后，车真的是大，非常非常大（本人以前开polo），直接颠覆了驾驶感受，都有点不敢上路，网上评价这个轴距有点短，我也没啥直观感受，反正后排座椅空间够大，感觉空荡荡的；然后，车开起来非常丝滑，各方面的配置都非常高，性价比没得说，但是建议预算充足还是买智驾版吧；最后，电车就是爽啊，每天上下班跑个五六十公里，一点也不心疼了，加速嗖嗖的。希望越开越顺吧,2023/10/13,烟台
潇洒风铃Mu,"【提车价格】24.38W，首发价格，无优惠

【购车经历】去年就关注过这款车，但现场体验后六座感觉并不实用，再加上处于添丁阶段就放弃了换车的打算。今年家里添了个闺女我的朗行就感觉很挤了，毕竟两个娃，出个门就跟搬家差不多。于是就开始看车，没考虑7座，七座家用不适合，加上预算问题所以重点关注了比亚迪唐，比亚迪护卫舰07，还有岚图的free，本来比亚迪唐已经准备交定金了（现车），结果余大嘴来了个遥遥领先发布会，大五座，没毛病！九月15号出差回来夜里九点半冒雨试驾，第二天大定！

【驾驶感受】
静音，非常静音，目前还没开过高速，城区跑基本上听不到增程器的声音，风噪和胎噪也控制的很好（没有专业仪器，个人感受），重刹有点头现象，但毕竟这么大的车。内饰相当豪华，头枕音响这个最爱！导航听歌两不误！配上这个价格真的很香！",2023/10/8,南京
不停留也,等车的时间总是有点难熬，终于在放假期间把车提回了家，趁着假期到处开，一不注意已经开了一千多公里。 先说一下这车的续航，提车的时候加了一箱油，400多块不到500块钱，然后就是有机会充电就充一会儿，没机会就算了，1000多公里后仍然没有加油，相当满意。 还有一个比较满意的地方就是这车的行驶质感，底盘给我的感觉有厚重感，不管是高速还是低速状态，车都牢牢的贴着地面，悬架回弹很迅速，过减速带和凹坑时，车身没有太大的晃动，随时都是稳稳的。,2023/10/12,天津
如果我是DJ625,隐私模式好评，设计师是懂我的，自动检测车上有没有其他人，电话什么进来的时候中控屏上统统不显示。 防撞条是自己网上买来贴的，晚上不仔细看几乎看不出来，上下车开门放心多了。 车用着没什么问题，买之前也是试了好几次，纯电续航完成情况在八层左右，还算不错，不过有点意思的是用快充需要半个小时，用慢充也就五个小时就能充满，晚上在家里充一晚上的电完全够充满了，个人觉得快充的用处不大。,2023/10/12,镇江
旭涛聪宸轩,车头采用六边形进气格栅简洁大方，侧面双腰线设计让车身看起来十分修长；内饰方面风格简约不累赘，空间够大，一家5口完全不拥挤；独特的零重力桌椅，驾驶疲劳还可以很好的休息；稍微遗憾的是纯电续航据说能到200公里，年关天气较冷开去老家单程用电只能到170左右燃油就启用补电了，油电混合续航还是没有压力的压力；在高速定速120码车子非常稳定，一点也不摇晃，感觉底盘特别重,2023/3/16,柳州
下一个花季518,10月5号订车，10月10号提车，大本，绿牌甚至临牌全部到位打包好，这速度杠杠的。选了琥珀棕内饰，轮毂加科技舒享包，总价26.48万。 这车晚上还挺酷，前脸有条灯带，有点犀利，迎宾灯的图像够大够闪亮。琥珀棕的内饰感觉选的很对，打开车门豪华感直线上升。车膜昨晚上才贴好，基本上后面没啥了，等不及开上路去溜一溜。 总结下来，车满意，服务满意，是一次很愉悦的购车。,2023/10/13,泉州
岁月某情,我去年十一月份提的老款M7，应该算是比较老的一批车主了。一年用下来感觉这车就是又大又安全，后排真的太宽了，把座椅放倒一点能在后排躺着休息。除去空间，这车的质量把控也是肉眼可见的，拿座椅来说，硬是找不到一个缝合线头，今年五月份还出过一次险，右侧车门被一台轿车撞了一下，轿车的车盖已经变形了，我这台问界的车门就蹭掉了一点漆，基本上没有凹陷，这质量我真心服气，国产车好样的！,2023/12/5,韶关
NMG修罗,"首先说说外观：很普通，在一众新势力前有点过于保守。也不能说不好看.平淡无奇吧。 其次聊聊纯电续航，我在北京，这几天的天气也不是很好，开空调纯电表显175,但实际使用差不多每公里掉1％左右。 长途也跑了大概有1000公里左右，燃油优先模式，馈电最高跑到10L/100km。电量富余的时候差不多7L/100KM这样吧。平均算下来对于这么大的车还是相当不错的。 其他的都还比较满意，就是NCA一直不推送有点不爽！",2024/1/4,北京
万卷书百里路,之前我开的是台速腾，随着小孩慢慢长大，对车的空间有了需求，变成了六座刚需，家里四位老人再加上我们一家三口，我们经常出门是五个人以上。如果说最满意的地方，我觉得就是这车的空间与舒适性，当时我们看车的时候就是带着一家老小过去试的，家人坐了这车以后都说很舒服，里面很宽敞。路上开着这车悬挂有点软，这个因人而异，我比较喜欢这种感觉，不颠得慌，家人们坐在车上也舒服。,2023/12/2,上海
拆迁路上,由于我住在乡下，平时去城里面的时间不多，所以智能驾驶对于我来说基本上用不到，两驱普通版多出来的续航对于我来说更实用。这车的配置算是很高了，尴尬的是有的功能没有施展的空间，比如说自动泊车，乡下大把的位置，都是随便停，自动泊车功能确实用不上。装了一个华为的家充桩，每天回家就把电充上，基本上用不了油，这车本身就有200公里的纯电续航，这正是我想要的效果。至于乘坐体验，只能说舒服，驾驶员开着舒服，乘客坐着舒服，国产大沙发不是闹着玩的，再加上底盘还是调得偏软，舒适程度加倍。,2023/12/6,西安
风色谰言,"【购车经历】
家庭需求6座新能源，可选择产品较少，M7上市后，看车一次，试驾一次就大定了。受成都疫情影响，提车晚了20多天，但也算是首批了。
【提车价格】
首批两驱的权益还是比较大的，后续又搞了保险，送零重力等活动，总体差别不大。
【驾驶感受】
车挺好开，比起试驾竞品，更好驾驶，也没开大船的感觉。对于这么大的一辆车，在城市道路驾驶，还是很灵活的，和轴距短也有关系。底盘偏硬，路感明显，好处是驾驶起来车不散。
【油耗】
90%到20%纯电驾驶  20度户外温度能跑150左右，冬季开暖风纯电，大概也就100出头了。基本没怎么跑长途，市区用油在7个左右，比起我之前的美系油老虎是好多了。
【亮点配置】
亮点个人觉得还是鸿蒙车机，最近Ota了超级桌面，配合华为手机确实吊打竞品。华为在手机领域的快速迭代，成为了问界最大优势。",2022/12/26,成都
用户792003278476,"【购车经历】 去年开始看车，xt5，航海家，昂克威，星越l，极氪001，领克01,08，理想l7都试驾了一遍。本来已经定了08，但是总感觉空间有点小。正好试驾完后问界m7上市了，家附近正好有华为店就约了去试驾了，一坐上去感觉整个空间，静谧性吊打08，转手就退了08定了问界 【驾驶感受】 底盘很厚重，铺装路通过性很强，但是过坡的时候飞坡比较厉害，可能跟车长和重心高有关系 【提车价格】 大订优惠6000，其他没有任何优惠和赠品 【油耗】 拥堵路段20度，快速路大概18左右，开空调+2度 【空间表现】 乘坐空间和后备箱都非常大 【最不满意】 新车味道较大，开车前需要提前开窗通风，空调扫风时有祖传电机转动的异响，还有天窗胶条不规整也存在",2023/10/17,上海
醒着做梦58386,【最不满意】 没有大床模式 【续航】 纯电跑过240公里 【动力表现】 动力很暴躁先开始都不敢开这个车，感觉太猛了，现在的话也没什么适应了躁别的都没什么好说的，就是不能放倒车座当床车很难受，増程器没有用过，基本上下班用的都是电油耗的话也就估计6个以上吧。内饰选的韶华杏外观天青蓝还挺不错的前脸我觉得丑，第一眼是在4月份华为展厅看到的这个车，就跟朋友体验了一下功能，朋友让我买，我说你打死我也不会去买。后来5月1无聊正好有换车的打算，留意过领克的08，我感觉太久了真的不想等了，在路过了aito4s店，没事就试了试，结果感觉这车除了丑没有别的缺点了我自己对他还是比较满意的，不过我觉得开这个车的年纪估计都比较大，我可能是最年轻的m7车主了。开车走神撞垃圾桶了现在车送4s店了,2023/6/1,信阳
小学篱笆旁425,这套内饰我是比较喜欢的，简约大气，家里的装修风格也是这种简约风，所以坐在车里有点像在另一个家里一样。这套内饰没其实没有想象中的那么不耐脏，之前我也考虑过这个问题，提车后小孩经常在后排吃东西，饼干碎屑掉一堆，有一次还弄了点油在座椅上。但是真皮座椅有个好处就是容易打理，抹布简单擦一下就恢复如新了。我是觉得，车内只要经常打理着，就不存在耐不耐脏的问题，我买了全套的后备箱垫，规整一下看着太舒服了，就像收拾家里一样。,2023/12/5,武汉
Doyoudo,"提车半个多月，一半高速一半城区，驾驶感受很好，特别是隔音，超级满意比我那辆雅阁好的太多了，超，动力也很好，加速很快，就是就是起步的时候有点像油车，油门响应慢了接近一秒（比我雅阁混动油门响应还慢些），起步时还好，主要是在急啥突然想加速时，动力响应慢，开起来不舒服，这个希望厂家后期ota优化，这个对厂家来说应该不难。功能配置满配，油车有的基本都有，还有希望厂家在后期更新时可以增加（打右转向灯，中控屏可以显示右边路况，别因为车比较大，转头有点费劲）


【购车经历】
本人有一辆雅阁混动，非常喜欢M5（主要是帅），虽然M7确实不太好看，但是大很多，看起来也大气，M7价格和m5同价，老婆说同价位买大不买小，又因为刚生了小孩，为了家人空间舒适性就选择了M7,本人在汕尾，因为交付中心在惠州，所以去了惠州提车，虽然有点远，但是也没办法。
10月6日下定，11月11日提车，因为延迟交车，厂家还补贴了1000的爱心津贴，这个开心，",2023/12/7,惠州
Sun经纬,"【购车经历】
说实话,第一次看到实车和照片上的差别不大,不过,当我进车里的时候,还是有些惊喜。因为,这辆车外观很平庸。内饰却很上档次,用料很足。坐进车内,第一感觉,就是宽敞。身高1米75的我坐在驾驶座上,头顶还有两拳左右的空余,后排也有三指多的距离。同时,前排还带有多功能方向盘,支持语音控制,操作很方便。
【提车价格】
价格相比其它品牌 我觉得挺不错。
20多万这种级别的车 在外资品牌压根不可想象 
【续航】
续航里程200公里。差不多可以1:1。算是非常不错 
【亮点配置】
智能驾驶辅助系统很强 空间大 动力不错。各方面都很不错 
【最不满意】
可能最不满意的就是 提车时间太慢。大家所说的遥遥领先  变成遥遥无期。当然值得期待",2024/1/11,佛山
三月里的小于,没硬伤，但是也有点小瑕疵，整体的话80分吧。刹车总感觉有三分之一是没有的，无论高速行驶或者低速行驶，轻点无用的，必须要踩到差不到底才有，意思就是前面的三分之一是踩空的，这样我真的不明白。手机连接蓝牙或者超级终端听歌的音质效果极差，而车中控自带“音乐”APP在线听音质很好，差距大，为什么会这样?后门关闭力度太大了，声音好似被撞击一样，坐在驾驶位人都是感觉震感强烈。,2023/11/1,深圳
寂寞的香辣蟹,我是智障版，可，可是自动泊车也太好用了。只要可以识别出车位，管你侧方停车，倒车入库，统统老司机式丝滑停到到位。 文界M7算是我的一台改善型车辆，我觉得没有选错，车内空间非常宽大，非常舒服，视野也很开阔，内饰方面，我确实无可挑剔，对于我来说，这是妥妥的豪华了，面料摸着很柔软很舒服，新车也没啥味道。提车的时候加满油，现在还没用完，具体的能耗表现还不知道，但是就目前来看，用着肯定是比以前的油车省钱多了！,2023/10/27,苏州
击穿完石,"领了两周补贴，总算是等到了我的大玩具。提车当天交付中心其他的车都是银色，黑色的特别突出，远远的就觉得这个黑色太棒了，外型也比较流畅，比想象的好看多了， 没选错!内饰挑的是杏色偏浅一点，但是胜在好看!最爱的是头枕导航，驾驶座能听得清清楚楚，其他座位还是可以享受音乐的快乐，这个很不错。整个车很通透，买的五座感觉位置都很宽敞，天窗超级大，一整块都是，按摩功能也是非常享受。 开了几天，目前太多的功能还在摸索中，但是有一次在路上要变道，前面的车也突然加速变道，方向盘就自动抢过去帮我避免了一次可能的碰撞，感觉很不智能，不错。现在唯一的问题就是感觉掉电还是比较明显的。基本开二十多公里回来就从90%电量掉78%,也不知道这算合理不。",2023/12/6,长沙
一只精于思考的熊,"【空间表现】
这是最喜欢的一点吧，这个空间表现应该是很牛了。家里人不多，平时最多四个人出行，所以五座就够用了，忍痛放弃了零重力座椅……后备箱非常大！不过要注意后备箱放的东西千万不能漏水，不然下面就是电路板……

【续航】
现在都是纯电行驶，基本上180往上没有问题。冬天来了，电耗有上升，现在25左右，应该有些影响

【动力表现】
都是用的舒适模式，也不喜欢追求零百8秒什么的，不过路上超车很轻松


【购车经历】
基本上没有看过其它新能源车。理想超预算了，比亚迪的车负面评价有点多，而且车型太多看得人眼晕，特斯拉受到限制太多，也就放弃了，蔚来没有太多了解。刚好问界出来，刚好需要换车，所以就是看对眼了吧",2023/11/14,北京
黑猪123,"外观  
就是见仁见智了，我初看m7外观，也不太喜欢，去试驾了2次，多看几次就感觉也还行。
内饰  
基本满分了，老婆说比唐的内饰好看多了。
配置
我选的最低配，配置基本拉满了，挺满意的，按摩功能有点鸡肋，还好是标配的。
空间
因为轴距短，车内空间比我爸的艾力绅小，后备箱也小，这点差评。
续航
充满电195公里，城市里开基本都是反向虚标的，油耗也另人惊喜，我一箱油➕90%的电开了1080公里。满分！满分！满分！
智能化
车机没话说，打遍天下无敌手。自动驾驶拉跨。
驾驶感受
本来开的是天籁，还怕开大车不习惯，没想到直接上手，特别好开，开过邻居的昂科威，简直是不能比，动力和平顺性不是油车能比的。赞赞赞。",2022/12/6,上海
金尊美酒豆十千,刚装好电动踏板，好看！用车时间不长，简单分享一下用车体验。 座椅本身挺舒服的，但是颈椎部位有点空，需要一个头枕，我是在商城里面选的，颜色很搭，质量也可以。后备箱厢垫子建议不要着急买，我已经踩坑了，新款M7的后备厢有隐藏拉手，目前网上还没有原车开模出来的新品，我就是凑合买的，拿隐藏隔的东西，还得先卸垫子。开车途中，中控屏不能看视频的，除非用投屏功能，但是会暴露手机隐私。,2023/10/22,石家庄
儒雅苹果Mdk,今天提了M7，期待已久了，来说一说提车后的感受吧，后备箱，只能说是大，暂时还没装满过。我的驾驶习惯偏温和，照顾家庭，所以基本上都用的是舒适模式。m7好的方面在于他没有让你感觉到他是一台大车，在高速并线超车的时候，还是很敏捷，方向盘很轻。而且跑高速的时候开启自适应巡航，已经很轻松了。 车机部分，因为我现在还没换遥遥领先的手机，所以感受跟用其他电车的车机差不太多，后续换了遥遥领先手机之后，在更新感受。,2023/11/16,龙岩
小沐垚垚,这个车子除了外观确实不够出彩，其它方面在这个价位是很能打了。内饰我选的杏色，高级感还是挺强的。配置当面该有的都有了，4座椅通风按摩加热都有很良心了。空间够大，家用足够了。续航满油满电随便跑，完全没有焦虑的，四驱百公里电耗20多点很不错了。智能化就不用多说了，遥遥领先，周五刚体验了一把智驾领航，开车轻松太多了。驾驶感受很好，动力强劲，超车迅速，唯一要担心的就是容易超速。,2023/11/6,宁波
大王来抓我嘛,总算是有了一台属于自己的车，选择了问界M7，老款+丐版。配置整体感觉够用，主动安全，辅助驾驶这些功能都有，不算寒酸。 这台两驱版有防滑模式，西安这种地方可以应付了，但是我还是有点后悔没有上四驱，两驱毕竟是两驱，之前下雨天在乡下的泥泞路上出现过打滑，打开防滑模式后也只是稍微减小了一点车身摆动，通过性真是比不上四驱。 另外可能是因为身高的原因，我感觉驾驶位腿部空间不是很宽敞，我身高185，方向盘已经往外调到最大了，仍然很容易碰到腿，图3可以看到。 其他方面就没啥了，感觉挺好的，增程车，用着是真心省钱，偶尔加一次油。,2023/10/12,西安
阿祖收手吧773,问界M7智障后驱，开了几天，在长沙城里行驶了200公里，暂时没有发现什么大的问题，和之前的丰田油车开起来还是区别很大，很多操作很智能，巡航开起来也很爽。 有几个不太理解的点，和大家分享 1.语音不能开起雨刷。 2.语音不能开起前后摄像头。 3.长沙路边上的停车位，如果别人没有停标准，问界自动泊车就识别不到，还是会跟着划线停，容易碰到别人的车。 4.座椅右边软左边硬，然后开车的时候会微微倾呢。,2023/11/13,长沙
心内科Dr荆,遥遥领先！智能驾驶还有待升级，还有些许不尽人意的地方，比如智驾开启后出现实线并道，冰雪路面车道保持存在逻辑问题，高速行驶过程中前后没车，在不超车时候也自动转到超车道行驶，前方有车自动超车后不能自动从超车道转回行车道，希望尽快优化！冬季电池保不住电，无论什么模式下，开了空调暖风嗷嗷费电，续航大大缩水！但是驾驶感受确实很棒，隔音特别好，启动增程器也不吵！,2023/12/4,沈阳
依然范佩西795,"提车两周了，整体符合预期，没啥硬伤，有几个小问题，去售后也检查不出什么问题。 1.正常行驶中突然显示后方识别度低(不存在什么灰尘，什么有东西挡住),只出现过一次，如图所示。 2.第一个静止等红绿灯，几次显示有物品靠近并发出警報，又远离又靠近，不停重复(周边不存在任何东西靠近车1米内)如图所示(视频无法上传)。 3.是最频繁的问题，行驶中，静止等红绿灯中，都突然出现双闪并又向声(大概1秒),没有任何东西靠近车，后方没车快速接近，前车也没车，也没急刹，屏幕只显示双闪，没有其他报警的图案。",2023/11/2,厦门
奋发有为橙子5C,车辆轴距虽然只有二米八几但是车长五米零几转弯抹角的不是太方便，如果后轮能随动或电机能控制轮子差速比将会更好！车机对老司机可能还有好多要学习的！车内饰和车机是真的好！博世智能驾驶系统与华为智驾比差了好多，如果全系都是华为智驾就更好了！不知道我们先购买的博世智驾的能不能升级华为智驾！后期不知道会不会再改成双叉臂前悬，轴距加大，那驾驶稳定操控性更强！希望塞力斯和华为继续遥遥领先！,2023/11/29,南京
Young445,"选车的时候，当时冲着大点的suv去的,试驾了缆巡，锐界，URV，想着28左右能落地。总感觉差点意思，特别是内饰配置这块，11月份走进问界店，试驾m7 ,当时就下定了，电车开起来太香了，丐版配置基本满了，跟同价位油车比起来，如果你能考虑新能源，真不知道为啥不选他。😄等了一个多月，12.18号提车，故意等到1.2号上牌，哈哈。目前刚好1000公里，没啥毛病，装了踏板，网上也买了很多装饰品。唯一不足是这季节耗电是真快，满电到20%可能最多120公里，座椅加热都不敢用。我个人没有充电桩，准备用燃油优先模式跑了，偶尔去充个快充，一箱油下来我算了下，也能跑900公里左右。相对来说，跟我之前小车花费差不多。",2024/1/7,九江
最爱雪梨雨,"【驾驶感受】
从9.28提车到现在开了快200公里了吧，充过一次电，体验不错，很方便。销售说头三次最好充满电，这样对电池好。我从35%开始充的，用的特来电，电流最快达到170A，显示一小时充满。最后5%太难充了，电流只剩十几了?，感觉最后的95到99充了快20分钟吧，实在受不了，到99不充了。纯电跑的话，18-20个电每百公里。还的家充划算，外面特来电1.2，家里谷电0.37。
驾驶体验确实棒，之前是燃油车，算是完胜吧。两驱真的够了，四驱的话，感觉乘客舒适度上应该没有两驱好。操控在大车里应该算很棒了，转弯倒车什么的还算灵活。车机就不用多说了 。



【最不满意】
音响效果中规中矩吧，没有什么惊艳之处。最不满意的地方是可以装的应用太少了，希望以后可以OTA吧。还有就是辅助泊车很鸡肋，试了几次，没有成功过。雷达有点少，倒车影像的距离显示不是那么准，不能太相信。暂时就这些吧，应该都可以通过ota升级的，希望华为不要让人失望。",2022/10/2,南京
爱国产新能源的宝哥,【购车经历】 看了余总发布会遥遥领先，直接下了订单，后驱plus，自己已经有理想l9，极氪001，这是第三台新能源，之前还有特斯拉y卖了，现在加入了遥遥领先的队伍了 【提车价格】 24.98，优惠6000，国家补贴5000，23880裸车，保险5000，上牌费600 【驾驶感受】 前避震差点意思，后面还可以，前面麦弗逊换双臂就好了，隔音效果挺好，噪音隔绝的不错，车机系统灵敏，导航就是高德没得说 【油耗】 目前用电，油耗等加满跑没了算下，现在油续航写950加满油 【续航】 充满电续航200 【乘坐体验】 座椅比较软，填充物不错，后排乘坐舒适大5座，座椅通风加热按摩都有，后排在配个智慧屏，应该更完美 【动力表现】 动力够用，舒适模式电门有点迟疑，运动就好了，超车足够用，动力满意 【空间表现】 前后排，左右，头部空间，都足够了，后排箱空间也大，空间够用 【最不满意】 前摆臂铁，前麦弗逊没有m5的前双臂的好，质感差点，FSD避震不能调节，说是自适应，但是没感觉出来，建议 ota升级，改为能自己调节，后减震上面是堵头，怀疑不能调节，能调节的一般都有线管类的，这个看不到，空调出风口，调节扫风有异响，车机大屏分辨率有点低，,2023/9/26,成都
AIHQYY,"【购车经历】刚毕业刚工作在父母的支持下买的第一辆车，大年初六下的订单，一周就提车了，截止今天8月16号已经开了12538km。

【驾驶感受】开着非常爽，加速很猛。在华为DATS升级后，过一些坎坷的路面显得更加稳定了

【续航】纯电 夏天目前是140左右，增程其实电量低于20%就烧油了，所以顶多耗80%的电量，夏天开空调25度 2个人很舒适，30-90码 高架城区乡镇路线 140km消耗80%电量 我觉得对于这么重的车已经非常棒了 。高速也跑过，从合肥到江苏泗阳，340km，我一般加3
00块钱的油+满电，跑个来回妥妥的

【乘坐体验】华为座舱 没话说 车机没有其它对手 流畅得不行

【提车价格】2月提车是29.8+1.2的内外饰 送零重力座椅 玻璃膜 

【空间表现】
空间很大 图中除了我还有4个人 大姐一个人在最后一排睡觉，一家人出行完全没有问题。",2023/8/16,合肥
用户5190884520977,【驾驶感受】 试驾了唐DMp和理想L9，智能辅助驾驶L9最好，动力唐DMp无敌，但是综合起来M7最强。首先隔音做到了最好，不夸张的说，在车外面说话车内几乎听不到声音，小憩模式下，简直太享受了。提车十天，市内跑的多，高速跑了六百多公里，市内续航在200左右，可能第一次开电车，不太会知道怎么合计使用动力，高速燃油优先，也完全感受不到増程器，几乎和市内驾驶一样，而且车速轻松150没压力，隔音依然优秀。华为打造的座舱，真心推荐，高级感满满，不信的自己去试驾就懂了，加上华为的音响和车机，简直完美。每次充电带上小孩坐车上玩赛车游戏，或者老婆一起K歌，这就是为了选择M7的理由。享受生活，才能更好生活。,2022/10/12,郴州
panesadie,"外观：整体满意，比较大气，车尾好看，扣半颗星是因为车头太丑，太圆润，让车看上去变小了。
内饰：个人比较喜欢，既不浮夸，又不low，可能看上去兼具商务和家庭。用料和做工也不错。
配置：智驾版该有的都有了，唯一遗憾可能就是没有电热方向盘、后尾门脚踢感应？

空间：大，当时换车就是因为二胎家庭，让后排大一点。然后这车五座的后备箱也大。
智能化：整体已经算智能了，够用。当然智能化这条路线是没有尽头的，还需不断精进。
驾驶感受：虽然车大，但操控还是比较灵活的，就是转向、动力都比较跟脚，随叫随有。一个例子：我老婆不常开车，之前开小车都不那么溜的，第一次开M7，直呼太好开了。当然，狭窄弄里面车多的话，十字路口转弯确实跟小车比起来要多挪一下。

续航：冬天开空调的话，确实电掉得比较快，特别是混动版本身纯电续航就只有175公里的情况下。今后再试试温暖天气表现如何。

总结：这个性价比还是很香的。不说遥遥领先，至少领先梯队是有的。",2024/1/30,丽水
恰是北风,我想说，问界还是很硬的，我开着跟车行驶，后面的大哥就直直的怼了上来。说实话，我不是很心疼，就后包围有一点点变形，看着后面大哥车的样子，我倒有点替他心疼。都调侃国产车除了沙发彩电就没啥了，我只想说，用了才知道，不会让人太失望的。,2023/10/23,厦门
乐观的春风Xa,"m7是我人生第一辆车，提车半个月，目前开了500km，最让我认可的有几点
1.鸿蒙驾驶座舱，是我试驾过所有车机里最流畅舒适的，当时理想，特斯拉，比亚迪都试驾过，都不具备无缝应用流转，不需要任何手机上点击确认操作
2.智能泊入泊出对于我这个新手来讲，太重要了，可以把它当老师，结合倒车影像和后视镜摸索，学习效率超高
3.6座还是很符合我需求的，老人不在就按照四座用，一旦一家人出游还能应急成3排或者最后一排放倒一半
4.驾驶上感觉也很舒适，毕竟之前经常打车，家里人还是感觉自己的车更舒适
5.辅助驾驶也还可以，但是买的比较早，还没有智驾，下一辆一定上智驾！

最不满意的也就是外观了，但也不是特别大的硬伤，对这个不是很在意，相信未来优秀的车外观颜值以及安全能力，都是购买的保健需求，而未来带来生活模式的升级才是我们购买的追求。

最后祝问界继续大麦，遥遥领先，",2023/10/2,深圳
小柒柒0719,外观：刚开始的时候，媳妇不蛮看重这款车的外观设计，尤其是前脸部分，感觉看上去憨憨的，蛮笨重的感觉，我订的黑色，后来开一开，感觉也看习惯了，觉得也还不错，大气饱满，还好订的黑色，不后悔。 配置的话我觉得都30+的车了没有方向盘加热，冬天使用感受确实差点意思，这是美中不足的一点。另外后排的空调制热效果很一般，好像只能吹出冷风，热风只能靠前排来输送。 续航：节能模式会有20%的电池保护，也就是只能用个80%，大概能跑个140左右，勉勉强强够用吧。 驾驶：操控还是不错，方向精准，底盘也还算扎实，我看过底盘的，用料还算可以的。 智能化：必须满分给到，语音助手响应很快，也可连续对话，可见即可说，车上大部分操作都可通过语音实现，车机算的上是新能源里面的天花板了，没啥毛病。,2022/12/30,十堰
津门小赵1345,我是2022年11月提车的问界m7四驱版车主，来自天津。7月4日发布会当天下定，结果历时整整4个月才提到车。对于这样一款换代极快，贬值率极高的车来说，4个月将近半年时间已经赶上它的换代周期了（刚提车没多久就要出m5智驾版）。 提车后，因为各种小问题（换门把手拉线，蓝牙车控失效，近距离解锁/闭锁不听使唤，好几次差点夹手、零重力座椅异响等等等等）前前后后跑了十几趟用户中心，我们用户中心离我家也算是比较远的，有五十多公里。去一趟特别不方便，那能怎么办，出了问题就得去啊。这些我都能忍了，比较用户中心那边工作人员服务态度都很好，积极帮我解决问题。 这些小问题并不是我打低分的原因，而是老m7价格让官方一降再降后，二手市场的价格跌了将近一半，尤其是新m7发布后。我找销售问老车置换新车价格，告诉我18万左右，我一听人傻了，我买车花了35万刚开10个月就打对折？你们官方给的置换价这不就是变相承认自己的车根本不值钱么！在aito APP里吐槽几句都还被控评删评删帖！深深的被问界恶心到了，置换政策到现在官方都不吱声，给他们打电话也只是机械性的套话，没有一句有用的。 最早我就是奔着华为辅助驾驶去买的车，被销售忽悠一时冲动就下了定，本以为后续会ota升级智驾，结果屁都没有，OTA更新的全是我用不到的东西，我自始至终要的就是华为的辅助驾驶！结果却是35w买到的破博世的辅助驾驶半成品车。 官方的删评删帖行为和不作为不尽快推出更好的置换或升级方案来是真的让老车主很难受。你们就这么对待问界横空出世的第一年愿意掏真金白银去相信去支持你们的老车主？现在我们却被当成理想的黑子，被公关的对象？你们的用户关怀中心就是摆设！从来没有真正关怀用户，只是在不断降价伤害老车主！ 希望官方重视重视吧！今早出合理的能让我们老车主接受的置换方案，或者给老车升级智驾！别再背刺用户了，车可不像手机那样！随随便便说换就能换的！,2023/9/23,天津
骑驴看车2r,除了大还是大，优点太多，车机丝滑（高难度很难识别，自动泊车有时可以）。刹车点头有点严重，并非动能回收，应该是车大，轴距短，重心高。其他完美，纯电巡航200多，百公里电耗19左右，还没加过油！,2023/10/8,南昌
_无恙,"【提车价格】
       地的这款车是一款四驱版，车价284800，订车时有3.3万权益包，保险6000元多一点点，
【汽车颜色】
        我们当时是从冰晶银和天青蓝中做选择，老公喜欢冰晶银，但是我个人比较喜欢天青蓝的颜色，事实证明我喜欢的颜色踩坑，搭配韶华性的内饰，搭配起来个人感觉非常清雅
 【空间】
         我觉得买这款车的朋友都和我一样，大部分也都是冲着m7的空间来的吧，，我是特别喜欢五座后排放倒可以秒变一米半乘两米的大床，暂时还没有不买垫子，还没有亲身体验，但看后排空间还是很敞亮的，主驾驶席200斤的朋友也毫无压迫感
【油耗以及驾驶感受】
       我基本在市里开，一个月以来很少用到油，我是直接拿它当电车开的，正常上班，通勤我两三天充一次电充电桩直接安装到车库里，可以预约充电，非常方便，
       M7的车身虽然较大，但是他拐弯掉头的时候还是非常灵活的，和之前开的小车没有区别对于有打车拐弯掉头困难症的女生来说，m7绝对是福音，必须点赞
 【总结】
      经过，一个月的用车体验，觉得非常不错的，周末可以走出家门，拥抱大自然，好好放松一下，下面来欣赏一下我的座驾吧，
#用车体验",2023/11/22,滨州
ctpnoa,"【购车经历】
因为是智驾版，等车时间较长，我于9月底下单，在经历2个多月的等待后，终于在12月初成功提车。虽然有关爱补贴安慰，但是还是想早提早享受。
吐槽一下排产顺序，我发现排产是真的有点乱，和我同一交付中心的，比我晚确认订单几天，却比我早提车一周多。
【驾驶感受】
因为是四驱版本，整体驾驶操控还好，电门和刹车的调教也比较符合油车体验。车身虽然大，但是配合着强大的辅助驾驶系统，驾驶起来并没有什么不便。

【最满意】
强大的辅助驾驶功能，特别是自动泊车太香了，平时感觉不好停或者不敢停的车位，它都能自己开进去。在自动泊车过程中，车身与障碍物的距离能达到10cm左右的精度，堪比一个老师傅在旁边指挥。

【最不满意】
目前车机的鸿蒙系统虽然强大，但是原生的适配应用还偏少，比如常用的qq音乐、微信之类的还没有，只有依靠超级桌面。超级桌面更偏向投屏功能，手机app的分辨率和UI设计与车机15寸多的大屏还不是特别适配，还需进一步改善。",2023/12/11,自贡
青闲FL8099,问界新M7Max，大五座四驱智驾版，天青蓝+韶华杏配色。2023年10月5日大定，2024年1月16日提车。拿足1万元关爱补贴。外观中庸，萝卜青菜，各有所爱。吐槽新能源车一窝蜂的使用隐藏式门把手，救援时有安全隐患。内部空间看上去大，实则细微之处做得缺乏人性化（例如缺少眼镜盒，缺少点烟器充电口，主驾座椅边上缺少雨伞架，中央扶手又是一窝蜂的使用双开，储物杂乱，且不能挂，纸巾盒，等等等等），似乎是国产新能源车的通病。座椅不能说很软很舒适。因为油车开了十多年，第一次驾驶电车，感觉启动和加速还不适应，像个新手。P档是触摸式的，不是推档位了，也不习惯。高架高速智驾还没有用，过几天再说。ADS无图智驾尚未推送，等待中。其他方面目前看都行，无可挑剔。今天第一次加油，第一次充电（地下车库公牛充电桩）。截止目前，平均电耗25.07kWh/100km，平均油耗4.57L/100km，小计里程58.3km。总而言之，慢慢熟悉吧。,2024/1/19,宁波
宝贝8220366110058,外观造型：很大气，各个部分都很饱满，车门凹陷设计也是很帅，每个灯也都很好看很时尚。 内饰部分：用料都很足，处处是真皮，储存空间很多，玻璃是双层，开起来很安静。 动力部分：底盘调教很好，最后一次升级系统完善了悬挂，过不平的地面不会有很大的抖动，两吨的车百公里提速在5秒内，很爽。而且车身很稳定，行驶过程中不会感觉到飘。 智能部分：作为鸿蒙系统的一部分，超级桌面是最大的亮点，可以从车机中操作手机上部分功能，很炫酷。虽然偶尔有些卡顿，希望继续改进。桌面直接是景色，和其他车的不同，很惬意，不会感觉到压抑。 续航部分：增程式汽车的模式我还是很喜欢，纯电续航基本在200公里左右，油介入的模式噪音很小，结合起来可以跑很远，并且没有续航压力。,2023/8/6,太原
德正你在哪啊,惊喜确实很多，驾驶感受确实不错，纯油跑的话油耗8个左右，完全可以接受，冬天纯电续航打折确实很多，这毋庸置疑，所以买混动，动力相当够用，日常超车没问题，而且有推背感，不用上四驱，后排舒适度相当高，我这个是五座，6座的应该是比较低，空间相当大，惊喜不断，不满意的地方也不多，除了有个发东西有一个什么泵偶尔会有1秒的响声，这个后来问售后是都有的，我也算是开过很多车，上一个车3年开了16w公里，bba也都经常开，感觉这个车质感，驾驶感受不输bba，内饰豪华程度也是可以。我自己汽配城加装的小桌板，还有电动踏板，贴膜，一共才花了5000元，不过可能4s店里的质量肯定会好很多。这个看个人选择，提车没有送我任何东西，只送了一个脚垫，也不知道网上说的送着送哪的客户到底是真的假的,2023/12/21,郑州
沉默是金子总会发光光,"遥遥领先，绝对遥遥领先。
同级别可以基本上都被秒杀了。
提车将近2个月了，就一个词：舒服😌😌
胎噪没有特别明显的感觉，也没发现明显的异响。
交付之后，专属服务群里的客服有消息就回复，基本没怎么拖延过。
对比其他厂家的服务，态度好多了。
唯一一次，对车不熟悉，有了一次刮蹭，辛亏贴了有车衣，没掉漆，修复好了😄😄

车机经历了两次升级之后，反应更流畅了。燃油优先模式--选个性化（双击）--弹射 ，在亏电的情况下，还能保持电量不下滑，行驶途中，还能自动充电。
美中不足的是：花瓣地图还没升级，没有红绿灯读秒；软件市场不能用QQ音乐！！
期待下次的车机升级！
虽然没有选大聪明版，不过因为平时主要就是市区行驶，偶尔跑高速，用不多。但是依然很nice。",2023/12/31,郑州
桐爸果妈,我的购车需求：一家六口坐得下（父母、夫妻、两娃），续航里程超过1000公里（要回老家），预算35万左右（第二辆车还是要面子和里子），新能源车（车机系统先进、用车成本低）。 问界M7均满足我的要求，2022年10月提车，已开5000公里，整体表现优秀。 用户体验：我们夫妻满意小七，自动驻车和泊车、自动巡航、L2半自动驾驶、轻盈的方向盘让我们开起来很轻松，开了5000公里只加了3次汽油；孩子们非常满意，小艺是他们的好伙伴，在车里唱歌培养了女儿音乐“细菌”，探索各种新玩法是男孩子的最爱（就是有点烦）；爷爷奶奶表示满意，回老家不再拥挤，老家的大舅和小叔到车里互飙革命老歌；内饰豪华，公司领导常蹭我车，加强了关系；对比买了传统油车的朋友，他羡慕嫉妒，还常被他老婆数落没买M7。 不足之处：风噪不理想，特别是高速的时候，可能是钣金和密封处理不足，下次找服务中心看看；纯电续航要是能到500公里就更好了，毕竟用电便宜些；外观设计上改进，不够科技，比较稳重，虽然我也40了，但还是想年轻一些。 下次谈谈出游和用车心得,2023/2/28,福州
晃过月亮,"块头真大，这个车位停我之前的迈腾还老空了，M7拿回来后我来到车位旁边有点不敢停了，害怕被刮着，后面是给店里反应过后，那边派工作人员过来处理，还好，严丝合缝，刚好能停进去。

【最满意】
舒适性非常好，本来车就大，只装了五个座位，那就是想怎么坐就怎么坐了，后排地台没有凸起，小孩在后面都可以像在家里一样活动，后排座椅够宽够厚实。
【最不满意】
交车太慢啦！！！等得好辛苦，前后用啦一个月，相当难熬。",2023/10/20,成都
p58227642,"开了快满一月2000公里了，除了当初等车等太久，没有很不满的。虽然有不少细节有待改进，比如燃油优先下的增程器启停逻辑，比如把自动驻车设置到快捷键等等，但整体满意，真好开哈哈哈哈

朋友说增程技术落后为什么不买个插混？我没搭理。增程落不落后关我什么事，我要的是便利！只有增程式能在我带家人出远门游玩时最大方便的提供空调休息和娱乐、以及外接电源使用。而插混，难道我要到地方先去找充电桩吗？野营还得耗完了再去充？

至于有些黑车的。在自己成熟的车型上做改进和强化不比新设计个新车型强吗，新设计是要耗费几年时间和几代车主去换代改进的。至于说仿bba豪华成熟车型的，仿只能仿来外在，内在的数据调教那是品牌的核心技术！如何仿来？所以车好不好，只有自己开着才知道，这是整体调教的结果，只盯着某一点说好不好毫无意义，这是台6座5米的家伙，是一台偶尔可以虎一下的家用车，稳稳的带着家人才是主要用途。另外，这车落地也只有35w，就别天天想着比一个车标就卖30w的奔驰了，于大嘴吹的牛别较真！",2022/11/22,烟台
老狄哥哥,支持国产，华为的东西用习惯了，配置高，奶爸特够用，提速不差，各方面均衡。唯一缺点就是第三排空间小了点。零重力为身体不便的老爸准备，儿子11岁，1米56，第三排就他的了。顶配车型轮胎在稍微湿滑局面有点打滑，车机有时候在音乐声40%左右，语音不太灵敏（主驾），辅助L2级别，基本够用。左边小拨杆位置有点操作不便，设计高点好用得多。主副驾驶下的第二排出风口建议买个网，以防异物进入。节能模式松油反馈较大（以上一台车唐DM对比）以当时提车8.48的油价加满，跑了560公里高速，速度大概90-120 ，划到4毛9一公里。大概7.8个油，对于2.5吨左右车身来说，比较满意。城里电耗大概19-24，与驾驶习惯很大关系。听说运动模式还节约点，还需要测试。,2022/12/23,重庆
瞌睡大王烨子,除了车确实难看一点，别的基本上没有什么毛病，智驾的ota一直没有上，上了之后再看看具体情况如何。 外观:中规中矩，我是一个26岁的年轻小伙，这个外观给我的感觉是比较沉稳，想比极氪001和比亚迪的外观确实都比较差一点。 车机:华为的车机非常流畅，没有出现过卡顿，唯一不好是需要有华为手机配合一下不然蓝牙兼容性会有问题。 乘坐感受:座椅坐起来整体不错，而且全座位都有通风和按摩，这一点很不错。 便携性:解锁车辆的方式很多，手表解锁，卡片钥匙解锁，手机蓝牙解锁，实体钥匙解锁，不同的人上车可以识别人脸调整不同的座椅和app设置，非常人性化。 性能:提速快，噪音小。 智驾:目前还没有开通，听销售说后期统一推送进行ota升级即可，目前还没有体验智驾。,2023/11/10,遵义
AA冯氏开锁,车拿回来了，开新车的感觉很棒，车当然是比较满意的，精挑细选的结果。原厂ETC的位置装的很隐蔽，不仔细找还发现不了，这样看起来车内很整齐，不像以前ETC装在前挡风玻璃上一坨。第二排我愿意称之为VIP座位，放倒以后就是一个按摩椅，力度还不错，我现在也很喜欢休息的时候跑到第二排躺着，脚可以完全伸直，舒服！,2023/11/24,南通
王简繁的简单生活,"综合可以。
1.驾驶操控感受很好，丝滑精确，转向也十分舒服。
2.动力尽管是后驱也是非常够了，雪地没试过。
3.车机流畅。
4.空间宽敞，后排乘坐感受反馈好。
5.其他配置也给的很足，不像某些品牌，给的扣扣搜搜的，什么都是选装。
6.点头现象不明显。
7.纯电电耗20出头，燃油优先大部分是在高速上使用，8个左右。

缺点
1.车身稍大，停车或在拥挤空间不方便。
2.安静的时候可以听到电流一样的声音，偶尔能听到油晃动的声音？
3.新车还是有点味道，不算刺鼻，我是味道敏感型人。
4.座椅时间长了会不舒服，至少没有我的老款天籁舒服，怎么调都不对。
5.低速大角度转向低矮小截面物体不会触发aeb。
6.服务中心修理缺配件。
7.买车送的东西很少。
8.不管是试驾，购买还是后续服务，可以算专业，但绝对都不是什么愉快的体验。
9.配套的配件比第三方贵太多了，消费者一旦养成习惯配件比如充电桩电动踏板这些都在第三方买，这个定价策略就是完全的失败。

最后，期待无图nca再更新。",2024/2/4,南京
30君莫笑40,外观各有所爱，这种沉稳风格是我喜欢的他就是好看的。 内饰很满意很有档次感，氛围拉满，感觉比L8更好。 配置也特别实在，该有的全有，还有小憩和零重力座椅这样的特殊存在，这个价位无可挑剔了。 空间的话据说不是很好，实测对我来说没有影响，L9和这个对我来说不过就是外尺寸差别了，内空间都是一样够用足以，因为轴距两米八几在这个大小的车里面算短的，但是我家孩子还小，十年都不愁这车不够坐。 驾驶体验由于轴距短，不是这个大小的其余车可比，像个灵活的胖子，好比洪金宝。 总体评价4.5-5这个区间了。很满意2022.11.24提车第一天，一切都顺利。,2022/11/24,南昌
ChaseZh,外观见仁见智吧，喜欢的就喜欢，不喜欢的也没错！总的看下来还是感觉黑色最霸气，虽然我的也不是黑色…… 内饰和配置各方面挺满意，座椅坐着很舒服，至少开长途三四个小时腰不疼。 两驱的动力对家用来说真的是足足的够用，甚至坐上家人的时候不敢猛踩，怕家人晕车。 能耗嘛，提车跑了1k公里，全部纯电，高速120码以内跑基本上在20-22，市区低速40-80码可以维持在17-20左右，油耗没验证，费钱 小艺基本上是我最满意的地方，只要是你想到的常规操作，基本上都能很快速完成，识别也很到位。目前未碰到死机状况 底盘滤震我觉得还可以，坐着很舒服，可能也因为我没开过好车的原因，就是过坑的时候有点晃，刹车要缓一些，有些点头 总之同事和朋友试驾了我的车也都挺满意，同等的价格下动力和配置基本都远超他们的车，目前整体挺满意吧，路遥方知马力，看后续吧,2023/10/31,上海
brian0929,"【购车经历】
9.29大定，10.3确认交付方案，11.2提车，当了一天华为编外员工，补贴200元；

【最满意】
外观：天青蓝外观，太阳底下看上去贼拉好看，决绝子；
内饰：韶华杏内饰，浅外浅内是好看，唯一就是担心不耐脏，家里还有个萌娃，上车就开始各种钻研，希望脚下留情；
系统：华为鸿蒙3.0操作系统丝滑流畅！小艺小艺秒反应！而且小艺还会有各种温馨提示，免唤醒也很懂人，确实国产强大了；

【续航】
目前可能纯电续航有点不准，有可能是新车原因，还得根据我的驾驶习惯调整真实续航。充了两次快充，费用30左右，实测下来跑个150就见底了；
加了一次油，100块钱95#汽油也就12升不到吧，中途试了油电模式，感觉跟纯电没啥区别，打算一直用电跑。对了，交付专员说，快充不伤电池，快充不伤电池，快充不伤电池，重要的事情说三遍！

【驾驶感受】
提车一直用的智能跟推荐，昨天兴起用了下运动模式，加速简直太顶了，尤其是50-80km/h区间，脚尖一点就上去了。

整体评价就一个字：赞！",2023/11/6,南京
夏天的感觉715,开着我的车车，感觉很丝滑，发个新手帖，交流交流用车体验。 童锁只找到门上的机械锁，智能化上锁是我没找到吗？9.28回乡下喝喜酒，人太多没地方休息，我们就在车上吹空调睡午觉，娃有了安静睡午觉的地方，电车真香。跑高速上110码耗电明显上升。高速用ACC体验总体不错，尤其拥堵的时候，贼拉稳，开的很轻松。但老是提示请握方向盘合安全提示比较多。 现在已经开了1500公里，高速市区都有，平均电耗28度百公里，真的很准，手机只打开蓝牙，未打开移动数据，依然能够开锁走人，所以根本不用担心地下室没有信号的问题。,2023/10/12,绍兴
一只幸福的金丝猴,【最不满意】 减震稍微有点硬，跑高速的时候，油介入的时候，明显感觉呼呼声的感觉胎噪有点大，刹车特别灵敏，要慢慢习惯一下 【购车经历】 从去年在网上开始关注宋，我比较看中车辆的续航，宋续航150，后来店里看车感觉服务一般，爱理不理，后来我在华为店里去看车了，问界7的外观和内饰很吸引我了，当时就决定定下来了！空间是真的很大，开起来还不错，比想象中好驾驭 【驾驶感受】舒适度很不错，空间真的很满意，回头率很可以，大家都说遥遥领先，孩子也说这个车子好！ 【亮点配置】 车机很好，功能很多很智能，要慢慢摸索，细节再贴心些就更好了，360全车影像开车毫无压力 【最满意】 最满意的大空间，配置高！,2023/12/15,十堰
津峰集团,外观大气时尚，内饰做工精细科技高级，空间宽敞舒适，有一点可以改进一下，中排座椅移动幅度可以加大，这样后排放平空间更加大。驾驶平顺安静，提速超级快，无可挑剔。五月一号提车，4S店服务态度非常棒！安排满满的仪式感，总体用车来说，纯电续航里程130公里左右就自动切换成发动机工作模式，保留30公里电维护电池，发动机工作时又给蓄电池充电，就这样一个良好的循环，值致总续航里程达到1200公里左右，还有一个，各人的驾驶习惯对续航里程影响有一定的关系，猛加速猛刹车非常影响机车的续航里程。 使用机车至今，许多不懂的操作流程都是4S店专员一对一指导的，这点非常不错，独立的微信群给我一一讲解，不厌其烦，谢谢！9个月来车子没有任何问题，整体的品牌力不仅没有掉价，反而势头猛进，相信国货品牌，相信华为赛力斯问界，加油！2024年带动所有车主去219逛逛。,2024/2/10,金华
用户266835396,提车快1年，行驶1.2万公里，没碰到什么问题。 行驶静音效果好，转弯半径小，轻松驾驭； 特别是有防碰撞提醒，变道超车不用再担心后车； 智能化水平高，反应快，车机天花板级别，特别配合华为手机，靠近一米以内自动解锁，很方便； 平时主要是通勤上班，有装充电桩，非常方便，基本用不到油； OTA速度快，每次都能解决一些小问题，有很好的驾乘体验； 电耗在接受范围内，百公里15-20之间，夏天省电、冬天耗电多，适合南方地区，20天不开掉电2个点电量。,2023/9/1,泉州
用户8301123298425,外观比较中庸，内饰简洁，储物空间够用，空间对于我这个190斤的块头，绝对够用。座椅比较舒适，座椅可以调节的方向特别多，比较容易找到合适的坐姿。开起来比较轻松，动力很足，100以内踩起来，都有明显的提速感。 除了停车位不好找，其他的用起来还不错，对于我这个15年老司机。这车没买错。 有一点不大好的，小振动的石子路，或者小坑洼多的路，耳朵有闷闷的声音，这方面隔音还是有待加强。 其他时段，高速和市区铺装路面，隔音没得说，急加速听不到发动机嘶吼，那感觉有多爽。 后续再观察观察。 纯电续航基本上显示200公里可以达到1比1，电耗百公里15-20之间。 高速120定速巡航耗电比较高，能达到百公里25度。 快充充电比较快，半个小时可以从20-80%，一般急用充到90%可以了。 目标是市内用电，高速混合用。这样省时省力。 最后说车机，智能化比较高，音响效果不错，华为内置的音源音质都比较好。够用了。 总体来说，25万能买到这样的车，已经符合我的预期。,2023/11/1,柳州
岑笒的我们,除了外观像别人说的有点老气，其他都挺好的，动力够强，空间够大，配置够高，非要说缺点，我觉得少了一脚踢，然后前排座位可往后移的距离不够大,2024/1/3,苏州
咸鱼5987,外观越看越耐看，内饰及配置确实不错，也比较人性化，智能鸿蒙座舱可以改变人的生活习惯及方式；驾驶感受还行，悬挂有高级感，隔音优秀，电机的声音还是有一些，増程器声音控制的很好，不主动感受基本无感。 总体满意，车参数是参考，重要的是驾乘感受要好，这个华为以客户为中心来的专业。 春节跑了个长途，来回3680km，增程车确实无里程焦虑，有位子就顺便冲一下电，没位子就加油，近2.4吨的车，油耗7个多，相当可以了，平时上下班都是纯电，一毛一公里，用车成本很小。 增程和混动的区别:增程车本质是电车背了个充电宝；混动车本质是油车加了块电池。感觉增程慢慢被认可了，尤其是高端车电机功率足够大的时候。如果市内开占多数，建议增程，如果长途占多数，建议混动。,2023/1/30,成都
流动我幻想,重要的事情说三遍，踏板很有必要选装！1万5的权益包刚好可以选个踏板加轮毂，不需要额外加钱，我觉得现在的轮毂就挺好看的，只选了踏板。这车有点高，不加踏板上车跟爬楼梯一样，还容易蹭裤脚。 提车回来已经开去很多地方浪了，整体感觉就是像在开着家里的沙发在到处跑，舒适性很顶！,2023/10/21,杭州
峨眉山月半轮秋213,"先批评再表扬吧。
花瓣地图不好用，重庆复杂一点的高架桥分辨不出上桥还是下桥。导航提示切换道路不清晰，走错道就得绕一大圈。堵车和不堵车地图显示有差异，然后导航限速和实际限速不一致。

再说一下好的地方，车很大，对比这个价格，有点物超所值的感觉，内饰在我眼里是豪华的感觉，跟谁比都不输，坐着软软的，相当舒服。",2023/10/20,重庆
胖哥207466185,【购车经历】 之前一直在看比亚迪唐Dmi 冠军版，试驾了之后感觉车机不是很行，纯电续航也短，后去试驾了M5感觉确实车机各方面都不错，但是空间小了，试了M7以后，感觉除了样子不太像现在的新能源车新颖，其他的确实都还不错！ 【驾驶感受】 之前家里一台本田一台奔驰Gla220感觉都不是那种舒适型，所以开了这个车之后，完全就停不下来，5米长的车身，开起来很轻，双电机，基本上只要敢踩，就有速度！ 【油耗】 基本用的电，开了1800公里，目前充电大概花了260多，然后油烧了150左右，平均算下来2毛多一公里，亏电油耗没试过。 【空间表现】 后排坐小个子和小孩还可以，但是后备箱空间就不行了！ 【动力表现】 双电机相当猛，路上基本能秒大部分油车！ 【续航】 官方只有165纯电续航，但是我目前充95%表显是188左右，实际应该能跑到180，日常通勤很少加油，油电续航不清楚不能乱说。 【最不满意】 最不满意应该就是后备箱空间，3排放倒确实大，但是3排如果立起来，后备箱感觉很小很小。 【最满意】 动力最满意，其次是车机，车机真的好用，就是要买华为的手机，手表！,2023/7/24,黄石
用户8258806800506,车机没得说，当时就是冲着华为智能去的，相当丝滑，屏幕也很清晰，系统反应很快。 外观也非常大气，人家都说不好看，我觉得还好吧，给个4.5分，颜色相当耐看。 内饰也是4.5，扣分点给到顶棚，我觉得可以再提升一下。 空间没得说，拉一家老小毫无压力，出去野营很不错。 没上智驾，主要预算差点，这是我的问题，哈哈 续航需要时间检验，这个以后再说吧，希望好一点！ 其他的目前都很满意，后续再看吧，以后再来分享！ 再说说提车体验吧，我是在台州用户中心提的，很幸运刚好赶上地方补贴，我弟弟一起订的，比我早提车没赶上，气死了，哈哈。用户中心服务不错，速度也挺快，总体很满意！以后服务也很重要，希望能给力点，继续遥遥领先！,2023/11/30,台州
StartlingZP,外观属于耐看中庸没有特别的亮点，内饰豪华舒适，车机有华为加持可以说是车机中的天花板了，前麦佛逊悬挂偏软开起来车有点晃，车身隔音不算好也不算差，轴距只有2820上六座有点勉强了第三排也只能坐小孩了，如果想做成年人二三排坐起来都不舒服空间明显不够,2023/6/9,泉州
sudichunx,各个方面都还OK，冲着员工2.6的内部优惠提了智障版，实际上也没有那么遥遥领先吧...小艺小艺还是很人工智障的，车子过弯和减速带的时候还是大车不可避免地颠，期待未来M9和S9带来更大惊喜,2023/12/6,深圳
洪山老邓,空间够大：后排后备箱大的吓人， 外观够霸气：没有太多花里胡哨的设计，很得我心， 智能化：鸿蒙座舱无敌，nca无敌 储物空间：储物空间很多，也很够用，中控台下面，后备箱下面的暗格都是惊喜， 驾驶感受：底盘很整，过弯侧倾很小，安全感觉不到是个大车，整车视野也很好，我所说的对比是基于我的上台车gle，我那台车驾驶感受舒服仅限于巡航的时候，如果遇到急加速减速，说实话很一般，所以好不好基于参照物，这个见仁见智， 音响：音质说实话飘忽不定，有的歌曲还挺好，有的又很拉胯，搞不懂，改天去加个dsp功放 能耗：因为才开一百多公里，只能说能耗很正常，满电显示175公里，怼了200的油，加上满电显示续航525公里，对比我上台车很满意了,2023/11/11,武汉
好么泱泱,外观属于耐看型，底盘刚开始感觉硬了，现在适应了也不错，高速车身稳定性不错，风噪还可以，驾乘不会晕车，总体满意,2023/2/5,嘉兴
和你的笑容,首批盲订，第二辆车也是第一辆新能源车。9月9日盲订，25号提车，车牌是邮寄的，速度不算慢，刚好可以蹭一蹭深圳的补贴。 已行驶1000+公里，座椅舒适度很不错，内饰满意，全部是软皮包裹，味道有点点，可以接受，回头放点茶叶吸吸味。 店里送了便携式充电枪，单位也有充电桩，所以不准啊在家里装充电桩了，充电啥的都挺方便。,2023/10/17,深圳
好大个烟锅巴490,心心念念的遥遥领先终于开上了，上周末开着问界M7去了趟驻马店出差，不得不说车是真的好开，座椅很舒服，皮质很软，开了2个多小时完全不累。动力强反应灵敏，全程语音操控，按摩功能很有力度，驾驶感受很不错。车子空间很大，但开起来完全没有大车的笨重，很好开。,2023/10/13,开封
七月份的微吧,空间很满意，我们一家三口都是骑行爱好者，以前三辆自行车根本放不了，只有媳妇和小孩稍微小一点的自行车能放下，我经常看着他们骑车自己在旁边干瞪眼。M7我在看车的时候就对它的空间很满意，把车提回来第一时间试了一下，把家里的三辆自行车试着装进去，后排座椅放倒后，还真放进去了，开心得不行，留下后排一个位置正好给小孩坐，简直完美！,2023/12/4,北京
小时候很年轻930,头天试驾，第二天提车，主要还是捡漏了，有大哥突然有急事没来得及提车。 拿回来开了两天，很满意，座椅很舒服，好多功能还没摸索透，可以肯定的是这车很省钱，提车到现在跑了460多公里，外面的充电站充了一次电，油还剩一半。,2023/11/2,重庆
齐亦果99,【最满意】 动力和驾驶品质，和油车完全不一样，很安静，加速的也是一触即发。 【空间表现】 本来这也是最期待的，不过只能说一般，尤其满座后的后备箱，基本没了，第三排坐小孩没问题。 【续航】 我的是豪华版，四驱，Wltc纯电165，显示的很实在，确实是跑一公里才少一公里。油只加过100元，到现在没用完。要是满油满电 【最不满意】 没有什么最不满意。空调吹风角度调节了没有没有什么变化，大灯没有转向有点遗憾。 总之车无完车，总体还是很满意的。 【提车价格】 首订车主，算送了内饰，优惠了4000的现金。 【驾驶感受】 虽然麦弗逊，但是过颠簸路面还是很紧实，不像大车的松散。加速不用说，但刹车的点头有点明显。,2022/11/3,昆明
叮咛組咐,老款问界M7开了快一点了，一直没有什么问题，用着挺顺心，纯电续航稍微有点下降，但是在正常范围以内，一百多公里纯电还是随便跑的。上周出了个事故，过程不细说了，实打实的前脸怼上去，M7用实力证明，安全第一，哪哪儿都挺硬的。,2023/10/27,成都
Fitness追梦家,家里有两台油车了，一台迈腾，一台宝马530，这次换电车主要是看中的空间和通过性，目前25这个价位也只有问界m7可选，总体来说还是比较满意，就是刹车偶尔会有哒哒哒的声音，4S是说触发abs声音，也不知道算不算正常。,2024/2/5,湘潭
爱吃火锅的猫喵,其他没什么好说的，智能驾驶、车机系统绝对是遥遥领先，雨天高速NCA体验感不错，期待年底城市无图NCA升级。至于网上吐槽最多的外观，只能说青菜萝卜各有所爱，个人感觉黑色M7外观还是很大气的。大家猜猜边上的白车是什么牌子😝😜🤪,2023/11/8,重庆
萨斯给333,车很好开，目前没有发现什么问题，开了一个多月了，高速和市内都开过，总里程3000多公里，没有发现什么异常，车辆质量也很好，目前没发现什么大问题，有过两次倒车影像黑屏，重启车机可以解决，其他没有任何问题。油耗的话，高速上纯油驾驶7个油左右，这么大的车可以说挺省油的。驾驶感觉也很好，电耗大概平均下来20度左右，主动刹车这块感觉不到，每次离得很近都是我自己主动踩刹车，感觉车辆自己不会主动刹车的感觉，自己本身也不敢以身试险，所以没有触发过主动刹车功能，也没有感受过车辆自己主动刹车。一般剩25%电量就去充电，快充冲到95%的话，大概45分钟。冲到80%的话，大概25分钟。我一般都是冲到95%，因为提车时售后人员说冲到95%的电量。 总体来讲，车很好开，目前没有什么问题，后续如果有问题的话，我再分享,2023/11/2,大连
Kingv5,4s 店的服务有待加强，车子行驶过程中会有轻微共振，目前由于疫情尚未找清原因，车机够智能，但是主驾的座椅记忆及零重力座椅最近瓦特了，笨的一批，等后续刷新下系统看,2022/10/22,西安
松哥涛咪,10月31日提车，上午去的交付中心，验车，买保险，买延保服务，办理正式牌照，下午全部搞完。 外观：选的冰晶银，应该是选得人最多的颜色，改了黑色悬浮顶很帅。 内饰：韶华杏，有一定档次感，对得起这个价位。 配置：几乎目前常规配置都有，后排也加热、通风、按摩。 续航：纯电20℃/百公里。升级成NCA后，使用NCA辅助驾驶，17℃/百公里。 智能化：非常高科技，其他品牌无法比。 其他：购买了一个魔吸接口，连接12.6华为MATEPADPRO，档次提升。淘宝双11购买的双流水灯电动踏板，晚上灯光很酷。 购车确定方案到交付，刚好6周。OTA等了20多天才推送，购买魔吸接口等了10天。图是随便拍的，反正网上拍得好看的很多。,2023/11/22,成都
会飞的猪宝宝们,☀️很顺利！也很开心，680公里一天时间就提车回家啦！ 我理想的是想换一台电车没有远程焦虑的，AITO帮我实现啦! 说说我的用车感受，一声小艺小艺，就让我有一种不动手指头就能千军万马的感觉。空调，导航，放歌，听书，座椅按摩等等，百万级豪车有的这里都有啦！ 我开车比较柔和，没有什么急踩油门急刹车，从广州花都满油满电开回来长沙680公里7个多小时，剩余的油电用了一个星期，也就是说充满电能跑1100+公里了。这个我相当满意，可能是我的驾驶习惯比较好吧￼ 提车的时候用户中心电磁炉也安排上了，通过放电还能在车上烹饪我最爱的美食，泡上我那珍藏多年的好茶一简直不要太享受了、有户外活动爱者可一起结伴出游，相信有你们的身影生活更是另一番惊喜，期待与您的约会！ ✌️支持国产、感恩遇见M7，希望国产新能源车越来越好。,2023/3/7,广州
木瓜36212129,1.好的就不说了，网上很多的 说下问题: 1.年后回保定，地面上冻了一晚上主驾车门无法关闭，好歹打投诉电话，尽力安排了更换了门拉线解决了问题。不相信华为和赛力斯不知道这个问题，为什么不主动通知到用户去更换，非得抱有侥幸认为用户遇不到这问题？ 2.早在二月份就遇到了全景上显示前侧雷达故障的红色图标，当时不知道没当回事，后来无意点击到红色图标，才显示一串文字:雷达故障！心里顿时很不是滋味，没遇到任何碰撞，前雷达怎么就故障了？ 已经预约月底检修！ 只想对华为和赛力斯说，你们对于车子质量的把控还有很长的路要走！,2023/3/27,武汉
飞不动的胖飞侠,1.自动驻车功能只能驻车D档，R档不能驻车，希望能升级改进 2.道路辅助和自适应巡航，在解除的时候应该分开解除，巡航退出道路辅助尽然也退出了，这是两个功能，不能眉毛胡子一把抓呀 本人以前开的大众CC2013款至尊版，虽然是最早期的L1级辅助驾驶但是比M7的L2级辅助驾驶好使，希望厂家认真试驾一下别的车辆的L2级的车辆升级OTA改进一下。,2023/2/4,兰州
红魔大卫,"鸿蒙座舱智能天花板，科技智能领先，所想所看到都能通过语音操控，而且准确率高。
      驾驶操控灵活，悬挂紧致不松垮，过颠簸起伏路一趟而过，不会有过多的摇晃。可能有人会觉得硬，但个人喜欢这种感觉。那种像坐船一样摇摇晃晃的反而容易晕车。总体来说车子操控一流，特别是过弯的时候感觉支撑性足，给人很大信心。
      空间大，六座满足二胎家庭使用，每个成员都能获得不错的空间。
      关于续航，市区行驶纯电续航扎实，舒适版95%-20%电量基本轻松跑到185公里，当时我是南方城市，冬天温度对电车来说也是非常友好，所以纯电续航跑出厂家宣称毫无压力。家里有充电桩，加上有谷电，增程车使用成本真的非常低，",2023/1/12,深圳
一个Madstorm,短轴距确实有利于操控，开起来轻快不笨重，同时内部空间比L8只略差一点点而已。外观一般般，车头比较小气，总体较中庸；无多余实体按键，但后视镜调节什么的没取消，内饰简洁但不简陋，华为座舱确实好评，试了那么多车，车机第一梯队不是吹的；底盘中规中矩，舒适度一般但操控尚可，不习惯太软的像开船，理想L8试驾开着头晕。。；辅助驾驶一般，就常规的L2级别,2023/5/18,重庆
王洁冰162,没有开过高级车，只开过gl8，A3、Q3、卡宴、奥德赛、得利卡、五菱宏观，驾龄有个12年。问界M7还是比较好上手的，开起来也是比较舒服的。个人觉得外观还是喜欢M5，为了追求空间选择了M7。整体驾驶感受操控性能很强，即使在用燃油优先的情况下，在杭城的高速上依旧还是给力的，踩油门就蹭的给速度，超车无压力。缺点也有，仔细听呢，风燥声没有期待的那么小。然后车机系统容易玩上瘾，可能会不太愿意回家，最近老在车上看比赛，睡午觉，容易耽误事。 综上所述，总结出一句评价，高性价比之选。,2023/5/11,杭州
笙箫的晚风,问界m7提车及两个月使用感受，总体来说我觉得对得起这个价格。 优点： 1、音响。这套音响没有boss之类的轰头(也就是说低音不行)听久了比较舒服，胜在人声很好。 2、底盘。麦弗逊确实是麦弗逊，但是是我开过的排在前面的麦弗逊。后悬架是铝合金的。整体底盘质量整体性比较高。 3、隔音。这个车真的隔音真的隔音真的隔音。 4、内饰。内饰没什么味道，豪华性还是有。不是科技感的那个方向，是商务的那个方向。 5、多媒体。华为pad就不多说了，跟手机什么的适配性很高。很舒服用的。这个不用怀疑。 缺点： 1、有小异响。体现在某特定位置的零重力座椅，颠簸路面会响。还有空调。他这个空调是那种能左右扫风的。扫风的时候会咯吱响一声，试驾车也有这个毛病。 2、40公里保电。40公里强制用油发电，本来一周充一次这下一周要充两次。,2023/10/14,海口
funkybob,外观中规中矩，不能说平庸但也不算惊艳，科技感和设计感都一般。至于说是东风换壳，这个事情见仁见智吧，余大嘴也给出回答了。个人觉得好就可以了。内饰真的不错，我的是棕内，非常温馨，用料也够。 【乘坐体验】我觉得第三排空间比较局促，成年人长途乘坐肯定不行。第一排和第二排空间都没有问题。 【续航】 续航也不错，同类相比增程式的话应该续航没有虚标，纯电续航应该可以到195公里（综合续航不是cltc也不是wltc），华为反向虚标。 【驾驶感受】 驾驶感受底盘很紧凑，说实话，每天在铺装路面上驾驶，什么悬挂真的感觉不出来。 【最满意】 车机和智能化这方面就没得说了，“天花板”一样的存在，并且ota升级“常用常新”。,2022/11/17,包头
幻森HI,车子大，空间大舒服。第三排就应急吧。 轴距不是很长，开起来不像那么大的车子。操控灵活的。 华为车机好使，简洁不花里浮哨复杂繁琐。 零重力座椅舒服，躺零重力座椅打开座椅按摩，听全车华为音响，打开遮阳帘看星星，挺享受。内饰有高级感。华为电机动力随叫随到，可油可电，没有续行焦虑。满油满电1100KM+，纯电有家桩的话用车很便宜。 缺点，外观不是很靓眼。不过车子很大，很大气。小短腿的话上次车可能要费力一点。有些人坐电动车会晕车，还有新能源的保险费太贵了200第三者加交强险车辆损失险7850。 不过杭州免费送绿牌，不限行，没有购置税，还打6000给我。还是有些香的。 需要注意的是后华为电机护板是没有的，需要自己安装。,2022/11/29,杭州
花不完的圆449,吐槽雨刮，这个智能雨刮，昨晚下小雨，竟然不自动，以前都不怕的，这一次OTA之后智能模式不智能，开手动第一档又很快，然后调节中间的敏感度，还是没有任何反应，希望工程师可以优化一下雨刮的程序。 其他的都挺好，希望OTA升级多听听用户的声音。,2023/10/21,北京
眉眼描摹,黑色配21寸轮毂帅爆了，颜值这块我觉得是到位了，我被它拿捏住。音响效果很好，好在哪里我也说不出个道道，不是音乐发烧友，反正同样的歌，在这车里面，就是比在我以前的车上听着得劲。内饰总体满意，该软的地方软，双闪开关的位置感觉有点不合理，好几次手机放上去充电，放快了一点，直接就碰着双闪开关了。,2023/10/22,郑州
半山那边562,"底盘调教确实很不错，相比老款底盘软了许多(5个亿确实在看不见的地方);第一排座椅是棉花糖座椅，坐着很舒服，二排、三排虽然不是棉花糖但是比老款加厚了，也软了很多，坐着挺舒服的；再来说一下空间，我1.75的身高，85kg,坐上去二排、三排都能有一拳的距离，比老款空间大，后备箱放行李箱没问题。整体感受很不错哈。",2023/12/2,苏州
犹见雪飘过,"每次启动巡航都有语音提示，原来“噔噔”两声都觉得烦了，现在倒好，直接来句“自适应巡航已启动”,而且音量还特别大，一踩刹车又来一句“车道巡航已退出”,一车人都在睡觉，突然这样来一声真的巨烦无比，拜托开发部门的人，赶紧加个开关吧，以后新款再增加功能的时候多测试一下，多考虑一下用户需求。",2023/10/23,武汉
书香之外816,这个价格让我觉得很有诚意，比起那些动辄30万起步的新能源SUV，问界M7算得上一股清流，内饰从用料到做工都比较扎实，也没有什么浮夸的设计，大气沉稳，符合我的性格。如果准备安充电桩的话，下单订车的时候就可以准备开始了，问界不送充电桩，联系物业申请前前后后需要不少时间，我前后用了一周才把充电桩安好。,2023/10/23,合肥
留白加黑,很大，真的大，有些弯道需要打多几次，，买的不是智驾版的，表示非常后悔，建议加6w上智驾版，内饰很高级，配置比同价位的合资车要强太多了,2023/11/13,广州
臭屁小布,24款五座plus后驱版 提车周期:4周。未拿到补贴 价格:10月大定优惠6k，裸车价24.38。保险6k，落地价25出头。冰晶银外观，韶华杏内饰。 赠送:2次保养，原车脚垫 ，原车太阳膜，原厂电动脚踏（但是要贷款，我贷了10w，分五年，还满一年提前还） 驾驶感受:我用于市内通勤，之前开我爸的13年老福特手动挡。所以感受差异太大。加速不晕，动力足够用了。空间够大，纯电200km续航我没测过，但应该不虚，我一般保持在20%～95%电量。上班一天来回20km，基本两周一冲。车机智能化没的说。 手机我自己用的是mate60pro，放车内无线充50w巴适。 关于充电桩:原厂充电桩太贵，闲鱼收的包安装的充电桩才1000多块。 自己买了很多车用配件，后续补充,2023/12/3,郴州
用户4822977113882,"2023年11月提车，总里程277，同价位内饰配置真没得说，纯电续航200左右，跑高速的话要打折扣。

【驾驶感受】动力强劲，这么大的车操控还是很满意了。


【乘坐体验】非常舒适，尤其后排坐着就像沙发一样，还可以调整倾斜度，这个真的非常舒服

【油耗】加了200块油还没有使用，暂时都还只是用电


【续航】纯电续航感觉在200左右，跑高速的话还要再打折了。

【销售态度】销售特别热情，还开车上门来看车，后期提车也是销售开车来家里接去交付中心提车，还是非常贴心。




【购车经历】本来一开始就想买个byd上班代步的，然后有一次在商场华为门店正好看到就去看看，了解过后，预约试驾，然后就放弃byd了，20多万能买到这个配置，这个空间，这种智能化的车我觉得很值了，个人觉得特别适合家用。",2023/11/6,贵阳
西柳扶风,凯美瑞换问界M7，跨度有点大，感觉完全是两个时代的产物。用车感受还是有很多地方不一样。最直观的感受就是问界M7的配置太丰富了，我的老凯美瑞跟它比起来就是个毛坯房。车非常智能，光靠说话就能控制车内一大半的功能。空间也很不错，我还是第一次开这么大的车，前后排想怎么坐就怎么坐，腿部还比较空。,2023/12/2,长沙
菠菜的波,外观大气，没有续航焦虑，隔音效果非常好，驾驶感轻巧，速度超过140感觉变道有延迟，鸿蒙功能还有缺失的地方，哨兵模式没有。保电20%有点太多了，感觉可以下放到8-10%，期待更新。,2023/5/18,广州
江河淡蛋,没啥特别突出的优点，但是也没啥明显的缺点，这样一来倒显得合适。换个角度来说，这车的优点可能就是比较均衡，外形不丑，内饰也不丑，要配置的话也够，除了空气悬挂，能想到的配置也都有，智能驾驶也有，最关键的是价格对比同级别的智驾车还要便宜一些。目前百公里电耗不到18，这个电耗我完全能接受,2023/11/23,厦门
龚虹国qaq,在理想L7和问界M7之间纠结了很久，光理想的销售我就加了近十个，一度接近订车，后来还是理智战胜了冲动，我心底还是觉得问界M7的性价比高一些。同样入门版，M7的价格要低好几万，空间方面两台车不相上下，配置也都挺高的。我买电车最大的目的就是为了节约用车成本，所以还是M7更适合我。 订车到提车很顺利，普通版也没有等太久，连延期交付的补贴都没领上，车整体满意，除了外观中庸了一点，其他地方都挺好，纯电能跑150多公，每天上下班里程总共八十公里左右，根本用不上油，用车成本每公里一毛多，太棒了。,2023/12/8,贵阳
毕六一,10月30日提车的，提车30天就开了5000公里了，已经去过问界4s店首保了，开了5000公里了，其中4500公里纯电行驶500公里用油行驶，基本花费1000元左右，包括油费和电费，新能源车真是香。 目前用车过程中有两个问题，一个是车速30公里以下会出现哒哒哒的声音，差不多会出现三秒左右吧；还有个问题就是我开了一个月刹车的时候就出现小异响了，这两个问题首保时候师傅都没有检查到，4s店叫我下次再去店里检查检查。最后说一下，问界m7还是蛮不错的。,2023/12/10,杭州
用户9412059965523,科技感很强，样子强，比如前挡风玻璃投屏，开门地上logo灯，但智能一般，世博的自动泊车用不了，啊啊啊啊！,2023/5/26,宜宾
江苏吃人陈,居家用，外观稳重大气看个人，配置拉满，乘坐舒适，坐车里尤其安静！很满意，市区基本纯电用不到油，偶尔跑高速用燃油优先，油耗也不高！提车不到一个月现在已经2000公里了，还在继续适应摸索，总体来说还是满意的！,2023/10/20,南京
Wycgx,个人感觉要是能有空气悬挂就更好了 其他的没得说 动力随叫随到 内饰外饰的颜值很高 不像网络上说的看着很老气 【购车经历】 最一开始看着奔驰e家里定不下来一说油耗高 二说奔驰这个牌子有点不适合普通家庭开过于高调三是全家人出行也不舒服。后来突然在抖音看到了问界m7发布视频抱着试驾的态度去看看 没想到这一试驾损失了30w哈哈哈 【驾驶感受】 动力随叫随到，打转向有360能看到侧向的实时变化，以前家里是老途胜换了m7车有点大不，太好品两边的距离，好在激光雷达会告诉我跟旁边的车距离有多少。,2023/12/2,包头
慢慢荡开去,买的入门版，五座后驱，感觉配置还挺高的，内饰方面跟高配版也没什么区别，车机也是一样的，OTA啥的跟高配版一样。这样一来，我觉得还挺香，主要是入门版的价格便宜，二十五万买台大五座，很舒服。新车稍微有点味道，不是很重，闻着也不刺鼻，媳妇在车里放了一些橘子皮，完全盖过了新车的味道。,2023/12/4,广州
铅笔头1228,外观中庸，内饰算得上有点档次，车机比较棒。四驱的动力强，强到感觉过剩了，小心着别把刹车踩猛了。我是买智驾版时只有四驱的，要不然肯定要后驱的了。车的智驾功能，自动泊车功能比较强大，点对点的自动驾驶以及辅助驾驶功能我很少用，准备等全国开放后，它更成熟一些再用，泊车功能用的多。缺点方面：可能我以前开的紧凑型轿车，车小，现在觉得车身偏大，不够灵活。还有车载地图有点差劲，不如手机地图。还有就是纯电续航还是偏小，基本上三四天必须充一次电。以上是感觉到的缺点，其余的都还好，买得不后悔。,2023/12/3,武汉
国产越来越好8888,"【驾驶感受】
平路上开很舒服，静音性好。中低速过减速带的话，前段不高级，后段收的很稳。中高速飞坡的话，会有多余晃动，得控制车速。整体满意

【续航】
纯电WLTC200公里，在乡下一半，高速（108码左右）一半的情况，基本一比一，很实。反正每天充电，无所谓了。本人开车比较随和，舒适模式，不会猛踩猛刹，仅供参考

【空间表现】
无敌，不说了

【动力表现】
后驱，对我来说，绝对够了

【最不满意】
小毛病嘛有些像低档扫风异响之类的，大家都知道的，后续会单独列一些特点，缺点，逻辑设置等分享给大家。总体还是很满意的，话题性也挺足，黑色挺大气耐看的，就差我的mate.60一到，就是完全体了",2023/11/6,嘉兴
拒绝优秀822,两个月就首保了，感觉自己挺能开的，目前6000多公里，电车嘛，多开就是赚。向大家汇报一下行驶情况，目前里程累计6514公里，百公里电耗19.53，百公里油耗0.44（我有机会就充电，根本不烧油）。关于驾驶感受，动力完全够用了，虽然是两驱，加速一点都不弱，就是刹车的时候有点推头，这车的悬挂比较软，开着有点船，如果再硬朗一点就好了。,2023/11/28,杭州
今天阳光温柔756,刚提车，有点后悔没有上智驾，也没差多少钱，销售说中途改单子明年才能提车，这么长时间我肯定等不了的，于是放弃了。电动踏板装好之后，心里舒坦了不少。车用着还不错，开着挺舒服，一定程度上弥补了我没有买智驾版的遗憾，车大，但是加速很轻快，方向盘指向很准，再加上本身这车的座椅就比较舒适，手动开车其实也是一种享受。,2023/12/10,重庆
故事还长呢951,虽不能智驾，但车真的好开，好多功能太实用了。手机在手，直接解锁，空调提前打开，车钥匙都不用拿，太符合我这种兜里只放手机烟打火机的。智慧语音也方便，每次上车必叫小七给我按摩，车后备箱空间大，送货真好，到了客户那直接叫小七打开后备箱，送送货听听歌，车载音响音质真好。晚上打车车门无意中还发现地上还有问界商标灯，小小惊喜。,2023/11/2,深圳
Mypastkindness,刚刚提车几天，先说整体感受，乘坐舒适，空间大，老婆和孩子坐着不晕车，新车基本没异味，开起来比较轻松，反正感觉不到像开了那么大的车。 美中不足： 一是风噪，在快速路开到到100左右的速度，风噪还是有，勉强可以接收。高速估计还要大一点吧。不知道有没有提车的兄弟们跟我感受是一样的。 空间表现：这点我觉得很赞，驾驶的时候，头顶不会顶到车顶，膝盖不会碰到方向盘。185的大个子同事坐在后排时，头部空间也非常大，腿部空间都还有两拳半。,2023/11/2,自贡
乘风破浪的明月Ad,智能化挺好，操控方便，外观好看，驾驶舒适，提速快，车辆动力尚可，做工用料细节部位和价格不匹配，智能化的东西挺多，百公里电耗满意，充电时间有点长，提车不到2个月，使用感觉整体还算满意，乘坐感觉还好，减震器性能一般，价格方面还是有点偏贵，缺陷第三排空间以及后备箱空间太小，纯电续航里程有点少，车机智能化部分经常有点小故障，其他感觉还行。,2022/11/23,南通
带翅膀的小马驹,"【驾驶感受】
之前刹车会点头，升级DATS之后，特别平顺，坑洼路面颠簸不明显。配置也高，整车静谧性非常满意。驾驶感受非常舒服，提速平顺。
【续航】
平常就省内玩一玩，去过一次武当山，全程平均130左右百公里油耗6.8，综合续航能跑1100左右.纯电池的电能跑130。对于2.5吨的车重加6个人还是非常能接受的，空调按摩通风都开。整车正常应该1100的续航可以达到。目前最高效增程器，很优秀。
【最不满意】
前脸真的丑……开出去像开了一个大笨猪?。

【亮点配置】
鸿蒙车机，超级超级丝滑。暴晒高温没死过机！！！和鸿蒙手机的无缝流转非常方便，出去钓鱼再也不用判断位置了直接靠一靠。有自带的附近充电桩信息，日常通勤充电还蛮方便的。 超级桌面很好用，避免了很多软件需要VIP的问题。
【动力表现】
四驱0-100 4秒多，过山车的感觉；高速超车非常好用，动力随叫随到！ 高速起步很好汇入主路！！真的特别安全，家里老车还要提速半天有些入口车道少的生怕别人追尾！",2023/8/22,仙桃
奋斗。。,1低俗过坑洼路有共振耳朵难受， 2轮胎不耐磨左前轮出现裂纹 其他全部是优点,2023/10/11,上海
区块链1024,外观设计上规中矩吧，没有同级别那种大车的霸气，是做工精细，空间上够用了，真车实际使用空间可以。主要符合我六座新能源空间够大的需求。华为智能座舱绝对牛逼，智能化非常棒。辅助驾驶中规中矩，该有的都有。,2023/5/10,六安
用户9946080668085,售后还可以，就是车子异响太多了，各种异响，以及车机bug，驾驶和空间感觉符合这个价位,2022/11/7,武汉
卧龙岗亮子,在石家庄这个没有零下十几甚至几十度的情况下，续航折半都达不到，可能跟驾驶习惯也有关系。外观仁者见仁智者见智，空间是真的大，父母+老婆孩子（后排宝宝椅）满员的情况下仍不显局促。单电机动力家用足够油电耗也比双电机略省点。,2024/1/22,石家庄
问界M7中华有为,冲着华为去的，试驾了一次就直接定了，两驱加速特给力，都用不着运动模式，智能化给满分，缺点没有脚踏板，第三排座椅紧凑，后备箱太小。总体还行。保险给返三百多，还能送个工具套装。续航里程不知道，随便写的。,2022/10/2,榆林
麻辣兔头吃不够,外观比较大气但是并不是那么出彩，内饰也比较扎实，智能化在同级车里算是比较高了，开了半年多，没有什么大问题，也没有异常的声响，但是增程器运行的时候还是可以听见声音的，总体来说还算满意。开长途的时候一定要预留时间，因为续航只有160不到，需要在服务区充电的，纯电开还是很香的,2023/6/19,杭州
清爽梦想家y1,动力好，四驱的开着上高速超车无压力，香氛系统，美妙美幻，座椅加热很好，冬天天气冷了，开上座椅加热，感觉很温暖，当时是朋友开了一辆m5，看他开着还行，有很多黑科技是很多车企没有的，然后又正好想买一辆车，听朋友的建议来到用户中心看车，用户中心销售，交付也很专业解决了我对车辆的问题，然后定的是豪华版，也有现车，从下定到交付只花了五天时间，交付很快很好，整体都很专业。就是语音助手有点不太灵敏，用普通话识别快，用方言就不太能识别，后排空间很大，零重力座椅睡觉安逸完了，隔音效果也很不错，隔着玻璃说话还是要玻璃降下来才听得到，特别是哪个360全景影像，车身透明，感觉很高可以，比我之前花了7000装的360全景影像好太多了，希望能越卖越好，这样我这些售后也能得到保障。,2023/2/24,遵义
破马e19,内饰低调奢华，空间够大，特别适合二宝家庭；智能化天花板的存在，尤其车机系统！操控很稳，提速很快，升级dats2.0后舒适度大幅提升！！带孩子外出露营的绝佳配对，外放电--走到哪儿可以吃到哪儿！ 一句话总结，完全可以当成一个移动舒适的家！,2023/8/6,洛阳
zjsxfsc,本车使用快一年了，驾驶感受很好，鸿蒙系统无可挑剔。增程式，纯电续航195公里，全部续航能1千多，够用了，当然要是纯电能很长，如达到350公里那么最佳，这样在周边城市去旅游就可全程用纯电。,2023/8/14,上海
別再遇见了,"【最不满意】
刚刚提车，北方这两天天气太冷，电池续航比较拉跨，没办法零下二三十度，也没期望能有多少续航

【购车经历】
试驾一圈直接下定，然后就是漫长的等待，等车。给销售姐姐估计烦死了，哈哈。
【驾驶感受】
本人也没开过什么好车，反正比家里的polo和缤智舒服。

【乘坐体验】
前后排空间都可以，家人反馈很舒服。",2023/12/20,呼和浩特
ker,【驾驶感受】 驾驶感受很好，也对得起这个价格吧。 【油耗】 平时上下班用电的多，用电便宜。高速100KM时速，油耗在7—8左右吧，市区油耗6—7左右。 【续航】 重庆这个天气，满电开到20%电量，一般能开个160—180左右。20%之后就要强制启动增程了。 【空间表现】 空间表现其实还可以，感觉和理想L8差不了多少。 【购车经历】 本来准备换个20万内的BYD，结果老婆觉得这个车空间大，乘坐舒服。自己试驾后感觉驾驶感受和底盘还不错，就直接定了。,2023/5/15,重庆
御剑飞行77,车辆外观方面应该再设计的年轻化一点，个人感觉有点中规中矩，空间方面第三排打开的话，坐上去有点挤，后备箱的空间就更不用说了，根本就放不下什么东西，第二排座椅要是能放倒就更好了！,2023/9/14,武汉
开问界的小狗子,外观属于仁者见仁智者见智，我觉得外观一般，不丑也没亮点，这车的优点太多太多，随便一搜就是一大堆，我只说缺点，也希望厂家改进做的更好。 1.刹车点头夸张的严重，不知道是前悬架太软了还是什么原因，正常加速和刹车，车头起伏有点太大了。 2.第三排确实只能应急坐，平时就是四座车,2023/12/20,西安
用户1592145256974,性价比很高，不错的选择。没开过50万以上的车，这个车的驾驶感受很好，自认不输30、40万的BBA。提车刚好一个月，基本3天左右充一次电，充电200多，加油两次800，还可以跑700公里。,2023/12/18,株洲
风之雲彩,外观说不上很好看，但是也算耐看。内饰大部分都用上了软包，还有部分木饰，看着挺高级的。高速平均油耗4.8，电耗14左右，对于这个能耗那是相当满意。可能是车子太大了，后排坐着有点晃。,2023/9/29,武汉
湖湘铁哥,去年12月提车，到现在跑了约4000公里，高速加起来应该有1000多公里。个人评价如下:外观简洁大气沉稳，内饰低调用料实诚，人机交流方便，静谧性好，操控也蛮不错！就是这次车机升级低速提示音没优化太好，希望下次升级完美解决！,2023/3/2,长沙
优美艺术家yD,车子总体使用非常不错，没什么好说的，但是我想说一下我买车和销售的奇葩经历。我是在安徽合肥某店买的车，这个据门店说不可以降价促销，但是据我所知，每个店都在送手机，送手表之类的，然后还搞得神神秘秘，搞得谁不知道一样。两个月过后我有个朋友看到我的车想买，我就试探一下可不可以享受重庆补贴，店长一看我问说不可能享受，谁给是要挨处理的，结果过几天我朋友去门店立减二万现金和一万零重力座椅，你要降价有种明着降啊，是不是没钱补贴了，那你说出来啊，我还敬你是个汉子，我自认倒霉啊，当表子又立牌坊,2023/4/14,合肥
平地一声雷123456,整体车非常不错，好开智能化也很好高速跟车超车都很好，就是冬天续航缩水比较厉害主要是新疆冬天太冷了零下20多度确实有点冷，不过空调很好热的很快舒适性非常好，体验感非常满意，就是增程器的启动控制好像逻辑不是很清晰，燃油优先有时候也不启动。 【驾驶感受】 加速和舒适性都非常好，唯一缺点高速胎噪有点大。 【最不满意】 冬天续航打折有点厉害。,2023/12/21,乌鲁木齐
懂车嘀嘀嘀,舒适性是相当棒的，比之前开的车舒适性要好很多，并且内饰这一块绝对做的是天花板级别的，所有能摸到的地方都是软式包装，有很多储存空间，尤其是他的车机，流畅度确实太棒了，可能跟我一直用华为手机有关系，现在更新了系统之后，流畅度和驾驶感受都非常好。,2023/7/21,邢台
不务正业的路亚爱好者,空间足够，动力强劲，华为系统特别流畅对苹果不是特别友好，但是不影响，安卓手机可以投屏也很好用，当初应该选择4驱北方体验更好，纯电能跑200多公里，综合1100多,2023/7/17,包头
荒废的小床铺,很不错，续航有点短板，不过够用，总是想着充电，驾驶感很好，悬架偏软，适合家用过滤性可以，就是胎噪稍大。动力超车实足，用料很扎实 ，重庆活动，补贴2万现金,2023/5/4,重庆
Halzion,虽然这辆车的体积庞大，但它的驾驶体验却出奇地好。它的操控性非常出色，让人感觉仿佛是在驾驶一辆小巧灵活的跑车。无论是在繁忙的城市街道上穿梭，还是在宽阔的高速公路上疾驰，都能轻松应对。这辆车的大并不意味着笨重，反而因为它的优秀性能，让人更加期待每一次的驾驶之旅。,2024/2/9,重庆
仰望星空Jean,外观中规中矩吧，座椅还是很舒适的，座椅按摩，加热和通风都很实用，唯一少的就是方向盘加热。还有就是底盘感觉太高，老婆和孩子上下车不方便，特意去外面加装电动踏板，不知道会不会影响质保。目前行驶2万公里，确实安全可靠，好几次白点追尾，都是自动刹车的。,2022/11/6,绍兴
用户2264726842256,外观一般，但还算耐看。内饰简约，有豪华感，空间表现相当不错，但座椅稍短。音响出乎预料的好。驾乘体验不错，动力强劲，底盘稍显不够紧凑。车机相当流畅好用，反应准确，绝大多数操作可通过语音完成。智能化方面，辅助驾驶能力比较普通。,2022/11/17,深圳
抱抱的爸,"【购车经历】
本来打算买蔚来的，因为我也是蔚来迷，然后看了看预算超了！然后看到问界M7上市！等到上市的时候！公布价格以后立马大定了

【最不满意】
就是外观真的不好看！
【驾驶感受】
这个已经是我的第五辆车了！我感觉最好看的一辆车",2023/11/4,合肥
杰108111,外观还能接受，内饰非常满意，配置无话可说满血，空间第三排大人做的不舒服空间小。续航纯电续航满电165公里，个人开到电池剩余20%就100公里。续航不太理想，智能化碾压所有bba，驾驶感受动力强，操控稳。,2023/8/30,大同
闽西王颂华,先说整体感受，乘坐舒适，空间大，老婆和孩子坐着不晕车，新车基本没异味，开起来比较轻松。美中不足:风噪问题，平时在三环开到60左右的速度，风噪就比较明显了，高速更是。而且有时候在城区想打开窗户透透风，稍微加速道50左右，感觉那个风噪的声音像爆破.声，“砰砰”的，会使我耳鸣。这是我开了问界车美中不足的一点。,2023/11/20,龙岩
十一寻欢,外观初看很中庸，但是提车看到实车后越看越好看，内饰只能说没啥大毛病，但是没有豪华感。车机不用说，属于金字塔级别，但是也会有各种有毛病。综合油耗5升左右，还是很不错的。,2023/10/21,长沙
奶爸奶妈带娃日常操作,优点大家说的很多了，我就不说了。缺点：高速智驾还可以做得更好，特别是变道辨别逻辑可以更好。,2024/2/9,长沙
桀桀骜不驯鹿,外观第一次看一言难尽，对比着其他车看，发现蛮耐看，越看越喜欢，内在优点大于颜值，值得拥有。性价比高，综合能力均衡，适合家用。目前跑了800公里非常满意，车机、音箱、空间、质感都很不错、丐版的L2对于老司机也够用，我基本上不用。对于一个新的品牌，目前这种整体水平，相对来说起点已经很高了，做好更多的细节和优化会发展更好,2023/12/7,成都
用户4428481490547,【购车经历】 第一眼就看上了这个车的外观，很大气，刚好想买绿牌车，再加上这个车子可油可电。比较看好华为的车机，用车成本也比较低。 【亮点配置】 车机系统用起来了比较顺畅，内饰比较喜欢，用料扎实。增程器和电池也比较好 【驾驶感受】 开起来比较舒适，更纯电车一样的舒适，座椅有点硬，坐垫有点短，再长点包裹性更好 【油耗】 油耗还可以 【续航】 续航也还不错,2023/12/11,十堰
青涩海浪7Y9,没有最好，只有更好！合适的就是正确的。外观霸气，尤其是中间的贯穿灯带和两侧的大灯在晚上格外的霸气，车机的流畅，内饰的用料，以及驾驶的感受，在我十六年的驾驶里程里，一定是最好的！,2023/7/13,无锡
爱车的小华,这车用了小一年了，跑了4000公里了，各方面总体满意，绝对对得起这个价位。最大缺点还是外观，前脸怎么看怎么丑，再就是转向手感一般，且方向盘离着比较远，无法调到很近。其他的就都是优点了。,2024/2/15,潍坊
tiancaidc007,车内空间很大，内饰比较豪华，中控操作顺手，刹车稍微有点头现象，小艺智能语音很流畅识别度高，可惜没入手智驾版，不然能体验到真正的遥遥领先！,2024/1/25,武汉
大唐儿,外观中庸，座椅偏硬，试了新款，爱了。动力嗷嗷猛。 【空间表现】 第三排鸡肋，小孩可以坐 【乘坐体验】 还是不错的 最不满意：零重力座椅偶尔按键不好使，但是语音可以控制,2023/10/17,烟台
添天模具设计,我是扔了小鹏G6大定5000元来买这个车的，对他是一见钟情了，第一天来看车，第二天一大早试驾下大定，这个价格同级别是难找对手了。外观是仁者见仁，每个人的审美观不一样，内饰一流，智能化天花板，空间一流，选了他不后悔,2023/10/11,宁波
ai利伟,我开过的车里问界M7是我开着最舒服的一款车，唯有不足的是外观太大众脸了，外观没有突出的地方，另外就是纯电续航能力一般,2024/1/20,贵阳
FxF1995,"【驾驶感受】
非常的稳，四平八稳的那种，很舒服的加速减速，除了略微抬头

【空间表现】
非常的大，空间尺度很舒服

最好的就是安全了，这个遥遥领先",2023/10/28,兰州
秋风忘远,【购车经历】 试驾2次非常顺手，体验很舒服就决定下订单了；有重庆优惠和选配优惠，虽然出新车了，但是也很满意。 【驾驶感受】 之前我们的小奥迪Q3陪伴了我9年26万公里，空间没办法满足家庭露营需求，试驾和奥迪的行驶感觉提升很多，动力没得说，绝对的遥遥领先，智能驾驶遥遥领先，空间是满足家庭使用，增加了露营的乐趣。我基本都是节能模式，配上我的行驶技巧让家里的女王和小朋友轻松舒服享受行驶快乐。 【油耗】 对我来说，准备行驶20-30万公里继续升级新款问界，我们电耗基本在16-22KWH/100KM；10598的公里数，我只用油了1683公里，非常节省，用增程器行驶整体油耗在5.7-7.2左右，总结下来每个月节省1200-1500左右，用车每年2万以上非常推荐，我还购买了延保服务，很棒 【续航】 基本够我1-3天的使用，市区全部用电，长途偶尔用油，充电站有的情况基本都是充电。 【亮点配置】 智驾、语音、空间都秒杀了传统车很多，我好想买华为音乐超级VIP音效会更棒 【最满意】 舒适、操控、节能、空间、智能,2023/10/28,昆明
用户3510615000511,买的是六座的，什么都好，就是二排座椅舒适度不行而且使用痕迹明显，后备箱太小。平时如果把三排座椅放到后备箱，虽然大了，但是没有遮物帘，整个后备箱一览无余，特别杂乱,2023/12/11,榆林
拿你铁子,外观可能是最薄弱的一环，比较中庸。 内饰有点豪华感但是不是特别高级那种。 舒适性配置很足，四个座位的加热通风和按摩，座椅也比较软。空间符合这个尺寸应有的样子。 车机真的挺好用的，菜单清晰简单，大部分设置只有一级菜单。 如果不跑高速基本上能跑出一比一的续航甚至可以反向虚标。曾经纯电里程消耗了27公里实际行驶33公里。,2023/10/21,天津
高转青年,"【最满意】问界M7它的静态表现要远好过它的动态表现，华为车机系统、前两排的乘坐体验相当出色。

【最不满意】悬架、底盘等机械素质层面还需再提升。

【驾驶感受】从日常驾驶角度来看，它确实做到了轻松驾驭。做一些操控项目时，车辆悬架明显韧性不足，前段软，后段又不够紧绷，前排可以感受到车辆一定程度上的侧倾。另外，该车的重心较高，驾驶起来也没能提供很好的贴地感。

【乘坐体验】华为的鸿蒙座舱系统是新车车内最大的优势，它不仅让车机操作流畅丝滑，上手没有难度，重点是华为提供的互联服务，让华为生态用户感受到万物互联的科技便捷性。前排座椅12向电动调节、加热、通风、按摩等齐全的配置，前排乘客乘坐舒适性和娱乐性方面的需求基本可以满足。",,
程昂希阿巴阿巴,汉兰达换问界M7，整个感觉就一个字，爽，内饰碾压，科技感碾压。 问界M7的车机很流畅，完全就是个平板，功能齐全，怎么滑都不卡。内饰风格简约风格，坐进车内就感觉特别轻松，因为看着不乱，井井有条的样子。再提一嘴，这车的座椅是真舒服，又大又厚。,2023/11/16,贵阳
切尔东361,月末压哨提车，还不错，等得不是太久，连补贴都没领到，可能是我没有个性化选装的原因。九月份试驾的时候是台智驾版，我提的也是智驾版，车拿到手后有点轻车熟路的意思。还是熟悉的感觉，车里面很安静，底盘很舒适，要提速的话，给脚油门推背感也给足了。刚拿车，续航啥的还不太清楚，等我开一段时间再给各位反馈吧，目前来看，这车还是不错，至少开着很舒服。,2023/12/2,长沙
热情的奶酪NjC,外观简单，空间大，内饰配置还不错，对新手来说很友好，驾驶感很满意，就是车真的大，新手停车有点费劲，还好这车有自动泊车功能，借助起来还不错，就是识别不知道高不高，还没敢使用这个功能，慢慢熟悉吧！😃,2023/11/15,十堰
浪小周,买的M7天青蓝的智驾刚提车不久，油还没加满过，充满电纯电续航车内显示172。这车子非常好开，做里面感觉非常的舒适包括前排后排家人都非常满意，就像一个移动的家。犹豫刚提车不久没怎么试过用油，用电开的感觉非常舒服，其他下次时间长体验多了再发表,2023/12/15,金华
Vincent,外观就不说了。内饰和配置无敌。驾驶感也好。等车时间有点长。刚提车几天就出后驱智驾版了。开了700公里了，一直用燃油优先，油耗在6.6左右徘徊。冬天电池续航一般，所有电车通病了！赛力斯服务还好，交付专员真心累，面对的都是车主的负面情绪。,2023/11/28,青岛
汽车造物工坊,【最满意】 在商场里看见全新的问界M7，整个车的外观中规中矩，外观也不是这台车的重点，车内华为参与的系统才是整台车的重点。对于华为车机系统的好奇心，还是让我进车内来一看究竟，看看能不能像华为手机一样好。 上手体验了才知道，华为这套车机系统相较于市面上其他车企自研系统来说，简直是降维打击，整个操作下来，就像一个在操作一个高端平板，没有丝毫的卡顿，亮度、分辨率方面来说也是十分优秀。说是一台平板，但是其实整个界面在我看起来并不花里胡哨，该有的常用功能都在下方一侧，上面展示的都是非常好看的壁纸，没有多层的APP显示能让人看起来一目了然。 语音对话发现我感觉也是十分优秀，连续对话就不用提了，完全没问题。最重要的是语音功能还能全局可操控，连在第三方APP中选中电影，退出电影等操作都能做到，真的是让我大开眼界，在一个人驾驶的时候真的是可以很好的解放双手，开关车窗，调整空调温度等不在话下，但是人多起来用语音功能也是难免会觉得尴尬，不过这么厉害的功能，我觉得也是可以在朋友面前秀一秀的。 总体来说，对于一台大型增程式SUV来说，这台车的舒适性也是足够的，第二排第三排空间也非常够，加上华为车机系统，我个人觉得这台车还是非常值得有家庭需求和想尝鲜的朋友们试一下的。,,
春江的生活日记,"【最满意】
内饰设计，车机流畅度，车身360使用效果
【驾驶感受】
中规中矩，底盘还是差意思
【乘坐体验】
后排不如前排

试驾的是两驱低配，一句话点评，静态体验同级优秀，动态驾驶勉为其难。外观内饰不聊了，说个之前没发现的很有意思的点，虽然M7是双层夹胶玻璃，但是双层玻璃是我见过最薄了，那两层单玻璃就更薄了，大家可以用手感受一下，摸到单层的时候有点锋利的错觉，这可能是隔音没那么好的原因之一。其次中控屏的分辨率感觉不是很高，而且那个背光总觉得刺眼，试驾的时候在傍晚，那个显示屏的光很硬，不柔。
特别建议，试驾的时候，不要体验音响，感受下底盘的声音，在走一段路况的柏油路的时候，就感觉明显的不对，来自底盘的噪音在头顶发声，嗡嗡的，这种路的噪音他应该是自下而上传出来的，但是这个车的噪音是凝在你得头顶不散，我用共振这个词比较合适。开了音响这个声音就容易被混淆，关了音响就能感觉明显的别扭，不属于这个价位的高级。过井盖也是，不是“硄”的干脆，也不是那种闷哼的稳，是那种”轰”带点余韵。初次之外就是等红路灯的时候把窗户开启降下感觉隔音并没他该有的那么好，毕竟是全框车门+双层夹胶玻璃。剩下的倒没啥毛病了，开启了很轻巧，虽然是个5m级，但开起来的体量不像是个大车，加速是电车该有的水平。另外车机很丝滑但我却不知道该干些啥。还有个建议，试驾一开始的时候不是销售先开嘛，建议准车主坐后排体验下，帮家人做做考量，没准有不一样的感受。毕竟这个M7还是主打家用嘛。",2023/12/1,
小粽子18,车是挺好，性价比高，就是低速报警太吵，没次都要手动关闭，望后续OTA改进。,2023/11/25,南昌
一锭盈,公司提的M7旗舰，我是打工族，这是客观前提。先说外观，仁者见仁，各有各的喜好，M7外观比较中庸，不张扬不跳跃，但也不失稳重大气，外观感觉更商务些；空间灵活，看如何组合；动力系统中规中矩。,2023/1/20,哈尔滨
云久丶,大众系的外观很耐看，三排空间略小，一二排完美，lcc和高速noc都可用，自动泊车满分，非常好用，可以用,2023/11/20,泉州
星海雷霆,外观类似油车，虽然不那么时尚，但是个人感觉外观耐看沉稳；内饰简约而不失豪华；整车静谧性非常好；底盘调教略硬；车机非常好用，可以说处于天花板级别，几乎可以语音控制所有选项；纯电续航不打折扣，相当有良心。总体来说，车子好开且舒适，目前开了近10000公里，没有发现有什么故障。,2023/2/11,无锡
汽车天涯,相较于问界M5，问界M7在尺寸上更大，车长超过5米，外观设计上更为硬朗。内部或将采用三排7座设计，同样将搭载华为鸿蒙智能座舱。车身设计看上去精致圆润。隐藏式的门把手设计，线条流畅。尾灯采用贯穿式设计，整体灯组造型线条柔和，有着较高的品牌辨识度。 配备后置驱动电机，纯电续航230公里。最大功率为200千瓦，最大扭矩为360牛米，百公里加速7.8s。尽管为入门车型，但依旧配备了并线辅助、全景天窗、自动泊车以及10.25英寸全液晶仪表盘，内置行车记录仪等辅助功能。此外手机无线充电、面部识别、多种解锁方可以通过手机APP 进行操作，还有128色车内氛围灯，科技感拉满。作为入门级新车，配置丰富能够支撑日常驾驶需求。,,
高楼电梯霓虹深处,三天一洗，确实有点麻烦，但是架不住它好看。黑色车身还是很大气的，看起来稳重了不少，两驱版，动能回收开大了刹车的时候点头有点明显，其他的还好，够宽够舒服。,2023/10/24,苏州
极客小文说车,优点： 1、动力性能强劲，华为问界M7增程式的混动形式，让车辆的行驶感觉更接近于纯电车，车辆在起步加速时会有强烈的推背感，四驱车型最快仅需4.8秒即可完成百公里加速，而即便是百公里加速7.8秒的两驱车型，对于大部分消费者来说，车辆的前段加速性能也足以满足日常出行。 2、综合续航里程长，该车型的标定纯电续航最长可达195公里，而标定的综合续航最高则是1220公里，虽然实测续航略有衰减，但是在满油满电的情况下，市区内行驶的总续航达到1000公里左右还是不太困难的。 缺点： 1、操控性偏差，该车型的底盘悬架调教得非常软，具有良好的舒适性，但也牺牲了一定的操控性，车辆以较高速度过弯或者是变道时，悬架的支撑性比较差，导致车身会出现比较明显的侧倾，同时方向盘的转向手感也过于轻巧，部分消费者可能会觉得不踏实。 2、乘坐空间局促，问界M7作为一款中大型SUV，车长达到了5020mm，但轴距只有2820mm，比小一号的问界M5还要短，这就导致三排座椅布局的问界M7内部乘坐空间比较紧凑，第二排和第三排的乘坐空间都十分不理想。,,
奋发有为松鼠ARf,就是外观有待改善，能耗还行，不开空调上下班17左右，纯电200随便跑，一般到20%就要充电了，跑160左右，纯油大概7.5L，后悔没买黑的，上下一天60公里，一周起码充电3次，没有自己的充电桩比较烦人，烧油嘛又嫌贵😂,2023/12/6,上海
sunflower0819,提车一个月，开了1700公里，用电1600公里。车子很好开，六座能满足家人比较多的家庭，充电比加油便宜一半以上。以前坐地铁上班，现在地铁费差不多用来充电正好。上班路上开启自适应巡航，不要太轻松。四驱加速超级棒，就是要稍微注意下超速不要太多😅,2022/11/29,上海
用户路边蹲壹狼,电车的性能，油车的续航，外观大气，内饰上档次，车子非常安静，智能系统越用越香，用车过程中有啥问题售后非常耐心的解答，车子跑了6000多公里，就充过2次电，一直当油车用,2023/3/4,西宁
马小阳,操控一般，乘坐的舒适性很好，开起来整体还不错，就是刹车点头真是讨厌，车机流畅，续航也凑合整体还算满意，有家庭的小伙伴还是很推荐的,2023/12/12,西安
哲369,整体感觉不错，车机机速度流畅，悬挂这比较硬，在后排感觉在不平路面上有点振动。嗯，四驱的相对来说，平路上大概是22度电每百公里。在冬天的时候相对来说，能耗比较高一些，开了空调将近30度了！晚上开100公里左右就要充下电了，电费真的很便宜，平均下来也就一公里三毛钱吧，我在特来电上充的，比以前我们家老帕萨特百公里14个油省多了！,2022/12/3,大连
Zzzzzkk,外观一般，性能还可以，续航比较扎实，看脚法，脚法好可以高于官方续航，内饰比较不错，因为内饰才买的，ota很多，每次都有新体验，但是新款背刺老车主，还没有补偿，也不给升级方案，付费升级也可以呀，可惜了。,2023/12/3,武汉
凡兮说,"外观方面
问界M7走的是沉稳大气的风格，保留了大量燃油车的设计元素，特别是梯形的进气格栅面积不小，不过这个是家族化的设计语言了，沿用于问界M5，两侧大灯组造型方正，属于耐看的类型，同时新能源车该有的贯穿式日间行车灯也没有缺席。

内饰和配置部分
问界M7基本延续了M5上面的那一套，中控台比较简洁，只有一个“华为平板”，当然在智能化交互上，车机的体验在业界是有口皆碑的。问界M7更是祭出了零重力座椅，即便是长途乘坐，也能保证不错的舒适性。

动力方面
问界M7用到了增程器+电机的动力形式，其中问界M7有两驱和四驱版本可选，问界M7搭载的前驱电机最大功率均为130千瓦，后驱电机也同为200千瓦。",,
车友观察,问界M7作为AITO品牌旗下的第二款车型，刚推出的时候就备受关注。 从外观上来看，问界M7的造型延续了家族式设计语言，上方的格栅和车头大灯组融为一体，看起来还挺有科技感的。而下方的大尺寸的格栅，搭配上两侧竖装进气口，看起来还挺霸气的。 内饰部分，新车安排了10.25英寸的曲面全液晶仪表盘和15.6英寸的中控液晶屏，内置HarmonyOS智能车机系统，支持多达3400多个APP应用。 动力方面，问界M7搭载1.5T增程式动力系统，综合续航可达1100km。,,
汽车洋葱圈,【满意】 1，动力比较强，因为是电机作为驱动单元，在驱动方面更加的直接给力，加速很猛，增程机只是给电机提供电力的一种工具。 2，舒适性不错，问界M7的底盘是偏向舒适性的，颇有汉兰达的感觉，整体都是软绵绵的，适合全家人出行的一种交通工具。 3，车机系统不错，使用的是华为鸿蒙系统，操作流畅且简洁，可与华为手机实现无缝连接，用起来非常的方便。 4，内饰用料比较好，目前新势力造车，在用料方面没得说，看得见的地方都是好的用料，皮质材料亲肤，并且配置也很高，将舒适性功能打造的很高。 【不满意】 1，外观设计不理想，没有亮眼的特点，表现平平。 2，优惠幅度小，价格确实不便宜。 3，隔音效果一般，A柱位置，速度快的话风噪很大。 4，底盘韧劲差，和传统造车企业还是有一定的差距。 【油耗】WLTC综合油耗百公里1.09升，日常实际驾驶综合油耗百公里8升多，因为不怎么充电，基本都是增程机工作。 【优惠】目前无现金优惠。,,
壹度kWh,"【最满意】
最满意的当然还是智能座舱，华为这套系统确实厉害，说它是目前国内最顶尖的智能座舱之一也不过分。以前的车企也有车主APP，但那只是一个单纯的APP而已，问界却让它成为一个无缝衔接手机和车机的桥梁。你手机里的音乐，微信里的位置分享，朋友发来的大众点评餐馆，都能通过AITO APP被分享到车机中，而且速度非常快。小鹏、极氪也有类似的功能，不过整体用起来还是问界的更顺手。

【最不满意】
最不满意的是第三排，一个中大型的SUV，第三排跟小板凳一样，坐着很不舒服。虽然视野不错，但也基本只能短途应急，没法儿长途坐人。另外，三排都坐人的情况下，后备厢空间很小，几乎放不了东西。

虽然别的7座SUV第三排也这样，但人家第二排能坐3个人，第三排不用的情况下也能坐5个人。从这个角度来看，我觉得问界M7在这一点上没考虑好。不如不要第二排的独立座椅，搞个7座更实在。",,
汽车天涯,先说优点，当然是那块华为大平板了，反应速度堪称车机界的天花板，尤其是语音识别速度，让人极为印象深刻，然后就是和华为手机之间的无缝衔接，也是非常好用，高德导航碰一碰屏幕，就可以在车机上继续导航，音乐、视频播放也可以无缝来回转移。 再说说舒适度，也是很强的地方，柔软度包裹感都不错，第二排还有平躺模式，非常实用，六座配置堪称奶爸神车。 缺点主要就是车子比较大，操控感觉没有那么强，不过也可以理解，毕竟定位和尺寸在这，动力嘛，只要别激烈驾驶，日常开妥妥够用了，总的来看，除了底盘和问界M5有差距，整体竞争力还是很强的。,,
thinker88888,外观实在没有设计感，这个设计师太平庸。 动力和能耗最满意，容易驾驶，纯油油耗每公里约7_8毛钱吧。 车机越来越好用，现在超级桌面了，慢慢熟悉了就好用了。 整车舒适度一般，底盘调教还是偏硬，另外装配工艺还差点火候，有些小异响，跟合资车的装配还是有点差距。,2022/10/28,深圳
逸爸爷,车型不错，车机天花板，实用性超级棒，用过三排的SUV就不想要两排的车了，户外旅行超赞，买华为不后悔，减震方面正合适，毕竟为了车辆转弯稳定性需要稍微偏硬点的减震。,2022/10/27,杭州
放鞭炮灭新冠,"整体来说非常不错，12月份出厂的车子，车门拉线没有问题，0重力座椅没有异响。静音度还是可以的，这车开起来，没有想象的那么笨重，得益于轴距吧。说实话，后驱平时够用了，没有空悬性价比高，我很满意。

目前开了半年多了，整体还好，尤其升级了华为dats，这车开着舒服，有驾驶乐趣",2023/2/1,深圳
资深潜水员810,"外观：我觉得好看，属于耐看型。看起来很大气啊！可能跟我本身一直就开大众燃油车的眼光有关？
内饰：内饰虽然简洁，但不失豪华强。
座椅、方向盘都是真皮。座椅坐上去非常软，很舒服。
配置：在20多万的级别中，我认为已经是满配了。特别喜欢座椅通风和按摩，全车4个座位全系标配！
空间：一个字大，坐5个大人轻轻松松。
续航：还没有满油满电过，跑了两天，觉得好像满电应该也跑不到200公里。
智能化：车机非常流畅，语音小艺一叫就来，响应及时，但后驱版没有自动驾驶。

【驾驶感受】非常易上手，驾驶总的感受偏舒适，家用非常适合。昨天跑了个小高速，开了ACC自巡航模式，感觉非常轻松，看来回老家800公里也不是什么难事了！",2023/9/28,佛山
Ares9098,"【最不满意】
价格稍微高了点，但是有电吸门，还会有一些额外的福利，也觉得还可以了。

【油耗】
说是7个多，也不知道能不能做到，如果真的是这样，那这么大个车还是能接受。

【续航】
满油满电1000+。非常满意，纯电也100多公里，够每天的日常通勤，也可以。
【最满意】
鸿蒙车机天花板级别，果然还是华为，丝滑非常丝滑，而且会永久免费升级。
【销售态度】
销售还是挺好，讲解比较认真，而且态度不错，所以下了个小定，1000抵5000。也还可以不要了可以退，没有任何套路

【空间表现】
零重力座椅满分，舒服得很，舒适度拉满，果然pk百万级别还是有点东西，希望后期试驾的试过后还是可以让我满意。。。。。",2022/7/29,
南京卡子门用户中心,【最满意】整个M7的外形真是挺招人喜欢，松霜绿的颜色也很耐看 【最不满意】感觉第三排的空间稍微有点小，大概只适合小孩儿或者临时坐一下，更多时间还是放倒吧。 【乘坐体验】这个座椅的按摩很得劲，通风也蛮好的（座椅加热大夏天的没有试）,2022/7/12,
Ares9098,"到店里看了车，最满意是觉得空间非常大，而且零重力座椅非常舒服，而且二排座椅很大，空间很大。
【最不满意】
可能增程式还是不让我很放心，毕竟两套系统，其他方面还好。
【驾驶感受】
现在没试驾车没法体验到，等试驾车到了再感受一下。
【亮点配置】
鸿蒙车机很流畅丝滑，果然对得起这个车价。非常平顺，我遇到的车子最流畅的车机，语音助手也非常连贯。

【动力表现】
因为没试驾，但是听说跟m5提速差不多，我试驾过M5，动力非常平顺，刺激。m7这么大的车如果也能做到m5一样还是非常期待。
【维修成本】
销售介绍说这个车子后期维护成本也很低，这样看来买新能源车子也很划算，毕竟30+的车子保养这么低还是比较满意。",2022/7/18,
用户1277696814720,在仓山万达看到这个展车，外观还行吧，我喜欢这个绿色，包括内饰的豪华度，是我目前看的车里面可以说是前几了，后面问价格要32万，价格还可以。特意体验了0重力桌椅，和我家里按摩椅一样舒服舒适，第三排给我很大的惊喜，确实做的很好，空间不错。我自己用华为手机，所以用这个车机觉得特别不错的，尤其是语音，华为确实挺厉害的，刚开始以为就是软件，销售和我说电价部分也有参与，这就好，华为品牌还是值得信赖的。可惜没有试驾车，不然想试驾下，听说福州就这一台。给我介绍的销售给我留了挺深刻映像，不像4s店感觉都是套路，都是以讲解为主，应该是推广这个品牌吧，能够看到这个品牌的真诚，华为确实厉害，喜欢他的全部互联。说29号下定有优惠，我小定了一台，等试驾以后再看下吧，试驾过m5，不错。,2022/7/25,
ningning8875,操作可以，内饰可以，续航一般，最不能忍受的是开空调的时候车会有异响，尤其是待车的时候，不知道大家会不会？,,
电动EV,【最满意】 1.问界M7的前格栅采用了上下分体式的设计，上方为窄条幅倒梯形造型，同时与两侧的前大灯相连组成了贯穿式灯带的效果。下方格栅尺寸更大同样为梯形造型，内部有镀铬横条装饰用来提升整体的精致感，让人觉得内敛又精致。 2.在豪华配置和舒适性方面，问界M7后排座椅靠背支持六档至多33度的调节，同时配备独立音响，空调出风口和照明灯等配置。作为全车的亮点之一，AITO零重力作揖采用了人体工学设计可以更有效舒缓疲惫的状态，很合适对舒适度有要求的爱车人。,,
驾仕派,【最满意】问界M7的优点主要体现在其智能化、网联化、电动化方面，这些都是华为的核心技术优势。HUAWEI DATS 2.0系统可以实现全场景的自动驾驶和远程控制，提升了驾驶的安全性和便捷性。问界M7还配备了华为鸿蒙操作系统、华为HiCar智能车机系统、华为音乐、华为视频等服务，打造了一个智慧生态平台。问界M7的增程式动力也是一个亮点，可以有效解决纯电动车的续航焦虑，同时也保证了低碳排放。 【最不满意】问界M7的缺点也是有的，比如其外观和内饰设计比较保守，没有太多的个性和创新，与其高端智慧的定位有些不匹配。问界M7的空间也不算宽敞，尤其是后排的头部和腿部空间都比较紧张，这对于身材高大的乘客来说是一个不便。问界M7的售价也不算低，虽然有补贴和优惠，但是相比于其他品牌的同级别车型，还是有一定的差距，这对于价格敏感的用户来说是一个考虑因素。 【市场表现】11月问界全系交付超1.8万辆，对于问界的销量我想整个市场上应该逐渐从惊讶变成习以为常。其中，M7是绝对顶梁柱，交付量达到15242辆，占比达到81%。同时问界还不无“嘚瑟”地表示，M7上市两个半月，累计大定已经突破10万辆。遥遥领先，不可小觑。,2023/12/2,
用户5199163290132,在这个价位我感觉性价比最高，我用车的时间不多，整体感觉不错，外观也没有那么丑，越看越好看，内室选择的是杏色，不耐脏但是好看。,,
车载娱乐,【最满意】依靠纯电驱动，中低速状态下，加速和驾驶感受比较顺畅，又没有纯电的续航焦虑，如果充电方便的话，日常市内通勤的使用经济性，非常不错。同时，华为的车机系统，功能和反应速度也很好，智能化配置丰富，基本我们能想到的，这车都给安排上了。 【最不满意】相比蔚来、小鹏、理想等同价位的SUV，问界M7的外观比较普通，缺乏了些许科技、运动元素。另外，由于车身尺寸中规中距，满载状态下，第三排乘客的腿部空间、后备箱空间，都不是特别宽敞。,,
好奇北海0N4,"平时比较喜欢关注汽车类，偶尔也会在大街小巷中见到问界车，无意间线下了解到M7车型，体验顾问耐心细致的讲解，发现现在已然是新能源汽车的天下，并且见到实车进去感受到坐一坐，
【最满意】
外观设计简洁大气，内饰的简洁明了，豪华感

【乘坐体验】
六座的布局宜家更宜商

【油耗】
据说市区开完全可以用电，降低用车成本",2023/4/8,
车印记,凭借卓越的智能化体验、舒适的大空间以及领先的智能安全，问界新M7上市两个半月累计大定已突破10万辆，其中智驾版占比达60%，城区NCA选装率达75%，智能驾驶成为很多用户买车的重要考量，也进一步促进了智能驾驶的普及和发展。为给用户提供更多选择，问界新M7 Max后驱智驾版已于11月28日正式上市，五座版28.98万元起、六座版30.98万元起。,,
高豆豆说车,"问界M7 2024款 1.5T 四驱Plus版 5座是一款新能源中大型SUV。这款车搭载了华为智能语音系统、全液晶仪表和中控大屏等高科技配置，提供了便利的驾驶体验和娱乐功能。在外观方面，车身流线大方，大灯摄人心魄，识别度超高。内饰方面，座椅材质为真皮+仿皮，细节决定成败。

从性能上看，这款车搭载1.5T 152马力 L4增程式发动机，功率112kW，扭矩205N·m，百公里加速4.8s，能源类型为增程式，变速箱为电动车单速变速箱，驱动方式为四驱，四驱类型为电动四驱。在空间方面，车内空间非常大，座椅全部放倒后，可以形成行走的一室一厅。

总的来说，问界M7 2024款 1.5T 四驱Plus版 5座在外观、配置、动力、空间和舒适性等方面都表现出色，是一款值得购买的新能源中大型SUV。然而，具体的购车选择还需要根据个人的实际需求和预算来决定。",,
泽峰1,【购车经历】 其实车还是不错的，但是购车经历确实很糟糕的，特别是售后积分的问题，这个我还在维权。这个车最大的缺点有2个，一个是背刺老客户，一个是雷达对于探头杀等问题能和智驾一样就好了。,,
黔行记事,"【看外观】⭐⭐⭐⭐
第一眼看到问界M7的展车，就觉得很沉稳大气，前脸依然带着AITO家族的设计语言，进气格栅看着就那么熟悉，但不同的是AUTO的车标由一条贯穿式灯带点亮了，看着确实吸睛漂亮，极具辨识度！车身腰线和尾部的贯穿式尾灯设计，相互呼应，彰显简约与气度，细细打量，的确属于耐看型！

【试座舱】⭐⭐⭐⭐⭐
作为一款大型SUV，可能很多朋友和我一样，更关心的还是空间，官网参数看到轴距为2820mm，但很惊喜的是，乘坐舱空间却略高与理想ONE，这一点很给力！大六座的座椅布局，满足了家庭和商用的不同使用场景。尤其是对二排的零重力座舱很赞，说实话，坐上去一键放倒，按摩通风一打开，舒服的躺姿势秒杀其他车型的女王座舱。这个零重力设计，值得加分！

【说续航】⭐⭐⭐⭐⭐
若说动力和续航，我觉得当下换增程式的解决方案，是真正符合国情的。尤其，像我们经常在贵州这些地县市乡镇考察采风的人来说，更为方便，没有充电苦恼，也无里程焦虑。1000+的综合续航，轻松应对随叫随到的旅划出行，经常一个旅程出去就是四五天，随行相机电脑咖啡灶具反向供电也特别实用！这是电车带给人更便捷友好的地方，以前购买的电小二、户外移动电源都可以省了。

【论感受】⭐⭐⭐⭐⭐
至于驾驶舒适性，还说什么呢？体验过问界M5之后，就对这种平稳轻松舒适的驾驶体验所打动了。听说试驾车要月底才到，期待再次试驾。这样一款集华为的科技智慧，同时又兼顾安全舒适豪华的大型电动SUV，还有什么可以挑剔的呢。三十万出的价位段，确实很出色了。
如果发布迟一点，可能都等不及选择理想ONE了，但现在，果断相信问界M7！是我和工作室的伙伴，都一致喜欢的车型，大家都巴不得我直接安排了，哈哈！
因为平时采风摄影，所用器材除相机外，就是华为的手机了，正好这款车的车机系统，可以实现无缝连接，以及车家互联，工作室的华为设备，也就方便控制了，说来，这又是一个加分项！
【总结】👍🏻👍🏻👍🏻👍🏻👍🏻
总体来说，这款大六座的电动SUV有了华为的赋能加持，确实让驾驶与乘坐体验评价拉满。简洁大气、智慧豪华、里程无忧、舒适享受。AITO问界M7，在新势力造车这个领域来得正及时，也相见恨晚！
期待交付时间可以早一点！",2022/7/10,
沧海无尽216,车到了，大聪明版，六座。聪不聪明目前还不能下定论，毕竟刚拿到车，先说一下初步体验。 首先车内的味道很淡，新皮包的味道，估计半个月就消得掉。 座椅很软，可能是我开过的车里面，座椅最软的一台了，坐着很舒服。 智能驾驶还没用过，不过车机的表现让我心里面有底了，屏幕随便划，随便点，一点不带卡的。 六座，第三排的座位看看就好，试驾的时候也发现的，只能拿来应急，成年人勉强能挤进去。,2023/10/14,重庆
车似生活,"【最满意】
对于M7来说，作为一个六座的SUV，在空间利用方面可以说做得相当主流化。能够满足大部分家庭的日常出行需求。对于增程式的发动机，能够更好地解决里程焦虑，让许多只有一台车需求的家庭一次性满足多个愿望。


【乘坐体验】
在行驶质感方面，车辆提供更有舒适性的悬架调校，能够让每个乘客都有更好的舒适感受，尤其在车内音响方面的调教以及静谧性的控制方面，也是延续了M5的高品质。",,
线外邦,"作为一款卖到30万以上的车型，问界M7身上有很多的优点，同时也有着不少的争议。

优点方面，它的智能车机表现很抢眼，由于使用了华为的鸿蒙座舱，它的15.6英寸大屏的显示不仅非常清晰，内置的系统更是十分流畅，且支持的功能非常丰富，配合华为手机，可以在车机上直接调用华为手机上的所有APP。

空间也是它的优势之一，整体的尺寸达到了中大型SUV，加上2+2+2的6座布局，乘坐空间较为宽敞，并且第二排右侧的座位采用了零重力座椅设计，舒适性的表现也十分出色。

动力也是优势，其采用了增程式混动的动力，虽然这类动力系统的技术被认为落后，但实际的效果却很不错。在大部分时间，它都可以充电使用，使用成本很低，并且动力体验十分出色，而在出远门或者充电不方便的时候，它又可以用油，解决了里程焦虑的问题。再加上它可以上绿牌，在大多数城市都可以获得新能源车的通行权限，综合的优势较为明显。

当然，它的缺点也存在。首先就是外观设计，作为一款卖价超过30万的豪车，它的外观居然跟只卖10多万的东风风光iX7有很多相似之处，看起来不够大气。当然，问界M7本身就是在风光iX7的底盘上改造而来，这个缺点也没办法避免。

也正是这个原因，问界M7的底盘结构也不够高级，其采用了前麦弗逊后多连杆的悬架结构，虽然日常用起来没什么问题，但缺乏了高级感。

综合来看，问界M7最大的卖点就是华为的加持，华为汽车的身份，抛开华为的背景，它或许就不值30多万了。",2022/7/19,
透明黑暗,9月20号提车，一定要等付了钱，买了保险，系统才给升级，系统升级等了好久，怎么客户提车前准备好 4S店合作送的贴膜，只有三张，合作门店环境一般 开了几天，发现定位有问题，好几次明明车子已经开回家，定位一直显示在外面，联系厂家售后，厂家让联系当地交车中心，交车中心又说是厂家系统问题，要等升级，什么时候升级不知道 增加的零重力座椅，用了没几次，发现坏了，前排座椅不能往前移动，腿托不能打开，问了交付中心，说要预约让我车子开过去检修，才拿到车不到十天😂 买车送的露营套装，到现在还没发货，问什么时候发货，说不知道，缺货中，当初小定海报这么宣传着，怎么售后跟进那么差 行驶感受，避震硬了点，路面稍微有个小坑，就感受很明显 之前宣传的500万还是100万以内无敌手，这这两天，这售后。。。。。,2022/9/30,杭州
用户4655504785834,能看到的地方都很高级，比如座椅皮质，内饰氛围灯，大屏等，看不到的地方都很拉夸，比如纯电续航50km，综合续航600km，地盘回弹较多，和20万的车差不多，音响听着干巴巴的。,2024/1/21,银川
I无心税,"【购车价格】
我买的是2022款两驱舒适版本，为了早日提车，定的是不带零重力座椅的那款，裸车价31.58万(首订优惠4000元)，然后呢我是深圳提的车，还申请了当时的深圳的市补和鸿蒙补贴，加起来一共两万补贴。然后厂家又送了露营套装，还有一个充电桩，店里送了一个华为手表WHAT3，最后我把这些送的东西全卖了，综合卖了9000元，如果按扣除这些的话，最终这个车的裸车价为:31.58-0.9-2=28.68万元，虽然不是全网最低，但是相对算划算了。

【续航】
目前用车快3个月了，就加了300块钱油后就一直没再加了，当时加完显示好像可以跑400km,陆续用了后，目前油还可以行使374公里，充电的话基本是一周一冲，因为我们地下室不能装充电桩，我都是外面冲的，约1.1-1.5元/度电不等，每次基本都是50元左右，如果开个滴滴加油会员，每次还有减免。对比我之前每周加200元油，基本省了四分之一三了，算是很划算了。

【最不满意】
最不满意的算他的辅助驾驶功能，没有用到华为家的那个高版本的辅助驾驶，目前这个用起来很鸡肋，车速稍微慢点就无法开启，开启后又不怎么稳定。",2023/7/26,深圳
用户9677371073953,底盘摇摇晃晃 太一般了，ota鸽了又鸽。。语音助手也没有网上看的那样智能，经常无法识别或者干脆没反应,2024/2/12,福州
机智的海风Ap,破车一台，买了之后发现很多问题，最大的一次是行驶途中突然停车不能启动，最后让拖车拖走。幸好不是在高速，不然车毁人亡。还有倒车时有时候没提示音，撞了都不知道。另外车内还经常有异响，电流声，搞的人很烦，问了说是空调声。,2023/4/29,邵阳
车载娱乐,"华为下场造车的第2款车，相比“超越百万级”的口号，我觉得这款车的产品力比较一般，外观方面，惊喜感不够，整体风格四平八稳，运动和豪华两个方向都有些不搭边；空间又有些小了，多座位SUV本身就强调多人口舒适乘坐，但它的车身长度和轴距，在同级别没啥优势；配置上，零重力座椅确实比较新颖，但只有顶配车型提供，而且使用的话，会挤压前后排的空间，实用意义不大，多媒体系统算是亮点吧，有华为手机的话，连接会相当方便，但驾驶辅助系统比较常规，没有华为赋能的极狐阿尔法S高阶；动力系统算是小亮点，相比理想ONE，它提供四缸的增程器，纯电续航里程也不少。

但综合衡量，这个车在设计、空间和配置方面的表现是相对比较中庸的，动力系统有小亮点，多人口家庭购买的话，最好仔细体验一下空间，根据自己的实际需求来判断是否够用。",,
音速大梦11,"【最满意】可以“躺平”的零动力座椅，相比一众航天座椅的MPV优势在于，躺平后能承托起身体的每块骨头和肉体，感觉得到是零压力，身体就像漂浮起来一样，身处太空的享受。

【最不满意】第三排太小了，不像5米车长做出来的空间，小的不如隔壁紧凑级的奇骏…后备箱空间捉襟见肘，带BBQ的工具都会放不下，最多两个20寸行李箱。目前不能在车上接PS5等主机娱乐，软件商店实现的娱乐也不够，最基础的3ds作品，古老的红白机作品卡成PPT。电脑投屏延迟贼大，比电视机的延迟都大，声乐画面不同步，也没有小鸡模拟器类的app。没有方向盘加热。",2023/2/7,
自强不息铅笔7b7,"去年年底提的丐版m7。因为这是第一部车，摇不到号就选新能源。纯电还是怕续航焦虑，所以选的混动（这里奉劝新手买家，买车千万别怕，大胆一点去试驾多点车型，不要上头。）在商场看到华为店里有车就进去看了，刚开始觉得这车外观大气，内饰也好看，加上华为加持就约了试驾。这车空间和舒适度很好，家人都很满意，当晚就大定了。唯一不满意的地方就是那时经验少，销售也没跟我说max跟plus的区别，那时候只有四驱智驾价格贵了6w所以没考虑（当然这是我穷的问题，后面才发现plus版不是华为方案，只能拿价格来安慰自己，直到提车了来个后驱智驾版我吐血了。）
优点：这车我觉得属于六边形战士（啥都有但都不突出）开了三个月除了转弯有时候会异响其他没问题，这么大的车对于我这种新手司机来说算好开，后排舒适度高，奶爸车来说很合格。
缺点：避震方面很一般，无论是减速带或是稍微烂的地面车里都荡得挺大的。外观不用说了，不像电车?尤其后面看到阿维塔之后，就。。。后尾门关门像放鞭炮一样崩的一声，小孩睡着了都不敢去关，希望可以改善一下。还有第一次去保养我是不满意的，不洗车不充电就叫我去拿车，我问了之后才说很忙，但还是帮我去充电了。主驾后面的皮掉下来了，工作人员也登记在本子里了，拿车的时候居然没弄（问界现在大卖，希望服务方面也能跟上。我坐标佛山，车友群里其他城市的店服务很好，简单检查都会充满电洗好车再归还的）
电耗不会算，始终在20以上不知道算不算高，跑高速燃油优先就8-9l 反正就加了两次200块钱，应该还行吧。人生第一台车总体来说还是不错的，这台车偏家庭向，20多w的预算还行，希望可以对其他对这车有意向的车友有帮助吧",2024/3/16,佛山
