字段1_文本,字段2,时间,字段3
基尔查毕理,"【购车经历】
突然准备买个车就开始看了，从纯电看到纯油又看到了混动，最后byd宋和领克进入决赛圈。宋的外观我觉得还不错但是内饰确实比较一言难尽，特别是方向盘上面那个大字还是个蓝底，每天看到真的比较糟心。所以试车的时候就直奔领克4s店了，准备混动的03.01看一看选哪个。
后来突然想到emf还要给购置税，同配置算下来并不比emp贵多少，而且绿牌成都可以不限行，路边停车也有优惠于是就直接选了emp版本，毕竟03也没有emp?



【空间表现】
因为底盘中间的T型电池，所以档把下面是完全实心的，并没有很多新能源车一样的掏空。后排地台中间也有一定的突出，不过比起之前的很多车还是好很多。前排储物空间整体比较局促，东西一般都放后排。后排放倒的话大概10度左右，没有纯平不过也够用。［见图一］           一体式座椅很帅，但是也侵占了后排的空间，而且用久了有一点塌，其实也没多久就一个多月［见图二，三］
 不过我170调整好之后后面也还不顶膝盖，同时试的02就有点顶了，但是02的屁股是真的好看阿




【智能化】
因为一直想要hud所以加了选装包，整体用起来看的很清晰，但是配套的百度地图是真的捞，经常乱导航。希望魅族接手车机之后能选用高德。提示的话如果再详细会更好，一些比较复杂的路段还是要低头看大屏才能看明白，显得鸡肋了不少。选装包一万其它的功能基本没用过。
领航功能高架桥和堵车的时候还是很解放右脚。
香芬需要自己加精油，我一次都没用过，据说是加六神都行?
自动刹车再倒车的时候有时候过于灵敏，还有半米左右就突然刹停我甚至以为都撞车了
车机系统目前遇到卡360一次，自己重启一次，整体流畅度不错不过第三方软件约等于没有。只能说未来可期。



【续航】
emp的70公里纯电续航基本能做到1:1甚至更多，唯一不足是只有慢充且充电头在左前方。很多时候需要直接怼到停车位才能充电。还好公司楼下慢充桩很多而且车少，不然只能买一个快充转慢充的转换器，官方4999，淘宝可以2000多买到功能类似的。不过安全性未知


【驾驶感受】
日常我使用的是智能模式。整体悬挂偏硬，面对减速带后排震动比较多。左右晃动有点过于明显了。有电的情况加速很给力，匮电状态下油门需要踩的更深一些。40/60码的时候会有一个降档补油的感觉，不是很线行。高速目前开过一次，120的速度感觉也挺稳。
前排双层玻璃隔音很给力，开窗明显会吵闹很多，还好领克新车味道不大，关门开车也不怕中毒。
上坡和转弯的时候偶尔中控台发出异响，问了下车友，说的恭喜我是正品领克??。要走高端路线还是希望能把细节做好，每次响都觉得自己开得是一辆20万公里的老爷车，其实才2000公里


【油耗】
市区匮电的话表显6个左右。整体还算满意，500块钱油目前跑了2000公里，当然也偶尔冲冲电。外面1.4左右的商业充电我充值300块也还没用完。还算满意


【保养】
1.5万公里一次的保养比起之前烧95的领克可以说进步巨大。具体花费只有到时候才知道了

【总结】
可能它不是一辆完美的车，但是他的确让我享受到了很多的有点。市区用成本低，可以跑高速没有续航焦虑，偶尔能够激情运动一下，也能满足我的家用装货需求。颜值也顺眼，每天看的内饰还满意。硬要说可能价格稍微不那么友好，比起byd的性价比确实差了一些。但是钱可以再挣嘛，这种年轻的不妥协和冲劲可能以后就再也回不来了。就想领克的logo一样，没有完美，总有缺陷",2023-01-05,成都
为什么名字那么难改啊,"感谢圈主星巴克在逃星选美式推荐 1,个人情况简介 23款01EMP，10月15日提车。目前1900KM，APP表显综合油耗5.9L/100km，电耗3.9KWh/100km，（近一个月使用智能模式，不充电，相当于EMF的情况使用），刚提车半月内纯电使用电耗为12KWh/100km，无空调 2,提车价格 裸车指导价22.78，落地车22.38w+保险5721元,全款，官方优惠4000元 3.真实用车体会 1. 外观内饰做工、用料 10月15日提车，有轻微塑料异味，车内购买竹炭包，大概3天左右异味散去 顶配版本，NAPPA真皮+Nubuck翻毛皮座椅体验十分优秀！舒适感拉满！强烈建议后排也能加入选装，非常的舒服座椅内饰没有异味，车内轻微塑料异味大概率是当时包座椅塑料长期在停车场停放暴晒导致（政策原因车到了很久流程没有走完） 2.驾乘空间 在选择车辆时最大的考量便是空间问题，本人170，上下空间充足，头部足够空旷，腿部没有局促感，长时间驾驶过程中不会有被束缚的感觉。后排空间同事在乘坐后表示比较舒服，一米八身高同事在后排乘坐时需要前排乘客调整座椅，略显紧凑。后排中间凸起部分比较影响乘坐体验，但其实以前的车也有，而且我自身用车环境来说并不会经常满客乘坐，所以对我来说没有担忧点。后备箱空间对我来说十分充足，提车后很快就进行了搬家，还是很能装的 3.动力感受 纯电模式：高灵敏，在起步、变道、超车过程中平滑，响应积极，十分舒适，我非常喜欢 智能模式：更加稳重，油门前半段稳提速，后半段多数应用于高速过程中，加速比较有力量，很跟脚，急加速下会有顿挫但较为平顺，很像油车的加速换挡感觉，喜欢传统油车的驾驶体验的话会很喜欢这种感觉，低速中会比纯电模式响应慢一些，进入60码以上后，发动机全部介入时，高速状态下响应会比低速更快一些，更加接近传统油车感受，不会出现高速无力感，驾驶的时候会给司机非常足的驾驶信心 运动模式：应该叫油车的纯电模式，他的响应就很电车，给人十足的驾驶感。偶尔驾驶需要激情的时候还是很舒服的 Ps：本人新手司机，以上感受仅代表个人，驾驶体验这种主观性极强的东西，还是仁者见仁智者见智了~各位当个参考看看就好~ 4.乘坐感受 驾驶过程中，座椅感受非常舒服，赛车式的包裹感要比传统油车座椅来的舒适多！整车隔音也十分惊喜，之前在选车时看了不少视频，都有对胎噪，高速风噪的担忧，毕竟是SUV。但在实际用车过程中隔音十分NICE！风噪在90以下没有明显感觉，90码以上，无音乐播放的安静环境下在两侧后视镜位置有漏风的那种风噪，声音不大，开音乐的情况下是基本听不到的，这个还是通过其他车友发现的。对于我自己来说这点风噪完全可以接受。不影响驾驶感受 关于顿挫以及底盘，一个多月体验下来，底盘偏硬，但这个是在试驾过程中就了解了，毕竟年轻人还是很喜欢这种感操控的感觉，相对于较软，像船一样的感觉本人不是很喜欢，这个东西就是仁者见仁了。变速箱顿挫的体验是从智能模式下的急加速中才会出现明显感受，顿挫比较明显，有时会出现响应不及时，副驾也会有明显感受 5.油耗感受 目前跑了1875km，全为通勤，单趟30公里，80%高架+20%市区，实际应用环境高架上班多数堵车只能蠕行，一整天60公里中40%速度会在80码左右，60%会在40码以下，综合油耗是目前表显是5.9L/100km，我做了一次满油馈电测试，最后剩余5.7L油，一共跑了649KM，每天单趟30km耗油1.5L左右，如果5.7L油跑完，就能再多跑114km，一箱油总里程就是763km（当然不会有人这么极限开车） Ps:强烈建议，赶紧更新这些个设置，保电设置不记忆好蠢啊！ 6.功能感受 360全息影响新手司机最好的伙伴！ 自动泊车对于完全无法独立停车的新新新手是非常棒的！不过有一定基础后，既使还比较新手，自动泊车就略显鸡肋像一个玩具功能。主要原因两点： 1.速度慢，多次进出找角度，这个可能是程序对于入库路线优化问题 2.应用场景有限，对于划线清晰的地库自然是没问题，但对于小区砖块画出的线或者是年代久远，线条不清晰的线路，无法识别，非常依赖划线清晰与否 音响效果 音响效果非常出众，有很好的环绕效果，我现在每天上车第一件事就是开音乐 4最不满意： 1.导航 强制只有百度地图，很蠢，当行播报反应慢导致错过出口，频繁出现。强烈建议更新应用商城！ 2.车内设置无法记忆 保电设置无法保存，每次上车都要点一遍，没啥大碍，就是显的这个8155芯片很蠢，用汽车参加马拉松，该发挥的价值是一点不发挥，希望OTA可以拯救他吧 5.总结： 合适的价位买到了心仪的车无论动力，舒适度，幸福感，拉满，对于目前出现的一些小缺点，可以接受，但一定要改！知错能改才是好孩子。朋友买车我还是会推荐领克，在我个人看来，安全、高级感、里程无焦虑、智能化领克都兼顾到了",2022-12-02,
急急国王c,"感谢圈主星巴克在逃星选美式推荐
【提车价格】落地227800，裸车价221800+7000保险.无其他费用。赠品：保养2次，全车窗膜，商城888脚垫。还有一些小礼品。还有一个就是商城可以领的放电枪。


【购车经历】对比了几家，价格都差不多是这个区间，我是10.17提的车，当时基本都有现车，最终是看服务选择了销售方。对比过宋plus·dmi，海豹，以及拿铁DHT。BYD等车基本都比较久所以最后选择了放弃，个人还是很喜欢海豹的外观的，拿铁的外观比较中规中矩，唯一的优势我觉得就是比领克01空间大。

【乘坐体验】前排运动座椅，外观霸气，黑白相间的内饰，高级感满满，就是比较难打理，也担心时间久了泛黄。前排的座椅包裹性很好，大幅度的打方向盘不会有拖拽感，后排我只坐过一次，中规中矩，中间凸起比较大，整车坐4个人感觉可以，5个人会很挤。后备箱空间算是比较满意的，电动尾门也省时省力。座椅通风感觉不是很明显，方向盘加热不错，在南方开一档完全足够。汽车香氛新系统味道有时候很浓有时候又闻不到味道，中控只有一二三档调节，具体是怎么操作逻辑还需要研究，平时用的也比较少。行车记录仪的话分辨率可以，但是没有后置的，需要自己加装，记录仪不能通过手机查看，没试过导出（听说是需要通过TF卡）。

【驾驶感受】提车两个月了，行驶总里程3100km。三种动力模式，纯电/智能/运动。
纯电：动力很足，但是回收比较明显，容易晕车。
智能：大概是80速以下都是纯电驱动，80速以上发动机会介入。
运动：轻点油门就很给力，感觉车很轻盈。提速很快。
个人推荐：智能模式+自动回收，习惯后感觉比较好用，也经济一点，基本可以通过油门来控制车速。
其他感受：中控那里常有塑料异响，在急加速或者减速，以及高速过弯的时候比较常见。行驶中有过一次车机异常重启，会警报几声然后黑屏重启，好在车辆能够正常行驶，没发生安全隐患。然后近期有发现过一次胎压监测系统异常，仪表盘会显示，车机数据有个检查会发现4个轮胎都有异常，解决方法是熄火停下跑一段路就不会了。手机的app的行车日志有20天没更新了，试过开关，卸载app暂时还是没法解决。车机蓝牙钥匙迄今还是没连接上过。咨询过客服，都需要去4S店解决，答复就是车机需要刷bios，后续会找个时间去店里看看具体是怎么回事。

【续航】官方电池续航是70km，天气不冷的情况下是能达到的，在市区的路况下。最近转凉，电池续航会有缩水，大概是只有60km左右的续航，本人在深圳，温度还不是特别低，目测北北方的话折扣的应该会更厉害。

【油耗】馈电跑了半个月，油耗大概在6左右，跑了大概500公里，高速和市区各一半吧，仪表盘和APP都会有些虚标，好像是按照最近的一段路程给出的油耗。但是总体这个馈电油耗的表现还是比较满意的，馈电跑的话建议开保电，油耗会比不保低，动力响应也会更好。槽点就是油箱太小，只有42L，然后发动机启刚开始启动时会有明显的抖动和声音，不过问题不大，只要是发动机运作都是有这个声音的，一会就会灭有。

总结：完美主义者建议不要入，确实小毛病挺多的，但是总体性价比体验还行。",2022-12-18,
梦游夜猫子,黑色恶魔，一眼定情。（九宫格打字输入EMP，会出现恶魔，所以我称呼我的塔姆为恶魔😈） 选车：9月份有购车计划，本来在BYD宋和唐之间做做选择，宋整体都可以，定金都交了，但是后来觉得做工真心一般，逼格不高，品质没达到我的预期，后来看了唐，想了想总觉得BYD这个牌子质感没达到我要求。偶尔的一次，是在10月6日，独自跑到领克的4S店看了一下，因为几年前也看过领克的车，觉得内饰外观真的是符合我的口味，这次一看觉得更加坚定了我的选择，后来也在懂车帝和汽车视频多少看过一些领克EMP的介绍，然后一眼就看中纯黑色的01EMP，当时店里只有一辆Emf试驾车，然后就试驾了一下，行驶质感比较符合我的驾驶习惯了，有动力还省油。随时就交了定金，因为销售说国庆期间订车有很多优惠政策，（感觉自己是交定金爱好者- - ），然后就是漫长的等车过程。 等车：6号订车，20号的时候销售给我发图说车还在杭州，走的是火车运，我心拔凉拔凉，想着10月份能不能提到车还是另说，车到郑州了，然而郑州由于口罩问题，一直运不过来，销售说等下个月吧。终于终于，11月7日，车到店里了，然而我被困在温县居家静默（也是口罩）。 提车:11月17日，也就是今天，终于解封，到店，刷我滴卡，提了车上了牌，自选了一个还不错的牌照，然后洗了车，干干净净的新车，垂涎欲滴😘😘，后续会更新用车感受和油耗分享。,2022-11-17,焦作
仓颉,"当初从宋pd看到唐dmi，虽然论性价比都是非常值得的，可就是坐进去不怎么喜欢，太老气，然后发现领克也出了插混，一直都是对领克的车有好感，不管是外观还是内饰的搭配看起来很有质感。虽然8月份也只是试驾了emf，当时也觉得那个三缸机地板油嘶吼起来有点难听，也只是雷神混动那一套换名字，后来想想星越L混动也出了一段时间，没有听讲有很多大问题，就抱着尝鲜的心态定了emp。毕竟在我的城市，对新能源支持力度还是挺大的，小区装充电桩也不是问题，城区道路充电桩也多。
        买来到手实际开了半个月，暂未发现比较大的问题，就我认为，能买三缸都算是够支持领克了，好的方面主要还是座椅真皮，车辆隔音静谧性对得起这个价位，音响也算不错的，底盘质感也可以，不是外挂电池，起码也不容易磕到电池。空间上三口之家还是够的，主驾配上了座椅通风，有hud也是优点之一。
        说说发现的一些缺点吧，确实车机还是很拉胯，一些功能都不带记忆，比如香氛就得每次都打开，app的智能化也不够，不能远程查看行车记录仪，就连遥控泊车功能到现在几个月了也还没开放。
        再怎么说也只能等他后续优化了，如果后续能好好完善还是考虑开个7，8年的，不然就等着三年7折换购咯。。。",2022-12-28,柳州
柳州某某卓,"从车展看星越l开始，又挑到比亚迪宋。
交完宋定金，等了一个月，按捺不住，又去试驾了比亚迪唐，大众id4。
后面又回头看星越L的时候，刚好领克4s展厅在隔壁，停在他门口时，跟老婆讲，这个领克内饰很年轻的啵，去看下。
本来也是聊她好玩而已，因为之前路上跟她介绍领克时，她嫌弃那双蛤蟆眼。
来介绍的年轻导购很热情，直接上车，试驾一圈。
老婆被路上的底盘质感惊艳到了。说坐了那么多辆车十七八万的车，还是第一辆过颠簸路不晃，有韧性。
回到展厅聊的时候，又发现01的油车，太耗油的，怕到时用车不自由，毕竟开的宏光mini恨不得打瓶加油都开车去。再加上价格抵不过三年油费，就打道回府了。
后面是在纠结要不要在宋的基础上加4.7万直接上唐，毕竟二胎家庭。
在这期间老婆又见到21.58的插混01，虽然只有70km续航，但勤快充似乎也满足市内通勤。
关键老婆念念不忘01的内饰的质感。似乎这才能给她幸福感的大玩具。想想贵2.5万就可以上了。
于是又回去找领克销售年轻仔讲价。
期间谈价也是过了好久，毕竟过日子超过预算太多就不冲动了。
后面谈到21.x万落地直接要展车，这个价格没参考性。一个是刚好6周年活动，厂家老师过来有些权限，二个也是少了撕膜的快感，三个是车子10月份的，再压一个月就成库存车了。
另外看到深圳车友有补贴两万多，所以这价格，不算高也不算低了。

昨天16号八点提车。",2022-12-17,柳州
甜麦圈翠西,"一.5月4号提车 岳父给配的婚车，后期主要我媳妇开已经开了3500➕了。油耗目前开到百公里4.6 。馈电情况下百公里油耗6.5 我基本每天都会充电，慢充2个半小时，送的有快充转接头，大概充满需要1.5个小时 平场就是接送媳妇上班➕自己通勤。
二.享受政府补贴6k ，遇到01降价反现4k ，店里优惠3k 。
空间这个级别还算可以，座椅很舒适，媳妇想要的电动座椅 辅助驾驶 电动后视镜360影像都有，还有燕飞的音响  电动后备箱。
三.驾驶感受还算可以。静音性不错，唯一可能的一点就是他是个3缸机，但是目前我感受的没有什么大问题可以接受。
四.车机的话 23款更换了8155 算是流畅吧，还没有出现卡顿或者死机情况，但是好像祖传的车载导航会出现漂移 ，说是会升级系统 期待一下 希望可以安装使用高德地图。",2023-05-26,西安
江南怪杰a,"【空间表现】够用，与同级别差距不大，主要视觉座椅厚，空间感觉小，实际差距不大与探岳比，探岳略好点点。

【续航】纯电行驶与官方宣传基本一致，能达到70公里左右，回老家33公里，来回一趟还是4公里纯电行程。加起来刚好70公里。平常行驶也在70公里左右（开空调22.5℃）。


【智能化】
已经很好，语音控制使用方便，试了自动驾驶，很智能，划线的道路可以使用，没线的道路（村道）无法识别。
【最不满意】
没有备胎。
【购车经历】离4S店较远，购车经历相对简单，去保养吉利帝豪的时候发现对面有一家领克4S店，无聊就跟老婆去看车。老婆坐进01感觉不错，加上帝豪是手动挡，老婆不会开而且容易晕车，想换车。回家后，单位准备发奖金，与老婆就决定发奖金就换车。接着就发信息给销售去试驾，纯油，油混，插混都试驾，4S店满足，试下来下来油混和插混行驶质感比纯油好些，驾驶激情比不了纯油，插混免购置税，综合下来与油混价格基本差不多，就直接订插混，谈价钱交了5000订金订车。然后就是一个月的等车。
【提车价格】
裸车优惠1.98万，优惠后17.6万，走官方10万免息贷款，上牌500，服务费2000，保险5500（含划痕险）。落地18.4万元。
【驾驶感受】
坑洼路面，低速行驶底盘有点硬，但不松垮，高速国道，路面较平，高速行驶很稳，有高级感，高速不看仪表盘很容易就会超120，总体很好开，底盘很好。转向也也好，比大众速腾好很多，能感觉到人车合一的默契。
【油耗】
馈电油耗综合每百公里6升左右，，城市道路，国道，5.6L左右每百公里，高速120—140，6—7L之间。120以下，6L左右。
【动力表现】
个人觉得动力恰到好处，很线性，不窜也不肉，超车快，打转向灯，然后感觉提速了，数到3一般就能超一辆车。",2023-08-21,柳州
躺好不动,"文章开头添加一句话  辛苦圈主（星巴克在逃星选美式）帮忙推荐



相较其他车来说，内饰没有塑料感。但是化妆镜不好。智能方面应答不太行，有时候智障。有时候应答时候语调变化非常奇怪。车机菜单深度还OK。就是每次电量保持得重新手动设置，很麻烦。仪表盘设置也不丰富。多媒体都必须绑定各种账号才给用。
驾驶感觉挺好，比其他车要稳很多。
三种驾驶模式，基本选智能或许运动。智能使用上，油门踏板给力没那么平稳，偶尔很软。运动模式加速等就很给力。告诉体验感很棒。
耗油量等还好，初上路在十个点附近。后面注意点驾驶习惯，基本拉平到了七个点。应该还可能下降吧。
只有送原装的慢充，也只有慢充接口，不太方便。虽然只有一个十四度小电瓶，但是好歹搞个快充啊。
然后ssss店销售一般都很冷。
提车没啥送的，基本原配加一把钥匙完事。
【购车经历】
省时省事
【智能化】
有时候分不清目的地和终点的含义。
【最不满意】
车机太傻。对用户接口不开放，没有个性仪表盘。
零下启动，车机黑屏，需要静置重启才能生效。
智能语音有时候听起来像感冒了，不知道是不是阳了。
【续航】
油电一起整个续航超过预期。",2022-12-10,上海
嘿嘿让我看看,内饰设计和用料都不错，外形也很有辨识度，不管觉得帅或丑，在众多车辆中第一眼就被注意到。 乘坐空间够用，尤其垂直空间，不足就是后排地台中间凸起比较高，置物空间也比较小，几乎没地方放零碎物品，后备箱容量充裕，座位放倒后也没凸起。360度全景效果挺不错，不过好像没有窄路自动触发。音响效果不错，但是车机里只有qq音乐和爱奇艺，希望以后能多支持其他第三方应用吧。悬架比较干脆不会太软晃动。动力响应迅速，隔音也很不错基本听不到发动机声音。缺点是发动机启动时慢速工况下声音质感比较拉胯，我通过回放行车记录仪听到的，车外应该也能听到。还有车窗的黑色饰条洗几次车很快就花了(通过反光才观察到)，新车味道还是轻微有一点的，应该是皮革的气味吧。总的来说符合心理预期,2023-04-17,广州
诗和远方,"【外观方面】:黑白撞色设计，家族式的鱼鳍，新改款的贯穿式尾灯。前脸和灯的设计有点保时捷的味，总体运动时尚一直在我的审美点上，回头率也很高。

【内饰方面】:一体化空调出风口，肉眼可见的地方几乎都是软包，但是又比普遍的国产车的软包精致有质感。nappa真皮运动座椅高级上档次。同时新车没有一点味道，这点让我很惊讶。
【空间表现】:中规中矩，毕竟是款紧凑型suv。三口之家没有问题，但是后排空间还是略显拥挤，而且后排中间位置的底板也有略微凸起，后备箱深度还行，但是宽度最宽只有1.18米，作为一个钓鱼佬1.2米的鱼竿都放不下。

【智能化】:车机用的高通8155芯片，硬件不差，平时车机反应也比老款快很多。但是软件应用层面条件较差，一些车辆功能的应用逻辑较差。如氛围灯设计即使你选了全域颜色，它也只在那三四种切换，迎宾座椅逻辑有问题，保电设计逻辑默认关闭有问题，新版本纯电模式在重新发动的时候会切到智能模式等。

【续航】续航达成率挺高，目前续航基本都在70km.纯电。


【油耗】油耗如截图所示，表显4.1l/100km油+5kwh/100km电。综合换算为6l油每百公里。实测也比较接近表显。作为2吨的车还是比较满意。

【购车经历】作为领克老车主直接奔着领克去的，其他车都没看，直接下定提车2天内搞定。

【驾驶感受】提速快，上90码动力略显迟钝，50码75码如果一直不断给油能搞到轻微顿挫，但是副驾驶位感觉不到。

【最不满意】车机系统最不满意，车机的逻辑说明用户体验前期没有调研好。空间表现也还可以优化。还有就是没有快充头适配。

【提车价格】裸车20.88w 保险上牌一通下来21.6w左右。",2023-01-07,深圳
多才画板Darren,从提车到现在开了两个多月了，总体驾驶感还是不错的。最关键的是升级了新的车机，新车机带高德导航确实方便了许多，老的车机是百度的漂移的很。 还有一点就是我是带快充头的，当时要求销售必须给我2月内的新车，以保证我能够享受到最新的设备和服务。这个决策非常明智，因为使用快充头的充电速度比我想象中要快很多。此外，我也非常满意车辆的舒适性和稳定性，特别是在高速行驶时，我感觉非常稳定和舒适。续航70公里整体也够，我不需要每天充电，一周只需要充电一两次就足够了。 这车的外观设计总体我认为还是可以的，领克的外观喜欢的会喜欢，不喜欢的一直看的不舒服，我跟我对象一开始选择还是冲着它外观设计去选择的。内饰整体也不错，也挺好的。,2023-09-02,杭州
shift2V,外观方面：造型独特，喜欢人的会很喜欢，不喜欢的会不喜欢，因人而异，本人一开始接触时，是比较反感这个造型的，后来看到实车以后，一下子喜欢上了，实车绝对比照片上好看太多。 配置方面：绝对丰富，这个价位该有的都有了，比其他合资品牌要丰富很多，智能驾驶辅助很好。 用料方面：同价位用料绝对良心，基本上营造出了豪华感，塑料感不强，皮质覆盖区域丰富，座椅比05要软很多，很适合家用。 操控方面：新车驾驶起来非常轻便，很轻松，父母乘坐感觉不出这是个1.9吨的SUV，开起来比家里的老车要轻便很多，非常轻盈好开。 空间方面：大小足够家用，尺寸适合停车，初期是考虑过09，极氪001之类的的车，都因为宽度过宽不方便停车而放弃，01emp的宽度很适合大部分停车场合。,2022-11-13,合肥
晴空大猪,颜值：车头采用家族式设计风格，采用分体式大灯，辨识度很高。尾部有贯穿式尾灯设计，搭配双边共两出排气布局，更显运动风。领克的外观属于越看越上头的类型，第一次在路上看到觉得怪里怪气的，现在开着开着感觉诶，贼好看！ 空间：后排空间常规没有一坐上去就感觉可以摊在后排的感觉，但是座椅舒适柔软、支撑性好，皮质也不错，坐着还是挺舒服的。后备箱可以放很多东西（去看了06的后备箱，简直大了一圈），地垫下方虽然没有备胎，但是恰恰变成储物空间（各种洗车工具、充电的、马甲、灭火器统统搞里头，里面空间还有一部分），整个后备箱还是挺满意的。 动力：1.2.7版本时动力输出非常充沛且平顺，但是更新1.3.1之后反而没这么顺滑了，但是总体来说很是适合年轻人驾驶习惯，油电混动的形式也非常适合城市道路驾驶。最重要的是感觉它还非常省油，因为学校里有充电桩，平时经常充10块钱的电（16度左右），综合油耗现在是4.5左右。 配置：我看的时候感觉这个价位配置都差不多，该有的都有了，虽然比它价格低的还有另外一部车也都满足，但是就是觉得它更适合我，就是喜欢它[派对R]。 不足：整体车其实都挺满意的，但是车机来说没有高德，软件也比较少，希望尽快更新一下，手机APP联动功能反应有点慢，还有有时候会有点小问题也都解决了，还是得说一下领克的救援，很快很放心，售后服务保障也很好,2023-02-28,杭州
小鸟丶爆开了,#提车日记 #用车心得 #保养攻略 +包版本，抬显真香！！！ 目前跑了600多公里 【空间表现】 只能说够用，前排座椅太过靠后的话后排空间就会有点难受 【续航】 70容易续航焦虑，不过上高速能保电也算好处 【智能化】 车机在还没有提车时就做好了心里建设，提车后发现还有点惊喜🤣，语音识别偶尔会识别错误，百度导航挺拉胯的，希望新系统能完善一下 【驾驶感受】 如果开了智能模式会出现油门跟脚舒服，前段深踩无力，浅踩有点窜后段有点胯的三合一随机体验 快速转弯的信心不是很足，特别是50左右转弯侧倾比较明显，但是整体驾驶感受还是值得肯定的，点赞 【油耗】 高速保电经济优先，油耗在6l左右，市区亏电有时能上9l，新车磨合期油耗并不准确只充当参考 【最不满意】 上面说的有好有坏但都能理解接受 但是没有快充转接头，充电口在车头左侧是我比较讨厌的地方,2023-06-02,广州
山里水乡68,"领克01 EMP车型外观在路上还是有一定的辨识度（因为少），目前开了有近1500公里，上过2次高速，高速上稳定性还是很好的，高速加速超人车还是很轻松的，给人有一定的信心。车内后排凸台有点高，要是和EM-F一样高就好了。目前综合平均油耗4.0L/100km,还算比较满意的。在1300公里时去4S店贴完膜显示“动力系统异常“找到售后工程师作了处理后消失，目前没有跳出异常。行驶过程中出现过一次纯电与智能模式无法切换，等红灯时发动机突然启动，加速无力。开了一小段后又正常了。这是目前出现的问题，希望以后不要再有其它问题了。 【空间表现】略小，可以接受。 【续航】续航确实有点小了，有个150公里就好了。 【智能化】目前手机蓝牙钥匙一定要和车机断开才能使用，有点想不明天，请领克车机团队再优化。 【最不满意】 新车就出现动力系统异常，确实不应该啊。",2022-12-05,苏州
我在城市不见山,买的一辆准新二手，才1700公里，之前去试驾过坦克300，极氪001，极氪X，也看过宝马X3，宝马mini的二手车，颜值来说每个人喜欢的不一样，这里面颜值最高的是坦克300和极氪001，坦克300不适合我的市内通勤情况，001是纯电，我过年过节还得回老家还是会觉得有点焦虑，价格方面买都买得起，只是觉得第一辆车拿来练手不能太贵，近两年也太忙没空去自驾游，领克车内饰做的很精致，最主要是没有异味，这点很多车都做不到，极氪里面也没有味道用料比领克更好了，对于智能化倒是觉得还好，就地图有点漂移，其他的够用就好，空间觉得够用，我和老婆在长沙工作，父母都不在这边，还没要孩子，所以需求够用，偶尔带带朋友而已，续航还没充过一次电，因为买的房子没交房，市区里月租的停车位充不了，就一直使用油跑，一点不抖，电池一直都是亏电状态，油耗还行，对这个也不敏感，亏电动力都是很不错的，因为买的是二手车，价格会比较香，17万车价，包了过户上牌，自己买了保险4000多，车又是顶配感觉很香，驾驶感受目前试驾过的车里面只有极氪001比它好，但是这车一点不差，新手上手无难度，操控不错，隔音值得夸，很安静，音响也不错，就目前想等个01的充电转接头上商城买一个就方便很多了，目前还是临时牌，明天就到铁牌了，准备去洗车店洗一下把牌上了，目前总体是很满意的！,2023-07-27,长沙
Hank2022,"#提车作业 #用车感受

人生第一辆车 领克 01 EMP 加包
坐标上海，需要绿牌出行，同时也有长途续航焦虑，所以直接定位混动车型。9月初看到了领克，试驾了领克01 phev，整体体验不错，对比了比亚迪等混动车型，内饰，驾驶感觉都遥遥领先，直接下了定金，当时听到有新款2023款的，将会搭配新的电混系统，总体有很大的提升，所以定了新款01 emp。已开近3700公里，本次评分在本车主体验后真实总结。

一用车体验：
用车费用篇：
2022年年底拿下的，正好赶上新能源汽车的尖峰时刻，没有什么优惠，不像今年优惠大大的。
满电的情况下，大概不到一个油。亏电的情况下，不开启保电，大概五个多油，不到六个油，开启保电时，高速路段没差，但是城市道路却要七个油。
另外没有快充，最好的充电体验是家充，在外面，只能随缘了，交流慢充的充电桩很少的。不得不说，一般慢充充电桩需要额外的停车费，慢充充满要两个多小时，上海停车费就要十几块钱，加上充电费，折算下来，一度电费用大概  电价+1块停车费，电价超过1.2圆/每度时，用电远比油贵。
保险费用至少要五千出头。

外观篇：
外观是淡淡的金属灰，超级治愈。和VOLOV并排放在一起，颜值一点不输色。
精致的内饰，搭配超多颜色的氛围灯，可自由调节或者随机显示，夜晚开车，很有氛围，大大满足夜间接送女神。
发动机舱，干净，布线整齐，丝毫不乱，后期打理，维修很容易。

驾驶篇：
驾驶舒适感极强，避震稳，玻璃超隔音，别人在
窗边骂你都听不见，自带音响效果巨给力，低音有震动感，高音饱满，可以嗨起来。
刹车灵敏，稳重，急刹也可以轻松刹住，结合动能回收，多次熟悉后，刹车稳如老?。

系统篇：
车机用的 8155芯片，整体流畅度不错，智能程度
也非常可，上手容易，唯一需要改进的是最好能让车主可以自由选择高德地图或者是百度地图，

辅助驾驶篇：
领克01 emp 不得不说一下安全驾驶辅助系统，非常给力，车道保持，高级辅助驾驶，还有自动刹车等等，救了好多次，对新手很友好，保驾护航呀。

空间篇：
因为混动系统，电机加电池，油发动机加邮箱，外部空间不小，但内部储物空间不足，后备箱可以放一个28➕24寸行李箱，放完后上面还有一点空间，由于溜背的屁股造型，不能放箱子，只能放些可变体积可压的物品。

不足????：
不得不再次吐槽自带的百度地图，车出地下车库，肯定漂。有时候在高架上，也会不停的更新路线，事先看好的路线，开着开着，就不知道被带哪里去了，而且有时突然提示你右转，这个是定位漂移。县道国道有时候直接识别为无名道路。而且不能输入新能源完整车牌号码，以此来避免限行。

第二个就是加包的 emp pm版，送的行车记录仪居然不支持手机app 查看，每次想导出来，还要通过usb。

第三，自带的语音助手，弱智型，和十年前的手机语音助手差不多，不说理解你的意思，就连普通话识别，都有错字。

最后，吐槽一下续航，17.7度电池只能跑70公里，冬天打骨折，所以需要经常充电，电池很伤，电池是看充满放空次数来计算寿命的，这个电池后期堪忧，油箱也很小，只有42L。另外此车不支持快充，痛点➖，长途驾驶过程中，找慢充充电桩基本不要想了。

总结:
        车是非常好的，驾驶感受很棒，动力好，颜值嘛，反正我是挺喜欢的。最后还是希望工程师把车友们提出来的问题及时解决一下。
        还是那句话，垃圾领克，我也要有!",2023-02-20,上海
有点微冷,"大黑蛤蟆已经跟我两个月啦，今天来补作业，目前行驶将近5000公里，提车时候系统版本1.4.2。
【购车经历】
就是为了纯黑等了一个月！帅呆了。首先是被内饰吸引，试驾后更是种草，试驾过程中对比了昂科威s，crv混动，星越L，雅阁，最后还是领克最喜欢，平时都是自己开，空间够用。
crv 雅阁：隔音和内饰真的没法评价，完全不考虑。
星越：个人观点内饰真的打不过01，质感和机械按钮真的领克完胜。试驾时地盘没有01紧致。
【空间表现】
平时坐四个人还是很可以的，就是自己上下班开，挺好，后备箱也够用。

【续航和油耗】
行驶里程高速占大概70%，上次最远来回1500公里，表显5.6-5.7，定速125。高速油耗感觉没那么省。一箱油也就600公里吧。

【关于车机】
车机反应挺快也挺好用呀，百度除了刚提车回来下高速错过了一个出口其他没遇到问题。哈哈哈，其他车机方面我平常用qq音乐，喜马拉雅什么的，所以车机无缝连接，非常好用。就是应用商店里应用太少，不过现有车机也够我使用了，就是听听歌。
缺点就是读取u盘速度太慢了，我盘里600多首歌，一开始只能读100多首，然后我没管就开车 可能过一会才全能读出来。

【驾驶感受】
试驾时候销售小哥带我零百加速，百零刹停，60麋鹿，都好稳，不愧是领克呀，插混驾驶感受也很优秀，而且还是两吨的车。
自己驾驶时候真的感觉不出来三缸的感觉，除了地板油发动机真的感觉不出来好吗。平常不看能量图速度上来后我觉得大多数人没什么太大的感觉的，毕竟隔音在同级别也是相当牛逼的存在。
47-50的确有换挡动作，间隔大概半秒，也说不上是顿挫。80左右也有换挡动作但是没有47那的明显，只是微微感觉到。
驾驶模式来说，日常通勤电量足用纯电，30以下我一般就用智能了。智能感觉相当于经济模式，没有纯电来的轻快。运动模式只用过两三次，不过也挺爽，油门响应变得敏感。

另外我想说大黑蛤蟆的车漆是真硬啊，2000公里时跟思域有剐蹭（对方急加速变道进来，全责。对方开车真的又快又菜，车技不好就别玩花的，鄙视。），对方的左车门掉漆一大片都漏底漆了，而我保险杠右侧也白了一大片用湿巾使劲擦后才发现是对方的车漆，擦干净后只留下很小的擦痕。在这也是非常感谢领克的工作人员，发生事故后他偶然看到了我，一直在路边陪我等交警，还给我买了水，真的好棒。他也感叹领克的车漆好硬哈哈哈。

与大黑蛤蟆相处虽然才两个月，但是已经是我很好的伙伴了，锁车后还时不时回头看它一眼。总得来说各方面还是比较满意的，期待日后与它见证更多的日出与日落，带我去更远的城市和村落。",2023-07-11,南宁
草莓41829,冲着06小粉去看领克的我，定了05 PHEV，结果最后提了01 EMP，真是善变的臭女人… 从看领克开始就知道EMP要上，但是4S店迟迟不能知道EMP的上市时间，因为怕赶不上上海插混的绿牌政策，8月5日下定了05 PHEV，等到8月26日刷着懂车帝发现成都车展发布EMP了！赶紧联系销售问能不能换，幸运的是05 P还没给我配到车，当机立断换成01EMP，型号和颜色都不纠结！只要提车快！ 于是9月13日，上海刚刚挂完今年最大的台风，销售告诉我车来了，已经到店，蓝色晨曦！ 第二天立马去验车，啥也不懂，引擎盖也没打开过…提醒新提车的小伙伴可以打开看一下… 9月27临牌提车，刚刚好赶在国庆前，兴奋啊！但是我忍住了没发朋友圈 开车已经进一个月，里程数达到666KM，哈哈哈，浅谈一下 因为没什么充电条件，每天都觉得手机APP上是欢乐表，我的亏电油耗经常在4-6区间，不过因为还是冲过两次电，所以第一箱油的里程和油耗不做参考，准备第二箱油纯亏电跑一下看看数据了 平时一直听到说的三缸抖动我是真的没感觉到，之前经常在一嗨租车，开过不少丐版车，相比之下领克混动的三缸抖动几乎可以忽略不计，但是点火和熄火状态肯定还是有区别的 而且车子动力还是不错的，想超车只需要稍微多踩点，绝对没问题，目前只在城区开过，反正够够的 内饰质感绝对没话说，每次坐进车里都感觉很好，哪哪都很满意 目前近700公里，外观问题来说就是车头有点高，作为我来说坐姿低的话视野会受限，内饰的问题就是顶配的白色皮，我超级怕它不耐脏的，难道只能自己勤快点了吗… 期待我的车车带我开疆扩土，游览祖国的大好河山了,2022-10-25,上海
察哈尔灿M,最满意：1、行驶品质好，底盘韧性足，稳定性好，操控好。2、市区行驶静音性好，音响效果好。3、可油可电，上下班基本用纯电模式，使用成本极低，周末出去游玩可用智能模式，油耗也比燃油版低很多。 最不满意：在时速超过80km/h后，A柱有突出风噪声，有点扰人。 空间：领克01EMP的前排空间正常，我身高180cm，能调到自己合适位置。后排中规中矩，够用，但不太宽敞。后备箱容积正常。 驾驶：驾驶有3种模式，纯电，智能，运动。平时上下班就用纯电模式，加速平顺，力度大，超车轻松。智能模式就是油电混用，和纯电模式驾驶感受一样，提速优秀，城市超车轻松实现。运动模式推背感强，轻轻一点就会往前冲，城市路况不适合用。 能耗：电池为三元锂电池，容量17.7kwh。城市路况大概续航里程70公里，适合常规上下班。如果周末自驾游可以用智能模式，油箱42L，可加92号汽油，综合续航在800多公里。日常充电用的是领克赠送的壁挂式充电桩，充电功率7KW。我基本都是预约波谷充电，西安市的波谷电价为0.31元/kwh，不到3个小时就能充满，非常便宜实惠，比油车要省的多。冬季由于温度降温，加上空调，座椅加热，方向盘加热，纯电模式下，电耗会增加到30kwh/100公里，续航会大幅降低。 外观和内饰：外形动感犀利，不太常规，但欣赏起来也同样帅气，符合多数人的审美。车身做工精良。 内饰用料好，做工精致，豪华感强。真皮座椅，nubuck翻毛皮，乘坐舒适。配置高，主驾和副驾均由座椅通风和加热功能，有方向盘加热功能，都能通过车机语音控制，非常方便。车自带AQS空气质量管理系统，配套CN95多功能空调滤芯，能过滤PM2.5。 保养：领克01EMP可以加92号汽油。保养周期长，保养间隔为15000公里或者12个月，比其他品牌的保养间隔都长，可以节省后期养护费用。 智能化：车辆支持手机app远程控制，可以提前调整车内温度，可提前打开方向盘加热和座椅加热。手机app可以查看车辆的各种动态，充电进度等。车辆好多功能支持语音控制，语音识别准确，指令下达方便，解放了手同时提高了驾驶安全性。车机用的是8155芯片，车机流畅度好。车辆支持0TA升级，我提车是版本是link os1.2.4，现在已经升级到了1.2.7。车载360度影像实用性强，底盘全透明，可以清晰看到车辆周围的小朋友和小动物。,2022-11-14,西安
Jetace,"上一台车是2010款1.8MT三菱翼神，以下01的评价会与她有一些对比。


性能： 

看过某媒体关于CRV锐混动PHEV和EMP的对比，无论在0-100km/h、80-120km/h和极速，EMP完胜。 从不羡慕吹嘘零百4秒及以下的那些车。估计90%的人没踩过地板油，开油车转速没上过5000。 

长期用智能模式，动力响应还是慢了点，与油车手动的随叫随到落差太大。 制动需适应一下。不清楚是否有CRBS标定。感觉制动踏板初段行程的制动力一般，可能是电制动。深踩一些还是有信心的。


驾驶性： 

转向必须好评！低速轻盈高速稳重，高速路提速时很稳定，中心感较强。圈数也很合适，左右各1.25圈。就是感觉转弯半径有点大，很不适应！三菱的转向就像没有助力一样，但胜在转向灵敏转弯半径小。三菱一把能过的地方现在01必须两把，搞得像个新手磨叽。

个人习惯把驾驶模式设定在智能。加速踏板初段比较迟钝，深踩一点动力释放才比较顺畅。变道、超车需要急加速的时候动力迟滞很明显，当然运动模式会有改善。

悬挂设定没觉得像很多车评吹得那么高级。小震动有点生硬，能感觉到前桥有时会有一些颤动。对于大震动，感觉后悬挂又有点撑不住，不能一次吸收干净。 

AUTO HOLD很好用，坡起相比于三菱的半离合实在是太惬意了！不过关于制动有一点感觉不爽的是，几乎每次刹停前会有“咔擦”的声音，除非是速度很慢且刹车力度足够小才没有以上异响。 想念开手动可以无感停车的丝滑。 

NVH相比于三菱，那真是两个世界。车上的音乐账号已经被女儿绑定，以前在三菱里她宁愿戴耳机。不排斥三缸机，人生第一台车SPARK就是三缸的。EMP的机器在怠速时，方向盘上是有明显震动的。 行车中发动机介入时，呼噜呼噜的声音太难听！这一点我真的比较介意，完全没有开三菱的热血！


Lynkpilot：

领克高级智能驾驶辅助，其实就是L2级。感觉车身保持在车道略微偏右的位置，在可接受范围。手触方向盘能感受其左右小幅修正的蠕动。目前用得比较少，因此不过多评论。


空间配置： 

内饰用料被吹得过高了，其实我也不过于在意。 

方向盘加热真是太贴心了！要知道以前在三菱的手套箱里，是真的会放一副手套的。 座椅通风还没体验，不知道爽不爽。

主驾侧门框上方布置了眼镜盒，挺创新的。全景天窗如果能选配，我宁愿不要，因为牺牲了车身刚性。就像一个铅笔盒在打开和关闭的状态下去扭动一下，你就知道我在说什么了。但是家里领导和女儿喜欢，虽然一年也开不了几次。 

储物空间少了点。中控下面像一堵墙，纳闷为什么做不到像很多车那样下面有一个镂空的地儿。 

无线充电没有通风，手机充电后温度很高。12v电源和USB口都藏在扶手箱内，虽然可以使中控布局显得简洁一些，但使用便利性是要打折扣的。

后排座椅觉得坐垫低了一些，腿长一点的话估计承托性会差一点。不过，反正我不坐后座。 

后备箱有四个锚点值得表扬。没有备胎也没有千斤顶（仅提供气泵和补胎液）很失望！备胎槽被低压蓄电池占用，难道不能把前机舱空间优化一下塞前面去？


能耗： 

早些年很羡慕CT200h惊艳的4.x的油耗，如今01的能耗似乎更香了！

目前一直在市区基本用智能模式开。有充电桩，上下班不保电油耗约2L/100km，有一次电量干到4%。感觉这样的电池管理不太靠谱，之后便一直使用保电模式。

最近一次180km的行程（40%限速100的高速+50%限速80的快速路+10%市区），采用经济型优先电量保持50%（出发时电量90%），油耗约4.1L/100km、电耗3.4kwh/100km。

特地试了几天充电速度优先电量保持50%，油耗约4L/100km。

日常上下班最常用混动模式经济型优先电量保持50%，高动能回收。

只要不下雨，基本坚持每天充电。根据锂离子电池的特性，将充电限值自定义为80%。每日通勤距离45km左右，往返后电量剩余40%左右。也就是说电池荷电状态SOC能够保持在健康区间，放电深度DOD基本维持在40%。

仪表显示的能耗为3.2L/100km+11.2kwh/100km，换算一下为0.32元/公里。如果每月行驶里程算1000km的话，能耗支出300元出头，大概只有以前开三菱时的40%左右。

2023.3",2023-03-11,上海
用户3331911362961,"说到买这辆车的经历，也算是一波三折。我和老婆买车前对车的要求就是，第一不要纯电，第二要省油一点，所以就瞄准油混和插混来做选择。
我是喜欢驾驶感扎实一点的车，所以排除了日系，合资插混甚至去看了帕萨特、迈腾和探岳，但是感觉不如国产靠谱。领克是喜欢了很久，特别是外观、内饰质感和驾驶质感，很高级。质感这种东西很玄乎，是说不出来的，只有自己感受。
【空间表现】
车子不大，外观看起来甚至觉得有点小巧，像是大玩具，恰巧我和媳妇都喜欢小一点的，所以外观的大小不是问题。内部空间基本够用，我 180、媳妇 174 ，我俩前排比较舒适的坐姿时，后排腿部还有一拳半的空间。
【续航】
纯电充满基本就 70 不到，脚如果稳一点，能跑 70 出头。
【驾驶感受】
高级，很紧实。纯电模式加速丝滑，智能模式有点肉，运动模式动力随叫随到。
【最不满意】
车机，懂得都懂。虽然上架了网易云音乐，但是使用过程中 bug 不断，百度地图真的垃圾，定位漂移。

【购车经历】
提车经历一波三折三折，先是被郑州的 4S恶心到（合众汇成领克），搞一些下三滥、见不得人的招数，真的是让人对领克这个品牌很下头。具体招数是：谈车的时候谈落地价，提车之前与销售各种沟通时，销售一概用“当时谈的价钱”所搪塞，对涉及到数字的问题绝口不提，而且微信上不发文字，只打语音。然后从外地跑去提车时，在付完全款的情况下被告知需要另付保险钱。感觉这家店在话术培训上下足了功夫，想必能把这种功夫用在对客户真心实意的服务上时，合众汇成的口碑可能会好些吧。
这种事发生后，按照常人的反应，肯定会对这一品牌嗤之以鼻，但是…奈何不喜欢比亚迪的质感和小鹏销售的拽，20 万左右价位可选的插混少之又少，只好回到洛阳重提 01。洛阳领克的态度与郑州那家店的态度形成鲜明反差，最起码在售前阶段挽回了领克品牌在我心中的形象。
虽然买车过程不太愉快，但是车是好车。因为个别行业里的虫豸，而否定一款符合自己选择的好车是不明智的、不理性的。同时，希望领克品牌能够自上而下，多聆听消费者的意见，特别是当前存在问题方面（车机方面）的意见，能够真正把消费者的问题当成自己的问题。努力下一辆换极氪😀",2023-07-23,洛阳
是无牙仔呀,"?情况介绍
本人90后，3月初购入领克01emp pm，为个人的首台新车，目前里程1600KM。

?费用明细
先报落地：车价21.58-车价优惠1.2-大客户0.3-政府补贴0.8+保险0.6+0.2贷款手续费+0.05上浙A的费用=20.13

?赠品:?️?脚垫+?️?车膜（我先说我是冤大头，在店里花了3K多升级了贴膜）

? 选车对比
作为个人首台新车（原先开的家里的老高尔夫），我从选车看车试驾到提车，总共用了一个星期差不多。至于说为什么能这么快就决定是领克，首先是我对象的全力支持?，另外就是真的热爱领克，平常在路上开车，看到领克我都会多看几眼，这蛤蟆?车头是真的吸睛。于是在某个晚上在朋友圈看到领克的推广广告，我留下了个人信息（后边提车的朋友留个心，这里有坑），第二天我就和对象一起到4s店现场看车了。到店之前本来我最喜欢的是02，其次是03，最后才是01，到店之后把01、02、03、06都看了一遍，发现02的空间属实有点太小了，尤其后排中间的凸起很突兀，然后就被PASS了；05因为要改款店里没现车加上对象不喜欢它的外观，也被PASS了；接下来就是在01和03之间的抉择了，也选择了这两款车进行了试驾。

?试驾过程
首先试驾的是01 EMP，再是03。开惯了我的老破车，头一次开上领克，它的内饰、动力表现都给我带来了极大的新鲜感，年轻而又不失稳重的内饰，整车的隔音静谧性，灵敏的起步，充沛的动力，试驾了之后更坚定我选择领克，以至于后边也没再试驾别的车。再讲下首次试驾的几个点，试驾01EMP的时候，店内工作人员先开车带去场地，我坐副驾，上车刚起步，就觉得有点眩晕感，后来下车问了对象，后排也同样存在眩晕感。因为这个点，我两当时就直接排除了01插混款，没想到后边还是选择了它。试驾03的感受，就是动力特别足，我轻踩油门，车子就有往前蹿的感觉，再加上23款03的外观我和对象都挺喜欢的，确实也让我在01和03之前摇摆。
第一次试驾之后，我又看了下懂车帝大家的评价和其他的一些测评视频做了下攻略，发现插混版本的领克01emp，可以大大减少我的出行负担，于是乎就决定带着对象再次试驾一次01emp感受一下。这次试驾我们开启了外循环，加上开车的时候控制好油门和刹车，之前晕车的现象也不再出现，就这样我们决定就是它了，01emp???

?谈价环节
我是在2月底的时候问过本地的4S店，他们口头只报了4K的优惠，这优惠力度让我直接失去了详谈的兴趣，然后考虑到绿牌可以上浙A，我就开始在杭州的4S店问价。杭州的店2月的优惠比较统一，都是车价优惠6K，我找了家谈到了7K，再加上当时能赶上8K的政府补贴，我已然是很心动的了。犹豫了两天，时间来到3月初，出来了个官方1W的优惠券，和店内销售确认车价总优惠来到了1.2W，我觉得是时候出手了，远程打定，锁定了政府补贴名额，确认好合同，接下来就是等待提车了，因为是异地提车，还要工作日才能上牌，很多手续都是提前线上办好，提车当天打临牌、验车、选号，我就可以提走了，感谢领克销售小哥的鞍前马后，各类资料、手续都帮忙办妥当了，当天提车办证很顺利。有一个小插曲，提车当天检查的时候发现主驾后座有两条比较明显的擦痕，当时也现场和店里的经理确认了，这种没法修复，只能更换整个座椅后板，这个我们肯定是不愿意的，然后我因为是请假出来提车需要当天回去，经理表示一下子也拿不出解决方案，让我们先回去后边给我解决方案，然后就是至今还没落实，我也是实在不想扯皮，也没向官方反应，这个后续再看4S店怎么处理吧。

?充电桩安装
提车以后，花了两三天时间搞定了租车位以及电表、电桩的安装，吐槽一下小区地下车位电表是真远，拉线竟然拉了 70多米

?新车初体验
截止今天，提车近一个月，公里数1500，总体表现和预期相符合。买车前我就加过车友群了解情況，群里一片劝说我别买，还罗列了一部分存在的问题。我当时看了后觉得都在我可接受的范围(对领克的爱是育目的），也有点赌运气的成分在，相信自己不会成为少数出现趴窝现象的人。开到至今，好的点我不吹了，我也总结下我出现的问题以及部分缺点：
1、保电无法记忆，这么智能的车机经历几次系统
更新却还没修复，实在不太理解
2、出现过车机断网失联，app 上无法获取车辆状
态，已经关窗锁门熄火，app 上提起车窗末关引
擎未熄火，后重置网络解决。
3、动力逻辑没搞清，智能模式下偶尔低速的时候发动机也会介入，这种情况下能感觉到车的方向盘的抖动(平常是真的不抖，这种情况下才让我想起这是三缸机）
4、封闭的系统，希望能早日上 osn 吧，respect

最后的最后，?️?领克，我也有了",2023-03-28,杭州
进步火车7p1,"车辆信息：领克01EMP PM 白色
提车地址：上海
提车时间：2022年11-13
等车时间：从订车到提车大概三个多月
买车经历：因为2022年上海混动车牌就结束了，9月份得知后就开始看车，因为有长途需求（回家）。所以选择了混动车，当时开始看车后，一直在懂车帝app关注混动车型，到4S店看了最火的BYD宋PLUS DMI,长安深蓝。
领克本来一直关注的是的油车03，当时在想为啥03没有混动，然后下载了领克app,在app里看见了领克01最新的EMP混动车型，然后才开始把领克01加入对比车型。当时周末就跑了BYD，深蓝和领克的4S店看了实车，
BYD只有51KM版本有货要等一月，深蓝店浦东点新开，人不多，展厅只有一台车，销售不在，只是坐进去感受了一下，说是后续会联系我，但是也没有。加上家人建议买SUV，所以就决定领克01 EMP,整个上海跑，说实话订车4S店就是看销售态度和价格，
当时浦东只有emf现车，没试驾，试乘了一下，感觉车声音很低，很安静，比较满意。当时综合了几家4S店的态度和报价，订车一波三折，非常有趣，最后在青浦订的，本来离青浦远，不想过去的，但是那个销售小哥微信上很热情，就准备过去订的，
但是去了之后换成了一个什么展厅经理接待，价格直接毫无诚意，连6000优惠都没有，直接气的我转身就走，还当着我的面把报价单给窝成一团。
本来已经对领克品牌直接拉黑。当时都准备去订BYD了，但是后来那个热情的销售小哥又打电话过来（销售小哥居功甚伟），给我解释了一下当时的情况，后来我考虑一下，然后才挽回了这个订单，9月底直接在手机上付了定金01EMP AM，后来AM 说不生产，才改的PM

一直到提车的没有什么波澜，续一直和销售小哥对接，感觉还好。车到了之后销售小哥通知我去验车，到了也就看一眼，然后就是等购车资格审核，两周左右后，销售通知可以提车，提前让销售把玻璃水加满，电充满。
本人新手，提车当天才试驾的ＥＭＦ，自己开了一圈练练手，提车加油，然后开了５０公里回家。现在提车三个多月总共开了１６５４KM.刚一个多月就是纯油开，没有充电条件，油耗馈电不开空调７.５－８.５左右，堵车加开空调会上１０个以上（百分之０电量）
　说一下优缺点：优点：就是内饰配置很高，地盘感觉也不错。
　　　　　　　　缺点：车机较简陋，只有百度地图，我的市场直接毫无作用，８１５５芯片感觉都没什么发挥的余地。有次报过一次右后胎压过低然后又变成温度过高，当时行驶了５００米后自己消失了，感觉是传感器BUG,360影像也卡死过，油电切换时油门有点顿挫。
  最后总结：除了购车体验一波三折之外，车辆本身还是比较满意的，希望新的魅族车机能尽快更新吧，有问题会继续更新。",2023-03-11,上海
玩车模的老王,"领克01emp一个月驾驶感受 

[车辆信息] 23年9月初提的领克01emp，这个时间点我估计很多人都会选择08，选择01emp还是考虑下。自己的实际需求。 没有完美的车只有更适合自己的车。目前开了一段时间车基本还是比较满意的，01emp纯电续航70虽然短了点，不过日常上班 开空调走拥堵路段上下班代步没有压力。油箱42L也不大，但是1+1＞2，周末节假日出游亏电也没也没有任何用电焦虑，保电30%驾驶 非常平顺而安静，又有燃油发动机保证续航里程，开起来还是比较省心的。
[购车经历]
购买的基本出发点就是作为日常代步工具，性价比出发，也就没有去看BBA，周末短途外出比较多兼顾通过性也没有考虑轿车，定位在国产的紧凑型SUV里面。随大流先去了比亚迪4s店，试驾了宋，体验就是很家用，实用性良好但精致感欠缺，而且噪音感觉较大，尤其是速度快的时候。第二家就去了领克4s，领克的外观我一直觉得很有设计感，非常喜欢。试驾车是01e mp顶配晨曦版，当天驾驶下来感受很好，近距离观察领克精致内饰，很有层次感，座椅是真皮+翻毛皮的组合，简约不花里胡哨，有实体空调按键，hud体验也相当好，有时速、限速和警示的一些提醒。其余车身操控灵活，雷达数量安全辅助都非常适合自己的需求。所以当天也就交订金定下来了
[外观]
这点感觉还是有必要提一下，也是我选领克01的加分项。审美仅代表个人喜好。个人觉得suv其实都很丑，车头比较厚底盘比较高，完全没有姿态。领克01s2车头双层设计的进气格栅，比中间一大块格栅或者没有格栅还是要顺眼很多。辨识度很高的分体式大灯，很多人可能会觉得丑，个人觉得车灯完全融入车头翼子板的突出的棱线，非常流线动感，从侧面流畅的腰线向后延伸到车尾，贯穿的尾灯。看起来确实比较运动。车头前包围还有通风口。不过领克下一代新的设计语言我不太感冒，车头和车灯照型看着很别扭。牙线车灯一时很难接受。扁平化？反正风格变化比较大，个人不是很喜欢。当然外观仁者见仁了，纯个人审美。
[空间]
如果从空间配置出发，中型suv，包括领克自己的08完胜01emp，但是从自己需求出发，考虑到上海的停车问题，满足基本的空间需求前提下，车身越小越好。01emp 4米5的车长我觉得其实还挺好。所以选啥车还是看个人需求。

[用车成本]
这个车用车成本倒是出乎意料的低，出了4s，第一次加满油花了300元，到现在还没用完，平时都是小区停车库慢充充电，电费一个月下来可以忽略不计，我自己开车属于多油门多刹车，01emp可以动能回收减速。因为很多时候都是纯电或者增程表显油耗2.4L/100km

[驾驶感受]
领克偏运动底盘，我觉得还是比比亚迪强不少，路感清晰，质感绝对同价位领先，有轿车的运动感，同时转向精准，而且有韧性，过弯支撑性不错，高架上的大弯道或者大转盘心里有底。低速高速噪音都很满意。运动座造型不错，长时间还是不舒服，头部经常靠不到。商城买了一套腰托头枕解决问题。电机驱动很平顺有at变速箱感觉，低速都是用电，智能模式反应稍慢，不过省油，正常开是妥妥的够用。

[缺点]
1、没有快充，限制很大。需要家里或者公司有充电桩
2、空间方面，人多的话需要考虑下后排空间，01是标准的紧凑型suv，空间凑合用。车上储物空间也比较少，扶手箱、手套箱都很小。我有东西都是直接扔后排。
3、纯电续航略微短了一点，70km纯电，交流慢充桩要3个小时才能充满，现在新装的商业电桩基本都是直流快充的，所以不能用。
4.三缸机，应该有很多人在意这个。",2023-10-11,上海
PEEK1,"始于颜值，终于内在
       2022年7开始打算购车计划，没有沪A蓝牌又是家中第一部车，于是决定入手一部可油可电的插混车型，各个品牌兜兜转转最终选择了路上少见质量过硬的领克。
       进入4s店第一眼就相中了领克01，空间对家庭来说也足够，颜值符合审美，内饰精致高级。2023款领克01EM-P基于CMA 基础模块架构开发，采用了领克全新一代电气架构，搭载领克智能电混 Lynk E-Motive 技术，无论是动力组合，还是配置更新，更像是领克01PHEV 的换代车型。最后选择了黑色的01EM-P PM。
       外观方面：第一眼就相中黑色的01真的没得说，比起05的溜背造型01更显稳重，黑武士的造型低调耐看，中网比起前几代缩小了更加精致不会显得臃肿。
       内饰方面：看了很多车型的内饰，领克在内饰方面做的别具一格，加上一圈的氛围灯像是进入太了空舱。车机用了高通骁龙8155芯片比起phev款的820A性能更好，开机速度也还凑合，语音助手识别度很高反应灵敏。美中不足就是有时候膝盖顶到中控台那一块会有点异响，希望厂家注意慢慢改进，不过问题不大只要不挤压内饰还是没什么声音的。
       配置方面：1.5t三杠三档DHT变速箱，实现全速域串并联，达到省油又省电的目的，WLTC70km续航虽然不长但真的非常准，一箱油在不亏电的情况下可以跑1300km左右，实现性能与节能兼备的用车体验。开起来完全不会有抖动，毕竟是插混车型大部分时间行驶还是用电开的，动力方面只要踩油门随时加速不费力。
       总的来说作为通勤完全够开了，时不时跑跑长途也没问题，喜欢就冲吧xdm！",2022-10-29,上海
我是KKKKKkKKK,1.外观内饰 说实话选择领克就是因为领克的外观和内饰 外观的话 ，仁者见仁 智者见智吧 。很多人觉得领克前脸很丑，但是相信大部分领克车主都觉得前脸很帅 。我也不例外 而且越看越好看 ，车漆看起来也比较有质感。 内饰的话 因为我是晨曦版 ，前排白色确实好看 ，但每个坐我车的人都觉得前排白后排黑看起来很奇怪 。质感确实很好，内饰摸起来都蛮舒服的，没有廉价感。 2.操控感受 车子开起来动力还是相当不错的，操控性能也很好，最值得夸奖的是他的隔音，我大部分时间是在城市道路驾驶，隔音体验相当不错，完爆日系。配置方面的话360看的很清楚，值得肯定。 总的来说，作为年轻人的第一辆车，领克是合适的，不管是机械素质还是外观方面来说都是一辆好车，但是偏偏车机系统狠狠地拉了后腿，年轻人心目里的车机不是这样的，希望后续能把车机功能完善好吧。没有CarPlay车机系统功能简陋是最大的硬伤，内饰外观没得说！,2022-11-24,
驾仕派,【驾驶感受】试驾过程中，我尝试了80-120kph的加速，尽管全油门踩下去动力释放会迟疑一秒钟，但随后的加速感会很快上来，给你感觉动力储备很足。领克01 EM-P在80-120kph的加速能够在4.8秒左右完成——而一般小排量自吸发动机其实比较吃力——这对于高速上超车帮助巨大。在驾驶模式上，领克01 EM-F并没有设置复杂的模式，只提供了纯电、智能和运动三种模式。当然，如果你希望发动机始终介入进行充电，则需要进入到“能量控制”界面，将“混动模式电量保持”开启，从而还能进一步选择经济性优先或者充电速度优先，这样实现电量保持。纯电模式下，领克01 EM-P的行驶质感完全就相当于一台电动车。即便是只有100kW的电机，但催动这辆1.9吨的紧凑型SUV也毫不费力，整个驾驶过程非常顺滑平和。值得一提的是，在纯电模式下即便全力加速，也不会有电动车那种眩晕感，车辆依然会保持一种平滑温和的加速状态。或许这也和智能模式下油门踏板标定得相对温和有关系，更像是其它品牌的“舒适”模式。与此同时，在电量充沛的前提下，100kW的电机能够支持领克01 EM-P的高速巡航，甚至跑到120公里/小时也没什么问题。这一点和之前P2.5架构的PHEV不一样——P2.5的车型只能在大约80公里/小时以下保持纯电，而一旦高速巡航发动机就会介入，相比较而言EM-P车型在大多数情况下都能纯电驱动、行驶质感更好。当你切换到运动模式，中低速下的动力释放会灵活许多，稍微轻点油门车辆就会有明显的加速感，特别是在起步阶段会让人感觉很灵动。不过在高速状态下，全力踩下油门，运动模式的加速也会有1秒左右的迟疑，似乎是变速箱在确认你是否真的不顾油耗要全力加速。假如你想体验发动机与电机同时运行的状态，尽管智能模式和运动模式也有一定概率出现这种状态，但这两种模式下还是更多使用电驱，发动机只会在高速和急加速状态下介入。这时候你想去感知发动机的振动、或者介入，几乎是感受不到的，因为速度一低下来发动机就关闭了，又成了电驱。所以，要体验发动机介入的感受，你需要强制打开混动模式，然后再选择充电优先。基本上讲，在停车状态下，强制启动发动机还是能够从方向盘上感知到抖动的，但不去刻意感受也还好。 【续航】在这次试驾过程中我们简单做了一个能耗测试，一共行驶了78.7公里，平均时速37km/h，把电量开到了仅剩1%，表显油耗是1.1L，但实际加了1.65L油。考虑到高速占比50%，还反复进行了几次加速测试，这个油耗表现的确算是不错，而且纯电续航也比较实在。,,
咸车,【外观】领克01采用家族式设计，分体式大灯、分段式进气格栅、独有的车标设计，无不体现出领克的与众不同。【续航】虽然我平时不是特别关心油耗，但这个车给我最大惊喜的就是续航油耗方面，官方宣称WLTC综合油耗1.54L，经过实测也不出其右，但对于馈电油耗仅5.1L，起初我是不信的，在试驾过程中特意绕路自己去实测一下，最后的结果停留在了5.1L，不得不说DHE15混动专用发动机搭配3挡混动电驱DHT Pro，还是有点东西的。【内饰】整体采用一体式环抱座舱设计，对驾驶员很友好，面板上的任何操作，驾驶员都触之可及。并且也保留了一定的实体按键，能够实现一部分盲操。并且在智能配置上也碾压同价位的比亚迪宋PLUS EV，车道居中保持，自动变道辅助，都是比亚迪宋PLUS EV所没有的。这在生活中，都是实用的功能。【空间】虽然车身尺寸数据上看没有太多优势，但是轴距达到2734mm，这对于一台紧凑型SUV来说也完全够用，全家人出行不在话下。【驾乘感受】最大输出功率180kW，最大扭矩达545N·m，3挡DHT不同于其他插混车型，多种不同组合，动力储备非常充裕，高速再加速能力也能碾压同级车。虽然是个3缸机，但是一天的体验下来并不会感受到抖动。至于悬架，整体调教的偏硬，路感比较清晰。【总结】总体试驾下来，领克01 EMP的产品力还是不错的，如果比较关心油耗，买它没有一点毛病，各方面也比较均衡，加速能力也不错，在这个价位是比较能打的车型了，但是内饰的质感还是差点意思，最重要的是在上海，领克01 EMP还可以上绿牌，喜欢的赶紧抓住政策的尾巴吧。,,
爱德菠萝,"终于买到自己喜欢的小车车，有远途需求所以没办法选择纯电。
自己用车是市内通勤用电（往返40KM），过节回老家的时候可以用油。 
坐标：无锡，属于长江以南地区，冬天很少有零下，冬天对电车还算友好，自己有车位可以安装充电桩所以就把买车目标定位在插电混动完美契合了自己市内用电，长途用油的需求！
购车预算基本上在20左右，所以对比的车型也主要是：深蓝sl03增程版；魏牌拿铁phev；吉利星越L；比亚迪宋P DMi
从准备买车到看车几乎有一年多的时间，从刚开始看的时候 市场上比亚迪的dmi一家独大打开市场后，到后面长城魏牌问界先后出了各种插电混动！自己看着选择性越来越多了，买车本来就很纠结，宋大妈等车太久而且筷子悬架无奈放弃，魏牌拿铁phev虽然是个好车 用料也很足，预算有点点小超而且就怕买了就停产?，也无奈放弃。自己其实刚开始并没有把领克作为自己的第一候选，但是当领克退出了emp和emf技术以后其实就是雷神那一套系统，其竞争力大大提高了，直接约了4S店去试驾，当时店里只有emf，随后emp来了以后又试驾了一次。
试驾感受：一个字稳，开起来很有信心，而且车里基本上没什么异味，就是有点真皮的皮革味。车门厚实，欧系味道很重，而且是CMA架构遗传了沃尔沃的基因，坐上去就安全感满满。运用一体座椅包裹感十足，内饰简约大气，我个人也是喜欢实体按键。燕飞利仕的音响音质对于我来说爽到爆！因为是新架构的混动无论是起步的线性感和后段的再加速感都是可圈可点的！
下单过程：由于对车很满意，而且领克的识别度也很高但是又比较独特，自己就考虑了几天后直接下单了，也没跑太多店比价格所以遗憾的是店端并没有拿到太多的优惠了，只有一个4000元的贴息，没得谈，随后问下来其他4s店优惠更大一些大家可以多跑几家4S店应该可以车价优惠的同时还能按到无息的贷款。
加入了漫长的等车大军（汗，应该是小部队，这车真的是非常非常的少。）
10月中旬到车，但是自己去深圳出差导致10/28号上牌后车就在4S店吃灰到11月初才开回家！
开了有一个月，自己的体会和试驾时候基本上没有太多变化，补充一些更深的感受吧。
1:纯电续航和标称的几乎无异。坐标无锡 现在12月温度10度左右，满电能跑70公里。自己每天是从车库开出来，所以温度其实还好，但是，天很冷，开空调的话续航要在70KM基础上打个6-7折左右。
2:馈电油耗，很少馈电行驶但是有几天馈电开了几十公里表现在5-6之间，对于一个1.9吨的车来说还不错了。非暴力驾驶。
3:智能化，之前就听说领克止于车机（哈哈哈哈?）但是升级了8155车机以后，感觉还是没那么夸张，基本操作流畅度还可以。就是APP太少了只有那么几个，而且导航还是百度地图无限吐槽！抓紧上高德和网易云。语音识别度也不错，但是偶尔会误唤醒车机。
4:底盘非常扎实，虽然略有偏硬，但是韧性很足够，调教的很符合自己的喜好。属于偏硬一点的风格。
5:隔音也很好，目前没上过高速，100KM以下的隔音还是很满意的。对得起这个价位。
6:空间，现在就我和我老婆两个人用车，空间时候够的，以后有了孩子应该也能满足。但是目前还没有测试过极限，今年过年的时候测试一下后更新感想。
7:越野和露营 这个还没有涉及到，等体验过了随时更新。
总结：从造型到用料到体验都很符合自己的胃口，对国产品牌的认知也有不小的认知，这次买车也基本上就是朝着国产品牌去的！开了有1400KM了。还没有遇到什么问题，行驶里程太少还看不出来质量，很再开一段时间在下结论！总体还是蛮推荐的！",2022-12-10,无锡
吐吐gege,"【2000KM】领克01EMP晨曦版新车主使用体验

首先感谢圈主星巴克在逃美式推荐

我是2023年1月提车的，车辆生产日期是2022年10月，目前已经开了2000+公里，平时周末都会跟朋友去周边自驾游的，用了大概2个月，对这辆车也有了一个初步的了解，下面给大家介绍一下各个方面我的看法


【外观】
作为一位一直在关注领克的用户，并且最后入手领克的车主，外观这个点，对我来说肯定是满意的，领克的外观一直是存在争议的，有人觉得好看，有人觉得丑，但是有一点毋庸置疑的事，领克的辨识度非常高，所以在我看来，高辨识度的车辆外观是非常能吸引我的，风格独特才能凸显出来与众不同。


【内饰】
因为我选的是晨曦版，所以内饰就是黑白内饰，内饰质感方面还是不错的，朋友坐我的车都说内饰挺好看的，目前用了2个月，内饰还算挺干净的，希望能保持下去吧，内饰的其他用料方面，也还算不错吧，音响的低音是我喜欢的，很多朋友都夸过我的音响不错，我用的是高音+6，中音+3，低音+6，个人感觉这个效果很不错，然后就是香氛系统了，我买的领克商城的香氛补充液，但是燃情时刻这个香氛液闻起来有点像洗衣液的味道，然后就是脚垫和后备箱垫的，我都是买的领克商城的TPE，这两个垫子挺好的，没有味道，材质类似橡胶，跟淘宝上那种硬塑料的TPE完全不同。


【空间表现】
空间只能说是够用吧，平时都是坐1，2个人，偶尔4个人，座位是够了，但是后备箱真的不大，装不了多少东西，放倒后排座位，倒是可以多一点空间，但是后排和后备箱中间那个杆子，不知道干嘛的，有点影响空间，所以放倒后排，空间也没有放大非常多


【油耗】
平时我在市区都是用电的，用油的场景都是在高速上，虽然欢乐表显示只有5.2L/100km，但是实际油耗我算了一下，大概在6-6.5的样子，也还算省油吧


【续航】
因为最近我用电比较多，所以我特意看了一下纯电续航，官方标的70km纯电续航，实际大概能开个65km的样子，我开车会开音乐和空间吹自然风


【智能化】
对于车主的智能化，这点领克还是做的不错的，高级智能辅助驾驶，这个功能在高速，高架，堵车的时候我都是必用的，对我来说，这个功能使用率非常高，可以让人开车非常的轻松，一点都不累。然后还有一些安全辅助，会在危险的时候抢方向盘或者发出警告，在安全上确实做的很好，对于我这个半新手来说，使用频率最高的就是360了，所以360这个还是不错的

【驾驶感受】
关于驾驶感受，我这个车的胎压是300左右，所以我平时过个减速带，那个震感完全都传到车里了，不知道把胎压降低后会不会有所缓解，然后有个很明显的情况，在猛加速的时候，50码左右，可以感受到顿挫，如果是慢慢加速的话，就感受不到。

【吐槽】
1.3.1的车机，真的不太行，UI不知道咋设计的，仪表盘右边的内容竖着堆到了一起，然后电量使用还是负的，真的好丑。
而且为啥要取消HUD上面高级智能驾驶的车道线呢，感觉车机在反向升级

以上就是我这个新车主在使用2个月，2000公里的一个初步的使用体验，后续有其他的感觉，再跟大家分享",2023-02-25,杭州
亦业191,8.28号从app上预定，29号与4s签订合同。9月17号车到达4s，进过pdi检测，19号进行验车付首款，21号就在4s进行提车了。我在的4s的这个销售服务周到，让我提车十分迅速！ 驾驶操作： 1、新车开起来动力十足，稍微踩深一点油门迅速带来强劲的推背感，驾驶趣味瞬间就来了！ 2、保留部分实体按键，简单明了，方便操作，新车型呼唤语音助手能实现大部分操作，但有些指令无法很好识别整体车机在三指飞屏和hud抬头显示下，让车开起来注意力更集中。 3、在快速路上采用智能领航模式，一键启动，可以保持车道、车距、根据限速进行降低车速，结合多项辅助驾驶，让驾驶不再那么辛苦！ 车机： 车机是顺滑的，但还是出现了定位不准，直接飘10km以外去了，厂商技术支持无法解答，还跟我说是正常现象。销售给我拉的4s服务小群，把问题往上一发，按章他们的方法重启，问题就得到了解决！ 油耗： 在有电的情况下，整体油耗较低。由于不知道怎么设置小记，根据app显示粗步估算，馈电新车油耗6L/100km 空间： 1、后排有很大的隆起，为了放下电池，后排建议两人乘坐会较为舒适。后排空间乘坐正常。储物空间正常 2、驾驶位扶手箱空间十分小，放下一包抽纸就没有位置了，中控台下方没有储物空间，实打实的一整块 3、后备箱，没有备胎只有补胎液和打气设备，整体空间基本日常够用,2022-09-24,深圳
DuckGoGo,"关注领克前后也有三年多了，成为一名领克车主，尤其是01PHEV车主，绝对是一种缘分。生活在一个限牌限行的城市（上海）；没有固定充电条件（与纯电车型无缘）；没有油牌额度（拍沪牌拍了有三四十次吧，真想不通怎么就这么难？）。在老牌车企纷纷开启全面电动化转型、国产品牌强势崛起、芯片短缺产能不足的2021，在被某车商把信息不对称玩得炉火纯青、恶心你到没商量的五个月无效等待后，终于下定了01PHEV Halo。

总的来说，选择01PHEV，是孤独的，是冥冥中注定的，也是幸运的。01PHEV的销量实在是算不上好。也不难理解，如果你不是非要买混动，燃油版显然更香一点。更何况同门还有个外观近似、更加个性更加智能的竞品——06PHEV，使得价高的01PHEV常常成为被PASS的对象。仔细权衡，01PHEV的定价并没有太高溢价，沃尔沃CMA平台、相对更大的空间、更全面的舒适性配置、更协调的外观、更好的安全性能，落地不到22万，其实很可以。

【购车体验】领克的车主群体以及4S店销售人员的显著特征就是年轻化，也非常贴近年轻人的需求，可以说领克就是围绕年轻群体打造的，成功实现了这一市场定位。购车体验总体愉快，附加费用很低，多去几家4S店基本就能摸到底价。上海上绿牌手续比较多，从订车到上完牌照，一共25个自然日，比较了一下算是蛮快的。

【驾乘感受】很好开，1.8吨的车身很稳，平顺性、滤震和动力响应都不错，过坑洼不会有颠簸感，刹车脚感不错。车内空间也比较宽敞，后备箱空间足够大。

【动力表现】超出预期，起步干净利落，行驶过程中发动机的介入和退出是感受不到振动的。而且高速性能表现不错，这点比较有趣，现在各家的混动系统平顺性都做得比较好，但是高速表现乏力。这辆车高速（超过120）的动力表现和燃油车一致，难能可贵。应该说01PHEV没有偏离领克车系兼顾动力性能的定位。

【车机】不支持carplay，流畅度一般，操作性一般，没什么惊喜，应用商店可选装的应用只有11款。上车要启动一会儿。默认地图是高德，默认音乐是酷我。

【配置】不多说了，天花板了，有用的没用的都给你了，想要HUD的那位老哥，可能是完美主义者。个人好评手机无线充电、行车记录仪专用usb接口、锁车后视镜自动折叠。

【经济性】主要谈一下长期没有充电条件的情况。长期不充电，经济性中规中矩，你可以选择费油的开法，也可以选择节油的开法，但指望它省油钱是指望不上的。为什么这么说？要结合下面要讲到的动力电池一起来看。

【动力电池】动力电池有两种模式可以手动设置：充电模式和节电模式。这两个模式默认关闭，每次着车需要重新设置。具体讲来，（1）充电模式，就是发动机持续运转，持续对动力电池充电，即使你停车或者驻车，只要没有按下熄火开关，发动机都会持续运转并充电。这个模式下，电动机仍然是参与驱动的，那么可以想见，充电模式一定是高油耗，实测市区短途最高上过13个油。（2）节电模式，其实就是电机不再参与驱动，你可以理解为纯油模式，同时刹车以及发动机的富余动力仍然可以充电，此时发动机的首要任务是驱动而不是充电。这种模式下，油耗就是燃油车水平，具体将取决于驾驶习惯、拥堵情况、空调使用等，实测市区短途8-9个油。
值得一提的是，如果这两个模式都不开，有可能会把的表显电量开到零为止的，并不能自定义电量下限。说明书中并没有提示这一逻辑，更没有指出表显电量为0情况下需要如何操作来维护动力电池寿命。注意这是表显电量，分析一下有两种猜测：（1）表显电量为0不等于实际电量为0，厂商可能预设了电量保护，避免造成实际电量耗尽、加速电池损耗的情况；（2）厂商默认你总归能找到充电桩偶尔充充电，不至于长期保持0电量。从整个说明书的逻辑来看，我更倾向于第（1）种解释，因为说明书没有交待行驶过程中需要关注动力电池电量，应该是做了防呆冗余的。实际情况如果有知情的朋友还请赐教。
谈几点感受：（1）设置不方便，没有快捷设置，菜单层级比较深，要点好几下才能找到；（2）我一般还是把节电打开，当油车开，电攒得多了用用电。应该说，这么个开法比较省心，相对经济，但没有充分发挥这套混动系统的能力。

【加分项】首任车主终身质保；终身免费车机流量；配有备胎；APP官方活动多，提车后APP里送了领克五周年惊喜礼盒。

漫长的选车过程，其实也是重新理解自己的过程。对于01PHEV Halo，我是非常满意的。期待领克有更多突破。",2021-12-05,上海
巴黎待爱1,"提车已经跑了682公里了，纯市区行驶，还没跑过高速，谈谈目前公里数的实际感受吧。
购车:购车前看了同价位的其他品牌的车，根据自身情况考虑了很久，最终选择了领克01，跟其他品牌对比什么的就不说了，萝卜白菜，各有所爱。今年4月份提了一辆01型Pro，跑了两千多公里，720暴雨在地库泡了，保险公司全损赔偿，我自己亏损个购置税，保险费，后来重新买车因为限号问题选择了新能源，还是依然喜欢01，就加点钱买了01新能源，可能有人问为啥不买纯电，第一，小城市充电桩普及的不多，与物业协调地库车位暂不让装充电桩，第二，家里的第一辆车，回头会自驾游，还是考虑保留燃油车。最终选择了插混01。

空间:1.我身高1.78，坐哪都绰绰有余。2.主驾驶右腿因中控台造型问题会有一点点感觉挤腿，但能习惯，把座位适当后移点，膝盖错开就OK。提车时送脚垫没货，过了一星期有货去安装再开车，脚垫全包上翻比较高，原本右腿和中控台之间距离就比较挤，现在加个脚垫厚度，更挤了，计划先凑合用一段，回头再换。3.不知道是错觉，还是座椅没调整好，感觉新能源01的主驾座椅比燃油01要短，膝盖往后大腿下面悬空比较多，座椅前段支撑不住大腿，开时间长腿很累，感觉是一直在用后脚跟撑着大腿，如果把座椅前段调高屁股就窝在座椅里面，难受。之前开燃油版01没有这个感觉，长时间开车很轻松。接下来慢慢摸索一个合适自己的的座椅调整吧。4.后排空间，中间凸起就不说了，装了电池。之前01车泡后我把脚垫都拿出来了，放在现在车后排长了一大截，应该是座椅下面不是垂直的，有一个向前的斜坡，燃油版是个垂直面？我没去看实车对比。后排不经常坐，腿部空间没感觉出有什么区别，应该是一样的。后备箱空间比燃油版空间进深多了4指，我把原燃油版01后备箱垫放进这个车里，刚好把后备箱锁扣位置错出来。后备箱日常用没一点问题，国庆外出旅游看看实际使用吧。

车机:原厂车机互联不知道咋用，也没在车机上找到这个功能，郁闷，不过我也用不到。自动泊车，鸡肋，测试过一次，连着三个空车位尝试自动泊车倒车入库，从识别车位到移入车位花了快半个小时，可能是我哪里操作不当，识别车位花了很长时间，我在三个车位前面前走走后退退一会识别到一会儿没有，当你的车后排门和旁边的车头处于90度的时候，识别率会高一点，倒了三把才进去，还不如我自己来。有一点要注意，他自动泊车状态车速有点快，比我日常自己泊车进出的车速要快很多，坐在那很不安心，这功能闲了时候玩玩就算了，别当真。其他功能都挺好，比合资车机要香。

内饰:用了一些黑色哑光镀铬条装饰，很漂亮。常用的功能有机械旋钮，机械按钮，不用不知道，很香很方便，之前开某车都得用中控屏触摸操作，很容易分散视线。重点说味道，可以基本上说没味道，之前大众，本田的车味道给我留了太深的印象，特别冬天开暖气，熏得晕车恶心。

贴心功能: 1.Autohold，日常等红绿灯刹车踩死后自动刹车这是基本功能，其余的停车挂P挡自动拉手刹，D挡原地驻车解开安全带开车门自动挂P挡拉手刹，没系安全带D挡挪车原地驻车后自动拉手刹，N挡熄火自动挂P挡拉手刹，起步挂D挡踩油门自动送手刹。2.自适应远近光，在人少的没灯的郊区小路很好用，文明礼貌。3.大灯随转向动，好用，有逼格。4.倒车后视镜自动下翻，之前开老爸的车都是自己在后视镜上贴个凸镜，倒车看轮胎和路牙石，新车泡了开别的车过渡时候没这个东西很难受，现在01有这个功能很好用。5.自动雨刷贼不贴心，算法识别率有问题，一会儿正常一会跟个疯子一样，自己手动旋转调雨量大小也不行，基本上是小雨靠手动，大雨靠定速雨刷。
字数有限制，其他方面后续继续发。",2021-09-11,新乡
苑叔聊车,领克01 EM-P可以理解为是之前01 PHEV的升级版，虽然外观没有太大的变化，但是作为领克家族的中坚力量，01 EM-P依旧保持着自身独特的造型样式，同时很多细节上也看到了领克家族新的方向，比如更像领克09的尾灯样式等，而且它的尾灯在日常行车中会处于常亮的状态，白天、晚上都能带来更多的独特性。内饰方面，变化也是非常大，12.8英寸的中控屏清晰度和使用手感都很好，它使用了骁龙8155处理器，系统启动、各功能启动的速度也都要更快。动力方面，01 EM-P的纯电续航里程为70km，适合一些短途代步使用。动力结构上，它采用的是1.5T发动机加100kW电机和3挡DHT混动专用变速箱组成的，无论是在纯电还是混动状态下，变速箱会根据行驶工况自动切换到更为合适的挡位，在低挡位下，加速可以获得更强的动力；在高挡位下，保证了巡航时的燃油经济性。对于日常使用来说，这款车自身不支持直接使用直流快充，需要额外购买一套转换器，但日常使用的便利性还是会受到一定的影响。,2023-01-04,
orangecard,截至今天我已经开着这台车行驶了3372公里了，先说结论，我对这台车是相当满意的。由于公司（免费充电）和家里都具备充电条件，目前3300多公里的行驶里程中，电驱动占到了几乎80%，所以直接的结果就是目前总的油耗水平是百公里2.7升油，这个油耗虽然和纯电车比不了，但是和燃油车比起来也是相当感人了。   总体说说几个特别感人的地方吧 第一个就是空调，空调这个东西其实没什么特别，但是PHEV上配备的应该是电空调，所以直接的好处就是在驻车时，发动机不用启动，直接通过电池的电力驱动空调运转，这点尤其是在等人的时候非常好用，坐在车里开着空调还不费油，想着夜间谷时充电一度电才3毛多，所以越吹越觉得划算。电动车和混动车应该都可以这样，但是对比燃油车必须启动发动机才能运转空调而言真的就是凉爽尽在不言中了。有一次我老婆出去办事，我就和儿子在车里吹了一个多小时的空调，他玩iPAD我睡觉，一共也才用了不到5公里的电，那感觉真是燃油车无法体会的美妙。   第二个那就是电驱动下的加速性了，说实话以前总听别人说纯电车加速贼快，提车后我基本上上车就把模式调到纯电模式，加速前1-2秒提速一般，但是2秒后基本上加速就很猛了，速度线性上升，加速平稳，在等红绿灯时起步尤为明显，燃油车一般都是只有看我尾灯的份，所以纯电加速这块，真的体会了什么叫做开了电车就回不去油车的那种感觉了。   如果要说第三个感人的地方那应该算是纯电续航里程以及充电时间了吧。这车升级后纯电续航已经能达到81km了，虽说和纯电车比不了，但是我看了下除了比亚迪的dmi以外，基本上超过了市面上大多数PHEV的续航里程，从我位于郊区的公司到市区的住处一般40公里左右，考虑到堵车加空调开启，虽说不能覆盖一去一来，但是基本上能覆盖80%的路程了，剩下的20%采用燃油辅助，总体而言的用车成本还是很低的。充电这块，公司采用3.5kw的充电桩基本上5个小时能充满，所以每天上班时充电，下班时就能满电回市区，郊区家里的充电桩是7kw的功率，一般2.5-3小时就能充满，短时间能充满解决市郊使用，确实感觉还是相当便利及较低的使用成本的。 其它方面，三缸机启动后在怠速状态下，方向盘上还是能感觉得到震动的，但是只要速度起来后动力表现和普通的四缸机就没有太大区别了，而且由于混动馈电情况下，低速一般都是用电先带动车辆到达一定速度后发动机再介入，所以整个过程几乎感受不到发动机带来的震动，这点颠覆了我对三缸机的固有印象，如果说三缸从起步到加速阶段全工作的话震动可能更容易感受到，那么在我看来，电力驱动起步，燃油支持加速的这种工作模式无疑很好的解决了这个问题。 自适应巡航（ACC）+领航辅助（PA）功能也是我日常行车过程中使用较多的功能，自适应巡航就是设定好行车速度后，如果前方没有其它车辆，那么它会控制车辆加速到预定车速并维持该速度行驶，如果前方遇见其它车辆减速，那么自适应巡航功能也会控制本车制动，以保持和前车的相对距离。这功能尤其是在堵车的时候显得很实用，前车经常走走停停的，以前老是要一脚油门一脚刹车的，自从有了这功能后，只用考虑油门了，刹车会由车辆自行控制，极大的缓解了疲劳感。领航辅助在控制和前车的跟车速度及距离的同时，也会扫描车道线来控制方向盘，使得车辆始终行驶在车道线中间，避免发生偏移。当然既然叫辅助，那么必然在某些条件下还是需要驾驶员来操作的，毕竟目前的功能还没有达到完全自动驾驶的水平。 底盘这块，一开始我感觉这车底盘还是比较硬的，特别是过坎和颠簸路面上的时候，听底盘的声音还是“嘣，嘣”比较清晰的，不过随着开的时间越长，感觉这种情况弱化了许多，好像又没有先前那么“硬”的感觉了，总体开的过程中还是很有信心的，加速，制动各方面都操控自如，信心十足。转向手感上虚伪稍微偏大了，和我以前的车比起来有些“绵”的感觉，不过方向盘转动的力道倒是小了不少。刹车这块感觉在使用了ACC或PA功能和没使用这两个功能时，刹车的感觉存在不一样的情况，有时候会变得稍硬，有时候刹车的脚感又比较适中。   行车娱乐系统毫无疑问也是很好用的，可以下载不同的APP应用在开车过程中使用，我开车时主要就是听听歌了，然后就是用语音控制控制下导航，我儿子一上车就会要娱乐系统播放儿童故事，而且资源比较丰富，选择多样。中央大屏和液晶仪表上可以同时显示导航信息，避免开车过程中反复转头看大屏导航。   内部气味这块，我老婆从坐上这车就说内饰没有味道，和以前的车比起来简直是天壤之别。后来懂车帝有一期01的拆车视频，看了之后发现内饰用料确实给力，没有什么黑心棉之类的，相信领克应该是集成了沃尔沃的优秀品质，所以我对家人乘坐这台车更为放心。   据说01从今年开始也出口到欧洲了，也祝愿国产车能够更多的走出国门，将优秀的产品带到全球，将中国制造的美名继续发扬光大。,2021-07-04,上海
秦默的默,"时隔11月，今天来评价一下我开了1万3千公里的座驾——领克01 PHEV Halo

【购车经历】
换车想法源于家里刚考驾照的长辈想要我旧车给他练手，然后支持我们换个新车！
一开始考虑星越L，后面看了领克和星越L的拆车视频，星越L的用料，也有好了，但整体来说领克更好，就准备上领克。对比02和06么，价格相对便宜，但空间偏小一点，家里也要有宝宝了，还是希望空间过得去，同时考虑到杭州限牌，绿牌还能免购置税，所以最终在1月初提了领克01 PHEV Halo。
【空间表现】
车身和我之前的博越Pro差不多大，空间感觉比博越小一点的感觉，坐着没有博越Pro宽敞。我个子170，后排膝盖距离2拳多，顶部空间，我们家没有特别高的，倒是绰绰有余。
后备箱空间感觉比博越Pro小点，不过家用足够，放了储物箱之后，还能再塞3-4个行李箱是妥妥的。
【外观】
领克的外观辨识度挺高，没人反驳吧？
整体设计讲究，细节处理到位，时尚也不失霸气，车身线条流畅，满满的高级感，非常符合我的眼缘，尤其是尾部，LED灯组的设计，非常亮眼。
当时，刚好PHEV可以订购蓝色的，就选了蓝色，蓝色非常有都市精英范。
总之，外观方面，我愿意给他打满分！ 
【内饰】 内饰设计很有格调，用料也很讲究，质感在这价位无人匹敌。真皮材质的电竞风格座椅，无论视觉感受，还是乘坐体验，都是一级棒！很多坐我车的人，都评价坐着舒服。刚提车的时候，车内会有一点皮革的味道，散了大半个月吧，就没有再闻到了。
无极调节氛围灯，还改装了迎宾灯，仪式感拉满。
燕飞利仕的音响，对于我这种五音不全的人来说，没什么感觉，但得有！哈哈！ 缺点就是内饰的颜色，没得选择，只有黑色，会让人稍显压抑，个人不喜欢，更喜欢棕色、米白或者其他较浅的颜色。
【续航】
说起油耗！只能说真香！
公司、家里都有充电桩，回老家还能有随车充，充电很方便，所以基本场景都在用电。电费才多少钱！对于今年95号汽油的油价，简直不值一提。
纯电理论续航81KM，除了冬夏两季，要开空调，其他时候，基本能实现1:1，甚至还会超出，这就得考验大家的脚法了。
我之前开的最好的成绩是15KM，表现续航只掉了9KM。
然后只有跑长途才会用到油，像我定期每月回老家，距离130公里，正常出发前充满电，高速油耗也很低，到目前综合工况油耗是2.8L/100KM。如果是纯油跑，高速油耗在6-7个左右，有人能跑到5个，只能说大佬牛笔！
所以算下来，我是两个月加一次油，一年油钱还是很省的！
【亮点配置】
ACC自适应巡航，高速车少时，非堂好用，配合L2级辅助驾驶，可以让车辆控制方向盘和加减速，人只要做好监管就可以，长途开车能减少疲劳。
预碰撞系统也很有用，前方突然急刹车或者突然窜出来一个电瓶车，会帮助你刹车，我就遇上过几次，避免了碰撞。
前排主驾座椅有加热和通风功能，很实用，但副驾只有加热，这点差评。
【驾驶感受】
动力不错，起步不肉，响应及时，超车一点也不慌。
抖不抖？
这款车配备的三缸机，这也是它销量不怎么滴的原因吧，很多人担心会抖。开了11个月，说说我的感受。如果你有充电条件，一直保持动力电池有电状态，那是不要慌的，起步用电，发动机不介入，就像电瓶车一样，轻盈无声。
当然，馈电感受就不好了。馈电状态下的冷车启动，能听见发动机抖动声，你握着方向盘，体感是感受不到的，可能是因为避震做得好？ 
另外一点不好的地方，就是有时候深踩油门，从电切换油，有点迟滞感。
高速、市区、泥巴路、烂路、窄道，什么路都开过了，操控驾驭得心应手，19寸马牌轮胎，配上优异的底盘调校，让这款车在舒适与性能之间找到了一个平衡的。开到140（遵纪守法警告⚠），一点感觉都没有，动力依旧给力！
【智能化】
实在谈不上智能。先说说比较实用的几个点：
1、	选装了HUD抬显，看个速度啥的，还是很方便的。
2、	车机导航，可以全影投射到仪表盘上，不用转头去看车机导航了，安全又方便。
3、	我一个人开车会选择听音乐，正好有QQ音乐，可以满足我的需求。还有哔哩哔哩，我媳妇是B站爱好者。
但是缺点也非常明显：
1、	可玩性太低。车机软件极少，但凡有点其他需求，它就满足不了。不能安装第三方软件，除非破解，但破解会有bug。
2、	高德不能更新，目前版本是4点几，完全跟不上步伐。
3、	车机启动慢，车开出去老远了，还没启动好；开机还自动播放音乐，很烦，据说这个问题在新的版本车机可以手动选择关闭。我目前发现的办法，就是恢复出厂设置，然后不要打开伴听和收音机，就不会自动播放了。
4、	OTA只能到店，不能云升级，首保的时候问过目前只有测试版，升级要3-4个小时，放弃了。
总之，软件系统实在有亿点点拉胯，好车毁在了车机上。
【总结】
总结来说在这个价位下是一款配置丰富的好车。
如果能换车机，把车机做得更好，就完美了。",2022-11-16,杭州
暴躁01phev,"作为一个开了20多万公里的老司机，领克01PHEV这辆车是我的第二辆车，现在已经行驶了1.2万公里，下面就开始我的选车，购车，提车和用车的心得~也给大家一个建议，希望能给大家详细的参考
    精彩的选车与购车
我在懂车帝当中很多车型，做了很多的对比，有吉利的星越L，但是由于动力太差劲，让我直接给PASS掉了，我喜欢的是动力强劲，又经济又实用的车子，虽说01PHEV这个车子，动力也不是多么的强劲，但是它的安全系数高呀！懂车帝里边的测评！我把这个车子的测评全部看完，觉着很完美了！然后我就开始在里边投递购买意向，随后北京的各个4S店就开始给我打电话，约我去看车，去试驾
   购车经历,，一开始呢，很多销售人员给我打电话，问我有没有试驾过这车子，因为还没试驾过这个车子的实际感受，我就答应了石景山的销售人员去试驾了一下，因为当时没有01PHEV的试驾车，开的是05PHEV的试驾车，一进车子里，居然没有味道，因为家中有娃娃，所以要选择一辆气味小的车子，这个是给了我一个意外惊喜！！！在心中默默的给领克一个好评！接着跟销售谈价格，在询价之后，店里给的各种补贴，加一起大概有1.2万左右，但是距离我心中的价位还是稍微高了点，在中汽众悦的销售人员加了我的微信，进行了问价，砍价！详细的又了解了一下这个车子！没想到这个店里的销售人员这么热情，我问了什么，销售都给一一解答了！这个是别的店里做不到的事情！在没去店里的情况下！居然跟销售定好了车子！总共优惠是在北京市内最优惠的价格了！大概优惠到了2万的价格，也是我心中预期的价格！在4月13日这天，也是我大闺女的生日，带着我媳妇和闺女！一起去了店里提车，到了店里后，直接就办理临牌！满意的开回家了！
     [笑脸]  [笑脸] [笑脸]下边就开始说一下这个车子的优缺点吧
优点：1.气味，我现在已经开了1.2万公里了，车里一直没什么味道，对于有娃娃的家庭来说，这点儿非常的重要，也是必须要重视的车内甲醛！
           2.主动刹车，这个功能真的是太香了，救了我好几次，因为开车的时候，注意力不集中，导致和前车距离太近，领克的主动刹车就会主动介入直接刹停！避免了与前车的碰撞！
           3.领航辅助驾驶功能，在高速上没有车子的情况下可以开启这个功能，自动驾驶，保持车道，会主动介入，解放了双脚，不过我很少使用，我还是喜欢自己驾驶，但是可以单独把并道辅助功能开启，在偏离路线的时候就直接报警和介入！减少了事故的发生！
           4.动力方面，纯油的情况动力的相当的强劲，别看是三缸发动机，那也是比日本车强的不是一星半点儿，在高速上110的速度情况下，轻松超车，轻踩油门，轻轻松松的超越前车！没有任何的犹豫！
           5.纯电行驶，标注的是81公里的纯电续航，但是对我来说还是有点不够用，我只能跑68公里左右，因为我有60%左右都是高速行驶，所以比较费电，如果是在城市道路的话，那就差不多可以开73左右了，还是在开着空调的状态下！
           6.油耗方面：这个车子如果是需要跑长途，建议堵车的时候开启电动模式，如要长时间需要高速模式了，请把运动模式打开，非常的省油，大概在6个油左右！稳定驾驶，比混动模式要稍微节省一些，同时动力也很强劲
             下面开始说说这个车子的缺陷吧
1.这个可能是领克的通病了，车机卡顿，我发现的问题就一个，黑屏，在开车行驶超过一个小时以后，车子会不定时的黑屏一下，大概两秒钟，然后又恢复回来了，在首保的时候在店里做了车机升级，升级到了752，在自己行驶了2000多公里这期间，车机倒是没有发现什么问题，把问题都已经解决了，现在的体验感受还可以
2.车机系统不能下载额外的软件，只能是下载车机自带的软件，太少了，不过，我是男生还可以接受，毕竟是开车，也不能干别的，多了也是没啥用处
3.馈电油耗，我在试了一下01HEEV这个车子的馈电油耗，在我的暴力驾驶中，油耗大概在8升左右，不算是省油，因为是要一边充电一边暴力驱动，可能更费油吧，不过我还可以接受，这么沉的车子这个油耗也算可以了
4.隔音问题，感觉就是胎噪大，如果开了音乐的话，是可以接受的，如果速度低于80，整个车的隔音还是不错的！
   最后总结一下我的用车感受吧，也是根据认识的众多车友的集体反馈
我现在行驶了1.24万公里，总共花费油加电是3500元，大概是0.354元一公里因为我平时使用纯电模式比较多，所以就很省钱了！这个车没什么问题，具开了3年领克的老司机说，这个车没啥小毛病，该保养保养，可劲儿造是没问题的，车机问题，在我升级了752的系统后，也未发现什么问题了，正常使用，整体感受这个车，相当的棒！国产之光！安全系数高，动力强，省油，具于一车，相当的哇塞~！",2022-10-18,北京
开领克的牛牛,"【购车经历】
因为上海是限牌城市，暂时手里又没有大牌额度，有工作日通勤需求就开始看新能源了。目标价位是30以内，不考虑日系车，选车开始领克就是首选，然后前前后后也看了领克大众id4X、途观混动，比亚迪宋plus Dmi、唐Dmi等等。先试驾的是比亚迪，DMi的技术确实厉害 ，但是驾驶质感不太行，比亚迪的内饰也不太符合我的审美，定车周期也过于长了，就pass了。之后试驾了ID4，挺好开的一个车，但是考虑到里程焦虑也pass了，最后试驾的是领克01PHEV，驾驶质感不错，内饰也很符合我的审美，纯电还能开81公里，市区通勤足够了，谈了谈价格就立马下定了。

【驾驶感受】
提车10个月了，总共开了一万四千多公里，在9800公里的时候做了首保。纯电模式很平顺，混动模式在你需要动力超车的时候发动机会介入提供动力，动力模式我一般高速的时候用，时速100以上超车还是很轻松的。

【油耗】
如果天天充电基本就是0油耗，馈电的时候市区道路大概7-8个油，高速我一般开动力模式➕动力电池节电大概6-7个油，动力模式➕节电高速巡航的情况下还能给动力电池充电，大概10公里充1公里的续航。

【外观】
领克的外观就是喜欢的人特别喜欢，反正我觉得很帅，辨识度也很高，特别是晚上，远远的看到灯就知道是领克。

【空间表现】
空间我觉得是够用的，我178的身高调到正常驾驶坐，坐到后排还有一拳半的距离。后备箱空间也还可以，24寸的箱子大概能放3个，还能放一些其他东西。",2022-07-04,上海
魔丸ShellionLee,领克主打年轻高端，在4s店里就可以体会到销售与其他车企的与众不同，给人轻松的感觉，并且很快能成为志同道合的朋友。 价格方面由于是车展看车加上领克官方的活动，七七八八便宜了1万，由于是活动期间订车，又是新能源，所以许多费用都能免除，领克官方活动还是给力的。 车辆驾驶感受满分，电起步平稳，发动机介入自然。亏电情况下百公里城市油耗在8个油左右，高架的话平稳保持在6个油。如果电充满油耗就非常感人了。基本上可以到6以下。目前没有试过快充，只是很希望以后公共充电能更方便。。这样自驾游就非常愉悦了。纯油实际续航在500公里左右，就看是不是开空调啥的了，你懂。 空间表现方面对于我这种短腿人士来说是非常好了，不是溜背所以头顶空间很好，后排座椅可能稍微有点直但是由于材料是皮革和翻毛皮，所以乘坐很舒适，基本上连续坐3个小时不会累（亲测有效）。 内饰方面就特别感人了，首先是继承了沃尔沃的优良传统，新车基本没有什么味道，要说完全没有那是瞎吹，但是不那么明显，买点炭包和空气清醒就可以了。其次，简约不繁琐的设计也是当时选择的一大原因，没有七七八八经典时尚小零碎的按键，基本上都是功能集成的。中控屏不是偏向车主设计这一点和上一代不太一样。不过见仁见智，我觉得让副驾可以刷b站也挺好（虽然首先得有个副驾专员）。材质用料方面真的是不用说了，给料给的足到我觉得同级别无对手。整体的内饰设计没有那么大料堆砌的感觉，都是和谐的放在那里是完全戳中我的审美的。。 再说一下动力和操控方面，1.5t是完全满足城市和周边游需要的，尤其是拖家带口坐满人的状态下。动力表现是给力的。。操控上我觉得方向盘的转向空间是有点大的，这个和性能车确实不好比。雨天表现只能说中规中矩，有一些起步可能是受驾驶保护的影响会慢一些。总体来说01是比较偏向家庭用车范畴的，就不要老想着做赛车手了。L2自动驾驶真香！真香！真香！（但是道路如狭窄和不好辨认都会开启不了。。一切还是安全为主） 安全上领克绝对是老沃尔沃派系的了，车辆安全监控一大堆，反正各种提示都有，不想安全都很难。全新的01phev是没有版本选择的，是上一代的高配车型直接改款的，所以该有的都有。。除了自动泊车。。（虽然也不好用） 领域全境，无往不克！让我们一起不止于车！,2021-06-24,上海
praisign,一、综合感受： 1、有颜值更帅气。这台车的车灯和造型很独特，让自己第一看看到就很喜欢； 2、动力和操控性很强。去年刚提了一台燃油版的领克，由于其良好的驾驶体验和操控性，促使购车时直接选择了这台能上绿牌的领克phev； 3、配置高、更安全。新增多项辅助驾驶功能（诸如抬头显示hud等）等都非常实用，对新手很友好； 4、无缝切换。除了刹车和方向盘的操控感不同外，可以和燃油版的无缝切换，便于一家人共同使用。 二、最满意： 1、始于颜值、源于综合、终于动力； 2、相比燃油车的使用成本，这款车更显经济和环保，高配的安全性能更好； 3、配置更高、辅助驾驶更多、体验感更强。 三、最不满意： 1、车机系统相对封闭，可用的软件不多； 2、车机启动慢，有时会有小卡顿； 3、没有快充（充电桩充满电2.5小时，家庭日常充满8个小时）。 四、油耗： 1、这台车可油可电，无里程焦虑，是自己最喜欢的； 2、81公里的纯电续航，上下班可以将其当电车使用，能省下一大笔燃油费用，进一步降低了用车成本； 3、刹车和油门踩的不那么猛的情况下，实际能跑到70公里；如果操控的比较猛且路况较差时，也能跑到60公里以上。不知随着时间的推移，电池的衰减程度如何… 五、驾驶体验： 1、自己买这款车的是高配版本，各项驾驶辅助功能齐全，为驾驶乐趣增色不少；如转向时自动打开360安全影像、氛围灯多种颜色可调、并线辅助系统让驾驶更安全、自动泊车功能虽不能完全自动，但对新手很友好、开门预警以及抬头显示等功能都很适用； 2、相比燃油车而言，这款车新增加“油电混合”模式；有电（足电）时就是一台纯电车，驾驶时非常安静、起步很快，但刹车偏硬、方向盘的灵敏度没有燃油版的敏捷； 3、使用了一个多月，整体而言：操控性很好，比燃油车更节能，使用成本更低、驾驶乐趣倍增。 六、智能情况 1、打开转向灯时，自动开启的360倒车影像很实用，全车12个雷达也让驾驶过程更加安全； 2、车机的语音交互虽然不是很准确，但是驾驶过程中的互动基本都能被识别到(多试几次)； 3、自动泊车 虽然不是全自动，但是辅助泊车功能对新手很友好； 4、车机自带的hicar 是华为的，对苹果用户不友好； 5、车载导航的实用性很高，音箱效果也不错，尤其是购买了酷我音乐的会员，听歌很爽； 6、并线辅助功能很实用，主动刹车好没有使用过；7、抬头显示在驾驶过程中，非常实用，自己也很喜欢 这一功能;特别有助于消除超速等。 七、空间 1、这台车虽然是紧凑型suv，但是它的空间一点都不紧凑。后排座位坐三个大人也不会显的拥挤； 2、即使一米八的大个子坐进去，头顶也会有一个半拳头的距离；如果把全景天窗的遮阳帘打开，则会有两个拳头的高度； 3、后备箱的空间也很大，一家人日常使用及出行时完全够用。 八、内饰 1、黑色的外形、黑色的内饰，更显厚重； 2、刚提车时会稍微有一些些新车的味道，车里放置香薰并开窗通风后，异味很快就消失； 3、整个内饰做工较为精湛、也更显厚重、扎实。 九、外观 1、领克01PHEV的外观是能够经的起“细品”的，当时买车时第一眼就被其外观所吸引； 2、整台车身流线的造型很赞、用料也很实在； 3、独特性的车灯及造型设计，在众多车中一眼就被看到。 十、操控性 1、四种操控模式：油电混动很智能、纯电模式很静谧、经济模式很省油、动力模式很畅快； 2、整体车的动力可以做到随心所动，不同的场景用不同的模式，油电随意切换； 3、相比燃油车悬挂有些硬、刹车和方向盘有点重，没有那么灵敏；这可能和动力回收有一些关系！,2022-09-29,廊坊
hellsound,"买领克也差不多半年多了，深圳摇牌摇五年摇不到，有小孩了想来想去还是搞块绿牌算了。首先被领克吸引的是独特的外形和有质感的内饰，加上一直宣传师承沃尔沃的安全架构，这一点也是买车重点考虑和比较满意的部分。至于动力，一个标榜运动的品牌动力还会差么？
【驾驶感受】
这个算是领克的强项了，原来基本都是租车开，驾驶品质比租的那些破车真是强太多了，动力，转向，刹车都比较有自信，发动机配合电动机真加速起来还是很爽的。看到三大妈一脚油门就看不见他们了。悬挂略微有些硬，毕竟偏运动的车，但是对应支撑性比较好有得有失。
【外观内饰】
外观越看越顺眼，就喜欢这种在大街上抓人眼球的车，而且整个线条也很有运动感，让人感到年轻。内饰就是领克的强项了，用料和设计都是没的说，特别是运动座椅，虽然稍微硬但是包裹性好。整个用料虽然不像豪车那样都是各种真皮包裹但是合理的设计也让人有一种高级感，这个基本都是人见人爱。
【空间表现】
超级大短板，这么长的轴距认真设计下内部肯定能有更大空间。前排还行我188开车也不挤，后排就不忍直视了，三成人或两成人一儿童座椅基本超过一小时就会觉得不舒服了。当时因为空间也犹豫好久最终还是奇特的外观感战胜了理智。
【提车价格】
这个没啥好说的，买早了看到现在深圳这里补贴那里补贴几万块，加上4s店过去几月因为疫情根本卖不出车估计优惠很大，哭晕在厕所。
【能耗】
停车场有充电桩，平时都用电两三毛钱一公里根本不心疼，出去玩跑高速才用油，100巡航油耗五个多还可以，偶尔市内用下油貌似油耗不少，感观上八个以上应该有，不算省。
【最不满意】
最不满意，小电瓶亏电，领克车主永远的痛，懂的都懂。车机启动略慢但可以接受，因为原来租的都是连大屏都没得车所以实际感觉还行。至于所谓钢材减配反正我买车的时候店里宣传材料都是新版图，也是看过拆车的所以无感，稍微学过力学的都知道这玩意主要靠结构，钢材强度是辅助当然不能差太多，不过我也没想明白后门少个加强筋是为啥。

总体来说，领克01是辆好车，大家也别对国产车这么挑剔对合资那么宽松。但想跟上时代步伐肯定要不停的改进，最近销量也说明了一些问题。",2022-08-30,深圳
三木先森,"外观：
        这个见仁见智，当初要定博瑞的，那时候领克刚出来没多久，4s刚好在吉利隔壁，出于好奇，跟媳妇去看了一眼，立即就心动了。第一批混动车主，等了两个多月，唉，都是为了深圳牌。

内饰：
        当初看了博瑞，比亚迪宋，唐，荣威rx5(貌似18年混动就这么个品牌)，感觉吉利的内饰个人比较喜欢，最后看了领克，爱了。领克的内饰各位没买车的可以去看看，对比对比，豪华感可能没有，质感肯定是没的说，对，质感！

配置：
        我买的是混动的中配，如果我没记错，比当时次顶配裸车贵2～3万块，基本配置都有，我最不能忍的是副驾驶的俯仰角度，学大众，用手动旋钮的，我一个大男人还要费很大力才能拧的动，不知道设计师咋想的。安全配置很足，就是自动刹车有点傻，估计试过的都知道。

空间：
        空间很一般，我还有一辆日产逍客，领克整体尺寸大一圈，但是内部空间不如逍客，当四座车可以，五座车就别想了，后排中间座椅，凸起较高，又硬，坐躺都不舒服。

操控动力：
        操控很好，指哪打哪，高速稳如老狗，避震偏硬，过减速带感觉是直接撞过去。动力的话，混动的，还用说吗？虽然发动机1.5t，但是超过120接着踩油门，还有推背感，喜欢激烈驾驶的，可以去试驾一下，你肯定喜欢。

可靠性：
        整车基本很可靠，机械素质没啥问题，就是软件毛病多，特别是初期。现在常发生的，雷达脏了，提示雷达故障，每次过测速闪光灯，自动雨刮就要刷一下，很傻，车机偶尔有点小问题，都习惯了。

用车成本：
         个人感觉用车成本小贵，因为没对比就没伤害。
         首先，烧95的油，这个是一个痛点，好多地方92油有优惠，95的没有。
        再有就是保养方面，我的逍客领克都是全合成机油，一万公里一次，逍客途虎要三百多，领克基本4s都是一千。修车也挺贵，目前两次事故，修车总费用18万，对，你没看错，18万，一次侧面剐蹭，换了保险杠，前门，大灯等，七七八八，6万块，第二次比较严重，气囊全开，挡风玻璃和侧挡都破了，还好没伤到发动机，修了12万，感觉零整比也挺高的，不过车刚性好，保住了狗命，两次人都没一点事。

总结：
        车是好车，安全，够硬，动力足，外观独特，配置丰富，缺点是有点小贵(貌似因为我穷)，修车保养费用较高，保险一定要买足。如果问我后悔不后悔买领克，我只回答你，我现在看09，如果空间和金钱充足，我下一辆就换09！！！

最后附上本人及两辆爱车的照片，各位轻喷。",2021-10-08,深圳
鹅城3少儿,"提车背景：在深圳摇牌四年一直未中，用车需求却曰益提升，害怕里程焦虑，最终把目标锁定在新能源插电混动汽车。在帕萨特、领克01、起亚K5等车型中进行选择，最终青睐SUV的我选择了领克01。
        用车一段时间才来进行评价，仅是个人意见供大家参考。
       外观个：外观见仁见智，有些人喜欢有些人觉得丑，刚提车那会我是有时觉得好看，有时觉得丑。现在时间长了有感情了或者是看习惯了还觉得不错。哈哈。
       电池续航：我这19款款纯电续航，由于家里没有充电桩，只能偶尔在公共停车场充充电。目前总里程15000里程，其中五分之一用电，五分之四用油吧，表显油耗为6.6，高速最好路况开到过5.5，还能接受。如果自己有充电桩可以经常充电会经济实惠许多，但是感觉在深圳有点难哈。
       空间方面：车的空间整体还是不错，由于我家身材都比较瘦小，加上小孩坐五人还算舒适，后排中间位置由于安装电池凸起比较严重，只适合小孩乘坐。后备箱空间挺一般，装不下太多东西。长途出远门要规划好后备箱空间。
       动力方面：领克这个1.5T的发动机虽然启动时声音稍微有点大，偶尔也有深踩油门响应延迟的感觉。总体动力还是刚刚的。在电机充满电后行驶很静谧，加速平顺，但在馈电遇上堵车的情况下会出现短时间抖动，有较为明显差别较，毕竟是三缸。
      车机有无数车主在吐槽，我感觉还行，正常市内导航、蓝牙听歌对我来说已经够用，连接软件也可以投屏手机导航。自带歌曲音质也不错。
      说说不足：自动刹停这个功能，感觉太过灵敏，经常会低速无端触动吓死本宝宝了。提车到目前有出现三次启动失败，去4S说是软件问题，最近一段时间没出现这个问题，希望已经解决。
        总体来说，作为限牌城市无蓝牌无固定位的家庭第一辆车还是不错的，用料还算实在，安全性能合格，内饰在线，无里程焦虑，纯油续航在600KM左右。",2021-06-15,深圳
阿祖3911,提车一周年，可以趁这时候聊聊这一年的用车体验。 基本情况，驾驶时长一年，21000公里，保养两次。基本上下班通勤，偶尔短途出行，每天60公里左右，纯油纯电行驶各一半。 先说说买车的初衷，和很多深圳的车友一样，受限于车牌和里程焦虑，混动成为了比较好的选择。在选车过程比较干脆，只喜欢个性小众一点的品牌，不喜欢烂大街的车型。领克我也关注了很久，极具个性的外观以及强大的品牌背书是我选择的重要因素。试驾时候刚好有现车，就直接下单了。 驾驶感受:底盘整体很稳，稍微偏硬，一体性强，支撑性也比较好，尤其是过弯的时候侧倾控制得很好，高速开到150也不飘。在纯电模式下，和大多数纯电车一样，响应迅速加速平顺，静音表现良好。动力模式下，动力很充沛，后段加速也给力，高速经常跑130以上也很轻松，只不过在低速时候会有点闯动。 内饰和配置:内饰的设计算是很有设计感的了，风格偏年轻化运动化，越看越耐看。用料在同级算是顶级，并没有什么异味。常规的常用的配置也是同级别拉满，如果能有放电功能将会更加分。领航辅助确实好用，能让人轻松不少，不足就是在堵车跟车时车距太远，容易被加塞。自动刹车就不用说了，好几次避免了追尾。 空间不得不说是领克的短板，后排空间比较一般，储物空间也有限，算是有舍有得。 总结一下:对于想买领克的朋友而言，我建议还是实车体验一下印象才会更深，如果是老司机可以感受一下底盘质感和动力表现，开车少的朋友可以多关注一下内饰用料及功能配置。相信领克都不会让你失望的。,2022-07-31,深圳
小猫Gary,"本人在上海工作，近期老婆怀孕，买车的需求就提上了日程。因为本人和老婆都喜欢SUV，所以只看各品牌的SUV款。由于上海拍牌太难，所以也只能选择插混上绿牌，要是有蓝牌我肯定直接上新款01油版。

品牌选择过程：
老婆一直对沃尔沃这个牌子很有好感，因为女生对沃尔沃印象就是安全与可靠，价格超预算所以只能停留在喜欢上了。至于其他品牌老婆只有两个要求，其他的以我的选择为主即可。
1.	不买她自己没听过的牌子
2.	坚决不买比亚迪（主要是老婆不喜欢比亚迪非要给自己的BYD定义个Building Your Dream意思，你叫BYD没问题，但非要生搬硬套个英文意思，老婆说你希望开着这个车去Build你的Dream吗？

前期刷车辆评测时偶然看到领克品牌，一开始想这品牌没听过肯定不会被老婆通过，后来仔细一看是吉利与沃尔沃合作新品牌，用了沃尔沃的流水线与三大件，于是和老婆说领克这牌子有沃尔沃背书，正好满足又想买沃尔沃又没钱的需求，就这样成功进入了选择。

购车的过程：
各大品牌车系测评都看了好几圈，正值21新款01发布，看到很多车友说的老款01各种毛病在新款上都有改进，觉得领克这个品牌是真的用心在做，愿意听取用户反馈，最后下定决心就买吧。以前看老款01觉得副驾驶腿部空间挤压，坐进去左腿感觉很不爽所以一直纠结，后来新款也试了一下，明显改动了一些舒服很多。

其实个人非常喜欢06的驾驶感觉，无奈后备箱有点小，考虑未来有娃放弃了。

领克中心整体装修非常干净时尚，是我喜欢的风格，虽然年近40，但我相信年龄不能限制心态的年轻，中年男人也能有二次元的精神呀。（沃尔沃的内饰确实太老气，只能说稳重不适合我，本人更喜欢朝气蓬勃，科技与时尚感强的）。不知道是不是最近领克大力推插混车型，除了正常的车价减4000优惠外，4S店销售直接把所有其他费用都免了（金融服务费、上牌费等），送了贴膜和脚垫。有个小插曲，本来说还赠送首年商业保险，订车后突然说是政策解读错误不送了，补偿了额外两次保养。

1月初订车，1月20号左右车就到了，后来由于时间安排，选择了大年三十提车。（这里吐槽一下，提车时候没安排啥好看的提车仪式，导致没拍照片）

提车一个月不到，跑了550公里左右，来说下整体感受……

外观：
外观审美每个人都不一样，我第一眼看到新款01觉得挺好看的，我同事说前脸特丑，这个不评论了。新款01插混黑白颜色我觉得非常好看，比纯白的好看。车漆不错，之前转弯刮到稍微硬一些的小树枝，下来看到有痕迹，拿手一擦发现一点事没有，所以觉得还算比较坚硬。

动力：
PHEV混动的动力还是不错，电机发动起步不肉。目前高速跑过一小段，但堵车速度跑不起来，所以无法对高速提速做出评判，但目前感觉80迈以上加速没有啥推背感，超车够了，后段加速比较平顺那种。

目前完全感觉不出油电切换的瞬间，不看仪表盘还真感觉不出来，也没感觉到啥换挡的顿挫。刹车和油车感觉不一样，因为刹车里面有动力回收的机制，所以一开始要适应一下，个人感觉刹车不硬不软。

关于三缸机抖动：
网友们一直说三缸机抖，所以也是我担心的点。现在感觉是真不抖，因为混动原理成功的避开了三缸机抖动区间。车辆启动时候我都在想这车启动了吗，咋啥感觉都没有呢。（不过如果起步切换到纯油状态还是会感觉轻微抖动的）

空间：
后备箱够我用了，因为我没有过年回乡后备箱需求。后排空间我觉得够用了挺好的，175坐进去腿部还有很大空间，我朋友刚买的奔驰后排做进去膝盖直接顶前排座椅了。

油耗：
混动的油耗是真感人呀，四种驾驶模式只用了混动模式，转速低的情况下基本用电驱动，急加速才会用到油。本人驾驶比较柔，不喜欢激烈驾驶，平常家里没地方充电，偶尔去商场会充电，目前百公里油耗在3.4，一箱95油加满260元，跑了500公里还有半箱多油，挺好的。

没电时候就选择电力保持模式，起步还是会用一点点电，后面都用油，目测下来此模式油耗在6左右。

车机系统：
看老款车友反馈车机很卡，新款我用下来感觉非常顺滑，一点都不卡，偶尔出现了一次倒车影像没出来，过一分钟就好了。

辅助驾驶功能：
目前用了车道保持、自适应巡航功能，白天黑夜都试一下，感觉挺靠谱的。主动刹车没体验到，估计和驾驶风格有关，只要踩在刹车上就不会触发主动刹车功能。自动泊车还没用，我也觉得就是个噱头有点鸡肋。两边车辆接近提示准确，在变道时能给予提醒帮助。最喜欢的还是360度全景影像，比荣威RX5混动好太多

缺点：
1.	前排储物空间确实不足
2.	水杯架位置与大小不太合理
3.	车辆启动每次都自动播放音乐
4.	电力保持模式每次都要重新点击开启才行
5.	无线充电很鸡肋

后记：
提车半个月后轮车胎被扎了个小钉子，还好位置比较中间不大。途虎养车买了个30元补胎贴片，20分钟搞定。",2021-03-06,
司马嘉栩,"在领克品牌刚推出01时，我曾经听到过吉利的高层在演讲时对这台车极尽溢美之词，（甚至表示日常开到一百八也很稳定，我们就当她是在测试场开的吧）虽然有所好奇，但也一直没有去体验一下这台车，而随着时间的推移全球版01也已经推出（也就是改款，我个人比较习惯于这个叫法。），改款后总体在硬件规格和调校上又有了一些改变，由于我之前试过同款动力总成的05和03+，那两台车的表现还是有一些瑕疵的，出于对新产品的好奇加之有人提出想要看这台车，我也去试了一下，看看现款的01表现究竟如何。

试驾车是2.0t高功率四驱版车型，而展车是低功率版，因此图片仅供参考，同时二者的表现不可直接代换，254马力匹配爱信8at变速箱，实际表现上，首先绝对动力还是相当充沛的，整个加速过程比较的“稳“，因此主观上不会觉得有特别爆炸的推背感，但实际车速上升的还是相当快的，同时即使在较高的速度再加速也能有比较强的加速能力，法定限速内都有着很强的动力储备，平顺性表现总体表现还是不错的，试驾过程中没有感受到有明显的顿挫或闯动，同时换档时的动力衔接也比较不错，如果非要挑毛病的话就是在刹车逆序降档时偶尔会有一点细微的拖拽感。（可能一般人感受不到，我个人对这个比较敏感一些）动力响应也比较不错，舒适模式下小的动力请求基本上随踩随有，大的动力请求稍微慢一点，但考虑到硬件也无可厚非，同时在执行的过程中也能做到比较平顺，运动模式下反倒是油门有些过于敏感，但实际动力响应速度快的有限，日常还是舒适模式比较好，拨片降档的话稍微有些延迟，同时会有一点小的拖拽感，不过考虑到定位来说问题也不大，总的来说，这套动力总成在这台车上的表现还是不错的，考虑到定位可以给到好评，同时也比之前我开过的05和03+都要优化许多。

底盘表现确实是沿袭了领克家族一贯的风格，整体反馈虽然偏硬一些，但十分的柔韧，同时对于路面的大小震动过滤的还是比较到位的，而且比较干脆，因此实际体感上还是比较舒适的，运动性表现考虑到作为一个SUV来说还是不错的，不过毕竟是一个高底盘的SUV，侧倾还是稍微有一些明显的，但在快速并线时悬架还是可以一次停住不会有多余的回摆，我认为满足目标消费群体的需求问题不大。转向手感总体逻辑没什么问题，不过我个人觉得高速时中心区域的阻尼还稍微差点，主观上不是很稳重，同时在高速弯里的稳定性主观上也稍微差点意思，还有一定的优化空间，车身跟随性好评，总体感觉还是比较紧凑的。刹车脚感好评，总体还是比较线性的，很容易上手。NVH表现总体可以给到好评，无论是环境音还是风噪和发动机噪音都优化到了一个很好的水平，即使开到超过法定限速（试驾员行为，与我无关）风噪也不会很明显，相对而言胎噪会稍微明显一些，也可能与这台车装配的运动轮胎有关，瑕不掩瑜，总体静谧性表现还是很不错的。

静态上，改款后的01还是沿袭了领克一贯的设计语言，同时增加了一定的运动化元素，我个人还是比较欣赏的来的，内饰也是领克最新的设计语言，豪华感和氛围也基本上挑不出毛病，比起改款前有不小的提升。同时用料也是类似于沃尔沃上所谓的环保材料，车内确实也几乎没什么异味。车机系统比起以往的领克车型有所优化，现在最起码能够还算流畅的使用了，同时也能够支持比较多的功能，同时比较好上手，不过换挡机构和一般的电子挡杆有所区别，需要拨两下才能挂入D档而没有做两段位置，当然试驾员表示这是为了安全，大家可以自行判断。

前排人机工程学总体好评，座椅调度也比较多，很容易找到合适的坐姿，运动座椅本身乘坐还是不错的，不过侧边比较高上下车可能会有点影响，这点看个人。后排表现确实就比较一般了，空间总体够用，但也谈不上特别宽敞，坐垫比较薄，靠背角度也偏陡一点，我个人还算能接受，中间纯平的地台还是比较好的。后备箱空间中规中矩，下部做出了一个隐藏的储物位置也还有一定的实用性，同时座椅放倒后能够形成一个比较平的平面还不错。配置上，高低功率分别的两个配置基本上只有外观和内饰的一些差别，而高低功率之间除了发动机和四驱系统外相差也不大，配置总体都是比较高的，因此还是比较好选择的，更多的是看自己对动力的需求和是否愿意为外观内饰套件来买单。

总的来说，这台领克01的表现还是比较符合定位的，整体无论是驾驶还是乘坐都有着比较强的动态高级感，但空间确实相对就不怎么擅长了，这也比较符合领克一直以来主打的年轻运动化定位，这种定位确实不是适合所有消费者，因此是否选购还是要个人实际的使用需求和在乎的方面。",2022-07-23,
nyx222,"#领克01提车打卡 今年1月上旬订的车，由于疫情影响和一些自己的原因兜兜转转直到4月底才提的车，考虑到上海限行想买一部绿牌车代步，之前也是看了一圈价位差不多的混动车，每次犹豫要不要买时都觉得比起领克还是差了点意思，个人还是比较喜欢领克的外观的，内饰方面也是看过就看不上同价位其他的竞品了，动力方面主要是三缸的，个人来说没那么排斥三缸，加上混动的加持以及领克的终身质保，综合考虑下来就决定相信领克一次。
价格上大概指导价就是落地价，保险要贵于油车，5k出头，其他基本没啥费用了。
提车等了真的是心酸，一直心心念念的加装hud也在销售劝阻下放弃了，当时的确是太缥缈了，不过最近貌似加装时间短了不少，这方面有点小恨的，“我可以不用，但是你必须要有”的心态呀。
用车也就1个多月，我主要跑短途高速和城市道路，综合体验还是不错的。
1，动力。我没有天天可以充电的条件，所以用车电和油体验55开，一开始给我感觉最大的就是用电点火起步的净匿，完全没有油车那样的仪式感，一按启动，车灯亮，挂挡踩油门就走了，一点噪音也没有，以至于一开始都有点没法判断车是不是启动了，达到发动机介入时也不会突兀，无明显感受，偶尔有过低俗顿挫和低电量下的发动机抖动，都在接受范围内，有过两次电行驶时要超车深踩油门时发动机滞后几秒才介入，可能是个别现象，希望工程师后续对于油电切换再继续研发改善得更完美。动力模式全油门下起步打滑，有推背感偶尔爽爽不错，大多数都在用混动模式，无法充电情况下会打开电量保持，但每次启动后都需手动开启，无法常驻，希望后续可以设置常驻。
2，空间，舒适度。提车后带着家人乘坐几次，去了趟近郊，家人都夸乘坐舒适度比以前小丰田好多了，地盘也厚实稳重，基本情况下都够用，后排乘坐3人情况下中间位置略显不适，短途没什么问题，长途可能会不适，比较紧凑型也没办法能接受范围内，后备箱空间个人觉得还不错，也没开过大车需求也没那么大，正常家庭个人认为正常情况下妥妥的也够了。
3，油耗。这个我把app上图发出来了，最近充电多了几次，油耗拉低了，一周只充一次下来大概7到8吧，混动油耗还是仁者见仁吧，完全考虑油耗方面那得用车频率非常高。
4，问题。目前个人使用下来几个小问题。
车机系统很封闭，高德也不能升级最新版用小团团，车机很流畅，但是没有啥使用的空间有点浪费呀

上述提到的电量保持希望可以常驻，在普通混动模式下在城市道路基本就是纯电，掉电太快有里程忧虑，索然没电了也照样开，但是体验上还是有电更好。

不知道是自己驾驶习惯问题还是人品，也没开多久车门，保险杠，大灯已经有几个石子坑了，领克漆面都说还算耐操呀，有点心疼。

中控区域置物太少了，凸起很高，不知道能否利用。

以上都为个人体验，可能存在偏差，大家参考即可，综合来说还是很满意的，希望能一直开心的开到下一部领克。",2021-06-15,上海
小北爱吃肉01,先说结论： 提的领克01phev2022款， 从订购到提车大概50天左右 一.购车过程： 1.听说今年是新能源国补最后一年，果断买车。最先考虑的是纯电动车，第一考虑的是ID4X和某品牌的G3，去4s店看了两量实车，G3的颜色过于花哨，不适合我这个年纪；ID4的纯电动听说是鼓刹，有点劝退。咨询了朋友后，建议现阶段可以考虑插混，第一时间考虑了领克和某迪的混动，（某迪指导价无优惠，且等车周期过长，劝退），综合考虑后最终还是选择了领克01phev，当时01有两个版本，plus和halo，看了下配置，plus没有电动尾门和座椅通风以及一些辅助驾驶，但是便宜25000，性价比更高，果断选plus，打了当地好几个4s店的电话，都说只有halo，没有plus，最后终于有一家比较偏位置的4s店说有plus，果断拉着我哥去看车。 2.交钱利索，等车漫长 到店后发现并没有01phev的实车，只有燃油版，好吧，只能望梅止渴了，试驾了下，新款车机升级变化挺大，相比老01可以说升级换代了，销售说plus版本的电尾门厂家出厂免费选装，心里暗喜，当场决定下单，销售说现在需要等车2个月，心里立马拔凉拔凉的，没办法，等吧。接着就是和销售谈价格了，之前在懂车帝看了这家4s店的优惠力度，基本现场也就是这个优惠力度了，在我的软磨硬泡下，给了一个大客户优惠，其他也就常规送了脚垫和膜，啥都没谈下来，好吧，领克的价格一直坚挺！ 3.提车过程 5.12号销售给我打电话车到了，开心极了。14号周六和家人一起去提车，具体验车流程就不说了，4s店现场给车清洗干净，交钱，上保险，给个临牌，搞了个简单的提车仪式，开着我的大灰回家了。 二.用车体验：买车之前一直担心三缸车会不会很抖，开上实车之后，完全没有这种感觉。我自己现在常用的混动模式，启动时候动力电池发电，一点声音都没有，这点新手朋友需要多多注意，不像燃油车启动发动机会响，这个车发动并没有感觉。基本低速行驶都是用电，只有深踩油门，发动机才会介入，且介入和退出是感受不到的。标配的360全景真的好用，大车转弯的时候我总是把握不住距离，现在全靠它，下地库转弯，倒车毫无压力。目前本人提车时间不长，后续在详细跟想入手的车友分享驾驶感受吧。,2022-05-18,合肥
用户3772026233397,还行，市内纯电续航够用，主副驾驶乘坐比后排舒适很多，后备箱空间比较有限。最后就是出了 08 后感觉被背刺得厉害,,河源
弗吉尼亚级00,除了没有快充，非常好，唯一短板就是电池小一点，高速油耗4个多，买到现在两箱油，其余每天充电，省钱,,西安
淡淡的笑7010,买插混的最大理由是平常用车也就20公里左右，且有合适的充电地方，想着目前纯电技术还在日新月异的发展等下次再考虑。 外观只能说萝卜白菜各有所爱是我能接受的范围，内饰和驾驶感受是我在国产车里面选择它的最大理由，换车的时候同时试驾过长安的unik-idd只能说试驾感受一般，联系当地长安的4S店想试驾该车的油电感受竟然说只能试驾电方面不给试驾油电状态，但是它的空间真是巨大，相对而言领克01空间方面只能说够用，后排空间中间的地板隆起真是我要吐槽的地方。 目前使用下来发现的问题就是车机里的APP真特么少，地图还给个百度的MMP了，所谓的终身免费流量其实也就每月3个G的高速流量，剩下就是低速不限流的3G网络了。买车送了脚垫和贴膜，说实话这两个真特么血亏，真该当初不要赠品换个100的现金优惠。,2022-12-12,舟山
悠闲山唔,试驾了领克01和06，比亚迪唐DMI与宋plus，本田皓影，各品牌4s店转了2天最终还是选定了01，因工作原因，考虑限牌因素，入手绿牌。从2月7日提车到现在高速1800km，城市与乡镇道路300km多，目前无任何问题，油耗差不多平均6毛/公里。新车无异味，驾驶感受没的说，非常平稳，过减速带有点硬，音响效果真的太棒啦，高速120基本听不出胎噪。唯一遗憾就是车机app简陋，目前还不支持下载其他应用，商城一片空白，希望领克技术人员尽快完善吧！,2023-03-01,兰州
夜叉,最新领克01配备8155车机芯片，车机反应非常快，也很智能，车内的内饰做工比较考究，车辆外观比较养眼，音响效果非常棒，驾驶感受也很好。 【空间表现】 空间表现嗯挺好的，我1米8的个子，无论是坐在驾驶室还是后排，都有足够的空间。一点也不显局促。 【续航】 续航官方综合850公里，其中纯电70，我实际使用的下来的感受是纯电60多，接近70。 【油耗】 目前开了将近2000公里，我保持充电的习惯，油耗是四升每百公里。 【驾驶感受】 行驶的过程当中车子比较稳定，转弯也非常的可靠。嗯，驾驶辅助也非常齐全，能够提前感受或预示危险。 【提车价格】 我是2022年11月，裸车22.78万提车的。根据政策优惠了6000元。实际裸车是22万出头。后续又买保险，贴膜，换脚垫花了1万左右。,2023-01-31,上海
lemon黄灿灿,"【购车经历】
6月下订宋plus，等了4个月，销售态度老拖着，本来试驾的时候对车也没那么满意，于是就不等了，去看了领克，本来想要新款03，不过后排实在太拉，看到了01出了插混，去试了一下，感觉比宋质感更好，不过价格也更高，但是试过后也还是决定下订，毕竟可选择的优质车也不多了，10月10号下定，28号就通知验车，半个月比宋快太多了

【提车价格】
裸车价215800，不加选装包，保险实出6200多，首付含保险132000，免息2年贷93000,月供3875.还能接受

【驾驶感受】
底盘感觉比较舒适又不会太软，横向支撑也够，有点情况下动力响应很好，亏电情况下也还可以，挺满意

【油耗】
现在才开了100多公里，表显5.2L百公里，后续再观察


【智能化】
车机不卡，就是应用太少，没得用高德，不然我就不用手机支架了


【空间表现】
还可以，后排靠背稍微直了，后备箱就一般吧，反正也不经常塞满",2022-11-14,深圳
淡泊的钢琴3B5,"距离提车已经过去了几天了,车子的功能也熟悉的七七八八了。看车以来一直都是比较喜欢领克，所以看车的时候一直在看领克各个系列的车型，最后根据自 己的情况选定了领克 01emp, 1、外观和内饰方面：比较符合我的审美，外观方面是我选择领克的主要原因之一，而这个零霾蓝的颜色我也很喜欢。 2、动力：买领克 01emp 主要还是考虑经济家用，在动力方面没有太多要求和需求，因为主要用于上下班通勤，所以对我来讲正好。 3、功能：车机目前使用下来速度还是比较快的，就是应用软件和一些主题还不是特别多，希望可以逐渐完善。 总体评价： 比较满意，具体功能和后续服务还有待考察，目前来讲驾驶感受和智能化的体验都相当不错。",2023-08-23,绍兴
飛龍1991,外观经过改款以后把大嘴巴变小了，显得精致了不少。空间是这个价位国产车里最小的吧？纯电续航对比同级也偏短。底盘质感很OK车内也没啥异响。避震比emf车型稍硬一点。由于电池做了内凹隐藏化处理，离地间距比大部分插混车要高。内饰偏年轻化口味。8155车机芯片带上领克这个蹩脚的系统勉强够用，难怪不支持第三方软件。4S店送的贴膜套路太深！颜色太深主副驾驶必须留三角窗，如需换浅色膜得加钱！我对贴膜要求不高5.6千贴个膜完全没必要！,2022-11-21,杭州
softial,整体来说让我很满意，不论是驾驶感受还是底盘质感和动力，特别是隔音很有惊喜，这车跟一般油车恰好相反，堵车油耗低，高速速度＞100油耗反而高，最低的时候五个油百公里，高也就六个出头，可以加92，一万五千公里一保养，都让我很满意 说几个缺点： 1跑高速A柱附近风噪会明显变大 2中控台天冷的时候颠簸会有异响的情况出现 3智能保电每次重启车子都要手动开启，有点傻 目前接近1000公里，城区高速一半一半，总体来说还是很满意,2023-02-26,广州
原味鱼Otf,"外观保持以往设计语言，我个人是很喜欢的，内饰设计用料豪华有质感，还处处藏着一些设计小心机，让人感觉很温暖，油电混动馈电状态下也能保持经济油耗，动力也没有衰减，整体满意。

智能化方面，其实我本人对车机这块一直是觉得能用就行，8155的加持让我觉得使用体验是很流畅的，但软件方面领克还是需要再努努力，我用车的二百多公里中就出现过地图漂移的情况，我觉得你可以功能少，但是bug一定不要多。

整体驾驶质感和内饰质感其实是我觉得是最大优势，不到1.9吨的车重开起来让人觉得很踏实，底盘很整，但有过滤了很多细碎的震动，考虑到了国人对舒适性的追求，车子尺寸偏紧凑所以也不想某些品牌一样有开船的感觉，整体随动性还是不错的，内饰舍得下本，且设计工艺都在线，棒棒。",2022-10-15,天津
Sysun905,2023领克01EMP晨曦车主，有几个吐槽点在各个视频都没提到的。 1、车机真的很毛坯，参考极氪，需要氪服一下，车机不等于有芯片就牛皮好伐。 2、百度地图很挫，定位很差（不知道是车机问题，还是百度地图问题，还是定位芯片问题），地下停车场如果开始导航，你会发现他跟神经病一样，满脑子都是已切换路线，开始导航，已切换路线，巴拉巴拉，持续到你离开停车场5分钟以上。 3、加速上前段很软，突然的蹦的给你来一下。 4、很多设置不能保存，比如电量保持，好像疲劳监测关了也不能保存，我不知道啥问题，反正一直提醒我疲劳驾驶，我眼睛也不小呀。,2023-01-24,深圳
给不起log笨驴,【驾驶感受】 底盘做工扎实开起来紧质，支撑力表现不错，50码左右过弯不会出现明显倾斜，正常驾驶电油交替没有顿挫感，但地板油会在60码左右出现顿挫感，后续动力充沛，可以说是一踩就有油门跟脚。三缸是否抖动这个话题其实对混动来说没有意义，因为起步用电达到一定的速度发动机才会参与工作。 【油耗】 对我来说充电方便下地库就有公用的，上下班一天20公里左右，刚提车新鲜几乎是天天充电。在路上都是用的运动模式，发动机会参与但油耗非常低。试过一次从亏电到充90%（系统默认）1个小时45分钟，感觉和充手机一样，电价几块钱，比燃油车经济实惠（与中石化解除了战略合作关系） 【购车经历】 去到4S店看09的，销售报价后感觉有压力也不想太累，刚好01在我旁边放着，上车看了一下座椅包裹行强，运动氛围很好就订了，第二天就开走了。冷不冷门我倒是不在乎，后期4S店能保障到位就OK 【空间表现】 车的空间要看自己的定位了，01对我来说够了。一家三口坐着也不挤，就是以后出门钓鱼装备只能装2个人的了，不想以前7座SUV第二排放倒两个座位可以装4个人的装备，不能当装备车用了。,2023-04-27,宜昌
TurboLLC,【外观】拂晓蓝全场最佳，不接受反驳，01还得从45度侧面看最好看 【空间表现】空间够用，日常使用不挤。 【续航】70km纯电续航相对现在动不动一两百的续航来说，相对短了点，满油满电能跑700+ 【智能化】车机一般，软件较少，不过个人平时开车也就导航听歌，目前未见卡顿，勉强可以接受，就看后期有没有ota升级了。相对于8155的硬件，软件层面确实拖了后腿。 【驾驶感受】领克的底盘质感没得说，支撑很好，过沟过坎没有多余的回弹，雷神混动动力表现优秀，给油就冲；市区用电，高速用油，开起来还是很稳的；自适应巡航对于高速来说必不可少，除了转弯、变道有些生硬，整体上还是好用的。 【油耗】目前跑了五百多公里，其中三百多公里是高速，电量保持在20%到60%之间，表显油耗5.6，实际在6升以内，对于一辆接近2吨重的车来说，还是很省油的。,2023-07-24,南宁
厉害的大饺子啊,内饰是我觉得很满意的一个点，首先就是领克的用料很有质感，深得我心，另外就是纯皮的座椅，感受也很好，还有翻毛皮的拼接，让整个内饰都很高级。我的内饰是黑白熊猫配色，我觉得这个配色虽然清理起来较难，需要勤快一些，没事就喷喷蹭蹭，但是视觉感受是真的很不错，感觉眼前一亮，当时购车时候，我们两口子也是见到了晨曦版本的内饰，就看不上纯黑的版本了，宁愿多花4k块钱买下这个黑白熊猫配色的内饰，实际体验下来，目前行驶3w公里，也没有很不耐脏，我大概是一个月到两个月，根据卫生情况进行喷泡沫清理。日常的早饭鸡蛋等等碎渣掉到座椅上，也是直接拿吸尘器吸起来。并没有感觉多么难清理，唯一比较花精力的就是翻毛皮的部分，需要更有耐心，更勤快的清理一下。,2023-11-13,苏州
用户9870614787003,想到哪里就写到哪里吧。可能我就是属于爱领克爱的要疯的那一种人，最开始选车的时候试驾过很多车，无意间看到领克，首先是被外表吸引，然后预约试驾。  销售顾问也非常热情，智能驾驶以及其他功能很不错，相比于其他同等级的车配置算是很好的，就是价格稍微偏贵。  不要相信网上其他人说这不好那不好，自己试驾感受了才知道。车很智能，但是相当一部分的功能感觉平时用不到。    以前习惯开油车，开领克的时候起步到加速都很快，驾驶体验非常不错。  也没有其他什么噪音。 目前用车的几个缺点：充电不是那么的方便，用充电桩充电的时间比较长，5月以前购车都送家用充电枪，现在不送了，就只送一个快充转换接头。再一个就是车机，真的很拉胯，急需改进，但是平时用的不多，也还说得过去。至于空间也挺大啊，不像网上说的那么小。 5个人很轻松坐下。  其实买了，驾驶过后，挺好的。,2023-06-06,西安
爱雨天的流浪汉,提车一年了，喜欢自驾，已经跑了23000公里了，稳定性还是有保证的。 其他都蛮好，我直接说说想让这款车提升的地方吧 1. 风噪控制的不行（如果领克想进攻高端车，我觉得这个是硬伤了） 2. 01emp的这套混动系统，亏电发动机介入的声音真是轰隆隆……亏电加速发动机介入的顿挫也比较明显，咯噔一下。没电一条虫（所以记得把电保住） 3. 价格没优势了，70续航的01，比上08emp，没续航没快充，还不是魅族车机，价格都能上低配的08了，配置还高不少。（除了01的前脸，个人觉得还是比08要有味道） 最后还是希望领克越来越帅吧，因为领克的感觉暂时也找不到相似品牌的味道，要是有相似，也就是极氪了，下一辆想换极氪的SUV，hhh,2023-10-10,北京
火星华仔,人生第一辆车，开起来感觉不错，很稳，提速快，转向精准。日常家用够了！目前提车一个月了，由于工作忙，没怎么开，目前行驶里程100多公里，基本上都是用纯电在开，纯电行驶质感不错，没有那种纯电车起步的眩晕感，开起来很稳重，应该是车重量大！ 【智能化】车机用起来感觉一般，功能不多，可用的应用就更少了，几乎等于没有，另外有发现车机屏幕发热问题，散热不好，这点需要升级下！ 【空间表现】空间还不错，家用足够了，后备箱很大，后排空间够用了，坐着不会很拥挤，腿部空间还可以！ 【续航】70公里的纯电续航，还不错，城市代步日常上班够用了，充电我使用随车充，用的插板，充满电9个小时左右，估计功率太低了，外面充电桩估计会快点，还没试过！,2023-06-18,杭州
拾壹去露营,垃圾领克都别买，让我自己坐在车里哭，都去买别的。大蛤蟆不喜欢你们，你们都走开，别让我在路上看见你们。领克对于年轻人来说给的已经足够了，虽然他是油电混合动力，但是这些天一直在亏电开（充电桩刚申请还没有装懒得去找充电站了就当油车开了），大概在6.8左右的样子，大部分高速，一小部分城区道路。但是有一说一大蛤蟆是真的帅昂。想到什么说什么吧，现在还是临牌期间，没有牌照的素车是真的帅，唉。年轻人开车不就是要帅一点嘛，对了给大家安利一个领克的剃须刀，99内个真的巨帅，压手感十足，喜欢有手感的可以入，真的帅。领克用心做车，同样用心做周边产品，领克的行车记录仪也超级值得入。这我要吐槽了，s3你为什么下架了，领克官方你要是看到请你回答我，s3买不到了你知道吗。,2023-10-02,天津
戏车人,"优点：
1.配置更丰富，集中于主/被动安全配置、辅助操控配置、内部舒适性配置和娱乐功能，可以说是全方位的配置数量多于对手；
2.能耗表现不错，馈电状态下，百公里油耗为5L；
3.NVH表现优异，有接近电动车的静谧性；
4.直线加速非常线性，无换挡的动力等待/顿挫等一切不舒适的感觉；

不足之处
1.纯电续航短了些
2.空间对比日系没什么优势",,
一半温柔151605004,外观年轻时尚，配置该有的都有，像L2级辅助驾驶hud，抬头显示，主驾座椅通风加热，方向盘加热，360全景影像，自动泊车，变道辅助，主动刹车等这些都是比较实用的功能。特别是主动刹车功能帮我避免了好几次事故，这点真的得点个赞。内饰也很有质感，驾驶感受很不错，缺点就是空间紧凑了点，真实纯电续航才60多点少的可怜，保养有点小贵。,2024-01-14,深圳
Jacob9626,怎么说呢，还是有点买早了，08出来嘎嘎后悔啊，应该再等等的，现在这个续航短了一点，又是国人不待见的三缸，虽然开起来还行提速超车OK，转向很稳，支持性很棒，刹车姿态很好,,嘉兴
gggJaoqlend,"是一辆开起来很舒服的车，加速前中后段都十分有力，市区停停走走的时候纯电也完全没有震动。开起来三缸完全没有抖的感觉，但是驻车发电的时候，在车外还是能明显感觉到声音很大，车内也有一些抖动。A柱开到100有风燥，但是之前开的A6L也有，所以并不bother我。
价格方面叠加了大客户3k+co客大会2k+亲友券2k

【最不满意】
空间还是略显狭小，但是俩人开足够了。主驾位置怎么都调不舒服，可能是我开轿车开惯了吧。

【购车经历】
4s店水平太差，期待直营之后的表现。",2023-02-04,郑州
苯粁,【续航】 纯电续航真的是够呛，实际跑起来就66公里左右，高速50多，最最最关键只有低功率慢充，但是开着保电模式当油车跑，馈电油耗还是蛮低的 【智能化】 OTA升级之后导航换成了高德的，语音只能也可以连续指令了，比以前真的好太多 【驾驶感受】 操作和舒适性兼顾，操控比比亚迪宋会更好一些，底盘也很扎实 【动力表现】 地板油动力会有微微的延迟，但是持续动力比想象中好,2023-09-23,龙岩
VokyDai,超级超级喜欢我的小蛤蟆，作为家用的第一台车，首先他的空间对我们来说是够够的，很多网友说的空间小并没有体会。相反无论前排、后排还是后备箱容积，目前用下来都很足。内饰高级感十足，每次开都非常开心非常满足。隔音也很棒，试驾过06还有某田，完全吊打同级别车，80码一下特别静谧。动力初段基本都是纯电驱动，哪怕调到充电速度优先的模式依然很平顺。驾驶感受在转向上和车道保持的提示上都对新手非常有帮助。可以说各方面体验都拉满了。再说说这些天来感受到的缺点吧。一是空调声音大，热空调吹冷风。二是语音导航话太碎了，开着音乐的话基本听不到旋律。三是车锁逻辑，也可能是我还没适应，锁车后依然可以无钥匙进入前排，强迫症不能物理确认前排是否关好。,2023-01-05,上海
阿哲,还不错，希望改进好多系统问题，又不是啥难度大的问题，就是系统一些设置问题，厂家多看看车主们的反馈啊，升级一下多好,,西安
安昙治86,"【空间表现】
自己一个人开，空间表现不是那么在意啦

【续航】
在市内开，一直是纯电模式，可能是新车的缘故，电耗二十多

【智能化】
什么时候能用上高德的车机导航，百度真的一言难尽

【驾驶感受】
没得说，买领克相当于是圆梦了，高中时候就在关注的牌子

【油耗】
最近的500km，满电油耗1.5+，亏电油耗4.7-5.3之间",2022-12-25,深圳
无双麻酱1F6,配置高，质感好，新车无异味，操控好，空间略小，储物空间少，其它看法暂时没有。,,南京
hbjust,纠结了很久还是选择了领克，外观和内饰真的很棒，智能驾驶也可以，驾驶感受值得这个价格，就是车机软件需要进步，系统还需要优化有些很难受的设计比如保电，空间一般但是够用，整体还是满意的。刚刚提车两天，后续再分享细致感受。,2023-02-02,蚌埠
领克01empAM车主,"空间确实偏小了点，空间的话还是星越 L 舒服。
满油满电续航大概在 750KM 左右。
最不满意就是车机，虽然是 8155 芯片的，但是还是感觉卡。

车子总体还是满意的，毕竟是个交通工具",2023-03-07,杭州
用户2280247492509,内饰精致，就是空间有点小，但是正常使用不影响，跟那些大七座大五座比不了，纯电续航70公里，正常通勤足够，晚上慢充也足够了。,,普洱
威君20,空间对于一台4米55的车来说非常的可以，目前700公里百公里油耗5.5只冲过一次电比预计油耗还要低正常行驶完全感觉不出这是一台三缸车。燕飞利仕的10音响也是出奇的好。不满意就是不能上蓝牌和油箱只有42升，不过一箱油也可以开700左右。,2022-11-13,上海
用户9524912074194,比较小众，用料出色，底盘很稳，车屁股好看，质感很好，但纯电续航有点短，充电也是慢冲有点不好,,上海
呵呵桓,车不错，关注了几年了，今年有用车需求，而且深圳摇号难，故入手emp ，目前开下来还好，没有太大问题，除了车机偶尔死机，出现过一次无法正常打火,,深圳
CHANGECHEN,总体来说操控表现符合预期，外观与内饰符合年轻人的审美，车辆可靠性很强，美中不足就是车机的使用以及车辆空间表现，不过兼顾安全与操控留给车内空间的余量确实不多可以接受,,上海
砌光筑影,【空间表现】 前排很舒服，座椅包裹性强，胖的人略挤，后排空间一般般，不过买这个车肯定不是为了后排，为了驾驶质感。 【续航】 满油满电无续航焦虑，纯电60km+，7kw充电桩，充电2h，最快差不多充入90%电。 【提车价格】 落地所有含保险20.5 【油耗】 3-4l，经常充电 【驾驶感受】 非常好，40-80提速很快，操控灵敏，很紧凑的小车 【动力表现】 纯电安静平顺，亏电也还行，不要原地怠速发电就好,2023-03-22,广州
麦浪,试驾了这款车，一直对领克的做工用料感觉踏实可靠，配置一如既往的高，体验了一把馈电油耗实测，有一说一，电量耗到0体验了一百多公里，平均油耗显示5.4，丝毫不影响驾驶感受，这点说明燃油系统和电力系统的调教很到位，建议大家可以去试驾试试看看我说的对不对。,2022-12-29,
杰克涛,"操控性很突出，虽然是台SUV，但一点也不会觉得笨重，很灵活。

官方的百公里加速成绩是7.6秒，可以他能做到弹射起步。

那这台插电混动的suv车型，在馈电状态下的加速，一样保持得很好。

除此之外，这台车在隔音降噪这方面也做得蛮不错的，像我开到115公里这样的一个速度，可以稍微听到一些风噪，其他的噪音抑制是处理得比较好，NVH表现不错。

整体来说，作为一个领克车主，我会给这台车一个好评。",,
手机用户86420646838,内饰不是说有多好，而是夏天暴晒后也无异味，材料用的高级。 驾驶感受出色，路况反馈很明显，底盘质感稳固。 缺点就是后排空间小,,
槑槑槑槑125,审美这个事情很主观，只能说外观和内饰刚好在我的点上，很喜欢。空间的话也没有想象的那么小，一家三口绰绰有余。至于驾驶体验，在智能模式下前半段油门很肉，不是电车该有的那种迅猛，纯电模式和运动模式就比较像样子了,,
时光海民宿,"辣鸡领克，我也也有一辆。
        本来没考虑这么快买车，主要是公交地铁都挺好，油车摇号几年也没摇到。所以前期有很长时间刷懂车帝，然后逛了几次4S店。因为工作。生活需要，还是觉得搞车，基本要求混动（没摇到号）、SUV（使用场景需求）。然后各种比选，生活比较随意，消费欲望也不高，但是既然要买，对品质还是有点要求的。所以再加上一点要求，品质。品质个人觉得等于底盘+三大件+稳定性+材质用料，最后当然还要由钱包来决定，最后当然是辣鸡领克了。插曲：决定之前差点选择莫岳，还好身边同事提醒颗粒捕捉器，劝退了，再怎么说就是大补丁，比如买家新衣服，出厂就有补丁你要吗？
       下定：钱包有限，问了好几个四儿子店的销售，最终还是感觉其中一个销售靠谱些，另外加了个活动优惠合一次首保外保养，当时很多其他品牌忙着涨价，而且领克一直不好讲价，下定拍板。
       提车：别人忙着等车，我的销售通知提车时，我一脸问号，这么快？市场竞争激烈的时候，必然会有劣币驱逐良币的现象，提车回来很是激动，半夜下楼和二奶约会。
       驾乘：反正是新手司机，就觉得好开，觉得有质感，精致，360对新手太友好了。经过了一个星期的上路恐惧症，高速走起，触发两三次主动刹车，挺好。经常看APP上说车开不出四儿子店100米报事故保险，我还真没有，但是架空层停车撞下水管两次，刮绿化树支两次，心碎啊，损伤实在太微小了，自己处理。挑了车少的时候在城市高速加速，一百三四，速度表上出现红色警示等，好像说的是速度相关的，感觉挺稳啊。记得以前坐别人车上到100往上有快起飞的感觉，我想试试辣鸡领克一百五六会不会继续稳，捂脸。不过看着有红色提示，吓的马上降速，提示没有了。啥情况？
        家里小孩坐车必晕车，坐这车还没闹过，这个好评，增加了我对辣鸡领克的好感，老婆大人也说挺舒服，特别是把天窗帘子收起来，感觉很舒服，视野空旷。还有什么说的，老婆孩子舒服就值了。
        同事：提了车，正上路恐惧症中，同事老是想看我的辣鸡领克，上班接了同事，让同事接着开去公司，到了高速直接上120，再继续加速，导航提示超速，还想继续彪，被我劝住，同事说后面的动力不是太强。到了公司，同事领导都说不错，关门也有质感，略。有个同事说是国产豪华车，只是三缸，我第一辆新手，反正没感觉毛病，只要自己不抖腿，其他没感觉抖。
        遗憾：莫个时候我看着我的01感觉好小，但是从实用的话对我来说可以了。要是有个7座01，有09那么大，就更爱了，可惜09要30w。但是如果我自己一个人开着玩，我想玩03+syan。如果有机会家庭购第二辆车，我可能在03和09之间再选一辆。",2022-01-13,深圳
用户9051880317972,"【购车经历】
人生第一辆车，先整个十来万的二手车练练手，耍熟练了再换好一点的。010206p都有考虑，同时也看了其他牌子的卡罗拉雷凌双擎e+，别克威兰6p，吉利博瑞epro，其他车型最终因为动力弱营转非没有车源配置差等原因排除掉
【提车价格】
11个多，比首任“韭菜”便宜了一半，感觉自己再开个10万公里怎么都不亏
【油耗】
不充电，纯纯加油一公里6毛左右。
【最满意】
1，外观比较讨人喜欢，当然这个见仁见智
2，配置比较丰富，主动刹车救我一次，差点追尾GLE，防撞预警和倒车影像也对我这个新手很友好
3，空间够用了，没有传说中的那么小
4，隔音做的不错，高速跑110噪音也很小
【最不满意】
1，维修保养果然比肩窝窝啊，前任车主大保养前卖掉的车，我接盘后首保花了2480!!!感觉很夸张，这钱够买辆雅迪了，后续小保养一次也要一千多。等过了4年10万公里质保就不去四儿子店挨宰了
2，内饰略有点复古，细节处理的不好，杯架太浅了放进去矿泉水瓶子很容易在行驶途中滚出来。
3，语音识别有点人工智障的感觉，只能听懂很简单的几句话

不过总体看，11个多就拿下了01p还是比较划算的



分割线~~~

两个月开了4000km（好像有点浪了哈哈哈）

又发现一些亮点和不足。
【最满意】
1，三缸机怎么了？冬天起步热车噪音大一点，其他时间很安静，没有黑子们说的抖动严重，说抖的那些人估计是跟他们自家雅迪比的吧
2，有条件充电还是尽量多充电，充满两小时多点，电耗3毛一公里（外面充电1.3元一度，老小区不配安充电桩），动力比亏电强一大截还省钱。亏电开猛如虎，充满电再开那就是如虎添翼了
3，旧版内饰虽然略有点丑，但是真材实料没味道，整车开起来也很稳，经常晕车的朋友坐我的车也不会有不适

【最不满意】
吐槽的地方都是小细节，希望新版能改进:
1，对车机的评价:什么是车机？除了开空调之外没有用到车机任何功能（导航用手机，听歌也是蓝牙连手机）这个我本人不是很介意，但是把汽车当成手机玩的车友们就要仔细观察车机了
2，app个别时候提醒我车窗没关，这个功能很好，但是就不能加个远程关窗户吗？提醒我没关却关不了只能干着急，还不如不提醒我呢
3，电池还是太小了而且不带快充头，充电真的有点麻，这个原因可能直接导致我换下一辆车去“投敌”不再选领克，如果有快充接头我相信销量至少能稳在1000以上

最后总的费用明细:1，保养2480 2，4000公里，油耗1800元，电400元（油6毛一公里，电3毛一公里）3，脚垫毛巾车掸子等500 4，交强险950（不知道谁给我的勇气只买了裸交强险，不管了就这么开吧）其他花里胡哨的暂时不想买，一个代步工具不想投资太多",2022-11-16,杭州
Emeryjocker,记人生的第一部车，本人也就开过单位里没人管的哈弗H6，也没开过别的太好太次的车，本次评分主观加持也比较多，有说的不好的地方请海涵~ 【空间表现】 空间的话前排中控部分占了很大一部分，且可储物的地方很少，如果没有电池的话应该还可以掏空一下放点东西，有点可惜。其次前排usb接口在扶手箱里，这点比较难受，本人手机没有无线充电这种高级的功能，如果无线充电上方有一个接口就好点了，后排地台也不矮，感觉后排还是挺憋屈的，运动座椅也一定程度上影响了后排视野，导致虽然头部空间够，但还是很压抑。 【油耗】 油耗的话因为目前车位没有安装充电桩，现在基本上是低速用电，高速用油，跑高速时还可以给电池充充电，目前油耗在6.3左右。 【驾驶感受】 动力方面有一说一，比哈弗H6强多了（只开过它），毕竟不是同一价位，电机起步确实猛，本人不舍得踩油门踩到底，但红绿灯前还是能冲在最前面。操纵方面我只能说好开，开起来很稳，能给我这个新手很大的安全感，滤震底盘什么的我也不懂，软硬什么的我也分不清楚，就不发表评论了。 时间关系先写这么多，目前我也只开了700公里，还需要在摸索摸索，大家有什么问题也可以问我，我知道的就和大家分享。,2021-09-07,天津
恬淡无欲1,外观见仁见智。爱的人满分，不爱的人零分。最爱的就是日间行车灯太帅了。晚上灯光也是杠杠的，双透镜不是盖的。 配置该有的都有了，车子音响不错，预碰撞懂车帝已经测试过了，还是有效果的，车身4个摄像头的360在狭小空间确实有帮助，辅助驾驶开个高速爽的一批。就是车子的储物空间确实少了点。中控箱太小了，只能放一瓶水。 操控当然是指哪儿打哪儿啊。过个减速带什么的还是可以的。拥堵地段穿插挪移也是杠杠的。 三缸机的忧虑可以不用太担心。由于有了纯电的加持，低速最抖的时候已经帮你带过了。就是怠速的时候抖动也是能够接受的范围内。如果使用动力模式，发动机和电动机相加的动力比T5的动力还要强。😘日常驾驶都用纯电模式，真是丝般顺滑。开了1000多公里才用了10升油，哈哈哈。油箱42升，我加满一箱都怕他过期呀。,2021-08-21,上海
香谢花断,"外观和内饰这一块是我喜欢的类型，但是这个续航就有点儿尴尬了。81KM，每天上下班隔天就得充电。如此高油价的时代，电池续航多一些就好。

关于智能化这一块，领克的车道偏离预警还是很有效的，最起码对于我这种新手而言。每次行驶过程中因为避让旁边车辆后没及时回正方向盘，车辆识别之后自动调整这个确实是非常友好的。另外还有这个车辆识别预警也是，后方来车会有提示，避免随意变道带来的交通事故，这一点确实做的不错。

说了这么多优点再吐槽一下这个自动泊车技术，这个提升空间还是蛮大的。比如侧方位停车的时候，长时间停不进去，自动泊车就开始罢工，360提示的框也开是乱晃。

最后告诫新手买家，千万别去升级751车机系统，容易死机，死机之后你重启都没得用，必须熄火十五分钟才有用。这要是发生在高速上，那真的比较危险了，因为你导没法用，完全不知道啥时候下高速。",2022-06-23,深圳
TIME6060,"一个半月行驶8000多公里。油耗够低，充满电能跑70公里左右，基本上合两毛五一公里，很划算。
馈电油耗七个多，有一天在满电满油的情况下各种路况都有的情况下混动4.9个油，还可以。

配置还可以，两点不满，1.副驾驶座椅通风呢？选装也不行，自己凉快儿媳妇热。。
2.抬头显示，这么好用的玩意，到现在也不提供选装。

空间 中规中矩，储物空间巨小，无论车门，水杯架，扶手箱，甚至门把手都塞满了，就是不够阿。后排空间很满意，综合考虑，中规中矩。

外观，没啥可写的，见仁见智呗。最喜欢侧面腰线，阔以。

动力，还可以，发动机声音难听，需要他出力的时候，总要等几秒它启动了才有劲儿。但是确实力道不小。毕竟排量在这儿，也别指望有t5的感觉。省油阿～",2021-06-12,深圳
lee19970321,这是我人生中的第一辆车，和新朋友磨合的日子非常 开心 【外观】颜值非常可以，灰色显得非常高级，耐脏， 而且领克有他自己的设计语言，非常容易识别。大灯非常独特。 【空间】车不论是主副驾驶还是后排，都觉得空间十 足，后备箱在紧凑型 suv 中也是十分够用的。有备用轮胎。 【内饰】内饰做工非常不错，能和跨级别的车辆有的 一拼，很高档，皮子很好，纯黑，非常高级！座椅有通风，加热，记忆调节等等，很方便。使用了音响，音质非常过关！ 【安全】我很喜欢各种主动被动驾驶安全功能，对新 手非常友好，比如左右后视镜对于有车突然近距离跟上都有一定的提醒，可以帮助我时刻明晰风险。真的很有帮助。这也是我买车时非常看重的一方面！360度全景影像！就是yyds 非常有必要对于新手！！我经常使用它倒车或者侧方停车！ 【动力】平稳轻松，对新手友好！可油可电，没有里 程焦虑。而且市区纯电基本够用，起步平稳，不晃不抖。 非常喜欢它，一眼钟情它，所以要好好对待它！,2022-08-24,杭州
jiadas,"我是7月底提车的，至今就跑了4100公里左右。大部分都是城市路况，堵车的情况也比较多。下面就说说我的使用感受

车的外观见仁见智，但是内饰的确做的很不错，贯穿式、隐藏式的出风口，大气又美观。看得见的地方，都没什么塑料感。之前担心运动式的包裹座椅会比较热，但是反绒的部分材质其实是人造革，Alcantara，透气又柔软，感觉透气性比真皮还要好一些。

在充电方面，领克01的交流慢充最大支持7kw，大概3个小时以内可以充满，这点还算及格。当然缺点也是没有直流快充，在外找交流充电桩是真不方便。

油耗的确比BYD的DMI技术差一大截。本人驾驶比较温柔，亏电油耗6个多。要是激烈驾驶+长期拥堵，估计亏电油耗能去到7-8

NVH做的非常好，感觉可以吊打一众的同级别合资车。前排双层夹胶玻璃，车门、发动机舱用了大量的吸音材料，起步时电机启动，发动机不工作，就像一艘船在湖上划出去了一样，非常安静，体验很好。

辅助驾驶能解决直线加减速，但是在转弯、别人别车的时候还是要及时介入，尝试过带跟前车功能的辅助驾驶，在转一个大弯的时候，感觉车子自己转不过来，赶紧介入了。

总体来说，追求行驶品种的，这车还是挺不错的。",2021-12-21,广州
爱过半2,陪伴了将近4年的时间了，油耗还是挺满意的。空间稍稍续小了一点点，但是安全性毋庸置疑，很结实。车子本身没有出现过啥问题，也就最初那一年，电子系统偶尔迟缓一些。更新了几次之后，现在基本没啥问题。 车重不小，所以高速上可以感觉到车子很稳，完全没有漂起来的感觉。动力性也还不错，感觉到了160以上还有不少余力。美中不足的部分是纯电续航短，且不支持快充。 除了自己的充电桩之外，在市区和高速休息区，没有可以充电的地方。不过油耗低，算是一点安慰吧。空间上，后排三个人还可以，只是长途的话，中间的人舒适型稍微差一些。 后备箱空间也还不错，可以放下三个行李箱。只是结婚后，如果和家人野营的还是觉得空间不够，需要更大的储物空间和反向供电。,2022-08-31,西安
宝底斯图里奇,"2020年夏天的时候有了买车的念头，预算落地20出头，最后阴差阳错就选了他。目前刚做完二保，差一点两万公里。
先说说优点：
1、1.5T的三缸发动机，几乎感觉不到抖动，180匹的马力也完全够用，超个车给脚油就上去了；
2、内饰质感好，摸的到的地方基本都是软的；
3、后视镜大！这个太特别了￼视角非常广…当时提了车的第一印象就是这后视镜怎么这么大？？？
4、配置可以。基础的辅助驾驶功能，全速域ACC（谁用谁知道）、并线辅助等，以及无钥匙进入、主驾驶座椅通风、双区自动空调、转向辅助灯、倒车后视镜自动下翻、360全景影像等等。千万别说什么“花里胡哨”或者“不实用”，这么说的人，不是没钱买高配，就是根本没碰过配置好的车；
5、转向精准，底盘扎实；
6、这个最意外了，理论51KM的动力电池竟然不怎么虚标…上下班跑个40公里出头竟然没问题。

缺点：
1、车机辣鸡（不用多说了吧？）；
2、没有主动胎压监测；
3、胎噪大，隔音效果一般；
4、泊车辅助经常性崩溃；
5、大灯不太行，不聚光。

养车：其实保养没那么贵，一万公里一保，每年还可以在app上领一张300的抵扣券（没有任何套路，做了机油机滤就能用）。空调滤和空气滤都能自己换，我就是自己换的，毫无难度。

售后：自然是有的店好有的店差，不多做评论。但是领克会升级软件这一点我很喜欢。前几个星期花时间把整车的软件都重置或升级了，最突出的是autohold，降低了灵敏度，倒车的时候终于不用关了。",2021-06-25,上海
舒舒服服的享受,"外观是一个满分项，真的是越看越喜欢，而且精致感档次感也是30-40万豪华车标准，线条很有设计感，非常的赞！ 另外一个满分象是驾驶感受，其实，驾驶感受说不上来非常非常好，但是在这个价位这个体型来说，应该是第一位的，很多人对驾驶感受有自己的理解，说下我的理解和平时试车都试什么？低速的时候模拟红绿灯跟车是否平顺？有无顿挫，低速到高速的提速有无顿挫感？是否顺畅？提速时的发动机噪音以及是否迅捷？中等速度的时候做不同幅度的快速变线，看车辆稳定性，可控性。另外看行车中车辆的nvh，刹车时候车身姿态稳定，是否线性高效。 基本上试了这些就差不多了，类似价位的车子我试驾了宝马x22.0，奔驰gla，奥迪q2l，rav4，皓影1.5，途观L380,红旗hs5，星越L，昂科威。个人感觉宝马x2第一，领克01第二，q2l第三，星越L途观l并列第四，以上算是不错的类别，皓影第五，在这里排名算是中规中矩，因为前面的都比较不错，后面的就不太好的，hs5车重太大天然劣势，动力系统匹配有较大进步空间总体排名第六，昂科威的双离合比大众系和吉利系差很多，大众系和吉利系双离合个人感觉是最强的两个，最后那个还没排名的发动机干吼不走，侧倾大，行车质感差，拿鞋做比喻，前面是运动鞋布鞋皮鞋，它是棉拖鞋，它不排最后都说不过去，当然如果你不运动，甚至平时走路都尽量小步慢走，棉拖鞋也还说得过去。 以上观点是个人看法，我不对以上结论负责，真正的体会最好大家亲自去试吧 图片解释，图一，轮毂很漂亮而且有精致有品质感;图二，同价位做包围的车型不多见，一般都直接一层人造皮;图四，方向盘前面是软的，中间过渡很好；图五，座椅供应商豪华品牌供应商麦格纳；图7，软硬处理的很好，中间有不明显的过渡，细节处理的很好，有档次感",2022-04-27,枣庄
DaleDai,外观可圈可点，个人非常喜欢。内饰质感对比同价位车型算好的，新款车机使用感受没有之前看到网友说的卡顿，还是比较流畅好用的。日常驾驶感觉车身还是比较平稳的，底盘调校的很好。车窗隔音效果不错，比起日系某田，真的好太多。本人身高182cm，对于一家三口日常空间足够，后备箱表现也还可以。家里有充电桩的话，真的非常好，完全可以满足日常通勤使用（目前基本用的是电动模式，470公里，油耗5.8L，充电58元，平均下来0.22元一公里）。启动及熄火几乎无声，电动及混动模式基本一路下来没什么明显声响，动力模式下刚开始有发动机介入运作声响，行驶后没有网上说的三缸抖动问题及声响很大问题。目前领克最大的是单次充电续航81公里，实际只能开76-78公里，对于上下班单程20公里左右的人来说不是那么友善，想省钱的基本需要每日充电，个人觉得纯电续航做到150公里以上，较方便满足上班族通勤，这样一周两次充电即可。整体还是非常满意，后续慢慢感受，现今国产车崛起时，特别在新能源方面，相信很快会做到领先，期待中！,2022-04-18,宁波
用户菜菜子,"我为什么会买这辆车： 
1.用车情况：家庭第一辆车，通勤路线来回近50km，公司和家附近都有慢充桩，后期打算装充电桩。
2.选车对比：其实我一开始是在领克01燃油版和星越L中做选择，但是油价几次上涨，让人很焦虑，于是转向混动，去试乘了比亚迪宋Dmi，空间很大，中控屏可玩性比较高，但是说实话还是领克车的质感更好，颜值也更高（没错我是颜狗）开玩笑，其实我喜欢领克一是因为外形做工，他很用心，而且新车无异味。二是因为看中他的安全性，脱胎于沃尔沃。在我看来开车最重要的是安全性，然后再是经济性。ps：下辆车有?就换沃尔沃。
用车感受：
就我这两个礼拜的开车体验来说：1.混动模式和电动模式好像没什么区别，如果不深踩油门的话，就一直是用电，在高速上也是。于是我翻了翻其他车友的分享找到了这个“动力电池节电”（图6），把它设置快捷键方式，在高速上就切换动力模式，打开电池节电，用油跑给电池充电。如果不经常去充电的话，这样挺缓解充电焦虑的。
2.纯电模式行驶提速很快。但是纯电模式下刹车有点软，可能是没有燃油发动机制动介入的原因，建议城市有红绿灯的道路上行驶纯电模式下油门不要踩太猛。
3.360影像对新手很友好，倒车入库，侧方位停车，进停车场看着开没问题。全车雷达感应很灵敏，建议像我这样的小白将灵敏度调到最高。
稍稍有点遗憾的是：
【续航】
纯电续航81公里，像我来回近50公里是有点少了，不过开电池节能，油+电一起跑也能接受。我算了一下，按40L油算大概400元跑500公里，现在在外面充电充满一次30元（含停车费），按充电6次算也近500公里，比加油便宜一半，更不提后期装充电桩了。从经济性来讲，也满足我的预期了。
【空间表现】
领克01phev的空间u1s1没有比亚迪宋dmi的大，储物空间少了点，够用是够用，183的个子坐进去不局促，但是还是希望可以进一步优化。",2022-06-26,南京
erinwind,不知不觉的，领克01到现在也2年多了，35000公里开下来没啥大毛病，可靠性已经可以肯定了。 虽然空间不大，电池续航也挺虚，而且没车道保持，被星越L各种背刺，但01的用料和内饰还是不错的，行驶质感也很扎实，可以看到吉利的诚意。 还是说些不足吧，这样更实诚点：车门厚度比较可观再加上电池中置，老01插混就是个4座车了，空间总体来说差的比较多。 然后电池标称50实际上也就30左右，只能说聊胜于无。 功能配置上缺了副驾通风、hud、车道保持。除了通风外其他后续改款应该能改善很多了。 最主要的也是后续各种新款：全球01、星越L，老车主深深感受到了背刺，估计最新的emp又是一波大的背刺在路上了，只能说车子买早了2年。,2022-08-09,
虾虾Shrimp,"提车已经5个多月了，来分享一下我对领克01的一些看法和想法。
	首先，颜值即正义这句话我觉得放在车上也同样适用，早在两三年前还没毕业的时候就已经被领克的外观设计所吸引了，所以毕业后有机会购车时，我个人的主观意愿一直都在靠向Lynk&Co;这个品牌的，其次考虑到家庭用车所以与家里人商量了一下选择了suv（01和05之间做选择）。到了4s店看了实车后，还是觉得01更符合我个人的审美，我没去看过其他品牌的车型也没做过什么参考，甚至连试驾都没选择直接下订了，这足以看出我对领克01的爱意了!
	 接着说一说这五个多月驾驶的感受和各方面的体验，我觉得年轻人用车动力这方面肯定不能弱，领克的调性就是偏向运动方面，所以在加速度上自然是能满足大部分的路段和需求，在底盘上我觉得领克在国产车里算是顶尖的了调教的非常舒服，在接着就是内饰和配置，全黑的内饰有种稳重再配上真皮运动座椅，将年轻的态度显现的淋漓尽致，用料也非常的环保，提车的时候甚至没有一点异味，空间也够用，最美妙的时候就是下班打开天窗窗帘然后打开一首音乐，双层隔音玻璃也听不到外面的风噪。空间上虽然是紧凑型suv但是对于一般的成年人来说真的足够了，后排座椅还能直接放平，有时候午休就直接从后备箱放倒座椅也能当成小床休憩，仪表盘还有不同的主题可以选择还能把导航投屏到仪表盘，领航辅助，自动泊车等等等太多的实用功能。
	随着新能源的发展，大部分的车企都选择了生产新能源汽车的这条赛道。领克作为其中之一，6.10号发布了新的概念车型，然后又宣布了各种重磅的消息，新01的emf油混技术，已及马上将要上市的01emp，以及新的车机系统等等都足以说明领克把大众和车友的诉求都听进去了，这真的很领克！
      越来越多的车型，越变越好的技术，越来越强的领克。最后也希望领克多看看老车主们哈，给我们也体验体验新的车机系统。
      相信我选择01不会后悔，特别是年轻的你，特立独行的你。",2022-08-15,福州
gsby2018领克01phev,外观：领克01PHEV外观很时尚，挺个性的，黑白搭配，做工也很精致，底盘非常扎实，车子的稳定系统不错，19寸轮毂刚刚好，钣金做工也无可挑剔。 动力：1.5T的动力不用多说，只要舍得油门，动力源源不断，在混动模式以及纯电模式下开起来是真的很平顺，基本上感受不到发动机的存在，没有三缸机抖问题，完全不用担心。 油耗：目前行驶3万多公里，长途开启自适应巡航模式，百公里油耗5.4L；纯电续航45公里，上下班代步，每两天充电一次，快充两个小时，充电方便且经济实惠又环保。 配置：装备了电动尾门，辅助刹车，自适应巡航，并线辅助，自动驻车，胎压监测，全车LED灯，全景天窗，后视镜自动折叠，后视镜自动防眩目，感应雨刷，座椅加热，腰部支撑调节，空气净化，燕飞利仕音响，其中有很多的配置都是豪车才有的，确实是物超所值。 空间：同级别车相比空间很充裕，座椅舒服，音响完美，开长途完全不累，后排4:6放倒后很平坦，外出旅游平躺休息很适用，装东西的空间很不错。 总体感受：同级别插电混动SUV配置如此齐全，能与之相媲美的车辆很少，性价比也很高，并且购车还可以上绿牌，免购置税，作为首任车主，商家还给赠送充电设备，确实是家用车型的首选。,2021-12-05,兰州
哆唻A梦是谁,"时间到了2020年的年末，因为原来的polo太小了，已经不适用了，于是心中的购车想法越来越强烈了。原本看了好多车型，随着01全球版的上市，让我锁定了购车车型！转眼间到了2021年的三月份，跑了厦门岛内外的两家4S店，试驾了全球版的01，感觉不管从外观和内饰都比老款有了显著的提升，更加坚定了购车想法。但考虑到每天来回20公里的上班路程和近些年的新能源热度，01phev渐渐的进入了我的眼球，刚好三月中旬厦门有个中型车展，于是就在车展中下定了01phev。

1、价格结合当月领克官网01phev车型的优惠政策，及原来polo的置换补贴，一共优惠1.3W。而且4S店还赠送了令我挺满意的礼品。落地价在21.5左右。买起来可能比燃油版最高配还优惠。

2、外观设计相对于老款有了些细节上的优化，看起来更精致好看。内饰更不用说了，设计比老款很符合我的审美，且用料相对同价位的合资车那是真的高档和良心很多，真的是没得挑。

3、插混的01phev，纯电续航里程为81km，使用原厂的交流快充充电桩大概需要两小时四十分钟可以充满，日常开起来真的是相当的舒服，隔音降噪比老款的01phev有了非常好的优化。在纯电模式下几乎没有电流声，只有胎噪声，遇到铺装效果好的沥青路面就好像在滑冰似的，开启燕飞仕利音响真的是一种享受。油电的动力衔接也比老款有了很大的优化，没有什么突兀感，你根本不用在意这是款3缸加7速湿式双离合德动力总成，我觉得真的需要放下偏见，况且这套动力总成是做的真好，建议大家可以去试试看！非常的平顺，只有看着仪表盘你才能发现车子到底是在什么工作模式下运行。

总之经过了我快3000公里的日常行驶，我觉得全球版01phev从安全，环保，质量，用料真的是款有下功夫去设计，去制作的好车，身边的很多朋友在试乘后，对领克的优惠底盘调教及各方面都给予了好评！也希望这款车的销量可以越来越好！",2021-07-06,厦门
爱车的诺诺,"【配置】毕竟和沃尔沃XC40共线生产，价格又按在了二十万左右，性价比没得说。领航辅助驾驶、比多数插混略多20公里的81公里纯电续航、带Logic7的INFINITY音响、还有座椅通风等等，放眼整个插混市场，只有比亚迪能和我匹敌了。

车机的话，也是能完整体验到我国互联网车机，领跑全球的红利。个人感觉比亚迪好一点，毕竟，相比比亚迪那个大安卓屏幕，它的融合度更好，高德深度定制的地图，能直接显示到仪表盘里。

有钱的话，一定要上顶配，毕竟，带Logic7的音响和座椅通风，都是品质生活的刚需。

【动力】虽然是三缸，但对于低速有电机的插混够用了。而且这个车续航还多一些，充电也快，日常代步，或者偶尔炸裂一下没啥问题。7KW家桩，充满2个半小时，上海夏天开空调实际能跑65km，挺好。

【内饰】内饰我很喜欢，科幻又有高级感。科幻在挡把，宇宙飞船的感觉；高级感在细节，几乎每个饰件都有金色包边，手能触到的地方，也几乎都是软的。

【空间】185的我，主驾我开，前排一拳，头部四指，挺好。

【操控】领克01我开过麋鹿测试，很稳，新能源版我没激烈驾驶过，应该也不错。反正，日常开，悬架也是这个级别最好的之一。尤其是前段过滤的很彻底，几乎感觉不到，很舒服。",2022-08-05,
蜗牛车志,"上周末在深圳进行了领克01 PHEV的试驾，对这台车有了一些新的认识。

领克01 PHEV版采用领克的Drive-E双擎科技和P2.5架构让这台车的传动效率很高效，电池相较于上一代车型提高了30km，新款81km的续航让绝大多数用车的朋友油耗表现可以趋近于百公里0L。

1.5T三缸机180匹马力132kw的功率，在实际的用车体验当中绝大多数时间不会感受到发动机和动能回收的存在，在急加速等特殊情况下发动机介入时会听到一点点令人激动的发动机轰鸣。

有的粉丝肯定会问这台三缸机会不会抖？根据小宁的实际体验发现除了在发动机启动的一瞬间仔细的感受会有轻微的抖动，其他时间跟普通的四缸机甚至六缸机没有任何的区别，而且这台车的NVH水平在同级别绝对处于中等偏上的水平，整体的驾驶感受甚至不输给一些六缸机。

官方称这台车百公里加速仅仅需要7.3秒，我在试驾中，没有感受到一些电动车型那种令人恐怖的加速体感，反而感受到更多的是燃油车加速时的那种不急不躁，不会让人不舒服的加速体验。

最近试驾了很多台PHEV车型，他们整体的提速都在放慢，更加注重纯电续航的里程数，以及趋近于纯油车的驾驶体验，从我的角度来看这样不但提高了乘坐舒适性，也让续航有了一定的增加，舍车保帅的做法我个人还是比较赞成的，毕竟车的本质就是把人安全的从A点带到B点的交通工具。

我们在试驾的过程中还测试了一下这台车的充电时长，从0到完全充满大概需要三个小时左右，这台车也可以一边纯油行驶一边给电池充电，充电效率很高，在高速可以使用这个功能给电池充电，在拥挤道路可以采用纯电模式，让整个的用车成本更低。刹车的脚感真的很赞，非常的舒适，领克作为国产造车新势力的一员，整体的造车风格与细节的处理还是非常用心的。",,
百车全说,"【最满意】
外观方面一直是领克的优势，分体式的大灯，标志性的尾灯，非常有辨识度。再加上去年01中期改款，增加了更运动的前后包围和撞色车顶，让整车更加时尚运动。标配的19英寸轮圈造型也很好看。
中期改款后的领克01PHEV采用了12.3英寸液晶仪表+12.7英寸中控屏。之前一直被吐槽的车机卡顿现在也解决了，因为用上了高通骁龙820A的芯片。车友普遍反应，这个中控不仅颜值变高了，流畅度也提升了。
此外，饰用料也很用心，真皮+NUBUCK翻毛皮混搭座椅，TPO2环保内饰面板，摸得着的地方全是软的。多色氛围灯和10个喇叭的燕飞力仕音响非常给力。

【驾驶感受】
领克01PHEV采用1.5T涡轮增压发动机搭配西门子电机，配合双离合7DCT-H变速箱，最大功率262马力。新车一共有4+1种驾驶模式，分别是纯电、混动、动力、节能和电量保存。在纯电模式下，车辆以电机驱动，发动机不工作，开起来和纯电车相差无异，会带来和纯电车一样的感觉。在需要超车时，将驾驶模式打到混动模式，这时候发动机介入工作，感觉就像换了台车，瞬间汽油版附体，还是能给你不少的驾驶激情。而且在发动机介入的时候，你也几乎感受不到任何的震动。

【油耗】
即便是车辆一直是以亏电状态行驶的，综合油耗也只有约6-7升左右。
如果每次出门前都充满电，综合算下来，它的纯电通勤每公里只要1毛钱，是燃油车的八分之一。


【配置怎么选】
目前领克01PHEV有两个配置，分别是19.77万的PLUS版和22.27万的HALO版。即便是最入门的PLUS版，配置也一点儿也不低，比如全速自适应型巡航、主动刹车、360全景影像、全景天窗、12.3寸液晶仪表+12.7寸中控屏、车联网等，这配置在01PHEV这儿是入门级配置，但是在其他品牌那里可能是顶配。
Halo版的配置那就更不用说了，比PLUS版多了更全的ADAS智能驾驶辅助功能、电动后备箱、翻毛皮运动座椅+加热/通风/记忆、转向头灯、氛围灯、多功能后视镜等。所以想要全面，还是推荐首选HALO版，如果不需要太多ADAS功能，追求质价比的朋友，PLUS同样是非常好的选择。

【提车价格】
除了正常的免购置税、车船税，领克01PHEV还能享受到很多政策红利，在广州、佛山、海南等地还有额外的政府补贴政策，比如在佛山，补贴金额最高1万元，置换补贴1.2万元。所以在有些地区（具体看地域政策），最低18万出头就能落地。",2022-01-07,
买车家,2021款领克01有四款车型， PHEV车型外观与燃油版车型完全相同，前脸采用了分体式大灯设计，轮毂尺寸由先前的17/18/19英寸升级至19/20英寸。进入车后，车的内饰看得出来主要是以黑色为主，这种简单的配色打造出了一种轻奢的视感，12.3英寸和12.7英寸的双屏设计尺寸极大，换挡杆的位置采用了一些不规则的几何图形为装饰，中控大屏搭载了双芯片系统，这样在开机和运行中速度都得到了极大的提升，在点击app的时候，运行也十分的流畅，分辨率也很高。车内还有很多细节上的贴心设计，比如贯穿式的空调出风口，看起来就十分的高级，手机无线充电板和L2+级别的驾驶辅助系统为体现了这台车的科技感十足。车内还能看见很多丝绒的面料，比如仪表盘上面的区域，手套箱以及中央扶手箱的内部还采用了植绒材质覆盖，说明汽车制造商在这上面还是花了不少心思。至于空间上，前排乘坐十分的舒适，长途驾驶一点都不会感觉到有多累。后排乘坐空间也很宽裕，腿部有接近三拳的距离，头部大约有一拳左右的空间，在同级车型还是很宽裕的。1.5TD自动 PHEV Halo搭载了1.5T T5发动机，通过试驾发现它的动力反馈非常灵敏，还有强烈的推背感。最大的行驶感受是，不论在行速的前半段，还是后半段，它都有强劲的动力输出。之前都说领克01的转向灵敏度不高，但是这次中期改装后，灵敏度还是有很大的提升的，在低速行驶的时候，转型会变得十分轻巧，而高速行驶的时候就会变得很沉稳。由于这辆车偏向于运动风，所以可玩性也也特别的高，在变道或者超车时，都能感受到动力的强劲，再就是底盘调校方面也很值得夸赞，在过一些坑洼路段以及细小颠簸的时候，也完全没有任何的问题；悬挂调教比较紧凑，在车内感受不到多余的震动和拖沓感。就算速度过快也不会存在发动机的轰鸣声与震动感，外面风噪和胎噪处理得都恰到好处，所以此次算得上是一次不错的乘驾体验。,,
智选车,【最满意】 满意的地方有很多，挑几个重要的点说就是外观和用车成本。首先来说外观，现在许多车都设计得太过保守了，行驶在路上很难和其它车型作出区别，但领克01就不一样，这款车的整个造型设计比较偏向年轻时尚。前脸领克家族标志性的“北极之光”日间行车灯点亮以后视觉效果非常醒目，加上贯穿前脸的进气格栅，很好地满足了当下年轻消费者追求个性的生活态度。此外，它的尾灯我也非常喜欢，是由分段式和三角形的灯带组合而成，夜晚行驶在路上可以让人一眼就认出这是一款领克的车。 而说到插电混动车型，就不得不提一下它的用车成本，这款车平时上下班的时候可以用纯电行驶，基本可以做到不用加油，如果跑长途电不够用，又可以烧油，妥妥的代步、长途两不误。在用发动机驱动的时候电机也可以来帮忙，百公里综合油耗我最低的时候可以做到不到2个，在油价并不便宜的当下，算是非常经济的了。此外，这款车还可以上绿牌，这点对于一些一线城市的消费者来说，也能够节省一笔拍牌费用。 【最不满意】 最不满意的可能就是这款车的内饰，和我预想的有点差距（难道是我的要求太高了？）。虽说车内的用料以及人机工程学都还算可以，平常使用起来也没啥大毛病，但总感觉和颇显个性的外观有点不搭，如果能够设计得令人有种耳目一新的感觉就好了。 【驾驶感受】 1.5T发动机最大马力180匹，加上电机的辅助，平常开起来基本不会存在动力不足的情况。油门调教得比较轻盈，只要踩深一点，便能获得不错的动力响应，是我比较喜欢的那种类型，无论是起步还是超车，均能带给你足够的信心。 这款车的方向盘对我来说轻重适中，转向也很灵敏，基本没啥虚位，可能是为了照顾一定的操控性吧，如果是女生开的话，可以调成ECO模式，方向盘又会变得轻盈一些。平常开的时候车尾跟随性也做得不错，并不会觉得是在开一款SUV。 【乘坐体验】 这款车该有的舒适性配置基本都有所配备，像全景天窗、真皮座椅、座椅加热、氛围灯、前排隔音玻璃等，算是很照顾乘坐舒适性。但可能是为了追求运动操控性，家里人乘坐起来会感觉底盘略微有些硬，不过对于我这种小年轻来说，完全不介意，毕竟运动和舒适二者无法兼得嘛，其余的像隔音、支撑性在同级别当中做得都算是比较出色。 【油耗】 前面提到说这款车的用车成本很低，具体来说的话，目前行驶了有将近1万公里，百公里综合油耗在4.6L左右，可能是和我经常用电行驶有关吧，总的来说，这款车非常适合拿来城市上下班买菜代步，偶尔出去撒个欢，把电充满，不够再加油，一年油费要省不少钱。,2021-11-24,
我们在深圳Vlog,"【总体情况】
本人95年，22年八月底提了人生中的第一辆车，取名小黑子，目前行驶了5351公里，表显油耗6.5，大多数时间都是在馈电跑，偶尔开去公司楼下充电。

【总体价格】
1、车价:当时emp刚出来，21款官方优惠6000，跟销售磨了半天嘴皮子，又优惠2000，一共优惠8000，裸车价21.87万。￼

2、保险:保险用的是4s推荐的中国人民财产保险，好像是必须要在店里买，当时也没细问，咱也不懂，也不想自己去搞，太麻烦了。￼好像是6000多不到7000，具体我不记得了。这个费用我在懂车帝上对比了一下同价格的插电混动车，说实话也不算特别离谱。

3、上牌:本来说要上牌费1000的，我跟销售说这个钱我可以给你们赚，但是1000块有点贵了，砍一半吧，因为我不想自己去搞这些事情，太麻烦￼。销售也接受，上牌费500

4、贷款：因为是全款买的，没有金融服务费

全部落地：22.6万左右

【购车经历】
预算落地不超过25万，要深圳绿牌，不要纯电，缩小了范围之后，锁定了两款车，比亚迪汉DMI和长安深蓝，试驾了比亚迪汉，综合素质很不错，我和老婆都很喜欢，奈何等车时间太久，三个月起步。

后来去看长安深蓝，那时候这款车刚出来，只有展车，没有试驾车，就去摸了摸，看了看，坐了坐。外观比较讨喜，内饰也太简洁了，￼（满满的塑料感），老婆嫌底盘太低，后来直接pass了。

在回去的路上经过领克店，想着都看到了，就进去瞅一眼，这一瞅就来感觉了￼，首先说外观，外观很中我意，特别是那对眼睛。

内饰：只要手摸得到的地方都是软的，黑色内饰档次感一下子就上来了，双层隔音玻璃，隔音效果很棒（这也是我选择这台车的主要原因）￼，配置直接拉满，燕飞利仕音响，360，领航辅助（这点高速巨爽），氛围灯。。。想要的功能配置都有了。

唯一吐槽的就是车机，车机是真的拉胯，能下载的app很少，很卡，可玩性不高，连网易云音乐都没有，不过能下载QQ音乐，自带高德导航，但是不能用小团团语音包。

当时还有现车，试驾了一下，动力很足，随踩随有，隔音真的不错，在市区开基本听不到外面的声音。底盘很整，过沟沟坎坎很干脆，没有开船晃来晃去的感觉。

还有一点就是，当车速上了90以后，从A柱会传来风噪声（这点我看好多车友都遇到，应该不是偶然），目前的解决方案是开音乐￼。瑕不掩瑜，我能接受￼

综上所述，就定下来了，之后就是办手续，交费，提车。前前后后差不多一个星期吧，还是挺快的。

【用车体验】
提了车以后，先去加油站加油，可开心了，对加油的人大声的说“95，加满！”￼￼￼。

刚提车的几天，每天下班都去车里坐坐和小黑子培养感情￼，最舒服的莫过于，开空调不用担心发动机积碳，这可能也是混动车的优势所在吧。

国庆节的时候回了趟老家，1200多公里，领航辅助让我轻松了不少，还避免了多次追尾，真的是爱了爱了￼。我一般都是用混动模式跑，个人感觉动力还是比较充沛的，对我来说也够用了。还试了动力模式，（在有电的情况）动力响应更快，超车变道很有信心，干净利索。

对于油耗，基本上都是馈电跑，馈电情况下6.5，对于混动车来说不算低，但是对于接近2吨的车来说也算省了，反正我是能接受。（这可能就是情人眼里出西施吧￼￼￼）

还有网上吐槽的3缸，说实话这是混动车，在有电的情况下基本感受不到抖动；没电的情况抖动也基本感受不到，（不要说新车啥的，我说的现在，现在就是不抖￼）唯一有感觉的是，没电的时候，动力切换发动机介入的一瞬间会有点。

【空间表现】
说实话接近23万的车空间属实是有点小了，不过对我来说够用，毕竟现在就两个人，没有孩子，后排基本不用，就回家的时候拉点东西。
本人173头部空间绰绰有余，后排我坐着也不局促；后排座椅可以放平还是比较实用的。

总的来说，这车值这个价，综合素质很高，需要优化的点可能就是车机这块了。",2023-01-05,深圳
小何饭xhf,"一直关注领克，去年买车时考虑过03，但是由于家里人觉得外观太激进了，没同意。今年家里要换车，提出随我选车型，我直奔领克4s店，刚好家附近就有店，因为牌照原因最终在汽油版跟phev中选了后者，刚提车没几天，谈谈这几天的感受。优点：这个不用多说，大家都知道，配置高，内饰漂亮，比起我的思域简直一个天一个地，phev配置除了四驱的个别不常用配置，都齐了，因为刚提车，开的不多，还没怎么用到那些。
缺点：腿部空间确实不太够，思域我开车是双腿岔开很轻松，但是01不行，右腿会顶到一点，我只能把座位调的很靠后，副驾因为我老婆个子不大，跟思域比反而感觉更大一些。

关于phev车型大家比较关心的一点就是三缸机体验到底怎么样。因为目前刚提车，牌还没寄到，开的公里数并不多，充电桩也还没安装，续航里程还不太清楚，但是正是因为没电，一直馈电在开。更能感受到馈电状态下是什么情况，一句话概括就是正常开很难感受到现在是用电机还是发动机驱动，切换的过程也比较平顺，基本感受不到，当然仔细听声音能听得出发动机介入的声音。但是一旦你是馈电，而且是停车启动状态下，因为要保证电池电量，发动机会自动给电池充电(相当于打开电池充电开关)，这个时候声音就比较大了，抖动倒还好，我的思域也抖(也有可能是因为我没开过好车，手动狗头)，声音大也有可能是因为跟电机驱动反差太大了，启动的时候不管是不是馈电，都用电机驱动，我都分不清到底有没有启动。
我一直开的混动模式，馈电状态下启动跟停车也是用电机驱动，因此感受不到抖动，发动机需要介入的时候也差不多速度上来了，这个时候胎噪，开起来本身的抖动跟声音也大了。综上，只要不是停车状态开动力电池充电，很难感受到发动机的抖动，当然声音是有的，在能接受的范围。
其他的优缺点基本跟大家看到的一样，异响暂时没发现，但是总不能比思域还响吧，狗头。
最后，问一下大家有用手机支架么，驾在哪，线从哪里接的，试了一下竟没找到合适的位置放，从扶手箱接线也太影响美观了，最后放上我的大白！",2021-06-26,杭州
全靠心情写车,"领克01PHEV在设计上还是延续了领克01的设计亮点。前格栅与大灯组融为一体，视觉效果与整车风格相呼应，日行灯与前大灯分体排列，使车头更加立体饱满。可开启的全景天窗加上双色调车身，不仅设计空灵而且配色好看。两条凌厉腰线加持使车身延展性增加并且增强了运动气息。晶体尾灯和两边单排气筒也是设计一大亮点，晚上后尾灯开启以后效果极佳，时尚感满满。整体车型主打简约风格。

领克01PHEV车身尺寸为4512x1857x1673mm属于紧凑型SUV，轴距2734mm，成年男士坐进去也会在头顶和膝盖处多出一拳到两圈的空余。车内储物丰富，手套箱，中央扶手都很深，后备箱放两三个行李箱也不成问题。
动力方面，因为是电混动版所以发动机搭载的是1.5T缸内直喷3缸发动机，最大马力180码，峰值扭265Nm，动力杠杠的。不过在这里要强调一点，有人说3缸不好其实3缸发动机也不过是节能的一种方式罢了。再说说发电机，发电机是单电机，最大马力82，峰值扭矩160Nm。电池为三元锂电池，续航为了51公里。这个数值虽不能吹嘘但是也足够用了。值得一提的是充电口采用了吸铁石藕会设计，打开时盖子会缓缓自动打开，仪式感满满。
另外领克01PHEV率先搭载CMA全新架构PHEV结构，P2.5混动结构传动效率非常高。离地重心技术上可以做到很低，但因为是SUV的车型所以还是升高了一拳左右的高度。
主动安全方面基本配备齐全，ABS，EBD，刹车辅助，牵引力控制，车道偏离预警，前方碰撞预警，倒车车侧预警，主动刹车，并线辅助，车道保持系统辅助，疲劳驾驶提醒等等。
被动安全方面前排气囊，前排侧气囊，侧气帘，胎压监测都是一个不含糊。
日常行驶方面，这款车的日间行车灯，远近光都采用LED灯源并配备自动大灯，转向辅助灯，前雾灯，大灯随动转向的功能，不得不说在灯组上确实下了工服。
内饰方面也是贯彻黑色主题的中心思想，主打运动气息。基本上可接触的地方都是软材质，在副驾驶面板前的星空设计更是突出了新能源车的概念。
真皮多功能方向盘，手感相当不错，不过中控上10.25寸的仪表盘可玩性不大。同时配备了GPS，人机互联，语言识别等，10.2寸的中控屏也是提升了整体的格调。座椅也采用真皮材质，前排座椅不仅可电动调节和加热并且增加了记忆功能。内饰整体风格属于时尚运动风格更符合90后的审美标准。",2020-12-04,
汽车天涯,领克01的造型虽没什么新意，但在大街上还是能被一眼认出来。最让人惊喜的是内饰，把车及系统的硬伤解决之后，这套内饰真的没有任何缺点了，不管是用料、做工还是呈现出来的质感，都符合一个高端品牌的定位。驾驶方面也有惊喜，首先，不管电量有多低，动力爆发依然迅猛，其次，三挡DHT变速箱在激烈驾驶的情况下会有一些AT变速箱的换挡快感，快且顺，还有底盘调校，韧劲很足，支撑性到位，有一定的驾驶乐趣。,,
向西望,"感谢圈主(星巴克在逃星选美式)推荐
情况介绍：购买了领克01的2021款四驱劲hola版
职业:地产营销管理
常坐人员:自己、爱人、孩子
购车原因:日常使用

费用明细：16.02万
购车方式：二手过户
价格组成:15.6万+保险0.42万
其他优惠:无
赠品:无

一、选车对比
看过别克昂科威，但是觉得内饰不喜欢，关注领克01年了，但那时候自己的老车还凑合开，最近看到一款4000公里的准新车，车况非常不错，原版原漆，颜色也是我喜欢的黑色，所以就购买了。

二、外观感受：黑色很稳重，2021款的装饰条改为接近同色，整体的质感更整体，也适合一定的商务用途

三、内饰感受：整体设计简洁大方，用料考究，手感舒适。特别是中控台的操作界面，非常人性化，易于使用，没体验过新款的8155车机，整体感觉反应还是比较快的，除了开机时候，启动到界面完全显示需要一些时间，其他都还好。

四、空间感受：我是一家三口用途较多，家里人个子都中等，本人173cm，前排座椅调好后，头部空间大约接近2拳，后排的坐感没有前排舒服，但是比常规的轿车要舒适不少，整体够用了。

五、动力感受：动力日常足够用了，无论是舒适模式还是经济模式，基本随叫随到。运动模式下，推背感还是明显的，过弯的支撑度在SUV里面，还是不错的，能感受到地盘的一定厚重感，和我之前驾驶朋友的X3相比，略差一些，但比X1的驾驶感觉要稳重。

六、试驾感受：试驾过21款、23款，驾驶感受都不错。

七、优点：说实话，优点还是比较多的，说几个重点吧，外形质感不错，对我来说，可家用、可商务，工艺在同级车里基本是一个独有的存在，动力也非常不错，内部的音响配置也是越级了，重要的是老婆大人评价、车子的副驾座椅尤其舒服。

八、缺点：很多朋友说油耗太高，我觉得作为四驱，目前平均油耗大约9.9，算是中规中矩，只是油箱54L确实小了些，不过车子作为一个整体，在外观整体不大动，单独改这个，确实很难实现。

九、希望改进的地方：
1、应用市场中可以下载QQ音乐，但车机还是只能默认酷我音乐
2、我连接了2部蓝牙手机，但无法同时显示两个设备，也不能设置默认优先，比如我的手机连着的状态，要听我爱人的蓝牙音乐，就必须先把我的手机蓝牙关闭才可以，这个我觉得是软件编程的问题，希望后期可以完善。

总结：作为一个普通车主，我认为，20万这个价位，四驱+8AT+250马力+品牌专属设计语言+主流的底盘+中高端的音响配置，我觉得值了，从2017年第一代领克开始上市到现在，我切实感受到国产品牌的努力和成长，希望国产的制造会越来越好，也希望有自主专利、自主设计的产品越来越多，越来越成熟。",2023-07-09,
YOLO0317,"对于领克，其他都很满意，不管是外观，操控，内饰都很好

唯一感觉到被欺骗的就是车机，车机是真的差。
2022年3月21日可以去4s店升级751版本车机，说是提供hicar，但是很鸡肋啊，我没有华为手机怎么办

整个车机商店只有十一款App，不能自己安装第三方App

然后车机导航，真的是版本低的不行，然后官方解释是协议问题，不就是不舍得出钱升级吗？？

领克车机真的不行，车开着还行，互联网高端车？虚假宣传吧

【最不满意】车机最满意超级不满意

【智能化】智能化真的很一般

【续航】够用

【空间表现】够用

【油耗】可以接受",2022-03-14,上海
青衫依旧丶659,【空间表现】 空间足够，尤其是驾驶位，特别舒适，后排也完全够用，175的完全没问题 【续航】 续航显示80公里，夏天不开空调可以达到，开空调的话，可能就在65左右 【智能化】 车机表现良好，不卡顿 【购车经历】 因为上海限行，出行不方便，一直考虑买辆混动车型，后面无意了解到领克这个品牌，也上网对比了很多，是我理想中的车型，而且外观设计比较时尚，哈哈。直接奔着领克就去的，网上了解的比亚迪和其他新势力品牌，感觉20万左右的多少都有差点意思，只有领克比较符合，越看越喜欢，去了之后4s店之后服务也比较好的，沟通了两次以后就很爽快的订车了 【驾驶感受】 驾驶位非常舒适，尤其是座椅通风，夏天用起来真的很爽 【油耗】 油耗每天上下班基本上14公里，三天充一次电，完全足够，跑长途的话，油耗在6个左右,2022-06-05,上海
SunnyDancing,用车两个月，总体评价不错。外观辨识度很高，也是个人比较喜欢的外观，对选择的黑紫色也非常满意；中期改款升级配置后与05的内饰一致，内饰精致有高级感，车机流畅，使用方便；操控轻快灵敏，油电切换顺滑，几乎感觉不到明显的切换点，对底盘和发动机变速箱还是比较满意的；充电桩充电大约两个半小时能充满，续航里程与厂方标称的81公里基本吻合，用随车附送的移动充电线充满电大约9个小时；燕飞利士的音响效果非常赞，10个扬声器分布均匀，声场开阔，中高频比较突出，低音基本过关，音质上乘；前挡和侧前挡使用了夹胶玻璃，隔热隔音效果都不错，低速行驶的时候车内比较安静，高速行驶主要是风噪和胎噪，基本可以接受。总体来说，的确是国货之光，碾压同价位的合资车毫无压力，物有所值，期待中国制造越来越强，国产车越造越好。,2021-05-29,上海
子夜复活,裸车20.77万，交了5千多的保险和5千多的贷款手续费，不用缴税，还有个大客户的3千没返我，整体优惠了1万5左右，送了全包围脚、后备箱垫和玻璃膜，外加2次保养，没有什么可选配的了，这个车你想要的配置都全了，没什么可以给4S店要的了。这个车说实话我买的时候有冒险的想法，因为全济南基本见不着，也没个人能交流交流，但是开了5天，我感觉这个钱花的值，动力充沛，配置齐全，驾驶舒适，做工精细，最关键的是省油！我也开了十多年车了，市面上能见到的车基本都开过，家里还有个奔驰E，但像领克这种基本能满足你各项需求的车很少，要么油耗高，要么价格高，要么配置低，感觉领克的车大部分项指标已经可以跟BBA比肩了，绝对是国产车的良心之作。,2021-08-19,济南
小萝卜_Enzo,"总体是很满意的。

优点：大家都说了很多，我就不说了。

缺点：前排置物空间再多些就好了，还有就是车机重启时会存在已经开启的功能默认又关上的问题，虽然车机算流畅，但是在用户体验方面还是可以加强，比如音乐上车不能默认qq音乐，也不能下载网易云音乐；某些情况急刹车时，刹车踏板变硬，需要适应

购车考虑：之前对比过宋dmi和汉dm和探岳gte还有领克06 phev，考虑外观、品质感、外形、预算和提车速度最终选择01，虽然外形方面更喜欢06的前脸和车灯，➕5000升级日间行车灯需要等所以放弃了。

其他：3缸的问题我不在乎，开了600km我也没有抖动平时有充电条件，2天一充日常代步还是不错的。如果在没电的情况低速使用油，会很捉急，所以建议尽量要有充电条件再购买！

总体来说很推荐，现在安利给同事了。",2021-11-26,深圳
哒尔克,"6月提车，坐标上海
目前开了有500公里了，有点后悔没等个紫色，看了紫色的02是真的漂亮
先说说优点:
1.纯电续航够用，不用担心堵车多情况下的油耗，停车可以随便空调娱乐
2.运动模式或者混动模式深踩踏板推背感十足，比试驾时候开2.0t的油车版本体验更强
3.操控性好，隔音静谧，驾驶体验非常棒
4.内饰太爱了，当时选这车的一大原因就是内饰一眼爱

新版的车机也有了提升，目前我用下来还是比较流畅，外观也很有辨识度，爱了爱了

然后说点缺点:
1.运动型座椅偏硬，可能是我不太会调整靠背，驾驶时间长了腰疼，这个我还在慢慢摸索驾驶姿势
2.车机里的qq音乐不能放到主页，每次都得去应用里点，不是很爽

总之还是非常满意的一次购车体验",2021-07-10,上海
阿杰爱看新闻,【购车经历】 跑了两三个店，刚好台州这边路上有三台phev01的车子，和销售确认好价格和礼品后就下定了，等了10天不到就提车了！ 【智能化】 车子里面的智能安全辅助驾驶系统很好用也很贴心，手机app可以启动车辆，可以随时查看车辆位置和续航信息，方便多了，唯一一点还弄不懂是06app可以调节空调温度，01app目前没有看到，不知道后续会不会更新版本使用方便一些！ 【续航】 续航还算可以，就是油箱小了一些不够大，如果油箱再大一些，续航里程可以再优秀一些！ 【空间表现】 在4s店试驾的时候感觉车子还挺大的，家里有小孩，七七八八东西一放，安全座椅一放感觉空间确实也不大，但是也够用了！ 【最不满意】 加速快的时候噪音还是有一些，但是可以忍受，塑料内饰版容易脏！,2022-04-18,台州
Jetwo,1.总体而言外观设计符合个人审美 2.驾驶感受顺滑，起步电机不紧不慢，要速度深踩油门即可。 3.平时纯电驾驶比较多，家里也有充电桩，比较方便，可以设置峰谷电进行充电 4.车机系统比较慢，自带地图比较旧，还有可以和HiCar 华为手机连接，上车，蓝牙默认开启，不锁屏即可连接HiCar。 5.动力电池模式需要手动切换，这点不够智能。（槽点） 6.内部空间整体还好，家用够用，内饰也精致，就是感觉储物空间比较少，特别是手靠下面（可能是动力电池占用了） 7. 领克app有时候因为车子在地库信号不好，会信息不准确（强迫症可以忽视） 8.推荐给充电环境好，城市通勤短距离的车友，可以体验到电车真香 9.最后说一点，充电桩安装，会涉及电表安装和充电桩安装，若两者距离超出30米后，需要自行支付费用。（40块钱1米包安装费），要购买车位的车友，可以注意下，看下地库国网的电表是否在车位附近... 希望对车友们有用///,2022-07-08,杭州
AirRico,"外观上自己非常喜欢的，本人就喜欢复古车 超前卫但是钱包有不够， 完美的东西还的同级别吧 

媳妇一眼看上安全性很好的，原来有朋友开02的他的事我们这圈人都知道的。 

外观不中庸有个性。

内饰质感真的没的说，不得不说做工精细，我开过卡罗拉 威驰 比亚迪F6 福特翼虎   其实各有各的优势和短板不用比出个123 完美的直接库里南吧🌛楼底下的宝马 都过来看看 🤭 我们这一排 有唐 有拿铁 宋plus dmi 还有个特斯拉 蔚来   都是大眼瞪小眼 哈哈哈 
无所谓了 

配置上提速也好 节能也好 音响也好  坐感很棒，老婆喜欢最好，我沾沾光

空间上三口之家足够 我姐夫说买mvp  哥说买轿车 爸妈喜欢就好 对的你喜欢就好 买车前车城翻了底朝天 好多车参数比销售都懂了🫣个有所需吧  按照自己需求买准没错的。 

续航上略短了 81公里 城里随便跑 无所谓 🫤 起初特斯拉太贵 又是啥啥啥的涨价了 放弃了   跑远了在用油解决没电问题就好  别想动能回收有多厉害其实动能回收这块特斯拉最厉害  但是舍弃了 


驾驶智能化可以的 曾经的我只用镜子走天下 自适应巡航高速很可以，其实老开车自己都能踩个定速巡航出来，车机吐槽一下 app少得可怜 百度地图没有高德好用， 我一般走哪都是手机带支架 养成习惯了一时半会改不了了 😓 你们听歌而我收音机  

驾驶感受 很棒比我原来开过的好的太多，开的多了 适合自己的才是最好的

买车不纠结 你喜欢就去买吧",2022-06-06,银川
孟和,phev满电状态下，开起来非常舒适安静，无论是纯电模式还是混动模式，亏电也跑过几天，油耗7个左右，等红灯时确有抖动感，但能接受，况且时常充电，但凡有一点点电都不会抖。既然选择01，三缸机的问题不说了，不然不会等一个多月提车。动力模式强劲，1.5T城市足够。 其实最早去店里试驾的是01四驱，但顺路试驾了06phev，强烈倾向插电混动车型，由于赶上疫情，斟酌了几天就在App下定了，正好疫情过去车到，还是非常完美的！ 外观设计上是最早吸引我的地方，北极之光日行灯特别威～轮胎和前脸也都增加不少颜值，车身选择了独有的紫色，还是挺个性的。还有撞色车顶符合预期。 更多感受还需日后多多出行游玩，才能知道了。通勤太近，虽说81km的续航，我一周一充足矣，初感确实不赖，是辆完美座驾！,2022-05-31,呼和浩特
WYLakira,【空间表现】 一家人出行没有问题 【智能化】 满足新手的一切需要 【续航】 充电桩还没装上…… 纠结了很久，4月份，终于去订了车，然而，这一等，就等到了7月底…… 好在，提车一切顺利，车车还是我喜欢的车车，舒适感科技感一应俱全！（我妈说，车真大！） 提车的当下，证龄10年的我就要自己开着人去上牌（旁边坐着我爸，完全帮不上任何忙……）?也是没有想到的！紧张+开错路10公里的路程，硬生生开了快1个小时～～～但是等上完牌回家的30多公里各种隧道，大桥一切都不是问题了，顺顺利利的就回到了家（途中还顺路加了箱油）！家里老小区，路窄，人多车多，360在这个时候就很好用了，不过都是副驾的老爸在看，我还是喜欢看着车头的位置行车，听听雷达的滴滴滴。停车位也不是正常的车位目前还没试用过自动泊车￼ 还没敢自己开去上班，每天下了班回家开出去晃荡晃荡，周末带着爸妈出去周边逛逛。 接下来就是买买买的日子￼金色飞贼买车前就一直在关注，车到了迅速下手，到手感觉很大，上车一放还是很搭的，香味也是不错的！ 还是不喜欢用车载的导航，搞了个手机架用的手机里的导航，看着有点卡屏幕……,2022-08-01,南京
叮叮车来啦a,外观：见仁见智，我个人对小白蛙的造型非常喜欢，有种独一无二的酷盖气质。 空间：01Phev 空间很大，后排座椅放倒后睡两个人毫无压力！ 续航：杭州实测纯电续航夏天80公里，冬天50公里，在纯电车型里这个续航算是中等水平。 配置：我购买的是全新领克01Phev全球版，只有一个配置，也不用纠结高低配了，缺点是没有四驱，冬天开雪地的时候没有防滑链容易打滑。 智能化：智能助手平时也就导航会用到，我个人不太怎么依赖车机的智能，所以我觉得很够用。 驾驶感受：强推领航辅助，跑高速太好用了，等于有人帮你看路踩油门，不用神经一直紧绷，特别好用！ 用车成本：如果自己有充电桩那么基本可以当成纯电开，出远门也没有历程焦虑。总之我对领克01Phev非常满意！,2022-04-18,杭州
DoraYLL,第一，车子空间 足够大！我们一家4大1小，空间真的太宽敞了，当时装了婴儿座椅后也很宽，现在娃娃大了坐在车中间也很省心！而且后备箱也非常能装！ 第二，车子的油耗巨省！就如我前面提到的一样，由于我们日常出行的需要，我们就需要一辆既能市区省油跑也能高速省心跑的车，这就太符合我们的心意了！有时一个月跑下来，油耗都可以保持在3.6左右，对于这么大的车来说，你们觉得不够香吗？！ 第三，外观真的是帅气十足！喜欢仪表盘主设计，喜欢赛车翻毛座椅，喜欢中控区域，整体车身流线型也很时尚，俩蛤蟆灯极具辨识度，喜欢的真的很喜欢！ 第四，车内配置，就拿中控来说，逊色太多，高德地图版本还是很老的6.1，连红绿灯倒数秒数都没有，其次就是娱乐功能比较少，其他都还可以，尤其是燕飞力士的音响，听音乐完全够用,2023-10-28,海口
恭恭阿么,二手入的 但这里没有这个选项 外观：颜值即正义 内饰：只能跟我开过的车型对比，没有比这更好 配置：买的已经是顶配了，还能要求啥 驾驶感受：这个价位来说已经很不错了，还要啥自行车 空间：这点对我来说还是差了点，毕竟是家庭用车，本来考虑gs8的一个有空间，这个有性能，所以… 智能化：这个没啥感受，感觉也就那样 续航：我是没条件装充电桩，基本都是加油跑，现在为止跑了4000公里7个油 可靠性：上个月趴窝了，拖走了。检查结果空调压缩机和启动器坏了，还好没过4年10万公里保修，但修了5万多快6万😂，现在就怕再来一次。这个可靠性就有待斟酌了 用车成本：油耗不算高，但就怕修车修不起。现在还想问问车友们这车故障多不多，还能不能留，毕竟过了这个月就脱保了 车子没平常的照片，只有故障那天拍的，将就着看吧,2023-06-07,广州
妹妹的光头巴巴,整体满意， 【空间表现】 整体够用的水平，后排中间的凸起让后排中间的座位是不舒服的。 【续航】 续航如果没有充电，满油的情况下跑550到600公里。 【智能化】 这个车的智能化就不要有什么期待了，不过新款的话好很多 【驾驶感受】 开起来很舒服，个人感觉动力足够 【油耗】 基本上是纯油在开，油耗7.5吧！ 【销售态度】 领克的销售跟隔壁福特4S比，差的太远了。我提前四天预约试驾09，等我到店还要去找销售安排。过去之前没有一个人跟我联系，试驾完了然后就是完了。,2022-02-18,广州
KiLoYo,"优点（我认为的）
1. 车子外观独特，属于越看越好看的类型；
2. 驾驶感受非常不错，给人足够的掌控感，城市道路加速、紧急变道响应很及时（动力模式下）；
3. 配置相对丰富，自适应巡航、前排电动座椅、座椅加热都是挺好用的功能（不过现在大部分车都有了）；

缺点（我认为的）：
1. 车机极其难用：启动要几分钟，也就是你开出去两条街了，导航、音乐才能出现。蓝牙模式每次都需要手动点击切换，可这时候你已经在开车了，无语。车载应用基本没用，长久不更新，也不支持预装。
2. 信号特别差，尤其上行数据，远程控制负一楼基本无用。单独买的车控钥匙在车内时，又无法提前启动空调，太弱智了；
3. 说是插混，但是续航里程比较少，而且混动逻辑奇怪，基本都是在用动力模式，目前4万公里油耗9；
4. 保养工时费用高，已经准备三方了；
5. 基本没有服务可言

还是很喜欢领克的设计语言和操控感的，但是的确不会再入领克了23333",2023-04-08,杭州
小脑斧Ehsaan,【空间表现】 针对后排座位，因为电池的问题所以凸起有一点大，但是四人坐的话没问题，可惜前排储物空间偏少，不过这个价位也算是很不错了。 【续航】 纯电续航的话，插电混动其实都不算很高，算中等水平吧，也没有虚标很多。 【智能化】 语音识别有点慢，也不算识别很快，领克的车机确实还是欠缺一点的，app偏少而且快捷键的兼容性也差了也一点，希望后面通过OTA能好一点。 【驾驶感受】 驾驶体验还是很不错的，无论是降噪还是异味方面，这个价位已经很完美了。 【油耗】 目前刚提车不到一个月，开了500+km，平均油耗3.2L，即使是纯电也会用到油的，感觉纯电模式如果深踩后发动机介入，发动机的声音就一直存在，需要重新切换模式才能恢复安静的纯电状态。 总的来讲很满足了，虽说是个三缸发动机，但是有电机的支撑也没有很明显，但是注意不要亏电开，低速还是有点抖的。,2022-01-19,深圳
乡村浪客,驾驶感受非常不错，车机功能偏少。导航有飘的情况，纯电续航少了点，空间够用。,,深圳
安弟很没劲,车机够烂，其他都还可以，外观满意，整体性能也都挺不错的，就是车机太烂，烂到令人发指,,上海
骨子里的主题,领克01phev开起来的感受很不错，不管是电还是油，平常就是一个人开，也没人坐车，很够用。拉酒，搬家都用过了。高速上提速真的是很跟脚。超车也没压力，方向指向性也很准。,,太原
电动邦,【最满意】 作为一台插电混动车型，基于CMA平台打造的领克01 PHEV在驾驶方面的表现给我留下了很好的第一印象。底盘在滤震方面的质感还是快速过弯时的操控感，领克01 PHEV将两者进行了很好的兼顾。 【驾驶感受】 在动力模式下，1.5T发动机+电机同时出力带来的加速感受明显优于同级别2.0T的燃油版车型。同时，领克01 PHEV的刹车也给人很强的信心，并且在刹车时还能通过动能回收为电池充电。 【乘坐体验】 在空间方面，领克01 PHEV和燃油版车型几乎没有区别。NUBUCK翻毛皮座椅细腻的触感，进一步提升了乘坐的舒适性。 【推荐车型】 领克01 PHEV目前共有两款车型，预算充足的情况下自然是推荐高配的Halo版车型，在配置方面绝对是物超所值。而新增的Plus版车型，不到20万的价格就可以落地，进一步降低了领克01 PHEV的价格门槛。,2021-12-08,
01Halo,外观：青蛙脸，喜欢的真心喜欢，不喜欢的也不停吐槽，个人觉得很满意的。 内饰：这个必须优秀，在车内看得到的地方都是软的，很有质感，还带氛围灯。 配置：同价格的合资品牌配置中上水平。 空间：176的个子在前排调好座椅头部有接近一拳空间，已经不错了，上车不会顶头是最大的优势，在看秦DMI和试驾同事的汉DM时进车第一件事情就是撞一下头，真心不爽。后排座椅不能调节，是唯一不是太好的点了，SUV后排能微调一下座椅就完美了。 操控：红绿灯时想变个道什么的，高速路上超个车也非常轻松。 动力：试了两天纯电行驶，动力响应说来就到，还真心安静。注意到一点，即使在纯电模式下，要加速时发动机还是会介入，这就是明明纯电行驶，同样也会有油耗；总结动力目前够用！ 舒适性：车内全运动座椅，包裹性非常好，驾驶席最好上车开通风！昨晚下班空调25度，没开通风，回到家背上通红，估计跟个人驾驶习惯有关，我一般是紧靠座椅。 总体感觉是我要的车，基本上人车合一，特别是60公里/小时转大弯时的那种座椅束敷性，太有感觉了。,2021-05-29,
车讯网,"新车由于取消了雾灯，因此在前后保险杠两侧的雾灯区域造型有较为明显的不同，车侧造型并没有明显变化，只不过新车的车身尺寸相比老款在车长和车宽方面略有增加。接下来我们去看看车内的变化。

车内的变化相比外观要更加明显，首先，在老款车型上被大量运用的镀铬装饰在新款车型的内饰中，几乎消失殆尽，这其实是一种是审美与时俱进的体现。空调出风口的造型变成了隐藏贯穿式设计，这样可以降低中控区域的厚重感，同时还可以增加车内的横向视觉宽度。

中控屏尺寸从原来的10.2英寸增大到了12.7英寸，并且屏幕与空调控制按钮以及多媒体控制按钮相分离，在屏幕下方增加了一个小小的home键，视觉感受更加清爽。电子挡把区域也进行了重新布局，相比老款空间利用率更高了。三幅式方向盘的造型没有改变，但是多功能控制按钮有所调整，将原来的按键＋摇杆的交互变成了仅按键交互的形式。全液晶仪表盘尺寸从老款的10.25英寸升级到了12.3英寸，同时UI也进行了大幅升级。

配置方面，新车将老款原来需要选装的电动行李厢、自动泊车以及燕飞利仕扬声器全部变成了标配，同时扬声器数量也从原来的8个升级到了10个，此外，还新增了type-c接口、前排隔音玻璃、空气净化功能，氛围灯也从原来的单色升级成了多色。座椅材质从原来的真皮升级成了真皮+翻毛皮混搭，新车的副驾座椅功能相比老款有所减少，取消了副驾的腰部支撑、座椅通风和副驾老板键，想必这也是上市一段时间后根据市场反馈做出的配置调整，把节省下来的成本用到更受消费者欢迎的配置上。",2021-07-06,
用户1445281755892,【空间表现】 外观真的是喜欢的喜欢的不行，不认可的也觉得不好这个看自己的感觉 【续航】 可能感觉低电量的时候掉的有点快，买混动不就是想在新能源和油车之间都占到便宜 【智能化】 领克的车机确实卡 【驾驶感受】 确实不错，舍得给油能明显感觉到发动机介入后的力度,2022-01-13,台州
车壹圈,我们试驾了2021款领克01 1.5TD PHEV Halo，新车与普通版领克01相比，外观部分除了轮毂造型和充电口饰板，几乎没有却别。因为这款车采用了插电混动的总成，纯电续航高达81公里，所以当电池有电时，就是纯电动车极致静谧感以及零延迟的动力响应。新车配有4+1种驾驶模式，分别是电动、混动、动力、经济以及保电模式，值得一说的是，动力模式下，这款车的零百加速可以达到7.6秒，算是搭载主流2.0T高功率发动机的紧凑级SUV的一流表现了。操控感受方面，因为这台车加装了电池组，所以车辆重心是更低的，因此激烈操控起来也会比普通版的领克01更加稳健。而且得益于电机的加入，整车的NVH表现比较越级，20万元级的紧凑级SUV很难有能与之匹敌的对手。,2021-11-30,
一筒酱骨,不知道怎么我就是喜欢这个塔姆造型，内饰也是酷酷的五彩斑斓的黑。配置那些足够用了，对新手很友好，不过驾驶辅助我还不敢用，我驾龄只有几百公里有些怕。乘坐空间还好，就是零零碎碎小东西没地方放，比如眼镜盒有些小我的眼睛放不进去。还好基本都是自己开，副驾随便堆东西。操控的话我也没开过什么车，但是感觉很容易开吧。动力和舒适性对于我来说也都是非常好。,2021-07-27,深圳
后厂村村帅,"3缸在馈电的情况下还是有些抖动，整体来说动力强劲，但是如果馈电情况下（长时间堵车），动力很肉，深踩油门会很吃力。

但是如果跑高速，动力非常充沛，尤其是跟同级别车相比，发动机+电机一起工作情况下推背感很强。

整体操控性上，既然是SUV，就不要谈太多操控了，肯定没有轿车和轿跑钢炮来的好",2021-06-20,成都
用户OO7,"【驾驶感受】
基本超车无压力，刚提车的时候对路面70%的车无压力，这两年都快了起来，略微有点慢了，但是动力随叫随到。

【油耗】
每天充电，油耗非常低，如果周末不去远地方浪，基本2个月加一次油，非常值了。

【购车经历】
因为摇不到蓝牌，当时在深圳没车开，就准备看混动，byd的车那时候设计真的是不太行，现在好多了，不过说实话也不是特别喜欢，这事萝卜白菜吧，也有很多人觉得领克是蛤蟆，哈哈哈。
18年车展和媳妇儿一下就看中了01，那时候还没有混动，就一边摇号一边等，最后买01混动的时候还是没摇到号，现在，2021年7月，依旧没有摇到号。。。

【保养】
目前正常保养，费用还行，升级过车机，换过一个模块，就是之前悬挂异响的那个，其他都正常。
最近换了工作，上班不能顺媳妇儿了，又订了个modelY，标续27.6，提车之后再认证吧。还是我的名字，媳妇儿继续摇号，希望今年能摇上，十分喜欢领克09啊，期待。。。😂😂😂",2021-07-12,深圳
肛疼新一,车机啊，不然就给个网易云或新版高德，实在没有好歹给个CarPlay啊……其他的倒还好,,深圳
互联网的吐槽者,内饰还是看着蛮好的，目前每天通勤距离为80公里左右，用电的话实际会还差一些，智能化不够，车机反映速度一般，可玩性不高。但是作为交通工具还说是很不错的,,上海
逍遥小镇,整体还行，外观喜欢，空间也基本够用，动力尚可，偶尔会感觉有一点点肉，7kw充电桩大概3小时充满，市区上下班开，续航一般，馈电油耗偏高,,杭州
老李读春秋,19款外观争议是比较大的，我是觉得还行，但是没有21款好看；舒适性上座椅还不错，但是底盘减震太差了；配置方面我是比较满意的，基本上该有的配置都有了；操控也不错，比较灵活；动力上，起步加速稍微有点慢，但是中后段加速还不错；空间是真的低于预期了，无论是车内空间还是后备箱空间都太小了，尤其是后备箱，太小了！；19款的01内饰只能说一般了，21款和05的内饰比较好看。,,
Uraddy45,"操控一流，底盘质感同价位天花板

动力不错，满电情况下动力模式差不多能进8s加速，原地怠速并充电的话能感受到抖动其余情况不抖。馈电油耗差不多6～7（每天上海早高峰）

可靠性的话中规中矩，小问题多。买来一年换过胎压传感器，发动机进气管， 天窗遮阳帘滑轨。底盘过减速带异响问题修过几次

总结：爱恨交加的车，希望厂家品控提升下",2022-05-09,上海
以晓见大w,因为一直没有摇到牌，phev有上牌政策，领克我身边朋友买了说不错就入了台。外观有欧洲车的调调，品质还行，我觉得性价比不错。到现在开的不多，大概8k公里，没啥毛病。我觉得这车比较符合我们年轻人的审美，不过我爸看过这车也觉得不错，没想到中国品牌现在的车造的这么时尚。他这个老司机也是没想到还有这样一个年轻的品牌。,2023-02-11,杭州
胡搞瞎搞哟,外观各有所爱，机械性能国产车里不错的，电力续航也就那样吧混绿牌用的，车机是个智障，手机APP操控不知道哪儿瓜娃子设计的！ 喜欢电动驱动的舒适，动力充电+低速缓行时最难受！,,贵阳
手机用户6658544692,开了这么久。说下这车的缺点吧。 空间确实小，外面看着很大一个但是搞不懂为什么里面这么小。（本人178。老婆和2孩子勉强能用）领克的车机不用我吐槽了吧？大家都知道。保养也挺贵的，小保养1k左右，1w公里。,2023-06-20,重庆
汽车网评,【最满意】 这台车整体来说给我的性价比还是不错的，还是一台油电混合车，而且价格还不会很贵，最主要的是买它还能够在广州市有块绿牌保证出行，再也不怕开着粤D整天算着开四停四的日子了，大大方便了上下班的出行，而且还能够省油费。 【乘坐体验】 之前听说过领克的车机会卡顿，不流畅的情况，还专门因为这个问题问了销售，销售说新款的车机都进行了升级，整体的流畅度会有提升，自己体验了一下果真如此。,,
外向小猫L2,提车十来天，驾驶了800多公里，总体来说感觉挺好的，唯一不怎么方便就是充电桩的问题，只支持慢充对于我们这种装不了充电桩的车主来说有点难受，只能当油车开，市区亏电状态下6-7个油，内饰和配置方面还是比较满意的，车机系统相对流畅，人生的第一台车感觉没有选错，推荐！,2022-10-19,成都
晓波二手车,"优点：尤其是动力油耗静音方面，内饰做工比较好。也许是没有真皮的原因，车内异味叫小可以接受。 缺点：暂时没有发现什么不满意的。 外观：外观霸气，大气，就外观这一点来说，选它是不会后悔的。 内饰：内饰希望在提高，在原来的良好的基础上更进一步。 空间：前排空间不错,尤其坐姿高,视野很好,做得也舒服,后排空间就一般了。 配置：并线辅助、车道偏离预警系统、车道保持辅助系统、主动刹车/主动安全系统等等。 动力：1.5T发动机、永磁同步发电机加上DCT变速箱，动力表现足够，满足我家用商用的需要。 越野：方向盘有点重，这车女生开可能时间长了会有点累，不过灵敏度很高。 油耗：目前还是磨合期，能耗就很低了，很满意。 舒适：在舒适性上还是比较不错的，再加上前后超有力的空调，在炎热的夏季驾驶室内还是很不错的。前排坐椅不顶脚，高度也还有很多空间，中排是整车最舒服的地方。",,
玩车报告,领克01 PHEV，领克旗下的一款插电混动车型。外观方面基本与01燃油版保持一致，分层式前脸、分体式前大灯组、能量晶体式尾灯等设计，都跟燃油版一样。值得一提的是，它的前车灯具备大灯高度调节、自动开闭、延时关闭等功能。车身侧面，该车采用了冷酷的线条，配235/50 R19的轮胎，造型比较抢眼。车尾看上去比较端庄，尾灯呈现出时尚运动的设计风格。 领克01 PHEV的车身尺寸是4549*1860*1689mm，定位为紧凑型SUV，车内乘坐空间和后备厢空间表现都中规中矩，不过支持后排座椅放倒，远行的话也可以满足出行的需求。 配置方面，它配备了并线辅助、交通标示识别、360度全景影像、倒车车侧预警、远程启动、12.3寸全液晶仪表、手机无线充电等多项配置，在同级里配置算是比较丰富的。 动力方面，领克01 PHEV搭载了一台1.5TD涡轮增压发动机，最大功率132kW（180Ps），最大扭矩265N·m，电机方面可以输出60kW（82Ps）的最大功率和160Nm的最大扭矩。油耗最低可以低至1.4L/100KM，这个就是混动车型的优势了。至于动力的话，也基本可以应对日常大部分用车场景。 综合来说，领克01 PHEV这款车在外观、配置、空间和续航表现方面都还行，不过如果你们有20多万的预算，会考虑这款车吗？,,
优视汽车,【最满意】领克01 PHEV Halo版本让我最满意的地方是配置表现真的非常高。像全套的主动安全系统、360度全景影像、全速自适应巡航、自动泊车入位、自动驻车、感应电动后备厢、真皮座椅、12.3英寸液晶仪表、手机无线充电、皮/翻毛材质混搭的座椅、前排座椅加热、记忆、主驾驶座椅通风、后排比例放倒、10喇叭的燕飞利仕音响、自适应远近光灯、后排隐私玻璃等功能这款车都是有的，所以喜欢配置高的朋友这款车真的不要错过。   另外，领克01 PHEV作为一款插电式混动车型，让人满意的地方还有舒适性。要知道，它不仅可以直接油电切换，还能够做到混动行驶，这点对于驾驶者来说是很合理的。大家想想，在电驱动车辆的时候，车子非常平稳，而且一点噪音都没有，这时你就可以给家人们营造一种更安静更舒适的车内氛围，那种贴心程度，真是纯燃油车所很难给到你的。还有就是纯电行驶的时候，也非常的省钱啊。要知道，电才多少钱一度，所以一般情况下除了跑高速，我都是用电在行驶，毕竟它的纯电续航可以达到81公里，满足一两天的城区里上下班行驶也完全是够的，这点也是我觉得可以选择领克01 PHEV的原因。   【空间】空间表现确实是很不错的，前排空间大视野好，座椅的包裹性支撑性也OK，坐着很舒适。后排空间满足家里三个人乘坐完全没有问题，腿部和头部空间也都是很充裕的。再就是后备厢开口很大，而且内部空间平整，加上后排座椅也支持比例放倒，所以日常使用很够用。   【驾驶感受】领克01 PHEV Halo版的动力很足，起步加速都没什么问题，跑高速也不会出现乏力的情况。插电式混动的油电衔接非常不错，日常开根本察觉不到油电之间的切换，动力很顺畅，开起来的体验感很不错。操控的话，PHEV版的领克01是一台开着比较舒适的车型，底盘调校也挺照顾日常舒适性。方向盘比较轻，没什么厚重感。油门的表现不错，反应很积极也比较的线性。总之，领克01PHEV最大的优点就是开起来简单、好上手。   【油耗方面】油耗的话，综合油耗大约在6.2L/100km，只要不使用边跑边充，车子都比较的省油。纯电模式下，纯电耗大约在2.4Kw.h/100km，还是比较不错的，路况好的情况下，纯电续航确实可以达到80公里，这点领克真没有虚标。总之，领克01的PHEV版本还是比较值得入手的，有这预算的朋友不妨看看。,,
优视汽车,大概情况： 我们近期是对领克01插电混动版本车型做过一次试驾体验，试驾的车型正是2022款1.5TD PHEV PLUS。目前全系也就两款车型，这款为入门级，补贴后指导价格是19.77万元。   动力总成： 首先发动机部分整车是搭载了1.5T三缸涡轮增压发动机，发动机方面的最大马力是180匹，峰值扭矩为265N·m。另外整车还采用了一个前置单电机，电机部分最大马力是做到了82匹，最大扭矩为160N·m。   行驶质感： 整车的空载质备是来到了1885kg，不算轻了。不过得以与电机的加持，整车的加速表现还是比较畅快的。至于7速双离合变速箱部分换挡逻辑是比较清晰的，在需要急加速的时候其降挡反馈也是足够干脆的。另外我们实测下来整车的纯电续航里程是做到了68公里，基本上市达到了心理预期。   底盘素质： 整车是采用了前麦弗逊后多连杆结构类型的四轮独立悬挂，调校上其实跟领克01燃油版车型相差不大，在SUV当中算是比较强调支撑性的那种。而在时速30km/h的工况下去过一些细碎颠簸的时候也还是比较干脆的，没有明显余震传递到车内驾驶员的身上。   乘用空间： 这点其实一直是领克01或者领克01 PHEV车系的小槽点，整车的轴距是2734mm，这个账面数据在一众紧凑型SUV当中属于较突出的那种，但其车内空间利用率真的很一般。甚至近似于有些小型SUV的表现。不过身高172cm的体验者坐进车型还是能有着不错的空间体验，大家也可以做个参考。   推荐与否： 其实从价格层面来看领克01 PHEV入门级车型19.77万元的指导价格并不算低，况且还是三缸机加前置单电机的组合。因此笔者并不是很推荐大家去选择这款车型。,,
吴佩频道,尽管是具备51公里纯电续航里程的PHEV车型，但领克01 PHEV的车内空间并没有受到电池组的影响，行李箱空间并没有受到侵占，地板也没有被提升。内饰设计虽然并没有采用最新01系列最新的设计，但布局还是顺手好用，不过车机的反应速度还有提升空间。 在电机的加持下，01PHEV的加速响应更为直接，起步爽朗，油门非常灵敏，发动机在后期介入时也很难让人察觉，动力衔接非常流畅，变速箱换挡顿挫非常轻微。而在刹车过程当中，动能回收强度适中，并不会有很强烈的拖拽感，并不需要额外的适应时间。 车辆的悬架偏硬朗，有着十分不错的支撑性，方向盘的虚位不多，打方向时车头响应也快。,,
螺丝刀汽车,领克01 PHEV插电式混合动力版本，搭载由一台1.5T发动机与电动机组成的插电混合动力系统，电动机最大功率为60kW（82Ps），最大扭矩为160N·m，发动机最大功率为132kW（180Ps），最大扭矩为265N·m，纯电模式下续航里程81km，官方百公里综合油耗1.4L，在配置和油耗上都有不错的表现，对于预算充足、限牌限行城市的消费者来说，想要花20万左右买一台插电混动的SUV车型，那么这台领克01 PHEV确实是个不错的选择！,2020-12-05,
AL频道出品,既然是一台插电式混动车型，那就从动力部分开始聊这台领克01 PHEV吧。 纯电部分，17.7千瓦时的电池组，官方公布的NEDC续航里程为81公里。而根据我们的实测，全程地面加高架，十度出头的外界气温，在不开启空调的情况下，实际以纯电状态行驶了79公里之后发动机才介入到驱动过程，因而整体的续航保真率还是非常让人满意的。 领克01 PHEV的发动机部分是一台1.5T，匹配7速湿式双离合变速箱。在混动模式下，发动机的介入过程还是非常丝滑的，除非盯着仪表或是中控屏上的能量流，否则单靠体感是很难差距到HEV模式下纯电和发动机的交替过程。 中期改款的领克01 PHEV还对内饰进行了重新设计，当然与用户体验关联最为密切的，自然还是中控屏以及背后的车机系统。在使用双芯片之后，领克01 PHEV的车机已经非常顺滑，体验提升显著，同时功能性表现也较为全面。 领克01 PHEV的转向手感还是经典的领克风格，转向的力矩很轻，但车头的听话程度又非常高；前麦弗逊后多练是同级别常见的水准，而调校的功力依旧了得，质感丝毫不逊于合资品牌，甚至相比一些德系品牌的同级车型都有过之。 另外除了Halo版本，领克还加推了更入门的Plus版本，将价格拉低进了20万大关。所以如果对于驾驶辅助配置没有那么看重，那么22款的Plus车型性价比也非常突出。,,
汽车天涯,新款领克01的造型锋利了许多，并且在加入领克05的内饰之后质感和高级感都有了明显提升，这一点与燃油车型无异，但是，对于那些限牌、限行地区的用户来说，绿牌的领克01才是最好的选择。有了电机的加持，混动模式下的零百加速成绩能够达到7.3s，动力响应也很积极，基本上是随踩随有，纯电模式下的驾驶感受与电车无异，轻快且安静，而且布置于底盘的电池组进一步降低了车身重心，在提升车辆操控极限的同时也带来了更厚重的底盘质感。纯电81km的续航里程完全能够满足城市上班族一天的通勤，有充电桩的话还能省去不少油费，当然，它拥有强制保电功能，在馈电模式下的油耗也不高，基本上保持在6.5L/100km左右，以领克01这样的身材，能拥有这种水平的油耗确实让人意外。至于空间和配置方面向来是自主品牌的强项，这两点不用担心。,,
咸车,"【颜值仁者见仁】领克的车子颜值一直都是这样，喜欢的人很喜欢，不喜欢的人一眼也不要看。不过领克01 PHEV总体来说算是领克家族比较顺眼的一款了，分体式大灯的造型也是很特别，就是会导致车头特别厚，看起来像“鲶鱼”。尾灯个人觉得就很好看了，咨询过不少小伙伴都认为领克的尾灯很好看。

【内饰用料不错】领克01 PHEV在内饰用料上下足了功夫，中控区域以上部分使用的都是软性塑料材料，极大地提升了整车的档次。中控大屏画面设计简洁但功能很齐全，新款换装了8155芯片流畅性也得到了保证。

【空间中规中矩】领克01PHEV	的车长4549mm，车宽1860mm，车高1689mm、轴距2734mm，在同价位同级别的车型中，这个参数可以说中规中矩。车内空间较为规整，中间地板也没有明显的突起，整体的装载能力不错。

【驾驶感受】领克01 1.5TD PHEV Halo采用1.5T发动机，最大马力180Ps，最大扭矩265N·m，电机最大马力82Ps，最大扭矩160N·m。匹配7挡湿式双离合变速箱。动力充沛，足够满足日常的驾驶需求，通过手动换挡可以达到较快的转速攀升，相比什么双离合顿挫、脱档，这台车可以做到“指哪打哪”。

【安全配置比较丰富】领克01 PHEV的主/被动安全配置比较齐全，包括了防抱死制动(ABS)、制动力分配(EBD/CBC等)、儿童座椅接口、胎压监测、后驻车雷达等配置。其中，防抱死制动(ABS)保证附着力的同时还能够转向躲避障碍;制动力分配(EBD/CBC等)以提高日常行车中的安全性。

作为一款20万左右的紧凑级SUV，领克01 PHEV还是有许多惊艳之处的。作为家里唯一一辆汽车的话，领克01 PHEV不仅在经济性或者驾驶性方面都是是一个不错的选择。",,
买车家,领克的车就是很符合年轻人的审美，外观很时尚，而且和国内大多数车都有差异化，有自己独特的点在。特别是前脸进气格栅的设计，整个车的轮廓感和线条，都比较别致。内饰方面，首先用料很扎实，比较有质感，大面积软包裹覆盖，舒适度也不错。内部空间也不错，前后排比较宽敞舒适，还是真皮座椅，可没有通风功能。另外后备箱空间有点小，这点可能对长途旅行不太友好，没有过多载物需求倒是不影响。还有一点 内部空间的静谧性一般，特别是高速的时候胎噪有些明显。配置方面也是比较丰富的，超大屏幕，液晶仪表盘，小巧玲珑的电子档把把内饰的高级感营造得很不错。动力部分城市道路、高速都适应得不错，整车开起来也很稳当，能感受到扎实的底盘，通过性顺畅。方向盘也比较好操控，不轻不重，指向也很精准。比较满意的一点是油耗，整体使用下来，市区道路居多，也就6个油左右。总的来说，这款车比较满意的就是外观颜值和油耗方面，特别是外观，很有辨识度。而且听说领克的车在欧洲卖得不错，可以说领克的设计师具有全球化的审美意识。,,
汽车公社,在外观方面，领克01 PHEV采用了与汽油版一样的设计，分层式的前脸让它有着非常高的辨识度和回头率。车头采用了领克经典的分体式大灯设计，上半部分的灯组垂直布局在车头两侧，下半部分的灯组则与前进气格栅融为一体，增加了车头的横向视觉宽度。前包围采用极具动感的造型，整体设计层次感分明。所以我给他打满分！,,
HD说车,在外观方面延续领克颇具风格的家族式设计以外在细节处颇有些创新凸显其PHEV风格。在内饰方面，采用2个大屏幕的设计，在同级别中颇具设计感。在配置方面，顶配基本配齐，氛围灯，主副驾驶通风记忆功能等等一应俱全。 在驾驶感受方面，领克01 PHEV在驾驶感受方面颇为迅捷平顺且发动机与电动机的多种协同工作方式可以满足日常使用中的各种用车场景。 纯电模式下，电动机由电池供电，整体感受平滑流畅。混动状态下，变速器会自动选择合适的挡位，当车速达到一定区间时，可以进入“边走边充模式”。而当需要强动力时，发动机电动机可以一起驱动车轮。这三种模式的设计思路属于同级领先水平。,,
芒果日记录,对于那些限牌、限行地区的用户来说，新能源车型最好的选择。由于之前试驾了01的燃油车，这次又试驾了新能源车型，而且01新能源车型是上绿牌的。 【驾驶感受】 动力响应很积极，随踩随有，无论是混动还是纯电模式下的驾驶感受与电车无异，轻快且安静。 【乘坐体验】 为了全面体验车辆乘坐舒适性，副驾和后排都体验了一下，座椅舒适度还是很不错额，副驾驶是什么身材和身高乘坐都无影响，后排的会对身材有所要求了，当然这也是很多车辆都存在的问题哦。 对于外观和动力，觉得都还蛮不错的，这主要也是看每个人的审美和驾驶需求了,,
汽车鹏友,"【感受】基于中期改款领克01燃油版而来的衍生车型，所以我们挑重点直接进入主题。外观方面，领克01 EM-F在燃油版基础上做了一些特化设计。比如车漆配色，领克01 EM-F新增了暮云灰与拂晓蓝两种专属车漆，看起来确实有些与众不同。

【最满意】
不同于日系混动对手通过“蓝色光芒”来渲染环保氛围，领克01 EM-F似乎看起来比燃油版本都还要战斗。除了独特的车漆之外，新车还采用了运动造型的19英寸轮圈，跟对手有些“背道而驰”，不过相信年轻人会更喜欢这种风格。",2022-07-16,
车若初见,中期改款的领克01刚刚上市，在全部车系中只有一款插电混动版，01的设计见仁见智，看个人喜好和审美，插电混动车型最大的优势就是绿牌，在一些限牌限购城市，比如上海、杭州等会享受到补贴等红利政策，但北京的消费者要注意，北京，插电混动也要占指标，也会限行。01的内外设计和配置，尤其是安全配置是优点，但是鉴于这台发动机是三缸，所以会有人在意，我们的建议是与其纠结，不如放弃。这台车纯电行驶可达到81公里，当然，选择插电车，我们认为最好具备充电条件，这样才能最大发挥它的价值。,2020-12-04,
玩车教授,领克01 PHEV的推出丰富了领克01的车款，并且给有相应政策地区的消费者提供了新选择。从产品本身来讲，领克01 PHEV有着81km的纯电动续航，配备了博世i-Booster系统，燃油经济性有着很杰出的表现，同时还可以提供质感更出色的动力输出，底盘素质也继承了领克01的高水准，是一款有实力的插电混合动力SUV。,,
就想问还有谁啊,本周去4s店看了一下这款车，觉得各方面还不错 外观，外观方面运动感十足，很有个性；内饰高级两个大屏很吸引我；配置方面智能配置很全面，包括驾驶辅助、360度全景天窗；空间很大家用足够；操控试驾了下T5+四驱动力没得说，加速推背感很强，总的来说很和我胃口，准备和家人商量下提车,,
汽车网评,【最满意】 1）安全配置必须满分，有一次在小区里准备出小区，突然跑出来一只小狗，主动刹车功能很及时的刹停了。 2）对于新手来说停车还是有点困难的，这部车有倒车影像，所以还是轻松不少，auto hold也很实用，在红绿灯或者塞车的时候，解放右脚。 3）电池的续航51公里，平时上下班20公里足够了，晚上充电也很便宜。,,
一号汽车,领克01 PHEV在外观层面基本延续了燃油版的设计语言，但点阵式的中网设计，仍使得新车在质感层面提升颇多。内饰得益于更大的中控大屏，带来了更为简洁的车内视觉观感。动力方面，新车由一台三缸1.5T发动机搭配总功率为60千瓦的单电机，工信部纯电续航81公里，尽管续航里程一般，不过PHEV车型的最大优势仍在于油耗，它的工信部综合油耗仅为1.4L/100km。,2020-11-16,
驾享来电,新款领克01针对前脸大灯组、进气格栅、下包围等部位进行了细节调整，使其运动感更强。长宽高分别为4549/1860/1689mm，轴距为2734mm，能满足大部分家庭用户的用车需求。内饰配备12.3英寸液晶仪表以及12.7英寸中控大屏，科技感十足。动力方面，提供燃油版和插电式混合动力两种模式可选，消费者可以根据个人需求进行选择。,2020-11-23,
线外邦,"在需要绿牌的城市，领克01PHEV当然会是20万级别的备选之一。最新款领克01PHEV直接复刻了燃油版01上那些产品亮点，例如跟领克05一样的领克2.0代内饰设计、12.7英寸中央触控屏等等。这些东西，让它的静态方面可以得到高分，相比20万级别的大众等车型，更精致、更高级一点。

动力方面，作为插电混动车型，它可实现81km的纯电续航里程，综合续航里程可达800km。纯电状态下就基本可以满足大多数人一天上下班的日常通勤了。",,
丁ordan1,"杭州沪C国五车主，和媳妇摇号合起来有个百来次了。趁着政府补贴的机会，一咬牙一跺脚就打算置换了。之前的三年五万公里天籁确实是好车，要不是车牌真不想换。
看了比亚迪汉，新车上市价格超预算，而且内饰味道奇重无比。本来想试驾唐，销售不给安排，就直接来了领克。

也是机缘巧合，本来想拍了拍照买纯油01，当天试驾车维修了，试驾了01phev，看在拍照的面子上就定了。
老婆说了，圆一下我的SUV梦，感谢领导给予的大力支持！哈哈！
新车开了一千多公里了，实话实说，用惯了日系车，国产车确实还是有差距。尤其是人体工程学的设计。日系车的设计最好的地方就是你完全感受不到设计的影子，但是每个功能操作又很顺手。

1.外观

外观这种东西，见仁见智擦。我觉得领克01属于哪种不好看，不难看，但是还挺耐看的。灰色主要是耐脏，之前旧车事黑色，太容易脏了。

2.内饰

毕竟是国产车的营销团队，内饰这种东西那必须全部拉满。但是有几点问题确实经验不足，设计欠缺。
第一点，中控台设计偏向主驾驶位，但是副驾驶位腿部空间侵蚀严重，好的设计不是顾此失彼，而是要多方兼顾，个人认为这个问题这个也不难处理
第二点，档把区域的银色部分，简直就是指纹和划痕收集器。这种低级错误不应该啊
第三点，档把后的储物盒改版，虽然新款可以移动了，但是这滑轨，这质感，纯粹了为了应付差事啊。你既然都愿意改了，开卷考试不愿意翻书，无言以对！

3.驾乘

驾驶感受这种东西，见仁见智吧。底盘还是比较整的。可能是因为电池位置偏后的原因，感觉后排明显过减速带偏硬。动力还是那句老话，没有肉车，只有肉人。

4.细节方面

细节方面槽点还是比较多的。
第一，领克，拜托你们能不能换个雨刮器的供应商，这个供应商是哪位领导的亲戚么，刮不干净又很响。雨天等红绿灯时那个噪音，老感觉被人追尾了一样。刮不干净，去4S店，售后还说我的雨刮器没擦干净，拜托，我又不是第一次买车开车，净瞎忽悠
第二，4S店送的贴膜，贴膜师傅是真的糙。贴完弄得一片狼藉，也不擦擦干净。并且7天不能开窗的贴条，质量太差了，撕掉后胶遗留了一片，害得我擦了几天
第三，车门的开合角度。这个问题虽然没办法具体量化，但是总之开门的角度就是感觉很小，很奇怪。
第四，座椅！座椅！座椅！重要的事情说三遍，建议领克全系除了03+，统统取消赛车风格座椅。这座椅开长途简直是上刑。如果狠一个人，那就让他开领克01跑长途吧！哈哈
第五，车机系统。之前说了雨刮器的供应商是亲戚，那么车机系统的供应商估计就是兼职的吧。莫名其妙的报错，莫名其妙的失灵，莫名其妙的导航静音。

总而言之，言而总之，爱之深，责之切！
作为国产品牌的骄傲，我们也希望他越长越大，越长越美。但是所有的希望只是希望，但愿领克的相关人员可以看到我的吐槽，也希望领克越来越好吧！",2020-10-20,杭州
花瓶命运是等待,同级对比 | 其实一开始都不知道这个牌子，最早看的是BBA，偶然才看到停门口试驾的车，外观还不错，就看了看，感觉还不错，各种配置都挺高科技的，而且BBA要40-50万才有这种配置，而且是新能源的车，不需要摇号，就不再犹豫了。 购车总价 | 杭州22.98万裸车，落地价23万。 驾驶体验 | ACC自动巡航非常好用，高速和堵车简直是神器，红绿灯的时候会跟着前面的车慢慢刹停，刹车力度也合适，比老司机还稳。转向也很灵敏，底盘调校也很适中，非常舒服。 内饰 | 非常简洁，非常不错，个人不喜欢那种乱七八糟的各种按钮，中控就是一个玻璃板，非常漂亮，而且是向着驾驶员位置侧倾的。,2019-04-18,-
气质小流氓120,车子买了半年，开了两万多公里了，刚开始感觉动力各方面都不错，后面感觉换挡有点顿挫，经常会报一些莫须有的故障灯，升级车机系统就可以了。跑高速胎燥还是有点大的，打开音乐就好多了。买的顶配，后视镜加热，座椅通风，无线充电，胎压警报这些比较实用的功能都有。整个音箱还是可以的，很喜欢。,2020-03-22,杭州
麻辣鸡丝不太熟,同级对比 | 新能源牌照不限行，这是第一需求，毕竟通勤上下班不想有一天去挤地铁。对比下来领克物有所值，性价比很高，看了VV7，感觉没有这个好。 购车总价 | 四川成都落地价23万5，裸车价格22.98万。 故障吐槽 | 3缸发动机抖动太大了，低速的时候就像拖拉机一样，如果换成2.0T发动机，让我多花钱我也乐意。而且前后门的阻尼感也不一致，前门重，后门轻，不知道是我这车的毛病还是都这样。 驾驶体验 | 底盘很柔和，有泥洼土路也应付的过来，没有四驱，所以越野就不考虑了，过弯的支撑性很好，过一些减速带，也不会弹起来。,2019-04-17,-
