字段1_文本,字段2,字段3
梅州车友6493732,2023-09-19 首次发表,"
            
                
                    308km
                    
                    行驶里程
                
                
                
                
                
                    13.2kWh
                    春秋电耗
                
                
                
                
                
                
                    530公里
                    春秋续航
                
                
                
                

                
                
                    27.68万
                    裸车购买价
                
                
                    2023-09
                    购买时间
                
                
                    梅州
                    购买地点
                
            
            
    
        
            
        
        
            
        
        
            
        
        
            
        
        
            
        
        
            
        
    
    

    
        $(document).ready(function () {
            var koubeiid = 5156037;

        });

    


            
                最满意
                这车我研究了好久 ，但也得亏刚上市的时候没有买，等到优惠比较大的时候入手，在这家店买了两台车，一台纯油的卡罗拉，一台1.8双擎卡罗拉，感觉这车空间比较大，很喜欢的外观，和原来的车比起来各方面都有提升，达到了SUV 的水平。但是网上比较多人在黑他，说很多不好的，除了续航确实不咋地，其他真的很不错，所以个人觉得可以实际店里试驾一下比较客观。
            
            
                最不满意
                一开始是想着买长续航PRO的24.98这款的，店里面说优惠只针对现车销售。所以买的这款2768 加装智能泊车的。因为有职位补贴有旧车置换补贴，优惠下来19 真的很不错。后排的头部空间感觉比很多SUV的都大，最后说下个人感官：其实一丰品牌做了那么久的油车、混动双擎也是很久了，为啥第一辆电车的续航那么差，真的有点想不明白，这台车最大的弊端就真的是没有快充，所以家用车来说，出远门就真的不适合。
            

            

    空间
        
            
            
        
        5
    
    
    后排空间很大真的无嫌，乘坐感很舒服，隔音也不错。有后排出风口，上车感觉就很凉快了坐后面
    
    
    
    后排的位置很宽，很舒服。
    


    
    
    有出风口还是很不错，上车就凉快。
    


    






                

    驾驶感受
        
            
            
        
        5
    
    
    驾驶感还行，怎么说电车的转换还是比较平顺，标配L2级辅助驾驶，很实用，在市区开车很方便。
    
    
    
    
    


    






            

            




            

    续航
        
            
            
        
        3
    
    
    续航就是大家网上说的，真的很含蓄的续航，现在买都已经是秋季了不需要一直空调，但是南方这个天气，现在开的话，续航真的就只有450左右。但是我自己是家用车，一般都是上下班开这台车，买车有送充电桩，自己放在家里面 一晚上就可以充满。电池是质保10年20万公里后还有原来90%的为目标，这个也是电车里面电池部分质保时间算比较长的了。
    
    
    
    
    


    





            
            

    外观
        
            
            
        
        5
    
    
    有点雷克萨斯RZ的感觉，外观确实没话说，很漂亮，也是我喜欢的一款SUV
    
    





            

    内饰
        
            
            
        
        5
    
    
    内饰塑料感很强，布艺也感觉不耐脏。灰色的内饰，很不耐脏，但是这个显示屏就有点霸气，还是很喜欢的。
    
    





            

    性价比
        
            
            
        
        5
    
    
    目前优惠巨大，就按照我买车的优惠，我觉得这个价格买这样的车还能要求什么呢？哈哈哈，巨实惠。
    
    





            
                

    智能化
        
            
            
        
        5
    
    
    这个车机很一般，跟国产百度定制的，导航只能百度地图，音乐只能qq音乐，高配大屏用这些配置实在是浪费。但是相对比有车的智能化，那还是要为丰田点赞的，哈哈哈哈……
    
    




            

            



        "
失你失心3w,2023-02-25 首次发表,"
            
                
                    1152km
                    
                    行驶里程
                
                
                
                
                
                
                
                    18.3kWh
                    冬季电耗
                
                
                
                
                
                
                     360公里
                     冬季续航
                
                

                
                
                    25.48万
                    裸车购买价
                
                
                    2023-01
                    购买时间
                
                
                    滨州
                    购买地点
                
            
            
    
        
            
        
        
            
        
        
            
        
        
            
        
        
            
        
        
            
        
        
            
        
        
            
        
        
            
        
        
            
        
    
    

    
        $(document).ready(function () {
            var koubeiid = 4838639;

        });

    


            
                最满意
                这辆车的优点真的是挺多的，我都不知道从哪里开始说合适，因为这款车虽然上市的时间不太长，但是它的受众面还是非常广的，而且他所对应的定位也非常的明确，上班代步以及家用都非常的适合，所以它的空间方面的设计也比较的到位，既不像那种紧凑型的SUV那么的小巧，又不像那种大型的MPV那么的笨重，比较的刚刚好，之前开的那一辆小车就感觉空间太小了，平时放一些孩子的东西以及婴儿座椅就非常的局促，换了这辆车以后再放上孩子的儿童座椅，就感觉特别的宽松了，一家人出行也没有那么大的压力了，不用来回考虑怎么协调才能够一家人一起出去，另外就是它的一个配置也非常的全面，开车的时候也不用单纯的光考验技术了，所以这车换的还是挺好用的
            
            
                最不满意
                车内的味道还是稍微大了点，因为平时带孩子嘛，总是担心车内的味道太大，对孩子的健康不利，所以就买了以后放置了一段时间，才让孩子做的，不然总是内心比较忐忑，毕竟孩子的健康最重要，现在基本上没有什么味道了，散味还是很快的
            

            

    空间
        
            
            
        
        5
    
    
    当时买这车的时候就是奔着他的大空间去的，一家人一起出行也是毫无压力，而且放上孩子的东西也都非常的轻松，我们再也不用过那种挤挤巴巴的日子了，一家人出行随心情说走就走，而且也不用担心东西拿不完，后备箱放上孩子的一些玩具，以及平时需要用到的东西都非常的简单，所以这辆车基本上平时没有闲着过，都是满载或者半满载的情况
    
    






                

    驾驶感受
        
            
            
        
        5
    
    
    不得不说，这车开着感觉确实视野比较好，之前开的那一款小轿车总是感觉前面的盲区会比较大，但是这一款车开起来就觉得前面的视野非常的广阔，特别的舒服，而且开起来也没有那么大的压力，毕竟它的配置会比较全面，打开一些辅助功能的话就会让开车变得更加的轻松，另外就是它的动力也非常的强，每次踩电门的时候都会觉得有一股源源不断的动力冲上来，而且他的持续稳定发挥性还是挺好的，平时过一些烂路的时候也能够轻松的通过，对路况不太挑剔，平时充上一次电，也能够开上一段时间，还是非常轻松方便的，而且我们家附近就有充电桩，特别的简单
    
    
    
    
    


    
    
    
    


    
    
    
    


    






            

            




            

    续航
        
            
            
        
        5
    
    
    续航的能力还是非常的不错的，当然你要看和什么车去对比，因为同事也有在开新能源，我也问过他的一个续航能力，基本上差不多，而且他的开了有一段时间，所以比我的稍微逊色一点，但这也属于正常现象，这辆车目前的续航能力一直比较稳定，所以他在市区里的一个续航情况就是在350到370之间，还是挺靠谱的
    
    





            
            

    外观
        
            
            
        
        5
    
    
    时尚个性新颖，是我对它最直观的一个感受，因为这辆车从前脸看过去就非常的有活力，而且造型设计也比较的独特，从侧面看过去它的车身腰线就比较的动感，而且非常的有张力，车身线条也比较的硬朗，后尾灯的设计也非常的帅气，和轮毂的搭配也比较的和谐，所以我看到这辆车的时候就觉得比较的惊艳，很有冲击感，现在来看，这辆车确实是比较的不错，反正开在大街上，回头率还挺高的
    
    
    
    
    


    
    
    
    


    





            

    内饰
        
            
            
        
        4
    
    
    做工挺好，而且缝线的处理也都比较的细致，基本上没有什么线头里面的用料也都非常的舒服，但是因为是新车的原因，所以里面的味道还是有点大的，而且我用了一些碳包，还去店里，让人家给做了雾化杀菌，进行了多方面的一个除味之后，现在这段时间是基本上没有什么味道了，孩子坐进去也更加的放心了一些
    
    
    
    
    


    
    
    
    


    





            

    性价比
        
            
            
        
        5
    
    
    这车的空间是非常的大的，而且外观也非常的帅，反正这两点是我比较看重的，我觉得从这两点来出发的话，性价比是非常合适的，不过从它的内饰的味道来讲的话，还是稍微欠缺了一点点，每个人所注重的点都不一样，还是根据自己的情况来，性价比综合来讲是挺不错的，毕竟这车的质量还是非常信得过的，而且保值率也还好
    
    





            
                

    智能化
        
            
            
        
        5
    
    
    配置很全面，因为家里有孩子，所以就想着选一辆配置全面的一点的车，这样对家人也更加的有保障，而且自己开起来也会更加的省心一些，虽然很多人说不会完全把自己的身家性命交给这些配置，但是有了会更加的好一些，起码能够多一重保障，心里也更加的放心
    
    




            

            



        "
宝宝霜儿,2023-02-20 首次发表,"
            
                
                    1400km
                    
                    行驶里程
                
                
                
                
                
                
                
                    13.5kWh
                    冬季电耗
                
                
                
                
                
                
                     500公里
                     冬季续航
                
                

                
                
                    25.38万
                    裸车购买价
                
                
                    2023-01
                    购买时间
                
                
                    福州
                    购买地点
                
            
            
    
        
            
        
        
            
        
        
            
        
    
    

    
        $(document).ready(function () {
            var koubeiid = 4828399;

        });

    


            
                最满意
                之前我就有心思想换纯电的座驾了，在市区里面开车还是电耗的比较省，从造型生命看，bz4x的颜值很在线了，主要原因还是它的价格比较合适，落地25万不到，比较符合我这个阶段工薪阶层使用的标准吧，店里的优惠力度还可以，可选性比较高，选择赠送的充电桩，自己家安装方便充电，我大概核算了一下，每公里的费用是1毛，比燃油车子可省心多了。而且这车子的造型很好看，正脸的辨识度很高，腰身的线条也尤为流畅优雅，气质上面拿捏的很到位，一次充电能有大概500公里，这车子很适合在城区里面代步使用，省心。
            
            
                最不满意
                虽然他采用的都是独立悬架，但是我依然感觉走一些不好路况的时候，减震并没有完全达到我的预期，舒适性并不是很好，不过要是注意行驶速度，好好看路面情况的话，这个问题就可以忽视算了，毕竟城区里面大部分都是油柏路的。
            

            

    空间
        
            
            
        
        5
    
    
    这车子是中级的座驾，所以在空间布局上面看，它的使用率还是可以的，平时就我女朋友开的多，所以完全够用，我看车子里面的储物格子也设计的不少，收纳功能很棒，后备箱的容积也可以，放一些稍微大点的物品也没有压力。
    
    






                

    驾驶感受
        
            
            
        
        5
    
    
    车子的电子辅助还可以，方向盘的操控手感容易找，有各种预警提示，哪怕是新手小白那样的司机也是能开的，这样我女朋友出门我就也踏实了，因为背负着大电池，所以感觉它的稳定性还很好呢，刹车不会有什么顿挫。
    
    
        起步/加速动力
        电动车的优点，它的起步比燃油车子更快，电门稍微点到就能有很好的反馈信号，我感觉这行动力比燃油车子都快呢，高速上面也凑合，毕竟我去的比较少，主要还是适合在市区里面开，走走停停很随意。
        
        
    






            

            




            

    续航
        
            
            
        
        5
    
    
    我开车油门都是比较温柔的，电耗表的显示也就是13.5kwh的样子吧，然后我女朋友开车手感并不是多稳，但是充电一次也能用七天呢，而且店里的赠品有个充电桩，还是自己家安装了比较踏实，晚上不用车了就直接续航，白天不耽误事。
    
    





            
            

    外观
        
            
            
        
        5
    
    
    
        

        0% buffered00:00播放暂停00:00/00:16倍速2x1.5x1.25x1x0.75x0.5x高清高清全屏切换50%75%100%满屏00:00汽车之家视频播放器  之家首页  复制链接  版本号 : 2.5.32

  
    
      
        
        
          
        
        
          
        
        
      
    
  


    
    

    颜值方面表现的很在线了，它的漆面很光滑，看着有不错的动感元素，尤其是前面的设计，大灯很犀利，自己的标识也很个性清晰，总之是一款开出去有气质的车子。
    
    





            

    内饰
        
            
            
        
        4
    
    
    
        

        0% buffered00:00播放暂停00:00/00:25倍速2x1.5x1.25x1x0.75x0.5x高清高清全屏切换50%75%100%满屏00:00汽车之家视频播放器  之家首页  复制链接  版本号 : 2.5.32

  
    
      
        
        
          
        
        
          
        
        
      
    
  


    
    

    内饰里面的设计比较规矩，我之前感觉简单了不好，但是女朋友说就应是这样的，自己才能有机会稍微布置一下，不花哨就是美。
    
    





            

    性价比
        
            
            
        
        5
    
    
    新能源车型是比汽油车贵一点，但是后期用车一样可以省下来，最首要有一块绿牌，很适合在市区里面通勤开，环保又节能。
    
    





            
                

    智能化
        
            
            
        
        5
    
    
    车上的驾驶辅助功能高，刹车辅助，车身稳定控制，车道偏离预警系统，前后驻车雷达，360度全景影像，还有全速自适应巡航，驾驶使用轻松，操作简单，开着感受挺好的。
    
    




            

            



        "
小家libra,2023-02-20 首次发表,"
            
                
                    3100km
                    
                    行驶里程
                
                
                
                
                
                
                
                    13.6kWh
                    冬季电耗
                
                
                
                
                
                
                     500公里
                     冬季续航
                
                

                
                
                    26.28万
                    裸车购买价
                
                
                    2022-12
                    购买时间
                
                
                    惠州
                    购买地点
                
            
            
    
        
            
        
        
            
        
        
            
        
        
            
        
        
            
        
        
            
        
        
            
        
        
            
        
    
    

    
        $(document).ready(function () {
            var koubeiid = 4827532;

        });

    


            
                最满意
                主要还是出自于对丰田这个品牌的认可和信赖，目前用车我比较喜欢bz4x的操控手感，感觉开起来特别的有高级感，方向盘转动手感很舒适，一点也不会感觉吃力。加速踏板以及刹车踏板使用起来也不会产生任何的卡顿，踩下去以后获得的反馈比较不错。
            
            
                最不满意
                我感觉它的车漆工艺比较普通，或者说它的车漆稍微有些薄。因为我从去年12月份月提车到目前为止跑了才3000多公里，虽然偶尔也跑跑国道和省道，但是车身上已经出现了个别细小的斑点及划痕。另外，新车刚刚提回家以后，我发现车里面会稍微有一些内饰味。
            

            

    空间
        
            
            
        
        5
    
    
    它的内部空间说实话对于日常的家用以及代步来说是完全够用的，平时偶尔开着它出去自驾游感觉也都能够轻松胜任。坐满人以后内部不会觉得太拥挤，行李厢感觉也够用，可以拉很多东西。
    
    






                

    驾驶感受
        
            
            
        
        5
    
    
    它的座椅设计得比较舒适，感觉靠在上面贴合度比较高。减震表现得也比较不错，在经过一些凹凸不平的路面时车内不算颠簸。车上的一些功能和配置感觉都挺完善的，一些按钮使用起来手感也都比较不错，单说它的这个方向盘就不简单，握感相当的舒适。转动起来感觉力道也刚好适中。加速踏板踩踏起来感觉也比较线性，加速感来得比较及时。它的动力表现我认为还是比较不错的，提速的效果挺明显的，每次开着它超车都感觉信心比较足，哪怕对向车道有来车，只要是车距够的话，也都能够从容应对。开着它爬坡感觉也挺轻松的，不会有太沉重的感觉。
    
    






            

            




            

    续航
        
            
            
        
        5
    
    
    bz4x的电耗总体来说是不高的，百公里消耗差不多13.6千瓦时的样子，算了一下差不多折合每公里大概就是一毛钱，这样的出行成本绝大多数家庭是能够承担得起的。而且充电也比较方便，现在充电桩数量也比较充足。
    
    





            
            

    外观
        
            
            
        
        5
    
    
    bz4x前脸的设计看起来比较简约时尚，尾部贯穿式的尾灯造型设计也很有型。轮毂看上去非常的有现代感，造型看起来酷酷的。车门上的造型比较立体，看起来极具速度感。
    
    





            

    内饰
        
            
            
        
        4
    
    
    内饰和外观相比就差一点，中控屏幕倒没有什么吐槽的地方，但是仪表盘距离驾驶者眼睛有一点距离，而且面积很小，显示的字体都不大。
    
    





            

    性价比
        
            
            
        
        5
    
    
    bz4x的价格通过对比来说是不算高的，而且配置又称得上是诚意满满，该有的配置基本都有了。提车的时候店里面的工作人员服务也都挺不错的，还帮助我申请了好多赠品。
    
    





            
                

    智能化
        
            
            
        
        5
    
    
    它配备了上坡辅助陡坡缓降、自动驻车和360度全景影像功能，开起来比较顺手。
    
    




            

            



        "
你爱那座山么朋友,2023-01-23 首次发表,"
            
                
                    1870km
                    
                    行驶里程
                
                
                
                
                
                
                
                    16.2kWh
                    冬季电耗
                
                
                
                
                
                
                     360公里
                     冬季续航
                
                

                
                
                    26.88万
                    裸车购买价
                
                
                    2022-11
                    购买时间
                
                
                    齐齐哈尔
                    购买地点
                
            
            
    
        
            
        
        
            
        
        
            
        
        
            
        
    
    

    
        $(document).ready(function () {
            var koubeiid = 4790038;

        });

    


            
                最满意
                这台车我最满意的地方就是买了一台四驱的车型，我之前也有看过这台车的两驱版本，但是考虑到东北这冬天有的时候下雪，路上会结冰，要是两驱的车的话，碰上路面结冰了我是真不敢开，太打滑了，我一看见踩刹车的时候，那ESP的灯一闪一闪的我就害怕，考虑到这些我就选择了一台四驱的车型，确实能派上用场，就我提车的第三天，我们这边就下雪了，那家伙，一出门那大雪花子呼呼的，我开车的时候虽然偶尔也会有些打滑，但是开着确实要比两驱的踏实多了。
            
            
                最不满意
                中控台的烤漆装饰太不耐脏了，要是过了五六天不管，不擦的话就会落灰，而且特别的明显，用手一摸都有一小层，而且用手摸了以后全都是指纹，后来太膈应人了，我就去贴了层膜才好些。还有就是音响，我感觉听着音质没有那么的好，给我的感觉就是很一般而且音响的数量也不多，车里就有六个音响，前边四个后边两个，要是坐在后边听音乐的话，感觉就是跟大喇叭放的也似的，几乎是没有什么舒适感。
            

            

    空间
        
            
            
        
        4
    
    
    后备箱的空间贼拉大，过年我买了一只羊放车里，横着放的话都能放的开，SUV的纵向空间就别说了，看这横向空间，同样也不小，一般的话是没什么放不开的。我看好多的电动车都有前备箱，不知道为啥我的车柳没有，哎呀，反正用的时候也不多，后备箱里的空间也挺大，也没啥可说的。要是论乘坐空间的话，就很好说，前边空间大，后边空间小。坐人的话也够用。就是音响的音质不是很棒，尤其是后排。
    
    
    
    我朋友的迈腾比这个大。
    


    






                

    驾驶感受
        
            
            
        
        5
    
    
    那我最喜欢的就是这四驱车，能给我很大的安全感，尤其是下雪的时候，拐弯的时候指向性非常棒，因为是四驱，车也不会侧滑。而且通过性都非常不错，有个小水坑什么的，就踩着油门很轻松就能过去，轮胎都不带打滑的。这台车还有雪地模式，要是下雪的时候我就会打开这个模式，开着感觉就是和eco模式不一样，刹车的时候形成稍微有一个缓冲。还是有一些作用的。
    
    






            

            




            

    续航
        
            
            
        
        5
    
    
    emmmm，要是说续航的话，我是可以接受的，电动车续航多少有点打折我觉得这还是非常正常的，我最多最多的一次是跑了360公里，还剩下30公里的续航，当时感觉很牛逼了，要是胆子再大一点没准就破400公里了，但是我胆小，生怕趴窝了，我就去充电了。一般的时候跑三百三四十公里是常有的事，出行的问题是解决了。当然买之前也是做了一些功课的，身边有几个开电车的，比亚迪特斯拉什么的，知道这个续航打折比较厉害，基本要5折6折这样，不过也就这一个月最严重，过了正月十五就好了，坚持就是胜利。
    
    





            
            

    外观
        
            
            
        
        5
    
    
    外观头灯和尾灯设计的非常漂亮，而且非常有感觉。孤独是关上灯，与发光的灵魂为伴，就感觉这台车就是我的一个老伙计，不管是我高兴的时候，还是我难过的时候，都有他陪我在身边。现在有好多女同事也都夸我的车特别漂亮，感觉我的脸上就特别有光。
    
    





            

    内饰
        
            
            
        
        4
    
    
    车里的话还是挺简单的，设计风格我也比较喜欢，尤其是仪表台的设计，我要是开车的时候，都不用低头去看仪表，就拿余光往下一扫，就能看见车的行驶状态，看着非常方便。方向盘是真皮的，摸着非常舒服，就是手有油（油腻大叔脸和头发都是油）以后会稍微有点滑。中控台不是很耐脏，就拿手摸两下就会留下指纹，拿卫生纸擦的话还擦不掉，只能拿湿巾擦，然后再拿卫生纸擦，感觉打扫起来的话，不是那么的方便。
    
    
    
    还是和bba有着不小的差距啊
    


    
    
    
    


    
    
    
    


    





            

    性价比
        
            
            
        
        5
    
    
    虽然说买车的时候没有优惠，但是4s店玻璃贴膜，全车脚垫，还有好多小礼品。而且服务的态度都非常棒，提车的时候还送我一大捧花，没想到第一次收到花居然是4s店给的~
    
    





            
                

    智能化
        
            
            
        
        5
    
    
    我觉得一般的智能辅助驾驶就够我用了，更高阶的我就没有选装，自适应远航在市区里的话用的比较少，有的时候经常会自动断开，等到了外观或者是上了高速以后，速度上来了车能跑开了，我再打开ACC自适应巡航，诶，那可就得的多了，就两只手爪子握着方向盘，脚丫子放在休息区，看着点前边的车，基本上就没我啥屁事了，又轻松又自在的，前边的车要是突然加速，车还会以我一开始设定的速度跑，要是前边又有车就会和前边的车的速度差不多，而且保持距离，这配置比一般的定速巡航好用多了。
    
    
    
    
    


    
    
    智能性一般般，
    


    
    
    这个操控按键还是挺特别的。
    


    




            

            



        "
月亮不亮拉7,2023-01-23 首次发表,"
            
                
                    2660km
                    
                    行驶里程
                
                
                
                
                
                
                
                    19.4kWh
                    冬季电耗
                
                
                
                
                
                
                     270公里
                     冬季续航
                
                

                
                
                    26.88万
                    裸车购买价
                
                
                    2022-11
                    购买时间
                
                
                    绥化
                    购买地点
                
            
            
    
        
            
        
        
            
        
        
            
        
    
    

    
        $(document).ready(function () {
            var koubeiid = 4790024;

        });

    


            
                最满意
                在之前选车的时候，有一些朋友建议我拿20多万去买一个bba的入门级车型，奥迪Q2，宝马X1，奔驰GLA，但是我感觉没有必要花那么多钱去为了买一个标而撑场面。我买车又不是为了买一个标，就是想让家里人今后的出行更方便一些，只要空间稍微大点儿，用起来省一点儿，配置够用，其它什么乱七八糟的也就不追求了。我看了好多车，也还是觉得电动车的性价比比较高，但是看比亚迪，特斯拉的保值率都不是那么高，虽然说丰田的电动车保值率也不是很高，但是相对来说要高那么一丢丢。bz4x对我来说是一个很合适的选择，SUV的车型，空间对我我们来说也够了，充电的钱也不会用多少，最满意的也就是性价比对我来说很好。
            
            
                最不满意
                现在这大东北的冬天太冷了，续航实在是有点打不住，平时正常开的话也就不到300公里，要是开的猛的话，更不好说。还有就是内饰的做工有点粗糙，许多面板都是用的布的，要是在塑料和织物两者之间做选择，我还是比较偏向塑料的，织物的面板装饰摸上去太喇手了，而且还不上档次，还不如塑料的呢。
            

            

    空间
        
            
            
        
        5
    
    
    空间的话，对于我们一家子来说那是完全够用，首先就是前排空间非常大，因为一般都是前排坐人的情况比较多，我和我婆身高都不算太高，我身高是174，老婆身高168，坐车里感觉空间还是比较不错的，感觉要是坐一个180的人也不为过，前排空间表现不错。后排乘坐的概率会稍微小一些，而且坐的一般也都是两个孩子，目前还在上小学，对于他们两个来说，也是特别富余，要是说坐两个成年人的话也是可以，但是要是坐三个成年人的话，中间的人就会感觉稍微有一些挤，而且中间的腿部空间比较小，坐着不是很舒服，不过我买的车基本上也没什么人坐后边。
    
    
    
    一家三口充足
    


    






                

    驾驶感受
        
            
            
        
        5
    
    
    我开起来的话，感觉并不像是一台电动的车型，更像是接近燃油车。但是又不能说完全一样。相同的部分是在等速度提起来之后，车内的感觉是差不多的，能够保证持续的动力输出，而且动力也非常足够。不同点，就是刚起步的时候bz4x非常顺畅，而且没有一点的抖动和顿挫，之前我开的朗逸在换挡的时候都非常有顿挫的感觉，尤其是在市区里，红灯多一起步，总是一顿一顿的，可难受了，现在开着电动车，基本上没有什么顿挫的感觉。
    
    






            

            




            

    续航
        
            
            
        
        4
    
    
    续航的话，在我们这边有点打不住，打折打的有点狠了，平时在市区开的话，续航基本上可以维持在300km，要是跑高速的话，续航也就是260左右，而且现在高速上要想充电还得排队，那昨晚也是气温最低的一晚，就像现在这会温度还零下27度呢，今早楼下好多车都打不着火了，我的电车今天的电池续航将会达到一个最低值，明天开始陆续升温了。
    
    





            
            

    外观
        
            
            
        
        5
    
    
    外观的话还是比较走年轻风格的，设计的还是比较好看，前灯和尾灯的设计还有点儿相呼应的意思，要是让我仔细描述的话，还有点不太会说。反正就是觉得漂亮。
    
    
    
    
    


    
    
    
    


    





            

    内饰
        
            
            
        
        4
    
    
    我感觉内饰就是织物的装饰把档次拉下来了，看着中控和仪表的设计都非常不错，非常有运动风格，但是织物我就是咋看咋不上档次，中控台有一部分是织物的，座椅是皮的，不过坐上去的感觉还是挺可以的，原车有加热冬天坐上去没有那么凉。
    
    
    
    
    


    
    
    
    


    
    
    
    


    





            

    性价比
        
            
            
        
        5
    
    
    不管怎么说，我个人还是挺喜欢这台车的，因为家里之前也没有一台像模像样的车，这台车当然就算是家里的第一台车，之前老婆上班都是骑电动车上下班，而且后边儿还载着孩子，看着实在是心疼。但是现在有车了，送老婆上班儿，孩子上学什么的都方便，反正冬天吹不着，夏天雨淋不着，这就足够了呗。充电的话也方便，我也装了充电桩。车的质量的话也有保证，售后的服务态度挺不错的。
    
    





            
                

    智能化
        
            
            
        
        5
    
    
    之前老爸的那台车里满满算最智能的东西，也就那台破收音机了，现在看我买的这车有智能语音控制，大屏幕，多种驾驶模式可以选择。不过我还是最喜欢语音控制，开车的时候我总是手忙脚乱的，有个语音控制确实能解决我不少开车时候的问题。
    
    
    
    原车的无线充电用着还是比较踏实。
    


    




            

            



        "
konhui,2023-03-25 首次发表,"
            
                
                    1100km
                    
                    行驶里程
                
                
                
                
                
                    14.0kWh
                    春秋电耗
                
                
                
                
                
                
                    515公里
                    春秋续航
                
                
                
                

                
                
                    21.00万
                    裸车购买价
                
                
                    2023-03
                    购买时间
                
                
                    衢州
                    购买地点
                
            
            
    
    

    
        $(document).ready(function () {
            var koubeiid = 4878970;

        });

    


            
                最满意
                这车我研究了三个多月了 ，最后用我原来开的RAV4双引擎置换的这车，感觉这车是最像油车的电车，和原来的车比起来各方面都有提升，达到了汉兰达的水平。我也不知道为什么网上会被黑成这样。我觉得还是实际去看看 试驾一下比较客观。
            
            
                最不满意
                本来打算买灰色24.98这款的 无奈没有现车。只有26.88 加装智能泊车的，墨青蓝。看在优惠比较大的份上就买了。但是后来发现这个颜色实际看起来比在展厅好看。后排的头部空间没有有RAV4大，最后我说一对丰田电车的个人看法，很多人感觉丰田油车 混动厉害，造电车不行，我觉得 国内的阿猫阿狗都可以造电车而且还这么多人买 ，丰田作为汽车界的老大会不如他们？
            

            

    空间
        
            
            
        
        5
    
    
    后排空间很大，乘坐非常舒适，隔音也不错。。
    
    






                

    驾驶感受
        
            
            
        
        5
    
    
    几乎不需要适应，非常像油车，底盘非常扎实，驾驶感受非常丝滑，没有任何顿挫，很有高级感，
    
    
    
    加6万多换新车，此车四驱款是用斯巴鲁的技术脱困能力还行，毛豆外四驱还要再加8万。
    


    






            

            




            

    续航
        
            
            
        
        5
    
    
    开几个公里表显就是掉几个公里，表显非常实在。我自己有家用充电桩 一晚上可以充满，而且电池是质保10年20万公里后还有原来90%的为目标，是目前电车里面电池部分质保时间最长的
    
    
    
    
    


    
    
    
    


    





            
            

    外观
        
            
            
        
        5
    
    
    有点雷克萨斯的感觉。喜欢。。。。。 丰田一贯的风格
    
    
    
    
    


    





            

    内饰
        
            
            
        
        5
    
    
    中控台样式新颖、内饰用料做工高档，车机不错。
    
    
    
    
    


    





            

    性价比
        
            
            
        
        5
    
    
    目前优惠巨大，性价比非常高，这个价格还能要求什么呢？
    
    





            
                

    智能化
        
            
            
        
        4
    
    
    和以前丰田的车机比起来已经好很多了，当然和某斯拉是没法比的
    
    




            

            



        "
EmptyCity111,2023-05-03 首次发表,"
            
                
                    2308km
                    
                    行驶里程
                
                
                
                
                
                    18.5kWh
                    春秋电耗
                
                
                
                
                
                
                    370公里
                    春秋续航
                
                
                
                

                
                
                    16.10万
                    裸车购买价
                
                
                    2023-04
                    购买时间
                
                
                    包头
                    购买地点
                
            
            
    
        
            
        
    
    

    
        $(document).ready(function () {
            var koubeiid = 4941772;

        });

    


            
                最满意
                最满意就是长相好看点 。再没有什么可满意的了，充电慢，续航虚，夏季6折冬季可能3折吧。冬测应该是真实的200公里。北方真不能买这车。
            
            
                最不满意
                本人2023年4月20日提了一台一汽丰田bz4x长续航pro版。提车前跟销售多次提把电充满。提车时表显438公里，没有充满。销售当时以他们没有充电桩为借口糊弄我。后来才知道了充满电根本显示到不了官方宣传615续航。
提车后从4s店到家270公里路，全程最快100巡航，距离到家还有十几公里时表显成---不显示里程。最后坚持回到家。270公里全程没开空调，掉电438续航6折啊。到家跟销售联系，销售以新车没充满，电是虚电糊弄我。让我充满电再测一测。我傻傻的信以为真。。。之后历经54小时随车充充满表显续航517km跟官标615km打了84折。。
充满电后，我听车友说厂家有召回升级，去了当地4s店升级（自动落锁、摄像头召回升级），来回60公里，因为电池续航不达标，与销售联系，销售建议到他们售后检测，第二天又出发到购车4s店做电池检测，距离我家270公里全程最高时速100km/h在距离4s店12公里时表显为---不显示里程最后到达购车4s店，4s点检测电池告知电池没问题，我是他们卖的第一个bz4x客户，他们对我这台车跑这么点里程也不懂，说要向厂家问问，之后又询问我充电是怎么充的，我说随车充，销售和售后搪塞我说，厂家充电桩还没到可能充电不匹配 ，让我等厂家充电桩到了再试一试。我真是无语了。。。这样不专业的话他们都能说出来。之后我果断投诉厂家400，第二天厂家打来电话了解了一下情况，说会和当地4s店和销售4s联系让我配合他们检测，因为五一放假，一直没接到4s反馈信息。后续有进展会及时更新。
五一期间我又开车到银川游玩全程303公里，时速120km/h在距离目的地十几公里时表显续航又为---不显示里程。。。
实践证明春季bz4x续航300-400之间，不开空调，开空调更费电。。。不能买啊。
            

            

    空间
        
            
            
        
        4
    
    
    本人身高183cm，头部距离感觉还是有点欠缺。后排空间挺大的。电动座椅挺好用。带座椅加热方向盘加热，北方很友好。
    
    
        车内储物能力
        这车不配手套箱，副驾只有车门有储物格。
        
        
    






                

    驾驶感受
        
            
            
        
        4
    
    
    驾驶感受还行，标配L2级辅助驾驶，很实用，高速很方便。
    
    
        起步/加速动力
        加速勉强够用吧。没有同级别车的急加速感。
        
        
    






            

            




            

    续航
        
            
            
        
        1
    
    
    4、5月已经属于夏季了，续航只有370左右。
    
    
    
    
    


    





            
            

    外观
        
            
            
        
        4
    
    
    车身设计很美，运动感很强，suv里这样造型很完美。
    
    
    
    
    


    
        车头造型
        车头外形很漂亮，让人第一眼就爱上他了。
        
        
    





            

    内饰
        
            
            
        
        4
    
    
    内饰塑料感很强，中控布艺不耐脏。上一辆车是科鲁兹就是这样的材质。脏了不好清洗，对有小孩儿的车主不友好。
    
    
        空调效果
        空调效果挺好的。前后出风。
        
        
    





            

    性价比
        
            
            
        
        3
    
    
    综合优惠了98000含公务员补贴1万置换补贴5000，车险5900，用了2年免息，贷款8万。
    
    
        售后服务
        当地没卖过这个车，售后也不懂，提车是在隔壁城市提的，4s店也是只卖了我一台车，他们也没接触过新能源，续航不达标他们也不会出来。
        
        
    





            
                

    智能化
        
            
            
        
        3
    
    
    这个车机很一般，跟国产百度定制的，导航只能百度地图，音乐只能qq音乐，高配大屏阉割车机互联，很遗憾，车机都是定制的，阉割车机互联，免流量过后，使用效果很不好。
    
    




            

            



        "
吃不饱的琪琪,2023-03-02 首次发表,"
            
                
                    3996km
                    
                    行驶里程
                
                
                
                
                
                    15.2kWh
                    春秋电耗
                
                
                
                
                
                
                    470公里
                    春秋续航
                
                
                
                

                
                
                    28.48万
                    裸车购买价
                
                
                    2022-12
                    购买时间
                
                
                    广州
                    购买地点
                
            
            
    
        
            
        
        
            
        
        
            
        
        
            
        
    
    

    
        $(document).ready(function () {
            var koubeiid = 4845213;

        });

    


            
                最满意
                最满意一丰bZ4X的驾驶感受，座椅柔软贴合性好，乘坐感受良好不累。
            
            
                最不满意
                不满意就是续航部分，它的冬季续航打折太严重了，需要经常充电。
            

            

    空间
        
            
            
        
        5
    
    
    一丰bZ4X定位是中型SUV，空间并不小，后备箱也很能装，一点不担心。
    
    






                

    驾驶感受
        
            
            
        
        3
    
    
    电动车的驾驶偏轻，我还不太习惯，动力的话感觉没有油车那样好。
    
    






            

            




            

    续航
        
            
            
        
        3
    
    
    续航这块比较难受，天气冷的时候续航不给力，冬季续航打折太严重了，需要经常充电。
    
    





            
            

    外观
        
            
            
        
        4
    
    
    不得不承认一丰bZ4X的外观颜值很高，非常适合年轻人。
    
    





            

    内饰
        
            
            
        
        5
    
    
    内饰简约时尚，直击内心，科技感十足，触控灵敏，清晰度很高。
    
    





            

    性价比
        
            
            
        
        3
    
    
    整体来说作为一款家用车性价比还是很高，就是续航这块我不太满意。
    
    





            
                

    智能化
        
            
            
        
        5
    
    
    中控大屏可以语音控制，识别很准确，解放双手，特别是开车的时候比较实用，这一点值得去表扬，我很喜欢。
    
    




            

            



        "
旧情如痴如醉,2023-03-02 首次发表,"
            
                
                    3000km
                    
                    行驶里程
                
                
                
                
                
                    15.6kWh
                    春秋电耗
                
                
                
                
                
                
                    565公里
                    春秋续航
                
                
                
                

                
                
                    28.48万
                    裸车购买价
                
                
                    2022-12
                    购买时间
                
                
                    丽水
                    购买地点
                
            
            
    
        
            
        
        
            
        
        
            
        
        
            
        
    
    

    
        $(document).ready(function () {
            var koubeiid = 4844809;

        });

    


            
                最满意
                最喜欢bZ4X的外观，整车的设计挺有辨识度的，能扛能打，开出去辨识度很高，回头率很高，非常有面。
            
            
                最不满意
                续航表现没有达到我的预期，内饰细节处的做工感觉差了一些。
            

            

    空间
        
            
            
        
        5
    
    
    bZ4X空间挺大，我们一家五口人都坐在车里也没有压抑的感觉，空闲的时候在车内稍微休息下也是非常舒服的。
    
    






                

    驾驶感受
        
            
            
        
        4
    
    
    bZ4X提速很快很流畅，换挡流畅没有一点顿挫感，没有虚位，加速刹车很灵敏。
    
    






            

            




            

    续航
        
            
            
        
        3
    
    
    续航没有达到我的预期水平，感觉600多公里的标准续航在冬天只能达到400公里左右。
    
    





            
            

    外观
        
            
            
        
        5
    
    
    bZ4X的外观表现很棒，符合我的审美习惯，整车的设计挺有辨识度的，能扛能打，开出去辨识度很高，回头率很高，非常有面。
    
    





            

    内饰
        
            
            
        
        3
    
    
    内饰低调奢华有内涵，档次感很高，就是细节处的做工感觉差了一些。
    
    





            

    性价比
        
            
            
        
        3
    
    
    bZ4X的性价比很高，代步很划算，就是电动车的保值率很低。
    
    





            
                

    智能化
        
            
            
        
        5
    
    
    bZ4X的智能化配置很多，安全和辅助配置很多，用车很省心。
    
    




            

            



        "
ag6w4tr,2023-03-01 首次发表,"
            
                
                    5260km
                    
                    行驶里程
                
                
                
                
                
                    12.8kWh
                    春秋电耗
                
                
                
                
                
                
                    560公里
                    春秋续航
                
                
                
                

                
                
                    22.98万
                    裸车购买价
                
                
                    2022-12
                    购买时间
                
                
                    上海
                    购买地点
                
            
            
    
        
            
        
        
            
        
        
            
        
        
            
        
        
            
        
    
    

    
        $(document).ready(function () {
            var koubeiid = 4844473;

        });

    


            
                最满意
                前脸特别漂亮，大灯的设计简直就是点睛之笔，让整个车子一下子就更加的活跃起来了。
            
            
                最不满意
                踩刹车的时候总会感觉有点异响，每次速度快点都担心刹车失灵。
            

            

    空间
        
            
            
        
        3
    
    
    内部空间挺宽大的，平时一家四口人出行不是问题，后排可以坐下三个人，后备箱不够大，不过也可以理解。
    
    






                

    驾驶感受
        
            
            
        
        3
    
    
    我日常用车有这样的动力就可以啦，超车的时候没有问题，安全开车最重要。
    
    
        舒适性
        方向盘灵活轻便，指向指哪打哪，转弯的时候，侧倾控制的也很好，唯独就是每次踩刹车的时候就都会有一点点异响。
        
        
    






            

            




            

    续航
        
            
            
        
        3
    
    
    满电实测续航560公里，这个续航不是很高啊，比官方数据可低不少，而且这还是我没开空调的情况下，如果开空调，估计也就能开500公里出头。
    
    





            
            

    外观
        
            
            
        
        5
    
    
    外观大气，车身线条非常流畅，我刚提车开回家的时候，邻居们都问我这个车是不是要几十万，哈哈。
    
    





            

    内饰
        
            
            
        
        5
    
    
    内部设计很好，做工也还是不错的，车里面没有什么味道。
    
    





            

    性价比
        
            
            
        
        5
    
    
    比我以前的轩逸要好很多，各方面都有质的提高，我觉得这个车的性价比很高。
    
    





            
                

    智能化
        
            
            
        
        5
    
    
    配置中规中矩，平时代步的车子，这样子也就够了。
    
    




            

            



        "
lucya028,2023-03-01 首次发表,"
            
                
                    4700km
                    
                    行驶里程
                
                
                
                
                
                    12.8kWh
                    春秋电耗
                
                
                
                
                
                
                    560公里
                    春秋续航
                
                
                
                

                
                
                    22.98万
                    裸车购买价
                
                
                    2022-12
                    购买时间
                
                
                    淮南
                    购买地点
                
            
            
    
        
            
        
        
            
        
        
            
        
        
            
        
        
            
        
    
    

    
        $(document).ready(function () {
            var koubeiid = 4844340;

        });

    


            
                最满意
                后备箱很大，可以放很多资料在里面，底盘相当扎实，动力充足，操控起来也非常的精准。
            
            
                最不满意
                后排座椅靠背的角度太直了，长途坐车的时候肯定不舒服的，而且坐垫也稍微有点硬。
            

            

    空间
        
            
            
        
        5
    
    
    三口之家用车空间已经足够，最满意的是后备箱空间，我经常会放很多我资料在后备箱里面，而且放了资料之后，还可以有剩余的空间放置一点其他东西。
    
    






                

    驾驶感受
        
            
            
        
        3
    
    
    动力充足，无论起步还是加速都没有任何压力，动力可以说是非常充沛的。
    
    
        舒适性
        悬架有点硬，过减速带的时候，如果不减速，在车里都可以飞起来，然后就是后排的座椅比较短，靠背也比较直，坐久了不舒服。
        
        
    






            

            




            

    续航
        
            
            
        
        3
    
    
    续航是车子比较大的缺点了，在这方面，还真比不过那些国产车。
    
    





            
            

    外观
        
            
            
        
        5
    
    
    在我看来，外观方面也是一个很大的亮点，车身修长，整体看起来非常漂亮。
    
    





            

    内饰
        
            
            
        
        3
    
    
    内饰的设计风格就是低调稳重，没有花里胡哨的设计，不会让人看起来眼花缭乱的，简简单单的更加符合我的审美，但缺点就是新车的异味，非常刺鼻。
    
    





            

    性价比
        
            
            
        
        5
    
    
    二十几万的价格能有这样的表现，还要啥自行车啊，物有所值。
    
    





            
                

    智能化
        
            
            
        
        5
    
    
    配置还可以接受，我喜欢一切都自己掌控，所以在配置这一块并没有什么特别的要求。
    
    




            

            



        "
思念是毒f,2023-03-01 首次发表,"
            
                
                    3000km
                    
                    行驶里程
                
                
                
                
                
                    15.3kWh
                    春秋电耗
                
                
                
                
                
                
                    600公里
                    春秋续航
                
                
                
                

                
                
                    24.98万
                    裸车购买价
                
                
                    2022-12
                    购买时间
                
                
                    广州
                    购买地点
                
            
            
    
        
            
        
        
            
        
        
            
        
        
            
        
    
    

    
        $(document).ready(function () {
            var koubeiid = 4843822;

        });

    


            
                最满意
                最满意的就是丰田的品控，质量很好，开出去一点也不担心。
            
            
                最不满意
                当然车子也不是十全十美的，我这台车子的性价比我感觉不太高，后续换车要卖的话就很难受了。
            

            

    空间
        
            
            
        
        5
    
    
    空间也是我看中这台车的一个点，平常出行带点东西也没有压力。
    
    






                

    驾驶感受
        
            
            
        
        4
    
    
    方向盘转向精准，方向盘的手感偏轻，女司机开的话也没啥难度，基本就是指哪打哪。
    
    






            

            




            

    续航
        
            
            
        
        3
    
    
    续航在冬天并不能指望太高，我基本上就是2-3天充一下电，就担心停在路上。
    
    





            
            

    外观
        
            
            
        
        5
    
    
    外观是比较适合年轻人的，时尚元素很多，开出去也很拉风，很有面子。
    
    





            

    内饰
        
            
            
        
        5
    
    
    我认为bZ4X的内饰跟外观很搭配，细节处的做工很好。
    
    





            

    性价比
        
            
            
        
        3
    
    
    性价比我感觉不太高，后续换车要卖的话就很难受了，保值率比较低。
    
    





            
                

    智能化
        
            
            
        
        4
    
    
    科技配置很丰富，辅助功能相当多，表现比较优秀，唯一的小瑕疵就是只有最顶配才有电动后备箱。
    
    




            

            



        "
猫多多己,2023-01-10 首次发表,"
            
                
                    677km
                    
                    行驶里程
                
                
                
                
                
                
                
                    16.0kWh
                    冬季电耗
                
                
                
                
                
                
                     500公里
                     冬季续航
                
                

                
                
                    28.48万
                    裸车购买价
                
                
                    2022-12
                    购买时间
                
                
                    济南
                    购买地点
                
            
            
    
    

    
        $(document).ready(function () {
            var koubeiid = 4776072;

        });

    


            
                最满意
                颜值挺高，从一开始的见到这车就感觉非常的有科技感，外观设计显得还是非常的吸引人的，提速的时候也非常的迅速，还是比较值得认可的。
            
            
                最不满意
                我感觉这个仪表盘的距离还有位置不太适合，反正感觉不太舒服。
            

            

    空间
        
            
            
        
        4
    
    
    空间也是够宽敞的，前后排的距离够用，后排的位置感觉头部空间小了一点，不太影响。
    
    
    
    
    


    
    
    
    


    






                

    驾驶感受
        
            
            
        
        5
    
    
    这款车开起来还是比较的迅猛的，尤其是加速的过程中，反应特别的急速，而且动力还挺强劲，方向盘也并不重，转弯使用都比较的轻松一些
    
    






            

            




            

    续航
        
            
            
        
        5
    
    
    续航方面也是很够用了，基本上一般的短程都可以不全满足，作为一款城市用车来说，就对是够用了，不过经常跑长途的，选这个车还是有点不方便的
    
    





            
            

    外观
        
            
            
        
        5
    
    
    外观显得很有科技感，看着非常的帅气，而且这个车身造型非常的有立体感，让人看着就比较的有吸引力，而且这个车的整个外观显得都比较细致，做工方面还是挺好的
    
    
    
    
    


    
    
    
    


    
    
    
    


    





            

    内饰
        
            
            
        
        5
    
    
    这款车的内饰样式还是可以的，而且座椅也比较的舒服整个车对身体的支撑也比较到位，而且空调的效果也挺好的，整个车内基本上也没有什么太大的味道
    
    
    
    
    


    
    
    
    


    
    
    
    


    





            

    性价比
        
            
            
        
        5
    
    
    这款车综合来看的话，性价比还算比较合适，而且质保时间也比较长，用车也比较放心一点，而且目前来看，这个车用着还是挺不错的
    
    





            
                

    智能化
        
            
            
        
        5
    
    
    车子的功能挺强大的，而且好多功能用着比较的实用，让车子也更好开了，而且APP远程控制，语音交互等等功能还是非常齐全的
    
    




            

            



        "
七色花DR,2022-12-23 首次发表,"
            
                
                    100km
                    
                    行驶里程
                
                
                
                
                
                
                
                    11.6kWh
                    冬季电耗
                
                
                
                
                
                
                     615公里
                     冬季续航
                
                

                
                
                    27.88万
                    裸车购买价
                
                
                    2022-12
                    购买时间
                
                
                    仙桃
                    购买地点
                
            
            
    
    

    
        $(document).ready(function () {
            var koubeiid = 4750508;

        });

    


            
                最满意
                1、它有太阳能充电穹顶的称号，平时晒晒太阳就能跑，出门完全不用担心电量的问题。2、它不限号。3、它有一个双层空调功能。冬天车内车外温差大，容易起雾，看不清道路容易出交通事故，当车辆要除雾时，该车可以做到风挡吹冷风，脚步吹热风。
            
            
                最不满意
                暂时没有发现不满意的地方，待发现了再来描述
            

            

    空间
        
            
            
        
        5
    
    
    后排空间很给力，不论是坐着还是躺着都很舒心，大口型的后备箱，其容量能装万物，平时过节回家或者是出去旅游，所需要的物品都可以装进去。
    
    
    
    
    


    
    
    
    


    
        车内储物能力
        中控区域分第一层和第二层，再加上原有的储物箱，共有3个地点可以放置物品，东西再多也不怕了。
        
        
    
    
    
    


    
    
    
    


    






                

    驾驶感受
        
            
            
        
        5
    
    
    这辆车有提前预判风险的功能，当车辆在路上正常行驶，它的监测范围内若有行人或者是车辆发出了转弯或者是车速很快的信号，该车会根据此信号快速的作出预警提示，降低事故风险，保证人车安全。
    
    
    
    
    


    






            

            




            

    续航
        
            
            
        
        5
    
    
    虽然这是款电车，但是它最大续航615公里，来回30公里，两周一充都绰绰有余。
    
    
    
    
    


    





            
            

    外观
        
            
            
        
        5
    
    
    这款车是个双拼色：墨青蓝黑。远看，车身透发出亮黑的光耀感；近看，车身反射出一抹淡淡的青蓝色。全车身的线条感柔和唯美，不像其它车型是那种宽大、硬朗型。
    
    
    
    
    


    





            

    内饰
        
            
            
        
        5
    
    
    座椅调节的功能齐全，并且是全自动，它的调节幅度和速度是那种匀速的，最主要是它带有腰靠功能
    
    
    
    
    


    





            

    性价比
        
            
            
        
        5
    
    
    现在油价上涨，电车的趋势日后肯定会越来越好，这款车既有颜值又有高配置，是准备入手的首选车辆
    
    
    
    
    


    





            
                

    智能化
        
            
            
        
        5
    
    
    中控的配置是最能体现车辆智能的直观地方，其高级设计感和智能化设计与车身整体的配置相呼应。
    
    
    
    
    


    
        360全景影像实用性
        这辆车是360度无死角监控设计，只要启动车辆，车辆周围的情况都可以看的一清二楚。
        
        
    
    
    
    


    




            

            



        "
东方蓝蓝蓝,2024-01-14 首次发表,"
            
                
                    16200km
                    
                    行驶里程
                
                
                
                
                
                
                
                    15.0kWh
                    冬季电耗
                
                
                
                
                
                
                     400公里
                     冬季续航
                
                

                
                
                    16.80万
                    裸车购买价
                
                
                    2023-05
                    购买时间
                
                
                    安庆
                    购买地点
                
            
            
    
    

    
        $(document).ready(function () {
            var koubeiid = 5275857;

        });

    


            
                最满意
                空间大，续航靠谱，驾乘感不错，智能化尚可，空调非常好
            
            
                最不满意
                c柱异响，一直解决不好，中控台也有异响，厂方拒绝沟通，问题迟迟解决不了
            

            

    空间
        
            
            
        
        4
    
    
    空间大，但头部空间有点局促，后备箱比较大，总体满意
    
    






                

    驾驶感受
        
            
            
        
        4
    
    
    相比较之前的油车驾驶感提升了档次，提速快，开起来很舒服
    
    






            

            




            

    续航
        
            
            
        
        4
    
    
    续航靠谱，春秋季基本解决clct续航工况续航值，夏季尚可，冬季可接受
    
    





            
            

    外观
        
            
            
        
        3
    
    
    外观比较满意，不是太喜欢轮眉部位的配色，一体化的色彩应该看起来整体性更好
    
    





            

    内饰
        
            
            
        
        3
    
    
    内饰一般，主要是中控台材质不是太适合，降低了档次，希望后期改进
    
    





            

    性价比
        
            
            
        
        3
    
    
    性价比一般，和国产车比起来没有特别大的优势，但也说得过去
    
    





            
                

    智能化
        
            
            
        
        3
    
    
    智能化一般，自动驾驶需要人工介入，自动刹停功能很好，有助于安全驾驶
    
    




            

            



        "
0Royal0,2023-06-13 首次发表,"
            
                
                    300km
                    
                    行驶里程
                
                
                
                
                
                
                    15.0kWh
                    夏季电耗
                
                
                
                
                
                
                    511公里
                    夏季续航
                
                
                

                
                
                    16.00万
                    裸车购买价
                
                
                    2023-06
                    购买时间
                
                
                    深圳
                    购买地点
                
            
            
    
    

    
        $(document).ready(function () {
            var koubeiid = 5007549;

        });

    


            
                最满意
                各大媒体和自媒体没少给这车做评价，满意之处就是时尚的外形以及足够扎实的底盘调校。一丰优惠6万元之后，这车还是绝对划算。
            
            
                最不满意
                讲真吧，这车暂时没有给我不满意，应该说基本上各个方面都是很均衡的，并不是褒奖，实话实说。
            

            

    空间
        
            
            
        
        5
    
    
    车子很宽敞，很喜欢中央扶手箱这一块高高的感觉，给主副坐的人很有安全感，后排空间确实很可观，已经超过荣放了，毕竟2850的轴距摆在这里。尾箱空间因为后悬挂结构挤压了部分空间，靠近后排座椅的那一块宽度最小值是95厘米，有点限制了最里边放置物品的空间。
    
    
        ☆ 空间设计亮点
        中央扶手下面镂空的位置很赞，除了给女士放包包之外，还设置了2组充电插口，而且贴心的设计了一个放手机不会挪动的长条形暗格，细节犹如重要，这些都是加分项。
        
        
    
        车内储物能力
        这车居然没有手套箱，你没看错，真没有。。。。这个设计似乎有点跳出常规了，副驾驶除了门上的储物空间，那么就。。。。。。没了。
        
        
    






                

    驾驶感受
        
            
            
        
        5
    
    
    电车的加速感基本上都可以玩爆普通燃油汽车，bz也是属于7秒的车型，但是开起来真要比我另外那辆燃油bm轻快太多了，习惯了电车再开油车的感觉有点难以适应了。bz的驾驶感觉是很稳的，和荣放E 很像。
    
    






            

            




            

    续航
        
            
            
        
        5
    
    
    交车的时候销售经理帮我把电充满了，开空调表显续航是511公里，按厂商标称的615基本上是打了85折，属于正常范畴。
    
    





            
            

    外观
        
            
            
        
        5
    
    
    除了supra，这是最帅气的丰田车，丰田家族最新款的设计语言，我选的白色车身，搭配黑色的超级大轮眉，俨然就一副熊猫感，特别酷，车屁股的大溜背也是值得夸奖的设计，上面小扰流板，加一个小鸭尾，真心漂亮，这些都是丰田用心做的细节。
    
    





            

    内饰
        
            
            
        
        5
    
    
    内饰用料显得廉价了，塑料感真的不轻，这一点丰田也真是省钱省到家了。
    
    





            

    性价比
        
            
            
        
        5
    
    
    优惠后性价比无敌，不要拿什么其他品牌来对比，无可比性，因为已经跨级别了，我就花了个混动卡罗拉钱而已。
    
    





            
                

    智能化
        
            
            
        
        5
    
    
    除了丰田那套引以为傲的TSS3.0系统，车辆其他方面无智能可言，因为我买的是低配车，中间没有那套智能屏幕。在这一点上，丰田应该好好的学习一下我们的各大国产品牌，不然地位不保。
    
    
        新车综述
        BZ4x是用老婆的卡罗拉E 置换的，其实卡罗拉也才开了不到3年，车况也还是最优的状态，只是这新车的价格上绝对的优势和跨级别的驾控体验让我决定拿下她。车子是第二个配置的长续航版本，但是这台车出厂的时候厂家就强制选装了舒适套件配货给4S店，全车打孔真皮电动座椅，前后排加热和真皮方向盘和加热功能，所以车内看起来就不那么low了，算是接受范围内。平常老婆开车在市区跑跑，接一下小孩之类的使用，完完全全能胜任，而且还开得很舒服。网络上有很多抨击这台车的各种缺点，比如充电速度慢，挑充电桩，隔音不好之类的，我只能说，水军比较多，或者是对丰田这种大厂的期望值比较高。BZ的车，厂家承诺正常使用10年后保持电池还有90%的容量，宁德时代的电池使用在很多款电动车上的，为什么目前只有丰田敢这样承诺，是因为丰田的电池管控系统，但这套系统并没有彻底的本土化，而导致过度保护引起的充电时间长和挑充电桩。续航这一块，我们在南方使用，不会因为寒冷导致续航严重缩水，空调状态下有511左右的续航足矣满足城市使用，基本只需要一周充电一次就可以了。新能源汽车产品的确是国产的做得最牛，各大厂商也都很卷，丰田作为老牌厂商想转型也没有那么容易，船大难掉头。为什么我没有选择国产，很简单，很多厂商在竞争中倒下了，很多品牌的车还在路上跑，车厂已经没了。。。仅此。BZ的优点很多，她的缺点是基于新能源领域的享受型智能化不够强大，普通的一台家用车，所以自己喜欢就好，不用太在意键盘侠或者某些自媒体只说缺点的评测。
        
        
    




            

            



        "
andylyd,2023-03-23 首次发表,"
            
                
                    1600km
                    
                    行驶里程
                
                
                
                
                
                    12.0kWh
                    春秋电耗
                
                
                
                
                
                
                    560公里
                    春秋续航
                
                
                
                

                
                
                    16.00万
                    裸车购买价
                
                
                    2023-03
                    购买时间
                
                
                    福州
                    购买地点
                
            
            
    
        
            
        
    
    

    
        $(document).ready(function () {
            var koubeiid = 4875345;

        });

    


            
                最满意
                南方适合开电车，在极冷的环境下最好是用油车。
            
            
                最不满意
                车身颜色撞色设计不好看，线条过多。本来想买黑色的，一直买不到，只能买银色的现车。后期可能改黑武士风格的改色膜。网上车黑太多了，好处是价格降下来了，坏处是车子卖的少，价格不稳定，改装配件也少。
            

            

    空间
        
            
            
        
        5
    
    
    这车轴距足够长，前后排纵向距离很大。后排头部空间一般
    
    






                

    驾驶感受
        
            
            
        
        5
    
    
    高速开空调110的速度还是很稳，风噪在100以上就比较大了，不过suv都差不多表现。
    
    






            

            




            

    续航
        
            
            
        
        5
    
    
    续航水平和电耗关系比较大，电耗又和开车环境开车习惯等各种条件有关系。
    
    





            
            

    外观
        
            
            
        
        2
    
    
    外观丰田的风格，拼色的设计比较前卫，想要黑色的买不到。丰田的设计师肯定是抽了，老老实实做得一样颜色还更大气些
    
    





            

    内饰
        
            
            
        
        3
    
    
    这车的内饰配色一般般，不显高级，这样的效果怎么和带冰箱大彩电的车子比。
    
    





            

    性价比
        
            
            
        
        5
    
    
    这车原来标价过于自信，现在被车黑们打下来了。
    
    





            
                

    智能化
        
            
            
        
        4
    
    
    网上买了个大屏换上，花了一千多，各种功能好用多了，反应更快，界面也更好看了，还有无线carplay，。
    
    




            

            



        "
gb7230,2023-03-24 首次发表,"
            
                
                    600km
                    
                    行驶里程
                
                
                
                
                
                    15.0kWh
                    春秋电耗
                
                
                
                
                
                
                    450公里
                    春秋续航
                
                
                
                

                
                
                    25.00万
                    裸车购买价
                
                
                    2023-03
                    购买时间
                
                
                    南宁
                    购买地点
                
            
            
    
        
            
        
    
    

    
        $(document).ready(function () {
            var koubeiid = 4877672;

        });

    


            
                最满意
                最满意还是价格，实际使用情况还算满意，吐槽的点不多
            
            
                最不满意
                也许是因为没有了发动机的声音，风噪音大。
            

            

    空间
        
            
            
        
        5
    
    
    空间比较大，虽然外观看上去不大，但是内部空间大
    
    






                

    驾驶感受
        
            
            
        
        4
    
    
    行驶质感比较一般，高速的时候有点发飘，但是在市内显得轻巧
    
    






            

            




            

    续航
        
            
            
        
        4
    
    
    目前开了一周，续航里程还算真实，也就打个95折吧
    
    





            
            

    外观
        
            
            
        
        4
    
    
    外观比较另类，街上回头率不小，后溜背的倾斜角度太大
    
    





            

    内饰
        
            
            
        
        4
    
    
    内饰比较简单，没有什么太大的可吐槽，无异味，还比较环保
    
    





            

    性价比
        
            
            
        
        5
    
    
    关键是价格非常有惊喜。实现了买一送一的目标
    
    





            
                

    智能化
        
            
            
        
        4
    
    
    远程控制好用，特别是空调提前启动，还要手机钥匙，真是解放了钥匙
    
    




            

            



        "
hanxt,2023-03-12 首次发表,"
            
                
                    1000km
                    
                    行驶里程
                
                
                
                
                
                    13.4kWh
                    春秋电耗
                
                
                
                
                
                
                    500公里
                    春秋续航
                
                
                
                

                
                
                    16.30万
                    裸车购买价
                
                
                    2023-02
                    购买时间
                
                
                    绍兴
                    购买地点
                
            
            
    
    

    
        $(document).ready(function () {
            var koubeiid = 4859729;

        });

    


            
                最满意
                很丰田，驾驶辅助系统标配我觉得很良心，气囊也没有因为高低配尔增加和减少，整体来说很舒适
            
            
                最不满意
                充电较慢，科技感还是少了点，主副屏不能联动，方向盘按钮过多
            

            

    空间
        
            
            
        
        5
    
    
    作为家用代步车来说，空间非常满意
    
    
        乘坐空间
        空间是这个车的优势，不多说了
        
        
    
        后备厢容积
        没有备胎，我觉得缺了点什么
        
        
    






                

    驾驶感受
        
            
            
        
        5
    
    
    是一辆非常有效的代步车，避震软硬适当，很不错
    
    






            

            




            

    续航
        
            
            
        
        5
    
    
    很满意，在浙江，一半高速，可以跑到500以上
    
    
    
    
    


    





            
            

    外观
        
            
            
        
        5
    
    
    机甲风挺好的，还是比较年轻化的，底盘高度还不错
    
    
    
    
    


    





            

    内饰
        
            
            
        
        5
    
    
    中规中矩，很丰田很丰田，这是我第二辆丰田，熟悉的味道
    
    
    
    
    


    





            

    性价比
        
            
            
        
        5
    
    
    性价比很高，降价后，又有各种补贴，还都是给落地的，为我经销商点赞
    
    





            
                

    智能化
        
            
            
        
        4
    
    
    比油车丰田有进步，可是电车来说一般，丰田继续加油
    
    
    
    
    


    




            

            



        "
胡世超,2022-12-24 首次发表,"
            
                
                    530km
                    
                    行驶里程
                
                
                
                
                
                
                
                    17.0kWh
                    冬季电耗
                
                
                
                
                
                
                     393公里
                     冬季续航
                
                

                
                
                    26.88万
                    裸车购买价
                
                
                    2022-12
                    购买时间
                
                
                    武汉
                    购买地点
                
            
            
    
    

    
        $(document).ready(function () {
            var koubeiid = 4751153;

        });

    


            
                最满意
                ①搭载的宁德时代三元锂电池，冬天续航没有很拉胯。②丰田的安全辅助系统配备还算齐全，在合资品牌里面安全配置高；③驾驶感受还不错，转向精准且灵活基本没有虚位，高架上快速变道也不会觉得晃；④空间利用率优秀，后排腿部空间富裕，后备箱也很能装东西，搬家放个洗衣机冰箱不在话下；⑤外观科技感很强，身边朋友觉得接受不了，我反而比较喜欢，线条偏硬朗，最满意的是尾灯的设计，特别是晚上刹车灯尾灯点亮看着很有科技感；⑥目前开了五百公里实际续航比想象中的要准确，没有网上说的新能源续航大打折扣，武汉冬天最低气温零度左右。再冷就不确定了
            
            
                最不满意
                ①买完车开回家后才发现这车没有副驾驶储物箱！！！虽然平时也没啥东西放，但是这个取消了真是不能理解！！②无线充电盖板容易误操作，挂档的时候手掌就会触碰到无线充电上方的盖板，一碰就弹开了，有点影响用车体验；③充电速度，用家用插座充电充满要四五十个小时，问了销售才知道自带的充电插头充电功率只有1.75kw，算下来确实要近40个小时，外面特来电充电基本稳定在40kw左右，目前还没有到过90kw的功率，问了身边开特斯拉的朋友说外面的充电桩他们也慢，特来电基本在60kw左右，特斯拉超充可以到150kw，宣传的一杯咖啡时间也充不了多少电啊，续航不焦虑，但目前充电确实有点捉急。
            

            

    空间
        
            
            
        
        5
    
    
    整体空间利用率还不错，除了副驾驶没有储物箱外其他都算满意够用
    
    
    
    
    


    
    
    
    


    
    
    
    


    






                

    驾驶感受
        
            
            
        
        5
    
    
    快速踩电门踏板时，电门有迟滞现象，大约0.5秒，就是一踩一松一踩一松，然后突然动力爆发出来，不知道电车是不是都这样，其他驾驶感受都比较舒适，比较好开
    
    






            

            




            

    续航
        
            
            
        
        5
    
    
    四驱长续航官方是560，实际武汉冬天3°左右天气，开空调400左右，目前开的数据不够多，暂时续航还能接受
    
    
    
    
    


    





            
            

    外观
        
            
            
        
        5
    
    
    外观我还是比较满意的，线条感十足，特别是尾灯
    
    





            

    内饰
        
            
            
        
        4
    
    
    内饰用料一般，基本都是塑料和副驾驶上面的“编织”环保材料？
    
    
    
    
    


    





            

    性价比
        
            
            
        
        5
    
    
    图个丰田省心点，合资品牌的电车目前选择的余地都不多，id系列油改电不考虑，自主品牌心里还是不踏实，造车新势力又太前卫，自己接受不了，先买个合资品牌的电车用用看
    
    





            
                

    智能化
        
            
            
        
        5
    
    
    智能化配置一般，当然我对这个方面要求也不高，毕竟车还是自己开为主。其他没有啥特别在意的
    
    




            

            



        "
habyy,2022-12-15 首次发表,"
            
                
                    150km
                    
                    行驶里程
                
                
                
                
                
                
                
                    17.0kWh
                    冬季电耗
                
                
                
                
                
                
                     500公里
                     冬季续航
                
                

                
                
                    28.06万
                    裸车购买价
                
                
                    2022-12
                    购买时间
                
                
                    宁波
                    购买地点
                
            
            
    
    

    
        $(document).ready(function () {
            var koubeiid = 4737163;

        });

    


            
                最满意
                优点1.比我另一辆奥迪a6插混音响效果好一点。2加速丝滑、线性。3十年20万公里免费基础保养。4造型设计个人觉得还是符合近几年的风格。5地盘噪音没有了但风燥和胎噪还有一些。6地盘悬挂扎实一些了。7车子刚上市就优惠一万多还送手表和电尾门龙膜等。8车机没有CarPlay 但自带qq 音乐和百度导航和爱奇艺视频，也算够用了！9加装了自动泊车功能多了座椅记忆、高清360影像和透明地盘。10还是喜欢实体按键多些和有中控大屏幕的车型。
            
            
                最不满意
                1.右门板的扬声器共振音乐低频率有杂音。2速度快了总感觉风燥好像从后备箱传过来的。3个人认为丰田设计师可以把单踏板按键改成方向拨片，动能回收可以分三、四个档位进行升和降，手握着方向盘就可以减速和动能回收，安全系数也提高了。4弹射起步感觉血压升高的状态，我开奥迪A6加速5.6秒百公里也没这样感觉。5地盘悬挂偏硬，细小的过滤很好但稍微大点就感觉跳了，地盘调教还有待提高。6厂家标的续航和显示续航相差10%和实际续航又相差5%，不知道这些标准是怎么测出来的？7丰田厂家送的家用充电桩，枪头到桩的电线只有3.5米，车长近4.4米了，车子倒进车库枪头插不到车子充电口。8没有手套箱。9车头发动机仓和油车差不多大小为什么不学特撕拉可以优化一下设计个储蓄空间。10方向盘调到最低还是会有一点遮挡仪表显示屏，座椅调高点大腿快碰到方向盘了。
            

            

    空间
        
            
            
        
        5
    
    
    身高1米7乘坐空间很宽裕，左右门板储物和中央扶手储物还可以，缺少手套箱放车辆使用说明书之类的大的储物格，前排座椅和后排座椅空间调到合适位置后都很宽裕，坐上5个成年人前后空间绰绰有余，但后排横向就不能坐偏胖的朋友了。后备箱空间长宽都可以，深度没有油车后备箱的深。
    
    






                

    驾驶感受
        
            
            
        
        5
    
    
    加速响应灵敏电门踏板反应迅速，转弯支撑不错高速行驶地盘稳健，方向盘低速略重，驾驶视野开阔，仪表显示屏屏幕位置刚好不用低头了，刹车软硬适中。和RAV4比地盘悬挂偏硬但操控比RAV4好。和A6比地盘悬挂是A6舒适，操控也是A6精准。目前没有开空调和满载所以没有评论！
    
    






            

            




            

    续航
        
            
            
        
        4
    
    
    我这属于南方地区，最近温度在4-12度之间，充满电表显里程505公里，晚上10点后充到早上8点低峰谷用电为0.288元一度电，充满18元左右，加油最少要二百多元了。实际开车在460-500公里之间，厂家的标准续航里程我不知道什么时候才能实现。快充还没充过
    
    
    
    
    


    





            
            

    外观
        
            
            
        
        5
    
    
    车灯和双拼色引擎盖设计前卫，车身腰线还是有些丰田家族式风格，车尾设计我个人觉得是把越野和城市suv相结合的造型风格，车身做工用手敲敲就知道是日系车，没有美系和德系的厚重。
    
    





            

    内饰
        
            
            
        
        4
    
    
    内饰设计大胆创新，用料一般廉价实用来形容，异味有一点，仪表台用的是帆布和类似搪素材质，门板大部分塑料和软搪塑类材质，座椅用打孔真皮包裹但座椅坐着偏硬，地盘偏硬座椅也硬建议颠簸路面不要长时间驾驶！空调和座椅加热通风等功能效果不错，丰田这些技术还是过硬的。
    
    





            

    性价比
        
            
            
        
        4
    
    
    相比合资汽车和进口汽车性价比很高，但和国产车比就不用多说了。选择这款车的理由就是实用、实惠、耐用、和品牌影响力。
    
    





            
                

    智能化
        
            
            
        
        5
    
    
    这些高科技的东西该有的全都有了，手机和车子远程互联开锁解锁、查看能耗、电池状态等，语音交互准确度很高，车机反应有些迟钝，面部识别很灵敏，至于高速打瞌睡还是不要出现的好，360全景影像给力，很清晰透明地盘也不错，全新的丰田驾驶辅助系统只是辅助，开车还是人在操纵车，不能一味的依赖辅助功能！
    
    




            

            



        "
大连车友1781955,2022-11-25 首次发表,"
            
                
                    718km
                    
                    行驶里程
                
                
                
                
                
                    15.0kWh
                    春秋电耗
                
                
                
                
                
                
                    615公里
                    春秋续航
                
                
                
                

                
                
                    24.98万
                    裸车购买价
                
                
                    2022-11
                    购买时间
                
                
                    大连
                    购买地点
                
            
            
    
    

    
        $(document).ready(function () {
            var koubeiid = 4705278;

        });

    


            
                最满意
                外观不丑，内饰简约，空间合适，不用加油！不用加不油！充电快！
            
            
                最不满意
                后排空间一般，车漆不厚，副驾中控材料没搞明白为啥整了个布的。
            

            

    空间
        
            
            
        
        5
    
    
    前排够用，后备箱容积OK，副驾驶没有手扣有点不得劲儿，车门上能放东西的地方还是很宽裕的。
    
    






                

    驾驶感受
        
            
            
        
        5
    
    
    真的是丰田全系车里面动力最好的一款车了，方向盘比较轻盈。
    
    






            

            




            

    续航
        
            
            
        
        5
    
    
    官方615，东北充电行车电脑显示575，还行。
    
    





            
            

    外观
        
            
            
        
        5
    
    
    外观还是OK的，没说像国产那么的炫酷，丰田嘛，一向就是中庸，在丰田车里也算是好看的了
    
    





            

    内饰
        
            
            
        
        5
    
    
    可能我这人没啥要求吧？我觉得还行，一直也比较喜欢简约风格，就是这个副驾的内饰用料不太能理解，但也不排斥，销售说是环保材料。
    
    
    
    
    


    
    
    
    


    
    
    
    


    





            

    性价比
        
            
            
        
        5
    
    
    新能源已经成为发展趋势，买丰田绝对是我性格使然，就是保守的选择，这个年龄了，干啥都比较慎重。
    
    





            
                

    智能化
        
            
            
        
        4
    
    
    你好丰田车机操作反应挺快，中控屏高清且顺滑，还有什么数字钥匙，真真的是方便，手机放衣兜里就能开车，对于冬天的东北车主，实在是太友好了。
    
    




            

            



        "
西安车友1022999,2023-02-28 首次发表,"
            
                
                    4110km
                    
                    行驶里程
                
                
                
                
                
                    16.0kWh
                    春秋电耗
                
                
                
                
                
                
                    460公里
                    春秋续航
                
                
                
                

                
                    440公里
                    冬季续航
                
                
                    26.10万
                    裸车购买价
                
                
                    2022-10
                    购买时间
                
                
                    宝鸡
                    购买地点
                
            
            
    
    

    
        $(document).ready(function () {
            var koubeiid = 4843355;

        });

    


            
                最满意
                好看的皮囊千篇一律，内在的美万里挑一。bz4x对于我来说是家里的第一台纯电型SUV，之前一直都是开的油车，纯电的车不是很了解。现在油价这么高，而且之前那车都让我造埋汰的，就想着换台电动车来开开。当然我也考虑过国产的比亚迪，但是我发现等车的时间实在是太长了，我可没那么长时间能等，太让人糟心了！看来看去还是把目光锁定在了一汽丰田bz4x的身上，对于我来说，就是看对眼了。外观看着就是带劲，嘎嘎好看。大灯扑灵扑灵，后边的尾灯还是贯穿的，嘎嘎帅。感觉纯电的车辆开起来还要比燃油的车辆轻松很多起步特别快, 一点都不会感觉肉，平时使用完全不用担心动力方面会有不足的情况，而且输出的时候也比较平顺，不用担心会有顿挫感加速能力也比较强。
            
            
                最不满意
                现在目前来说就是车机的第三方应用比较少，不过可以用小程序，也算是一种弥补吧。再有就是我刚提车的时候车里还有点异味，但是后来我买了两瓶香薰放车里，大概过了一个星期吧，味道稍微的散去了点，现在开着也好多了。
            

            

    空间
        
            
            
        
        5
    
    
    没毛病，就这大空间反正我是没有感觉挤的时候，尤其是有一次我和一家人出去玩。当时是说开另一台油车去的，但是一想也不远就开着新车去了，算上我一共有四个人，前排坐着特敞亮，底盘高，视野也更清楚些。后排虽然没有前排那么大，但是绝对够用了，两个人，我老爹身高175，后排的腿部还有两拳多的距离，头顶上还有一拳半左右的距离，就很轻松。后备箱的话也非常大，装三个行李箱，26寸的没问题，再放一些书包什么的，妥妥了。
    
    






                

    驾驶感受
        
            
            
        
        5
    
    
    开起来我觉得比油车更舒服，尤其是起步的时候，那嘎嘎的丝滑，轻轻给点油门车就动了，而且在提速的时候没有了发动机的噪音车里非常安静，就平常两个人说话什么的基本上就没啥影响。再有就是转向的手感，确实挺轻巧的，两个手指头就能转动，我跑高速的时候，一只手扶着方向盘，一只手扶着扶手箱，得劲！掉头的时候基本上两个半车道就能掉过来，转弯半径也比较小，嘎嘎的方便。底盘的话，对于我这种就是家用的标准正合适，没有太软，也没有太硬，过减速带的时候，砰砰两声，就过去了，很轻松，颠簸不是很明显。转弯的时候我维持在30迈左右的速度，车身的侧倾也不是很明显，没有往一边倒的那种感觉。提速的话，到了100迈往上再往下踩感觉还特别有劲，超车都非常有信心，而且我的还是四驱的版本，现在季节要是下个雪什么的，安全性我觉得也会更高一些。
    
    






            

            




            

    续航
        
            
            
        
        5
    
    
    目前跑过一次高速，高速上续航能跑420多公里，在市区的话430~450公里，我感觉这样的表现，在我们已经不错的，毕竟太冷了，我出去穿着棉袄都打哆嗦，更别提车了。
    
    





            
            

    外观
        
            
            
        
        5
    
    
    嘎嘎的帅，那我就嘎嘎的喜欢。我都无法用语言来形容，前边没有进气格栅，给我的感觉就是挺前卫的，后边也有贯穿的尾灯，辨识度不错。是正和我的胃口，在下班之后，下了车都忍不住要多回头看两眼。
    
    
    
    
    


    
    
    
    


    
    
    
    


    





            

    内饰
        
            
            
        
        4
    
    
    做工倒是挺细致的，尤其是一些缝隙或者是接线的地方，看不到什么粗糙的痕迹，也没有漏出来的线头，还有好多地方都有软性材质的包裹，摸上去软软的，就忒舒服了呗！比硬塑料摸上去强多了，不仅软乎，冬天的时候摸上去还不凉。不过我刚提车的时候稍微有点怪味，大概半个月基本上就消散的差不多了，我性子比较急，就自己买了香薰放车里，现在坐车里还有股淡淡的清香。
    
    
    
    
    


    
    
    
    


    
    
    
    


    





            

    性价比
        
            
            
        
        5
    
    
    对我来说现在就是需要这么台能够代步的小车，纯电的车电费也用不了多少，要是相对于我家那另一台油老虎来说，所用的充电费用简直就是九牛一毛。现在提车没多长时间，没做过保养，但是提车的时候4s店还送了三次保养，要是后期保养的话我感觉也花不了多少钱，电动车又没有发动机变速箱什么的，费用肯定不会要太多。
    
    
    
    
    


    
    
    
    


    
    
    
    


    





            
                

    智能化
        
            
            
        
        5
    
    
    配置啥的也够丰富，开车的时候也不无聊。安全就更棒了，自适应巡航，主动刹车啥的只要是我知道的也都有，对我来说这就够了。
    
    
    
    
    


    
    
    
    


    




            

            



        "
绅士告别04,2023-02-26 首次发表,"
            
                
                    830km
                    
                    行驶里程
                
                
                
                
                
                
                
                    19.4kWh
                    冬季电耗
                
                
                
                
                
                
                     350公里
                     冬季续航
                
                

                
                
                    20.68万
                    裸车购买价
                
                
                    2023-02
                    购买时间
                
                
                    菏泽
                    购买地点
                
            
            
    
        
            
        
        
            
        
        
            
        
        
            
        
        
            
        
        
            
        
        
            
        
        
            
        
        
            
        
        
            
        
    
    

    
        $(document).ready(function () {
            var koubeiid = 4839223;

        });

    


            
                最满意
                让我最开心的是，自从有了这款车之后，我的生活也变得方便了起来，平时上下班再也不用担心天气问题了，以前每次都怕下雨，总是带着各种装备，现在有了车以后就感觉方便多了，刮风下雨都不怕，而且这辆车它的空间也非常的宽大，平时里面装一些东西也完全没有问题，其次就是这款车的动力还真的挺好的，加速的时候也特别的顺畅，而且等红绿灯起步的时候也非常的迅速，过沟坎的时候也非常的平稳，样子也比较的帅气，尤其是它的前脸设计的，既简约又大方，而且凹陷式的灯设计也非常的好看，让整个前脸变得更加立体感，时尚感也非常强烈，所以这款车对我的生活真的影响挺大的，如果早早攒够了钱买了车，可能我的生活比现在还要好，所以还是要继续奋斗
            
            
                最不满意
                因为这款车的配置什么的都挺全面的，所以我也没有太多不满意的地方，主要是在一些小的细节方面，可能还有一点和我的生活习惯不是特别大，比如他的座椅感觉还是稍微有一点点的硬，可能是为了搭配他SUV的一个性格，更能体验驾驶的一个乐趣，所以座椅偏硬一点点，不过对于我来说，可能更喜欢稍微柔软一点的东西，倒也不是什么大的问题，可能开习惯就好了
            

            

    空间
        
            
            
        
        5
    
    
    空间是非常的宽敞的，我平时一个人上下班开，基本上只在主驾位置活动，所以后排和副驾位置都空着，周末偶尔带上父母一起出去旅游，也比较的方便，之前父母坐车总是晕车，自从坐我这一辆车以后，基本上没有晕过车，我觉得可能他们也是为我开心，所以坐在车上的心情也不一样，这辆车的高度还是比较可观的，所以坐进去以后感觉并不压抑，比较的敞亮，内心也会比较放松，而且后备箱也非常的宽大，平时在周边游的时候总是会带一些吃的喝的，还有一些行李放进去也非常的容易
    
    
    
    
    


    






                

    驾驶感受
        
            
            
        
        4
    
    
    这车子的动力还是非常强的，因为平时我等红绿灯的时候总是会起步晚一点，所以，总是怕落在别人后面，再错过下一个红绿灯，但是好在这个车的起步很快，每次他的电门响应都会非常的灵敏，而且动力也非常的足，直接一下就给冲上来了，所以虽然起步晚，但是并不别人慢，让我还是非常欣慰的，而且平时跑一些郊区的路况的时候也非常的平稳，整个车子的动力也会非常的持久，爬坡的时候也是毫不费劲，就能够轻松上去，不过就是车内的座椅还是稍微偏硬了一点点，对于我来说，舒适度可能就没有那么好了，如果把座椅调整的再稍微偏软一点，可能就会更加的舒适了
    
    






            

            




            

    续航
        
            
            
        
        5
    
    
    这款车的一个续航能力算是比较的不错，基本上满电情况下，续航能力也能满足平时使用，如果开上空调的话，它的续航能力可能在340到350，也算是一个很不错的续航能力，而且他的技术还算是比较成熟，所以在这一方面研究的还是挺到位的，而且我对这个续航也比较满意，平时我的上班路程并不是很远，充了一次电就能够开上一个多星期
    
    





            
            

    外观
        
            
            
        
        5
    
    
    外观的设计真的是特别有亮点，尤其是它的前脸设计就感觉特别的漂亮，整个的前倾盖的线条都非常的硬朗，而且采用这种俯冲式的一个设计，不仅让他的视野变得更好，而且整个车身也变得非常宽大，看上去就特别的有有力量感，除此之外，就是他的后尾灯的设计也非常的忽视，给人的感觉非常的敦实有力量
    
    
    
    
    


    
    
    
    


    





            

    内饰
        
            
            
        
        5
    
    
    内饰里面看着还比较的高端大气上档次，我每次坐进去之后都觉得它的内饰用料特别的舒服，感觉摸上去手感也很好，而且它里面的储物空间也比较的多，平时放些水杯，钥匙以及一些小的东西都特别的方便，而且有时候会把一些衣服放到车里面，平时上下班的时候换衣服就会比较方便
    
    
    
    
    


    
    
    
    


    
    
    
    


    





            

    性价比
        
            
            
        
        5
    
    
    这款车的性价比对于我来讲是足够高的，因为有了这车以后，我的生活有了很大的改变，别人都是另一半给遮风挡雨，我感觉这车就是我的另一半为我挡去了风雨，带来了安全感和自信，而且这个车他开着也比较的省心省钱，所以对我来说非常的划算
    
    





            
                

    智能化
        
            
            
        
        5
    
    
    这个车的配置对于我来说已经完全足够用了，而且平时家用的时候我并不会全部用的到，只不过当时买这个的时候也是考虑到有一些极端情况，万一用到没有的话可能就会比较的后悔，所以直接买了这一个次高配，让我觉得内心更放心一些
    
    




            

            



        "
,,
西安车友2426350,2023-02-24 首次发表,"
            
                
                    4330km
                    
                    行驶里程
                
                
                
                
                
                    16.0kWh
                    春秋电耗
                
                
                
                
                
                
                    480公里
                    春秋续航
                
                
                
                

                
                    450公里
                    冬季续航
                
                
                    26.20万
                    裸车购买价
                
                
                    2022-10
                    购买时间
                
                
                    宝鸡
                    购买地点
                
            
            
    
        
            
        
        
            
        
        
            
        
        
            
        
        
            
        
    
    

    
        $(document).ready(function () {
            var koubeiid = 4837113;

        });

    


            
                最满意
                首先要感谢我的老婆这么多年的陪伴，要是没有她，买这台车的钱跟本就不知道从何而来。买车的时候我们也考虑过一年到头好像也跑不了几次长途，大部分都是在市区里开，从到我上班的地方也就20km，一天来回40km，买一台纯电的车型，那就够了。而且要是买混动车型的话，以后的保养费用肯定会比纯电车型的保养费用更高一些，经过这些多方面的考虑，才选择了一台纯电的车型。
            
            
                最不满意
                就纯电的车型，冬天续航影像就太严重了，续航硬生生的衰减到了450公里，自从买了车之后，我也没有跑过长途，就是来回的从我家到公司，从公司到家这么开，速度一般维持在60码到80码左右，对代步的问题是可以解决了。
            

            

    空间
        
            
            
        
        5
    
    
    前排的储物空间都非常多，门板，扶手箱，手扣有好多的地方可以放东西，扶手箱的深度还算可以，我一般都是放一些杂物，比如毛巾，湿纸巾，刮胡子刀什么的。中控台下边还有一个很大的地方可以放东西，我平时在那里都是放一些不常用的东西。感觉坐着空间也比较大，尤其是座椅本身就比较大，而且感觉能把整个人包在里面，坐着很舒服。
    
    






                

    驾驶感受
        
            
            
        
        5
    
    
    动能回收我一般开的都比较强，松开油门之后就感觉稍微带了点刹车，尤其是在市区里开的时候，要是前边儿有红灯的话，到一定的距离，我就松开油门，过一会儿车自己就停了，都不用我踩刹车了，而且感觉非常平稳。
    
    






            

            




            

    续航
        
            
            
        
        4
    
    
    电动车的续航一到冬天就歇菜，买这台车的时候就是冬天了，续航一般也就是450多km，我感觉要是夏天的话，续航可能会稍微多一点儿，冬天实在是太冷了，人都不想动，那车更不想动。
    
    





            
            

    外观
        
            
            
        
        5
    
    
    更喜欢那种大气霸气的车，这台车给我的感觉就是非常的潮流，更符合现在年轻人的审美观念。不过也还好，反正整体看上去也挺好看的，也一点儿也不丑，开这台车正好还能让我年轻几岁呢。
    
    
    
    
    


    
    
    
    


    
    
    
    


    





            

    内饰
        
            
            
        
        5
    
    
    内饰好多地方都是那种皮和布混搭的包裹，尤其是座椅，一半是布一半是皮革，其实我感觉这样更好，中间是布的，更容易通风，坐时间长了屁股容易出汗，布的就不那么容易出汗了，两边是皮的，坐着还更舒服一些。
    
    
    
    
    


    
    
    
    


    
    
    
    


    





            

    性价比
        
            
            
        
        5
    
    
    对于我的用车需求来说，性价比是超高的，我不怎么跑长途，纯电的车对于我来说就已经够了，没有必要去买混动的车型，而且混动的用车费用肯定还会高不少，目前开着这台电车，我粗略的计算过一次，大概一公里的费用是七到八分钱，这也太省钱了吧，我滴乖。
    
    
    
    
    


    
    
    
    


    
    
    
    


    





            
                

    智能化
        
            
            
        
        5
    
    
    中控台的扶手设计的比较高，我胳膊搭在上面感觉非常舒服，这应该算是一个大包围吧。
    
    
    
    
    


    
    
    
    


    
    
    
    


    




            

            



        "
宝鸡车友3842081,2023-02-24 首次发表,"
            
                
                    4220km
                    
                    行驶里程
                
                
                
                
                
                    16.0kWh
                    春秋电耗
                
                
                
                
                
                
                    440公里
                    春秋续航
                
                
                
                

                
                    410公里
                    冬季续航
                
                
                    28.10万
                    裸车购买价
                
                
                    2022-10
                    购买时间
                
                
                    榆林
                    购买地点
                
            
            
    
        
            
        
        
            
        
        
            
        
        
            
        
    
    

    
        $(document).ready(function () {
            var koubeiid = 4837101;

        });

    


            
                最满意
                现在的新能源车成了一种趋势了，正好要换车，就想着，现在的油价这么高，索性赶个潮流，也买个电动车。新能源车还可以上绿牌，不用交购置税，平时的出行也比较方便。这款车还是很符合我预期的，车的外观看起来特别帅，是我的菜，我买的是最高配的车型，配置特别丰富，满足了日常需求，开着也是安全感满满。最重要的是不用加油啦，充电特别省钱。我还是比较相信合资车的质量。
            
            
                最不满意
                不满意的就是中控大屏幕的网络不是太稳定，偶尔会卡死，遇到这种情况我就重启一下就好了。
            

            

    空间
        
            
            
        
        5
    
    
    空间在同级别中还是算比较大的。我尤其是后排比较明显，坐三个人也完全不觉得挤，座椅很宽大，坐着也舒服。他们坐了我的车都跟我夸乘坐感受挺好。后备箱的空间对于日常出行来说，也是足够用了。
    
    






                

    驾驶感受
        
            
            
        
        5
    
    
    动力完全不输油车，油门响应很积极，起步的速度特别快，可以选择驾驶模式。底盘的稳定性也很好，即使跑高速也不觉得飘。加速超车一气呵成没有任何顿挫感，特别好开的一台车，几天就上手了。
    
    






            

            




            

    续航
        
            
            
        
        5
    
    
    我入手的这台，标的续航是500，冬天可真跑不到，夏天还没试过，差不多能跑400左右，我觉得也差不多了，丰田的电动做的还是不错的，冬天的空调也很给力。
    
    





            
            

    外观
        
            
            
        
        5
    
    
    外观我是非常中意的，前脸的造型，很独特，LED的大灯给车子增添了威严感，尾部贯穿式的尾灯，辨识度也很高。
    
    
    
    
    


    
    
    
    


    
    
    
    


    





            

    内饰
        
            
            
        
        4
    
    
    内饰看起来也是比较高大上的，12.3寸的大屏幕，很有科技感，布局也是一目了然，不过中控大屏幕网络不太好，内饰的手感也很好，手能摸到的地方都是软，没有廉价的塑料感，这点儿我是很满意的。整个座椅的设计是偏高的，真皮座椅带加热，在这个冬天真的超爱。多功能的方向盘，基本能控制车里的大部分功能了，特别的方便。
    
    
    
    
    


    
    
    
    


    
    
    
    


    





            

    性价比
        
            
            
        
        5
    
    
    这台车的性价比还是很高的，不过这也看个人的需求，有的人觉得高配的没有性价比可言，可我并不这么认为，既然买车，肯定要享受它带来的便利，并不是只作为一个代步工具来开。所以我很满意。
    
    
    
    
    


    
    
    
    


    
    
    
    


    





            
                

    智能化
        
            
            
        
        5
    
    
    座椅加热和方向盘加热还带自动模式，座椅上面都有打孔设计，开起来还是挺轻松的，雷达和影像识别的都很准，影像也很清楚。
    
    




            

            



        "
安康车友5207014,2023-02-24 首次发表,"
            
                
                    3110km
                    
                    行驶里程
                
                
                
                
                
                    16.0kWh
                    春秋电耗
                
                
                
                
                
                
                    440公里
                    春秋续航
                
                
                
                

                
                    420公里
                    冬季续航
                
                
                    28.10万
                    裸车购买价
                
                
                    2022-10
                    购买时间
                
                
                    西安
                    购买地点
                
            
            
    
        
            
        
        
            
        
        
            
        
        
            
        
    
    

    
        $(document).ready(function () {
            var koubeiid = 4837087;

        });

    


            
                最满意
                有车之后生活的幸福感大幅度地提升，平时一家人出门就有了遮风挡雨的地方，去哪里也更加地方便了。BZ4X按照目前的行驶情况来看，很满意的地方比较多，就拿这台车的费用来算，作为一台新能源电动车，就真的不必太多地考虑到燃油上涨所带来的出行压力。
            
            
                最不满意
                作为一台新能源电动车，可能会更加关注到科技方面的体验感，感觉有待加强。
            

            

    空间
        
            
            
        
        5
    
    
    在空间方面的表现，我首先还是比较关注后排的乘坐，对于一个1米78的成年人来说，曾做的舒适性和空间的宽敞，有着紧密的联系。当初我在试驾这台车的时候，也好好地感受了一下后排的乘坐空间，不会给人很拥挤的感觉，尤其是纵向空间还是有很宽敞的活动范围，这会让人觉得很舒服。
    
    






                

    驾驶感受
        
            
            
        
        5
    
    
    电动车在驾驶方面的感受还是有很大的不同之处，首先我认为在加速的时候非常地直接，没有任何的拖泥带水，这是让我感到最惊讶的地方，平时在起步超车的时候也非常地有信心。其次在加速的过程中没有那种特别明显的噪音，对于一个追求乘坐和驾驶静谧性的家人来说，这一点做得还是挺不错的。最重要的可能还是在操控本身能够有非常舒适的底盘调校，在高速驾驶过程中的底盘晃动感不明显，而且方向盘的指向非常的清晰，回正也很及时。
    
    






            

            




            

    续航
        
            
            
        
        5
    
    
    按照目前的行驶情况来看，我真的不必太多地担心能耗方面的问题，车辆本身的续航还算是挺不错的。但是，电动车本身在寒冷的冬天掉电情况还是非常明显的，虽然官方宣称有500公里的续航里程，但是按照目前的行驶情况来看，顶多也就能够跑个420公里的样子，不过好在是支持快充。
    
    





            
            

    外观
        
            
            
        
        5
    
    
    外观方面的设计挑不出太大的毛病，但是如果要说有电动车那种特别激进的设计风格，我认为有些太过勉强。不过当初之所以看中这款车，还是因为在外观方面的设计比较稳重，他不会显得过于浮夸，但是也不会给人一种很平庸的感觉，这样的设计风格还是能够经得起时间的考验。
    
    
    
    
    


    
    
    
    


    
    
    
    


    





            

    内饰
        
            
            
        
        5
    
    
    我认为内饰方面的配置还是非常豪华的，就比如说真皮材质的方向盘，还真的有很不错的手感，这也算是长期接触的地方。另外真皮的座椅舒适度还是挺高的，不过主驾驶的座椅调节还是支持很多方向的，平时开长途车的时候，可以跟着自己想要的姿态，随意地进行调节。
    
    
    
    
    


    
    
    
    


    
    
    
    


    





            

    性价比
        
            
            
        
        5
    
    
    我认为这台车展买回来之后，不应该过多的去讨论，富有足够高的性价比，可能在某些方面自己用得满意就够了。是否能够应付好日常的出行需求，尤其是能不能经得起时间的考验。这个就非常关键，按照目前的情况来看，已经算是有一个挺不错的表现的。
    
    
    
    
    


    
    
    
    


    
    
    
    


    





            
                

    智能化
        
            
            
        
        4
    
    
    但这并非这台车本身的优势，但是与他有着密不可分的关系，车内的配置比较一般。
    
    




            

            



        "
焦作车友7326204,2023-02-23 首次发表,"
            
                
                    2200km
                    
                    行驶里程
                
                
                
                
                
                    19.0kWh
                    春秋电耗
                
                
                
                
                
                
                    350公里
                    春秋续航
                
                
                
                

                
                    320公里
                    冬季续航
                
                
                    24.88万
                    裸车购买价
                
                
                    2023-02
                    购买时间
                
                
                    西宁
                    购买地点
                
            
            
    
        
            
        
        
            
        
        
            
        
        
            
        
        
            
        
        
            
        
        
            
        
        
            
        
    
    

    
        $(document).ready(function () {
            var koubeiid = 4834977;

        });

    


            
                最满意
                最满意的还是这种电车的驾驶感受，真的非常的爽，提速非常的强。没有换挡的感觉，而且低速的时候整个车子的静音非常的好。大家都说开过了电车就开不回油车了，真的是这种感觉。比开油车的那种驾驶感受要好上100倍。还有我买的这个车子是顶配的，它这个功能也是比较齐全的。
            
            
                最不满意
                最不满意的就是我这个车子的中控这部分。开了几天之后有异响，但是我回去查查了好几次，也没有查出来到底是什么地方异响。他还不是每次开车都会响，偶尔会响，现在也没搞清楚是什么原因，这个真的是。感受太不好了。其他各个方面感觉都还可以吧，比较不错。
            

            

    空间
        
            
            
        
        5
    
    
    这个车子的空间跟荣放比起来应该是不相上下的。家用是没问题的，前排后排坐人都是比较宽裕的，尤其是后排的腿部空间是比较大的。我身高1米75160斤，坐在后排翔二郎腿是没有问题的。后备箱的空间也可以装点，平时的东西也没问题，整体的空间说不上很大，但是也不算小。够用就可以了
    
    






                

    驾驶感受
        
            
            
        
        5
    
    
    这个车子开起来尤其是起步的时候没有噪音，非常的安静，速度快的话会有太早跟风，造汽油车的话，如果速度快会有发动机的噪音，电车的话就仅仅有太早跟风造，在这方面汽油车是比不了的。还有电车的起步加速非常的快，因为它没有变速箱，也不用换到，所以它的速度提的很快，而且很平顺。还有这个车子的安全配置我感觉很好，尤其是开车的时候，他可以主动去识别车子四周的车辆，还有行人。嗯，能够做到自己提前减速，而且减速也不会太突然。开起来非常的不错，还有跑高速的时候打开定速巡航整跟车距离。这个跑高速很轻松，也很安全，因为自己开车的时候经常会走神儿。
    
    






            

            




            

    续航
        
            
            
        
        5
    
    
    我买的这个是四驱的，四驱的官方标的，续航里程是500km。我刚买了不到一个月的时间，现在天气比较冷，而且上车会打开空调。他表显里程满电的话应该只有460km左右。还没有彻底去跑过，但是我觉得他的真实的里程应该也就360km左右。这个车中配的有615km的，不过我还是喜欢这个四驱的，四驱的配置也比较高。续航里程的话，我要求不高，我也不会跑长途，四百公里足够我开了。现在纯电的车最纠结的就是这个续航历程。我觉得不管他是多是少吧，一定要根据自己的用车情况来看，如果你需要跑长途的话，那他肯定是越多越好。如果你每天就是上下班开，他没必要太高，你也用不到。
    
    





            
            

    外观
        
            
            
        
        5
    
    
    这个车子的外观说实话，在纯电车里边儿算不上很好看的，只能算中等，但是在丰田车里边儿。可以说是比较好看的了，有丰田的风格，但是比其他的车子要好看很多，运动感很强，这个轮胎看着很大。而且两个大灯看着非常的帅气，颜值也是有的
    
    





            

    内饰
        
            
            
        
        4
    
    
    这个车子的内饰设计的是比较科技感的，有那么一点儿，我感觉设计不太合理，他就是这个每次我调整方向盘，它都会多多少少的会挡住一点前面的这个屏幕。听说国外的方向盘是四方形的，但是国内是圆形的，如果它是四方形的，这个避免这个问题。原生的话不太好调整。其他地方的那是手感还是不错的，小空间也比较多。总共才还有很多布置的地方，摸着手感还好。我这个车子中控里边儿有异响，到现在也没搞明白到底是哪里的问题
    
    





            

    性价比
        
            
            
        
        5
    
    
    大家都知道丰田的车子向来都是优惠不算很大的，尤其是刚上市的车。不过这个车子上市时间不长，我买的时候优惠差不多有3万块钱了，这个是比较难得的。最近疫情比较严重吧，可能厂家也有压力，不然的话我感觉不会有这么大的优惠。这个价位可以说有很多的选择性比亚迪或者特斯拉，还有国产的一些其他品牌。不过我还是比较倾向于丰田，因为丰田的历史还是比较长的。质量是比较可靠的，整体来讲性价比我个人感觉还是比较不错的。
    
    





            
                

    智能化
        
            
            
        
        5
    
    
    对比了很久最后选了丰田的bZ4X，26万左右的价格，刚好在我们的预算内。这车最满意的要数驾驶辅助了，平时开车是老公开得多，所以我驾照拿了这么多年都不能称为是“老司机”，这辆车的内在配置上了一个档次，车内的音响低重音效果也是很棒的我很喜欢。 
    
    




            

            



        "
南风轻语2l,2023-02-23 首次发表,"
            
                
                    3800km
                    
                    行驶里程
                
                
                
                
                
                
                
                    15.3kWh
                    冬季电耗
                
                
                
                
                
                
                     550公里
                     冬季续航
                
                

                
                
                    26.88万
                    裸车购买价
                
                
                    2022-12
                    购买时间
                
                
                    泰州
                    购买地点
                
            
            
    
        
            
        
        
            
        
        
            
        
        
            
        
        
            
        
        
            
        
        
            
        
        
            
        
        
            
        
    
    

    
        $(document).ready(function () {
            var koubeiid = 4834340;

        });

    


            
                最满意
                这辆车最让我满意的地方就是它的动力方面了，个人觉得这辆车的动力还是蛮充足的，本来对这辆车并没有抱很大的期望，毕竟价格并不是很贵嘛，但是在开车的时候，这辆车的动力真的给了我很大的惊喜，动力响应非常的及时，爆发力也很强，超车非常的轻松，在普通的道路上就不用说了，完全没有什么问题，哪怕在高速上，这辆车的动力表现也不会逊色于其他的车。
            
            
                最不满意
                这辆车的配置我觉得和普通的车都没什么别的太大的突出点，总体来说都比较偏向大众化，车内的操控功能配置该有的都有，就是车刚到手的时候味道比较大。还有一点就是它的隔音效果是比较差的，超车的时候声音就出来了。最重要的一点就是它倒车影像的分辨率比较低，看着不舒服，还有点难受。座椅的材质也比较硬，坐久了就会觉得不舒服，综合对比下来，性价比也不是最高的，毕竟能力范围有限。
            

            

    空间
        
            
            
        
        5
    
    
    这辆车的空间方面，个人觉得还是蛮不错的，特别是它的储物空间设计比较合理，非常的人性化，让车内空间利用率大大的提高了，比我之前那辆车大了不少，作为一辆家用车的话，这辆车是非常优秀的。后排乘坐空间非常的充足，腿部空间能有一拳半左右，头部差不多也有半拳的空间，整体来说，乘坐空间蛮大的，不会让人觉得拥挤，前排的驾驶空间也很大，不会让人觉得不舒服。
    
    






                

    驾驶感受
        
            
            
        
        4
    
    
    驾驶体验感这方面其实我并没有得到一个很好的体验，首先就是它的隔音效果并不是非常的完好，外面的噪音其实里面是可以听得非常清楚的，平时在市区开车的话，倒还好，试试开得比较慢一点，风噪和胎噪的声音就不是那么的明显，但是如果在高速路上开车的话，其实这些噪音都可以很清楚的在车内听见的，再加上车子的隔音效果并不是很好，车内就会显得比较吵一点，非常影响驾驶体验的。
    
    






            

            




            

    续航
        
            
            
        
        5
    
    
    感觉电动机还是比较给力的，平时充电也并不要花费太长的时间，基本上晚上把车放在那里充个9个小时左右就能够充满，还是自己把电全部耗光的情况下，但是现在的我还是比较注重车子的保养，不会一下子把电全部用光会小心地计划好，每一次出行，这样才能够让车子的寿命延长减少很多维修费用吧。家里人也说开这个车子出去停车也方便，最主要的是乘坐得舒服，还省钱，这不就是一举两得吗。我也是对这个车子的期待很高。
    
    





            
            

    外观
        
            
            
        
        5
    
    
    属于那种比较耐看的车型，颜值非常在线。并且车子在一些细节处的地方处理得非常不错，缝隙的处理也非常的均匀，让车子的整体看上去更加和谐一些。外观还挺让我感到满意的，整体的运动感很强，前脸看起来富有张力，十分具有特色，并且车身的线条非常的流畅，看起来十分的好看，漂亮。并且车子的外观还是比较有设计感的，配色采用的也很不错，让整体的颜值又大大提高了一个档次。
    
    





            

    内饰
        
            
            
        
        5
    
    
    我个人是挺喜欢这辆车的，内饰方面的，它的设计感感觉还是很足的，整体看起来是比较成熟简约的风格，并且车内的按键手感也非常的好，不会给人松松垮垮的感觉。车子的大屏看起来也非常的抢眼，看起来十分有科技感，用起来也非常的好用。并且车子的选材方面也比较良心，采用的材质手感都很不错，大部分的地方采用的都是软的材料，做工也非常的扎实，摸起来非常的舒服，整体来说挺满意的。
    
    





            

    性价比
        
            
            
        
        4
    
    
    降噪处理这块是有进一步的提升，而且在配置方面功能是非常齐全的，上手操作起来困难也不大，这样一辆各方面都得到升级的车，在价格方面肯定是不便宜的，而且当时提车的时候优惠力度也不大，总体性价比不算非常高。加上其他方面，感觉电动的车子在动力上就是不太一样，有点小卡顿，希望后期能够改善，这也是我唯一的要求了。
    
    





            
                

    智能化
        
            
            
        
        5
    
    
    丰田品牌的名声和口碑一直都非常好，是几十年的老品牌了。所以在质量这方面是没得话说的，配置这块和价位这方面是成正比的。中控大屏中的功能非常齐全，另外还有很多的安全配备系统。运用起来也非常方便快捷。带给我的科技体验感满满，到现在为止，我觉得bzx4依然还是一个非常不错的选择，家人也觉得我看车的眼光非常好。开出去这面子不就来了吗。
    
    




            

            



        "
我们go,2023-02-23 首次发表,"
            
                
                    792km
                    
                    行驶里程
                
                
                
                
                
                
                
                    16.5kWh
                    冬季电耗
                
                
                
                
                
                
                     367公里
                     冬季续航
                
                

                
                
                    22.68万
                    裸车购买价
                
                
                    2023-02
                    购买时间
                
                
                    烟台
                    购买地点
                
            
            
    
        
            
        
        
            
        
        
            
        
        
            
        
        
            
        
        
            
        
        
            
        
        
            
        
        
            
        
        
            
        
    
    

    
        $(document).ready(function () {
            var koubeiid = 4834330;

        });

    


            
                最满意
                这是我的第一辆纯电动车，当时买车的时候就想着买一辆新能源，毕竟燃油车家里已经有两辆了，所以就想着换一款纯电动的，可能看起来会更加的舒服，而且比较节省，最重要的是，也符合国家的要求政策，毕竟以后新能源会越来越多，所以提前感受一下，太差的车肯定也不想开，因为已经开过其他车型，舒适度如果达不到的话，内心也会特别的失望，所以20多万的车就刚刚好，配置性能和它的动力也不会很差，看车的时候也考虑过其他的车型，但是觉得都不是特别的喜欢，正好丰田新出的这一款车型就让我特别的中意，所以对比完其他车型之后，觉得这款车的价位还有它的外观都比较让我喜欢，尤其是它的前脸设计，看上去就特别的时尚，而且也非常有层次感，既然喜欢，那就直接买好了，体验一把，看看感觉怎么样
            
            
                最不满意
                要说这是其他方面，还都是挺好的，就是作为丰田的第一款新能源车，不知道他后期的配置会不会全面一些，包括他的维修保养以及零件的配置等方面，会能达到一个什么样的程度，还是有一点点的疑虑和担心的，毕竟这不是他的主要业务
            

            

    空间
        
            
            
        
        5
    
    
    空间上是没有什么问题的，平时家里车也比较多，所以基本上不需要很大的空间就能够满足，而且这车买来也就是平时出去玩或者上下班代个步而已，反正我目前觉得他前排主驾位置的空间还是挺舒服的，尤其是他的座椅，感觉比较的宽敞，后排坐上两三个人也比较的轻松，后备箱平时放些菜或者其他东西都没问题，其实一般后备箱也不会放很多的东西，毕竟也没有谁天天都会满载而归，所以平时够家用就可以了
    
    






                

    驾驶感受
        
            
            
        
        5
    
    
    动力上，我觉得平时开着还都比较的顺畅一些，而且它的提速也非常的迅速，平时提速的时候我都喜欢轻踩油门，然后感觉还是很有冲劲的，尤其是它的油门特别的灵敏舒适度会非常的高，车里内的静音效果也做的很不错，基本上没有出现过什么特别的抖动或者异响，而且平时我出行的时候总是喜欢开这款车，所以基本上都能够达到我的一个理想需求，没有出现过其他的小毛病，平时起步的时候也非常的快，在市区里开着还是挺得劲的
    
    






            

            




            

    续航
        
            
            
        
        5
    
    
    他的店号算是比较的合理一些，因为我平时开车的话都没有太过注意过，看了一下他的数据应该是百公里电耗是16.5左右，续航能力基本上稳定在360到370之间，其是不开空调的时候，它的续航能力更加的理想，如果开空调的话，会有稍微一点点的影响，反正我平时也跑不了很远，所以基本上充了一次电就能开挺长一段时间，还是挺放心省电的
    
    





            
            

    外观
        
            
            
        
        5
    
    
    我当时第一眼看到这辆车的时候，就特别的喜欢，因为它的造型设计看起来非常的独特，尤其是它的前脸也比较的个性化一些，采用地趴式的造型，看上去就非常的有冲劲，侧面的线条也非常的运动化，而且尾部的造型和前脸相互呼应也比较有运动气息，所以这辆车给我的感觉就是特别的舒服和动感，在电车里面算是比较好看的一款类型
    
    
    
    
    


    
    
    
    


    





            

    内饰
        
            
            
        
        5
    
    
    它里面的内饰和外观的设计还是挺和谐的，而且也比较的搭配，尤其是它的中控大屏，看上去就非常的上档次，而且手感摸起来也非常的不错，操控起来更是非常的简单，它仪表盘的设计也非常的精致，而且整个车内用的材料也让人特别的放心，基本上没有很大的味道，摸起来手感也是非常的软乎，当时我喜欢这辆车的一个原因也有很大的关系，和内饰有关，因为一款好的内饰可以让人更加的舒适，开车也会变得更加的有耐心
    
    
    
    
    


    
    
    
    


    
    
    
    


    





            

    性价比
        
            
            
        
        4
    
    
    其实怎么去评价它的性价比并不是特别的重要，因为这辆车自己喜欢就好了，最重要的是它的外观，我特别的认可，而且里面的内饰的配置和用料也都让人特别的放心，续航里程也在我的一个理想范围内，其他各方面都感觉还是表现挺不错的，除了他后期的一个配置和保养维修是否能够更加的便捷和省心，我还稍微有一点疑虑之外，其他各方面觉得真的挺好
    
    





            
                

    智能化
        
            
            
        
        5
    
    
    这辆车上配备的平时用的功能基本上都有了，而且有很多功能，说实话，平时并不一定能够用得到，毕竟没有谁开车会把每个功能都试一遍，但是有这些功能的话还是挺方便的，如果真的用得到，那也是可以解决燃眉之急
    
    




            

            



        "
h癔哩咫Cj8k,2023-02-23 首次发表,"
            
                
                    1720km
                    
                    行驶里程
                
                
                
                
                
                
                
                    16.5kWh
                    冬季电耗
                
                
                
                
                
                
                     370公里
                     冬季续航
                
                

                
                
                    24.68万
                    裸车购买价
                
                
                    2023-01
                    购买时间
                
                
                    济南
                    购买地点
                
            
            
    
        
            
        
        
            
        
        
            
        
        
            
        
        
            
        
        
            
        
        
            
        
        
            
        
        
            
        
        
            
        
        
            
        
        
            
        
    
    

    
        $(document).ready(function () {
            var koubeiid = 4833972;

        });

    


            
                最满意
                这款车满意的点其实也不少，比如说它的功能，还有它的性能以及它的使用操控动力空间等等吧，我感觉他的整体效果还是挺不错的，虽然说他的续航里程没有想象的好，但是目前用车感觉还是可以的，因为当时选车的时候没想到他的电量会下降那么快，目前来说虽然有点后悔，但是已然已经买车了，所以对这个也没有什么过不去的坎，毕竟车子还是要用的，而且这个除了这方面以外，其他的方面都还可以，而且他这个续航也在360左右吧，反正代步用也问题不算大，而且如果充电的话，慢充大概也需要一个晚上的时间，倒不影响什么，平时用车不过快冲那就快了一个小时的时间就可以充个大差不差，所以说满意的地方是不少，不满意的地方也有，毕竟这个车在功能上倒挺齐全的，各方面方向盘加热，座椅加热以及中控大屏操作也比较的流畅，动力那更是强劲，所以有的时候感觉这个车还是挺好的，毕竟已经买了，就要接受他的所有优点。
            
            
                最不满意
                说到不满意，我觉得就是它的续航了，和想象的完全不一样，当初在用车的时候，突然续航降到300多的时候，觉得自己心里咯登一下是不是被骗了？不过后期一直用车，大概也就是这个续航里程了，感觉还是有些不满意，也去店里问过，咨询过，也没说个什么来，所以说对于他的这个整体续航，整体是一个不满意的点
            

            

    空间
        
            
            
        
        5
    
    
    空间的话倒还比较大气，尤其是在平时用车过程中，整个空间挺合适，坐着也比较的舒服，而且它的前排空间感觉比较的宽敞，而且它的方向盘也可以调节，把自己的座椅和方向盘调节完成，平时空间方面还是挺舒服的，开车也比较的自在，而且这个设计后备箱开口挺大的，放东西比较的方便，真是往里塞点东西什么的，比较的容易一些，而且第二排空间如果放倒的话，空间利用率会更好放一些，大件什么的就比较的灵活，整个车的储物能力的话，倒算还行，不能说很差，也不能说特别好，因为毕竟整体的空间就在这里，也不会说放很多的东西，不过一般家用的话倒肯定没问题。
    
    
    
    
    


    
    
    
    


    






                

    驾驶感受
        
            
            
        
        5
    
    
    这个车开起来是挺不错的，方向盘也很轻，开起来基本上不费力，不过我就担心在开的，如果太快的话，会不会出现不稳的情况，因为毕竟我这个车也不是很快，在跑高架的时候也就跑到90多，目前来看的话，开车倒还挺轻松的，就怕长途跑高速会发累，而且这个车提速还是很快的，很有那种爆发力，而且这个动力没有什么延迟，在油门踩下的瞬间就能感受到动力的澎湃感。
    
    






            

            




            

    续航
        
            
            
        
        4
    
    
    这个冬天都快过去了，感觉这个续航的话变化不算很大，因为也没有什么感觉，平时也都开着空调，所以整个续航里程倒是有限的，而且这个充电时间的话还算比较稳定，一般都是七八个小时的样子充满，不过我一般都是是还有四五十的电的时候就想充电了，要不然心里没有安全感。
    
    





            
            

    外观
        
            
            
        
        5
    
    
    外观还是挺招人喜欢的，看着这个外观显得比较的细致，整个前脸也比较的有层次感，主要是前机盖那种感觉层次感比较丰富，看着也比较的舒服，而且这个车头造型看着还挺大气的，毕竟这个车一眼看过去还是看的整个车身，所以这个也是第一感觉设计感还是挺不错的。
    
    
    
    
    


    
    
    
    


    





            

    内饰
        
            
            
        
        5
    
    
    内饰方面也算挺好的，因为这个车的软硬度倒可以，尤其是座椅的舒适度，还有它的内饰装饰副驾驶前方都是软包，感觉也是呃，挺上档次的，而且这个空调效果也比较的快，温度也比较的柔和舒服，还是挺舒服的，而且它这个座椅加热平时也是挺实用的，尤其是现在天还是有点冷，开个加热感觉整个人都暖呼呼的。
    
    
    
    
    


    
    
    
    


    





            

    性价比
        
            
            
        
        5
    
    
    车子的性价比说实话高还是挺高的，不过作为长途用车的话，我觉得不是很合适，毕竟它的续航里程有一定的限制，不是很方便。
    
    





            
                

    智能化
        
            
            
        
        5
    
    
    智能化挺丰富的，其实在冬天的时候，APP远程控制挺实用，在家还没出门的时候，可以提前把空调打开，能提升整个车的舒适度，而且现在天还是有点冷，这个功能倒还是比较经常用的，还有就是它的一些其他配置了，比如说360全景影像，还有就是车道保持也是挺实用的一个功能。
    
    




            

            



        "
咪兔的速度1,2023-02-22 首次发表,"
            
                
                    2670km
                    
                    行驶里程
                
                
                
                
                
                
                
                    20.0kWh
                    冬季电耗
                
                
                
                
                
                
                     280公里
                     冬季续航
                
                

                
                
                    26.88万
                    裸车购买价
                
                
                    2022-11
                    购买时间
                
                
                    哈尔滨
                    购买地点
                
            
            
    
        
            
        
        
            
        
        
            
        
        
            
        
        
            
        
        
            
        
        
            
        
        
            
        
        
            
        
        
            
        
    
    

    
        $(document).ready(function () {
            var koubeiid = 4831501;

        });

    


            
                最满意
                当时选择这台车纯属就是偶然，一开始我是去的汽车产业园闲逛，最近确实也有购车的打算，因为要和我对象结婚了，结婚之前肯定要提一辆新车。我走到丰田4S店的时候偶然往旁边撇了一眼，觉得这车挺有个性的，看着老年轻化了，嘎嘎的板正。我就和老婆进去看了看，再经过4S店的销售小姐姐这么一介绍，当时就心动了，配置太丰富了，而且还是纯电的车，像我们这些事业刚起步的小青年，对于车的花销肯定不能太大，电车或许就是一个很好的选择。
            
            
                最不满意
                最不满意就是没有优惠，听说现在优惠6万了，我亏大了，我提的高性能pro，和销售谈的时间不短，来来回回去了好多趟4S店，但是最多就优惠1K，说已经到头了。不过销售的态度倒是不错，我去这么多趟4S店，人家一点也没嫌烦。第二点就是后排的空间略微的小了一点，但是现在就我和我老婆两个人开，后排几乎也不怎么坐人，也就能接受了。
            

            

    空间
        
            
            
        
        4
    
    
    小储物空间都非常充足，中控台下边还有镂空的设计，我平时不怎么放东西，但是要是老婆开车的时候放点包包什么的就刚刚好，不用再放在副驾驶了，老方便了。后排的座椅放倒了之后，空间也是老大了，我回农村老家有的时候会拉苞米，别人回农村拉苞米都是几小袋小袋的拿，而我把座椅一放到，就是好几麻袋的装，邻居家看到了都懵逼了，哈哈哈哈哈哈。要是平时开着的话，前边的空间足够，后排的空间小了一点，要是在后边坐上两三个成年人的话，还是能够满足出行的，只不过是没有前边坐着舒服。
    
    






                

    驾驶感受
        
            
            
        
        5
    
    
    要是说安静程度的话，一般在市区开不怎么明显，就是上了高速之后才能感觉出来，咱不能说一点噪音都没有吧，但是绝对是超出我的意料了，给我的感觉是非常安静，听着音乐，在高速上跑特别自在。还有底盘，稳的一批，变道超车或者是有大风的时候车都非常的稳当，开起来的感觉就非常舒服。
    
    






            

            




            

    续航
        
            
            
        
        5
    
    
    我们买的是续航560公里的，我当时想着是续航能多点是点的，里程焦虑还会稍微好点。现在我看着平均电耗也就是19.8KWh左右，就是上了高速电耗会稍微好点，还有就是冬天开了空调之后高点，平时开电耗都很低。实际跑下来，能跑260公里往右一点，充电的话，要是快充不到一个小时就能充满了，但是我觉得还是慢充的电实用点儿，我一般都是晚上下班充上电，第二天就充满了，完全不耽误使用。
    
    





            
            

    外观
        
            
            
        
        5
    
    
    每个人和每个人的审美角度，和评判的要点都不一样，反正我是老喜欢老喜欢了。尤其是后边的尾灯，不光是贯穿的设计，长度都能延伸到后翼子板了。在晚上一开大灯，那老帅了。
    
    





            

    内饰
        
            
            
        
        5
    
    
    内饰还算是中规中矩的，虽然是纯电车，但是有一些必要的实体按键，反正我是不太喜欢那些整台车里看不见一整个按键的，全靠语音控制，这台车有的时候需要操作，直接动手操作一下，我感觉更方便一些，还没有延迟，多好。方向盘的手感我也喜欢，不粗不细，就正好，还有一层皮质包裹，摸上去怪光滑的。
    
    





            

    性价比
        
            
            
        
        5
    
    
    除了优惠稍微少点，别的没啥不太妥的地方，就凭销售的这服务态度我就觉得值这么多钱！实在是太热情了，每次去都给我们倒咖啡，不是说咖啡多好喝，就这种态度我就觉得很棒！
    
    





            
                

    智能化
        
            
            
        
        5
    
    
    360全景影像特别实用，虽然说平时要是在空旷的地方用不上，但是要是堵车的时候呢？我要是转个弯什么的，这个东西是能碰上大用场的，好多盲区我都能看的一清二楚。我还选装了一个自动泊车入位，这个东西我是不怎么用的上，但是老婆用的上，她刚拿驾照没多长时间，有的时候停不进去，我又不在，就需要自动泊车来帮她停进去，确实能帮助她不少，虽然有的时候我帮不上她，但是有个这玩意，对于她来说还是很实用的。再一个就是车机，我有的朋友说丰田的车机太老套，但是我用着十分可以呀，这个流畅度就别说了，绝绝子，还有车机里的一些小程都非常实用。还是全液晶的显示，看着特别清楚，而且屏幕的大小也挺合适的，也太小了看不清楚，太大了看着又费劲，就这种不大不小的看着才方便，还不累，这整的多好！
    
    




            

            



        "
475329264,2023-02-20 首次发表,"
            
                
                    4100km
                    
                    行驶里程
                
                
                
                
                
                
                
                    15.0kWh
                    冬季电耗
                
                
                
                
                
                
                     470公里
                     冬季续航
                
                

                
                
                    27.28万
                    裸车购买价
                
                
                    2022-12
                    购买时间
                
                
                    德州
                    购买地点
                
            
            
    
        
            
        
        
            
        
        
            
        
        
            
        
        
            
        
        
            
        
        
            
        
        
            
        
    
    

    
        $(document).ready(function () {
            var koubeiid = 4829012;

        });

    


            
                最满意
                买车的时候，我最先看好的也不是bz4z，是别的款式，但是试车的时候感觉不太满意，bz4z也是作为一辆选的车子，当时并没有特别的看好它，经过几款车子的不断对比以后，感觉只有bz4z综合驾驶体验的表现是最好的。最满意的有三个方面，一方面是它的价位对我来说是比较经济的，而且很容易接受。第二方面就是它的综合性能表现得非常不错，不仅空间宽敞，动力也有非常好的表现，驾驶起来更是没有什么难度可言，即使新手也很容易操控，第三方面城市安全系统也是它的标配。虽然这些都不是稀罕的配置，但是真正使用到他的时候，就是无价的，毕竟行车安全不是儿戏。
            
            
                最不满意
                我感觉底盘悬架好像稍微有点硬，有时候经过市内正在维修的路段，会有非常明显的颠簸感，那种感觉是让人很不舒服的。
            

            

    空间
        
            
            
        
        5
    
    
    之前开小型SUV，后面考虑还是得换中级SUV,我想着也是，现在的生活跟以前不一样了，家里人也多了，家用车子空间还是得够大了。
    
    






                

    驾驶感受
        
            
            
        
        5
    
    
    新车的时候我没有长时间的融合，只是简单的适应一下就可以开着它上班，因为确实它的性能很好，油门和刹车都是比较轻盈的，而且方向盘转向精准，也很灵活，根本不需要长时间磨合。
    
    
        起步/加速动力
        我这个配置配了双电机的，前后都驱动，输出的功率也不小，在起步的时候完全没有顿挫感，而且电动机有非常足的动力储备，所以提速也好，超车也好，都是比较轻松顺畅的。
        
        
    






            

            




            

    续航
        
            
            
        
        5
    
    
    我特意把它的电耗耗和同级别的新能源车型做了一下对比，发现目前用车的15度的耗电在这些车子当中还是属于比较低的，因为我这个车型官方续航是500公里，我实际也可以开到470公里的极限。
    
    





            
            

    外观
        
            
            
        
        5
    
    
    我感觉整个外观上的造型是显得非常时尚大气，尤其是车头和车尾的设计，好像有些呼应，车尾部的设计也是饱满大气，层次分明，整体就是精致高档。
    
    





            

    内饰
        
            
            
        
        4
    
    
    整个内饰上不是特别的高档，用在28万级别的车上显得档次低了一点，而且搭配全液晶仪表盘都很小，使整个车内显得比较小气，好在车内的实体按键操作很容易，屏幕功能也比较丰富。
    
    





            

    性价比
        
            
            
        
        5
    
    
    虽然买车的时候稍微费了一点功夫，但也是值得的，挑来挑去选了bz4z真的是一个完美的选择，而时间也证明了我的选择是非常正确的。
    
    





            
                

    智能化
        
            
            
        
        5
    
    
    它的整体配置也还不错，不仅配置了360度全景影像，还有全速自适应巡航系统，自动泊车都是比较智能的，还可以记忆常用的车位，可以一键自动泊车。
    
    




            

            



        "
咸阳车友5782084,2023-02-20 首次发表,"
            
                
                    3220km
                    
                    行驶里程
                
                
                
                
                
                    17.0kWh
                    春秋电耗
                
                
                
                
                
                
                    500公里
                    春秋续航
                
                
                
                

                
                    480公里
                    冬季续航
                
                
                    26.20万
                    裸车购买价
                
                
                    2022-10
                    购买时间
                
                
                    榆林
                    购买地点
                
            
            
    
        
            
        
        
            
        
        
            
        
        
            
        
        
            
        
        
            
        
        
            
        
        
            
        
        
            
        
        
            
        
        
            
        
    
    

    
        $(document).ready(function () {
            var koubeiid = 4828663;

        });

    


            
                最满意
                我非常喜欢这辆车的车标，车如其名，尽显高雅，整个内饰设计风格是简约大方的，但是又很细致。车子的综合性价比还是不错的，首先我对这款车子的外观非常的满意，外观足够洋气，尤其是前脸充满了未来感。当然细节处也做到了，很大的诚意，非常的精致，让我很是感动的，还有这款车子的尾部造型，非常的立体。另外他的续航也没有让我失望，整个车子的操控感受也是非常灵活和精致的。提速非常的直接，超车的时候也很干脆利落，当然在高速路上跑的时候也能够做到从容不迫，虽然是电车，但是一点都没有让我失望，而操控的准确性方面也能够做到接地气。
            
            
                最不满意
                买得起这辆车的人应该也能负担得起，但是还是有些超出自己的预设。
            

            

    空间
        
            
            
        
        5
    
    
    空间分布设计得是很合理的，驾驶座开车时身体周围活动空间很大，后排也能够供人累了躺下休息，很不错。
    
    






                

    驾驶感受
        
            
            
        
        5
    
    
    动力很充沛，操控需要一定时间去磨合，毕竟是车身比较庞大的一款，方向盘存在明显的重量，尤其体现在转弯时，但驾驭后会很有成就感。
    
    






            

            




            

    续航
        
            
            
        
        5
    
    
    我经常在市区和郊区穿插，车速忽快忽慢，充满电开着暖风跑个500公里还是可以的，电耗得有个19到20个吧，不过前一阵不冷不热的时候不开空调的话，掉电几乎可以做到1:1，我感觉我这车的续航还有电池品质做的还是不错的。而且车子快充也很快，基本上不到一小时就可以从20%的电量充到满。纯电车也很经济实惠，我大概花不到100就能充到满。现在公共充电桩其实挺好找的，但是我比较喜欢找价格便宜的充电站。
    
    





            
            

    外观
        
            
            
        
        5
    
    
    感觉这台车是我非常喜欢的，看起来很大气，高端，有脸，符合车辆的身份，发给朋友分享也得到了认同。
    
    





            

    内饰
        
            
            
        
        5
    
    
    内饰的设计是比较前卫的了，储物空间能够合理应用起来了，放饮料、手机都是没问题的。
    
    





            

    性价比
        
            
            
        
        5
    
    
    这辆车的落地价对于常人家庭是可以接受的，整车的质保时间和保值率是没有问题的，基本保障做得很到位，值得入手。因为想要拥有一台五人座suv家用车来满足我们一家人的出行，我们一家五口人需要一辆座位足够多、空间足够大的车子来代步，刚好丰田BZ能满足这两个条件。
    
    





            
                

    智能化
        
            
            
        
        4
    
    
    刚买来的车难免会有些气味，但是我发现这辆崭新的车没有什么刺鼻的气味，只有一些皮质的味道，感觉用料应该不错。
    
    




            

            



        "
咸阳车友1474288,2023-02-20 首次发表,"
            
                
                    3110km
                    
                    行驶里程
                
                
                
                
                
                    18.0kWh
                    春秋电耗
                
                
                
                
                
                
                    500公里
                    春秋续航
                
                
                
                

                
                    470公里
                    冬季续航
                
                
                    26.20万
                    裸车购买价
                
                
                    2022-10
                    购买时间
                
                
                    榆林
                    购买地点
                
            
            
    
        
            
        
        
            
        
        
            
        
        
            
        
        
            
        
        
            
        
        
            
        
        
            
        
        
            
        
        
            
        
        
            
        
    
    

    
        $(document).ready(function () {
            var koubeiid = 4828612;

        });

    


            
                最满意
                试驾开起来很舒服，动力跟操控方面很流畅，没什么槽点。内饰配上了大包裹的皮质，营造的就是看上去不便宜的车。中控屏幕清晰，屏幕背景颜色配置的很舒服，划屏反应速度也很快，对比这一块比荣放强，本来还在两者间徘徊，结果越看越爱了。加上刚上市 ，街上重复率不高，买了就是最亮的仔！买车基本没啥大优惠也就优惠了几千块钱送了个太阳膜，等丰田的纯电动也是因为觉得丰田以可靠为主。
            
            
                最不满意
                不满意的就是新车的味道稍微有点儿大，尤其是刚提车的那会儿十分的明显。
            

            

    空间
        
            
            
        
        5
    
    
    空间设计的都非常的合理。坐在车中不会感觉到很压抑，而且驾驶位的视野也比较广，心情非常的好。空间最大的特点在后排，因为没有排气管和传动轴后排的空间宽敞度很不错。
    
    






                

    驾驶感受
        
            
            
        
        5
    
    
    车身偏高加上转向机灵敏度高，我稍微细微操作急打个盘子都容易让车身摇摆幅度偏大，一般的老司机容易把握。地板油这个加速很快，但是市区里还是问问加速比较的安全，减速时候基本没有拖拽感。
    
    






            

            




            

    续航
        
            
            
        
        5
    
    
    在众多的传统燃油车中日系车一直都是比较省油的代表，这台纯电动车也继承了这优秀的传统，平时也特别省电，所以说续航也就更强一些，续航达成率比较高，好目前的实际续航能达到470公里，开车也偶尔会开空调，平均电耗在22kwh/100km左右。
    
    





            
            

    外观
        
            
            
        
        5
    
    
    尾部吸睛比较多，长条式尾灯，高位刹车灯都很醒目，颜值在线。尾部跟很多豪车类似，具体跟哪款又说不出来，外观我很满意这个价位的合资电动车BZ4X的外观是最有科技感的而且里面的空间还很大，安全方面的配置也特别丰富，尤其跑高速自适应巡航用起来方便，类似吸收百家之长吧。
    
    
    
    
    


    
    
    
    


    
    
    
    


    





            

    内饰
        
            
            
        
        4
    
    
    内饰设计也是蛮富有豪华感的。尤其是中控区域，科技感满满的。不过美中不足的是车内的味道稍微有点儿大。
    
    
    
    
    


    
    
    
    


    
    
    
    


    





            

    性价比
        
            
            
        
        5
    
    
    配置讲的是豪华SUV，其实还是有些常用的科技功能没有，不晓得是不是要求太高了，丰田不是讲配置出名的，这个价格定位其实不算高。车内的空间足够体面，乘坐舒适，储物得体，无论任何一个角落都能够把空间得到充分的发挥，我想这也是丰田企业文化最好的传承吧。
    
    
    
    
    


    
    
    
    


    
    
    
    


    





            
                

    智能化
        
            
            
        
        5
    
    
    整体氛围跟材质方面，摸上去看上去让人很安逸，悬架做的很有弹性，能抵挡很大一部分的颠簸。
    
    




            

            



        "
安康车友8637132,2023-02-20 首次发表,"
            
                
                    4110km
                    
                    行驶里程
                
                
                
                
                
                    18.0kWh
                    春秋电耗
                
                
                
                
                
                
                    500公里
                    春秋续航
                
                
                
                

                
                    470公里
                    冬季续航
                
                
                    26.20万
                    裸车购买价
                
                
                    2022-10
                    购买时间
                
                
                    榆林
                    购买地点
                
            
            
    
        
            
        
        
            
        
        
            
        
        
            
        
        
            
        
        
            
        
    
    

    
        $(document).ready(function () {
            var koubeiid = 4828407;

        });

    


            
                最满意
                最满意的不外乎是外观的时尚与新颖，大灯造型犀利，耀眼夺目，配置的安全性高，而且对男人来说车子的颜值高开出去是倍有面子，这就是所谓的小老婆受宠。
            
            
                最不满意
                车子刚提回来的时候有点异味，问题都不大，主要是鼻子的嗅觉太过灵敏，稍微有点异味都不太能接受，应该是皮料的原因，难免都会有点异味，开窗晒了两天太阳就没有了。
            

            

    空间
        
            
            
        
        5
    
    
    一家人的出行全靠空间装载，后备箱的空间也充裕，作为家庭用车也是不错的选择。偶尔送送小件货物也能堆下不少，后排的空间宽裕，坐3个人也不会拥挤，朋友的身高在1米8都说乘坐空间有一点余地，心里感觉买BZ是个不错的选择。
    
    






                

    驾驶感受
        
            
            
        
        5
    
    
    动力的表现不错，虽然说是越野车，但是起步还是喜欢平稳些好，加速的时候明显感觉到速度变快，车子在行驶过程中平稳有力。走坑洼地段动力充盈，通过性同样出色。灵活的小胖子说的就是它，方向盘轻巧，皮实耐跑，经济实用。并且辅助功的配置真的加分，在日常出行安全有保障，方便实用性。
    
    






            

            




            

    续航
        
            
            
        
        5
    
    
    整体续航还是挺出色的，每次充电大概有500公里左右的续航，平时我也很少去一些特别远的路段，一般就是在城市内驾驶，感觉这方面电车要比油车，好了很多,新车还在磨合状态，相信后期会更好点。
    
    





            
            

    外观
        
            
            
        
        5
    
    
    每个人对审美都有不一样的定义，外观上看很时尚动感，不失越野的野性气息，结合车身腰线的设计，显得凌厉许多，多了一丝霸气的味道，在路上回头率高，配合大轮毂力量感强悍。
    
    
    
    
    


    
    
    
    


    
    
    
    


    





            

    内饰
        
            
            
        
        4
    
    
    中控台的设计简洁明了，多功能按键多，集中操作非常便捷，座椅都是皮质包裹，端庄稳重的感觉，提高车内的档次感，不过要是开回来没有异味就完美了。
    
    
    
    
    


    
    
    
    


    
    
    
    


    





            

    性价比
        
            
            
        
        5
    
    
    丰田的品质周围的人都说好，说不上经济实惠，主要是自己喜欢，开着放心。丰田保养这一方面也方便。空间宽裕，可以带上一家人出行，SUV的包容性更广，外观大方得体，小霸王之称名副其实。内饰大气稳重，油耗燃油经济，满足了对代步车的基本需求，加上荣放RAV4在大部分人群中都不算挑剔，与老款相比识别度高，所以是不错的代表。
    
    
    
    
    


    
    
    
    


    
    
    
    


    





            
                

    智能化
        
            
            
        
        5
    
    
    车内的舒适还算可以，座椅乘坐舒服，这是得到家人一致的认可，座椅的承托性好，对于大长腿的人可是减轻了腿部的压力，大轮毂抓地力牢靠，车内的噪音过滤的效果好，颠簸路段上整体上的方向感和平稳性能不错。 
    
    
    
    
    


    
    
    
    


    
    
    
    


    




            

            



        "
西安车友9567577,2023-02-20 首次发表,"
            
                
                    3770km
                    
                    行驶里程
                
                
                
                
                
                    18.0kWh
                    春秋电耗
                
                
                
                
                
                
                    500公里
                    春秋续航
                
                
                
                

                
                    480公里
                    冬季续航
                
                
                    24.50万
                    裸车购买价
                
                
                    2022-10
                    购买时间
                
                
                    安康
                    购买地点
                
            
            
    
        
            
        
        
            
        
        
            
        
        
            
        
        
            
        
        
            
        
        
            
        
        
            
        
    
    

    
        $(document).ready(function () {
            var koubeiid = 4828388;

        });

    


            
                最满意
                因为这样的外观，我觉得我真的是很开心的样子。因为怎么看，我心里都真的满意，就喜欢开着车子各种地方出去溜溜的。不过我觉得最幸运的事是我可以马上买到车，无需等待。突然觉得也是一件特别幸运的事。
            
            
                最不满意
                虽然说这个大轮廓看起来比较大气。但是在高速上会有很大的胎噪。但是这个东西有得必有失。我还是自己消化一下吧。
            

            

    空间
        
            
            
        
        5
    
    
    后座空间当然是很大的。上次回老家，家里人给拿了很多东西。都是通通可以容纳下的。这个后备箱真心是让我觉得整体都比较实用的呢。
    
    






                

    驾驶感受
        
            
            
        
        5
    
    
    无需担心动力不足这个问题，在高速上这小推背感真的太明显了，操控感也是我很爱的，原来以为这种车的操控不会很灵活，因为中型的车嘛，肯定没有超小车灵活度高。要是说安静程度的话，一般在市区开不怎么明显，就是上了高速之后才能感觉出来，咱不能说一点噪音都没有吧，但是绝对是超出我的意料了，给我的感觉是非常安静，听着音乐，在高速上跑特别自在。
    
    






            

            




            

    续航
        
            
            
        
        5
    
    
    入冬了充满电开着暖风跑个500公里还是可以的，电耗得有个19到20个吧，不过前一阵不冷不热的时候不开空调的话，掉电几乎可以做到1:1，我感觉我这车的续航还有电池品质做的还是不错的。
    
    





            
            

    外观
        
            
            
        
        5
    
    
    正是因为这个外观，我才选择了车子，每当我行驶在市区中，我的车就变成了很亮丽的风景。
    
    





            

    内饰
        
            
            
        
        5
    
    
    不得不说这个大内饰真的很不错，看着就感觉我的心情就变得格外的好。
    
    





            

    性价比
        
            
            
        
        5
    
    
    我觉得性价比也是很让我满意的，这样就是很适合我的。我喜欢就是车子各个方面都是很不错的感觉，因为我看着外观我觉得是很心情比较好，所以我觉得这样的车子那就是超级合适。超值的车子了。现在的配置还有动力越来越好了。而且售后也很不错。这让我就省去了很多后续的烦恼。我觉得一个厂家不光注重售前，尤其应该更重视售后。这样才会让消费者更加安心去选择这台车。要不然的话，这个牌子就会失去消费者对于车子的信任了。所以这个车子真的是值得去买的车子，很适合上班开车。
    
    





            
                

    智能化
        
            
            
        
        4
    
    
    胎噪太明显了，这个问题真的让我很头疼，还好有朋友建议我没事放放广播，放了广播以后发现，确实声音能够掩盖一切。 
    
    




            

            



        "
勇杰yongjie,2023-02-20 首次发表,"
            
                
                    4600km
                    
                    行驶里程
                
                
                
                
                
                
                
                    15.2kWh
                    冬季电耗
                
                
                
                
                
                
                     460公里
                     冬季续航
                
                

                
                
                    27.88万
                    裸车购买价
                
                
                    2022-12
                    购买时间
                
                
                    西安
                    购买地点
                
            
            
    
    

    
        $(document).ready(function () {
            var koubeiid = 4827850;

        });

    


            
                最满意
                在没有购买bz4x这款车之前，我都是打车上下班的，遇到下雨天气的时候我就总会迟到了，看到了身边的好朋友陆续都买大了属于自己的车，自己当然内心也是十分渴望的，虽然说我购车的预算可以上奥迪Q3了，但是能在预算里入手一款适合自己喜欢的车，还是挺幸运的一件事情的，而这款bz4x就挺适合我的，让我最满意的地方就是车子的经济性上了，因为是一款纯电动的车型的，每个月充电的话真的是用不了多少钱，感觉跟我坐地铁的钱差不多，其次就是操作上了，驾驶车辆的话还是挺轻松方便的，并没有因为他的电动车而不适应。
            
            
                最不满意
                其实最想要吐槽就是这款车的内饰了，和其他丰田的汽车车完全不一样，有一点操之过急的感觉，然后是这辆车的隔音效果的处理，还有待提升，当速度开到一定的时候，车内的风噪胎噪都是挺明显的。
            

            

    空间
        
            
            
        
        5
    
    
    他定位是中级SUV，但是在外面看并不大，实际车内的话空间布局还是挺宽敞的，前后排都有不错的布局，而且这款车目前是我一个人开，所以自己驾驶这款车空间上也没有什么毛病的。
    
    






                

    驾驶感受
        
            
            
        
        5
    
    
    坐在车里的感觉还是很良好的，在实际的操控上，因为丰田三大件调节比较大，所以在整体的操控上还是非常灵活的，再加上各种辅助配置，提升了这种操作的感受，特别是开车出去的时候，遇到没有停车位的时候，我的车子都可以见缝插针的停进去的。
    
    






            

            




            

    续航
        
            
            
        
        5
    
    
    车子的电耗还是挺经济的了，所以我平时还真的没有怎么去关心这个事情，不像开燃油车的时候每天都盯着油耗在看，现在每天上下班正常开的话，就是一个星期充一次电就可以了，算了算一个月的电费就几十块钱吧，和燃油车相比真的是一个天上一个地下了。
    
    





            
            

    外观
        
            
            
        
        5
    
    
    
        

        0% buffered00:00播放暂停00:00/00:14倍速2x1.5x1.25x1x0.75x0.5x高清高清全屏切换50%75%100%满屏00:00汽车之家视频播放器  之家首页  复制链接  版本号 : 2.5.32

  
    
      
        
        
          
        
        
          
        
        
      
    
  


    
    

    外观上的话，bz4x的外观设计还是挺精致时尚的，我第一眼看到这款车的时候就觉得挺喜欢的，就跟这款车的名字一样，走不一样的丰田风格。
    
    





            

    内饰
        
            
            
        
        4
    
    
    
        

        0% buffered00:00播放暂停00:00/00:11倍速2x1.5x1.25x1x0.75x0.5x高清高清全屏切换50%75%100%满屏00:00汽车之家视频播放器  之家首页  复制链接  版本号 : 2.5.32

  
    
      
        
        
          
        
        
          
        
        
      
    
  


    
    

    内饰的话，不知道怎么说，感觉丰田的设计师对物理按键非常的持着，其他的新势力新能源车型都是在减少实体按键，这个bz4x呢光方向盘上面的按键就够车主喝一壶了。
    
    





            

    性价比
        
            
            
        
        5
    
    
    对于我用于市区内代步这个需求的话，我觉得bz4x这款车的性价比是挺高的，首先车子的空间对于我个人来说足够使用了，另外一个就是用车成本上了，无形之中也是能给我省下很大一笔开支的，性价比还不错
    
    





            
                

    智能化
        
            
            
        
        5
    
    
    车内的配置其实也是不低的，一些基础的辅助驾驶功能配置都是齐全的，操作起来挺顺手方便。
    
    




            

            



        "
莱芜车友5619226,2023-02-17 首次发表,"
            
                
                    860km
                    
                    行驶里程
                
                
                
                
                
                
                
                    18.3kWh
                    冬季电耗
                
                
                
                
                
                
                     360公里
                     冬季续航
                
                

                
                
                    23.58万
                    裸车购买价
                
                
                    2023-02
                    购买时间
                
                
                    济南
                    购买地点
                
            
            
    
        
            
        
        
            
        
        
            
        
        
            
        
        
            
        
        
            
        
        
            
        
    
    

    
        $(document).ready(function () {
            var koubeiid = 4823794;

        });

    


            
                最满意
                这辆小车让我满意的点还真的挺多的，可能有一个点大家都没有特别的注意，那就是虽然它是一款纯电动车，但是它的动力确实特别的充足，感觉特别的强劲，而且一脚油门下去还能有强烈的推背感，无论什么路况，都能够很好的适应，即便是爬坡也是冲劲十足，毫不逊色，除了满满的动力，这款车的颜值也是特别在线，尤其是它的前脸设计，特别的有层次感，而且大灯也特别的有辨识度，他车牌的位置设计的属于是凹陷进去的，感觉就是为了让层次感更加的突出，所以它的辨识度会非常的高，侧面看它的前脸会感觉特别的锋利，而且它的颜色也非常的个性，运动感十足，所以这辆车我怎么看都特别喜欢
            
            
                最不满意
                这款车基本上都是挺齐全了，而且价格也比较的合适，但是它唯一不足的地方是没有电动尾门，感觉放东西的时候不是特别的方便，尤其是带着孩子在买了很多东西的情况下，就感觉稍微有点费劲，如果能够配备上电动的尾门，可能就更加的方便了
            

            

    空间
        
            
            
        
        5
    
    
    它的空间是比较的大的，而且前排位置也特别的舒服，我坐进去开车的话，一般都会把座椅调整一下，调到舒适坐姿以后头部和腿部都还有一拳左右的距离，所以活动空间是非常的宽松的，而且后排位置也比较的平整，所以坐上两三个人是非常的容易的，后备箱的空间非常的宽大，而且高度也够，所以平时放一些大的物件也没有什么问题，他的整个空间利用率还是非常高的，，我特别喜欢开着这款车，带着一家人一起出行，不仅有力十足，而且空间上也比较的明朗
    
    
    
    
    


    
    
    
    


    
    
    
    


    






                

    驾驶感受
        
            
            
        
        5
    
    
    劲儿大是我对这款车的直观感受，我当时觉得电动车可能会开起来比较的线性，没有那么的爆发力，但是这款车却让我有了很大的改观，它确实让我觉得这辆车的冲劲特别的强烈，而且推背感也非常的到位，尤其是它的方向盘，也特别的灵活，好操作，转向特别的轻松，基本上对路况的适应性都特别好，其次就是这款车的舒适度也非常的高，坐进去之后感觉背部的支撑非常到位，因为我的腰不太好，平时开车长途的话就会感觉特别的累，但是这款车开着还是挺轻松的，所以也算是比较好的一方面
    
    
    
    
    


    
    
    
    


    
    
    
    


    






            

            




            

    续航
        
            
            
        
        5
    
    
    电耗还算是比较的平稳，基本上没有很大的变化，即便是满载或者开空调的情况下，依然能够维持在350到360之间，还算是一个比较理想的里程，从买车之后也没有充过几次电，还算是比较方便，而且这是冬季的一个数据，所以在夏季的话可能要比这个更加的好一点，平时开着倒是挺省心
    
    





            
            

    外观
        
            
            
        
        5
    
    
    它的外观是特别的帅气的，而且动感十足，尤其是前脸部分的设计，让我觉得层次感很强烈，大灯的设计也非常的亮眼吸睛，而且它的车尾用了很多平直的线条，尤其是它的车窗玻璃的斜度很大，所以让整个车尾看上去有溜背式的感觉，独特的车标设计也让它更加的亮眼，而且它的小尾翼也让这款车看起来更加的动感十足，对于外观这一块，我是特别的欣赏的，毕竟作为一辆家用SUV，它的造型设计既独特又个性，开在大街上还是十分拉风的
    
    
    
    
    


    
    
    
    


    
    
    
    


    





            

    内饰
        
            
            
        
        5
    
    
    它的内饰设计还是很有科技感的，尤其是它里面的方向盘比较的个性化设计的还是挺有自己的风格的，而且里面的用料也都比较的舒适贴心，很有日系风格，所以开起来会比较的舒服，他的整个设计风格比较的干净，让人一眼看过去就一目了然，特别的好操作，所以内饰这一方面我还是挺喜欢的，静音效果也特别的棒，平时开车的时候听首歌感觉特别放松
    
    
    
    
    


    
    
    
    


    
    
    
    


    





            

    性价比
        
            
            
        
        5
    
    
    这款车的定价并不是很高，我觉得作为一款家用SUV，它的性能以及颜值都非常值得这个价格，而且平时开这款车出去也非常的方便，所以丰田着这款车型性价比属于比较高，毕竟它的保值率也非常的不错，而且用起来会非常的省心一些，家里有孩子或者上班族选择这一款车，都是一个不错的选择
    
    





            
                

    智能化
        
            
            
        
        4
    
    
    它的很多配置全部都配备了，感觉还是非常的方便的，尤其是它的多媒体功能还是非常丰富的，而且操作也比较的灵敏，但是美中不足的是它的后备箱设计的不是很好，缺少一个电动尾门，感觉用起来不是特别方便，尤其是手里有很多东西的时候，感觉还是不太好用，如果这个再加一个电动尾门就更完美了
    
    
    
    
    


    




            

            



        "
记忆中的它yyml,2023-02-17 首次发表,"
            
                
                    1890km
                    
                    行驶里程
                
                
                
                
                
                
                
                    18.7kWh
                    冬季电耗
                
                
                
                
                
                
                     380公里
                     冬季续航
                
                

                
                
                    26.88万
                    裸车购买价
                
                
                    2022-11
                    购买时间
                
                
                    上饶
                    购买地点
                
            
            
    
        
            
        
        
            
        
        
            
        
        
            
        
        
            
        
        
            
        
        
            
        
    
    

    
        $(document).ready(function () {
            var koubeiid = 4823408;

        });

    


            
                最满意
                是十分耐看的，感觉带给我的感受是非常舒适的，后备箱也可以装，也是让我比较满意的一点，它的车头设计是那种既有霸气又有时尚的车型，完全不属于那种大众化的规划风格，棱角分明的车身流线，加速更是分分钟的事，没有辜负了我对他的期望，车身很合适，这种价格再加上优惠力度，特别划算。
            
            
                最不满意
                开了一段时间，不过稍微看一会之后也就还好，对这款车子我还是真的挺满意，买这个车便是量身定做的，适合我的便是最好的了，开出去也比较有面子，设计的非常奢华舒服，有一辆车就相当于有了自己的一个私人的移动空间，头顶空间有点小，就是前半个月车内有点气味，我觉得只要自己喜欢你就没有什么任何理由，深刻的知道一个问题，就是车无完车。
            

            

    空间
        
            
            
        
        5
    
    
    空间够，座椅的设计现在符合人体工程学，不拥挤，座椅也是够用，我对空间是没啥要求的，比较实用，在空间上的体现还是比较超卓的，家人坐在后排很宽敞，乘坐空间方面还是蛮不错的，毕竟现在就只有我俩早，坐在车子里会感到放松，日常出行的话一家人也会觉得绰绰有余，从未感到拥挤，乘坐空间充足，它的主驾驶没有那种压抑和憋屈的感觉，平时也就上下班，周末的时候和朋友一起出去玩，后排位置做着也很舒服，宽敞。
    
    






                

    驾驶感受
        
            
            
        
        5
    
    
    整体的体验还不错，我们全家人坐上去的情况下动力还是可以的，完全能感受到它带给你真实的冲劲，动力还是很OK的，能够比较迅速达到我想要的状态，感觉对我而言是足够了，和同级别的大部分车型所反馈回来的是一样的感受，这个车我也是借给朋友开过一段时间的，爬坡也不是问题，有着一定的爆发力。
    
    






            

            




            

    续航
        
            
            
        
        5
    
    
    不会有太大的起浮，续航方面对于我来说也是一笔不小的开支，用车的成本不高，对生活品质的提升很明显，能够说是神仙一样的存在了，就算是满载爬坡对于它这充足的动力而言也没有什么压力所言，上坡下坡绝对没有问题，提速倒是问题不大，续航好才能养得起，我都是在市区里面行驶，我自己的经济状况还是挺好的，对于这样的油耗的表现我也是比较满意，后期在续航这点上经济负担不大，总体来看，还是属于省心的，为了好好的和他磨合。
    
    





            
            

    外观
        
            
            
        
        5
    
    
    前脸的设计是比较有设计感，给人的印象非常深刻，外观方面还是比较好看的，整体看起来很有潮流感，外观设计也足够的现代化，开车还是安全主要的，喜欢它流畅的侧面曲线，真的太性感，看过去会联想到它的动力的安稳输出，赋予它新的活力，这个没啥好说的，十分爱了，有被它的颜值降服到，感觉很年轻，不管是从前脸还是尾灯都很时尚，车身腰线很犀利，外观设计我认为是非常成功的，让人印象深刻。
    
    
    
    
    


    
    
    
    


    
    
    
    


    





            

    内饰
        
            
            
        
        5
    
    
    我更满意，整个内饰的搭配问题还是处理的很合适的颜色运用不是很华丽的那种整个内饰的耐看度从而达到了很好的程度，反正我是怎样看怎样喜欢，空间分布比较合理，我觉得挺满意，还有不怎么显眼的地方都比较精致，调节功能丰富，空间可以变换，而且耐脏比较容易清理，非常的好用而且考虑的非常到位，仪表盘以及车内的座椅基本上都是一些深色的色彩，这个车材料选择的真的不错，没有过多的装饰，看上去并没有多少的装饰品存在，使用起来感受也不错，还便于打理。
    
    
    
    
    


    
    
    
    


    
    
    
    


    





            

    性价比
        
            
            
        
        4
    
    
    能够满足我们的日常使用，我感觉很值，不管是从价格方面还是其他的配置方面都是最适合我，各方面都表现的比较不错，舒适性等方面表现也很不错，我主要是在市区开车，对了就下手，至于买不买还是看自己的感觉，配置也很齐全的，挺合适的，主要是外观真的好看，总体上已经能满足我日常家用的出行需求，还是比较划算的，在买这款车之前我就做了比对，安全稳定还有很好的驾驭乐趣，虽然说车子有些地方存在小不足，外观好，动该有的配置功能都有力强。
    
    





            
                

    智能化
        
            
            
        
        5
    
    
    给了我很大的信心，在控制上我就已经试的很仔细了，简单还是比较简单的，左右打圈的时候不用花很大的力气，油门也不重，而且反应很快，几乎没有问题，基本上车身的平稳性很高，车内的一些配置很有科技感，操控方面比想象中灵活很多，而且能给带来的这个车的操控乐趣，我比较喜欢他的方向盘。
    
    




            

            



        "
牛逼青年55,2023-02-16 首次发表,"
            
                
                    3700km
                    
                    行驶里程
                
                
                
                
                
                
                
                    13.6kWh
                    冬季电耗
                
                
                
                
                
                
                     550公里
                     冬季续航
                
                

                
                
                    26.88万
                    裸车购买价
                
                
                    2022-12
                    购买时间
                
                
                    黄石
                    购买地点
                
            
            
    
        
            
        
        
            
        
        
            
        
        
            
        
        
            
        
        
            
        
        
            
        
        
            
        
        
            
        
    
    

    
        $(document).ready(function () {
            var koubeiid = 4821637;

        });

    


            
                最满意
                这辆车最让我满意的地方当然是配置了，说实话，这辆车的配置方面还蛮让我觉得惊喜的。这辆车的价格并不算很高，没想到在配置方面下了这么大的功夫，功能也是非常的齐全，我比较喜欢他的音响，座椅它的设计感也很强，大大提高了开车时候的安全性，也方便了我开车。并且车子的影像非常的清晰，中控大屏也很好用，很多功能日常基本上都用的到，基本上没有没用的功能。
            
            
                最不满意
                其实这款车在刚出来的时候，我就有关注过这辆车，并且我当时其实就挺想买这辆车的，但是很劝退我的一个原因就是它的价格很高，有些超出我的预算了，就想着之后过段时间来买，看看能不能便宜一点，但是我没有想到的是，这辆车的价格基本上都没有什么变化，也没有什么很大的优惠，但是我其实真的很喜欢这辆车，最后还是咬了咬牙，买下了这辆车，如果要是多点优惠的话，我会更喜欢这辆车的。
            

            

    空间
        
            
            
        
        5
    
    
    一辆上下班通勤，日常家用代步用车，我认为这辆车的空间足够够满足日常出行所需。家里人口也不算多，所以出门不需要有太大的空间，老婆的副驾，孩子们的后驾，加上宽敞的后备箱空间，简直就是为我们这个小家量身打造的一款车。以前冬天的时候接送小孩上下学非常容易着凉感冒。现在有了这款新车，再也不用担心这个问题了，而且以后假期想去哪玩就去哪玩。Bzx4不仅是我们家的新成员，也将伴我们一家一路前行。
    
    






                

    驾驶感受
        
            
            
        
        5
    
    
    我对于这辆车的驾驶方面还是挺满意的，这辆车整体给我的感觉都还蛮不错的，上下班的路上，遇到一些路况，需要超车的话，这辆车是完全没有问题的，非常简单快速，并且起步的时候也不慢，非常的快速，跑高速的时候也不会逊色于其他的车，动力十分的强劲，让人开起来非常的轻松，并且这辆车的减震也非常好，哪怕是在一些凹凸不平的路上，也不会觉得有很大的颠簸。
    
    






            

            




            

    续航
        
            
            
        
        4
    
    
    那买车肯定要买省钱的车子呀，不然多麻烦呀，所以我也是综合考虑了很久，最后选了这款丰田的车子，因为电动车感觉是未来的大趋势吧，耗电能力并不会说超乎我的意料，我自己还是比较满意的，可能是稍微续航能力还是需要增强吧，并没有说特别的够用，可能是自己要求太高，希望能够改进吧。
    
    





            
            

    外观
        
            
            
        
        5
    
    
    属于那种比较耐看的车型，颜值非常在线。并且车子在一些细节处的地方处理得非常不错，缝隙的处理也非常的均匀，让车子的整体看上去更加和谐一些。看起来就特别的年轻，时尚车漆的颜色也是家里人都喜欢的，挑车的时候就是按照他们的审美去选择。整个外观颜值就可以活多大多数人的一致好评，绝对符合当下的潮流范儿，也是我心目中最理想的车型，老婆也说我的眼光不错。
    
    





            

    内饰
        
            
            
        
        5
    
    
    这款车的内饰设计风格比较简约，没有太多花里胡哨的线条，让它看起来比较清爽，但是如果喜欢温馨一点的感觉，每一次驾驶的时候都可以在车子里面放一些小东西，这样会显得更加具有生活气息吧，厂家还算用心，座椅足够柔软，包裹性还是蛮强的，音响的音质效果也很带感。就是新车内会有一些味道，去味工作还是得做到位，需要放上吸附炭包去去味。但是也阻挡不了我对这个车子的喜爱之情，很简洁大方。
    
    





            

    性价比
        
            
            
        
        4
    
    
    在性价比这一块也就占不了很大的优势，不过就冲着它的高颜值，动力强劲，配置高端这几点，也算是比较对得起它这个价位。虽然在价格方面我还是有点不甘心的，但是既然来买车，那应该就要选择最合适自己，让自己最满意的，至于价格，只要在自己的承受范围之内就好了，也挺适合我的，因为驾驶的时候我是挺得心应手的，并没有花太多的时间去熟悉这辆车子，感觉以前好像开过类似的。
    
    





            
                

    智能化
        
            
            
        
        5
    
    
    音响的音质效果蛮不错的，音乐听起来非常的带感，给人一种听觉上的享受，而且过减速带的时候，它的减震效果很到位。配置方面，这辆车是蛮不错的，总体的配置都非常的有用，大部分功能都是平时用的到的，车机整体是比较流畅的，开车也会更加轻松一些。这辆车的功能整体来说都比较强大和实用，价格又不算特别的高，能够不喜欢吗？特别的方便吧，整个车子带给我的体验感还是挺好的，每一次出去我都会向朋友介绍这辆我刚买的车。
    
    




            

            



        "
这个夏天z,2023-02-14 首次发表,"
            
                
                    3000km
                    
                    行驶里程
                
                
                
                
                
                    18.0kWh
                    春秋电耗
                
                
                
                
                
                
                    350公里
                    春秋续航
                
                
                
                

                
                    320公里
                    冬季续航
                
                
                    25.00万
                    裸车购买价
                
                
                    2023-01
                    购买时间
                
                
                    西宁
                    购买地点
                
            
            
    
        
            
        
        
            
        
        
            
        
        
            
        
        
            
        
        
            
        
        
            
        
        
            
        
        
            
        
        
            
        
        
            
        
        
            
        
    
    

    
        $(document).ready(function () {
            var koubeiid = 4818397;

        });

    


            
                最满意
                虽说从他的外观设计来看，不会觉得特别浮夸，甚至是没有电动车的那种设计元素，但是在我看来，丰田的这次设计非常地成功。对于家庭的用车需求来看，在外观方面的设计真的不需要太激进，甚至说不需要他太另类，只要看上去足够舒服就可以。而我的这台车真的有着十足的豪华感，无论是外观设计还是内饰氛围，在很多细节的地方都能够体验到。作为一台四驱电动车的日常驾驶出行特别有信心，毕竟轻轻踩下电动踏板，所反馈出来的动力超乎想象。
            
            
                最不满意
                中控区域的这一块设计，虽然还是看上去挺舒服的，但是我认为有些并不合理的地方，就比如说屏幕下方的按键在实际的操控过程中，因为距离的问题很容易出现误碰，我认为要么选择全屏，要么直接用物理按键会更加方便一些。另外就是扶手箱区域的这一块设计，如果只是放东西没有任何的问题，但是想要放手还是会有一些别扭。另外就是在冬天的实际续航里程方面和实际的标注会有很明显的偏差，原本以为在充满电之后至少可以跑个500公里，没有太大的问题，但是天冷之后跑个330公里的样子基本上就已经是很好的表现。
            

            

    空间
        
            
            
        
        5
    
    
    本来作为一台中型SUV，在空间方面还是没有太大的问题，当时也看了一下这台车的长度达到了4690mm，也算是一个挺不错的尺寸表现。不过说到实际的乘坐感受，后排如果同时乘坐两个成年人真的会特别地舒服，但是三个人实话实说，并没有想象中的那种轻松，尤其是坐在后排中间部分的成年人，不仅座椅的包裹性不好，而且后排的操作台也会有很明显的突出，占用了大部分的空间。所以乘坐两个人是能够应付大部分的出行场景，但是想要乘坐三个人也就只能用于短距离的出行会比较舒服一些。
    
    






                

    驾驶感受
        
            
            
        
        5
    
    
    我的这台车是四驱版本，在动力方面的表现，真的是超乎想象最主要的是可以选择越野模式，在动力的输出上会更加直接，而且本身的脱困能力还是很强的。说说跑高速的感受吧，一般开普通的燃油车跑高速还是挺累的，但是在我打开全速自适应巡航之后可以按照我想要的状态行驶。并且我的这台车也支持L2辅助驾驶等级，所以长途短途都没有任何的问题。
    
    






            

            




            

    续航
        
            
            
        
        5
    
    
    刚开始买电动车，的确会时常关注到电量的消耗问题，不过时间长了之后，心里也有了一个大概的了解，并且知道它能够跑多少公里。之前不知道冬天的掉电情况会怎么样，但是开了这么长的一段时间之后发现平时充满电之后，顶多可以跑个300左右公里，所以冬天的时候基本上会很好地，把电量控制在可行的范围内出发。
    
    





            
            

    外观
        
            
            
        
        5
    
    
    在外观方面的设计还是挺漂亮的，不过我可能并不会太关注到车辆本身的设计，毕竟买车更多的还是用于家用，而家用更多的还是看实际的功能。按照目前的情况来看，我比较喜欢这种设计风格，首先是老婆认为整个设计不会给人一种很突几的感觉，也就是所谓的“四不像”这样看上去还是挺另类的，但是我得到的SUV只能说是把正常的设计水准发挥出来了
    
    





            

    内饰
        
            
            
        
        5
    
    
    车里的豪华感还是非常明显的，当你坐在车里面的时候，首先感受到的是一种舒适的享受，另外简单的设计风格，却有着不简单的设计做工。真皮材质的座椅有很好的缝线工艺正是因为这些细节处理得当，所以才能够提升整个车内的档次感和豪华感。而舒适度方面尽可能地都是表现在一些外部配置上，比如我驾驶室的座椅可以支持多个角度的调节，而后排还有座椅加热。当然也有一些设计的并不合理的地方，就比如说中控区域这一块，我更多地是希望那种大屏幕和物理按键结合的设计，既有科技感又能够有实际的操作体验。
    
    





            

    性价比
        
            
            
        
        5
    
    
    经常会和朋友讨论这台车的性价比到底高不高，接近30万的选车预算买一台，如果不太满意的车，肯定会认为它的性价比不高，但是通过这段时间的形势来看，只能说一家人都还挺满意的，这就够了。
    
    





            
                

    智能化
        
            
            
        
        5
    
    
    辅助驾驶准确性我觉得还行，市区里面用也能很好的识别前车
    
    




            

            



        "
达州车友6037147,2023-02-14 首次发表,"
            
                
                    1500km
                    
                    行驶里程
                
                
                
                
                
                
                
                    14.0kWh
                    冬季电耗
                
                
                
                
                
                
                     405公里
                     冬季续航
                
                

                
                
                    25.48万
                    裸车购买价
                
                
                    2023-01
                    购买时间
                
                
                    承德
                    购买地点
                
            
            
    
        
            
        
        
            
        
        
            
        
        
            
        
        
            
        
        
            
        
        
            
        
        
            
        
        
            
        
        
            
        
        
            
        
        
            
        
    
    

    
        $(document).ready(function () {
            var koubeiid = 4817497;

        });

    


            
                最满意
                最满意的是它的车机智能化，可以语音控制好多东西，打电话的时候也不用翻通讯录了，直接语音说，就打出去了，方便的很，还有多种驾驶模式，经济越野和雪地，可以体验不同的驾驶感受。因为经常要去见客户，考虑到燃油车加油太费钱，觉得充电的省事儿，所以选择了这台bz4x，说实话，这个名字是真的很绕口，我也是很长一段时间才能记住。不过车子可没和名字一样，开起来很顺，我在市区，基本上最高车速80，几乎没有噪音。
            
            
                最不满意
                目前没啥大方面不满意的，有的话我也不会入手呀，如果非要说的话，就是前排的储物空间感觉不是很多，小东西放起来没有那么顺手。其他就没啥了。
            

            

    空间
        
            
            
        
        4
    
    
    作为一台家用车来说，真的是挺大了。平时就我一个人上下班开，偶尔拜访客户，也都对我的车赞不绝口。带的东西也不多，所以空间是完全够用了。后备箱的空间也挺大的，之前还觉得溜背造型的车显得后备箱比较小，到手以后发现并不是我想象的那样。也算是一个惊喜了
    
    






                

    驾驶感受
        
            
            
        
        5
    
    
    虽然车子是纯电的，但是丝毫不影响它的驾驶感受。开起来动力还是不错的，起步快，加速的时候也很棒，基本上踩下去就有动力，能感觉到推背感，没有那种顿挫感。超车的时候也是轻而易举。我们小区的减速带很多，过减速带的时候也没有太大的颠簸感，很舒适。
    
    






            

            




            

    续航
        
            
            
        
        5
    
    
    平时也就是在市区开一开，续航能力还算不错吧，一个星期多，充一次点，我觉得还能接受，大家都说纯电车型冬天续航太差，我倒是没有太大的感觉。满电的情况，能跑个400来公里吧，我之前开燃油车一箱油能跑500多公里，但是充一次电可比加一箱油省钱多了。
    
    





            
            

    外观
        
            
            
        
        5
    
    
    外观的设计符合我的审美，很惊艳的感觉，大灯也特别犀利，很特别，车群里一眼就能认出来，车尾溜背的设计也是很年轻化，轮毂造型也很别致。整个车身看起来很大气
    
    





            

    内饰
        
            
            
        
        5
    
    
    内饰排列很普通，大屏幕下面还有按键， 再加上液晶仪表，不过那个液晶仪表很特别，不是传统全包在里面的。功能倒是很齐全。可以听歌导航什么的。
    
    





            

    性价比
        
            
            
        
        5
    
    
    性价比还是很高的。这个价位这个配置，买到也是非常满意的 。常用的全有了，不用再自己额外加装东西了。
    
    





            
                

    智能化
        
            
            
        
        5
    
    
    电车整体来说都很智能了。打开车门就能感觉到满满的科技感，除了一键启动，感应后备箱，远程启动这样的功能外，还有很多智能安全方面，让出行变得更简单，越来越爱的感觉。
    
    




            

            



        "
商洛车友5859143,2023-02-13 首次发表,"
            
                
                    3110km
                    
                    行驶里程
                
                
                
                
                
                    17.0kWh
                    春秋电耗
                
                
                
                
                
                
                    460公里
                    春秋续航
                
                
                
                

                
                    440公里
                    冬季续航
                
                
                    27.00万
                    裸车购买价
                
                
                    2022-10
                    购买时间
                
                
                    宝鸡
                    购买地点
                
            
            
    
    

    
        $(document).ready(function () {
            var koubeiid = 4815175;

        });

    


            
                最满意
                我喜欢的地方就在于这辆车的体验感很好，开着的时候很舒服，而且开着很自在，没有什么陌生的感觉。整车的造型设计特别大气，所以说设计师的钱没有浪费。据说采用了最新的龙岩家族式设计，前脸看起来特别年轻，贯穿式的线条。丰田bz4x刻字logo也很抢眼，特别有质感。两边的灯也用了LED灯，看起来很犀利，时尚，运动，特别符合我的审美标准。
            
            
                最不满意
                不太满意的地方就是在高速行驶的时候会有些噪音，隔音效果还可以再提升提升的。
            

            

    空间
        
            
            
        
        5
    
    
    车的空间算是很大的，丰田BZ的一个很好的特点就是空间利用的比较到位，我坐在里面满意迈不开腿的感觉，相反觉得很舒服，也更加放松的去开车。空间方面，以我180的身高为例。空间凸显，我最喜欢扶手箱的设计。带个小盖就能滑，拍天拍西特别方便。不用抬，滑就行。扶手箱会放我手边能拿到的小物件，墨镜，湿纸巾，驾照，或者其他证件。很方便。
    
    






                

    驾驶感受
        
            
            
        
        5
    
    
    我觉得动力系统做的挺先进的，停车等红绿灯再起步也可以很稳当，中段的加速也是很符合我的标准。操控这方面我很喜欢，这辆车我开着是很顺畅的，基本上一系列操作都挺容易的，专项也是很稳当的。
    
    






            

            




            

    续航
        
            
            
        
        5
    
    
    我们很少开这台车远途出行，基本都是以城市代步为主，在这样的用车强度下充满一次电用两周左右没什么问题，目前的偶尔开暖风的情况下，实际续航大概在440公里左右。
    
    





            
            

    外观
        
            
            
        
        5
    
    
    我感觉丰田BZ还是不错的，比较新颖，也是有自己的特点的，简约而且还比较大气，我还是蛮满意的。很喜欢尾部贯穿式设计，设计感很强，辨识度很高。外观很时尚，也有不错的视觉体验。
    
    
    
    
    


    
    
    
    


    
    
    
    


    





            

    内饰
        
            
            
        
        4
    
    
    内饰的功能比较齐全吧，而且做工也是挺好的，不过就是摸起来有点不是很丝滑。
    
    
    
    
    


    
    
    
    


    
    
    
    


    





            

    性价比
        
            
            
        
        5
    
    
    总的来说性价比这方面我觉得挺棒的，没有花冤枉钱，该有的配置都有，也在我的预期里。我开着这个车的感觉也是很好，握着方向盘也挺带感的，我也想尽快买一辆用来代步的车，累了也可以在车上休息休息，挺好的吧。
    
    
    
    
    


    
    
    
    


    
    
    
    


    





            
                

    智能化
        
            
            
        
        5
    
    
    舒适度我觉得很好，我的开车体验我是很享受的，开着很顺畅，没有一点松松垮垮的感觉，而且驾驶座也是很柔软，没事的时候稍微休息休息也是很好的选择。
    
    
    
    
    


    
    
    
    


    
    
    
    


    




            

            



        "
安康车友5289619,2023-02-13 首次发表,"
            
                
                    2990km
                    
                    行驶里程
                
                
                
                
                
                    17.0kWh
                    春秋电耗
                
                
                
                
                
                
                    500公里
                    春秋续航
                
                
                
                

                
                    480公里
                    冬季续航
                
                
                    25.50万
                    裸车购买价
                
                
                    2022-10
                    购买时间
                
                
                    榆林
                    购买地点
                
            
            
    
    

    
        $(document).ready(function () {
            var koubeiid = 4815163;

        });

    


            
                最满意
                说实话选它主要是冲着售后去的，大家现在有车的多了，买车容易养车难，相信是大家听得最多的话了，丰田的售后保养成本我是了解过的，算是低的，建议大家买车还是要多了解售后。最满意的就是它的性价比了，价位在我的预算之内和车也不是很高，它的外观又非常的帅气又霸气，而且非常的耐看，整个车的活力非常的够。
            
            
                最不满意
                外观太好看，配置强大，细节处理也很用心，价格也可以接受！不满意的地方就是它的内饰，配色让我感觉不是很舒服，显得没有那么活力的感觉，跟它的外观就很不搭配。
            

            

    空间
        
            
            
        
        5
    
    
    日常使用没问题，空间对于我这个一米八的个子来说也是很友好的，在驾驶位头部也有很充足的空间，在后排的话腿部和头部的空间都非常的充足，而且后排坐三个体型正常的成年人，对于一家四口来说，日常出行就足够了，坐进去也不显得拥挤，后备箱挺大的。
    
    






                

    驾驶感受
        
            
            
        
        5
    
    
    在起步的时候动力感是很明显的，起码不会很拖后腿，动力在市区来说还算是充沛的，方向盘比较的轻巧，操控起来也很自如，没有什么虚位，刹车很灵敏。
    
    






            

            




            

    续航
        
            
            
        
        5
    
    
    在拥堵路段，电车就发挥出了他的优势，如果停车的话电机是不运转的，如果要是汽油车的话就会频繁的启动，说实话还是挺浪费能源的。如果要是去一些特别远的地区建议还是大家找一个有充电桩的酒店，这样的话到了地点以后充些电也会比较方便驾驶，我家自己是有充电桩的，一晚上绝对充满电了，说实话完全没有续航的焦虑。
    
    





            
            

    外观
        
            
            
        
        5
    
    
    外观非常的吸引，设计很有个性，而且很霸气，前脸的logo看起来很有辨识度，远看也能认出来，车身线条也能突出运动感，这个设计的话非常的让年轻人喜欢。
    
    
    
    
    


    
    
    
    


    
    
    
    


    





            

    内饰
        
            
            
        
        4
    
    
    内饰造型新颖，比较人性化的设计，内饰的质感还是差了一点啊，总体体现在配色上，它的配色让它整个布局感显得没有那么活力了。
    
    
    
    
    


    
    
    
    


    
    
    
    


    





            

    性价比
        
            
            
        
        5
    
    
    作为这个价位的车型，总体来说是很让人满意的了，配置足够用，空间足够大。让我一眼爱上了它的外观，外观是真的很好看，让人非常的喜爱。
    
    
    
    
    


    
    
    
    


    
    
    
    


    





            
                

    智能化
        
            
            
        
        5
    
    
    座椅狂舒适的，座椅的包裹性还是不错的，在长途路上很好的缓解了疲劳感，它的隔音效果很好，作为整个车的舒适性增加了很多。
    
    
    
    
    


    
    
    
    


    
    
    
    


    




            

            



        "
石家庄车友1614240,2023-02-13 首次发表,"
            
                
                    1350km
                    
                    行驶里程
                
                
                
                
                
                
                
                    14.0kWh
                    冬季电耗
                
                
                
                
                
                
                     400公里
                     冬季续航
                
                

                
                
                    25.48万
                    裸车购买价
                
                
                    2023-01
                    购买时间
                
                
                    石家庄
                    购买地点
                
            
            
    
        
            
        
        
            
        
        
            
        
        
            
        
        
            
        
        
            
        
        
            
        
        
            
        
        
            
        
    
    

    
        $(document).ready(function () {
            var koubeiid = 4815141;

        });

    


            
                最满意
                关注这款车已经很久了，考虑到一路飙升的油价，所以想着买一台电动车。预算在30万以内，经过一系列的试驾，考虑以后，终于入手了。之前对比了比亚迪的电动车，最终还是觉得合资车比较好靠谱，能用的住。最满意的地方还挺多的，空间大，又很智能，配置特别高。
            
            
                最不满意
                不满意的基本上没啥，毕竟自己选的车，回来以后就是味道有点重，我从网上买了很多竹炭包，然后把柚子皮橘子皮什么的放了好久，现在好多了。几乎没什么异味了
            

            

    空间
        
            
            
        
        5
    
    
    空间还是很大的，我身高184，头部空间感觉还可以，脚下也不觉得挤。后排的乘坐空间也挺大的，我经常带着孩子出门，孩子在后面爬来爬去。储物空间也充足，前排有两个杯架，平时买两杯饮料正好放下，哈哈。中控的下面是悬空的。连接了主驾和副驾。后备箱的空间日常也够用了。我们平时超市买东西，米面油什么的都可以放下。
    
    






                

    驾驶感受
        
            
            
        
        5
    
    
    开起来感觉很好，油门一踩，就窜出去了，没有丝毫的拖拉。路上超车简直是小菜一碟，跑环路的时候推背感很爽。轻轻松松速度就起来了。跟燃油车相比，静音效果特别好。转弯半径也很小，掉头也是轻轻松松。
    
    






            

            




            

    续航
        
            
            
        
        5
    
    
    我基本上没跑过高速，也就是在市区开一开。实际开下来，满电的情况能跑400左右吧。我觉得还挺好。冬天温度太低的情况，会给电池加热，还有车内的制热，很费电的，续航能力肯定会下降。所以能跑下400左右也挺满意了。相比于燃油车一个月小1000的油钱，已经好多了。
    
    





            
            

    外观
        
            
            
        
        5
    
    
    外观是最吸引我的地方，看上去很有科技感，LED的大灯，给车子增加了一份帅气，后尾灯的设计辨识度很高。开出去也很拉风。侧面的线条也很流畅，整体看起来非常漂亮。
    
    





            

    内饰
        
            
            
        
        4
    
    
    内饰看起来还不错，是我喜欢的风格，座位的包裹性也很好，坐着非常舒服。中控大屏幕显得很高级。用料也很实在，尤其是挡风玻璃下方的设计，我很喜欢啊。
    
    
    
    
    


    
    
    
    


    
    
    
    


    





            

    性价比
        
            
            
        
        5
    
    
    这台车的性价比还是挺高的，合资车里，这个配置真的太香了。20多万可以买下中型SUV的最高配。自带的配置就可以满足了新老司机的日常用车。尺寸也够大，后排空间也很宽敞。家人坐起来也舒服。兼顾了经济和性能。
    
    





            
                

    智能化
        
            
            
        
        5
    
    
    我买的顶配版的车型，智能化的东西特别多。在手机上就可以给方向盘和座位加热，怕冷人的福音呐！12.3寸的大屏幕用起来是真心方便，可以语音控制导航，电话，和空调这些。而且还有人脸识别，也不用担心泄露隐私。后视镜也是可以锁车时自动折叠的，之前的车没有这个功能，就很羡慕。后来也是泡论坛才知道，这款车还有外放电功能，等我春天去郊游的时候，一定要试一试这个。
    
    




            

            



        "
秀儿的风景32,2023-02-13 首次发表,"
            
                
                    2260km
                    
                    行驶里程
                
                
                
                
                
                
                
                    16.5kWh
                    冬季电耗
                
                
                
                
                
                
                     420公里
                     冬季续航
                
                

                
                
                    26.88万
                    裸车购买价
                
                
                    2022-11
                    购买时间
                
                
                    哈尔滨
                    购买地点
                
            
            
    
        
            
        
        
            
        
        
            
        
        
            
        
        
            
        
        
            
        
    
    

    
        $(document).ready(function () {
            var koubeiid = 4814997;

        });

    


            
                最满意
                选择一台代步车，的确非常地不容易，不过还好，老婆最终看中了BZ4X的颜值，通过好看的外观设计，我才真正地愿意花时间了解这款车的相应配置。说到最满意的地方，首先肯定是车内乘坐的舒适感，真皮材质的座椅，他不仅有很高的档次感，最主要的还是舒适度有所保障。因为经常要开车的缘故，如果座椅没有足够的透气性，恐怕会特别地难受。并且在冬天的时候座椅还可以加热，再也不用冻得冷飕飕的。再就是后排的乘坐空间还是非常大的，因为考虑到两个小孩有时候要一起出门，如果特别憋屈，那全家人出门都会很难受。不过好在车子的轴距也有2850mm，算是符合一台SUV的设计尺寸。
            
            
                最不满意
                如果只是我一个人开这台车都没有太大的问题，不过经常有小孩会坐在车内，就特别担心车内的异味很重，对他们的身体健康会有所影响。所以新车买回来没多长的时间，就放了很多的炭包，有时候还会把柚子皮也放在车内，就是为了尽可能地将车内的异味消除掉。这么一点倒是可以，随着使用时间增长之后，味道逐渐消散，但是车内的隔音效果就不知道怎么处理了，平时在低速路况下的噪音倒不太明显，反倒是速度越快，胎噪声越明显。
            

            

    空间
        
            
            
        
        5
    
    
    主要还是后排的乘坐空间比较大，因为座椅的角度算是比较合适的，所以乘坐的舒适性也算是有保障。可能更重要的一点还是后排的座椅靠背可以进行相应地调节，这也算是保证了不同身高的乘坐姿态能够变得更加舒适。
    
    
        第二排空间
        第2排座椅可调节靠背角度，这一点设计得倒是挺人性化的，因为像我的身高比较矮，也只有1米68的样子，平时可以把座椅调节到一个舒适的角度之后不会觉得很难受。并且第2排座椅还有加热功能，这也算是很好地照顾到了后排的乘坐感受。
        
        
    
        后备厢容积
        如果车内需要更宽敞的储物环境，还可以把第2排座椅按比例放倒，这样开口更大一些，放一些大件行李，完全没有任何的问题。后备厢的容积率还是挺大的，有452升反正各种物件都可以，一整整齐齐的放在后备箱。
        
        
    






                

    驾驶感受
        
            
            
        
        5
    
    
    这台车和我之前驾驶过的很多燃油车在操作上的区别非常大，所以刚开始还需要一个适应的过程，尤其是刹车踏板的反馈力度很大，这种阻力感很明显，反倒会让人觉得很不舒服。不过动力的输出也同样让人觉得很惊讶，仿佛不需要经过任何的过程踩下油门就能够感受到极强的推背感。
    
    






            

            




            

    续航
        
            
            
        
        5
    
    
    有跑过200公里的高速，但大多数都是以日常上下班通行为主，目前车子的能耗表现还是挺不错的，也就是百公里16.5kwh。不过更重要的是他的续航水平挺高，平时充满一次电之后倒是能够跑420km，所以不太会有续航里程方面的焦虑。再加上楼下小区的充电桩，也非常地方便，平时车子还有60%的电量，我都会选择充电，如果前一天忘记充电，40分钟的快充也可以把电充得差不多。
    
    





            
            

    外观
        
            
            
        
        5
    
    
    对于他的外观设计，我认为和其他的很多丰田车有很大的区别，完全没有那种常规的设计气质，更多给我的感觉是有足够的科技感。不过更重要的是，这台车从外观的设计上来看，不会让人觉得很浮夸，反倒是这种踏实稳重的设计风格，更让老婆喜欢。
    
    
    
    
    


    
    
    
    


    





            

    内饰
        
            
            
        
        4
    
    
    最主要的是内饰的配置还是很丰富的，放眼望去都是大面积的皮质软包裹，真的有非常不错的手感，尤其是像父母老一辈，看车子本身的质量就会通过这些细节来衡量。真皮座椅的手感很不错，而且透气性也很强，所以乘坐的舒适性又有了一部分的保障。再加上还有一块12.3英寸的中控屏幕，平时能够把很丰富的行车信息显示出来，操作也很细腻。但唯一美中不足的可能还是车内的味道比较重，这会让人有些不舒服，尤其是坐在车内时间长了之后会有些反胃。
    
    
    
    
    


    





            

    性价比
        
            
            
        
        5
    
    
    既然是选择了这辆车，肯定是经过了多方面的对比才认可的，所以说在性价比方面做得还是让我和老婆挺满意的。不说别的，就仅仅只说配置，同样的价位还是能够给到不错的配置，更重要的是车子的代步费用，比燃油车要划算很多。平时充满电也就百来块钱的样子，但是却能够跑上好几百公里，这是有些不敢想象的。
    
    





            
                

    智能化
        
            
            
        
        4
    
    
    对于我自己来说，配置还是非常丰富的，反正该有的皮质包裹和驾驶舒适性都有所保障。但是老婆认为这个配置竟然没有并线辅助，在辅助配置方面还是有些差强人意，并且不支持全车无钥匙进入。
    
    




            

            



        "
az6adr8,2023-02-13 首次发表,"
            
                
                    2023km
                    
                    行驶里程
                
                
                
                
                
                
                
                    18.0kWh
                    冬季电耗
                
                
                
                
                
                
                     330公里
                     冬季续航
                
                

                
                
                    26.88万
                    裸车购买价
                
                
                    2022-11
                    购买时间
                
                
                    东莞
                    购买地点
                
            
            
    
        
            
        
    
    

    
        $(document).ready(function () {
            var koubeiid = 4814898;

        });

    


            
                最满意
                对于这款车我还是很满意的，首先它有着非常不错的空间表现。其次在驾驶方面也能够给到一定的乐趣。最后就是动力系统，整体来说性价比相当高。至于开起来怎么样呢？我开了一段时间觉得还行吧，毕竟价格摆在那里，而且四驱版本更加适合城市道路使用，所以综上所述，我认为这台车还算可以接受。
            
            
                最不满意
                最不满意的就是内饰设计方面，相比外观来说并没有太多亮点可言，依旧是熟悉的内饰布局。不过值得一提的是，新车配备了全液晶仪表盘和大尺寸悬浮式中控屏幕，这在同级别车型当中还是非常少见的，科技感十足。此外，运动方向盘、电子换挡杆以及贯穿式空调出风口的加入也让整体豪华氛围更上一层楼。动力系统部分，我认为四驱高性能让这款车显得动力十足。
            

            

    空间
        
            
            
        
        5
    
    
    四驱高性能pro版的表现是让人满意的，无论是驾驶还是乘坐都有着不错的舒适感。而且作为一台四驱车型来说，它的外形设计和线条做工在同级别中也算得上优秀了，再加上丰富的配置以及合理的价格区间，使其性价比方面依旧很突出，自从买回家，我和我媳妇换着开，喜欢的爱不释手。
    
    






                

    驾驶感受
        
            
            
        
        5
    
    
    总体来说，四驱高性能pro版的驾驶感受我可以给到一个很好的评价。首先是这款车动力储备充足，整体调校还是偏向于舒适化和节油经济性，所以对于这样一台家用车型而言，动态表现让我觉得很满足。其次就是底盘悬挂质感相比老款提升非常明显，路面上大部分细碎震动都被过滤得很彻底，并且在通过减速带时也没有松散的感觉出现。再加上更长、更宽的轴距，后排乘坐空间相当充裕，就是坐下我们一家五口人，都显得很宽松。
    
    
    
    
    


    
    
    
    


    
    
    
    


    






            

            




            

    续航
        
            
            
        
        5
    
    
    我购买的这款新能源汽车，相比起传统的汽油车，我发现它的续航能力真是太棒了！我一次充满电就可以驾驶大约约350公里，这样省电，对环境也更有益！而且，我在我们地下车库也可以充电，真的很方便。而且这辆新能源车很轻，它的动力虽然不像汽油车那么大功率，但它的加速却很快，可以让我上下班很给力！它的外观非常时尚，电动元素也更加精致了，而且后备箱让我可以装更多的行李！总的来说，这辆新能源车非常出色！它不仅节能环保，而且有着出色的动力表现及精彩的外观设置。它非常符合我渴望节约能源的态度，也不失给我带来的驾驶乐趣！对它的整体印象十分满意！
    
    





            
            

    外观
        
            
            
        
        5
    
    
    对于这台车的外观来说，我特别喜欢它的前脸设计，因为无论是从哪个角度看过去，都可以给人一种非常犀利的视觉效果。而且整体的线条也很流畅和顺滑，所以对于我这样的上班族来讲，开着它出门游玩的时候回头率还是相当高的。虽然四驱高性能pro版在配置方面没有什么太多亮点，但是作为一款运动型轿跑车型，其实它最吸引我的地方并不仅仅只是外表那么简单，而是它拥有极强的操控感受以及同级领先的动力水平。
    
    
    
    
    


    
    
    
    


    
    
    
    


    





            

    内饰
        
            
            
        
        4
    
    
    内饰来说，这台车给我的第一感觉就是科技感十足，中控屏幕尺寸非常大，并且采用了时下比较流行的悬浮式设计。对于内饰做工和用料方面也进行了升级，整体质感有了很大提高。另外在配置上，像坡道辅助、陡坡缓降以及自动驻车等功能都得到了保留。再加上装饰条以及木纹饰板的点缀，让整个车厢氛围更显年轻化、运动化。
    
    
    
    
    


    
    
    
    


    
    
    
    


    





            

    性价比
        
            
            
        
        5
    
    
    总体来说，这款车的性价比还是很高的。我特别喜欢它的外观和内饰设计，而且配置方面也非常丰富。因为我对动力要求本来就大，所以我认为这款四驱高性能pro版会是一个很好的选择。当然了，对于我们购买者而言，最重要的莫过于优惠后的售价，毕竟这样的价格在同级别中并没有什么优势可言。所以综合考虑下来，我觉得这台车还是非常不错的。
    
    





            
                

    智能化
        
            
            
        
        5
    
    
    对于这款车的配置来说，其实我特别喜欢它的中控大屏幕，因为对于一些科技感十足的东西而言是很有必要的。另外像别的同系列车的功能也都具备了，所以整体上性价比还是非常高的，当然最重要的还是价格，虽然购买时花钱有点心疼，但却换来了诸多舒适性和科技性的体验，尤其是中控多媒体功能给我很关键的驾乘体验，让我觉得买这车真的值了，要是再让我选择一次，我还是选择这款。
    
    




            

            



        "
唐山车友5671194,2023-02-09 首次发表,"
            
                
                    1780km
                    
                    行驶里程
                
                
                
                
                
                
                
                    13.6kWh
                    冬季电耗
                
                
                
                
                
                
                     410公里
                     冬季续航
                
                

                
                
                    25.48万
                    裸车购买价
                
                
                    2023-01
                    购买时间
                
                
                    唐山
                    购买地点
                
            
            
    
        
            
        
        
            
        
        
            
        
        
            
        
        
            
        
        
            
        
        
            
        
        
            
        
        
            
        
        
            
        
        
            
        
        
            
        
    
    

    
        $(document).ready(function () {
            var koubeiid = 4808642;

        });

    


            
                最满意
                最满意的就是电动车省钱啊，省去了排队加油的烦。然后就是全车的降噪效果，没有声音，很安静！这可比燃油车的发动机响声好太多啦。开起来真的很舒服，在路上放着自己喜欢的歌儿，感觉简直不要太好！车子的音响效果也不错，音质很好。听销售说整车都做了降噪处理。家里现在有一台途观，我上班本来不太远的距离，总觉得开着不值当。所以准备让它退居二线，跑长途的时候再开。上班和日常就想着买一台新能源车。这些年也比较流行，最主不限号，还不用交购置税，日常用的话，想着省钱点但是又不想降低生活体验，所以买了顶配的bz4x。配置完胜！开了这么久，感觉各方面都很好
            
            
                最不满意
                不满意的就是续航没有官方说的500那么多，最近天冷，我只要上车就一直开空调，所以实际开下来的话续航只有410公里左右。不过这是电动车的通病，冬天的续航缩水也是正常现象，可以理解吧。然后就是感觉价钱虚高，我看上了顶配，下来26万多，最后还是咬咬牙买了。所以也就不说啥了。
            

            

    空间
        
            
            
        
        5
    
    
    这个车子的轴距2850，所以乘坐空间挺宽敞的。不管是前排还是后排，头部还是腿部空间，都很富裕。座舱的实用性也是很好的，前排有很多放置物品的储物空间。后排的地板是平整 的，即使长途出行，第二排的乘客体验感也很好。而且支持后排座位放倒，从后备箱看过去是平平的。要拉东西也是OK的。
    
    






                

    驾驶感受
        
            
            
        
        5
    
    
    我买的四驱的车，就是起步的时候比较猛，速度起来就好了，方向盘特别轻。过减速带的时候也是绵绵的，换挡很平顺，丰田的底盘也比较扎实。语音控制系统也很好用，成功解放了双手。
    
    






            

            




            

    续航
        
            
            
        
        4
    
    
    冬天的续航因为开空调和天气太冷的原因达不到预期，只能跑410左右，不知道夏天开空调怎么样，不过作为日常代步车，410也差不多够了，就在市区开的话，我也不会用到没电再充。然后就是续航除了跟车本身有关系外，跟个人的驾驶习惯也有关系。
    
    





            
            

    外观
        
            
            
        
        5
    
    
    刚看上去的时候都没想到这是一台电动车，前脸看起来很有科技感，很立体。搭配方形的大灯和狭长的日行灯设计，让车子看起来更霸气，车身侧面做了撞色轮眉，更加凸显了侧身的肌肉线条。长长的贯穿式的尾灯，加上溜背的造型，这个设计深得我心
    
    





            

    内饰
        
            
            
        
        5
    
    
    内饰的颜色是浅灰色的，除了不好打理 别的都不错 。用料什么的都很好，看着很有质感，尤其中央扶手那一块，很精致。还有旋钮的档把，也是科技感满满。内饰豪华这也算是电动车的一个特色了。咱也跟上赶个潮流。
    
    





            

    性价比
        
            
            
        
        5
    
    
    性价比总体来说还行吧，我的本意是花最少的钱买最贵的车，哈哈哈，不能要求那么高，总体算下来还可以，我要的配置都有了。贵是贵了点儿，但是车这东西一旦买了，要开好多年，所以就不说这么多了，开着好了比什么都强。
    
    





            
                

    智能化
        
            
            
        
        5
    
    
    车里很多智能的东西，语音识别和人脸识别。仪表盘的设计融合了抬头显示的内容。看起来更有科技感。 同时增加了很多安全性能，开起来更放心，还有那个全景监控，简直是女司机的福音，我老婆开上以后跟我夸了好几次。
    
    




            

            



        "
谁会管他呢偃,2023-02-08 首次发表,"
            
                
                    2410km
                    
                    行驶里程
                
                
                
                
                
                
                
                    18.6kWh
                    冬季电耗
                
                
                
                
                
                
                     350公里
                     冬季续航
                
                

                
                
                    26.88万
                    裸车购买价
                
                
                    2022-10
                    购买时间
                
                
                    泰安
                    购买地点
                
            
            
    
    

    
        $(document).ready(function () {
            var koubeiid = 4808114;

        });

    


            
                最满意
                车型也看过挺多了，最后还是决定选这个车，一是因为当时快过年了，准备在年前选一台车，正好也能开一下，而且看过很多的车型，感觉这款车空间还有实用性都比较的好，当时对比过比亚迪，这个感觉比这款车更显得豪华一些。
            
            
                最不满意
                说到最不满意，其实我觉得他的后排空间可能有点小，不过作为一般的家庭来说倒是够用了，只要体型不是特别大的话，一般不会影响什么，而且还有座椅加热的功能，但是没有通风所以这个时候就感觉缺了点什么。
            

            

    空间
        
            
            
        
        4
    
    
    空间的话表现算是还可以，同级别相比的话算是够用了，但是感觉后排的空间上有一定的压缩，就是个子如果太大的话，在后排可能就显得有点局促了，所以说如果把轴距再大一点，可能会更好。
    
    






                

    驾驶感受
        
            
            
        
        5
    
    
    开着倒是非常的给力，提速非常快，尤其是这款车的底盘，感觉特别的硬实，也感觉特别的稳，速度高的时候转弯也没有太大问题而且这款车提速非常快，感觉加速的时候完全没有压力，现在这款车操作感觉真的是非常的轻松，不过为了自己的安全，也不要提速过快，安全为主。
    
    






            

            




            

    续航
        
            
            
        
        5
    
    
    这款车续航还算可以吧，不过冬天开感觉可能会有一点缩水，目前的话还能跑个三百五六十公里，其实还算是可以吧，因为毕竟是冬天，有点缩水也是理所应当。
    
    





            
            

    外观
        
            
            
        
        5
    
    
    外观感觉造型还是非常帅气的，不仅看着非常的有运动感，而且整个立体效果也让这个车感觉更加的有科技感，在平时开车的过程中，感觉这个车也是显得非常的灵动，看着这款车其实漂亮多了，作为一款电车来说，一个惊艳的造型能吸引不少的人。
    
    
    
    
    


    
    
    
    


    
    
    
    


    





            

    内饰
        
            
            
        
        4
    
    
    这款车的内饰，倒算是还行，而且我觉得这款车内饰用料还是很不错的不过就是他的这个座椅没有通风感觉倒是有点美中不足。
    
    





            

    性价比
        
            
            
        
        5
    
    
    性价比的话倒还是挺高的，自从用了电车以后，再也不需要考虑加油站的事了，而且经济性显得更加高了，而且现在电费这么低，平时开车也更加的经济了一些，开车也是非常的舒服，所以对于这款车来说，我觉得还是非常的优秀的。
    
    
    
    
    


    
    
    
    


    
    
    
    


    





            
                

    智能化
        
            
            
        
        5
    
    
    这款车的智能化倒是挺充足的，比如说他的APP远程控制非常的好用，真的是远程操控让车子使用更加的方便，而且语音控制反应也比较的快，让平时用车也更轻松更简单。
    
    




            

            



        "
汉中车友2176034,2023-02-06 首次发表,"
            
                
                    2880km
                    
                    行驶里程
                
                
                
                
                
                    18.0kWh
                    春秋电耗
                
                
                
                
                
                
                    480公里
                    春秋续航
                
                
                
                

                
                    450公里
                    冬季续航
                
                
                    28.10万
                    裸车购买价
                
                
                    2022-10
                    购买时间
                
                
                    延安
                    购买地点
                
            
            
    
        
            
        
        
            
        
        
            
        
        
            
        
        
            
        
    
    

    
        $(document).ready(function () {
            var koubeiid = 4805183;

        });

    


            
                最满意
                身边朋友买奔驰宝马的也不在少数，但是如果真正对比一些配置上的话我觉得丰田的这款丰田BZ还是比较有优势的。颜值设计真的很好看，尤其是双色的翼子板还有封闭式的大尺寸进气格栅，辨识度还是比较高的，而且设计感很强，给人一种跨界SUV的感觉。快充效率还是挺高的，半个小时以内就能够充满电了。如果是不开暖风和冷气，那么它的续航能力基本上对于BZ4X的续航表现还是挺满意的，这样的快充效率还有续航能力，相信跑高速是没有任何问题的。
            
            
                最不满意
                动力板块可能一直是丰田的劣势吧，感觉开起来没什么劲。
            

            

    空间
        
            
            
        
        5
    
    
    后备箱很平整，因为他把一些备胎工具都放到了后备箱盖版下面。坐在主驾驶位置，驾驶姿势很好，头部和车顶之间有四指的空间。老婆165，坐在主驾驶位置，头离车顶大概两个拳头。我觉得空间还是比较宽敞舒适的。
    
    






                

    驾驶感受
        
            
            
        
        4
    
    
    丰田追求的好像也不是动力，现在其他品牌我看了下这个价位的车动力都很强。悬挂调校上确实有一些软，代步正常开都挺舒服，如果开的激烈驾驶感觉就没有太强的支撑。
    
    






            

            




            

    续航
        
            
            
        
        5
    
    
    因为买的是四驱性能版，所以电耗会高出许多，百公里电耗是20.5kWh，因为车到手没有多长时间，所以暂时还不知道续航能力怎么样。与传统锂电池相比，体积更小，容量更大，安全性大大提高，针刺实验后不燃烧，可有效降低电池因外力破坏而产生的潜在危险。开车经常带宝宝出门，所以我的车的安全指数是五星。
    
    





            
            

    外观
        
            
            
        
        5
    
    
    从外形上来看，我的第一印象就是它很漂亮，也很时髦，单从外形上来看，根本不可能有这么高的价格。因此其外观设计也是相当不错的，就我而言，这款车的外观，是我最满意的一部分。
    
    
    
    
    


    
    
    
    


    
    
    
    


    





            

    内饰
        
            
            
        
        5
    
    
    车子的内部设计让我觉得很新鲜，我第一次开车回家的时候，就已经习惯了车的各种功能，内饰的装配还是属于比较结实的，反正我也没有听到什么太多的杂音。
    
    
    
    
    


    
    
    
    


    
    
    
    


    





            

    性价比
        
            
            
        
        5
    
    
    看了一圈车后，还是平衡了一下我买车的一些需求，我觉得可以舍弃动力，但是一定要保留安全和外观。
    
    





            
                

    智能化
        
            
            
        
        5
    
    
    这辆车的内部空间非常的大，前排的驾驶室并不显得拥挤，开起来也很舒服，后排的空间也很大，我坐在后面，可以自由活动。我当时验车的时候看到了很多隔音的东西，还是蛮细致的。
    
    




            

            



        "
渭南车友7176302,2023-02-06 首次发表,"
            
                
                    3550km
                    
                    行驶里程
                
                
                
                
                
                    17.0kWh
                    春秋电耗
                
                
                
                
                
                
                    500公里
                    春秋续航
                
                
                
                

                
                    480公里
                    冬季续航
                
                
                    26.10万
                    裸车购买价
                
                
                    2022-10
                    购买时间
                
                
                    榆林
                    购买地点
                
            
            
    
        
            
        
        
            
        
        
            
        
        
            
        
        
            
        
        
            
        
        
            
        
        
            
        
    
    

    
        $(document).ready(function () {
            var koubeiid = 4805180;

        });

    


            
                最满意
                我觉得最满意的就是我很喜欢这款车的配置，配置非常的完美使用起来也比较的顺手，完美展示了现在的高科技，很多辅助系统用起来是很方便的，这款四驱PRO车型配备了360全景影像而且还有智能泊车助手功能，对于没有开过中型SUV这样的大家伙的司机而言，可以说是帮了我一个大忙了。
            
            
                最不满意
                不能说很不满意，就隔音这块做的没有那么完美，过年回老家跑高速的时候偶尔能听到胎噪声，不是很舒服。
            

            

    空间
        
            
            
        
        5
    
    
    驾驶位的空间还是挺宽敞的，头顶离车顶大概有个一拳多一点的距离，视力不会受到任何阻碍，没什么盲区，体验感还是很爽的。后备箱的空间可以放很多的物品的像过年回家的话还是带了很多的礼品完全放的下。我觉得如果时候作为一款家用纯电SUV来说确实是足够了的，后排坐三个人的话丝毫没有任何压力，地板也显得非常的平。
    
    






                

    驾驶感受
        
            
            
        
        5
    
    
    动力对于家用车来说完全够用了，即使车身有点大，但是跑起来一点都不会耽误事，又稳又快，我很喜欢。高速超车也是非常的轻松。方向盘的灵活度是非常高的，手感极高，打弯的时候也不需要很大的幅度。
    
    






            

            




            

    续航
        
            
            
        
        5
    
    
    平时上下班用的多一点，纯电车在驾驶的过程中很舒服，续航里程来说也都还不错适合正常的上下班家用，续航里程我没有计算过，我是快没了我就回去充电，第一次开电车稍微看到电量下降就有点紧张。其实生活中用电是不需要担心的，至于以后出去玩我觉得也不错，以后肯定配置的越来越齐全，上高速也没有什么问题。
    
    





            
            

    外观
        
            
            
        
        5
    
    
    远远看过去都能感受到它的大气，还有车标的设计很高端，前脸显得霸气十足，跑在路上真的是自带气场。
    
    
    
    
    


    
    
    
    


    
    
    
    


    





            

    内饰
        
            
            
        
        5
    
    
    车内用材比较讲究，基本都是软包，摸起来很舒服，颜色的搭配我也很喜欢，把车内的光线提高了不少，而且也不会扎眼，很温馨的氛围。
    
    
    
    
    


    
    
    
    


    
    
    
    


    





            

    性价比
        
            
            
        
        5
    
    
    各方面来看的话都是我喜欢的类型，都能达到我的要求，价格也不高，保值率很高，当然性价比也不错。丰田车品牌有保障有实力，然后这台丰田BZ本身配置很高，尤其是它的安全性能很值得点赞，自然就选择了它。
    
    
    
    
    


    
    
    
    


    
    
    
    


    





            
                

    智能化
        
            
            
        
        4
    
    
    车子的减震不错，坐在上面全程都是很舒服的，加上座椅的柔软度也是刚好的，距离感也很好，挨着坐也不会感到拥挤，所以舒适度还挺满意的，要是减噪再加强一些就更完美了。
    
    




            

            



        "
镇江车友0015442,2023-02-06 首次发表,"
            
                
                    2990km
                    
                    行驶里程
                
                
                
                
                
                    18.0kWh
                    春秋电耗
                
                
                
                
                
                
                    500公里
                    春秋续航
                
                
                
                

                
                    470公里
                    冬季续航
                
                
                    26.20万
                    裸车购买价
                
                
                    2022-11
                    购买时间
                
                
                    西安
                    购买地点
                
            
            
    
        
            
        
        
            
        
        
            
        
    
    

    
        $(document).ready(function () {
            var koubeiid = 4805145;

        });

    


            
                最满意
                首先感觉这车的动力很给力。一个人开车的时候，注意动力部分。对于日常家庭使用来说，这款车的动力确实不错。其次，油耗也很低。感觉很开心，整体油耗很舒服。毕竟当然要看车的性能，但我也喜欢高性能车。这辆车的整体性能非常好。
            
            
                最不满意
                车外漆有点太薄了，特别容易损坏。有一次开过乡间小路，不小心刮到了小路，不过很清楚。伤口，好痛。其次，车内有异味，车内异味问题还是比较大的。
            

            

    空间
        
            
            
        
        5
    
    
    空间设计很大很合适。汽车前排和后排的空间非常适合。可以轻松满足日常居家需求。汽车后备箱也塞满了很多东西，所以一些基本的空间需求基本都可以轻松满足。
    
    






                

    驾驶感受
        
            
            
        
        5
    
    
    力量足够了。正常情况下，汽车的动力启动和加速都非常好，非常充足。当汽车启动和加速时，感觉汽车有足够的动力。控制非常好。我通常一个人开车。对于日常家庭使用，此控件非常舒适，并且具有很好的辅助控件组合。说到控制，我感觉这辆车。还是比较合适的。
    
    






            

            




            

    续航
        
            
            
        
        5
    
    
    续航一直来说比较好，按照实际行驶的公里数续航里程在460左右，要是开空调我估计会有低一些，平时话要是光开车上下班肯定是没问题。
    
    





            
            

    外观
        
            
            
        
        4
    
    
    整体设计非常舒适，极具吸引力。汽车设计看起来很棒，但车漆肯定要轻一点。汽车通常会不小心伤到几个地方。这一切都很不愉快，特别容易留下划痕。
    
    
    
    
    


    





            

    内饰
        
            
            
        
        4
    
    
    内饰材料一般，内饰材料根本不匹配价格，整个车内都是比较差的材料，摸起来感觉怪怪的，内饰也有车内异味的问题，而且气味也很差，难闻又刺激。
    
    
    
    
    


    
    
    
    


    
    
    
    


    





            

    性价比
        
            
            
        
        5
    
    
    性价比非常高。我也看好这款车的性价比。对于日常家庭使用来说，这款车是非常划算的，也是不错的选择。车的价格，这款车的整体价格是：这是一辆很棒的车，而且物超所值。在日常的汽车保养中，我觉得这款车比较容易保养，也很经济。二是查车起步价。另外，在出发前仔细对比了几款车的价格后，我终于觉得这款车更适合我。
    
    





            
                

    智能化
        
            
            
        
        5
    
    
    避震器的过渡非常好。独自驾驶时，更要注意汽车的减震器。我通常会在颠簸的道路上行驶，轻松过渡并且非常舒适。另一个令人满意的是汽车的隔音效果。我喜欢安静，同时追求汽车的舒适性。我很关心车子的隔音效果，但是这辆车的隔音效果很好，很舒服。
    
    
    
    
    


    
    
    
    


    
    
    
    


    




            

            



        "
西安车友4975555,2023-02-06 首次发表,"
            
                
                    3110km
                    
                    行驶里程
                
                
                
                
                
                    17.0kWh
                    春秋电耗
                
                
                
                
                
                
                    500公里
                    春秋续航
                
                
                
                

                
                    470公里
                    冬季续航
                
                
                    26.20万
                    裸车购买价
                
                
                    2022-10
                    购买时间
                
                
                    西安
                    购买地点
                
            
            
    
        
            
        
        
            
        
        
            
        
        
            
        
        
            
        
        
            
        
    
    

    
        $(document).ready(function () {
            var koubeiid = 4805139;

        });

    


            
                最满意
                其实说实话，对于凌放这款车型我更喜欢的是它的车尾，包括后尾灯我也喜欢，让人感觉很时尚也很年轻，其次就是它的前脸，上下格栅形成了非常完美的契合，从整体看起来的流线非常流畅，这样设计起来完全符合我的审美。
            
            
                最不满意
                这样的售价，确实可以买一辆好车，但是车身的材质，却没有那种厚实的感觉，反而会让人担心，如果车身太薄，在开车的过程中，会出现一些划痕。
            

            

    空间
        
            
            
        
        5
    
    
    然后就是它前排空间很宽敞，因为我身高176，体重160，也还挺重的，但是我坐在前排居然还觉得挺宽敞的，后排也还可以，空间方面觉得特别的棒，主要是孩子坐，后排就算是坐三个孩子还是觉得很宽敞的，丝毫没有一点问题。
    
    






                

    驾驶感受
        
            
            
        
        5
    
    
    车的动力方面还是可以的，起步的时候很稳，在等红灯的时候起步也很快，后期速度也是蛮快的，开车十分的畅快，提速超车也都轻而易举，都不在话下，这个方向盘操控起来也丝毫不费力，觉得很适合我，车子的方向盘握在手里用起来也是十分顺畅的，它的那种触感让你有一种说不出来的爽感。
    
    






            

            




            

    续航
        
            
            
        
        5
    
    
    续航能力在我的预算范围之内的，在整个家用车里面算是比较低的了，这一点我也是觉得很满意的。
    
    





            
            

    外观
        
            
            
        
        4
    
    
    这款车的外观看起来就特别的时尚，当初就是这车的外观造型吸引的我，给我的第一印象就非常好，买回来以后好多人都夸这辆车十分的大气，同时我心里也是美滋滋的，觉得我的眼光非常好。但是，车漆还是比较薄。
    
    
    
    
    


    
    
    
    


    
    
    
    


    





            

    内饰
        
            
            
        
        5
    
    
    内饰方面做的还是很不错，做工也很精细灵巧的，风格是也挺简约素朴的，这一点我也很喜欢。
    
    
    
    
    


    
    
    
    


    
    
    
    


    





            

    性价比
        
            
            
        
        5
    
    
    我觉得这款车的性价比也是蛮不错的，不管是车的配置，还是车的安全系数，而且这个价格也是很经济实惠。在起初买车的时候就是这车的外观吸引到我了，并且这里面的配置也全部是我想要的，操控方面也正好适合我，开车给我的感觉也很棒，每次开着它出去都可以让自己很享受，一点都不会觉得开车的劳累，同时性价比也是我最看重的一点，也可以说是物有所值了吧。
    
    





            
                

    智能化
        
            
            
        
        5
    
    
    车内的环境十分的清馨典雅，坐在里面整个人都觉得神经气爽，舒适度也是杠杠的，座椅的面料也是很柔软，乘坐在里面也是很舒服的，感觉忒棒了，我过年回家的时候这车的内轮胎噪音也很小，一点都不会影响我开车，让我开车很自在，不会给我带来什么负面情绪。
    
    




            

            



        "
安康车友2072182,2023-01-18 首次发表,"
            
                
                    2330km
                    
                    行驶里程
                
                
                
                
                
                
                
                    20.0kWh
                    冬季电耗
                
                
                
                
                
                
                     500公里
                     冬季续航
                
                

                
                
                    26.80万
                    裸车购买价
                
                
                    2022-10
                    购买时间
                
                
                    西安
                    购买地点
                
            
            
    
        
            
        
        
            
        
    
    

    
        $(document).ready(function () {
            var koubeiid = 4785887;

        });

    


            
                最满意
                安全可靠是我对BZ4X感到最满意的地方之一，当时在买这台车的时候还特地的关注了它的安全配置，BZ4X的安全辅助配置确实很丰富齐全，甚至在合资品牌当中也是极具优势的。而且使用的电池也是宁德研发生产的，电池安全可靠性也是非常的棒。此外，除开这几个方面之外，该车的颜值设计也特别的好看，可以说是非常的美观，可谓是将科技感以及运动感相互融合在一起的一台SUV，线条的运用上也显得尤为硬朗。
            
            
                最不满意
                接近27万的售价其实相对还是比较高的，在选择BZ4X之前我也有考虑过陆放等同级别的燃油SUV。说实话，现在纯燃油车的价格已经降了很多，尤其是终端优惠这一块真的很香，反观bz4x的指导价是一分钱优惠都没有。但是奈何现在油价这么高，而且bz4x又是丰田旗下的纯电平台打造的纯电车，多少还是有一定吸引力的，所以我还是决定尝试一下这款车吧。
            

            

    空间
        
            
            
        
        5
    
    
    毕竟这台车的级别摆在这里，所以日常空间体验时候相当舒适的，全家人坐在车内毫无拥挤感可言，即便是后排在安装了儿童座椅的情况下，对第二排横向舒适性也不会造成任何的影响。因为bz4x的第二排不仅仅是腿部空间宽敞，而且横向的尺寸也特别大。
    
    






                

    驾驶感受
        
            
            
        
        5
    
    
    其实早在试驾的过程当中我就对bz4x的动力感到特别满意，也正是这一次愉快的试驾体验，让我确定了买bz4x的决心。虽然它的动力谈不上多么极致，但是贵在加速非常的柔和线性，不会有太大的惊喜，但是也不会让人感到失望。
    
    






            

            




            

    续航
        
            
            
        
        5
    
    
    现在因为天气冷了，上车就要开空调，电耗上涨了不少百公里才20kwh。现在的话最多也就跑430km吧。相信夏天的话续航能力一定会非常出众了，基本上跑到500km是没有任何压力的。
    
    





            
            

    外观
        
            
            
        
        5
    
    
    我家人对我选择bz4x是非常的满意的，他们甚至对这款车的颜值赞不绝口，特别是轮廓这一块，这台车真的显得非常有运动气息。
    
    
    
    
    


    
    
    
    


    





            

    内饰
        
            
            
        
        5
    
    
    内饰在用料以及手感等方面都有着不错的表现，质感这一块的话确实做得非常的到位，尤其是在科技感这一块确实看到丰田在努力。
    
    
    
    
    


    
    
    
    


    
    
    
    


    





            

    性价比
        
            
            
        
        4
    
    
    我觉得bz4x的价格还是有点贵，至少同级油车不会卖到这个价格，重要的是一分钱优惠都没有，主要我太喜欢bz4x了，所以我才愿意追加预算买它。
    
    





            
                

    智能化
        
            
            
        
        5
    
    
    坐上去给我感觉座椅非常宽大，软性适中，乘坐感受非常好，包裹性也不错主驾电动调节，整车行驶起来噪音非常小，方向盘非常轻巧灵敏，坐在车内视野非常开阔，车外景色美不胜收。 
    
    
    
    
    


    
    
    
    


    
    
    
    


    




            

            



        "
商洛车友9577576,2023-01-18 首次发表,"
            
                
                    2110km
                    
                    行驶里程
                
                
                
                
                
                
                
                    22.0kWh
                    冬季电耗
                
                
                
                
                
                
                     300公里
                     冬季续航
                
                

                
                
                    26.20万
                    裸车购买价
                
                
                    2022-10
                    购买时间
                
                
                    榆林
                    购买地点
                
            
            
    
    

    
        $(document).ready(function () {
            var koubeiid = 4785876;

        });

    


            
                最满意
                一直都想买台新能源车，由于家里已经有一台燃油车了，所以第二台车我的购车目标非常的明确，那就是选择纯电车，很喜欢这辆车的颜值，看上去比较特别。尽管市面上的新能源汽车选择非常多，但让我眼前一亮的选择似乎并不多。而且很多新品牌不太敢尝试，即便外形设计比较美观，其他方面也吸引不到我。综合考虑下来，还是觉得丰田bZ4X是更加靠谱的选择。
            
            
                最不满意
                内饰设计还可以，但是乘坐感受比较一般。不知道车内使用的是哪一种面料，触摸手感挺一般的，质感方面差点意思，对比同价位的燃油车，在质感方面还是有一定差距的。
            

            

    空间
        
            
            
        
        5
    
    
    空间确实比较宽敞，能够轻松满足日常用车需求。尤其是后排座椅，整体空间非常宽敞，而且座椅十分宽大，坐在车内不会觉得拥挤或者压抑。另外是这辆车的后备箱空间，实际装载量非常惊人，比一般的B级车空间更出色，用起来也非常舒服。
    
    






                

    驾驶感受
        
            
            
        
        5
    
    
    动力十分澎湃，驾驶也比较平顺。因为少了变速箱的作用，车辆踩电门直接能够驱动，反应更加灵敏一些。以前还觉得新能源车开起来动力会相对较弱一些，后来发现这是一种误解。尤其是提速方面，确实比燃油车强不少。
    
    






            

            




            

    续航
        
            
            
        
        5
    
    
    续航还是挺满意的，买车之前多多少少有些担心续航缩水，实际表现感觉还可以。其实新能源车确实很适合日常家用代步，不仅使用成本比较低，现在的普遍续航都还可以。尤其是20多万的新能源车，续航能力通常差不到哪里去。
    
    





            
            

    外观
        
            
            
        
        5
    
    
    外观设计还是挺新颖的，确实对我来说有着比较大的吸引力。我一直比较喜欢尝试一些新鲜事物，新能源几年前出来的时候，就一直有想换的冲动。但因为续航方面的限制，迟迟也没有出手。现在感觉续航方面进步了不少，就开始着重考虑了。也确实觉得bZ4X颜值很高，充满了未来气息。
    
    
    
    
    


    
    
    
    


    





            

    内饰
        
            
            
        
        4
    
    
    内饰感觉和大气的外观有点不搭，感觉像是一款廉价的二手车，不仅中规中距，没啥亮点，设计风格和用料也差强人意。
    
    
    
    
    


    
    
    
    


    





            

    性价比
        
            
            
        
        5
    
    
    性价比还是挺不错的，现在的新能源车价格都相对较高，而丰田的纯电动车定价还是比较合理。
    
    





            
                

    智能化
        
            
            
        
        5
    
    
    座椅设计符合人体工程学，让人坐上去很舒服，隔音效果也是非常良好的，关上窗户基本上听不见什么噪声，在一些石子路小心点开也不会有多大的颠簸感。 
    
    
    
    
    


    
    
    
    


    
    
    
    


    




            

            



        "
安康车友5134881,2023-01-16 首次发表,"
            
                
                    1770km
                    
                    行驶里程
                
                
                
                
                
                
                
                    22.0kWh
                    冬季电耗
                
                
                
                
                
                
                     400公里
                     冬季续航
                
                

                
                
                    19.60万
                    裸车购买价
                
                
                    2022-10
                    购买时间
                
                
                    渭南
                    购买地点
                
            
            
    
        
            
        
        
            
        
        
            
        
        
            
        
        
            
        
        
            
        
        
            
        
        
            
        
        
            
        
    
    

    
        $(document).ready(function () {
            var koubeiid = 4783384;

        });

    


            
                最满意
                当初看到丰田BZ这款车的时候，就被这款车的外观所吸引，可以说自己最满意的也是这款车的外观了，不管从任何角度看过去，都给我的感觉就是高识别度，而且相当的有运动感。总得来说，bz4x的外观科幻，动力强悍，性价比还是不错的，记得当时我坚持要买bz4x时家里人都不同意，他们的印象中，电动车还处于发展的阶段呢，但我觉得现在技术已经比较成熟了，而且丰田这种老牌车企也相对更可靠一些。
            
            
                最不满意
                续航的话，我觉得还有提升的空间，每次充电大概能跑三到四天左右，不及汽油车，但是不经常开的时候也够用了。
            

            

    空间
        
            
            
        
        5
    
    
    车子空间比较的宽敞，因为自己是一个瘦小的人，所以对于这款车的空间的话，我还是觉得完全足够我的需求了。
    
    






                

    驾驶感受
        
            
            
        
        5
    
    
    在起步的时候整体的加速感属于比较的平稳，操控感的话个人觉得比较轻盈，因为车身的话有点轻，低速的话可能感觉不到，车子驾驭开起来的话很顺手，还有底盘，稳的一批，变道超车或者是有大风的时候车都非常的稳当，开起来的感觉就非常舒服。因为SUV的视线要比轿车好很多，所以整车给我的操控感还是非常棒。
    
    






            

            




            

    续航
        
            
            
        
        4
    
    
    目前开了1770公里，纯电车也很经济实惠，我大概花不到100就能充到满。现在公共充电桩其实挺好找的，但是我比较喜欢找价格便宜的充电站，我觉得还有提升的空间。
    
    





            
            

    外观
        
            
            
        
        5
    
    
    外观感觉这款车非常的好看，不管是车身的线条还是车灯的设计，都是非常的具有识别度的，开在街上也有着很好的回头率。
    
    
    
    
    


    
    
    
    


    
    
    
    


    





            

    内饰
        
            
            
        
        5
    
    
    内饰做工很不错，很有质感，不管是用料还是做工，都体会着风险的匠心，整体看起来的话很有奢华度。虽然是纯电车，但是有一些必要的实体按键，反正我是不太喜欢那些整台车里看不见一整个按键的，全靠语音控制，这台车有的时候需要操作，直接动手操作一下，我感觉更方便一些，还没有延迟，多好。
    
    
    
    
    


    
    
    
    


    





            

    性价比
        
            
            
        
        5
    
    
    性价比方面的话，我当初就是被这款车的外观而吸引的，而且自己也是刚刚20岁生日，买这台车也是为了给自己做生日礼物。
    
    





            
                

    智能化
        
            
            
        
        5
    
    
    车子座椅方面的舒适度很佳，软硬度刚刚好，而且驾驶位的座椅很有包裹性，坐在里面的话就感觉非常舒适。 
    
    
    
    
    


    
    
    
    


    
    
    
    


    




            

            



        "
汉中车友1763666,2023-01-16 首次发表,"
            
                
                    1660km
                    
                    行驶里程
                
                
                
                
                
                
                
                    20.0kWh
                    冬季电耗
                
                
                
                
                
                
                     500公里
                     冬季续航
                
                

                
                
                    26.10万
                    裸车购买价
                
                
                    2022-10
                    购买时间
                
                
                    榆林
                    购买地点
                
            
            
    
        
            
        
    
    

    
        $(document).ready(function () {
            var koubeiid = 4783248;

        });

    


            
                最满意
                Bz4x这款车操控性不错，因为是纯电车，方向盘很轻，底盘很稳，行驶中不会很快飘起来。而且方向盘可以上下移动，就像开电瓶车一样，很好操控。而且刹车和电门也很灵敏。目前开了1660公里，也没有碰到任何的小毛病，感觉这台车的话整体还是比较不错，开起来的话感觉驾驶起来也是比较舒服，整体给我的感觉就是挺好的。
            
            
                最不满意
                要说最不满意的地方的话，目前还没有碰到，可能就是一些小痛病什么的，新车内饰异味啊这些。
            

            

    空间
        
            
            
        
        5
    
    
    车子空间方面的话还是够用了，毕竟这台车的话基本上是女朋友一个人开，而且主要是上上班使用，因为自己还有一台丰田的霸道，如果自驾游的话，基本上是开我自己的车，平时这台车也是女朋友开。
    
    






                

    驾驶感受
        
            
            
        
        5
    
    
    对于家用车来说，bz4x动力足够。起步上没有明显的动力不足。而且它的电机功率可以和燃气汽车相比，一点也不弱。毕竟只有这么小的车，所以开起来肯定非常的轻松，女朋友开起来是得心应手，没有任何的驾驶压力。
    
    






            

            




            

    续航
        
            
            
        
        5
    
    
    就能耗而言，电车真的是太节约了。平时在市区上班，偶尔会出去附近的地方玩。只需要少量电。感觉天冷了，续航没有之前的长，但是也有可能是开空调的原因吧。
    
    





            
            

    外观
        
            
            
        
        5
    
    
    颜值的话属于年轻化的款式吧，看起来比较年轻，很运动，很时尚；设计的线条看起来比较舒服，尤其是后溜的造型。因为自己女朋友年龄并不大，也只有19岁，所以她比较喜欢这款车的外观，本身这台车也是为他购买，所以他觉得好看就好看呗。
    
    
    
    
    


    
    
    
    


    
    
    
    


    





            

    内饰
        
            
            
        
        4
    
    
    内饰做工还不错，唯一吐槽的就是新车有异味，这一点的话可以说是全系列丰田车的通病吧，也是值得吐槽的一点。
    
    
    
    
    


    
    
    
    


    





            

    性价比
        
            
            
        
        5
    
    
    性价比挺不错的，感觉这款车子不管综合各方面的配置或者是使用成本都挺好，性价比还是比较高。主要是女朋友喜欢这款车，而且自己购买这款车的话，也是为女朋友购买的，满足他的需求才是最主要的嘛。
    
    





            
                

    智能化
        
            
            
        
        5
    
    
    总结这么多，大家应该对性价比有所了解。bz4x性价比确实不错，二十几万的价格，功能齐全。在还有很重要的一点，bz4x还配备了超安全的电池，而且坐着挺舒服的，不管是跑市区还是跑高速，感觉都挺不错的，车子的降噪能力强，没有什么比较明显的噪音。  
    
    




            

            



        "
莱芜车友5619226,2023-02-17 首次发表,"
            
                
                    860km
                    
                    行驶里程
                
                
                
                
                
                
                
                    18.3kWh
                    冬季电耗
                
                
                
                
                
                
                     360公里
                     冬季续航
                
                

                
                
                    23.58万
                    裸车购买价
                
                
                    2023-02
                    购买时间
                
                
                    济南
                    购买地点
                
            
            
    
        
            
        
        
            
        
        
            
        
        
            
        
        
            
        
        
            
        
        
            
        
    
    

    
        $(document).ready(function () {
            var koubeiid = 4823794;

        });

    


            
                最满意
                这辆小车让我满意的点还真的挺多的，可能有一个点大家都没有特别的注意，那就是虽然它是一款纯电动车，但是它的动力确实特别的充足，感觉特别的强劲，而且一脚油门下去还能有强烈的推背感，无论什么路况，都能够很好的适应，即便是爬坡也是冲劲十足，毫不逊色，除了满满的动力，这款车的颜值也是特别在线，尤其是它的前脸设计，特别的有层次感，而且大灯也特别的有辨识度，他车牌的位置设计的属于是凹陷进去的，感觉就是为了让层次感更加的突出，所以它的辨识度会非常的高，侧面看它的前脸会感觉特别的锋利，而且它的颜色也非常的个性，运动感十足，所以这辆车我怎么看都特别喜欢
            
            
                最不满意
                这款车基本上都是挺齐全了，而且价格也比较的合适，但是它唯一不足的地方是没有电动尾门，感觉放东西的时候不是特别的方便，尤其是带着孩子在买了很多东西的情况下，就感觉稍微有点费劲，如果能够配备上电动的尾门，可能就更加的方便了
            

            

    空间
        
            
            
        
        5
    
    
    它的空间是比较的大的，而且前排位置也特别的舒服，我坐进去开车的话，一般都会把座椅调整一下，调到舒适坐姿以后头部和腿部都还有一拳左右的距离，所以活动空间是非常的宽松的，而且后排位置也比较的平整，所以坐上两三个人是非常的容易的，后备箱的空间非常的宽大，而且高度也够，所以平时放一些大的物件也没有什么问题，他的整个空间利用率还是非常高的，，我特别喜欢开着这款车，带着一家人一起出行，不仅有力十足，而且空间上也比较的明朗
    
    
    
    
    


    
    
    
    


    
    
    
    


    






                

    驾驶感受
        
            
            
        
        5
    
    
    劲儿大是我对这款车的直观感受，我当时觉得电动车可能会开起来比较的线性，没有那么的爆发力，但是这款车却让我有了很大的改观，它确实让我觉得这辆车的冲劲特别的强烈，而且推背感也非常的到位，尤其是它的方向盘，也特别的灵活，好操作，转向特别的轻松，基本上对路况的适应性都特别好，其次就是这款车的舒适度也非常的高，坐进去之后感觉背部的支撑非常到位，因为我的腰不太好，平时开车长途的话就会感觉特别的累，但是这款车开着还是挺轻松的，所以也算是比较好的一方面
    
    
    
    
    


    
    
    
    


    
    
    
    


    






            

            




            

    续航
        
            
            
        
        5
    
    
    电耗还算是比较的平稳，基本上没有很大的变化，即便是满载或者开空调的情况下，依然能够维持在350到360之间，还算是一个比较理想的里程，从买车之后也没有充过几次电，还算是比较方便，而且这是冬季的一个数据，所以在夏季的话可能要比这个更加的好一点，平时开着倒是挺省心
    
    





            
            

    外观
        
            
            
        
        5
    
    
    它的外观是特别的帅气的，而且动感十足，尤其是前脸部分的设计，让我觉得层次感很强烈，大灯的设计也非常的亮眼吸睛，而且它的车尾用了很多平直的线条，尤其是它的车窗玻璃的斜度很大，所以让整个车尾看上去有溜背式的感觉，独特的车标设计也让它更加的亮眼，而且它的小尾翼也让这款车看起来更加的动感十足，对于外观这一块，我是特别的欣赏的，毕竟作为一辆家用SUV，它的造型设计既独特又个性，开在大街上还是十分拉风的
    
    
    
    
    


    
    
    
    


    
    
    
    


    





            

    内饰
        
            
            
        
        5
    
    
    它的内饰设计还是很有科技感的，尤其是它里面的方向盘比较的个性化设计的还是挺有自己的风格的，而且里面的用料也都比较的舒适贴心，很有日系风格，所以开起来会比较的舒服，他的整个设计风格比较的干净，让人一眼看过去就一目了然，特别的好操作，所以内饰这一方面我还是挺喜欢的，静音效果也特别的棒，平时开车的时候听首歌感觉特别放松
    
    
    
    
    


    
    
    
    


    
    
    
    


    





            

    性价比
        
            
            
        
        5
    
    
    这款车的定价并不是很高，我觉得作为一款家用SUV，它的性能以及颜值都非常值得这个价格，而且平时开这款车出去也非常的方便，所以丰田着这款车型性价比属于比较高，毕竟它的保值率也非常的不错，而且用起来会非常的省心一些，家里有孩子或者上班族选择这一款车，都是一个不错的选择
    
    





            
                

    智能化
        
            
            
        
        4
    
    
    它的很多配置全部都配备了，感觉还是非常的方便的，尤其是它的多媒体功能还是非常丰富的，而且操作也比较的灵敏，但是美中不足的是它的后备箱设计的不是很好，缺少一个电动尾门，感觉用起来不是特别方便，尤其是手里有很多东西的时候，感觉还是不太好用，如果这个再加一个电动尾门就更完美了
    
    
    
    
    


    




            

            



        "
宝鸡车友8228876,2023-01-09 首次发表,"
            
                
                    2110km
                    
                    行驶里程
                
                
                
                
                
                
                
                    25.0kWh
                    冬季电耗
                
                
                
                
                
                
                     480公里
                     冬季续航
                
                

                
                
                    26.00万
                    裸车购买价
                
                
                    2022-10
                    购买时间
                
                
                    西安
                    购买地点
                
            
            
    
    

    
        $(document).ready(function () {
            var koubeiid = 4773288;

        });

    


            
                最满意
                这个车最棒的地方就是它的舒适性了，父母年纪大了，坐车的话挺抖肯定是不行的，这款车的舒适做的挺不错的，不管是座椅还是减震，都是顶尖水平。
            
            
                最不满意
                这车其实挺完美了，要硬说这个车的缺点可能就是它的方向盘偏轻了点，上了高速的话操控还是有点费劲的。
            

            

    空间
        
            
            
        
        5
    
    
    空间还是很宽敞的，不管是前排还是后排，一点都不狭隘，而且车内很亮，不会让人压抑。座位满了也不会有什么特别的拥挤。因为这款车的透光性很好，给人阳光的感觉，没有压抑感。这辆车的后备箱可以装很多东西。如果不是一个人的话，后排放几个行李箱基本没有问题。
    
    






                

    驾驶感受
        
            
            
        
        4
    
    
    起步迅速，提速给劲，在市区开车绰绰有余，在闹市区也不需要开那么快，很安全。日常出行是绝对够用了，上了高速的表现也挺棒的。方向盘的手感倒是挺不错的，摸着很舒服，就是轻了点，上了高速以后控制起来有点费劲，不过平时还是没什么问题的，我妻子也会开车，我并不认为它因为体积而显得笨拙。
    
    






            

            




            

    续航
        
            
            
        
        5
    
    
    家里装好了充电桩，市区通勤可以纯电，平均一公里一毛左右，跟以前油车比，简直是不要钱。
    
    





            
            

    外观
        
            
            
        
        5
    
    
    外观是说不出来的高级，侧面线条比较细致，感觉低调而不失霸气，开出去不失面子，也是非常的大气。硬朗的车身，有棱有角的，整体看上去给人一种满满的肌肉感。前脸的设计也是特别新颖，犀利的大灯炯炯有神，特别加分。
    
    
    
    
    


    
    
    
    


    
    
    
    


    





            

    内饰
        
            
            
        
        5
    
    
    内饰虽然也没有特别亮眼，但有这个表现我已经很满意了。汽车的座椅也很舒适，坐起来很方便。车内透光度很好。
    
    





            

    性价比
        
            
            
        
        5
    
    
    选这车应该是工作家庭双需要吧， 空间没有话说，驾驶乘坐都比较宽敞，相对别的车型，荣放还不错的一款性能强劲也相对省心，对比以后更稀罕它，就买了。
    
    
    
    
    


    
    
    
    


    





            
                

    智能化
        
            
            
        
        5
    
    
    说实话二十多万能买这么一款符合我需求的车，我觉得超级值。买车是作为家用车来买的，这款车子各个方面都能满足我的需求，感觉就是为我量身定制的。这车开起来很舒服，座椅很软，后排的乘坐品质也很好，车的悬挂调校也很好，过减速带的时候震动也不会太大。不得不说这个减震性能是真棒，我住在乡下，平时带父母出行走些土路颠簸感特别轻微，不会给父母造成困扰。
    
    
    
    
    


    
    
    
    


    




            

            



        "
那夜激情源,2023-01-08 首次发表,"
            
                
                    658km
                    
                    行驶里程
                
                
                
                
                
                
                
                    19.6kWh
                    冬季电耗
                
                
                
                
                
                
                     390公里
                     冬季续航
                
                

                
                
                    26.88万
                    裸车购买价
                
                
                    2022-12
                    购买时间
                
                
                    北京
                    购买地点
                
            
            
    
    

    
        $(document).ready(function () {
            var koubeiid = 4772185;

        });

    


            
                最满意
                bZ4x让我感到最满意的地方就是它的颜值了，这款丰田的纯电车给我的感觉与以往我看到的丰田车有很大的差别。从bZ4X的轮廓可以看到，该车有很强烈的机甲风格，线条的运用看上去也是棱角分明，而且双色翼子板的设计也非常的个性。而且该车作为一款纯电SUV，整体的加速性能以及底盘的扎实程度都远比我试驾过的丰田燃油车有很大的差距，在驾驶的过程当中可以很明显的感觉到bZ4x的底盘非常的扎实和硬朗，而且电机的加速起步响应速度也非常的快。
            
            
                最不满意
                缺点主要是它的续航能力了，实际续航是500多公里，但是实际上最多也就跑到300多公里。当时问销售为什么会出现这种情况，他给出的答复是，必须要在最佳的情况之下才可以达到这个数据。我当然不是很认可这种说法，毕竟提车的时候已经进入冬天，谁会在冬天不开暖风呢？
            

            

    空间
        
            
            
        
        5
    
    
    作为中型SUV，bZ4x的空间表现确实是很给力，全车满座的情况下不会有任何的拥挤感，反倒是感觉到很舒服。说到空间的舒适感体验方面，最让我感到满意的有两个，一个是第二排地板不会有很大的凸起，其次就是后排的横向宽度真的很宽敞，三人坐在一起基本上不会有任何的影响。
    
    
    
    
    


    
    
    
    


    
    
    
    


    






                

    驾驶感受
        
            
            
        
        5
    
    
    不要看bZ4x的车身尺寸比较大，但是实际操控起来的话还是比较灵活的，原因主要是集中在它的转弯半径确实比较小。再加上电动车的油门灵敏度非常高，而且踩下踏板的时候会感到特别丝滑，丝毫不会有任何的顿挫感，重点是双电机的加持能够让这台车跑得特别快，尤其是在起步加速这一方面。
    
    






            

            




            

    续航
        
            
            
        
        4
    
    
    这台车的电耗确实有点高，官方宣称的续航里程达到了600多公里，实际体验只能够达到400多公里，反正我是不可能在冬天不开空调，而且买电车就是为了爽，所以驾驶习惯会有点暴力。
    
    





            
            

    外观
        
            
            
        
        5
    
    
    从bZ4X的轮廓可以看到，该车有很强烈的机甲风格，线条的运用看上去也是棱角分明，而且双色翼子板的设计也非常的个性。
    
    
    
    
    


    
    
    
    


    





            

    内饰
        
            
            
        
        5
    
    
    内饰这一块的话其实还是能够接受吧，毕竟与传统燃油版的丰田车比多少还是有点优势，不过织物材质的中控台多少有点不经脏。
    
    
    
    
    


    





            

    性价比
        
            
            
        
        5
    
    
    价格可以接受吧，26.88万的价格买丰田中型SUV的燃油车也就是这个价格，纯电车的配置也不错，还是四驱版本。
    
    





            
                

    智能化
        
            
            
        
        5
    
    
    配备了360全景影像，这个功能对于市区跑的话真的是个神器。而且该车还有自动驻车等功能，操控变得更加的简单。
    
    




            

            



        "
绿色偏执狂貉,2023-01-08 首次发表,"
            
                
                    519km
                    
                    行驶里程
                
                
                
                
                
                
                
                    18.5kWh
                    冬季电耗
                
                
                
                
                
                
                     400公里
                     冬季续航
                
                

                
                
                    26.88万
                    裸车购买价
                
                
                    2022-12
                    购买时间
                
                
                    北京
                    购买地点
                
            
            
    
        
            
        
    
    

    
        $(document).ready(function () {
            var koubeiid = 4772183;

        });

    


            
                最满意
                这辆车的续航确实可以，没有明显缩水的地方，也能轻松满足各种使用场景。很多人说新能源车不能够跑长途，我买了车之后就跑了一趟长途，体验挺不错的，也没有很明显的续航焦虑。即便真的中途没电了，也可以直接使用快充，半个多小时就能充百分之七八十的电，休息的同时就把电充好了，哪里又会有续航焦虑呢？
            
            
                最不满意
                外观设计变化不大，但是看了其他品牌的新能源车之后，越发觉得这辆车的外形设计比较保守。特别是那些新能源汽车新势力，推出的车型都比较有个性，整体风格也比较年轻化。相比之下，丰田bZ4X的整体设计相对保守，其实还是希望他能够更加个性化一些。
            

            

    空间
        
            
            
        
        5
    
    
    空间比较够用，感觉挺实用的，也能应对各种场景的使用需求。特别是这辆车的后排座椅，整体十分宽敞。坐在座位上，最大的感觉就是宽松舒适，不会有拥挤或者很闷的感觉。腿部和头部都有不错的活动空间，即便长时间乘坐，也不会觉得特别难受，这一点还是很重要的。
    
    
    
    
    


    
    
    
    


    






                

    驾驶感受
        
            
            
        
        5
    
    
    动力非常澎湃，驾驶感受也比较好。开这款车非常轻快，轻轻踩电门就能够有感应，这样开车确实更舒畅一些。相比之下，之前开燃油车的时候，有些车型踩完油门之后会有一定的延迟，这样的驾驶感受确实不太好受，如今开这款车就可以告别这些体验了
    
    






            

            




            

    续航
        
            
            
        
        5
    
    
    续航真心不赖，之所以选择这款车，也是因为它拥有超过400公里的续航能力，这是比较符合我预期的续航表现。而车辆的实际续航能力也挺不错的，没有出现明显缩水的情况。即便现在天冷了，平时出门都要开空调，车辆续航也没有明显减少，确实觉得还可以。
    
    





            
            

    外观
        
            
            
        
        4
    
    
    外观设计相对比较平淡，没有找到让我眼前一亮的地方。其实新能源车都比较个性化，但不知道为什么丰田没有做得更好一些。希望后续推出的一些车型，在外形设计上面能够更前卫一些。
    
    
    
    
    


    
    
    
    


    





            

    内饰
        
            
            
        
        5
    
    
    内饰也还可以，整体设计风格比较年轻化，坐在车内氛围非常轻松，并不会感觉特别难受。
    
    
    
    
    


    
    
    
    


    





            

    性价比
        
            
            
        
        5
    
    
    性价比还是挺不错的，纯电车的价格都相对较贵，但这辆车的定价挺合理的，再结合这辆车的综合性能以及续航表现，确实觉得性价比挺高的。
    
    





            
                

    智能化
        
            
            
        
        5
    
    
    配置非常丰富，特别是各种各样的安全配置，配合辅助驾驶功能，让我在日常开车过程中更加安心舒心。
    
    




            

            



        "
宝鸡车友7600130,2023-01-06 首次发表,"
            
                
                    1770km
                    
                    行驶里程
                
                
                
                
                
                
                
                    22.0kWh
                    冬季电耗
                
                
                
                
                
                
                     480公里
                     冬季续航
                
                

                
                
                    26.10万
                    裸车购买价
                
                
                    2022-10
                    购买时间
                
                
                    西安
                    购买地点
                
            
            
    
    

    
        $(document).ready(function () {
            var koubeiid = 4769629;

        });

    


            
                最满意
                外观非常符合我的审美要求，包括在细节方面的处理，很是恰当好处，另外这款车子的空间也算是比较宽松的。性价比属实很不错,而且前排的空间也算比较大,作为驾驶者,感觉这样的大空间是很舒适的。这辆车的底盘也还可以，经过一些急弯或者是掉头的时候，车子底盘整体表现比较稳定，减震也还行，过坑洼路段只要不开太快，不会有很难受的感觉。
            
            
                最不满意
                刚买的时候需要我去好好的散散味道,这个不是什么大毛病,其次就是舒适度一般。
            

            

    空间
        
            
            
        
        5
    
    
    空间绝对给力,我觉得大空间在什么地方，空间光从外观就能看出来。空间可以说足够用了，里面给人的感觉也是一样宽垧明亮，后备箱也足够用。个人觉得SUV车型空间都大，车辆有着十分舒适空间，不管你坐在车上的哪个位置，你完全感觉不到空间的狭小，你可以一边翘起二郎腿，一边在玩手机非常舒服。后备车箱可以存放大件的行李物品，十分合适一家老少外出游玩。
    
    






                

    驾驶感受
        
            
            
        
        5
    
    
    动力我真真正正是见识到了,不过在市区还是不可以飙车的哦,这样对自身的安全也是没有保障。没有什么太大的虚位，我是凭着感觉走，反正目前来说的话，开着比较顺手，而且也没有侧倾的情况发生。整体比较稳定。车子爬坡的时候，也不显得很胆怯，让我觉得很有安全感的，还有这个车子的方向盘，既有韧性，同时又不笨重，转向非常的稳定，当然也是比较精准的。
    
    






            

            




            

    续航
        
            
            
        
        5
    
    
    续航很给力，没有很明显的缩水表现。尽管现在冬天天气比较冷，感觉还是挺不错的。
    
    





            
            

    外观
        
            
            
        
        5
    
    
    外观看起来真的是很霸气的，看起来就是无与伦比的年轻与时尚的结合。车子的设计也没有那种憨憨的感觉，反而很秀气。前车灯十分简洁，多了几分霸气。车身采用了前卫个性的线条，看上去非常清秀，搭配大尺寸厚壁的轮胎，整体车身看起来是非常好看的。车尾线条犀利，尾灯显得十分深邃，整体布局给人印象深刻。
    
    
    
    
    


    





            

    内饰
        
            
            
        
        4
    
    
    内饰没有什么太大的塑料感,整体的操作也比较灵便。新车的异味蛮大的，也许是新车的皮子味道吧，我是闻不惯的。
    
    
    
    
    


    
    
    
    


    
    
    
    


    





            

    性价比
        
            
            
        
        5
    
    
    这是一款综合性价比比较高的车子，随便拿出一件来可能不是最优秀的，但是整体下来却很均衡，尤其是它的空间实用性很强，作为家用车来说算得上是很值。身边的人也感觉我的车子是很不错的,都心动的想买个跟我一样的车。外形也好看,功能也特别特别的适合我。 我是丰田的老用户，之所以又选择丰田车，也是对这个品牌的极度认可，其实我身边开丰田车的人也非常的多。
    
    
    
    
    


    
    
    
    


    
    
    
    


    





            
                

    智能化
        
            
            
        
        5
    
    
    车辆的做工很精细从车辆内部的装饰到车身的每一条线条的设计，都难以找出半点毛病。隔音的效果挺好啊,我觉得声音不是很大。给车子加了几个小垫子,这样的话提高了舒适性。 
    
    




            

            



        "
宝鸡车友9806089,2023-01-06 首次发表,"
            
                
                    1990km
                    
                    行驶里程
                
                
                
                
                
                
                
                    20.0kWh
                    冬季电耗
                
                
                
                
                
                
                     500公里
                     冬季续航
                
                

                
                
                    26.20万
                    裸车购买价
                
                
                    2022-10
                    购买时间
                
                
                    榆林
                    购买地点
                
            
            
    
    

    
        $(document).ready(function () {
            var koubeiid = 4769595;

        });

    


            
                最满意
                丰田是老品牌，历史悠久，口碑那是没说的，皮实耐用还省油，丰田在九十年代就有纯电车型推出，所以在技术质量方面，我还比较信任这个品牌的，因为丰田车就是真的每个方面做的都算好，给我最满意的一个地方就是舒适，乘坐质感太好了，后排坐着也不颠簸，真的有点乘坐的高级感。
            
            
                最不满意
                有一点比较不满意，就是内饰吧，就是中控那个大屏幕看着比较突兀。
            

            

    空间
        
            
            
        
        5
    
    
    空间肯定是很大的，前排肯定没问题，后排腿部空间很优秀，一米八多的朋友坐在后面腿部都还有剩余。以我180的身高为例。坐在主驾驶位置，驾驶姿势很好，头部和车顶之间有四指的空间。老婆165，坐在主驾驶位置，头离车顶大概两个拳头。我觉得空间还是比较宽敞舒适的。尤其是后备箱，真的很大。出门旅行可以放下几个行李箱。
    
    






                

    驾驶感受
        
            
            
        
        5
    
    
    开起来都感觉不到有什么顿挫，加速的话基本上也是随时踩随时有，方向盘的话轻巧，调头转大弯都能轻松的完成。感觉纯电的车辆开起来还要比燃油的车辆轻松很多起步特别快, 一点都不会感觉肉，平时使用完全不用担心动力方面会有不足的情况，而且输出的时候也比较平顺，不用担心会有顿挫感加速能力也比较强。
    
    






            

            




            

    续航
        
            
            
        
        5
    
    
    现在因为天气冷了，上车就要开空调，电耗上涨了不少百公里才20kwh。现在的话最多也就跑500km吧。
    
    





            
            

    外观
        
            
            
        
        5
    
    
    外观运动，时尚，又是有个性，真的是帅出新高度。颜值很高，外观真的很好看，平常和朋友们出去聚会，他们都说车子真的很好看，感觉心里真的是很开心。
    
    
    
    
    


    





            

    内饰
        
            
            
        
        4
    
    
    整车没有太多的豪华，但功能齐全，各方面都很实用。内饰的话不是很喜欢，中控大屏幕就有点土气了，而且显示效果不太好。
    
    
    
    
    


    
    
    
    


    
    
    
    


    





            

    性价比
        
            
            
        
        5
    
    
    无论从空间还是动力上，日常交通都很充足，非常适合我这种城市用车。而且后期养车成本很低。买车之前也对比过其他品牌的车，也试驾过几款不同价位的车。我感觉外观真的是我的心头大爱，动力真的让我感觉这个动力是不惧怕任何情况了。我觉得操控也是比较灵敏的类型，我感觉这个车子的安全性也是比较强的。
    
    
    
    
    


    





            
                

    智能化
        
            
            
        
        5
    
    
    舒适性真的挺满意的，这车的悬挂太舒适了，真的就是家用车的调教。座椅又大又舒服，满意满意。 
    
    
    
    
    


    
    
    
    


    
    
    
    


    




            

            



        "
宝鸡车友9912902,2023-01-06 首次发表,"
            
                
                    1880km
                    
                    行驶里程
                
                
                
                
                
                
                
                    20.0kWh
                    冬季电耗
                
                
                
                
                
                
                     500公里
                     冬季续航
                
                

                
                
                    26.20万
                    裸车购买价
                
                
                    2022-10
                    购买时间
                
                
                    西安
                    购买地点
                
            
            
    
    

    
        $(document).ready(function () {
            var koubeiid = 4769557;

        });

    


            
                最满意
                我觉得这款车最大的亮点就是这个外观的设计，我也相信很多人都是奔着这个车的外观而购买这款车的。最满意的地方那就是该车的驾驶辅助配置了，这款四驱PRO车型配备了360全景影像而且还有智能泊车助手功能，对于没有开过中型SUV这样的大家伙的司机而言，可以说是帮了我一个大忙了。
            
            
                最不满意
                车子在刚购买回来的时候有一点异味，还有就是这款车的内饰的材质，塑感的话还是比较强，整体没有什么太好的质感。
            

            

    空间
        
            
            
        
        5
    
    
    空间方面的话一般腿部空间和头部空间对于我175CM个头没问题，后排做三个标准体型人也不挤，整体给我的感觉就是中规中矩。作为一款家用纯电SUV来说确实是足够了的，后排坐三个人的话丝毫没有任何压力，地板也显得非常的平。
    
    






                

    驾驶感受
        
            
            
        
        5
    
    
    这个动力挺不错的，日常代步什么的很好，红绿灯起步的话一脚油门也是有着很好的推背感，我每次在踩下加速踏板之后，可以体验到非常丝滑的加速感受，完全没有任何的顿挫感。而且辅助驾驶设备也很丰富，驾驶品质这一块真的没有任何短板。
    
    






            

            




            

    续航
        
            
            
        
        5
    
    
    我的开车习惯注定了我不喜欢那种大开大合的车，而bZ4x的动力表现就显得更加的均匀。按照我目前的用车频率，差不多两个星期充一次电就够用了，也没有觉得这样的续航让人焦虑。花一样的钱买的车，但后期用起来BZ更省钱！毕竟油价一直在涨，纯电才是真香！
    
    





            
            

    外观
        
            
            
        
        5
    
    
    其实我对丰田旗下的车型的造型设计还是有一定的了解的，但是当我第一次看到bz4x之后，我被它的设计吸引到了，整体看上去显得非常的精致，而且轮廓则彰显出了不错的机甲风风格，这种设计风格是真的超好看。车子外观很帅气，对于这款车子最帅气的地方就是它的灯了，整体设计可以说是非常的伶俐，也是我自己喜欢的类型。车尾给人的第一感觉是视觉重心较高，贯穿式的尾灯设计让车位层次分明，上方配有两段式扰流板，下部采用面积较大的黑色下包围，线条流畅又大气。
    
    
    
    
    


    





            

    内饰
        
            
            
        
        4
    
    
    内饰方面的话，中控台和仪表台的层次感设计的非常鲜明，功能区域的分布也是一目了然，操作台也是丰田一贯的好上手风格。个人觉得就是真的素感比较强，完全没有什么质感，而且一点就是新车购买的时候有异味，这一点非常的影响我。
    
    
    
    
    


    
    
    
    


    
    
    
    


    





            

    性价比
        
            
            
        
        5
    
    
    性价比还是比较不错的，这个帅气的外观，丰田车的品质都非常的不错，大家对丰田的评价也是相当的好，自己也是比较的相信丰田车大品牌。该车作为一款纯电SUV，而且还是一台四驱车，可以卖这个价格其实已经很划算了。
    
    
    
    
    


    
    
    
    


    





            
                

    智能化
        
            
            
        
        5
    
    
    舒适性很好，车子在跑高速的时候降噪能力比较的强，没有什么风噪声音，而且座椅方面的话软硬度也是非常的好。除开纯电车所带来的出色的动力体验之外，其实这款车的安全性表现也是超给力的。
    
    
    
    
    


    
    
    
    


    




            

            



        "
宝鸡车友5691499,2023-01-06 首次发表,"
            
                
                    2110km
                    
                    行驶里程
                
                
                
                
                
                
                
                    20.0kWh
                    冬季电耗
                
                
                
                
                
                
                     520公里
                     冬季续航
                
                

                
                
                    26.00万
                    裸车购买价
                
                
                    2022-10
                    购买时间
                
                
                    榆林
                    购买地点
                
            
            
    
    

    
        $(document).ready(function () {
            var koubeiid = 4769543;

        });

    


            
                最满意
                因为油价不断的上涨的缘故，所以我开始关注纯电车，对比了很多SUV之后，确实很喜欢这辆车的动力，加速非常给力，甚至有驾驶超跑的感觉。对比之下，同价位的燃油车很难有这样的动力体验。性价比还可以，合资车价位普遍偏高，二十多万的价格买这台车最满意的就是省心省钱。冬天车内车外温差大，容易起雾，看不清道路容易出交通事故，当车辆要除雾时，该车可以做到风挡吹冷风，脚步吹热风。
            
            
                最不满意
                这个价位紧凑车型的尺寸应该再大一些比较好，如果带上父母空间可能就感觉拘束，感觉后备箱空间有点拘束，虽然深度还可以，但是开口设计比较小，垂直高度也比较一般。
            

            

    空间
        
            
            
        
        5
    
    
    空间还可以，后排空间和紧凑级别的车型相差不大，一家三口出行暂时没有问题。不过后备箱空间稍微差点意思，也是用了一段时间偶尔觉得不太够用的地方。
    
    






                

    驾驶感受
        
            
            
        
        5
    
    
    虽然SUV车型少了些许激情，紧凑SUV级别的车型操控非常灵活，辅助配置对于我老婆开车来说也很实用，这辆车有提前预判风险的功能，当车辆在路上正常行驶，它的监测范围内若有行人或者是车辆发出了转弯或者是车速很快的信号。
    
    






            

            




            

    续航
        
            
            
        
        5
    
    
    买车的时候也担心车辆续航缩水太多，但看到今年新能源汽车的发展，也对新能源车的续航有了更多期待。对于BZ4X的续航表现还是挺满意的，这样的快充效率还有续航能力，相信跑高速是没有任何问题的，实际续航还不错，充一次电能跑两个星期，很够用了。
    
    





            
            

    外观
        
            
            
        
        5
    
    
    开了这么多年燃油车，确实有些审美疲劳了。现在开bZ4X，确实有一种焕然一新的感。特别是设计风格方面，体现出了满满的未来感，对我来说还是很有吸引力的，我是一个颜值控。它的时尚感和设计感很强，非常抢眼。点睛之笔是构建你的梦想。尤其是前脸，但是我觉得还可以，而且我对于外观并不是很在乎，我更在乎口碑。
    
    
    
    
    


    
    
    
    


    
    
    
    


    





            

    内饰
        
            
            
        
        5
    
    
    内饰比较耐看，没有太多花里胡哨的东西，中控大屏流畅度很高。我偏偏很喜欢这辆车的内饰风格，我觉得人生各阶段都不要轻易被定义，自己喜欢才更重要。
    
    
    
    
    


    





            

    性价比
        
            
            
        
        5
    
    
    整体性价比还是挺高的，智能化虽然不高，但是贵在配置非常的丰富，驾控体验是真的超棒，配置确实很丰富，我在之家上了解到南方的朋友那边续航还是比较理想的，不过我们北方气温最近应该是全年最低的情况了，所以不是很理想，很多高科技的配置也全都配备，对于科技控的我来说，无疑是最好的一个选择。不管是定价还是性能，确实都挺有优势的，尤其是四驱版，所以果断拿下了。
    
    
    
    
    


    
    
    
    


    
    
    
    


    





            
                

    智能化
        
            
            
        
        5
    
    
    车里的音响很不错，因为本人比较喜欢开车听歌，所以对这个比较在乎。偶尔工作累了，想躺在车里，疲劳感瞬间没了。晚上还可以打开天窗，看看天上的星星，也是不错的体验。
    
    
    
    
    


    




            

            



        "
杨湘东,2023-01-04 首次发表,"
            
                
                    426km
                    
                    行驶里程
                
                
                
                
                
                
                
                    12.1kWh
                    冬季电耗
                
                
                
                
                
                
                     590公里
                     冬季续航
                
                

                
                
                    24.98万
                    裸车购买价
                
                
                    2022-12
                    购买时间
                
                
                    佛山
                    购买地点
                
            
            
    
        
            
        
    
    

    
        $(document).ready(function () {
            var koubeiid = 4768083;

        });

    


            
                最满意
                开起来和油车一样平顺、不会出现很多电车都有的急加速急刹车突然的车身推头或点头惯性现像，家里的老人家和小孩座这车不会有晕车的情况出现，这点让我很喜欢满意。外观一改丰田的老成风格、具备了电车的新潮和科幻感觉、走在路上挺高的回头率的。
            
            
                最不满意
                车身顶部设计可能是为了流线的外观造型和减低风阻吧，车顶没有RV4那样的高，初初座在司机位要把座椅调低些才座得舒服，但后来习惯了。
            

            

    空间
        
            
            
        
        5
    
    
    全长4.69米、宽1.86米、车的前后轮都最大化地向车头和车尾伸展，所以车内空间还是挺大的，意想不到这车的轴距有2.85米长、跟皇冠陆放一样的轴距啊！
    
    
    
    
    


    
    
    
    


    
        乘坐空间
        前后排座椅距离有一米左右，膝部空间还有三拳位，确实挺舒服的、而且车内没什么身车异味哦。
        
        
    
    
    
    


    






                

    驾驶感受
        
            
            
        
        5
    
    
    18/236/60的轮胎，开起来平衡了舒适型和操控性，悬挂与避震韧中带柔、而且有接近50:50的前后车身比重，所以开弯路时则倾控制得比较好，过减速带时也不算颠波。操控略带一些欧洲车的味道。
    
    
    
    
    


    
        方向盘轻重
        方向盘指向准确、手感挺好的，不滑手、女性开也不会不就手。
        
        
    
    
    
    


    
        跑高速
        跑高速到120码也很贴地不发飘，手握方向盘有信心给到你不会出现低中速猛但高速萌的现像。
        
        
    






            

            




            

    续航
        
            
            
        
        5
    
    
    百公里电耗在12度多一些、自家冲电桩冲满电大概七小时左右、户外的快速冲电桩暫时未试过，但听说新车尽量别用快冲、这样会伤电池不好的。
    
    
    
    
    


    
    
    
    


    
    
    
    


    





            
            

    外观
        
            
            
        
        4
    
    
    有些人说这车尾设计简单、有些人说简练、哈哈、我说还有进步优化的地方吧！
    
    
    
    
    


    





            

    内饰
        
            
            
        
        5
    
    
    内饰设计用料我觉得还是挺好的、特别是新颖的换档杆操控设计、有新电车的时代感、再不是摇杆式而是旋扭式、还有自动回弹功能挺爽的哦！车顶灯用了环型LED光带的设计、丰田设计师不错呀！还有最近潮流的中空式中控换档台设计、储物空间有多了一大块、特别方便女仕放鞋柜用、点赞一下。
    
    
    
    
    


    
    
    
    


    
    
    
    


    
        座椅舒适性
        座椅有打孔皮、舒服透气、特别在夏天时有妙处。
        
        
    
    
    
    


    





            

    性价比
        
            
            
        
        5
    
    
    有TSS3.0自动驾驶辅助系统、这辆车的安全性能非常高、有360环影系统看位方便快捷。
    
    
    
    
    


    
    
    
    


    
    
    
    


    





            
                

    智能化
        
            
            
        
        5
    
    
    充电可控时间、可控电量、智能化程度高、盲区监测、倒车警示、驻车防碰撞、开起来让人放心。
    
    
    
    
    


    
    
    
    


    




            

            



        "
绥化车友6131606,2022-12-26 首次发表,"
            
                
                    1100km
                    
                    行驶里程
                
                
                
                
                
                
                
                    1.7kWh
                    冬季电耗
                
                
                
                
                
                
                     320公里
                     冬季续航
                
                

                
                
                    26.88万
                    裸车购买价
                
                
                    2022-12
                    购买时间
                
                
                    绥化
                    购买地点
                
            
            
    
        
            
        
        
            
        
        
            
        
        
            
        
        
            
        
        
            
        
        
            
        
    
    

    
        $(document).ready(function () {
            var koubeiid = 4755670;

        });

    


            
                最满意
                我最满意的是它的外观和内饰设计，非常大气，还有它对方向盘的操控和托举。超车的时候一点压力都没有，而且很平稳很满意，一点顿挫感都没有。车也很智能，有语音系统控制。解放你的双手很容易。智能系统可以帮你控制很多功能，比如导航、打开音乐、调节音量、打开天窗等。仅通过语音命令即可自动操作。没错，满意度是杠杠的。买的是高端的，应该有的功能几乎都有。
            
            
                最不满意
                我最不满意的时候，座椅颜色太浅，让我觉得很脏。没有其他颜色可以选择，其他方面我都比较满意。
            

            

    空间
        
            
            
        
        5
    
    
    空间挺大的，驾驶舱就不用说了。可以调节，所以不存在空间小的问题。面试前，弧形设计视觉上也很大，储物功能格也很多。扶手的收纳位置比较深，至少有30cm，可以放很多物品。后排的空间也很宽大。我身高175。我坐进去的时候膝盖还没碰到驾驶座，可以很轻松的跷二郎腿。我在后排的脚位是平的，坐在后排中间也不会觉得不舒服。和三个壮汉坐在一起没有压力。头部空间也很舒服。后备箱空间不错，SUV的后备箱空间够用。一次旅行放几个大行李箱估计没问题。后排不能倒着放，只能往前放。这个需要表扬。放下后，几乎完全放平。带个枕头睡觉应该也不错。哪天老婆把我赶出家门。我和我的的家人对这辆车很满意。
    
    






                

    驾驶感受
        
            
            
        
        5
    
    
    我很喜欢这辆车的起步。非常顺滑。我个人不喜欢那种推背感很强的车。安静流畅，非常适合我的需求。加速超车一点压力都没有，我就是砰的一声超了过去。通常是去市区的路线。还没感受过爬山的感觉，应该问题不大。座椅舒适，后背包裹性好，坐久了也不觉得累。空调不得不赞，一下子就凉了。前后排都有出风口，整车温度很快就能降下来。
    
    






            

            




            

    续航
        
            
            
        
        5
    
    
    平时上班都是在周边，没开车去哪里。我半个月才充一次电。我自己的充电桩还是很方便的。直到买了这辆车我才注意到。现在很多停车场都有专门的电位，我就不用担心这个续航充电的问题了。以后有轨电车会普及，到时候肯定更方便。
    
    





            
            

    外观
        
            
            
        
        5
    
    
    19寸轮载，还是挺好看的。尾灯贯穿整个后车，一点也不笨重。车身不高，线条流畅，超级酷。很有辨识度，大气。灯是蓝色的。时尚好看，我选时光灰，大气，感觉比较耐脏，踩完完全看不出来，而且很喜欢大灯。
    
    
    
    
    


    





            

    内饰
        
            
            
        
        4
    
    
    座椅颜色太浅，让我觉得很脏。新车有一点点味道，不过还好，不会很刺鼻很浓。我有一个朋友的新的，开了一年了，味道还是很重。真的很怕甲醛超标，尤其是车在太阳下暴晒后。夏天他不敢直接坐进去，开车前要通风。内容比较豪华。懂车的人可能什么都懂。奔驰的内饰做的很好。全液晶屏。触摸屏的反应快。内饰手感不错，金属感很强，一点都不便宜。有些车塑料感很强，看起来不上档次。
    
    
    
    
    


    





            

    性价比
        
            
            
        
        5
    
    
    早就想买车了，只是纠结买汽油车好还是电动车好。经过深思熟虑，我决定看看纯电动汽车。毕竟现在燃料成本太高了。纯电动汽车不需要蓝牌指标，直接上绿牌就可以了，避免了摇号指标的苦恼，也不用购置税，省了不少。送充电桩，免费安装，我家符合安装条件。我个人比较喜欢去公路旅行，都选择SUV车型。开长途SUV车型相对没那么累，拿行李的时候也不用担心拿哪个让哪个。把它们都带上，就是一个空间杠杆。对一个家庭来说，旅行绝对是有趣的。带上你的孩子和父母。这辆车后面的空间比较宽，踩脚的地方也比较平坦，后排坐三个人也没有压力。它很宽。还有休息室，后排座椅可以完全放平，出去玩的时候可以午休躺下活动活动。bz4x这款车还是移动充电站，可以放电使用。车上有带多用途插头的适配器，欢迎喜欢野餐的人。开车的时候带上电烤箱和电池炉，这样可以带着家人享受大自然，享受美食。
    
    





            
                

    智能化
        
            
            
        
        5
    
    
    座椅的通风功能很有用，平时夏天很热。中午开车出门很痛苦。开几公里还是很热。有这个座椅的通风功能就好多了。当你上车时，座位很快就会变得凉爽舒适。噪音可以接受，不是很大。屏幕可以装很多软件。我个人比较喜欢唱K，在车上安装了k歌的功能。更不用说，音质还不错，有时候人在车里也能自娱自乐。另一个是语音系统，这是优秀的。
    
    




            

            



        "
新进女司机,2022-11-29 首次发表,"
            
                
                    374km
                    
                    行驶里程
                
                
                
                
                
                
                
                    30.0kWh
                    冬季电耗
                
                
                
                
                
                
                     615公里
                     冬季续航
                
                

                
                
                    26.88万
                    裸车购买价
                
                
                    2022-11
                    购买时间
                
                
                    深圳
                    购买地点
                
            
            
    
        
            
        
        
            
        
        
            
        
        
            
        
        
            
        
    
    

    
        $(document).ready(function () {
            var koubeiid = 4712600;

        });

    


            
                最满意
                最喜欢的是这台车内外兼修的颠覆性设计，科技感与车辆融为一体，既有精致的设计感，又能让人感受到SUV的强悍气场。相比现在新势力纯电车型的夸张设计，丰田还是采用一贯的家族风格，这样的外观虽然有些保守，但可以说是经久不衰，就像时尚圈常说的，每一季有每一季的穿搭，但经典款永远百搭
            
            
                最不满意
                暂时还没有让我不满意的地方，要说一个的话那就是等车过程有点漫长，哈哈哈
            

            

    空间
        
            
            
        
        5
    
    
    bZ4X轴距达到2850mm，前后排乘客距离1000mm，前后排腿部空间都丰常充裕，我身高165cm，后排腿部空间非常大，差不多一个小臂的距离，后排中央地板几乎为纯平设计，整个后排空间体验很好，座垫也足够厚实，承托性不错。
    
    
    
    
    


    
    
    
    


    
        后备厢容积
        后备箱比我想像中要大，足够一家人日常出行。
        
        
    
    
    
    


    
    
    
    


    






                

    驾驶感受
        
            
            
        
        5
    
    
    感觉刚开始开电车，有点不太适应，坐姿挺低，像一台轿车，至于加速和减速，不言而喻，可以实现电动车典型的安静和平稳加速。在电车中算是一个中规中矩的水平，全力踩下加速踏板也不会出现让人上头的眩晕感，整个过程都是那种平顺有力的感觉。
    
    
    
    
    


    






            

            




            

    续航
        
            
            
        
        5
    
    
    说是续航615公里，我估摸也就500吧，因为平时用车少，而且基本就是用于上下班，很少跑长途，这个继航在我选择买这台车的时候心里就已经是接受了的。电车嘛，有利有弊，大家自己权衡。
    
    
    
    
    


    





            
            

    外观
        
            
            
        
        5
    
    
    bZ4X采用了新能源车型一贯的封闭式前脸设计，机盖与前包围被黑色饰条隔开，使视觉上显得层次分明。大灯采用狭长的造型设计，灯腔内一次排列4颗灯LED组。
    
    
    
    
    


    
        车尾造型
        车尾给人的第一感觉是视觉重心较高，贯穿式的尾灯设计让车位层次分明，上方配有两段式扰流板，下部采用面积较大的黑色下包围，线条流畅又大气
        
        
    
    
    
    


    
    
    
    


    





            

    内饰
        
            
            
        
        5
    
    
    bZ4X的内饰设计确实比燃油车好看多了，尤其是白色和灰色的拼接特别洋气。中控台和仪表台的层次感设计的非常鲜明，功能区域的分布也是一目了然，操作台也是丰田一贯的好上手风格。基本上车简单扫一眼你就知道应该如何操作了。
    
    
    
    我个人感觉圆形方向盘稍微有点遮挡视线，需要适应一下，把位置调整到一个合适的角度。
    


    
    
    这个12.3英寸液晶仪表盘显示信息非常丰富，可以根据需要进行调整页面信息
    


    
        内饰用料
        细节设计上确实非常用心，环保理念也是贯彻到车辆的一些细节上，副驾驶的饰板采用了织物设计，环保材料。
        
        
    
    
    
    


    





            

    性价比
        
            
            
        
        5
    
    
    性价比，说实话BZ跟荣放一样大，外观内饰比荣放更漂亮。花一样的钱买的车，但后期用起来BZ更省钱！毕竟油价一直在涨，纯电才是真香！
    
    
    
    
    


    





            
                

    智能化
        
            
            
        
        5
    
    
    bZ4X的智享座舱，轻松实现人机交互。一句“你好，一汽丰田”，便可启动智能语音交互系统，此外还有人脸识别功能、丰田智行互联、数字钥匙等配置，实用性非常高。
    
    
    
    
    


    




            

            



        "
济南车友5367869,2022-11-29 首次发表,"
            
                
                    677km
                    
                    行驶里程
                
                
                
                
                
                
                
                    6.0kWh
                    冬季电耗
                
                
                
                
                
                
                     600公里
                     冬季续航
                
                

                
                
                    28.48万
                    裸车购买价
                
                
                    2022-11
                    购买时间
                
                
                    济南
                    购买地点
                
            
            
    
        
            
        
        
            
        
        
            
        
    
    

    
        $(document).ready(function () {
            var koubeiid = 4712243;

        });

    


            
                最满意
                首先丰田是老品牌，历史悠久，口碑那是没说的，皮实耐用还省油，，丰田在九十年代就有纯电车型推出，所以在技术质量方面，我还比较信任这个品牌的，所以新能源车型选丰田最放心。其次就是颜值，每人欣赏角度不同，反正我很喜欢。
            
            
                最不满意
                叠式仪表、方向盘和座椅之间得配合还不需要优化，对身高较高的朋友，体重大的朋友不太友好，座椅调高顶头，低坐姿方向盘挡住仪表，调低方向盘又挡腿。主副驾驶座舱的横向空间略小，副驾驶不能调高低。
            

            

    空间
        
            
            
        
        4
    
    
    两米八五的轴距后排腿部空间那是一点问题也没有，后备箱空间也完全足够家用，还能四六放倒，非常人性化，非常实用。主副驾驶座舱的横向空间略小，副驾驶不能调高低，后排头部空间略低。
    
    
    
    
    


    
        后备厢容积
        后备箱容积很大的哦，满足正常生活和外出的需求。
        
        
    
    
    
    


    






                

    驾驶感受
        
            
            
        
        5
    
    
    机舱层叠仪表显示很舒服，做工很棒，不沾指纹也不反光，加速推背感强，零百公里动能回收强度非常低，比其他电车更容易适应，收油滑行的时候几乎没有顿挫，最小过弯半径5.6m这点很香，开起来很灵动方便
    
    
    
    
    


    
    
    
    


    
    
    
    


    






            

            




            

    续航
        
            
            
        
        5
    
    
    工信部续航615公里，实际满电能开个五百公里，本人驾驶习惯比较好。这个续航里程完全够用。平时我一般是用慢充，销售人员建议尽量少用快充，充一晚上电池就满了，也比较方便，晚上的电费也比较便宜，这样一公里才划个三四分钱。bZ4X采用宁大容量三元锂\n电池，正常上班通勤来回30公里，两周一充应该没问题，具体还没有测试，有了准确数据再进行追评。目前这个车属于同级别最低电耗，充电费用仅为油车油费的十分之一，特别适合老济南，六百多的续航，平时上下班，半月充一次电，二百公里内的相邻地市也完全没问题，最高100KW的直流快充，充电很快，能满足我正常上下班和回老家的需求。
    
    
    
    
    


    
    
    
    


    





            
            

    外观
        
            
            
        
        5
    
    
    最难满意的还是这款车型的全新外观，打破丰田传统，很有设计感，多眼透镜大灯，百叶窗造型尾灯，
    
    
    
    
    


    
    
    
    


    





            

    内饰
        
            
            
        
        5
    
    
    内饰方面布局还是比较符合我口味的，据销售顾问讲解，这叫机场层叠式仪表设计，看上去很带感，空调实体按键用着非常方便，个人非常喜欢精致的物理按键，感觉比出没的好用很多。副驾驶没有手套箱这点真是不咋方便。
    
    
    
    
    


    
        PM2.5过滤效果
        bZ4X配备带红外线膝部加热功能的双层空调，风挡吹冷风，脚部吹热风，冬天除霜不冻脚。
        
        
    
    
    
    


    





            

    性价比
        
            
            
        
        5
    
    
    这个级别的SUV基本都在这个价位，有些国产品牌竟然买的还贵，bZ4X的配置性能很考虑用户实际，还是合资大牌，性价比是没问题的。目前这个车送：十年20万公里免费基础保养；十年或20万公里电力驱动系统免费保修送充电桩，上门免费安装，还送靓丽美容套餐，我感觉还是比较合适哈~销售人员非常的专业，服务态度很好，因为我对比的车很多，销售顾问给我分析的很到位！
    
    
        销售态度
        专区挺有元素感，销售顾问很热情很专业，天天打电话，邀请试驾，介绍活动。
        
        
    
        购车优惠
        目前我买的车没有优惠呢，就是送的十年20万公里免费基础保养；十年或20万公里电力驱动系统免费保修送充电桩，上门免费安装，还送靓丽美容套餐。另外说是给我一块定制的手表，但是需要看我这个是第几个订单，不确定。等等看吧。
        
        
    
    
    
    


    





            
                

    智能化
        
            
            
        
        5
    
    
    这个车有自动泊车，其中包含无车道线自动泊车，手机遥控泊车，非常实用炫酷。智能钥匙，出门再也不用带车钥匙了，只要带着手机就可以。丰田是老品牌，历史悠久，技术肯定那是没说的，皮实耐用还省油，，丰田在九十年代就有纯电车型推出，在技术质量方面，我还比较信任这个品牌的。其次整车带给我的感受还是不错的，最后价格方面我也比较合理。纵观新能源市场，我还是选择一向比较成熟稳定的一汽丰田，感觉新能源车型选丰田最放心，最省心。bZ4X的数字钥匙功能，手机下载\nAPP并绑定账号，上次没带钥匙，也可以启动车辆。这个车还有太阳能充电穹顶，晒晒太阳就能跑，日常通勤零支出，出门断电不用愁，不怕没电叫救援，自给自足更安心。
    
    
    
    
    


    
    
    
    


    
        360全景影像实用性
        据说bZ4X采用了最新版本的TSS3.0，监测范围更广了，反应速度更快了，只能是在用车过程中慢慢体会
        
        
    
    
    据说bZ4X采用了最新版本的TSS3.0，监测范围更广了，反应速度更快了，只能是在用车过程中慢慢体会
    


    




            

            



        "
重庆小周先生,2023-12-26 首次发表,"
            
                
                    23000km
                    
                    行驶里程
                
                
                
                
                
                
                
                    15.0kWh
                    冬季电耗
                
                
                
                
                
                
                     480公里
                     冬季续航
                
                

                
                
                    17.20万
                    裸车购买价
                
                
                    2023-03
                    购买时间
                
                
                    重庆
                    购买地点
                
            
            
    
    

    
        $(document).ready(function () {
            var koubeiid = 5257516;

        });

    


            
                最满意
                这车的最让人满意的地方在于驾驶调校，动力踏板是风琴式的，跟脚很好，之前是雷克萨斯is250所以，买车对比了很多品牌比亚迪小鹏特斯拉，驾驶体验感还是这个好
            
            
                最不满意
                整车做工不怎么样，噪音大，胎噪也大，在车速80+后，噪音完全无法忍受！无办法解决！
            

            

    空间
        
            
            
        
        5
    
    
    还可以。后排有点小板凳感觉，布座椅，不想说啥子，内饰不说了！
    
    






                

    驾驶感受
        
            
            
        
        4
    
    
    加速跟脚，车的超控可以，没得啥子很大的感触，空调效果好！
    
    
    
    
    


    






            

            




            

    续航
        
            
            
        
        3
    
    
    一般，稳定，冬季开空调380.夏季420 不开空调夏季520 冬季480
    
    





            
            

    外观
        
            
            
        
        5
    
    
    还是可以，比较时尚，辨别度高，有型，比比亚迪那个好看！
    
    
    
    
    


    
    
    
    


    
    
    
    


    





            

    内饰
        
            
            
        
        1
    
    
    23万的车，车内如毛胚，啥都不想说，吐槽
    
    
    
    
    


    





            

    性价比
        
            
            
        
        3
    
    
    现在价格有点高，对比尽其他车型还是可以的，续航再长点就好，充电家里充！
    
    
    
    
    


    





            
                

    智能化
        
            
            
        
        1
    
    
    就带一个标配l2，其他如毛胚房，app远程啥都不是，车机垃圾！！！！！！
    
    




            

            



        "
招福的眼睛刭,2023-02-12 首次发表,"
            
                
                    1000km
                    
                    行驶里程
                
                
                
                
                
                
                
                    16.5kWh
                    冬季电耗
                
                
                
                
                
                
                     340公里
                     冬季续航
                
                

                
                
                    25.48万
                    裸车购买价
                
                
                    2022-12
                    购买时间
                
                
                    泰安
                    购买地点
                
            
            
    
        
            
        
    
    

    
        $(document).ready(function () {
            var koubeiid = 4813966;

        });

    


            
                最满意
                我觉得这款车的配置让我挺喜欢的，我当时买车的时候也主要是看中它的性能，这块感觉一款车好开才是最重要的
            
            
                最不满意
                天窗虽然特别大，但是不可开启，还是有一点遗憾的，如果能够开启，平时出去兜个风还是特别爽的
            

            

    空间
        
            
            
        
        5
    
    
    作为家用SUV，这款车的空间还是挺合理的，而且即便是在满载的情况下，也依然能够轻松应对
    
    
    
    
    


    






                

    驾驶感受
        
            
            
        
        5
    
    
    多种驾驶模式让我对这款车也更加的兴奋，毕竟平时应对不同的路况，可以选择不同的驾驶模式，也挺开心的
    
    
    
    
    


    






            

            




            

    续航
        
            
            
        
        5
    
    
    很多人都觉得他的电耗不够理想，但是我开着还行，目前来看，电耗在340到350之间，路况不同，电耗也有点差别
    
    





            
            

    外观
        
            
            
        
        5
    
    
    他的颜值我不是最在意的，但是也看起来比较的舒服吧，算是很帅气稳重的一款车
    
    
    
    
    


    
    
    
    


    
    
    
    


    





            

    内饰
        
            
            
        
        5
    
    
    内饰的设计还是挺让人眼前一亮的，我觉得这样的设计我就挺喜欢，低调大气，而且比较的好操作一些
    
    
    
    
    


    





            

    性价比
        
            
            
        
        5
    
    
    丰田的车型一般保值率都比较高，而且保养也比较的便宜，所以开起来算是成本低一些
    
    





            
                

    智能化
        
            
            
        
        4
    
    
    它的其他配置我都感觉挺满意，而且也都非常的实用，就是这个天窗不可以开启，让我觉得还是有点遗憾的
    
    




            

            



        "
爱吃土豆吗宜,2023-02-12 首次发表,"
            
                
                    1066km
                    
                    行驶里程
                
                
                
                
                
                
                
                    18.5kWh
                    冬季电耗
                
                
                
                
                
                
                     330公里
                     冬季续航
                
                

                
                
                    26.88万
                    裸车购买价
                
                
                    2023-01
                    购买时间
                
                
                    淄博
                    购买地点
                
            
            
    
        
            
        
        
            
        
        
            
        
        
            
        
        
            
        
        
            
        
    
    

    
        $(document).ready(function () {
            var koubeiid = 4813913;

        });

    


            
                最满意
                这车长的确实比较漂亮，而且看上去非常的帅气，我觉得他的颜值上确实开出去很让人有面子，而且带个朋友出街非常的拉风
            
            
                最不满意
                除了价格贵点，其他的也没啥坏毛病，感觉都挺好的
            

            

    空间
        
            
            
        
        5
    
    
    空间还是非常的大的，毕竟平时两三个人开还是没问题的，因为这车买来也是偶尔出去玩用，所以空间上没啥毛病
    
    






                

    驾驶感受
        
            
            
        
        5
    
    
    开着挺舒服的，而且动力也挺强劲的，毕竟20多万的车，怎么也得开着舒服
    
    






            

            




            

    续航
        
            
            
        
        4
    
    
    电耗的表现算是一般般吧，平时在市区或者郊外开一开还是挺好的，长途的话也有充电桩
    
    





            
            

    外观
        
            
            
        
        5
    
    
    外观是我最喜欢的感觉，这车开出去确实让年轻人比较有面子，很符合当下的潮流
    
    





            

    内饰
        
            
            
        
        5
    
    
    内饰还算是挺好看的，一体式的设计让我觉得还是挺流畅的，操作起来也方便
    
    





            

    性价比
        
            
            
        
        5
    
    
    这款车的性价比，我觉得还是挺不错的，毕竟这款车开着很顺手，而且配置也挺丰富
    
    





            
                

    智能化
        
            
            
        
        5
    
    
    它的配置挺全乎的，我觉得一般人来开的话都挑不出来什么毛病，而且这个价位该有的都有
    
    




            

            



        "
济宁车友1604503,2023-02-08 首次发表,"
            
                
                    1600km
                    
                    行驶里程
                
                
                
                
                
                    18.0kWh
                    春秋电耗
                
                
                
                
                
                
                    360公里
                    春秋续航
                
                
                
                

                
                    320公里
                    冬季续航
                
                
                    25.60万
                    裸车购买价
                
                
                    2023-01
                    购买时间
                
                
                    西宁
                    购买地点
                
            
            
    
        
            
        
        
            
        
        
            
        
        
            
        
        
            
        
        
            
        
        
            
        
        
            
        
        
            
        
        
            
        
        
            
        
        
            
        
    
    

    
        $(document).ready(function () {
            var koubeiid = 4808471;

        });

    


            
                最满意
                这款车颜值很高开出去回头率也很高，里面空间很大，开着也舒服，辅助系统很多
            
            
                最不满意
                不太满意就是无线充电的速度还是有点慢，应急充电还的是有线去充电
            

            

    空间
        
            
            
        
        5
    
    
    车子空间没的说，尤其是第二排，就算是胖子坐着也不挤
    
    






                

    驾驶感受
        
            
            
        
        5
    
    
    电车的优势就是提速特别的快，加速非常的迅猛，超车不在话下，而且BZ4还有越野驾驶模式，雪天的时候很有很大的用处
    
    






            

            




            

    续航
        
            
            
        
        5
    
    
    买电车就是比传统油车省下不少钱，一个月连100块钱都不要，少的时候都没超过50块钱电费钱
    
    
    
    
    


    
    
    
    


    
    
    
    


    





            
            

    外观
        
            
            
        
        5
    
    
    外形真的很时尚，拼色的设计很潮流，而且溜背造型很有跑车范
    
    





            

    内饰
        
            
            
        
        5
    
    
    我喜欢他的仪表盘这种角度设计很有科技感，旋钮的换挡也很有意思很先进
    
    





            

    性价比
        
            
            
        
        4
    
    
    买电车用车费用很低，丰田承诺3年60%回收政策
    
    





            
                

    智能化
        
            
            
        
        5
    
    
    BZ4X这款车配置确实很丰富360影像底盘显示是透明的，座椅带加热，方向盘也带加热
    
    




            

            



        "
德州车友2852182,2023-02-07 首次发表,"
            
                
                    1200km
                    
                    行驶里程
                
                
                
                
                
                    19.0kWh
                    春秋电耗
                
                
                
                
                
                
                    360公里
                    春秋续航
                
                
                
                

                
                    330公里
                    冬季续航
                
                
                    25.88万
                    裸车购买价
                
                
                    2023-02
                    购买时间
                
                
                    西宁
                    购买地点
                
            
            
    
        
            
        
        
            
        
        
            
        
        
            
        
        
            
        
        
            
        
        
            
        
        
            
        
        
            
        
        
            
        
        
            
        
        
            
        
    
    

    
        $(document).ready(function () {
            var koubeiid = 4805510;

        });

    


            
                最满意
                BZ4X这款车最让我满意的就是空间上面的表现了，这台车不管是前排还是后排，还是后备箱的空间都挺让我喜欢的，而且车子的用电成本非常的低，日常用车也不会造成什么经济压力
            
            
                最不满意
                现在开车的时间还不算长的了，现在使用的情况也还是不错的，非要我说不喜欢的地方，就是内饰里面确实简陋了一些，硬朗塑料偏多
            

            

    空间
        
            
            
        
        5
    
    
    第一次试驾BZ4X的时候就对这款车特别的满意了，大家也都别只看参数什么的，空间宽敞不宽敞还是要自己坐在里面去感受才能够知道的，后备箱里出远门的时候也是能放不少的东西
    
    






                

    驾驶感受
        
            
            
        
        5
    
    
    车子的动力还是不错的，踩油门就能有往前窜的感觉了，超车那都是非常简单的事情了，BZ4X这款车开起来也不累的，方向盘是电子助力的，开起来很轻松，车子倒车入库什么的都很方便操作
    
    






            

            




            

    续航
        
            
            
        
        5
    
    
    用电成本很低，一个月充两次电加起来60块钱左右，充满电能跑360公里，这是冬天零下十几度的水平
    
    





            
            

    外观
        
            
            
        
        5
    
    
    外观的整个造型上我还是很喜欢的了，车型很漂亮的，侧面的感觉也很修长的，
    
    
    
    
    


    
    
    
    


    





            

    内饰
        
            
            
        
        4
    
    
    内饰里面我就不是很喜欢了，内饰里面设计显得简陋了点，硬塑料材质偏多，车子的舒适性还是很舒服的，空间大，而且坐在里面很舒服的，长时间开车的话也不会感觉到累的，车内的静音效果也做的很好
    
    





            

    性价比
        
            
            
        
        5
    
    
    总体来说的话性价比还是不错的，车子日常用车成本便宜，保养也便宜，服务态度也好
    
    





            
                

    智能化
        
            
            
        
        5
    
    
    BZ4X是我的第一台车了，能够入手这款车自然是对这款车有着非常高的认可度的，出于品牌的考虑，还有安全配置，自动泊车，我们一家人都一致决定选择这款车
    
    
    
    
    


    
    
    
    


    
    
    
    


    




            

            



        "
兮颜弋堪,2023-02-07 首次发表,"
            
                
                    1500km
                    
                    行驶里程
                
                
                
                
                
                    19.0kWh
                    春秋电耗
                
                
                
                
                
                
                    350公里
                    春秋续航
                
                
                
                

                
                    320公里
                    冬季续航
                
                
                    25.88万
                    裸车购买价
                
                
                    2023-01
                    购买时间
                
                
                    西宁
                    购买地点
                
            
            
    
        
            
        
        
            
        
        
            
        
        
            
        
        
            
        
        
            
        
        
            
        
        
            
        
        
            
        
        
            
        
        
            
        
        
            
        
        
            
        
    
    

    
        $(document).ready(function () {
            var koubeiid = 4805478;

        });

    


            
                最满意
                我最满意的就是BZ4X这款车的实用性了，首先在空间上面就能满足我们全家人的基本需求水准，电耗水平也能接受，我自己还是很喜欢日系车的，而且我需要一款空间大的日系车，在丰田车里BZ4X确实整体都很符合我的心意
            
            
                最不满意
                最不满意的地方是遇到大面积的坑洼路面的时候，车子的减震效果很一般的了，有一些些颠簸感觉
            

            

    空间
        
            
            
        
        5
    
    
    我觉得车内的空间还是很宽敞的，内部空间的设计规划比较的合理，后面坐三个成年人基本没有拥挤的感觉
    
    






                

    驾驶感受
        
            
            
        
        5
    
    
    动力方面我是觉得还是不错的了，超车的时候给油动力反应的很快，BZ4X还有可选四驱越野模式选择，电车加速反应就是快，这款车的操作感受比较的舒服，能够很好的忠实于驾驶员的操作意图，舒适性一般吧，在遇到大面积的坑洼路面的时候，车子的减震效果一般般
    
    






            

            




            

    续航
        
            
            
        
        5
    
    
    对我来说车子的电耗还是比较的低的，而且我还是一直在市区里面跑
    
    





            
            

    外观
        
            
            
        
        5
    
    
    外观很大气，前脸的设计也比较的沉稳的，看起来很耐看也不浮躁，大灯看着很像鹰眼确实很犀利，用的也是LED光源
    
    
    
    
    


    
    
    
    


    
    
    
    


    





            

    内饰
        
            
            
        
        4
    
    
    内饰里面我比较的满意了，车身的操作用料比较的扎实，而且软质的材质用的多，屏幕是12.3寸的看着就很大，开车用余光就能操作
    
    





            

    性价比
        
            
            
        
        5
    
    
    BZ4X的空间挺大，油耗也低，很实用也很经济，从用车费用来说首先每个月的电费不会很高，另外电车保养费用很低
    
    





            
                

    智能化
        
            
            
        
        5
    
    
    BZ4X配置基本属于配得上它的售价，驾驶辅助系统，四门一键升降，后排带出风口，中控面板材质还有比较新潮的织物覆盖，中控屏幕分辨率也可以
    
    




            

            



        "
深蓝水水投,2023-02-05 首次发表,"
            
                
                    3112km
                    
                    行驶里程
                
                
                
                
                
                
                
                    18.2kWh
                    冬季电耗
                
                
                
                
                
                
                     400公里
                     冬季续航
                
                

                
                
                    26.88万
                    裸车购买价
                
                
                    2022-11
                    购买时间
                
                
                    济南
                    购买地点
                
            
            
    
    

    
        $(document).ready(function () {
            var koubeiid = 4803832;

        });

    


            
                最满意
                这款车让我最喜欢的一点就是它的外观设计，特别的时尚大气，而且看上去也非常的有层次感，整个车身的流线型特别的漂亮
            
            
                最不满意
                目前不满意的地方觉得都不是什么大的问题，主要是车内的味道稍微有点大，而且因为刚买车没多久，所以对它的续航里程和大家的评论还没有办法判断
            

            

    空间
        
            
            
        
        5
    
    
    空间的设计还是非常合理的，因为我之前也是丰田的老车主了，所以对丰田空间的利用率一直都比较有信心，而且这款车型无论是从驾驶位还是从后排座位都非常的宽敞
    
    






                

    驾驶感受
        
            
            
        
        5
    
    
    我觉得这款车开起来还是非常的舒服的，而且整个的座椅设计也非常的符合车主的需求，动力方面也还不错，目前没有跑过很远的长途，所以还不太清楚它的长途续航能力
    
    
    
    
    


    






            

            




            

    续航
        
            
            
        
        4
    
    
    续航这个给个四星吧！因为刚买了车没多久，只是在市区开的比较多，目前感觉充满电的情况下，续航能力还不错，但是很多人都说长途续航还是差点意思，暂且观察吧！
    
    





            
            

    外观
        
            
            
        
        5
    
    
    外观我是特别喜欢的，很漂亮，家里人也觉得这款车开着比较的养眼，总之，很城市化
    
    
    
    
    


    
    
    
    


    
    
    
    


    





            

    内饰
        
            
            
        
        5
    
    
    内饰的做工还是挺细致的，而且用料也都比较的实在，我对这一个要求也不是特别的高，感觉还挺好
    
    
    
    
    


    





            

    性价比
        
            
            
        
        4
    
    
    因为现在买车优惠并不是特别的大，所以从价格上没有很大的实惠，但是其他方面感觉还不错
    
    





            
                

    智能化
        
            
            
        
        5
    
    
    这款车的配置算是比较全面的，我当时买车的时候也主要是了解了它的性能，所以我对这一方面没有什么太大的建议
    
    




            

            



        "
昭通车友9100040,2023-02-01 首次发表,"
            
                
                    1500km
                    
                    行驶里程
                
                
                
                
                
                    18.5kWh
                    春秋电耗
                
                
                
                
                
                
                    350公里
                    春秋续航
                
                
                
                

                
                    340公里
                    冬季续航
                
                
                    25.88万
                    裸车购买价
                
                
                    2023-01
                    购买时间
                
                
                    西宁
                    购买地点
                
            
            
    
        
            
        
        
            
        
        
            
        
    
    

    
        $(document).ready(function () {
            var koubeiid = 4798389;

        });

    


            
                最满意
                最满意的就是BZ4X款车的空间还有外观了，车内无论是乘坐空间还是后备箱的储物空间，车子都有很强的空间表现，实用性上真的很优秀，其次就是外观上了，车子的外观霸气，回头率还是很高的
            
            
                最不满意
                最不满意的地方就属于底盘的调教了，感觉底盘的调教是有些偏硬的了，行驶的舒适性会受到轻微影响
            

            

    空间
        
            
            
        
        5
    
    
    车内的空间宽敞，后排空间是可以翘起二郎腿的，后备箱的空间也充足，能放小孩的脚踏车
    
    






                

    驾驶感受
        
            
            
        
        4
    
    
    动力上面的话一脚油门下去动力还是很充足的，可以把并排的车甩在车后，操作方面的话，油门刹车踏板还有方向盘都是属于很轻盈的类型的
    
    






            

            




            

    续航
        
            
            
        
        5
    
    
    市区里面的话我开出了电耗我大概算下来20KW每百公里，网上我也大概看了，冬天都是这样情况
    
    





            
            

    外观
        
            
            
        
        5
    
    
    BZ4X给我第一印象就是车子高大威猛的，整个车身也是富有力量的感觉
    
    





            

    内饰
        
            
            
        
        5
    
    
    内饰里面的话啊可以用语音来控制的，识别很精准的，而且非常好用
    
    





            

    性价比
        
            
            
        
        5
    
    
    我感觉BZ4X这款车还是很给力的，用车的过程感觉好用也省心
    
    





            
                

    智能化
        
            
            
        
        5
    
    
    日常用车也是我们一家三口的，偶尔开车回老家的，高速可以用L2驾驶，倒车有360影像和雷达
    
    




            

            



        "
嘉兴车友8999272,2023-01-07 首次发表,"
            
                
                    500km
                    
                    行驶里程
                
                
                
                
                
                
                
                    13.0kWh
                    冬季电耗
                
                
                
                
                
                
                     520公里
                     冬季续航
                
                

                
                
                    26.88万
                    裸车购买价
                
                
                    2022-12
                    购买时间
                
                
                    揭阳
                    购买地点
                
            
            
    
    

    
        $(document).ready(function () {
            var koubeiid = 4771428;

        });

    


            
                最满意
                1、外观很满意，这个价位的电动车能有科技感外观的同时，空间还很大，而且续航里程可达615公里，出门的话完全不用担心电量问题。2、以前开燃油车的，担心油耗问题，现在也是无需担忧，而且它不限号，四驱版本的动力以及操控感也会比两驱的好，加速很给力，刷新了我对一汽丰田新能源汽车的看法！3、bz4X安全配置非常高，选一台好车，安全方面是最不能忽略的点，中控屏幕清晰度也很可以，图像显示蛮清晰的，个人还是比较信任丰田这个老品牌，技术质量方面，选丰田最放心，这台车的颜值我非常喜欢！
            
            
                最不满意
                本想买白色的，但是要等车，最后选了现有颜色，看习惯了也还挺好看的。其他的暂时没有不满意的，毕竟自己选的，自己非常喜欢
            

            

    空间
        
            
            
        
        5
    
    
    空间方面，这台车作为一款家用车，非常足够的，后排坐3个大人都没压力，地板也非常平整，这个很满意。还有后备箱空间也很大，大个行李箱轻松放下
    
    
    
    
    


    
    
    
    


    
    
    
    


    






                

    驾驶感受
        
            
            
        
        5
    
    
    加速推背感很强，动力也可以，油门的线性反馈还是不错的，高速超车无压力，家里人说坐着也很平稳
    
    






            

            




            

    续航
        
            
            
        
        5
    
    
    续航615公里，实际开个五百多对我来说也是完全够用的了，而且平时都是充一晚上慢充，这样对车身电池的寿命损耗小，很方便，大概一公里四分钱左右，很便宜。
    
    





            
            

    外观
        
            
            
        
        5
    
    
    我个人挺注重颜值的，这台车的外观颜值很在线，封闭式造型挺有辨识度，贯穿的百叶窗造型尾灯，双拼色更加前卫，车灯造型很有设计感，整体设计风格，体现了满满的未来感
    
    
    
    
    


    
    
    
    


    





            

    内饰
        
            
            
        
        5
    
    
    内饰方面，采用环保材质，整体风格时尚大气简约，我个人挺喜欢，不要太花里胡哨的，这种风格显大气
    
    
    
    
    


    
    
    
    


    
    
    
    


    





            

    性价比
        
            
            
        
        4
    
    
    性价比挺好的，颜值空间很能打，而且油价上涨，电车的趋势会越来越好，选择这款车就是实用且实惠！
    
    





            
                

    智能化
        
            
            
        
        5
    
    
    自动泊车，语音交互，机舱层叠式这个仪表盘跟传统仪表盘的区别就是平视过去就可以，不用低头看仪表，更加能专注于开车，有配手机无线充电，非常棒！还可以app远程操控
    
    
    
    
    


    




            

            



        "
阿西吧吧3,2022-12-28 首次发表,"
            
                
                    200km
                    
                    行驶里程
                
                
                
                
                
                
                
                    13.0kWh
                    冬季电耗
                
                
                
                
                
                
                     560公里
                     冬季续航
                
                

                
                
                    24.98万
                    裸车购买价
                
                
                    2022-12
                    购买时间
                
                
                    武汉
                    购买地点
                
            
            
    
        
            
        
        
            
        
    
    

    
        $(document).ready(function () {
            var koubeiid = 4758164;

        });

    


            
                最满意
                最满意的地方是整车加速性能及地盘紧凑度跟油车区别相当大，由于地盘下面动力电池加强护板的关系，使整车地盘比燃油车额外的硬朗紧凑，加上电机的超强反应速度开起来非常舒服
            
            
                最不满意
                车机功能略微损色与新势力，使用起来没有特别智能，但做为以车为主导的车企回归车辆本身，也基本可以忽视
            

            

    空间
        
            
            
        
        5
    
    
    整车轴距达到2850跟皇冠陆放轴距一模一样，所以在空间上完全充足，不管是前排还是后排非常舒适，并且前后排都有座椅加热，冬天一直处于加热状态，给自己和朋友都可以带来额外的温暖，主要还不担心耗油
    
    
    
    
    


    






                

    驾驶感受
        
            
            
        
        5
    
    
    最满意的地方是整车加速性能及地盘紧凑度跟油车区别相当大，由于地盘下面动力电池加强护板的关系，使整车地盘比燃油车额外的硬朗紧凑，加上电机的超强反应速度开起来非常舒服
    
    
    
    
    


    
        起步/加速动力
        旋钮的电子挡，操作方便、使用美观、起步动力强劲、官方数据加速为8.4S
        
        
    
    
    
    


    






            

            




            

    续航
        
            
            
        
        5
    
    
    买的是长续航版的标的是615公里，由于现在处于冬天充满为560公里，冬天少了50公里续航是可以接受的，据说所有电动车在23 以上的温度才能达到电车最大续航值
    
    
    
    
    


    





            
            

    外观
        
            
            
        
        5
    
    
    丰田BZ4X外观超于传统的丰田，科技感非常犀利，锤头鲨的造型，溜背车尾大宝剑式后ELD贯穿灯，帅~~~~~~
    
    
    
    
    


    





            

    内饰
        
            
            
        
        5
    
    
    中控台采用的环保材质，织物中控设计，层叠式机舱仪表盘，12.3寸中控大屏，完全脱离了丰田老气的设计理念
    
    





            

    性价比
        
            
            
        
        5
    
    
    免保：10年或20万公里免费基础保养电力驱动系电力驱动系统：10年或20万公里免费保修充电桩：购车即送充电桩且免费上门安装靓丽美容套餐：赠送镀晶、内饰清洁及室内杀菌各1次
    
    
    
    
    


    





            
                

    智能化
        
            
            
        
        5
    
    
    被寄予开辟新能源版图的厚望，以一汽丰田的雄厚实力和追求极致的理念为纯电领域的全新用户极致打造：别样 驾享 纯电SUV。让更多的消费者欣赏到 E V 独特的魅力，体验到驾驶 E V 的乐趣，实现拥有 E V 的生活
    
    




            

            



        "
程祥,2022-11-30 首次发表,"
            
                
                    378km
                    
                    行驶里程
                
                
                
                
                
                    11.6kWh
                    春秋电耗
                
                
                
                
                
                
                    600公里
                    春秋续航
                
                
                
                

                
                    560公里
                    冬季续航
                
                
                    24.98万
                    裸车购买价
                
                
                    2022-11
                    购买时间
                
                
                    青岛
                    购买地点
                
            
            
    
    

    
        $(document).ready(function () {
            var koubeiid = 4716168;

        });

    


            
                最满意
                今年6月份下定的bZ4X，经历了5个月漫长的等待，终于等到了！期间有几次不等了，但是身边开丰田的朋友都劝我说好饭不怕晚，丰田的品质是值得信赖的！果然没让我失望！简直太赞了！下面我总结一下我喜欢的几个点： 1.外观设计比较炫，这款车前脸采用撞色拼接的设计，整体的设计也是棱角分明，立体感比较强且辨识度高，尾部光剑式尾灯在夜间也是格外的犀利！ 2:空间大，bZ4X车长4690mm，宽度1860mm，高度1650mm，但是轴距却达到了2850mm，所以后排空间极大，轻松可以翘起二郎腿！乘坐也是非常舒服！ 3.驾驶感受好，既有传统燃油车的熟悉感又有新能源的新鲜感。单踏板模式可以可以随意切换。我选的是个两驱高配，动力也是不错的哦😌 4.科技感也是满满的，丰田的安全系统真是没得说，刚提车回家的时候倒车差点撞上后面的柱子，果断给我刹停了！真的是太棒了！还有就是我选装的自动泊车。手机app也可以操作停车，就像玩游戏一样。 最后再说一下4S店的服务也特别棒，销售非常的热情，交车的时候，好多人在那忙里忙外的服务。还有鲜花礼炮。第一批车主还送了电卡和佳名的手表特别高大上。非常赞！极力推荐大家去安利捷试驾感受一下这款车！
            
            
                最不满意
                有优点同样也有缺点。缺点就是续航里程。说的是615公里，实际续航差不多在560多公里左右。销售说615公里是最佳环境的续航里程。可能是因为最近降温以及驾驶习惯的问题。不过也是可以接受的。毕竟现在接近零下了。能达到500多也是不错的。
            

            

    空间
        
            
            
        
        5
    
    
    空间非常大，后排可以轻松翘起二郎腿。没有任何压力
    
    
    
    
    


    
        乘坐空间
        本人身高170，体重130斤，坐在后排空间非常大，非常舒服，座椅的包裹性也非常强
        
        
    






                

    驾驶感受
        
            
            
        
        5
    
    
    起步动力足，高速超车也没有任何压力。动力随叫随到。感觉非常棒
    
    






            

            




            

    续航
        
            
            
        
        5
    
    
    充满电续航里程560公里左右。如果空调全开，座椅加热都打开，大概到不了500公里
    
    





            
            

    外观
        
            
            
        
        5
    
    
    外观设计非常大气，棱角分明，撞色拼接的设计也是时尚感爆棚
    
    
    
    
    


    





            

    内饰
        
            
            
        
        5
    
    
    内饰科技感十足，这个机舱式的仪表盘，坐在驾驶室内感觉像开赛车一下
    
    
    
    
    


    





            

    性价比
        
            
            
        
        5
    
    
    10年20万公里的免费保养以及三电系统的保修，让人安全感满满。
    
    





            
                

    智能化
        
            
            
        
        5
    
    
    自动泊车，人脸识别，数字钥匙，以及丰田的智行安全系统。
    
    




            

            



        "
黄嘉健,2022-12-12 首次发表,"
            
                
                    1000km
                    
                    行驶里程
                
                
                
                
                
                
                
                    14.7kWh
                    冬季电耗
                
                
                
                
                
                
                     600公里
                     冬季续航
                
                

                
                
                    24.98万
                    裸车购买价
                
                
                    2022-11
                    购买时间
                
                
                    佛山
                    购买地点
                
            
            
    
    

    
        $(document).ready(function () {
            var koubeiid = 4732665;

        });

    


            
                最满意
                续航方面还是比较满意的，里面的车机都基本上保留汽油车的特质，因此不用花很多时间去学习。
            
            
                最不满意
                里面的中控台面板是布，对比其他品牌是相对比较不满
            

            

    空间
        
            
            
        
        5
    
    
    空间还是比较宽敞的，基本能达到家用的要求
    
    






                

    驾驶感受
        
            
            
        
        5
    
    
    动力很好，有推背感。能感受汽油车得不到的快感！
    
    






            

            




            

    续航
        
            
            
        
        5
    
    
    我通常在城市里面开，续航里程基本上能满足我的需求，一个星期都不用充一次电！
    
    





            
            

    外观
        
            
            
        
        5
    
    
    造型比较新颖，对于我们的这些老客户已经是突破的设计了
    
    





            

    内饰
        
            
            
        
        5
    
    
    内饰对于传统的汽油车已经是很大的改变了！
    
    





            

    性价比
        
            
            
        
        5
    
    
    性价比还是比价满意，上下班代步没什么大问题，维修率又小
    
    





            
                

    智能化
        
            
            
        
        5
    
    
    车机系统未能与其他的新势力的对比，不过对于丰田系列的 还是比较先进了
    
    




            

            



        "
