字段1_文本,字段2,字段3
朋梦时代,2023-07-30 首次发表,"
            
                
                    301km
                    
                    行驶里程
                
                
                    9.5L
                    百公里油耗
                
                
                
                
                
                
                
                
                
                
                
                

                
                
                    23.00万
                    裸车购买价
                
                
                    2023-07
                    购买时间
                
                
                    开封
                    购买地点
                
            
            
    
        
            
        
        
            
        
        
            
        
        
            
        
        
            
        
    
    

    
        $(document).ready(function () {
            var koubeiid = 5079521;

        });

    


            
                最满意
                最满意的当然还是GT4的外观，流线型的车身线条颜值很高，车子的配置也不拉垮，该有的配置基本上都有了。
            
            
                最不满意
                不满意的地方也是有的，车子的后排空间如果能再大一些就更好了！
            

            

    空间
        
            
            
        
        4
    
    
    GT4的前排空间还是可以的，不管是腿部空间还是头部空间，都挺宽敞的，而且坐上去没有压抑感，只是后排空间如果能再大一些就更好了。
    
    
    
    
    


    






                

    驾驶感受
        
            
            
        
        5
    
    
    GT4开起来动力完全可以满足日常使用，1.5T的发动机油门很线性，起步提速都很OK，驾驶感受对我来说就是享受二字，很舒适，稍微一踩油门它就窜出去，刚开始开着有点慌，车里坐满人和不坐满人加速的感觉没有什么差别，方向盘不重，比较好操控，颠簸路面行驶的时候，在车内的感觉不是很大！
    
    






            

            




            

    油耗
        
            
            
        
        5
    
    
    平常也就在城市里跑的多一些，用车以上下班为主，开的路段有时也会堵车，但整体来说GT4的油耗控制在8.9-9.7之间，在对于我来说，GT4的油耗不算太高，算一下每周也就一百多元的油费。
    
    





            
            

    外观
        
            
            
        
        5
    
    
    我也算是颜值控，买车前首先关注的车子的外观设计，GT4的外观是非常养眼的类型，运动跨界的外观设计，直列的大灯，溜背造型，硬朗的腰线，无一不让我心动。尤其是车子的侧面，看起来特别的时尚运动。
    
    
    
    我特别喜欢GT4的尾灯，看起来标志性十足，不管是白天还是晚上一眼就可以认出来它就是我的GT4。
    


    
    
    
    


    
    
    
    


    





            

    内饰
        
            
            
        
        5
    
    
    浅色的内饰设计，整体看起来颜色搭配还是非常养眼的，33寸的大屏不光是尺寸大，分辨率也给整到了9K，操作特别非常流畅。我平常开车喜欢听歌，GT4里面的音响系统也是非常NICE，据说是录音棚级别的，反正我个人感觉听歌低音浑厚，高音通透。上下班路上开着音乐，特别享受。
    
    
    
    
    


    





            

    性价比
        
            
            
        
        5
    
    
    6月底订的车子，当时有两万多的优惠，现在又多送了4次保养，这样算下来性价比还是很高的。
    
    





            
                

    配置
        
            
            
        
        5
    
    
    GT4的配置对我来说完全够用，像是座椅通风，自动驻车，倒车雷达，影像，自适应巡航这些在日常行驶中都会用得到。车内大屏的功能也很多，像是语音助手功能我平常用的比较多一些。我特别喜欢26色的氛围灯，随心切换颜色，一上车就让人感觉特别开心。
    
    




            

            



        "
金金jinjinjin,2023-07-28 首次发表,"
            
                
                    2000km
                    
                    行驶里程
                
                
                    7.8L
                    百公里油耗
                
                
                
                
                
                
                
                
                
                
                
                

                
                
                    24.00万
                    裸车购买价
                
                
                    2023-06
                    购买时间
                
                
                    南通
                    购买地点
                
            
            
    
        
            
        
    
    

    
        $(document).ready(function () {
            var koubeiid = 5076482;

        });

    


            
                最满意
                我之前在上海车展上看过凯迪拉克，展台的布置很符合年轻人的审美，包含了科技和赛车的元素，从而我对凯迪拉克有个很好的印象，加上我同事开的也是凯迪拉克的车，是凯迪拉克的XT5，平时停在单位空地上颜值很赞，凌厉的外形设计，每次路过目光都被吸引驻足，这次是帮老婆买车，我老婆很支持我的想法，买车基本是以我的意见为主，本来是来看XT4的，车展上看过感觉很不错，当时车展上宣传的是自在乐活的观念，跟我平时的生活不谋而合，但买车的时候店里新款还没有到店，是之前没有升级的老款，屏幕还没有升级大连屏，销售推荐新上市的GT4，经过两次到店比较后，经过深思熟虑后，1.5T城市通勤也够用了，就是它啦一凯迪拉克 GT4，还可以享受旧车置换补贴，我有一台旧车福特，最后选择了GT4二驱豪华版，内饰是暗夜骑士，外观颜色是曜石黑。最后感谢4S店的工作人员为我准备的交车仪式，让我仪式感满满，所有的伟大源于一次勇敢的开始!熠熠人生 无畏向前 !
            
            
                最不满意
                新提车没有什么不满意的，当时买车时有考虑Q3，对比下来GT4更吸引我，由于是新上市的车，我们属于第一个吃螃蟹的人，开在路上很拉风，回头率很高，朋友们都没有见过，都问我这是什么牌子呀，如果实在要列举不满意的点就是新车有异味，要多通风一段时间才好，销售送了个小熊的竹炭香薰包和小熊车载香薰，希望可以有用吧。
            

            

    空间
        
            
            
        
        5
    
    
    GT4既具备了轿车的颜值，又有SUV的空间，我身高177cm，对我来说，每个位置都很充裕，我和老婆都对空间很满意。车子用于老婆平时上下班，接送小朋友，空间对于我使用正合适。
    
    
    
    
    


    
    
    
    


    
    
    
    


    






                

    驾驶感受
        
            
            
        
        5
    
    
    GT4虽是1.5T发动机，搭载了48V轻混动系统，添加92号汽油，9速手自一体变速箱，城市通勤也够用了，这次是给老婆买车子。老婆反馈方向盘很轻巧，指哪打哪，操控感很不错。
    
    
    
    
    


    






            

            




            

    油耗
        
            
            
        
        5
    
    
    目前驾驶了将近2000公里，表显油耗平均是7.8个油，最佳是5.9个油，平时开城市路段比较多，偶尔需要出差跑跑高速。对油耗还算满意，我个人喜欢油车，电车要充电要等个1个小时太慢了，电费节省是节省的，但是刨去时间成本差不多了。
    
    





            
            

    外观
        
            
            
        
        5
    
    
    外观颜色我选择的是黑色，凯迪拉克标志性的大灯，盾型的进气格栅都是标志化的设计语言，让人一眼就能认出，这就是——凯迪拉克这个品牌，品牌力超强。
    
    
    
    
    


    
    
    
    


    
    
    
    


    





            

    内饰
        
            
            
        
        5
    
    
    内饰名字是暗夜骑士，其实就是黑色的内饰，比较容易打理的，相比于白色和蓝色我更喜欢黑色，33英寸9k超视网膜曲面屏，传统的物理按键也有进行保留，像钢琴琴键般，操控更方便优雅，物理按键也避免只有一个大屏万一发生死机的情况。音响采用的是我很喜欢的品牌AKG，录音棚级别的音质。整体内饰设计给人感觉变年轻化了，很潮流。
    
    
    
    
    


    
    
    
    


    





            

    性价比
        
            
            
        
        5
    
    
    开了时间不长 ，但GT4给我的用车感受都很棒，牌照也上好了，买车的时候送的车窗膜，上牌那天一并去装潢贴好了，最近太阳比较晒，贴好防一下紫外线，装潢小哥很专业，提醒我一周内不能开窗子。店里工作人员服务态度也很不错。
    
    





            
                

    配置
        
            
            
        
        5
    
    
    我选择的是GT4两驱豪华版，1.5T的发动机还搭载了个48V轻混电机，更节省油耗，起步更平顺，用车满意，不错的选择。
    
    
    
    
    


    
    
    
    


    




            

            



        "
九江车友5826304,2023-07-27 首次发表,"
            
                
                    500km
                    
                    行驶里程
                
                
                    8.0L
                    百公里油耗
                
                
                
                
                
                
                
                
                
                
                
                

                
                
                    27.50万
                    裸车购买价
                
                
                    2023-07
                    购买时间
                
                
                    抚州
                    购买地点
                
            
            
    
        
            
        
    
    

    
        $(document).ready(function () {
            var koubeiid = 5074265;

        });

    


            
                最满意
                这台车我等了很久，从第一次也就是我记忆深刻的日子5月28日就开始翘首以盼，因为当天是凯迪拉克的新车发布会，店里的销售人员也很积极的邀约我去店里参与（备好了零食饮料还有水果）当晚我也准时参与了这次隆重的发布会，当时我看到这台车的时候就很喜欢，因为我感觉这也太帅了，上半身SUV下半身是轿车的底盘简直太帅了。因为当时还只是发布会没看到实车，后来我就等了一段时间，车一到店我就去了店里。让我满意的不仅是外观内饰也挺好看的，大连屏也有科技感。
            
            
                最不满意
                目前不满意的可能就是它的后排空间，因为我本人不高也不矮但是我儿子坐在后排可能腿部放在座椅上的空间就稍微有一点欠缺
            

            

    空间
        
            
            
        
        5
    
    
    空间对于我们老两口来说还是可以的，但是如果要满足全家人的话还是有一点难度的。如果是我儿子开车那么座椅就要往后调整，坐在后排的人可能会遭点罪，没有那么宽敞。还有就是后备箱的话可能没有那么宽敞不过放下几个行李箱还是可以的。
    
    






                

    驾驶感受
        
            
            
        
        5
    
    
    驾驶感觉还是挺好的，毕竟也有试驾过1.5T的发动机油门踩起来还是有感觉的，起步和提速都是很OK的，就算是满员的前提下感觉也没什么差距。方向盘打起来也很顺畅，没有很大的阻力。方向也比较明确指哪打哪，指向也清晰。车身过弯稳定，车内的视野也挺不错的平时在市区开一下还是很舒服的。
    
    
    
    
    


    






            

            




            

    油耗
        
            
            
        
        5
    
    
    油耗的话目前是8.0左右的一个综合油耗，对我来说已经很满意了，毕竟还是新车可能多磨合磨合就会好很多
    
    





            
            

    外观
        
            
            
        
        5
    
    
    它的外观是我看了这么多车子里我最喜欢的也是我第一眼就相中的，机盖看起来光滑而且颜色很亮丽，还有他那个大灯的造型也是瞩目的存在，时尚而且也运动，在视觉上显得比较高端。车子整体设计确实有国际水平的哈哈哈，运动风的设计越看越顺眼哈哈哈每天没什么事就喜欢在楼下看着这台车慢慢欣赏。轮毂也挺好看的，还有它的整体的一个车身从侧面看也很丝滑。而且我感觉这个红色真的和其他的红色不一样，暗暗的就很帅。
    
    
    
    
    


    
    
    
    


    
    
    
    


    





            

    内饰
        
            
            
        
        5
    
    
    内饰的设计很惊艳，用料也比较高档，做工细致到每条座椅的走线都让我看起来很舒服，33英寸的大连屏幕信息展示的很全面，也很简单明了看起来操作起来都很简单，而且用起来也很流畅，不过怀档的设计还是让我有一点点不适应，不过等我多开几回就好了。座椅坐起来也很舒服，包裹性不错，前排座椅也有加热通风功能，无钥匙进入，无线充电啥的都有。
    
    
    
    
    


    





            

    性价比
        
            
            
        
        5
    
    
    不管是从外观还是内饰都能看出来确实下了功夫挺良心的，虽然整体的优惠力度不是很大，但是在这个价位能有这么好的一个品控就已经挺好的了。
    
    





            
                

    配置
        
            
            
        
        5
    
    
    配置的话主流的都是有的，比如360全景影像，自适应巡航流媒体后视镜啥的都是带的，语音控制功能反响反馈也是挺快的，像什么打开空调打开窗户啥的都是有的，还可以坐在车上看爱奇艺哈哈哈就很舒服。
    
    




            

            



        "
绍兴车友8145050,2023-07-24 首次发表,"
            
                
                    66km
                    
                    行驶里程
                
                
                    8.0L
                    百公里油耗
                
                
                
                
                
                
                
                
                
                
                
                

                
                
                    30.31万
                    裸车购买价
                
                
                    2023-06
                    购买时间
                
                
                    杭州
                    购买地点
                
            
            
    
        
            
        
    
    

    
        $(document).ready(function () {
            var koubeiid = 5067747;

        });

    


            
                最满意
                当然是颜值吸引了我，关注凯迪拉克已经一年多了，终于等到了它的新车上市，一改之前老版凯迪拉克的老年内饰风，现在的设计真的是泰裤辣！一眼就看到了它，无论是外观设计还是内饰设计都令人眼前一亮！如果内饰还是原先那样的，我可能还要考虑一下，现在这个新款真的很吸引人，不管是我爸还是我都非常喜欢！
            
            
                最不满意
                因为是上个月买的，目前还没有发现什么问题，除了后排空间感觉小了一点，而且后排的中间地板是有隆起的，其它都还不错。
            

            

    空间
        
            
            
        
        4
    
    
    前排空间还不错，我的身高在1.75左右，无论是坐前面还是后面，头部空间都没什么问题，前排的话腿部空间也很舒适，就是后排的腿部空间一般般，感觉GT4的内部空间和它们的XT4差不多。但因为这车子买来主要是给我一个人开的，所以倒是问题不大。
    
    
    
    
    


    
    
    
    


    
    
    
    


    






                

    驾驶感受
        
            
            
        
        5
    
    
    虽然它也有1.5T的，但我买的是2.0T的，因为当时试驾的时候就是试的这个动力，感觉开起来特别爽！237匹的马力加上9挡手自一体，底盘很稳的感觉。开起来就是一个词：很畅快！没有卡顿的感觉，方向盘也比较轻，然后设计的是怀挡，开了半个月后，我现在终于适应了，适应以后感觉还是很方便的。
    
    
    
    
    


    






            

            




            

    油耗
        
            
            
        
        5
    
    
    目前我的综合油耗在8，毕竟现在买过来还没有开多久，可能还是得多开开才能显示比较真实的油耗，后续再补充。
    
    





            
            

    外观
        
            
            
        
        5
    
    
    我买的是白色的，其实当时来4S店的时候，看他们展车停的是红色的，那个颜色看起来更年轻有活力，但后来考虑到耐脏的问题，所以在我爸的强烈建议下还是选择了白色。车灯特别好看，和他们电车的车灯设计差不多，不像老款的那种样子，现在这个车灯有流动的这种设计，显得特别出彩，特别是在夜晚的时候，轮毂的样子我也是特别喜欢，有点熏黑的设计，显得很有质感，又很霸气的感觉！其实GT4的外观总体还是比较符合凯迪拉克的经典风格的，就是在细节上面做了一些改进。
    
    
    
    
    


    
    
    
    


    
    
    
    


    





            

    内饰
        
            
            
        
        5
    
    
    内饰的颜色有几种选择，我选了比较耐脏的黑色系，有点赛车风格，其实它是黑白相间，然后有红色线条的镶边勾勒，我觉得这个红色就用的非常好，让人一进车里，就被惊艳到。再加上这个33英寸的超大环形中控屏幕，操作起来非常顺畅，支持Carplay手机连接，所以可以语音控制，还很灵敏。这个屏幕无论是看导航还是看电影，都是超棒的！我还喜欢它的旋钮和按键设计，看起来质感都特别好。AKG的音响有点厉害的，特别是全车是带有多层隔音玻璃的，所以在车里听音乐的感觉特别好。还有大大的天窗，氛围灯的颜色还可以自己调节，总而言之吧，这个内饰着实惊艳到了我！
    
    
    
    
    


    
    
    
    


    
    
    
    


    





            

    性价比
        
            
            
        
        5
    
    
    性价比我自然是可以打满分的，我和我爸都非常满意！当时还去看了宝马X2和奥迪Q3，但是综合比较下来，一个是我觉得在颜值上面我更喜欢GT4，另一个是配置我比较了一下，也是更丰富一些，像它还有多连杆的独立悬架，还有可调节的阻尼器这些。我目前刚毕业没多久，这款车对于我而言性价比还是非常高的。而且我看服务也是非常好，我碰到的这个销售非常有耐心，每次去看车都是比较晚的时候，也一直登着我们，交车当天还给我们准备了交车仪式，惊喜十足。
    
    
    
    
    


    
    
    
    


    
    
    
    


    





            
                

    配置
        
            
            
        
        5
    
    
    配置可以好好唠唠，因为这个也是我非常满意的点，48V的轻混系统相信应该可以更省油一些。安全配置也非常丰富，ABS防抱死
 
、车身稳定控制、前方碰撞预警、倒车车侧预警系统等，特别像碰撞预警真的非常灵敏，驾驶模式也有很多种，还有360度的全景影像，倒车无压力，全速自适应巡航我暂时还没有使用过，后备箱还是电动的，还带有位置记忆功能，车子也可以远程启动和无钥匙进入。车窗可以一键升降，仪表盘是全液晶的，特别酷。流媒体后视镜也是特别高清，手机还可以无线充电，非常的方便。AKG音响也是高级配置了，26色的车内氛围灯带给我很大的惊喜。这个配置我是非常满意的，基本上是我想到的和我没想到的都有了！
    
    
    
    
    


    
    
    
    


    




            

            



        "
高鑫,2023-07-21 首次发表,"
            
                
                    673km
                    
                    行驶里程
                
                
                    9.0L
                    百公里油耗
                
                
                
                
                
                
                
                
                
                
                
                

                
                
                    24.67万
                    裸车购买价
                
                
                    2023-07
                    购买时间
                
                
                    南阳
                    购买地点
                
            
            
    
        
            
        
    
    

    
        $(document).ready(function () {
            var koubeiid = 5063154;

        });

    


            
                最满意
                最近凯迪拉克新出的车型和内饰的改款，我感觉热度还是很高的，也许是因为要给媳妇儿买车的原因，很是关注车圈，很多平台都是能够看到关于凯迪拉克的内容，在影响下那也就去看看吧。在看之前，我们的用车情况是，家里有一辆车，大多是我在用，现在孩子大了，需要每天上下学接送问题，还有媳妇儿自己的上下班，小电驴吧孩子老源天气不好的时候受罪不方便，就想看给媳妇也配一辆代步车，现在的小迷你电车大街上也是随处可见，但是我觉得安全系数不高，好一点的电车价位也不便宜，还不如油车能在不备之时跑远路，加油方便还不耽误时间。所以敲定下来，那就还是看油车吧。然后就在凯迪拉克热度下也就是闲转一圈，就发现了GT4这款车型，感觉真的是低调奢华有性价比。外观整体线条流畅年轻动感，轿跑型SUV的造型设计也是不多见的。内饰上大连屏的设计功能也很齐全，日常的导航歌曲，还有可以哄娃时播放个动画片小视频，都很实用。1.5T的动力足够日常代步，而且最主要的是加92号油的，让老婆个人用车再合适不过了。总结下来，就是很合适的选择。
            
            
                最不满意
                不太满意的就是新车优惠力度不大，不过价格定位还好，然后加上购车时候的一些置换补贴免息政策什么的，最后价位也还算可以。其他的用车过程中也没听媳妇儿说有什么不足之处。
            

            

    空间
        
            
            
        
        5
    
    
    空间上，因为是媳妇儿代步用，所以绝对是够用的。就算是偶尔我们满员乘坐的话，也不会觉得拥挤。我一般乘坐GT4的话，都是前排驾驶位或者副驾，感觉也都很宽松，腿部空间和头部空间都还好，操控车辆时候没有拥挤感。车内和后备箱的收纳能力也是很强，可以容纳女性的很多小物件。
    
    
    
    
    


    
    
    
    


    






                

    驾驶感受
        
            
            
        
        5
    
    
    操控性能很出色，方向盘转向精准，油门响应灵敏，变速箱换挡平顺，车身过弯稳定。车内视野也不错，驾驶有信心适合城市驾驶，总体来说很好开。动力上搭载了1.5T涡轮增压发动机，市区上下班足够用。
    
    






            

            




            

    油耗
        
            
            
        
        5
    
    
    女司机用车都很温柔的，不会去猛踩油门追求动力上的刺激感，所以新车也在磨合期，因为市区路况情况相比之下就要比高速高，但是也能接受。主要当时看这款车是加92号汽油，挺满意的。
    
    





            
            

    外观
        
            
            
        
        5
    
    
    新款的GT4外观设计属于轿跑型SUV，在视觉上显得比较高端大气，也是不多见的独特风格设计。车型大小很适合女性朋友用车，整体线条流畅年轻动感。
    
    
    
    
    


    
    
    
    


    
    
    
    


    





            

    内饰
        
            
            
        
        5
    
    
    内饰设计很惊艳，用料也比较高档，做工细致，颜色的拼接搭配等都给人一种高端的感觉。内饰也是大联屏的设计，33英寸全液晶屏幕显示信息丰富界面简单明了，视觉效果很好，整体操作还是比较好上手的，屏幕和系统的流畅度也还不错。中控上换挡杆也改为了怀档设计，很独特。但是开始真的会不习惯，不过好在用车次数多了也就习惯了。其次座椅很舒服，包裹性和支撑性都不错，前排座椅还有加热通风功能。空调效果也很好，配置很丰富，有全景天窗、前排的无钥匙进入、无线充电、都能带来不错的驾乘舒适感。整体的内饰不管是在视觉上还是使用上，都是一个优秀的设计。
    
    
    
    
    


    
    
    
    


    





            

    性价比
        
            
            
        
        5
    
    
    GT4配置实用，外观和内饰设计也能看得出很下功夫，看得出来每一个地方都很用心。新款车型GT4的颜值和车型大小也适合女性用车，很多辅助功能都是很实用，能用的到。所以GT4除了优惠上少以外，配置性价比还是不错的。
    
    





            
                

    配置
        
            
            
        
        5
    
    
    GT4所配备的智能化是真不错，像什么驾驶硬件配置360度全景影像，媳妇再也不怕停车了。还有语音控制功能，真的是动动嘴巴就可以操作，像什么打开窗户空调，音乐导航，这些都不在话下。另外其他的一些辅助驾驶功能对驾驶者也很友好，提高了驾驶安全感。
    
    




            

            



        "
afz5s4,2023-07-19 首次发表,"
            
                
                    690km
                    
                    行驶里程
                
                
                
                
                
                
                
                
                
                
                
                
                

                
                
                    25.60万
                    裸车购买价
                
                
                    2023-07
                    购买时间
                
                
                    郴州
                    购买地点
                
            
            
    
    

    
        $(document).ready(function () {
            var koubeiid = 5060281;

        });

    


            
                最满意
                最喜欢的就是GT4的内饰，这块屏幕看起来很高级，刚大学毕业想要一台颜值上面看的去，安全上面也有保障的车子，可选的车型比较多，看车的时候的确被这块大连屏所吸引，整体设计也挺好，在自己的选车预算范围内，人生的第一辆车就它了。
            
            
                最不满意
                新车刚上来，对于价格谈判上面比较弱，优惠力度说实话不够大，和我心里的预想有点差别，主要是马上就要用车了，所以买车上面的确有点着急，后期的保值率我也会考虑一下。
            

            

    空间
        
            
            
        
        5
    
    
    我的身高是176，体重是140，标准的身材吧，前后排目前坐着都没有什么压力，车子的纵向空间长，后备箱放倒以后车子的灵活性增加不少，后备箱日常能放下很多的东西，第二排坐三个人目前是没有什么问题。
    
    
        ☆ 空间设计亮点
        手套箱设计的还算是隐蔽，通过屏幕的按键打开，一般隐私的东西我放在这个位置。后排的扶手箱随时放倒，放水杯什么的都挺好，不占用空间。
        
        
    






                

    驾驶感受
        
            
            
        
        5
    
    
    这个车子有48V轻混的加持，虽然是1.5T的，但是起步不犹豫，再加上我的性格开车也是那种暴躁型的人，开车注意脚感，方向盘转动的时候轻巧，车子在转弯的时候也好操控，的确还行。转弯时车身重心较稳。
    
    
    
    
    


    
    
    
    


    






            

            




            

    油耗
        
            
            
        
        5
    
    
    提车到现在，就每天正常出门，市区油耗10个油，高速油耗7个油，我发现我最近开车有点刹车的猛，会影响车子的油耗数值。
    
    
    
    
    


    





            
            

    外观
        
            
            
        
        5
    
    
    外观是挺好看的，我妈说我开这个车年轻不少，选择了低调的曼哈顿灰色，车身的钣金较好，前脸的格栅饱满有延伸感。晚上看车灯的时候觉得很亮，远光灯的照射范围广，颜值上的确挺高的。
    
    
    
    
    


    





            

    内饰
        
            
            
        
        5
    
    
    内饰的皮质还行，选择的米色的内饰感觉视觉上面亮很多，现在夏天太热，好在空调出风口较快，车内的AKG音响环绕式较好，开车的时候听歌听放松的。
    
    





            

    性价比
        
            
            
        
        5
    
    
    价格上面虽然没有特别符合我的想法，但好在两次保养、小礼品都有，车子的贴膜也给我了，改天预约一个时间去贴一下。
    
    
    
    
    


    





            
                

    配置
        
            
            
        
        5
    
    
    这台车其实城市里面用的多，对于我来说该有功能好用就行，日常连接上蓝牙，车子娱乐功能较多，语音互动准确性也还行，新车目前开着都挺适应，OTA系统会更新，会越来越顺手的，GT4开的这段时间挺喜欢。
    
    
    
    
    


    
    
    
    


    
    
    
    


    




            

            



        "
ahm36qn,2023-07-18 首次发表,"
            
                
                    670km
                    
                    行驶里程
                
                
                    10.4L
                    百公里油耗
                
                
                
                
                
                
                
                
                
                
                
                

                
                
                    25.80万
                    裸车购买价
                
                
                    2023-06
                    购买时间
                
                
                    常德
                    购买地点
                
            
            
    
        
            
        
    
    

    
        $(document).ready(function () {
            var koubeiid = 5058366;

        });

    


            
                最满意
                买了新车挺开心，想要坐下来分享一下自己的购车历程，虽然我买的是入门级的SUV，但是是我的一台车豪车，在我们县城目前很少有GT4，新车上路挺有面子。我挺喜欢外观，年轻有动力，适合年轻人开，主要是现在出门没个车也不行，存了一些钱本来就准备换车，刚好眼缘看的上就入手了。
            
            
                最不满意
                目前用下来空间还是有点紧凑，后备箱的空间不大，东西多需要搬运的时候有点局限。
            

            

    空间
        
            
            
        
        4
    
    
    目前我和老婆两个人轮流开这个车，基本上下班也不会带其他的人，坐在前排比后拍舒服多，副驾驶能把腿伸直，我也没说后排空间小，只是略比第一篇差点味道。
    
    
    
    
    


    






                

    驾驶感受
        
            
            
        
        5
    
    
    每个人对驾驶感受不一样，我觉得虽然是1.5T的动力，但是每天工作忙碌只能子啊市区里面开，这点动力我觉得还行，出门挺经济实惠的，这车爬坡挺流畅，转弯过快的时候也不会有侧倾感，过坑的时候从容。
    
    






            

            




            

    油耗
        
            
            
        
        5
    
    
    城市里面里面车子多，油耗影响还是有的，但是48V轻混系统我觉得多少对油耗是有帮助的，这个功率其实还行。堵车的时候油耗差不多10-11L/百公里，在山路的时候综合油耗7-8L/百公里，路况不同的确对油耗有影响。
    
    





            
            

    外观
        
            
            
        
        5
    
    
    车子整体有质感，选择了曼哈顿灰色，车漆细腻，阳光下看起来亮，我提车的时候好好看了车子，车子细缝处连接的挺好，侧面看起来这车挺有个性的，尾部饱满。
    
    
    
    
    


    
    
    
    


    
    
    
    


    





            

    内饰
        
            
            
        
        5
    
    
    液晶仪表盘的确是让这车加分了，我用着还行，座椅的包裹性不错，按钮调节位置的角度方便，现在夏天了，车内稳定高，提前远程启动车，内部的稳定下降的快，制冷的效果好。
    
    
    
    
    


    
    
    
    


    
    
    
    


    
        ☆ 氛围灯效果
        晚上看这车的氛围灯效果比较好，可以调节很多的颜色，看起来有格调，有空在车内坐着，听点歌也是一件很惬意的事情。
        
        
    





            

    性价比
        
            
            
        
        5
    
    
    目前购车来说政策还行，6月底中旬定的车子，提车差不多一个星期，有3次的保养，还有脚垫，买车没有让我强制装潢，这点我挺中意，买车篇理性一点，买了台自己想要的车子，没有迎合父母的意见。
    
    
    
    
    


    





            
                

    配置
        
            
            
        
        5
    
    
    连接上蓝牙以后，多功能的方向盘在我开车的途中用起来便捷，后台的OTA会更新，在车内的驾驶视野较好，我现在开了这么久已经对车内的功能都适应了。
    
    




            

            



        "
azy53aw,2023-07-17 首次发表,"
            
                
                    590km
                    
                    行驶里程
                
                
                    8.0L
                    百公里油耗
                
                
                
                
                
                
                
                
                
                
                
                

                
                
                    27.20万
                    裸车购买价
                
                
                    2023-06
                    购买时间
                
                
                    天津
                    购买地点
                
            
            
    
        
            
        
        
            
        
        
            
        
        
            
        
        
            
        
        
            
        
        
            
        
        
            
        
    
    

    
        $(document).ready(function () {
            var koubeiid = 5056566;

        });

    


            
                最满意
                最满意的地方第一是外观，它有着一张非常年轻的脸庞，是我们这些90后最喜欢的风格，它那光滑亮丽的机盖让人控制不住自己的双手想去抚摸它，它那钻石一样形状的格栅也让人忍不住多看它几眼，还有它那独立的大灯造型无论是白天还是黑夜都是最瞩目的存在，还有19R大的轮胎，矫健的侧身线条以及壮宽的车尾都是在宣泄着它运动的气息，第二是油耗，它这台车是1.5T排量的，而且有48V轻混系统的加持，所以百公里油耗是7.5左右，这样低的油耗让我每次开车的时候都能尽情的享受动力以及空调制冷，每个月都不用担心油钱过高，能无忧无虑的去开车我觉得很爽，第三是性价比，虽然我这款车只是尊贵不是顶配，但它配置上以及车上的硬件功能都是和顶配相差无几的，我花着最合适的价格就可以享受到最高级的驾驶感受，我觉得是非常幸福的。
            
            
                最不满意
                第一点的不满是它的空间，我178cm坐进后排并没有感到很富裕，腿要尽量收着放，不然的话就膝盖就会盯着驾驶座椅，而且头部要稍微低点头，不然会接触到车顶棚，第二点的不满是它的车身颜色不耐脏，容易占灰尘，几天不洗车就会感觉这车一个多月没洗了，给人很脏的感觉。
            

            

    空间
        
            
            
        
        4
    
    
    它的空间能刚好够我这一家四口用，我178cm平时开车坐驾驶位我都是尽量不调节座椅的，如果我太往后的话，坐在我后面的家人就没啥空间放腿了，还有它的后备箱我们家回老家的时候都是尽量带一些必须带的东西，老家能买得到的东西我们都不会带，因为后备箱空间不大，不能全部放得完。
    
    






                

    驾驶感受
        
            
            
        
        5
    
    
    感受挺好的，1.5T的发动机油门很线性，起步提速都很OK，车里坐满人和不坐满人加速的感觉没有什么差别，上坡和超车都是一脚油门的事，非常轻松，而且方向盘打起来阻力挺小的，指向也清晰准确，雨天行驶的时候过弯变道都很稳，我和老公都觉得它好开。
    
    






            

            




            

    油耗
        
            
            
        
        5
    
    
    它的油耗我挺满意的说实话，这么大一台SUV百公里油耗不超过8，确实挺能省油的。
    
    





            
            

    外观
        
            
            
        
        5
    
    
    我想它的外观在我这个年龄阶段没有那个会不喜欢吧，它那光滑亮丽的机盖让人控制不住自己的双手想去抚摸它，它那钻石一样形状的格栅也让人忍不住多看它几眼，还有它那独立的大灯造型无论是白天还是黑夜都是最瞩目的存在，还有19R大的轮胎，矫健的侧身线条以及壮宽的车尾都是在宣泄着它运动的气息。
    
    





            

    内饰
        
            
            
        
        5
    
    
    它的内饰看起来蛮有驾驶欲望的，我一走进它车里我就忍不住想握着它的方向盘在周边开上几圈，车里面的运动气息太浓郁了。
    
    





            

    性价比
        
            
            
        
        5
    
    
    这台车是我梦寐以求的座驾，它无论是外观还是动力都完全符合我当初选车的要求，所以它整体的性价比我个人是觉得高的。
    
    





            
                

    配置
        
            
            
        
        5
    
    
    这台车配置了很多智能辅助驾驶的功能，每次开这台车我都觉得很放松。
    
    




            

            



        "
温州车友0060424,2023-07-17 首次发表,"
            
                
                    670km
                    
                    行驶里程
                
                
                    11.0L
                    百公里油耗
                
                
                
                
                
                
                
                
                
                
                
                

                
                
                    24.50万
                    裸车购买价
                
                
                    2023-07
                    购买时间
                
                
                    温州
                    购买地点
                
            
            
    
        
            
        
    
    

    
        $(document).ready(function () {
            var koubeiid = 5056547;

        });

    


            
                最满意
                我在事业单位里面上班，和老婆一年的收入还行，今年有了换车的想法，第一台车子是轿车开起来一般，所以换车的时候侧重大一点的车子。我们选择GT4的原因是，1.目前两个人没有孩子，空间适和，第二排几乎不坐人。2.外观上面要开着要大气一点。3.内饰上面舒适性要高一点，年轻人还是追求用料。
            
            
                最不满意
                刚开了600多公里，目前开着挺满意，目前感觉优惠力度小，感觉略微欠缺一点。
            

            

    空间
        
            
            
        
        4
    
    
    空间比我之前的轿车大多了，前排的空间大，坐人腿部空间宽敞，后备箱开口较大，后排的座椅可以放倒，主要是座椅调节往后坐着挺舒服。
    
    
    
    
    


    






                

    驾驶感受
        
            
            
        
        5
    
    
    方向盘的握感舒服，底盘开起来紧实，最近周末去了一趟盘山公路，GT4上坡的动力够用，虽然是1.5T的动力，开起来脚感有力，避震性目前开着还行。
    
    
    
    
    


    
        弯路/并线稳定性
        车身本身不是很长，转弯的时候侧倾正常，开起来挺有安全感的。
        
        
    






            

            




            

    油耗
        
            
            
        
        5
    
    
    目前我用舒适模式较多，目前油耗一直在11个油，刚提车还是在磨合期，日常上下班的路况较堵，个人感觉用下来能接受，不过我当时选择了美系车，这事也看的明白，选择油车油耗大点其实也没问题。在乎那点油耗也没什么意思。高速上面开车的确省油不少。
    
    





            
            

    外观
        
            
            
        
        5
    
    
    初看GT4，我觉得车子的造型还是挺大气的，前后车灯蛮呼应，前脸的格栅给人一种运动年轻的感觉，看起来高级。车尾部偏饱满，我开这车气质还是挺好的。
    
    
    
    
    


    
    
    
    


    
    
    
    


    





            

    内饰
        
            
            
        
        5
    
    
    这个内饰大屏晚上看起来很亮眼，屏幕的清晰度还行，车子没有什么异味，空调出风口出发快，在车内一下子就能凉快下来，座椅摸起来的质感还行，靠背的角度可以随时调节，整体还行吧。
    
    
    
    
    


    
    
    
    


    





            

    性价比
        
            
            
        
        5
    
    
    目前优惠上面的确不多，综合下来才三万多点，额外有两次的保养，现在是工作需要，在单位里面上班不适合太高调，所以GT4成为了我的选择。
    
    
    
    
    


    
    
    
    


    





            
                

    配置
        
            
            
        
        5
    
    
    功能倒是挺多的，就是要一个个慢慢的摸索，车子的车机功能流畅度还行，滑动屏幕的过程手感好，有L2级别的辅助驾驶系统，开着挺好，语音交互准确度还挺高的，不过只是表面的沟通，太深层次的还是不太行。车载的导航路线规划的挺清楚的，出门在外导航我用的多。实时播放开起来也放心。
    
    




            

            



        "
老于藕粉,2023-07-13 首次发表,"
            
                
                    800km
                    
                    行驶里程
                
                
                    8.2L
                    百公里油耗
                
                
                
                
                
                
                
                
                
                
                
                

                
                
                    25.20万
                    裸车购买价
                
                
                    2023-06
                    购买时间
                
                
                    桂林
                    购买地点
                
            
            
    
        
            
        
        
            
        
        
            
        
        
            
        
        
            
        
        
            
        
        
            
        
    
    

    
        $(document).ready(function () {
            var koubeiid = 5050592;

        });

    


            
                最满意
                我最喜欢这车的地方是外观和内饰，外观很帅气看上去很时髦年轻，大灯设计的细细小小的看着很灵动，而且它的前脸有种低趴的俯视感，有种超跑的感受，还有它虽然只有四米六的车长，但车身侧面看上去很修长，配合那运动造型的轮毂，简直帅炸了，内饰也同样好看，采用的配色搭配很有金属感，坐上去机械感满满，就像坐进了法拉利的驾驶舱里一样，充满力量感，让人上了车就忍不住的抚摸它的方向盘。
            
            
                最不满意
                不满意的点就是空间，一开始我看了它有着四米几的车长以为空间会很大，但实际坐到上面去之后我才发现其实除了前排空间大点以外，后排是很小的，基本没啥腿部空间，身高稍微到一米七五以上的坐的就会觉得很难受，而且后排头部空间也很矮，我一米八的身高坐上后排都是要低头的。
            

            

    空间
        
            
            
        
        4
    
    
    空间对身高高的人不太友好，尤其是后排的头部空间小的可怜，一米八的坐上去不低头的情况下，头部是抵着车顶的，非常的难受，而且它后排放腿的位置空间也很小，如果前排座椅稍微再往后调节一点，腿是基本没地方放的。
    
    






                

    驾驶感受
        
            
            
        
        5
    
    
    用车刚满一个月，驾驶感受还是蛮好的，没有因为它是SUV会感觉到很笨重，开起来很灵动，它1.5T发动机配合9档手自一体变速箱有着211P马力，零到一百公里加速才8.9秒，起步给油的过程中响应的比较积极，提速表现也非常良好，偶尔想在市区或高速公路上超个车都是一件很轻松就能办到的事情，而且它的方向盘力度很轻打起来不费力气，有时候我开累了，让老婆开她也能驾驭的过来，另外指向也比较准，过弯操作起来很简单。
    
    






            

            




            

    油耗
        
            
            
        
        5
    
    
    百公里油耗不高，只用不到8升的油，对于我这种拿来上下班代步的人来说，每个月的用车成本还是蛮低的。
    
    





            
            

    外观
        
            
            
        
        5
    
    
    外观很帅气看上去很时髦年轻，大灯设计的细细小小的看着很灵动，而且它的前脸有种低趴的俯视感，有种超跑的感受，还有它虽然只有四米六的车长，但车身侧面看上去很修长，配合那运动造型的轮毂，简直帅炸了
    
    





            

    内饰
        
            
            
        
        5
    
    
    它的座椅我感觉坐着蛮舒服的，和我家里的沙发有的一拼，而且车内视野挺开阔的，没什么死角，另外空调制冷也挺好的，最近天气那么热的情况下，我开车出门在车里基本都感觉不到热。
    
    





            

    性价比
        
            
            
        
        5
    
    
    性价比还行，买它的话价格本来就不高，而且能体验到这么豪华的配置和充沛的动力，挺值得。
    
    





            
                

    配置
        
            
            
        
        5
    
    
    配置我还挺喜欢，车灯都是LED的，中控大屏有33寸那么大，而且采用的芯片是高通骁龙8155，我是挺满足的了。
    
    




            

            



        "
旧里迟暮pr9,2023-07-13 首次发表,"
            
                
                    1900km
                    
                    行驶里程
                
                
                    10.3L
                    百公里油耗
                
                
                
                
                
                
                
                
                
                
                
                

                
                
                    30.97万
                    裸车购买价
                
                
                    2023-06
                    购买时间
                
                
                    中山
                    购买地点
                
            
            
    
        
            
        
        
            
        
        
            
        
    
    

    
        $(document).ready(function () {
            var koubeiid = 5049688;

        });

    


            
                最满意
                说到我的旅行座驾我最满意的肯定是它的内部空间了，整体舒适性非常高，拥有超大的乘坐空间和储物容量，而且车内隔音很棒，搭配上录音棚级别的AKG音响，旅行途中不管到了哪里，只要把后排座椅一放就能轻松成为一张移动的大床，往上一躺听着轻松的音乐，美美的小憩一会，巴适得很～
            
            
                最不满意
                新车整体还没有不满意的地方，但订车时没有优惠，只能用早买早享受来安慰自己了。
            

            

    空间
        
            
            
        
        4
    
    
    作为我的旅行搭子，这辆车的空间无疑是我最心仪的地方了。整体乘坐空间非常充裕，坐下后手脚伸展自如，后排座椅放倒后就像一张移动的床，让我在午休时也多了一个放松的地方。关键是这辆车的后备箱容量确实挺大的，能满足我随时说走就走的愿望，而且还是电动尾门，开关取物都超便捷。
    
    






                

    驾驶感受
        
            
            
        
        5
    
    
    试驾时就对这辆车的操控持肯定态度，因为前后都配备了驻车雷达，而且还自带360°全景影像，大大的增加了我的驾驶信心。另外GT4搭载的是9AT的变速箱，换挡平顺丝滑，驾驶起来也有质感，所以不管是高速还是低速它都能为我保驾护航。
    
    
    
    
    


    






            

            




            

    油耗
        
            
            
        
        5
    
    
    入手也有2个星期了，天天都在开，跑过500公里的高速，油耗还行平均在8.3L/KM左右。目前车子的公里数是1900公里，平均油耗在10.3L/KM，这个油耗对于我来说是可以接受的。
    
    





            
            

    外观
        
            
            
        
        5
    
    
    车头设计有层次，盾牌中网给人有很强的力量感。而且直列式车灯也十分炫酷，每次解锁都充满科技感，再加上它流畅的车身腰线及19寸的独特轮毂造型，整个外观给人一种充满年轻及运动的气息。
    
    
    
    
    


    
    
    
    


    





            

    内饰
        
            
            
        
        5
    
    
    内饰用料不错，能摸到的地方基本都是软包。33英寸的环抱式屏幕及26色氛围灯给我营造了眼前一亮的视觉体验。整个车机使用起来我是十分满意的，中控台有无线充电功能，同时还支持无线CarPlay和语音控制等。
    
    





            

    性价比
        
            
            
        
        5
    
    
    旅行车来说，我觉得性价比确实挺棒的！空间和配置都符合我的预期，起码目前为止还没后悔选择它。
    
    





            
                

    配置
        
            
            
        
        5
    
    
    首先，整车安全配置很高，能大大的减轻了我的驾驶压力。其次，车内确实做了很大升级，尤其26色的氛围灯真的是我的爱，晚上可以通过心情来调节车内氛围灯的颜色。加上AKG音响的加持，下班回家听一首称心如意的歌曲，能得到身心的放松。
    
    




            

            



        "
拈花秋梓,2023-07-12 首次发表,"
            
                
                    370km
                    
                    行驶里程
                
                
                    8.5L
                    百公里油耗
                
                
                
                
                
                
                
                
                
                
                
                

                
                
                    27.97万
                    裸车购买价
                
                
                    2023-07
                    购买时间
                
                
                    石家庄
                    购买地点
                
            
            
    
        
            
        
        
            
        
        
            
        
        
            
        
        
            
        
        
            
        
    
    

    
        $(document).ready(function () {
            var koubeiid = 5048700;

        });

    


            
                最满意
                凯迪拉克GT4作为凯迪拉克这台轿跑SUV是真的挺好看，外形方面比较满意,当时第一眼就看上了这款车。比轿车高一点，但是比XT4小一点，感觉这个造型上面还是比较精致的，这个外观轿跑式的溜背车身设计真的喜欢，很有科技和豪华氛围感。还能支持智能语音交互系统，还是比较好用的。驾驶动力方面也特别好，2.0t 9at的动力总成，237马力和48v轻混系统，百公里加速在7.8秒，要动的有动力还省油，一脚下去有推背感特别好。
            
            
                最不满意
                这个车总的来说基本没啥问题，开起来还是比较让人省心的，问题少，操控简单，驾驶轻松。
            

            

    空间
        
            
            
        
        5
    
    
    车的空间我觉得做的挺宽松的，虽然说是一台紧凑型SUV，不过这个车子车长达到4米63多，而且车内的轴距也有2米8，设计还是非常合理的，后排的位置上面乘坐起来都比较宽裕，后备箱的容量足，平时足够满足出行使用。
    
    






                

    驾驶感受
        
            
            
        
        5
    
    
    车开起来挺好的，底盘悬架用的不错，开起来车比较稳，动力方面，发动机用的是一台2.0t的涡轮增压发动机，最大马力可以达到237匹，9at的变速箱匹配的都是挺好的，配置方面是比较高了，车开起来功能很多，使用起来也舒服。长途驾驶也不觉得累。
    
    






            

            




            

    油耗
        
            
            
        
        5
    
    
    车的油耗方面还算可以，不觉得费油，现在因为是新车也在磨合期阶段，目前的油耗方面维持还都挺好的，百公里油耗在8.5升左右。
    
    





            
            

    外观
        
            
            
        
        5
    
    
    凯迪拉克的外形就是非常有高辨识度，这个新款GT4的一个设计，就是看上去非常帅。众多车型中我独爱这个车，颜值又高，又霸气。这设计搭配尾灯效果充满了很大强烈的科技感，有气质的车灯非常吸晴。
    
    
    
    车身线条顺畅，肌肉饱满，看着结实，挺有安全感。
    


    





            

    内饰
        
            
            
        
        5
    
    
    内饰造型方面和外观一样，都是充满了高级感，质感方面比较好，还有沉稳的印象，看上去就是很上档次。
    
    
    
    座椅使用材质软硬适中，空间宽松，坐在上面轻松舒适。
    


    





            

    性价比
        
            
            
        
        5
    
    
    个人觉得性价比挺好的，各地的优惠政策不一样，优惠也不同。不过这款车的配置方面比较高，基本上别的车型的它都有，而且比做的也比他们的更好，谁让咱喜欢这个车呢。
    
    





            
                

    配置
        
            
            
        
        5
    
    
    买的是顶配，配置还是很全的，支持的功能非常多，安全系数方面也比较全面，在平时驾驶的中也得到很高的安全感，智联网功能系统用起来也很舒适。
    
    




            

            



        "
Elaine521,2023-07-10 首次发表,"
            
                
                    300km
                    
                    行驶里程
                
                
                    10.0L
                    百公里油耗
                
                
                
                
                
                
                
                
                
                
                
                

                
                
                    27.67万
                    裸车购买价
                
                
                    2023-06
                    购买时间
                
                
                    东营
                    购买地点
                
            
            
    
    

    
        $(document).ready(function () {
            var koubeiid = 5044504;

        });

    


            
                最满意
                GT4最让我满意的是它的内饰和它的33寸9k屏幕。
            
            
                最不满意
                因为提车周期比较短，除了后排空间小一些，目前没有其他不满意的地方。
            

            

    空间
        
            
            
        
        4
    
    
    我的身高182，在驾驶室的话空间是可以的，头顶有一个拳头的距离，不顶头，腿也不会伸不开，不过可能会影响到主驾驶后排的空间。后排的空间相对比较小一些，如果前排的人身材都比较宽大的话，后排还是会有点小拥挤的。储物空间GT4做的还是挺不错的，门上的门板储物格空间非常充足，扶手箱的深度很深，手套箱的深度可以，但是宽度差点。后备箱的容量是非常大的，装两个行李箱，在装一些杂七杂八的东西是可以的，并且他的后排可以放倒，可以更大的加大后备箱的容量。
    
    
        乘坐空间
        后排空间有一点小拥挤，前排如果个子大点就会影响后面
        
        
    
    
    
    


    
        后备厢容积
        后备箱容量可以，第二排座椅可以放倒增加容量
        
        
    
    
    
    


    
    
    
    


    
        车内储物能力
        储物空间很充足，扶手箱很深
        
        
    
    
    
    


    
    
    
    


    
    
    
    


    






                

    驾驶感受
        
            
            
        
        5
    
    
    驾驶感受总体还是不错的，日常以通勤为主，1.5T的发动机已经非常足够了，提速时感觉很好，很顺畅。方向盘的灵敏度和踏板的轻重都让人觉得非常舒适，开车不累。目前驾驶感受下来，没有觉得有搓顿感。
    
    






            

            




            

    油耗
        
            
            
        
        5
    
    
    我的用车城市在山东省东营市，平时用车以市区为主，油耗在10个油左右，有时候堵车的话会更高一些。总体来说，我觉得油耗还是可以接受的。
    
    





            
            

    外观
        
            
            
        
        5
    
    
    这款GT4的外观，我觉得是很好看的，给人的感觉是干练的，年轻的，充满活力的，这也是我当初选择这款车的原因之一。特别是这个曼哈顿的配色，给人一种高级感，这个配色也是一开始很吸引我的一个点。
    
    
    
    
    


    
    
    
    


    
    
    
    


    





            

    内饰
        
            
            
        
        5
    
    
    如果说GT4的外观让我愿意打开车门进去试一试，那么GT4的内饰就是让我想把它据为己有的原因所在。我第一次坐进驾驶室的时候，就被这个内饰深深的吸引了，跟GT4的宣传一样，环抱式的豪华游艇设计，扑面而来的豪华感。我选择的是银河星云的内饰，这个配色我感觉真的是将整个车的逼格拉满了，豪华又年轻。座椅用料是高级环保皮革，做工很精致并且没有异味。像其他的座椅通风加热，空调制冷效果我觉得都是深得我心的，很好用。
    
    
        内饰用料
        内饰用的环保皮革，做工很精致
        
        
    
    
    
    


    
    
    
    


    
    
    
    


    
        座椅加热
        座椅加热通风都有三节调档
        
        
    
    
    
    


    





            

    性价比
        
            
            
        
        5
    
    
    GT4的综合性价比我认为是非常高的，它的内饰我感觉真的好过很多同级别车，个人认为非常值得。
    
    





            
                

    配置
        
            
            
        
        5
    
    
    它的配置是比较全面的，车机的流畅度很高，使用下来没有卡顿的情况，并且功能比较丰富。语音交互的准确性很高，都是实时的没有卡顿的反馈给我，体验非常好。
    
    
        车机功能及流畅度
        屏幕是33寸9k屏幕，流畅度非常好
        
    
        

        0% buffered00:00播放暂停00:00/00:08倍速2x1.5x1.25x1x0.75x0.5x高清高清全屏切换50%75%100%满屏00:00汽车之家视频播放器  之家首页  复制链接  版本号 : 2.5.32

  
    
      
        
        
          
        
        
          
        
        
      
    
  


    
    

        
    
    
    
    


    
    
    
    


    
    
    
    


    
        语音交互准确度
        语音交互很流畅，反应也很迅速
        
    
        

        0% buffered00:00播放暂停00:00/00:14倍速2x1.5x1.25x1x0.75x0.5x高清高清全屏切换50%75%100%满屏00:00汽车之家视频播放器  之家首页  复制链接  版本号 : 2.5.32

  
    
      
        
        
          
        
        
          
        
        
      
    
  


    
    

        
    




            

            



        "
温柔的月亮7141,2023-07-09 首次发表,"
            
                
                    189km
                    
                    行驶里程
                
                
                    9.4L
                    百公里油耗
                
                
                
                
                
                
                
                
                
                
                
                

                
                
                    25.00万
                    裸车购买价
                
                
                    2023-06
                    购买时间
                
                
                    上饶
                    购买地点
                
            
            
    
        
            
        
    
    

    
        $(document).ready(function () {
            var koubeiid = 5042776;

        });

    


            
                最满意
                我是一个外观主义者，最吸引我的当然就是它个性化的外观了，路面上好多车主外观都长得差不多，看起来没啥感觉，大马路上都是奔驰宝马的天下，凯迪拉克比较小众一点，对于女生来说开起来比较顺手，侧方停车和倒车入库拿捏的稳稳的。
            
            
                最不满意
                不满意的话，车内味道比较重，特别现在天气热空调开开味道特别重，提车的时候让店里给我做了车内甲醛净化，然后我自己也放了几个炭包，味道还是有一些的，其次就是车内的储物空间蛮小的，女生嘛，比较乱七八糟杂物多，这边丢那边丢，所以要求还是有一些的
            

            

    空间
        
            
            
        
        4
    
    
    车内空间还行的，驾驶位，我坐着一点也不拥挤，后排的话还是有一些拥挤，和朋友出去玩的时候特别是男性，个子高一些坐着后面会不舒服，其次储物空间有点少，没太多地方可以放东西，主要也比较会乱丢东西。
    
    
    
    
    


    






                

    驾驶感受
        
            
            
        
        5
    
    
    这东西就是一百人心中有一百个哈姆雷特，我的使用感受就是对我个人来说动力很足够，天天上班路高架上塞车都快哭了，天天要迟到的节奏，你想开车跑快的怎么可能，驾驶感受对我来说就是享受二字，很舒适，稍微一踩油门它就窜出去，刚开始开着有点慌，你们应该懂女司机的感受
    
    






            

            




            

    油耗
        
            
            
        
        5
    
    
    一箱油可以开大半个月，因为公司和家有段距离，不然也不会买车，有了车便利性的确高了很多，再也不用早起赶公交，风吹日晒的，上个月邮费将近花了400多，省时省力，超级值得，女孩子还是要坐在驾驶室上掌握着方向盘，听别人说，开多了，磨合期过了，油耗会低一些，希望是这样。
    
    





            
            

    外观
        
            
            
        
        5
    
    
    外观是我最喜欢的一点了，真的太爱啦，第一眼就让我铭记在心，流畅的车身线条Led大卡姿兰眼睛，整个车全都是亮点，都是我喜欢的车类型了，完全长在了姐的审美上
    
    
    
    
    


    
    
    
    


    





            

    内饰
        
            
            
        
        5
    
    
    黑色的座椅看太多了有点麻木，又不想要很高调的颜色，奇奇怪怪的，也容易审美疲劳，之后就选择了米色的内饰，在太阳光底下车身颜色很明显，赚了赚了
    
    
    
    
    


    





            

    性价比
        
            
            
        
        5
    
    
    凯迪的口碑还是很不错的，据说其他豪华品牌后期维修保养很贵，凯迪我在百度看了下比较人性，主要店里有熟人，应该也不会太坑我，性价比还不错吧，虽然车子不贵，还是比较值的，做工方面比较良心
    
    





            
                

    配置
        
            
            
        
        5
    
    
    超级超级喜欢躺在后排看天空，它的天窗设计的太好了，下面是我随意拍到的，也有看到过晚上的星星，真的太人性方便了，点赞，还有车子的空调制冷效果也很赞，夏天进到车内开起空调很快就能凉下来。赞赞赞
    
    
    
    
    


    
    
    
    


    




            

            



        "
GT4小黑胖子,2023-07-07 首次发表,"
            
                
                    94km
                    
                    行驶里程
                
                
                    7.3L
                    百公里油耗
                
                
                
                
                
                
                
                
                
                
                
                

                
                
                    22.00万
                    裸车购买价
                
                
                    2023-06
                    购买时间
                
                
                    宁波
                    购买地点
                
            
            
    
    

    
        $(document).ready(function () {
            var koubeiid = 5040375;

        });

    


            
                最满意
                最喜欢GT4的颜值，是老婆喜欢的车。这是我的第一辆车，因为我是新手所以选车的时候首选要点就是要操控好，家里人有好几个是凯迪拉克的车主，我也是被安利到了。家里人都说凯迪拉克操控好，开得很舒服，现在把GT4提回家了，我也很认可凯迪拉克的操控。我是我们地区提凯迪拉克GT4的首位车主，开在街上是相当的拉风。虽然有家人安利，但是最开始也是货比了多家，毕竟也是一笔不小的支出。当时看了比亚迪汉、福特蒙迪欧、以及丰田比较热门款的车子，也是犹豫着没有下手，可能是和这些车缘分比较浅，买车还是要买能让自己心动的。在抖音看到GT4的推广的时候，我觉得，就是它了，周末的时候和老婆到店里看了现车，老婆非常喜欢，在宁波国际车展的时候直接火速下定了。我不是一个肤浅的人，看车不仅仅是看外观，但帅气拉风的外观确实是一个让我不能拒绝的大点。
            
            
                最不满意
                提车一个礼拜，还没有什么太大的感受。唯一让我不太满意的就是行车记录仪的问题。在网上，在论坛上，我找了很久，发现没有可以完全适配GT4的行车记录仪。我也问了4S点的售后人员，小伙说现在确实厂家还没有出原厂的，也是因为这是一款全新的车的原因吧。但是行车记录仪确实蛮重要的，再加上我是新手，刻不容缓啊。其它的行车记录仪方案就是走明线，我不太喜欢走明线，希望厂家赶紧出适配的行车记录仪。
            

            

    空间
        
            
            
        
        4
    
    
    GT4的空间不大，但对我来说是非常够用的，我不需要很大的空间。选择它的通过性好操控容易的时候就已经考虑到它的空间了。平常就我和我老婆，家里人身材都很匀称就算坐后排也不会特别拥挤。
    
    
    
    
    


    
    
    
    


    
    
    
    


    






                

    驾驶感受
        
            
            
        
        5
    
    
    买的是1.5t豪华版，因为我对动力的要求不是特别特别高，车子是很稳的，开了一礼拜的时间了，觉得非常的好开，灵巧便捷，很精致的车，座椅很舒服，早就听闻是美式大沙发，支撑性很好，长时间开车不会觉得累，开车不会感到不舒服，座椅乘坐超舒适。
    
    
    
    
    


    
    
    
    


    






            

            




            

    油耗
        
            
            
        
        5
    
    
    油耗是7.29l百公里，上下班会有点堵，平常还可以。和同事同级别的大众小轿车差不多，平时开的不是非常暴力，我觉得GT4能有这个油耗不高了，按这样下去应该在首保后会更低，直接打破了凯迪拉克油耗高的认知。所以车子怎么样还是要自己提了才知道，现在晚上太多云评车的人了。
    
    
    
    
    


    





            
            

    外观
        
            
            
        
        5
    
    
    外观很时尚，时髦年轻，很有力量感，小钢炮的赶脚。4S店的展车是红的，我觉得有点过于绚丽了，最开始定的是白车，但是我选的是豪华的配置，买白车的话人家会以为是低配车，钱还是要花到让别人看得到的地方，最后在白色、蓝色、黑色之间选择了黑色，又因为4S店只有黑色的豪华现车。其实黑色不错，我和我老婆开都适合，后期改色或者小改也很合适。GT4的车身线条流畅，双腰线设计，让车辆看起来更加动感。车顶采用了跨界风格的设计，让车辆看起来更加年轻时尚。GT4的车尾设计非常简洁大方，尾灯造型独特，辨识度很高，一看就知道是凯迪拉克。尾部的排气是双边双出的设计，让车辆看起来更加运动。
    
    
    
    
    


    
    
    
    


    
    
    
    


    





            

    内饰
        
            
            
        
        5
    
    
    黑外的内饰是蓝色的，我比较喜欢，动感值上去了，到时候还可以配个蓝色的卡钳，内外呼应，从内帅到外。因为是皮质的，打理起来也会比较方便，一擦就好了。中控的大连屏应该是新一波的设计，我看新的CT6也是大连屏，以及新出的XT4也是大连屏，应该是新家族式设计了。整体看起来使用起来都很厚道。内饰也是我老婆喜欢的，游艇环抱式的设计，内外兼修。驾驶的时候很得劲。
    
    
    
    
    


    
    
    
    


    
    
    
    


    





            

    性价比
        
            
            
        
        5
    
    
    性价比是不错的，虽然说凯迪拉克的车子都是直降很多个W的，现在买应该是性价比不太高的一批，落地已经到24万多了。但是我已经想好了，我这是为了热爱买单，希望GT4不会让我失望。这是我人生的第一辆车，再加之暑期有用车计划，所以也不存在纠结性价比的问题了。总体是符合我的要求的，比同级别的BBA配置高的不是一点半点，却又不失豪华感。开凯迪拉克的人都比较有品味，个性独立，不随大流。
    
    





            
                

    配置
        
            
            
        
        5
    
    
    豪华的配置不低了，唯一就是行车记录仪的问题。其实豪华的配置已经很够用了，因为4S店只有黑色的豪华现车，豪华没有360和座椅通风，比较遗憾，对新手来说360比较重要，但GT4操控比较好，有倒车影像也差不多了。晚上开车有氛围灯会很不一样，很有氛围感。车机交互非常智能，智能语音，很流畅，基本上它都可以完成指令，开窗、开空调什么的，非常好用，让我在驾驶中不用分心。只要说你好凯迪拉克就好了。值得一提的是轮胎，是自密封轮胎，会自己修复破损的地方，不会在紧急时刻趴下。提车到现在对GT4的喜欢不减。
    
    
    
    
    


    
    
    
    


    
    
    
    


    




            

            



        "
台州车友1705173,2023-07-06 首次发表,"
            
                
                    421km
                    
                    行驶里程
                
                
                    9.2L
                    百公里油耗
                
                
                
                
                
                
                
                
                
                
                
                

                
                
                    23.50万
                    裸车购买价
                
                
                    2023-06
                    购买时间
                
                
                    宁波
                    购买地点
                
            
            
    
        
            
        
    
    

    
        $(document).ready(function () {
            var koubeiid = 5038604;

        });

    


            
                最满意
                对于小女生来说，应该都不喜欢一台又大又长的车车。前段时间，买车日程提了上来，在网上看了很多车型，最终选定了奥迪A3的那款两厢车和凯迪拉克GT4，对比过后，直接选了GT4，讲真，这个车女生看到都会喜欢吧，轿跑风格的车型外观，时尚大气，大小适中的空间，科技感满满的配置，豪华大气的内饰，真的是惊艳到我了，这就是我想买的车车。家人也是同意了我的选择。我相信自己的眼光。
            
            
                最不满意
                新车刚买没多久，稍微有点味道，我想这个也是正常的吧，销售顾问说通通风就好了，其他我都挺满意的呢。
            

            

    空间
        
            
            
        
        4
    
    
    这个车子本身定位就是紧凑型的轿跑SUV，空间这块只能说刚刚好，当然，这个空间对我这个小女生来讲，非常的不错，平时够用，储物空间比较多，后备箱也挺宽挺大，后排稍微小了点，不过目前就我一个人开，估计还得开好多年，这个空间对我来说足够了。
    
    
    
    
    


    






                

    驾驶感受
        
            
            
        
        5
    
    
    车子的动力是1.5T的，对于不追求动力的小女生来说，这个动力是足够的，车子的整体驾驶感受很好，给油就走，底盘稳稳的，开颠簸路段也不会有太大的感觉，虽然是1.5T的动力，但是推背感很强。
    
    






            

            




            

    油耗
        
            
            
        
        5
    
    
    油耗，目前开下来是9.2个左右，我个人认为这个油耗还是可以接受的，目前车子还是新车，还在磨合期，家人说过段时间油耗可能会更低。
    
    





            
            

    外观
        
            
            
        
        5
    
    
    车子的外观，时髦年轻，特别适合我这样的女孩子开，前脸设计也是家族式的，直列式的车灯，跟凯迪拉克其他车型一样，开出去很有辨识度。运动风的设计，加上这是一款轿跑车型，真的很爱。
    
    
    
    
    


    
    
    
    


    
    
    
    


    





            

    内饰
        
            
            
        
        5
    
    
    内饰设计没的说，走线是红色的，连安全带都是红色的，非常的运动。环抱式豪华游艇内饰，用料扎实，33英寸超视网膜屏，9k的分辨率，视觉冲击感特别好，26色的设计师甄选氛围灯，又让内饰充满了浪漫气息 。
    
    
    
    
    


    





            

    性价比
        
            
            
        
        5
    
    
    整体来讲，我觉得凯迪拉克GT的这款车子，性价比很高，不仅外观好看，而且动力科技感也是非常的出色，适中的价格买到了豪华配置的车，爱了爱了。
    
    





            
                

    配置
        
            
            
        
        5
    
    
    车子的整体配置很高，像360全景影像，无线carpay一键启动，无钥匙进入，双驱空调，座椅通风加热，AKG高保真音响等功能都很好的满足了我的一个日常用车需求。
    
    
    
    
    


    
    
    
    


    




            

            



        "
aq4d9apz6p3,2023-07-05 首次发表,"
            
                
                    408km
                    
                    行驶里程
                
                
                    8.6L
                    百公里油耗
                
                
                
                
                
                
                
                
                
                
                
                

                
                
                    25.60万
                    裸车购买价
                
                
                    2023-06
                    购买时间
                
                
                    上海
                    购买地点
                
            
            
    
        
            
        
    
    

    
        $(document).ready(function () {
            var koubeiid = 5036712;

        });

    


            
                最满意
                最满意的地方就是这款车的颜值啦，不管是外观还是内饰，颜值都很棒，非常符合现代年轻人的审美。犀利的大灯设计很亮眼呀，溜背设计也很帅。特别是内饰，哇塞，看起来真是太豪华了，颠覆了我对凯迪拉克以往内饰的认知。
            
            
                最不满意
                也没有什么最不满意的地方，个人感觉空间不够大吧，不过这款车的定位也不是大型SUV。平时家里也就两个人坐，前排完全OK。
            

            

    空间
        
            
            
        
        4
    
    
    整体的空间不是很大，但家用还是足够的。前排空间完全OK伸缩自如，后排空间可能有一点不足，不过储物空间还是可以的。特别是后备箱，掀背式的设计很帅哟，后排也能放到，能放很多东西了，家用完全够够的。
    
    
    
    
    


    
    
    
    


    






                

    驾驶感受
        
            
            
        
        5
    
    
    车子开起来感觉还是很不错的，1.5T的发动机，对于家用车来说动力还是不错的，搭载的9AT变速箱，也没什么顿挫感，底盘也很稳，长时间开车也不会很疲劳。而且座椅的包裹性也很好，皮质很柔软，就像坐在沙发上开车一样。
    
    
    
    
    


    
    
    
    


    






            

            




            

    油耗
        
            
            
        
        5
    
    
    油耗方面倒是不错，新车上路磨合期综合大概在8个油左右。和路况也有关系，平时城区拥堵也比较厉害。感觉凯迪拉克也不是很费油了，哈哈
    
    
    
    
    


    





            
            

    外观
        
            
            
        
        5
    
    
    GT4的外观设计很不错，很符合现代年轻人的审美。和路上其他车不一样的是它的大灯了，直列式的闪电灯、眼神非常犀利，辨识度很高，当初一眼就被它的眼神吸引了。车身的造型也很流线，还有它的大溜背造型，很有一种城市轿跑的感觉，爱了爱了。虽然车子不大，但是很有气场。
    
    
    
    
    


    
    
    
    


    
    
    
    


    





            

    内饰
        
            
            
        
        5
    
    
    这款车的内饰设计真的是很棒呀，一改以往的黑色内饰，采用的都是白色的皮质，整体看上去清清爽爽，中控也采用了全新的33寸的大连屏。而且缝线很精致，很多细节方面都处理的很到位。这点还是很不错的，不像有的品牌满满的塑料感。整体下来满满的豪华感和科技感，帅就完了。
    
    
    
    
    


    





            

    性价比
        
            
            
        
        5
    
    
    凯迪拉克的车子性价比还是不错的，虽然新车没什么优惠，但是综合车型配置来看，该有的都有非常齐全，个人感觉还是不错的。
    
    
    
    
    


    





            
                

    配置
        
            
            
        
        5
    
    
    这款车的配置，我个人开下来感觉非常不错了，科技感满满呀。33寸环幕式的大屏幕，9K的分辨率，画面看上去非常清晰。AKG的音响，音质非常棒，感觉像在录音棚现场听歌。还有26色的氛围灯，配上这个白色的内饰，车内氛围感拉满。智能语音也很好用，日常用车操作起来很方便，用嘴说就可以了，懒人必备啊。座椅通风加热，夏天冬天开车很实用。还有很多安全配置，像360度全景影像，自密封轮胎，安全辅助功能等，总之就是，好用！实用！方便！
    
    
    
    
    


    
    
    
    


    




            

            



        "
穿背心男士,2023-07-02 首次发表,"
            
                
                    409km
                    
                    行驶里程
                
                
                    7.8L
                    百公里油耗
                
                
                
                
                
                
                
                
                
                
                
                

                
                
                    24.60万
                    裸车购买价
                
                
                    2023-06
                    购买时间
                
                
                    广州
                    购买地点
                
            
            
    
        
            
        
    
    

    
        $(document).ready(function () {
            var koubeiid = 5034335;

        });

    


            
                最满意
                我最满意的就是GT4的外观设计了，全新的凯迪拉克GT4采用了凯迪拉克最新的家族化设计语言，大面积的格栅设计，两侧狭长的直列式大灯设计，让整个前脸冲击力十足。顶部的用了悬浮式的车顶设计，还是贯穿的线条。尾部的双边四出排气看上去也十分运动。GT4整体造型看上去很运动和时尚，非常有肌肉感，一下子就深入我心。
            
            
                最不满意
                没有什么不满意的，就是空间不够大吧，不过GT4的定位也不是大型SUV，所以我对它的要求并没有太高。
            

            

    空间
        
            
            
        
        4
    
    
    我自己测试出来的空间我觉得是够我日常用的，我身高179，坐前排有差不多两个拳头，这是SUV的平均水平。在后排腿部空间有1个拳头和4个手指，头部有4个手指。整体来说表现基本上和紧凑型轿车差不多吧。
    
    
    
    
    


    
    
    
    


    






                

    驾驶感受
        
            
            
        
        5
    
    
    我这台是GT4尊贵型，用的是1.5T加上9AT动力总成，这套组合还是比较成熟的，所以平顺性不错，换挡速度稍档慢一点点，但整体驾驶质感是很不错的，动力对我来说也够用了。要是觉得1.5t不够动力的车友们，GT4这台车还有个2.0t的配置，不过是顶配才有。
    
    
    
    
    


    






            

            




            

    油耗
        
            
            
        
        5
    
    
    目前油耗在每百公里7.8升左右吧，刚提车这个油耗也不准，要过一段时间等我上下班一个月估计就准确了。
    
    





            
            

    外观
        
            
            
        
        5
    
    
    GT4的外观也用上了最新的凯迪拉克家族式设计，辨识度还是很高的，前脸是我最喜欢的地方了，这个直列式大灯是怎么看都不会腻。C柱上还有专属的名称标识，细节很丰富。尾部的双边四出排气也大气十足。整体运动的同时也不失豪华感。
    
    
    
    
    


    
    
    
    


    
    
    
    


    





            

    内饰
        
            
            
        
        5
    
    
    凯迪拉克GT4用了凯迪拉克最新的豪华智舱设计，坐在车里能感受到慢慢的科技未来感，怀档+水晶旋钮的设计也是非常棒。
    
    
    
    
    


    
    
    
    


    
    
    
    


    





            

    性价比
        
            
            
        
        5
    
    
    综合来说性价比还是不错的，最为一台跨界SUV来说，我还是比较满意的。最让我觉得值得的地方还是凯迪拉克的售后，感觉养车就非常的省心，不需要操心车子的同时养车成本也不高，这点我觉得对于我来说很友好。
    
    
    
    
    


    





            
                

    配置
        
            
            
        
        5
    
    
    整车的配置我觉得是诚意满满的，也用上了最新的豪华智舱设计，拥有33英寸9k分辨率的超大屏幕，还用上了8155的芯片，科技上我觉得非常满足。还有音响也非常棒，车里我数了一下还有15颗AKG的音响！
    
    
    
    
    


    
    
    
    


    
    
    
    


    




            

            



        "
成都车友7032026,2023-06-15 首次发表,"
            
                
                    20km
                    
                    行驶里程
                
                
                    10.0L
                    百公里油耗
                
                
                
                
                
                
                
                
                
                
                
                

                
                
                    22.00万
                    裸车购买价
                
                
                    2023-06
                    购买时间
                
                
                    成都
                    购买地点
                
            
            
    
    

    
        $(document).ready(function () {
            var koubeiid = 5009182;

        });

    


            
                最满意
                从看车到订车只用了5天，说实话颜值真的太高。空间操控都非常合适，没有这么夸张后排做起不舒服。轻轻松松坐下175。内饰也超级好看，大连屏，氛围灯直接给大家安排到位。操控这方面就是很灵敏，马力的话跑城市道路我感觉还是绰绰有余。我平时后面还要做人，朋友这些做后面还是有空隙，朋友们看到了都说帅哈。哈哈哈😆，对了，还有兄弟们欢心的版本，我是gt4豪华落地下来25万多，是所有费用哈。总之大家买车嘛就图自己一个喜欢嘛。
            
            
                最不满意
                没有什么不满意，服务什么都很好。售后和售前服务都是很nice
            

            

    空间
        
            
            
        
        5
    
    
    我的这台车一般最多的时候就坐四个人，所以车里的空间我个人还是比较满意的。后备箱的空间不算大，但日常使用也是够的。而且这个车一般都是我一个人在开，后排基本上就能当做是一个超大的储物空间，衣服，包包什么的放在后排拿取也非常的方便。我也比较满意凯迪拉克GT4的储物空间，手机零钱存放都很方便。我比较喜欢杯架的设计，放水杯或者矿泉水的同时还可以放手机，对于这台车的空间表现，我个人还是非常满意的。
    
    
    
    
    


    
    
    
    


    
    
    
    


    
        ☆ 空间设计亮点
        空间设计很合理
        
        
    






                

    驾驶感受
        
            
            
        
        5
    
    
    我的这台GT4是豪华型，搭载的是一台1.5t的发动机，用的是9AT的变速箱，这一点我觉得很不错，其它竞品车型还在用双离合变速箱呢。这个1.5的涡轮增压发动机最大211马力，最大功率155kw，这个动力参数是非常不错的，并且有48V轻混系统的加持，特别是在车辆起步阶段，我个人感觉还是非常舒服的动力很充足。提车后我在三环路上跑了一段，加速表现我很满意。小排量涡轮增压发动机加上9AT变速箱以及48V轻混系统，能够给到一个非常不错的燃油经济性。48V轻混系统的加入，整个车辆在起步阶段的静音好了很多，感觉非常的舒服。其次在拥堵路段表现也是非常棒的，车辆少了一些顿挫感，感觉非常的顺畅。
    
    
    
    
    


    
    
    
    


    
        开空调/满载加速
        动力还是比较适合。
        
        
    






            

            




            

    油耗
        
            
            
        
        5
    
    
    我这个车目前才提车，实际的油耗变现没有准确的数据，但是我相信1.5t涡轮增压发动机加上48V轻混系统和9at的这个动力组合，它应该是比较省油的。厂家公布的油耗数据是百公里6.8L左右，我觉得应该是差不太多的。而且我认为油耗表现跟个人的驾驶习惯有非常大的关联，自认为我的驾驶技术还是比较过关的，我相信我的实际驾驶油耗不会比厂家公布的高很多，如果跑长途的话，我相信我能跑的比厂家公布的数据还要低不少。
    
    
    
    
    


    





            
            

    外观
        
            
            
        
        5
    
    
    第一眼看到凯迪拉克GT4这款车我就被深深的吸引了，有那么一种一见钟情的感觉。人都是感性的动物，视觉上的喜欢才会激发你进一步的去了解他。凯迪拉克gt4的前脸分体式大灯，我是特别喜欢的。细长的大灯造型给我的感觉非常的犀利。还有就是整个车身的造型我特别喜欢这种先背式的车尾设计有别于传统的SUV。他有更强的运动感，我认为很多人都难以抵挡凯迪拉克GT4的诱惑。而且车身线条非常的漂亮，我觉得有那种美式豪华肌肉车的感觉，是我喜欢的款式。豪华版的轮毂造型也是我特别喜欢的，我比较喜欢这样的运动感十足的轮毂，相信很多年轻的消费者也跟我一样。始于颜值，忠于颜值，我对凯迪拉克gt4的爱也是这样。感觉就是对上了眼，所以我也就迅速的订车提车。
    
    
    
    
    


    
    
    
    


    
    
    
    


    





            

    内饰
        
            
            
        
        5
    
    
    关于内饰部分，我觉得他的科技感非常的强，33英寸的弧形设计的超级大的屏幕，拥有9k的分辨率，光是这个数据听起来就感觉特别厉害。坐在驾驶座上，就有一种坐在巨幅银幕前的感觉。前排中央扶手上的旋钮我觉得非常的精致，有一种画龙点睛的感觉，旁边是两个杯架，放水杯或者手机都非常的方便。并且中央扶手采用这种悬浮式的设计，给我的感觉特别有仪式感和科技感。车内很多地方都用皮料进行了覆盖，并且上面的防线非常的精致，给我的档次感非常高。凯迪拉克GT4的座椅我觉得坐上去非常的舒服，支撑和软硬程度都非常合适。特别是腰部的包裹，做得非常到位。然后就是车门内拉手的设计非常的个性，和传统的设计都不太一样，这一点我也特别的喜欢。然后是电子档的设计，操作起来非常的方便，而且能而且能够给前排的中央扶手留出更大的空间。
    
    
    
    
    


    
    
    
    


    





            

    性价比
        
            
            
        
        5
    
    
    众所周知，新车的优惠不会特别大，但是凯迪拉克GT4的优惠是在我能够接受的范围内，我觉得还是不错，本着早买早享受的态度，我觉得这个价格还是非常不错的，要不我也不会把它买下来，对不对。并且凯迪拉克在豪华品牌中的性价比是非常高的。相比奔驰，宝马，奥迪，凯迪拉克的性价比是会高很多，但如果和自主品牌相比，就会稍微的差一点。不过总体来说我还是非常满意凯迪拉克gt4的性价比。毕竟是新车，开出去回头率非常高，带来的满足感是非常不错的。
    
    
    
    
    


    





            
                

    配置
        
            
            
        
        5
    
    
    凯迪拉克的车型一向是比较宠消费者，很多其他豪华品牌上面需要选装的配置，凯迪拉克都给它标配上了，就拿这台凯迪拉克GT4来说33英寸的9k大屏、9AT变速箱、48V轻混系统、胎压显示、多种驾驶模式、全速自适应巡航、LED光源的远近光灯、可开启的全景天窗，前排座椅的通风加热这些非常实用或者极具科技感的功能配置都有配备。凯迪拉克GT4搭载高通骁龙的8155芯片，让整个车机的信息处理能力和反应灵敏度都非常高，特别是中控屏幕和语音控制功能都特别灵敏和智能。我非常喜欢。凯迪拉克GT4的语音控制功能反应速度非常快，体验感非常不错。
    
    
    
    
    


    
    
    
    


    




            

            



        "
斜眼看天下卫,2023-08-28 首次发表,"
            
                
                    4256km
                    
                    行驶里程
                
                
                    8.6L
                    百公里油耗
                
                
                
                
                
                
                
                
                
                
                
                

                
                
                    24.10万
                    裸车购买价
                
                
                    2023-06
                    购买时间
                
                
                    杭州
                    购买地点
                
            
            
    
    

    
        $(document).ready(function () {
            var koubeiid = 5124199;

        });

    


            
                最满意
                我很喜欢这款车整体的框架，从外观到内饰都有戳到我的地方，外观的漆面反光显得很有线条感，内饰的高档设计加上顶级的隔噪音响，坐在里面真的很惬意
            
            
                最不满意
                当时价格不是很满意，价格没优惠到哪里去，那是就有点犹豫，不过实在架不住这车给我的感觉太好了，隔天就下了单
            

            

    空间
        
            
            
        
        4
    
    
    日常都只有对象坐在副驾，她平时就喜欢把座椅向下调节到半躺的坐姿在我车里吃吃小零食，看看电视剧，前座的空间可活动空间还是蛮大的，后座就没有前座开阔了，不过坐人是没问题的前腿的空间很宽裕
    
    






                

    驾驶感受
        
            
            
        
        5
    
    
    操作起来很舒服，过道摆动方向盘也没感到卡顿，使用起来给我的感觉就是轻，换挡拨片用起来也是越来越得心应手，1.5t的动力开起来也是非常的平稳，下雨天也不会出现把持不住的情况发生
    
    






            

            




            

    油耗
        
            
            
        
        5
    
    
    现在处于平稳的状态，刚好是能控制的住，油耗方面真的比传统的美式SUV来的省
    
    





            
            

    外观
        
            
            
        
        5
    
    
    车整体看上去还是蛮时髦的，特别符合我的审美，漆面的反光突出了整体的轮廓感，平扁的车头搭配上相互映衬的LED大灯和尾灯使车的美感更上一层楼
    
    
    
    
    


    





            

    内饰
        
            
            
        
        5
    
    
    内饰的环境很惬意，AKG的音响给我了很大的寄托，只要车里播放着音乐就几乎听不见外界的声音，主、副驾12向电座椅还带有自动加热，可根据习惯调节任何坐姿都非常的舒服，平常盯着大连屏看看电视剧也不是种享受
    
    
    
    
    


    
    
    
    


    
    
    
    


    





            

    性价比
        
            
            
        
        5
    
    
    当时给我的价格优惠力度不是很大，不过送了我几张保养券，后期去保养时接待的态度可以给个满分
    
    





            
                

    配置
        
            
            
        
        5
    
    
    用了这么久，我印象最实用的就是那33英寸的大连屏了，画面很清晰，在想使用任何功能时，只要说：你好，凯迪拉克，就会立马回应我的要求，倒车影像用起来很方便，在也不用担心会磕到车了，以前开Toyota时就因为这个招了罪
    
    
    
    
    


    




            

            



        "
806332569,2023-08-06 首次发表,"
            
                
                    300km
                    
                    行驶里程
                
                
                    9.0L
                    百公里油耗
                
                
                
                
                
                
                
                
                
                
                
                

                
                
                    23.30万
                    裸车购买价
                
                
                    2023-07
                    购买时间
                
                
                    赣州
                    购买地点
                
            
            
    
        
            
        
    
    

    
        $(document).ready(function () {
            var koubeiid = 5087680;

        });

    


            
                最满意
                最满意的当然是GT4的外观，车身线条流畅，颜值高，钻石切割工艺，溜背车身，没有哪一处是不爱的。
            
            
                最不满意
                最不满意的地方其实也没有特别不满的，就是空间稍微小一点，但是也不碍事，日常通勤，接送小孩足够用了。
            

            

    空间
        
            
            
        
        4
    
    
    GT4前排空间很宽敞，不管是头部空间还是腿部空间，都没有任何的压迫感，就后排腿部空间能再宽敞一点就好了
    
    






                

    驾驶感受
        
            
            
        
        5
    
    
    1.5T的动力完全满足日常出行的动力，方向盘很轻，比较好操控，起步提速也不错，在颠簸路面行驶，乘坐舒适度也很好，不会有太大的感觉，所以整体的驾驶感受我还是满意的。
    
    
    
    
    


    






            

            




            

    油耗
        
            
            
        
        4
    
    
    我日常出行就是在上下班通勤使用，所以油耗综合在9个左右，对于我来说，我觉得不会太高，刚好合适，还没上过高速，不知道怎么样。
    
    





            
            

    外观
        
            
            
        
        5
    
    
    对于女生来说，颜值即正义，GT4真的狠狠抓住了我的审美，太爱了，当时进店一眼就看中的激动，到现在还是无法忘怀，所以第一眼就喜欢的东西，很难让人不再次心动呢
    
    
    
    
    


    





            

    内饰
        
            
            
        
        5
    
    
    凯迪拉克全新升级的内饰真的太会了，超大双连屏，可以追剧还可以给小朋友讲故事，再加上AKG扬声器，我平时开车喜欢听歌，有了这个堪比录影棚的影响，开车也是一种享受，音质真的超好，下班都更快了
    
    





            

    性价比
        
            
            
        
        5
    
    
    性价比当然不用说啦，价格符合我的预期，我对这辆车很满意啦！
    
    





            
                

    配置
        
            
            
        
        5
    
    
    大屏的智能语音功能很强大，真的做到了安心开车，解放双手，可以语音操控空调温度，天窗，车窗，氛围灯，还可以自定义自己需要的模式，再加上配置上也很贴心，像夏天，座椅有通风功能，日常出行有自适应巡航，自动驻车，倒车雷达都很好用
    
    




            

            



        "
gt4忠实客户,2023-08-03 首次发表,"
            
                
                    216km
                    
                    行驶里程
                
                
                    9.5L
                    百公里油耗
                
                
                
                
                
                
                
                
                
                
                
                

                
                
                    26.40万
                    裸车购买价
                
                
                    2023-07
                    购买时间
                
                
                    武汉
                    购买地点
                
            
            
    
    

    
        $(document).ready(function () {
            var koubeiid = 5084116;

        });

    


            
                最满意
                最满意的无非是他的外观，流线型完全与之前的设计完全不一样，是凯迪拉克一个非常大胆的尝试。
            
            
                最不满意
                无非就是他的空间，后备真的很小很小，后排空间有点像ct4只能坐萝莉。
            

            

    空间
        
            
            
        
        4
    
    
    后备很小，我不知道能放什么。最多放个电脑机箱。哈哈哈，官方看到不会打死我吧？
    
    
    
    
    


    






                

    驾驶感受
        
            
            
        
        5
    
    
    油门不轻不重，方向盘灵活，跑起来动力也还不错。毕竟通用的发动机。
    
    






            

            




            

    油耗
        
            
            
        
        5
    
    
    目前9.5个油还算不错，凯迪的车买的时候就有心理准备。
    
    





            
            

    外观
        
            
            
        
        5
    
    
    怼脸拍真好看。做工精致，车头造型完全颠覆了我对凯迪的认知。完全没有以前的方方正正。
    
    
    
    
    


    





            

    内饰
        
            
            
        
        5
    
    
    内饰不用说了，凯迪这次新款，真的用料扎实，首先是真皮，然后是双联屏，再然后是怀档。全部是高端配备。
    
    
    
    
    


    





            

    性价比
        
            
            
        
        5
    
    
    目前购车优惠力度不大，售后的服务还行3年16万公里超长质保。这点我还是信凯迪的。
    
    





            
                

    配置
        
            
            
        
        5
    
    
    语音交互还行，一般水准，我看在那个9k屏的份上给你满分。而且akg的音响真的完美。
    
    




            

            



        "
哈尔滨车友5705648,2023-07-30 首次发表,"
            
                
                    
                    暂无
                    行驶里程
                
                
                
                
                
                
                
                
                
                
                
                
                

                
                
                    25.47万
                    参考价格
                
                
                    2023-07
                    探店时间
                
                
                    哈尔滨
                    探店地点
                
            
            
    
    

    
        $(document).ready(function () {
            var koubeiid = 5079215;

        });

    


            
                新车好评
                听说凯迪拉克出的新车型不输电车。所以赶紧过来探店看一看。见到实车，才知道，确实，在内饰上面确实可以赶超油车了，而且外观颜值也是很不错。
            
            
                新车槽点
                感觉有点不伦不类的感觉，你说他是轿车，它确实像。说它是suv他它也有那个味。感觉不够纯粹要空间没空间。
            

            

    空间
        
            
            
        
        4
    
    
    空间小，太小了一点，好像是轿车的空间，坐姿也很像轿车。乘坐不是很舒服。而且我要是坐后排腿部空间连一拳都没有。但是车内前排空间还可以，后备箱空间也够大。
    
    
    
    
    


    
    
    
    


    
    
    
    


    






                

    驾驶感受
        
            
            
        
        5
    
    
    驾驶感受一般吧，试驾车是1.5t版本的，起步有点肉，声音也比较大。但是开起来后的提速快，而且车身因为比较矮所以行驶中会比较稳。而且怀挡确实很方便，手放在方向盘上就能挂挡。
    
    
    
    
    


    
    
    
    


    






            

            




            

    油耗
        
            
            
        
        5
    
    
    油耗不知能看试驾车的，试驾车都是来测试的，油耗17个，能吓死个人。也就试驾车能这么高了吧。
    
    





            
            

    外观
        
            
            
        
        5
    
    
    外观好看，造型独特。前两脸进气隔山很大气，形状和车标相对应。后面背箱有点小溜背的感觉。
    
    
    
    
    


    
    
    
    


    
    
    
    


    





            

    内饰
        
            
            
        
        5
    
    
    内饰屏幕比我车上的方块直屏好看多了，真的要赶超电车在智能方面。里面白色内饰真的显得好干净，还有多色的氛围灯，夜间开车感觉一下就上来了。
    
    
    
    
    


    
    
    
    


    





            

    价格政策
        
            
            
        
        5
    
    
    价格新车上市，优惠也不是很大的力度。就置换上能给补贴一点。但我要是买的话也不能置换。得增购，给我媳妇，我俩一人一辆，也方便
    
    





            
                

    配置
        
            
            
        
        5
    
    
    配置和价格相匹配，主要想给老婆换车，她还不想要轿车，suv又还太大，这款车也符合她的标准，现在就想先看看车，在等一下看看有没有优惠，价格合适就直接提车
    
    




            

            



        "
黑河车友0143977,2023-07-30 首次发表,"
            
                
                    
                    暂无
                    行驶里程
                
                
                
                
                
                
                
                
                
                
                
                
                

                
                
                    30.97万
                    参考价格
                
                
                    2023-06
                    探店时间
                
                
                    哈尔滨
                    探店地点
                
            
            
    
    

    
        $(document).ready(function () {
            var koubeiid = 5079214;

        });

    


            
                新车好评
                我是大众车主，因为一直开轿车所以想换一辆suv开一开，但是suv又有点笨重，然后再网上看到了凯迪拉克出了全新gt4，然后就来到店里看看这辆车。果然外观炫酷，内饰也好看。
            
            
                新车槽点
                新车就是新车，到里面还是有味道啊！新车的味道，到屏幕动不动就沾上指纹。
            

            

    空间
        
            
            
        
        4
    
    
    空间稍微有一点小前排还好，后排就差了很多。好像小轿车。后备箱空间倒是挺大的。车内储物空间也很多。平时自家用车也完全足够用。
    
    
    
    
    


    
    
    
    


    
    
    
    


    






                

    驾驶感受
        
            
            
        
        5
    
    
    驾驶感受，看的车是2.0t的 试驾的却是1.5t的，但是驾驶感受上，1.5t还是差点意思。动力还是有点肉。和xt4一样拥有9at的变速箱，换挡很柔顺，提速稍微慢点，但也不错。
    
    






            

            




            

    油耗
        
            
            
        
        5
    
    
    油耗看这是驾车也看不出来啊。我估计也不能太高，1.5t的还是比较省油的。
    
    





            
            

    外观
        
            
            
        
        5
    
    
    外观没得说，一个字帅，黑色的进气格栅，深邃的大灯。全景天窗彩光好，内饰还有氛围灯，高底盘，车高低，很像q3
    
    
    
    
    


    
    
    
    


    
    
    
    


    





            

    内饰
        
            
            
        
        5
    
    
    内饰因该是油车中的天花板了。大尺寸的连屏，还是我最想要的怀挡，音响也换成了akg的，试听了一下，音质确实好很多。
    
    
    
    
    


    
    
    
    


    
    
    
    


    





            

    价格政策
        
            
            
        
        5
    
    
    增购置换可以享受10000元的补贴。而且店内订车还有其他的礼品，保养可以送。
    
    





            
                

    配置
        
            
            
        
        5
    
    
    配置上面感觉可以再多出几个版本，现在只有顶配是2.0t四驱的，有点太极端，没有选择性。
    
    
    
    
    


    




            

            



        "
浪客剑心kk,2023-07-29 首次发表,"
            
                
                    1253km
                    
                    行驶里程
                
                
                    9.0L
                    百公里油耗
                
                
                
                
                
                
                
                
                
                
                
                

                
                
                    25.00万
                    裸车购买价
                
                
                    2023-06
                    购买时间
                
                
                    广州
                    购买地点
                
            
            
    
    

    
        $(document).ready(function () {
            var koubeiid = 5078061;

        });

    


            
                最满意
                这台车代步买车神车，开起来真的很好开。自己有一台XT6，停车上下班挺不方便的，主要是大台。现在增购了一台小型车，真的很方便，油耗比XT6小多了，还是92号的油。太香了。
            
            
                最不满意
                后排空间小那么点，其他还好。如果说后面再加点位置就好了
            

            

    空间
        
            
            
        
        5
    
    
    后备箱就合适了，买点小菜正合适。后排还是能坐人的，副驾肯定是没问题的。
    
    
    
    
    


    






                

    驾驶感受
        
            
            
        
        5
    
    
    操控挺好的，跟轿车没啥区别，不像是SUV的那种笨拙，油门也算是敏感，轻轻碰着就感觉能随时起飞。
    
    






            

            




            

    油耗
        
            
            
        
        5
    
    
    油耗不高。在9个油左右，高速的话更加省，加起油来不心疼
    
    





            
            

    外观
        
            
            
        
        5
    
    
    外观本身就很帅，看起来也很精致。有棱有角很有力量感。LED的灯组很好看。
    
    
    
    
    


    
    
    
    


    





            

    内饰
        
            
            
        
        5
    
    
    白色的内饰特别显高级感，豪华感。大屏幕用起来就很爽很丝滑。
    
    
    
    
    


    
    
    
    


    
    
    
    


    





            

    性价比
        
            
            
        
        5
    
    
    优惠不大，按凯迪拉克的一贯习性后面一定会降价，但是早买早享受。差不多了这个车型，我觉得挺值的。
    
    





            
                

    配置
        
            
            
        
        5
    
    
    座椅通风，座椅记忆。都是很实用的功能，特别是座椅通风，在夏天真的很好使。
    
    




            

            



        "
爱上书生杂,2023-07-27 首次发表,"
            
                
                    300km
                    
                    行驶里程
                
                
                    9.0L
                    百公里油耗
                
                
                
                
                
                
                
                
                
                
                
                

                
                
                    27.00万
                    裸车购买价
                
                
                    2023-07
                    购买时间
                
                
                    大连
                    购买地点
                
            
            
    
    

    
        $(document).ready(function () {
            var koubeiid = 5074776;

        });

    


            
                最满意
                选择GT4有两个原因，第一个是外观大气，底盘高开着没什么压力。第二个是内饰，内部功能多，实用性强，能给我不错的用车体验。
            
            
                最不满意
                我觉得整体来说都不错，唯一后排的空间不算太大，这点是有点遗憾的，属于一款比较紧凑的SUV。
            

            

    空间
        
            
            
        
        4
    
    
    4.6米的车长的确有点紧凌，对于前排的主驾驶位置来说还说宽松的，但是后排不宜坐三个人会显得拥挤，因为后排中间位置的凸起，会影响舒适性。总体来说空间还算够用，座椅舒适度也不错。
    
    






                

    驾驶感受
        
            
            
        
        5
    
    
    动力方面搭载1.5T发动机，起步很快，结实有力，车速120码开起来不飘，车子提速挺快的，方向盘指哪打哪，我们这块路都是比较崎岖的，坡道比较多，GT4能轻松上坡。
    
    
    
    
    


    






            

            




            

    油耗
        
            
            
        
        5
    
    
    油耗我觉得比我预期的更经济，目前的平均油耗是9个左右，对我来说没压力。
    
    





            
            

    外观
        
            
            
        
        5
    
    
    不得不说，凯迪拉克的设计功力没得黑，GT4这种轿跑SUV的风格，和常见的一些设计又不太一样，它的车屁股更像多像是旅行车的感觉。侧面线条、修长、优雅，看车尾又有种很硬朗、战斗的感觉。以我个人的审美来看，真的很漂亮，吸引人。
    
    
    
    
    


    
    
    
    


    





            

    内饰
        
            
            
        
        5
    
    
    曲面大屏幕布局要比以往车型都显档次、更显精致，豪华车的质感、科技氛围上来了，可以说是短板变优势。
    
    
    
    
    


    
    
    
    


    





            

    性价比
        
            
            
        
        5
    
    
    虽说目前的价格优惠没有什么优势，但GT4给我的感觉还是有非常高性价比的，综合性能非常优秀，也能给我完美的驾控体验，还是那句话早买早享受。
    
    





            
                

    配置
        
            
            
        
        5
    
    
    GT4搭载的全新智能系统，可以说是同级别最智能的。搭载9K分辨率的33英寸环幕超视网膜屏，AKG录音棚级高保真音响，还可以手机无线充电，智能语音助手使用起来也很简单，还可以同步手机上的日程和会议提醒，最大程度提升了日常工作生活和用车感受
    
    




            

            



        "
问谁131,2023-07-26 首次发表,"
            
                
                    
                    暂无
                    行驶里程
                
                
                
                
                
                
                
                
                
                
                
                
                

                
                
                    24.60万
                    参考价格
                
                
                    2023-07
                    探店时间
                
                
                    福州
                    探店地点
                
            
            
    
    

    
        $(document).ready(function () {
            var koubeiid = 5072923;

        });

    


            
                新车好评
                闺蜜科目3考完了，买车的事情终于可以提上日程了！姐妹所见略同，在网上做了攻略觉得新上市的凯迪拉克全新GT4不错，于是约了销售到店试驾。刚到4S店，一眼就看到这辆充满先锋姿态的SUV了。整车运动时尚，颜值很高，不管外观还是内饰都充斥着浓厚的科技感，可以说是紧贴潮流前沿的，非常符合我们的审美。
            
            
                新车槽点
                整车驾控感是比较好的，底盘很稳，1.5t的动力开起来也不比我2.0t的差，只是相比较闺蜜倾心的BBA来说凯迪拉克的品牌知名度略弱，但从用车角度和性价比出发，全新GT4是绝对能打。
            

            

    空间
        
            
            
        
        4
    
    
    闺蜜很爱长途旅游，所以前前后后都试乘了一番，总体空间带给我们最大感受就是不逊色于同级别车型。前后排座椅都非常柔软舒适，乘坐起来无局促感，而且后备箱在我俩坐进后空间也都绰绰有余。作为旅行车而言，我想日常自驾或者周末去露个营啥的，都没什么压力。不过，还是要稍微吐槽一下后排的地台位置，设计得也太高了，挪起位来一点也不友好。
    
    
    
    
    


    
    
    
    


    






                

    驾驶感受
        
            
            
        
        5
    
    
    车型紧凑，停车方便好停，所以感觉非常适合女孩子开。虽然搭载的是1.5t的发动机，但起步迅速，不拖泥带水，爬坡弯道也不费劲。试了将车子提速到60，坐在车里没有感受到特别明显的噪音，而且底盘扎实，方向盘的手感也还不错，多功能按键不会使驾驶分心，挺实用的，整个驾乘体验非常好。
    
    
    
    
    


    
    
    
    


    






            

            




            

    油耗
        
            
            
        
        5
    
    
    从4S店出发，沿销售规划的试驾路线试驾了一圈，全程大概10公里的样子，下车时特意留意了下油耗，综合油耗在8.5个左右，路上有红绿灯但总体还好，试驾感受很棒。
    
    





            
            

    外观
        
            
            
        
        5
    
    
    外观确实已经，车身沿袭了经典概念车ESCALA的设计理念，官方称之为“ART & SCIENCE”。标志性的流光飞翼灯光艺术、钻石切割工艺、直列式LED闪电矩阵大灯以及盾形进气格栅让整车看起来气势磅礴，塑造出独具一格的先锋气度。不管是从正面还是侧面看，都能让人目不转睛，而且我觉得特别适合女孩子。
    
    
    
    
    


    
    
    
    


    
    
    
    


    





            

    内饰
        
            
            
        
        5
    
    
    内饰没有花里胡哨的五颜六色，而是干干净净的白，给人一种很纯洁的感觉，让人感觉心旷神怡。而且早就听闻全新上市GT4时带着科技感来的，标配的33英寸环幕式大屏，看到实物还是惊艳了一把。不仅显示超高清，而且功能丰富，操作顺滑，给人一种高级感满满的全新体验。
    
    
    
    
    


    
    
    
    


    
    
    
    


    





            

    价格政策
        
            
            
        
        5
    
    
    和销售咨询了是试驾的尊贵版，等车周期是3周左右，而且目前谈下来的价格也可以做到近4w 的优惠，另外再赠送三次保养。毕竟是刚出不久的新车，我个人觉得这个价格政策性价比挺不错了。
    
    





            
                

    配置
        
            
            
        
        5
    
    
    试驾路上体验了一波多功能座椅，流媒体后视镜，还有360°全景影像，这驾驶感受，一整个安心住了！
    
    




            

            



        "
上海车友3409742,2023-07-25 首次发表,"
            
                
                    200km
                    
                    行驶里程
                
                
                    9.0L
                    百公里油耗
                
                
                
                
                
                
                
                
                
                
                
                

                
                
                    21.50万
                    裸车购买价
                
                
                    2023-07
                    购买时间
                
                
                    南京
                    购买地点
                
            
            
    
        
            
        
    
    

    
        $(document).ready(function () {
            var koubeiid = 5071311;

        });

    


            
                最满意
                外观内饰，颜值爆杀。轿跑车的造型开在路上还是比较少见的，回头率很高，曼哈顿灰在不同光线下的变色效果值得多等二十多天。有人说眯眯眼没力量，看见实车后你会发现眯眯眼也可以很犀利，自动灯光使用起来也很方便。内饰必须使劲夸一下，基本和锐哥一样的内饰设计，高级感不虚奔驰，同时使用了8155芯片，触摸灵敏，响应很快，智能化水平也高，语音基本可以实现90%操作。开了2天，1.5t动力我在城市上下班只能说是根本没有地板油的机会，油耗因为刚开还不准确后面应该能好点。
            
            
                最不满意
                第一是价格，1.5t后面肯定还有降价空间，而且新车上市一点政策都没有，送点什么也可以啊。第二是后排，确实是刚够用，体型大的人比较挤，不过用的机会也不多，影响不大。
            

            

    空间
        
            
            
        
        3
    
    
    我一米七，后面其实还可以，不是太高太胖也够坐
    
    






                

    驾驶感受
        
            
            
        
        4
    
    
    城市代步绰绰有余
    
    
        起步/加速动力
        随踩随到，211马力还可以
        
        
    
        跑高速
        轻轻松松120
        
        
    
        开空调/满载加速
        没有感觉，都一样
        
        
    
        方向盘轻重
        方向盘很轻
        
        
    
        刹车灵敏性
        没有顿挫，比较灵敏
        
        
    
        弯路/并线稳定性
        过完无压力，我是秋名山车神
        
        
    






            

            




            

    油耗
        
            
            
        
        3
    
    
    市区8+9个，高速还不知道
    
    
        城市油耗
        基本8-9，算是还可以
        
        
    
        高速油耗
        高速还没开不知道
        
        
    
        开空调油耗
        夏季空调很凉快，油耗稍微多了一点
        
        
    





            
            

    外观
        
            
            
        
        5
    
    
    各种银色饰条，小细节点缀，很精致，车身姿态也好，妥妥的帅气
    
    
        车身做工
        感觉用料比较扎实，开起来很稳
        
        
    
        车头造型
        车头很长，力量感十足
        
        
    
        腰线设计
        腰线修长，4.6的长度也很低趴
        
        
    
        车尾造型
        车尾设计完爆xt4，也是我不买xt4的主要原因
        
        
    





            

    内饰
        
            
            
        
        5
    
    
    各种银色饰条，小细节点缀，精致十足
    
    
        内饰用料
        座椅都是皮质，十分舒服，塑料的地方也做了处理，不廉价
        
        
    
        空调效果
        制冷很快，按了就来了
        
        
    
        座椅舒适性
        前排很舒服，包裹性很好
        
        
    
        第二排舒适性
        第二排很长，坐着也不会累
        
        
    
        ☆ 氛围灯效果
        全色域氛围灯，yyds
        
        
    
        PM2.5过滤效果
        这个不知道什么效果
        
        
    
        座椅加热
        夏天还没开过，通风很舒服
        
        
    





            

    性价比
        
            
            
        
        4
    
    
    目前还有优惠空间，自己看需求吧
    
    
        购车优惠
        优惠4w，裸车21.5
        
        
    
        保养项目
        保养送了2次，不知道多少钱
        
        
    
        故障维修
        还没有修过不知道
        
        
    





            
                

    配置
        
            
            
        
        4
    
    
    车机很好用，希望以后加入更多智能化系统，语音控制基本上实现90%的功能
    
    
    
    
    


    
    
    
    


    




            

            



        "
广州车友1479938,2023-07-24 首次发表,"
            
                
                    2066km
                    
                    行驶里程
                
                
                    9.0L
                    百公里油耗
                
                
                
                
                
                
                
                
                
                
                
                

                
                
                    26.00万
                    裸车购买价
                
                
                    2023-06
                    购买时间
                
                
                    广州
                    购买地点
                
            
            
    
        
            
        
    
    

    
        $(document).ready(function () {
            var koubeiid = 5068852;

        });

    


            
                最满意
                当我第一次看到这辆车时，我的心情无法用言语来形容。它散发着一种独特的魅力，每一个细节都展现着高贵与尊贵。车身线条流畅而动感，仿佛在向世界展示自己的力量和速度。
            
            
                最不满意
                提车到现在刚好一个月，目前为止没有不满意的地方。
            

            

    空间
        
            
            
        
        4
    
    
    坐进驾驶座后，我感受到了前所未有的舒适和豪华。座椅采用顶级皮革制作，柔软而支撑力度恰到好处。仪表盘上配备了最新科技设备，在驾驶过程中提供了各种有用信息和功能。
    
    
    
    
    


    






                

    驾驶感受
        
            
            
        
        5
    
    
    启动引擎后，车子轻盈地奔驰在道路上。动力强劲而稳定，加速时仿佛飞翔在天空中。转弯时的稳定性也非常出色，让我感觉自己就像一个赛车手一样。
    
    
    
    
    


    






            

            




            

    油耗
        
            
            
        
        5
    
    
    油耗9-11也很不错，对于在广州这个日常拥堵的城市，这个油耗可以说是很可观了。
    
    
    
    
    


    





            
            

    外观
        
            
            
        
        5
    
    
    外观上还是一贯凯迪拉克的设计风格，选择GT4也是因为它的外观硬朗帅气。
    
    
    
    
    


    





            

    内饰
        
            
            
        
        5
    
    
    不仅外观和性能出众，在安全方面也做得非常出色。配备了各种先进技术如碰撞预警、自动紧急制动等，为驾驶者和乘客提供了全方位的保护。
    
    
    
    
    


    





            

    性价比
        
            
            
        
        5
    
    
    凯迪拉克GT4不仅仅是一辆车，更是一种生活方式的象征。它让我感受到了成功和尊贵，让我对未来充满了希望和激情。
    
    
    
    
    


    





            
                

    配置
        
            
            
        
        5
    
    
    无论是驾驶还是坐在副驾驶座上，我都能感受到这辆车散发出的魔力。它不仅给予了我无尽的快乐和自豪，也成为我追求梦想的动力。
    
    




            

            



        "
湛江车友2671527,2023-07-24 首次发表,"
            
                
                    
                    暂无
                    行驶里程
                
                
                
                
                
                
                
                
                
                
                
                
                

                
                
                    24.67万
                    参考价格
                
                
                    2023-07
                    探店时间
                
                
                    东莞
                    探店地点
                
            
            
    
    

    
        $(document).ready(function () {
            var koubeiid = 5067988;

        });

    


            
                新车好评
                之前一直在网上关注GT4这款车，查阅车辆信息，感觉不错，看到实车后，喜欢的程度倍增。对于颜值控的我深深被车辆的外观所吸引，整车的线条自然流畅，先锋溜背造型设计，是一款运动型轿跑SUV。
            
            
                新车槽点
                整体空间不算大，和朋友试驾下来感觉后排还是有点局促，不过得益于前排和后备箱容量是比较宽敞的，所以还是会考虑选择它。
            

            

    空间
        
            
            
        
        4
    
    
    从试驾体验感来讲，这车的空间还是比较符合紧凑型SUV定位的。前排乘坐空间我和朋友一致都觉得不错，只是后排坐下后，腿部很难做到伸展自如，日常来说短途出行还过得去。不过宽大的后备箱就比较深得我心了，平整而宽大，标配的电动尾门也非常实用。
    
    
    
    
    


    






                

    驾驶感受
        
            
            
        
        5
    
    
    动力方面1.5T的发动机，最大功率210马力，最大扭矩为270牛米，起步的时候比较顺畅，动力相对充沛，超车也相对轻松。
    
    






            

            




            

    油耗
        
            
            
        
        5
    
    
    全系标配的是48V轻混系统，官方油耗为6.82L/100km，实际10公里路程试驾下来，平均油耗7.5L左右，虽然有一定误差，但也在我预期单位了。
    
    





            
            

    外观
        
            
            
        
        5
    
    
    外观采用凯迪拉克最新家族设计语言，细长的日间行车灯，配备凯迪拉克竖直式大灯组合，品牌辨识度特别高，全新的前格栅，无论从哪个角度来观察它都有浓郁的运动气息。
    
    
    
    
    


    
    
    
    


    
    
    
    


    





            

    内饰
        
            
            
        
        5
    
    
    内饰采用浅色设计给人一种清新自然的感觉，丝毫没有压抑感，最新的大连屏足够亮眼，33英寸的曲面双连屏拥有9K分辨率，取消了常规换挡方式，采用了怀挡设计，令我焕然一新。
    
    
    
    
    


    
    
    
    


    





            

    价格政策
        
            
            
        
        5
    
    
    毕竟是新车，目前购车的优惠政策还可以，赠送两次基础保养，而且咨询的尊贵版有现车，不用等，这点还比较令我满意。
    
    





            
                

    配置
        
            
            
        
        5
    
    
    整车科技感十足，配备了33英寸的环抱式巨幕和AKG音响，能实现在车内享受着影院带来的灵动享受。同时，在安全配置上也很友好，不仅有360度全景影像，还有L2级别的驾驶辅助加持，让出行成为一种安心，GT4值得拥有。
    
    
    
    
    


    
    
    
    


    




            

            



        "
仙气飘飘啊啊,2023-07-19 首次发表,"
            
                
                    
                    暂无
                    行驶里程
                
                
                
                
                
                
                
                
                
                
                
                
                

                
                
                    30.97万
                    参考价格
                
                
                    2023-06
                    探店时间
                
                
                    赣州
                    探店地点
                
            
            
    
        
            
        
    
    

    
        $(document).ready(function () {
            var koubeiid = 5059837;

        });

    


            
                新车好评
                喜欢这个车的外观设计，整车看上去运动感十足，线条流畅优美，整个车身设计优雅大气，符合我的口味。还有就是这个车子的动力充沛，237匹的马力，提速快，推背感满满。而且采用的是48V的轻混系统，日常驾驶油耗并不高。
            
            
                新车槽点
                无钥匙进入功能只有前门有，对于我来说不方便。有时候手里拿着东西想放在后排，必须要用钥匙解锁后门。还有就是顶配车子的座椅居然都是仿皮的，有点太掉档次了。
            

            

    空间
        
            
            
        
        4
    
    
    前排空间够用，座椅宽大且包裹性好，长时间驾驶不会有疲惫感，而且车内视野荒广，驾驶起来很放心。后排台阶太高了影响后面人的乘坐体验，如果是平整设计的话就更加完美。车内储物空间充足，中间的扶手箱很大，能放手机钱包证件等，后备箱如果不够用，还可以把后排座椅放倒，这款车的装载能力蛮强的。
    
    
    
    
    


    






                

    驾驶感受
        
            
            
        
        5
    
    
    多功能方向盘在真皮材质的加持下，手感很棒。方向盘转向灵敏，回弹速度快。另外悬架调校偏运动，整车跑起来运动性十足，加速强劲有力，高速上源源不断的动力输出，让我有在高速上得心应手。
    
    
    
    
    


    






            

            




            

    油耗
        
            
            
        
        5
    
    
    油耗不高，试驾时候走过市区以及高速，平均在9.3L/KM。对于2.0T发动机的车子来说，油耗算是蛮低的了，看来轻混系统还是YYDS的。
    
    





            
            

    外观
        
            
            
        
        5
    
    
    对于新款Gt4的外观我是很喜欢的，整个外观充满运动感，独特的大灯加上流畅的车身线条，应该符合当代所有年轻人的口味，停在路边的回头率也是很高，反正我是越看越喜欢。
    
    
    
    
    


    
    
    
    


    
    
    
    


    





            

    内饰
        
            
            
        
        5
    
    
    虽然内饰采用的是仿皮，但是它的造工一点都不差，细节部分处理的相当好，而且坐起来也挺舒服的，车内也没有异味。33英寸的环绕式屏幕，加上AKG音响，整个车机系统我是很喜欢的。
    
    
    
    
    


    
    
    
    


    
    
    
    


    





            

    价格政策
        
            
            
        
        5
    
    
    新车暂时没有优惠，但是送的东西是蛮多的，基本的五件套，以及3次的基础保养都是有的。我觉得想买的消费者可以先观望，毕竟凯迪拉克的优惠力度一直都挺大，相信不久就会有优惠了。
    
    





            
                

    配置
        
            
            
        
        5
    
    
    360度全景影像好用触发灵敏，无论是停车或者遇到狭窄道路，都能给我提供很大的帮助。另外无线功能冲电速度快，一上车把手机往哪一放，完全不用担心手机没电，建议有钱可以考虑尊贵版。
    
    
    
    
    


    




            

            



        "
anoaogoyhiq,2023-07-19 首次发表,"
            
                
                    535km
                    
                    行驶里程
                
                
                    8.4L
                    百公里油耗
                
                
                
                
                
                
                
                
                
                
                
                

                
                
                    28.90万
                    裸车购买价
                
                
                    2023-06
                    购买时间
                
                
                    郑州
                    购买地点
                
            
            
    
    

    
        $(document).ready(function () {
            var koubeiid = 5059714;

        });

    


            
                最满意
                我觉得这个车子吧，它最吸引我的地方就是性价比比较高，价格能够接受，而且作为结婚纪念日的礼物送给老婆刚刚好，老婆很喜欢这个车子的外观跟内饰确实非常上档次
            
            
                最不满意
                用车过程中平时都是老婆开的比较多，我偶尔开一次，所以也弄不清楚究竟有什么问题，反正他说油耗高了一点儿
            

            

    空间
        
            
            
        
        4
    
    
    空间表现上来看的话，它的储物空间比较丰富，然后后排腿部空间还可以，得方率比较高，储物空间容积比较大
    
    






                

    驾驶感受
        
            
            
        
        5
    
    
    发动机排量比较大，2.0t的马力也很强，最主要是能够达到237匹马力
    
    
    
    
    


    






            

            




            

    油耗
        
            
            
        
        5
    
    
    这个车子的油耗确实是略高一些，但是后期的话应该会降，毕竟是新车刚买回来，所以高一点也是在所难免的什么
    
    





            
            

    外观
        
            
            
        
        5
    
    
    外观自带的这种运动设计非常漂亮，很符合年轻人的审美，大都是凯迪拉克家族式的设计，很有辨识度
    
    
    
    
    


    





            

    内饰
        
            
            
        
        5
    
    
    内饰的用料还有空调效果都很不错，座椅舒适性也很高，因为这个座椅用料比较厚实，所以说做起来承托性很好
    
    
    
    
    


    





            

    性价比
        
            
            
        
        5
    
    
    购车的时候对比的奥迪Q3，q3的价格是真的高，但是动力什么的很一般，与其买奥迪，不如买凯迪拉克这个品牌了
    
    





            
                

    配置
        
            
            
        
        5
    
    
    车机系统用起来也还行，然后没有太卡顿的感觉，我看网上人家都反映这个车机系统有点儿卡，我用着感觉还行
    
    




            

            



        "
按个手印,2023-07-18 首次发表,"
            
                
                    1700km
                    
                    行驶里程
                
                
                    9.5L
                    百公里油耗
                
                
                
                
                
                
                
                
                
                
                
                

                
                
                    27.50万
                    裸车购买价
                
                
                    2023-05
                    购买时间
                
                
                    苏州
                    购买地点
                
            
            
    
        
            
        
        
            
        
        
            
        
        
            
        
        
            
        
        
            
        
        
            
        
        
            
        
    
    

    
        $(document).ready(function () {
            var koubeiid = 5057490;

        });

    


            
                最满意
                最满意的就是车子的动力了，1.5T加上48V轻混系统，带动这样一台车子的自重还是非常轻松的，满载一家人出去玩的时候发动机的声音都很小，满足家用没有问题。
            
            
                最不满意
                不太满意的是车子的后排空间有一点小，其余的倒是非常的不错。
            

            

    空间
        
            
            
        
        4
    
    
    家里现在是三口之家，全车多处的储物空间设计在人性化方面非常到位，中控位置也是设计了不少的储物格，就是后排的空间有点小。
    
    






                

    驾驶感受
        
            
            
        
        5
    
    
    灵敏的油门调教踩下去动力很快就能上来，一家人出去玩的时候，在高速上来回的超车也非常轻松，后半段的动力丝毫不会感觉到衰减，这样的动力储备在同级中也是非常能打的了。
    
    






            

            




            

    油耗
        
            
            
        
        5
    
    
    油耗目前的表现算是中规中矩吧，毕竟车子的空间和动力都可以满足我，油耗能有这样的表现算是很不容易了，凯迪拉克在燃油经济性方面也是做了不少的努力。
    
    





            
            

    外观
        
            
            
        
        5
    
    
    前脸的设计还是很有豪华感的，毕竟GT4也是豪华的象征啊，而且运动感也是有的。
    
    





            

    内饰
        
            
            
        
        5
    
    
    33英寸的屏幕科技感直接拉满，9K的分辨率，显示效果方面也是足够细腻清晰的，在细节方面的做工也是非常精致
    
    





            

    性价比
        
            
            
        
        5
    
    
    车子的价格还是很合理的，赠品方面给到不少，综合动力，空间，以及内饰来看性价比很高。
    
    





            
                

    配置
        
            
            
        
        5
    
    
    好多的高科技配置都是有的，还有不少辅助驾驶功能，实用性非常强。
    
    




            

            



        "
吴若菲,2023-07-17 首次发表,"
            
                
                    
                    暂无
                    行驶里程
                
                
                
                
                
                
                
                
                
                
                
                
                

                
                
                    30.60万
                    参考价格
                
                
                    2023-07
                    探店时间
                
                
                    广州
                    探店地点
                
            
            
    
        
            
        
    
    

    
        $(document).ready(function () {
            var koubeiid = 5055800;

        });

    


            
                新车好评
                凯迪迪拉克GT4做为凯迪拉克轿跑SUV，第一眼给人的感觉是惊艳的，看上去比XT4矮一点但比轿车高。外观的颜值很高，给人一种科技感和运动感和科技感都非常十足的，我感觉这是凯迪拉克SUV里很好看的一款车型了，内饰的风格也很高级，游艇式的设计风格给人一种很豪华感，真皮座椅坐上去也很舒服，和33英寸的9K分辨率曲面屏配上8155芯片，有很强的人机体验。
            
            
                新车槽点
                我感觉凯迪拉克GT4这款车做的提好的，唯一的遗憾就是后排空间有点小，感觉坐大一点三个人就坐不下了，但考虑到它是主打运动型的，后排空间小也情有可原，比较运动牺牲一下空间。
            

            

    空间
        
            
            
        
        4
    
    
    空间的话我身高175，坐上去的话我感觉离我头顶还有一个距离的空间，后排的空间可能没有那么大，但我感觉可以了，因为对我来说后排不怎么坐人，后备箱空间还行。可能是溜背造和运动型的原因造成了后排空间比较小。
    
    
    
    
    


    
    
    
    


    






                

    驾驶感受
        
            
            
        
        5
    
    
    毕竟是2.0T 237马力加48V轻混系统的发动机加9档一体变速箱的动力总成，百公里加速只要7.8秒，基本上一脚油门踩上去，就能体会到很强的推背感，而且底盘又稳开起来特别顺滑轻轻松松就超过别人。
    
    
    
    
    


    






            

            




            

    油耗
        
            
            
        
        5
    
    
    官方说的百公里只要7.47个油，但我试的话要在9个左右，也有可能是我这边在一线城市，而我又比较喜欢开快车，所以油耗可能高一点吧，这个要看个人的开车习惯。
    
    
    
    
    


    
    
    
    


    





            
            

    外观
        
            
            
        
        5
    
    
    外观设计运动感十足，比较年轻时尚一点，很有小钢炮的感觉，全新一代的钻石切割设计搭配紧凑溜背车身，熏黑运动套件很直列式大灯，让凯迪拉克GT4身上彰显着强烈的时尚运动气息。
    
    
    
    
    


    





            

    内饰
        
            
            
        
        5
    
    
    一进入，就感觉到豪华感和科技感十足，33英寸9K分辨率超视网膜就是好看，很有真皮座椅坐着很舒服，可以物理按键的中控台就是好看得多。
    
    
    
    
    


    





            

    价格政策
        
            
            
        
        5
    
    
    销售跟我聊了一下，我想定铂金版灰色的，全款是可以优惠3万元，裸车价是27.17万，落地价是30.6万元，期间还有脚垫、枕头那些礼品送，车子一上市就有那么多优惠我感觉可以了。
    
    





            
                

    配置
        
            
            
        
        5
    
    
    配置这一方面是GT4的一大亮点，除了33英寸9K大屏外，还有无线Carplay、前排座椅通风/加热、自适应远近灯光，ACC自适应巡航等配置，还有15个AKG的音响和360全息影像等配置。
    
    
    
    
    


    
    
    
    


    




            

            



        "
COPY人生,2023-07-05 首次发表,"
            
                
                    
                    暂无
                    行驶里程
                
                
                
                
                
                
                
                
                
                
                
                
                

                
                
                    25.67万
                    参考价格
                
                
                    2023-07
                    探店时间
                
                
                    宜昌
                    探店地点
                
            
            
    
        
            
        
    
    

    
        $(document).ready(function () {
            var koubeiid = 5036920;

        });

    


            
                新车好评
                本人纯属好奇，最近像是捅了凯迪拉克中心窝了，刷了太多的GT4得视频，就真想去看看实车，今天休假，也离得近，就约了朋友一起来看看。
            
            
                新车槽点
                我自己开的起亚赛欧，是属于很老的车了，跟现在的车没法比。这个车的内饰让我感觉和凯迪拉克的原来是印象完全不一样。
            

            

    空间
        
            
            
        
        5
    
    
    主驾空间前排够用，而且我看是调节也很灵活，后排空间，头部有略微局凑，后备箱空间还可以。
    
    
    
    
    


    






                

    驾驶感受
        
            
            
        
        5
    
    
    油门挺灵活的，踩一脚，动力给的很足，想要操作什么功能，也不用按，一键语音呼唤感觉很方便。
    
    
    
    
    


    






            

            




            

    油耗
        
            
            
        
        5
    
    
    4S店的销售顾问跟我说，这台车油耗不会很高，因为综合凯迪拉克其他车型来看，加上这个车的官方数据，它的油耗不高。
    
    





            
            

    外观
        
            
            
        
        5
    
    
    车尾看起来别具一格，大灯很好看，运动风格很浓郁。
    
    
    
    
    


    





            

    内饰
        
            
            
        
        5
    
    
    有两种，一种是纯色座椅，一种是拼色桌椅，我感觉纯色的更好看点。
    
    





            

    价格政策
        
            
            
        
        5
    
    
    销售说是可以优惠2万，但是要置换啥了的，不知道以后还有有优惠没。
    
    





            
                

    配置
        
            
            
        
        5
    
    
    没有鸡肋的配置，都很实用，又可以看电视，又可以语音智能，还有内饰氛围灯，而且门把手也变成这种下扣的，和老款的凯迪拉克完全不一样。
    
    
    
    
    


    




            

            



        "
洋洋88888366,2023-07-05 首次发表,"
            
                
                    1233km
                    
                    行驶里程
                
                
                    10.0L
                    百公里油耗
                
                
                
                
                
                
                
                
                
                
                
                

                
                
                    30.97万
                    裸车购买价
                
                
                    2023-06
                    购买时间
                
                
                    湖州
                    购买地点
                
            
            
    
        
            
        
    
    

    
        $(document).ready(function () {
            var koubeiid = 5036670;

        });

    


            
                最满意
                对于这款新上市的凯迪拉克GT4我最满意的依旧是它的高颜值，不管是外观还是内饰都渗透着美式豪华的高级与科技感，给人一种耳目一新的视觉体验。
            
            
                最不满意
                情人眼里出西施，作为新入手的爱车，自然是没有那么多不满意的地方。如果非要鸡蛋里挑骨头那我觉得只有新车的气味了吧，毕竟这是每一辆新车都存在的缺点。
            

            

    空间
        
            
            
        
        4
    
    
    在旅行车中，GT4的整体空间还是非常不错的。不仅乘坐空间舒适充足，而且储物容积也非常宽敞，相信在日后的旅行途中是一辆能给我舒适体验的好车。
    
    
    
    
    


    
    
    
    


    
    
    
    


    






                

    驾驶感受
        
            
            
        
        5
    
    
    动力充沛十足，四种驾驶模式的加持，驾驶起来得心应手。关键是这辆车在配置上的功能也是相当丰富的，所以即便是我这类女司机也能轻松驾驭。
    
    






            

            




            

    油耗
        
            
            
        
        5
    
    
    搭载48v轻混系统，目前只是在市区驾驶，平均油耗在10L左右，我个人感觉还是挺省油。
    
    





            
            

    外观
        
            
            
        
        5
    
    
    外观虽然延续家族式传统设计，但整体感觉还是让我感觉非常惊喜。溜背做造型加上直列式的LED闪电大灯，外观简约大气不失时尚运动，是非常符合我胃口的一款车。
    
    
    
    
    


    
    
    
    


    
    
    
    


    





            

    内饰
        
            
            
        
        5
    
    
    白色内饰时尚亮眼，内置的9K环幕式超视网膜屏科技感十足，同时还可以在闲暇之余葛优躺着追剧，加上这个AKG录音棚级别的车载音响，随便播放几首动感的音乐都会不由自主的嗨起来！
    
    
    
    
    


    





            

    性价比
        
            
            
        
        5
    
    
    整车性价比在同级别车里面算是非常不错的，让我有超酷的高颜值科技体验，也能让我在行车中有满满的安全感，选择它我觉得很值。
    
    





            
                

    配置
        
            
            
        
        5
    
    
    选择的是顶配，这个级别的配置直接拉满！对于旅行车来说，安全行绝对是重中之重，而全新GT4不仅有360度全景影响、全速自适应巡航及并线辅助，还有远程启动功能，即便是长途出行安全感也能稳稳拿捏。
    
    




            

            



        "
陈嘉皓,2023-07-04 首次发表,"
            
                
                    302km
                    
                    行驶里程
                
                
                    7.1L
                    百公里油耗
                
                
                
                
                
                
                
                
                
                
                
                

                
                
                    27.00万
                    裸车购买价
                
                
                    2023-06
                    购买时间
                
                
                    上海
                    购买地点
                
            
            
    
        
            
        
    
    

    
        $(document).ready(function () {
            var koubeiid = 5036138;

        });

    


            
                最满意
                实际开下来我最喜欢的是这辆GT4的内部智能系统，作为一位都市青年白领，生活在上海这样的大都市，我对于智能设备的了解可以说已经是了如指掌，但进入这辆GT4的车中，还是给了我耳目一新的感觉，超大的连屏设计将中控与仪表台相结合，给人耳目一新的感觉，区别于传统的仪表台，全新GT4的仪表台不仅可以实时观察到车辆的各项指标和运行数据，更能在屏幕上看见自己所处的实际位置！同时车辆在配备全面的语音智能控制系统的前提下还保留了许多物理按键，进一步增加了人车互动的乐趣，另外，此次的全新GT4还配备了抬头显示功能，为日常行驶增加了许多便利性!
            
            
                最不满意
                后排空间略小，全家一起坐空间略有不足，后排的乘坐体验不如前排.
            

            

    空间
        
            
            
        
        4
    
    
    后排空间略小，前排还行蛮大的，蛮喜欢的.
    
    
    
    
    


    






                

    驾驶感受
        
            
            
        
        5
    
    
    1.5T的发动机搭配9档手自一体的变速箱，211匹的马力放在任何情况都基本适用，当然如果屏幕前的小伙伴喜欢驾驶的很有激情那当我没说，这辆车的行驶相对平稳，起步几乎没有一丝延迟，很顺滑的就开出去了，不像某些美系车（如某威）一样起步肉，升档的过程较快，可能是9档手自一体变速箱都这样吧，一脚油门，我就能冲出去，这个的动力还是不错的
    
    






            

            




            

    油耗
        
            
            
        
        5
    
    
    油耗表现还行，正常上下班也在7个左右，就是夏天了空调开太大害怕油耗会升上去
    
    
    
    
    


    





            
            

    外观
        
            
            
        
        5
    
    
    买的曼哈顿灰，听说是新配色，还蛮好的开起来也不显得脏
    
    
    
    
    


    





            

    内饰
        
            
            
        
        5
    
    
    刚进入车辆我就被它的内饰所吸引，米白色的内饰颜色让我感受到一种很文艺很典雅的气息，搭配外观的曼哈顿灰色，二者的结合有一种不可言的协调之美
    
    
    
    
    


    





            

    性价比
        
            
            
        
        5
    
    
    性价比很高，这个价位买到这个配置的车真的很值得
    
    





            
                

    配置
        
            
            
        
        5
    
    
    人机交互，智能控制，倒车影像，全景360影像，语音识别，抬头显示什么的都有
    
    
    
    
    


    




            

            



        "
喜欢玛瑙石的女人,2023-07-04 首次发表,"
            
                
                    
                    暂无
                    行驶里程
                
                
                
                
                
                
                
                
                
                
                
                
                

                
                
                    30.97万
                    参考价格
                
                
                    2023-07
                    探店时间
                
                
                    淄博
                    探店地点
                
            
            
    
    

    
        $(document).ready(function () {
            var koubeiid = 5035569;

        });

    


            
                新车好评
                我是去年6月买的CT4，昨天去保养车，看了看这个GT4，不看还好，看了真想换。后悔买早了。
            
            
                新车槽点
                跟CT4比的话，我觉得这个车就没有缺点，啥都好，而且销售给我演示了一下内饰的智能关联，真是感觉太方便了。
            

            

    空间
        
            
            
        
        5
    
    
    前排坐着很舒服，电影一放，小憩一会，我都不想下来了。空间就是不是多大，但是比CT4还是大很多的。
    
    
    
    
    


    






                

    驾驶感受
        
            
            
        
        5
    
    
    我就在展厅转了转，时间紧张就没来得及试驾，下次来好好体验一下。
    
    
    
    
    


    






            

            




            

    油耗
        
            
            
        
        5
    
    
    我估计跟CT4的油耗差不了多少，毕竟这个车也不是很大，而且还分1.5和2.0的发动机。
    
    





            
            

    外观
        
            
            
        
        5
    
    
    整个外观都很好看，颜色看起来也很正。线条前后呼应很符合凯迪拉克的气质。
    
    
    
    
    


    





            

    内饰
        
            
            
        
        5
    
    
    内饰细节做的很好，缝线啥的给人感觉就很工整，而且，门把手，改成和之前完全不一样。
    
    
    
    
    


    





            

    价格政策
        
            
            
        
        5
    
    
    展厅放的这个是三十多万，最低的配置风尚是二十一万多，我要是自己开，二十多万就可以，毕竟听说这个大屏是所有配置的车都有。
    
    





            
                

    配置
        
            
            
        
        5
    
    
    大连屏，全景天窗，智能语音，这是最大亮点了。
    
    
    
    
    


    




            

            



        "
吃胖的橘猫,2023-06-02 首次发表,"
            
                
                    
                    暂无
                    行驶里程
                
                
                
                
                
                
                
                
                
                
                
                
                

                
                
                    30.97万
                    参考价格
                
                
                    2023-05
                    探店时间
                
                
                    哈尔滨
                    探店地点
                
            
            
    
        
            
        
    
    

    
        $(document).ready(function () {
            var koubeiid = 4990431;

        });

    


            
                新车好评
                我对凯迪拉克的第一印象还是在小的时候电视上，它独有的外观设计语言非常有代表性，无论是80年代的复古感还是如今的现代感，凯迪拉克作为豪华梯队里的一员如今可以让我们触手可及，而市场竞争非常火热下的凯迪拉克如今也在不断突破自己，今天就对本次体验做一下优点总结。
首先是它的入门价格，21.97w的指导价虽然配备了1.5T发动机，但它的功率可以达到一般车2.0T的动力，这样的入门级价格让更多的老百姓可以触手可及。
其次标志性的外观设计，运动跨界的SUV设计可以俘虏一大批年轻人以及中年人。、
最后内饰的豪华质感，高级用料以及颜色配置的搭配都可以称得上是中上游水平。
            
            
                新车槽点
                作为豪华车，凯迪拉克的缺点也是非常明显的，首先新车上市无优惠，为啥这么说，主要是因为它的很多车型优惠幅度都比较大，一般在3-6万左右，所以无优惠势必会让一些理性的老百姓持币观望一阵，另外车型小众保值率不会特别理想，
最后轴距不短但后排空间较短也会让一些老百姓望而却步。
            

            

    空间
        
            
            
        
        2
    
    
    我181cm的个子,在驾驶位调整为我的驾驶姿势后,我坐在后面基本上已经没有太多活动空间。
同时,凯迪拉克GT4的后排地台有隆起,而且还不低,如果中间需要坐一个人的话，空间会比较勉强。
不过,我倒是认为后排空间并不是凯迪拉克GT4很大的缺点,因为目标车主的使用场景应该大部分时间只有一、两个人,后排直接放倒,当作拓展后备厢,偶尔应急坐个人。
    
    
    
    
    


    
    
    
    


    
    
    
    


    






                

    驾驶感受
        
            
            
        
        4
    
    
    动力方面,全新凯迪拉克GT4速度加快更均匀稳定,并可轻松享受到高强度的抱走力和快捷动力响应。加之配有8段手自一体变速器,使得刹车、加速更加顺畅,体现极致驾驶性能。
综合来看,全新凯迪拉克GT4以运动的姿态出现在市面上。造型科技,气场强劲,车身高朴且充满力量感,做工考究,使得凯迪拉克品牌成为豪车排名里的首选品牌。此外,其卓越性能更是达到极高的高度。在今天这个竞争激烈的市场里,全新凯迪拉克GT4已经将它的优势落实到了实处。
    
    
    
    
    


    
    
    
    


    
    
    
    


    






            

            




            

    油耗
        
            
            
        
        3
    
    
    凯迪拉克GT4的官方油耗百公里在6.8L左右，但以我对它1.5T其它车型的理解，它市区油耗基本在10升这样，我想不用我多说大家应该都知道，买凯迪拉克GT4的人群一定是年轻人呀，不可能佛系去操控它吧，所以能控制在10升以内都算不错了。
    
    
    
    
    


    
    
    
    


    





            
            

    外观
        
            
            
        
        4
    
    
    外观方面,全新凯迪拉克GT4采用了极具科技感的造型设计,车身线条流畅,线条简练,充分体现了凯迪拉克的激情与动感。大面积的网状进气格栅与尖锐的LED头灯组相得益彰,让这款跑车显得更加时尚动感。车身侧面则采用了浅V型的流线型设计,拥有低矮的车身和长长的车头,展现出极具力量感的气息,尤其是车侧部分的肌肉线条更是张力十足。后部方面,全新凯迪拉克GT4通过尖锐的LED尾灯和排气系统的设计,营造出强烈热烈、张扬大气的高贵感，使车身的高朴格外显眼。
内饰方面,全新凯迪拉克GT4延续了凯迪拉克一贯的奢华氛围。座椅采用了高档真皮材质,让车内空间显得尤为时尚、高品质,搭配大尺寸的中控屏幕设计,整个车厢呈现出品质感极强的现代风格。跑车的方向盘采用了较小的设计,体现了运动性能。仪表盘则是采用了全数字式设计,不仅方便车主，且显现科技感。
    
    
    
    
    


    
    
    
    


    
    
    
    


    





            

    内饰
        
            
            
        
        3
    
    
    来到凯迪拉克GT4的前排,内饰设计同样让我们有了眼前一亮的感觉,彻底摒弃了以往传统的造型风格, 33英寸曲面大屏加以运用,呈现出十足的前卫豪华气息。值得一提的地方在于,今后家族象征的怀挡结构也没有在凯迪拉克GT4身上缺席,再加上高配版本装备15个扬声器的AKG音响系统,更是很好深化了自身主打高端的定位身份。
    
    
    
    
    


    
    
    
    


    
    
    
    


    





            

    价格政策
        
            
            
        
        3
    
    
    凯迪拉克GT4指导价在21.97万-30.97万，因为是新车上市的原因，没有一分钱优惠，不过现在订车有3000元精品礼包，不过问过销售员，除了玻璃太阳膜没有其它特别实用的东西了。
    
    





            
                

    配置
        
            
            
        
        4
    
    
    配置方面我选择一些亮点和大家分享吧，常规的配置大家去之家配置方面仔细观看，首先是48V轻混，这个功能一般常规车是不具备的，所以豪华车确实下血本，它的优点我觉得大家可以仔细去查查，另外9挡手自一体也是非常奈斯的，另外旗舰的这套音响设备也是一个不错的听觉享受。
    
    
    
    
    


    
    
    
    


    
    
    
    


    




            

            



        "
西子三千个,2023-05-31 首次发表,"
            
                
                    
                    暂无
                    行驶里程
                
                
                
                
                
                
                
                
                
                
                
                
                

                
                
                    30.98万
                    参考价格
                
                
                    2023-05
                    探店时间
                
                
                    杭州
                    探店地点
                
            
            
    
        
            
        
    
    

    
        $(document).ready(function () {
            var koubeiid = 4987663;

        });

    


            
                新车好评
                第一，轮胎使用的自修复轮胎，同级别唯一使用这种轮胎的。
第二，外观年轻又不乏豪华感，轿跑SUV运动元素也很多。
第三，车子定位入门级轿跑SUV，作为BBA以外的豪华品牌，这个价格也是很诱人。
第四，四个门的无钥匙进入，大部门车只有前排，这样去车上拿东西也更方便。
第五，不同车型配备不同轮毂，试驾的是顶配车型，配备了BREMBO四活塞卡钳，而且经过红色的处理，运动的氛围直接拉满。
            
            
                新车槽点
                第一，没有配备备胎，没有12v电源，没有锚点，后备箱只有一个三脚架和一次轮胎自修复的工具。
第二，设计太像锐歌了，感觉没有太多新意。
第三，后座中间隆起比较高，影响了后排乘坐空间。
            

            

    空间
        
            
            
        
        4
    
    
    空间上，体验者身高173cm，坐在前排，头部空间有2拳。前排座椅不变，再来到后排，头部空间一拳两指，腿部空间还有两拳两指。但是后排座椅没有角度的调节，中间位置凸起比较明显，有一定影响空间，后排坐三个人舒适性一般。紧凑型SUV定位的凯迪拉克GT4，其长宽高分别为4633/1878/1536mm，车身轴距达到2800mm，通过这一尺寸数据分析，隶属同级别的主流水平，尤其是2米8的轴距表现，显然很好保障了内部乘坐空间，满足日常出行需求不成问题。
    
    
    
    
    


    
    
    
    


    
    
    
    


    






                

    驾驶感受
        
            
            
        
        3
    
    
    凯迪拉克GT4全系分为1.5T和2.0T两款发动机，分别对应25T和28T两个铭牌。前者的最大功率为155kW，后者有着174kW的最大功率，传动系统方面，与之匹配主流的9挡手自一体变速箱。虽然目前还没有对凯迪拉克GT4进行过试驾，但考虑到同级主流的硬件总成，相信其自身的动态表现并不会让大家失望。
    
    
    
    
    


    
    
    
    


    
    
    
    


    






            

            




            

    油耗
        
            
            
        
        4
    
    
    因为只有展车还没有试驾车，我们在汽车之家上找到配置表。WLTC综合油耗风尚型为6.74L/100km,豪华型和尊贵型为6.82L/100KM，铂金型为7.47L/100KM.百公里提速分别为8.8s,8.9s,7.9s。总体来看，油耗还是比较美丽的，提速更偏向家用。
    
    
    
    
    


    
    
    
    


    
    
    
    


    





            
            

    外观
        
            
            
        
        4
    
    
    凯迪拉克CT4采用家族式最新的设计语言，除了品牌象征的盾型进气格栅以外，分体样式的大灯组合，更是给其增添了浓郁的前卫个性气息。凯迪拉克GT4的车身侧面，低趴风格的整体布局，让其有了几分轿跑SUV的神韵，通过双拼车身、悬浮式车顶以及贯穿前后的腰线设计，赋予了凯迪拉克GT4不俗的时尚动感气质。至于车尾部分，凯迪拉克GT4虽然没有沿用当下流行的贯穿式尾灯组合，但造型凌厉的对称式灯组，再加上下包围两侧双边四出的排气布局，所给人的视觉冲击力依旧十分强烈。单从外观颜值来看，凯迪拉克GT4就足以俘虏年轻朋友的芳心，就算是和奥迪Q3、宝马X1这些主流竞品抗衡，凯迪拉克GT4也丝毫不逊色。
    
    
    
    
    


    
    
    
    


    
    
    
    


    





            

    内饰
        
            
            
        
        4
    
    
    内饰设计同样让我们有了眼前一亮的感觉，彻底摒弃了以往传统的造型风格，33英寸曲面大屏加以运用，呈现出十足的前卫豪华气息。值得一提的地方在于，今后家族象征的怀挡结构也没有在凯迪拉克GT4身上缺席，再加上高配版本装备15个扬声器的AKG音响系统，更是很好深化了自身主打高端的定位身份。
    
    
    
    
    


    
    
    
    


    
    
    
    


    





            

    价格政策
        
            
            
        
        4
    
    
    官方公布的指导价格为21.97-30.97万元，入门价格比同平台的XT4还低，足以看出是给足了诚意。曜石熏黑运动套件是铂金版的标配，豪华和尊享型也可以免费选装。因为厂家推出了一些上市优惠政策，如888元锁定价值25000元的保养、保险、维修服务，增购/置换补贴10000万元等，所以我们能够在汽车之家上（北京等地区）看到这台全新GT4上市第一天就有经销商报价优惠3万元了，虽然这是经销商的一些销售套路，但是对于品牌的负面打击还是比较大的。
    
    





            
                

    配置
        
            
            
        
        3
    
    
    为了满足先锋用户的个性化用车需求，全新GT4提供了5种潮流带感的外饰车色与时尚双色车身。在此基础上，豪华型及尊贵型可免费选装高颜值曜石熏黑运动套件。质感细腻的熏黑工艺从主动进气格栅、行李架延展贯穿至运动车顶，搭配19英寸高亮熏黑铝合金轮毂和车身同色门把手，使之更具运动格调。而铂金型则将GT的运动感演绎得更加极致，其内饰采用高级运动碳纤维饰板，同时搭载Brembo四活塞红色运动卡钳，兼顾运动美学和优异的制动性能。加之ACC自适应巡航系统、360°全景影像、车道偏离警告/车道保持辅助等10余项安全驾驶辅助功能，也能让驾驶者卸下焦虑，安心向前。
    
    
    
    
    


    
    
    
    


    
    
    
    


    




            

            



        "
徒脚走遍世界,2023-05-30 首次发表,"
            
                
                    
                    暂无
                    行驶里程
                
                
                
                
                
                
                
                
                
                
                
                
                

                
                
                    30.97万
                    参考价格
                
                
                    2023-05
                    探店时间
                
                
                    哈尔滨
                    探店地点
                
            
            
    
        
            
        
    
    

    
        $(document).ready(function () {
            var koubeiid = 4986602;

        });

    


            
                新车好评
                凯迪拉克作为合资车，近些年价格方面做了大量的调整。
通过降低门槛，确实让我们普通消费者也可以够得着摸得着~
那今天试驾这款凯迪拉克全新推出的轿跑SUV-GT4，外观依然是美式风格，很有感觉，
最大的亮点是内饰，因为据我了解很多豪华品牌的入门级别车型设计的都非常【狗血】，
不过凯迪拉克的最低配也没让我感受到特别寒酸，21.98W的入门价格我觉得是个不错的信号，毕竟大家都知道过几个月以它的优惠幅度降个1w2w应该不成问题，合资销量不错的两田估计要坐不稳了，那结合这次试驾体验我来总结一下我对GT4的几处优点吧。
1）	外观，首先是豪华品牌的加持和轿跑风格的设计，一定会吸到年轻人的心，毕竟入门级的价格在这摆着呢，以前年轻人20万可能只能看看荣放看看crv，外观内饰老气的一匹，但GT4无论是外观颜值还是内饰的科技与质感再到品牌影响力都是一把尚方宝剑。
2）	1.5T虽然排量不大，但以凯迪拉克的设计，功率和扭矩都比同级别1.5T要出色一些，所以动力不会太差~当然2.0T肯定牛掰，但30w的预算买它那不就大头了么？
3）	内饰也是一改凯迪老气的风格，全新的大连屏配上8155芯片，可以说美观性和可玩性都得到了质的提升，加上怀挡逼格拉满啊，也算是主流梯队了。
4）	品牌的加持一定是咱们买车的重点，虽说是20w，但同样的价格凯迪一定能给到咱不一样的感觉。
5）	最后48v轻混让我感受到不一样的优势，最大亮点是启停的舒适性以及对音响质感的提升以及启停后空调短暂的凉爽，这是12v带来不了的欢乐。
            
            
                新车槽点
                我觉得看这个车的空间设计应该是给老婆设计的，因为后排的空间实在太小了，买菜带个娃是没问题的，如果是一家5口肯定是要略显拥挤。
            

            

    空间
        
            
            
        
        2
    
    
    我的身高183cm，体重88公斤。我把前排座椅调到最低的位置，调整驾驶姿势。GT4前排有1个拳头和3个手指，这是SUV的平均水平。在后排这一点上，腿部空间有1个拳头和4个手指，头部有2个手指。腿部空间的表现基本上等同于紧凑型轿车，头部主要受到车辆外形的限制。的确会让身材高大的乘客在以后的使用中感到有点不适应。
另外，GT4的后备箱空间并不是很大，高耸入云的平台让人很容易想象其下方的空间，但当我打开后备箱盖时，只看到了AKG功率放大器、低音单元和危险警告卡，并没有任何储物空间。幸运的是，GT4是一款SUV，它的可扩展性远远超过了轿车，这使得它的后备箱空间不那么尴尬。
    
    
    
    
    


    
    
    
    


    
    
    
    


    






                

    驾驶感受
        
            
            
        
        4
    
    
    凯迪拉克GT4 1.5T和2.0T发动机可选，全系标配48V轻混系统和9AT变速箱。其中，1.5T发动机的最大功率为211马力，最大扭矩为270 N.m，0—100km/h加速时间为8.8-8.9秒。还有2.0T版本是专为顶级配置打造的，最大功率为237马力，最大扭矩为350牛·米，0—100km/h加速时间为7.8秒，并有气缸停用技术。
    
    
    
    
    


    






            

            




            

    油耗
        
            
            
        
        4
    
    
    因为只是试驾并没有长期驾驶，所以我们目前只能参考官方公布的数据，但按照常识和GT4人群的驾驶风格，官方公布的数据中油耗至少应该是+2L。
    
    





            
            

    外观
        
            
            
        
        4
    
    
    作为一款轿跑SUV，凯迪拉克GT4的侧面线条明显低于XT4等传统SUV，车窗尺寸也明显变小，车窗线条在后门C柱处有向上的造型，与后滑式车尾相呼应。在尺寸上，GT4比XT4要长，但它的高度要低近100毫米。可以说，GT4的侧面轮廓看起来更像是一款跨界掀背车，而不是SUV。
在细节上，GT4的C柱采用了与CT5类似的设计，通过延长车窗线将车顶与底部分开，打造出更加时尚的侧造型。而凯迪拉克也在顶部印上了GT4的名字，以突出车辆的身份。
既然是一款具有运动风格的轿跑SUV，如果想要展现出运动的气息，大轮毂自然是不可或缺的。因此，凯迪拉克已经为GT4准备了19英寸的大脚板，轮胎规格已经达到245/45R19。至于轮胎车型，凯迪拉克选择了普利司通T005轮胎，专为豪华车设计。虽然这款轮胎在操控性方面的表现一般，但在安静性、舒适性、制动性能等方面绝对可以达到第一梯队。更重要的是，GT4上的T005轮胎还具有自我修复功能，可以让车主在爆胎后更加从容。
与轿车时尚的前脸不同，GT4的尾部略显普通，甚至透露出一些很熟悉的感觉。无论是贯穿水平方向的镀铬装饰条，还是外侧垂直布置的LED尾灯，都与其他凯迪拉克车型保持着高度的相似性。为了进一步提升车辆的运动性，GT4还采用了一左一右两个实心排气管，并有镀铬装饰来提升精致度。
如果你觉得这样的外观还不够运动，凯迪拉克GT4还提供了一款带有黑色运动的版本，其中2.0T车型为全系标配，1.5T中高配车型可选。该版本将中央格栅、车窗线条、车外后视镜以及车辆的前后围都改为了黑色设计，中央格栅结构也变成了蜂窝状。同时，车尾部的排气管也改成了四个出风口的造型，看起来更有战斗力。
    
    
    
    
    


    
    
    
    


    
    
    
    


    





            

    内饰
        
            
            
        
        4
    
    
    打开GT4车门，首先映入眼帘的是一块巨大的曲面33英寸仪表+中控屏幕，这与凯迪拉克LYRIQ和凯雷德上的屏幕是一样的。而且不同于新车型简单粗暴的矩形大屏，GT4的曲面屏在外缘有着更为和谐的曲线设计，似乎与内饰更好地融合在一起。、。
更重要的是，这款屏幕虽然有着33英寸的巨大尺寸，却还采用了高通8155处理器，保证了流畅的使用。但它并没有增加太多无用和冗余的功能。除了基本的语音和导航功能，它仍然保留了苹果的Carplay功能。相信我，在目前的环境下，Carplay是最好的“车—机系统”之一。
在屏幕和空调的物理按键下方，GT4设计了一组金属充电接口表，并配备了两个Type—C接口。从2023年的角度来看，这个界面不再是未来的设计。毕竟，大多数充电器接口已经被替换为支持更高电流输出的Type—C。
如今，为了简化汽车的设计元素，让内饰看起来更具科技感，大多数品牌都会放弃以往的触摸旋钮，只保留触摸屏的控制逻辑。不过，根据我多年的使用情况来看，在行车场景中，物理触摸旋钮还是更方便、更安全的。因此，凯迪拉克GT4并没有紧跟时代潮流，切掉了触摸旋钮和快捷键。而是在其上采用了能够突出品牌的特色设计，在保证便利性的同时继续增加了车内的豪华感。
在音频配置方面，凯迪拉克GT4放弃了之前的合作伙伴BOSE，转而投向了AKG的怀抱。在听力方面，我非常赞成这个改变。因为与我自己的CT4上的14扬声器BOSE相比，GT4上的15扬声器AKG扬声器在声场、中高端和低端的分离度、低音深度和分辨率等方面都明显要好一些。他甚至安静地坐在车里，在拍摄过程中听了3首歌才下车。
    
    
    
    
    


    
    
    
    


    
    
    
    


    





            

    价格政策
        
            
            
        
        3
    
    
    官方指导价21.97w-30.97w,本品置换有相关补贴，指导价订车，订车周期部分配置1-3周。
    
    





            
                

    配置
        
            
            
        
        4
    
    
    三挡通风、加热、方向盘加热、26色环境光、HUD、360°影像、前排座椅辅助驾驶系统。此外，GT4还在前排配备了双层夹层玻璃。这时候的美系车一向克制噪音，所以在驾驶舒适性和便利性方面，GT4不会有太多的问题。
    
    
    
    
    


    
    
    
    


    




            

            



        "
昂科威小新哥,2024-01-19 首次发表,"
            
                
                    15km
                    
                    行驶里程
                
                
                    7.0L
                    百公里油耗
                
                
                
                
                
                
                
                
                
                
                
                

                
                
                    19.50万
                    裸车购买价
                
                
                    2024-01
                    购买时间
                
                
                    烟台
                    购买地点
                
            
            
    
        
            
        
    
    

    
        $(document).ready(function () {
            var koubeiid = 5280332;

        });

    


            
                最满意
                颜值动力天花板，内饰豪华感，最佳体验感，安全系数高，既时尚又实用的车型，GT4是最佳选择
            
            
                最不满意
                中央扶手箱有点儿靠后，略显后排空间有点儿狭窄，如果能在改进一下，那就简直太完美了
            

            

    空间
        
            
            
        
        5
    
    
    GT4除了外观时尚很吸引人以外还有空间内部也是很够
用，前后排座椅看着不大座进去还是很够用，大流背的
设计让整个车屁股成为亮睛而其后备箱的容积也是很不
错的，丝毫不受流背的影响。坐在车里，满满的松弛感来了
    
    
    
    
    


    






                

    驾驶感受
        
            
            
        
        5
    
    
    一般就上下班代步，太可了，方向盘轻巧易操控，动力足，加速快，让我体验了完美的速度与激情。
    
    






            

            




            

    油耗
        
            
            
        
        5
    
    
    目前7.8的油耗我还能接受，目前跑了100多公里，我只能说我这个油耗还刚在磨合期不具备参考的价值，但是我觉得磨合期一过再加上后期维护一下，油耗应该会减少很多。
    
    





            
            

    外观
        
            
            
        
        5
    
    
    这款GT4的外观，我觉得是很好看的，给人的感觉是干
练的，年轻的，充满活力的，这也是我当初选择这款车
的原因。特别是这个白色，给人一种高级感，我这个车子回头率还挺高的，同事们都会祝贺我买了新车，我
个人对GT4就是喜欢，蛮符合年轻人的看法的，选择这款车有质感而且低调。
    
    
    
    
    


    





            

    内饰
        
            
            
        
        5
    
    
    内饰方面，大连屏、怀挡显得非常有档次，通风加热电
折耳电尾门这些该有的配置都上了，座椅也很舒服，不
愧美式大沙发的美誉。
    
    
    
    
    


    





            

    性价比
        
            
            
        
        5
    
    
    还是按照自己的个性去选择吧，我买车还是比较看中外观颜值和内饰感受，再一点就是安全，这三点都符合，我的菜，最爱！
    
    





            
                

    配置
        
            
            
        
        5
    
    
    全车主打的豪华游艇内饰，坐进去比之前以往的内饰简直是天壤之别，曲面大连屏，给你满级的豪华体验。更有很多吸人的小细节，豪华真皮座椅，整体的舒适感科技感。
    
    




            

            



        "
蓝色猪宝,2023-09-02 首次发表,"
            
                
                    3464km
                    
                    行驶里程
                
                
                    8.6L
                    百公里油耗
                
                
                
                
                
                
                
                
                
                
                
                

                
                
                    24.67万
                    裸车购买价
                
                
                    2023-06
                    购买时间
                
                
                    福州
                    购买地点
                
            
            
    
    

    
        $(document).ready(function () {
            var koubeiid = 5132271;

        });

    


            
                最满意
                这辆车真是让我心驰神往，特别是它那令人着迷的外观设计。当我第一次看到它时，这辆车的时尚又帅气的外观立刻吸引住我的目光。前脸的独特弯弯眯眯的LED大灯设计，以及尾部的动感气息和两侧个性十足的后尾灯，无论是在路上行驶还是停在路边，都吸引了极高的关注度。
            
            
                最不满意
                唯一让我有些不满的是后备箱的容量稍显局促，对于我家四口之家来说，有时候行李的空间感觉有点不够。整体容量比我预想的小了一点。
            

            

    空间
        
            
            
        
        4
    
    
    这辆车的乘坐空间对我们家来说还算够用，但后备箱容量确实不够理想，比我想象中要小了一些。每次回家乡带一些东西回来，后备箱就已经装不下了，有点不太方便。
    
    






                

    驾驶感受
        
            
            
        
        5
    
    
    这辆车的操控非常简便舒适，而且1.5T的排量在市区驾驶非常轻松。动力响应迅速，绝对不会感到动力不足。
    
    






            

            




            

    油耗
        
            
            
        
        5
    
    
    油耗并不高，平时大约在8个油左右，而且在高速行驶时更加省油。
    
    





            
            

    外观
        
            
            
        
        5
    
    
    这辆车的时尚外观设计非常适合年轻人。它有着锐利的边角设计，再加上那弯弯眯眯的LED大灯，真是充满了独特的魅力。
    
    





            

    内饰
        
            
            
        
        5
    
    
    33英寸的显示屏是我最喜欢的地方，而座椅则采用仿皮材质，非常舒适。前排还配备了加热和通风功能，而主驾驶位更是拥有电动座椅记忆功能。
    
    





            

    性价比
        
            
            
        
        5
    
    
    总的来说，我觉得这辆车非常值得购买。不仅外观颜值高，内饰设计也非常漂亮。
    
    





            
                

    配置
        
            
            
        
        5
    
    
    出色的自动驻车功能真是特别实用，在等红灯时不需要一直踩着刹车，可以稍微放松一下。
    
    




            

            



        "
奇妙柑橘,2023-09-01 首次发表,"
            
                
                    4331km
                    
                    行驶里程
                
                
                    9.6L
                    百公里油耗
                
                
                
                
                
                
                
                
                
                
                
                

                
                
                    24.67万
                    裸车购买价
                
                
                    2023-04
                    购买时间
                
                
                    南京
                    购买地点
                
            
            
    
    

    
        $(document).ready(function () {
            var koubeiid = 5131211;

        });

    


            
                最满意
                我之前开的是一辆XT6，gt4不仅油耗比XT6小了很多。
            
            
                最不满意
                唯一有些遗憾的地方是后排空间有点小，但其他方面都还不错。
            

            

    空间
        
            
            
        
        4
    
    
    后备箱的空间大小刚刚好，适合装一些小物件，而后排仍然可以容纳乘客，副驾驶位置更是毫无问题。
    
    






                

    驾驶感受
        
            
            
        
        5
    
    
    车辆的操控感觉真是一流，完全不像SUV那样笨拙，几乎和轿车没有任何区别。
    
    






            

            




            

    油耗
        
            
            
        
        5
    
    
    油耗并不高，大约9个油，如果在高速上行驶，更加节省油耗，加油时也不用心疼。
    
    





            
            

    外观
        
            
            
        
        5
    
    
    外观简直就是帅炸了！看起来非常精致，设计上充满了力量感，棱角分明。尤其是那LED灯组，简直就是绝美。
    
    





            

    内饰
        
            
            
        
        5
    
    
    内饰的白色给人一种高级感和豪华感，大屏幕使用起来非常流畅舒服。
    
    





            

    性价比
        
            
            
        
        5
    
    
    我觉得这款车已经非常不错了，绝对值得入手。
    
    





            
                

    配置
        
            
            
        
        5
    
    
    座椅的通风和记忆功能非常实用，尤其是在夏天使用起来，真的给人一种无比舒适的感觉。
    
    




            

            



        "
ay9k4wn,2023-08-10 首次发表,"
            
                
                    1135km
                    
                    行驶里程
                
                
                    8.5L
                    百公里油耗
                
                
                
                
                
                
                
                
                
                
                
                

                
                
                    26.00万
                    裸车购买价
                
                
                    2023-07
                    购买时间
                
                
                    邯郸
                    购买地点
                
            
            
    
    

    
        $(document).ready(function () {
            var koubeiid = 5094836;

        });

    


            
                最满意
                对于凯迪拉克GT4这车来说它的内饰设计布局是让我比较喜欢的，中控台的设计风格很有个性也都是比较的简约，而且中控的显示屏也是蛮高级的，功能键也都是一目了然，实用性很高使用起来特别的简单。
            
            
                最不满意
                在这段时间里唯一让我不是特别满意的是GT4它这车的后排空间我觉得有点小了，特别是像我身高一米八四左右的身高乘坐到后排我的头部活动空间虽然是有，但是基本上是很快就顶到头了，给我的感觉就是比较的压抑让我觉得很不舒服。
            

            

    空间
        
            
            
        
        4
    
    
    它的空间虽然说整体使用下来是能够满足日常需求，但是有时像我一米八四的身高乘坐到车子的后排我的头部空间给我的感觉就是有点压抑，没有特别的宽敞给我的感受是不舒服的。
    
    






                

    驾驶感受
        
            
            
        
        5
    
    
    这车在驾驭起来是比较的平稳，动力蛮充足，而且它的底盘调校也很不错，悬挂系统很柔和。
    
    






            

            




            

    油耗
        
            
            
        
        5
    
    
    目前百公里8.5个油对于我来说我还是可以接受的，毕竟平时我的用车时间也比较的长，所以我觉得这样的油耗表现是挺合理的。
    
    





            
            

    外观
        
            
            
        
        5
    
    
    外观颜值很时尚，整体看起来就是比较的前卫，而且前脸家族式的设计风格辨识度很高，尾部也比较的时尚。
    
    





            

    内饰
        
            
            
        
        5
    
    
    内饰它的33英寸显示屏特别的高级，而且中控台的设计风格也是我喜欢的类型，整体看起来是不会觉得太花里胡哨。
    
    





            

    性价比
        
            
            
        
        5
    
    
    性价比很好，而且当时我购车的时候优惠幅度也都是蛮不错的。
    
    





            
                

    配置
        
            
            
        
        5
    
    
    车子该有的配置都有，其中我就喜欢的就是它的座椅通风功能，让我每次运动完开车的时候都特别的凉爽。
    
    




            

            



        "
adg98qa,2023-08-10 首次发表,"
            
                
                    1128km
                    
                    行驶里程
                
                
                    8.0L
                    百公里油耗
                
                
                
                
                
                
                
                
                
                
                
                

                
                
                    25.00万
                    裸车购买价
                
                
                    2023-07
                    购买时间
                
                
                    廊坊
                    购买地点
                
            
            
    
    

    
        $(document).ready(function () {
            var koubeiid = 5094833;

        });

    


            
                最满意
                让我比较满意的是它这车的外观颜值，当时我第一眼看到这款车的时候就被它时髦帅气的外观给吸引了，前脸眯眯眼的LED大灯设计风格很独特，而且它的尾部设计风格也很有运动气息而且两侧的后尾灯设计风格也是一样的个性，平时驾驶这车行驶在路上回头率肯定都是特别的高。
            
            
                最不满意
                唯一不满意的是它的后备箱的容积我觉得有点小了，平时对于我们家四口人的使用下行李有点不够装，整体的容积是比我想象中的要小一点。
            

            

    空间
        
            
            
        
        4
    
    
    这款车的乘坐空间对于我们家来说还是足够我们的使用，但是它的后备箱容积就没有那么理想了，比我想象中的要小那么一点，每次回乡下后备箱放了一点点东西就已经装不下了，我觉得这还是有点不好的。
    
    






                

    驾驶感受
        
            
            
        
        5
    
    
    这款车的操控还是蛮简单舒适的，而且1.5T的排量平时在市区里驾驶都是蛮轻松的，动力基本上是随叫随到并不会觉得动力不足的情况。
    
    






            

            




            

    油耗
        
            
            
        
        5
    
    
    它的油耗不算高，平时就是保持在8个油，而且在跑高速的时候还会更低。
    
    





            
            

    外观
        
            
            
        
        5
    
    
    外观颜值很时尚，特别符合年轻人去入手，而且它有棱有角的设计风格很吸引我，再加上它的眯眯眼LED大灯的设计我觉得很有特色。
    
    





            

    内饰
        
            
            
        
        5
    
    
    它的33英寸显示屏是我最喜欢的地方，而且仿皮材质的座椅舒适性也都是相当的出色，前排还有着加热和通风的功能，而且主驾驶位也有电动座椅记忆功能。
    
    





            

    性价比
        
            
            
        
        5
    
    
    整体来说，我觉得入手这车还是蛮值得的，不仅外观颜值是我喜欢的类型，而且内饰的设计风格也很漂亮。
    
    





            
                

    配置
        
            
            
        
        5
    
    
    它的自动驻车功能我觉得很不错，每次让我在等红灯的时候是不需要一直踩着刹车，我是可以短暂的休息一下我脚的劳累。
    
    




            

            



        "
达州车友8061878,2023-08-09 首次发表,"
            
                
                    856km
                    
                    行驶里程
                
                
                    8.2L
                    百公里油耗
                
                
                
                
                
                
                
                
                
                
                
                

                
                
                    27.50万
                    裸车购买价
                
                
                    2023-07
                    购买时间
                
                
                    达州
                    购买地点
                
            
            
    
    

    
        $(document).ready(function () {
            var koubeiid = 5093144;

        });

    


            
                最满意
                新款的凯迪拉克GT4在外观上还是非常的帅气，前脸的设计也有了新的改变特别是它犀利的LED大灯看着就充满了战斗的气息，而且进气格栅中间的凯迪拉克LOGO也是相当的显眼，行驶在路上这款车的辨识度依旧都是很高的。
            
            
                最不满意
                不满意的地方应该是这车的空间方面，尤其是它的后排空间如果乘坐一个稍微比较高的人它的腿部空间就没有那么舒适了。
            

            

    空间
        
            
            
        
        4
    
    
    凯迪拉克GT4作为一辆紧凑型的SUV，在空间方面上的表现还是稍微差了点，特别是它的后排空间，如果乘坐一个身高在一米八多的人它的腿部空间可能就没有那么舒适了。
    
    






                

    驾驶感受
        
            
            
        
        5
    
    
    有一说一，这车的动力还是很强劲的，1.5T的排量让我在日常的上下班使用下基本上都是能够满足我的需求，而且这车的操控性也很好驾驭它还是非常的简单和轻松。
    
    






            

            




            

    油耗
        
            
            
        
        5
    
    
    对于它的油耗来说我是可以接受的，目前百公里也就是8个油左右，而且这还是没有过磨合期的表现，等过了磨合期我相信还会更低一点。
    
    





            
            

    外观
        
            
            
        
        5
    
    
    GT4这车的外观设计风格很时尚，虽然是紧凑型的车子但是一点都没有缺失豪华大气的感觉，让我开出去车子的辨识度和回头率都是特别的高。
    
    





            

    内饰
        
            
            
        
        5
    
    
    内饰用料很不错，仿皮材质的座椅柔软性很好，而且主副驾驶位都是可以有多种调节方式，前排还有着加热和通风的功能，让我不管是夏天还是冬天的驾驶下都是非常的舒适。
    
    





            

    性价比
        
            
            
        
        5
    
    
    性价比还不错，我觉得GT4这车不管是在外观上颜值很高，而且车子的配置也很丰富，入手它还是很值得的。
    
    





            
                

    配置
        
            
            
        
        5
    
    
    常用的功能基本上都有，像它的360度全景影像清晰度就很好，让我在倒车或者转弯的时候都是可以很好的观察到车子四周的情况。
    
    




            

            



        "
贵阳车友9569722,2023-08-09 首次发表,"
            
                
                    879km
                    
                    行驶里程
                
                
                    8.5L
                    百公里油耗
                
                
                
                
                
                
                
                
                
                
                
                

                
                
                    30.97万
                    裸车购买价
                
                
                    2023-07
                    购买时间
                
                
                    贵阳
                    购买地点
                
            
            
    
    

    
        $(document).ready(function () {
            var koubeiid = 5093139;

        });

    


            
                最满意
                让我满意的就是凯迪拉克GT4它的外观颜值方面，整车看起来既年轻又运动，特别是它的尾部设计风格是真的很战斗，四出的排气口直接把运动感拉满，让我平时驾驶这款车行驶在路上回头率是非常的高。
            
            
                最不满意
                不满意的地方应该它的空间方面，尤其是它的后备箱的储物能力给我的感觉就是不是很能装，像我放一个钓鱼的工具之后它的空余空间就很少了。
            

            

    空间
        
            
            
        
        4
    
    
    虽然这款车的乘坐空间还可以，但是它的储物方面就差了点，尤其是它的后备箱的空间对于我来说有点小了放一下我的钓鱼工具之后空余的空间就只剩下一点点。
    
    






                

    驾驶感受
        
            
            
        
        5
    
    
    车子的动力还蛮强，2.0T的排量拥有着237P的马力，让我平时在市区里超车或者爬坡都是非常的轻松。
    
    






            

            




            

    油耗
        
            
            
        
        5
    
    
    它的油耗我是能接受的，毕竟平时我也喜欢重踩油门而且也经常用车，所以目前百公里8.5个油我觉得还是很合理的。
    
    





            
            

    外观
        
            
            
        
        5
    
    
    整车的外观颜值很高，特别的有运动感，前脸的设计风格很独特而且车身的轮廓也比较的流畅，行驶在路上还是非常的吸引人。
    
    





            

    内饰
        
            
            
        
        5
    
    
    内饰的座椅材质很舒适，基本上车内能用手摸到的地方都是采用软材质包裹的，而且中控的车机也很不错使用起来非常的顺手。
    
    





            

    性价比
        
            
            
        
        5
    
    
    整体来说这车的性价比在同级别车型里还是算蛮高的，而且当时我购车的时候优惠幅度也很好。
    
    





            
                

    配置
        
            
            
        
        5
    
    
    它的全速自适应巡航功能让我在跑高速的时候是非常的方便轻松，让我不需要一直踩着油门长时间下来是不会很劳累的。
    
    




            

            



        "
临沂车友5683840,2023-08-09 首次发表,"
            
                
                    
                    暂无
                    行驶里程
                
                
                
                
                
                
                
                
                
                
                
                
                

                
                
                    24.50万
                    参考价格
                
                
                    2023-07
                    探店时间
                
                
                    济南
                    探店地点
                
            
            
    
    

    
        $(document).ready(function () {
            var koubeiid = 5092495;

        });

    


            
                新车好评
                作为一个颜值党而言肯定是最喜欢他这个设计确实是符合我的审美，尤其是这个车头很有辨识度，尾灯也很漂亮，另外来说的话，动力也是很够用的，毕竟搭配的是2.0t的涡轮增压发动机。
            
            
                新车槽点
                缺点的话就是在前排空间我感觉稍微小了一些，也可能是我这个人比较胖，总感觉有一种比较压抑的感觉。
            

            

    空间
        
            
            
        
        4
    
    
    Gt4的空间稍微小了一些，我这个人比较胖，后排空间还不错，挺够用的。
    
    






                

    驾驶感受
        
            
            
        
        5
    
    
    驾驶感受确实好，行驶过程中也比较平顺，没有什么顿挫的感觉呀，而且2.0t的发动机很够用。
    
    






            

            




            

    油耗
        
            
            
        
        5
    
    
    夏天空调开这么多，百公里油耗也就是九个油到十个油之间。
    
    





            
            

    外观
        
            
            
        
        5
    
    
    这个设计谁会不喜欢呢，作为一个山东大汉很喜欢他的造型，很符合我审美。
    
    





            

    内饰
        
            
            
        
        5
    
    
    做工不错，用料，细节处理的都很到位，而且中控我也特别喜欢。
    
    





            

    价格政策
        
            
            
        
        5
    
    
    这个优惠幅度这么大，真的是特别的心动，和销售交流了一番，现在买车的话，还送很多保养呢。
    
    





            
                

    配置
        
            
            
        
        5
    
    
    配置方面非常的给力，各种功能都很好用，没有鸡肋的配置，很喜欢他的这个辅助驾驶。
    
    




            

            



        "
橡皮树下的约定,2023-07-30 首次发表,"
            
                
                    1012km
                    
                    行驶里程
                
                
                
                
                
                
                
                
                
                
                
                
                

                
                
                    25.97万
                    裸车购买价
                
                
                    2023-07
                    购买时间
                
                
                    广州
                    购买地点
                
            
            
    
    

    
        $(document).ready(function () {
            var koubeiid = 5079298;

        });

    


            
                最满意
                我最满意凯迪拉克GT4的部分就是它的高级感和舒适性。这款车造型时尚，线条流畅，给人一种非常有面子的感觉。无论是外观设计还是内饰布局，都体现了豪车的品质。再加上它搭载的2.0T发动机，提供了出色的动力表现，让人感到非常满意。此外，这款车的导航系统也非常可靠，能够准确指导驾驶员到达目的地，给人一种安心和便捷的感觉。
            
            
                最不满意
                凯迪拉克GT4的空间设计我感觉不太合理，后排座椅有些短了，乘坐感受不太好。
            

            

    空间
        
            
            
        
        4
    
    
    凯迪拉克GT4的空间设计我感觉不太合理，后排座椅有些短了，乘坐感受不太好。
    
    






                

    驾驶感受
        
            
            
        
        5
    
    
    在驾驶感受方面，凯迪拉克GT4给人一种非常舒适的感觉。悬挂系统的调校恰到好处，能够很好地吸收路面的颠簸，行驶起来非常稳定。座椅的设计也非常人性化，提供了良好的支撑力，让驾驶者在长途驾驶中也能保持舒适的姿势。
    
    






            

            




            

    油耗
        
            
            
        
        5
    
    
    油耗情况是凯迪拉克GT4的一大亮点。尽管高级车型在油耗方面一直不敢恭维，但是凯迪拉克GT4却给了我们惊喜。在城市道路上，它的油耗控制得非常出色，表现出了良好的省油能力，让人感到非常满意。
    
    





            
            

    外观
        
            
            
        
        5
    
    
    凯迪拉克GT4的外观设计非常吸引人。它采用了动感的线条和硬朗的造型，给人一种霸气的感觉。无论是前脸的设计还是车身的流线型造型，都展现了凯迪拉克品牌的独特魅力。无论停在任何场合，它都能吸引无数目光。
    
    





            

    内饰
        
            
            
        
        5
    
    
    内饰方面，凯迪拉克GT4同样给人留下了深刻的印象。它采用了豪华的材质和精细的做工，给人一种高档感。无论是座椅的皮质材料还是中控面板的布局，都体现了品牌的用心和品质。
    
    





            

    性价比
        
            
            
        
        5
    
    
    性价比是凯迪拉克GT4的一大优势。虽然它的售价相对较高，但是车辆所提供的配置和性能绝对能够与之匹配。它不仅拥有出色的舒适性和操控性能，还配备了一系列尖端的科技配置，为驾驶者提供了全方位的驾驶乐趣。
    
    





            
                

    配置
        
            
            
        
        5
    
    
    凯迪拉克GT4的配置堪称豪华。它不仅配备了导航系统、倒车影像系统等常见的配置，还具备了智能安全系统、自动驾驶辅助系统等一系列高级配置。这些配置不仅提高了驾驶的安全性，还为乘坐者带来了更加舒适和便捷的驾乘体验。
    
    




            

            



        "
这秋季悲凉,2023-07-30 首次发表,"
            
                
                    652km
                    
                    行驶里程
                
                
                
                
                
                
                
                
                
                
                
                
                

                
                
                    25.97万
                    裸车购买价
                
                
                    2023-07
                    购买时间
                
                
                    广州
                    购买地点
                
            
            
    
    

    
        $(document).ready(function () {
            var koubeiid = 5079112;

        });

    


            
                最满意
                我非常满意凯迪拉克GT4的驾驶感受，这辆车给人一种舒适的感觉，车内比较安静，座椅贴合性也很好。此外，2.0T发动机的性能非常可靠，给予了车辆优秀的动力和稳定性，无论是在市区还是高速公路上，它都能表现出色。
            
            
                最不满意
                令我最不满意的是凯迪拉克GT4的空间表现，车内空间我感觉设计得比较紧凑，尤其是后排的空间表现让我感觉很不满意。
            

            

    空间
        
            
            
        
        4
    
    
    凯迪拉克GT4的车内空间我感觉设计得比较紧凑，尤其是后排的空间表现让我感觉很不满意。
    
    






                

    驾驶感受
        
            
            
        
        5
    
    
    驾驶凯迪拉克GT4的感受令人愉悦。车辆的悬挂系统精确地捕捉到路面细微的颠簸，驾驶者能够感到非常平稳的驾驶体验。此外，操控性能出色，转向精准，给予驾驶者极大的自信心。
    
    






            

            




            

    油耗
        
            
            
        
        5
    
    
    我的凯迪拉克GT4的油耗表现还是让我满意的，没出磨合期在9个油左右，这样的表现在我预期之内。
    
    





            
            

    外观
        
            
            
        
        5
    
    
    凯迪拉克GT4的外观设计非常霸气。车身线条流畅且动感十足，前脸设计独特，给人一种强烈的冲击感。从外观上来看，这辆车充满了现代气息，无论是停在路边还是行驶在道路上，都能引起人们的注目。
    
    





            

    内饰
        
            
            
        
        5
    
    
    车内的内饰设计也是豪华而精致的。高质量的材料和精细的工艺无处不在，给人一种奢华感。
    
    





            

    性价比
        
            
            
        
        5
    
    
    考虑到凯迪拉克GT4的售价，它的性价比还是相当高的。相比同级别的竞争对手，这款车提供了更多豪华的配置和更好的驾驶体验。可以说，购买凯迪拉克GT4是一个物有所值的选择。
    
    





            
                

    配置
        
            
            
        
        5
    
    
    配置方面，这辆车配备了可靠的导航系统和多媒体娱乐设备，使乘坐者的驾驶体验更加便利舒适。
    
    




            

            



        "
之家车友5276882,2023-07-30 首次发表,"
            
                
                    2496km
                    
                    行驶里程
                
                
                
                
                
                
                
                
                
                
                
                
                

                
                
                    30.97万
                    裸车购买价
                
                
                    2023-06
                    购买时间
                
                
                    湖州
                    购买地点
                
            
            
    
    

    
        $(document).ready(function () {
            var koubeiid = 5079093;

        });

    


            
                最满意
                GT4的外观真是惊艳到我了，一下子就被它的外形吸引住了。作为一个喜欢轿跑型车的人，GT4的造型真的是太美了。
            
            
                最不满意
                购车的时候没有太多优惠，但是我觉得早买早享受，晚买享优惠这句话还是很有道理的。
            

            

    空间
        
            
            
        
        4
    
    
    虽然GT4的空间相比传统的SUV来说稍显局促，但对我个人来说完全够用了。平时后排也不怎么坐人。
    
    






                

    驾驶感受
        
            
            
        
        5
    
    
    开GT4的感觉真的很棒。它搭载的2.0T发动机动力十足，座椅的包裹感让人坐起来非常舒适。
    
    






            

            




            

    油耗
        
            
            
        
        5
    
    
    油耗方面，我觉得还是可以接受的。毕竟这是一台高配2.0T的车型，不吃点油也跑不动啊。而且我平时开车也不是那种特别猛的类型。等车子磨合过后再对比一下油耗的情况。
    
    





            
            

    外观
        
            
            
        
        5
    
    
    GT4的外观真的非常吸引人。虽然外观不能成为购车的唯一标准，但对我来说，一辆好看的车真的能让我更加喜欢。GT4的造型整体上非常有轿跑的风格，线条流畅，一眼就能认出它是凯迪拉克。大灯采用了凯迪拉克一贯式的直列式设计，非常独特。
    
    





            

    内饰
        
            
            
        
        5
    
    
    内饰方面，GT4比老款凯迪拉克要好看很多。中控屏幕换成了大连屏，设计精致，操作流畅没有卡顿。
    
    





            

    性价比
        
            
            
        
        5
    
    
    性价比方面，虽然优惠不多，但考虑到它的豪华品牌背景和配置，我觉得它的价值完全超出了它的价格。内饰和外观都非常出色。
    
    





            
                

    配置
        
            
            
        
        5
    
    
    配置方面，作为高配车型，GT4的配置非常齐全。我最在乎的是它的360全景影像功能，对我们新手司机来说非常友好，让停车更加放心。还有前方的碰撞预警系统，让行车更加安全。虽然一开始不太习惯电子挡杆，但习惯之后真的很方便。
    
    




            

            



        "
济宁车友3277800,2023-07-29 首次发表,"
            
                
                    
                    暂无
                    行驶里程
                
                
                
                
                
                
                
                
                
                
                
                
                

                
                
                    22.50万
                    参考价格
                
                
                    2023-07
                    探店时间
                
                
                    潍坊
                    探店地点
                
            
            
    
    

    
        $(document).ready(function () {
            var koubeiid = 5077510;

        });

    


            
                新车好评
                最满意的地方还是说作为一款SUV，这个设计我很喜欢，真的兼顾运动与美感，这个造型很有肌肉感，很符合我审美，另外就是它的减震也特别好。
            
            
                新车槽点
                空间方面不满意，主要就是说这个后排中间的凸起比较高，坐三个人，中间那个人不是很舒服。
            

            

    空间
        
            
            
        
        4
    
    
    空间方面确实是比较够用，就是说后排这个凸起确实是有些高啊，设计的非常不人性，坐中间那个人不舒服。
    
    






                

    驾驶感受
        
            
            
        
        5
    
    
    驾驶感受好，动力充足，毕竟配备2.0t的涡轮增压发动机，搭配上九档手自一体的变速箱，绝对是非常给劲儿。
    
    






            

            




            

    油耗
        
            
            
        
        5
    
    
    别看这么大的排量，消耗并不算高，百公里也就九个油吧，我个人感觉还可以，用车成本并不算高。
    
    





            
            

    外观
        
            
            
        
        5
    
    
    很有设计感，这个车头很帅，大灯是他特别吸引人的地方，晚上打开的时候很有辨识度。
    
    





            

    内饰
        
            
            
        
        5
    
    
    内饰方面确实非常不错，用料材质都很细，连中控也很喜欢，特别好使。
    
    





            

    价格政策
        
            
            
        
        5
    
    
    价格不贵，现在优惠力度特别大，真的很值得入手，早买早享受，哈哈。
    
    





            
                

    配置
        
            
            
        
        5
    
    
    配置非常高，各种功能都很好用，它的手机互联以及倒车影像都很不错。
    
    




            

            



        "
九gwuhdbcojw,2023-07-28 首次发表,"
            
                
                    
                    暂无
                    行驶里程
                
                
                
                
                
                
                
                
                
                
                
                
                

                
                
                    24.67万
                    参考价格
                
                
                    2023-07
                    探店时间
                
                
                    九江
                    探店地点
                
            
            
    
    

    
        $(document).ready(function () {
            var koubeiid = 5076357;

        });

    


            
                新车好评
                决定去看车，第一个选择就是凯迪拉克。因为家里第一台车就是通用品牌的，爸爸那台车开了十年了，车况各方面，所以家人这边是希望我去看下凯迪拉克，我对车的品牌没要求，唯一的要求是，开着舒适，用着智能，当时试驾的车型是尊贵型的，这款车算是它的高配版吧，开着的驾驶感是狠舒适的，起步的时候很稳，在试驾拐弯的时候，方向盘很轻，而且它的档是电子式的怀档，在同等的价位上，这个怀档还是比较少见的，一个曲面的大联屏也是让我很震撼的，除了可以听歌还可以看电视剧。车的尺寸大小对女生来说也是比较友好的的，1.5T的又比较省油，就算是夏天开空调，也不会那么心疼。
            
            
                新车槽点
                说到不满意的，那到也没有，不管是它的外观还是内饰，我还是很认可很喜欢的。
            

            

    空间
        
            
            
        
        5
    
    
    决定去看车，第一个选择就是凯迪拉克。因为家里第一台车就是通用品牌的，爸爸那台车开了十年了，车况各方面，所以家人这边是希望我去看下凯迪拉克，我对车的品牌没要求，唯一的要求是，开着舒适，用着智能，当时试驾的车型是尊贵型的，这款车算是它的高配版吧，开着的驾驶感是狠舒适的，起步的时候很稳，在试驾拐弯的时候，方向盘很轻，而且它的档是电子式的怀档，在同等的价位上，这个怀档还是比较少见的，一个曲面的大联屏也是让我很震撼的，除了可以听歌还可以看电视剧。车的尺寸大小对女生来说也是比较友好的的，1.5T的又比较省油，就算是夏天开空调，也不会那么心疼。
    
    
    
    
    


    






                

    驾驶感受
        
            
            
        
        5
    
    
    
    
    






            

            




            

    油耗
        
            
            
        
        5
    
    
    
    
    





            
            

    外观
        
            
            
        
        5
    
    
    
    
    





            

    内饰
        
            
            
        
        5
    
    
    
    
    





            

    价格政策
        
            
            
        
        5
    
    
    新车上市，对于价格这一块的优惠力度不大。只能说在同级别的这个价位里，它的配置还是不错的
    
    





            
                

    配置
        
            
            
        
        5
    
    
    
    
    




            

            



        "
还我半颗糖团,2023-07-27 首次发表,"
            
                
                    1330km
                    
                    行驶里程
                
                
                
                
                
                
                
                
                
                
                
                
                

                
                
                    30.00万
                    裸车购买价
                
                
                    2023-07
                    购买时间
                
                
                    商洛
                    购买地点
                
            
            
    
    

    
        $(document).ready(function () {
            var koubeiid = 5074444;

        });

    


            
                最满意
                我自身对这个品牌的车子就比较赏识和认可，GT4还有很齐全的驾驶辅助功能，腿部空间不会觉得有压抑感，最满意的就是它的一个操控上的感受了，相对而言比较适合家用。
            
            
                最不满意
                储物空间用起来也很方便，我觉得还是比较适合我的，配置很丰富，我打心眼儿里还是觉得没啥毛病。
            

            

    空间
        
            
            
        
        4
    
    
    驾驶位我坐着是很可以的，把前后排的座椅设计的很宽松，能装得下很多的杂物，一起出去玩的时候都能放下很多行李。
    
    






                

    驾驶感受
        
            
            
        
        5
    
    
    能够感受到动力的充足，跑起来之后也是动力超强的那种，不管是在市区里还是在高速上行驶都没什么问题，给人的一个感觉就是底盘扎实。
    
    






            

            




            

    油耗
        
            
            
        
        5
    
    
    油耗方面的话总体来说还是比较划算的，整体来说感觉还行，还是相当满意的。
    
    





            
            

    外观
        
            
            
        
        5
    
    
    整个前脸层次感很好，比较有立体感，买了车之后也完全没有辜负我的希望，配上有棱角的大灯又带有一丝犀利。
    
    





            

    内饰
        
            
            
        
        5
    
    
    看起来比较大方，方向盘的触感也挺细腻的，细节处处处充满惊喜，每天开车的时候就感觉特别的柔软。
    
    





            

    性价比
        
            
            
        
        5
    
    
    价格也是很合适的，各方便综合起来，我觉得性价比较高，不然当初也不会一门心思的想要购买GT4这辆车，操控是值得肯定的。
    
    





            
                

    配置
        
            
            
        
        5
    
    
    车身的平稳度也非常不错，高速转弯的时候，车内的惯性也不是很大，这车的方向盘的手感特别的喜爱，油门刹车都挺好。
    
    




            

            



        "
我爱老鸭汤招,2023-07-27 首次发表,"
            
                
                    1500km
                    
                    行驶里程
                
                
                
                
                
                
                
                
                
                
                
                
                

                
                
                    30.97万
                    裸车购买价
                
                
                    2023-06
                    购买时间
                
                
                    石家庄
                    购买地点
                
            
            
    
    

    
        $(document).ready(function () {
            var koubeiid = 5074247;

        });

    


            
                最满意
                我觉得这个车综合性方面真的很棒，各种储物空间细节的精致度上确实不一般，我们一家人坐在车里感觉很舒服，反正很实用，它可是一辆标准的车，座椅柔软还行，最满意的就是外观设计。
            
            
                最不满意
                车都还挺在我的点上，车子方方面面的表现都挺不错的，实用性也不怎么样，我还是觉得有点不太好的，用车以来给我的感受都还是挺好的。
            

            

    空间
        
            
            
        
        4
    
    
    空间也对得起自己的尺寸和定位，坐在车内从来没有感到难受过，日常出行的话一家人也会觉得绰绰有余，开起来还是挺舒服的，还是有很大的优势的，空间方面是比紧凑型的车子要好一些。
    
    






                

    驾驶感受
        
            
            
        
        5
    
    
    在动力方面的表现也是挺优秀的，平常市区跑是完全没有问题，超车可以说没有什么多大的问题，我对车子的速度不是很过分的追求快，开车很容易，跑起来之后也是动力超强的那种，不仅在市区里面绝对够用，不管是市区里面还是高速上它的动力都比较充足，尤其是在高速时。
    
    






            

            




            

    油耗
        
            
            
        
        5
    
    
    在油耗上的表现都挺出色的，油耗就自然而然的降下来，当然太喜欢了，以后再来看看怎么样，养车压力大不大，还得看油耗低，开挺久说是个不错的选择，我是每天上下班都走的。
    
    





            
            

    外观
        
            
            
        
        5
    
    
    车头给人的感觉就非常有精神，开出去的话还是挺吸引人的，谁让我是一个颜值控呢，你看的越久，有一种协调的美感，闪耀照人的，车头是整个车最靓的点睛之笔，我愿意选择这辆简约又富有设计感的车跟他的颜值有很大的关系。
    
    





            

    内饰
        
            
            
        
        5
    
    
    设计还是很人性化的，手感不错，也符合日常习惯，整个布局上看着比较的舒服，不会让人觉得很廉价，坐进去的时候也可以让我们感觉很放松，各种安全驾驭的装备也有规划到。
    
    





            

    性价比
        
            
            
        
        5
    
    
    我觉得家用或者是上下班都特别便利，对我来说这辆车的性价比就是最高的，是人生第一台车的不错之选，性能也没有什么太拖后腿的地方，他的这种好是体现在方方面面的，因为很多方面都非常的出色，质量有保障，非常值得入手。
    
    





            
                

    配置
        
            
            
        
        5
    
    
    转向时转动方向盘不会太费力，操控方面是没毛病挑的，上手很轻松，手感非常的好，每次停车或转弯真的很方便，保证了它的便捷性，简单还是比较简单的，实在不要太给力，驾驭起来特别的舒服，一点也不粗笨。
    
    




            

            



        "
有心回天奶,2023-07-27 首次发表,"
            
                
                    1360km
                    
                    行驶里程
                
                
                
                
                
                
                
                
                
                
                
                
                

                
                
                    26.30万
                    裸车购买价
                
                
                    2023-07
                    购买时间
                
                
                    三门峡
                    购买地点
                
            
            
    
    

    
        $(document).ready(function () {
            var koubeiid = 5074243;

        });

    


            
                最满意
                总之对于GT4的性价比我还是很满意的，可以满足我们家的日常需求，系统功能的设计也非常的人性化，这个车真的是符合我心里的预期，各种反应都非常灵敏，空间在这个位置上面是无车能敌的。
            
            
                最不满意
                整车设计更有个性，这个车的定位和价格非常适合，开车带人或者带物都会方便上很多，让我们在驾车的过程中更舒适。
            

            

    空间
        
            
            
        
        4
    
    
    空间方面是比较出色的，车内的空间也算是非常宽大的了，不管是前排还是后排，都可以轻松的翘起二郎腿，人在车子里坐起来也很舒服，我觉得是够我用。
    
    






                

    驾驶感受
        
            
            
        
        5
    
    
    超车方面也更不用多说，动力永远不会让你失望，它的动力是完全够用的，综合来看，每次起步相当迅速给力。
    
    






            

            




            

    油耗
        
            
            
        
        5
    
    
    油耗方面真的很友好，我觉得这个油耗真的不高，为油耗方面感觉无比的傲娇。
    
    





            
            

    外观
        
            
            
        
        5
    
    
    前脸的全体造型显得动感十足，简约又富有设计感的车跟他的颜值有很大的关系，也给自己驾驶这辆车带来一个好的心情。
    
    
        车身做工
        是我这个年龄段的人都挺喜欢的外型，看起来不管是气场还是线条都很好，毕竟是自己挑的车，牢牢的抓住了我的心，它的真的是了外观符合我的感觉。
        
        
    





            

    内饰
        
            
            
        
        5
    
    
    储物空间充裕，中控屏也很大，看东西特别的方便，走线和做工也都很细致，内饰上的配置确实是没让我失望。
    
    





            

    性价比
        
            
            
        
        5
    
    
    这个价位能买到这样一块从颜值到性能都满意的车子，性价比对于我来说很高，非常适合我，GT4是一台可以放心买的车，性价比还是很高的，操控性能也很完美。
    
    





            
                

    配置
        
            
            
        
        5
    
    
    转弯和坡路行驶起来感觉很沉稳，很容易转向，在安全性上也感觉很有保证，给人良好的感觉，操控的体验肯定是非常一流的。
    
    




            

            



        "
柠檬酸134997667,2023-07-26 首次发表,"
            
                
                    
                    暂无
                    行驶里程
                
                
                
                
                
                
                
                
                
                
                
                
                

                
                
                    27.97万
                    参考价格
                
                
                    2023-07
                    探店时间
                
                
                    淄博
                    探店地点
                
            
            
    
    

    
        $(document).ready(function () {
            var koubeiid = 5073128;

        });

    


            
                新车好评
                GT4的外观设计很时髦，全新溜背造型，直列式闪电车灯，光是出去试驾一圈，回头率都非
            
            
                新车槽点
                后排空间小了些，其他方面的表现还是都挺好的。
            

            

    空间
        
            
            
        
        4
    
    
    这款车的驾驶空间还不错，后备箱容积也还可以，就是后排空间会有些紧凑。
    
    






                

    驾驶感受
        
            
            
        
        5
    
    
    驾驶体验还是不错的，转向灵活，好停车，挺适合女性通勤出行使用。
    
    






            

            




            

    油耗
        
            
            
        
        5
    
    
    油耗表现还可以，试驾车的油耗是8.9，个人开的话应该比这低吧。
    
    





            
            

    外观
        
            
            
        
        5
    
    
    全新GT4颜值很高，远近光一体式LED大灯，高辨识度的直立式尾灯，太吸引眼球了…
    
    





            

    内饰
        
            
            
        
        5
    
    
    内饰设计也是相当出色，科技感拉满，宝藏座椅舒适性好，AKG音响系统也是一绝。
    
    





            

    价格政策
        
            
            
        
        5
    
    
    有一定的优惠力度，分期购车也有一定的优势，价格还是很让我心动的。
    
    





            
                

    配置
        
            
            
        
        5
    
    
    AKG录音棚级音响，大连屏设计，26色氛围灯，这简直太美好了。
    
    




            

            



        "
at3x9mq,2023-07-26 首次发表,"
            
                
                    1274km
                    
                    行驶里程
                
                
                    10.0L
                    百公里油耗
                
                
                
                
                
                
                
                
                
                
                
                

                
                
                    23.50万
                    裸车购买价
                
                
                    2023-06
                    购买时间
                
                
                    珠海
                    购买地点
                
            
            
    
    

    
        $(document).ready(function () {
            var koubeiid = 5073127;

        });

    


            
                最满意
                我对于这台车最满意的就是它的驾驶感受了，它的动力是充沛的，轻踩或者是重踩油门都有相对应的动力反馈。
            
            
                最不满意
                不满意它的后备箱有点小，不知道是不是我自己的行李比较多，反正每次一家人出去玩都装不完行李。
            

            

    空间
        
            
            
        
        4
    
    
    它的乘坐空间还是可以的，满座的情况下不会有什么拥挤的感觉，就是后备箱小了点，有些东西装不下。
    
    






                

    驾驶感受
        
            
            
        
        5
    
    
    减震调校软硬适中，在市区里面行驶的时候过减速带都不会有什么太大的感觉。
    
    






            

            




            

    油耗
        
            
            
        
        5
    
    
    10个油百公里的平均油耗我很满意，一开始挺担心它是油老虎的，还好它控制住了这个油耗。
    
    





            
            

    外观
        
            
            
        
        5
    
    
    它的漆面设计挺有光泽的，车身线条立体，轮毂原厂的形状就耐看，就看不腻~
    
    





            

    内饰
        
            
            
        
        5
    
    
    内饰用料实在，打开车门坐进去的时候都闻不到异味，中控屏幕反应灵敏不卡顿。
    
    





            

    性价比
        
            
            
        
        5
    
    
    性价比可以，它的价格是比较实惠的，入手的推荐吧，给到的配置和价格也相匹配。
    
    





            
                

    配置
        
            
            
        
        5
    
    
    有多种驾驶模式可以切换，让它能够适合各种的路况，有上坡辅助，爬坡也轻松。
    
    




            

            



        "
思绪冻结僬,2023-07-26 首次发表,"
            
                
                    1200km
                    
                    行驶里程
                
                
                
                
                
                
                
                
                
                
                
                
                

                
                
                    21.97万
                    裸车购买价
                
                
                    2023-06
                    购买时间
                
                
                    郑州
                    购买地点
                
            
            
    
    

    
        $(document).ready(function () {
            var koubeiid = 5073081;

        });

    


            
                最满意
                开起来也是非常的稳，满足了我的要求，所以我对这个真的是情有独钟，车型外观都符合我的审美要求，车内的空间完全超乎我的想象，大气的造型，要说最满意的地方，整个车子散发出一种稳而时尚的感觉。
            
            
                最不满意
                平时只是家用的话绝对足够，看个人的开车习惯吧，车子买来是为了上班用，舒适性的话我觉得这个车还是有一些问题的，车无完车，再好的车总也会有自己的缺陷，不过这对于整台车来说，都是小问题。
            

            

    空间
        
            
            
        
        4
    
    
    前排还有一定的距离空出来，乘坐环境很舒适，这前后排都设计的很舒适，坐着最不舒服的后排中间的方位也会比较舒适，前排空间不错，彻底能给我们提供一个很好的实用性，后备箱的空间容积比较大，说没有压抑感。
    
    






                

    驾驶感受
        
            
            
        
        5
    
    
    可以满足我们日常的应用需求，我感觉动力是可以的，本人对动力无太大需求，所以说实际的驾驶感受是真的很棒了，上高速的时候一百多不是事，要超个车还是没问题的，油门踩深点加速起来也是有推背感的，完全够用，一般我的驾驶范围也就是市区，他也无所谓。
    
    






            

            




            

    油耗
        
            
            
        
        5
    
    
    基本上的表现也算是还可以的，就是想着买一款节油功能好一点的车子，做急加速或者激烈驾驶，名副其实的省钱小能手，油耗也真的是这款车的一大卖点，不猛烈驾驶，每个人的驾驶习惯也不一样，刚提车那段时间油耗的确现在更低。
    
    





            
            

    外观
        
            
            
        
        5
    
    
    特别是他的前脸我感觉做的是挺不错的，前脸设计的凶狠有型，让人一看到这款车就感觉价格应该会非常高，给人带的感觉就是有那么一丝的俏皮，饱满的线条，没有那么的死板，但大部分人看见我这款车以后还是以夸赞为主的，但是非常漂亮，整体造型精致。
    
    





            

    内饰
        
            
            
        
        5
    
    
    不得不说这个手感不错，简单大方，没有多少繁琐的按钮，非常直观，从视觉上看也比较高端，看着很简单，这辆车子的内饰做得也确实不错，中控还有块不错的液晶屏，他的整体设计合理。
    
    





            

    性价比
        
            
            
        
        5
    
    
    同级别的车相对比，真心不错，都是很不错的，性价比确实可以了，家用合适就满足了，时尚商务气息雨露均沾，这也算是放下了我的心头大事，我觉得很值得购买，我是认同与满意的，性价比非常高，总之这款车从大气的车身设计，时尚商务气息雨露均沾。
    
    





            
                

    配置
        
            
            
        
        5
    
    
    方向盘的力度适中，在超车变道的时候操控感很出色，到大坑大坎的路况，坐在车里感受还是很明显的，转弯的时候让人比较好掌控方向，就熟悉熟悉，这款车子的方向盘比较轻，特别是在弯道中的表现，开起来很轻松，整车在路上的感觉更加稳定。
    
    




            

            



        "
轻车故人来蛊,2023-07-26 首次发表,"
            
                
                    2700km
                    
                    行驶里程
                
                
                
                
                
                
                
                
                
                
                
                
                

                
                
                    25.60万
                    裸车购买价
                
                
                    2023-04
                    购买时间
                
                
                    重庆
                    购买地点
                
            
            
    
    

    
        $(document).ready(function () {
            var koubeiid = 5073011;

        });

    


            
                最满意
                各方面挺实在的，舒适度很不错真的大为赞赏，棱角分明的车身流线，整个颜色搭配很成熟也很显气质，经过这段时间的驾驶感觉确实好开，这个质量过硬，而且在外观设计花了不少的心思。
            
            
                最不满意
                我认为这台车子的内部设计，是价格是在我的预算范围内，内在的安全性能也为车主考虑，感觉这台车子的舒适性做的不是很好的，全方位满足家居需求。
            

            

    空间
        
            
            
        
        4
    
    
    空间足够，放些东西还是挺方便，即便自驾游，发挥的很出色，在车内左右挪动很方便，空间也不用太宽敞，头部空间也有富余，不管是前排还是后排，都可以轻松的翘起二郎腿。
    
    






                

    驾驶感受
        
            
            
        
        5
    
    
    动力速度提升的很快，他真的一点都没有拖拉的感觉，其功率优势还是比较大的，这个搭配可以说是比较经典的了，日常完全够用超车也不拖泥带水，多么频繁的切换，它都能紧跟你的步伐，动力并不是特别的迅猛，它根本不会变得泥泞。
    
    






            

            




            

    油耗
        
            
            
        
        5
    
    
    油耗非常经济，油耗自己也是没有怎么具体的去算过，感觉比预计的好太多了啊，名副其实的省钱小能手，让人非常放心的一个地方，虽然平时是在市里开车的时间多但红绿灯对它没多大影响。
    
    





            
            

    外观
        
            
            
        
        5
    
    
    外观有一种属于自己的魅力，比较耐看，算是一个年轻运动的整体风格，大灯夜间的点亮效果也很亮，被他吸引的还是外观很好看，我就是特别的满意的，这款车就比较对我的胃口
    
    





            

    内饰
        
            
            
        
        5
    
    
    简单大气的内饰，比较有质感，每一个细节都很精致，这一点真的该给个大大的赞，摸起来手感很好，座椅用料都挺好，很舒服，坐进去的时候也可以让我们感觉很放松，还是很不错的。
    
    





            

    性价比
        
            
            
        
        5
    
    
    我对车子性价比这点的满意度是比较高的，在外观空间内饰配置上面都特别的均衡，第一次买车也没有什么经验，爱了爱了，能够满足我们的日常使用，我感觉很值，所以我觉得值得购买有了我所喜欢的比较高的颜值。
    
    





            
                

    配置
        
            
            
        
        5
    
    
    开起来很有驾驶感，操控这一点也算得上是一个喜欢的地方了，车子刹车灵敏度也好，很好驾驭，而且车子开着很稳当，挺稳的感觉很有安全感，在安全性上也感觉很有保证，在控制上我就已经试的很仔细了，操纵起来也很好上手，车内一眼看去感觉整洁，所以也不需要花费更多的时间去熟悉了。
    
    




            

            



        "
aaq9k4y,2023-07-26 首次发表,"
            
                
                    2110km
                    
                    行驶里程
                
                
                
                
                
                
                
                
                
                
                
                
                

                
                
                    26.55万
                    裸车购买价
                
                
                    2023-06
                    购买时间
                
                
                    黄山
                    购买地点
                
            
            
    
    

    
        $(document).ready(function () {
            var koubeiid = 5072931;

        });

    


            
                最满意
                最满意的是GT4这车的动力和操控了，空间和舒适性方面还是很满意的，在我心里品牌印象特别好，看起来厚实有光泽，整体的表现我都是极为满意的，动力是比较重要的。
            
            
                最不满意
                整体而言这款车是很不错的，丰厚的配置会让我愈加安心，乘坐空间也很大，在路上回头率都是非常高的。
            

            

    空间
        
            
            
        
        4
    
    
    我反正没感觉到紧凑，能够容量各种杂物和日常必需品，都能够找到合适的位置安放，一点也不拥挤，基本上每天都不会爆满，前后排以及后备箱空间我觉得散布得挺合理的。
    
    






                

    驾驶感受
        
            
            
        
        5
    
    
    动力都是总是很强大，加速时候的推背感是很强烈的，油门踩下去一点都不显得吃力，油门踩深点加速起来也是有推背感的，感觉对我而言是足够了。
    
    






            

            




            

    油耗
        
            
            
        
        5
    
    
    我是比较认可它在油耗方面表现，对生活品质的提升很明显，说实话还是蛮不错的。
    
    





            
            

    外观
        
            
            
        
        5
    
    
    前脸的细节设计很多，属于耐看型，整个车看起来挺协调的感觉，我喜欢这种简单的设计又可以凸显出这辆车的优点，颜值这一块拿捏的死死的。
    
    
        车身做工
        线条的比例尤为的协调，千人千面，前脸的设计是比较有设计感，是比较亮眼的一款车子，每次开出去感觉都十分吸睛。
        
        
    





            

    内饰
        
            
            
        
        5
    
    
    对于内饰的设计我都能够感觉出来，有一些别出心裁的设计，内饰带来了一定的运动氛围，简约风格没有花里胡哨的感觉，整体看起来也挺上档次的。
    
    





            

    性价比
        
            
            
        
        5
    
    
    性价比是没有什么大的问题的，整个氛围也是非常舒服的，出行的时候都能拥有一个自信心满满的驾驶体验，减震啊，动力啊，配置什么的都不错。
    
    





            
                

    配置
        
            
            
        
        5
    
    
    指向精准，底盘扎实，轻松应付所有的烂路，操控起来很简单，其他各种也比较友好，对于安全来说也是一个好的表现。
    
    




            

            



        "
吴中馅儿怨,2023-07-26 首次发表,"
            
                
                    2184km
                    
                    行驶里程
                
                
                
                
                
                
                
                
                
                
                
                
                

                
                
                    19.85万
                    裸车购买价
                
                
                    2023-06
                    购买时间
                
                
                    抚州
                    购买地点
                
            
            
    
    

    
        $(document).ready(function () {
            var koubeiid = 5072883;

        });

    


            
                最满意
                配置在同级车型中还是挺丰富的，大气的造型，方向盘一点也不沉重，但是和其他品牌对比，价格明显要更有优势，都完美展示了超高颜值。
            
            
                最不满意
                线条的设计不太多，但是也比较符合大众的审美观，整体给人的感觉便是十分的英俊，现在变成了我专属的车子，车身的棱角不多，让人觉得很柔美。
            

            

    空间
        
            
            
        
        4
    
    
    我觉得是够我用，前排空间还可以，我自己也能接受这样的内部空间，给我带来的乘车体验就挺不错。
    
    
        ☆ 空间设计亮点
        座椅的设计符合人体工学的，无论坐到前后排活动空间都很充裕。
        
        
    






                

    驾驶感受
        
            
            
        
        5
    
    
    红绿灯起步的时候很有面子，作为日常出行的家用车，没有觉得动力不行，开起来的驾驶动力感受还挺不错的，不会觉得动力有欠缺。
    
    






            

            




            

    油耗
        
            
            
        
        5
    
    
    走到哪儿都经济实惠，大众消费的起，个人认为这车现在油耗量相对来说还是很低了，从来没有让我担心过，反正每个月用车也就那么远。
    
    





            
            

    外观
        
            
            
        
        5
    
    
    很有规划感，但大部分人看见我这款车以后还是以夸赞为主的，外观比较符合传说中美男子的形象，我对外观说实话很在意。
    
    





            

    内饰
        
            
            
        
        5
    
    
    整体的布局还好，这辆车对我来说是一个很理想的选择，内饰简单大气，手感很好，中控大屏的屏幕很清晰。
    
    
        内饰用料
        内饰做工不错，材料也能很明显的看出来是很厚道的。
        
        
    





            

    性价比
        
            
            
        
        5
    
    
    物超所值的GT4真的是非常实用了，看起来也很有档次，整个车性价比还是蛮高的，坐车就是实实在在的也挑不出来什么刺儿。
    
    





            
                

    配置
        
            
            
        
        5
    
    
    这些配置基本上都是一些实用性配置，更多的还是考虑车的安全性，对我这种喜欢自驾游的人来说，并没有什么特别的不足。
    
    




            

            



        "
巴黎台木,2023-07-26 首次发表,"
            
                
                    1330km
                    
                    行驶里程
                
                
                
                
                
                
                
                
                
                
                
                
                

                
                
                    25.30万
                    裸车购买价
                
                
                    2023-07
                    购买时间
                
                
                    娄底
                    购买地点
                
            
            
    
    

    
        $(document).ready(function () {
            var koubeiid = 5072844;

        });

    


            
                最满意
                坐上去不觉得拥挤，系统功能的设计也非常的人性化，说实话真的给了我一个挺大的惊喜的，动力表现真的很强，很有未来的远方感，加速更是分分钟的事，我个人特别看中外观。
            
            
                最不满意
                GT4可以说很精致也很细腻，售后服务还是不错的,是比较出众，大路小路跑起来都合适，比较轻松，没有什么难度，感觉开起来也还可以。
            

            

    空间
        
            
            
        
        4
    
    
    空间也很宽敞，人在车子里坐起来也很舒服，后备箱的空间也是挺宽敞的，可以放好多的物品，腿部空间还有头部空间都很充足。
    
    






                

    驾驶感受
        
            
            
        
        5
    
    
    启动毫不费劲，速度快起来的话也非常的平稳，开着也不会给人轻飘飘向前窜的感觉，在行驶过程也是动力好，日常完全够用超车也不拖泥带水，直接感觉不到有顿挫感。
    
    






            

            




            

    油耗
        
            
            
        
        5
    
    
    特别满足，感觉省了不少钱呢，是我个人能接受的，也不会有很大的要求。
    
    





            
            

    外观
        
            
            
        
        5
    
    
    让人看起来特别舒服，不仅辨识度很高，而且很有气势，灵动流畅的车身线条，看起来大气沉稳，外观颜值还是很高，让我喜爱。
    
    





            

    内饰
        
            
            
        
        5
    
    
    内饰的用料应该是比较厚道的，算是材质比较好，我感觉它的中控台设计还挺有个性的，车内的色彩也是比较养眼的，看起来比较大方，每天开车的时候就感觉特别的柔软。
    
    





            

    性价比
        
            
            
        
        5
    
    
    配置在同等价位的车子里算是比较高的了，最后还是觉得是这款车是性价比之王，没有出现什么乱七八糟的费用。
    
    





            
                

    配置
        
            
            
        
        5
    
    
    这车操纵起来毫不费劲，极速转弯也不会有倾斜感，我觉得开的时候挺好，完全是自己独特的风格，底盘响应很及时灵敏能跟得上我的步伐，驾驶质感很棒。
    
    




            

            



        "
__jack__,2023-07-25 首次发表,"
            
                
                    700km
                    
                    行驶里程
                
                
                    8.0L
                    百公里油耗
                
                
                
                
                
                
                
                
                
                
                
                

                
                
                    27.67万
                    裸车购买价
                
                
                    2023-07
                    购买时间
                
                
                    北京
                    购买地点
                
            
            
    
    

    
        $(document).ready(function () {
            var koubeiid = 5071828;

        });

    


            
                最满意
                最满意的就是它的动力呈现，本来上手就比较充沛，有了上坡辅助之后爬坡更加的轻松、简单，毫无吃力和压力感。
            
            
                最不满意
                迄今为止没有啥不满意的地方，毕竟是豪华车，操控好，外观也很帅气，家人都很喜欢。
            

            

    空间
        
            
            
        
        4
    
    
    空间让我最欣慰的其实是后排的空间，家里有老人，岁数大一点儿就很喜欢翘二郎腿，每次乘坐这辆车子的时候看见他们坐在后边都是无拘无束的状态，对空间也算是有了一定的衡量。
    
    






                

    驾驶感受
        
            
            
        
        5
    
    
    驾驶模式有运动，标准，雪地，自定义等，而且配备了发动机启停技术和自动驻车，还有上坡辅助呢，这样在爬坡的时候就没有什么吃力感了。
    
    






            

            




            

    油耗
        
            
            
        
        5
    
    
    当时在买车的时候准备的钱就刚刚好够用，所以在后期用车的时候就比较担心油耗，结果油耗不高，没让我觉得有一些养车压力。
    
    





            
            

    外观
        
            
            
        
        5
    
    
    外观设计的很大气，而且有一种越野感，再加上它的体型设计的方方正正的，就觉得很适合用在一些工作等正式的场合，刚好我主要是用在工作中，就很适合。
    
    





            

    内饰
        
            
            
        
        5
    
    
    配备了彩色的行车电脑显示屏和全液晶仪表盘，真皮的方向盘也让我觉得挺有质感的，品质方面也就更为的放心了，做工我觉得也是比较精湛的，看得出来还挺用心的。
    
    





            

    性价比
        
            
            
        
        5
    
    
    其实当时购车的时候我也顾虑了很多，奈何他们在价格方面特别的实惠，让我觉得机遇还挺难求的，错过了就会有一些遗憾。
    
    





            
                

    配置
        
            
            
        
        5
    
    
    手机APP可以远程控制车门，对车况进行查询，也可以对车辆进行定位，而且还配备了多功能方向盘，让我觉得比较便捷的就是直接可以通过这个方向盘进行换挡。
    
    




            

            



        "
黑么弯酸盼,2023-07-25 首次发表,"
            
                
                    1706km
                    
                    行驶里程
                
                
                
                
                
                
                
                
                
                
                
                
                

                
                
                    25.06万
                    裸车购买价
                
                
                    2023-06
                    购买时间
                
                
                    东莞
                    购买地点
                
            
            
    
    

    
        $(document).ready(function () {
            var koubeiid = 5070570;

        });

    


            
                最满意
                无论是外观的造型还是内饰有层次的中控布局，我挺认可这辆车子的品质，性价比没问题，油耗表现让我最满意了，其次是对车子的使用成本满意。
            
            
                最不满意
                车子的隔音效果我觉得处理的也还不错的，第一眼给人留下的印象特别深刻，功能性非常实用，用车都非常便利。
            

            

    空间
        
            
            
        
        4
    
    
    对前后排的空间都非常满意，可以放很多很多的东西，平时出去购物买的物品和一般家里要装载的东西，腿部和前排还有一定的距离空出来。
    
    
        车内储物能力
        车内储物空间也很多，放水杯放手机都比较方便。
        
        
    






                

    驾驶感受
        
            
            
        
        5
    
    
    上速度上来之后开着非常爽，平常开着轻快，我觉得这也足够了，超车、加速什么的都很给力，不那么依赖高转速。
    
    






            

            




            

    油耗
        
            
            
        
        5
    
    
    目前在磨合期内，所以不算太高也不算太低，我也相信过了磨合期后悔更加低一些。买车的目的就是也就是为了家用，让我觉得还是挺有底气的。
    
    





            
            

    外观
        
            
            
        
        5
    
    
    明显在造型上柔和了不少，整体的一个设计以及颜色的运用都挺好，开车还是安全主要的，造型创意都是满满的。
    
    





            

    内饰
        
            
            
        
        5
    
    
    简约中不失风度，整个内饰设计也显得比较时髦而且很精美，买这台车的大部分原因就是因为这台车的外观，这个确实要漂亮很多。
    
    
        内饰用料
        打开车门就会让我觉得很高级，用料方面还是挺好的。
        
        
    





            

    性价比
        
            
            
        
        5
    
    
    它优势很多，所以毫不犹豫的就直接定了一款车，各方面做的是非常的符合大众的需求，这个级别的感觉性价比是最高的了。
    
    





            
                

    配置
        
            
            
        
        5
    
    
    满足自驾游，用车都非常便利，车子能有这样的配置已经相当不错了。
    
    




            

            



        "
胶片啊胶片确,2023-07-25 首次发表,"
            
                
                    1200km
                    
                    行驶里程
                
                
                
                
                
                
                
                
                
                
                
                
                

                
                
                    30.97万
                    裸车购买价
                
                
                    2023-06
                    购买时间
                
                
                    唐山
                    购买地点
                
            
            
    
    

    
        $(document).ready(function () {
            var koubeiid = 5070463;

        });

    


            
                最满意
                出行也给我带来了很多不一样的乐趣，论从内还是从外，它就是我选择的最优方案，操控性能也很完美，驾驶起来特别的舒适，造型也好，这个质量过硬，而且在外观设计花了不少的心思，表现十分丰富。
            
            
                最不满意
                设计非常好，一眼就看出来了，后面就很平顺了，其实也不影响驾驶，我也可以理解，隔音效果挺好的，知足了吧，和它同级别的很多车都不在一个量级上。
            

            

    空间
        
            
            
        
        4
    
    
    日常使用够了，驾驶空间和乘坐空间完全没有问题，通常都是坐满五个大人，丝毫不拥挤，乘坐的空间也足够，而且整个空间设计的特别合理，它的主驾驶没有那种压抑和憋屈的感觉，当家人坐在后面时。
    
    






                

    驾驶感受
        
            
            
        
        5
    
    
    起步不肉，长途行驶动力还是不错，满足使用就好，这个动力和比较的优秀的加速起步都比较的不错，踩着油门，动力强的优势，不会有紧绷感或动力不足，开起来也不会太累，作为日常出行的家用车，首先起步非常快。
    
    






            

            




            

    油耗
        
            
            
        
        5
    
    
    感觉还是挺省油的，原来一直在市区上下班开，是经过一次高速反馈都很好，上班族油耗不能太高，油耗是在能合理接受范围。
    
    





            
            

    外观
        
            
            
        
        5
    
    
    很亮眼，很有精神，车子的光泽度很好，扎实的尾部，非常好看的一辆车，充满了魅力，车子的颜值简直就是王道呀，是比较亮眼的一款车子。
    
    





            

    内饰
        
            
            
        
        5
    
    
    内饰设计还挺有个性的，这让我感到非常满意，氛围更稳重，我更满意，调节功能丰富，空间可以变换，一些常用的功能还是实体按键，能买到这样的整体搭配。
    
    





            

    性价比
        
            
            
        
        5
    
    
    安全性高，保值率高，内饰又高端有设计感，第一次买车也没有什么经验，他的性价比非常好，要说性价比怎样，我肯定给高分，不算是很高，反正买车嘛，自己对眼的才重要。
    
    





            
                

    配置
        
            
            
        
        5
    
    
    在路上的感觉更加稳定，车身也没有发飘的感觉，方向盘操控起来特别顺手，习惯了就更容易操控了，车子内部配备的是多功能方向盘，车身也没有发飘的感觉，车身可以保持非常平稳，拐弯的时候感觉方向盘挺轻快。
    
    




            

            



        "
糯米团子炼,2023-07-25 首次发表,"
            
                
                    2544km
                    
                    行驶里程
                
                
                
                
                
                
                
                
                
                
                
                
                

                
                
                    23.54万
                    裸车购买价
                
                
                    2023-05
                    购买时间
                
                
                    广州
                    购买地点
                
            
            
    
    

    
        $(document).ready(function () {
            var koubeiid = 5070434;

        });

    


            
                最满意
                第一眼给人的感觉就是上档次，最满意的是这车的动力了，这车动力比较优秀，各方面感觉还不错，载物能力达到了我心目中理想的空间表现。
            
            
                最不满意
                外观比较美丽，对于日常出行家庭使用来说方便极啦，用料方面很高级，在一定程度上增强了这个车的档次感，看了差不多几款同级别的车依然觉得GT4最好。
            

            

    空间
        
            
            
        
        4
    
    
    放起小东西来方便多了，主驾以及后排左右两侧没问题，平常放几个收纳箱什么的，能装下很多东西，设计的比较合理，空间无论是宽度长度都很棒。
    
    






                

    驾驶感受
        
            
            
        
        5
    
    
    动力表现十分惊讶，它是比较强劲那种，反应所需的时间很短，初段的加速表现还算够用，后来发现自己想太多了，不管在什么样的路况下动力方面都发挥得很不错。
    
    






            

            




            

    油耗
        
            
            
        
        5
    
    
    百公里油耗同级别里算低了，这车的油耗确实是非常的给力了，刚提车那段时间油耗的确现在更低，开挺久说是个不错的选择。
    
    





            
            

    外观
        
            
            
        
        5
    
    
    仔细看外观车漆做得都很好，车身腰线很犀利，但是外观造型看起来还是非常大气的，都不会觉得奇怪，还是越看越好看。
    
    





            

    内饰
        
            
            
        
        5
    
    
    内饰的设计我也很喜欢，整车看起来还是挺高大上的，给我满满的体贴感，用料扎实没有味道，视觉和手感都挺好。
    
    





            

    性价比
        
            
            
        
        5
    
    
    质量也比较好，安全性好，而且不给我太大的经济负担，油耗也很满意，很低了，舒适性等方面表现也很不错，性价比非常高。
    
    
        购车优惠
        优惠还不错，买车的时候也算是赶上了好时候。
        
        
    





            
                

    配置
        
            
            
        
        5
    
    
    这个外观这个价格这个配置这个底盘都让我觉得买到就是赚到，我开着是没有问题的，开车出去很爽，我和媳妇统一认为比我们家上一辆车好多了。
    
    




            

            



        "
shaonan1987,2023-07-25 首次发表,"
            
                
                    740km
                    
                    行驶里程
                
                
                    8.0L
                    百公里油耗
                
                
                
                
                
                
                
                
                
                
                
                

                
                
                    30.97万
                    裸车购买价
                
                
                    2023-07
                    购买时间
                
                
                    嘉兴
                    购买地点
                
            
            
    
    

    
        $(document).ready(function () {
            var koubeiid = 5069992;

        });

    


            
                最满意
                最满意的就是性价比吧，价格不会很贵，品牌效应也不错，也可能是因为是个老品牌，所以才能够配备那么多免费的赠品。
            
            
                最不满意
                不满意的就是空间对比下来稍小，但是家用还是可以的。
            

            

    空间
        
            
            
        
        4
    
    
    当时看到这个体型的时候就觉得它的空间应该差不到哪儿去，果不其然，后期使用的时候感觉家用还可以，就连车内的几个小小的扶手箱发挥的作用都很到位。
    
    






                

    驾驶感受
        
            
            
        
        5
    
    
    配备了巡航系统，而且导航的同时还可以显示路况信息，车子可以识别交通标识，还可以车道保持辅助，方向盘转动的过程中也比较轻松，没有什么虚位，整体的表现很精准。
    
    






            

            




            

    油耗
        
            
            
        
        5
    
    
    目前的油耗偏还是可以的，跑了740公里，综合油耗8个油，上下班家用，还需要一段时间继续进行仔细的磨合。
    
    





            
            

    外观
        
            
            
        
        5
    
    
    外观设计的还是挺成熟的，也比较稳重，再配上体型的原因，给人的第一印象就很有魅力，价值感也比较充足，车顶有行李架，很大程度的起到了修饰的作用，使车子看起来更加的霸气。
    
    





            

    内饰
        
            
            
        
        5
    
    
    主副驾驶座位有化妆镜和照明灯，中控屏排布在正前方的中控台面上，屏幕像素密度很高，而且可以车载蓝牙，有了主动降噪系统之后车内的环境就变得很安静，不会有明显的噪音。
    
    





            

    性价比
        
            
            
        
        5
    
    
    价格早就已经衡量好了，没有超出我的预算范围，而且还给了很多免费的赠品，这些东西都可以很好的用到后期生活中。
    
    





            
                

    配置
        
            
            
        
        5
    
    
    车内的中控配有中控锁，而且发动机也有电子防盗技术，配备了主动闭合式进气格栅，可以远程启动，还配有LED日间行车灯，自适应远近光，自动头灯等。
    
    




            

            



        "
太棒了吧,2023-07-24 首次发表,"
            
                
                    724km
                    
                    行驶里程
                
                
                
                
                
                
                
                
                
                
                
                
                

                
                
                    30.97万
                    裸车购买价
                
                
                    2023-07
                    购买时间
                
                
                    广州
                    购买地点
                
            
            
    
    

    
        $(document).ready(function () {
            var koubeiid = 5069509;

        });

    


            
                最满意
                作为一款紧凑型SUV，GT4在驾驶感受方面表现出色。搭载的引擎动力强劲。
            
            
                最不满意
                最不满意的一点是GT4的空间设计，后排空间小了点，坐满人还是有点拥挤了。
            

            

    空间
        
            
            
        
        4
    
    
    后排乘客的腿部空间相对有些局促，长时间的乘坐可能会感到不太舒适。
    
    






                

    驾驶感受
        
            
            
        
        5
    
    
    加速迅猛，让人充分感受到驾驶的乐趣。悬挂系统也在不影响舒适性的同时提供了稳定的操控性能，让我感受到一种安全感。
    
    






            

            




            

    油耗
        
            
            
        
        5
    
    
    GT4在油耗方面表现出色。采用了先进的动力系统和车身轻量化设计，使得油耗相对较低，同时也减少了对环境的排放。
    
    





            
            

    外观
        
            
            
        
        5
    
    
    车头采用了独特的家族式前脸设计，使整车更具辨识度。细节处理精细，让整个车身呈现出一种高质感。
    
    





            

    内饰
        
            
            
        
        5
    
    
    GT4的内饰设计给人一种豪华舒适的感觉。中控台布局简洁明了，触控屏操作简便。
    
    





            

    性价比
        
            
            
        
        5
    
    
    GT4在性价比方面表现出色。与同级别的竞争对手相比具有一定的优势。
    
    





            
                

    配置
        
            
            
        
        5
    
    
    GT4配备了一系列豪华配置，满足了我对于一台高品质SUV的需求。
    
    




            

            



        "
aiktgieiyhd,2023-07-24 首次发表,"
            
                
                    254km
                    
                    行驶里程
                
                
                
                
                
                
                
                
                
                
                
                
                

                
                
                    30.97万
                    裸车购买价
                
                
                    2023-07
                    购买时间
                
                
                    苏州
                    购买地点
                
            
            
    
    

    
        $(document).ready(function () {
            var koubeiid = 5069404;

        });

    


            
                最满意
                驾驶GT4的感觉让我非常满意。底盘稳定，操控响应灵敏，转弯时的稳定性和灵活性令人惊叹。
            
            
                最不满意
                相较于其他竞争对手，GT4的后排空间相对较小，对乘坐后排的乘客来说略显拥挤。
            

            

    空间
        
            
            
        
        4
    
    
    除了后排空间稍显拥挤外，GT4整体的空间表现还是不错的。前排座椅宽敞舒适，驾驶员和乘客都可以轻松找到合适的坐姿。
    
    






                

    驾驶感受
        
            
            
        
        5
    
    
    它的悬挂系统设置得非常好，路感清晰，转向稳定而精准。此外，驾驶座椅非常舒适，能够提供良好的支撑，长途驾驶不会感到疲劳。
    
    






            

            




            

    油耗
        
            
            
        
        5
    
    
    GT4的油耗表现非常出色。无论是城市通勤还是长途行驶，都认为油耗控制得相当不错，只有9个多。
    
    





            
            

    外观
        
            
            
        
        5
    
    
    GT4的外观设计简洁而精致，展现了一种低调而奢华的风格。
    
    





            

    内饰
        
            
            
        
        5
    
    
    GT4的内饰设计兼具豪华和实用性。优质的材料和精细的工艺展现出一种高品质的感觉。
    
    





            

    性价比
        
            
            
        
        5
    
    
    对于追求性能和豪华的消费者来说，GT4无疑是一个不错的选择。
    
    





            
                

    配置
        
            
            
        
        5
    
    
    GT4配备了非常强大的配置。从安全性能到娱乐系统，它提供了一系列的高科技功能。
    
    




            

            



        "
LASTGHOST2017,2023-07-24 首次发表,"
            
                
                    500km
                    
                    行驶里程
                
                
                    8.0L
                    百公里油耗
                
                
                
                
                
                
                
                
                
                
                
                

                
                
                    25.20万
                    裸车购买价
                
                
                    2023-06
                    购买时间
                
                
                    威海
                    购买地点
                
            
            
    
    

    
        $(document).ready(function () {
            var koubeiid = 5069275;

        });

    


            
                最满意
                这款车让我惊喜的地方是油耗很低，百公里才8的油，让我省了很多用车成本。
            
            
                最不满意
                20多万的车座椅不是真皮的我觉得有点可惜，虽然仿皮的坐起来感觉也不错，但真皮的更耐用。
            

            

    空间
        
            
            
        
        4
    
    
    四米六的车身长度乘坐起来的空间感觉得还行，就是后备箱小了点，装不了什么大物件。
    
    






                

    驾驶感受
        
            
            
        
        5
    
    
    这辆车的动力确实很强，搭载的是一台1.5T排量的涡轮增压发动机，最大马力能开到211P，起步动作非常敏捷，给油就走完全不会觉得笨重，而且提速过程也很直接，油门踩下去速度立马就提起来了，不管是在市区内还是在高速上超车都很轻松，一点都不拖泥带水的，另外方向盘力度也轻柔，指向也特别准，过弯变向都特别好操控。
    
    






            

            




            

    油耗
        
            
            
        
        5
    
    
    这款车可以加92汽油，而且百公里油耗才8的油，对于我们这种普通家庭来讲不知道每个月省了多少钱。
    
    





            
            

    外观
        
            
            
        
        5
    
    
    这车外观还挺紧致，这小眼神的车灯，和小碗一样弧度的格栅前脸看上去怪可爱的。
    
    





            

    内饰
        
            
            
        
        5
    
    
    我觉得它这种内饰设计看上去还挺不错的，起码没有那么单调，而且整体看上去还有那么一点贵气，另外联屏看上去确实帅，比以前那种不知道好看多少倍。
    
    





            

    性价比
        
            
            
        
        5
    
    
    当时我和老婆在奥迪、BBA以及凯迪拉克这三个车里想了很久，最后还是选择了它，主要还是价格方面的问题，奥迪和BBA固然品牌更响亮，但价格都比凯迪拉克贵，而且优惠方面也少，对于我们这种预算少的买凯迪拉克性价比更高一些。
    
    





            
                

    配置
        
            
            
        
        5
    
    
    它的配置虽然不多，但实用性还挺高，像前后雷达、倒车影像、并线辅助、无钥匙启动等，我基本上天天都能用的上。
    
    




            

            



        "
汕头车友2891536,2023-07-24 首次发表,"
            
                
                    
                    暂无
                    行驶里程
                
                
                
                
                
                
                
                
                
                
                
                
                

                
                
                    27.20万
                    参考价格
                
                
                    2023-07
                    探店时间
                
                
                    汕头
                    探店地点
                
            
            
    
    

    
        $(document).ready(function () {
            var koubeiid = 5069043;

        });

    


            
                新车好评
                颜值很高，很符合我的审美，这个造型还是很霸气的，而且车灯也很漂亮，另外来说的话，油耗也不高，在我的预算之内还可以。
            
            
                新车槽点
                缺点的话就是空间稍微小了一些，也可能我这个人比较胖，感觉没有那么够用。
            

            

    空间
        
            
            
        
        4
    
    
    空间方面没有我想象中的那么大，也可能我比较的胖，尤其是这个后排空间，我感觉坐三个人会挺拥挤的呀，尤其是中间那个人。
    
    






                

    驾驶感受
        
            
            
        
        5
    
    
    驾驶感受还不错，动力充足，开起来舒服，给我的感觉就是非常的稳定，行驶过程中不会有发飘的感觉。
    
    






            

            




            

    油耗
        
            
            
        
        5
    
    
    油耗不高，百公里油耗八个，油多一点还可以，用车成本挺低的。
    
    





            
            

    外观
        
            
            
        
        5
    
    
    颜值高，很帅气，符合我的审美，造型独特辨识度高。
    
    





            

    内饰
        
            
            
        
        5
    
    
    做工不错，用料扎实，各种各样的，细节处理也很到位，座椅的质感很好，摸起来很舒服。
    
    





            

    价格政策
        
            
            
        
        5
    
    
    价格方面的话，优惠还是可以的，我感觉挺值得购买，而且现在政策这么好，还送很多小礼品以及保养在店里上牌，买保险的话，优惠也很大。
    
    





            
                

    配置
        
            
            
        
        5
    
    
    配置方面还是可以的，各种功能也齐全，特别好，用用起来也方便。
    
    




            

            



        "
爱指南侥,2023-07-24 首次发表,"
            
                
                    380km
                    
                    行驶里程
                
                
                
                
                
                
                
                
                
                
                
                
                

                
                
                    30.97万
                    裸车购买价
                
                
                    2023-07
                    购买时间
                
                
                    九江
                    购买地点
                
            
            
    
    

    
        $(document).ready(function () {
            var koubeiid = 5068796;

        });

    


            
                最满意
                车身外观，直接让我为之心动，好多的朋友都说这个车长的好看，很有未来的远方感，因为我的朋友比较多，颜值能够给我增加很多自信。
            
            
                最不满意
                在我们家我开这辆车的时间更多一些，硬件的各方面还是可以的，它的整款车的舒适性并不是很好，坐着包裹性舒适度都不错，没有百分之百完美的车子。
            

            

    空间
        
            
            
        
        4
    
    
    空间真的很大，家有宠物外出没问题，哪怕是我这种身材偏胖的人，空间方面是相对比较大的，可以自由的活动，不会有约束感，其他人坐起来没有太大压力。
    
    






                

    驾驶感受
        
            
            
        
        5
    
    
    没有任何压力，加速度挺快，综合来看，不管在什么样的路况下动力方面都发挥得很不错，开起来也比较带劲，结就是日常使用是完全够用的。
    
    






            

            




            

    油耗
        
            
            
        
        5
    
    
    开挺久了说是挺省的，我也很期待，主要自己使用感好这些无所谓了，省油能力还是一如既往的优秀，平时大部分时间都在市区跑，我开车习惯还是蛮好的，我对这款车的油耗还是感觉十分有信心的。
    
    





            
            

    外观
        
            
            
        
        5
    
    
    我一直感觉这辆车很有个性，不管停在那里一道风景，感觉车子给人最深刻的印象应该就是车子前脸那犀利的大灯设计了，颜值绝对没有问题，反正我是觉得这款车子的颜值还是挺高的，气势很凶猛，他的大灯也很有精神，新款前脸的设计更耐看，开的久了越看越喜欢。
    
    





            

    内饰
        
            
            
        
        5
    
    
    相比内饰还要更耐脏，内饰的做工也很漂亮，和一些车比起来，整个内饰风格时髦又精美，颜色搭配也没感觉到突兀，有车里的usb接口可以满足后边乘坐人的充电需要，空调的制冷效果相对完美，给我的感受应该用简单而不简约来形容。
    
    





            

    性价比
        
            
            
        
        5
    
    
    在使用的过程中也没有啥不靠谱的地方，再让我选择一次的话，我想我依然会选择它，整个氛围也是非常舒服的，油耗还是可以接受的，简约大气，配置也很齐全，油耗相当低，而且车辆本身的成本。
    
    





            
                

    配置
        
            
            
        
        5
    
    
    基本属于指哪打哪，方向盘也会变的更为稳重，方向盘非常的好用，大小刚刚合适，方向盘的转向角度也比较精确，而且我觉得刹车也特别好使，无论男女都可以很好的驾驶，自己开起来还可以，方向盘也很轻便，转弯得时候，整个车身得底盘调教很稳。
    
    




            

            



        "
辽阳车友9051845,2023-07-24 首次发表,"
            
                
                    1675km
                    
                    行驶里程
                
                
                    7.8L
                    百公里油耗
                
                
                
                
                
                
                
                
                
                
                
                

                
                
                    27.67万
                    裸车购买价
                
                
                    2023-06
                    购买时间
                
                
                    辽阳
                    购买地点
                
            
            
    
    

    
        $(document).ready(function () {
            var koubeiid = 5068656;

        });

    


            
                最满意
                最满意的就是内饰，好看又耐用，用料都十分的扎实，而且整体的做工也确实是足够的精致的。
            
            
                最不满意
                不太满意的就是后排的腿部空间，对身高超过180以上的人就不太友好，会有拘束感。
            

            

    空间
        
            
            
        
        4
    
    
    对于它的空间，我个人更认可前排的腿部空间，因为我身高185比较高，大多数时间都是坐在前面开车，感觉空间伸展起来挺合适的，但是当我坐在后边的时候呢，就出现了一定的局限，所以对个子高的人来说不太友好。
    
    






                

    驾驶感受
        
            
            
        
        5
    
    
    最直观的一点就是在启动的过程中十分的柔顺和丝滑，没有什么明显的顿挫感，卡顿感也不会很强烈，这一点可以完全放心，身体也十分的扎实，路过减速带的时候不用特别的减速。
    
    






            

            




            

    油耗
        
            
            
        
        5
    
    
    车子的油耗当前已经发生了较大的改变，从一开始也是让我非常紧张的，但经过自己的不懈努力和磨合，终于发生了大程度的下降趋势，让我看到了好的兆头。
    
    





            
            

    外观
        
            
            
        
        5
    
    
    外观设计的就比较大方了，跟内饰风格是一致的，设计感十足，体型好看，颜色也比较端正。
    
    





            

    内饰
        
            
            
        
        5
    
    
    内饰设计的还是挺美观的，布局也比较简洁，看起来比较工整，后期可以进行一些装饰品的摆放，而且我相信和原本的风格可以很好的融为一体，会显得格格不入。
    
    





            

    性价比
        
            
            
        
        5
    
    
    一开始对这个品牌就了解了，后来针对性的进行了一下挑选，觉得它比较符合我现在的经济状况，而且自己也提前做好了衡量，并不是盲目的去选择，所以对它的性价比很认可。
    
    





            
                

    配置
        
            
            
        
        5
    
    
    车子的配置使用起来还是很先进的，像我这种老司机也能够逐步的爱上，不用再靠自己的经验，靠这些智能的东西可以进行一定量的辅助。
    
    




            

            



        "
小狂同学炎,2023-07-24 首次发表,"
            
                
                    2300km
                    
                    行驶里程
                
                
                
                
                
                
                
                
                
                
                
                
                

                
                
                    23.35万
                    裸车购买价
                
                
                    2023-06
                    购买时间
                
                
                    遵义
                    购买地点
                
            
            
    
    

    
        $(document).ready(function () {
            var koubeiid = 5068398;

        });

    


            
                最满意
                配置在同级车型中还是挺丰富的，对于日常出行家庭使用来说方便极啦，给我带来的豪华的科技感，也从来没有出现过任何问题。
            
            
                最不满意
                总体还是挺满意的，开起来比较有安全感，对于日常使用是没什么问题，造型依旧不过时，看着很漂亮，比较给力，他做得不是特别浮夸的那种。
            

            

    空间
        
            
            
        
        4
    
    
    脚踩油门刹车的地方不挡腿，空间还是挺宽敞的，设计的比较合理，一点也不拥挤，孩子在后边玩一点都没有拘束感，我不喜欢车上到处放东西，后备箱空间也适用于郊游等活动。
    
    






                

    驾驶感受
        
            
            
        
        5
    
    
    上高速的时候表现还可以，一点不漂，用起来各方面都OK，车子刚开始起步的后还是挺迅速的，直接感觉不到有顿挫感。
    
    






            

            




            

    油耗
        
            
            
        
        5
    
    
    总之就是放心大胆开就行了，算是很不错的了吧，良心至极的感觉。
    
    





            
            

    外观
        
            
            
        
        5
    
    
    车头设计，真心觉得很好看，远远看上去有种说不出来的气场，展现了霸气与运动的美感，外观方面还是比较好看的。
    
    
        车身做工
        当时准备购买之前也考虑过车子外观的这个问题，整体看起来比较和谐，GT4这车子让人看一眼就吸引住的。
        
        
    





            

    内饰
        
            
            
        
        5
    
    
    简单又干净的款式是我所欣赏的，没有出现什么质量问题，空间分布比较合理，我觉得挺满意，内饰整体还行，他的一些细节处理都很完美，显示的效果相当细腻。
    
    





            

    性价比
        
            
            
        
        5
    
    
    整体的造型设计真的是非常的有等次，开车出去的时候很吸引人，价格合适，我是认同与满意的。
    
    





            
                

    配置
        
            
            
        
        5
    
    
    这对各种性能和辅助功能都有好处，开起来很安心，舒适，开起来的时候感觉也非常的顺手，可以适应一些不太好走的路况，对于操控性方面还是觉得挺不错。
    
    




            

            



        "
滨州车友5476841,2023-07-24 首次发表,"
            
                
                    
                    暂无
                    行驶里程
                
                
                
                
                
                
                
                
                
                
                
                
                

                
                
                    27.20万
                    参考价格
                
                
                    2023-07
                    探店时间
                
                
                    滨州
                    探店地点
                
            
            
    
    

    
        $(document).ready(function () {
            var koubeiid = 5067611;

        });

    


            
                新车好评
                感觉这个设计我很喜欢，整体的造型很符合我的审美，这个配色也很精致，很高级，作为一个豪华品牌来说，平时开出去也有面子，而且性价比很高。
            
            
                新车槽点
                缺点就是空间稍微小了一些，也可能我比较胖，坐在后排的话，三个成年人稍微有一些勉强。
            

            

    空间
        
            
            
        
        4
    
    
    空间稍微小了一点儿，不过问题不大，还是挺够用的，后备箱储物能力也很强。
    
    






                

    驾驶感受
        
            
            
        
        5
    
    
    驾驶感受非常不错，油门的力度很好，轻轻一踩就有很大的反馈，而且爆发力也就开起来很顺畅。
    
    






            

            




            

    油耗
        
            
            
        
        5
    
    
    油耗不高，百公里耗八个油还可以，比较的节省，用车成本也挺低的。
    
    





            
            

    外观
        
            
            
        
        5
    
    
    颜值高很帅气，这个造型我很喜欢，从车头到车位都很帅，很有辨识度。
    
    





            

    内饰
        
            
            
        
        5
    
    
    做工不错，用料扎实，各种质感都很好，而且中控我也很喜欢，功能丰富，非常的流畅。
    
    





            

    价格政策
        
            
            
        
        5
    
    
    优惠确实是非常大，这个车子我感觉还是很值得购买的，虽然说空间小了一些，但是还是非常的有竞争力的，配置很优秀，和销售交流优惠真的很让我心动。
    
    





            
                

    配置
        
            
            
        
        5
    
    
    配置不错，各种功能都很好用，很齐全的，而且安全性也高，驾驶起来很放心。
    
    




            

            



        "
重庆车友8239831,2023-07-21 首次发表,"
            
                
                    2845km
                    
                    行驶里程
                
                
                
                
                
                
                
                
                
                
                
                
                

                
                
                    23.48万
                    裸车购买价
                
                
                    2023-05
                    购买时间
                
                
                    重庆
                    购买地点
                
            
            
    
    

    
        $(document).ready(function () {
            var koubeiid = 5063310;

        });

    


            
                最满意
                整体大方得体，还独显年轻化，在里面感觉良好，路上超个车什么的没啥问题，很多细节都看着很喜人，座椅用料感觉很好的样子，坐上去很舒服。
            
            
                最不满意
                我并没有发现有什么问题，都给人非常年轻的形象，颜值是秒杀一切的关键，车身显得非常运动，回头率非常高，操控在这款车的性能上面体现的可以说是非常完美的，保留了这辆车原本的质感。
            

            

    空间
        
            
            
        
        4
    
    
    这个空间设计蛮合理的，后备箱的空间也特别大，稍微大一点的东西也能放进去，座位放下了，但是在主驾驶位活动性还是非常的宽松的，后备箱的空间足够带一家人自驾游所带的东西。
    
    






                

    驾驶感受
        
            
            
        
        5
    
    
    只要给油门超车无压力，动力表现当然是值得夸赞的，加速性能上比我预期的要强很多，一般情况下速度是不会太快的，转弯清晰，非常的轻松。
    
    






            

            




            

    油耗
        
            
            
        
        5
    
    
    偶尔天气好时还会出门去游玩，比同价位的车子要低了，能耗表现还是很令我意外的，我感觉这辆车油耗比想象中更满意，也方便了我的日常出行。
    
    





            
            

    外观
        
            
            
        
        5
    
    
    我比较喜欢这种张扬一点的车头和车尾的设计，非常有质感的车子，整体设计感很强，第一次和媳妇去看车就喜爱上了，喜欢这种大气的设计，外观设计看着十分运动，相当有层次感。
    
    





            

    内饰
        
            
            
        
        5
    
    
    设计感方面也和外形比较搭配，集众多功能于一身，整体比较简单大气，各种常用功能一应俱全，让人心情放松愉悦，看起来很舒服，舒适好，开着放松。
    
    





            

    性价比
        
            
            
        
        5
    
    
    这段时间结合着它的种种表现来看，不容易出小毛病，主要就是更安全，更省心，对我来说是一种享受，性价比上还是下了不少功夫的。
    
    





            
                

    配置
        
            
            
        
        5
    
    
    配置功能基本上都有了，驾驶体验去看了不少车子就感觉它的空间表现的挺不错非常良好，整个车综合性能比较高，开着带孩子也安全放心。
    
    




            

            



        "
济南车友3266057,2023-07-20 首次发表,"
            
                
                    
                    暂无
                    行驶里程
                
                
                
                
                
                
                
                
                
                
                
                
                

                
                
                    27.20万
                    参考价格
                
                
                    2023-07
                    探店时间
                
                
                    济南
                    探店地点
                
            
            
    
    

    
        $(document).ready(function () {
            var koubeiid = 5060553;

        });

    


            
                新车好评
                很喜欢这个设计，特别高级，尤其是那个配色，低调中又透露出一股很强的运动感，也符合我的性格，哈哈，另外的话动力也很高用。
            
            
                新车槽点
                缺点的话就是空间不是很大，坐在主驾驶头部距离车顶只有很小很小的距离。
            

            

    空间
        
            
            
        
        4
    
    
    空间小了一些，不是非常的够用啊，尤其是坐在主驾驶，头部距车顶距离很小了。
    
    






                

    驾驶感受
        
            
            
        
        5
    
    
    动力充沛，开起来也是蛮舒服的，车子很稳定，过一些弯道不会发飘。
    
    






            

            




            

    油耗
        
            
            
        
        5
    
    
    百公里油耗八个油，我感觉还是可以的，油耗不算高呀，毕竟现在天气这么的热，打开空调的情况下还是相当的多的呀，哈哈。
    
    





            
            

    外观
        
            
            
        
        5
    
    
    颜值高很帅气，这个造型质感我感觉非常不错，很符合我的审美，就是它这个车头变速度还是很高的，车灯的设计很别致，晚上打开的时候很漂亮，亮度也够用的。
    
    





            

    内饰
        
            
            
        
        5
    
    
    内饰还不错，做工好，很精致，摸起来手感都是可以的，而且也没有异味。
    
    





            

    价格政策
        
            
            
        
        5
    
    
    价格不贵，优惠幅度这么大，而且销售说他们最近政策特别好，会有很多保养相送。
    
    





            
                

    配置
        
            
            
        
        5
    
    
    配的高级，很不错，中控好用，各种辅助功能应有尽有，特别的实用。
    
    




            

            



        "
安徽枫叶蟹,2023-07-19 首次发表,"
            
                
                    633km
                    
                    行驶里程
                
                
                    8.6L
                    百公里油耗
                
                
                
                
                
                
                
                
                
                
                
                

                
                
                    25.44万
                    裸车购买价
                
                
                    2023-06
                    购买时间
                
                
                    桂林
                    购买地点
                
            
            
    
    

    
        $(document).ready(function () {
            var koubeiid = 5060219;

        });

    


            
                最满意
                凯迪拉克GT4毕竟这车操控起来很简单，像我这种经常腰不舒服的人都觉得可以长时间乘坐，反正很实用，这款车让我感到最满意的地方就是他优秀的外观设计了。
            
            
                最不满意
                买车回来就接送小朋友，也不敢让他坐我的新车，真的不是很多车型能比的，让我说不满意的地方确实有点小小的为难。
            

            

    空间
        
            
            
        
        4
    
    
    我们一家三口用完全是足够用的，对于四口之家来说完全够用，布局比较合理，后备箱的空间也是非常大的。
    
    






                

    驾驶感受
        
            
            
        
        5
    
    
    输出性能非常好，车速一不留意就超速了，爬坡上坎都没问题，油门踩深点加速起来也是有推背感的。
    
    






            

            




            

    油耗
        
            
            
        
        5
    
    
    个人认为还是算是合理的，油耗非常经济，开着省油更省心，综合油耗在家庭轿车里面算是很不错的了吧。
    
    





            
            

    外观
        
            
            
        
        5
    
    
    凯迪拉克GT4我只想说设计师太细致了，都会有一些细小的设计，夜间行车回头率高外观设计很高级，感觉上会显得更加大气有格调。
    
    





            

    内饰
        
            
            
        
        5
    
    
    我个人来说不是很喜欢这样的内部设计，这个车材料选择的真的不错，我感觉内饰和设计都是偏主观看法的，车辆的整体的做工还是没问题的。
    
    





            

    性价比
        
            
            
        
        5
    
    
    真正的没有后顾之忧，整体还是很有性价比的一款车，这个配置是很有竞争力的，而且车子的外观也是非常显好的。
    
    
        购车优惠
        平时跟家人朋友开车出去，无论是在空间上还是座椅的舒适度上，都让我觉得很舒适，价钱在我们接受范围内，在选车的时候也没有考虑太多。
        
        
    





            
                

    配置
        
            
            
        
        5
    
    
    对驾驶也很有帮助，让驾驶者非常有信心，但是试用过后我才知道GT4的操作有多么的舒服，车身响应也比较快，特别有安全感。
    
    




            

            



        "
芫点,2023-07-19 首次发表,"
            
                
                    500km
                    
                    行驶里程
                
                
                    8.2L
                    百公里油耗
                
                
                
                
                
                
                
                
                
                
                
                

                
                
                    25.20万
                    裸车购买价
                
                
                    2023-06
                    购买时间
                
                
                    杭州
                    购买地点
                
            
            
    
    

    
        $(document).ready(function () {
            var koubeiid = 5059839;

        });

    


            
                最满意
                GT4的地盘是我最满意的，调教的很有韧性，坐在车上很稳也很舒服。
            
            
                最不满意
                不满意的是功能按键太多了，有一些完全不知道是干嘛的。
            

            

    空间
        
            
            
        
        4
    
    
    它是一台紧凑型的SUV，空间不是很大，平时我们一家四口出门的时候会稍微觉得有些拥挤。
    
    






                

    驾驶感受
        
            
            
        
        5
    
    
    我和媳妇都比较喜欢开这种紧凑型SUV，觉得它方向盘力度很轻，指向也比较准，在市区中过弯转向操控难度都不大，而且GT4有着211P马力，起步和提速给人的感觉动力都很足，稍微给点油门马上有速度，路中途给油加速也没有车身很钝的感觉，输出的很流畅。
    
    






            

            




            

    油耗
        
            
            
        
        5
    
    
    用车到现在一共开了五百多公里，平均油耗在8.2，目前还在磨合期后，觉得往后在开开油耗还会低一些。
    
    





            
            

    外观
        
            
            
        
        5
    
    
    它的外观有自己的风格，和同品牌的其他车看上去不一样，前脸看上去很年轻，比较的有攻击性。
    
    





            

    内饰
        
            
            
        
        5
    
    
    它内饰用料很舍得，用的都是好皮革，看着很豪华。
    
    





            

    性价比
        
            
            
        
        5
    
    
    虽然我当时买的时候优惠挺低的，但接触了这么久我觉得这车还是蛮值得一试的，我觉得它各方面都不错，买的话肯定是比奥迪等性价比要高的。
    
    





            
                

    配置
        
            
            
        
        5
    
    
    配置是完全不用担心怕不够用的，安全性的以及辅助驾驶的功能都有很多。
    
    




            

            



        "
莆田车友1898578,2023-07-19 首次发表,"
            
                
                    1650km
                    
                    行驶里程
                
                
                
                
                
                
                
                
                
                
                
                
                

                
                
                    23.47万
                    裸车购买价
                
                
                    2023-04
                    购买时间
                
                
                    莆田
                    购买地点
                
            
            
    
    

    
        $(document).ready(function () {
            var koubeiid = 5059730;

        });

    


            
                最满意
                这是我人生中第2台车，最满意的就是，它那时尚大气又富有质感的外观设计。当时看到这款车型的外观，就有眼前一亮的感觉，前脸的设计感很强，足够亮眼，侧身线条比较优美，尾灯也很好看，个人是越看越喜欢。
            
            
                最不满意
                说实话，个人不大满意它的后排乘坐空间，满载的时候有点不理想。
            

            

    空间
        
            
            
        
        4
    
    
    驾驶位置不会有憋屈的感觉，而且车内储物格用起来比较顺手，就是后排要是满载了就感觉有点紧凑
    
    






                

    驾驶感受
        
            
            
        
        5
    
    
    毕竟这是我的第2台车，相比前一辆车，起步、超车一点都不费劲，操控起来比较轻松，而且车身挺稳定，上了高速之后，没有那种轻飘飘的感觉，总体驾驶感受比较舒服。
    
    






            

            




            

    油耗
        
            
            
        
        5
    
    
    目前油耗还是比较理想的，并没有我想象中的那么高。
    
    





            
            

    外观
        
            
            
        
        5
    
    
    外观方面还挺符合自己的眼缘，有触动自己的内心，当时看到这车的第一眼，就觉得眼前一亮。前脸的设计足够亮眼，侧身的线条比较优美，尾部的设计气场十足。而且现在已经看了一段时间，个人是越看越觉得好看，是比较耐看的车型。
    
    





            

    内饰
        
            
            
        
        5
    
    
    内部的设计，个人挺喜欢。中控大屏有着满满的科技感，也比较智能，操控起来感受不错，而且座椅的舒适性、包裹性都值得认可，乘坐起来挺享受。
    
    





            

    性价比
        
            
            
        
        5
    
    
    这车的性价比没得说，实际用下来也值得夸奖，加上买车的时候有优惠，感觉值了。
    
    





            
                

    配置
        
            
            
        
        5
    
    
    这车的配置蛮实用，用起来感受比较好，有给自己提供较好的帮助。
    
    




            

            



        "
湛江车友2202265,2023-07-18 首次发表,"
            
                
                    
                    暂无
                    行驶里程
                
                
                
                
                
                
                
                
                
                
                
                
                

                
                
                    28.50万
                    参考价格
                
                
                    2023-07
                    探店时间
                
                
                    湛江
                    探店地点
                
            
            
    
    

    
        $(document).ready(function () {
            var koubeiid = 5058362;

        });

    


            
                新车好评
                感觉新车我最满意的地方就是它的设计带感，非常的运动，高大威猛也霸气。
            
            
                新车槽点
                正如标题所说，这个空间我感觉小了一些，尤其是主驾驶，也可能是我比较胖，感觉有一些局促。
            

            

    空间
        
            
            
        
        4
    
    
    空间不是特别大，因为我挺胖的，而且利用率也不高。
    
    






                

    驾驶感受
        
            
            
        
        5
    
    
    驾驶感受很好，操控起来方便，易上手，而且它的动力也充沛。
    
    






            

            




            

    油耗
        
            
            
        
        5
    
    
    有号的话，怎么说呢，真心不算高，毕竟这么大的一个车，八九个油的平均有好，还是相当正常的。
    
    





            
            

    外观
        
            
            
        
        5
    
    
    颜值担当很帅很帅，我看的是黑色的这款，感觉有一种黑武士的风格。
    
    





            

    内饰
        
            
            
        
        5
    
    
    内饰，做工用料都可以，没有啥要吐槽的，尤其是他这个座椅我特别喜欢。
    
    





            

    价格政策
        
            
            
        
        5
    
    
    这个价格政策真的挺好的，很符合我的预期，绝对不成数字，而且保险也不贵，销售说还有很多保险保养相送。
    
    





            
                

    配置
        
            
            
        
        5
    
    
    配置相当给力，各种辅助驾驶配置都很好用，也比较的齐全。
    
    




            

            



        "
绍兴车友4170343,2023-07-18 首次发表,"
            
                
                    
                    暂无
                    行驶里程
                
                
                
                
                
                
                
                
                
                
                
                
                

                
                
                    27.67万
                    参考价格
                
                
                    2023-07
                    探店时间
                
                
                    杭州
                    探店地点
                
            
            
    
    

    
        $(document).ready(function () {
            var koubeiid = 5057271;

        });

    


            
                新车好评
                我是现代伊兰特车主，我那车开的公里数太多了，经常开高速觉得不安全，决定换车.第二辆车想在品质上面好一点，看了凯迪拉克GT4，新出来的车子颜值还行，内饰功能也挺丰富.
            
            
                新车槽点
                我看GT4的外观比我的伊兰特好太多了，我那车纯粹就是代步车，没有舒适性可言.
            

            

    空间
        
            
            
        
        5
    
    
    内在后排坐进去有两个拳头的距离，身高170，开着这车没什么压力，考虑长途出行，所以换一台SUV.
    
    






                

    驾驶感受
        
            
            
        
        5
    
    
    我现在开的车子动力太钝了，没有驾驶感可言，换挡也不舒服，相对于GT4怀挡来说，顺手很多，舒适型一下子就体现出来了，起步动力足.
    
    






            

            




            

    油耗
        
            
            
        
        5
    
    
    买这辆车主要是满足家庭使用，日常我会经常开车出门，高速上面油耗其实不会太高，舒适模式开着惬意.我习惯开油车.
    
    





            
            

    外观
        
            
            
        
        5
    
    
    侧面看起来流畅，尾部溜背，前脸车头看起来坚实，买车要看外观但是也没那么重要.
    
    





            

    内饰
        
            
            
        
        5
    
    
    我买车喜欢这种大屏幕，看起来一目了然，座椅舒服，质感皮质还行，可以语音识别打开空调，导航还有电话，体验感蛮好.
    
    





            

    价格政策
        
            
            
        
        5
    
    
    我感觉价格还是降价幅度一般，刚上来的车子价格比较挺，保险算了一下7千元，但是需要在店内买，保养两次我目前还在考虑.
    
    





            
                

    配置
        
            
            
        
        5
    
    
    伊兰特是我的代步车，买车追求实用，现在在换车，我就开始追求性价比和舒适型了，GT4的确挺让我心动.
    
    




            

            



        "
花甲少年9g,2023-07-17 首次发表,"
            
                
                    1350km
                    
                    行驶里程
                
                
                
                
                
                
                
                
                
                
                
                
                

                
                
                    20.00万
                    裸车购买价
                
                
                    2023-06
                    购买时间
                
                
                    内江
                    购买地点
                
            
            
    
    

    
        $(document).ready(function () {
            var koubeiid = 5056115;

        });

    


            
                最满意
                凯迪拉克GT4真不愧是空间魔术师，任意一个座位乘坐都比较惬意，毫无拘束感。
            
            
                最不满意
                油耗有点不太让我满意，虽然跑的不多，但一个多月下来平均油耗仍然9.1升。
            

            

    空间
        
            
            
        
        5
    
    
    前排与后排的座椅乘坐空间都很大，腿部空间充裕。后备厢也基本是够用的。
    
    






                

    驾驶感受
        
            
            
        
        5
    
    
    方向很轻，打方向也挺精准的。发动机爆发力可以，超车不费力。
    
    






            

            




            

    油耗
        
            
            
        
        4
    
    
    它的油耗我觉得有些高，都跑一个月了，平均油耗依然要9.1升。
    
    





            
            

    外观
        
            
            
        
        5
    
    
    外观看着很顺眼，车头具有不错的家族风，车身的造型也很立体饱满。
    
    





            

    内饰
        
            
            
        
        5
    
    
    凯迪拉克GT4的内饰做工很精细，不存在什么瑕疵。新车无任何异味。
    
    





            

    性价比
        
            
            
        
        5
    
    
    价格我感觉不贵，总的来说还是很亲民的。看车时店员服务态度也特别好。
    
    





            
                

    配置
        
            
            
        
        5
    
    
    配置我觉得不少，倒车雷达、全景天窗，还有自动空调，这些我觉得都不错。
    
    




            

            



        "
列吧,2023-07-16 首次发表,"
            
                
                    
                    暂无
                    行驶里程
                
                
                
                
                
                
                
                
                
                
                
                
                

                
                
                    27.67万
                    参考价格
                
                
                    2023-07
                    探店时间
                
                
                    绍兴
                    探店地点
                
            
            
    
        
            
        
    
    

    
        $(document).ready(function () {
            var koubeiid = 5053998;

        });

    


            
                新车好评
                我是CT4车主，去店里保养的时候，就去前面看了看新上市的GT4，唉，还是买早了，应该再等等的。
            
            
                新车槽点
                看着屏幕上还是一样很容易留指纹印子，看起来总是不好看。
            

            

    空间
        
            
            
        
        4
    
    
    前排空间可以，后备箱也还行，后排有些小，但是跟CT4比，哪是就大很多了。
    
    
    
    
    


    
    
    
    


    






                

    驾驶感受
        
            
            
        
        5
    
    
    油门加速很灵敏，试驾的时候感觉就是，只要把方向盘扶好就行，其他的都可以通过语音助手来完成。
    
    
    
    
    


    
    
    
    


    
    
    
    


    






            

            




            

    油耗
        
            
            
        
        5
    
    
    我看着车也不大，跟我的CT4应该差不多，还是可以的，不费油。
    
    
    
    
    


    
    
    
    


    
    
    
    


    





            
            

    外观
        
            
            
        
        5
    
    
    尤其后尾挺好看的，大灯设计的很亮眼，还是很有凯迪拉克风格的。
    
    
    
    
    


    
    
    
    


    
    
    
    


    





            

    内饰
        
            
            
        
        5
    
    
    内饰材料不错，怀挡提升了逼格，中控设计布局跟凯迪拉克的其他车型还有些不一样，和前面没有完全连起来。
    
    





            

    价格政策
        
            
            
        
        5
    
    
    可以优惠2万，有0利息购车方案和置换补贴。
    
    





            
                

    配置
        
            
            
        
        5
    
    
    最满意这个大连屏，个语音联网系统了，很智能，很方便，搞得我都真的心动了，想换一台了。
    
    




            

            



        "
aaq8y4l,2023-07-15 首次发表,"
            
                
                    3000km
                    
                    行驶里程
                
                
                    9.8L
                    百公里油耗
                
                
                
                
                
                
                
                
                
                
                
                

                
                
                    24.00万
                    裸车购买价
                
                
                    2023-06
                    购买时间
                
                
                    广州
                    购买地点
                
            
            
    
    

    
        $(document).ready(function () {
            var koubeiid = 5053084;

        });

    


            
                最满意
                内饰很漂亮，绝对满分，而且座椅非常柔软，和他们家其他车型区别还挺大的
            
            
                最不满意
                我买的1.5的，感觉动力不是很尽如人意，高速超车还是不够利索，反正市区够用。
            

            

    空间
        
            
            
        
        4
    
    
    感觉 后排有点小，去的时候销售告诉我这是SUV，但是我总感觉他比一般越野低是怎么回事。头顶空间明显小。
    
    






                

    驾驶感受
        
            
            
        
        5
    
    
    加速还可以，动力低速挺有劲，别人都说操控可以我也开不出来，高速一般，毕竟只有1.5当时看了2.0感觉又太贵了买了不划算。
    
    






            

            




            

    油耗
        
            
            
        
        5
    
    
    油耗绝对好评这车竟然还加的92你敢信？而且1.5的排量市区开也省，总之我觉得用车成本这个车挺低的，不像好些豪华品牌买得起养不起这个就很便宜
    
    





            
            

    外观
        
            
            
        
        5
    
    
    外观我看着还可以吧，感觉挺运动的，就是他的后挡风雨刮为啥不在上面，像个尾巴一样挂屁股上有点奇怪
    
    





            

    内饰
        
            
            
        
        5
    
    
    内饰这块是我买他最大的理由了，真的太好看太精致了，反正我是一眼看到就爱了。质感很棒每天上下班开着就感觉很舒服，尤其是晚上氛围灯给我一种放松舒适的感觉。
    
    





            

    性价比
        
            
            
        
        5
    
    
    买的时候还看了一下皓影，家里人说日系，但是朋友们都说凯迪好，我也不懂反正就是看样子，皓影那个内饰像我爸开的车。
    
    





            
                

    配置
        
            
            
        
        5
    
    
    无线电话链接远程启动啥的都有，配置很高的这个车，还有语音助手能控制车机。
    
    




            

            



        "
阜阳车友6105641,2023-07-14 首次发表,"
            
                
                    850km
                    
                    行驶里程
                
                
                
                
                
                
                
                
                
                
                
                
                

                
                
                    25.80万
                    裸车购买价
                
                
                    2023-06
                    购买时间
                
                
                    淮北
                    购买地点
                
            
            
    
    

    
        $(document).ready(function () {
            var koubeiid = 5050945;

        });

    


            
                最满意
                有一种年轻的活力，很友好，很容易上手开，要颜值，要时尚，要性价，好多的朋友都说这个车长的好看，功能键实用、清晰，然后操控手感也非常的流畅，在车海中一眼就能看到的效果，经过这段时间的驾驶感觉它整体的性价比都是蛮高的这是最满意的点了，打方向很精准。
            
            
                最不满意
                它的大灯看起来很诱人，他的速度太慢了，等等我都有点不耐烦，开出去就很有面子，这款车的车身体积比较大，这款车子应该会更加受欢迎，座椅也是偏硬，全体的设计也是属于比较简练的家用车的风格，就是优惠力度不算大。
            

            

    空间
        
            
            
        
        4
    
    
    驾驶位比较宽敞，平时开车不会感觉到压抑，对日常生活的使用会很方便，直接开这一辆车子足矣，没有说不能装下的，前排空间可以，空间的利用率高，所以满载的时候还挺舒服的。
    
    






                

    驾驶感受
        
            
            
        
        5
    
    
    非常的稳，加速起来非常棒，在动力方面的表现也是挺优秀的，车子的配置都不错，跑高速的时候特别的舒服，动力一点都不虚，完全可以应付各个路况的表现，其功率优势还是比较大的。
    
    






            

            




            

    油耗
        
            
            
        
        5
    
    
    比同价位的车子要低了，期待以后，甚至比我之前预期当中的还是要好上很多的，没有焦虑和压力，给我带来的一些实际好处，我除了那次开长途之后我经常出差，我买的这个车油耗还好吧。
    
    





            
            

    外观
        
            
            
        
        5
    
    
    有设计感，外观想必就不用说太多了，反正是觉得挺好看的，外观方面还是比较好看的，反正我是越看越喜欢，给人一种美的感觉，人生的第一部车可以用完美来形容了，精致高级的感觉就出来了，我更加喜欢这种风格。
    
    





            

    内饰
        
            
            
        
        5
    
    
    设计还有颜色的搭配都非常的合理，都能接受，看上去简单又大方，并且车内还有着丰富的配置搭配其中，这样的设计更便利驾驶员控制，处理的特别好。
    
    





            

    性价比
        
            
            
        
        5
    
    
    车子的质量也是比较有保障的，非常不错，给家人带来方便了，对于我而言表现就很OK的，性价比是很高的了，买它是有道理的，刚开始是朋友推荐过来的也比较信任，主要就是更安全，更省心。
    
    





            
                

    配置
        
            
            
        
        5
    
    
    给了我很大的信心，方向盘非常的好用，大小刚刚合适，首先看起来是舒服的，方向盘也很轻便，转向轻松灵活指向也算是挺清楚的，很喜欢我的车，开起来就感觉特别舒服。
    
    




            

            



        "
重不认输,2023-07-14 首次发表,"
            
                
                    1130km
                    
                    行驶里程
                
                
                    8.7L
                    百公里油耗
                
                
                
                
                
                
                
                
                
                
                
                

                
                
                    25.00万
                    裸车购买价
                
                
                    2023-06
                    购买时间
                
                
                    江门
                    购买地点
                
            
            
    
    

    
        $(document).ready(function () {
            var koubeiid = 5050862;

        });

    


            
                最满意
                我比较喜欢的地方是配置了，我感觉这款车的配置还是比较好的，这一方面也是一个亮点，而且功能也有科技感，使用起来也挺好的，没有什么太大的操控难度，我感觉配置好了就说明这款车比较实在。
            
            
                最不满意
                GT4这辆汽车的油耗稍微有点让我担心了，因为现在的油价太贵了，我感觉目前的养车压力稍微有点大，每个月要加上三次油，希望后续的油耗可以下降。
            

            

    空间
        
            
            
        
        5
    
    
    空间还是蛮大的，我觉得都能够满足我们家人的用车需要，因为坐在车里比较宽松，不会因为长时间坐车，感到腰酸背痛，而且我在开车的时候也可以灵活的转动一下身体，不会碰头也不会碰腿。
    
    






                

    驾驶感受
        
            
            
        
        5
    
    
    GT4这辆车驾驶起来的感觉还是挺好的，主要是方向盘反应灵活，而且刹车和油门调试的也挺好的，有着较好的脚感，不管是低速驾驶还是高速，动力都比较持续。
    
    






            

            




            

    油耗
        
            
            
        
        4
    
    
    我觉得这辆汽车的油耗不太符合我的期待值，也不知道后面的油耗会不会下降，所以目前我是比较有顾虑的，主要是油价太贵，如果油耗可以下降一些，那就不用太焦虑，
    
    





            
            

    外观
        
            
            
        
        5
    
    
    汽车的外观看起来还是蛮养眼的，是一种低调简约的设计，不管是男司机还是女司机都挺适合，不分年龄也不分性别。
    
    





            

    内饰
        
            
            
        
        5
    
    
    GT4的内部装饰还是蛮符合现在的审美，颜色也比较优雅，而且内部的材料细节处理的得当，抚摸的时候也比较光滑。
    
    





            

    性价比
        
            
            
        
        5
    
    
    我感觉性价比不算理想，主要是油耗高会让用车压力大了许多。
    
    





            
                

    配置
        
            
            
        
        5
    
    
    买车时就是看中了配置，功能齐全，而且也好用。
    
    




            

            



        "
GundamUC,2023-07-13 首次发表,"
            
                
                    2254km
                    
                    行驶里程
                
                
                    8.2L
                    百公里油耗
                
                
                
                
                
                
                
                
                
                
                
                

                
                
                    27.67万
                    裸车购买价
                
                
                    2023-06
                    购买时间
                
                
                    上海
                    购买地点
                
            
            
    
    

    
        $(document).ready(function () {
            var koubeiid = 5049537;

        });

    


            
                最满意
                最满意它的汽油＋48轻混系统技术，这是最喜欢的技术之一。
            
            
                最不满意
                使用了这么些日子里，目前还没有遇见什么不满意的地方。
            

            

    空间
        
            
            
        
        4
    
    
    1.75的身高，坐在驾驶位上活动自如，储物空间也很大，满足全家人所需，开起来车内基本没有噪音，因为做了新车除味，所以也没有异味。
    
    






                

    驾驶感受
        
            
            
        
        5
    
    
    方向盘很轻，不但我这么觉得，我老婆女士开也觉得方向盘轻，好吃操作，动力很足，哪怕是在山里的情况下，起步上坡依然很给力。
    
    






            

            




            

    油耗
        
            
            
        
        5
    
    
    油耗很低，夏天现在这个季节，上下班路上，开空调的话，也就8.2L左右的油耗。
    
    





            
            

    外观
        
            
            
        
        5
    
    
    颜色是老婆选的，我也没有什么意见，她喜欢就好。
    
    





            

    内饰
        
            
            
        
        5
    
    
    座椅坐起来很柔软舒适，车载屏幕，很大，用起来很方便。
    
    





            

    性价比
        
            
            
        
        5
    
    
    凯迪拉克GT4全国统一的价，精品也是的车，没有一点优惠。
    
    





            
                

    配置
        
            
            
        
        5
    
    
    车子智能化的配置也还不错，基本上日常开车常用的一些功能都有，而且一些先进的辅助驾驶功能基本上也都有涉及，平时用起来特别方便。
    
    




            

            



        "
台州车友5656782,2023-07-13 首次发表,"
            
                
                    1650km
                    
                    行驶里程
                
                
                
                
                
                
                
                
                
                
                
                
                

                
                
                    25.30万
                    裸车购买价
                
                
                    2023-06
                    购买时间
                
                
                    台州
                    购买地点
                
            
            
    
    

    
        $(document).ready(function () {
            var koubeiid = 5049447;

        });

    


            
                最满意
                感觉车子开着很平稳，到处充满了年轻运动感，动力表现真的很强，我认为是非常非常划算了。
            
            
                最不满意
                车内的整体环境表现的还是比较不错的，现在还没开过瘾，也没什么挑剔的地方，在安全方面的还是有品质的。
            

            

    空间
        
            
            
        
        4
    
    
    空间正常家庭用车绝对是够了，可以放很多很多的东西，而且他的整个空间布局还是比较合理的，所以当时也看中了GT4这车的空间。
    
    






                

    驾驶感受
        
            
            
        
        5
    
    
    在日常驾驶中完全够用，起步没有任何的拖拉感，中段加快和后期动力储备都比较足，那跑在路上动力是一点都不低调呀，起步的时候也不卡顿，而且很有活力。
    
    






            

            




            

    油耗
        
            
            
        
        5
    
    
    我能接受的也是很省油的结果，现在也比较稳定，基本上的表现也算是还可以的，整体偏经济取向。
    
    





            
            

    外观
        
            
            
        
        5
    
    
    整体设计感很强，而且一些细节之处也都注重到了，看起来就比较有高级感，特别的大气，找不到有什么车可以追赶上它的这种格调了。
    
    





            

    内饰
        
            
            
        
        5
    
    
    各种常用功能一应俱全，舒适和放松，是完全没有问题的，内饰方面也有不少惊喜，勾勒出很不错的层次感。
    
    
        内饰用料
        按键的分布很有规律，细节处处理的都比较到位，内里材质都不错。
        
        
    





            

    性价比
        
            
            
        
        5
    
    
    买了以后极大程度减轻了自己的负担，他的性价比非常好，都是比较吸引年轻人的，就很可以享受一下，通过实际的体验，我自己也很开心拥有GT4。
    
    





            
                

    配置
        
            
            
        
        5
    
    
    方向盘的力度调校的很合适，感觉开起来特别的轻松和愉快，极速转弯也不会有倾斜感，在转弯的时候也没有什么盲区方向。
    
    




            

            



        "
娄底车友0972865,2023-07-13 首次发表,"
            
                
                    928km
                    
                    行驶里程
                
                
                    10.1L
                    百公里油耗
                
                
                
                
                
                
                
                
                
                
                
                

                
                
                    24.70万
                    裸车购买价
                
                
                    2023-06
                    购买时间
                
                
                    娄底
                    购买地点
                
            
            
    
    

    
        $(document).ready(function () {
            var koubeiid = 5049335;

        });

    


            
                最满意
                第一次提车有点心动，姐喜欢这个外观，前脸的大灯辨识度可以，看起来犀利。座椅的包裹性舒服，靠背调节，价格也能接受。
            
            
                最不满意
                不喜欢车子避震，门口修路，这边路况也不好，开起来晃悠悠。
            

            

    空间
        
            
            
        
        4
    
    
    GT4的空间并不是优势，中规中矩吧，拉过一回亲戚，坐在后排挤了一点，能坐下但对于我哥那种身材魁梧的人的确有点牵强。
    
    






                

    驾驶感受
        
            
            
        
        5
    
    
    我还是喜欢开油车，有安全感一点，提速没什么顿挫感，但是避震一般。方向盘开着随手，车身还是灵活的，刹车略微有点软。
    
    






            

            




            

    油耗
        
            
            
        
        5
    
    
    我一女的买车就是好开代步，每公里划到9毛钱一格油，养车成本上面没什么压力，按照现在的用车习惯下去，一年的开销还行。油耗开着10.1，还成吧。
    
    





            
            

    外观
        
            
            
        
        5
    
    
    车身还是适合我这样的年轻人，GT4有点溜背感的，开起来挺好，车漆略微有点薄，提车没多久，车漆已经有划痕了。
    
    





            

    内饰
        
            
            
        
        5
    
    
    内饰有USB充电口挺方便，买车其实也是有点好面子，我的确对33英寸的屏幕挺有兴趣，用料还是实在的。
    
    





            

    性价比
        
            
            
        
        5
    
    
    刚提车还挺开心，没什么养车压力，质量比较安全，就是感觉优惠力度没有达到我内心的想法。
    
    





            
                

    配置
        
            
            
        
        5
    
    
    中控屏幕大，内在的功能挺多的，有时候我接儿子的时候在车内看个电视机也挺有意思。
    
    




            

            



        "
法兰西的小狮子,2023-07-11 首次发表,"
            
                
                    1942km
                    
                    行驶里程
                
                
                
                
                
                
                
                
                
                
                
                
                

                
                
                    22.48万
                    裸车购买价
                
                
                    2023-06
                    购买时间
                
                
                    淮北
                    购买地点
                
            
            
    
    

    
        $(document).ready(function () {
            var koubeiid = 5046562;

        });

    


            
                最满意
                最满意的是这车的动力了，这车动力比较优秀，这辆车能入我的眼，也证明他确实颜值不低，这样洋气还特别充满动力的外观就是我喜欢的车的样子。
            
            
                最不满意
                正常情况下的动力响应也是足够的，提速快一点，也不觉得吵，还是很隔音，用我对像的话说就是“傻实在”，销售顾问给我介绍了车的安全配置都没觉得哪儿是不满意的。
            

            

    空间
        
            
            
        
        4
    
    
    一点也不会觉得顶腿，车内还有许多隐藏式的空间，不管是前排还是后排，都是很棒的，整个空间在内部处理的时候特别的合适，对于家庭用车还能接受。
    
    






                

    驾驶感受
        
            
            
        
        3
    
    
    提个速就是轻轻松松的事情，流畅度的话还是可以的，没有觉得动力不行，动力经过这段时间感觉还是挺让我惊讶的。
    
    






            

            




            

    油耗
        
            
            
        
        3
    
    
    在一个合理的范围之内，毕竟也就是一般家庭，甚至比我之前预期当中的还是要好上很多的，跟我自己计算的也差不到哪儿去。
    
    





            
            

    外观
        
            
            
        
        5
    
    
    毕竟咱也是看脸的选手，尾灯在黑夜中显得特别的亮眼，本来就是始于颜值，外观颜色，很耐脏，搭配运动型车身不老气，少了一丝成熟多了一些时尚，让人看起来特别舒服。
    
    





            

    内饰
        
            
            
        
        3
    
    
    摸着手感很好，非常的方便，喜欢中控大屏，感觉很酷科技感，层次感比较强烈，设计的也很干净，细节处处理的都比较到位，坐车里蛮舒心。
    
    





            

    性价比
        
            
            
        
        3
    
    
    开着很舒服，更是物超所值，整个氛围也是非常舒服的，车子的性价比还是可以接受的，服务也很好，买车的时候就是处于这方面的考量比较多。
    
    





            
                

    配置
        
            
            
        
        3
    
    
    质量可靠稳定，还是买车过程中所享受到的服务都是非常好的，我也觉得我的选择并没有错，通过实际的体验我觉得配置很实在的。
    
    




            

            



        "
深圳车友7647360,2023-07-11 首次发表,"
            
                
                    
                    暂无
                    行驶里程
                
                
                
                
                
                
                
                
                
                
                
                
                

                
                
                    27.67万
                    参考价格
                
                
                    2023-06
                    探店时间
                
                
                    深圳
                    探店地点
                
            
            
    
    

    
        $(document).ready(function () {
            var koubeiid = 5045648;

        });

    


            
                新车好评
                最满意外观稳重大气，颜值高，我是妥妥的颜值控
            
            
                新车槽点
                不满意的是空间有点小，尤其是后排中间地板隆起和尾箱偏小
            

            

    空间
        
            
            
        
        4
    
    
    后排中间的凸起太高，导致中间很难坐人，长时间乘坐也会不舒服
    
    






                

    驾驶感受
        
            
            
        
        5
    
    
    零百加速，急刹车表现，快速变道表现都很不错
    
    






            

            




            

    油耗
        
            
            
        
        5
    
    
    试驾下来综合10个油，油价高涨的今天，一台省油的车子简直就是福音。
    
    





            
            

    外观
        
            
            
        
        5
    
    
    GT4车面线条比较明显，给人以力量感突出猛男的形象
    
    





            

    内饰
        
            
            
        
        5
    
    
    GT4的内饰改款设计，触控调节面板比较精致美观！让我爱不释手。
    
    





            

    价格政策
        
            
            
        
        5
    
    
    新车价格还是在自己的预期范围内，优惠不是很大，有想法的可以观望一下
    
    





            
                

    配置
        
            
            
        
        5
    
    
    整体配置还是不错的，尤其是这个车是自适应巡航，高速的时候能够放松一点吧
    
    




            

            



        "
常德车友1990,2023-07-10 首次发表,"
            
                
                    225km
                    
                    行驶里程
                
                
                    8.1L
                    百公里油耗
                
                
                
                
                
                
                
                
                
                
                
                

                
                
                    24.67万
                    裸车购买价
                
                
                    2023-07
                    购买时间
                
                
                    常德
                    购买地点
                
            
            
    
    

    
        $(document).ready(function () {
            var koubeiid = 5044499;

        });

    


            
                最满意
                我喜欢这辆车子的动力，挺充沛，而且车子它的外观看着就高端。
            
            
                最不满意
                美中不足的就是车子的后排空间并不大，坐三个人有点拥挤。
            

            

    空间
        
            
            
        
        4
    
    
    前排的空间还是挺宽敞，后备箱设计的也很大。
    
    
        第二排空间
        就是这个第二排坐三个人的话有点拥挤
        
        
    






                

    驾驶感受
        
            
            
        
        5
    
    
    动力还是比较充沛的，最大马力都有211匹，提速快。
    
    






            

            




            

    油耗
        
            
            
        
        5
    
    
    车子它的油耗还是挺合理的，综合算下来的话也就是8个出头。
    
    





            
            

    外观
        
            
            
        
        5
    
    
    我喜欢这辆车子的外观，看着就比较有豪车的风貌。
    
    
    
    
    


    
    
    
    


    
    
    
    


    





            

    内饰
        
            
            
        
        5
    
    
    车子的内饰设计的也很豪华，这个中控屏幕也是挺清楚的。
    
    
    
    
    


    
    
    
    


    





            

    性价比
        
            
            
        
        5
    
    
    在同类型的紧凑型SUV当中，我这辆车子的性价比还挺高，而且颜值也高。
    
    
    
    
    


    
    
    
    


    





            
                

    配置
        
            
            
        
        5
    
    
    车子的配置也是丰富，因为有360度全景影像，而且还有全速自适应巡航系统。
    
    
    
    
    


    
    
    
    


    




            

            



        "
杭州车友1579592,2023-07-10 首次发表,"
            
                
                    106km
                    
                    行驶里程
                
                
                    10.0L
                    百公里油耗
                
                
                
                
                
                
                
                
                
                
                
                

                
                
                    25.80万
                    裸车购买价
                
                
                    2023-07
                    购买时间
                
                
                    衢州
                    购买地点
                
            
            
    
    

    
        $(document).ready(function () {
            var koubeiid = 5044167;

        });

    


            
                最满意
                车子的隔音效果非常好，驾驶起来非常安静。很舒心也很有安全感。
            
            
                最不满意
                车子的油耗略微有点高，平时开市区比较多，红绿灯多也会导致油耗偏高
            

            

    空间
        
            
            
        
        5
    
    
    空间对我来说足够，驾驶起来乘坐起来都不会感觉局促，我觉得还挺好的
    
    
    
    
    


    






                

    驾驶感受
        
            
            
        
        5
    
    
    驾驶感受非常的安静，车子的外形好看，隔音效果非常优秀，驾驶起来舒心
    
    






            

            




            

    油耗
        
            
            
        
        4
    
    
    平时开市区比较多，所以油耗会稍稍偏高一些，但是还在可以接受的范围
    
    
    
    
    


    





            
            

    外观
        
            
            
        
        5
    
    
    外观非常时尚，是我看中这款车的第一个原因，颜值非常重要开在路上回头率很高
    
    
    
    
    


    





            

    内饰
        
            
            
        
        5
    
    
    内饰升级后改变很大，屏幕很清晰也很流畅，方向盘上集成的功能也很多
    
    
    
    
    


    





            

    性价比
        
            
            
        
        5
    
    
    车子的价格不是很高，还有很大的优惠，销售给我了一些优惠后性价比更高了
    
    
    
    
    


    





            
                

    配置
        
            
            
        
        5
    
    
    配置很丰富，倒车音像清晰，所以停车的时候安全性很高。
    
    




            

            



        "
衡阳车友9966063,2023-07-07 首次发表,"
            
                
                    1700km
                    
                    行驶里程
                
                
                    10.0L
                    百公里油耗
                
                
                
                
                
                
                
                
                
                
                
                

                
                
                    27.67万
                    裸车购买价
                
                
                    2023-06
                    购买时间
                
                
                    上海
                    购买地点
                
            
            
    
    

    
        $(document).ready(function () {
            var koubeiid = 5040327;

        });

    


            
                最满意
                外观大气，稳重，还多了几丝时尚感，多种颜色可以选择
            
            
                最不满意
                稍微有点不满意的就是他的后备箱有点小，有时候多人出去需要带的东西有点多，坐满人之后没多少地方放行李
            

            

    空间
        
            
            
        
        4
    
    
    除了后排有点凸起，其他储物空间还是很多的，够用
    
    






                

    驾驶感受
        
            
            
        
        5
    
    
    动力输出很顺畅，爆发力很强，在脚踩油门的时候，不会有延迟感
    
    






            

            




            

    油耗
        
            
            
        
        5
    
    
    油耗看着有点高，不过可以接受，毕竟刚买没多久
    
    





            
            

    外观
        
            
            
        
        5
    
    
    外观豪气十足，大灯犀利亮眼，对着外观没有什么挑剔的
    
    





            

    内饰
        
            
            
        
        5
    
    
    全车都是用的皮质座椅！内饰的皮质包裹基本包括了中控平台从做工以及材料！
    
    





            

    性价比
        
            
            
        
        5
    
    
    整体的外观，内饰，包括一些功能，都比较与时俱进，整车还是很不错的
    
    





            
                

    配置
        
            
            
        
        5
    
    
    配置丰富，辅助驾驶很多，新手上路也不会担心
    
    




            

            



        "
之家车友3825556,2023-07-07 首次发表,"
            
                
                    1260km
                    
                    行驶里程
                
                
                
                
                
                
                
                
                
                
                
                
                

                
                
                    24.67万
                    裸车购买价
                
                
                    2023-06
                    购买时间
                
                
                    荆州
                    购买地点
                
            
            
    
    

    
        $(document).ready(function () {
            var koubeiid = 5039072;

        });

    


            
                最满意
                驾驶凯迪拉克GT4的第一感觉就是起步时的强劲动力，让人心生向往。无论是城市拥堵还是高速行驶，它都能轻松应对，给人一种安全感。
            
            
                最不满意
                对于凯迪拉克GT4我没有找到任何不满意的地方，它的表现让我完全满意。
            

            

    空间
        
            
            
        
        5
    
    
    GT4的后备厢空间宽敞，适合长途旅行和日常购物。无论是行李箱还是购物袋，都能轻松容纳，让人感到十分便捷。
    
    






                

    驾驶感受
        
            
            
        
        5
    
    
    操控稳定而灵活。无论是弯道驾驶还是直线加速，都能给人一种极致的驾驭享受。
    
    






            

            




            

    油耗
        
            
            
        
        5
    
    
    相比同级别车型，GT4的油耗表现优异，比我预期还要低。
    
    





            
            

    外观
        
            
            
        
        5
    
    
    外观设计时尚而大气，给人一种强烈的视觉冲击力。无论是前脸还是流线型的车身，都展现出凯迪拉克独特的设计风格。
    
    





            

    内饰
        
            
            
        
        5
    
    
    内饰颜色搭配极具品味，让人一进入车内就能感受到奢华与舒适。
    
    





            

    性价比
        
            
            
        
        5
    
    
    考虑到GT4的配置和性能，以及其所带来的驾驶乐趣和舒适感，我认为它的性价比非常高。
    
    





            
                

    配置
        
            
            
        
        5
    
    
    GT4的配置堪称豪华，从智能驾驶辅助到全景天窗，每一项配置都充满了科技感和实用性。
    
    




            

            



        "
an9s8ad,2023-07-06 首次发表,"
            
                
                    637km
                    
                    行驶里程
                
                
                    10.3L
                    百公里油耗
                
                
                
                
                
                
                
                
                
                
                
                

                
                
                    27.80万
                    裸车购买价
                
                
                    2023-07
                    购买时间
                
                
                    金华
                    购买地点
                
            
            
    
        
            
        
    
    

    
        $(document).ready(function () {
            var koubeiid = 5038862;

        });

    


            
                最满意
                女生座驾颜值第一凯迪拉克GT4的外观超飒非常具有视觉冲击感，开着特有自信，超大连屏设计，AGK的音响从里到外满满的真心实意感。
            
            
                最不满意
                怀档的设计刚开始用挺不习惯，习惯性往旁边抓一下有几次都抓空。其实是更安全，但是还是一个驾驶习惯问题。
            

            

    空间
        
            
            
        
        4
    
    
    空间虽然是紧凑型SUV但是对我来说挺适合，能够满足我的乘坐还有储物空间，我167的个子坐里面头顶还有两拳距离，后排日常就是空闲状态，平时衣服包包都放里面感觉挺方便。
    
    






                

    驾驶感受
        
            
            
        
        5
    
    
    日常主要是市内驾驶考虑到周末出游动力大点会好些所以直接上的顶配，发动机动力输出充沛，遇到坑洼路段一脚油门直接脱困，底盘非常稳驾驶起来满满的安全感。
    
    
    
    
    


    






            

            




            

    油耗
        
            
            
        
        5
    
    
    目前油耗10.3，新车后续好好磨合应该还要下降，后续再来说说油耗，开空调影响不大。
    
    





            
            

    外观
        
            
            
        
        5
    
    
    外观很稳重的感觉，气场比较强大，我比较喜欢GT4的中网设计，感觉挺有运动气息好看。
    
    





            

    内饰
        
            
            
        
        5
    
    
    GT4内饰挺精致，用料比较扎实，手机互联蛮方便，车机功能挺强大使用起来没有卡顿。
    
    
    
    
    


    





            

    性价比
        
            
            
        
        5
    
    
    配置挺实在的功能蛮齐全，日常需要用的都有，我感觉还是的很值的。
    
    





            
                

    配置
        
            
            
        
        5
    
    
    360全景倒车影像用起来比较顺手，AKG的音响听歌非常舒服，前排还可以手机无线充电蛮便捷。
    
    




            

            



        "
宁波车友1791806,2023-07-06 首次发表,"
            
                
                    597km
                    
                    行驶里程
                
                
                    10.1L
                    百公里油耗
                
                
                
                
                
                
                
                
                
                
                
                

                
                
                    24.80万
                    裸车购买价
                
                
                    2023-06
                    购买时间
                
                
                    宁波
                    购买地点
                
            
            
    
        
            
        
    
    

    
        $(document).ready(function () {
            var koubeiid = 5038682;

        });

    


            
                最满意
                GT4怀挡操控顺畅，1.5T的动力市区够用，半坡起步不用担心溜车。我当时买车看外观溜背的线条大气，中网的设计蛮耐看。
            
            
                最不满意
                新车皮质异味有点重，上车我都习惯性开窗透气
，夏天天热的时候多开窗散味。
            

            

    空间
        
            
            
        
        4
    
    
    平时就是上下班用，对空间要求不高，GT4的后排有点紧凑的感觉，车内的储物空间不多。
    
    






                

    驾驶感受
        
            
            
        
        5
    
    
    操控对女司机来说挺好的，211匹的马力踩起来比较足，怀挡档位切换蛮顺畅，脚下油门比较足。
    
    






            

            




            

    油耗
        
            
            
        
        5
    
    
    油耗能够接受吧，没有踩地板油的习惯平时开车挺温柔的，看见红绿灯也早早就把油门收住了，现在综合油耗在10.1升。
    
    





            
            

    外观
        
            
            
        
        5
    
    
    GT4侧身看起来年轻，外观看起来比较适合年轻人。我喜欢前脸的大灯，有自己的特色，晚上的光源足。
    
    





            

    内饰
        
            
            
        
        5
    
    
    内饰比较有自己的风格，这块大屏幕我用着挺喜欢，车内的视野也不错，功能按键简单越用越清爽。
    
    





            

    性价比
        
            
            
        
        5
    
    
    外观和操控也都非常好，后期保养成本也比较实惠。新车上市第一时间去看了，挺满意和家人一起商量着就买了车。
    
    





            
                

    配置
        
            
            
        
        5
    
    
    配置满足我日常驾驶需求，安全配置齐全，远程启动功能使用频率蛮高的。
    
    




            

            



        "
ZCPBdyyyds,2023-07-05 首次发表,"
            
                
                    924km
                    
                    行驶里程
                
                
                    9.3L
                    百公里油耗
                
                
                
                
                
                
                
                
                
                
                
                

                
                
                    25.47万
                    裸车购买价
                
                
                    2023-06
                    购买时间
                
                
                    东营
                    购买地点
                
            
            
    
    

    
        $(document).ready(function () {
            var koubeiid = 5037556;

        });

    


            
                最满意
                最满意 其实我最喜欢的是它的外观和内饰，外观设计很有个性，有一定的运动感，内饰设计就很高级。
            
            
                最不满意
                最不满意 提车到现在才1个月左右的时间，整体表现还是都挺不错的，目前还没有让我不满意的呢
            

            

    空间
        
            
            
        
        4
    
    
    空间 前排空间还是可以的，不过后排的空间就有些小了，主要是我个人用车较多，所以空间是够用的。
    
    






                

    驾驶感受
        
            
            
        
        5
    
    
    驾驶感受 我是选择的1.5T的 相比2.0T 他的动力可能会逊色一点 。我主要是上下班用车，做代步用，1.5T的就很合适，动力也很够用。
    
    






            

            




            

    油耗
        
            
            
        
        5
    
    
    油耗 提车有一个月左右，主要是上下班用，所以现在的油耗有些高，我的理想值是七八个油。
    
    





            
            

    外观
        
            
            
        
        5
    
    
    外观 外观我是很满意的，见到他的第一眼就已经喜欢上了，他有一定的运动感，而且车身长度也刚好，非常好驾驭。
    
    





            

    内饰
        
            
            
        
        5
    
    
    内饰 内饰是很有科技感的，我最喜欢的就是大连屏了。
    
    





            

    性价比
        
            
            
        
        5
    
    
    性价比 我买车的时候优惠力度不是很大，配置和价格都是可以接受的，针对个人来说，性价比还行。
    
    





            
                

    配置
        
            
            
        
        5
    
    
    配置 我选择的是豪华 配备了很多实用性很高的功能，给驾驶带来了很大的便利。
    
    




            

            



        "
xiaojingchen,2023-07-05 首次发表,"
            
                
                    150km
                    
                    行驶里程
                
                
                    8.5L
                    百公里油耗
                
                
                
                
                
                
                
                
                
                
                
                

                
                
                    25.20万
                    裸车购买价
                
                
                    2023-07
                    购买时间
                
                
                    南京
                    购买地点
                
            
            
    
    

    
        $(document).ready(function () {
            var koubeiid = 5037029;

        });

    


            
                最满意
                我最满意它的座椅，座椅好软，坐上去就不想下车了。
            
            
                最不满意
                我最不满意的就是后备箱空间，能储物的地方太少了，随便装点东西就满了。
            

            

    空间
        
            
            
        
        4
    
    
    它的空间坐起来会有点挤，空间不是特别的大。
    
    






                

    驾驶感受
        
            
            
        
        5
    
    
    我对这台车的驾驶感受还是挺满意的，1.5T的机器足够应付日常使用了，加上9AT的加持，整个行车体验非常棒。211匹的马力在高速公路上也毫无压力，超车的时候后劲十足，不会像小排量一样并行那么长时间。
    
    






            

            




            

    油耗
        
            
            
        
        5
    
    
    它蛮能省油的，新车开了一百公里才8点几的油耗。
    
    





            
            

    外观
        
            
            
        
        5
    
    
    它的外观我最喜欢的就是它车头部位，看上去特别酷，比XT4,XT5等车都好看。
    
    





            

    内饰
        
            
            
        
        5
    
    
    内饰的中控真的让我爱了，尺寸好大，而且配色看上去也很年轻，用料方面也不差闻着没异味。
    
    





            

    性价比
        
            
            
        
        5
    
    
    性价比高，他购车优惠挺大的，对比同级别的XT4价格更符合我预算，所以当时就选了它。
    
    





            
                

    配置
        
            
            
        
        5
    
    
    大家别看我买的是豪华版，但配置其实一点也不比顶配的差。
    
    




            

            



        "
一心跳一,2023-07-04 首次发表,"
            
                
                    900km
                    
                    行驶里程
                
                
                    7.5L
                    百公里油耗
                
                
                
                
                
                
                
                
                
                
                
                

                
                
                    25.17万
                    裸车购买价
                
                
                    2023-06
                    购买时间
                
                
                    金华
                    购买地点
                
            
            
    
    

    
        $(document).ready(function () {
            var koubeiid = 5035660;

        });

    


            
                最满意
                我是感觉美系的SUV，安全性高。而且车子的外观大方，当时买车第一眼就相中了它，颜值相当高。他的造型，还是比较符合我审美眼光的。
            
            
                最不满意
                车子各方面都比较不错，但是过减速带的时候，稍微有点颠簸感，还有就是后排空间感觉的确是紧凑基本的标准。
            

            

    空间
        
            
            
        
        4
    
    
    平时正常用车车子空间足够用的，只是遇上特殊情况的，后排坐满的话，那空间就挤一点，而且中间的凸起比较大，有影响。当然后备箱的空间是认可的，放进宝宝的小推车空间还绰绰有余。
    
    






                

    驾驶感受
        
            
            
        
        5
    
    
    新车开起来比较顺畅，方向机调校还是可以的。车子的动力非常足，加速以及起步都不是问题。
    
    






            

            




            

    油耗
        
            
            
        
        5
    
    
    原本以为这样的美系SUV油耗会高，毕竟在市区还是经常会遇到堵车的情形，但是昨天看了一下油耗只有7.5个左右，感到相当欣慰。
    
    





            
            

    外观
        
            
            
        
        5
    
    
    车子的外观看上去让人感觉特别舒服，而且充满了运动时尚感，是一种酷酷的类型。而且车身设计别致，让人一眼就能够看出来是这款车，辨识度特别高。
    
    





            

    内饰
        
            
            
        
        5
    
    
    内饰简约而大方，非常符合我的风格，我本身喜欢干净利索型的内饰，而这款车子的内饰一点也不花里胡哨，看上去高端大气。
    
    





            

    性价比
        
            
            
        
        5
    
    
    现在的优惠不是很多，可能是新车上市的原因，这个东西看个人吧，想大优惠都继续等，我是早买早享受。
    
    





            
                

    配置
        
            
            
        
        5
    
    
    车子安全配置齐全，比如重要的主动刹车，驾驶功能丰富，而且用起来特别顺手。
    
    




            

            



        "
马鞍山车友3758935,2023-07-03 首次发表,"
            
                
                    100km
                    
                    行驶里程
                
                
                    8.0L
                    百公里油耗
                
                
                
                
                
                
                
                
                
                
                
                

                
                
                    25.20万
                    裸车购买价
                
                
                    2023-07
                    购买时间
                
                
                    合肥
                    购买地点
                
            
            
    
    

    
        $(document).ready(function () {
            var koubeiid = 5034957;

        });

    


            
                最满意
                我很喜欢GT4的内饰，里面的驾驶氛围感很强，整体充满了金属感，坐进去就有想开车的冲动。
            
            
                最不满意
                后排空间我略微有点不满意，空间不算大，乘坐的体验感对比前排要差一个档次。
            

            

    空间
        
            
            
        
        4
    
    
    空间一般吧，毕竟是紧凑型SUV，前排空间中规中矩，后排略微小了点。
    
    






                

    驾驶感受
        
            
            
        
        5
    
    
    车子开起来比较顺畅，1.5T的动力起步提速反应都非常快，变速箱换挡也平顺，而且方向控制都没什么问题，指向精准，让我老婆开长途，在转弯多的道路上也不会感觉胳膊疲惫。
    
    






            

            




            

    油耗
        
            
            
        
        5
    
    
    我平时都在市区内开，开的比较平稳，油耗平均在8L左右。
    
    





            
            

    外观
        
            
            
        
        5
    
    
    外观造型还是比较出众的，前脸很有战斗力，可谓是老幼通吃的颜值。
    
    





            

    内饰
        
            
            
        
        5
    
    
    内饰充满了金属的味道，坐进车内有种开跑车的感觉，很有冲劲。
    
    





            

    性价比
        
            
            
        
        5
    
    
    它的价格不算贵，符合我预算，对比奥迪，和BBA，配置上也更出彩，所以觉得它性价比高，就买了它。
    
    





            
                

    配置
        
            
            
        
        5
    
    
    配置还是蛮出彩的，20万有前后驻车雷达、倒车影像和全速自适应巡航，这样的配置在豪华品牌里可不多见。
    
    




            

            



        "
cyctl,2023-07-03 首次发表,"
            
                
                    150km
                    
                    行驶里程
                
                
                    8.2L
                    百公里油耗
                
                
                
                
                
                
                
                
                
                
                
                

                
                
                    25.20万
                    裸车购买价
                
                
                    2023-07
                    购买时间
                
                
                    南京
                    购买地点
                
            
            
    
    

    
        $(document).ready(function () {
            var koubeiid = 5034847;

        });

    


            
                最满意
                我比较满意它的动力，211P的马力，开出门想超车就超车，上坡也不费力，一脚油门就上去了。
            
            
                最不满意
                我不太喜欢它的隔音，效果不佳，开车的时候能听到发动机的声音。
            

            

    空间
        
            
            
        
        4
    
    
    身为紧凑型的车来说，它的空间算是比较充裕的了，我一米七五前后两排都能坐的很舒服，没有任何不适的地方。
    
    






                

    驾驶感受
        
            
            
        
        5
    
    
    GT4的驾驶感受很好，1.5t211的马力，车子开起来很有冲劲，起步像一批脱缰的野马，又凶又猛，提速节奏也很快，不拖拉很顺畅，而且方向盘也轻柔，指向性好，在市区道路内操控过弯变道都不会感到吃力。
    
    






            

            




            

    油耗
        
            
            
        
        5
    
    
    车子再城市里开了一段时间，油耗百公里在8L左右，算是比较合理的油耗。
    
    





            
            

    外观
        
            
            
        
        5
    
    
    这车外观回头率挺高的，大灯看上去很凶，腰线也比较流畅，是大众喜欢的类型。
    
    
    
    
    


    
        车身做工
        车身硬度很高，轻微的剐蹭基本不会怎么掉车漆。
        
        
    





            

    内饰
        
            
            
        
        5
    
    
    它内饰看上去还是比较顺眼的，中控用料好做工细，关键是中控屏幕够大。
    
    





            

    性价比
        
            
            
        
        5
    
    
    在这个级别它这个价位和配置，性价比真是我看过的车里最高的。
    
    





            
                

    配置
        
            
            
        
        5
    
    
    这车标配就有前后驻车雷达，倒车影像，全速自适应巡航，可开启全景天窗，车窗一键升起，座椅加热，通风，挺好的。
    
    




            

            



        "
三门峡车友2146112,2023-07-03 首次发表,"
            
                
                    
                    暂无
                    行驶里程
                
                
                
                
                
                
                
                
                
                
                
                
                

                
                
                    25.47万
                    参考价格
                
                
                    2023-06
                    探店时间
                
                
                    三门峡
                    探店地点
                
            
            
    
    

    
        $(document).ready(function () {
            var koubeiid = 5034672;

        });

    


            
                新车好评
                试驾全新GT4颜值性能一次性拉满，太适合女生的座驾，兼容高颜值加高性能，喜欢的女孩子快来看看我的分享吧。
            
            
                新车槽点
                全新GT4是凯迪拉克第一款轿跑SUV，尾部设计带有coupe式的设计，很时髦呦……
            

            

    空间
        
            
            
        
        5
    
    
    空间很满足女生出行，车内空间很宽敞，后备箱容积不错呦！不管上下班和还是带娃周末游玩，都够用啦！
    
    






                

    驾驶感受
        
            
            
        
        5
    
    
    像我这种八年驾龄老司机是特别爱坐起来，包裹感十足，驾驶感很好的车，游艇式豪华智舱大大满足了我对驾驶感的要求。
    
    






            

            




            

    油耗
        
            
            
        
        5
    
    
    我个人觉得油耗估计在8左右，我觉得八九不离十。
    
    





            
            

    外观
        
            
            
        
        5
    
    
    外观设计很时髦圆润饱满，分体式的大灯组，全新溜背造型，层次感十足马路上回头率满满……
    
    





            

    内饰
        
            
            
        
        5
    
    
    全功能宝藏座椅，水晶中控，流媒体内后视镜，整体舒适感科技感拉满，加上主打的游艇是豪华智舱AKG录音棚及音响系统，一秒进入移动的livehouse
    
    
    
    
    


    
    
    
    


    
    
    
    


    





            

    价格政策
        
            
            
        
        5
    
    
    新车有优惠，但是优惠力度没有想象中大哦，值得我们观察观察。
    
    





            
                

    配置
        
            
            
        
        5
    
    
    配置就不一一介绍了，配置丰富整体的试驾体验完美，感觉易上手，非常适合女生操控。值得一提的还是车内听歌，绝对是种享受，AKG带来的体验让人太享受了。
    
    




            

            



        "
谁是小水滴,2023-09-11 首次发表,"
            
                
                    996km
                    
                    行驶里程
                
                
                    8.6L
                    百公里油耗
                
                
                
                
                
                
                
                
                
                
                
                

                
                
                    26.60万
                    裸车购买价
                
                
                    2023-08
                    购买时间
                
                
                    贵阳
                    购买地点
                
            
            
    
    

    
        $(document).ready(function () {
            var koubeiid = 5143778;

        });

    


            
                最满意
                【购车经历】
由于贵阳交通问题，为了出行方便打算购入一辆紧凑型SUV,GT4作为一辆跨界suv,溜背的造型提升了作为SUV的运动感，但是也削弱了空间表现。相较于同类型的 Q3 和X1,GT4 的各方面表现都占据优势，从外观设计到内饰布局都能够体现凯迪拉克的品牌力。对于顶配铂金而言，最大的问题在于排产不足，GT4刚推出之时，4s店基本只配备一台大都会红色的铂金车型，同时车辆会被激活作为展车使用。这也是购车过程中所遇到的最大问题，在搞清楚车辆使用情况下，才有可能争取到最大的优惠力度，否则只会被销售忽悠。如果想要订购其他配色的车型，周期少则两月，多则遥遥无期，只能选择早买早享受了。
【油耗】
油耗方面，因为是2.0T，高速表现可以做到7.0L/100km以内。综合油耗大概在8.0L/100Km.
【驾驶感受】
车内保留了大量的实体按键，这是比较适合行车需求的设计，同时语音控制非常灵敏，车内所有功能基本可以通过语音控制实现。驾驶方面动力强劲，操控性很强，时速一百四五也很稳。低速下顿挫比较明显。四五十后轻踩，推背感十足，提速超车非常容易。隔音效果方面，100以下很静谧，100以上风躁和胎噪也很弱，播放音乐基本可以忽略。AKG 音响低音表现上非常突出，高音部分比较一般，总体音响效果比较满意。座椅乘坐时颈部会悬空，长期驾驶会不适，最好需要自行购买头枕。
            
            
                最不满意
                【最不满意】
安吉星App信息更新不及时，油耗、行程一直都没有记录，车况刷新也非常不准确。
另外中途出现过一次断电，只能通过机械钥匙进入车内，无法正常启动，应该是电瓶馈电所致。事情经过为当天早晨八点安吉星发送短信告知车辆有异常触碰及时查看，中午回家时发现车辆断电，后通过平安救援搭电重新启动，启动后车辆显示曾被非法入侵。随后检查发现，前雷达无法正常运行，车道辅助无法开启，所有音响均无声音，发动机故障灯亮起。跟售后沟通后，经过刷机又恢复正常，后续是否会出现相同问题有待观察。
            

            

    空间
        
            
            
        
        4
    
    
    车内采用环抱式游艇座舱，主副驾空间很大，后排则比较一般，后备箱空间有限
    
    






                

    驾驶感受
        
            
            
        
        5
    
    
    起步很快，低速下顿挫明显，后段提速很快，推背感十足😍
    
    
    
    
    


    






            

            




            

    油耗
        
            
            
        
        4
    
    
    高速表现在 6 到 7 个油之间，城市表现在 8 到 9 个之间
    
    





            
            

    外观
        
            
            
        
        5
    
    
    钻石切割线条，溜背跨界造型，红黑运动套件，帅气沉稳
    
    
    
    
    


    
    
    
    


    
    
    
    


    





            

    内饰
        
            
            
        
        5
    
    
    内饰采用大连屏➕实体按键，兼顾豪华感和舒适性，语音控制基本覆盖全车 90%的功能。
    
    
    
    
    


    
    
    
    


    





            

    性价比
        
            
            
        
        3
    
    
    购车优惠幅度很小，铂金车型排产不足，配置比较全面。
    
    
        故障维修
        八百公里左右出现一次断电，音响无声，前雷达无法使用，车道辅助无法使用。后续进行刷机恢复正常
        
        
    
    
    
    


    





            
                

    配置
        
            
            
        
        5
    
    
    语音控制覆盖全面，360 清晰度高，抬头显示非常好用
    
    




            

            



        "
在逃公主0212,2023-08-13 首次发表,"
            
                
                    1500km
                    
                    行驶里程
                
                
                    8.0L
                    百公里油耗
                
                
                
                
                
                
                
                
                
                
                
                

                
                
                    27.70万
                    裸车购买价
                
                
                    2023-07
                    购买时间
                
                
                    沈阳
                    购买地点
                
            
            
    
    

    
        $(document).ready(function () {
            var koubeiid = 5099323;

        });

    


            
                最满意
                凯迪拉克全新GT4这台轿跑SUV简直是女性的福音，对于外形我超级满意，看了很多品牌，结果第一眼就看上了这款车。比轿车高一点大一点，又比比XT4小一点，感觉这个造型上面还是比较精致的，这个外观轿跑式的溜背车身设计很特别，内饰科技和豪华氛围感足足的，增添了智能语音交互系统，还是比较好用的，真的是进步很大。驾驶动力方面也特别好，1.5T对于我来说刚刚好，百公里加速在9秒以内，动力够用还很省油，一脚下去有推背感特十足，很棒！
            
            
                最不满意
                开了一个月了，还没遇到啥问题，这段时间开起来还是比较让人省心的，操控简单，对我我这个新手小白女司机，超级体贴，驾驶轻松。
            

            

    空间
        
            
            
        
        4
    
    
    车的空间我觉得刚刚好，驾驶作为对于我来说错错有余，虽然说是一台紧凑型SUV，车长和轴距的长度，还是很合理，设计做的也很不错，闺蜜做过后排，她的回馈确是还可以，说后排乘坐起来比较宽裕，并且开着它出了趟远门，装了很多东西，后备箱的容量也是很赞，平时足够满足出行，打开天窗，又是一个新的世界，很美吧！夏天真的超级实用，坐在车里也可以感受这大自然的美好呀！
    
    
    
    
    


    
    
    
    


    
    
    
    


    






                

    驾驶感受
        
            
            
        
        5
    
    
    这台车开起来很较稳，虽说买的25T，对于我一个女生来说也很够用，动力充沛，平时上下班，很好用，车开起来功能很多，使用起来也舒服。长途驾驶也不觉得累。车子并没有那么大，对我新手的我，很好开，毕竟是我的第一台座驾，还是选个容易上手的比较好呀，今天第一次开来到沈阳建筑大学，景色不错，拍了很多照片，感觉很漂亮，所以抓紧和大家分享喽。
    
    
    
    
    


    






            

            




            

    油耗
        
            
            
        
        5
    
    
    车的油耗方面一点不同担心什么，我觉得她真的很省油，因为也没有开太久，现在还是是新车磨合期，目前的油耗方面维持还都挺省的，百公里油耗在8L，这么大个美系车，这个油耗，我万万没想到，真的是赚到了。
    
    





            
            

    外观
        
            
            
        
        5
    
    
    凯迪拉克所有的车型在外观设计方面都很有他独有的特色，这个新款凯迪拉克GT4跟不例外，改变的一样的中规中矩，外观和内饰都很豪华。众多车型中一眼就相中了它，颜值高，有内涵。溜背式尾部设计，炫丽的LED大灯，仔细看，灯内还有个小logo，设计很惊艳，其次这个颜色，不仅大气高级，而且真的超级耐脏，夏季这个多雨的天气，最怕洗完车下雨，而我的小凯一直干干净净，不得不说，太赞了。
    
    
    
    
    


    
    
    
    


    
        车头造型
        车头开起来很霸气，特别是晚上，加上前大灯，眼神犀利，很有辨识度，超级特别！很豪华，大自然的的美，加上我得GT4，真的很配，不信来看看我得美照。
        
        
    
    
    
    


    
        腰线设计
        运动风，特时尚，女生开很适合，女性的福音非她莫属啦！
        
        
    
    
    
    


    





            

    内饰
        
            
            
        
        5
    
    
    内饰很豪华，充满了高级感，33英寸大屏，真皮座椅，全景天窗，整体很高档，大气，还有沉稳的印象，特别是无聊的时候还可以看看电影，配有AKG音响➕这个大屏，电影院的感觉一下子就有了，爱了爱了。
    
    
    
    
    


    
        座椅加热
        座椅带通风加热功能，无论是冬天还是夏季都超级实用
        
        
    
        旋钮
        旋钮很漂亮，简单时尚，给内饰增加的美感，超级喜欢😍
        
        
    
    
    
    


    





            

    性价比
        
            
            
        
        5
    
    
    GT4的综合性价比我觉得真的很高，无论是外观还是内饰，以及动力和价格，我个人认为非常值得。
    
    





            
                

    配置
        
            
            
        
        5
    
    
    虽说使用时间短了一些，但是配置没得说，很够用，车机的流畅度很高，使用下来没有卡顿的情况，并且这台车功能也比较丰富。倒车影像，全景影像对于我来说很nice，新手小白必备，语音交互的准确性很高，都是实时的没有卡顿的反馈给我，体验很好。
    
    
    
    
    


    
    
    
    


    




            

            



        "
温州车友9048565,2023-07-26 首次发表,"
            
                
                    1028km
                    
                    行驶里程
                
                
                
                
                
                
                
                
                
                
                
                
                

                
                
                    24.80万
                    裸车购买价
                
                
                    2023-06
                    购买时间
                
                
                    温州
                    购买地点
                
            
            
    
        
            
        
    
    

    
        $(document).ready(function () {
            var koubeiid = 5073570;

        });

    


            
                最满意
                最满意的是GT4的外观，外形看起来大气，虽然是女孩子，但是开起来完全hold住，尾部有点溜背的感觉挺帅气，选择的曼巴顿灰色，颜色阳光下看起来高级，我提车的时候有仔细检查过车身，车漆挺好。第二个是买车送了保养，后面养护费用上也省了，这笔钱可以不用花了。
            
            
                最不满意
                不太满意座椅的高度，调节过后还是有点偏高，坐在上面略微有点硬，舒适性一般。语音唤醒功能平平，反应速度不快。
            

            

    空间
        
            
            
        
        5
    
    
    我的身高168，体重120，坐在车内的空间目前是够的，后排带过家里人，如果是乘坐三个人有点拥堵，中间的位置不平导致余中间乘坐的人不舒服，其余的目前都还行。
    
    
    
    
    


    
        ☆ 空间设计亮点
        后备箱空间挺大的，日常东西多塞得满满的，还是挺能装的。纵向深度大，放两个行李箱还行。
        
        
    






                

    驾驶感受
        
            
            
        
        5
    
    
    方向盘稍微转动就很灵活，车身比较重，开起来不费劲，现在天气热了，开车基本上开着空调，我有观察过油耗不影响。起步的时候用的舒适模式，动力感也足。涡轮2000转的时候开起来很流畅。
    
    
    
    
    


    
    
    
    


    






            

            




            

    油耗
        
            
            
        
        5
    
    
    之前有看到说凯迪的车子油耗高，我自己开下来这段时间觉得还行，百公里的油耗9个油，1.5T的油耗动力挺省的，作为新手来说，磨合期开的时候有这个油耗挺合理，平时加的95号的汽油。
    
    





            
            

    外观
        
            
            
        
        5
    
    
    GT4的外观不张扬，开起来四平八稳的，细节上面出来的挺好，门框的连接处很实在，车漆的光泽度也还行。开起来适合我这样的年轻人有活力。
    
    





            

    内饰
        
            
            
        
        5
    
    
    内饰颜值挺高档的，这个氛围灯夜间的照明效果还行，坐在车内安静的待一会也很惬意，胎压监测挺好用的，出门有必要注意一下胎压的数值。大屏幕触屏很快，随手操控。
    
    
    
    
    


    
    
    
    


    
    
    
    


    





            

    性价比
        
            
            
        
        5
    
    
    买车的时候就谈判了价格，多谈几次，送了保养，保险是8千多，算是拥有自己的小车，挺开心的一件事情。没有强制让我装潢这件事情我挺满意的，现在价格还是挺坚挺的，要是优惠力度再大一点就更好了。
    
    
    
    
    


    





            
                

    配置
        
            
            
        
        5
    
    
    买的尊贵，该有的功能较多，买车还是选择配置高一点，后期也不会惋惜没买，省的麻烦，美系车还是挺厚道的，车内的AKG听着品质还行，座椅调节很方便，雷达也很灵敏，远程启动会实用，后期有什么想说的再来分享我的心得
    
    




            

            



        "
叶翔0308,2023-07-19 首次发表,"
            
                
                    200km
                    
                    行驶里程
                
                
                    9.0L
                    百公里油耗
                
                
                
                
                
                
                
                
                
                
                
                

                
                
                    25.00万
                    裸车购买价
                
                
                    2023-07
                    购买时间
                
                
                    潍坊
                    购买地点
                
            
            
    
    

    
        $(document).ready(function () {
            var koubeiid = 5058883;

        });

    


            
                最满意
                要说最满意呢其实满意的地方还是挺多的，这是我人生中的第一辆车，也算是经过了很长时间精挑细选后才决定的车子，首先满意的还是GT4的外观，对于我来说外观还是很重要的，都说女人买东西只看外观，也不全对吧，我无论买什么东西首先看的就是外观，只要外观喜欢才会想更深入的去了解它，GT4的设计是符合我的审美的，前脸很大气，侧身线条很完美，后尾灯很拉风，整体就给我一种轿跑SUV的感觉，开着它走在路上也是回头率爆表。第二满意的呢就是它的内饰设计，同级别来说这次的内饰焕新真的是太帅了，试问一下，还有哪个品牌，同等的价格配备33英寸液晶大屏呢？我还很喜欢它的怀挡设计，给人一种很高大上的感觉，座椅包裹性很好，还可以多方向的调节，最实用的还是它的座椅通风功能，这个夏天别提有多舒服了。GT4这款车是我自己精挑细选的，总体来说都是非常满意的。
            
            
                最不满意
                暂时还没有不满意的地方，刚提车不久，虽然是1.5T的发动机，但是提速加速还是很给力的，反正对于我来说是完全够用的，要非说不满意的一点呢，就是新车上市优惠力度不大，如果能更优惠一点就好了哈哈。
            

            

    空间
        
            
            
        
        5
    
    
    车子买来呢主要也是为了上下班代步，特别是炎热的夏天和寒冷的冬天，有一辆属于自己的小车车是多么幸福又舒服的一件事。GT4的空间对于我来说是够用的，我不喜欢特别大的车，平时逛街停车也不方便，小车开着轻便，想停哪就停哪。可能GT4的空间对于男士来说有些紧凑，买车就是要看自己的需求，我感觉驾驶空间很宽敞，后排空间平时不怎么坐人，偶尔载个同事或家人也是没有问题的，后备箱空间也很给力，能满足我的日常需求，所以空间大小还是要看每个人的日常需求吧。
    
    
    
    
    


    






                

    驾驶感受
        
            
            
        
        5
    
    
    之前就一直开老妈的逍客，当我第一次上手GT4的时候竟然觉得它很好驾控，就感觉人车合一了，方向盘的握感还是不错的，转弯很方便，方向盘也不沉，作为女士来说是很好掌控的，油门刹车响应都很灵敏，提速加速也是很快的，再就是座椅坐着很舒服，包裹性还是不错的，不管是开着它上下班还是出远门，就感觉特别是舒服，好像自从提车后越来越喜欢开车了呢。
    
    






            

            




            

    油耗
        
            
            
        
        5
    
    
    油耗方面也算是给我很大的惊喜了，之前一直觉得凯迪拉克油耗偏高，还一直担心，好在上下班路途比较近，一月的油费也花不了多少，自从提车后，经过这段时间的磨合，油耗也算是得到了稳定吧，平均下来一般就9个左右，还没跑过高速，看其他车友分享的，跑高速下来油耗平均一般就6-7个，油耗这方面其实不用担心的。
    
    





            
            

    外观
        
            
            
        
        5
    
    
    GT4的外观是值得点赞的，新上市的车型，它的设计风格是我喜欢的样子，也符合了我心目中想要的轿跑式SUV，它的前脸设计很大气很时尚，配上完美的车身线条，使整个车看起来很运动很年轻，我特别喜欢它的后尾灯设计，有句话不是说，不是所有的尾灯都是竖起的，这就是凯迪拉克独有的设计，就像我妈说的，在楼上光看尾灯就知道是你回来啦。GT4的外观设计应该是很多女性朋友喜欢的风格，不管哪个颜色，都是很帅气很飒的，GT4的外观一定要给五星好评。
    
    
    
    
    


    
    
    
    


    
    
    
    


    





            

    内饰
        
            
            
        
        5
    
    
    感觉这次凯迪拉克的内饰设计真是的用心了，也算是这么长时间以来做出的最大改变，我很喜欢一打开车门，大屏亮起的凯迪拉克LOGO标志，欢迎主人上车的迎宾灯，太有仪式感了，33英寸的环抱式超视网膜曲面屏也是非常的炫酷，怀挡设计很高大上而且很方便，还有AGK音响的完美音质，让我感觉开车就是一种享受。座椅的包裹性和质感也是值得一赞的，摸着很舒服，坐着更舒服。
    
    
    
    
    


    
    
    
    


    
    
    
    


    





            

    性价比
        
            
            
        
        5
    
    
    买车之前也对比过其他几款车型，每辆车都有自己的优点和不足吧，同等价格来说，我还是觉得GT4完胜，不管是外观内饰、还是动力配置上来说，它都能满足我的需求，甚至远超我的预想，车子毕竟是要开很长时间的，所以当然要精挑细选啦，我会把GT4推荐给同事朋友，因为它的性价比确实也很高。
    
    
    
    
    


    
    
    
    


    





            
                

    配置
        
            
            
        
        5
    
    
    配置功能是非常全的，我常用的就是智能语音功能，你只要说一声你好凯迪拉克，它就会回复你，比如空调温度调低一点，它会马上操作，特别是在开车的过程中很实用很方便。再就是我现在常用的座椅通风功能，炎炎夏日温度这么高，当坐上带有座椅通风的GT4之后，那感觉别提多爽了！
    
    




            

            



        "
心无旁骛111,2023-07-19 首次发表,"
            
                
                    949km
                    
                    行驶里程
                
                
                    13.0L
                    百公里油耗
                
                
                
                
                
                
                
                
                
                
                
                

                
                
                    25.17万
                    裸车购买价
                
                
                    2023-06
                    购买时间
                
                
                    上海
                    购买地点
                
            
            
    
    

    
        $(document).ready(function () {
            var koubeiid = 5058861;

        });

    


            
                最满意
                常年开5米多的CT6代步，一下子换成4米6的GT4，给我最大的改变就是车子灵活不少，停车也比以前容易很多了。内饰也进行翻天覆地的变化，屏幕非常的大！而操作界面还是传承了以前的凯迪拉克界面，很适合像我这样的凯迪拉克老用户使用，非常多的功能都能凭借习惯找到。紧凑型SUV也完美符合我现在的用车需求。
            
            
                最不满意
                因为选择的是1.5T的版本，由于之前开的都是2.0T，起步时候的动力会有明显的区别。发动机转速在起步时候会保持一段时间的高转速，随之会有引擎声传入车厢内。别的没什么不满意的了。
            

            

    空间
        
            
            
        
        4
    
    
    虽然是一辆紧凑型的SUV车型，但是因为用车需求的变化，我需要的是一辆仅供自己日常代步的车，所以空间对我意义不大。
驾驶位的空间可以随心所欲的调节，后排空间偶尔使用一下应该是够的。
后备箱空间虽然没之前的CT6大，但是也够用了！
    
    
    
    
    


    
    
    
    


    






                

    驾驶感受
        
            
            
        
        5
    
    
    一直在市区里使用，1.5T和2.0T的区别其实不大。能感受动力差距的是起步或急加速时，少了本来的那份从容不迫。
跑高速时的动力表现其实够用，只是转速会有点高。
刹车比起大车真的是灵敏很多，基本稍微踩一点就会有制动的反馈。
    
    






            

            




            

    油耗
        
            
            
        
        5
    
    
    市区里代步油耗基本13左右，高速巡航的话就能降到7左右。但是值得注意的是，GT4是可以加92号汽油的！所以综合算下来油耗属于中等水平，但确实省油费了。
驾驶模式切换也会用显著的油耗变化。
    
    
    
    
    


    
    
    
    


    





            
            

    外观
        
            
            
        
        5
    
    
    外形设计得很有年轻感。凯迪拉克再也不是只会使用竖条纹和肌肉感的美式大块头了！有圆滑的曲面也有激进的轮廓线条。
车头与车尾的设计遥相呼应大气又好看！
    
    
    
    
    


    
    
    
    


    
    
    
    


    





            

    内饰
        
            
            
        
        5
    
    
    年轻！年轻！还是年轻！虽然年近五旬，但还是被全新的内饰设计所吸引。置换GT4的主要原因就是内饰好看。
一改以往的美式豪华，现在的内饰风格更趋向科技！
氛围灯让原本枯燥的交通工具，灵动了不少。
自带的座椅加热与座椅通风，加热原本就一直在使用，通风功能刚刚接触，在现在的三伏天使用真的非常棒！
    
    
    
    
    


    





            

    性价比
        
            
            
        
        5
    
    
    很多人不理解为什么从CT6置换成GT4，原因就是性价比！之前的CT6一直没出过问题，所以坚定选择了凯迪拉克。新车优惠有点少，但是在自己心理价位，各种功能都让我爱不释手，所以果断换了！
    
    
    
    
    


    





            
                

    配置
        
            
            
        
        5
    
    
    无线carplay，HUD抬头显示，自适应巡航，变道辅助。基本上该有的功能都有了。对于20多年驾龄的老司机来说，使用感受非常新奇。
    
    
        并线辅助实用性
        侧方有车时，反光镜上会亮起黄色的小灯，盲区也会提醒。非常好用。
        
        
    
        HUD抬显实用性
        使用车辆自带的地图导航，还会把导航信息投影到挡风玻璃上。使用感受非常不错！
        
        
    




            

            



        "
共婵娟大幅,2023-07-17 首次发表,"
            
                
                    1322km
                    
                    行驶里程
                
                
                    11.0L
                    百公里油耗
                
                
                
                
                
                
                
                
                
                
                
                

                
                
                    27.00万
                    裸车购买价
                
                
                    2023-06
                    购买时间
                
                
                    威海
                    购买地点
                
            
            
    
    

    
        $(document).ready(function () {
            var koubeiid = 5055137;

        });

    


            
                最满意
                最满意这款车的外观设计了，看起来非常的年轻和时尚，个性十足的风格！开出去的时候回头率也是相当的高，当然也因为我们这边还没有几辆GT4哈哈！除了很满意它的外观之外，我觉得它的安全性也是可圈可点的，什么车道偏离预警，前后驻车雷达，360全景影像等等实用的配置都一应俱全，而且大灯亮度也够高，晚上开出去也能给我足够多的安全感~
            
            
                最不满意
                最不满意的地方也就是后排的空间了，坐两个大人的话感觉还好，但是要坐仨人的话，那就有点拥挤了，主要是因为它的地台隆起较高，腿脚放着不舒服~其他方面暂时没有发现有什么不足的地方，整体表现还是挺均衡的
            

            

    空间
        
            
            
        
        4
    
    
    我坐在前排的时候感觉空间还是挺宽敞的，头部腿部都有足够多的活动空间，长时间乘坐也不压抑。后排的话，主要是中间地台凸起比较高，所以如果坐下三个人的话，多少的是会觉得拥挤了些。另外后备箱的空间也并不算是很大，只能说中规中矩吧。
    
    
    
    
    


    
    
    
    


    






                

    驾驶感受
        
            
            
        
        5
    
    
    先说动力，这车配备的1.5升涡轮增压发动机表现出色，起步速度够快，中后期的加速也很给力，主要就看你的驾驶了，就挺随心所欲的，只需掌控好油门即可。刹车踏板反馈线性，使我可以更加自信地驾驶，安全感十足~
    
    






            

            




            

    油耗
        
            
            
        
        5
    
    
    目前行驶的里程还不多，也没过磨合期，油耗的话就没太大的参考价值了，表显数据是百公里11L，等磨合一段时间再看看！
    
    





            
            

    外观
        
            
            
        
        5
    
    
    它的外形很帅气，所以无论我走到哪里，总能吸引无数人的目光，回头率相当高。首先它的车头设计个性而又时尚，灯光是LED的，好看且够亮，和独特的中网相搭配，显得格外的和谐。
    
    
    
    
    


    
    
    
    


    
        腰线设计
        从侧面看，会觉得这车比较厚重，不给人轻飘飘的感觉，而且腰线很笔直清晰，勾勒出有型的造型来，越看越觉得顺眼。
        
        
    
    
    
    


    
    
    
    


    
        车尾造型
        尾灯看起来比较个性，晚上亮起效果不错
        
        
    
    
    
    


    
    
    
    


    





            

    内饰
        
            
            
        
        5
    
    
    内饰的设计风格就是属于比较时尚年轻的那种，除了大量的软性材质的覆盖之外，也有添加金属元素，所以整车的质感也就更好了~
    
    
    
    
    


    
    
    
    


    
    
    
    


    
        座椅舒适性
        座椅的舒适性还可以，软硬度适中，坐在上面感觉包裹感和支撑性都挺到位的，有时候坐在车上的时间会比较久，也不会觉得很累
        
        
    





            

    性价比
        
            
            
        
        5
    
    
    性价比的话，我个人觉得物有所值了，虽然说新车目前还没有多大的优惠力度，但是入手之后它带给我的整体体验感都还不错，所以就觉得蛮值得选择的，不后悔入手它。
    
    





            
                

    配置
        
            
            
        
        5
    
    
    平常最常用到的配置就是360全景影像了，确实很好用，清晰度高，下雨天也不会影响使用，车身周边的情况一目了然，对新手特别的友好！
    
    
        车机功能及流畅度
        车机系统用起来还可以，流畅度很高，毕竟用的是高通旗舰级8155芯片嘛！而且UI界面简洁大方，各种功能一目了然，比较容易操作。更值得一提的是它有保留不少实体按键，开车的时候盲操作一些功能的话，也是很方便的。
        
        
    
    
    
    


    




            

            



        "
Alex4474,2023-07-13 首次发表,"
            
                
                    500km
                    
                    行驶里程
                
                
                    8.7L
                    百公里油耗
                
                
                
                
                
                
                
                
                
                
                
                

                
                
                    27.97万
                    裸车购买价
                
                
                    2023-06
                    购买时间
                
                
                    洛阳
                    购买地点
                
            
            
    
    

    
        $(document).ready(function () {
            var koubeiid = 5049718;

        });

    


            
                最满意
                外观上面我很喜欢第一眼就看上了这款车。因为当时看的时候觉得造型还挺特别的，因为感觉他比较车吧，空间大一点，视线要好一些，但是没有SUV那么高。后面才知道原来他是轿跑类的，所以还挺感兴趣的当时。
            
            
                最不满意
                整个车开起来也是挺不错的，没有什么问题，而且整体操作比较简单，好上手。
            

            

    空间
        
            
            
        
        4
    
    
    
        

        0% buffered00:00播放暂停00:00/00:24倍速2x1.5x1.25x1x0.75x0.5x高清高清全屏切换50%75%100%满屏00:00汽车之家视频播放器  之家首页  复制链接  版本号 : 2.5.32

  
    
      
        
        
          
        
        
          
        
        
      
    
  


    
    

    后排空间非常舒适，前排就更不用说了，而且整个座椅偏软，然后坐上去非常舒服。像我个头发1米8，体重130斤，坐进去之后，我不会觉得整个空间很压抑。而且后排就三个人的话，没有任何问题，天窗也非常大，整个就是视线非常宽广。而且尤其带父母出去的时候一直在说，这个后座坐上去很舒服，像是在家里坐沙发一样。
    
    
    
    
    


    
    
    
    


    






                

    驾驶感受
        
            
            
        
        5
    
    
    
        

        0% buffered00:00播放暂停00:00/00:15倍速2x1.5x1.25x1x0.75x0.5x高清高清全屏切换50%75%100%满屏00:00汽车之家视频播放器  之家首页  复制链接  版本号 : 2.5.32

  
    
      
        
        
          
        
        
          
        
        
      
    
  


    
    

    整体操作非常简单，而且现在是多功能，方向盘基本上按键比较少了，方向盘上各个功能也都比较齐全，直接就可以上手操作。并且整个大屏可以和手机互联很方便。感觉就是最大的感受就是科技感十足，而且很容易上手，方向盘大小适中，并且很轻便。
    
    
    
    
    


    






            

            




            

    油耗
        
            
            
        
        5
    
    
    这个车一般就是家用，刚好暑期了，想带家人和孩子出去玩儿，首先空间是比较大的，而且一般，嗯，也就是上下班使用吧，平常也就是带孩子出去转一转，目前刚开没多久，现在油耗不到9个，比我想象中的油耗更低一些。总体来说是可以接受的。
    
    





            
            

    外观
        
            
            
        
        5
    
    
    很好看，我觉得这个外观，因为首先看上去的话，就是整个车很简单并且很时尚，年轻的感觉。我很喜欢这款这个红色，看见第一眼就吸引住我了，我觉得很亮，红色，很正这个颜色。这个中网的颜色是黑的，黑红搭配我觉得非常经典，而且他这个大灯开了以后还挺好看的，辨识度很高。年轻人嘛一般就是喜欢特立独行与众不同的所以这个车的话就是让我感觉他是，和别的车不一样的，关键整个车是非常时尚独特具有豪华气质的所以整体来说就是他这外观特别吸引人。
    
    
    
    
    


    





            

    内饰
        
            
            
        
        5
    
    
    
        

        0% buffered00:00播放暂停00:00/00:28倍速2x1.5x1.25x1x0.75x0.5x高清高清全屏切换50%75%100%满屏00:00汽车之家视频播放器  之家首页  复制链接  版本号 : 2.5.32

  
    
      
        
        
          
        
        
          
        
        
      
    
  


    
    

    第一眼看进去的话，就是他这个大连屏了很吸引眼球，屏幕很大，并且的话清晰度非常高。而且整个内饰的双色拼接很有特点。就进去以后就感觉他那时长得非常上档次，并且做工非常精致。再加上他的一些旋钮和一些按键，我觉得真的设计的非常好。整个车的内饰第一眼看上去就是非常有科技感，他们看见我车的人第一眼就会说话，你这个车的屏幕真大。而且内饰很好看，很多人都这样说。
    
    
    
    
    


    
    
    
    


    
    
    
    


    





            

    性价比
        
            
            
        
        5
    
    
    我认为整体还是不错的，无论是他的外观还是他的内饰，我觉得比汽车要强很多，所以我觉得挺好的。
    
    





            
                

    配置
        
            
            
        
        5
    
    
    配置很全，什么都有，而且整个操作是非常流畅的，而且功能很丰富，基本上我想到有的功能它都可以满足，包括这种语音是非常准确的。目前用下来这段时间给我的这个体验感和驾驶感都是非常好的。
    
    




            

            



        "
郑州GT4车友,2023-07-11 首次发表,"
            
                
                    253km
                    
                    行驶里程
                
                
                    8.0L
                    百公里油耗
                
                
                
                
                
                
                
                
                
                
                
                

                
                
                    23.00万
                    裸车购买价
                
                
                    2023-07
                    购买时间
                
                
                    郑州
                    购买地点
                
            
            
    
    

    
        $(document).ready(function () {
            var koubeiid = 5046126;

        });

    


            
                最满意
                这是我的crush 看看大家的吧哈哈哈 自从买了新车以后感觉生活水平有了显著提升 出去玩再也不用蹭车 下雨再也不用排队打车了 后备箱空间真的够用了 我放鞋子 水 衣服 还有七七八八的工具 都没问题 后排我同事坐了以后也说感受和其他车辆完全不同 座椅倾斜角度和其他车完全不一样 座椅长的话就可以把大腿支起来 出去玩坐久了也不会很累 也有坐我车的说椅子硬 但我觉得还ok 因为硬一点支撑力强 我腰不太好 把腰支起来的话开车就不驼背了
            
            
                最不满意
                刚提车还没发现什么大毛病 配置也很高 就是顶配才有2.0 豪华只有1.5 城市道路肯定够开够用 就是出去玩时候 跑山路有时候会觉得动力不够 然后轮毂颜色我不太喜欢 在外边定了别的颜色 小问题
            

            

    空间
        
            
            
        
        5
    
    
    空间真的很大，我开车时候习惯把座椅调的稍微靠前一些后排空间特别宽敞，我同事187 坐后边都不会挤 因为座椅偏长 支撑力会更好一些 看着空间小 其实坐进去就感受到了 还是很富裕的
    
    
    
    
    


    






                

    驾驶感受
        
            
            
        
        5
    
    
    加速反应很灵敏，但是个人觉得2.0T会更有劲1.5T也够用了
    
    






            

            




            

    油耗
        
            
            
        
        5
    
    
    油耗正常，我开车不是很激进 市区8个左右
    
    





            
            

    外观
        
            
            
        
        5
    
    
    外观非常好看，大灯特别喜欢 分体式大灯，真的很爱流线设计也很流畅
    
    
    
    
    


    





            

    内饰
        
            
            
        
        5
    
    
    我就是凯迪拉克的死忠粉，内饰真的很高级 有时候有点烫 但是我是颜控哈哈哈 好看的我都能忍
    
    
    
    
    


    
    
    
    


    
    
    
    


    





            

    性价比
        
            
            
        
        5
    
    
    稍微高了一丢丢 但是售后服务什么的都很棒 豪华品牌也是可以理解的
    
    





            
                

    配置
        
            
            
        
        5
    
    
    自动记忆座椅通风加热这个设置我真的很爱 首先在门板调节对美甲人很友好 然后现在郑州这么热的天 一上车自动打开通风 还有空调 双管齐下就会不那么蒸了 温度下的很快 还有拉丝板上的氛围灯我真的打call一万年  这个灯是呼吸灯 不用自己管 打开车门就亮起来了 有好几种模式 可以自己设置颜色 但我感觉自己设置颜色的话太单调了，还不如让他一直变化，这样时有时无的也更有氛围一些，上次和我朋友一起出去，她也夸了内饰，我感觉这款车就是女性杀手吧哈哈哈。要颜值有颜值要配置有配置 喜欢的别犹豫就是冲！
    
    
    
    
    


    
    
    
    


    
    
    
    


    
        OTA更新体验
        还没有试过
        
        
    
        车机功能及流畅度
        很丝滑 偶尔过热时候卡顿
        
        
    
        车载导航实用性
        一般都投屏用手机的
        
        
    




            

            



        "
旧梦Sandm,2023-07-05 首次发表,"
            
                
                    600km
                    
                    行驶里程
                
                
                    8.2L
                    百公里油耗
                
                
                
                
                
                
                
                
                
                
                
                

                
                
                    24.50万
                    裸车购买价
                
                
                    2023-06
                    购买时间
                
                
                    南京
                    购买地点
                
            
            
    
    

    
        $(document).ready(function () {
            var koubeiid = 5036542;

        });

    


            
                最满意
                最喜欢的就是凯迪拉克GT4的外观颜值，我觉得还是比较炫酷的，很对我的胃口，就是一眼相中的那种喜欢吧。另外GT4的那个内饰也是我比较可人的，可以这样讲，看了很多辆车以后，还是觉得GT4最帅气，33寸的大屏，AKG音响多香啊
            
            
                最不满意
                唯一的遗憾就是，我觉得GT4的空间还是有点小了，比如它的后排空间，要是一个男的坐后面就略显小了，还有他的后备箱空间，也不大，其它倒是没有觉得有什么不喜欢的地方
            

            

    空间
        
            
            
        
        4
    
    
    可能唯一让我一个女生不是很满意的就是空间了，不是很能放女孩子的东西吧，毕竟我喜欢买买买，后备箱也不是很大的样子
    
    
    
    
    


    
        后备厢容积
        后备箱空间不是很大，有点小，但是听讲了所有的GT系列得车，后备箱都不大，勉强能接受吧，哈哈哈😄
        
        
    
        乘坐空间
        我是驾驶员，倒是还行，毕竟我瘦哎，哈哈哈，上次跟闺蜜们👭出去吃饭，带了闺蜜和她男朋友，180的大胖子，坐后面就有点挤的感觉
        
        
    






                

    驾驶感受
        
            
            
        
        5
    
    
    驾驶上的话，没有感觉到什么顿挫，我感觉开起来还是比较平顺的，这点必须点赞👍动力上也是给油就会来，没什么延迟，这个动力组合还不错，男票推荐的
    
    
    
    
    


    






            

            




            

    油耗
        
            
            
        
        5
    
    
    油耗上在市区里面大概8个多油，我感觉一箱油跑个600多公里没什么问题吧，这只是我的估计还没有试过，目前刚刚提车，开的不是很多
    
    





            
            

    外观
        
            
            
        
        5
    
    
    外观，绝对满分💯这个设计我是真的喜欢啊😘哈哈哈哈，也算是买到了自己梦想中的车 ，正面看就比较刚但是呢又不失豪华感，侧面看呢就比较修长，又不失运动感，还是超级炫酷的🎶
    
    
    
    
    


    





            

    内饰
        
            
            
        
        5
    
    
    内饰上是我喜欢的白色这个我是真的喜欢，我有一点点小洁癖，白色我是真的喜欢，还有就是他的怀挡，这个怀挡真的是好用，不用自己再去看档把了只需要上下拨动就可以了
    
    
        座椅舒适性
        座椅绝对的够舒适，美式豪华大沙发绝对不是吹的，超级舒服啊
        
        
    
    
    
    


    





            

    性价比
        
            
            
        
        5
    
    
    讲真，刚刚开始觉得价格有点高了，但是后来吧跟之前的老款车型对比，比如CT4,XT4对比，性价比还是超级高的，毕竟人家有33寸的大屏，坐进内饰直接来个大屏，多爽啊，开在路上，再把AKG音响打开，别提多享受，所以说这个价格买这个我还是很满意的 比较相对于竞品，他的颜值和价格还是很能打的
    
    
    
    
    


    
        购车优惠
        购车优惠的话，因为是新车有新车购车补贴，综合算起来，还是比较划算的
        
        
    





            
                

    配置
        
            
            
        
        5
    
    
    该有的配置都有了，这个我是真的喜欢，座椅通风替大家感受了很好用，这个很哇塞，加热还没有到季节 先说这些吧 体验到不好的再来说
    
    
    
    
    


    
    
    
    


    




            

            



        "
伊人笑215,2023-07-04 首次发表,"
            
                
                    1650km
                    
                    行驶里程
                
                
                
                
                
                
                
                
                
                
                
                
                

                
                
                    24.50万
                    裸车购买价
                
                
                    2023-06
                    购买时间
                
                
                    青岛
                    购买地点
                
            
            
    
        
            
        
        
            
        
        
            
        
        
            
        
        
            
        
        
            
        
        
            
        
        
            
        
        
            
        
        
            
        
        
            
        
    
    

    
        $(document).ready(function () {
            var koubeiid = 5035499;

        });

    


            
                最满意
                全新的凯迪拉克，这台车设计的确实很时尚，并且这款车是一台家用很好的SUV车型，尺寸不大并且出钱，也方便这台车的设计非常的简单大气，运动感很足的一台车。Gt4我感觉比凯迪拉克xt4的外观要时尚，更加运动，特别是内饰设计，更加的时尚环抱式的中控台，加上车身的设计线条，都是比较年轻的一台车型。并且动力方面表现也都非常出色，这台车的动力还是挺充足的，提速的时候特别快，动力性能的表现也都非常优秀，车子开起来很稳抽车的时候也都不再话下，提速感特别强的一台车型。
并且这台车的空间表现也都比较优秀，整体的乘坐空间也是挺宽敞的，这台车的空间还算是比较大的，整车的乘坐空间也是会比较满意的，温泉表现特别好，乘坐起来也都非常的舒服，整体的乘坐空间也都挺宽敞的，空间是没有任何问题。
            
            
                最不满意
                缺点没发现什么问题毕竟用车的时间不是很长，整体来讲这台车满意度还是比较高的，车子开起来也是非常的稳，并且新车在行驶了几百公里，感觉对这台车还算是挺满意挺喜欢的。
            

            

    空间
        
            
            
        
        5
    
    
    整车的乘坐空间还算是比较充足的，空间的表现很好，空间还是非常充足的，这台车的使用空间确实比较宽敞，空间的表现非常好，整体的空间表现还是比较给力，确实是一台很值得入手的车
    
    






                

    驾驶感受
        
            
            
        
        5
    
    
    动力表现很足，提速也都非常快。特别是在高速行驶的话，这台车的动力的表现还算是非常出色的，车子开起来很给力，动力性能性各方面表现都非常的优秀，确实很值得入手。
    
    






            
                

    操控
        
            
            
        
        5
    
    
    操控性很满意，车子开起来很稳，悬挂各方面的表现都很好，整体的操控性还是非常给力的，这也是这台车表现非常好的一点。
    
    




            

            




            

    油耗
        
            
            
        
        5
    
    
    同价位车型车的油耗表现还是非常好的，非常省油，比较实用的一台车，这个油耗和官方的油耗表现还是没有什么区别的，特别禁忌食用。
    
    





            
                

    舒适性
        
            
            
        
        5
    
    
    舒适性很好，虽然有一些小问题，但是不算什么毛病，整体性价比特别高。
    
    




            
            

    外观
        
            
            
        
        5
    
    
    外观非常大气，颜值也很高，外观的设计也比较精致，比较年轻的一款车型，这就非常豪华。
    
    
    
    
    


    





            

    内饰
        
            
            
        
        5
    
    
    内饰的做工也都比较精致，内饰的设计也都比较时尚，比较年轻，比较高端大气的一款车型。
    
    





            

    性价比
        
            
            
        
        5
    
    
    同价位车型里面这台车的性价比还是很高的，因为它的保值率很好，车子的品质也不错的一台车。
    
    





            

            
                



            



        "
fuyingpeng,2023-07-03 首次发表,"
            
                
                    500km
                    
                    行驶里程
                
                
                    9.3L
                    百公里油耗
                
                
                
                
                
                
                
                
                
                
                
                

                
                
                    24.00万
                    裸车购买价
                
                
                    2023-06
                    购买时间
                
                
                    郑州
                    购买地点
                
            
            
    
    

    
        $(document).ready(function () {
            var koubeiid = 5034502;

        });

    


            
                最满意
                首先就是时髦的外观设计，直列式电车的，流水，转向灯溜背造型，坐在车里边，感受着他带来自信的力量真的是个焦点
豪华智能座舱：33英寸大连屏，Akg高保真音箱，内饰豪华，还有26色氛围灯，只能语音助手，每一个细节都展现出对女性驾驶者独特的关注，尤其是她车内好多触摸到的地方都是旋钮精品设计真的超级好看
            
            
                最不满意
                目前用车过程还没有特别多，所以还没有特别不太满意的地方，就是我现在还不太适应他的怀挡设计第一，第二油耗，目前没有达到我的预期范围之内，现在油耗都是九个多油，我想大概在八个以内油耗才是能在预期可控范围之内
            

            

    空间
        
            
            
        
        4
    
    
    内饰设计其实可以正常满足我们的储物要求，像我们平常姐妹约个出去吃饭还是够的。
但是整体车的话四米六多，稍微有点小，我的性格属于大大咧咧的，我比较喜欢开比如中大型SUV那种车型
    
    






                

    驾驶感受
        
            
            
        
        5
    
    
    我买的是1.5t的顶配，1.5t的顶配动力要求已经还很不错了，本来是想考虑2.0t的，但是对动力没有特别特别大的需求，而且1.5t的动力可以在我们正常使用当中提到很高的作用
    
    
    
    
    


    






            

            




            

    油耗
        
            
            
        
        5
    
    
    经常用车城市是在市区内，现在油耗是在9.6个 500公里左右 我还没有跑高速
    
    





            
            

    外观
        
            
            
        
        5
    
    
    虽然它的定义为紧凑SUV，但是它和叉t4的风格有着特别大的明显，这款车车头包括车身的辨识度会远远超过正常的SUV车型，从侧面看，运动氛围超级强烈，尾部同样都是跟老款车一样，但是我喜欢这种，不太正常的瓦罐车
    
    





            

    内饰
        
            
            
        
        5
    
    
    打开车门绝对是这台车最惊艳的地方大连屏，33英寸的双联屏三部分可以显示，之前一直坐的我朋友的林肯车才有这种感觉，买了这台车后才知道真的超级爽
    
    
    
    
    


    
        座椅舒适性
        座椅的舒适度相对于老款叉t4，包括其他车型来说提高了好几个档次，现在用的都是哪怕真皮座椅包括通风功能，而且我选的是白色的看上去非常有高级质感
        
        
    
    
    
    


    
    
    
    


    





            

    性价比
        
            
            
        
        5
    
    
    这是一台代表年轻动感的跨界车型，我个人认为20多万买一台这种车型而且还是豪华品牌，高配车型，该配有的配置内饰动力全都配齐，不需要任何加装的情况下，性价比100%的高，真心可以推荐这款车
    
    





            
                

    配置
        
            
            
        
        5
    
    
    360全景倒车影像，人机交互系统，怀挡设计，腰托调节电动座椅，napa真皮座椅电动座椅，还有我们最想关注的前后雷达，全景大天窗a kg音箱，只有你们想不到的没有凯迪拉克做不到的
    
    
    
    
    


    




            

            



        "
李凯,2023-06-29 首次发表,"
            
                
                    954km
                    
                    行驶里程
                
                
                    9.0L
                    百公里油耗
                
                
                
                
                
                
                
                
                
                
                
                

                
                
                    27.67万
                    裸车购买价
                
                
                    2023-06
                    购买时间
                
                
                    北京
                    购买地点
                
            
            
    
        
            
        
    
    

    
        $(document).ready(function () {
            var koubeiid = 5031611;

        });

    


            
                最满意
                买这车纯粹是想有一台利于上下班代步的，不要太大，这车也不会自驾之类的，纯粹城市用车而已，我一直用7座的SUV上下班用，一个是忒费油了，二是车太大实在不太好钻空子，所以想置换一台比较小一点的。
车在北京的买的，刚买没几天，有人问有没有优惠，有，这车刚上市就有优惠，再加上置换补贴，感觉得还行。
为什么选择这个车？比较偶然吧，本来预算是20左右，落地最高不超过28我都能接受，也想买一台比较有点档次的车，看上了奥迪的A3和Q2，也看过奔驰A180，有颜值的，配置低，配置稍微高一点的，预算又不够，这就是我面临买车得尴尬。
            
            
                最不满意
                目前看没啥不满意，如果说哪里不满意，当然是还指望能再便宜点哈
这车低速的时候，尤其是刚起步或接近停车时，会有顿挫感，而且还是挺明显的，等过了磨合期后再看看吧，毕竟现在这车才跑了几百公里
发动机的噪音有些大，尤其是提速时，油门太过于灵敏了，有的时候不注意稍微深踩一点，立刻就提起速来了，作为一个城市轿跑来说，太过灵敏并不是一个好事
            

            

    空间
        
            
            
        
        4
    
    
    空间只能说够用，我知道不能跟SUV车型比，但我觉得略小于同级车吧，腿部空间够用、第二排地板中间还有凸起。后备箱也只能算是够用，一切只是迎合城市轿跑、代步车的角色而已
    
    
    
    
    


    
    
    
    


    
    
    
    


    






                

    驾驶感受
        
            
            
        
        5
    
    
    定位于轿跑，所以这车运动性能还是有的，油门非常灵敏（我觉得灵敏的有点过了），转向半径也不大，是一款非常灵活的车，虽然这车是1.5T+9AT变速箱，但它还搭配了4.8V轻混，动力绝对没得说，有次我跑了趟六环，不知不觉速度就到了140了，惊出一身冷汗。
    
    
    
    
    


    
    
    
    


    
        起步/加速动力
        起步加速太有推背感
        
        
    
    
    
    


    






            

            




            

    油耗
        
            
            
        
        5
    
    
    目前这车还没跑过比较远的地方，一般都是在城市中用，开着空调、走走停停的，差不多9个多一点点吧，我这车刚买没多长时间，所以油耗不值得参考
虽然没跑过长途，但跑过一次六环，油耗能到8个左右。
    
    
    
    
    


    
    
    
    


    
    
    
    


    
        
        以前的车车没有梳妆灯，这个有，赞一个
        
        
    
    
    
    


    





            
            

    外观
        
            
            
        
        5
    
    
    外观没的说，当初买这车时就冲着颜值和配置去的，GT4这车的外观，有一种美国车的肌肉感，但更时尚，更运动，车身上下两个颜色，下边为车身颜色，上边和一些细节全都是熏黑处理，任何颜色搭配黑色，都显得运动感十足。
    
    
    
    
    


    
        
        一直很喜欢凯迪的车标，有种年轻的感觉，五颜六色的，很有那种运动的冲动，可能是因为我还没有那么老吧，，后来我百度了一下，原来凯迪还有这样的历史，说出来大家一起分享吧：
 1902年（壬寅年）诞生于被誉为美国汽车之城的底特律，一百多年来，凯迪拉克汽车在行业车内创造了无数个第一，缔造了无数个豪华车的行业标准。可以说凯迪拉克的历史代表了美国豪华车的历史。
 在韦伯斯特大词典中，凯迪拉克被定义为“同类中最为出色、最具声望事物”的同义词；被一向以追求极致尊贵著称的伦敦皇家汽车俱乐部冠以“世界标准”的美誉。 凯迪拉克融汇了百年历史精华和一代代设计师的智慧才智，成为汽车工业的领导性品牌。
车标，就问你，美不美吧！
        
        
    
    
    
    


    
    
    
    


    





            

    内饰
        
            
            
        
        5
    
    
    内饰我个人感觉还是比较精致的，材料全都是软材质，手感摸着不错，但新车内会有些异味，这个是一个豪华品牌不应该有的问题。
    
    
    
    
    


    
    
    
    


    
    
    
    


    
        第二排舒适性
        第二排，还行
        
        
    
    
    
    


    
    
    
    


    





            

    性价比
        
            
            
        
        5
    
    
    性价比我觉得高，这是一台买了绝不后悔的车，网上都说，凯迪拉克是最不坑国人的合资品牌，确实是，这两GT4是我第一次购买凯迪拉克的车型，配置多、用料比较实在、变速箱还是9速的，配了4.8V轻混。对于20万左右的车来说，比买BBA划算多了。
    
    
    
    
    


    
        购车优惠
        反正是给我省了不少早饭钱，哈哈
        
        
    





            
                

    配置
        
            
            
        
        5
    
    
    配置挺丰富，33寸9K屏，看着画面非常的细腻，尤其是看一些视频之类的，体验感要不手机强不少。方向盘加热，这个对于北方来说，这个配置太重要了，座椅都配了通风和加热，还有语音控制确实好用，一般开车都不用手操作，直接语音控制就行了。对了，还有那个后视镜，是电子的，这个配置也挺好的，省去第二排做人和外边天气原因看不清后方道路情况，这个配置值得表扬。
总之一句话，这车的配置确实非常的丰富
    
    
    
    
    


    




            

            



        "
明哥zcm,2024-01-10 首次发表,"
            
                
                    1250km
                    
                    行驶里程
                
                
                    8.0L
                    百公里油耗
                
                
                
                
                
                
                
                
                
                
                
                

                
                
                    23.00万
                    裸车购买价
                
                
                    2024-01
                    购买时间
                
                
                    烟台
                    购买地点
                
            
            
    
    

    
        $(document).ready(function () {
            var koubeiid = 5272592;

        });

    


            
                最满意
                最满意的是它的外观设计，整体的造型我还是很喜欢的，很符合我的审美。美系车的肌肉感真的是在这款车子上体现的淋漓尽致，作为一个颜值党来说，对他真的是爱不释手。
            
            
                最不满意
                也没啥缺点，车子用车时间并不长，还需要慢慢的体验，我感觉整体都是可以的。
            

            

    空间
        
            
            
        
        5
    
    
    空间很大，特别够用，无论是前排还是后排坐下去都没什么压力，身体的支撑感也特别舒服，这个后备箱的储物能力也是很强的。
    
    






                

    驾驶感受
        
            
            
        
        5
    
    
    驾驶感受还是蛮不错的，动力输出平稳。爆发力也很足，跑高速的情况下也是很稳定的，很有劲儿。
    
    






            

            




            

    油耗
        
            
            
        
        5
    
    
    百公里油耗八个油多一点儿，我感觉还不错，毕竟这么大一个车子呢本身排量也不低，在我的接受范围之内的。
    
    





            
            

    外观
        
            
            
        
        5
    
    
    就这个设计谁不喜欢呢，很符合我的审美，这个造型很独特，辨识度也高，而且白色的话更精致。
    
    
    
    
    


    
    
    
    


    
    
    
    


    





            

    内饰
        
            
            
        
        5
    
    
    内饰做工不错，用料扎实，细节处理的也很到位，而且手感特别棒，这个座椅给我身体的包裹感很强，很舒服的。
    
    
    
    
    


    





            

    性价比
        
            
            
        
        5
    
    
    性价比特别高，车子很值得购买，这个配置很强悍，有一定的优惠。
    
    
    
    
    


    
    
    
    


    
    
    
    


    





            
                

    配置
        
            
            
        
        5
    
    
    配置怎么说呢，我感觉是非常够用的，自适应巡航，倒车影像，一些基础的辅助配置以及一些高阶的辅助驾驶功能都很好用，安全性也有保障。
    
    
    
    
    


    
    
    
    


    




            

            



        "
Va蛙,2023-08-05 首次发表,"
            
                
                    
                    暂无
                    行驶里程
                
                
                
                
                
                
                
                
                
                
                
                
                

                
                
                    25.17万
                    参考价格
                
                
                    2023-08
                    探店时间
                
                
                    渭南
                    探店地点
                
            
            
    
    

    
        $(document).ready(function () {
            var koubeiid = 5086846;

        });

    


            
                新车好评
                前段时间在市区看到凯迪拉克车巡展，一排车里打头阵的就是GT4，最吸引我眼球的也是GT4，介于轿车和SUV之间，空间又不输于SUV，内饰也是全新升级，比其他的车型更多了一些科技感，很值得去探究一番。
            
            
                新车槽点
                怀挡设计有些不习惯，手总是不自觉地在扶手箱前面乱找档杆。其次我发现化妆镜没有其他老车型的灯光那么亮，应该是替换掉了之前的LED灯。
            

            

    空间
        
            
            
        
        5
    
    
    空间我感觉和XT4不相上下，前后排腿部空间都比较宽裕，头顶也距离车顶有一定距离，而且GT4比XT4低一些，女生穿裙子上车要方便多了，对身高低和女生都比较友好。
    
    
    
    
    


    
    
    
    


    
    
    
    


    






                

    驾驶感受
        
            
            
        
        5
    
    
    驾驶感很不错，油门较轻，刹车较硬，方向盘较灵活。虽然是1.5T的发动机，但是提速快且平稳，没有顿挫感。怀挡虽然不习惯，却意外的方便好用，另外一些常规的切换灯光之类的操作也有所改变，也不太习惯。
    
    






            

            




            

    油耗
        
            
            
        
        5
    
    
    油耗显示11个，应该算在正常范围，毕竟是个试驾车，都是城市道路使用，这个油耗算比较理想的。
    
    





            
            

    外观
        
            
            
        
        5
    
    
    毕竟GT4首先吸引我的就是他的外观，银灰色车身有种未来科技感，再搭配贯穿车头至车尾的腰线，就像电影里的时光机。车灯还是延续凯迪拉克独特的设计，依旧吸睛。
    
    
    
    
    


    
    
    
    


    





            

    内饰
        
            
            
        
        5
    
    
    内饰用的黑白双拼配色，终于摆脱纯黑的老套路了。大连屏也是满满的科技感，功能也非常齐全。一贯的bose音响也升级为AKG的音响，再配上26色的氛围灯，感觉一下就有啦。都在升级，唯独座椅不是真皮的了，有点可惜。
    
    
    
    
    


    
    
    
    


    





            

    价格政策
        
            
            
        
        5
    
    
    毕竟是新上市还是新车型，价格自然不会优惠太多，分期也就是两个半，还送保养，质保也有3年16万公里，各种政策加起来还是很值得入手的。
    
    





            
                

    配置
        
            
            
        
        5
    
    
    最让我喜欢的还是语音交互，直接解放双手，倒车影像使用起来也非常便利，适合懒人和新手！
    
    
    
    
    


    




            

            



        "
我是李焕英,2023-08-05 首次发表,"
            
                
                    
                    暂无
                    行驶里程
                
                
                
                
                
                
                
                
                
                
                
                
                

                
                
                    25.47万
                    参考价格
                
                
                    2023-08
                    探店时间
                
                
                    北京
                    探店地点
                
            
            
    
    

    
        $(document).ready(function () {
            var koubeiid = 5086238;

        });

    


            
                新车好评
                GT4的外观让我最为满意，家族式盾型的前脸造型，车身远看就像在地面上贴着，车身中段往后一个大溜背，有种像轿跑的感觉，非常的好看。
            
            
                新车槽点
                不满意的地方就是空间第二排有点小，中间凸起的地方，中间做个人都不舒服。
            

            

    空间
        
            
            
        
        4
    
    
    我身高182前排基本上空间满足我，后排有点不足，尤其是中间凸起的地方。
    
    
    
    
    


    






                

    驾驶感受
        
            
            
        
        5
    
    
    动力比较充沛，开起来动力基本上随叫随到不拖沓。
    
    
    
    
    


    






            

            




            

    油耗
        
            
            
        
        5
    
    
    油耗基本上符合我的要求，官方给的油耗是7.9，1.5T的发动机，基本上如果在8个上下都可以接受的。
    
    





            
            

    外观
        
            
            
        
        5
    
    
    外观显得大气，车身比例也很协调，有一种轿跑SUV的感觉，非常的符合我的眼光。
    
    
    
    
    


    
    
    
    


    
    
    
    


    





            

    内饰
        
            
            
        
        5
    
    
    内饰非常的豪华，33英寸的曲面大屏幕，内饰非常的豪华，26色的氛围灯，座椅也比较舒服包裹很强。
    
    





            

    价格政策
        
            
            
        
        5
    
    
    目前新款的GT4综合优惠能够达到2.5W左右，因为是新款，价格优惠相对来说比较少一些，但是能有这个优惠个人感觉已经非常的值得入手了。
    
    





            
                

    配置
        
            
            
        
        5
    
    
    配置很丰富，钥匙一键启动开门都比较实用，9K的中控屏看起来也非常的清晰。
    
    




            

            



        "
新城穆青娇,2023-07-30 首次发表,"
            
                
                    176km
                    
                    行驶里程
                
                
                    8.0L
                    百公里油耗
                
                
                
                
                
                
                
                
                
                
                
                

                
                
                    22.50万
                    裸车购买价
                
                
                    2023-07
                    购买时间
                
                
                    福州
                    购买地点
                
            
            
    
        
            
        
    
    

    
        $(document).ready(function () {
            var koubeiid = 5079167;

        });

    


            
                最满意
                时尚的外形让我一见倾心，GT4的车身更低，溜背造型，车身腰线确修长，确实很强的轿跑元素运动感。
            
            
                最不满意
                整体来说都很满意，相对的不足就后排空间吧，毕竟有得必有失，较低的车身造型，让后排比较紧张了点。不过问题不大，我自己开，漂亮就完事了。
            

            

    空间
        
            
            
        
        4
    
    
    我160的身高，前排驾驶空间还不错，后排放倒后后备箱也很宽敞。唯独后排的空间略微紧张。
    
    






                

    驾驶感受
        
            
            
        
        5
    
    
    起步加速反应都不错，方向盘灵活，对我来说市区通勤，这1.5T的动力非常够用了。
    
    






            

            




            

    油耗
        
            
            
        
        5
    
    
    基本上都在福州的鼓楼区到仓山区，家和公司两点一线。城市交通开开停停，油耗会高一点，在8个左右，能接受。
    
    





            
            

    外观
        
            
            
        
        5
    
    
    虽然之前看的展车红黑配色很炫酷，更有活力，但是因为我喜欢白色，而且白色耐脏，所以就选了它。GT4用的新的家族前脸造型，外观更加犀利。
    
    
    
    
    


    
    
    
    


    





            

    内饰
        
            
            
        
        5
    
    
    内饰整体皮革摸上去质感都很好，座椅，扶手，车门中控，整体的包裹感不错，手放哪里都舒服。座椅还有通风加热功能，福州的夏天，这座椅通风功很实用。
    
    





            

    性价比
        
            
            
        
        5
    
    
    买车的时候有2.5万的优惠。提车的时候还给我准备了精致的交车仪式。服务到位性价比高。
    
    





            
                

    配置
        
            
            
        
        5
    
    
    33寸大连屏反应快好操作。高清倒车影像系统很实用，智能语音助手更方便，安吉星等等
    
    
    
    
    


    
    
    
    


    




            

            



        "
南通车友0928700,2023-07-25 首次发表,"
            
                
                    90km
                    
                    行驶里程
                
                
                    9.7L
                    百公里油耗
                
                
                
                
                
                
                
                
                
                
                
                

                
                
                    22.10万
                    裸车购买价
                
                
                    2023-06
                    购买时间
                
                
                    南通
                    购买地点
                
            
            
    
    

    
        $(document).ready(function () {
            var koubeiid = 5071097;

        });

    


            
                最满意
                最满意的地方应该就是外观和内饰了，外观采用了最新的轿跑设计，十分的时尚，内饰33英寸的大连屏加上怀挡的设计，内饰非常的时尚。
            
            
                最不满意
                不满意地方，目前还没有，整体还在磨合阶段。
            

            

    空间
        
            
            
        
        5
    
    
    空间上，GT4是一个轿跑的设计，也许会有人觉得空间上会不会小，但是事实上，整体的空间以及后备箱的空间是完全够用的，能完全满足日常的一个需求。
    
    
    
    
    


    
    
    
    


    






                

    驾驶感受
        
            
            
        
        5
    
    
    动力方面，我的GT4是1.5T的发动机，我更多是用于上下班和接孩子使用，目前我感觉动力完全足够使用，涡轮介入的时候不会有很明显的感觉，整体的调教做的还是非常的好的，驾驶起来没有任何的顿挫感。
    
    
    
    
    


    
    
    
    


    






            

            




            

    油耗
        
            
            
        
        5
    
    
    油耗上，我的是1.5T的发动机，所以油耗完全在接受范围之内。
    
    





            
            

    外观
        
            
            
        
        5
    
    
    外观上，全新的溜背的造型，突破了以往轿车和SUV固有的思想，C柱GT4的标识非常的引人注目，质感也是非常的棒。全新的溜背的造型，突破了以往轿车和SUV固有的思想，非常的年轻时尚，开在路上，属实觉得非常的拉风。这车我觉得非常适合年轻的小伙伴，时尚与动感共存。
    
    





            

    内饰
        
            
            
        
        5
    
    
    内饰上，全新的GT4做了全新的设计，33英寸的大连屏搭载8155的芯片，在操作过程中，非常的流畅，非常的丝滑，整个屏幕跟随手指在滑动，丝毫没有顿挫感，据说8155芯片是全球最快的芯片，不得不说，凯迪拉克这次真的厉害。
    
    
    
    
    


    





            

    性价比
        
            
            
        
        5
    
    
    性价比方面，对于女生来讲不管是从预算还是外观还是配置上来讲，这个车都显得如此的合适，好看的外观超越了好多配置，而且同样价格买不到这么好看的车，这是我觉得非常满意的地方。
    
    





            
                

    配置
        
            
            
        
        4
    
    
    配置上，车子带有远程启动功能，这个对于现在的天气非常的适合，将近40度的天气，进车之前先启动车子，空调会自动感应先进性对车内进行降温，这点是真的很好，车子还带有流媒体，在开车的过程能清楚的看到前后的情况，大大地增加了行车的安全性。33英寸的大屏幕9K的分辨率真的很赞，非常的清晰，妥妥的爱啦！
    
    




            

            



        "
太凌some,2023-07-22 首次发表,"
            
                
                    650km
                    
                    行驶里程
                
                
                    9.0L
                    百公里油耗
                
                
                
                
                
                
                
                
                
                
                
                

                
                
                    28.00万
                    裸车购买价
                
                
                    2023-06
                    购买时间
                
                
                    惠州
                    购买地点
                
            
            
    
        
            
        
    
    

    
        $(document).ready(function () {
            var koubeiid = 5064851;

        });

    


            
                最满意
                喜欢这台车是我在朋友圈无意间看到的，刚好是新款的车型，跟朋友一起去看的时候比图片更加好看一点，外观和颜值是我喜欢的样子，而且配置功能都比较符合年轻人的选择，在自己预算内就入手了。
            
            
                最不满意
                不太满意就是油耗了，11个油是目前为止我觉得比较高的，销售说是新车需要开一段时间，慢慢磨合这样子，后期油耗就会降下来，其他现在都没有太大的问题。
            

            

    空间
        
            
            
        
        5
    
    
    我是女生，对我来说，空间是足够的，平时就我开的机会会很多，可能出去玩的时候后面需要坐人，但是也还好，能放的东西还是有很多，我觉得对我来说是够用的。
    
    






                

    驾驶感受
        
            
            
        
        5
    
    
    现在只有一段时间的上下班开，起步这块还是可以的，不会有卡顿或者慢下来的感觉，而且一开始我看美系车都是车身很重，以为方向盘会更难掌控，没想到很轻松就转弯掉头，操控还是很快的。
    
    
    
    
    


    






            

            




            

    油耗
        
            
            
        
        5
    
    
    上下班的城区内用车，不堵车一路顺畅的话，我看过是在9个油这样子，如果碰到下班高峰期，堵上半个小时，起起停停都要去到11个，还是马路情况来。
    
    





            
            

    外观
        
            
            
        
        5
    
    
    外观颜值是一眼就很吸引眼球的那种，直列式的大灯，加上线条钻石切割面，棱角是分明很清晰的，晚上开车的话看大灯就知道我开的是什么车了😉
    
    





            

    内饰
        
            
            
        
        5
    
    
    33寸的大环屏，满足了我在车上看电视的愿望了，现在都是比较智能科技了，该有的都有，方向盘做的也是怀挡设计，比较简单操控了，晚上开车车内有26色氛围灯更是漂亮了，朋友做我的车都说这是最好看的一个点，后面再买点好看的装饰下车内，妥妥的就是家人了。
    
    
    
    
    


    





            

    性价比
        
            
            
        
        5
    
    
    我自己看着喜欢，家里人也有帮我看一下，觉得都可以，而且价格方面是自己考虑过后能承受的范围，家人也帮我付了一点，后面我自己慢慢还，觉得生活也充满了动力。
新车的活动和赠送礼品都有，后期的也有一些送的保养，我就觉得还可以了，算是比较满意。
    
    





            
                

    配置
        
            
            
        
        5
    
    
    360全息影像，是我这个女司机倒车的必备了，还有AKG录音棚音响，女生在意没有男生看的那么多复杂功能，像前面这两个，和车内的一些安全辅助配置，座椅记忆功能，前排的座椅加热和通风，对女生特殊时期来说也是比较友好，还有好多功能配置在一起，安全感也有了。
    
    
    
    
    


    




            

            



        "
依然秋末4033,2023-07-21 首次发表,"
            
                
                    2100km
                    
                    行驶里程
                
                
                    10.5L
                    百公里油耗
                
                
                
                
                
                
                
                
                
                
                
                

                
                
                    30.97万
                    裸车购买价
                
                
                    2023-06
                    购买时间
                
                
                    宁波
                    购买地点
                
            
            
    
    

    
        $(document).ready(function () {
            var koubeiid = 5062114;

        });

    


            
                最满意
                不得不说GT4的外观颜值真是太好看了，本来想买一台XT4就好，去看车的时候就看到了GT4一下就喜欢上，我比较喜欢轿跑型的车，GT4的整体造型真的非常好看，了解了之后觉得配置上也不差就果断下定了。
            
            
                最不满意
                由于是刚出的车型，所以优惠基本上是没有的，还是那句话，早买早享受，晚买享优惠。
            

            

    空间
        
            
            
        
        5
    
    
    空间对比传统的SUV不是很大，但是我个人使用是完全够了的，平时后排也不怎么坐人，最多就是副驾驶坐个朋友一起去购物了。而且空间大了车整体也会变大，对于我这种新手来说车小一点也好开一点。
    
    
    
    
    


    
    
    
    


    






                

    驾驶感受
        
            
            
        
        5
    
    
    开起来感觉很棒，2.0T的动力是真的猛，座椅坐起来也很舒服，有包裹感。
    
    






            

            




            

    油耗
        
            
            
        
        5
    
    
    开了一段时间感觉油耗还是可以的，毕竟是高配2.0的车型，不吃油也跑不动啊，平时我开车也不是特别猛的类型，等磨合过后再对比看看油耗的水平吧。
    
    





            
            

    外观
        
            
            
        
        5
    
    
    虽然外观不能作为买车的唯一标准，但是一辆好看的车确实太吸引我了。人都是视觉动物，所以对我来说，一辆车的外形好不好看还是非常重要的。GT4的造型整体上非常有轿跑的风格，不像一般的SUV那样显得特别笨重，线条非常流畅。大灯也采用了凯迪拉克一贯式的直列式大灯，非常具有辨识度，在路上一眼就可以认出这是凯迪拉克。
    
    
    
    
    


    
    
    
    


    





            

    内饰
        
            
            
        
        5
    
    
    内饰和老的凯迪拉克比好看了很多，中控屏换成了大连屏，设计真的非常精致，大连屏操控也非常顺滑没有卡顿。
    
    





            

    性价比
        
            
            
        
        5
    
    
    优惠基本上是很少的，但要说这个价位值不值呢，那还是非常值得，豪华品牌的加持下他的配置一点不差，内饰和外观都是非常好看的。
    
    





            
                

    配置
        
            
            
        
        5
    
    
    由于是高配车型，配置该给的都给了。我最在乎的就是它的360全景影像，这个功能对于我们新手司机来说非常友好，停车的时候放心了很多。AKG的音质也非常好，听音乐完全是不同的感受。前方的碰撞预警让行车更加安全。电子怀挡虽然一开始用不太习惯，但是习惯之后是真香。
    
    
    
    
    


    




            

            



        "
秦雨路,2023-07-20 首次发表,"
            
                
                    1200km
                    
                    行驶里程
                
                
                    8.3L
                    百公里油耗
                
                
                
                
                
                
                
                
                
                
                
                

                
                
                    25.47万
                    裸车购买价
                
                
                    2023-06
                    购买时间
                
                
                    西安
                    购买地点
                
            
            
    
    

    
        $(document).ready(function () {
            var koubeiid = 5060916;

        });

    


            
                最满意
                最满意的是GT4的颜值和动力，颜值比较符合我的眼光，进店里一眼就看中了GT4的外观，整体看起来非常的时尚运动，遁形的中网还有家族式的LED大灯也比较好看，动力也非常的强劲，上坡一点儿也不费劲，一脚油就上去了，很明显的就会感受到推背感。
            
            
                最不满意
                刚提车的那会，车内有一股味道，车上放了一些除臭的抱枕香薰，最近散的差不多，其他方面基本上都很满意。
            

            

    空间
        
            
            
        
        4
    
    
    空间的话日常通勤基本够用，我身高是172，坐进去感觉刚刚好，后排的话，如果是比较高的个子，会有点吃力膝盖会顶到前排座椅上，中间有个凸起的位置，还好我基本上都是驾驶位置。
    
    
    
    
    


    






                

    驾驶感受
        
            
            
        
        5
    
    
    平时我用车基本上是上下班，偶尔带家里人出去游玩，GT4的1.5T的动力完全能够满足我的日常用车需求，动力足，起步超车的时候都很有劲，而且驾驶起来很轻快。
    
    
    
    
    


    






            

            




            

    油耗
        
            
            
        
        5
    
    
    我开车比较稳，一般情况下不会暴力驾驶，油耗的话市里堵车的话基本上10个以上了，高速开的话还好一些比较省油，目前我的油耗是8.3l，我觉得很满意。
    
    





            
            

    外观
        
            
            
        
        5
    
    
    我比较喜欢GT4的外观，GT4的前脸非常的协调，尤其是它的遁形的中网呼应整个车身前脸，非常的好看，而且凯迪拉克也是豪华品牌开出去很有面子。
    
    
    
    
    


    
    
    
    


    





            

    内饰
        
            
            
        
        5
    
    
    凯迪拉克的内饰做工感觉是用了心了，非常的精致，我本身就是一个非常挑剔的人，在内饰方面我就看细节，车内基本上能摸的到的地方都比较软，中控屏幕很大，而且是曲面的，车内还有氛围灯，整体布局还是比较合理的，也不花里胡哨，也符合我的要求。
    
    





            

    性价比
        
            
            
        
        5
    
    
    这个价钱买到这个车，我感觉非常的值得，首先凯迪拉克也是豪华品牌，配置又高，外形动力内饰自己也都非常的满意，这也就足够了。
    
    





            
                

    配置
        
            
            
        
        5
    
    
    配置我觉得还挺高的，33寸的曲面大屏幕，有9K的分辨率，显示的非常清晰，倒车影像也很清晰，同级别车型里，这个价位GT4的配置算是最多而且最实用的。
    
    




            

            



        "
是月月月耶,2023-07-19 首次发表,"
            
                
                    118km
                    
                    行驶里程
                
                
                    7.2L
                    百公里油耗
                
                
                
                
                
                
                
                
                
                
                
                

                
                
                    27.52万
                    裸车购买价
                
                
                    2023-06
                    购买时间
                
                
                    杭州
                    购买地点
                
            
            
    
    

    
        $(document).ready(function () {
            var koubeiid = 5060048;

        });

    


            
                最满意
                GT4的充满运动感的外形，一整个高颜值，溜背造型看着就很酷，灰色的车身颜色，米白色的皮布座椅，质感真的是绝了，颜值控完全一眼入。
            
            
                最不满意
                感觉隔音效果不是特别好，但是我开车喜欢听音响，AKG音响的陪伴下，完全沉寂在音乐声中。
            

            

    空间
        
            
            
        
        4
    
    
    GT4的空间不大，我一米六左右的身高，前排空间完全足够，对我来说算宽敞的了。但是后排空间也没有想象中的那么小，家里人的身材都是比较匀称的，就算中间地方是凸起的，也并没有多大影响，但是一七五以上就有点紧凑了，可以根据自己的需求商量。
    
    
    
    
    


    
    
    
    


    






                

    驾驶感受
        
            
            
        
        5
    
    
    因为是9档手自一体的车，起步很顺滑，没有一点延迟，整体就很平稳，而且升档的速度也很快。1.5T的动力，推背感很足。
    
    
    
    
    


    
    
    
    


    
    
    
    


    






            

            




            

    油耗
        
            
            
        
        5
    
    
    油耗还是蛮乐观的，平时上下班，不堵车基本上都在7.2L左右，非常适合日常出行用。
    
    
    
    
    


    
    
    
    


    





            
            

    外观
        
            
            
        
        5
    
    
    外观真的是最最最满意的地方了，年轻时尚感拉满，不需要花里胡哨的装饰，简单的灰色车身颜色就很高级。而且整个车型非常大气，线条流畅且不失凌厉，特别是直列式的闪电大灯，整体呈现经典的钻石切割面设计。尾灯是翼形的，里面还嵌了凯迪拉克的标，非常细节的处理。
    
    
    
    
    


    
    
    
    


    
    
    
    


    





            

    内饰
        
            
            
        
        5
    
    
    内饰也是我目前比较满意的点，米白色的色调让整个空间都很通透，一点都不压抑。另外，环抱式游艇的内饰设计真的挺吸引眼球的，很有科技感，33寸的视网膜大屏也看着很舒适，还搭载了8155的芯片，能带来更高的性能，支持WiFi和蓝牙。
    
    
    
    
    


    





            

    性价比
        
            
            
        
        5
    
    
    整体来讲，这款车型的性价比非常可以了，买了不后悔，配置多，基本上都很实用，9档手自一体，还搭配了48V轻混。虽然现在优惠力度不大，但是二十多万也挺划算了，早买早享受。
    
    
    
    
    


    
    
    
    


    





            
                

    配置
        
            
            
        
        5
    
    
    我买的是比较高配的车型了，自然在配置方面没什么问题。还有比较亮点一点的地方就是他的智能语音助手比较好用，去其他店里面也体验了一把其他差不多的，还是GT4比较满意。还有这款车的音响体验很不错，搭载了AKG扬声器，有15个喇叭，音乐爱好者真的体验感拉满。
    
    
    
    
    


    




            

            



        "
廊坊车友2642840,2023-07-19 首次发表,"
            
                
                    100km
                    
                    行驶里程
                
                
                    9.0L
                    百公里油耗
                
                
                
                
                
                
                
                
                
                
                
                

                
                
                    21.00万
                    裸车购买价
                
                
                    2023-07
                    购买时间
                
                
                    廊坊
                    购买地点
                
            
            
    
    

    
        $(document).ready(function () {
            var koubeiid = 5058710;

        });

    


            
                最满意
                我对这款车最满意的就是他的颜值这款车一上市我就在关注这款车型我对他这个外观还有内饰的这种科技感深深的吸引，真的很不错，一眼就喜欢上了。
最不满意的
            
            
                最不满意
                对这款车最不满意的就是空间有一点点小。但是看看个人关注的点在哪吧！
            

            

    空间
        
            
            
        
        5
    
    
    这款车的空间不大，但是我们这个车就是给媳妇接送孩子送就完全够用了，家里还有一辆车，这款车买来就是看着款车的颜值好看。
    
    
    
    
    


    
    
    
    


    
    
    
    


    






                

    驾驶感受
        
            
            
        
        5
    
    
    这款车不管是座椅还是内饰的豪华感都给人一种非常好的驾驶体验
    
    
    
    
    


    
    
    
    


    






            

            




            

    油耗
        
            
            
        
        5
    
    
    这款车的油耗还是非常省油的，这几天我开着大概是8个油左右，这个也要看一个个人习惯
    
    
    
    
    


    





            
            

    外观
        
            
            
        
        5
    
    
    这款车的外观就没的说了选择这款车就是因为这款车真的很漂亮，喜欢这个流水的灯珠。
    
    
    
    
    


    
    
    
    


    
    
    
    


    





            

    内饰
        
            
            
        
        5
    
    
    咱们这款车的内饰改了33英寸的大连屏还有车内饰的氛围灯真的太好看了。满足了我媳妇的少女心
    
    
    
    
    


    
    
    
    


    





            

    性价比
        
            
            
        
        5
    
    
    性价相对bba来说这款车的不管是价格还是配置都是值得入手的，20多万买一辆豪华品牌的车，颜值有了配置有了就足够了，性价比可以
    
    
    
    
    


    





            
                

    配置
        
            
            
        
        5
    
    
    这款车的配置相对来说还是比较可以的了，这款车的AKG音响我很满意，音效真不错。还有26色氛围灯真漂亮
    
    
    
    
    


    




            

            



        "
Ofagg,2023-07-07 首次发表,"
            
                
                    1520km
                    
                    行驶里程
                
                
                    8.0L
                    百公里油耗
                
                
                
                
                
                
                
                
                
                
                
                

                
                
                    25.47万
                    裸车购买价
                
                
                    2023-06
                    购买时间
                
                
                    上海
                    购买地点
                
            
            
    
        
            
        
        
            
        
        
            
        
        
            
        
    
    

    
        $(document).ready(function () {
            var koubeiid = 5040089;

        });

    


            
                最满意
                我最喜欢的是凯迪拉克GT4的动力表现。它搭载了一台强劲而高效的1.5T的涡轮增压发动机，提供出色的加速和动力输出，无论是从起步还是超车，这款车都能带给我快感十足的驾驶体验。
            
            
                最不满意
                不太满意的，那就是后排乘坐空间相对较小，尽管前排座椅舒适宽敞，但后排乘客可能会觉得有些拥挤。
            

            

    空间
        
            
            
        
        5
    
    
    除了后排空间有些局促之外，凯迪拉克GT4的其他空间还是不错的。前排座椅提供足够的腿部和头部空间，使长途旅行更加舒适，而且后备厢空间也相当宽敞，足以容纳大型行李或购物物品。
    
    






                

    驾驶感受
        
            
            
        
        5
    
    
    我能够深刻感受到其稳定性和卓越的操控性，它的悬挂系统和转向反应非常精准，使得车辆在弯道中的稳定性和操控性都非常出色，而且这种驾驶感受我对车辆的控更加自信，并提升了整体驾驶乐趣。
    
    






            

            




            

    油耗
        
            
            
        
        5
    
    
    在油耗方面表现相当出色，它的的涡轮增压技术，在城市和高速公路上都能保持良好的燃油经济性，这一点还是很不错的。
    
    





            
            

    外观
        
            
            
        
        5
    
    
    外观设计简洁而动感十足。其线条流畅，轮廓动感，展现出一种现代又奢华的氛围。整体很吸引人。
    
    





            

    内饰
        
            
            
        
        5
    
    
    内饰给我一种精致而豪华的感觉，它优质的材料和精心打造的装饰元素营造出高雅的氛围。座椅舒适度极佳，提供了良好的支撑力和乘坐体验。
    
    





            

    性价比
        
            
            
        
        5
    
    
    虽然这个车的价格对比很多同级别车型都要高，但是它的配置和实用性都是在同级别里很优秀的。
    
    





            
                

    配置
        
            
            
        
        5
    
    
    配置这一块很实用，它的倒车影像和倒车雷达都很好用，清晰度很不错。
    
    




            

            



        "
杭州车友5394373,2023-07-06 首次发表,"
            
                
                    610km
                    
                    行驶里程
                
                
                    8.0L
                    百公里油耗
                
                
                
                
                
                
                
                
                
                
                
                

                
                
                    23.00万
                    裸车购买价
                
                
                    2023-06
                    购买时间
                
                
                    杭州
                    购买地点
                
            
            
    
        
            
        
    
    

    
        $(document).ready(function () {
            var koubeiid = 5038621;

        });

    


            
                最满意
                GT4我最喜欢的就是她的外观和内饰，整体一眼就是很时尚运动的那种，显年轻时尚；内饰设计 布局，科技感满满；内饰颜色我选择了黑色，当时也纠结过，其实试驾车的那个灰色调，也挺显高级的，然后感觉灰色调 显空间又大一点，但是最终还是选择了黑色，毕竟老爸有时候也要开开的。
            
            
                最不满意
                目前还没有不满意的地方，需要再多体验体验。
            

            

    空间
        
            
            
        
        5
    
    
    空间的话，对于我来说，只需要前排，后排不怎么坐人，但是毕竟是跨界车辆，后排高度 肯定不能跟普通SUV相比了，坐两个成年人还是绰绰有余的。后备箱，稍微小了点，远途可能不够。
    
    
    
    
    


    






                

    驾驶感受
        
            
            
        
        5
    
    
    最早看车是爸爸来看的，他选择凯迪拉克是相信它车的质量，家里最早有一辆别克，对通用的品牌还是比较信赖的。到4S店一眼看中了GT4，它的外观很适合女性，内饰也很时尚。
    
    






            

            




            

    油耗
        
            
            
        
        5
    
    
    8l的油耗对于一辆SUV来说已经很不错了，摘掉了美系车都是油老虎的帽子
    
    





            
            

    外观
        
            
            
        
        5
    
    
    前大灯是分体式的，前脸融合凯迪拉克一贯的品牌元素，很具有设计感。
    
    
    
    
    


    





            

    内饰
        
            
            
        
        5
    
    
    内饰的话，当时门一开，坐进去，屏幕满屏的出现凯迪拉克标的一瞬间，我还是被震撼到了，33英寸的大屏幕，9K清晰度，包括驾驶位的仪表显示和中控连一块，这块屏，真的让我爱不释手。虽然自己不在上面看电影什么的，当时销售给我操作的时候，屏幕看着真的挺香。车内配有26色氛围灯，听说是设计师甄选的，颜色观感上感觉特别高级有氛围，又增添了几分时尚感。特别喜欢 中央扶手箱那里的一个控制旋钮，配上氛围灯，简直了，豪华感又提升了。
    
    
    
    
    


    
    
    
    


    





            

    性价比
        
            
            
        
        5
    
    
    买的是1.5T，总体下来性价比还是不错的
    
    





            
                

    配置
        
            
            
        
        5
    
    
    语音唤醒还是挺灵敏的，速度反映跟得上节奏，指令完成度也挺高的，比如你让它放歌、开天窗都行，让它讲笑话也行，不过，还是不要去轻易尝试，会被冷死。。哈哈哈。目前总的来说挺满意的了，老爸还跟我抢着开，说帮我过新车磨合期。自己上手感受都挺好的。
    
    




            

            



        "
漳州车友3660008,2023-07-05 首次发表,"
            
                
                    241km
                    
                    行驶里程
                
                
                    9.6L
                    百公里油耗
                
                
                
                
                
                
                
                
                
                
                
                

                
                
                    24.17万
                    裸车购买价
                
                
                    2023-06
                    购买时间
                
                
                    漳州
                    购买地点
                
            
            
    
    

    
        $(document).ready(function () {
            var koubeiid = 5036586;

        });

    


            
                最满意
                最满意的是这次的内饰，可以看出凯迪拉克这次做了非常大的改变，33寸的大连屏，流畅智能的车机系统，中控扶手台的设计，高级感满满的旋钮，还有26色的氛围灯，这次凯迪拉克还是懂的。
            
            
                最不满意
                最不满意的是后排空间稍微有点小，三个人来坐的话有点拥挤。
            

            

    空间
        
            
            
        
        4
    
    
    前排的空间感觉很足，完全没问题，主要是后排做进去腿部预留的空间有点小，日常用没啥问题，长途旅游，坐后排的可能会有点累。
    
    
    
    
    


    






                

    驾驶感受
        
            
            
        
        5
    
    
    起步很快，而且很平稳，低速开也不会有顿挫感，方向盘很轻，刹车也很平顺，驾驶感受很舒适。
    
    






            

            




            

    油耗
        
            
            
        
        5
    
    
    我平时开车是比较稳的那种，常在市区跑，目前还在磨合期，油耗是9.6L，已经比我预先的底了，磨合期过了估计还可以降降。
    
    





            
            

    外观
        
            
            
        
        5
    
    
    外观很出众，跟SUV不一样，看起来更有运动感，时尚潮流，不会有那种刻板的感觉，大灯还是延续了凯迪拉克的风格，就喜欢这种直列的车灯，帅气又有辨识度。
    
    
    
    
    


    
    
    
    


    





            

    内饰
        
            
            
        
        5
    
    
    内饰感觉这次凯迪拉克变化最大的地方了，也是最为豪华的地方，33英寸的屏幕，非常智能又顺滑的车机系统，就跟家里的小爱一样智能，26色的氛围灯，还有座椅超级软，非常舒适，谁也不能再说凯迪拉克内饰不好看，这内饰不香吗。
    
    
    
    
    


    





            

    性价比
        
            
            
        
        5
    
    
    GT4价格不算贵，是在我的预算内，对比其它豪华品牌，配置会跟出众，内饰外观也不输，所以性价比很高，买它就对了。
    
    





            
                

    配置
        
            
            
        
        5
    
    
    配置出众，前后的驻车雷达、倒车影像、全速自适应巡航、AKG的音响、33英寸9K分辨率的大连屏，这样的配置真的很高。
    
    




            

            



        "
可爱的你呀,2023-07-04 首次发表,"
            
                
                    245km
                    
                    行驶里程
                
                
                    10.8L
                    百公里油耗
                
                
                
                
                
                
                
                
                
                
                
                

                
                
                    24.60万
                    裸车购买价
                
                
                    2023-06
                    购买时间
                
                
                    杭州
                    购买地点
                
            
            
    
        
            
        
    
    

    
        $(document).ready(function () {
            var koubeiid = 5035977;

        });

    


            
                最满意
                最满意GT4的内饰，33寸大屏幕，流畅的车机，和智能交互系统。音响也采用了锐歌同款AKG，很良心了
            
            
                最不满意
                后排空间略小一些，如果坐3个人多少有点拥挤
            

            

    空间
        
            
            
        
        4
    
    
    前排还是挺宽敞的，但是后排坐下之后腿部没有多余的空间预留，短途还好，如果长途出行，会有点辛苦
    
    






                

    驾驶感受
        
            
            
        
        5
    
    
    起步很快，提速也还好，1.5T开起来没有明显的比2.0差很多。城市开开足够了。车型整体扁一点，过弯的时候就比较稳，不怎么侧偏
    
    






            

            




            

    油耗
        
            
            
        
        5
    
    
    平时在杭州上下班，高架桥不堵车情况下油耗还是可以的，10.9的综合油耗比我预想的低了很多
    
    





            
            

    外观
        
            
            
        
        5
    
    
    扁平+溜背的造型，让整台车看起来有一种旅行车的感觉，时尚潮流。大灯也很不错，直列式的闪电大灯跑高速很亮堂
    
    
    
    
    


    
    
    
    


    





            

    内饰
        
            
            
        
        5
    
    
    内饰是全车最豪华的，33寸环慕式超视网膜屏，很震撼，8155芯片处理的也不错，流畅度清晰度一整个飞起，而且语音交互反映迅速，这在同级里可以说是很出头了。还加了26色氛围灯，晚上氛围感十足了
    
    
    
    
    


    





            

    性价比
        
            
            
        
        5
    
    
    这个价格能买到这个配置个人觉得性价比还是不错了，同等价位可买不到这么豪华的配置了吧
    
    





            
                

    配置
        
            
            
        
        5
    
    
    全景影像辅助功能很不错，倒车入库很简单，基本零失误。据说轮胎是自密封轮胎，应该不容易爆胎，这让我以前扎过3次胎的人少了很多顾忌
    
    




            

            



        "
张狗鑫,2023-09-29 首次发表,"
            
                
                    720km
                    
                    行驶里程
                
                
                    7.0L
                    百公里油耗
                
                
                
                
                
                
                
                
                
                
                
                

                
                
                    27.97万
                    裸车购买价
                
                
                    2023-08
                    购买时间
                
                
                    郑州
                    购买地点
                
            
            
    
    

    
        $(document).ready(function () {
            var koubeiid = 5171654;

        });

    


            
                最满意
                谁说凯迪拉克只有男车主？女车主在此！开了一段时间忍不住来分享爱车啦！谁懂！目标豪华品牌的友友们看过来，超级出彩的搭配利器，外观吸睛时髦 女生开也很酷哦！整体车身线条凌厉感很有先锋气质。车头大灯采用了辨识度极高的分体式设计，全新设计的前格栅内部集成了黑色蜂窝结构，无论是从哪个角度观察它都展现了非常浓郁的运动氛围。车侧身采用的是非常流行的悬浮顶设计同时还有硬朗的腰线，可以说除了尺寸以外和纯电锐歌不相上下！而且新车同样采用了家族式设计风格！
            
            
                最不满意
                后排感觉偏小 前排没问题。如果前排座椅靠前一点后面也就还好，头部还有一定的空间
            

            

    空间
        
            
            
        
        5
    
    
    我170属于女生里面偏高一点的，驾驶位还挺松散的，平时的应用场景绝大多数一个人开，最多副驾驶坐个乘客，所以对后排要求不高而且后排腿部空间完全没问题。后备箱的空间对没有孩子的车主来说还是足够用的
    
    
    
    
    


    
    
    
    


    
    
    
    


    






                

    驾驶感受
        
            
            
        
        5
    
    
    再来说说动力，28T的动力绝对杠杠的，油门稍微踩点就有，一不小心还会超速，急加速的时候还有推背感而且更能体现操控性。变速箱低速会有一点顿挫感但比较轻。能接受。驾驶感受很舒适转向精准底盘也稳定。
    
    
    
    
    


    






            

            




            

    油耗
        
            
            
        
        5
    
    
    目前我的油耗保持在七个多，刚提车没几天就跟朋友邻近城市跑了一圈毕竟也是开车几年的老司机。磨合下来油耗基本稳定了。比预想中的油耗还低一点，平时通勤路上也不是很堵。油耗方面还是很满意的
    
    
    
    
    


    





            
            

    外观
        
            
            
        
        5
    
    
    车头直列车灯 气势瞬间就打开了。钻石切割设计一直是亮点线条硬朗肌肉感十足。搭配上大都会红外观简直360度无死角行走在路上必然是一道靓丽的风景线。
    
    
    
    
    


    
    
    
    


    





            

    内饰
        
            
            
        
        5
    
    
    内饰真的值得狠狠的吹一波，一眼看过去最亮眼的就是中控搭配曲面的屏幕 33英寸呐 ！视觉效果绝了！观看流畅屏幕色彩非常细腻，信息内容也丰富 还支持酷我音乐爱奇艺播放！在车上就能看电影。停车等人的时候甚至不需要掏手机出来玩。CarPlay自动连接真的戳中了，再也不用上车先连十分钟蓝牙。AKG音响效果可以，高音很棒，低音稍微弱一点不过放大音量一样很震撼。立体环绕声有一种身临其境的感觉，看电影也是，就是有在影院看电影的震撼感。
    
    
    
    
    


    
    
    
    


    
    
    
    


    





            

    性价比
        
            
            
        
        5
    
    
    总的来说二十多万买这个车真的性价比相当不错，好歹也都二线豪华品牌，这么多预算还要啥自行车，更别说还配备了超全的安全辅助驾驶。自密封轮胎在高速上扎钉也不怕。同样的配置放在其他品牌上30➕预算都打不住。
    
    





            
                

    配置
        
            
            
        
        5
    
    
    我觉得这台车的配置真的挺值的，电动后视镜折叠和加热，19寸轮毂，电动电尾门，无钥匙进入、电动全景天窗、26色氛围灯还有一些贴心的设计都是能够给到的。整个车机很流畅，方向盘的手感也是相当有质感特别是怀挡的设计很贴心，换挡时不用过多的手去操作，也不用转移视线去看。值得点赞的是GT4没有把所有的功能都集中在屏幕内，保留了空调的实体按键使用起来更方便也更有质感！
    
    




            

            



        "
赣州车友9668714,2023-08-06 首次发表,"
            
                
                    586km
                    
                    行驶里程
                
                
                    8.6L
                    百公里油耗
                
                
                
                
                
                
                
                
                
                
                
                

                
                
                    22.97万
                    裸车购买价
                
                
                    2023-07
                    购买时间
                
                
                    赣州
                    购买地点
                
            
            
    
    

    
        $(document).ready(function () {
            var koubeiid = 5087707;

        });

    


            
                最满意
                最满意的是升级版凯迪拉克车型都陪备33英寸大屏，智能语音功能太方便啦。
            
            
                最不满意
                总体都还行，轿跑SUV空间稍微小了点，平常接送孩子也不影响使用。
            

            

    空间
        
            
            
        
        4
    
    
    对于个子高大一点的后排的腿部空间会稍微拥挤，但做为一辆上下班通勤车辆，后排一般很少会有乘客，也没啥太大的顾虑，但如果是考虑家用车，你们可要稍微慎重一点，再就是后备箱，空间真的蛮够用的，我平时出去露营，河边钓钓鱼，工具全都 能放下，累了还能把后排放倒躺平休息一下 空间利用性还是很不错的
    
    






                

    驾驶感受
        
            
            
        
        5
    
    
    葡萄美酒夜光杯，凯迪拉克动力那是自然不用吹，1.5的动力依然满满的推背感，过完丝毫不拖泥带水，不信你可以去试试。
    
    






            

            




            

    油耗
        
            
            
        
        4
    
    
    新车油耗可能不太友好，市区油耗稍微高一点，稍微调教后行云流水，凯迪拉克创新科技果然不让人失望。
    
    





            
            

    外观
        
            
            
        
        5
    
    
    一听说凯迪拉克要出一款全新的车型，我就一直期盼着，果然不出所望，进店就被彻底吸引了，一台定位轿跑SUV的车型，设计炫酷有创意还不缺凯迪拉克一直的外观实际理念，钻石切割工艺，直列式闪电车灯，车身线条流畅，辨识度高，这帅气外观真的无可挑剔，回头率嘎嘎高
    
    





            

    内饰
        
            
            
        
        5
    
    
    终于等到凯迪拉克换内饰了，最主要的就是中控，讲实话，原来的小屏真的拉低档次，现在全新的大连屏，流畅清晰又大气，看电影听歌，app也比原来的增加了好多，科技感十足，就是新增的怀挡还不太习惯，但是上手很快，座椅嘛，美式大沙发自然是不差的，凯迪拉克的用料向来都是实用又实在
    
    





            

    性价比
        
            
            
        
        5
    
    
    新车虽然优惠小一点，但是选择保养套餐大大降低了成本，性价比还是很高的
    
    





            
                

    配置
        
            
            
        
        5
    
    
    最让我感到惊喜的就是智能语音啦，不仅可以自定义唤醒，还可以根据自己的喜好，出行模式，设定不同的情景模式，真的太人性化了
    
    
    
    
    


    




            

            



        "
锅巴虾滑,2023-07-27 首次发表,"
            
                
                    
                    暂无
                    行驶里程
                
                
                
                
                
                
                
                
                
                
                
                
                

                
                
                    27.97万
                    参考价格
                
                
                    2023-07
                    探店时间
                
                
                    济南
                    探店地点
                
            
            
    
    

    
        $(document).ready(function () {
            var koubeiid = 5075262;

        });

    


            
                新车好评
                最值得夸一夸的就是他的颜值，颜值是真的高，整体车身线条流畅具有先锋气息。
            
            
                新车槽点
                后排空间有一定的局限，不过作为女性出行通勤使用还是没啥大问题的。
            

            

    空间
        
            
            
        
        4
    
    
    驾驶空间还是可以的，后排空间不是很理想，日常出行通勤还是可以的。
    
    






                

    驾驶感受
        
            
            
        
        5
    
    
    GT4的动力一点也不含糊，给油就跑，推背感也是有的。
    
    






            

            




            

    油耗
        
            
            
        
        5
    
    
    GT4铂金型是搭载的2.0T发动机，油耗表现是在大众的一个可接受范围内。
    
    





            
            

    外观
        
            
            
        
        5
    
    
    经典钻石切割风格，直列式大灯前后相互呼应，这颜值可真吸睛。
    
    





            

    内饰
        
            
            
        
        5
    
    
    内饰的设计也是相当不错，环抱式游艇内饰设计加上宝藏座椅，想想就觉得舒适。
    
    





            

    价格政策
        
            
            
        
        5
    
    
    优惠力度不是很大，不过有置换补贴，也会保养、礼品相送，这也挺好…
    
    





            
                

    配置
        
            
            
        
        5
    
    
    铂金版的配置可以说是相当全面，智能语音助手功能，能够随时随地想聊就聊…
    
    




            

            



        "
故事在人缘,2023-07-27 首次发表,"
            
                
                    1500km
                    
                    行驶里程
                
                
                
                
                
                
                
                
                
                
                
                
                

                
                
                    27.50万
                    裸车购买价
                
                
                    2023-05
                    购买时间
                
                
                    温州
                    购买地点
                
            
            
    
    

    
        $(document).ready(function () {
            var koubeiid = 5074985;

        });

    


            
                最满意
                开出去真的是倍有面，看起来很有气质，年轻外形更能吸引年轻人的关注，质量稳定性也没有任何问题，在里面感觉良好，非常的好看，买车不能只为自己打算，现在刚好生了二胎，我自身对这个品牌的车子就比较赏识和认可。
            
            
                最不满意
                耐开稳妥，这车的其它方面我都很喜欢，空间上还是觉得不是特别的满意，从外观看上去都是比较有质感的，车里的内饰也还是有点味道的，回头率超高。
            

            

    空间
        
            
            
        
        4
    
    
    我觉得整体来说还是挺满意的，前排空间足够宽敞，坐在车子里会感到放松，把腿伸直了也没有什么拥挤的，放东西十分的方便，整体感觉也是很整洁，后排空间也是比较宽裕，感觉算是有一个不错的表现，空间的话对于我自己用车感觉够用，活动范围倒也还可，出能力还不错。
    
    






                

    驾驶感受
        
            
            
        
        5
    
    
    动力还是因人而异的吧，没有呈现明显的顿挫，上坡下坡绝对没有问题，爬坡上坎都没问题，动力表现比我想象中的要好很多，感觉对我而言是足够了，也是完全可以胜任的，甚至有一定的后推感，在高速路上超个车什么的，那感觉简直了。
    
    






            

            




            

    油耗
        
            
            
        
        5
    
    
    我感觉是很省油的，我现在的油耗量已经算是偏低的了，只要能保养，城区上下班的代步车辆来用，比朋友的车油耗低不少呢，比起刚买的时候油耗也慢慢降低了，目前看来没有辜负我的期待。
    
    





            
            

    外观
        
            
            
        
        5
    
    
    设计师太细致了，看起来大气沉稳，我家人也觉得这车帅气，车尾的灯是造型很帅的设计，都没有采用过于夸张的设计，凸显整车的力量感，进气格栅跟车标搭配也是一绝，加上车灯的衬托，整个车的气质就现出来了，可以说是吸引力很高。
    
    





            

    内饰
        
            
            
        
        5
    
    
    有自己独特的味道和风情，中控台的布局设计的也是很协调，集众多功能于一身，他们似乎有很强的科技感，方便了日常操作，都是用一些简单的线条去进行勾勒的，整体来说，造型设计不造作。
    
    





            

    性价比
        
            
            
        
        5
    
    
    车子的外形也很帅气，动力强劲，也有不足的地方，我开着是没有问题的，特别是考虑到平时的养车成本，性价比绝对是可以的，真的是非常非常不错的，也期待它更好的表现，买了就是赚了，其他人的情况可以自行斟酌吧，适合自己的才是最好的
    
    





            
                

    配置
        
            
            
        
        5
    
    
    方向盘操作起来特别轻松，操控起来非常实用，是真的感觉很稳，而且方向盘很灵敏，底盘稳定性确实是非常不错的，过弯侧倾不大，我开着是比较顺手的。
    
    




            

            



        "
清池徐少卑,2023-07-26 首次发表,"
            
                
                    450km
                    
                    行驶里程
                
                
                
                
                
                
                
                
                
                
                
                
                

                
                
                    30.97万
                    裸车购买价
                
                
                    2023-07
                    购买时间
                
                
                    衡水
                    购买地点
                
            
            
    
    

    
        $(document).ready(function () {
            var koubeiid = 5073437;

        });

    


            
                最满意
                无论GT4是外观还是内饰的小细节，整体的造型十分流线和灵动，我自身对这个品牌的车子就比较赏识和认可，感觉评判一台车子的好坏一大部分就是看车子给人的使用体验感，外观是无可挑剔的，各方面的设计非常招人喜欢，最大的优势就在于有着相对更低的油耗，本来我买这台车子的时候。
            
            
                最不满意
                车无完车，再好的车总也会有自己的缺陷，对它行驶品质是抱有很大的信心的，方方面面的肯定都要考虑到，我认为一般。
            

            

    空间
        
            
            
        
        4
    
    
    里面有很多小的储物格，前排乘坐空间宽敞，空间是足够的，相比同级别的轿车，都不乏空间感，选择这款车的估计都是为了空间吧，对于单身贵族的我来说够用，视野还是很不错的，正常家用四口之家是完全够用。
    
    






                

    驾驶感受
        
            
            
        
        5
    
    
    遇见山路崎岖的路段简直不要太美好，它根本不会变得泥泞，一看配置也就知道了，动力很平顺，坐车上看见视野也是极好的，就算在高低速转换的时候衔接也特别紧密，城市道路上本身也很拥挤，我觉得还可以。
    
    






            

            




            

    油耗
        
            
            
        
        5
    
    
    目前的表显百公里平均油耗很低了，比较适合我这种上班族，所以大家不用担心油耗问题，上班路程较短，红绿灯比较多，现在车子开的时间不算太长应该还在磨合期内，开着省油更省心，也就是市区上下班开，还是可以接受的，可以说。
    
    





            
            

    外观
        
            
            
        
        5
    
    
    整个车身流线型的规划，找不到有什么车可以追赶上它的这种格调了，车身呈现出一个比较大的态势，有一种耐看的感觉，最欣赏的还是它的线条美，时髦感都契合我们家里人的审美，很大气，前面设计很新颖，整车的线条勾勒的很流畅，视觉感受就是很帅气。
    
    





            

    内饰
        
            
            
        
        5
    
    
    这个中控台的样式看上去也是比较高端的，让整个车子充满了科技感，内饰真有一种座飞机头等舱的感觉，内饰用料比较不错，值得点个赞，看起来的整个车都比较的有内涵，并且车内还有着丰富的配置搭配其中。
    
    





            

    性价比
        
            
            
        
        5
    
    
    够拥有一台内部空间如此宽大而且外观颜值也同样在线的汽车还是挺不容易，维修保养的价格不如别的品牌更省钱省心，设计在线配置丰富，性价比是值得肯定的，买车还是看性价比的，相对还说还是比较省事的，这车的性价比还是挺高，好车开着是要不一样些，出门在外不担心。
    
    





            
                

    配置
        
            
            
        
        5
    
    
    车内一眼看去感觉整洁，轻松应付所有的烂路，高速的时候很稳，方向盘没有虚位，不需要怎么去用力踩着刹车，这个车的操控我感觉还是可以的，方向盘不轻不重，操作起来很是方便，开车的时候就更灵活，像我刚提回家这款车的时候，上手很轻松。
    
    




            

            



        "
红色的心情c,2023-07-25 首次发表,"
            
                
                    1300km
                    
                    行驶里程
                
                
                    7.8L
                    百公里油耗
                
                
                
                
                
                
                
                
                
                
                
                

                
                
                    25.60万
                    裸车购买价
                
                
                    2023-07
                    购买时间
                
                
                    深圳
                    购买地点
                
            
            
    
    

    
        $(document).ready(function () {
            var koubeiid = 5070367;

        });

    


            
                最满意
                最满意的就是车子的油耗了，油耗低也就意味着使用的过程会比较省钱，何况它还这么低，越来越省钱，简直就是我的救命星。
            
            
                最不满意
                不满意的就是在路过减速带等坑洼路段的时候会有一点颠簸感，而且我居住的这个地方减速带有点儿多，所以这种感受会更突出一些。
            

            

    空间
        
            
            
        
        5
    
    
    空间的作用目前体现在已经越来越棒了，后排有同事乘坐顺风车的时候一直都对空间夸赞有加，个子高的乘坐也不会觉得拘束。
    
    






                

    驾驶感受
        
            
            
        
        4
    
    
    方向盘的表现情况还挺不错的，直观，而且也没有什么虚位存在，指哪打哪，还是挺听从指挥的，也比较懂事，但是由于底盘可能有一点硬，所以在路过减速带的时候会有一点点的颠簸感出现。
    
    






            

            




            

    油耗
        
            
            
        
        5
    
    
    车子的油耗一直都是偏低的状况，而且我都没咋特别的去磨合，也并没有做明显的调整，它自己就慢慢的降下来了，这段时间一观看还真挺低的，怪不得这么省钱呢。
    
    





            
            

    外观
        
            
            
        
        5
    
    
    其实我最为心动的点就是它的外观设计，造型感设计的老棒了，还挺洋气的，开在大街上的时候不会显得很低俗，有一种脱颖而出的视觉呈现感，让我感受到了一些优势。
    
    





            

    内饰
        
            
            
        
        5
    
    
    对于内饰我更满意的就是它的做工问题，细节处理很棒，线条有做加固，肉眼就能够看得到，触摸的时候，不同材质之间的过渡也不错，不会有明显的上下层次感。
    
    





            

    性价比
        
            
            
        
        5
    
    
    低价格的车子本来就会吸引很多人，何况我又是一个很务实的人，看到它的价格直接就已经把持不住我选择它的步伐了。
    
    





            
                

    配置
        
            
            
        
        5
    
    
    车子的配置还是挺有直观性的，而且上手使用的时候关键时刻也能够发挥一些帮助，这就是它的作用体现吧。
    
    




            

            



        "
gx3188,2023-07-24 首次发表,"
            
                
                    3863km
                    
                    行驶里程
                
                
                
                
                
                
                
                
                
                
                
                
                

                
                
                    22.97万
                    裸车购买价
                
                
                    2023-05
                    购买时间
                
                
                    黄冈
                    购买地点
                
            
            
    
    

    
        $(document).ready(function () {
            var koubeiid = 5067587;

        });

    


            
                最满意
                最满意的当然是这台车子的动力表现了，作为非常运动的豪华品牌，GT4的驾驶感受真的非常棒，性能出色，操控扎实，而且男人就是要面子，GT4我是特别喜欢它的外形设计，颜值这一块拿捏的很到位，是我喜欢的类型。
            
            
                最不满意
                我不太喜欢GT4的启动声音比较大，停到地下的时候声音大我觉得有点吵，另外一个车子在刚开始起步换挡的时候有点顿挫，车子的顿挫感会略微影响心情。
            

            

    空间
        
            
            
        
        4
    
    
    在同级车里，GT4的车身尺寸算大的，前后排的空间都是挺宽敞的，而且后备箱空间很规整，带孩子出门还得给老二拿推车，GT4的后备箱足够大，推车放进去还能余出来不少空间呢。
    
    






                

    驾驶感受
        
            
            
        
        5
    
    
    油门是轻轻一踩就马上启动，但是油门会比较重，而且踏板也会比较硬，但是车子后段的动力肯定是没有问题的。
    
    






            

            




            

    油耗
        
            
            
        
        5
    
    
    目前的油耗在我可以接受的范围之内吧，百公里综合油耗不算高，虽然要加95号汽油，但现在的平均油耗为9.6个油，压力不大。
    
    





            
            

    外观
        
            
            
        
        5
    
    
    GT4的外观颜值是真的挺不错的，给我一种美系车的安全感，看起来就有那种美式的力量感，但也不会让人觉得很强硬，大气舒适是我对它的第一印象很具有辨识度的竖式大灯设计，还有流水式的转向灯也挺迷人，这很凯迪拉克。
    
    





            

    内饰
        
            
            
        
        5
    
    
    用“沉稳与大气”来形容它的内饰风格简直再合适不过了，我很喜欢这种简简单单的风格吧，车内的软包裹区域也比较大，而且中控面板按键设计都很到位。
    
    





            

    性价比
        
            
            
        
        5
    
    
    总结就是集美貌与操控于一身的高性价比的豪华品牌SUV，就是因为这个才圈粉很多我们这些年轻人，毕竟也是能拉出去遛一遛赚点回头率的，又有面儿又实用，而且价格合适，贷款了3年，这样也没什么压力，车子还挺好开，还是挺不错的一个选择。
    
    





            
                

    配置
        
            
            
        
        5
    
    
    买的中配车配置也够用，前排座椅有加热通风功能、有车侧预警、倒车雷达、全速自适应巡航、天窗、可以远程启动等。
    
    




            

            



        "
太仓巴克,2023-07-23 首次发表,"
            
                
                    1675km
                    
                    行驶里程
                
                
                    9.5L
                    百公里油耗
                
                
                
                
                
                
                
                
                
                
                
                

                
                
                    21.97万
                    裸车购买价
                
                
                    2023-06
                    购买时间
                
                
                    太原
                    购买地点
                
            
            
    
    

    
        $(document).ready(function () {
            var koubeiid = 5065950;

        });

    


            
                最满意
                外观设计，妥妥的颜值在线类型，看起来沉稳大气，车漆很有质感，在阳光的照射下，神秘又高级，溜背造型高级感很强，辨识度很高，车身线条硬朗，力量感很强。
            
            
                最不满意
                后备厢的容量不是太大，放一些大物件有些困难。
            

            

    空间
        
            
            
        
        4
    
    
    空间方面没有问题，空间优势肉眼可见，打开车就能感受到它的宽敞，坐在里面更是没有问题，而且布局也很合理，不会有压抑感，全景天窗的设计，车内的视野很清晰。
    
    






                

    驾驶感受
        
            
            
        
        5
    
    
    方向盘很高级，驾驶起来，推背感强，1.5T的发动机，动力强劲，底盘调教也很赞，超车的时候也是毫不示弱，驾驶很轻松。
    
    






            

            




            

    油耗
        
            
            
        
        5
    
    
    我对它的油耗还可以接受，目前是百公里9.5个油，这么大的车身，动力又很强劲，加上又是在磨合期内，动力能处于这样的水平，我已经很知足了。
    
    





            
            

    外观
        
            
            
        
        5
    
    
    外观设计，融入了时尚和运动的气息，我很喜欢它的车头风格，精致霸气很独特，而且很有魅力，否则我也不会一眼就看中它，颜控的我表示：很喜欢这样的设计。
    
    





            

    内饰
        
            
            
        
        5
    
    
    内饰很有质感，真皮方向盘，33英寸的大屏幕，而且很清晰，整体高级感很强。
    
    





            

    性价比
        
            
            
        
        5
    
    
    性价比感觉还可以，外观很时尚，内饰高级感满满，配置也足够用。
    
    





            
                

    配置
        
            
            
        
        5
    
    
    从整体的配置来看，功能是比较丰富的，车子颜值也很在线，性能也很棒，每个功能都觉得挺先进的。
    
    




            

            



        "
淮安车友1952865,2023-07-23 首次发表,"
            
                
                    1200km
                    
                    行驶里程
                
                
                    10.2L
                    百公里油耗
                
                
                
                
                
                
                
                
                
                
                
                

                
                
                    23.54万
                    裸车购买价
                
                
                    2023-03
                    购买时间
                
                
                    淮安
                    购买地点
                
            
            
    
    

    
        $(document).ready(function () {
            var koubeiid = 5065887;

        });

    


            
                最满意
                最满意的是它的空间，挺大挺宽敞的，前后排乘坐都没有压力，我和媳妇都一致要选择空间大一点的车子，目前这个空间已经很好的满足我们的需求了，乘坐方面没有压力。
            
            
                最不满意
                感觉这个店有点远，去一趟有点麻烦，加上看车提车浪费了不少打车钱。。
            

            

    空间
        
            
            
        
        5
    
    
    空间一看就挺宽大的，横向空间和纵向空间的尺寸都很充足，不论是坐在前排还是后排，头顶、腿部都有很充足的空间来用，丝毫没有压抑的情况。另外，后备箱的空间也挺大的，平日里大购物的时候，能装不少东西呢，装载能力挺强的。
    
    






                

    驾驶感受
        
            
            
        
        5
    
    
    从目前驾车的这段时间来看，它带给我的驾驶体验是很不错的，方向盘轻便，油门和刹车也很好控制，特别是在力度方面，都不费力，很容易就能操控。另外，动力也是不得不提的一个方面，车子跑起来很给力，提速不拉胯，可以放心驰骋。
    
    






            

            




            

    油耗
        
            
            
        
        5
    
    
    从提车到现在，我的油耗都在一个比较理想的状态。
    
    





            
            

    外观
        
            
            
        
        5
    
    
    外观给人一种非常威猛又新潮的即视感，特别是车头的设计，犀利的大灯搭配霸气的身姿，有一种随时都要进击的感觉，动感氛围直接拉满了，好有吸引力的。
    
    





            

    内饰
        
            
            
        
        5
    
    
    内饰同外观一样，都具有很高的吸引力，内饰一看就挺有科技感的 ，而且风格设计也不错，妥妥的拿捏住了我的审美点。
    
    





            

    性价比
        
            
            
        
        5
    
    
    一直都觉得它的性价比不错，所以选它也是我的一种执着，主要是觉得钱花得比较值。
    
    





            
                

    配置
        
            
            
        
        5
    
    
    在配置方面它可以说是一点儿也不亚于同级别的车，别的车有的功能它也都有，并且很多功能都是我想要的，配置很全面，可以说是一次性到位了
    
    




            

            



        "
临沂车友7574972,2023-07-23 首次发表,"
            
                
                    
                    暂无
                    行驶里程
                
                
                
                
                
                
                
                
                
                
                
                
                

                
                
                    25.50万
                    参考价格
                
                
                    2023-07
                    探店时间
                
                
                    临沂
                    探店地点
                
            
            
    
    

    
        $(document).ready(function () {
            var koubeiid = 5065833;

        });

    


            
                新车好评
                最近赚了一些钱，可以说想换一辆车子了，尤其是想买一款豪华车，以后见客户也有面子哈，这不就考虑到凯迪拉克了，虽然说是一个二线豪华品牌，但是我这个它还是情有独钟的，这款新出的SUV我感觉很霸气，很有气质感，符合我的身份。
            
            
                新车槽点
                空间可能小了一些，也可能我这个人平时吃的比较多，身体比较胖，坐在主驾驶感觉有一些拥挤。
            

            

    空间
        
            
            
        
        4
    
    
    空间方面的话，我感觉稍微小了一些，主要是主驾驶后排的话没啥问题，能够做三个成年人。
    
    






                

    驾驶感受
        
            
            
        
        5
    
    
    驾驶感受还不错，油门的力度挺合适的，轻轻一踩就有很大的反馈，而且动力相当的充足，很平顺，行驶过程中不会有顿挫感。
    
    






            

            




            

    油耗
        
            
            
        
        5
    
    
    2.0t的发动机油耗居然只有八个油到九个油之间，我感觉挺节省的。
    
    





            
            

    外观
        
            
            
        
        5
    
    
    很帅气，这么高大威猛的一款suv很符合我审美，很有面子。
    
    





            

    内饰
        
            
            
        
        5
    
    
    内饰不错，做工优秀，座椅软硬程度也很合适，空调效果很好。
    
    





            

    价格政策
        
            
            
        
        5
    
    
    价格的话，这个优惠的力度真的是太大了，非常的有诱惑，你对比同级别的车型，配置也很高。
    
    





            
                

    配置
        
            
            
        
        5
    
    
    配置不错，车机系统调教的挺好的，很好用，我感觉辅助功能也特别的实用。
    
    




            

            



        "
枣庄车友9830678,2023-07-21 首次发表,"
            
                
                    
                    暂无
                    行驶里程
                
                
                
                
                
                
                
                
                
                
                
                
                

                
                
                    27.10万
                    参考价格
                
                
                    2023-07
                    探店时间
                
                
                    枣庄
                    探店地点
                
            
            
    
    

    
        $(document).ready(function () {
            var koubeiid = 5063619;

        });

    


            
                新车好评
                作为一个颜值党我很喜欢这个的设计，尤其是他那个车头很霸气，而且这个灰色的配色感觉更加的有质感，更高级呀，哈哈。
            
            
                新车槽点
                空间比较的小，我180斤，说实话，坐在驾驶有一些举手，如果是那我朋友150斤来做，没啥问题。
            

            

    空间
        
            
            
        
        4
    
    
    如果你也和我一样比较的胖，我感觉就不要选择他了，有一些拥挤呀，不过后排空间确实没啥问题，能够坐下三个成年人。
    
    






                

    驾驶感受
        
            
            
        
        5
    
    
    驾车体验非常不错，动力充足，还是非常的带劲的，毕竟这么大的一个排量2.0t真的是黄金动力。
    
    






            

            




            

    油耗
        
            
            
        
        5
    
    
    油耗的话也不算高，九个油虽然说本身体积很大，夏天空调开的又这么多，我是完全能够接受的。
    
    





            
            

    外观
        
            
            
        
        5
    
    
    颜值很高，相当帅气，从车头到车尾，这个造型也是非常的符合我的审美。
    
    





            

    内饰
        
            
            
        
        5
    
    
    内饰方面还是相当精致的，从做工到用料都没得说，中控我也很喜欢。
    
    





            

    价格政策
        
            
            
        
        5
    
    
    价格方面政策还是很好的，和销售交谈了一番，优惠幅度还可以，会送很多保养。
    
    





            
                

    配置
        
            
            
        
        5
    
    
    配置的话非常的给力，尤其是他的辅助功能很齐全，也特别好用，很有安全感。
    
    




            

            



        "
一步千年,2023-07-21 首次发表,"
            
                
                    500km
                    
                    行驶里程
                
                
                    8.5L
                    百公里油耗
                
                
                
                
                
                
                
                
                
                
                
                

                
                
                    27.00万
                    裸车购买价
                
                
                    2023-06
                    购买时间
                
                
                    邢台
                    购买地点
                
            
            
    
    

    
        $(document).ready(function () {
            var koubeiid = 5062998;

        });

    


            
                最满意
                最满意
最满意的就是这款车的外观和内饰，这款车的内饰看着很高级，又耐脏！
            
            
                最不满意
                整体来说，没有什么不满意的地方，当时优惠力度不算很大，主要还是相中这个车了。
            

            

    空间
        
            
            
        
        4
    
    
    我一般开车都是上下班开开，带人的时候也不多，平时就是孩子在后面坐着，副驾驶我老公坐着腿能伸直！
    
    






                

    驾驶感受
        
            
            
        
        5
    
    
    每个人开车感觉不一样，我个人性子慢，开车也不快，起步慢，大部分都是在市里开，动力我感觉还行，遇到上坡路的时候，爬坡挺流畅的。
    
    






            

            




            

    油耗
        
            
            
        
        5
    
    
    我一般上下班开，整个路程车也不多，油耗还是可以的，在范围之内。
    
    





            
            

    外观
        
            
            
        
        5
    
    
    车子的外观挺有个性的，大面积的格栅设计，两侧设计的是细长的大灯，轿跑式suv,车身颜色也很正。
    
    





            

    内饰
        
            
            
        
        5
    
    
    内饰座椅都是真皮座椅，没有异味，座椅坐着适度，我感觉跑长途坐着都没问题。
    
    
    
    
    


    
        座椅舒适性
        座椅软，做工精细。
        
        
    





            

    性价比
        
            
            
        
        5
    
    
    这款车比较适合女孩子开，我也是女孩子，一眼就相中了，当时优惠力度不是很大，但在自己的范围之内。
    
    





            
                

    配置
        
            
            
        
        5
    
    
    车内的大屏，清晰度高，还是触屏的，我是只要开车就得听音乐，音质好，并且隔音效果不错。
    
    
    
    
    


    




            

            



        "
韶关车友9628511,2023-07-21 首次发表,"
            
                
                    1330km
                    
                    行驶里程
                
                
                
                
                
                
                
                
                
                
                
                
                

                
                
                    24.55万
                    裸车购买价
                
                
                    2023-07
                    购买时间
                
                
                    韶关
                    购买地点
                
            
            
    
    

    
        $(document).ready(function () {
            var koubeiid = 5062975;

        });

    


            
                最满意
                用的比较踏实，时尚精致观配置也还是不错的，能手用摸到的地方都是软的，反正很实用，让人感觉舒服畅快，空间大，里面的配置也很齐全，空间都不会有拘束压抑的感觉，GT4这个车子外观是特别的漂亮。
            
            
                最不满意
                我想要的都挺好的，别的也不怎么重要了，动力表现很不错，安全性能很可靠，有点一拍即合的意思，满足家庭代步使用。
            

            

    空间
        
            
            
        
        4
    
    
    设计的也是比较合理的，腿部空间还能有接近两拳，空间也是我最喜欢的类型，各种座椅的间距很大，空间完全可以满足我家的使用。
    
    






                

    驾驶感受
        
            
            
        
        5
    
    
    在起步和加速的时候，不管在什么样的路况下动力方面都发挥得很不错，在驾驶过程中感觉很快乐，总的来说挺好的，特别符合日常家用车的搭配了，上坡下坡绝对没有问题，动力够用。
    
    






            

            




            

    油耗
        
            
            
        
        5
    
    
    油耗水平我觉得已经相当满意，其他方面也表现得非常优秀，我觉着的这个油耗是我最满意。
    
    





            
            

    外观
        
            
            
        
        5
    
    
    这车的外相还是很符合我审美，也给自己驾驶这辆车带来一个好的心情，让整个车子都有了很强的力量感，显得GT4这台车特别的帅气。
    
    





            

    内饰
        
            
            
        
        5
    
    
    车身颜色的搭配看起来比较时尚，把车子整体的档次一下子也提高了上来，做工挺不错，配置方面还是很齐全的。
    
    





            

    性价比
        
            
            
        
        5
    
    
    性价比是没有什么大的问题的，入手的话还是值得入手的，反正我是觉得挺满意的，满足自驾游。
    
    





            
                

    配置
        
            
            
        
        5
    
    
    无论男女都可以很好的驾驶，对于新手来说也不难，开起来真的很省心，很舒服，操控还是挺好的，坐在开那些颠簸路段也不会觉得很颠簸。
    
    




            

            



        "
杭州车友4096863,2023-07-19 首次发表,"
            
                
                    1203km
                    
                    行驶里程
                
                
                    9.5L
                    百公里油耗
                
                
                
                
                
                
                
                
                
                
                
                

                
                
                    24.00万
                    裸车购买价
                
                
                    2023-07
                    购买时间
                
                
                    金华
                    购买地点
                
            
            
    
    

    
        $(document).ready(function () {
            var koubeiid = 5060296;

        });

    


            
                最满意
                凯迪拉克GT4的外观真是让我相当满意，特别是那前脸大灯的泪眼造型，看起来真的很锐利。而且动力方面也不错，搭载了1.5T发动机，开起来非常舒适。它继承了美系车的优点，在驾驶时给人一种厚重感。隔音和底盘表现也非常出色，乘坐舒适度极高。另外就是空间方面了，车内空间十分宽敞，对于正常家庭使用或者市区通勤完全足够。后备箱空间也很大，可以轻松放下婴儿推车、滑板车、平衡车等物品。
            
            
                最不满意
                话说回来吧, 凯迪拉克GT4内饰确实非常漂亮啊！内饰在提车时显得格外干净整洁。但唯一遗憾之处就是这个内饰有些难打理啊！时间长了会变得有些破旧。
            

            

    空间
        
            
            
        
        4
    
    
    哇塞！这辆凯迪拉克GT4可真够宽敞啊！无论是正常家庭使用还是市区通勤，空间都完全够用。后备箱也非常大，可以轻松放下婴儿推车、滑板车、平衡车等物品。而且储物空间也很充足，基本上能满足日常需求。
    
    






                

    驾驶感受
        
            
            
        
        5
    
    
    说到动力，油门踩起来真的很轻盈啊！刹车稍微有点重一些，但超车绝对不在话下。除了起步时感觉有点笨重外，在行驶过程中基本上没有任何问题，没有顿挫感。只是换挡时需要适应一下怀挡的操作方式，有时候会找档杆找半天才反应过来是怀挡。
    
    






            

            




            

    油耗
        
            
            
        
        5
    
    
    关于油耗方面呢, 现在综合油耗为9.5L/100km左右。考虑到这辆车比较重，并搭载了1.5T发动机，我不知道它是否能摆脱美系汽车高油耗的称号。然而近年来通用集团在技术进步方面确实取得了长足进展，无论是发动机还是变速箱以及整个汽车系统，在降低油耗方面做出了巨大成就。希望未来能让更多车主认识到这一点。
    
    





            
            

    外观
        
            
            
        
        5
    
    
    说到外观，我最喜欢的是凯迪拉克GT4的45°侧脸，感觉非常威武有力。每个细节都彰显着品质，令人爱不释手。整体看起来非常时尚，前脸稍带厚重感。而且凯迪拉克GT4在细节上做得更加精致了，特别是那前脸大灯的泪眼造型，看起来真的很锐利。
    
    





            

    内饰
        
            
            
        
        5
    
    
    内饰方面呢, 用料还可以吧！豪华感十足，并且基本上所有接触到的地方都是软质材料。整体做工和品质也值得信赖。座椅就像标准美式大沙发一样柔软宽敞，坐下去舒适度绝对没问题。33英寸超大曲面屏幕给人满满科技感，并且既实用又具备科技含量。此外, GT4在隔音方面表现出色，在控制胎噪和路噪方面做得相当好。
    
    





            

    性价比
        
            
            
        
        5
    
    
    目前为止看来, 凯迪拉克GT4的性价比真是非常高！相较于同级别的精品车型，它确实要好很多。作为一个二线豪华品牌，凯迪拉克GT4在售后保养方面价格也算实惠。首次保养可在行驶5000公里时进行，并且第一次和第二次保养都是免费的，这点还挺有诚意。之后每7500公里进行一次基础保养，费用大约在1000元左右。总体来看，这个保养费用并不算高。
    
    





            
                

    配置
        
            
            
        
        5
    
    
    同级别车型中, 凯迪拉克GT4的配置也相当丰富。全系标配无钥匙进入和无钥匙启动功能，并且它独特的预警提醒方式令人印象深刻。其他车型通常使用指示灯来提醒紧急状态，而GT4则通过声音和座椅震动两种方式来提醒驾驶者注意紧急情况。这个功能已经多次帮我避开了险境，在此给它点赞！
    
    




            

            



        "
丹东车友6304745,2023-07-17 首次发表,"
            
                
                    1660km
                    
                    行驶里程
                
                
                
                
                
                
                
                
                
                
                
                
                

                
                
                    23.30万
                    裸车购买价
                
                
                    2023-06
                    购买时间
                
                
                    丹东
                    购买地点
                
            
            
    
    

    
        $(document).ready(function () {
            var koubeiid = 5056117;

        });

    


            
                最满意
                非常的好看，我还是很满意的，真的是让我感到相当的开心，我个人十分欣赏，储物空间也很充足。
            
            
                最不满意
                我个人感觉GT4优秀的地方还是特别多的，在驾驶体验方面，乘坐空间和操控等方面，因为在这个价位里面选择还是比较划算的。
            

            

    空间
        
            
            
        
        4
    
    
    开车的时候就不会觉得累，把前后排的座椅设计的很宽松，里面的空间可特别的丰富，车里的放东西地方都是非常隐蔽的，头顶上面还有一个拳头位置。
    
    






                

    驾驶感受
        
            
            
        
        5
    
    
    超车一点不吃力，动力给人的感觉就是挺足的，轻轻一踩就行，在市区和高速上都开着很顺利有力的，可以满足我的用车需求。
    
    






            

            




            

    油耗
        
            
            
        
        5
    
    
    油耗经济性真的很棒，所以大家不用担心油耗问题，这个车油耗这方面做的也不错，不会有太大的起浮。
    
    





            
            

    外观
        
            
            
        
        5
    
    
    辨识度高了很多，设计的人应该考虑周到，设计搭配很有美感，给人的印象非常深刻，远远看上去有种说不出来的气场。
    
    





            

    内饰
        
            
            
        
        5
    
    
    一些细节处理都很完美，开车起来比较手感比较好，实用性不错，这个车材料选择的真的不错。
    
    





            

    性价比
        
            
            
        
        5
    
    
    总体来说还算是可以的，车子的价格优惠还是可以的，之后的使用方面也没让人失望，可以支撑身体，在我心里这其实就是一辆很值得购买的好车。
    
    





            
                

    配置
        
            
            
        
        5
    
    
    适应之后还是很好开的，没有任何滞后现象，稳定性也是非常的棒，刹车的反应比较的快，过沟沟坎坎的也不算是太颠簸，对于手的放松，坐在开那些颠簸路段也不会觉得很颠簸，方向盘握着很得劲。
    
    




            

            



        "
深圳车友3977386,2023-07-10 首次发表,"
            
                
                    
                    暂无
                    行驶里程
                
                
                
                
                
                
                
                
                
                
                
                
                

                
                
                    22.47万
                    参考价格
                
                
                    2023-07
                    探店时间
                
                
                    深圳
                    探店地点
                
            
            
    
    

    
        $(document).ready(function () {
            var koubeiid = 5043789;

        });

    


            
                新车好评
                性价比高，车机系统很智能，用起来很方便。
            
            
                新车槽点
                总体没什么槽点，就是后排腿部空间稍微宅了一点。
            

            

    空间
        
            
            
        
        4
    
    
    后排高个子坐腿部空间可能会有点放不开，家里人都不是特别高的话就没问题。
    
    






                

    驾驶感受
        
            
            
        
        5
    
    
    油门非常灵敏，没有卡顿的感觉，方向盘也比较轻，转向半径也不大，是一款非常灵活的车。
    
    






            

            




            

    油耗
        
            
            
        
        5
    
    
    
    
    





            
            

    外观
        
            
            
        
        5
    
    
    这是一款SUV跟轿车的结合体，所以说看上去跟其他的车感觉不一样，非常的与众不同。
    
    





            

    内饰
        
            
            
        
        5
    
    
    内饰设计的很有科技感，中控屏幕超大，画面很清晰，使用感受不错。
    
    





            

    价格政策
        
            
            
        
        5
    
    
    新车刚上升就优惠3万，给的价格还是挺实惠的。
    
    





            
                

    配置
        
            
            
        
        5
    
    
    语音控制确实好用，一般开车都不用手操作，直接语音控制就行了。
    
    




            

            



        "
焦作车友9000240,2023-07-09 首次发表,"
            
                
                    1000km
                    
                    行驶里程
                
                
                
                
                
                
                
                
                
                
                
                
                

                
                
                    25.00万
                    裸车购买价
                
                
                    2023-06
                    购买时间
                
                
                    郑州
                    购买地点
                
            
            
    
        
            
        
        
            
        
    
    

    
        $(document).ready(function () {
            var koubeiid = 5043225;

        });

    


            
                最满意
                凯迪拉克这台SUV是新上市的GT4车型，外观好看，并且内饰的做工也很好，这台车是一台1.5t的发动机。
            
            
                最不满意
                空间稍微小了一些，别的没有什么特别的问题。
            

            

    空间
        
            
            
        
        4
    
    
    整车的乘坐空间稍微小了一点，这才是这台车的一个缺陷，就空间表现不是很充足。
    
    






                

    驾驶感受
        
            
            
        
        5
    
    
    动力感很足的，一台车提速的时候特别快。
    
    






            
                

    操控
        
            
            
        
        5
    
    
    这台车的操控性很好，方向盘比较轻，灵敏度很高，操控起来都是很灵活的。
    
    




            

            




            

    油耗
        
            
            
        
        5
    
    
    油耗还是很低的，在家用车领域算是比较省油的一台车。
    
    





            
                

    舒适性
        
            
            
        
        5
    
    
    舒适性还是挺好的，车子开起来也都很稳，非常舒服的一台车。
    
    




            
            

    外观
        
            
            
        
        5
    
    
    外观也都比较时尚大气，颜值也都非常高的一款车型。
    
    





            

    内饰
        
            
            
        
        5
    
    
    内饰的设计很豪华，很大气，非常的上档次的一款车。
    
    





            

    性价比
        
            
            
        
        5
    
    
    性价比很高的一台车，质量很靠谱，品质也非常好的一款车型。
    
    





            

            
                



            



        "
寇碗君,2023-07-07 首次发表,"
            
                
                    
                    暂无
                    行驶里程
                
                
                
                
                
                
                
                
                
                
                
                
                

                
                
                    29.00万
                    参考价格
                
                
                    2023-07
                    探店时间
                
                
                    湘潭
                    探店地点
                
            
            
    
        
            
        
    
    

    
        $(document).ready(function () {
            var koubeiid = 5039127;

        });

    


            
                新车好评
                我现在还没有属于白己的车，感觉这个GT4首先颜值我很喜欢，怎么说呢，凯迪拉克的车，外观总是没有让人失望过。
            
            
                新车槽点
                我还没有发现什么缺点，就是希望再优惠点。
这样就可以考虑手了。
            

            

    空间
        
            
            
        
        5
    
    
    这个车空间不是特别的大，但是够用，后排凸
起不是很完美。能放小东西的地方挺多的。
    
    
    
    
    


    






                

    驾驶感受
        
            
            
        
        5
    
    
    油门加速还是可以的，动力强劲。包括变道超车，都很轻松。
    
    
    
    
    


    






            

            




            

    油耗
        
            
            
        
        5
    
    
    店里跟我说是综合油耗7个油，我感觉后期用车
估计是8个油，大概应该就是这个样子。
    
    





            
            

    外观
        
            
            
        
        5
    
    
    大灯的这个设计，打开的时候，像闪电一样的灯语，就像是会说话的凯迪拉克。
    
    
    
    
    


    





            

    内饰
        
            
            
        
        5
    
    
    座椅坐上很舒服，坐上去，不想起来了。配上那个什么AKG音响，我是中午去的，可能有点困吧，坐在上面真的不想下来。
    
    





            

    价格政策
        
            
            
        
        5
    
    
    现在大概可以优惠两万，另外置换的话，也有一万起步的补贴，但是，我也老车置换，所以这个感觉有些悬。
    
    





            
                

    配置
        
            
            
        
        5
    
    
    33英寸大连屏是凯迪拉克这次更新最大的亮点，而且这个分辨率也是绝了，没有一丝的廉价感。准备等十一入手。
    
    
    
    
    


    




            

            



        "
打面啊,2023-07-06 首次发表,"
            
                
                    928km
                    
                    行驶里程
                
                
                    11.1L
                    百公里油耗
                
                
                
                
                
                
                
                
                
                
                
                

                
                
                    27.10万
                    裸车购买价
                
                
                    2023-06
                    购买时间
                
                
                    宁波
                    购买地点
                
            
            
    
    

    
        $(document).ready(function () {
            var koubeiid = 5038831;

        });

    


            
                最满意
                好看的皮囊千篇一律，有趣的GT4万里挑一，要说最满意的一点嘛，应该就是他的外观了吧，传统美系车的硬汉风，虽然定义是紧凑型的SUV，从前面看，车身设计线条很饱满，给人就是抬头挺胸的感觉，看上去就很舒服。整个车身设计线条也很分明，完全符合我对审美的一个需求了。
            
            
                最不满意
                最不满意，可能是对于别人来说，后排空间有点小了，但对于我来说，后排的用处不大，本来不选择g14的话，我也应只会买个两门的小汽车，平常主要是接送孩子放学，小孩年龄大了，不能做电瓶车了，所以买来代个步，对后排要求不大。
            

            

    空间
        
            
            
        
        4
    
    
    前面的两个空间无容置疑，绝对够用，但是后排的空问会略显拥挤，不过问题不大，对于我而言，家里还有一辆MPV，平日一家人出游用到我这辆车的日子屈指可数。
    
    






                

    驾驶感受
        
            
            
        
        5
    
    
    虽然是1.ST的配置，但动力完全够用，比起237匹马力的2.0T发动机，实际没差多少，起步给力，开起来灵动轻巧，特别拥挤的小路，停车很容易。
    
    






            

            




            

    油耗
        
            
            
        
        5
    
    
    48v轻混系统，完美摘掉油老虎的帽子了吧。因为是新车，油耗还在11左右，等过了磨合期，我觉得应该能下10，看好你哦！
    
    





            
            

    外观
        
            
            
        
        5
    
    
    入手没多久，以前也没开过美系车。看着外观很有传统美系车的特点，棱角分明，线条也很明品，车身的设计还是延续凯迪拉克传统的钻石切割技术，看上去很家族式的一员啦。
    
    





            

    内饰
        
            
            
        
        5
    
    
    和以前的老款车子比起来，现在新内饰高级了不少，和那辆最贵的电车一样，都是大连屏。
    
    





            

    性价比
        
            
            
        
        5
    
    
    超高的性价比也是我选择它的重要原因之一，虽然是新上市的车型，价格优惠力度不是很大，但是这个价格想要买一辆豪华品牌的车子，它的配置在同级里面还是比较丰富了，全景大天窗，视野好的不得了。
    
    





            
                

    配置
        
            
            
        
        5
    
    
    不后悔，买它就对了！空调制冷很迅速，还有无线carplay。
    
    




            

            



        "
郑州车友0346819,2023-07-06 首次发表,"
            
                
                    1350km
                    
                    行驶里程
                
                
                
                
                
                
                
                
                
                
                
                
                

                
                
                    29.50万
                    裸车购买价
                
                
                    2023-06
                    购买时间
                
                
                    郑州
                    购买地点
                
            
            
    
    

    
        $(document).ready(function () {
            var koubeiid = 5038318;

        });

    


            
                最满意
                凯迪拉克的新车型，外观非常的豪华，也比较年轻的一台车设计的还是挺精致的，非常大气。
            
            
                最不满意
                有没有发现什么特别大的问题，就是它的空间感觉稍微小了一些
            

            

    空间
        
            
            
        
        4
    
    
    这台车的乘坐空间还是挺不错的，就是后排的空间稍微有点小。
    
    






                

    驾驶感受
        
            
            
        
        5
    
    
    动力还是挺足的，提速也非常快的一款车。
    
    






            
                

    操控
        
            
            
        
        5
    
    
    这台车的操控性也很好，方向盘也比较轻，很灵活的一台车型。
    
    




            

            




            

    油耗
        
            
            
        
        5
    
    
    油耗和官方的油耗相差不大，非常的省油。
    
    





            
                

    舒适性
        
            
            
        
        5
    
    
    这台车的舒适性还是挺不错的，悬挂很软，并且车子开起来也都比较给力。
    
    




            
            

    外观
        
            
            
        
        5
    
    
    外观很时尚，很大气的一台车，颜值也很高的一款车型。
    
    





            

    内饰
        
            
            
        
        5
    
    
    内饰的设计比较豪华大气，运动感非常强。
    
    





            

    性价比
        
            
            
        
        5
    
    
    性价比特别高，作为一台家用车，它的保值率还是非常优秀的。
    
    





            

            
                



            



        "
jr醉伊renw8,2023-07-04 首次发表,"
            
                
                    650km
                    
                    行驶里程
                
                
                
                
                
                
                
                
                
                
                
                
                

                
                
                    27.50万
                    裸车购买价
                
                
                    2023-06
                    购买时间
                
                
                    广州
                    购买地点
                
            
            
    
    

    
        $(document).ready(function () {
            var koubeiid = 5035353;

        });

    


            
                最满意
                凯迪拉克这台全新上市的车型，外观比较时尚，特别是整个车身的设计精致大气，颜值很高的台车设计比较给力的一款车型，也是比较大气好看的一台车。
            
            
                最不满意
                新车用车时间不是很长，所以目前还没发现什么特别的问题。
            

            

    空间
        
            
            
        
        5
    
    
    空间很宽敞，整体的使用空间也比较大，整车的空间表现还是非常满意的。
    
    






                

    驾驶感受
        
            
            
        
        5
    
    
    动力感很足，的台车型提速也很快，动力性能的表现也很好，整体的性能的表现还算是很优秀的。
    
    






            
                

    操控
        
            
            
        
        5
    
    
    这台车的操控性也很好，方向盘比较轻，操控起来灵敏度也很高，整体的操控性还是非常满意，很值得入手。
    
    




            

            




            

    油耗
        
            
            
        
        5
    
    
    油耗同官方的油耗差距不大，这台车的油耗特别低，很省油，很实用的一台车。
    
    





            
                

    舒适性
        
            
            
        
        5
    
    
    舒适性也挺好的，开起来很稳，并且它的悬挂也挺软的。
    
    




            
            

    外观
        
            
            
        
        5
    
    
    外观时尚精致大气，车的设计非常漂亮。
    
    





            

    内饰
        
            
            
        
        5
    
    
    这台车的内饰还是比较上档次的，比较年轻，比较时尚的一台车。
    
    





            

    性价比
        
            
            
        
        5
    
    
    性价比非常高，作为家用车保值率是杠杠的，性能很靠谱。
    
    





            

            
                



            



        "
福州车友3105543,2023-06-20 首次发表,"
            
                
                    500km
                    
                    行驶里程
                
                
                    8.6L
                    百公里油耗
                
                
                
                
                
                
                
                
                
                
                
                

                
                
                    30.97万
                    裸车购买价
                
                
                    2023-06
                    购买时间
                
                
                    福州
                    购买地点
                
            
            
    
    

    
        $(document).ready(function () {
            var koubeiid = 5018250;

        });

    


            
                最满意
                外观真的没得说，颜值完全长在了我的审美上，真的很爱。
            
            
                最不满意
                操控时的刹车制动脚感不是我喜欢的，偏硬了些。
            

            

    空间
        
            
            
        
        5
    
    
    前后排乘坐宽敞舒适，还有不少放小东西的储物格。
    
    






                

    驾驶感受
        
            
            
        
        4
    
    
    动力响应迅速，加速性能出色，方向盘虚位小，刹车踩着费些力。
    
    






            

            




            

    油耗
        
            
            
        
        5
    
    
    百公里实际平均油耗8.5L，用车成本不算高，挺经济的。
    
    





            
            

    外观
        
            
            
        
        5
    
    
    外观时尚动感，老远一看就知道是凯迪拉克 挺有辨识度
    
    





            

    内饰
        
            
            
        
        5
    
    
    内饰做工质感挺好，挺有豪华档次感，中控屏也蛮科技智能。
    
    





            

    性价比
        
            
            
        
        5
    
    
    性价比真的算高了，动力配置、颜值以及内饰都挺出色。
    
    





            
                

    配置
        
            
            
        
        5
    
    
    基本的配置是很齐备的，而智能化的配置对我帮助也很大。
    
    




            

            



        "
