字段1_文本,字段3
TRANSFORMER变形女,"
        2023-08-12 首次发表
        
            
                
                    12051km
                    
                    行驶里程
                
                
                
                
                
                
                    13.9kWh
                    夏季电耗
                
                
                
                
                
                
                    440公里
                    夏季续航
                
                
                

                
                
                    16.50万
                    裸车购买价
                
                
                    2022-09
                    购买时间
                
                
                    杭州
                    购买地点
                
            
            
    
        
            
        
        
            
        
        
            
        
        
            
        
        
            
        
        
            
        
        
            
        
    
    

    
        $(document).ready(function () {
            var koubeiid = 5097698;

        });

    


            
                最满意
                经济性高，纯电动SUV，配置高，代步成本低。这是我对本田e：NS1最满意的地方。作为一款纯电动SUV，在经济性方面，本田e：NS1具有出色的表现。
            
            
                最不满意
                我最不满意的地方是本田e：NS1的续航能力，受到季节和温度因素的影响较大，有时在寒冷的冬天，续航里程会有所减少，这给我的使用带来了一些不便，希望在未来的改进中，能够解决这一问题，提升续航性能。
            

            

    空间
        
            
            
        
        5
    
    
    车内空间是本田e：NS1的一个亮点。作为一款小型SUV，它的空间非常宽敞，能够满足一家五口的需求。无论是长途旅行还是日常代步，都能享受到宽敞舒适的乘坐体验。
    
    






                

    驾驶感受
        
            
            
        
        5
    
    
    驾驶本田e：NS1的感受非常好。它的提速非常快，加速时的动力输出十分迅猛，给人一种非常流畅的驾驶感受。车内也非常安静舒适，乘坐体验很好。
    
    






            

            




            

    续航
        
            
            
        
        4
    
    
    本田e：NS1表现出色，续航400多公里的里程，电耗低，代步经济性高。无论是市区通勤还是长途出行，都能够有效降低出行成本。
    
    





            
            

    外观
        
            
            
        
        5
    
    
    本田e：NS1的外观设计很出色，个性鲜明，充满科技感。无论是流线型的车身还是精致的细节处理，都能够吸引年轻人的眼球，符合年轻人的审美品味。
    
    





            

    内饰
        
            
            
        
        5
    
    
    内饰设计也是本田e：NS1的一大亮点。简约清爽的设计风格，给人一种舒适的触感。科技感十足的中控面板和智能化的操作系统，让人用起来非常方便快捷。
    
    





            

    性价比
        
            
            
        
        3
    
    
    本田e：NS1的性价比非常高。价格合适，电耗低，经济性高，是一款非常实惠的选择。无论是购买还是使用成本，都具有较高的性价比。总的来说，本田e：NS1作为一款纯电动SUV，在经济性、空间、驾驶感受、油耗，以及外观、内饰、性价比和配置方面都表现出色。尽管存在续航能力受季节温度影响的问题，但总体来说，它是一款非常值得购买的车型。无论是作为代步工具还是家庭出行，都能够满足我的需求。
    
    





            
                

    智能化
        
            
            
        
        5
    
    
    车辆智能化配置方面，本田e：NS1的表现也十分出色。倒车影像、驻车雷达、15.1英寸中控大屏等高配置，使驾驶者能够获得更加科技感的驾驶体验。这些配置不仅提升了驾驶的安全性和便利性，也增加了整车的科技感。
    
    




            

            



        

        



        
    
    
    "
zhiyou11,"
        2023-08-09 首次发表
        
            
                
                    2030km
                    
                    行驶里程
                
                
                
                
                
                
                    15.0kWh
                    夏季电耗
                
                
                
                
                
                
                    400公里
                    夏季续航
                
                
                

                
                
                    20.70万
                    裸车购买价
                
                
                    2023-05
                    购买时间
                
                
                    上海
                    购买地点
                
            
            
    
        
            
        
        
            
        
        
            
        
        
            
        
        
            
        
        
            
        
        
            
        
    
    

    
        $(document).ready(function () {
            var koubeiid = 5093431;

        });

    


            
                最满意
                我最满意的部分是本田e：NS1的高档舒适性，它给人一种豪华感受。从座椅的材质到内饰的设计，都展现了制造商的用心。此外，本田e：NS1也拥有不限号的特点，对于城市通行限制的人来说，使用方便。而且，用车成本相对较低，不仅省去了购置税的费用，也减少了维修保养的支出。
            
            
                最不满意
                我最不满意的部分就是它的性价比不高。虽然本田e：NS1在外观和舒适性方面表现出色，但价格相对较高，对于普通消费者来说可能会有些负担。另外，后排座位偏小，不太适合长时间的乘坐。此外，它的电耗也比较高，长途行驶时需要考虑充电问题。
            

            

    空间
        
            
            
        
        4
    
    
    本田e：NS1的车内空间相当不错，前排都足够宽敞，完全适应日常家庭出行的需求。无论是购物还是出行，都有足够的空间来容纳物品。而且，放置出差用的行李箱的空间也是非常方便的。
    
    






                

    驾驶感受
        
            
            
        
        5
    
    
    驾驶本田e：NS1的感受非常舒适，不仅隔音材料用的很好，还具有良好的隔音效果。无论是在市区还是高速公路上，车辆的行驶稳定性都非常好，加速也非常迅猛，让人感到很有安全感。
    
    






            

            




            

    续航
        
            
            
        
        4
    
    
    在油耗方面，本田e：NS1的续航能力非常稳定。根据我的使用经验，一次充满电可以行驶400多公里，完全没有压力。这对于长途旅行或者日常通勤都非常方便，不需要频繁充电。
    
    





            
            

    外观
        
            
            
        
        5
    
    
    外观方面，本田e：NS1具有时尚的外观设计，给人一种很大的吸引力。动感的线条和流畅的轮廓，使它在路上非常显眼。无论是停放在街边还是在高速行驶，它都能吸引不少眼球。
    
    





            

    内饰
        
            
            
        
        5
    
    
    内饰方面，本田e：NS1的档次感非常高，时尚豪华。座椅的材质和舒适度让人感到很满意，整个车内的设计也显示出制造商对细节的精心关注。无论是长途旅行还是日常代步，都能让人感到舒适。
    
    





            

    性价比
        
            
            
        
        4
    
    
    就性价比而言，本田e：NS1相对来说还是不错的。虽然价格较高，但它的配置相当丰富，提供了许多高端的驾驶辅助功能。这些功能不仅提升了驾驶的安全性，也增加了驾驶的乐趣。
    
    





            
                

    智能化
        
            
            
        
        5
    
    
    本田e：NS1的配置非常豪华，几乎包含了所有必要的驾驶辅助功能。倒车影像系统、自适应巡航控制、驾驶辅助功能以及AR实景导航系统都是非常实用的功能。它们大大提升了驾驶的便利性和安全性，让驾驶变得更加轻松和舒适。
    
    




            

            



        

        



        
    
    
    "
笑啥呢我秦,"
        2023-08-09 首次发表
        
            
                
                    1590km
                    
                    行驶里程
                
                
                
                
                
                
                    15.0kWh
                    夏季电耗
                
                
                
                
                
                
                    400公里
                    夏季续航
                
                
                

                
                
                    20.70万
                    裸车购买价
                
                
                    2023-06
                    购买时间
                
                
                    杭州
                    购买地点
                
            
            
    
        
            
        
        
            
        
        
            
        
        
            
        
        
            
        
        
            
        
        
            
        
        
            
        
    
    

    
        $(document).ready(function () {
            var koubeiid = 5093374;

        });

    


            
                最满意
                我最满意的部分是e：NS1的配置全面，材质用料给力，价格优惠力度大。这款车拥有丰富的配置，包括座椅加热、倒车雷达、导航系统等功能。而且所使用的材料都很好，给人一种高级感。而且最吸引人的是它的价格优惠力度大，对购车者来说非常实惠。
            
            
                最不满意
                我最不满意的地方是它的空间小，储物空间也很少。这款车的空间设计较小，特别是后排的乘坐空间，对于身材稍微高一点的乘客来说稍显拥挤。另外，它的储物空间也很有限，无法满足我对于物品储存的需求。此外，它的续航也不稳定，容易受到温度影响，这对于长途驾驶来说是一个问题。加上价格相对较高，这些问题都让我感到有些失望。
            

            

    空间
        
            
            
        
        4
    
    
    车内空间偏小，储物空间也少。尽管前排座椅的空间相对还可以接受，但是后排的乘坐空间就显得相对较小了。身高稍高的乘客坐在后排可能会有些不太舒适。至于储物空间，无论是中央扶手箱还是车门储物格，都相对较小，无法提供充足的空间供我们储存物品。
    
    






                

    驾驶感受
        
            
            
        
        5
    
    
    驾驶这款车的感受非常舒适，尤其是在城市道路上。它的提速非常快，加速迅猛，可以轻松应对市区交通情况。另外，车内的隔音效果也非常好，外界的噪音几乎听不到，给人一种宁静舒适的感觉。
    
    






            

            




            

    续航
        
            
            
        
        4
    
    
    这款车的电耗较低，但是续航不稳定是一个问题。尤其是在低温的情况下，续航里程会明显受到影响。这对于长途驾驶来说可能会带来些许不便。
    
    





            
            

    外观
        
            
            
        
        5
    
    
    外观方面，e：NS1的设计时尚有个性，符合年轻人的审美定位。它采用了一些流线型的元素，给人一种动感与时尚的感觉。而且车身的线条设计相对简洁大气，给人一种很好的视觉效果。
    
    





            

    内饰
        
            
            
        
        5
    
    
    内饰方面，e：NS1的内饰设计豪华，材质用料很好，触感舒适。座椅舒适度很高，可以给乘客带来良好的乘坐体验。另外，它所采用的材料非常高级，触感细腻舒适，也给人一种高级感。
    
    





            

    性价比
        
            
            
        
        4
    
    
    性价比方面，e：NS1的性价比一般。尽管拥有丰富的配置和豪华的内饰，但是价格较高，且优惠力度较少。相较于同级别的竞争对手，它的价格不算太具竞争力。
    
    





            
                

    智能化
        
            
            
        
        5
    
    
    车的配置非常豪华，安全和驾驶辅助功能比较全面，让人使用起来更加省心。它拥有多个主动安全系统，如车道保持辅助系统、自动紧急制动系统等，有效提高了行车安全性。此外，它还配备了倒车雷达、倒车影像等功能，提供了更好的驾驶辅助。总之，车的配置非常全面，能够满足大部分消费者的需求。
    
    




            

            



        

        



        
    
    
    "
只有链接,"
        2023-07-19 首次发表
        
            
                
                    2058km
                    
                    行驶里程
                
                
                
                
                
                
                    16.0kWh
                    夏季电耗
                
                
                
                
                
                
                    380公里
                    夏季续航
                
                
                

                
                
                    18.90万
                    裸车购买价
                
                
                    2023-05
                    购买时间
                
                
                    广州
                    购买地点
                
            
            
    
        
            
        
        
            
        
        
            
        
        
            
        
        
            
        
        
            
        
        
            
        
    
    

    
        $(document).ready(function () {
            var koubeiid = 5060207;

        });

    


            
                最满意
                作为一款纯电动车，ens1的纯电续航能力令我非常满意。根据我的实际使用情况，每次充电后，车辆能够行驶约380公里，这对于我来说已经足够满足日常通勤和短途出行的需求了。而且，ens1还配备了智能的能量回收系统，可以在行驶过程中将部分制动能量转化为电能储存起来，进一步延长续航里程，让我更加省心。
            
            
                最不满意
                然而，ens1的空间表现却是我使用过的电动车中最不满意的一点，2610mm的轴距稍微有点短，作为一个小家庭，我希望车内的空间能够更宽敞一些，方便携带一些行李和购物物品。
            

            

    空间
        
            
            
        
        4
    
    
    ens1的空间表现却是我使用过的电动车中最不满意的一点，2610mm的轴距稍微有点短，作为一个小家庭，我希望车内的空间能够更宽敞一些，方便携带一些行李和购物物品。
    
    






                

    驾驶感受
        
            
            
        
        5
    
    
    在驾驶方面，ens1给我留下了良好的印象。它的悬挂系统经过精心调教，底盘的稳定性非常出色，无论是在高速上还是在城市道路中行驶，车辆都能够保持良好的平顺性。此外，ens1采用了电动助力转向系统，让转向更为轻盈灵活，让我能够更好地驾驭车辆，驾驶体验非常不错。
    
    






            

            




            

    续航
        
            
            
        
        5
    
    
    ens1的电池系统具有很好的充电性能，让我在使用过程中的充电体验非常顺畅便利。我家附近有多个充电桩，而且ens1还支持快充功能，只需短短几十分钟，电池就能够充满，不会给我的出行计划带来太多的耽搁。此外，ens1还支持家用充电器，每晚将车辆插入家中的充电桩，第二天早上就能够享受到足够的电量，非常便捷。
    
    





            
            

    外观
        
            
            
        
        5
    
    
    ens1的外观设计非常简约时尚，线条流畅且富有力量感，给人一种高档感。整体外观设计让ens1在路上显得非常独特，让我在驾驶时倍感自信。
    
    





            

    内饰
        
            
            
        
        4
    
    
    ens1的内饰设计简洁大方，注重实用性和舒适性。中控台采用了大尺寸液晶显示屏，显示效果清晰明了，功能操作简单直观。座椅采用了舒适的材质和人体工学设计，让乘坐者在长时间的行驶中也能够享受到良好的乘坐体验。整体内饰的质感和细节处理都非常出色，给我留下了深刻的印象。
    
    





            

    性价比
        
            
            
        
        4
    
    
    从整体来看，ens1的性价比一般，主要是价格相对较高，但ens1的各方面性能和配置都能够达到预期的水平。电池续航能力强，充电便利，驾驶感受良好，外观内饰设计精致实用，这些都让我对ens1的性价比非常满意。
    
    





            
                

    智能化
        
            
            
        
        5
    
    
    ens1的配置也是一大亮点，值得一提的是它的智能科技方面。车辆配备了倒车影像、2个毫米波雷达，4个超声波雷达等功能，提供了极大的便利性和安全性。此外，ens1还支持蓝牙连接和语音控制系统，方便我随时与手机通讯，进行音乐播放或导航操作，让我在安全驾驶的同时还能够享受科技带来的乐趣。
    
    




            

            



        

        



        
    
    
    "
做业绩就好,"
        2023-07-15 首次发表
        
            
                
                    1044km
                    
                    行驶里程
                
                
                
                
                
                
                    16.0kWh
                    夏季电耗
                
                
                
                
                
                
                    400公里
                    夏季续航
                
                
                

                
                
                    20.70万
                    裸车购买价
                
                
                    2023-05
                    购买时间
                
                
                    抚州
                    购买地点
                
            
            
    
        
            
        
        
            
        
        
            
        
        
            
        
        
            
        
        
            
        
        
            
        
    
    

    
        $(document).ready(function () {
            var koubeiid = 5052552;

        });

    


            
                最满意
                作为一辆纯电动车，ens1在续航方面给我留下了极为深刻的印象。经过多次长途驾驶，我发现这辆车的电池性能非常出色，续航里程能够轻松超过400公里。即便是在高速行驶时，充满电的情况下，ens1依然可以稳定行驶。
            
            
                最不满意
                虽然ens1在续航方面表现出色，但是我对其空间感受并不是很满意。作为一款小型SUV电动车，ens1在车内空间上显得有些局促。后排乘客的腿部空间相对较小，坐在后排的朋友们可能会感到不太舒适。而且后备箱的容量也不够大，无法满足一些大型行李的需求。
            

            

    空间
        
            
            
        
        4
    
    
    空间方面确实不咋给力，毕竟是小型SUV，轴距也不长，这点还是不满意的。
    
    






                

    驾驶感受
        
            
            
        
        5
    
    
    在驾驶ens1的过程中，我感受到了一种平稳舒适的驾驶体验。纯电动车的特性使得ens1在启动时表现得非常迅猛，给人一种轻快的感觉。而且车身稳定性很好，不论是在直线行驶还是在弯道上，ens1都能给我带来安心的驾驶感受。此外，ens1的悬挂系统调校得相当不错，行驶过程中对路面的过滤能力也很出色，路感十分细腻。
    
    






            

            




            

    续航
        
            
            
        
        5
    
    
    纯电动车的核心优势就在于其纯电续航能力。ens1在这方面表现得非常稳定可靠，充满电的情况下能够行驶400公里以上。而且充电也非常便捷，市区内有很多公共充电桩，对于经常需要长途驾驶的我来说，这种纯电续航能力是非常重要的。
    
    





            
            

    外观
        
            
            
        
        5
    
    
    ens1的外观设计简洁时尚，给人一种现代感十足的感觉。整车线条流畅，车身轮廓紧凑，给人一种动感十足的视觉冲击。此外，ens1还配备了LED大灯，提升了车辆的整体观感。总的来说，ens1的外观设计非常符合年轻人的审美需求。
    
    





            

    内饰
        
            
            
        
        4
    
    
    ens1的内饰设计非常简洁实用，整体风格简约大气。中控台位置合理，操作起来非常方便。而且蓝牙、导航等多媒体功能一应俱全，满足了我的日常用车需求。虽然内饰用料有些简单，但是考虑到ens1的定位和价格，这样的内饰配置已经足够了。
    
    





            

    性价比
        
            
            
        
        4
    
    
    从价格上来看，ens1的定价一般吧，对于想要购买纯电动车的消费者来说，价格反正也不便宜。不过ens1在续航、驾驶体验、车内配置等方面也给予了我很大的满意度。
    
    





            
                

    智能化
        
            
            
        
        5
    
    
    ens1在配置方面也给我留下了深刻印象。车辆配备了蓝牙、L2级别辅助驾驶、倒车雷达等实用功能，并且操作便捷，给我的日常用车带来了很多便利。同时，ens1还配备了车载空气净化器，为车内提供了更好的空气环境。总的来说，ens1的配置非常丰富，满足了各种日常用车需求。
    
    




            

            



        

        



        
    
    
    "
复古花纹sad,"
        2023-06-25 首次发表
        
            
                
                    6150km
                    
                    行驶里程
                
                
                
                
                
                
                    18.6kWh
                    夏季电耗
                
                
                
                
                
                
                    450公里
                    夏季续航
                
                
                

                
                
                    18.50万
                    裸车购买价
                
                
                    2023-01
                    购买时间
                
                
                    南京
                    购买地点
                
            
            
    
        
            
        
        
            
        
        
            
        
        
            
        
        
            
        
        
            
        
        
            
        
        
            
        
    
    

    
        $(document).ready(function () {
            var koubeiid = 5025873;

        });

    


            
                最满意
                人生在世，来也匆匆，去也匆匆，所以就想趁着在有限的时间里开着我的新车ens1出去旅行，说实话，这辆车子已经跑了有6000多公里了，我还是比较喜欢它的动力，做为一台纯电SUV，提速的时候还是比较快的，而且车子它的这个内部的空间也是很充足，我可以带很多的行李物品放在后备箱上，所以对于我而言，最喜欢的就是车子的动力和空间。
            
            
                最不满意
                车子虽然说优点是比较多，但是并不说明它全是优点，像我这辆车子它的异味就一直没有消散，从一月份买回来到现在的话，这异味还在。
            

            

    空间
        
            
            
        
        5
    
    
    不得不说，虽说是小型SUV，但是这辆车子它的空间设计的还是真的宽敞，坐在上面的时候都感觉很舒适，而且车子它的后备箱设计的也是挺大的，反正旅行的话是足够使用的。
    
    






                

    驾驶感受
        
            
            
        
        4
    
    
    我喜欢车子它的动力，在各种路况上面跑都是很轻松的，而且车子它的这个隔音效果也很好，跑高速的时候，只是车速开到100迈的话，它的胎噪声还是比较明显的。
    
    






            

            




            

    续航
        
            
            
        
        5
    
    
    喜欢车子的续航表显，虽然说我每次上车都会把空调打开，而且驾驶习惯也不是很好，但是它的这个综合电耗不高，也就是18.6，续航可以达到450这样子，对于像我这样没有长途需求的普通老百姓来说的话还是比较友好的。
    
    





            
            

    外观
        
            
            
        
        5
    
    
    我这台车子它的外观设计的还是比较好看的，整体来看的话也是比较有商务感，同时车子它的这个做工也很扎实，还有它的这个大灯也是比较亮眼的，看起来就炯炯有神，还有LED日间行车灯。
    
    





            

    内饰
        
            
            
        
        4
    
    
    车子的内饰设计的还是比较高档的，只不过车子从买回来到现在异味还在。
    
    





            

    性价比
        
            
            
        
        4
    
    
    无论是从价钱方面来说，还是从车子的性能方面来说，我觉得这辆车子它都是有优势的，毕竟性价比还是很高，而且这辆车子当时买的时候还赠送了很多礼品，而且当时买车的时候优惠力度确实很大，不过保值率好像不太高，我看二手车网站价格下降的就有点厉害了，这也是算是一个小缺点吧。
    
    





            
                

    智能化
        
            
            
        
        5
    
    
    配置还算是比较丰富的了，我的话还是比较喜欢车子它的倒车影像，因为停车的时候还是挺方便的，而且我这辆车子它还有主动刹车功能，开车的时候很安全的，除此之外，车子的疲劳驾驶提示也是比较实用的。对了，我也很喜欢车子它有三种驾驶模式可以切换，平时的话用的比较多的还是车子的普通模式，开高速的时候可以用经济模式，省电很多。
    
    




            

            



        

        



        
    
    
    "
默默付出不求回报,"
        2023-06-08 首次发表
        
            
                
                    687km
                    
                    行驶里程
                
                
                
                
                
                
                    14.5kWh
                    夏季电耗
                
                
                
                
                
                
                    400公里
                    夏季续航
                
                
                

                
                
                    20.70万
                    裸车购买价
                
                
                    2023-05
                    购买时间
                
                
                    鹰潭
                    购买地点
                
            
            
    
        
            
        
        
            
        
        
            
        
        
            
        
        
            
        
        
            
        
        
            
        
        
            
        
    
    

    
        $(document).ready(function () {
            var koubeiid = 4999914;

        });

    


            
                最满意
                它的外观是我很欣赏的，视觉效果挺出众的，在同级里颜值很抗打，我第一眼就喜欢了，大气但不夸张，车身线条很流线，不显笨重，真的是很好看的造型，而动力方面实际体验下也很赞，起步、加速确实很猛，跑的时候一点那种迟钝的感觉都感受不到，很充沛有劲，超车更是轻轻松松的完成。
            
            
                最不满意
                车内的储物空间一般，储物格数量有些少，我很多的随身物品感觉都没啥地方放置，需要再优化一下就更了。
            

            

    空间
        
            
            
        
        4
    
    
    乘坐起来空间感挺宽敞舒适的，前排空间很不错，身体可以随意活动，我这样个子高的人坐上去头部也没有压抑感，而后排坐三个人更不成问题，家里人也反应说坐着很得劲儿，后备箱的容量也足够满足我日常出行需求，唯一遗憾的就是车内的储物格数量不多，放不下太多的随身物品。
    
    






                

    驾驶感受
        
            
            
        
        5
    
    
    动力很好，输出线性，提速非常快，电门很灵敏，起步的时候推背感挺明显的，面对超车时的爆发力也很强，另外上手操控感受也不错，方向盘很紧实，转向轻盈，虚位也没有，观察视线也很好，基本上没有什么盲区，而且有很多辅助驾驶功能配置，让我这样的新手开起来会很放松也有安全感。
    
    






            

            




            

    续航
        
            
            
        
        5
    
    
    我一般都是在市区里用车，而它相比普通汽油车真是省钱太多了，续航数据是我能接受的，即使遇到堵车也照样很稳定，另外我家里有充电桩、充电方便的话，充电速度也挺快的，总之开着以点不觉得有啥焦虑的。
    
    





            
            

    外观
        
            
            
        
        5
    
    
    外观足够吸睛了，造型大胆前卫很是个性，第一次见到它时真的有一种一见钟情的感觉，尤其前脸视觉效果相当不错，是很潮流的设计理想，搭配的车灯更是独特而又有科技感，而简洁、流畅的车身线条，更展现了车身的高端大气，车尾部分则更为动感，另外值得一提的就是做工部分，足够精致，车漆看起来更是质感杠杠滴，也透露着高级感。
    
    





            

    内饰
        
            
            
        
        4
    
    
    打开车门是感觉内饰真的很令人惊艳，设计风格很时尚新颖，但没有多余的花哨东西，做工用料足够讲究，座椅足够舒适，宽大的椅型，柔软的坐垫以及腰靠，带来了很棒的包裹感和承托性，而车内的科技感也很强，15.1英寸的大尺寸中控屏，扑面而来的就是高级感，屏幕操作起来也很灵敏，显色足够清晰，功能也很丰富。
    
    





            

    性价比
        
            
            
        
        4
    
    
    总的来说，性价比还是够高的，值得入手，本田的口碑还是可以的，我这段时间开下来性能还算稳定，质量方面也没出什么问题，再加上潮流时尚的外观造型，吸睛力很强，内饰更丰富高级，配置方面也一点不吝啬，更重要是动力性能出色的同时，后期电耗是很很经济节省的，所以选择它真的不亏。
    
    





            
                

    智能化
        
            
            
        
        5
    
    
    配置足够给力，在提供疲劳驾驶提示、道路交通标识识别、全速自适应巡航、倒车影像等常规配置的基础上，还能提供无钥匙启动系统、远程启动功能，还支持语音识别控制，可以通过指令来控制多媒体系统、导航、电话、空调等等。
    
    




            

            



        

        



        
    
    
    "
丰年兆瑞雪,"
        2023-06-08 首次发表
        
            
                
                    673km
                    
                    行驶里程
                
                
                
                
                
                
                    14.0kWh
                    夏季电耗
                
                
                
                
                
                
                    400公里
                    夏季续航
                
                
                

                
                
                    20.70万
                    裸车购买价
                
                
                    2023-05
                    购买时间
                
                
                    成都
                    购买地点
                
            
            
    
        
            
        
        
            
        
        
            
        
        
            
        
        
            
        
        
            
        
        
            
        
        
            
        
    
    

    
        $(document).ready(function () {
            var koubeiid = 4999846;

        });

    


            
                最满意
                买e：NS1首要原因是因为限号、用车成本等等的原因限制住了，其次就是车子的内饰材质用料很好，在享受舒适乘坐体验感受的同时还隔绝了车外绝大多数噪音，在车内可以享受到极致静谧的环境，另外动力也没有燃油发动机那种起步拖沓的感觉，基本上就是一踩就很流畅很顺滑，通过试驾了解下来配置也满足我的需求，价格优惠幅度大，减轻了我的生活成本压力。
            
            
                最不满意
                我对这台不满意的就是空间，定位是属于小型SUV，在空间上的表现我觉得是那种中规中矩的水平，前排调整好座椅之后还好，不会觉得有那种局促拥挤的感觉，后排的话我就感觉不太给力了，基本上就是一拳多点点的距离，还是觉得比较局促，如果遇上那种体型比较宽大胖一点的人的话就不太友好了。
            

            

    空间
        
            
            
        
        4
    
    
    e：NS1本田e：NS1的空间不太满意，定位属于小型SUV，在空间上的表现我觉得是那种中规中矩的水平，前排调整好座椅之后还好，不会觉得有那种局促拥挤的感觉，后排的话我就感觉不太给力了，基本上就是一拳多点点的距离，还是觉得比较局促，如果遇上那种体型比较宽大胖一点的人的话就不太友好了。还有一个就是后备箱的空间，开口是比较大的，进口比较深，能放得下最少3个行李箱，我感觉对于日常的使用需求还是足够了的。
    
    






                

    驾驶感受
        
            
            
        
        5
    
    
    虽然是一台电动车，没有发动机的加持也没有感觉到疲软的感觉，提速响应很快很迅速，没有那种拖沓感，基本上就是一踩就很流畅很顺滑，开起来还是非常顺心的，车内基本没什么噪音，坐在车内可以享受极致静谧的环境。
    
    






            

            




            

    续航
        
            
            
        
        5
    
    
    现在基本是到了夏天的季节，天气渐渐热起来了开空调的时间比较多，所以相对的续航会受到一定的影响，正常情况下跑个70%-80%左右的续航是没有什么问题，400公里左右也能够满足我一个星期的使用需求了。
    
    





            
            

    外观
        
            
            
        
        5
    
    
    我的e：NS1外观动感十足，设计得比较协调，时尚元素也是比较多的，颜值方面确实没得说。
    
    





            

    内饰
        
            
            
        
        4
    
    
    内饰整体简约整洁，用料软质材料较多，感受很好，中控屏幕是罕见的大尺寸屏幕，全系都是15.1英寸，非常给力。
    
    





            

    性价比
        
            
            
        
        4
    
    
    本田e：NS1作为代步车不仅价格合适，配置合适，经济性高，是适合我的代步家用车。
    
    





            
                

    智能化
        
            
            
        
        5
    
    
    e：NS1的配置丰富，像什么倒车影像、驻车雷达、自动驻车、上坡辅助等都很实用，可靠.
    
    




            

            



        

        



        
    
    
    "
问世情为何物zx,"
        2023-06-07 首次发表
        
            
                
                    2651km
                    
                    行驶里程
                
                
                
                
                
                
                    13.0kWh
                    夏季电耗
                
                
                
                
                
                
                    410公里
                    夏季续航
                
                
                

                
                
                    17.50万
                    裸车购买价
                
                
                    2023-04
                    购买时间
                
                
                    广州
                    购买地点
                
            
            
    
        
            
        
        
            
        
        
            
        
        
            
        
        
            
        
        
            
        
        
            
        
        
            
        
    
    

    
        $(document).ready(function () {
            var koubeiid = 4997973;

        });

    


            
                最满意
                平时上班需要经常跑，经常要跑到隔壁市去开会，坐动车还要卡时间之类的，也是很不方便，所以就决定买一台自己的车，考虑到口碑和价格方面决定这辆车。最满意的就是这款车的颜值了，外观的造型设计的还是非常时尚大气的，而且这款车的内部空间也特别宽敞，动力表现的还是非常不错的。还有就是车子的操控非常的棒，动力也强劲，高速随随便便就可以达到120的车速，车身也非常稳。
            
            
                最不满意
                刚买新车的时候气味比较大，在网上买的除味剂效果也不理想，也不知道怎么味道这么大。
            

            

    空间
        
            
            
        
        5
    
    
    空间大，非常舒服，无论是前排还是后排空间都非常大，坐进去没有任何伸张不开的异样感。作为一款SUV车型的车子，空间大是必须的条件乘坐空间。我身高175，体重170，坐进去没有任何拥挤感，左手臂与车门的空间留有很大的余地，完全可以伸张开。
    
    






                

    驾驶感受
        
            
            
        
        4
    
    
    动力很强劲，想超车基本上就是一脚电门的事儿，驾驶舒适性方面老婆最有发言权了，她这人晕车比较厉害，每次乘坐人家车都要晕车，自从我们买了这辆车她坐我车还从来没晕车过，而且起步加速也平稳，车内的静音效果也棒，行驶途中也听不到外面的噪音的。车子整体行驶加速动力给我的感觉就是很顺畅，不管是城区里的地区行驶还是高速上，油门踩到底的那种高速行驶，整个动力输出就是属于源源不断的。
    
    






            

            




            

    续航
        
            
            
        
        5
    
    
    续航还是挺好的，平时就是上下班接送孩子，也不算市里，就是周边郊区。早晚高峰稍微有点堵，也不太严重。周六日孩子休息带他出去玩玩，开的这些日子，满电续航能达到四百多公里。
    
    





            
            

    外观
        
            
            
        
        5
    
    
    作为一款家用车，整体的车身外观是相当的不错。前脸的设计也是摒弃了以往车型的朴素，庄重的车头，取而代之的则是给人一种年轻的气息，越来越符合年轻人的口味。车屁股的设计也是比较吸引人的注意，再加上灯光的也非常好，尤其是在夜间，开在路上格外的鲜艳。
    
    





            

    内饰
        
            
            
        
        4
    
    
    第一次见这款车的时候给我印象最深的是它内饰设计的科技感，其次这个内饰颜色设计我也蛮喜欢的，看起来比较清爽，也更加年轻化，包括它的材质手感也是蛮不错的。就是异味不太好，我想了很多办法，但是效果不太明显。
    
    





            

    性价比
        
            
            
        
        4
    
    
    我们家的人都是这个品牌的忠实粉丝，所以想换辆SUV的时候就毫不犹豫的也选择了它。再就是本田的技术我比较信赖。
    
    





            
                

    智能化
        
            
            
        
        5
    
    
    驾驶室的一些设备的高科技，像全液晶仪表、15.1英寸中控显示屏等等一些都看起来又炫酷又时尚科技，还有倒车影像和驻车雷达，实用性方面肯定说不用说的。
    
    




            

            



        

        



        
    
    
    "
那些花儿绽放,"
        2023-05-19 首次发表
        
            
                
                    1603km
                    
                    行驶里程
                
                
                
                
                
                
                
                    14.5kWh
                    冬季电耗
                
                
                
                
                
                
                     400公里
                     冬季续航
                
                

                
                
                    16.90万
                    裸车购买价
                
                
                    2023-04
                    购买时间
                
                
                    杭州
                    购买地点
                
            
            
    
        
            
        
        
            
        
        
            
        
        
            
        
        
            
        
        
            
        
        
            
        
    
    

    
        $(document).ready(function () {
            var koubeiid = 4968696;

        });

    


            
                最满意
                我觉得最好的还是省钱，自从换了e：NS1之后再也没有关心过油价的浮动，平常经常听到朋友在讨论能耗又涨价了之类的言论，而我也不需要担心这方面的问题，我的e：NS1续航能达到400公里左右，一般一个星期都是足够使用的，经济性与实用性拉满。
            
            
                最不满意
                不满意的我觉得还是空间方面吧，因为车型的定位问题，乘坐空间相对于一般的家用车来说还是有点小，门把手、储物空间都有点小，不太好放东西。
            

            

    空间
        
            
            
        
        4
    
    
    e：NS1的空间作为一家三四口人来说相当充裕了，不过要满载的话还是有些拥挤。
    
    






                

    驾驶感受
        
            
            
        
        4
    
    
    e：NS1舒适度还算挺高的，特别是座椅很舒服，坐着柔软适中，很不错。其次，动力方面感觉还是很不错，提速比较快，动力响应也很积极。另外操控方面还是比较简单的，不管是踏板、换挡方式还是转向都是很顺手的，驾驶体验还是很棒的。在电子助力的加持下，操控感受那就非常棒了，整个车身的悬架部分是非常稳的，所以怎么开怎么爽。回老家的路不是太好走，以前开车很容易刮底盘，并且一个轮子陷进去直接就走不了，但是e：NS1不会，买完车回老家，那些路可以说是如履平地，很是轻松。
    
    






            

            




            

    续航
        
            
            
        
        5
    
    
    主要用来就是上下班代步使用，我的车位装了充电桩，回到家就可以充电了，还是很方便。
    
    





            
            

    外观
        
            
            
        
        5
    
    
    外观上跟一般的电动车来说没太大的亮点，都是封闭式前脸，没有太大差别。
    
    





            

    内饰
        
            
            
        
        5
    
    
    内饰设计上材料用料比较好，触感很舒适，车机也好用，比较贴心。
    
    





            

    性价比
        
            
            
        
        4
    
    
    选择e：NS1的原因就是因为它的性价比，平均出行费用低，保养简单方便。
    
    
        购车
        之前我每天上班都要倒一次车才能到单位，每天早上要六点起床才来得及，休息不好。所以我就想着力所能及的范围里买一辆车，每天上班开，也就不用再起早了。我对出行开支要求比较高，省钱是必须的，对比了一下同级别车型，能耗都还可以，不过在一众车型当中e：NS1的价格更低一点，后扭力梁悬挂也不如e：NS1的独立悬挂好，所以我就选择了e：NS1。
        
        
    





            
                

    智能化
        
            
            
        
        5
    
    
    本田e：NS1的智能驾驶辅助系统，如车道偏离预警、主动刹车等配置也是存在，所以说e：NS1这款车的性价比非常不错。
    
    




            

            



        

        



        
    
    
    "
江南的故事酒馆1,"
        2023-04-05 首次发表
        
            
                
                    4354km
                    
                    行驶里程
                
                
                
                
                
                    14.5kWh
                    春秋电耗
                
                
                
                
                
                
                    460公里
                    春秋续航
                
                
                
                

                
                
                    21.80万
                    裸车购买价
                
                
                    2023-01
                    购买时间
                
                
                    广州
                    购买地点
                
            
            
    
        
            
        
        
            
        
        
            
        
        
            
        
        
            
        
        
            
        
        
            
        
        
            
        
    
    

    
        $(document).ready(function () {
            var koubeiid = 4895050;

        });

    


            
                最满意
                车子的空间很大，设计也合理，还有储物格设计的挺多的，也非常的好。外观非常的时尚大气，贯穿式大灯和尾灯都非常的漂亮。还有钥匙也非常的别致。内饰也很科技感，还有外观啊之类的，我都相当喜欢。
            
            
                最不满意
                对于它在空间方面的表现，我感觉有些许欠佳，没有达到我的预期效果，整体座椅偏低导致后排乘坐空间有点儿小，车的高度不够，对于身高比较高的人来说乘坐不太舒服。汽车降噪能力不太行，还有就是刚提车的那段时间车内异味非常大，导致刚买的新车不愿意去开它。
            

            

    空间
        
            
            
        
        4
    
    
    空间表现值得肯定，毕竟定位已经是SUV了，前后排的乘坐空间都足够的宽敞，而且后排也没有通过缩水座椅来提升腿部空间，承托性还是非常棒的。
    
    






                

    驾驶感受
        
            
            
        
        5
    
    
    动力简直就是起飞的感觉，由于我这个人开车还算是比较谨慎的那种，所以这台车也没有去感受比较极限状态的操控性，不过日常开起来还是很顺手的，底盘感觉也比较扎实。
    
    






            

            




            

    续航
        
            
            
        
        5
    
    
    作为一台新能源车能耗绝对是一大亮点，像我平时有时候只在市里跑跑的话还在预算范围内，目前显示的平均能耗是14左右，真的比燃油车和混动车划算多了，续航也能达到460公里出头，真的是每次想到这台车的能耗也就能理解为什么这台车卖二十万了，单凭这一点就值得，更别说还有超多超实用的配置了。
    
    





            
            

    外观
        
            
            
        
        5
    
    
    外形来说虽然没有太多中国风融入在内，但是整体来说车子的设计还是比较好看的，尤其是车尾的弧线形设计，和后备箱融为一体，看着这种设计，感觉车身整体都是非常流畅，非常顺滑的感觉，所以在整体外观方面，我对这款车还是比较满意的。
    
    





            

    内饰
        
            
            
        
        4
    
    
    内饰说两点我个人很喜欢的地方，一是本田e:NS1的音响效果，关上门之后听音乐是相当的带劲。再一个就是这个中控大屏了，看起来是非常炫酷。
    
    





            

    性价比
        
            
            
        
        5
    
    
    性价比来说，本田的新能源汽车性价比还是非常高的了。不但在充电方面比较省钱，而且整体车子带给你的舒适性，还是比较让你能够享受这个开车的过程的。
    
    





            
                

    智能化
        
            
            
        
        5
    
    
    这台车的配置水平真的是非常高的，完全对得起它超过了20万的售价。我这台配了18寸的大轮毂，还有各种的主被动安全配置都是标配，足以可见本田是一个良心企业。还有我比较喜欢的配置有全速段的自适应巡航，虽然现在还没有跑多少里程，但是我体验过这个配置是真的好用，而且倒车影像的清晰度以及流畅性也是很不错的。
    
    




            

            



        

        



        
    
    
    "
森林的气息,"
        2023-04-04 首次发表
        
            
                
                    3000km
                    
                    行驶里程
                
                
                
                
                
                    14.7kWh
                    春秋电耗
                
                
                
                
                
                
                    460公里
                    春秋续航
                
                
                
                

                
                
                    20.70万
                    裸车购买价
                
                
                    2023-01
                    购买时间
                
                
                    南京
                    购买地点
                
            
            
    
        
            
        
        
            
        
        
            
        
        
            
        
        
            
        
        
            
        
        
            
        
        
            
        
    
    

    
        $(document).ready(function () {
            var koubeiid = 4893858;

        });

    


            
                最满意
                新车到手两个月，感觉各个方面都挺满意，最给惊喜的当属它的电耗。最开始我对e：NS1的印象就是电耗高，不过我家e：NS1表现确实让很惊喜，大部分里程都跑在了市区通勤，简单统计了一下，整体电耗14.7个电耗，确实惊到我了，我一直认为它的电耗在15个开外，这样不到15个的电耗，给了我这么大个惊喜，我能不满意吗？
            
            
                最不满意
                我这款是中配车型，而我又是个追求完美的人，对它的每一个细节都有着很高的期许，不过内饰确实离精益求精还差一些火候，需要再练练，主要是对它的期望太高，要是低配能有这样配置的话，比如真皮方向盘、电动座椅等等，那我对它的内饰是完全可以打个满分的。
            

            

    空间
        
            
            
        
        5
    
    
    家人们对它的空间都是赞不绝口，虽说是小型suv，但是它的空间表现确实很不错，它能够给自己的家人一个舒适的乘用环境，我感到知足。
    
    






                

    驾驶感受
        
            
            
        
        5
    
    
    动力方面家用足够，低速输出稳当，高速响应也比较及时，这台e：NS1在我这段驾驶时间，还没有出现过动力疲惫的状态，它的动力可以满足我的需求，这个满分没跑。整车的操控都是比较轻盈的，方向盘的虚位很小，操控性上我感觉没有问题，出色的操控绝对可以算上是它的肌肉展示。
    
    






            

            




            

    续航
        
            
            
        
        5
    
    
    最满意的就是电耗和续航，合情合理合规，这电耗绝对是杠杠滴，降低不少用车成本。现在跑了3000公里，百公里综合电耗14.7个。
    
    





            
            

    外观
        
            
            
        
        5
    
    
    说实在的，e：NS1的外观设计还是很有创意的，犀利的LED灯组，可以很好的突出它的科技感，层次感分明的前脸进气格栅设计我也比较喜欢。
    
    





            

    内饰
        
            
            
        
        4
    
    
    中配车型比普通车型高出的最主要的就是内饰和配置了，虽说它的内饰还不错，不过比起我对它的预期还是差一点，希望本田会继续进步吧。
    
    





            

    性价比
        
            
            
        
        4
    
    
    都说买中配车型的人都不在乎性价比，其实这是错误的观点，e：NS1的中配车型落地才20万出头，它本身的性价比是那种特别高的，所以就算入手中配也是很不错的。再者就是e：NS1很多配置在后期自己加装到达的水平和原车配置是相差很远的，这个价位就可以入手中配车型，我想很多车友多会和我是一个选择。
    
    





            
                

    智能化
        
            
            
        
        5
    
    
    这台e：NS1的外观是比较受到我的青睐的，所以我买车直接定位新能源suv，选择e：NS1主要还是对它的外观造型设计的高颜值，对于本田车生产水平信任，最终的结果非常好，我这段时间对它的了解已经很多了，感觉当时自己的选择是正确的，“物超所值”是我对它的评价。
    
    




            

            



        

        



        
    
    
    "
季末有凉意,"
        2023-03-29 首次发表
        
            
                
                    11870km
                    
                    行驶里程
                
                
                
                
                
                    15.2kWh
                    春秋电耗
                
                
                
                
                
                
                    465公里
                    春秋续航
                
                
                
                

                
                
                    20.70万
                    裸车购买价
                
                
                    2022-06
                    购买时间
                
                
                    成都
                    购买地点
                
            
            
    
        
            
        
        
            
        
        
            
        
        
            
        
        
            
        
        
            
        
        
            
        
        
            
        
    
    

    
        $(document).ready(function () {
            var koubeiid = 4886066;

        });

    


            
                最满意
                对这辆车最满意的，是它的续航，还有动力。这辆车的续航并没有虚标，平时我上下班，一天大概要开50公里左右路程，偶尔周末会带着孩子去出游，基本上可以做到一周才充一次电，就够用了，甚至有时候差不多10天才需要充一次电能，这辆车的续航给了我满满的安全感。车子的动力很强劲，我是女的，其实对车子的动力没有很高的要求，但是这辆车的动力给了我意外的惊喜，动力很充足，很给力。
            
            
                最不满意
                比较不满意这辆车的是它的性价比。其实一开始我是想买国产的新能源车，但是老公他很喜欢本田这个品牌，所以就买了这款车。不得不说本田的新能源是真的贵呀，不过贵的东西有贵的道理，这辆车在续航、外观，还有品质上都，是做得很好的。
            

            

    空间
        
            
            
        
        5
    
    
    就是一款5座的SUV，最多可以同时坐5个人了，为了测试这辆车的空间是否足够大，我尝试拉了我们全家人，包括我的老爸老妈等，共5个人坐这辆车。事实证明，这辆车的空间超级给力，5个人在车上一点都不拥挤，而且头部和腿部的空间还有剩余。后备箱的空间挺大的，可以放很多东西，如果把后座放倒，甚至可以拿来作为搬家用的车，空间非常给力。
    
    






                

    驾驶感受
        
            
            
        
        5
    
    
    以前没有开过新能源的车，认为新能源车动力很弱，我试驾这辆车之后，彻底改变了我对新能源车的看法。新能源车的动力比起燃油车来说，动力的强劲，不止高出一倍两倍这么简单。然后我去网上看了一下数据，基本上燃油车的百公里加速度，都不会比新能源车的更快。其实在看本田的新梦想之前，也去看了蛮多其他品牌新能源车，对比下来还是觉得本田这款车的动力更强劲，也更好开。
    
    






            

            




            

    续航
        
            
            
        
        5
    
    
    以前一直听别人说，新能源车的续航虚标，实际上路时都会打骨折，当时买车的时候心里也是蛮忐忑的，怕销售为了卖车忽悠我们。然而事实证明是我多虑了，这辆车的续航没有一点虚标，车子从买回来开到现在也跑了11000多公里了，我也特地去试了车子的耗电和里程，然后发现这辆车确实没有虚标。
    
    





            
            

    外观
        
            
            
        
        5
    
    
    外观方面，本田这辆车和其他燃油版的汽车挺像的，不过这辆车外观更有科技感和梦幻感，确实是新能源车独有的特点，现在的新能源车外观越来越好看，本田也不例外。
    
    





            

    内饰
        
            
            
        
        4
    
    
    内饰的话，这辆车车整体的内饰很有质感，我非常喜欢这辆车内饰的配色，很高大上，非常上档次，可以说用低调奢华有内涵来形容这辆车的内饰是不夸张的。
    
    





            

    性价比
        
            
            
        
        3
    
    
    这辆车的性价比不是很高，可能也是因为对比了国内其他品牌的新能源车，所以才有这种感受吧。
    
    





            
                

    智能化
        
            
            
        
        5
    
    
    智能化方面我会更关注安全性能方面的配置，因为行车安全是最重要的，只有行车安全了，其他东西才有保障。这辆车在安全智能化方面的配置做得还是很齐全的，让我开车的时候很有安全感。
    
    




            

            



        

        



        
    
    
    "
崩溃且沮丧,"
        2023-03-28 首次发表
        
            
                
                    7256km
                    
                    行驶里程
                
                
                
                
                
                    14.6kWh
                    春秋电耗
                
                
                
                
                
                
                    470公里
                    春秋续航
                
                
                
                

                
                
                    20.70万
                    裸车购买价
                
                
                    2022-09
                    购买时间
                
                
                    南京
                    购买地点
                
            
            
    
        
            
        
        
            
        
        
            
        
        
            
        
        
            
        
        
            
        
        
            
        
    
    

    
        $(document).ready(function () {
            var koubeiid = 4884330;

        });

    


            
                最满意
                最满意的是车子的续航，车子从九月份开到现在，我本人亲测这辆车的续航，真的不虚标，九月份天气还算是比较热的，那时候开着空调，在市内跑，续航大概才打9折左右，这个续航，应该可以吊打很多新能源车了吧。但是如果说要跑高速的话，这辆车的续航打折可能会有点厉害，估计要打个7折左右，不过也还是在我能接受的范围的。
            
            
                最不满意
                对于车子比较不满意的地方，是觉得它的智能化配置，跟不上现在更高端的新能源车的步伐，相对来说落后的还是比较多的。我想要的功能，车子都没有配有，这有点太可惜了，其实自己很喜欢特斯拉的完全自动驾驶，不过在国内完全自动驾驶也还没有可以大规模的实现，这是很可惜的。
            

            

    空间
        
            
            
        
        5
    
    
    这辆车长4.3米左右，轴距也达到了2.6米，相对于很多国内SUV新能源车，这辆车的车身可以说是挺大的，所以在空间方面它的表现很出色。
    
    






                

    驾驶感受
        
            
            
        
        5
    
    
    这辆车对于我来说很好，方向盘是很轻的，不会很沉，而且自动会正的速度挺快的。车子的隔音，我也觉得做得挺好的，以前我开的是飞度，那个隔音简直不能太差，而这辆车就不一样了，可以保持较高的静谧性。还有这辆车如果开运动模式会增加一个加速声浪模式，为驾驶者提供了更刺激的角色体验，感觉挺不错的。
    
    






            

            




            

    续航
        
            
            
        
        5
    
    
    车子的续航很扎实，本田的数据好像基本都不会作假，这车的续航是非常真实的，我平时上下班大概每天要跑50公里左右，周末偶尔也会跟朋友家人开车去玩，基本上可以做到一周或者10天充一次电就够用了，就是因为我每天上下班要跑的路程太远了，所以才选择了新能源车。
    
    





            
            

    外观
        
            
            
        
        5
    
    
    车子的外观很有未来感，尤其是各个方面的细节，处处透着精致。
    
    





            

    内饰
        
            
            
        
        5
    
    
    这辆车的内饰比较普通，但是也不算差，还是比较符合我对车子的预期要求的，而且车子的内饰摸起来很舒服，不知道是不是因为用料比较好的原因，方向盘做得也挺好看的，还有车子的中控屏这些东西跟车子内部很搭配。
    
    





            

    性价比
        
            
            
        
        5
    
    
    可以说现在已经进入了新能源汽车时代，在很多城市路上，跑着很多新能源车，新能源车的保有量越来越高，意味着拥有一辆新能源车，是居家必备了的。新能源车不仅节能环保，而且还可以省油，上绿牌也比上蓝牌更加方便，所以我认为买这辆车的性价比是很高的。
    
    





            
                

    智能化
        
            
            
        
        4
    
    
    这个板块没有给满分，是因为觉得相对于其他同级别或者说更高级别的车，在智能化这方面，这辆车还是有点欠缺的。不过，我不得不夸赞这辆车车自带的App的远程控制功能很丰富，可以在我用车的时候提供了不少方便。
    
    




            

            



        

        



        
    
    
    "
起伏的黄金分割,"
        2022-11-07 首次发表
        
            
                
                    1877km
                    
                    行驶里程
                
                
                
                
                
                    15.0kWh
                    春秋电耗
                
                
                
                
                
                
                    400公里
                    春秋续航
                
                
                
                

                
                
                    21.80万
                    裸车购买价
                
                
                    2022-09
                    购买时间
                
                
                    北京
                    购买地点
                
            
            
    
        
            
        
        
            
        
        
            
        
        
            
        
        
            
        
        
            
        
    
    

    
        $(document).ready(function () {
            var koubeiid = 4672708;

        });

    


            
                最满意
                我其实之前开的就是本田的燃料车，但是现在这边有点限号，我就想换成电动车。电动车我还是打算从本田入手，所以就买了这款ens1，它给我的感觉就是挺经济实在的，开到现在没有啥顾虑，维修费用也不贵。其次，外观挺好看的，智能化配置也高。
            
            
                最不满意
                这款车的储蓄格我是够用，但是门板的储蓄格感觉比燃油车的要少。另外，它的转手手感是比较轻柔的，我用着不大适应。还有在内饰上，我觉得方向盘调节的幅度有些偏小了，也不知道是不是因为新车的缘故。
            

            

    空间
        
            
            
        
        4
    
    
    说句实诚话，这款车在空间的乘坐上是不能挑剔，我1米8的高个头坐在里头，都能找到合适的坐姿，不会感觉压抑。另外，副驾驶座经常是我老婆坐，她生完孩子之后还有些偏胖，坐着腿部和头部的活动空间也挺足的。至于后排，其实也挺宽敞，反正日常所需的东西是都能够放得下。不过我之前因为开过本田的燃油车，发现它的电动车门板的储蓄格变少了。
    
    






                

    驾驶感受
        
            
            
        
        4
    
    
    因为是电动车驾驶，想要和燃油车比是不行的，但是日常代步还是OK的，没有啥顿挫感，开起来很平顺也静谧。另外，电门刹车的反应也挺灵敏的，但是转向手感就有些差了，感觉低速的时候太轻了，轻得有点松。
    
    






            

            




            

    续航
        
            
            
        
        5
    
    
    续航是挺合我心意的，平时我上下班来回大概20多公里的路途，且夏天开着，空调耗电都不是很严重，而且这款车有快充，快充速度实在太快了，所以我觉得基本不用担心。
    
    





            
            

    外观
        
            
            
        
        5
    
    
    外观的颜值我觉得挺OK的，用了全新的设计，总体科技大气。另外大灯和中网的连接很密切，让整车显得冲击感很强。而在充电口的那个位置，这车用了俏皮的元素，我是喜欢。还有，因为车身尺寸比较大，线条比较明朗，看起来别具一格。
    
    





            

    内饰
        
            
            
        
        4
    
    
    内饰说实话我觉得普普通通，而且方向盘的调节幅度感觉有些小，觉得本田之后在内饰上要多下一点工夫了。
    
    





            

    性价比
        
            
            
        
        5
    
    
    性价比都是人见人智的，我是感觉颜值够可以的，然后智能化配置也挺高，就我觉得值这个价。
    
    





            
                

    智能化
        
            
            
        
        5
    
    
    这款车的智能化，我觉得得赞一个。它是按键式换挡，挺实用的。还有，它的仪表盘尺寸很大，达到了10.25英寸。用的车载智能系统则是Honda Connect的，功能很是丰富。其次，这车是支持手机互联的，也支持CarLife。再就是安全配置，那个多，像制动能量回收系统、自动驻车、上坡辅助、倒车影像、前方碰撞预警、胎压报警都有。
    
    




            

            



        

        



        
    
    
    "
花拳鸿光,"
        2022-11-06 首次发表
        
            
                
                    1621km
                    
                    行驶里程
                
                
                
                
                
                    15.0kWh
                    春秋电耗
                
                
                
                
                
                
                    400公里
                    春秋续航
                
                
                
                

                
                
                    21.80万
                    裸车购买价
                
                
                    2022-09
                    购买时间
                
                
                    潮州
                    购买地点
                
            
            
    
        
            
        
        
            
        
        
            
        
    
    

    
        $(document).ready(function () {
            var koubeiid = 4670114;

        });

    


            
                最满意
                我比较满意这款车的续航，因为之前没接触过纯电，人家跟我说有些会虚标，但是我开这款车觉得不会。另外，平时充电的频率不用很高，基本一周也就充一次，这样算下来的话，一个月省了好多钱。加上这车本身的价格就不贵，我觉得性价比挺高的。
            
            
                最不满意
                我是刚从油车换过来的，不知道是不是还没有适应，感觉过泥坑路的时候，悬挂的减震不是很好。另外，就是平时如果去爬坡的话，有一点点费劲。还有它的铁皮比较薄，下雨天能够听到车上滴答滴答的声音。
            

            

    空间
        
            
            
        
        5
    
    
    孤家寡人一个，平时用不了太大的空间，但这款车我觉得其实家用也挺好的，是属于5座的SUV，能够同时坐5个人。再就是它的长宽够给力，头部和腿部预留出来的空间也挺多。当然，平时如果想搬大件的物品，可以把它的后排座椅放倒，放倒之后，所获得的后备箱空间是很大的。
    
    
    
    
    


    






                

    驾驶感受
        
            
            
        
        4
    
    
    我自己之前是开过油车的，觉得这款车的动力会比油车要弱一些，不过开一段时间之后还是挺惊喜的，日常代步是OK。而且它有快充功能，平时不用为续航担忧。另外，配的是三元锂电池，在安全性上也比较有保障。但是我有一次去爬坡的时候，发现它爬坡还是有点费劲。好在目前主要市区开，也不打紧。
    
    
    
    
    


    






            

            




            

    续航
        
            
            
        
        5
    
    
    我买电车本来就是冲着电车经济实用这一点过去的，结果这车开完之后发现和我的预期续航里程比较一致，基本上和官方说的相差不远。
    
    
    
    
    


    





            
            

    外观
        
            
            
        
        4
    
    
    我觉得这款车的外观还是挺别致的，可以很好的和其他新能源车巧妙的分开。另外，它的车灯还蛮丰富的，像自动头灯，LED日行车灯都有，而且雾灯也是LED设计的，感觉照明效果很OK，点亮之后那个炫酷。但是整体我觉得它的车漆有些薄，过一些比较窄的路，如果被什么东西划到，很容易起痕，下雨天还会听到滴答滴答的声音。
    
    
    
    
    


    





            

    内饰
        
            
            
        
        5
    
    
    内饰给我的感觉就是很科技化，而且很多软包，摸起来很舒服。还有能够通过人脸识别去登录高德地图，我觉得还蛮新鲜的。另外，它的APP远程控制系统也挺丰富的。
    
    





            

    性价比
        
            
            
        
        5
    
    
    现在就是纯电的时代，买电动车比买燃油车划算，能上绿牌，省很多钱，性价比挺高。
    
    





            
                

    智能化
        
            
            
        
        4
    
    
    车的底盘是麦弗逊独立悬挂、扭力梁式非独立悬挂的，稳定性其实还OK，但是减震效果给我感觉就不太好，尤其是走搓板路的时候。不过车内的安全配置倒是挺多的，像上坡辅助，倒车雷达，前方碰撞预警，胎压检测，abs防抱死，刹车辅助等等都有，简直不要太多。个人是比较怕死的，所以看到它的安全配置很多，当时就挺心动的。
    
    




            

            



        

        



        
    
    
    "
阿龙_橙色M4,"
        2023-04-22 首次发表
        
            
                
                    
                    暂无
                    行驶里程
                
                
                
                
                
                
                
                
                
                
                
                
                

                
                
                    21.80万
                    参考价格
                
                
                    2023-04
                    探店时间
                
                
                    上海
                    探店地点
                
            
            
    
        
            
        
    
    

    
        $(document).ready(function () {
            var koubeiid = 4924817;

        });

    


            
                新车好评
                探馆第二十届上海车展中的广汽本田的e:NS1e动版。我发现这款车非常的时尚而且具有运动感跟科技感，我喜欢的就是这款的安全驾驶辅助系统等的高科技性能。当然也是我喜欢这款车必不可少的原因之一是这款车具有长续航里程了。这台车的续航里程能够达到510公里。并且这台车的快充充电也特别的，从30%充电到80%仅仅要40分钟。之久解决了长距离远程驾驶时普通电车充电慢的缺点。并且这台车的高科技方面的几所也挺多的。还有前脸上的车标也是挺有意思的，车标是白色的，启动后车标还会发光会亮起。这台车还支持手机解锁启动车辆等功能，是不是科技范十足呀。并且因为这台车是电车它还支持对外输出供电的功能，露营时用它进行供电也是十分不错的选择。他还有声浪模拟功能，开电车能开出油车的声浪是不是也十分的有意思呢。
            
            
                新车槽点
                我要吐槽的地方就是这款车的全景天窗开启了！这款车的全景天窗是用两块板子封起来的，所以打开天窗要用手拿掉保障才能够他看到天窗外的车外景色！并且拿掉的板子有点没地方放的感觉！停车放尾箱才行。
            

            

    空间
        
            
            
        
        4
    
    
    这台车是纯电版的小型SUV，它的车身尺寸为4390*1790*1560mm。虽然它的车身并不大，但是它的驾乘空间我还是挺满意的。怎么说也是SUV空间比轿车大多了，前排作业当然没的说是最宽敞的头部腿部空降调节到最佳舒适的情况下还有大量剩余空间。后排空间也完全够用，我1.8米的身高仔仔后排也不会碰头。腿部也不会碰到前排座椅。
车辆的后排座椅也采用的可以放到的设计，这样能够进一步加大后备箱的储物空间。方便拉大件或过多的物品时进行使用。
    
    
    
    
    


    
    
    
    


    
    
    
    


    






                

    驾驶感受
        
            
            
        
        3
    
    
    非常遗憾还没有试驾这台车，等以后再跟大家分享试驾感受吧。
    
    
    
    
    


    






            

            




            

    续航
        
            
            
        
        5
    
    
    这款车有高配跟低配续航班！低配版的续航里程也超过了400公里！我看的这款车的续航里程达到了510公里！电车我非常的关注续航里程。因为短续航的纯电车型在需要长途驾驶的时候有可能因为续航能力不足吧我们丢在半路上。这台车的续航里程可以达到510公里的长续航完全能够满足平时驾乘跟自驾游出行的需求。就算因为路况跟驾驶习惯等原因续航达不到500公里，达到500多公里还是没问题的。并且这台车还有能耗回收功能，这样更能节约续航能源。
    
    





            
            

    外观
        
            
            
        
        5
    
    
    车头部位最醒目的是车头上的白色本田车标了，这款车标也是本田新能源车型都有发光车标。位于封闭式的上进气格栅处。车标部位还隐藏了充电插口，这台车支持快充跟慢充功能。下进气格栅为十分美观的梯形网状进气格栅。车头部位的两个大灯用一条黑色的饰面板把他们连接起来看起来十分的漂亮。这台车的日行灯设计在了贴紧车前铲的位置，能够起到非常有实用的安全警示作。视觉上整个前脸的看起来非常的精致。
侧面可以看出这台白色的车身的车顶及A柱B柱都是黑色的设计，车顶与黑色的18寸大轮毂相互配合在视觉上十分的美观。贯穿整车的腰线、下压式车顶及溜背设计，使车辆更加具有运动气息。
不过这台车没有行李架的设计，我认为SUV还是有行李架比较好看。没有行李间距离远点看有点像大型轿车的而感觉。
车尾的贯穿式灯带尾灯设计非常的漂亮新潮，后保险杠采用了包围式设计还是非常有运动感的。不过我认为要是后保险杠的颜色不跟车身颜色相同，采用有区别的颜色设计有更加的美观了。
    
    
    
    
    


    
    
    
    


    
    
    
    


    





            

    内饰
        
            
            
        
        5
    
    
    内饰方面不管是从用料材质或布局方面这台车给人的感觉都十分的简约时尚有格调，给人一种雅致温馨的感觉，这台车内的这块15.1寸的大屏幕就必须要说说了，这款车的悬浮式的大屏配备先进的车机互联系统，使用起来具有非常的科技感。并且这块大屏幕是三幅设计，上中下的功能分别是导航屏幕、这台车的车机应用控制、是空调控制屏幕。这台车的座椅作者也十分的舒适，据说这是厂家专为中国车主特意设计的。座椅采用了高弹性的海绵，所以这台车的座椅软硬适中包裹性舒适性都特别的好。整体上车内的饰面也黑色伪装，我认为要是采用浅色调就更加的完美了。很多部位都采用了皮革包裹饰面既可以降低车内噪声又高大上显得高大上，有一定的隔绝车内外噪声得效果。并且这台车的后视镜还自带防炫目功能，因为这台车才用的是流媒体后视镜，还配置了名牌环绕立体声音响，音质上十分的有保证。
美中不足的是这台车的全景天窗也是非常漂亮的。但是全景天窗居然采用了手动打开的方式，开天窗要手动拿掉遮挡天窗的天窗饰面板。感觉还是没有电动的方便。
    
    
    
    
    


    
    
    
    


    
    
    
    


    





            

    价格政策
        
            
            
        
        3
    
    
    价格政策方面厂家提供万元级别奖品活动。奖品又几千及上万元家庭影院影响还有投影仪等等，十分适合在出去露营的时候进行使用。
    
    





            
                

    智能化
        
            
            
        
        5
    
    
    这台车的驾驶辅助等系统也十分的先进。什么自动跟车前行功能，主动刹车功能，并线辅助功能也有。主驾驶仪表盘不但能够显示发动机转速跟时速等功能，还能显示一些驾驶辅助系统。的中央大屏及主驾驶仪表屏幕都十分的流畅灵敏，显示的信息页十分的全面。并且还支持滑动切换屏幕页面的功能。这台车还能够识别限速标志进行提醒。
并且这台车的后排也具有座椅加热功能，冬季用车绝对的非常舒适，舒适度这方面绝对的没的说非常好。至于什么定速巡航多功能方向盘等都是标配了。
    
    
    
    
    


    




            

            



        

        



        
    
    
    "
十八闲客S,"
        2023-08-10 首次发表
        
            
                
                    623km
                    
                    行驶里程
                
                
                
                
                
                
                    15.0kWh
                    夏季电耗
                
                
                
                
                
                
                    400公里
                    夏季续航
                
                
                

                
                
                    20.70万
                    裸车购买价
                
                
                    2023-07
                    购买时间
                
                
                    湖州
                    购买地点
                
            
            
    
        
            
        
        
            
        
        
            
        
        
            
        
        
            
        
        
            
        
        
            
        
        
            
        
    
    

    
        $(document).ready(function () {
            var koubeiid = 5094360;

        });

    


            
                最满意
                经济性高，纯电动SUV，配置高，代步成本低。作为一款纯电动SUV，本田e：NS1拥有极高的经济性，不再依赖于燃油，使用电能代步可以大幅降低使用成本。此外，它的配置也非常出色，倒车影像、驻车雷达、15.1英寸中控大屏等一系列科技配置使驾驶更加便捷舒适。
            
            
                最不满意
                不满意续航，400多公里，容易受到季节温度的影响。尽管本田e：NS1在续航方面已经取得了一定的突破，能够达到400多公里的续航里程，但与传统燃油车相比仍然稍显不足。而且，纯电动车的续航往往受到季节温度的影响，寒冬时可能会有所减少，这需要在使用过程中多加注意。
            

            

    空间
        
            
            
        
        5
    
    
    车内空间宽敞，能够满足一家五口的需求。本田e：NS1作为小型SUV，车内空间表现出了出色的宽敞感，五个人乘坐也不会感到拥挤。这样的空间布局使得它可以满足中小型家庭的代步需求，无论是日常购物还是出行旅游都能轻松应对。
    
    






                

    驾驶感受
        
            
            
        
        5
    
    
    车内提速快，安静舒适，乘坐感良好。在驾驶本田e：NS1的过程中，我们可以明显感受到它的提速非常迅捷，轻轻一踩油门就能感受到强劲的动力输出。此外，车内的隔音效果也做得很好，无论是城市拥堵还是高速行驶，车内始终保持着舒适的安静，让人感到非常享受。
    
    






            

            




            

    续航
        
            
            
        
        4
    
    
    续航400多公里，电耗低，代步经济性高。本田e：NS1的续航表现可圈可点，400多公里的续航里程可以满足大部分日常代步需求，再加上电耗低，使用成本非常经济。这也是许多消费者选择纯电动车的一个重要原因。
    
    





            
            

    外观
        
            
            
        
        5
    
    
    外观很有个性，科技感十足，符合年轻人的审美。本田e：NS1的外观设计非常独特，线条流畅，动感十足。时尚的外观搭配上一系列科技感的设计元素，符合年轻人的审美需求，给人一种年轻、时尚的感觉。
    
    





            

    内饰
        
            
            
        
        5
    
    
    内饰设计简约清爽，触感舒适，科技感很强。车内的设计延续了外观的年轻时尚风格，给人一种干净利落的感觉。触感舒适，高品质的材料运用让人在车内感受到更好的质感。而且，丰富的科技配置进一步提升了车内的科技感，使驾驶者的使用体验更加舒适。
    
    





            

    性价比
        
            
            
        
        5
    
    
    性价比高，价格合适，电耗低，经济性高。本田e：NS1在价格方面非常具有竞争力，相较于同级别纯电动车来说，它的价格偏低。而且，电耗低、经济性高使得使用成本进一步降低，非常适合追求经济实用的消费者。
    
    





            
                

    智能化
        
            
            
        
        5
    
    
    配置高，倒车影像、驻车雷达、15.1英寸中控大屏，科技感十足。作为一款纯电动SUV，本田e：NS1在配置上非常出色。倒车影像、驻车雷达等安全配置使驾驶更加便捷安全，而15.1英寸中控大屏的应用进一步提升了车内的科技感。这些配置的加入无疑提升了整车的竞争力，让消费者在购车时更加有信心。
    
    




            

            



        

        



        
    
    
    "
芦荟膏t,"
        2023-08-09 首次发表
        
            
                
                    1625km
                    
                    行驶里程
                
                
                
                
                
                
                    15.0kWh
                    夏季电耗
                
                
                
                
                
                
                    400公里
                    夏季续航
                
                
                

                
                
                    20.70万
                    裸车购买价
                
                
                    2023-06
                    购买时间
                
                
                    湖州
                    购买地点
                
            
            
    
        
            
        
        
            
        
        
            
        
        
            
        
        
            
        
        
            
        
        
            
        
    
    

    
        $(document).ready(function () {
            var koubeiid = 5093487;

        });

    


            
                最满意
                我最满意的部分是这款e：NS1的舒适性。无论是座椅的舒适度还是车内的豪华配置，都能给我带来一种宾至如归的感觉。此外，这款车不受限行政策的限制，让我在日常通勤时更加方便。最重要的是，用车的成本非常低，省去了停车费和加油的麻烦。
            
            
                最不满意
                我最不满意的就是这款车的性价比。虽然它拥有许多高端配置和豪华感的设计，但价格相对较高。此外，后排空间偏小，对于长时间坐车的乘客来说可能会不太舒适。此外，这款车的电耗较高，需要频繁充电。
            

            

    空间
        
            
            
        
        4
    
    
    车内的空间是e：NS1的亮点之一。即使是长途家庭出行，也不会感到拥挤或不舒适。无论是座椅的柔软度还是头部和腿部的空间都足够宽敞。我可以随时调整座椅的位置，让乘坐更加舒适。
    
    






                

    驾驶感受
        
            
            
        
        5
    
    
    在驾驶方面，我非常满意。这款车的悬挂系统和动力系统配合非常默契。不仅提速快，而且操控稳定，给人一种安全感。此外，隔音效果很好，即使在高速行驶时也能享受到静谧的驾驶环境。
    
    






            

            




            

    续航
        
            
            
        
        4
    
    
    油耗是我考虑购买e：NS1时十分关注的问题。幸运的是，这款车的续航能力非常稳定。即使开了400多公里，我完全不用担心油耗问题。这对于每天需要长时间在路上行驶的我来说非常重要。
    
    





            
            

    外观
        
            
            
        
        5
    
    
    外观往往是我决定购买e：NS1的重要因素之一。这款车的外观时尚、流线型设计给我留下了深刻的印象。无论是细节的处理还是整体的外观设计，都让我觉得非常吸引人。
    
    





            

    内饰
        
            
            
        
        5
    
    
    车内的内饰给我一种档次感很高的感觉。无论是用料还是做工都非常出色。乘坐在车内，真的能够感受到一种无与伦比的舒适感。为了提供更好的驾驶体验，车内还配备了一些智能化的功能，让我觉得非常便利。
    
    





            

    性价比
        
            
            
        
        5
    
    
    虽然这款车的价格相对较高，但在性价比方面还是相当不错的。它拥有许多丰富的配置，满足了我的各种需求。而且，在驾驶过程中，我也能够感受到车辆的高质量和安全性。
    
    





            
                

    智能化
        
            
            
        
        5
    
    
    这款车的配置非常豪华。它配备了倒车影像、自适应巡航、驾驶辅助和AR实景导航等功能。这些配置不仅提高了行车的安全性，还提升了驾驶的便利性。无论是长途还是短途旅行，这款车的配置都能满足我的需求。
    
    




            

            



        

        



        
    
    
    "
第三方公司打工,"
        2023-08-09 首次发表
        
            
                
                    503km
                    
                    行驶里程
                
                
                
                
                
                
                    15.0kWh
                    夏季电耗
                
                
                
                
                
                
                    400公里
                    夏季续航
                
                
                

                
                
                    21.80万
                    裸车购买价
                
                
                    2023-07
                    购买时间
                
                
                    上海
                    购买地点
                
            
            
    
        
            
        
        
            
        
        
            
        
        
            
        
        
            
        
        
            
        
        
            
        
        
            
        
    
    

    
        $(document).ready(function () {
            var koubeiid = 5093313;

        });

    


            
                最满意
                我最满意的部分在于e：NS1的配置十分全面，充分满足了我的需求。它配备了各种高端配置，例如全景天窗、导航系统、倒车雷达等等，让我出行更加便利舒适。同时，车内的材质用料也很给力，阳光板、座椅面料等的选择都非常考究。而且，e：NS1价格优惠力度很大，相比其他同价位的车型，它的性价比非常高。
            
            
                最不满意
                我不满意的是e：NS1的空间问题。无论是车内空间还是储物空间都偏小，无法满足我对于舒适空间的需求。此外，e：NS1的续航也不稳定，容易受到温度的影响，这让我在长途出行时感到担忧。而且，相比同级别的其他车型，e：NS1的价格偏高，让我感到有些心疼。
            

            

    空间
        
            
            
        
        4
    
    
    在车内空间方面，我必须承认e：NS1的设计有些瑕疵。车内空间偏小，特别是后排乘客的腿部空间比较紧凑。此外，储物空间也相对较少，无法装下太多物品。对于经常出行的我来说，这是一个比较大的不便，无法满足我的需求。
    
    






                

    驾驶感受
        
            
            
        
        5
    
    
    在驾驶感受方面，e：NS1给我留下了深刻的印象。它的驾驶舒适性非常好，座椅设计得很人性化，不论是长途还是短途驾驶都很舒适。同时，它的动力表现也很出色，提速非常快，加速时的推背感让人尽享驾驶乐趣。此外，车内的隔音效果也很好，行驶中几乎听不到外界的噪音，给人一种安静舒适的感觉。
    
    






            

            




            

    续航
        
            
            
        
        4
    
    
    e：NS1的电耗相对较低，在城市道路上的表现尤为出色。然而，它的续航不太稳定，容易受到温度的影响。这就意味着，在极端温度条件下，我需要提前做好充电准备，以免在路上出现无法预料的尴尬情况。
    
    





            
            

    外观
        
            
            
        
        5
    
    
    e：NS1的外观设计非常时尚有个性，给人一种年轻活力的感觉。采用了流线型的车身设计，线条流畅，充满动感。同时，车辆的前脸造型独特，点亮的车灯更是增添了一抹时尚气息。总的来说，e：NS1的外观设计符合年轻人的审美定位，给人一种非常耀眼的感觉。
    
    





            

    内饰
        
            
            
        
        5
    
    
    在车内饰方面，e：NS1的表现非常出色。内饰豪华，采用了高质量的材质，如真皮座椅面料、进口木纹装饰等等，给人一种奢华的感觉。同时，触感舒适，各个按钮的手感都很好，让我有一种享受的感觉。
    
    





            

    性价比
        
            
            
        
        4
    
    
    就性价比来说，e：NS1的表现一般。虽然它的配置和质量都很出色，但是价格偏高，优惠力度相对较少，给人一种不太划算的感觉。相比同级别的其他车型，它的性价比有所不足。
    
    





            
                

    智能化
        
            
            
        
        5
    
    
    e：NS1的配置非常豪华，各种高端配置应有尽有。特别是在安全和驾驶辅助功能方面，它提供了多种主动安全配置，如盲点监测、自动紧急刹车等等，给我带来了更多的安心和便利。总的来说，e：NS1的配置非常全面，让我有一种省心的感觉。
    
    




            

            



        

        



        
    
    
    "
黑铁荣耀,"
        2023-06-09 首次发表
        
            
                
                    689km
                    
                    行驶里程
                
                
                
                
                
                
                    14.0kWh
                    夏季电耗
                
                
                
                
                
                
                    400公里
                    夏季续航
                
                
                

                
                
                    20.70万
                    裸车购买价
                
                
                    2023-04
                    购买时间
                
                
                    鹰潭
                    购买地点
                
            
            
    
        
            
        
        
            
        
        
            
        
        
            
        
        
            
        
        
            
        
        
            
        
        
            
        
    
    

    
        $(document).ready(function () {
            var koubeiid = 5000374;

        });

    


            
                最满意
                我对这台本田e：NS1满意的地方有很多，第一点是外观，e：NS1这台车的外观大气时尚，设计上非常符合我们的审美，轮毂设计也是比较独特的，跟整台车外观的气质很搭，适合年轻人。第二就是e：NS1的空间，虽然是小型SUV的定位，但是对于我们家4口人来说也是完全够用，后备箱也非常大，带上我们平常需要的东西一点压力也没有。第三点，驾驶感受非常不错，动力很足，虽然是纯电动车，但是带动这么大一个块头一点压力都没有，提速起步都很快，操控感受很好，踏板没有那种偏重感，很灵敏，辅助功能和安全装备多，开起来很省心。
            
            
                最不满意
                我这台e：NS1不太合适的地方在内饰上，内饰细节处的做工比较粗糙，我觉得还是有待提升的。
            

            

    空间
        
            
            
        
        4
    
    
    本田e：NS1是一台SUV，虽然是小型SUV的定位，但是对于我们家4口人来说也是完全够用，后备箱也非常大，带上我们平常需要的东西一点压力也没有。
    
    






                

    驾驶感受
        
            
            
        
        5
    
    
    驾驶感受还是非常不错的，分三块来说。首先车子的动力很足，虽然是纯电动车，但是带动这么大一个块头一点压力都没有，提速起步都很快。然后e：NS1的操控感受很好，踏板没有那种偏重感，很灵敏，辅助功能和安全装备多，开起来很省心。最后乘坐感受非常棒，座椅是仿皮材质的，贴合性也很好，长时间乘坐也不会觉得累，真皮多功能方向盘触感很好，使用方便。
    
    






            

            




            

    续航
        
            
            
        
        5
    
    
    由于我工作的原因我一般都是集中在市区内使用这台车，我平常的开车习惯也很好的，所以我的e：NS1续航基本保持在7、8成是没有问题的。
    
    





            
            

    外观
        
            
            
        
        5
    
    
    我觉得e：NS1这台车的外观大气时尚，设计上非常符合我们的审美，轮毂设计也是比较独特的，跟整台车外观的气质很搭。
    
    





            

    内饰
        
            
            
        
        4
    
    
    内饰我觉得有好有坏吧，仿皮座椅真皮方向盘感受很好，还有天窗，车内采光很好，不会有那种压抑感，15.1英寸的中控屏使用非常方便，不过内饰细节处的做工比较粗糙，我觉得还是有待提升的。
    
    





            

    性价比
        
            
            
        
        4
    
    
    我就是想买一台这样精致帅气的SUV来代步，外观颜值很高，动力强劲，开出去也非常安心，性价比很高。
    
    





            
                

    智能化
        
            
            
        
        5
    
    
    e：NS1座椅的设计真的是非常符合人体工学的，所以说实际坐上去是真的舒服，再加上座椅填充物也比较软一点坐上去贴合度和包裹感都非常棒，车子内部的空间和配置也比较占优势。
    
    




            

            



        

        



        
    
    
    "
淅淅沥沥的犀牛,"
        2023-06-08 首次发表
        
            
                
                    2015km
                    
                    行驶里程
                
                
                
                
                
                
                    14.0kWh
                    夏季电耗
                
                
                
                
                
                
                    410公里
                    夏季续航
                
                
                

                
                
                    20.70万
                    裸车购买价
                
                
                    2023-04
                    购买时间
                
                
                    成都
                    购买地点
                
            
            
    
        
            
        
        
            
        
        
            
        
        
            
        
        
            
        
        
            
        
        
            
        
    
    

    
        $(document).ready(function () {
            var koubeiid = 4999426;

        });

    


            
                最满意
                本田e：NS1小型SUV新车价位虽然不低但是配置高很实用，而且补贴也不少，对比一些国内的新能源汽车还算是脱颖而出，从价位来说大多数可能会接受不了，但看完配置和各方面的表现就知道区别在哪里了，代步用e：NS1就很有质感，车的外形设计也美观大方
            
            
                最不满意
                当时想换车一直没有找到合适的，最后看中了e：NS1，我和老婆都相中了，看来看去还是选择了e动版本，价位偏高，其实我自己定位的家用车在15万左右，最后就是相中了就拿下了，稍微有点压力，不过用车还是非常安心的
            

            

    空间
        
            
            
        
        5
    
    
    车的空间舒适性没得说，宽大的座椅坐上去非常的舒服并且角度还能够调节，都知道本田最主要的就是舒适度，e：NS1的表现也是相当的亮眼了，我们家一家三口正常出行都没有问题，别看刚提车不就但我们已经开车去了很多地方了，空间充足非常不错家庭式露营还是很不错的。
    
    






                

    驾驶感受
        
            
            
        
        5
    
    
    我买的是e动版本，日常代步来说已经是性能最好了的。我们一家都是很喜欢四处游玩的买个电车的一步到位以后就懒得换车了。开车一直下来的动力也都很好，加速过程也都很柔和，顺畅没有顿挫的感觉开着还有劲，要是早知道电车这么好开我就早换车了。
    
    






            

            




            

    续航
        
            
            
        
        4
    
    
    e：NS1的续航在同级别中表现也都非常的亮眼，在日常生活中大部分的时间都是城区里开车，不需要担心什么续航里程的问题，随处都有充电桩，主要的是本田e：NS1在用电安全上还很有保障，出行也是更加的安心放心。
    
    





            
            

    外观
        
            
            
        
        5
    
    
    从我的颜值审美来说e：NS1绝对排第一名了，造型相当的好看特别是前脸，封闭式的设计看上去很好看，颜值没得说，不得不承认就是要更帅气。我很多的朋友看到这辆车都说是想象不出来这是本田设计出来的车，回头率可以说是相当的高了。
    
    





            

    内饰
        
            
            
        
        4
    
    
    上车就感觉内饰很好看质感很好，可以看的出来走线做工都非常的公正，本田从燃油车我看到了e：NS1，相中e：NS1内饰占了很大一部分。时尚高级感并存。大面积用的软质材料包裹，方向盘按键包括屏幕设计都很精致。颜值没得挑剔相当的好看了，我是很喜欢这种设计风格。
    
    





            

    性价比
        
            
            
        
        4
    
    
    e：NS1这辆车其实从实力方面来说不容小觑，智能化也很吸引人，续航里程来说也非常合适。只是价格稍微超预算了。
    
    





            
                

    智能化
        
            
            
        
        5
    
    
    e：NS1的配置丰富性价比很高，并且安全型和舒适度也都不错，很多科技感和人性化的配置。辅助功能倒车影像还有全速自适应巡航，还有天窗和真皮方向盘，语音识别控制也都很方便，至少生活中用车非常愉快。
    
    




            

            



        

        



        
    
    
    "
清风棉花糖,"
        2023-06-08 首次发表
        
            
                
                    645km
                    
                    行驶里程
                
                
                
                
                
                
                    14.0kWh
                    夏季电耗
                
                
                
                
                
                
                    420公里
                    夏季续航
                
                
                

                
                
                    18.90万
                    裸车购买价
                
                
                    2023-05
                    购买时间
                
                
                    抚州
                    购买地点
                
            
            
    
        
            
        
        
            
        
        
            
        
        
            
        
        
            
        
        
            
        
        
            
        
        
            
        
    
    

    
        $(document).ready(function () {
            var koubeiid = 4999391;

        });

    


            
                最满意
                很多地方都很满意，首先最满意的自然是空间方面，这个车作为家用车，空间方面自然是没话说，乘坐空间和储物空间都非常大，完全能够满足日常需求。其次就是我开始还比较担心的动力问题，试驾以后基本就打消了这个意头，动力是完全没有问题的，一脚电门蹭蹭的往前冲。外观的话也挺满意，非常时尚潮流，也不失稳重大气，整体性价比也挺好的，在预算以内的价格给了我超出预期的体验感。
            
            
                最不满意
                最不满意的地方就是新车异味比较大，也可能是材质不是很好，刚提车那天，一打开车门一股难闻的味道扑面而来，极其难受。
            

            

    空间
        
            
            
        
        5
    
    
    空间完全是没有问题的，首先我自己驾驶的话，175的个子坐在驾进位是完全足够的，头部空间和腿部空间都够用。然后后排的话，位置也是很大的。如果长时间跑高速或者出去自驾游的话，也是轻松的可以调整坐姿。
    
    






                

    驾驶感受
        
            
            
        
        4
    
    
    这辆车还是比较轻松就可以驾驭的，稍微扶一下方向盘就可以很精确的达到想要的角度转弯修正什么的，都是比较准确的，基本能做到车随心。就动力来说，能够秒杀很多其他的品牌了吧。上坡超车轻轻松松，一点也不肉，而且我对推背感和百公里加速用时几秒并没有很大的兴趣，我比较喜欢颜值高、开起来顺手的车。另外座椅看起来就很上档次，坐起来是很舒服的，隔音很好，车里基本听不到太大外界的噪音，整体还是很舒服的。
    
    






            

            




            

    续航
        
            
            
        
        5
    
    
    续航现在是在我接受范围内，我现在这台车还是新车，再加上是夏天，续航肯定是不会低的。
    
    





            
            

    外观
        
            
            
        
        5
    
    
    外貌协会的我就是被这辆车的颜值所吸引，外观没得挑啊，时尚大气又不失美感。
    
    





            

    内饰
        
            
            
        
        4
    
    
    内饰方面实在是让我有点失望了，内饰还有一部分硬塑料，不仅手感和质感不好，而且异味还有点大，所以显得也不是很上档次，跟外观的整体颜值也不是很符合，关键就是这个异味真的是特别让我难受。
    
    





            

    性价比
        
            
            
        
        4
    
    
    虽然说买这辆车之前没有特别仔细了解，但是我觉得这也算是一种缘分吧，当我看到这辆车的第一眼，就觉得应该买下它。这段时间的驾驶下来，这辆车给我带来的感受不是一般的好，性价比很优秀。
    
    





            
                

    智能化
        
            
            
        
        5
    
    
    我这台是e驰版的配置，虽然不是顶配但是有天窗，驻车雷达、倒车影像、倒车车侧预警系统等等，实用性还是非常高的。
    
    




            

            



        

        



        
    
    
    "
青青子衿拥,"
        2023-03-21 首次发表
        
            
                
                    7650km
                    
                    行驶里程
                
                
                
                
                
                    13.3kWh
                    春秋电耗
                
                
                
                
                
                
                    480公里
                    春秋续航
                
                
                
                

                
                
                    20.70万
                    裸车购买价
                
                
                    2022-09
                    购买时间
                
                
                    重庆
                    购买地点
                
            
            
    
        
            
        
        
            
        
        
            
        
        
            
        
        
            
        
        
            
        
        
            
        
        
            
        
    
    

    
        $(document).ready(function () {
            var koubeiid = 4873324;

        });

    


            
                最满意
                最满意的嘛，肯定是续航和后期的省钱能力了呗，选择新能源不就是这个原因嘛，看中电动车的后期省钱能力，买之前就了解了这车的续航能力强，而且它的维护成本也不高，销售给我说的保养一次也很便宜，所以买来之后就不会有啥压力了。其次满意的就是e:NS1的内饰很温馨，给人一种家的感觉，而且材料这些啊摸着都很舒服，反正基本上都是软的，硬的地方很少。车内的储物空间也多，平时放小东西的地方也足够多了，挺方便的。这一段时间使用下来我对e:NS1还是很满意的。
            
            
                最不满意
                不满意的就是车子的车漆太薄了，容易刮花，影响美观，让我有点心情不爽。
            

            

    空间
        
            
            
        
        5
    
    
    空间正常水准，毕竟仅仅是微型车，也不可能说有多大，但是家用反正是完全足够了的，后排我坐进去有一拳多点的空间，够了。后备箱也不算太大，放得下2个行李箱就不行了，但是我平时基本上不咋用后备箱，因为这车买来就是主要代步用的，不咋跑长途，更不会拿去自驾游了，充电太麻烦了。
    
    






                

    驾驶感受
        
            
            
        
        5
    
    
    操控轻松得很嘛，方向盘的电子助力系统让我觉得有点不像在开车，太轻巧了，一个手指都可以打方向，你说牛不牛。而且它还有非常多的辅助功能可以用，简直就是一台很好开的车。舒适度还行吧，正常水平，隔音在市区的效果很好，高速就一般吧，主要是胎噪和风噪，这个没法避免的东西。不过座椅很舒服，坐久了也不会觉得腰部很累，支撑度足够到位了。
    
    






            

            




            

    续航
        
            
            
        
        5
    
    
    电耗现在13.3千瓦时，我发现e:NS1续航衰减并不是很严重，能跑个480多公里没问题，市区代步是足够了。
    
    





            
            

    外观
        
            
            
        
        4
    
    
    外观我喜欢，特别是侧面的颜值很高，如果在低一点就更帅了，哈哈哈，反正我是很喜欢这个颜值的。唯一的不足就是车子的车漆比较薄，剐蹭留下的痕迹看起来特别不舒服。
    
    





            

    内饰
        
            
            
        
        5
    
    
    内饰也喜欢，买车就看外观和内饰，这两块都很满意，新车也没味道，很环保。
    
    





            

    性价比
        
            
            
        
        5
    
    
    性价比可以说是很棒了，我主要就是用来平常上下班，经济性很高，代步很实用，经济上基本没有压力。
    
    





            
                

    智能化
        
            
            
        
        5
    
    
    倒车影像辅助驾驶功能让这车显得就很有科技感了，倒车非常简单，各方面的配置都很高，很省心。
    
    




            

            



        

        



        
    
    
    "
从慕尼黑出发吧,"
        2023-02-22 首次发表
        
            
                
                    6059km
                    
                    行驶里程
                
                
                
                
                
                
                
                    16.0kWh
                    冬季电耗
                
                
                
                
                
                
                     400公里
                     冬季续航
                
                

                
                
                    17.50万
                    裸车购买价
                
                
                    2022-10
                    购买时间
                
                
                    成都
                    购买地点
                
            
            
    
        
            
        
        
            
        
        
            
        
        
            
        
        
            
        
        
            
        
        
            
        
    
    

    
        $(document).ready(function () {
            var koubeiid = 4832632;

        });

    


            
                最满意
                最满意的第一点就是外观设计，e:NS1的前脸和侧面都给我一种来自未来的科技感，轮毂也是有运动，全身上下都透露着运动二字，我感觉还是非常适合我这种年轻人的。第二个就是空间挺满意的，坐着宽敞，前排的腿部空间宽敞，头部高度也可以，一拳多是没问题的。后排的乘坐空间也可以，同时坐三个成年人也不感觉拥挤，家人坐车里面的时候，也是觉得这个空间挺好的。
            
            
                最不满意
                e:NS1我也开了也有段时间了，整体来说对它还是很满意的，各方面表现也都还不错，电耗也低，用车费用很便宜。不过也有个小瑕疵吧，就是外观上我觉得尾部设计并不是特别好看，我更喜欢e:NS1的前脸。
            

            

    空间
        
            
            
        
        5
    
    
    e:NS1的空间挺大的，坐着还是很宽敬的。我平时基本上就是一个人，它的尺寸也不错了，后排很少载人。还有就是它的后备厢的储物空间也不错，能放挺多东西的。
    
    






                

    驾驶感受
        
            
            
        
        5
    
    
    360度全景影像这个是有的，不用自己再去加装了。因为车尺寸也挺大的，这样在倒车时能清楚的看到车后的情况，这样就方便了，也免得出现一些安全隐患。自动驻车这个功能非常实用，市区代步开，红绿灯比较多，停车之后自动驻车，起步的时候一脚下去自动解锁，这个很方便。
    
    






            

            




            

    续航
        
            
            
        
        5
    
    
    能耗方面还是可圈可点的，目前它的百公里电耗在16千瓦时上下。
    
    





            
            

    外观
        
            
            
        
        4
    
    
    外观还是比较时尚运动的，属于那种看上去就觉得它很有设计感，很时尚的一款车。外观这个东西就市给人的第一印象最重要，e:NS1有着动感时尚的姿态，也得到了身边同事朋友们的赞美。不过虽说外观整体还是好看，但是尾部的设计我觉得有点不搭，太复杂了。
    
    





            

    内饰
        
            
            
        
        5
    
    
    内饰还是设计得很好看的，无论是颜值还是用料我觉得都很有诚意，用着很舒服。关键是用料还挺好，到处摸着的感觉都比较舒服，中控屏幕也是够大了，科技感也是拉满了的，新车味道并不大，挺好的。
    
    





            

    性价比
        
            
            
        
        4
    
    
    感觉这款车的性价比还是挺高的，坐在车内空间比较宽敞。配置也算丰富，平时用到的配置也是基本上都有，家用也非常实用。动力强劲，对于家用还是非常好的。物超所值的一款车。
    
    





            
                

    智能化
        
            
            
        
        5
    
    
    我这台是e境版，当时就是了解之后发现配置很高，属于要什么有什么，还是很满意的。
    
    




            

            



        

        



        
    
    
    "
随大流看风景,"
        2023-02-13 首次发表
        
            
                
                    1800km
                    
                    行驶里程
                
                
                
                
                
                
                
                    15.1kWh
                    冬季电耗
                
                
                
                
                
                
                     400公里
                     冬季续航
                
                

                
                
                    20.70万
                    裸车购买价
                
                
                    2023-01
                    购买时间
                
                
                    南京
                    购买地点
                
            
            
    
        
            
        
        
            
        
        
            
        
        
            
        
        
            
        
        
            
        
        
            
        
    
    

    
        $(document).ready(function () {
            var koubeiid = 4816454;

        });

    


            
                最满意
                这辆车的外观是我最满意的。我觉得很少有人会不喜欢它的外观吧，因为它外表看起来很运动，整体外观也很符合我的审美，我觉得能做到这一点的车很少，还有一个就是我特别喜欢它的动力，我觉得现在很多年轻人都会比较喜欢它。除了它的外观，它的内饰装饰我也是蛮喜欢的，内外都喜欢。特别足，虽然要求不多，但是如果动力特别差跑不起来就很难受。
            
            
                最不满意
                其实我觉得这辆车方方面面的表现都挺不错的，只是有个别的地方需要注意一下，有时候通过比较坑洼的路段会有颠簸的感觉，希望减震方面能够改善一下。
            

            

    空间
        
            
            
        
        5
    
    
    空间方面，我觉得还是足够的，独立的活动性也大，前排的空间其实还挺够用的，坐进去不会觉得紧凑，后备箱空间还是挺大的，车内的空间布局还是很合理的，放东西很方便。之前出去旅游烧烤没问题，还挺实用的。
    
    






                

    驾驶感受
        
            
            
        
        4
    
    
    非常敏感，它的方向盘稍微有点重量，刹车也很安全，开起来也很好看，但是手感真的很好，灵敏度很高。而且它的辅助配置很全，应该都在，一点也不会觉得费力。动力极好，刚开始的时候完全没有感觉，它的动力还是很大的，加速的感觉也很好。爆发力很好，后推的感觉相当明显。即使开了空调，不会有难拖的感觉。舒适性的话感觉还是不错的，坐在比较有感觉，车辆隔音效果也很棒，平时放东西空间也很给力，座椅的用料很好，软硬适中，完全够用，也不会感到有颠簸感，坐得很稳，很给力，空调效果也不错，唯一不足的是通过比较坑洼的路段会有颠簸的感觉，希望减震方面能够改善一下。
    
    






            

            




            

    续航
        
            
            
        
        5
    
    
    现在用车基本都是上下班，然后偶尔会有严重的堵车，我觉得有这个电耗我还能接受，至少比油车要省，续航也没有多少虚位。
    
    





            
            

    外观
        
            
            
        
        5
    
    
    我觉得外观好看，很大气，饱满的线条，不管停在那里一道风景，首先车子的外观在视觉上就赢得了我的好感，浑然一体的线条感，这样的设计给了我一种全新的感受精致时尚的外型，造型大气的车身，让人眼前一亮。
    
    





            

    内饰
        
            
            
        
        5
    
    
    我觉得内饰还可以。它的内部看起来简单舒适，使用起来也很满意，而且功能还是蛮多的，也不卡顿，中控用起来挺方便的，它用起来非常的快捷，用起来非常的顺畅，做工方面挺精致的，摸起来的手感也是非常的棒，小细节什么的都处理得非常的完美。
    
    





            

    性价比
        
            
            
        
        5
    
    
    我觉得性价比挺好的。无论外观还是表现，都还不错，我觉得他做的很好，安全方面也做的很好，动力方面确实是挺给力的，而且操控起来也是非常的容易上手，对于这辆车，我觉得还是挺满意的。
    
    





            
                

    智能化
        
            
            
        
        5
    
    
    配置挺高的，中控用起来挺方便的，非常的快捷，用起来非常的顺畅，做工方面挺精致的，小细节什么的都处理得非常的完美。
    
    




            

            



        

        



        
    
    
    "
逃逸舒适圈,"
        2023-02-12 首次发表
        
            
                
                    2881km
                    
                    行驶里程
                
                
                
                
                
                
                
                    15.2kWh
                    冬季电耗
                
                
                
                
                
                
                     400公里
                     冬季续航
                
                

                
                
                    20.70万
                    裸车购买价
                
                
                    2022-12
                    购买时间
                
                
                    成都
                    购买地点
                
            
            
    
        
            
        
        
            
        
        
            
        
        
            
        
        
            
        
        
            
        
        
            
        
    
    

    
        $(document).ready(function () {
            var koubeiid = 4814607;

        });

    


            
                最满意
                当然就是帅气时尚的是外观了，这个车子的外观设计非常漂亮，看起来足够运动，我是个外貌协会的人，所以这辆车的外观非常令我满意。其次就是这个车子的动力，让我非常满意，店里试驾了感觉非常的满意，综合看性价比挺高，很满意。
            
            
                最不满意
                在我最不满意的地方就是这个车子关于舒适性的一些设计，其中我对于它的减震能力就不是很喜欢，感觉有的时候跑在路上经常会有颠簸感出现，在高速上我能感受到整个车子的胎噪问题，同时这个噪音也影响到驾驶的心情。
            

            

    空间
        
            
            
        
        5
    
    
    整个储物空间也是挺大的，能够容量各种杂物和日常必需品，它的表现还是挺让我们喜欢的，不仅乘坐空间很大而且它的储物空间也是蛮丰富的，后备箱的容纳能力也很强，每次我们一起出去玩的时候都能放下很多行李。
    
    






                

    驾驶感受
        
            
            
        
        4
    
    
    整个方向盘的重量轻重都很合适而且很容易上手，轻松的驾驭住这台车子，而且它方向也是蛮轻的，平时打方向的时候很轻松，我觉得打方向的时候不需要费太大力气，而且指向性和灵活性还挺高的，也能提高我驾驶的安全系数。对于动力没有什么太高的要求，平时开在市里很灵活并且能够给我们省下很多时间，毕竟起步还是挺快的嘛。经过这一段时间的驾驶车子动力输出的很平稳，而且中途想要超车的话一脚踩上油门就能感受到向前冲的力量，整个车子的加速和换挡很平顺，完全不用担心动力不行。车子的内部空间设计的比较宽敞坐在车子里面给人的感觉就比较舒坦，这车的座椅设计的比较好，包裹性和支撑性都比较强，长时间乘坐，也不会感到乏累，座椅坐着还是很舒服滴，不足之处就是它的隔音效果了。
    
    






            

            




            

    续航
        
            
            
        
        5
    
    
    平常都是在市区上下班，能耗表现的挺稳定的，只要不遇到什么极端的堵车状况基本上不会产生太明显的波动。我父母真是闲不住，经常开着出门，不过我爸的驾驶习惯还是蛮好的，一路开下来速度平稳。
    
    





            
            

    外观
        
            
            
        
        5
    
    
    富有个性的小心机设计，车子的外观设计的比较偏向于经典一些，符合大多数人的审美。我个人认为这辆车子的外观还是具有一定的设计感的，车子的外观确实是拿的出手的。整个车身线条都是比较流畅的，给车子营造了一种青春与活力的时尚感。
    
    





            

    内饰
        
            
            
        
        5
    
    
    内饰这一块还挺值得去夸奖一下的，反正挺有看头的。设计的是比较让人称心的，打开车门最引人注目的应该就是车子的中控设计了，设计的是比较优秀的，该有的基础功能也都有，我个人也比较喜欢这样感觉的内饰风格。
    
    





            

    性价比
        
            
            
        
        5
    
    
    车子的外观设计的就比较适合我们这种年轻一代的审美口味，车子整体加分的。感觉实力也比较强，整体来说还是挺好的，感觉是配得上这个价位。
    
    





            
                

    智能化
        
            
            
        
        5
    
    
    作为一款纯电动SUV，它的快充时间不到一个小时，续航也很给力，基本能满足我一星期的用车需求。
    
    




            

            



        

        



        
    
    
    "
岁月初升,"
        2023-02-10 首次发表
        
            
                
                    1733km
                    
                    行驶里程
                
                
                
                
                
                
                
                    14.3kWh
                    冬季电耗
                
                
                
                
                
                
                     350公里
                     冬季续航
                
                

                
                
                    18.90万
                    裸车购买价
                
                
                    2023-01
                    购买时间
                
                
                    沈阳
                    购买地点
                
            
            
    
        
            
        
        
            
        
        
            
        
        
            
        
        
            
        
        
            
        
        
            
        
    
    

    
        $(document).ready(function () {
            var koubeiid = 4811247;

        });

    


            
                最满意
                对于我来讲，这台车子的价位真的非常合适，而且作为一台小型SUV，这台车子本身的品质也的确是非常值得信赖的，毕竟这套动力总成的稳定性确实很棒，而且比较小的尺寸也的确是更加容易操控的，整个车子的内部的空间也足够大，最起码对于我们的用车需求来讲，我觉得这就已经是很不错了，最关键的就是本身的用车成本也确实是足够低的，真的是一台超级务实的纯电动SUV！
            
            
                最不满意
                这台车子整个车子的内饰用料也比较一般，最主要的问题就是本身的异味有点大。
            

            

    空间
        
            
            
        
        5
    
    
    空间对于一台小型SUV来说，本田e:Ns1的车身尺寸确实不算很小了，所以它的车内空间也是很宽敞的，我们平时也是一家四口在用车，完全不会觉得空间不够用，包括后备箱也是能够应付日常所用的。
    
    






                

    驾驶感受
        
            
            
        
        5
    
    
    毕竟本田e:Ns1是一台SUV车型，底盘的离地间隙肯定较高一点，好在这辆车的底盘调校足够扎实，所以车子开起来特别稳，还有就是不那么庞大的车身也不会带来太多的盲区，平时车子开起来也是比较轻松的。我买车那会完全没有想着对动力有什么追求，在实际用车过程中它的动力也确实没有让我失望，整个车子的动力输出还是比较强的，感觉每一脚电门踩下去动力响应还都挺积极的，动力输出也比较平稳。
    
    






            

            




            

    续航
        
            
            
        
        5
    
    
    买纯电动的车子最大的好处就是不用担心能耗问题，开在车流量较小的郊区路段我也会追求动力带来的快感，但这台车的花费依然是很低的，相对来讲，这就已经是非常省钱了。
    
    





            
            

    外观
        
            
            
        
        5
    
    
    外观还是很大气的，同时也很时尚动感，它的侧身造型给人的感觉就比较紧致硬挺一些，丰富硬朗的车身线条也在很大程度上增强了外观的运动气息。
    
    





            

    内饰
        
            
            
        
        4
    
    
    内饰看起来就没有太大的特色了，整体给人的感觉就比较传统一点，这都是其次，主要是车内的用料不是很好，看着倒是没什么，但是带来的异味影响真挺大的，这辆车所带给我们的乘坐舒适感确实不怎么好，主要一方面就是它的座椅偏短一点，而且座椅的填充物也是比较硬的，前后排都是一样坐上去不会有特别强烈的包裹感。
    
    





            

    性价比
        
            
            
        
        5
    
    
    我觉得买这辆车特别划算，毕竟价格要实惠的多，还有就是本田e:Ns1的养车成本也是非常低的，养车是我在买车那会考虑最多的问题，我可不想给自己以后带来太大的养车压力。
    
    





            
                

    智能化
        
            
            
        
        5
    
    
    本田e:Ns1使用的是真皮多功能方向盘，10.25英寸的液晶仪表盘，15.1英寸的中控屏幕看起来真的科技感满满，这个价格，值了！
    
    




            

            



        

        



        
    
    
    "
船帆之下,"
        2023-01-10 首次发表
        
            
                
                    4059km
                    
                    行驶里程
                
                
                
                
                
                
                
                    16.0kWh
                    冬季电耗
                
                
                
                
                
                
                     450公里
                     冬季续航
                
                

                
                
                    17.59万
                    裸车购买价
                
                
                    2022-09
                    购买时间
                
                
                    常德
                    购买地点
                
            
            
    
        
            
        
        
            
        
        
            
        
        
            
        
        
            
        
        
            
        
        
            
        
    
    

    
        $(document).ready(function () {
            var koubeiid = 4775230;

        });

    


            
                最满意
                看车的时候就是看到这车续航有点厉害，510公里的续航让我有点意外，当时还有点怀疑它的续航真实性，但是开了一段时间下来还真是没让我失望。基本上可以跑450公里左右。以前还听别人说电动车损耗很大，完全是在胡说，我觉得这个续航完全能够应付大多数情况下的用车了，偶尔跑个周边城市也是一点压力都没有的。
            
            
                最不满意
                不满意的话可能是方向盘稍微有点轻吧，给我的感觉就是不算太厚重。新手的话需要习惯一段时间才能够完全驾驭它。
            

            

    空间
        
            
            
        
        5
    
    
    空间表现还是很不错的，一家人出行都是轻松装下。后备箱也能放不少东西，我平时喜欢打球，后面都是放的我的篮球装备。而且车内的储物空间也挺多的，到处都可以放一些小东西，总而言之很方便。
    
    






                

    驾驶感受
        
            
            
        
        4
    
    
    动力很不错了，电动车的动力好像没人说差了吧，毕竟电动车的加速都很强。特别是在起步那一下，速度贼给力，一下子就起来了，超车也是轻轻松松的，不过操控我感觉开起来有点轻飘飘的感觉，主要是方向盘有点太过于轻松了，没有那种燃油车的厚重感，所以稍微有点不满意。在就是这车底盘调教得还不错，过一些坑的时候就感觉很柔软就过了，不会让人觉得车内很大的颠簸感，在一个它的隔音水平还挺高的，车内噪音基本上就没啥声音，音响效果也不错，听点音乐就很让人放松。
    
    






            

            




            

    续航
        
            
            
        
        5
    
    
    续航我就是看中了这车的续航，510公里版本的续航至少在9折左右，基本上也就能跑个450公里左右，高速的话要低一点，毕竟高速费电大家都懂。
    
    





            
            

    外观
        
            
            
        
        5
    
    
    外观很喜欢的就是前脸无进气格栅的设计和轮毂的造型，感觉科技感很强，开起来也很有面子。整体的运动感还是非常不错的，无论是从哪个角度来看都是很nice的，我是非常喜欢的。
    
    





            

    内饰
        
            
            
        
        5
    
    
    内饰的氛围营造得很不错了，中控大小也合适，流畅度很高，语音操控也简单，无论是放歌、导航、接打电话都可以用语音直接控制了，这样也能最大程度的减少人去操控，带来的安全问题吧，还是挺人性化的。
    
    





            

    性价比
        
            
            
        
        5
    
    
    性价比真不错，配置高就不说了，外观颜值也比较好看，e:NS1的设计还是非常符合年轻人的胃口的，而且续航也还不错，510公里版本的续航完全可以满足日常用车。
    
    





            
                

    智能化
        
            
            
        
        5
    
    
    配置那就非常nice了，510公里旗舰版的配置相当高了，妥妥的科技与颜值并存的一款电动车。
    
    




            

            



        

        



        
    
    
    "
买来的快乐,"
        2023-01-10 首次发表
        
            
                
                    1593km
                    
                    行驶里程
                
                
                
                
                
                
                
                    15.0kWh
                    冬季电耗
                
                
                
                
                
                
                     450公里
                     冬季续航
                
                

                
                
                    17.50万
                    裸车购买价
                
                
                    2022-12
                    购买时间
                
                
                    成都
                    购买地点
                
            
            
    
        
            
        
        
            
        
        
            
        
        
            
        
        
            
        
        
            
        
        
            
        
    
    

    
        $(document).ready(function () {
            var koubeiid = 4775216;

        });

    


            
                最满意
                动力是最满意的，从最开始试驾的时候，我就喜欢上了这台车的动力，特别是起步的时候，动力绝对没有问题，而且响应也很积极，换挡也很流畅。如果对比的话，我觉得e:NS1的动力应该要比那种1.5t汽油车的动力好，特别起步的时候，汽油车真跑不过我。
            
            
                最不满意
                e:NS1的不足之处在于方向盘过于轻巧了，以前开习惯了燃油车，现在开电动车有点不太习惯。
            

            

    空间
        
            
            
        
        4
    
    
    空间表现一般吧，毕竟是小型SUV，后排不算太宽敞，坐3个人的话还是有点拥挤的，好在前排空间还不错，我位置可以随便调，一般也就我和女朋友两个人，比较方便了。
    
    






                

    驾驶感受
        
            
            
        
        4
    
    
    基本上市区里面开，这种电动车加速的是偶，在市区里面是没有什么对手的。尤其是前三四十公里这个时速区间内，电动车的优势非常明显。一脚下去，超车没有任何的压力，轻松搞定。说实话现在开习惯了之后，你让我再去开小排量的燃油车，我真不喜欢，感觉没法开。但是我就是现在还不太习惯这车的方向盘，轻巧得很，还是在习惯一段时间吧。
    
    
        舒适性
        之前我借过朋友的轻混车型，感觉那个车怠速的时候还是有点噪音的。但是我这台e:NS1它是纯电的，就很安静，不管是起步的时候还是加速超车的时候。噪音确实都不大，这样坐车里面感觉也很好。
        
        
    






            

            




            

    续航
        
            
            
        
        5
    
    
    其实电耗到底有多少，我也没算过，反正都是看行车电脑的显示。电动车这一点其实不用担心的，肯定是很省钱的。当时买它就是奔着这个目的去的。
    
    





            
            

    外观
        
            
            
        
        5
    
    
    外观挺酷的，大气，时尚，有种棱角分明的感觉，是一台看上去整体设计感很强的电动车。我记得第一次带着家里人去看车的时候，他们就看中了这台车的造型设计，觉得整体的外观真的特别的时尚。
    
    





            

    内饰
        
            
            
        
        5
    
    
    内饰设计方面我觉得也是非常不错的，本来设计风格也是本田的家族风格，又加入了一些电动化的元素，科技感更好一些。车里的配置，也是该有的配置都是有的，而且用料也算是非常可以的，摸着还挺软的，所以内饰我也挺满意。
    
    





            

    性价比
        
            
            
        
        5
    
    
    这款车的性价比我觉得算是非常高了，为什么我会有这样的评价，主要是用了这段时间之后，确实e:NS1它给我的综合感受来讲的话是很优秀的。再看看同级别同价位其他电动车，e:NS1品控这些也要好一些，毕竟是本田出品了，家人都觉得它性价比挺高的。
    
    





            
                

    智能化
        
            
            
        
        5
    
    
    e:NS1的配置就非常科技了，高科技功能一应俱全，太喜欢了。
    
    




            

            



        

        



        
    
    
    "
日子田里XS,"
        2022-12-22 首次发表
        
            
                
                    6590km
                    
                    行驶里程
                
                
                
                
                
                
                
                    17.0kWh
                    冬季电耗
                
                
                
                
                
                
                     450公里
                     冬季续航
                
                

                
                
                    17.70万
                    裸车购买价
                
                
                    2022-08
                    购买时间
                
                
                    安庆
                    购买地点
                
            
            
    
        
            
        
        
            
        
        
            
        
        
            
        
        
            
        
        
            
        
        
            
        
    
    

    
        $(document).ready(function () {
            var koubeiid = 4748812;

        });

    


            
                最满意
                我比较满意的就是车子的配置和性能，本田是一个比较好的品牌，而且在我国汽车市场一直都有很高的地位。在买车之前我就想买一台本田的车，而后来也发现车子还是非常好开的，在驾驶的时候非常轻盈，而且这是一台纯电动的新能源车，不仅保证了动力供应，而且还非常的安静，操控起来也比较轻松。
            
            
                最不满意
                不太满意的就是车子内饰的设计风格，本来我认为车子的内饰设计的会比较豪华，就像是国产车设计的那样。但是我觉得中控屏幕稍微有些小，和国产车相比的话有一定的差距。还有就是车内的隔音效果有些不太好，可能是因为车漆比较薄的原因。
            

            

    空间
        
            
            
        
        5
    
    
    当时在买的时候我就知道这是一台小型的SUV，所以我在衡量车子空间的时候，也一直都把它当成一个小型车来看。如果和中大型SUV相比那么车内的空间肯定比较小，但是作为一台尺寸不是很大的小型SUV来看待的。前排的空间还是比较宽敞的，后排的布局比较合理，但是如果同时乘坐三个成年人的话可能会觉得有些拥挤。
    
    






                

    驾驶感受
        
            
            
        
        5
    
    
    这台车在起步的时候比较安静，基本上听不到什么电流的声音。而且车子的方向盘大小比较合适，采用的也是比较方正的造型，在打方向的时候比较方便。还有就是这台车有三种驾驶模式，我一般都会采用标准舒适的驾驶模式，如果将驾驶模式切换到运动型的话，会感受到更加猛烈的加速感。
    
    






            

            




            

    续航
        
            
            
        
        5
    
    
    虽说官方续航是510公里，但是我目前的续航一般是打8折左右，400多公里，反正日常化通勤是毫无压力的，反正便宜也省钱。
    
    





            
            

    外观
        
            
            
        
        5
    
    
    车子的外观我觉得设计的非常年轻时尚，在车身上运用了很多紧致的线条，流畅型的造型让整个车身看起来更加有辨识度。
    
    





            

    内饰
        
            
            
        
        4
    
    
    内饰的设计风格也延续了本田一贯的风格，看起来塑料感十足。使用的设计风格是比较偏简约的，相比较国产车的中控台中控屏幕稍微有些小。
    
    





            

    性价比
        
            
            
        
        5
    
    
    我个人认为性价比还是比较高的，当时在买车的时候申请到了买车补贴，而且后续使用的时候，我觉得车子的性能和燃油版的车子没有什么太大的区别，甚至要比燃油版的车子起步更快，更加安静。
    
    





            
                

    智能化
        
            
            
        
        5
    
    
    车子的智能化水平还是比较丰富，可以使用车机互联系统，而且还能够触动各种语音助手。在车内也能够看到很多USB接口，这些智能化的配置让日常的使用变得更加方便。
    
    




            

            



        

        



        
    
    
    "
束双马尾P52,"
        2022-12-22 首次发表
        
            
                
                    4259km
                    
                    行驶里程
                
                
                
                
                
                
                
                    18.0kWh
                    冬季电耗
                
                
                
                
                
                
                     450公里
                     冬季续航
                
                

                
                
                    17.70万
                    裸车购买价
                
                
                    2022-09
                    购买时间
                
                
                    晋城
                    购买地点
                
            
            
    
        
            
        
        
            
        
        
            
        
        
            
        
        
            
        
        
            
        
        
            
        
    
    

    
        $(document).ready(function () {
            var koubeiid = 4748629;

        });

    


            
                最满意
                我比较满意的就是车子的续航，再买这台车之前我接触的都是燃油版本的车，说实话之前，我对于新能源车还是有一定的偏见的。但是这台车打破了我以往的看法，不仅开起来非常有劲儿，而且非常安静，续航能力也能够支持出个远门，最重要的是使用电能非常经济。
            
            
                最不满意
                不知道是不是因为我刚刚从燃油版的车，换到新能源的车有些不太习惯，这台ens在通过有些坎坷的路段的时候稍微有些颠簸，可能是悬挂的减震效果不是很明显。还有就是车漆稍微有些薄，我非常担心后期出现磕碰，很容易就会把车漆给剐坏了。
            

            

    空间
        
            
            
        
        5
    
    
    平时我不会使用太多的空间，因为我总是一个人活动，基本上都是一个人在开车。但是在买车的时候我还特意到副驾驶和后排去感受了一下，保不齐哪天我就不是孤家寡人一个了。后排的空间还是比较宽阔的，虽然它定位的是小型SUV，但是后排的空间还是完全够用的。
    
    






                

    驾驶感受
        
            
            
        
        4
    
    
    车子的电动机最大功率可以达到134千瓦，感觉再开的时候还是比较有力气的。在等红绿灯的时候如果我是第一个的话，那么我能够非常快的冲出去，这也恰恰说明了车子的起步速度非常快。而且车子使用的是三元锂电池，能够最大程度的保障安全性。但是车子的减震效果并不是很明显，在遇到有些坎坷的路段的时候还是稍微有些颠簸的。
    
    






            

            




            

    续航
        
            
            
        
        5
    
    
    车子的续航能力和同级别的新能源车相比还是有很大优势的，基本上一次充电能够使用五天左右，我个人认为电耗还是比较正常的。
    
    





            
            

    外观
        
            
            
        
        5
    
    
    车子的外观设计的非常精致，整体的流线非常流畅。而且车子搭配的车灯也比较丰富，夜间的照明效果也比较好，在夜间开车的话整体的颜值会更高一些。
    
    





            

    内饰
        
            
            
        
        5
    
    
    在购买日系车的时候就应该想到车子的内饰设计的不会太豪华，因为他们最大的优点就是省油，可能把更多的生产成本都放在了三大件上。但是整个内饰设计的也是比较简约的，而且大部分地方使用的都是软包材料，触感非常好。
    
    





            

    性价比
        
            
            
        
        5
    
    
    现在新能源车已经成为了一个发展趋势，对比燃油车的话后期使用时要花费的费用明显要低很多，而且经过我的实际使用我发现性能和燃油版的车也大差不差，所以我个人认为性价比比较高。
    
    





            
                

    智能化
        
            
            
        
        5
    
    
    虽然车的底盘使用的是麦弗逊式独立悬挂，但是减震效果还是不太明显，车身的稳定性还不错。
    
    




            

            



        

        



        
    
    
    "
青山执行数,"
        2022-12-20 首次发表
        
            
                
                    6312km
                    
                    行驶里程
                
                
                
                
                
                
                
                    18.0kWh
                    冬季电耗
                
                
                
                
                
                
                     380公里
                     冬季续航
                
                

                
                
                    16.90万
                    裸车购买价
                
                
                    2022-08
                    购买时间
                
                
                    安庆
                    购买地点
                
            
            
    
        
            
        
        
            
        
        
            
        
        
            
        
        
            
        
        
            
        
    
    

    
        $(document).ready(function () {
            var koubeiid = 4746134;

        });

    


            
                最满意
                我觉得这款车的性价比很高，首先车子有着本田可靠的品质与技术，其次车子各方面都表现的很好，空间上很给力，全家人坐在车内也不会觉得局促，而且这一款车很好看，上述比较简单，动力方面也充足，停车倒车都很方便，而且耗电量也不是很快，所以在用车成本上比较低，综合的实力很强。
            
            
                最不满意
                不知道是不是新车的缘故，感觉车内有点难闻的味道，虽然用车几个月，但多少感觉还是有点。
            

            

    空间
        
            
            
        
        5
    
    
    虽然是小型SUV，轴距却能够达到2610毫米，也是同级别车中的佼佼者，何况这是一款SUV，头部和腿部空间都没有问题，像我1.75米的个子坐在后排，丝毫不会觉得压抑，推也可以更加灵活，而且乘坐三个人也足以应对，地板也没有太高的凸起。
    
    






                

    驾驶感受
        
            
            
        
        5
    
    
    这款车虽然使用的是永磁同步电机，但性能上很给力，比很多1.5T的发动机还要强，即便是面对复杂的路况也不用担心，所以出去游玩儿更加便利，何况车子上手简单，开起来也轻松，面对车多人多的时候也能够很好控制，方向盘有很高的精准度，刹车也非常灵敏。
    
    






            

            




            

    续航
        
            
            
        
        4
    
    
    续航方面没问题，以我的用车情况，在充满电之后也能用上六七天，即便是开了空调以后也没有明显的下降，完全不会影响到日常使用。
    
    





            
            

    外观
        
            
            
        
        5
    
    
    外观是我喜欢的类型，采用的是简洁大气的设计，车子开出去很抢眼，不需要过多的装饰，也能够吸引人，最为抢眼的就是车头的贯穿式大灯，在晚上亮起之后更加令人惊艳，而且轮圈采用的是密集的多幅式设计，跑起来之后更加耀眼夺目。
    
    





            

    内饰
        
            
            
        
        4
    
    
    来到车内以后能够感受到这款车超前的设计，尤其是中控的竖形大屏，看起来格外耀眼，功能方面也非常智能化，语音识别的能力很精准，车联网流畅，并且支持OTA升级，另外还有WiFi热点和4G网络，手机APP远程控制功能也比较多，无论是充电还是空调，用起来都很方便，但车内多少有点难闻的味道。
    
    





            

    性价比
        
            
            
        
        5
    
    
    当初也是考虑到这款车的价格合适才入手的，首先车的实力完全不用质疑，而且在各方面都表现的很优秀，跟同价格的车子相比，这车的优势较为明显，无论是外观还是动力方面，都比我想象的更加出色，另外还有着丰富的配置，确实挺超值。
    
    





            
                

    智能化
        
            
            
        
        5
    
    
    车上的各方面配置都很到位，另外还有电池预加热以及低速行车警告，Etc装置也让我省心不少，同时还支持OTA升级，确实足够丰富。
    
    




            

            



        

        



        
    
    
    "
杯酒过喉z991,"
        2022-12-17 首次发表
        
            
                
                    6509km
                    
                    行驶里程
                
                
                
                
                
                
                
                    17.0kWh
                    冬季电耗
                
                
                
                
                
                
                     500公里
                     冬季续航
                
                

                
                
                    17.70万
                    裸车购买价
                
                
                    2022-07
                    购买时间
                
                
                    北京
                    购买地点
                
            
            
    
        
            
        
        
            
        
        
            
        
        
            
        
        
            
        
        
            
        
        
            
        
    
    

    
        $(document).ready(function () {
            var koubeiid = 4741597;

        });

    


            
                最满意
                可以说这辆车的动力是很强劲的，基本上一踩油门，就有一种马上冲出来的感觉，非常有冲劲，在路上超车完全没有一点压力，轻踩油门就可以远远地把其他车甩在后头，那种感觉非常的棒。除此之外，对这辆车的空间也是很满意的，因为是SUV所以内部空间都是非常大的。以前我开的都是小轿车，开了这辆车之后，觉得这辆车的空间真的好宽呀，坐起来感觉非常的棒，没有以前那种坐在车里空间狭小的感觉了。
            
            
                最不满意
                这辆车对我来说有点贵，不过我喜欢本田这个品牌，所以还是咬咬牙买了，在性价比方面还是比较低的，因为同样的价格，其实可以买国内其他品牌品质更高的新能源车。
            

            

    空间
        
            
            
        
        5
    
    
    这辆车子的长度和宽度还有高度的尺寸，都是我想要的，都已经足够大了。平常就是我带着我老婆孩子，还有老爸老妈，一起出行，几个人一起坐在车内，也不会觉得车里的内部空间拥挤，而且本田在空间利用率方面都是能利用的很充足的。车内的储物空间设计的也不错，可以收纳很多杂物。
    
    






                

    驾驶感受
        
            
            
        
        5
    
    
    这辆车的动力很强劲，轻踩就能输出很强劲的动力了，驾驶体验给我的感觉就是两个字，很棒！然后车子的隔音做得还是可以的，在车上开一点轻音乐，基本上听不到车外的任何一点噪音。悬挂做的也是可以，不硬不软，走在坑洼的路面，不会很难受。
    
    






            

            




            

    续航
        
            
            
        
        5
    
    
    车子的续航在开空调的情况下，走在城市道路上，大概打个九折左右，这个表现还是不错的，然后自己就跑过一次高速，跑高速的话，续航会打个七折左右，表现应该还算是可以的吧，因为我也没用过其他新能源车跑高速。
    
    





            
            

    外观
        
            
            
        
        5
    
    
    我觉得这辆车子的外观很好看。车子的设计很方正给人端端正正的感觉，这辆车也和本田的其他燃油车挺像的，延续了本田SUV车的风格。依然这么优雅和现代化。
    
    





            

    内饰
        
            
            
        
        5
    
    
    这辆车的内饰比起本田的燃油车好的不止这么一点，甚至可以说是提高了好几个档次，做得非常有科技感。首先是它的方向盘下面的液晶显示屏是彩色的，上边显示很多数据，可以清楚地查看车子的状况，还有它的座椅，用料很好服摸起来很舒服，乘坐感觉很棒。
    
    





            

    性价比
        
            
            
        
        4
    
    
    这辆车的性价比有点低，价格太高了，有点贵，不过我喜欢这辆车，所以还是咬咬牙买了，事实证明，我的这次咬牙买车还是值得的，我没有选错车，这辆车就是我想要了。
    
    





            
                

    智能化
        
            
            
        
        5
    
    
    车子配备了很多智能化的功能，比如语音识别和手机映射，这些对我来说都很实用。
    
    




            

            



        

        



        
    
    
    "
变成更好的人,"
        2022-12-14 首次发表
        
            
                
                    7211km
                    
                    行驶里程
                
                
                
                
                
                
                
                    14.5kWh
                    冬季电耗
                
                
                
                
                
                
                     420公里
                     冬季续航
                
                

                
                
                    20.70万
                    裸车购买价
                
                
                    2022-05
                    购买时间
                
                
                    东营
                    购买地点
                
            
            
    
        
            
        
        
            
        
        
            
        
        
            
        
        
            
        
        
            
        
        
            
        
    
    

    
        $(document).ready(function () {
            var koubeiid = 4736583;

        });

    


            
                最满意
                作为一款纯电动车，我觉得这款车特别适合代步，虽然是小型SUV，但车内的空间完全够用，而且在用车成本方面很低，每次充满电之后也能用上五六天的时间，充电的速度很快，特别是快充，仅仅需要0.67个小时，所以平时用车完全不用担心没电。
            
            
                最不满意
                平时用车倒没什么，就是速度跑的快时，会感觉噪音方面控制的不是很好。
            

            

    空间
        
            
            
        
        5
    
    
    空间上很给力，长度达到4390毫米，轴距是2610毫米，全家人坐在车内也不会有局促感，完全不像是一辆小型SUV。车内可以利用的地方都设计了储物格，放东西更方便，随手可以使用，后备箱也设计的比较平整，偶尔全家来个短途旅行也没问题。
    
    






                

    驾驶感受
        
            
            
        
        5
    
    
    这款车驾驭起来很灵活，而且特别听话，方向盘指哪儿打哪儿，所以在城里用车非常便利，何况车子的性能很强，电动机特别给力，上了高速以后推背感明显，跑起来会有种很轻快的感觉，想要超车也不是难事儿，实力完全不在燃油车之下。
    
    






            

            




            

    续航
        
            
            
        
        5
    
    
    续航方面能够满足日常使用，而且外出的时候也不用担心会没电，这款车支持快充慢充，晚上充满电之后不会耽误第2天使用，要是外出旅行还可以开启快充模式，0.67个小时就能搞定。
    
    





            
            

    外观
        
            
            
        
        5
    
    
    外观设计的很有科技，感前脸采用的是封闭式设计，不过贯穿式的大灯显得格外耀眼，在亮起之后更加犀利，侧面没有太多的装饰，明显的腰线凸显出这款车的硬朗，轮圈设计的也很好看，充满了运动气息，无论站在哪个角度来欣赏这款车，都能够感受到车子的时尚感与科技感。
    
    





            

    内饰
        
            
            
        
        4
    
    
    整个车内采用的是科技潮流的设计，整体充满了未来感，15.1英寸的中控屏使整个车内更加耀眼，功能上也非常全面，10.25英寸的全液晶仪表盘也非常清晰，显示的信息很全面，另外车上还有Etc装置，就是感觉噪音方面控制的比较一般。
    
    





            

    性价比
        
            
            
        
        5
    
    
    在我看来，这样的价格能够买到一款技术靠谱的纯电动汽车是非常划算的，何况这款车在各方面都有着明显的优势，设计方面充满了科技感，车上的配置也足够丰富，而且非常的智能化，动力也足够强悍，养车方面也不用担心，出行无忧。
    
    





            
                

    智能化
        
            
            
        
        5
    
    
    配置上面足够丰富，安全配置该有的，驾驶辅助影像用起来也更加便利，特别适合在市区路段行驶，车上还提供了三种驾驶模式，并且配备了自动驻车和上坡辅助，前排还有无钥匙启动系统以及进入功能，真的挺厚道。
    
    




            

            



        

        



        
    
    
    "
锁卡牛1199,"
        2022-12-13 首次发表
        
            
                
                    4031km
                    
                    行驶里程
                
                
                
                
                
                
                
                    18.0kWh
                    冬季电耗
                
                
                
                
                
                
                     460公里
                     冬季续航
                
                

                
                
                    17.70万
                    裸车购买价
                
                
                    2022-08
                    购买时间
                
                
                    安阳
                    购买地点
                
            
            
    
        
            
        
        
            
        
        
            
        
        
            
        
        
            
        
        
            
        
        
            
        
    
    

    
        $(document).ready(function () {
            var koubeiid = 4734643;

        });

    


            
                最满意
                我最满意的就是这是一台纯电动的新能源车，因为之前买燃油版的车总是会遇到限号的问题，而且台车完全就不用担心，可以直接上绿色牌照。除了这一点以外我对于外观的设计也是比较满意的，虽然它定位的是小型的SUV，但是我觉得整体的造型和轿车也比较相似，前脸的设计非常独特。
            
            
                最不满意
                说实话我不太满意的就是空间，虽然在买车的时候我就已经做好了心理准备，车子的长度只有4390毫米，但是轴距2610毫米的表现还是比较不错的。但是我觉得后排的腿部空间稍微有些拥挤，并没有我想象中的那么大，而且门板上的储物格层和燃油版的相比还是少了一些。
            

            

    空间
        
            
            
        
        4
    
    
    车子的尺寸本身就不是很大，定位的是小型SUV，但是这台车，如果平时一个人来开的话问题不大，但是如果坐满员的话，后排的空间稍微有些小。
    
    






                

    驾驶感受
        
            
            
        
        5
    
    
    这是一台纯电动的新能源车，使用的是三元里电池，电击的最大功率可以达到182PS，车子在起步的时候还是比较安静的，而且动力跟上的也比较快。基本上不会有什么卡顿的感觉，而且后期加速的时候动力也非常稳定。
    
    






            

            




            

    续航
        
            
            
        
        5
    
    
    车子的续航能力相对来说还是占有一定优势的，我基本上一次充电能够使用一个星期到10天，电耗的话基本上就是正常水平，但是如果开空调的话电耗可能稍微会高一些。
    
    





            
            

    外观
        
            
            
        
        5
    
    
    车子的外观设计的非常漂亮，使用了全新的设计风格，看起来时尚又大气。前脸使用了比较独特的造型，而且大灯和中控格栅网的连接也比较密切，看起来非常有辨识度。
    
    





            

    内饰
        
            
            
        
        5
    
    
    我觉得内饰设计的相对来说还是中规中矩的，并没有太华丽的设计风格，但是使用的材料还是比较不错的，使用的座椅材质是仿皮材质，坐上去宽大柔软，非常舒服。
    
    





            

    性价比
        
            
            
        
        5
    
    
    从性价比这个角度来说我认为当下新能源车占有很大的优势，随着新能源汽车的发展现在车子的售价也不是很高了，而且续航能力也可以得到保障。最重要的是新能源车在后续的使用中没有太多额外的花销，基本上我一次充电的话，可以使用一个星期到10天左右的时间，每次充电的花费在50块钱左右，一个月最多也就花200块钱，所以我认为还是比较经济实惠的。
    
    





            
                

    智能化
        
            
            
        
        5
    
    
    从车子智能化的这个角度来看，这台车的智能化水平还是比较高级的，仪表盘的尺寸比较大，而且还有车载智能系统，使用起来非常方便。
    
    




            

            



        

        



        
    
    
    "
我害怕了,"
        2022-12-09 首次发表
        
            
                
                    2487km
                    
                    行驶里程
                
                
                
                
                
                
                
                    16.0kWh
                    冬季电耗
                
                
                
                
                
                
                     450公里
                     冬季续航
                
                

                
                
                    20.70万
                    裸车购买价
                
                
                    2022-10
                    购买时间
                
                
                    成都
                    购买地点
                
            
            
    
        
            
        
        
            
        
        
            
        
        
            
        
        
            
        
        
            
        
    
    

    
        $(document).ready(function () {
            var koubeiid = 4728512;

        });

    


            
                最满意
                e:NS1的续航能力不错，足以满足我的日常用车需要，并且这款车还配置了快充功能，30分钟到40分钟就可以充到80%的电量，使用起来很方便。就算是使用慢充功能，9个小时到10个小时也可以完成，基本上就是一宿的事，充满电之后能够保证我半个月的用车需要，实用性比较高，强劲的续航能力让e:NS1不输燃油车。
            
            
                最不满意
                坐在车内感觉座椅的包裹性做得不是特别到位，并且头枕设计的也缺乏一定的舒适感。在行驶过比较颠簸的路段时，会感觉车身存在一些晃动。此外，我感觉车子的方向盘有点轻，车速起来时会有点飘，并且转向时的手感也不是特别好。
            

            

    空间
        
            
            
        
        5
    
    
    车内地板基本上是纯平的，踩在上面还是很舒服的，并且这样的设计也很好的提升了车内空间的延展性。不管是坐在前排还是后排，我的头部空间都比较大，坐在后排时还可以保证良好的腿部空间。车内的储物空间比较丰富，新颖的储物格子很好的保证了车子的实用性。
    
    






                

    驾驶感受
        
            
            
        
        4
    
    
    车子的动力输出很符合我的预期，并且我感觉e:NS1的动力比燃油车更加顺畅，其动力的供给也比较积极。动能回收系统的强度可以通过方向盘两侧的拨片进行调节，这个设计还挺有创意的。但是比较不满意的地方也有，车内的座椅不是特别舒适，并且车子的滤振效果还有嗲提升。此外，我感觉方向盘做得有点轻，驾驶与转向时的手感不是特别好。
    
    






            

            




            

    续航
        
            
            
        
        5
    
    
    车子的续航能力还是挺不错的，虽然我平时就上下班用车，但是这款车的续航已经足够我在周末带着家人再逛逛街了。
    
    





            
            

    外观
        
            
            
        
        5
    
    
    e:NS1的造型设计的比较有科技感，其整个车身很有立体感，并且轮毂的尺寸也很大，有效抬升了车子的离地间隙，这让车子的视觉效果更好。
    
    





            

    内饰
        
            
            
        
        5
    
    
    这个内饰做得还是很不错的，中控屏与仪表盘的尺寸都很大，并且其内部界面也很有科技感，操作起来也比较灵敏。内饰自带了一圈氛围灯，在夜晚点亮之后，灯光效果比较柔和，所营造的氛围比较温馨。中控饰板的材质软硬适中，触感挺不错的。
    
    





            

    性价比
        
            
            
        
        5
    
    
    综合比较下来，我感觉e:NS1的性价比还是很高的，不仅车子的品质有所保证，其售价也在我可接受的范围内，能以这个价位买到这款车，我觉得还是很值的。
    
    





            
                

    智能化
        
            
            
        
        5
    
    
    e:NS1的智能化程度很高，不仅配置了齐备的驾驶辅助系统，还有车较具智能感的车联网系统，通过这块中控屏可以很好的对于相关功能加以操控。
    
    




            

            



        

        



        
    
    
    "
魔法魔法怎么失灵了,"
        2022-12-09 首次发表
        
            
                
                    4329km
                    
                    行驶里程
                
                
                
                
                
                
                
                    16.0kWh
                    冬季电耗
                
                
                
                
                
                
                     400公里
                     冬季续航
                
                

                
                
                    20.70万
                    裸车购买价
                
                
                    2022-09
                    购买时间
                
                
                    沈阳
                    购买地点
                
            
            
    
        
            
        
        
            
        
        
            
        
        
            
        
        
            
        
        
            
        
        
            
        
    
    

    
        $(document).ready(function () {
            var koubeiid = 4728491;

        });

    


            
                最满意
                车子的动力输出是我比较满意的一个地方。起初我对于电动车的动力输出并不是很了解，但是试驾了一圈之后，我感觉这车的动力响应是比较积极的。提车以后，e:NS1的动力系统给我带来了很多惊喜，不仅车子的动力输出很迅捷，动力输出的顺畅感也是很好的。
            
            
                最不满意
                内饰设计的中规中矩，除了一块大尺寸的中控屏比较吸引眼球之外，e:NS1的内饰在其他方面并没有那么出彩，车内的颜色搭配的有点单一，看着缺乏了一些年轻感。
            

            

    空间
        
            
            
        
        5
    
    
    坐在前排时，我的头部空间有一拳左右，在保证前排座椅在合理的位置之后，我坐在后排时膝盖与前排座椅靠背的距离也有差不多一拳半。车内的储物格子设计的比较到位，每个位置都有着不错的储物深度，伸手就可以找到摆放物品的位置。后备厢的尺寸很大，并且后备厢的内部设计的比较平整，没有异常的凸起，承载力还是很强的。
    
    






                

    驾驶感受
        
            
            
        
        5
    
    
    车子的动力输出没有肉的感觉，这保证了起步过程的迅捷，以及中期加速的顺畅性。转向时很有手感，并且方向盘的指向性比较明确。在舒适性方面，这款车的减震效果比较出色，基本上感觉不到过大的晃动。
    
    






            

            




            

    续航
        
            
            
        
        5
    
    
    这个续航对于日常通勤是完全没有问题的，基本上一个星期充满一次电就已经足够了，并且e:NS1还设计了快充功能，这就使得这款车使用起来更加方便了。
    
    





            
            

    外观
        
            
            
        
        5
    
    
    车身的线条比较紧凑，流畅的线条让车身很有运动感。溜背式的设计使得车尾有着一个立体化的抬升，更加深了车子的高端气质。
    
    





            

    内饰
        
            
            
        
        4
    
    
    内饰做得有点简单，其颜色比较单一，而且中控饰板做得有点硬，上部为硬塑料的材质，下部虽然为较为柔软的材料，但是摸上去也比较硬。内饰的这块中控屏还是比较大气的，不管是放置的角度，还是内部的界面都是十分亮眼的，中控的界面层次分明，简单易上手，全液晶仪表盘能够对于行车信息进行全方面的显示，科技感还是很强的。
    
    





            

    性价比
        
            
            
        
        5
    
    
    这款车的售价并不高，但是其配置还是很丰富的，在同级别的车型中很少能看到这么全面的配置。此外，车子的动力输出以及设计感都是很到位的，这很好的体现了e:NS1的性价比，让我感觉买这车很值。
    
    





            
                

    智能化
        
            
            
        
        5
    
    
    车子的影像系统比较好用，并且自带了导航等配置，加上语音识别功能，我可以通过说话来进行车内很多功能的控制。e:NS1配置了一个手机APP远程控制功能，使用起来也特别方便。
    
    




            

            



        

        



        
    
    
    "
歌儿唱起来,"
        2022-12-08 首次发表
        
            
                
                    3482km
                    
                    行驶里程
                
                
                
                
                
                
                
                
                
                
                
                
                

                
                    450公里
                    冬季续航
                
                
                    20.70万
                    裸车购买价
                
                
                    2022-09
                    购买时间
                
                
                    洛阳
                    购买地点
                
            
            
    
        
            
        
        
            
        
        
            
        
        
            
        
        
            
        
        
            
        
        
            
        
    
    

    
        $(document).ready(function () {
            var koubeiid = 4726935;

        });

    


            
                最满意
                这块中控屏实在是太霸气了，买车时我第一眼看到e:NS1的内饰就留下了深刻的印象，足足有15.1英寸，竖立在中控饰板上简直不要太大气。在大屏幕成为造车领域大势所趋的今天，能够做一块这么豪华的中控屏，足见本田的车还是与时代潮流有很强紧密性的。此外，这块屏幕的界面简洁又不失科技感，使得这部电动车的科技感与智能性都有了一定程度的体现。
            
            
                最不满意
                我感觉行车过程中的风躁还是有一些的，并且车子的滤振效果不是特别理想，在行驶过比较颠簸的路段时，会存在一些晃动感，可能是悬架系统还需要做些优化。
            

            

    空间
        
            
            
        
        5
    
    
    储物能力是e:NS1比较亮眼的一个地方，前后排的储物格子比较丰富，并且诸如扶手箱等位置的储物深度也是足够的，这就很好的提升了车子的实用性。在驾乘空间方面，前后排的空间比例把握的不错，不仅纵向空间有所保证，横向空间也是挺好的，这下周末带着家人出行可有着落了。
    
    






                

    驾驶感受
        
            
            
        
        4
    
    
    踩下加速踏板之后，车子可以做到一个层层递进的提速，并且车子的动力输出比较流畅，基本上不会感觉到有顿挫感，与燃油车相比，e:NS1在保证了电动车动力输出的平顺性的基础上，有不输燃油车的动力响应，这一点还是很让人满意的。此外，车子在转向时的精准度比较高，转弯半径也不大，驾驶起来比较灵活。有些不满意的地方是车子的滤振效果与隔音效果，其他方面都挺好。
    
    






            

            




            

    续航
        
            
            
        
        5
    
    
    由于单位与家的距离比较远，我一般往返一圈要五十公里，e:NS1在这方面还是可以比较好的满足我的用车需要的，车子的续航能力可以超过四百公里，每个星期充一次电就已经足够了。
    
    





            
            

    外观
        
            
            
        
        5
    
    
    e:NS1的外观很有未来感，车身的造型很有创意，尤其是车头部分，依靠电动车的优势，其设计了封闭式的前包围，并且还有一个由饰条连接在一起的两侧前大灯，科技感很强。
    
    





            

    内饰
        
            
            
        
        5
    
    
    内饰的材料与布局都很不错，并且这个中控屏真的很吸睛，干练的内饰线条搭配极富科技韵味的大尺寸屏幕，e:NS1诠释了什么叫做专业。
    
    





            

    性价比
        
            
            
        
        5
    
    
    这部电动车虽然配置很丰富，动力与做工也都十分在线，但是其售价却在一个很符合工薪家庭消费能力的档次，对比之下，我认为e:NS1的性价比还是很高的。
    
    





            
                

    智能化
        
            
            
        
        5
    
    
    e:NS1支持CarLife手机映射，并且还有语音识别功能，人车交互性做得比较好，并且这款车支持4G网络，还带wifi热点，智能化程度比较高。
    
    




            

            



        

        



        
    
    
    "
却无法的话完全,"
        2022-11-09 首次发表
        
            
                
                    2895km
                    
                    行驶里程
                
                
                
                
                
                    15.0kWh
                    春秋电耗
                
                
                
                
                
                
                    400公里
                    春秋续航
                
                
                
                

                
                
                    21.80万
                    裸车购买价
                
                
                    2022-08
                    购买时间
                
                
                    安庆
                    购买地点
                
            
            
    
        
            
        
        
            
        
        
            
        
        
            
        
        
            
        
        
            
        
        
            
        
    
    

    
        $(document).ready(function () {
            var koubeiid = 4675888;

        });

    


            
                最满意
                比较满意的是它的配置，仪表盘挺大的，显示功能很高清。另外，续航挺长的，平时没有什么里程压力。再就是颜值也挺好看的，很有年轻运动范。
            
            
                最不满意
                不大满意的就是隔音效果，这也是本田的一贯作风了。再就是空间的部分设计不大合理，其次，内饰有些普通了，有一点点塑料感。
            

            

    空间
        
            
            
        
        4
    
    
    这车的前排坐着还是挺舒服的，在同级别中数一数二。坐垫的设计长度也比较合理，对大腿的支持性好。另外，靠背角度也OK，坐着不会觉得累。同时，车内的空间储蓄挺足的，平时可以放下一些小东西。但是有一个小缺点，我感觉那个头枕的造型有些怪，是前扣式的，靠着的时候感觉头不大舒服。不过它的后备箱倒是挺大的，平时我外出2~3天，行李箱全部放满，毫无压力。
    
    






                

    驾驶感受
        
            
            
        
        4
    
    
    其实按理来说是，电车应该比燃油车的静谧性要好，基本也没有什么电流声，但是真的高速开的时候，这车确实会听到一些胎噪。另外，它的驾驶模式有三种，分别为标准经济和运动，这点倒是可以，驾控起来会比较舒适一点。还有它的转向系统也让我颇有好感，是那种比较精准和精确的，阻尼力也是恰到好处。
    
    






            

            




            

    续航
        
            
            
        
        5
    
    
    续航是把我惊艳了一把，本来以为能有300多的续航就OK了，结果开上手的话不止，跟官方说的差不多。
    
    





            
            

    外观
        
            
            
        
        5
    
    
    外观我觉得很好看，新鲜感十足，前大灯是全LED的，线条感也很好，拍照very good出片有些洋气的感觉。另外，它的尾部也采用了全新的设计，看起来很有科技感。
    
    





            

    内饰
        
            
            
        
        4
    
    
    这款车的内饰我觉得真的是本田的一贯作风，有点塑料感。好在配置方面挺得我心意的，像全液晶仪表台就达到了10.25英寸，显示功能很是高清。
    
    





            

    性价比
        
            
            
        
        5
    
    
    性价比我觉得挺OK的，当时买的时候有置换享5000元的福利。而且它的车内本身提供OTA的升级和整车的质保，加上充电桩有免费赠送，我觉得厂家对客户还是投了重本的。
    
    





            
                

    智能化
        
            
            
        
        5
    
    
    这款车的智能化配置挺丰富的，基本上看不到什么物理按键。搭配的互联车机系统则能提供OTC升级功能和各种语音助手，而且识别相当准确。另外，像USB接口，前排就有两个，主副驾驶位则提供高低调节，前后调节和靠背调节，挺实用的。其次，像一些倒车影像，前方碰撞预警，胎压报警，刹车辅助等等安全配置，它也有。所以开上这款车，我觉得安全性得到了保障。
    
    




            

            



        

        



        
    
    
    "
天通苑入,"
        2022-11-07 首次发表
        
            
                
                    1002km
                    
                    行驶里程
                
                
                
                
                
                    15.0kWh
                    春秋电耗
                
                
                
                
                
                
                    400公里
                    春秋续航
                
                
                
                

                
                
                    21.80万
                    裸车购买价
                
                
                    2022-10
                    购买时间
                
                
                    北京
                    购买地点
                
            
            
    
        
            
        
        
            
        
        
            
        
        
            
        
        
            
        
        
            
        
        
            
        
    
    

    
        $(document).ready(function () {
            var koubeiid = 4671810;

        });

    


            
                最满意
                这车买了之后其实还挺满意的，它的续航不虚标，平时上下班十四五公里，连同接孩子上街买菜，靠的都是它，半个月都不用充一次电，相当的划算。还有车子的颜值挺高的，线条流畅，曲线优美，一眼难忘。
            
            
                最不满意
                不满意的就是车里头的储蓄格变少了，而且打开车门发现内饰还挺普通的。其次，就是动力的减震系统不大好。
            

            

    空间
        
            
            
        
        4
    
    
    这款车里头的空间还挺大的，尤其是前排，驾驶位调整好之后，坐起来很是舒服，视野感也好，而且它的主驾驶和副驾驶之间的空隙挺大的，活动度更足。另外它后备箱空间也可以，坐三个成年人不会感觉压抑。其次，座椅填充度挺饱满的，坐久了腿和腰都不会觉得很酸痛。但是它门板的储蓄格相比之前的燃油车变少了。
    
    






                

    驾驶感受
        
            
            
        
        4
    
    
    我第1次开电动车，觉得这款车的加速度挺快的，而且没有任何的顿挫和迟疑。另外因为车身有一定的重量，转弯的时候半径挺小的。但是底盘的滤震功能就不大好，感觉高速开会有些晃动。不过刹车的脚感倒是挺OK的，轻踩轻停，重踩重停。
    
    






            

            




            

    续航
        
            
            
        
        5
    
    
    我觉得可能只有买了纯电动车才能感受到不用加油的快感。这款车的续航其实挺OK的，冬天开也不会衰减，日常代步是够用的。如果偶尔上高速也不用担心，因为有快充，加上现在国内的充电桩布局还挺全面的。
    
    





            
            

    外观
        
            
            
        
        5
    
    
    外观方面我还挺喜欢的，就看得出来是电动车，很有电气化的风范。另外大灯很漂亮，集成的功能很多，夜间照明炫酷。尾部的logo也挺出彩的，让整车显得有些科幻感。车侧的线条则比较优美，富有个性，同时不缺乏运动感。
    
    





            

    内饰
        
            
            
        
        4
    
    
    内饰我就不大满意了，觉得挺普通的，没有什么特色。不过很多物理按键换成了触控的，科技感是挺足的。另外，它的车载智能系统是Honda Connect，操控的流畅度是不用担心。其次，语音识别能控制很多功能，包括多媒体、导航、空调和电话。还有，这个价位，车内有环境氛围灯，也挺让我惊喜的。
    
    





            

    性价比
        
            
            
        
        5
    
    
    性价比我觉得很可以了，相比油车省了各种加油的麻烦，不用排队，还省时间。而且车子的性能和各方面表现也挺OK的，对得起价格了。
    
    





            
                

    智能化
        
            
            
        
        5
    
    
    智能化方面，这款车属于中高水准的，很多功能容易操控，也容易上手。另外，这款车可以支持手机互联，支持CarLife，还能进行OTA升级，整体科技感是不缺。
    
    




            

            



        

        



        
    
    
    "
折梅笑萱,"
        2022-11-06 首次发表
        
            
                
                    1478km
                    
                    行驶里程
                
                
                
                
                
                    14.0kWh
                    春秋电耗
                
                
                
                
                
                
                    360公里
                    春秋续航
                
                
                
                

                
                
                    21.80万
                    裸车购买价
                
                
                    2022-10
                    购买时间
                
                
                    安庆
                    购买地点
                
            
            
    
        
            
        
        
            
        
    
    

    
        $(document).ready(function () {
            var koubeiid = 4670126;

        });

    


            
                最满意
                这车的智能系统很oK，是Honda Connect的，可以 AI语音交互， OTA升级等，科技十足。外观也很nice，前进气格栅和细长的大灯，让它的辨识度更高。其次，在购买的过程中，打折的幅度还是有的，性价比可以。
            
            
                最不满意
                我想后座的头部空间不够，一米八五以上的人，就会撞到头。我175是不会，但是头部距离不大够。还有一点，动力在普通模式下，开起来有点慢。而且我感觉里面的座位，贴合度不是很好。
            

            

    空间
        
            
            
        
        4
    
    
    这辆车的长度*宽*高4390*1790*1560，车内的空间挺大的，前排很宽敞，加上后排，可以坐5个人。不过，后座的头部空间并不大理想，我想，如果超过1米85，可能会碰头。后备箱里的空间也非常大，能装下不少的东西。如果是后排座椅放到的话，后备箱的空间会更大，而且车内配置了PM2.5过滤，坐里头很安心。
    
    
    
    
    


    






                

    驾驶感受
        
            
            
        
        4
    
    
    电车的优点就是速度快，无论是在城轨路段，还是在高速上，都要比以前的油车灵活得多，没有了引擎的轰鸣声，也安静的很。另外，它的动力并不算太大，但是它的反应速度却很快！但在正常模式下，会有一些延迟，不过切换成运动模式，我觉得很OK。
    
    
    
    
    


    






            

            




            

    续航
        
            
            
        
        5
    
    
    我一次充电不用花太多时间，就能用上两周，一个月算下来也就十几块钱。而且它的续航能力和官方的说法相差无几，我在城市里跨越，中途都是都不用充电的。
    
    
    
    
    


    





            
            

    外观
        
            
            
        
        5
    
    
    e：NS1的前脸很别致，和其他新能源汽车完全不一样。但这并不是重点，我更喜欢的就是它的大灯，集成了不少的LED功能，在夜晚的时候，会给人一种科幻的感觉。另外，车两侧的镀铬装饰显精致。还有，我喜欢它轮毂的形状，很时髦，很酷。其次，这辆车还有着优美的腰线。
    
    
    
    
    


    





            

    内饰
        
            
            
        
        4
    
    
    内部的配置很好，中控屏除了大之外，还很实用。所以，我们可以轻松通过主控面板上控制大部分的功能。但座位的包裹性比较差，并没有那么贴合。
    
    





            

    性价比
        
            
            
        
        5
    
    
    作为一款新能源 SUV，它的外观、智能、续航能力都非常出色，是一款家庭、商务人士都会喜欢的车型。可能对于一些人来说，它的价格或许会高一些，但对于同级别的新能源 SUV来说，还是很划算的。
    
    





            
                

    智能化
        
            
            
        
        5
    
    
    这款车的配置OK，比如在中控屏的下方，有两个USB/Type-C接口，可以方便地进行数据的充电和传输。再者，里头很多是触控的，没有太多的按键。其次，它仪表板上的数据很全面，显示也清晰。
    
    




            

            



        

        



        
    
    
    "
keep333,"
        2022-10-30 首次发表
        
            
                
                    2754km
                    
                    行驶里程
                
                
                
                
                
                    15.0kWh
                    春秋电耗
                
                
                
                
                
                
                    430公里
                    春秋续航
                
                
                
                

                
                
                    20.00万
                    裸车购买价
                
                
                    2022-09
                    购买时间
                
                
                    广州
                    购买地点
                
            
            
    
        
            
        
        
            
        
        
            
        
        
            
        
        
            
        
        
            
        
        
            
        
        
            
        
    
    

    
        $(document).ready(function () {
            var koubeiid = 4658754;

        });

    


            
                最满意
                e:NS1的外观最让我满意，妥妥的颜值在线，完全就是一副青春靓亮的设计，我觉得特别符合年轻人的形象，小巧、精致又时尚，贯穿式的大灯设计为整体增添了辨识度，而且车头也显得很优雅，这样的设计简直就是我的“菜”。其次我个人来说，以前没有接触过纯电动的车，在最开始的时候是对续航比较担心的，但是后来使用了一段时间，发现对它的担心就属于多余了。因为平时上下班开它又加上周六日去玩，充电的频率也不高就挺出乎我意料的。
            
            
                最不满意
                遇到比较陡的坡路时，在上爬的过程中还是有点吃力的，感觉力度不是特别够，加上我又是新手，所以有时候走坡路时会觉得比较烦，平时走市区路倒是没什么问题，动力表现倒是可以。
            

            

    空间
        
            
            
        
        5
    
    
    其实我觉得单身汉开车，一般都用不了太大的空间，跟家庭用车还是有点区别的，从整体的空间方面来看，它的高度和宽敞度方面我觉得还是蛮不错的，跑业务把资料随手放在后座也是非常方便的。
    
    






                

    驾驶感受
        
            
            
        
        4
    
    
    我总以为电车的动力会比我们以前的耗油车稍微差一点，但适应了这段时间后，它给我的感觉是惊喜的，比我预期想象的要高很多。但是遇到走坡路的时候，动力就显得有点吃力了，爬坡还是有一点点费力的，好在平时走坡路也不是很多，影响不是很大。
    
    






            

            




            

    续航
        
            
            
        
        5
    
    
    电耗低真的是让人满意的一个点，本来是选择一辆电动车在经济上能节省一些，e:NS1也很好的符合我的期待，虽然续航达不到官方的510公里，但满打满算开个400来公里一点问题没有。
    
    





            
            

    外观
        
            
            
        
        5
    
    
    e:NS1前脸半封闭式的设计跟现在很多新能源车有很大不同，不过不重要，我喜欢的是它的灯组，LED动态转向灯，大灯组也具有心动交互灯语功能，夜间点亮后很有科幻感。
    
    





            

    内饰
        
            
            
        
        5
    
    
    内饰我选的是黑白配色，看起来舒服，车内软包面积很多，摸起来很舒服，最让我喜欢的还是科技感很足的大中控屏，第一次用人脸识别登录后就能登录高德、天猫精灵等等，而且还能远程控制智能家居、远程确认车况等等。
    
    





            

    性价比
        
            
            
        
        5
    
    
    总体来说这个价位买这样一台纯电的智能suv，的确是不错的，毕竟电车可以上绿牌，充电费用也比油费要省上不少！
    
    





            
                

    智能化
        
            
            
        
        5
    
    
    语音交互很智能，我的广普也能识别出来，以前的车只有倒车影像，有了360倒车影像之后才感觉360影像是真的香，这个配置的还有外放电功能，闲暇时和好友约上出去野餐很方便。
    
    




            

            



        

        



        
    
    
    "
极简1988,"
        2022-10-29 首次发表
        
            
                
                    1820km
                    
                    行驶里程
                
                
                
                
                
                    14.0kWh
                    春秋电耗
                
                
                
                
                
                
                    550公里
                    春秋续航
                
                
                
                

                
                
                    18.70万
                    裸车购买价
                
                
                    2022-08
                    购买时间
                
                
                    杭州
                    购买地点
                
            
            
    
        
            
        
        
            
        
        
            
        
        
            
        
        
            
        
        
            
        
    
    

    
        $(document).ready(function () {
            var koubeiid = 4658257;

        });

    


            
                最满意
                其实我本人是一个本田车迷。无论是燃油车还是电动车，或者是油电混合的车，我都喜欢，平时没事闲着的时候也会看一下汽车网站关注本田的情况。众所周知日系车在燃油方面是非常的经济实惠，故障率低，维修费用便宜，而且保值率也很高。电车也一样，现在的新能源技术那么成熟，趋势明显，能满足日常的代步还非常的环保节能。
            
            
                最不满意
                本田既然有优点它也有缺点，它的缺点就是铁皮薄，隔音方面做的不是很好，其他方面的都还不错。
            

            

    空间
        
            
            
        
        5
    
    
    它是一台小型的SUV,空间肯定比不上大型的SUV，但是在空间表现上已经是非常的不错了。内部空间很宽敞，我一米八大个坐在驾驶位调整好座椅和坐姿，头部有多余的空间，完全不会感到压抑，驾驶起来也很舒适。副驾驶一般都是我老婆坐，她身高不是很高，所以她平时都是各种姿势刷抖音，玩游戏，前排空间非常够用。后排空间也宽敞，中间过道没有那块凸起来的东西，显的后排更加大，三个成年人坐在后排也不会拥挤，可以自由的活动手脚，座椅坐的也舒适。后备箱的空间也很大，可以放很多东西。要是把后排座椅放倒，显的后备箱空间更大更宽敞，晚上还可以躺在上面看星星呢。这款车很适合家里人口多的朋友们~
    
    






                

    驾驶感受
        
            
            
        
        5
    
    
    驾驶感受虽然比不上那些超级跑车，但它跟平常在路上见到燃油车比，起步分分钟秒杀它们。起步不会像燃油车一样有顿挫感，开起来很平顺，动力也很足，一脚电门跑老远了。新能源车操控起来很顺手，电门刹车反应都很灵敏，方向盘原地打方向也没有什么压力，很轻松。转弯指向性很准确。
    
    






            

            




            

    续航
        
            
            
        
        5
    
    
    对于我来说续航还是很给力的，平常就往返上下班路途，二十来公里，天气热开空调耗电情况也不会很严重，我现在基本上是十来天充一次电，充电费用也不会很高。这款车对于那些经常跑长途赶时间的人就不太合适。
    
    





            
            

    外观
        
            
            
        
        5
    
    
    外观其实给人的第一眼的感觉觉得一般，但是你接触久了你就会品到它独特的气质，那种气质我说不出来，反正就是觉得特别漂亮。不会很花哨，属于那种耐看型！
    
    





            

    内饰
        
            
            
        
        4
    
    
    内饰我觉得比较普通，本田所有的车型内饰我都觉得一样，太普通了。塑料感有点强，希望本田以后可以在内饰方面下点功夫，做的全面一点！！
    
    





            

    性价比
        
            
            
        
        5
    
    
    它的性价比高就高在续航和空间上面，这个价位给到这些东西算可以了。
    
    





            
                

    智能化
        
            
            
        
        5
    
    
    不得不说，这款的车的触控液晶屏幕估计比所有新能源车的屏幕都大吧~冲这个我给它点个赞！还有它的一个按键式换挡，用起来很方便。主驾驶有电动调节，配置方面还算不错！！
    
    




            

            



        

        



        
    
    
    "
郑州车友2700687,"
        2022-10-29 首次发表
        
            
                
                    519km
                    
                    行驶里程
                
                
                
                
                
                    15.0kWh
                    春秋电耗
                
                
                
                
                
                
                    400公里
                    春秋续航
                
                
                
                

                
                
                    21.80万
                    裸车购买价
                
                
                    2022-10
                    购买时间
                
                
                    潮州
                    购买地点
                
            
            
    
        
            
        
        
            
        
        
            
        
        
            
        
        
            
        
        
            
        
        
            
        
        
            
        
        
            
        
    
    

    
        $(document).ready(function () {
            var koubeiid = 4658077;

        });

    


            
                最满意
                50块续航300公里，比我之前1公里1块的国产车还是经济实惠的多
            
            
                最不满意
                入手不久，算不得什么最不满意，要说就是没有惊喜感，整体车辆中规中矩。
            

            

    空间
        
            
            
        
        5
    
    
    e:NS1的内部空间也够大，前排不必说，座椅是支持调节的，我身高182㎝坐在主驾位上也不觉得施展不开，头顶上也还有富余空间。后排空间也不小，后排座椅距离前排的靠背有30㎝左右的距离，坐在后排不存在腿部空间小，后排坐3个体型正常的成年人没问题。另外后备箱的空间也够大，一家人出游的行李是放得下的，如果需要搬东西，后排座椅可以放倒。后备箱里面有两个灯，另外我觉得感应式电尾门是真的方便。
    
    






                

    驾驶感受
        
            
            
        
        4
    
    
    平时都是市区内行驶，一般颠簸感还行。电车的优势就是加速，不管是起步还是行驶途中，超车加速比之前的油车都要灵敏许多，虽然没了汽油的轰鸣，但是现在开起来的感觉也还挺爽
    
    






            

            




            

    续航
        
            
            
        
        5
    
    
    平时很少充满，充电一般都是去吃个饭，丢充电桩，吃完饭就开走，不觉得浪费时间。市区内不怎么虚表。根据实际行驶公里数消耗电量，比较省心
    
    





            
            

    外观
        
            
            
        
        5
    
    
    我首先看中的就是e:NS1的外观，整体比较有科技感，时尚简约的风格符合我的审美。整体轮廓比较流畅，棱角比较少。大灯和中间的黑色饰条连起来，贯穿车头，我喜欢狭长的大灯，日行灯也比较亮。封闭式格栅让e:NS1明显区别于一般油车，本田的车标下面是e:NS1的充电口盖，这块盖板是电动的，比较方便充电，一按开关盖板会内翻。前雾灯的形状也是细条状，不过比较短。车头下方两侧的镀铬饰条让车头多了一分精致。e:NS1的侧面非常简约，一条贯穿式的腰线增加车身侧面的立体度，车门下面靠近底盘的地方有镀铬饰条包裹。后车门把手是隐藏式设计，比较巧妙。多幅式轮毂造型我也喜欢，时尚帅气。后尾部分我最喜欢的是贯穿式尾灯，也是细长的形状，尾灯正下方是本田的字母标Honda。后雾灯的造型也是短的条状，和前雾灯的形状比较像，都很低调，下面还有一条镀铬饰条把两个后雾灯连起来。
    
    





            

    内饰
        
            
            
        
        4
    
    
    e:NS1的车内配置也不错，这个15.1英寸的悬浮式中控屏是真的不错，不仅是尺寸大，而且实用，基本上可以通过主界面直接操控所有常用的功能。e:NS1的语音助手也是比较智能的但是有点不怎么灵敏，除了基本的操控中控屏，操控导航和空调，接打电话之外，还可以和天猫精灵互联实现在车上购物。
    
    





            

    性价比
        
            
            
        
        4
    
    
    比油车来说，使用成本的性价比还比较高，不过买这个车的时候可不算便宜。所以怎么说呢，各有利弊
    
    





            
                

    智能化
        
            
            
        
        5
    
    
    中控屏下面有两个TypeC接口，充电传输数据都方便，下面还有一个无线充电位，虽然充电速度一般，但是这里拿来放手机也比较实用。档位区都是电子按键，而且按键并不多，e:NS1的内部配置比较智能化。10.25英寸的仪表盘显示的信息全面，读数清晰。
    
    




            

            



        

        



        
    
    
    "
中山车友8310774,"
        2022-10-29 首次发表
        
            
                
                    5198km
                    
                    行驶里程
                
                
                
                
                
                    15.0kWh
                    春秋电耗
                
                
                
                
                
                
                    390公里
                    春秋续航
                
                
                
                

                
                
                    21.80万
                    裸车购买价
                
                
                    2022-05
                    购买时间
                
                
                    安庆
                    购买地点
                
            
            
    
        
            
        
        
            
        
        
            
        
        
            
        
        
            
        
        
            
        
        
            
        
    
    

    
        $(document).ready(function () {
            var koubeiid = 4658052;

        });

    


            
                最满意
                e:NS1的外观还是很有纯电车风格的，看前脸这个封闭式格栅很明显，车头整体有点方，前脸和侧面的衔接是偏方的，也带一点弧线，前脸比较有层次感。车灯整体是扁平的形状，贯穿车头，如果连接车灯的黑色饰条也是可以发光的，那就更好看了。另外雾灯比较低调，也是扁的，比较短。
            
            
                最不满意
                电车的选择越来越多，我选择的是东风本田e:NS1，没有太多纠结，只是觉得外形满意，比较认可技术，所以来当了小白鼠。配套福利不算多
            

            

    空间
        
            
            
        
        5
    
    
    车内空间这方面比较OK，e:NS1这辆车的定位是小型纯电SUV，但是车内空间并不小，无论是前排还是后排，并不会让人觉得局促拥挤，正常体型的成年人，这辆车坐5个人是轻而易举的。
    
    






                

    驾驶感受
        
            
            
        
        4
    
    
    起步完全OK，比油车给力多了，当然也有人说会说电车晕车，反正我没这个感觉，响应灵敏，秒杀过玛莎拉蒂，得意。悬挂稍微有点硬，颠簸感明显；
    
    






            

            




            

    续航
        
            
            
        
        5
    
    
    不虚标，比较好；满电差不多冲到390，市内多少公里就是多少，高速那就算了；另外开空调也不行，都会预留给空调的电，电量少的时候有点心虚
    
    





            
            

    外观
        
            
            
        
        5
    
    
    后尾的设计主要是贯穿式尾灯，同样也是扁平的形状，感觉在晚上亮起来，路上很容易辨认出e:NS1，侧面看尾灯还是立体的，后雾灯也是扁的，很低调。我觉得在尾灯上加一个小尾翼会更好看，车顶后面是自带一个尾翼的，后雨刷也配有。侧面可以直观地看到轮毂造型，多幅式轮毂看上去帅气有范儿，轮胎是18寸的德国马牌UC6，是适合亚洲地区的一款，具有安全，耐用，还有静音方面的优势。
    
    





            

    内饰
        
            
            
        
        5
    
    
    外观上毕竟是各有所爱，这次本田也希望用内部配置抓住车友的心，打开车门最先看到的就是15.1英寸的可触控大中控屏，常用的功能可以直接通过中控屏的桌面完成操作，不需要点进去二级菜单，所以这么大的中控屏除了增加车内的智能感，主要还是实用。另外用这个大屏看导航，看倒车影像或者360全景影像也能有更好的体验。10.25英寸的液晶仪表盘能全面地显示行车数据和信息。真皮方向盘的质感也不错，握感好，而且上面的多功能键也比较实用，尤其是右边可以开关和调整全速自适应巡航，比较方便。
    
    





            

    性价比
        
            
            
        
        4
    
    
    不能算特别高，但是整体比较省心；国产车那肯定都比较低价。买合资省心；比油车见仁见智了
    
    





            
                

    智能化
        
            
            
        
        5
    
    
    除了这些硬件配置外，e:NS1的内饰整体也是紧跟潮流的，氛围灯有了，到晚上更加明显。内饰配色可以选择黑白或者纯黑，我觉得这两个配色都比较好看，整体的皮质包裹面积比较大，中控台和车门上以及主驾与副驾中间的扶手上，都有皮质包裹。另外皮质座椅的质量也不错，虽然不是真皮的，但是坐上去也是舒服的，座椅软硬适中。
    
    




            

            



        

        



        
    
    
    "
狐皮小袄共,"
        2022-09-23 首次发表
        
            
                
                    820km
                    
                    行驶里程
                
                
                
                
                
                    14.6kWh
                    春秋电耗
                
                
                
                
                
                
                    400公里
                    春秋续航
                
                
                
                

                
                
                    16.40万
                    裸车购买价
                
                
                    2022-07
                    购买时间
                
                
                    南京
                    购买地点
                
            
            
    
    

    
        $(document).ready(function () {
            var koubeiid = 4598067;

        });

    


            
                最满意
                一直都很喜欢本田汽车，考虑到油价问题，而且新能源发展潜力越来越大，便选择了这款e：NS1，续航里程还不错，跑高速也没什么问题，而且空间也够大，现在家用买车选择SUV的也越来越多，单从这几个方面用下来我都很满意了。
            
            
                最不满意
                本田汽车隔音效果一般很多人都知道，我以为就燃油车是这样，没想着电车也是这样，虽然没有什么电流声，但是跑高速的时候后排还是可以听见胎噪声和风噪声的。
            

            

    空间
        
            
            
        
        5
    
    
    作为一款紧凑型SUV，空间表现上完全不用担心，内部空间很宽敞，我177的身高坐在前排调整好合适的位置后头部空间还是比较宽裕的，后排地面几乎是纯平的，没有凸起的地方坐在中间的人就不用翘着腿了，后备箱容量还挺大的，后排座椅放倒储备空间就更大了，带上一家人出门游玩还可以睡在车里。
    
    






                

    驾驶感受
        
            
            
        
        5
    
    
    座椅柔软度适中，方向盘指向精准，上手还挺轻松的，开了一段时间起步加速阶段比较平顺，没有什么顿挫感，日常市区行驶超车还是很轻松的，高速我就跑过几次，动力都能跟得上，目前使用下来感觉还是挺不错的。
    
    






            

            




            

    续航
        
            
            
        
        5
    
    
    基本上都是上下班代步用的比较多，偶尔周末约上小伙伴出去吃吃饭，按照我现在这个使用看一般都是将近两个星期充一次电，而且我真的很建议大家买新能源的时候安装充电桩，一个多小时就充好了，之前用过一次慢充，从上班充到下班，从那之后我宁愿用商用充电桩都不用慢充了。
    
    





            
            

    外观
        
            
            
        
        5
    
    
    车身设计是我喜欢的简约大气风，没有太多花哨的设计，本田的另一款油车crv车尾偏高我不太喜欢，这款前尾平整看上去也比较顺眼，前脸和侧面用的线条感比较多，看着还挺有科技感。
    
    
    
    
    


    
    
    
    


    
    
    
    


    





            

    内饰
        
            
            
        
        5
    
    
    跟外观相比，内饰看上去会有塑料感不过摸着还挺有质感的，好在仪表盘和中控屏幕尺寸够大，看着像一个平板，把内饰整体显得十分高级。
    
    
    
    
    


    
    
    
    


    
    
    
    


    





            

    性价比
        
            
            
        
        4
    
    
    总体来说，这款车性价比还算是中等吧，看续航和动力这些还是配得上这个价位的，但是一些小细节有点跟不上，不过对我来说还是可以接受的。
    
    





            
                

    智能化
        
            
            
        
        4
    
    
    中控屏上的软件还挺多的，平时可以听听歌，刷刷视频，清晰度和灵敏度都还不错，不过配置是挺少的，没什么特别实用的，希望后续可以改进一下多出点辅助功能，新手司机还是挺依赖这些的。
    
    




            

            



        

        



        
    
    
    "
天符,"
        2022-09-22 首次发表
        
            
                
                    580km
                    
                    行驶里程
                
                
                
                
                
                    14.4kWh
                    春秋电耗
                
                
                
                
                
                
                    400公里
                    春秋续航
                
                
                
                

                
                
                    16.40万
                    裸车购买价
                
                
                    2022-08
                    购买时间
                
                
                    广州
                    购买地点
                
            
            
    
    

    
        $(document).ready(function () {
            var koubeiid = 4595232;

        });

    


            
                最满意
                最让我满意的就是动力输出平稳，开起来也比较线性，作为一款SUV就这个动力来说我真挺满意，空间还挺宽敞的，日常使用都没什么问题。
            
            
                最不满意
                缺点就是座椅头枕设计不太舒服，前扣式头枕坐着的时候被顶着头有点别扭，为此还特意准备了一个靠枕才好很多，高个子男生和小个子女生坐着可能没什么影响，但是像我这种不高不矮的坐着就憋屈了。
            

            

    空间
        
            
            
        
        5
    
    
    乘坐空间和储物空间都还不错，定位小型SUV，但是内部空间我觉得和常规SUV比起来差不多，满座的情况也没有什么局促感，后排放倒后备箱容量特别大，家里有孩子住校搬行李都能放下。
    
    






                

    驾驶感受
        
            
            
        
        5
    
    
    买车前对动力这一方面确实没抱什么太大希望，毕竟是买来家用代步的，满足日常用车就行了，没想着开了一段时间还挺给力的，等红绿灯起步快没什么顿挫感，整体比较平顺，跑高速只要电量足速度都能跟得上。
    
    






            

            




            

    续航
        
            
            
        
        5
    
    
    车好处就是没有油价焦虑，用车成本低，使用快充才1个小时左右，充满电够我用半个月的，一个月下来电费才几十块，慢充实在太久了，得充一个晚上，所以我平时都是用的商用桩，跑高速也没什么续航焦虑，像我跨市的话一来一回中途都不需要充电，如果更远的话可以提前看下充电的地方，基本上没什么问题。当然，也不敢跑远，哈哈。
    
    





            
            

    外观
        
            
            
        
        5
    
    
    本田家族的汽车设计风格好像都差不多，看上去比较耐看，没有太多花哨的设计，这款车的外观我还是挺喜欢的，前尾车身都比较规整大气，前脸线条感流畅，配合两侧大灯设计还挺有运动风。
    
    
    
    
    


    
    
    
    


    
    
    
    


    





            

    内饰
        
            
            
        
        4
    
    
    本田汽车的内饰争议好像还是比较中立的，有些人觉得太素，但是有些人觉得比较简约大气，我觉得还挺顺眼的，特别是这个中控屏幕设计，尺寸特别大，把车内显得很高级，但是座椅的包裹感和贴合度一般，刚坐上去的时候感觉不太舒服。
    
    
    
    
    


    
    
    
    


    
    
    
    


    





            

    性价比
        
            
            
        
        5
    
    
    综合来说，作为一款20万左右的新能源SUV，从空间到续航做的都挺不错的，是一款家用商用都适合的车，有些人可能会觉得价格有点贵，但是像同类型的新能源SUV都是这个价啊，所以性价比方面我觉得还是值得考虑入手的。
    
    





            
                

    智能化
        
            
            
        
        4
    
    
    我最喜欢中控屏幕设计尺寸很大，平时躺在车里休息可以听听音乐看看视频，还挺得劲，语音交互功能识别度也还可以，日常用车也要方便很多，但是配置上我觉得属实有点少，可以多添加一点实用的也好啊。
    
    




            

            



        

        



        
    
    
    "
湛江车友5197782,"
        2022-09-04 首次发表
        
            
                
                    1900km
                    
                    行驶里程
                
                
                
                
                
                    14.0kWh
                    春秋电耗
                
                
                
                
                
                
                    360公里
                    春秋续航
                
                
                
                

                
                
                    21.80万
                    裸车购买价
                
                
                    2022-07
                    购买时间
                
                
                    东莞
                    购买地点
                
            
            
    
        
            
        
        
            
        
        
            
        
        
            
        
        
            
        
        
            
        
        
            
        
        
            
        
        
            
        
    
    

    
        $(document).ready(function () {
            var koubeiid = 4566609;

        });

    


            
                最满意
                由于近年来油价上涨，准备买车的我不得不把目光转向了新能源车，这款车是很好的代步推荐，在这炎炎夏日也不想顶着个大太阳开个电瓶车，于是就决定买一款车，买车的时候也没想过它的续航可以这么久，本来新能源车的续航不太行我也是可以理解的，毕竟是电动的肯定没有燃油车开得那么久，这款车的续航本来也没多大在意，我上下班也大概也要十几公里这样子吧，居然开了快半个月，这个惊艳住我了，圆润而饱满，在街上的回头率也是相对较高的，联网就可以启用语音识别系统，还可以语音识别听歌，这些都是非常满意的。
            
            
                最不满意
                车子的的空间肯定是没有有那么宽敞的，电动的车身小巧一点会比较灵活，对于我这种东西会比较多的，就不太友好，其次就是车子隔音效果好差，车子开的很快的时候车子的胎噪还有风噪的声音特别大。我平时有听朋友说，新能源的刹车要注意，有个朋友就是因为刹车刹不住，差点翻车，这款车的刹车其实也会不太稳，我的亲身经历，就是在下坡刹车的时候差点没刹住翻车了，当时真的特别危险，希望车子能够升级一下。
            

            

    空间
        
            
            
        
        4
    
    
    这车空间可能就不太理想，但是车子前排的空间很大，我165的身高100的体重坐在车里不会感到拥挤，前排驾驶的座椅可以调节到自己最舒适的坐姿，非常的方便，后排的位置也很大，可以跷二郎腿，车上的存储空间很多，像我的化妆品啊还有各种各样的小物品都能放在车上，后备箱的存放空间就没有那么的宽敞了，只能放下两个26寸的箱子，所以像搬家的时候就会很不方便。
    
    






                

    驾驶感受
        
            
            
        
        5
    
    
    新能源汽车的动力不会像燃油车那么充足，肯定开起来会相对平稳一些，新能源汽车的动力也是只能说比较平顺，不能像燃油车动力十足，提速也是可以的，不会太迅速，不过在新能源汽车这一块能够寻到这一款已经非常不错了，动力输出中规中矩的。一款新能源汽车操控起来很顺手，急转弯的时候方向盘也不会很紧，方向盘挺轻的也是精确度也是很高的，而且车子驾驶有很多功能可以选择，总体很棒。
    
    






            

            




            

    续航
        
            
            
        
        5
    
    
    车子的续航很不错，作为一款新能源SUV，大概充一次电可以开将近半个月，这个电耗也是不高的，与燃油车相比是比较省钱的，即便是充电此时多一点，也不会特别费钱在这个价位能够找到一款耗电低的也是大海捞针很难的，而且在小区也有一个新能源汽车的充电桩真的非常方便，一个晚上，车子的电就充满了，如果有条件的也可以在自己的加了安装一个充电桩这样也很方便。
    
    





            
            

    外观
        
            
            
        
        5
    
    
    外观就是车身线条硬朗侧面霸气，整个造型简洁大气，没有特别的亮点但是看着又很吸引人这就是它最大的特点，外观很符合我的审美。并且我也很喜欢这种简简单单的设计，稳重踏实，而且这个颜色选择也比较多，我选择了我老公更喜欢的。
    
    





            

    内饰
        
            
            
        
        5
    
    
    内饰的材质采用的也是比较高级的一种，车内的颜色搭配在加上高级感，整个车内特别舒服，而且细节也处理的特别到位，特别满意。
    
    





            

    性价比
        
            
            
        
        5
    
    
    感受就是这钱花的特别值，车子的外观不仅简单大气，特别吸引人，而且车子的内饰还很好，最棒的是续航还久，即便是在同价位的车子里也挑不出几辆这么棒的。虽然车子也存在一些缺点但是车子的优点明显远高与车子的缺点，性价比在我看来很高，值得购买
    
    





            
                

    智能化
        
            
            
        
        5
    
    
    大屏幕很实在，上面功能是相当的多，而且按快了还不卡顿，挺好用的
    
    




            

            



        

        



        
    
    
    "
午言2xf,"
        2022-09-04 首次发表
        
            
                
                    1800km
                    
                    行驶里程
                
                
                
                
                
                    14.0kWh
                    春秋电耗
                
                
                
                
                
                
                    360公里
                    春秋续航
                
                
                
                

                
                
                    21.70万
                    裸车购买价
                
                
                    2022-06
                    购买时间
                
                
                    潮州
                    购买地点
                
            
            
    
        
            
        
        
            
        
        
            
        
        
            
        
        
            
        
        
            
        
        
            
        
        
            
        
        
            
        
    
    

    
        $(document).ready(function () {
            var koubeiid = 4566596;

        });

    


            
                最满意
                车子的话啊，最满意的就是这个续航了，上下班接孩子全靠它，而且半个月才充一次电，相当的划算，车子的空间也很够用，前排的视野很宽敞，前景也十分清晰，主驾驶和副驾驶之间也有很大的空间可以自由活动，后排的空间也很可以，坐下三个成年人也不压抑而且腿部还有活动空间，车子也非常的舒适，座椅的填充很饱满而且真皮的座椅坐久了也不会特别酸痛还有自主加热功能可以减轻疲劳感，车子的外观也很不错，线条流畅，曲线优美，然后这个大灯也很漂亮，很年轻化。还有就是最关键的，这款车子是纯电的车，不用加油，这真的是感觉太爽了，毕竟现在油价这么高，每次听朋友抱怨说加油贵的时候，都很庆幸自己当初选择了电车。
            
            
                最不满意
                最不满意的就是这个车的内饰，在刚提车那会儿的内饰异味特别大坐在车内特别的不舒服，然后就是减震效果，悬架减震一点儿也不舒适，平常在市区还好，一般减速带都不会有什么，但是比如说在郊区。如果遇见了坑洼路段，就能明显感觉得出来车子很颠簸，驾驶感受就完全很糟糕。还有就是这个空调的设计，空调采用的是触控的设计，个人原因吧，我还是觉得那种物理的按键比较实用，更喜欢那种，因为像这种触屏的有时候开起车来会有点麻烦，他有时候会卡顿。车子的话还存在风噪和胎噪，不过也不是特别的大，就有时候会有一点点。
            

            

    空间
        
            
            
        
        4
    
    
    空间表现力还是很到位的，就比如说后排，即使是在满载的情况下，车子后排都还有一定的活动空间，而且也不影响视野，还有后备箱，后备箱的容积也非常大，一些日常生活需要都能够满足，就算来一场说走就走的自驾游，也是能够装下所有的东西的。还有车门处，手拉箱的空间也很贴心，放一瓶水啊或者一些其他的小杂物，都能够放下。
    
    






                

    驾驶感受
        
            
            
        
        5
    
    
    整体给我的感受特别棒，我是第一次开电车，没想到车子出乎意料的好，车子的起步加速都非常快，完全不会有迟钝或者卡顿的状况，然后转弯半径也很小，灵活又轻便，简直就是一台行走的电动小钢炮，不过车子减震效果不太好，经过坑坑洼洼的路段的时候振动感会比较强。
    
    






            

            




            

    续航
        
            
            
        
        5
    
    
    续航能力十分突出，夏天在充满的情况下可以跑三百六七公里，这种要是在市区里完全不用担心，能够满足所有需求，而且我是一般充一次就能管一个星期，特别方便。我家里的话是有车位，然后我就安了一个充电桩，充电简直太爽了，从零到百分之百几乎最多就28元左右的样子，而且时间也不长，如果相比油车的话，现在的油价飘忽不定，那约等于下来，电车简直不要钱，这在后期真的成本压力要减很多。
    
    





            
            

    外观
        
            
            
        
        5
    
    
    车子外观线条优美流畅，然后大灯也很漂亮，显得很年轻化，加上尾体处的LOL灯彩，整个看来充满了未来科幻的感觉，还有前脸的设计，极富个性，满满的动感，所以整体车身来看就是科技与美的结合，富有个性的同时又具有动感。
    
    





            

    内饰
        
            
            
        
        5
    
    
    内饰只能说一般，因为内饰在刚开始的时候存在异味，非常的不好闻，我个人不喜欢，不过在风格这方面的话，我还是比较喜欢的，车子采用的是那种简约风，但是简约中呢也透露着一丝豪华，用料也特别不错，看得出来很用心，不过还是希望以后能把异味这个问题改进一下吧。
    
    





            

    性价比
        
            
            
        
        5
    
    
    性价比是非常不错的，单单就是用电这一方面，就省了很多钱，我平常开车特别平繁，但是我一点也不会心疼，如果是燃油车的话都不知道有多心疼钱包了，然后再其他方面也很好，车子的性能啊，车子的外观啊，这些都是很超前的，能在这个价位就拥有这么好的性能和外观的车，真的很划算的。
    
    





            
                

    智能化
        
            
            
        
        4
    
    
    非常的高级且实用，而且也特别方便容易操控，之前网上听说会有人觉得这款车的仪表盘小，其实也不小，还有人说这个车机不好，但我感觉就非常的好用，它的中控屏设计的非常用心，上面所有软件都很全面，而且是那种无线连接，基本一上车就可以和手机自带连接，然后就能把手机导航在上面显现出来，包括有时听听音乐，或者接听电话什么的，都非常方便，关键是它操作简单，很容易就能学会。
    
    




            

            



        

        



        
    
    
    "
陈先生9639,"
        2022-12-14 首次发表
        
            
                
                    15000km
                    
                    行驶里程
                
                
                
                
                
                
                
                    17.5kWh
                    冬季电耗
                
                
                
                
                
                
                     300公里
                     冬季续航
                
                

                
                
                    20.78万
                    裸车购买价
                
                
                    2022-07
                    购买时间
                
                
                    温州
                    购买地点
                
            
            
    
    

    
        $(document).ready(function () {
            var koubeiid = 4735707;

        });

    


            
                最满意
                小巧好开 停车方便 内饰比较喜欢当初才选择了它
            
            
                最不满意
                公里数一点也不符合 我都是续航510公里 实际只有300公里左右
            

            

    空间
        
            
            
        
        3
    
    
    车小内部空间 还可以 平时上下班接小孩子够用
    
    






                

    驾驶感受
        
            
            
        
        5
    
    
    加速快 轻巧好开 灵活 加速快 轻巧好开 灵活 加速快 轻巧好开 灵活
    
    






            

            




            

    续航
        
            
            
        
        1
    
    
    我都是续航510公里 春秋实际350左右
冬季最多跑300公里 太失望了
    
    





            
            

    外观
        
            
            
        
        5
    
    
    整体感觉 年轻化设计 不像其它本田那么老气
    
    





            

    内饰
        
            
            
        
        5
    
    
    内饰 迷迷糊糊 个人爱好吧 我感觉内饰还可以接受
    
    





            

    性价比
        
            
            
        
        1
    
    
    跟比亚迪 比这次买有点后悔
我本来是本田的铁杆粉丝 上一辆的CRV
现在买了这个电车我彻底失望了 本田从此失去了 一位粉丝
    
    





            
                

    智能化
        
            
            
        
        3
    
    
    都不怎么用 这些 智能的 系统 我买这个车上看续航的 你续航达不到 在智能的有啥用
    
    




            

            



        

        



        
    
    
    "
