字段1_文本,字段2,字段3
皇帝柑994,2023-11-12 首次发表,"
            
                
                    7800km
                    
                    行驶里程
                
                
                
                
                
                    15.0kWh
                    春秋电耗
                
                
                
                
                
                
                    600公里
                    春秋续航
                
                
                
                

                
                
                    20.00万
                    裸车购买价
                
                
                    2023-07
                    购买时间
                
                
                    东莞
                    购买地点
                
            
            
    
        
            
        
    
    

    
        $(document).ready(function () {
            var koubeiid = 5213678;

        });

    


            
                最满意
                其实手里已经有一台油车了，但这两年身边买新能源汽车的朋友越来越多，我也是真心动了，今年7月份终于实现了这一愿望，直接入手风行雷霆630 Pro 。到手四个月，这台车让我最满意的地方之一就是它的外观了，整体还是非常前卫的，尤其是封闭式中网内部的六边形格栅以及两侧个性十足的大灯就很有未来感，Logo放在中间也很抢眼。然后从侧面看上去紧凑饱满的车身以及黑色车顶的造型也让它的外观多了几分运动感，还有前后包围和侧裙部分的亮色饰条也点缀的恰到好处，风行雷霆的外观完全是我喜欢的类型。另外就是这台电车的续航表现也是可圈可点的，其实我之前一直在纠结也主要就是纠结纯电动车的续航，目前来看是多虑了，尽管最近这段时间天气已经转冷了，但是它的续航达成率依旧不错，实际续航基本上都在600公里左右，充满一次电确实挺耐用的。
            
            
                最不满意
                除了小众一点，后面保值率怕会低，其它真的没毛病。
            

            

    空间
        
            
            
        
        5
    
    
    毕竟风行雷霆也是我们家里的第二台车，所以我对空间还真没有太高的要求，况且这台车的车内空间还是蛮宽敞的，车内的座椅布局也很合理，包括留给后备厢的储物空间也挺大的，而且后排座椅放倒之后也是比较平整的状态，就算偶尔需要放体积较大一点的东西也没有问题。
    
    






                

    驾驶感受
        
            
            
        
        5
    
    
    虽然咱已经是驾龄将近十年的老司机，但是之前还真没怎么接触过纯电动车，所以在店里试驾风行雷霆的时候它的动力表现就给我带来了不小的惊喜，跟传统燃油车不同的是它的动力响应非常迅速，而且平顺性也更棒，用车这段时间以来也能明显的感觉到它的底盘素质也是相当不错的，车子开起来特别稳，行驶质感还是挺高级的。
    
    






            

            




            

    续航
        
            
            
        
        5
    
    
    我们这次给家里添置这台电车后，短期内就不打算再换车了，所以当时就直接买了630km长续航车型，而且这台车的续航达成率也是真不错，它的实际续航基本上也能达到600公里左右，包括之前夏季开着空调的情况下续航表现也是很OK的，会比现在少一点，但也完全在可接受的范围内。
    
    





            
            

    外观
        
            
            
        
        5
    
    
    我当时看车的时候对于这台车的外观还真是有种一眼就相中的感觉，特别是它的前脸造型带来的视觉冲击力非常强，而且从侧面看上去这个黑色车顶也更加增强了整台车的运动感，还有饱满的轮廓以及硕大的轮胎也让它的外观看起来年轻又帅气，外观完全符合我的审美。
    
    
    
    这个颜色真的没选错，实车要比图片惊艳，真的很好看！！
    


    





            

    内饰
        
            
            
        
        4
    
    
    我还是挺喜欢它的内饰风格的，特别是第一次见到时真会让人有种眼前一亮的感觉，圆形的空调出风口和荧光饰条真是时尚又漂亮，10.25英寸的中控车机和同尺寸的全液晶仪表也很有科技感。
    
    
    
    
    


    
    
    
    


    
    
    水晶挡把，高级
    


    





            

    性价比
        
            
            
        
        5
    
    
    现在感觉家里有一台油车和一台电车真的非常香，短距离出行的话就由电车来完成，和燃油车比起来纯电动车的养车成本真的要低很多，再加上城市里的充电桩也确实比较普遍，基本上是不存在续航焦虑的，所以我觉得这台车的性价比特别高。
    
    





            
                

    智能化
        
            
            
        
        4
    
    
    车机可以联网，和平板电脑没啥差别，然后也有自适应巡航，算是比较主流的配置水平吧。
    
    
    
    
    


    
    
    
    


    




            

            



        "
肇庆车友2810371,2023-11-12 首次发表,"
            
                
                    5700km
                    
                    行驶里程
                
                
                
                
                
                    15.1kWh
                    春秋电耗
                
                
                
                
                
                
                    580公里
                    春秋续航
                
                
                
                

                
                
                    19.70万
                    裸车购买价
                
                
                    2023-07
                    购买时间
                
                
                    广州
                    购买地点
                
            
            
    
        
            
        
        
            
        
        
            
        
        
            
        
        
            
        
        
            
        
    
    

    
        $(document).ready(function () {
            var koubeiid = 5213240;

        });

    


            
                最满意
                1、我觉得风行雷霆在价格上确实是有着非常大的优势，我买车的时候磨了几天销售，最后要到不错的优惠力度，算下来性价比还蛮高的。2、这台车目前所带来的用车体验也是非常棒的，有着不错的空间，同时也有着非常好的乘坐感受，实际的体验是很棒的，老婆最近也总是表扬我说这个车买的好。3、电车嘛关于大家关心的续航问题，我也很关心。本来想买430km的顶配，性价比高一些，但想了一下，过年过节啥的要回去乡下，单程400公里左右，跑高速是不太够。后来跟老婆商量了，还是咬咬牙入了这个630km的版本。目前来看市区跑得多，基本可以跑到580km以上，高速的时候哪怕再打折一些，一趟回到老家是妥妥的足够了。
            
            
                最不满意
                味道有点大，需要开窗通风一段时间，其它没啥不满意的了。
            

            

    空间
        
            
            
        
        5
    
    
    在我看来，这台车子的空间实用性还是非常强的，前后排空间都足够，而且值得表扬的就是这台车的乘坐舒适度也是非常棒的，座椅特别舒服，皮质的触感也很赞。
    
    






                

    驾驶感受
        
            
            
        
        5
    
    
    动力很强，随传随有，而且整个车子的底盘质感以及刹车的表现都相当优秀，开起来的感觉的确是很棒的，同时我也非常享受这台车子的乘坐舒适性，不管是车内的隔音还是底盘的舒适度都没有什么问题。
    
    






            

            




            

    续航
        
            
            
        
        5
    
    
    结合现阶段的用车经验来看，风行雷霆的满电续航基本上都在580多公里，一周充电一次没有压力。
    
    





            
            

    外观
        
            
            
        
        5
    
    
    我觉得风行雷霆的外观设计确实是很有创意的，并没有现在很多新能源电车那种非常简约的设计风格，反而更具辨识度的设计看起来也非常漂亮，在一些细节的设计上也做得确实是挺优秀的，比如说这个轮毂和前脸的造型就非常有创意，科幻又有个性。
    
    





            

    内饰
        
            
            
        
        4
    
    
    比起非常有创意的外观设计来说，我觉得风行雷霆的内饰也就没有太强的视觉冲击力了，还是比较简约的风格，不过好在用料、质感都很不错。
    
    





            

    性价比
        
            
            
        
        5
    
    
    跟销售磨了几天，最后买车的时候优惠力度还可以，而且这种电车用起来确实挺省的，所以说在我看来这个性价比真心挺高的。
    
    





            
                

    智能化
        
            
            
        
        5
    
    
    自适应巡航是我比较喜欢的功能，尤其是跑长途高速的时候打开这个功能，解放双脚的感觉不要太爽。而且它还有车载微信，上下班期间开车之前登录微信，遇上客户来找，也能及时回复处理。
    
    




            

            



        "
宝马王子hx,2023-10-30 首次发表,"
            
                
                    5000km
                    
                    行驶里程
                
                
                
                
                
                    15.3kWh
                    春秋电耗
                
                
                
                
                
                
                    567公里
                    春秋续航
                
                
                
                

                
                
                    20.90万
                    裸车购买价
                
                
                    2023-05
                    购买时间
                
                
                    重庆
                    购买地点
                
            
            
    
        
            
        
        
            
        
        
            
        
        
            
        
        
            
        
        
            
        
    
    

    
        $(document).ready(function () {
            var koubeiid = 5202011;

        });

    


            
                最满意
                颜值确实挺高的，我觉得很多入手风行雷霆的车友应该都是颜控吧？颜值确实嘎嘎的高，开出去回头率十足。然后我们当时也选择的是这个630公里长续航版车型，就目前看来，这台车子的续航能力还是相当可以的，夏季实际的续航轻轻松松跑500公里也没有任何问题，而且整个车子所带来的驾驶体验也是非常棒的，电车开起来给我的感觉就是非常轻松，也特别安静，整体的驾驶体验是相当可以的。
            
            
                最不满意
                对于20万级的一台国产纯电动SUV来说，风行雷霆的整体智能化配置确实不是很强的，而且东风风行其下的新款纯电动车型这台车子的认可度确实是挺低的，尤其是新车刚买回来的时候，身边很多朋友都不认识东风风行的这个logo，但很多朋友都觉得风行雷霆的颜值挺高的，每次都要和别人解释一番，这是东风风行旗下的电车，哈哈。
            

            

    空间
        
            
            
        
        5
    
    
    风行雷霆的车身尺寸在这些同级别SUV中也就是中规中矩的水平，整个车内的空间表现其实也是相当出色的，毕竟这台车子的车身造型相对就比较饱满，所以说车内的后排空间还是非常充足的，后排地台很是平整，而且座椅的舒适度也很棒，同时整个车子的储物空间设计也做的非常优秀，值得表扬的就是后排不仅仅是有手机充电口，而且还有一个220V的电源接口，这一点做的确实是很贴心了，在车内给电脑充个电之类的都很轻松。
    
    






                

    驾驶感受
        
            
            
        
        5
    
    
    这台车子所带来的驾驶体验是真心很棒了，之前也没有开过电车，但现在拥有了这台风行雷霆之后，感觉开起来的体验还是非常不错的，尤其是在动力这一块也确实有着相当出色的表现，动力响应速度比较积极，而且平顺度也非常好，电车开起来就非常安静，同时这台车子的底盘质感也是很可以的，开起来是真心挺稳的，包括本身的底盘也比较高，通过性也挺好的，平时跑一些烂路心里也挺踏实。
    
    






            

            




            

    续航
        
            
            
        
        5
    
    
    这台车子的续航水平也是相当可以的，目前满电状态下的实际续航基本上也都在570多公里了，这样的达成率还是比较高的，而且随着后面天气没有那么热的情况下估计续航跑到600公里左右应该也没有什么问题，最主要的就是这种电车的用车成本，相对于油车来说要低很多，如果说像我这样用车强度比较高的情况下，结合之前油车每公里5到7毛钱的费用来说那一年下来仅仅是油费这一块应该也能省下15000到2万元左右。
    
    





            
            

    外观
        
            
            
        
        5
    
    
    风行雷霆的颜值是真心挺高的，可以说在当初买车的时候也有很大一方面是背着非常炫酷高档的外观设计所吸引，整体的风格看上去非常运动，但又没有那种特别复杂的线条，整个车子的前脸设计是真的挺漂亮的，尤其是这个车灯的设计，看起来确实有着非常强的未来感，辨识度也一样是很高的。
    
    





            

    内饰
        
            
            
        
        5
    
    
    这台车子的内饰也是我比较喜欢的类型，整体造型看起来非常简约大气，不像现在很多电车那样做的比较浮夸，包括整个车内的配色也是一样，给我的感觉就比较沉稳一些，同时车内的用料以及做工水平也没有任何问题，虽然说中控车机的功能不是特别丰富，但可以肯定的是，这个屏幕的分辨率确实很高，看上去也比较细腻，还有一点值得表扬的就是这个多功能方向盘也是这种物理按键，并没有做成所谓的触控式，包括按键的质感是很棒的。
    
    





            

    性价比
        
            
            
        
        4
    
    
    从价格方面来说，我觉得这台风行雷霆也的确是没有太大的优势，当初之所以选择这台车子，更多的也是看中了这更强的续航能力以及更酷的外观设计，同时作为东风风行旗下的一款新车型，这台车目前的认可度和保有量也确实不高，所以估计后期的保值率也没有太大优势。
    
    





            
                

    智能化
        
            
            
        
        4
    
    
    这台车子在这些智能化配置上确实是挺一般的，至少对于一台20万级的国产纯电动车型来说，不管是车机的体验还是，其他的一些配置都不是很给力，我们所入手的这个也算是高配车型了，但也没有360度全景影像，L2级别的辅助驾驶系统也不是很好用的。
    
    




            

            



        "
眉梢那段情h,2023-10-30 首次发表,"
            
                
                    1200km
                    
                    行驶里程
                
                
                
                
                
                    16.5kWh
                    春秋电耗
                
                
                
                
                
                
                    525公里
                    春秋续航
                
                
                
                

                
                
                    18.60万
                    裸车购买价
                
                
                    2023-07
                    购买时间
                
                
                    湛江
                    购买地点
                
            
            
    
        
            
        
        
            
        
        
            
        
        
            
        
        
            
        
        
            
        
    
    

    
        $(document).ready(function () {
            var koubeiid = 5201987;

        });

    


            
                最满意
                这台车的空间表现还是很让我满意的，虽然说风行雷霆是我们家里的第二台车，但自从买了这台纯电动车之后燃油车的出勤频率都比较低了，主要是这辆车可以应付大部分的出行需求，宽敞的空间满足我们一家五口正常乘坐没有任何问题，而且它的续航表现也是非常棒的，520公里左右的实际续航满足一些远距离出行的需求都是很轻松的，而且充电话费可比燃油车加油要节省的多，另外就是这辆车的外观也是非常有个性的，我还是比较喜欢它这辨识度极高的前脸造型。
            
            
                最不满意
                我感觉电动机后半段的动力还是不太足，高速超车的话明显会比较费劲，包括开着空调的情况下对动力的响应速度也会有一定的影响。
            

            

    空间
        
            
            
        
        5
    
    
    从车身尺寸来看，风行雷霆就是一台中规中矩的紧凑型SUV，坐进车内感觉活动空间还是非常宽敞的，后排地板中间的一点点凸起对中间位置的腿部空间基本上也没有太大的影响，还有驾驶位的腰部支撑功能也特别实用，而且驾驶位的座椅也是支持电动调节的。
    
    






                

    驾驶感受
        
            
            
        
        4
    
    
    买车之前看过很多博主对于风行雷霆的一些评测，这台车子在看不见的地方也同样是挺用心的，底盘的用料非常好，前后都采用了独立悬架，同时还有横向稳定杆，所以开起来还是很稳的，包括跑在高速上也是一样，再者就是电动机的动力响应也确实更迅速，只不过后半段的动力储备有限，高速行驶时想要超车的话还是稍稍有点费劲的，关掉空调还能好一点。
    
    






            

            




            

    续航
        
            
            
        
        5
    
    
    我当时选择理论续航为630公里的车型也正是奔着它的长续航而来，如果需要跑较远一点的路程开这台纯电动车也是没有任何问题的，它的实际续航能够达到520公里左右，中途充电的话快充一点也不麻烦。
    
    





            
            

    外观
        
            
            
        
        5
    
    
    这台车让我比较惊艳的地方就是它的外观了，虽说整个车身没有过于硬朗的线条，整体给人的感觉依旧是运动感十足的，双色车身的设计和前后包围以及侧裙部分的装饰条也更好的增强了整台车的运动气息。
    
    





            

    内饰
        
            
            
        
        5
    
    
    10.25英寸的中控车机和同尺寸的全液晶仪表看起来还是很协调，没有为了所谓的大而大，双联屏的设计也很有科技感，还就是车内的颜色搭配运动风格的座椅也更增强了内饰的运动氛围，这种比较年轻的内饰氛围让人坐进车内心态都跟着年轻了很多。
    
    





            

    性价比
        
            
            
        
        4
    
    
    买车那会也确实享受到了比较大的优惠力度，不过对于这个价格的国产电动车来说风行雷霆给到的配置确实没有太大的亮点，再加上东风风行在众多的国产品牌中也确实不那么有吸引力，因此也直接影响到了旗下车子的保值率，综合多个方面来说，我觉得这台车的性价比挺一般的。
    
    





            
                

    智能化
        
            
            
        
        5
    
    
    我们买的高配车型给到的配置还是非常丰富的，对于我们这经常城市用车的车主来说主动刹车功能就特别实用，之前在小区就有触发过一次，所以说小区里的人车分流还是很有必要的，还有对外放电功能也特别好用，开这台车出行就意味着带了一个移动电站，随时随地户外用电。
    
    




            

            



        "
圉主镟律,2024-03-06 首次发表,"
            
                
                    9800km
                    
                    行驶里程
                
                
                
                
                
                    15.7kWh
                    春秋电耗
                
                
                
                
                
                
                    520公里
                    春秋续航
                
                
                
                

                
                
                    21.20万
                    裸车购买价
                
                
                    2023-06
                    购买时间
                
                
                    广州
                    购买地点
                
            
            
    
        
            
        
        
            
        
        
            
        
        
            
        
        
            
        
        
            
        
    
    

    
        $(document).ready(function () {
            var koubeiid = 5306757;

        });

    


            
                最满意
                爆发力很强了，提速很快吧，反正开着整体感受是很好的。
            
            
                最不满意
                外观的设计还是有点普通了，反正跟我想象中的有点不一样，看着整体感觉还是挺不错的。
            

            

    空间
        
            
            
        
        2
    
    
    储物的空间确实是蛮少的，我就希望后备箱的空间能够再大一些，这样装什么东西就方便多了。
    
    






                

    驾驶感受
        
            
            
        
        5
    
    
    每次提速都能够感受到爆发力很强的，提速很快的。
    
    






            

            




            

    续航
        
            
            
        
        5
    
    
    和很多的车相比这样的电耗是算比较低的了，所以开这个车还是很放心的。
    
    





            
            

    外观
        
            
            
        
        2
    
    
    每个人对于外观的评价都是不一样，我个人觉得外观确实没有那么漂亮，其他方面都还好。
    
    





            

    内饰
        
            
            
        
        3
    
    
    从一开始我就觉得内饰的用料是不怎么好的，因为用手摸上去也有一些粗糙。
    
    





            

    性价比
        
            
            
        
        3
    
    
    当时买车的时候就觉得性价比不高，因为送的礼品真的太少了，反正我是有点小失望的。
    
    





            
                

    智能化
        
            
            
        
        3
    
    
    整体的配置算是比较多的，但是还是有一些我觉得比较常用的配置，这个车没有，所以我觉得不咋满意。
    
    




            

            



        "
偶尔开个口,2024-02-04 首次发表,"
            
                
                    7600km
                    
                    行驶里程
                
                
                
                
                
                
                
                    15.6kWh
                    冬季电耗
                
                
                
                
                
                
                     520公里
                     冬季续航
                
                

                
                
                    22.68万
                    裸车购买价
                
                
                    2023-06
                    购买时间
                
                
                    佛山
                    购买地点
                
            
            
    
        
            
        
        
            
        
        
            
        
        
            
        
    
    

    
        $(document).ready(function () {
            var koubeiid = 5292418;

        });

    


            
                最满意
                品牌很出名，开这个车的感觉还可以的，还是很不错。
            
            
                最不满意
                速度还是稍微慢了一点，就是后期的提速没有我想象中的那么快。
            

            

    空间
        
            
            
        
        5
    
    
    不管是什么时候这样的空间都是符合自己的心里预期的，我觉得特别是后备箱的空间还是很大的。
    
    






                

    驾驶感受
        
            
            
        
        4
    
    
    不管是什么时候，我都觉得提速倒是挺快的这一点倒是没有那么多操心的，后期的提速再快一点就更好了。
    
    






            

            




            

    续航
        
            
            
        
        5
    
    
    电耗可以说是很低的，没有超出过自己的预期,而且电费也便宜，每个月能省不少钱。
    
    





            
            

    外观
        
            
            
        
        5
    
    
    外观的设计就是那种很大气的感觉，腰线的设计也是可以的，这些倒是不用操心。
    
    





            

    内饰
        
            
            
        
        5
    
    
    用手摸上去感觉内饰的用料是比较好的，真的不用我过多的说什么，座椅柔软舒服，开久一点也不会累。
    
    





            

    性价比
        
            
            
        
        5
    
    
    价格就不用说了，反正是我比较看好的价格，还赠送了很多小礼品，蛮高兴的。
    
    





            
                

    智能化
        
            
            
        
        5
    
    
    很多配置都是有的，还不错，用起来的时候就特别的方便。
    
    




            

            



        "
赵绪平,2024-02-04 首次发表,"
            
                
                    10000km
                    
                    行驶里程
                
                
                
                
                
                
                
                    19.6kWh
                    冬季电耗
                
                
                
                
                
                
                     290公里
                     冬季续航
                
                

                
                
                    14.99万
                    裸车购买价
                
                
                    2023-05
                    购买时间
                
                
                    商丘
                    购买地点
                
            
            
    
        
            
        
        
            
        
        
            
        
        
            
        
    
    

    
        $(document).ready(function () {
            var koubeiid = 5292355;

        });

    


            
                最满意
                首先要夸的，当然是颜值确实高呀！！！买车之前看过了几款车，风行雷霆是最有辨识度的一台，也是个人觉得最个性、最好看的一台！无论是前脸、侧脸还是车尾，360度无死角的帅气，哈哈哈。然后这个车的续航表现我也要夸一下，目前表显百公里电耗是15kWh左右，这么大的车子，加上现在也是冷天，我上车都是直接开暖气的，所以这个能耗表现我是满意的。
            
            
                最不满意
                买车的时候跟销售磨了几天，感觉优惠还可以再大一点，或者多送我一些东西也可以呀。
            

            

    空间
        
            
            
        
        5
    
    
    第二排空间比较宽敞，而且中间地台是纯平的，坐满三个人跑长途也一点问题都没。
    
    






                

    驾驶感受
        
            
            
        
        5
    
    
    不算很猛的那种动力调教，好处就是平缓线性的加速，减少了坐在车内的家里人的眩晕感，以前他们打车打到电车都说晕车的，但现在坐我的车，一点都不会抗拒，就很赞。
    
    






            

            




            

    续航
        
            
            
        
        5
    
    
    我买的是430km的续航版本，实际能跑到接近350公里，一周充电一次，一个小时不到就搞定，不会占用太多时间。
    
    





            
            

    外观
        
            
            
        
        5
    
    
    这个车的颜值上面也说了，是我最满意的，现在开在路上，回头率也是杠杠的高。
    
    





            

    内饰
        
            
            
        
        5
    
    
    内饰走简约、时尚的风格，没有过多复杂的元素，挺好。做工用料也不错，新车提回家的时候就没有啥味道，说明材质环保性也可以的。
    
    





            

    性价比
        
            
            
        
        4
    
    
    价钱不算便宜咯，不过一分钱一分货，这个车算是有颜值、有内在也有大空间，对于我来说，性价比是蛮高的。
    
    





            
                

    智能化
        
            
            
        
        4
    
    
    也不是什么科技控，所以智能化这个不好评价，就我用到的功能来说两句吧，360全景影像清晰度够高，定速巡航跑高速的时候也还算稳。
    
    




            

            



        "
眼笑迷人,2024-02-04 首次发表,"
            
                
                    4800km
                    
                    行驶里程
                
                
                
                
                
                
                
                    18.8kWh
                    冬季电耗
                
                
                
                
                
                
                     500公里
                     冬季续航
                
                

                
                
                    22.99万
                    裸车购买价
                
                
                    2023-09
                    购买时间
                
                
                    深圳
                    购买地点
                
            
            
    
        
            
        
        
            
        
        
            
        
        
            
        
    
    

    
        $(document).ready(function () {
            var koubeiid = 5292224;

        });

    


            
                最满意
                最喜欢的外观肯定是首要，外观就是形象，看着霸气，开出门都有很底气。
            
            
                最不满意
                最不满意的就是价格，新能源车价格就比较过硬，没什么优惠力度。
            

            

    空间
        
            
            
        
        5
    
    
    空间很大，内部设计一点不小，我175的身高里面前后排坐着都觉得很宽敞，头顶上面还有两拳的距离。
    
    






                

    驾驶感受
        
            
            
        
        5
    
    
    新能源车好开，动力很强劲，方向盘又灵活，转弯很顺手。
    
    






            

            




            

    续航
        
            
            
        
        5
    
    
    续航很高，充电上大城市都不用担心，充电桩位置很多，充一次电也是能开上两周。
    
    





            
            

    外观
        
            
            
        
        5
    
    
    外观很霸气，SUV大气一点，看着就很威武，而且轮毂好看，开着霸气。
    
    





            

    内饰
        
            
            
        
        5
    
    
    中控设计很时尚，内饰的材质用料也好，隔音效果不错，内部都没有什么噪音。
    
    





            

    性价比
        
            
            
        
        4
    
    
    性价比还是比较不错的，价格虽然不少，但是品牌我觉得很好，续航方面也不错。
    
    





            
                

    智能化
        
            
            
        
        5
    
    
    智能化配置都很高，自动泊车都支持，倒车贴心多了，还有感应后备箱，车机，语音交互都是常用到的。
    
    




            

            



        "
北方爱人08,2023-11-14 首次发表,"
            
                
                    3900km
                    
                    行驶里程
                
                
                
                
                
                    16.5kWh
                    春秋电耗
                
                
                
                
                
                
                    350公里
                    春秋续航
                
                
                
                

                
                
                    14.20万
                    裸车购买价
                
                
                    2023-05
                    购买时间
                
                
                    聊城
                    购买地点
                
            
            
    
        
            
        
        
            
        
        
            
        
        
            
        
    
    

    
        $(document).ready(function () {
            var koubeiid = 5215131;

        });

    


            
                最满意
                现在电车也是大趋势了，动力强、用车成本低都是优势，所以我们这次再给家里添置第二台车时毫不犹豫的选择了纯电动车，通过这段时间的用车来看，风行雷霆完全打消了我之前对纯电动车的一些偏见，最主要的就是续航，本来之前还挺担心后期的充电频率会太高呢，其实还真没有，这辆车的实际续航能够达到350公里左右的，对于我们经常城市代步的家庭来说充满一次电至少十天左右都不用管，跟传统燃油车一样省事，重点是充满一次电的花费可比加满一箱油要便宜多了。
            
            
                最不满意
                我觉得这台车子在质量方面确实没有什么问题，目前就是感觉整个的动能回收过程中平顺度不是很好，其他方面的表现其实都还可以。
            

            

    空间
        
            
            
        
        5
    
    
    雷霆的车内空间还是挺宽敞的，坐到前排视野非常开阔，坐到后排腿部空间也足够，而且后排的中间位置也同样是有头部靠枕的。
    
    






                

    驾驶感受
        
            
            
        
        4
    
    
    这台纯电动车的加速表现确实是相当合理的，而且电动机做功的时候也确实非常安静，但就是感觉这个动能回收的过程中不是特别平顺，目前还是有些不太适应。
    
    






            

            




            

    续航
        
            
            
        
        5
    
    
    这台车的续航表现还是挺让我骄傲的，充满一次电差不多能跑350公里左右，我们买这台车主要就是为了短距离代步方便，对我们来说十天充一次电都完全足够了。
    
    





            
            

    外观
        
            
            
        
        5
    
    
    作为全新车型的风行雷霆在外观的设计上还是挺有创意的，这无边框样式的前脸造型以及两侧个性十足的大灯使得整个车子看上去机甲风满满，包括中网内部的格栅造型也充满了未来感。
    
    





            

    内饰
        
            
            
        
        5
    
    
    这台车不仅拥有着个性十足的外观，而且内饰风格也同样是很有特点的，大量的圆形元素和亮色饰条看起来特别时尚，两块10.25英寸的大屏，周围也没有太宽的黑边，科技感还是很到位的。
    
    





            

    性价比
        
            
            
        
        5
    
    
    我们是新车刚刚上市那会就买车的，当时确实没有太大的优惠力度，但早买早享受嘛，况且添置了这台纯电动车之后也确实在很大程度上节省了养车花费，所以我还是觉得它的性价比挺高的。
    
    





            
                

    智能化
        
            
            
        
        5
    
    
    360度全景影像还是挺实用的，显示非常全面，而且成像效果也比较清晰，还有就是中控车机的很多功能也是可以语音控制的，这样就方便多了。
    
    




            

            



        "
长情战士r1,2023-11-14 首次发表,"
            
                
                    3500km
                    
                    行驶里程
                
                
                
                
                
                    17.0kWh
                    春秋电耗
                
                
                
                
                
                
                    340公里
                    春秋续航
                
                
                
                

                
                
                    14.10万
                    裸车购买价
                
                
                    2023-06
                    购买时间
                
                
                    内江
                    购买地点
                
            
            
    
        
            
        
        
            
        
        
            
        
    
    

    
        $(document).ready(function () {
            var koubeiid = 5215125;

        });

    


            
                最满意
                我觉得这台车的空间表现还是相当不错的，车身尺寸中规中矩，但实际坐进车内感觉活动空间还是挺充裕的，即便是车上五人满座的情况下每个人也都可以坐的很舒服，主要是后排地板中间没有太高的凸起，后排的中间位置也有头部靠枕，有必要的话还可以把后排座椅放平来延伸后备箱的储物空间，除此之外这台纯电动车的动力表现也是可圈可点的，十分跟脚的动力响应让人觉得车子开着特别轻快，而且电动机在工作过程中也是比较安静的，这样也带来了更棒的乘坐感受。
            
            
                最不满意
                对于一台15万级的国产纯电动SUV来讲，我觉得这台车子在这智能化配置上做的确实一般般，车机系统的功能不是很丰富，同时还不支持手机互联或映射，这就不太方便。
            

            

    空间
        
            
            
        
        5
    
    
    风行雷霆的车内空间还是挺宽敞的，我1.78米的身高坐在后排的中间位置腿部的活动空间都足够充裕，主要也是因为后排地板中间没有太高的凸起，所以满座三人的情况下也都是很自在的。
    
    






                

    驾驶感受
        
            
            
        
        5
    
    
    这台纯电动车的动力才是真正的“随踩随有”，电机的动力响应速度非常快，而且厚重的底盘对于不太好的路面有着非常棒的适应能力，所以车子开着也是很舒服的。
    
    






            

            




            

    续航
        
            
            
        
        5
    
    
    续航肯定是所有想买纯电动车的朋友都比较关心的问题，这台车的续航达成率也确实挺可以的，全程空调开启的状态下满电续航也是能够达到340公里左右。
    
    





            
            

    外观
        
            
            
        
        5
    
    
    之前在店里看车的时候就有被它的外观吸引到，前脸的机甲龙鳞格栅看上去未来感十足，包括两侧的大灯也是非常犀利的，不夸张的说这台车开出去回头率都很高。
    
    





            

    内饰
        
            
            
        
        5
    
    
    风行雷霆的内饰就走了这种比较简约的路线，中控部位简单且不缺乏层次感，而且通过挡杆周围的钢琴烤漆饰板也更好的增强了内饰的档次感，包括这个水晶挡把也是很显高级的。
    
    





            

    性价比
        
            
            
        
        5
    
    
    总的来讲这台车带来的动力体验和驾乘感受都是很OK的，而且纯电动车所产生的养车花费也真不高，包括本身的质量确实稳定，所以我觉得雷霆的性价比还是挺高的。
    
    





            
                

    智能化
        
            
            
        
        4
    
    
    对于这个价格的纯电动车来讲，很多车型也都拥有着丰富的智能化配置，但风行雷霆在这一方面并不是很出色，主要是基础的就是基础的中控车机也不是很好用，内部功能不是很丰富，而且像比较常用的手机互联以及OTA升级功能也都是不支持的。
    
    




            

            



        "
肇jdvhj,2023-11-10 首次发表,"
            
                
                    3580km
                    
                    行驶里程
                
                
                
                
                
                    15.7kWh
                    春秋电耗
                
                
                
                
                
                
                    550公里
                    春秋续航
                
                
                
                

                
                
                    19.90万
                    裸车购买价
                
                
                    2023-08
                    购买时间
                
                
                    肇庆
                    购买地点
                
            
            
    
        
            
        
    
    

    
        $(document).ready(function () {
            var koubeiid = 5212172;

        });

    


            
                最满意
                当初买车的时候也的确是考虑了不少车型，最终还是感觉这台风行雷霆更适合我，在目前的用车过程中，我觉得这台车的整体表现还是相当优秀的，空间大，用料好，驾驶体验也很不错，同时车子本身的续航能力也相当可以，作为一台电车来说，用车成本的确很低，考虑到我每天40公里的通勤需求来说，我认为这台车买得还是非常合适的。
            
            
                最不满意
                我觉得这台车的logo设计不是很漂亮的，感觉可以再简约一些哈哈哈。
            

            

    空间
        
            
            
        
        5
    
    
    雷霆的车内空间表现还是相当可以的，第二排杠杠的宽敞，我身高172cm的老爹坐后面跷二郎腿没问题，而且还有超大的全景天窗，出去玩的时候很爽。
    
    
    
    
    


    






                

    驾驶感受
        
            
            
        
        5
    
    
    电车电机的特性决定了它的加速性能远远超过同级别的燃油车，在雷霆这的体验感也是一样的，起步的时候踩点电门，就冲出去了，我还经常收着开，怕超速，哈哈哈。
    
    






            

            




            

    续航
        
            
            
        
        5
    
    
    充满电之后续航基本上能跑到550公里左右，我一天跑40公里左右，算下来能跑一周多才充电一次，一点都不麻烦。
    
    





            
            

    外观
        
            
            
        
        4
    
    
    我觉得雷霆的颜值还是非常高的，整体的设计风格看上去是真的很有创意，而且相对更大的车身尺寸给人的感觉也比较霸气，不过就是这个logo的设计看起来有点过于复杂，可以再简单一些些，纯属个人建议哈。
    
    
    
    
    


    





            

    内饰
        
            
            
        
        5
    
    
    内饰看起来还是挺舒服的，同时整个车子的车内用料很赞，摸得到都是软包围，而且新车味道也不大，我基本没咋散味就直接开了。
    
    
    
    
    


    





            

    性价比
        
            
            
        
        5
    
    
    车价不算便宜，幸好买车时优惠力度还不错，而且目前的用车体验也相当可以，所以我认为还是挺值得的。
    
    





            
                

    智能化
        
            
            
        
        5
    
    
    车机很好用，可以说是挺惊喜的，尤其是它的语音控制很给力，比如我上车之后，直接喊一下就可以设置导航路线了。然后屏幕清晰度也不错，我老婆经常喜欢坐在全排刷剧，也挺爽的。
    
    




            

            



        "
杀戮横行63,2023-11-06 首次发表,"
            
                
                    1750km
                    
                    行驶里程
                
                
                
                
                
                    17.0kWh
                    春秋电耗
                
                
                
                
                
                
                    505公里
                    春秋续航
                
                
                
                

                
                
                    20.00万
                    裸车购买价
                
                
                    2023-07
                    购买时间
                
                
                    松原
                    购买地点
                
            
            
    
        
            
        
        
            
        
        
            
        
        
            
        
    
    

    
        $(document).ready(function () {
            var koubeiid = 5208254;

        });

    


            
                最满意
                东风集团也是大厂了，所以调教功力确实没的说，首先这车的机械素质很好，而且底盘确实足够扎实，加上高速过弯时的支撑性也很到位，所以开起来很有操控感。另外就是这车的电机动力也是很足的，起步时的动力响应非常跟脚，包括提速过程也是能够一气呵成的，虽然不会像很多传统燃油车那样开着特别有驾驶乐趣，但这台车开着会让人觉得特别轻盈，另外就是它的续航表现也非常给力，满电续航少说也都在500公里左右，这就完全符合我的预期，况且厂家对首任车主的电池组还有终身质保政策，所以后续电池、电机质量问题我也不用担心啦。
            
            
                最不满意
                优惠不是很大，加上车价本来也不便宜，只能说一分钱一分货吧哈哈哈。
            

            

    空间
        
            
            
        
        5
    
    
    车里面挺宽敞的，尤其是第二排，翘个二郎腿没问题，另外后备箱空间也特别规整。
    
    






                

    驾驶感受
        
            
            
        
        5
    
    
    底盘用料确实没的说，不仅前后都是独立悬架，而且前边还有横向稳定杆，有时候过弯车速比较高的话车身姿态都是很稳定的，包括这台纯电动车的动力储备也足够，所以车子开起来也会让人觉得比较轻盈。
    
    






            

            




            

    续航
        
            
            
        
        5
    
    
    厂家对首任车主的电池组是有终身质保政策的，所以买这台纯电动车的话也会让人更放心一些，而且它的续航表现也确实不错，现在的实际续航是能够达到500公里左右的。
    
    





            
            

    外观
        
            
            
        
        5
    
    
    买车之前我也有看过其他，相比之下风行雷霆的外观造型可以说是非常有个性了，前脸设计确实有着很高的辨识度，包括尾部造型也同样是很有层次感的，车漆也非常细腻。
    
    





            

    内饰
        
            
            
        
        5
    
    
    两块大联屏是亮点，各种功能也不少，而且车内的用料品质也确实很好，还有运动风格的座椅也是很fashion的。
    
    





            

    性价比
        
            
            
        
        4
    
    
    价格不算便宜，跟销售磨了很久，要到了一些优惠，跟我预想的还有一些差距，但没办法了，一分钱一分货。
    
    





            
                

    智能化
        
            
            
        
        5
    
    
    10.25英寸的中控车机不仅看起来科技感十足，而且功能也非常丰富，尤其是语音控制用起来就很方便，再说这台车也支持对外放电功能，妥妥的移动大电站呀。
    
    




            

            



        "
一枝梨花g4,2023-10-30 首次发表,"
            
                
                    5200km
                    
                    行驶里程
                
                
                
                
                
                    16.8kWh
                    春秋电耗
                
                
                
                
                
                
                    510公里
                    春秋续航
                
                
                
                

                
                
                    18.30万
                    裸车购买价
                
                
                    2023-05
                    购买时间
                
                
                    运城
                    购买地点
                
            
            
    
        
            
        
        
            
        
        
            
        
        
            
        
        
            
        
        
            
        
    
    

    
        $(document).ready(function () {
            var koubeiid = 5202307;

        });

    


            
                最满意
                我跟老婆的单位离家里都不远，平时都是父母在帮我们照顾小孩，一家人都在一起生活，所以平时的用车环境基本上也都是以城内代步为主，这才决定把家里的第一台车直接买成纯电动车，这是我们家里唯一一台车，而且也是我们一家五口在用，所以当时选车的时候还是非常注重空间的，作为一台紧凑型SUV，风行雷霆的车身尺寸就是中规中矩的水平，车内的座椅布局还挺合理的，前后排的乘坐空间都特别宽敞，而且后备箱空间也特别规整，如果把后排座椅放倒的话也挺平整的，这样也更增强了空间灵活度，其次就是这台车在价格上也做出了比较大的让步，我们买车时的优惠力度就挺大的。
            
            
                最不满意
                车子的用车体验真心挺好的，但主要是东风风行的品牌影响力一般，而且这又是一台电车，所以关于后期的保值率我还是比较担心的。
            

            

    空间
        
            
            
        
        5
    
    
    风行雷霆的车内空间还是非常宽敞的，而且后排的地板中间也没有太高的凸起，包括后备箱空间也都挺规整的。
    
    






                

    驾驶感受
        
            
            
        
        5
    
    
    这台电动机的动力表现还挺给力的，起步时的动力响应特别迅速，包括电动助力的转向也是非常好掌控的，这样的车子开在城市路段都会让人觉得非常轻松。
    
    






            

            




            

    续航
        
            
            
        
        5
    
    
    为了一步到位我们当时直接选择的是长续航车型，而且这台车的续航达成率也真不错，实际续航能够达到510公里左右。
    
    





            
            

    外观
        
            
            
        
        5
    
    
    这台车的外观造型还是非常前卫的，尤其是前脸造型真的是未来感十足，还有前后包围和侧裙部分的运动套件也让整个外观看起来更加年轻，包括大灯造型也是非常犀利的。
    
    





            

    内饰
        
            
            
        
        5
    
    
    车内的色彩搭配真的非常漂亮，还有这个水晶挡把也是很显高级的，还有双色拼接的中控部位看起来也很有层次感。
    
    





            

    性价比
        
            
            
        
        4
    
    
    虽然说车子本身的实力挺强的，但我觉得风行雷霆的价格还是略高了些，毕竟东风风行的品牌影响力本来也一般，在我看来这台车的性价比真心不算高。
    
    





            
                

    智能化
        
            
            
        
        5
    
    
    具备l2级别的辅助驾驶系统、后视镜支持加热和锁车自动折叠，这个用起来还是很方便的，而且中控车机的一些功能也可以语音控制。
    
    




            

            



        "
朝夕盼兮7d4,2023-10-30 首次发表,"
            
                
                    2600km
                    
                    行驶里程
                
                
                
                
                
                    16.2kWh
                    春秋电耗
                
                
                
                
                
                
                    530公里
                    春秋续航
                
                
                
                

                
                
                    20.20万
                    裸车购买价
                
                
                    2023-08
                    购买时间
                
                
                    商丘
                    购买地点
                
            
            
    
        
            
        
        
            
        
        
            
        
        
            
        
    
    

    
        $(document).ready(function () {
            var koubeiid = 5202292;

        });

    


            
                最满意
                我还挺喜欢雷霆带来的驾驶感受的，两个车子相对比较灵活一些，再加上动力的响应速度也比我一直在开的燃油车更快，所以车子开起来真的会给人一种轻松又惬意的感觉，另外就是这台车的颜值也非常高，开车出去也都能够得到家人朋友的一致好评，有时候开在街上也都能够得到一大波回头率，同时这台车子的续航能力也相当可以，500多公里的实际续航，满足日常使用是没有任何问题的，而且目前也没有什么续航焦虑。
            
            
                最不满意
                尽管现在的国产新能源发展的确实厉害，但是东风风行的品牌影响力仍然是挺一般的，其他倒没什么，就是担心后期保值率会受到一定影响。
            

            

    空间
        
            
            
        
        5
    
    
    作为家里的第二台车我们对于空间的要求也不高，这台车的车内空间还是挺宽敞的，全景天窗也让车内显得比较通透，后排的侧隐私玻璃也特别实用。
    
    






                

    驾驶感受
        
            
            
        
        5
    
    
    雷霆带来的驾驶体验跟我一直在开的燃油车还是有很大区别的，动力的响应速度明显更快，动力平顺性也更棒，再加上整个车身也比较灵活，同时还有l2级别的辅助驾驶系统，所以车子开着还是很省心的。
    
    






            

            




            

    续航
        
            
            
        
        5
    
    
    这台车的续航表现一直都挺可以的，用车这么长时间以来还真没有所谓的续航焦虑，现在也不用开空调了，实际续航直接能够达到530公里左右呢。
    
    





            
            

    外观
        
            
            
        
        5
    
    
    外观的设计理念还是非常大胆的，跟特别常见的封闭式中网比起来是雷霆的前脸造型更有辨识度，也更有特点，从侧面看上去硬朗的腰线以及大尺寸的轮胎也更增强了整台车的运动气息。
    
    





            

    内饰
        
            
            
        
        5
    
    
    车内的用料品质和做工还都挺下本的，细节处理的也是肉眼可见的精致，还有这两块大联屏也更增强了内饰的科技感。
    
    





            

    性价比
        
            
            
        
        4
    
    
    其实车子本身的各方面表现还不错，只不过就是东风风行的品牌影响力确实一般，当时买这台车的时候朋友都说我的预算都可以去考虑考虑比亚迪唐了，不得不说，现在的比亚迪是真厉害呀。
    
    





            
                

    智能化
        
            
            
        
        5
    
    
    车机系统的功能还是很丰富的，尤其是语音控制用起来就非常方便，还有这个电子档把也是很好用的，包括自适应巡航和车道保持辅助等等在行驶过程中也都很实用。
    
    




            

            



        "
风过无痕0qv,2023-10-30 首次发表,"
            
                
                    3200km
                    
                    行驶里程
                
                
                
                
                
                    16.0kWh
                    春秋电耗
                
                
                
                
                
                
                    360公里
                    春秋续航
                
                
                
                

                
                
                    12.70万
                    裸车购买价
                
                
                    2023-05
                    购买时间
                
                
                    文山
                    购买地点
                
            
            
    
        
            
        
        
            
        
        
            
        
    
    

    
        $(document).ready(function () {
            var koubeiid = 5202280;

        });

    


            
                最满意
                其实一直以来我对国产车还都挺有好感的，一方面是价格相对更实惠，另一方面就是在外观的设计上也更新颖，再加上近两年的国产新能源发展的确实厉害，我当时选择风行雷霆也主要是朋友的推荐，不然还真不知道东风风行旗下这一款全新的纯电动SUV，通过这段时间的用车来看这辆车的各方面表现还是挺合我意的，要说最满意的地方那一定就是空间了，我们一家五口用车对于空间的需求比较大，这台车的车内空间就特别宽敞，后排的中间座椅也是有头部靠枕的，包括后排的靠背角度也很合适，坐上去腰背部都能被很好的承托，另外就是这台车带来的驾驶体验也挺好的，底盘的整体感非常强，而且电动机的动力应付日常代步也是没什么问题的。
            
            
                最不满意
                虽然说这台车子的外观设计也比较前卫，但我不太喜欢它两侧的大灯造型，总感觉有些夸张，可能我性格比较低调吧，哈哈哈。
            

            

    空间
        
            
            
        
        5
    
    
    我觉得风行雷霆的车内空间还是挺宽敞的，运动风格的座椅坐上去也让人觉得特别满足，而且坐到前排还有着非常开阔的视野，包括后排中间位置的头部靠枕也特别有必要。
    
    






                

    驾驶感受
        
            
            
        
        5
    
    
    这台车的动力响应确实挺迅速的，起步时能明显的感觉到动力输出完全是不假思索的那种，包括底盘的整体感也不错，车子开着还是很舒服。
    
    






            

            




            

    续航
        
            
            
        
        5
    
    
    我倒是没有不好的驾驶习惯，但就是开车比较佛系一点，其实也主要是因为这是一台纯电动车，完全不必担心电耗问题，这辆车的续航达成率也真不错，实际续航能够达到360公里呢。
    
    





            
            

    外观
        
            
            
        
        4
    
    
    之前在店里看车的时候觉得它的外观确实挺惊艳的，但时间久了感觉两侧的大灯造型稍微有些夸张，不那么耐看。
    
    





            

    内饰
        
            
            
        
        5
    
    
    车内的用料品质还是挺好的，最起码比较显眼的部位没有硬塑料材质，而且车内的颜色搭配也挺漂亮的，整个内饰给人的感觉真的特别有活力。
    
    





            

    性价比
        
            
            
        
        5
    
    
    论价格的话风行雷霆优惠之后的价格确实挺实惠的，这台车所产生的养车花费也真不高，而且驾乘体验也都是相当可以的，所以我觉得这辆车的性价比还是很高的。
    
    





            
                

    智能化
        
            
            
        
        4
    
    
    毕竟低配车，价格就已经很实惠了，所以太高级的智能化配置也没有，不过我觉得这个电子挡把换挡就特别好用，还有多功能方向盘用起来也很方便，另外就是车机系统的功能也挺丰富的，常用功能还可以语音控制。
    
    




            

            



        "
劳资就是范e,2023-10-30 首次发表,"
            
                
                    2300km
                    
                    行驶里程
                
                
                
                
                
                    16.1kWh
                    春秋电耗
                
                
                
                
                
                
                    366公里
                    春秋续航
                
                
                
                

                
                
                    12.30万
                    裸车购买价
                
                
                    2023-06
                    购买时间
                
                
                    凉山
                    购买地点
                
            
            
    
        
            
        
        
            
        
        
            
        
        
            
        
    
    

    
        $(document).ready(function () {
            var koubeiid = 5202243;

        });

    


            
                最满意
                这台车让我最满意的地方就是它的价格了，对于一台纯电动SUV来说这台车优惠之后的价格确实挺实惠的；其次就是这台纯电动车的续航表现也是可圈可点的，我们是七月份买的车，当时还正值暑期，所以从买车到现在基本上都是一上车就开空调，但它的实际续航也能达到360多公里，这样的水平确实是真不错了，现在到了秋季，天气慢慢转凉，不用开水，环境温度比较适宜的情况下实际的续航肯定会更强，关键就是用车成本也要比油车低很多。
            
            
                最不满意
                我感觉车机系统的功能不是很丰富，不支持手机互联或映射就太不应该了，而且后期也不能OTA升级。
            

            

    空间
        
            
            
        
        5
    
    
    风行雷霆的车内空间还是很宽敞的，再加上全景天窗的采光面积也很大，这样让人坐进车内就更加通透了，包括车内的储物空间也是非常实用的。
    
    






                

    驾驶感受
        
            
            
        
        5
    
    
    得益于电动机的特性，这辆车的动力响应真的非常迅速，动力输出真的会给人一种一踩就有的畅快感，还有厚重的底盘也能过滤掉大部分的颠簸感。
    
    






            

            




            

    续航
        
            
            
        
        5
    
    
    这辆车的续航达成率还是相当可以的，开着空调的情况下满电续航也能达到360多公里。
    
    





            
            

    外观
        
            
            
        
        5
    
    
    中网内部的六边形格栅使得整个前脸看起来未来感十足，相比之下侧身造型就较为简约一些，不过通过这幅大尺寸的黑色轮毂同样能够凸显出它的运动气息。
    
    





            

    内饰
        
            
            
        
        4
    
    
    风行雷霆的内饰风格还是很前卫的，包括运动风格的座椅也很好的凸显出了它的时尚感，不过就是车机系统的功能不是很丰富，同时也不支持OTA升级。
    
    





            

    性价比
        
            
            
        
        5
    
    
    这辆车的价格优势还是很明显的，而且空间实用性也不错，再加上这段时间以来的续航达成率也是可圈可点，我觉得它的性价比很高了。
    
    





            
                

    智能化
        
            
            
        
        5
    
    
    风行雷霆是支持对外放电功能的，从刚买车那会就说要去体验一下，一直到上个周末出去玩的时候才有用到，不就是妥妥的移动电站嘛，轻松实现户外用电。
    
    




            

            



        "
凉城听暖7i0,2023-10-30 首次发表,"
            
                
                    5300km
                    
                    行驶里程
                
                
                
                
                
                    16.8kWh
                    春秋电耗
                
                
                
                
                
                
                    510公里
                    春秋续航
                
                
                
                

                
                
                    19.50万
                    裸车购买价
                
                
                    2023-06
                    购买时间
                
                
                    烟台
                    购买地点
                
            
            
    
        
            
        
        
            
        
        
            
        
        
            
        
    
    

    
        $(document).ready(function () {
            var koubeiid = 5202234;

        });

    


            
                最满意
                这台车的空间实用性还是非常棒的，车内的座椅布局非常合理，留给前后排的乘坐空间都挺宽敞的，而且座椅也设计的比较柔软宽大一些，运动风格的座椅坐上去贴合度也更高，就算是有时候长时间开车的话也不会觉得不舒服，还有就是这台纯电动车的动力储备也是非常充沛的，应付日常代步绰绰有余，就算是跑高速的情况下也都完全够用，而且电动机在工作过程中也确实是挺安静的，这样也就更好的保证了乘坐舒适感。
            
            
                最不满意
                车机系统的功能本来就不是很丰富，再加上还不支持OTA升级，这就不太合适。
            

            

    空间
        
            
            
        
        5
    
    
    车内的座椅布局还是非常合理的，在保证了足够宽敞的乘坐空间的同时留给后备箱的储物空间也挺大的，同时还特别规整，而且后排座椅放倒之后也是比较平整的。
    
    






                

    驾驶感受
        
            
            
        
        5
    
    
    这台车的动力储备还是挺充沛的，电动机的动力响应也确实更迅速，尤其是城市行驶的话感觉这样的车子让人开着都觉得特别轻松，还有就是电机工作时也是比较安静的。
    
    






            

            




            

    续航
        
            
            
        
        5
    
    
    我们为了一步到位当时就直接选择了长续航车型，目前来看这台车的续航达成率还是相当可以的，满电续航差不多在510公里左右。
    
    





            
            

    外观
        
            
            
        
        5
    
    
    雷霆的外观真会让人有种眼前一亮的感觉，尤其是这参数化的前脸看上去未来感十足，而且还专门将牌照框设置的较低一点，这样就很好的在视觉效果上降低了整台车的重心，从而也让它的外观显得特别运动。
    
    





            

    内饰
        
            
            
        
        5
    
    
    内饰确实是给我带来了不小的惊喜，整个车内完全没有太花哨的设计，不管是整体造型还是配色都是如此，包括这个三幅式的平底方向盘上还有少量的镀铬点缀，这样就更增强了外观的精致感。
    
    





            

    性价比
        
            
            
        
        5
    
    
    这台车所产生的养车花费还是非常低的，从平时充电到后期的维保花费都比较便宜，所以我觉得这台车还是很值得买的。
    
    





            
                

    智能化
        
            
            
        
        4
    
    
    对于一台20多万的纯电动车来说雷霆给到的智能化配置确实不是很丰富，我们买的高配车型连最常用的360度全景影像都没有，而且车机系统也不支持OTA升级。
    
    




            

            



        "
效恪iop,2023-10-30 首次发表,"
            
                
                    3100km
                    
                    行驶里程
                
                
                
                
                
                    16.5kWh
                    春秋电耗
                
                
                
                
                
                
                    520公里
                    春秋续航
                
                
                
                

                
                
                    17.00万
                    裸车购买价
                
                
                    2023-06
                    购买时间
                
                
                    喀什
                    购买地点
                
            
            
    
        
            
        
        
            
        
        
            
        
        
            
        
    
    

    
        $(document).ready(function () {
            var koubeiid = 5202218;

        });

    


            
                最满意
                这台车让我满意的地方就非常多了，从价格角度出发，它所给到的优惠力度确实比较，从配置方面来看，这台车给到的安全性配置和辅助性操控配置都是非常全面的，尤其是主动刹车和车道偏离预警以及自适应巡航等等这些功能就特别实用，另外就是我们买的长续航车型在实际用车过程中也确实有着不错的续航达成率，对于630公里的理论气行来说实际能够达到520公里就已经非常棒了，满足绝大多数的日常使用需求是没有什么问题了。
            
            
                最不满意
                大联屏的设计看起来确实挺有科技感的，但功能的确不是很丰富，而且使用体验也一般，另外就是新车车内的异味也确实有点大。
            

            

    空间
        
            
            
        
        5
    
    
    风行雷霆的车内空间还是非常宽敞的，前后排的座椅也都比较宽大，而且也都有中央扶手和杯架，包括门板上的储物格内部也做了分割，放一些小零碎的话也不至于混到一起。
    
    






                

    驾驶感受
        
            
            
        
        5
    
    
    跟之前一直在开的燃油车相比这辆车的动力响应确实更迅速，而且底盘的质感也是非常棒的，路况差一点也无妨，对乘坐舒适感也不会有太大的影响。
    
    






            

            




            

    续航
        
            
            
        
        5
    
    
    目前来看，如果需要跑长途的话开这台车也是没什么问题的，满电情况下跑到530公里不成问题，而且外边的充电桩也很普遍，充电也一点都不麻烦。
    
    





            
            

    外观
        
            
            
        
        5
    
    
    关于外观就看个人审美了，我觉得风行雷霆的外观造型还是很有特点的，我特别喜欢这机甲感满满的前脸造型，还有这个黑色车顶和大尺寸的黑色轮胎也更增强了整台车的运动感。
    
    





            

    内饰
        
            
            
        
        4
    
    
    车内的用料品质还是挺好的，再加上时尚的配色，使得整个内饰看起来特别上档次，但是中控车机的使用体验真心一般，总感觉操作起来不那么流畅。
    
    





            

    性价比
        
            
            
        
        5
    
    
    我觉得这台风行雷霆还是挺值得入手的，一方面是优惠蛮大，另一方面就是它的续航表现也真的很给力，再加上厂家对首任车主的电池组也有终身质保政策，车子开着也放心。
    
    





            
                

    智能化
        
            
            
        
        5
    
    
    主动刹车和车道偏离预警在用车过程中还是非常实用的，还有车道保持辅助和自适应巡航系统也确实能让人在开车过程中更省心一点，而且这台车还支持对外放电呢。
    
    




            

            



        "
尔d陪Of8,2023-10-30 首次发表,"
            
                
                    5200km
                    
                    行驶里程
                
                
                
                
                
                    16.3kWh
                    春秋电耗
                
                
                
                
                
                
                    530公里
                    春秋续航
                
                
                
                

                
                
                    17.20万
                    裸车购买价
                
                
                    2023-06
                    购买时间
                
                
                    重庆
                    购买地点
                
            
            
    
        
            
        
        
            
        
        
            
        
        
            
        
    
    

    
        $(document).ready(function () {
            var koubeiid = 5202193;

        });

    


            
                最满意
                我觉得雷霆还是非常适合作为我们家里的第二台车的，一方面是空间的实用性还不错，另一方面是这台纯电动车的养车花费相对也要低的多，不至于让我们再添置了一台车的基础上而增加太大的养车压力，再者就是这台车的颜值也确实挺高的，尤其是它的前脸造型真会让人有种过目难忘的感觉，包括内饰风格也同样是很漂亮的，还有这两块10.25英寸的大屏幕也确实很抢眼，结合目前的用车体验来讲，这台车在大的方面还都是挺合我意的
            
            
                最不满意
                我们买的高配车型同样没有给到太丰富的智能化配置，像特别实用的360度全景影像都没有。
            

            

    空间
        
            
            
        
        5
    
    
    我对它的空间也没有太高的要求，客观来讲，这台车的空间满足我们五口之家来用没有任何问题，而且座椅也都挺软的，后排靠背角度也刚好合适，坐上去感觉还是很舒服的。
    
    






                

    驾驶感受
        
            
            
        
        5
    
    
    低速行驶时能明显的感觉到转向手感还是比较轻盈的，不过也不是没有质感的那种，再加上整个车身也非常灵活，电动机的动力也来的特别快，总的来讲这辆车开起来还是挺惬意的。
    
    






            

            




            

    续航
        
            
            
        
        5
    
    
    我们是六月份买的车，到目前为止还真没有所谓的续航焦虑，这台车的续航达成率也确实是挺可以的，满电续航基本上能够达到530公里左右了。
    
    





            
            

    外观
        
            
            
        
        5
    
    
    雷霆的外观造型确实挺新奇的，不管是中网造型还是大灯样式都是很有个性的，而且硬朗饱满的轮廓以及双色车身的设计都更增强了外观的运动感，还有这副大轮胎也是非常帅气的。
    
    





            

    内饰
        
            
            
        
        5
    
    
    这台车的内饰也同样是这种比较简约的风格，不过车内的颜色搭配还是很时尚的，整体看起来一点也不单调，而且档杆区域的钢琴烤漆饰板和方向盘上的镀铬饰条也都更好的增强了内饰的档次感。
    
    





            

    性价比
        
            
            
        
        5
    
    
    我觉得雷霆还是很值得入手的，首先就是它的大空间完全符合我们的用车需求，其次就是纯电动车的养车成本确实更低，再说这辆车的颜值也确实挺高的，所以我觉得它的性价比还是挺可以的。
    
    





            
                

    智能化
        
            
            
        
        4
    
    
    雷霆给到的智能化配置确实不怎么丰富，我们买的高配车型也没有360度全景影像和全速自适应巡航系统。
    
    




            

            



        "
懵智c9,2023-10-30 首次发表,"
            
                
                    5500km
                    
                    行驶里程
                
                
                
                
                
                    16.8kWh
                    春秋电耗
                
                
                
                
                
                
                    510公里
                    春秋续航
                
                
                
                

                
                
                    17.00万
                    裸车购买价
                
                
                    2023-05
                    购买时间
                
                
                    抚顺
                    购买地点
                
            
            
    
        
            
        
        
            
        
        
            
        
        
            
        
    
    

    
        $(document).ready(function () {
            var koubeiid = 5202183;

        });

    


            
                最满意
                我觉得雷霆的车内空间还是相当宽敞的，不管坐到前排还是后排活动空间都足够充裕，而且后排地板中间的凸起，对于中间位置的腿部空间影响也不大，再说后排的中间位置也给到了头部靠枕，门板上的储物格内部也做了分割，细节做的还是挺可以的，还有就是这台纯电动车也确实有着不错的动力表现，起步提速动力的响应速度都足够快，包括底盘的整体感也是很OK的，即使路况较差一些对于行驶质感的影响也不是很不大。
            
            
                最不满意
                车子目前开的还可以，但不得不说这辆车价格确实不便宜，我们磨了很久才优惠2万左右，但还是不便宜的。
            

            

    空间
        
            
            
        
        5
    
    
    前后排的乘坐空间都挺宽敞的，后排的地板中间确实有一定的凸起，但影响真不大，还有后备箱空间也特别规整，后排座椅按比例放倒之后基本也是全平的状态，乘坐空间和装载能力都是非常棒的。
    
    






                

    驾驶感受
        
            
            
        
        5
    
    
    这台车的底盘素质还是相当可以的，坑洼路面带来的冲击感基本上都能被很好的化解，而且电动机的动力响应也确实更迅速，车子开着还是挺轻盈的。
    
    






            

            




            

    续航
        
            
            
        
        5
    
    
    以前还担心买纯电动车的话后期充电会很麻烦，目前来看完全不会，一方面是现在的充电桩确实很普遍，另一方面是这台车的续航达成率真不错，目前的实际续航都能达到510公里左右。
    
    





            
            

    外观
        
            
            
        
        5
    
    
    在我看来，雷霆的外观造型真的是非常独特了，尤其是它的前脸造型确实会让人有种过目难忘的感觉，无边界的中网以及两侧个性十足的大灯就很好的增强了整台车的辨识度。
    
    





            

    内饰
        
            
            
        
        5
    
    
    坐进车内确实也会让人眼前一亮，主要是整体造型本来就比较简约，所以四个圆形的空调出风口就会格外显眼，还有两块10.25英寸的大屏也是很有科技感的。
    
    





            

    性价比
        
            
            
        
        4
    
    
    主要是后期的保值率未可知，再加上车价格也不便宜，所以我觉得这台车的性价比还是挺一般的。
    
    





            
                

    智能化
        
            
            
        
        5
    
    
    这台车子的智能化配置算不上特别多，但也都比较实用，双10.25英寸的大屏幕看起来确实挺有档次的，但又不是特别张扬，同时这台车机系统的功能也是很丰富的，尤其是语音控制特别好用。
    
    




            

            



        "
萌比小子5w,2023-10-30 首次发表,"
            
                
                    2800km
                    
                    行驶里程
                
                
                
                
                
                    16.5kWh
                    春秋电耗
                
                
                
                
                
                
                    520公里
                    春秋续航
                
                
                
                

                
                
                    17.80万
                    裸车购买价
                
                
                    2023-07
                    购买时间
                
                
                    红河
                    购买地点
                
            
            
    
        
            
        
        
            
        
        
            
        
    
    

    
        $(document).ready(function () {
            var koubeiid = 5202069;

        });

    


            
                最满意
                决定买纯电动车的时候让我最担心的无非就是续航了，通过这段时间的用车来看，雷霆的续航达成率真不错，充满一次电基本上都能够跑到530公里左右，从我们买车到现在也就是充了六次电吧，第六次电刚充还没用多少，另外就是这台车的驾驶体验也非常棒，开起来特别轻松，而且颜值也是非常高的，不管是未来感十足的前脸造型还是十分壮实的侧身是我喜欢的类型，而且整个车身的做工也非常精致，外观看起来还挺高级的。
            
            
                最不满意
                朋友都说我花将近20万买这台车有点不划算，其实车子品质还行，不过就是东风风行的品牌影响力一般。
            

            

    空间
        
            
            
        
        5
    
    
    车内的座椅布局还是很合理的，我们家这台车后排的使用频率也不高，我跟女朋友平时坐到前排活动空间还是非常充裕的，而且视野也更开阔。
    
    






                

    驾驶感受
        
            
            
        
        4
    
    
    我感觉这台车的底盘还是挺扎实的，不算是跑在高速上它的底盘和转向也一点都不会有发飘的感觉，而且这台纯电动车的动力储备也挺足的，后半段提速都特别轻松。
    
    






            

            




            

    续航
        
            
            
        
        5
    
    
    我买这台车之前也是认真做了功课的，大家对这台车的续航评价都还不错，目前来看确实如此，对于630公里的理论续航来说，在实际的用车过程中能够跑到530公里左右真的相当可以了。
    
    





            
            

    外观
        
            
            
        
        5
    
    
    雷霆这机甲龙鳞格栅使得整个前脸看起来特别前卫，由小六边形组成的中网格栅确实是充满了未来感的，从侧面看上去丰富硬朗的线条让整个车子看起来都特别壮实。
    
    





            

    内饰
        
            
            
        
        5
    
    
    车内的用料品质和做工都是可圈可点的，再加上这种比较简约一点的内饰造型看起来确实更大气，还有中控台上的银色饰板看起来也很有层次感。
    
    





            

    性价比
        
            
            
        
        4
    
    
    其实这台车的各方面表现都还可以，用车体验非常满意，只不过东风风行的品牌影响力不是很强，毕竟也是一台将近20万的车了，开出去经常有人不认识这个logo。
    
    





            
                

    智能化
        
            
            
        
        5
    
    
    这台10.25英寸的中控车机不仅看起来科技感十足，而且功能也特别丰富，尤其是语音控制功能真的特别好用， 识别率也很高。
    
    




            

            



        "
商丘车友9296614,2023-10-26 首次发表,"
            
                
                    5400km
                    
                    行驶里程
                
                
                
                    16.5kWh
                    百公里电耗
                
                
                
                
                
                
                
                
                
                
                

                
                
                    13.99万
                    裸车购买价
                
                
                    2023-05
                    购买时间
                
                
                    商丘
                    购买地点
                
            
            
    
    

    
        $(document).ready(function () {
            var koubeiid = 5197749;

        });

    


            
                最满意
                这款车子的优点也非常的明显，包括它整体的一个设计感呀，还有它的一个小细节上呀都是非常好的包括他的手感，轻重这方面都是很合适的，对我来说，我就觉得他的一个驾驶和使用都是非常值得的，没有什么问题的，我觉得非常不错。
            
            
                最不满意
                不算是什么特别完美的车子，也不存在什么完美的车子，肯定多少是会有一些自己的小问题，在我看来的话，可能他的味道问题多少可能是会有一些的，包括隔音呀，也都不算是做的特别好的，但是也还行，不会造成特别大的影响。
            

            

    空间
        
            
            
        
        5
    
    
    空间整体的表现都还是比较宽敞的，然后也没有什么问题，所以我的感受就是觉得也还挺不错的，非常的放心，然后也觉得比较的合适。
    
    






                

    驾驶感受
        
            
            
        
        5
    
    
    动力的效果还可以，它的爆发力呀和它的使用呀各方面都是没有什么问题的所以我会觉得比较的不错，然后整体来说的话也都会觉得挺到位的。
    
    






            
                

    操控
        
            
            
        
        5
    
    
    手感轻重还可以，都是比较容易上手的一个类型，完全的比较轻松。
    
    




            

            




            

    续航
        
            
            
        
        5
    
    
    数值虽然有过一段时间的不稳定吧，但是整体的表现还是非常不错的，我自己也是比较放心的感觉也都基本上达到了要求吧，所以觉得能接受。
    
    





            
                

    舒适性
        
            
            
        
        4
    
    
    隔音效果有点差劲，但是其他地方上的表现都还是很好的，我也算是比较放心。
    
    




            
            

    外观
        
            
            
        
        5
    
    
    外观的设计感还可以简简单单的，然后用起来也比较的不错，所以我自己也还是比较放心的，感觉是完全能达到我心目中的一个要求的，我是可以接受的。
    
    
    
    
    


    
    
    
    


    
    
    
    


    





            

    内饰
        
            
            
        
        5
    
    
    内饰比较的简单大方，然后整体给我的感受也都还不错，所以我自己也是比较能接受的，觉得挺合适。
    
    
    
    
    


    





            

    性价比
        
            
            
        
        5
    
    
    性价比挺好的，该有的都有，基本上也没有什么问题，所以我是可以接受的。
    
    





            

            
                



            



        "
福到财到123,2023-10-19 首次发表,"
            
                
                    
                    暂无
                    行驶里程
                
                
                
                
                
                
                
                
                
                
                
                
                

                
                
                    18.99万
                    参考价格
                
                
                    2023-10
                    探店时间
                
                
                    唐山
                    探店地点
                
            
            
    
    

    
        $(document).ready(function () {
            var koubeiid = 5190947;

        });

    


            
                新车好评
                动力强劲，加速有力，正车开起来给人一种你要买的冲动
            
            
                新车槽点
                我试驾的是风行雷霆，2023款630Pro，唯一的槽点就是品牌了差点
            

            

    空间
        
            
            
        
        5
    
    
    作为一款紧凑级别的SUV，轴距只有2715，这个轴距对于油车来说空间会显得很拥挤，但是作为纯电平台的风行雷霆，空间就变的刚刚好。车内各个储存空间都很大。前后排腿部，头部空间都比较富足
    
    
    
    
    


    
    
    
    


    






                

    驾驶感受
        
            
            
        
        4
    
    
    纯电汽车独有的静音，加速猛，在这台车上都淋淋尽致的提现出来。最让我舒服的是这个车平稳性和滤震性，我试驾时候，选的道路坑坑洼洼，但是这个车开起来，车后排没有太大的跳动。
    
    






            

            




            

    续航
        
            
            
        
        5
    
    
    630的纯电续航，加上86堵三元里电池。无论啥季节都很抗打。夏天不用说了，冬天三元里抗低温的能力还是不错的，预估差不多打7折。
    
    





            
            

    外观
        
            
            
        
        5
    
    
    现在新能源车都走的是年轻，运送风，风行雷霆也不会另类，19寸大轮毂，圆润的外观，超长的线身，配上全景天幕。
    
    
    
    
    


    





            

    内饰
        
            
            
        
        5
    
    
    运动座椅，加上座椅设计合理，腰腿都得到了足够支撑，坐着很舒服。但是这个颜色我也无奈了，能不能弄个年轻的颜色。
    
    
    
    
    


    





            

    价格政策
        
            
            
        
        4
    
    
    跟销售谈的五年期，首付56970，贷149580，贷款5年，每期还2493，保险5200
    
    





            
                

    智能化
        
            
            
        
        5
    
    
    该有的智能驾驶都有。让我惊喜的是我试驾这款车有疲劳驾驶提醒。我刚会开车难免会贪车。有了他，我就会很踏实。
    
    
    
    
    


    




            

            



        "
哟啊哦唯有你,2023-10-19 首次发表,"
            
                
                    
                    暂无
                    行驶里程
                
                
                
                
                
                
                
                
                
                
                
                
                

                
                
                    18.90万
                    参考价格
                
                
                    2023-10
                    探店时间
                
                
                    广州
                    探店地点
                
            
            
    
    

    
        $(document).ready(function () {
            var koubeiid = 5190591;

        });

    


            
                新车好评
                这两年的车企都在疯狂卷，对于老百姓而言是一件好事，自己买车的选择就更多了。值得体验的车子越来越多，有空都会出去跑跑体验一下不同品牌的车子。上周末约朋友来到番禺这边体验了雷霆这款车，体验了630pro这个配置，整体感受不错。这车子的颜色我非常喜欢，哈哈，这个颜色加上这个外观设计，我是颜值控，我表示很喜欢。内饰的设计和配色也是很动感，坐进去就有一种想踩油门的冲动。
            
            
                新车槽点
                方向盘按键处的设计有点掉分，这个材质和配色看起来有点点廉价，看着很塑料感。还有就是档把处的面板好光光滑，估计有划痕了会有点明显。
            

            

    空间
        
            
            
        
        5
    
    
    这款车有四米六的车长，接近一米九的车宽，两米七多轴距的SUV，乘坐空间很舒服。我更喜欢坐在后排，后排的空间很宽敞，腿部空间充足，坐着很舒服。
    
    






                

    驾驶感受
        
            
            
        
        5
    
    
    新能源车跑起来比油车舒服多咯，起步非常平顺，而且有劲。看着底盘用料就很扎实，操控起来很轻松。而且我个人新能源车有个电池包压在底部，感觉跑起来的车子稳重很多。新能源车子跑起来是享受。
    
    
    
    
    


    
    
    
    


    






            

            




            

    续航
        
            
            
        
        5
    
    
    六百多公里的综合续航，正常日常出行没有任何问题，哪怕是节日长途出行，合理安排好旅途中的行程，了解下旅途中的充电桩，有快充，完全没压力。不用担心网上说的续航焦虑，真的很焦虑就不会那么多电车假期出行了。自己喜欢就好，这么大的续航没焦虑。
    
    
    
    
    


    





            
            

    外观
        
            
            
        
        5
    
    
    这车子的外观设计很动感，前脸有未来的科技动感。侧身的贯穿腰线，车尾的贯穿式尾灯，每个角度都能体现出车子的运动风格。
    
    
    
    
    


    
    
    
    


    
    
    
    


    





            

    内饰
        
            
            
        
        5
    
    
    眼镜盒有海绵垫好评。黑绿色的配色，把运动感拉满，很年轻活力，很运动风。内饰用料做工都很扎实，座椅舒服。
    
    
    
    
    


    
    
    
    


    





            

    价格政策
        
            
            
        
        4
    
    
    感觉广州这边的新能源裸车价格都很挺，优惠不大，不过经常看到政府有出台一些汽车政策，比如以旧换新，或者不同区可能会有去的补贴。在可以手机云闪付中查看下，或者问问销售。
    
    





            
                

    智能化
        
            
            
        
        4
    
    
    智能语音交互，远程车辆控制，自动空调，外放电，疲劳驾驶提醒，多功能方向盘等等
    
    




            

            



        "
fm8288,2023-10-16 首次发表,"
            
                
                    
                    暂无
                    行驶里程
                
                
                
                
                
                
                
                
                
                
                
                
                

                
                
                    20.00万
                    参考价格
                
                
                    2023-10
                    探店时间
                
                
                    佛山
                    探店地点
                
            
            
    
    

    
        $(document).ready(function () {
            var koubeiid = 5188353;

        });

    


            
                新车好评
                手里已经有一台油车，考虑到年份较长油耗高，而且上下班距离蛮远的，通勤成本确实高。所以就决定入手一台电车，20万左右的预算，看了这台雷霆的630pro+车型，确实很不错，首先是颜值够高，看的白色，整体看过去很时尚，而且前面中网很霸气，封闭式的设计科幻感十足，第一感觉很好，个人觉得要比t斯拉那个轿车好看不少。然后内饰的质感也很好，摸得到的基本都是软材质，车机也够流畅，感觉还是很棒的。
            
            
                新车槽点
                车里面味道稍微有点大，感觉材料环保性还可以提高一下。
            

            

    空间
        
            
            
        
        5
    
    
    我175cm的个子，坐进去第二排，腿部空间富余很多，翘个二郎腿轻轻松松，毕竟是SUV车型，头部空间也很宽裕，不会觉得顶头。
    
    






                

    驾驶感受
        
            
            
        
        5
    
    
    底盘调教很出色，尤其是过烂路的时候，不会觉得很颠簸。然后毕竟是电车嘛，所以加速的感觉确实是油车没有办法比的，一脚电门下去就起飞的感觉简直太美妙了。
    
    
    
    
    


    






            

            




            

    续航
        
            
            
        
        5
    
    
    在市区开，基本能跑到表显的一比一，续航是很实的，充满电基本跑到600公里没啥问题。
    
    





            
            

    外观
        
            
            
        
        5
    
    
    颜值杠杠的，跟市面上别的电车看上去都不一样，很有自己的特点。
    
    
    
    
    


    
    
    
    


    





            

    内饰
        
            
            
        
        4
    
    
    内饰质感很好，尤其是软材质的覆盖下，手感一级棒，但是新车味道也很明显，还是要散味一段时间放心一点。
    
    





            

    价格政策
        
            
            
        
        5
    
    
    跟销售磨了好一会，给到的优惠是2万左右，而且还有两年免息贷款，还是蛮给力的。
    
    





            
                

    智能化
        
            
            
        
        5
    
    
    车机可以联网的，像在线导航、听音乐都没问题，流畅度也很高，感觉还不错。
    
    




            

            



        "
微笑缺钱,2023-04-03 首次发表,"
            
                
                    
                    暂无
                    行驶里程
                
                
                
                
                
                
                
                
                
                
                
                
                

                
                
                    22.99万
                    参考价格
                
                
                    2023-03
                    探店时间
                
                
                    杭州
                    探店地点
                
            
            
    
        
            
        
    
    

    
        $(document).ready(function () {
            var koubeiid = 4892171;

        });

    


            
                新车好评
                第一，低配车型12.99万，续航里程430km,性价比远远超过同级别的比亚迪元。
第二，风行雷霆比较有意思的，就是它的外观设计和内饰的设计有一种超跑的感觉。尤其是前排两个座椅造型非常的运动时尚，并且有LOGO ，营造出的运动氛围是非常不错的。
第三，后排座椅可以完全放平，车内空间灵活多变。
第四，风行雷霆车内拥有多达35处储物空间，小到孩子的奶瓶，大到妻子的包包，都有合适的位置安放。
第五，风行雷霆的外放电功能，可以支持一家自驾游时开启露营和野炊。
第六，东风是国企，一般不容易倒闭，不像那些新势力造车容易倒闭。并且在汽车的生产制造和组装上面还是有一定的经验。
            
            
                新车槽点
                我是传祺GE3 530的车主，纯电续航410km，和风行雷霆进行对比。
第一，低配安全气囊较少，只有主副驾驶有，前后排侧气囊和头部气囊（气帘）都没有，只有高配有。
第二，低配车型没有360度全景影像，对于新手司机停车有些困难。
第三，座椅低配是织物材质，高配是仿皮材质，没有真皮材质的舒服。
第四，低配大灯是卤素大灯，高配是LED大灯。
第五，顶配虽然有630km续航，但是价格22.99属实也比较高，同价位选择比较多。
            

            

    空间
        
            
            
        
        4
    
    
    风行雷霆的车身尺寸分别为长4600mm，宽1860mm，高1680mm，轴距为2715mm，营造出越级宽适空间。同时车内贴心的准备了35处储物空间，周到的照顾了全车乘客的需求。如图所示，本人175cm,前排头顶有两拳一指，后排腿部也有两拳三指的空间，打破了紧凑型车型一定紧凑。
    
    
    
    
    


    
    
    
    


    
    
    
    


    






                

    驾驶感受
        
            
            
        
        4
    
    
    风行雷霆拥有纯电车的特性，整个车辆起步十分轻快，加速过程足够顺滑，并不会和传祺ge3一样，一踩就蹿。深踩加速踏板后，风行雷霆动力输出来的很快，几乎不会带来眩晕感，这点做的也比传祺好，但是推背感仍然存在，急加速时风格也偏向柔和。
    
    
    
    
    


    
    
    
    


    
    
    
    


    






            

            




            

    续航
        
            
            
        
        3
    
    
    风行雷霆用430km和630km的续航数据打消了所有人的顾虑。CLTC 630km的续航表现不仅超过同级佼佼者比亚迪元PLUS，更是将其他竞争对手远远甩在了身后。其实，风行雷霆高续航背后的秘诀就是将电池容量和密度的扩大，85.9kw·h的电池包，175Wh/kg的电池能量密度，让其轻松成为同级续航领头羊。与此同时，风行雷霆加入了更为高效的动能回收，以及单踏板模式，进而让续航能力再加30%。
    
    
    
    
    


    
    
    
    


    
    
    
    


    





            
            

    外观
        
            
            
        
        3
    
    
    风行雷霆采用了无边界式的进气格栅，搭配了蜂窝造型的装饰和“雷神之斧”大灯；车侧线条平滑流畅，车尾则采用了贯穿式尾灯，整体来看兼具了运动感、科技感和高辨识度。但是我个人蜂窝造型的前脸不是特别喜欢，也许你会爱上。
    
    
    
    
    


    
    
    
    


    





            

    内饰
        
            
            
        
        4
    
    
    对于一款纯电车，风行雷霆的内饰设计布局只能算中规中矩，但是我确实很喜欢，以熏黑色调为主的内饰加以荧光绿装饰条以及银色饰板进行点缀。炮筒状的四个空调出口均匀分布在中控台，表面荧光绿装饰条，营造出青春的乘坐环境。座椅的三角形设计，尤其是前排两个座椅造型非常的运动时尚，并且有LOGO ，营造出的运动氛围是非常不错的。只是填充物比较僵硬，坐久了可能有些吃力。
    
    
    
    
    


    
    
    
    


    
    
    
    


    





            

    价格政策
        
            
            
        
        3
    
    
    东风风行雷霆上市，共推出7款车型，市场指导价区间为12.99万元-22.99万元。风行雷霆共发布7款车型的同时，也给消费者送上了“三年用车，费用我出”的用车豪礼，即日起，前2000名下订风行雷霆的首任车主可享价值30000元以上的尝鲜大礼包，包括先锋畅玩包或三年满电包。
    
    





            
                

    智能化
        
            
            
        
        5
    
    
    雷霆搭载了飞车令和4.0车联网，支持腾讯车辆的全生态在线地图、语音交互、车载微信和蓝牙钥匙等功能。与此同时，风行雷霆配备了19个智能硬件，拥有L2+级辅助驾驶能力，具备全场景APA自动泊车、车位自动泊入等12项驾驶辅助功能，进一步提升出行便捷性和安全性。风行雷霆首搭华为TMS2.0热泵热管理系统，可适用零下18℃以下的超低温环境，相比行业低8℃，使得冬季续航提升16%。同时，它还具备远程智能温控技术。用户在家即可通过手机APP预约操作实现高、低温度下的极速制冷、加热，夏季、冬季出行无需等待，也无需担心电池温度低、车内温度不适宜等问题，提升了出行的便利性和舒适性。
    
    
    
    
    


    
    
    
    


    
    
    
    


    




            

            



        "
Honor丶丶,2023-10-09 首次发表,"
            
                
                    4215km
                    
                    行驶里程
                
                
                
                
                
                    14.2kWh
                    春秋电耗
                
                
                
                
                
                
                    590公里
                    春秋续航
                
                
                
                

                
                
                    19.60万
                    裸车购买价
                
                
                    2023-05
                    购买时间
                
                
                    武汉
                    购买地点
                
            
            
    
        
            
        
        
            
        
        
            
        
    
    

    
        $(document).ready(function () {
            var koubeiid = 5180004;

        });

    


            
                最满意
                最满意的地方是这台车有很多人性化的设计。先说空间方面的利用，这台车是紧凑型SUV，这个尺寸我也对比过，同级里面它并不是最大的，但它在空间利用率上，堪比本田魔术师，一些小空间利用得相当到位，比如前后都有中央扶手，后排还有个单独的杯架，照顾了车里的每一个人。还有能对外放电也非常不错，我们上次就是开着车出去烧烤了，用的是电烧烤炉，相当方便。
            
            
                最不满意
                从用车感受上看，还真没有不满意的地方，各方面的表现算是比较均衡吧，基本上都达到了我的预期，有的甚至超出了预期。当然了，我在买车的时候，也听说了一个不太好的消息，电动车不太保值啊，不知道是不是因为电池的缘故，这样一来，就让性价比有点打折扣了。不过后来想想，用几年的话，省下的用车费用也够再买一辆车了，而且每次开车的时候还不用担心油费，这种感觉也挺自在的，这么一想也就释然了。
            

            

    空间
        
            
            
        
        5
    
    
    两排座椅之间有比较宽敞的间隔，坐在后排，小个子还能翘个二郎腿，大个子找个舒服的坐姿也是没问题的，不会觉得压抑。
    
    






                

    驾驶感受
        
            
            
        
        5
    
    
    首先，方向盘没有啥虚位，指哪打哪，而且是真皮材质包裹，手感一级棒。其次，电车动力确实是秒了油车几条街，哪怕是十几万的电车，红绿灯起步时照样秒杀旁边车道的BBA，优越感满满。
    
    
    
    
    


    






            

            




            

    续航
        
            
            
        
        5
    
    
    听了很多电动车打七折、打八折的传说，我这台车目前的续航是590公里，目前为止，这个续航是够用的，充电费用也不算高
    
    





            
            

    外观
        
            
            
        
        5
    
    
    很多人见了风行雷霆都说这是一款高大上的车，我也知道大部分人都把眼光放在车灯上了。车灯的设计确实很另类，能快速吸引众人的眼球，我看的是整体造型，我觉得它的各种设计都很协调。
    
    
    
    
    


    





            

    内饰
        
            
            
        
        5
    
    
    内饰有个很突出的优点，就是新车提回来的时候没有特别难闻的气味，说明用料环保性没问题，再就是这个座舱氛围也很不错，整体设计的很有温馨感。
    
    
    
    
    


    





            

    性价比
        
            
            
        
        4
    
    
    除了电动车不怎么保值之外，别的我还真没挑出毛病来，和其它同级别的车比，它的性价比我认为是最高的。高在哪里呢？首先，这台车的外观够亮眼吧，这都是肉眼能看到的。然后就是驾驶感受了，电动车性能杠杠的，开起来很爽。然后在用车成本方面，油车是完全没得比的。
    
    





            
                

    智能化
        
            
            
        
        5
    
    
    在驾驶方面，前后驻车雷达和倒车影像解决了停车难、倒车难的问题。在安全方面，它有足够多的安全气囊，不仅是前排正副驾驶有，后排还有侧气囊和头部气囊，咱也倒不是指望安全气囊，但是有了这些保障，心里就会踏实很多。在乘坐方面，座椅有足够多的调节方式，调整好了，开车一点也不累，反而觉得是一种乐趣了。
    
    
    
    
    


    




            

            



        "
听风看月aj,2023-10-06 首次发表,"
            
                
                    2500km
                    
                    行驶里程
                
                
                
                
                
                    15.5kWh
                    春秋电耗
                
                
                
                
                
                
                    550公里
                    春秋续航
                
                
                
                

                
                
                    18.99万
                    裸车购买价
                
                
                    2023-09
                    购买时间
                
                
                    广州
                    购买地点
                
            
            
    
        
            
        
    
    

    
        $(document).ready(function () {
            var koubeiid = 5176270;

        });

    


            
                最满意
                首先，开起来很好开，其一是动力调校得偏油车的风格，不会让人觉得有电车那种窜动感，比较线性的提速节奏（当然也不会慢，动力不算猛，但也是够用的），开起来是很容易上手的。还有一个细节要表扬一下的是，这台车它的空调模式除了自定义的温度、风量之外，还可以联动车窗给到三个系统模式，自己点击选一下，系统就自动进行设置了，现在广东这边还是火辣辣的天气，我一上车就直接打开一键降温模式，很爽很方便的功能。
            
            
                最不满意
                品牌知名度确实差点意思，后续保值率可能会比较低，毕竟车价本来就不算很便宜。
            

            

    空间
        
            
            
        
        5
    
    
    SUV空间本来就比较有优势，雷霆的空间主要是强在第二排，腿部空间很宽裕，个子高也不会觉得顶头，然后中间位置也基本是全平的，对于家用车来说空间是合格的，起码我是够用了。
    
    






                

    驾驶感受
        
            
            
        
        5
    
    
    
    
    
        起步/加速动力
        起步、加速，雷霆都算不上很猛的那种，不过我开车也不喜欢开那种窜动感太强的类型，容易晕车，而且平时主要在广州市区开，动力再强也用不上，堵车呀。
        
        
    
        方向盘轻重
        方向盘是偏重一点点的感觉，路感比较清晰，高速的时候比较稳
        
        
    
        刹车灵敏性
        刹车调教的还可以，前段软一些，但还算比较线性，遇上前车急刹，也不慌。
        
        
    






            

            




            

    续航
        
            
            
        
        4
    
    
    我有时候会跑一下长途，所以买的是630长续航版本，现在跑了一下，大概统计下来能跑个550公里以上吧，续航达成率还不错，毕竟同级别的油车也是跑个五六百公里就要加油了，广州这边充电桩很多，充电也不麻烦。不过有点要吐槽的时候现在充电站充电也蛮坑的，服务费都快比电费贵了，然后准备自己在小区车位弄一个家充充电头，不过物业也是墨迹得不行，还在各种流程在走，挺烦人的。
    
    
    
    
    


    
        充电时间
        外面充电站快充的话，半个小时多点可以充到80%，充电效率挺高。
        
        
    
    
    
    


    
    
    
    


    
    
    
    


    





            
            

    外观
        
            
            
        
        5
    
    
    有一说一，这车颜值真的是很在线的，感觉很有设计感，加上我选的颜色看上去也很潮，开回家之后，左邻右里都会来看多几眼。唯一的缺点就是这个颜色不耐脏，沾点灰后不会有刚提回来时候那么亮，不过用水冲一下就立马回春，太神奇了。
    
    
    
    
    


    
    
    
    


    
    
    
    


    





            

    内饰
        
            
            
        
        5
    
    
    内饰材质很棒，基本都是软包围，新车味道也不算太大，对得起这个价位。
    
    
    
    
    


    





            

    性价比
        
            
            
        
        4
    
    
    价格确实不便宜，但千金难买心头好，不管啦
    
    





            
                

    智能化
        
            
            
        
        5
    
    
    
    
    
        车机功能及流畅度
        雷霆这款车的车机功能确实也挺多的，用不完，根本用不完，但有一说一，整个系统的流畅度确实做得可以，语音识别、逻辑反应啊，都很nice。
        
        
    
        车载导航实用性
        尤其要夸一夸导航系统，它是可支持投射到液晶仪表上显示的，而且还不是那种简化版的，基本上是跟右边的中控屏同步，整个导航体验下来，我发现精准度也很ok。
        
        
    




            

            



        "
萍乡车友6595766,2024-02-06 首次发表,"
            
                
                    8200km
                    
                    行驶里程
                
                
                
                
                
                
                
                    19.2kWh
                    冬季电耗
                
                
                
                
                
                
                     285公里
                     冬季续航
                
                

                
                
                    14.99万
                    裸车购买价
                
                
                    2023-08
                    购买时间
                
                
                    萍乡
                    购买地点
                
            
            
    
        
            
        
        
            
        
        
            
        
    
    

    
        $(document).ready(function () {
            var koubeiid = 5293317;

        });

    


            
                最满意
                在买这台车之前我也确实是经过了深思熟虑的，毕竟十多万对于我们来说真心不是一个小数目，不过对于一台大空间的纯电动SUV来说还算是挺实惠的，其实在我的预算内也可以考虑那些新势力的新能源汽车，但我个人还是更加认可传统的老牌车企，再加上当时这台车也确实给到了比较大的优惠力度，13万多的裸车价格就能买到430km版本的高配车型，感觉挺香，加上这台车的外观也是我非常满意的，尤其是这机甲感满满的前脸造型带来的视觉冲击力特别强，确实是很喜欢。
            
            
                最不满意
                全景天窗确实挺帅的，但怕夏天会有点热，准备去贴多一张膜了，有没有推荐的呀？
            

            

    空间
        
            
            
        
        5
    
    
    风行雷霆的车内空间还是挺宽敞的，后备箱也很规整，空间这块可以给个好评。
    
    






                

    驾驶感受
        
            
            
        
        5
    
    
    不管是动力还是转向都会给人一种十分轻盈的感觉，这样的车子开着本来就让人觉得特别舒服，再加上行驶过程中车内的静谧性也是非常棒的，整体的表现很ok。
    
    






            

            




            

    续航
        
            
            
        
        5
    
    
    我们平时都是城内短距离代步，基本上都是一周将近两周的时候充一次电，满电续航能够达到350公里左右。
    
    





            
            

    外观
        
            
            
        
        5
    
    
    这辆车的外观造型就非常有个性了，尤其是这类似无边界样式的中网造型机甲感满满，包括两侧的大灯造型也是很有特点的，这台车开出去辨识度确实很高。
    
    





            

    内饰
        
            
            
        
        5
    
    
    除个性十足的外观之外，这台车的内饰风格也是很有设计感的，圆形的空调出风口和车内的亮色点缀就很好地增强了内饰的时尚感，还有双连屏也是很有科技感的。
    
    





            

    性价比
        
            
            
        
        5
    
    
    风行雷霆不仅给到的优惠力度比较大，而且各方面配置也是很可以的，而且它所带来的驾乘体验也不错，我觉得这辆车买的特别值。
    
    





            
                

    智能化
        
            
            
        
        4
    
    
    我觉得360度全景影像清晰度比较高，再说也有前后驻车雷达作为辅助，所以平时倒车啥的也很轻松。
    
    




            

            



        "
H潮sP倮G5t,2023-11-15 首次发表,"
            
                
                    3700km
                    
                    行驶里程
                
                
                
                
                
                    16.3kWh
                    春秋电耗
                
                
                
                
                
                
                    525公里
                    春秋续航
                
                
                
                

                
                
                    18.30万
                    裸车购买价
                
                
                    2023-07
                    购买时间
                
                
                    九江
                    购买地点
                
            
            
    
        
            
        
        
            
        
        
            
        
        
            
        
    
    

    
        $(document).ready(function () {
            var koubeiid = 5215977;

        });

    


            
                最满意
                我觉得雷霆的底盘素质还是非常棒的，车子开起来明显会让人觉得特别稳，即便是车速比较高的情况下也同样如此，还有就是它的动力表现也是相当给力的，起步阶段的动力输出明显更加迅速一些，需要提速的话也都能够一气呵成，当然，动力输出也没有那种太窜的感觉，另外就是这台车的续航表现也是可圈可点的，说实话，续航还是我之前非常担心的问题呢，现在来看大可不必，这台车的满电续航差不多能够达到530公里左右，对于咱们作为家用车来说完全足够了，就算是要跑远一点的路程也都能够轻松应对，主要是现在的充电桩也确实比较普遍，在外补能完全没有想象中的那么麻烦。
            
            
                最不满意
                对于这个价位的国产纯电车来说，我觉得雷霆给到的智能化配置确实不太丰富，买的高配车型也没有360度全景影像，而且车机系统还不支持ota升级。
            

            

    空间
        
            
            
        
        5
    
    
    这台车的空间就是中规中矩的水平，算不上特别宽敞，但是有时候需要五人满座的话活动空间绝对够用，而且运动风格的座椅坐上去好像贴合度更高，不管是坐垫还是腰背部的承托性都是非常棒的，还有后备箱的储物空间也特别规整，乘坐和储物空间都挺实用的，作为家用车来说没有任何问题。
    
    






                

    驾驶感受
        
            
            
        
        5
    
    
    雷霆带来的驾驶体验跟我预期中的纯电动车一模一样，尤其是起步时的动力来的特别快，起步提速一气呵成，让我比较欣喜的是它的动力输出完全没有那种太窜的感觉，脚感还是很舒适的，再加上悬架的支撑性也非常棒，车子开起来也比较稳，就包括高速行驶时也完全没有明显发飘的感觉。
    
    






            

            




            

    续航
        
            
            
        
        5
    
    
    我平时更多的都是上下班代步，不过买车之后假期我也经常会开车出去玩一玩，这辆车的续航表现还是相当可以的，就算是有远距离出行需求的话也基本上都能够轻松实现，主要是这台车本身的电池容量就比较大，而且续航达成率也是挺可以的，实际续航基本上都能够达到530多公里，也就是说一些远一点的出行需求能够轻松应付。
    
    





            
            

    外观
        
            
            
        
        5
    
    
    雷霆的外观简直就是为年轻人而来，这台车在外观的设计上确实是很用心了，侧身造型真的会给人一种硬朗又坚挺的感觉，车窗周围的镀铬饰条也起到了一定的点缀作用，还有车身底部的亮色装饰条也更增强了外观的时尚感和运动感，包括车后的贯穿式尾灯也是非常漂亮的。
    
    





            

    内饰
        
            
            
        
        5
    
    
    首先，车内的用料品质还是非常棒的，仿皮座椅的质感看起来是真不错，而且运动风格的座椅也是非常漂亮的，其次就是10.25英寸的中控车机和同尺寸的液晶仪表采用了互通式的设计，这种大联屏的造型确实会更有科技感，前后排一共有三个充电口，同时支持USB和type c，这就非常方便。
    
    





            

    性价比
        
            
            
        
        5
    
    
    总的来说，这车的驾驶体验还是非常棒的，不管是动力表现还是底盘素质都是可圈可点的，而且车子开起来也真的会给人一种轻松惬意的感觉，还有就是它的颜值也特别高，平时所产生的养车花费也不会太大，所以我觉得这辆车还是很值得入手的。
    
    





            
                

    智能化
        
            
            
        
        4
    
    
    现在的新能源汽车在智能化配置方面还是非常卷的，即使几万块钱的纯电动微型车都有着丰富的智能化配置，但是对于一台20多万的纯电动SUV来说雷霆给到的智能化配置就很一般了，像非常普遍的手机APP远程控制功能都不支持，而且中控车机也不支持手机互联或映射，同时还不能OTA升级。
    
    




            

            



        "
藤原豆腐老李,2023-11-12 首次发表,"
            
                
                    5700km
                    
                    行驶里程
                
                
                
                
                
                    16.0kWh
                    春秋电耗
                
                
                
                
                
                
                    533公里
                    春秋续航
                
                
                
                

                
                
                    20.10万
                    裸车购买价
                
                
                    2023-07
                    购买时间
                
                
                    佛山
                    购买地点
                
            
            
    
    

    
        $(document).ready(function () {
            var koubeiid = 5213187;

        });

    


            
                最满意
                关于这台车子比较满意的地方还是挺多的。首先作为一台SUV，风行雷霆的车内空间确实挺大，所带来的乘坐体验也非常棒，例如我爸175cm的身高坐在第二排，还可以翘个二郎腿，这就很赞！
其次，这台车子的动力体验以及整体的驾驶感受也都挺可以的，动力强，底盘质感也很赞，更重要的是电车嘛，我在家里弄了一个家用充电桩，深夜错峰充电的话一度电不到三毛钱，约等于不要钱，后面基础保养的话也只是换换空调滤芯就行了，确实很省！
            
            
                最不满意
                价格不便宜，虽然优惠了不少，但还是不算便宜的，不过一分钱一分货嘛，千金难买心头好。
            

            

    空间
        
            
            
        
        5
    
    
    我觉得这台车的空间实用性还是非常棒的，后排的空间是真的大，而且整个车子所带来的乘坐体验也是非常舒服的，而且车内的储物空间设计也做得相当合理，对于家用需求来讲，我觉得它的空间实用性确实没什么问题。
    
    






                

    驾驶感受
        
            
            
        
        5
    
    
    这台车开起来的体验感还是相当可以的，动力表现是真心很不错，而且实际的操控也非常灵活，从底盘的质感到动力的调教等方面都做得比较优秀，我还是非常享受这样的驾驶体验的。
    
    






            

            




            

    续航
        
            
            
        
        5
    
    
    这台车在续航这一块还是挺优秀的，满电续航能达到530多公里，这个续航水平就已经挺给力了，而且车子本身的用车成本也是比较低的，毕竟百公里的耗电量也就在16度左右，算下来1公里的用电费用也只要几分钱。
    
    





            
            

    外观
        
            
            
        
        5
    
    
    我觉得风行雷霆的颜值还是蛮高的，在设计上是真的很有创意，而且细节也做得非常好。
    
    
    
    
    


    





            

    内饰
        
            
            
        
        5
    
    
    这台车的内饰看上去非常年轻精致，不管是设计还是配色也都是如此，在很多细节方面留给我的印象还是非常好的，做工以及用料方面都做的非常细致，看着也是很有档次的。
    
    
    
    
    


    
    
    
    


    





            

    性价比
        
            
            
        
        4
    
    
    性价比其实算不上太高，虽然说用车体验挺好的，优惠也不小，但毕竟车价还是不算低，不过自己喜欢嘛，没办法。
    
    





            
                

    智能化
        
            
            
        
        5
    
    
    我觉得这套车机系统的使用体验还是很棒的，语音、导航、刷剧都可以做到。
    
    




            

            



        "
烟雨朦胧djd,2023-11-12 首次发表,"
            
                
                    9300km
                    
                    行驶里程
                
                
                
                
                
                    15.7kWh
                    春秋电耗
                
                
                
                
                
                
                    540公里
                    春秋续航
                
                
                
                

                
                
                    20.30万
                    裸车购买价
                
                
                    2023-06
                    购买时间
                
                
                    肇庆
                    购买地点
                
            
            
    
        
            
        
    
    

    
        $(document).ready(function () {
            var koubeiid = 5213163;

        });

    


            
                最满意
                当初选择电车，其实也就是为了更加省钱，就目前来说，这台车子的用车成本是真的很低呀，而且现在在外面充电也挺方便的，再加上这台车本身的续航能力也相当可以，所以即便是有时候跑点长途也没有任何问题，同时这车的安全性以及空间实用性等各方面都做得挺好，所以家用是真的合适。
            
            
                最不满意
                目前感觉风行雷霆的这个前脸设计还是有点夸张了，感觉可以再低调一丢丢哈哈哈。
            

            

    空间
        
            
            
        
        5
    
    
    对于我们的使用需求来说，我觉得风行雷霆的车内空间就已经完全够用了，毕竟平时更多的就是我们一家三口用车，孩子平时坐在后面空间还是很大的，活动空间非常充裕，包括这个后备厢的空间也非常够用。
    
    






                

    驾驶感受
        
            
            
        
        5
    
    
    之前也没怎么开过电车，感觉风行雷霆的动力来的确实挺快，电门踩到哪里动力就跟到哪里，即便是这么大的车子开起来也一样挺灵活的，同时这台车的底盘质感也确实非常棒，给我的感觉就非常好驾驭。
    
    






            

            




            

    续航
        
            
            
        
        5
    
    
    目前天气慢慢转冷，早晨上下班的时候可能还会开一会儿空调暖风，但我觉得对于续航的影响也不算特别大吧，现在的综合续航也都在530多公里了，这样的达成率还是比较高的。
    
    





            
            

    外观
        
            
            
        
        4
    
    
    刚开始去4s店看车的时候感觉风行雷霆的颜值还是挺高的，整体的设计风格的确是会给人一种眼前一亮的感觉，但目前用车时间比较久的情况下感觉这个前脸的设计还是有那么一点点夸张了，个人感觉还可以更低调一丢丢哈哈哈。
    
    
    
    
    


    





            

    内饰
        
            
            
        
        4
    
    
    内饰用料挺不错的，材质手感不错，然后新车味道也不大，环保性ok。
    
    
    
    
    


    
    
    
    


    





            

    性价比
        
            
            
        
        5
    
    
    当初买这台车的时候也是综合考量了很多，不管是价格还是后期的用车成本等等这些方面都有所考虑，就结合目前的用车情况来说，我觉得风行雷霆的性价比还是蛮可以的。
    
    





            
                

    智能化
        
            
            
        
        5
    
    
    我对于智能化配置其实也没有太高的要求，我觉得风行雷霆的智能化做的还可以，这车机挺好用的，而且这个电子档杆也很好操作，自适应巡航以及车道保持辅助功能也都很实用。
    
    




            

            



        "
果冻乖甜心mj,2023-11-09 首次发表,"
            
                
                    6600km
                    
                    行驶里程
                
                
                
                    18.5kWh
                    百公里电耗
                
                
                
                
                
                
                
                
                
                
                

                
                
                    18.60万
                    裸车购买价
                
                
                    2023-05
                    购买时间
                
                
                    九江
                    购买地点
                
            
            
    
        
            
        
        
            
        
        
            
        
        
            
        
    
    

    
        $(document).ready(function () {
            var koubeiid = 5210779;

        });

    


            
                最满意
                用起来整体颜值各方面呀都还是做的比较不错的，所以基本上还是挺让人放心的，就没有什么特别大的问题，对我来说也是非常值得的一次选择吧，各方面的表现都还是挺不错的，也很适合。
            
            
                最不满意
                没有什么特别大的问题，优点也是有的，用起来整体也是非常合适的，所以我对他的一个好感度呀各方面都还是比较高的认为他做的也都比较的适合，然后也非常有优点的车子。
            

            

    空间
        
            
            
        
        5
    
    
    空间整体表现的还是挺不错的，所以我对他整体的一个好感度也是很好的，因为他整体的表现确实是让人非常有好感的一辆车子，感觉他都做的很不错。
    
    






                

    驾驶感受
        
            
            
        
        5
    
    
    提速啊，爆发力啊什么的都没有什么问题，所以用起来的时候基本上还是比较满意的一个状态，对于他的表现我也是持非常满意的一个态度，感觉他做的非常好，没有什么问题对我来说也是非常不错的选择。
    
    






            
                

    操控
        
            
            
        
        5
    
    
    手感细节还是挺不错的，我觉得并没有什么特别大的缺点。
    
    




            

            




            

    续航
        
            
            
        
        5
    
    
    基本上还算是比较稳定的一个表现吧，所以我也都是能接受的，并且觉得表现的还可可以的，虽然说有一定的缺点呀什么的，但是并没有什么特别大的问题。
    
    





            
                

    舒适性
        
            
            
        
        4
    
    
    隔音效果确实不算特别好，但是座椅的感受呀，整体都还是可以可以的。
    
    




            
            

    外观
        
            
            
        
        5
    
    
    外观的设计感还是挺不错的，他的风格呀什么的都还是可以的，所以我是觉得挺好是的，并且我也是非常喜欢他表现的一个样子。
    
    





            

    内饰
        
            
            
        
        5
    
    
    内饰的品质还是很不错的，细节呀做的都还是可以的，所以我觉得挺好的。
    
    
    
    
    


    





            

    性价比
        
            
            
        
        5
    
    
    性价比挺不错的，主要是在这个价位里面，我觉得选择它也是非常合适的一次选择了。
    
    
    
    
    


    





            

            
                



            



        "
帅比君o1,2023-11-05 首次发表,"
            
                
                    1200km
                    
                    行驶里程
                
                
                
                
                
                    16.3kWh
                    春秋电耗
                
                
                
                
                
                
                    355公里
                    春秋续航
                
                
                
                

                
                
                    12.50万
                    裸车购买价
                
                
                    2023-08
                    购买时间
                
                
                    重庆
                    购买地点
                
            
            
    
        
            
        
        
            
        
        
            
        
    
    

    
        $(document).ready(function () {
            var koubeiid = 5207521;

        });

    


            
                最满意
                在买这台车之前我也确实是经过了深思熟虑的，毕竟十多万对于我们来说真心不是一个小数目，不过对于一台纯电动的紧凑型SUV来说还算是挺实惠的，其实在我的预算内也可以考虑那些新势力的新能源汽车，但我个人还是更加认可传统的老牌车企，再加上当时这台车也确实给到了比较大的优惠力度，12万的裸车价格就能买到理论续航为430公里的高配车型，除过比较实惠的价格之外，这台车的外观也是我非常满意的地方，尤其是这机甲感满满的前脸造型带来的视觉冲击力特别强，同时也更好的增强了整台车的辨识度，不夸张的说平时开在街上回头率都挺高的。
            
            
                最不满意
                全景天窗确实挺帅的，但实际的隔热效果不是很好，准备去贴多一张膜了，还没有推荐的呀？
            

            

    空间
        
            
            
        
        4
    
    
    对于一台紧凑型SUV来说，风行雷霆的车内空间还是挺宽敞的，后备箱也很规整，只不过就是这个全景天幕比较晒，尤其是大中午开车属实不太好受呀。
    
    






                

    驾驶感受
        
            
            
        
        5
    
    
    不管是动力还是转向都会给人一种十分轻盈的感觉，这样的车子开着本来就让人觉得特别舒服，再加上行驶过程中车内的静谧性也是非常棒的。
    
    






            

            




            

    续航
        
            
            
        
        5
    
    
    我觉得这台纯电动的SUV车型在续航达成率方面还是可圈可点的，我们平时都是城内短距离代步，基本上都是一周将近两周的时候充一次电，满电续航能够达到350公里左右。
    
    





            
            

    外观
        
            
            
        
        5
    
    
    这辆车的外观造型就非常有个性了，尤其是这类似无边界样式的中网造型机甲感满满，包括两侧的大灯造型也是很有特点的，这台车开出去辨识度都很高。
    
    





            

    内饰
        
            
            
        
        5
    
    
    除过个性十足的外观之外，这台车的内饰风格也是很有设计感的，圆形的空调出风口和车内的亮色点缀就很好的增强了内饰的时尚感，还有双连屏也是很有科技感的。
    
    





            

    性价比
        
            
            
        
        5
    
    
    作为旗下的全新车型，风行雷霆也确实是拿出了足够的诚意，不仅给到的优惠力度比较大，而且各方面配置也是可圈可点的，包括它所带来的驾乘体验也不错，我觉得这辆车买的特别值。
    
    





            
                

    智能化
        
            
            
        
        4
    
    
    这款车的智能化配置也算不上特别是高级吧，但我觉得360度全景影像的显示还是挺全面的，再说也有前后驻车雷达作为辅助，所以车子开着还是很省心的。
    
    




            

            



        "
西江逆水寒,2023-11-04 首次发表,"
            
                
                    1920km
                    
                    行驶里程
                
                
                
                
                
                    14.8kWh
                    春秋电耗
                
                
                
                
                
                
                    400公里
                    春秋续航
                
                
                
                

                
                
                    13.80万
                    裸车购买价
                
                
                    2023-10
                    购买时间
                
                
                    广州
                    购买地点
                
            
            
    
    

    
        $(document).ready(function () {
            var koubeiid = 5207398;

        });

    


            
                最满意
                最满意的首先是颜值，买的是白色，第一眼看过去有些平淡，但很耐看，也很时尚，加上车子本身就比较动感，辨识度挺高的。其次，动力也不错，尤其是起步的时候，点一下电门就冲出去了，很爽。
            
            
                最不满意
                新车味道稍微有些大，现在天气好的时候我就打开车窗透气。
            

            

    空间
        
            
            
        
        5
    
    
    第二排很宽敞，我170cm的个子坐进去能轻轻松松的翘二郎腿。后备箱也蛮大的，日常用是足够了。
    
    






                

    驾驶感受
        
            
            
        
        5
    
    
    动力够强，这是电车的优势，不仅起步快，中后段加速动力也不孬，加上底盘比较稳，高速过弯也不会觉得晃。
    
    






            

            




            

    续航
        
            
            
        
        4
    
    
    续航还算扎实，我买的430km版本可以跑到400km左右，不过感觉还是应该咬咬牙买630km版本的，跑长途就没有续航焦虑了。
    
    





            
            

    外观
        
            
            
        
        5
    
    
    白色车身，很时尚，车身设计也动感，适合我们这种年轻人开。
    
    
    
    
    


    
    
    
    


    
    
    
    


    





            

    内饰
        
            
            
        
        4
    
    
    设计很简约，是我喜欢的样子。不过新车味道有点大。
    
    





            

    性价比
        
            
            
        
        5
    
    
    优惠了两万大几，算下来到手价格还挺美丽的。这个价格我觉得值了。
    
    





            
                

    智能化
        
            
            
        
        5
    
    
    有倒车影像，车机是智能联网的，听歌、刷视频都可以。
    
    




            

            



        "
鼎湖山上的豆腐佬,2023-11-02 首次发表,"
            
                
                    3200km
                    
                    行驶里程
                
                
                
                
                
                    15.0kWh
                    春秋电耗
                
                
                
                
                
                
                    540公里
                    春秋续航
                
                
                
                

                
                
                    20.00万
                    裸车购买价
                
                
                    2023-07
                    购买时间
                
                
                    肇庆
                    购买地点
                
            
            
    
        
            
        
    
    

    
        $(document).ready(function () {
            var koubeiid = 5205522;

        });

    


            
                最满意
                上下班路程比较远，所以还得有个车开，上手的第一辆车自己还是比较珍惜的，挑挑选选了很久，最终定下了它。目前来看，这个车好开、好看、成本低，称之为通勤小能手一点都不为过。
            
            
                最不满意
                可能是采用了低风阻轮毂的原因吧，跑高速的时候有点点风噪。
            

            

    空间
        
            
            
        
        5
    
    
    第二排很宽敞，我178cm的个子坐进去还有挺多富余的腿部空间，我家里也没比我更高的成员了，所以这个空间肯定是够用啦。
    
    






                

    驾驶感受
        
            
            
        
        5
    
    
    因为我是一个新手司机，所以起初开这个车有些紧张，但是风行雷霆的驾驶感受很棒。加速很快，指向精准，方向盘也比较轻快，转弯半径也不大，上手难度不大。
    
    






            

            




            

    续航
        
            
            
        
        5
    
    
    前段时间天气还是比较热，最近这段时间凉快下来了，就不开空调了，自从不开空调之后续航更好了，基本是80%以上的续航，不知冬天是否能够依旧坚挺。
    
    





            
            

    外观
        
            
            
        
        5
    
    
    比较喜欢它的轮毂，感觉红色的线条嵌入之后很有特色。另外尾灯设计的也很漂亮，晚上打开车灯辨识度很高。
    
    
    
    
    


    





            

    内饰
        
            
            
        
        4
    
    
    内饰没有塑料感，整体的风格很前卫，很时尚，里面的功能也很多，包括座椅的走线都很细致，看得出来是用心了。
    
    
    
    
    


    
    
    
    


    





            

    性价比
        
            
            
        
        4
    
    
    风行品牌口碑一直挺好，质量过硬，我当时也在网上看了一段时间，车主对风行雷霆的评价都很好，我才入手。
    
    





            
                

    智能化
        
            
            
        
        5
    
    
    有自适应巡航这个功能很好用，遇上跑高速的时候轻松不少。
    
    




            

            



        "
长沙小辣椒314,2023-11-01 首次发表,"
            
                
                    727km
                    
                    行驶里程
                
                
                
                
                
                    14.0kWh
                    春秋电耗
                
                
                
                
                
                
                    595公里
                    春秋续航
                
                
                
                

                
                
                    17.30万
                    裸车购买价
                
                
                    2023-08
                    购买时间
                
                
                    长沙
                    购买地点
                
            
            
    
    

    
        $(document).ready(function () {
            var koubeiid = 5204765;

        });

    


            
                最满意
                燃油车转到电车，感觉是跨越了一个时空，这体验感太炸裂了。首先是电车动力确实棒，十几万的车，路上随便一脚电门就秒各种豪车，这感觉真爽。其次是隔音好，可能没有发动机声音的原因，感觉车里面静谧性很棒。最后雷霆这个车颜值也确实高，以我年轻人的审美来看，很喜欢！
            
            
                最不满意
                我买的是630续航版本的入门版本，所以没有配自适应巡航，遇到加塞的情况，还是要自己介入处理一下。
            

            

    空间
        
            
            
        
        5
    
    
    1、 虽然是紧凑型SUV，但后排很宽敞，毕竟轴距也超过2700mm了，我175cm的个子，坐在第二排跷二郎腿没压力。
2、 后备厢空间也可以，无论是纵深还是横向宽度都很赞，提车第二天就出去野餐了一次，帐篷、餐具、食物啥的，全部塞进去后备厢都没有压力。
    
    






                

    驾驶感受
        
            
            
        
        5
    
    
    这个车的转弯半径并不大，看着倒是挺大的，但每次拐弯都感觉比较灵活，方向盘没什么虚位，底盘和悬架的稳定性也都挺不错的。然后动力也很赞，踩点电门就起飞的感觉挺爽。
    
    






            

            




            

    续航
        
            
            
        
        5
    
    
    续航也是我非常满意的一个地方了，本来以为官方数据是630公里，真正能达到570公里就不错了，没想到现在续航能接近600公里。
    
    





            
            

    外观
        
            
            
        
        5
    
    
    造型很时尚，尤其是封闭式的车头，看上去很有科幻感，加上车身线条也够流畅，是我喜欢的样子。
    
    
    
    
    


    
    
    
    


    
    
    
    


    





            

    内饰
        
            
            
        
        5
    
    
    不愧是新能源车，讲的就是个环保到位，这个新车没有一点气味，这个我相当满意。然后中控台很简约，方向盘是真皮的，手感一级棒。
    
    
    
    
    


    





            

    性价比
        
            
            
        
        4
    
    
    价格上跟销售磨了很久优惠了一万多就下手，还是比较划算的，也因为自己十分喜欢呢。
    
    





            
                

    智能化
        
            
            
        
        4
    
    
    主被动安全配置挺好的，比如低速行车警告，还有疲劳驾驶提示等，这都是实打实的。当然了，驾驶辅助配置方面能配个自适应巡航就更完美了。
    
    




            

            



        "
临渊羡鱼3h,2023-10-31 首次发表,"
            
                
                    3800km
                    
                    行驶里程
                
                
                
                
                
                    16.5kWh
                    春秋电耗
                
                
                
                
                
                
                    520公里
                    春秋续航
                
                
                
                

                
                
                    20.60万
                    裸车购买价
                
                
                    2023-06
                    购买时间
                
                
                    济南
                    购买地点
                
            
            
    
        
            
        
        
            
        
        
            
        
    
    

    
        $(document).ready(function () {
            var koubeiid = 5204038;

        });

    


            
                最满意
                其实决定要买纯电动车的时候我也是比较担心续航的，就算新能源汽车已经发展的非常厉害了，但是我们身边买新能源的并不是很多，不过通过这段时间的用车来看，雷霆的续航达成率还是挺可以的，也主要是因为这台车确实给到了一块80多度的大电池，充满一次电还是非常耐用的，这台车的满电续航基本上能够达到520公里左右，而且厂家对于首任车主的电池组还有终身质保政策，这就非常香，整体的用车体验确实挺不错的。
            
            
                最不满意
                这辆车的底盘还是略微偏软一些，乘坐舒适感倒是不错，只不过就是悬架对于车身的支撑性稍微有点差。
            

            

    空间
        
            
            
        
        5
    
    
    雷霆的车内空间还是挺宽敞的，乘坐空间绰绰有余，而且前排的中央扶手也设计的比较宽一些，就包括扶手箱内部的储物空间和门板上的储物格都挺实用的。
    
    






                

    驾驶感受
        
            
            
        
        4
    
    
    我觉得这辆车的底盘调校还是偏软一些，这样确实能更好的保证乘坐舒适感，但是路况比较差的话对于车身的支撑性就不是很好了。
    
    






            

            




            

    续航
        
            
            
        
        5
    
    
    对于这个价位的纯电动车来讲能够给到一台80多度的大电池就已经非常良心了，而且电池的续航达成率也真不错，实际续航都能达到520公里左右呢。
    
    





            
            

    外观
        
            
            
        
        5
    
    
    雷霆的外观造型真的是充满了未来感，尤其是由六边形小方块组成的中网以及两侧个性十足的大灯辨识度极高，而且双色车身的设计也更好的增强了外观的运动感。
    
    





            

    内饰
        
            
            
        
        5
    
    
    这台车的内饰也采用了极简的设计理念，十分简约的中控造型看上去就非常大气，而且空调出风口和座椅两侧等等一些部位的亮色点缀也让整个内饰显得更为时尚一些。
    
    





            

    性价比
        
            
            
        
        5
    
    
    尽管买车的时候优惠力度不是很大，但是这台车的续航表现是真不错呀，而且电动车的养车花费确实不高，所以我觉得它的性价比还是挺可以的。
    
    





            
                

    智能化
        
            
            
        
        5
    
    
    ACC自适应巡航确实能让人在开车过程中更省心一些，除过前后排都有的充电口之外行李箱也有12伏电源，这个就很香。
    
    




            

            



        "
蜀三川w27,2023-10-29 首次发表,"
            
                
                    5600km
                    
                    行驶里程
                
                
                
                    16.5kWh
                    百公里电耗
                
                
                
                
                
                
                
                
                
                
                

                
                
                    19.60万
                    裸车购买价
                
                
                    2023-05
                    购买时间
                
                
                    成都
                    购买地点
                
            
            
    
    

    
        $(document).ready(function () {
            var koubeiid = 5200929;

        });

    


            
                最满意
                这款车子最满意的地方应该是它的使用手感吧，就是对我来说的话，我觉得也算是比较好开的一辆车子的毕竟换车这个事情也经历了蛮久的一个时间的，然后也算是看了不少的车子了，这款车子的一个驾驶手感，包括它的座位空间什么的都算是能达到要求的，而且也比较符合预算。
            
            
                最不满意
                没有什么特别不满意的，反正用起来还算是挺适合的吧，不算是什么太大的缺点，比如说味道呀，隔音之类的小问题。
            

            

    空间
        
            
            
        
        5
    
    
    空间还是可以的，我的身高是180左右，坐进去的时候头顶的距离还是有的，然后包括前排，后排之间的距离都还是很宽裕的，就是觉得用起来是够用的一个状态，所以我觉得还算是挺满意的。
    
    
    
    
    


    






                

    驾驶感受
        
            
            
        
        5
    
    
    效果还是可以的，它的流畅性也是保持的比较好的，基本上也没有什么太大的顿挫感车子整体也是非常稳的，然后加速超车的时候也是非常跟得上的。
    
    






            
                

    操控
        
            
            
        
        5
    
    
    手感还是挺不错的，细节上也都还是挺到位的。
    
    




            

            




            

    续航
        
            
            
        
        5
    
    
    基本上还行吧，虽然说路况不一样，可能数值多少会不一样，但是基本上还是挺符合预期的，然后也不算是特别担心的一个地方。
    
    





            
                

    舒适性
        
            
            
        
        4
    
    
    隔音确实不算特别好，但是用起来确实也没有什么特别大的问题。
    
    




            
            

    外观
        
            
            
        
        5
    
    
    外观设计感还是不错的，车身的线条也都非常的流畅，侧面和正脸看都是比较漂亮的，就是那种低调大气的感觉。
    
    
    
    
    


    
    
    
    


    
    
    
    


    





            

    内饰
        
            
            
        
        5
    
    
    内饰的品质和细节都还是可以的，我自己对于这方面的要求没有那么的高，对我来说只要是好用，细节到位就可以了。
    
    





            

    性价比
        
            
            
        
        5
    
    
    性价比还是可以的，价位什么的都也是比较值得的，我觉得没有什么问题。
    
    





            

            
                



            



        "
烟雨相思醉6,2023-10-28 首次发表,"
            
                
                    3352km
                    
                    行驶里程
                
                
                
                
                
                
                
                
                
                
                
                
                

                
                
                    15.21万
                    裸车购买价
                
                
                    2023-09
                    购买时间
                
                
                    昆明
                    购买地点
                
            
            
    
        
            
        
        
            
        
        
            
        
        
            
        
    
    

    
        $(document).ready(function () {
            var koubeiid = 5200238;

        });

    


            
                最满意
                当时我和老婆一致选择的这款车，因为确实看起来非常的顺眼，毕竟颜值很重要，这也是选择它的原因，再加上新能源车型出行也方便。
            
            
                最不满意
                缺点就是空间不是很大，后排会感觉到稍微有点拥挤，整体的乘坐空间不是很充足，空间稍微小了一些。
            

            

    空间
        
            
            
        
        4
    
    
    整车的乘坐空间稍微小了一点，因为空间的表现确实不是很充足。
    
    






                

    驾驶感受
        
            
            
        
        5
    
    
    动力的表现非常足，提速很快，动力和性能表现还都是挺满意的，确实很值得入手，品质很优秀。
    
    






            
                

    操控
        
            
            
        
        5
    
    
    整体的操控性还是很满意的，车子开起来很稳，并且它的操控性也都非常给力。
    
    




            

            




            

    续航
        
            
            
        
        5
    
    
    续航里程和官方相差确实不是很多，这台车的续航确实非常的满意。
    
    





            
                

    舒适性
        
            
            
        
        5
    
    
    整体的舒适性表现非常好，车子开起来很稳，并且悬挂，各方面表现还是很棒的。
    
    




            
            

    外观
        
            
            
        
        5
    
    
    外观比较时尚，颜值非常高，外观设计非常大气，整体的设计感很足。
    
    





            

    内饰
        
            
            
        
        5
    
    
    内饰的做工也都比较豪华内饰设计非常精致比较年轻比较运动的一款
    
    





            

    性价比
        
            
            
        
        5
    
    
    性价比确实很高，作为一台家用车，确实性能非常的棒，质量也非常好。
    
    





            

            
                



            



        "
安徒生的女王h5,2023-10-28 首次发表,"
            
                
                    1138km
                    
                    行驶里程
                
                
                
                
                
                
                
                
                
                
                
                
                

                
                
                    14.50万
                    裸车购买价
                
                
                    2023-09
                    购买时间
                
                
                    郑州
                    购买地点
                
            
            
    
        
            
        
        
            
        
        
            
        
        
            
        
    
    

    
        $(document).ready(function () {
            var koubeiid = 5200217;

        });

    


            
                最满意
                作为一台纯电动的车型，最满意的当然还是他的续航官方给出的是430公里，实际相差不大，基本上能达到400公里左右。
            
            
                最不满意
                最不满意的，在行驶的过程中感觉车身稍微有点飘稳定性不是很好，高速行驶大车从一边经过的时候会感觉到方向有点颤抖。
            

            

    空间
        
            
            
        
        5
    
    
    空间确实也比较大，因为它的使用空间非常的充足，整体的空间是没问题的。
    
    






                

    驾驶感受
        
            
            
        
        5
    
    
    动力很充足的一台车，提速的时候非常快，动力性能品质表现确实都非常的优秀，很值得入手的一台车，质量很靠谱。
    
    






            
                

    操控
        
            
            
        
        4
    
    
    整但就是这款车在高速上行驶，如果大车从一边过的话会感觉到稍微有点飘，稳定性不是特别好的一台车型。
    
    




            

            




            

    续航
        
            
            
        
        5
    
    
    续航里程确实与官方的续航里程还是挺接近的，这台车的续航非常的满意，整体的性能也很好。
    
    





            
                

    舒适性
        
            
            
        
        5
    
    
    整车的舒适性还是挺不错的并且他的舒适性表现也都非常的优秀。
    
    




            
            

    外观
        
            
            
        
        5
    
    
    外观很时尚，颜值很高，设计非常大气。
    
    





            

    内饰
        
            
            
        
        5
    
    
    内饰的做工也很精致，内饰设计的非常的豪华，非常年轻非常时尚非常运动的一款车型。
    
    





            

    性价比
        
            
            
        
        5
    
    
    这款车的性价比确实非常高，作为家用车。性能确实很好，性价比也是非常高的，质量挺靠谱的一台车。
    
    





            

            
                



            



        "
猪头美艳94k,2023-10-27 首次发表,"
            
                
                    2665km
                    
                    行驶里程
                
                
                
                    14.0kWh
                    百公里电耗
                
                
                
                
                
                
                
                
                
                
                

                
                
                    13.45万
                    裸车购买价
                
                
                    2023-07
                    购买时间
                
                
                    济南
                    购买地点
                
            
            
    
        
            
        
        
            
        
        
            
        
        
            
        
    
    

    
        $(document).ready(function () {
            var koubeiid = 5199458;

        });

    


            
                最满意
                最喜欢的就是整个车子的外观挺好看的，很精致，也比较有质感，所以说还是挺吸引人的。
            
            
                最不满意
                但是我觉得这个车子最大的缺点就是舒适性不太好，噪音比较大。
            

            

    空间
        
            
            
        
        5
    
    
    空间的表现也挺完美的，在乘坐下的时候我也觉得挺喜欢的，使用感不错。
    
    






                

    驾驶感受
        
            
            
        
        5
    
    
    动力方面的使用感也很好，在提速的时候也是非常快的，我很喜欢。
    
    






            
                

    操控
        
            
            
        
        5
    
    
    使用感和操控感都很棒，外出的时候也比较便利。
    
    




            

            




            

    续航
        
            
            
        
        5
    
    
    车子整体续航的表现也不错，整体的一些充电表现还是挺好的。
    
    





            
                

    舒适性
        
            
            
        
        4
    
    
    舒适性的表现比较一般，我觉得噪音还是很大的，并不是很完美。
    
    




            
            

    外观
        
            
            
        
        5
    
    
    外观不错，很高级，而且比较精致，我觉得特别有质感。
    
    





            

    内饰
        
            
            
        
        5
    
    
    内饰的颜色也很好，而且内饰确实是比较有质感。
    
    





            

    性价比
        
            
            
        
        5
    
    
    性价比的表现真的很完美。
    
    





            

            
                



            



        "
笙歌9l,2023-10-27 首次发表,"
            
                
                    1658km
                    
                    行驶里程
                
                
                
                
                
                
                
                
                
                
                
                
                

                
                    360公里
                    冬季续航
                
                
                    15.20万
                    裸车购买价
                
                
                    2023-10
                    购买时间
                
                
                    韶关
                    购买地点
                
            
            
    
        
            
        
        
            
        
        
            
        
    
    

    
        $(document).ready(function () {
            var koubeiid = 5199178;

        });

    


            
                最满意
                最满意的还是整车的性能，因为这台车品质确实非常优秀，性价比非常高的一台车质量和品质各方面的表现都非常好，确实是一台很值得入手的表现。
            
            
                最不满意
                最大的缺点就是这台车的空间不是很大，整体的乘坐空间稍微偏小了一些，空间不是很充足。
            

            

    空间
        
            
            
        
        4
    
    
    这台车的空间还是稍微偏小了一些，乘坐空间不是很宽敞，空间稍微有点小，不是很满意。
    
    






                

    驾驶感受
        
            
            
        
        5
    
    
    动力还是很充足的，提速的时候特别快，动力和性能品质也非常好，整体的性价比非常高。
    
    






            
                

    操控
        
            
            
        
        5
    
    
    操控性也很好，方向盘比较轻，车子操控起来很灵活，整体的灵敏度非常高，操控起来灵敏度还是很优秀的。
    
    




            

            




            

    续航
        
            
            
        
        5
    
    
    续航里程和官僚的续航里程差不多，整体的续航里程还是很满意的，这是这款车的优势。
    
    





            
                

    舒适性
        
            
            
        
        5
    
    
    整车的舒适性也很好，悬挂各方面的表现都非常棒，整体的舒适性非常满意。
    
    




            
            

    外观
        
            
            
        
        5
    
    
    外观粉时尚，颜值非常高，设计很大气，颜值性能表现都非常优秀。
    
    
    
    
    


    





            

    内饰
        
            
            
        
        5
    
    
    内饰的设计非常的时尚大气，内饰的做工也比较豪华。
    
    





            

    性价比
        
            
            
        
        5
    
    
    现价比还是很高的作为家用车保值率还是非常高
    
    





            

            
                



            



        "
如烟绕梁01,2023-10-27 首次发表,"
            
                
                    1358km
                    
                    行驶里程
                
                
                
                
                
                
                
                
                
                
                
                
                

                
                
                    15.20万
                    裸车购买价
                
                
                    2023-09
                    购买时间
                
                
                    太原
                    购买地点
                
            
            
    
        
            
        
        
            
        
        
            
        
        
            
        
    
    

    
        $(document).ready(function () {
            var koubeiid = 5199145;

        });

    


            
                最满意
                东风风行这款车的设计感很强，毕竟是一台纯电动车型设计的，非常的夸张，外观的设计非常大气，比较年轻时尚的一台车，运动感很足的一款车型。
            
            
                最不满意
                缺点就是这台车如果在高速行驶的话，车子在长途行驶会感觉到整体的舒适性不是很好，车身稍微有点飘，稳定性不是很好。
            

            

    空间
        
            
            
        
        5
    
    
    空间还是挺大的，这台车的乘坐空间也都非常充足，整体的空间表现非常满意，整体的乘坐空间还是非常宽敞的。
    
    






                

    驾驶感受
        
            
            
        
        5
    
    
    动力非常足，品质也很好，动力和性能表现也都不错，很值得入手的一台车型。
    
    






            
                

    操控
        
            
            
        
        5
    
    
    整车的操控性很好，方向盘比较轻，车子操控起来很灵活，整体的操控性还是非常满意的。
    
    




            

            




            

    续航
        
            
            
        
        5
    
    
    续航里程和官僚的续航里程区别不大，这台车的续航确实非常的给力，整体的续航满意度还是非常高的。
    
    





            
                

    舒适性
        
            
            
        
        5
    
    
    整车的舒适性也很好，车子开起来很稳，并且悬挂各方面的表现都非常优秀，舒适性确实非常棒的一台车型。
    
    




            
            

    外观
        
            
            
        
        5
    
    
    外观比较大气，颜值也很高，外观的设计非常精致，年轻时尚，比较运动的一款车型。
    
    





            

    内饰
        
            
            
        
        4
    
    
    内饰的设计也非常漂亮，内饰做工比较豪华，运动感很足，整体的设计感很强。但是感觉隔音还是有点不太好。
    
    





            

    性价比
        
            
            
        
        5
    
    
    性价比还是很高的，作为一台家用车确实很靠谱，质量非常好。
    
    





            

            
                



            



        "
怂人a3,2023-10-26 首次发表,"
            
                
                    5600km
                    
                    行驶里程
                
                
                
                    16.5kWh
                    百公里电耗
                
                
                
                
                
                
                
                
                
                
                

                
                
                    13.99万
                    裸车购买价
                
                
                    2023-05
                    购买时间
                
                
                    贵阳
                    购买地点
                
            
            
    
    

    
        $(document).ready(function () {
            var koubeiid = 5197546;

        });

    


            
                最满意
                我觉得这个车子做的好的地方挺多的，包括它的一个手感，细节呀，还有它从数值上表现的这些方面在我看来都是挺不错的，所以我会觉得我还挺喜欢的，然后也非常的认可，他觉得非常的不错。
            
            
                最不满意
                并没有什么特别大的问题，多多少少可能会有一些细节上面的问题，但是并不会影响大方向上的一个使用效果，而且整体的表现包括细节方面都是可以的，所以一直以来我都觉得还是比较满意的。
            

            

    空间
        
            
            
        
        5
    
    
    空间还是比较宽松的，不管是前排，后排之间的距离呀，还是日常的一个使用呀，各方面都是没有问题的所以我对他整体的表现都是觉得非常的满意，放心的一个状态的，我觉得他是很值得肯定的，然后也是非常适合的一款车子吧，就没有什么特别大的问题。
    
    






                

    驾驶感受
        
            
            
        
        5
    
    
    动力的效果和它的一个使用都是没有问题的，用起来当然也是比较满意的。
    
    






            
                

    操控
        
            
            
        
        5
    
    
    手感还是比较不错的，毕竟轻重啊使用啊各方面都没有问题。
    
    




            

            




            

    续航
        
            
            
        
        5
    
    
    数值虽然说有一段时间的不太稳定，但是基本上的表现还是让人非常放心的所以我对他是没有什么觉得不满意的，都是很踏实的。
    
    





            
                

    舒适性
        
            
            
        
        4
    
    
    虽说不是百分百的特别的满意，或者说优点特别的多，但是整体也没什么问题。
    
    




            
            

    外观
        
            
            
        
        5
    
    
    外观的设计感还可以，当时第一眼看见他，我对于外观上就没有什么不满意的感觉非常的大气，而且他的设计，做工什么的都是能让我认可的。
    
    
    
    
    


    
    
    
    


    
    
    
    


    





            

    内饰
        
            
            
        
        5
    
    
    内饰比较的简单吧，但是用起来其实也是挺放心，品质各方面也没有问题，还是挺踏实的。
    
    





            

    性价比
        
            
            
        
        5
    
    
    性价比挺合适的，在这个价位里面我觉得他所做的都是比较到位的。
    
    
    
    
    


    





            

            
                



            



        "
新代丶型男8,2023-10-26 首次发表,"
            
                
                    1820km
                    
                    行驶里程
                
                
                
                
                
                    0.0kWh
                    春秋电耗
                
                
                
                
                
                
                    0公里
                    春秋续航
                
                
                
                

                
                
                    18.90万
                    裸车购买价
                
                
                    2023-09
                    购买时间
                
                
                    南昌
                    购买地点
                
            
            
    
        
            
        
        
            
        
        
            
        
        
            
        
        
            
        
    
    

    
        $(document).ready(function () {
            var koubeiid = 5197343;

        });

    


            
                最满意
                满意的是风行雷霆这款车的动力方面比较好，开起来的话提速方面是更给力，还有一点就是续航也比较强
            
            
                最不满意
                不满意的就是内饰方面的材质用的挺差，新车到家以后味道比较大，很明显。
            

            

    空间
        
            
            
        
        5
    
    
    它的乘坐空间方面比较好，乘坐空间很宽裕，后备箱也比较大，容积挺深的，这车内的储物能力也是挺好的，储物空间丰富。
    
    






                

    驾驶感受
        
            
            
        
        5
    
    
    车动力开起来特别好，起步的时候效果方面也特别棒，加速很给力。
    
    






            
                

    操控
        
            
            
        
        5
    
    
    整车的操控性很好，方向盘比较轻，操控起来确实很灵活，灵敏度很高。
    
    




            

            




            

    续航
        
            
            
        
        5
    
    
    家用来说一般充一次电可以用一周时间吧，主要看具体行程，行驶的路程的长短。
    
    





            
                

    舒适性
        
            
            
        
        5
    
    
    整完车的整体舒适性还是非常好的，车子确实非常稳，整体的性能表现非常优秀。
    
    




            
            

    外观
        
            
            
        
        5
    
    
    这个车子的外观造型方面看上去是挺大气的，车身做工非常好，车头很有气势感，腰线的设计也不错。
    
    





            

    内饰
        
            
            
        
        4
    
    
    车的内饰材质用的是相当不错，座椅的舒适性也很高，就是新车的时候车内的异味会有一些明显。
    
    





            

    性价比
        
            
            
        
        5
    
    
    性价比方面比较好，因为现在的市场上对纯电车人们的接受程度也增加了很多，并且现在充电也是比较方便，而且更省钱，我想后期卖的话，也是能卖到一个好的价格。
    
    





            

            
                



            



        "
帅炸宇宙p3g,2023-10-25 首次发表,"
            
                
                    5000km
                    
                    行驶里程
                
                
                
                    16.5kWh
                    百公里电耗
                
                
                
                
                
                
                
                
                
                
                

                
                
                    13.99万
                    裸车购买价
                
                
                    2023-05
                    购买时间
                
                
                    新余
                    购买地点
                
            
            
    
    

    
        $(document).ready(function () {
            var koubeiid = 5196618;

        });

    


            
                最满意
                优点就是车子的空间很不错，然后它的手感也比较的合适，所以基本上不存在什么特别大的缺点，都是很好适应以及很好的掌控和把握的一个地方。
            
            
                最不满意
                缺点就是它的噪音有一点大，它的隔音效果这一方面做的没有那么的到位但是严格意义上来说也不算是一个特别大的问题，所以基本上也是可以接受的吧。
            

            

    空间
        
            
            
        
        5
    
    
    空间还是比较宽敞的，因为空间带给我的感受也都很不错，他的一个表现呀什么的都没有什么问题然后够用，而且出远门的时候也不用担心，所以我是比较能接受的，基本上也没什么问题。
    
    






                

    驾驶感受
        
            
            
        
        5
    
    
    动力的效果还是可以的，它的爆发力呀，还有它的轻重啊，还有他的一个线性的感受都是非常流畅的，所以我觉得是可以接受的。
    
    






            
                

    操控
        
            
            
        
        5
    
    
    手感还是比较不错的，因为确实是比较容易把控的一辆车子感觉没什么问题。
    
    




            

            




            

    续航
        
            
            
        
        5
    
    
    数值虽然说有一点不稳定的一个情况产生，但是只要路况稳定的，其实基本上也没有什么可以压问题我觉得是没有什么问题的，完全可以接受。
    
    





            
                

    舒适性
        
            
            
        
        4
    
    
    隔音效果虽然不太好，但是基本上也没什么问题，所以我觉得是可以接受的，然后觉得还行。
    
    




            
            

    外观
        
            
            
        
        5
    
    
    外观的设计感还是挺好的，比较的简单大方，然后基本上也没有什么问题，所以我觉得还是比较好接受的吧，因为自己喜欢就可以了，而且做工什么的也都很不错。
    
    
    
    
    


    
    
    
    


    
    
    
    


    





            

    内饰
        
            
            
        
        5
    
    
    内饰的品质还是好的，用起来我自己是完全放心的，所以也是觉得可以接受，没有什么问题完全的满足了我对于车子的一个期待。
    
    
    
    
    


    
    
    
    


    





            

    性价比
        
            
            
        
        5
    
    
    性价比还是很好的，因为基本上也没有什么问题嘛，所以我对他还是很放心的，也觉得没有什么问题。
    
    





            

            
                



            



        "
清新绿少年s,2023-10-25 首次发表,"
            
                
                    6400km
                    
                    行驶里程
                
                
                
                    16.8kWh
                    百公里电耗
                
                
                
                
                
                
                
                
                
                
                

                
                
                    13.99万
                    裸车购买价
                
                
                    2023-05
                    购买时间
                
                
                    衡阳
                    购买地点
                
            
            
    
    

    
        $(document).ready(function () {
            var koubeiid = 5196399;

        });

    


            
                最满意
                我觉得这个车子的颜值和细节上都做的还是可以的，所以我对他也是比较好接受的基本上也没有什么特别大的问题，所以给我的感受呀各方面都还行，我觉得是没有什么问题的所以我自己也是比较喜欢的吧。
            
            
                最不满意
                可能隔音和味道之类的小问题我就不会特别的喜欢，其他方面的话，我觉得是没有什么问题的所以基本上我都还是可以接受的，就没什么问题。
            

            

    空间
        
            
            
        
        5
    
    
    空间多多少少可能会有一些小问题吧，但是他乘坐的时候也没有什么问题，使用上其实就看自己怎么规划了吧，反正车子里面该有的设计，空间什么的也都有，主要看自己一个合理的规划吧，目前来看也是没什么问题的。
    
    






                

    驾驶感受
        
            
            
        
        5
    
    
    效果也没有什么问题，它的爆发力和它的提速效果什么的都还是可以的，所以我认为还不错，反正自己也达到了想要的一个感受。
    
    






            
                

    操控
        
            
            
        
        5
    
    
    手感还可以，细节什么的也没有什么问题，所以我觉得还行。
    
    




            

            




            

    续航
        
            
            
        
        5
    
    
    数值还是挺稳定的，虽然经历过了一段磨合期，但是现在所表现出来的一个数值，基本上我也都是可以接受的，所以是比较有信心的。
    
    





            
                

    舒适性
        
            
            
        
        4
    
    
    隔音不算做的特别好，但是也没有什么特别大的问题，基本上还可以。
    
    




            
            

    外观
        
            
            
        
        5
    
    
    外观的设计感还是可以的，非常的简单大方，然后它的一个设计，做工什么的也都是比较经得起推敲的。
    
    
    
    
    


    
    
    
    


    
    
    
    


    





            

    内饰
        
            
            
        
        5
    
    
    内饰的品质很不错，然后用起来的时候，虽然设计感挺一般的，但是非常的方便，而且细节很到位。
    
    





            

    性价比
        
            
            
        
        5
    
    
    性价比还是挺不错的，是一辆非常适合的车子，综合的一个合适才会让我下定决心选择，我觉得是挺有性价比的。
    
    
    
    
    


    





            

            
                



            



        "
重庆车友2316753,2023-10-24 首次发表,"
            
                
                    4000km
                    
                    行驶里程
                
                
                
                    15.9kWh
                    百公里电耗
                
                
                
                
                
                
                
                
                
                
                

                
                
                    21.08万
                    裸车购买价
                
                
                    2023-06
                    购买时间
                
                
                    重庆
                    购买地点
                
            
            
    
    

    
        $(document).ready(function () {
            var koubeiid = 5195386;

        });

    


            
                最满意
                我觉得满意的地方确实挺多的，不存在什么特别大的问题，他的细节呀，做工啊什么的都让人感觉非常的好，所以我会觉得没什么问题，也让我觉得对他是很有信心的。
            
            
                最不满意
                肯定会有一些让人不太满意的地方吧，比如说它的一些味道问题呀和隔音之类的小问题，虽然不算是特别大的一些毛病，但是使用的过程当中还是会影响到你的使用感受的。
            

            

    空间
        
            
            
        
        5
    
    
    空间上是比较宽松的一个车子，因为本身这个车子的空间就做的还行，在我试驾和使用的时候，感觉对于这个日常的使用以及综合的一个表现来看也是完全可以的，我对于空间就是觉得挺够用的，所以就觉得还挺不错的，反正对他也没有什么其他过高的要求。
    
    






                

    驾驶感受
        
            
            
        
        5
    
    
    效果还是可以的，整体的体会和爆发力什么的也都很不错，达到了我心目中的一个标准和要求的，反正我觉得是可以接受的，也没有什么特别大的问题。
    
    






            
                

    操控
        
            
            
        
        5
    
    
    手感还是可以的，细节上也很不错，所以我觉得用起来还行，没有什么问题。
    
    




            

            




            

    续航
        
            
            
        
        5
    
    
    虽然有过一段时间的不稳定。但是稳定下来的时候，表现这方面，也是在我们可以接受的范围之内的，所以我觉得还可以。
    
    





            
                

    舒适性
        
            
            
        
        4
    
    
    隔音效果确实不算是特别好，但是该有的也都有，我觉得用起来的感受很好。
    
    




            
            

    外观
        
            
            
        
        5
    
    
    外观的设计感还是挺不错的，虽然简单，但是属于非常耐看的类型，所以我会越看越觉得喜欢。
    
    
    
    
    


    
    
    
    


    
    
    
    


    





            

    内饰
        
            
            
        
        5
    
    
    内饰的品质各方面都还行，虽然说挺简单的，但是用起来的感受确实还不错。
    
    





            

    性价比
        
            
            
        
        5
    
    
    性价比还是可以的，整体来说品质各方面都没有什么问题，所以我觉得还是比较能让人喜欢的。
    
    
    
    
    


    
    
    
    


    





            

            
                



            



        "
重庆车友8135426,2023-10-24 首次发表,"
            
                
                    4600km
                    
                    行驶里程
                
                
                
                    18.6kWh
                    百公里电耗
                
                
                
                
                
                
                
                
                
                
                

                
                
                    19.60万
                    裸车购买价
                
                
                    2023-05
                    购买时间
                
                
                    重庆
                    购买地点
                
            
            
    
    

    
        $(document).ready(function () {
            var koubeiid = 5195316;

        });

    


            
                最满意
                整个车子表现的还是比较优秀的，比如说他的颜值，还有他的手感，细节这一块儿能确保你在使用的时候是没有什么问题的。是一个很放心，然后也很满意的一个程度。
            
            
                最不满意
                没有什么特别大的问题，可能小细节上会有一些地方让你觉得没有弄的舒适吧。但是我觉得他也并不会给我造成什么太大的影响，因为细节上都是比较不错的。也是会让我非常放心的一个类型，虽然说味道和隔音效果可能多少会有一些，不太好吧。但是我觉得并不会影响我整体的使用感受。
            

            

    空间
        
            
            
        
        5
    
    
    空间上还是比较宽敞的，因为空间整体的表现都是非常不错的，给我的感觉也是令我比较放心的，所以我对他是处于一个完全放心的态度的，我觉得表现非常好，让我非常的放心。
    
    






                

    驾驶感受
        
            
            
        
        5
    
    
    整体的提速和它的爆发力这些方面做的都还行，所以我倒是认为挺错的，然后也会让我觉得非常的踏实吧，所以就没有什么问题。
    
    






            
                

    操控
        
            
            
        
        5
    
    
    手感是比较不错的，就是用起来的时候，感觉这些细节方面呀做的都是很到位的。
    
    




            

            




            

    续航
        
            
            
        
        5
    
    
    细节上还是挺不错的。整体的数值虽然有一段时间的不一定吧，但是基本上的一个表现都是让我觉得能接受吧。
    
    





            
                

    舒适性
        
            
            
        
        4
    
    
    虽然说隔音效果不算特别好，但是用起来的时候感觉是没什么问题的，挺大气的。
    
    




            
            

    外观
        
            
            
        
        5
    
    
    外观的颜值还挺不错的，它的设计感也是比较大气的，所以看起来的时候我觉得还是挺容易让人接受。
    
    
    
    
    


    
    
    
    


    
    
    
    


    





            

    内饰
        
            
            
        
        5
    
    
    内饰的品质和细节什么的也都没什么问题，给我的感觉就是觉得挺放心的吧，然后用起来也是比较好用的。
    
    
    
    
    


    
    
    
    


    





            

    性价比
        
            
            
        
        5
    
    
    性价比还是可以的，就是整个车子的颜值啊什么的都是完全没有问题的，所以我觉得还是挺放心吧。
    
    
    
    
    


    





            

            
                



            



        "
旧街古巷079,2023-10-24 首次发表,"
            
                
                    5500km
                    
                    行驶里程
                
                
                
                    16.8kWh
                    百公里电耗
                
                
                
                
                
                
                
                
                
                
                

                
                
                    13.99万
                    裸车购买价
                
                
                    2023-05
                    购买时间
                
                
                    成都
                    购买地点
                
            
            
    
    

    
        $(document).ready(function () {
            var koubeiid = 5195309;

        });

    


            
                最满意
                我觉得这个车子开起来确实还是很不错的，轻松，然后也比较的好用，所以基本上都是比较不错的，然后手感和细节什么的都还是比较好。
            
            
                最不满意
                没有什么特别大的问题，可能有一小部分的问题吧，比如说这个车子的一个味道问题和隔音之类的小问题但是从大方向上不会影响使用，我就觉得没有什么特别大的毛病。
            

            

    空间
        
            
            
        
        5
    
    
    空间上还是比较宽敞的，因为用起来的时候感觉也是比较够用的，非常充裕的一个状态所以我就觉得整体是可以接受的。
    
    






                

    驾驶感受
        
            
            
        
        5
    
    
    提速的效果也没有什么特别大的问题，给我的感受也还可以，所以对我来说他的整体表现还是比较能跟得上需求的。
    
    






            
                

    操控
        
            
            
        
        5
    
    
    手感还是比较好的，细节呀什么的都还是比较不错的。
    
    




            

            




            

    续航
        
            
            
        
        5
    
    
    数值虽然没有想象中那么的稳定，还是会有一个变化的，根据路况不同呀什么的都会有所起伏但是整体的表现算是可以让我接受的，所以我觉得还是可以的。
    
    





            
                

    舒适性
        
            
            
        
        4
    
    
    隔音效果没有特别的好，但是它的座椅包括减震效果都做的还是比较不错的，我觉得整体还是比较容易让人接受的，非常的到位，好用。
    
    




            
            

    外观
        
            
            
        
        5
    
    
    外观的设计感是比较不错的，非常具有设计感的一辆车子，并且用起来的时候感觉整体都没有什么问题，使用上都是非常顺畅的，养眼。
    
    
    
    
    


    
    
    
    


    
    
    
    


    





            

    内饰
        
            
            
        
        5
    
    
    内饰还可以，就是看起来的话也是比较简单大气的，然后用起来的时候，品质表现的也没有什么问题，细节和按钮的反馈都还是比较不错的。
    
    





            

    性价比
        
            
            
        
        5
    
    
    性价比还是可以的，它整体用起来也没有什么问题，给我的感受呀什么的都还算是比较不错的所以我个人还是比较能接受的，因为我觉得他表现的是比较能让我接受的，所以我就觉得还是挺不错的。
    
    
    
    
    


    





            

            
                



            



        "
说车歆X,2023-10-21 首次发表,"
            
                
                    
                    暂无
                    行驶里程
                
                
                
                
                
                
                
                
                
                
                
                
                

                
                
                    17.65万
                    参考价格
                
                
                    2023-10
                    探店时间
                
                
                    长春
                    探店地点
                
            
            
    
    

    
        $(document).ready(function () {
            var koubeiid = 5193072;

        });

    


            
                新车好评
                外观的造型设计是我喜欢的类型，尤其是这个颜色太惹眼了。还有电车是真的省钱呀，听说三千多公里，充电6次左右，一共才花了三百多的电费，很让我心动。
            
            
                新车槽点
                试驾的是新车，车内味道有一点点大，开起来之后打开窗户，就会好多了。
            

            

    空间
        
            
            
        
        5
    
    
    我很喜欢SUV车型，最主要的是我喜欢较高的车身高度，小轿车太矮了，坐在里面总感觉很憋屈，现在家里那台车，因为车顶太矮，坐进车内就有一种压抑感，但是这台车就不同了，到处都很宽敞，头部也不觉得压抑了。
    
    






                

    驾驶感受
        
            
            
        
        5
    
    
    我很喜欢这款车的驾驶感受，身为老司机的我，开着自然是没问题的，而且作为新手司机的老婆，她说这个车的拐弯也很轻松，转向很灵活，而且路过坑洼路段车内的感觉也不会很颠簸，大品牌调教的确实不错。
    
    






            

            




            

    续航
        
            
            
        
        4
    
    
    想买纯电车，就是因为可以节约用车成本，试驾之后，这款车的百公里只有14.3度电，还是很让我满意的。
    
    





            
            

    外观
        
            
            
        
        5
    
    
    我们全家都非常喜欢这个车子的前脸，特别是大灯的设计，非常有辨识度！前脸设计的更加有科技感，而且侧面看感觉车辆更加修长。
    
    
    
    
    


    
    
    
    


    





            

    内饰
        
            
            
        
        4
    
    
    内饰的设计我还是挺喜欢的，而且用料挺厚道的，能用皮质包的地方都包起来了，并且触感也很舒服，看着也很高级，内饰设计风格和外形差不多，都很时尚，很年轻运动，坐进车内座椅的包裹性也很好，非常的舒服。
    
    
    
    
    


    
    
    
    


    





            

    价格政策
        
            
            
        
        5
    
    
    我觉得买这台车挺值得的，不用排队加油，也不用操心油价上涨的问题，日常代步也很舒服，感觉买得很值！而且还有很多购车的优惠政策，可以减轻购车压力。
    
    





            
                

    智能化
        
            
            
        
        5
    
    
    我最喜欢中控那块大屏幕，看上去就智能感满满，腾讯系的应用支持多款，例如车载微信、腾讯地图等等，而且语音识别准确度也很高，一些操作直接语音就可以完成，在驾驶中使用非常的方便，不会分心了。
    
    




            

            



        "
落叶邱,2023-10-19 首次发表,"
            
                
                    
                    暂无
                    行驶里程
                
                
                
                
                
                
                
                
                
                
                
                
                

                
                
                    17.66万
                    参考价格
                
                
                    2023-10
                    探店时间
                
                
                    长春
                    探店地点
                
            
            
    
    

    
        $(document).ready(function () {
            var koubeiid = 5191363;

        });

    


            
                新车好评
                人家说销售全凭一张嘴，这真是不假，非常的热情，销售员尽心尽力给我介绍了所有的功能，还带着我试驾，也正是因为有周到的服务，让我对这个车的售后有了很大的信心。
车子本身的话，还是喜欢偏实用性的，我上下班通勤距离长，一天下来往返大约是100公里这样，开油车油费一天就大几十了，如果开风行雷霆的话一公里不到一毛钱的电费，一天下来10块钱的能源成本，还是很香的，哈哈哈。
            
            
                新车槽点
                个人感觉一个小小的方向盘，真是不需要用真皮材料，我建议是省下钱，提高一下座椅的档次，可以提升成真皮座椅，或者加个通风和加热功能之类的。
            

            

    空间
        
            
            
        
        5
    
    
    我们家就是三口人，而且已经有一台油车了，所以也不需要多么大的空间，偶尔后排载家人去郊外，这款车的空间足够了。
    
    






                

    驾驶感受
        
            
            
        
        5
    
    
    试驾过程中没发现什么问题，无论是加速，还是过坑洼路段，车子的性能都很稳定，没让我觉得不舒服。
    
    






            

            




            

    续航
        
            
            
        
        5
    
    
    续航的表现我还挺满意的，我试驾的这辆刚充满电，显示能跑580公里，如果按照一天跑一百公里的通勤情况下，每个周末充电一次，也够了。
    
    





            
            

    外观
        
            
            
        
        5
    
    
    外观不是我考虑的主要原因，当然样子好看的车还是很拉好感的。我刚看见它的感觉，最吸人眼球的是大灯的造型，其它元素和大灯一比起来，反而显得平平无奇了，但是也没关系，有这样一对大灯，整个车头立刻就不一样了，一下子高级了很多。我还仔细看了一下漆面的喷涂，有的车确实有漆面厚度不够的毛病，喷涂也没那么均匀，但是这台车一切正常，证明在细节上厂家还是很用心的。
    
    
    
    
    


    
    
    
    


    
    
    
    


    





            

    内饰
        
            
            
        
        4
    
    
    我希望可以有点人性化的功能，比如座椅通风功能，这个功能在夏天可是很有用的。真皮方向盘确实高级，握在手里，质感也蛮不错的，这个用料真是挺舍得的。座椅虽说不是真皮，但仿皮的质感也算是很细腻了，打理起来很方便，用布擦一下就行，特别脏的地方可以用清洁膏，店里也有赠送，还是挺贴心的。
    
    
    
    
    


    
    
    
    


    





            

    价格政策
        
            
            
        
        4
    
    
    和别的车做过对比，相同实力的车有便宜的，也有贵的，最主要还是看哪个最合适，反正试驾这台车的时候，我们一家都很满意，这也是我们和它的缘分吧，而且这款车现在购车也有相应的政策，贷款也很合适，很适合手头不宽裕的人。
    
    





            
                

    智能化
        
            
            
        
        5
    
    
    这款车倒车影像、定速巡航都有，驾驶便利性完全没问题。车机系统也是和腾讯深度合作的，很流畅，并且功能也很多，但是车机屏幕感觉颗粒感有点明显，可能是分辨率低了一丢丢的原因？
    
    
    
    
    


    




            

            



        "
爱车ssss,2023-10-18 首次发表,"
            
                
                    
                    暂无
                    行驶里程
                
                
                
                
                
                
                
                
                
                
                
                
                

                
                
                    18.99万
                    参考价格
                
                
                    2023-10
                    探店时间
                
                
                    长春
                    探店地点
                
            
            
    
        
            
        
    
    

    
        $(document).ready(function () {
            var koubeiid = 5190412;

        });

    


            
                新车好评
                这款SUV最让我喜欢的就是颜值高，而且配置也完全够用，并且车内的空间也足够大，性价比很高。
            
            
                新车槽点
                因为是电车，保值率就会很低，希望以后新能源市场可以有相应政策。
            

            

    空间
        
            
            
        
        5
    
    
    车内的乘坐空间很充足，我坐在驾驶位置腿部的空间也很充足，而且头顶的空间也非常充足，不会觉得压抑，后排的乘坐空间也很舒服，不会显得拥挤，坐在后排左右挪动也很轻松。
    
    
    
    
    


    






                

    驾驶感受
        
            
            
        
        5
    
    
    这款车的驾驶感受很舒服，而且在起步的时候很灵敏，轻轻踩上踏板之后就会感受到强劲的动力输出，并且在超车时也非常轻松。
    
    
    
    
    


    






            

            




            

    续航
        
            
            
        
        5
    
    
    虽然试驾时间不长，但是续航能力还是挺让我满意的，表显还是挺准的。
    
    





            
            

    外观
        
            
            
        
        5
    
    
    这款车最惊艳我的就是外观，尤其是车灯位置非常的有科技感，而且气场感觉非常强大，而且盾牌样式的车标非常有辨识度。
    
    
    
    
    


    
    
    
    


    
    
    
    


    





            

    内饰
        
            
            
        
        4
    
    
    内饰非常的有运动范，而且出风口设计很年轻，整体设计的也很简约大方，空调按键采用了实体按键，使用起来也非常方便，即使开车的时候操作也非常方便，不会影响驾驶，车内中控屏使用起来也非常的灵敏，操作很流畅，而且车内还有大面积的全景天幕，夜晚在车内看星星并且打开音乐也是非常的浪漫。
    
    
    
    
    


    





            

    价格政策
        
            
            
        
        5
    
    
    这款车性价比很高，很适合现在刚步入职场的年轻人，而且还有很多贷款优惠政策，可以缓解购车的经济压力。
    
    





            
                

    智能化
        
            
            
        
        5
    
    
    这款车的配置完全能够满足日常出行，尤其是拥有语音控制功能，在驾驶中只需要说出需求就可以，非常方便。
    
    
    
    
    


    




            

            



        "
生蚝小丸子192,2023-10-18 首次发表,"
            
                
                    
                    暂无
                    行驶里程
                
                
                
                
                
                
                
                
                
                
                
                
                

                
                
                    17.20万
                    参考价格
                
                
                    2023-10
                    探店时间
                
                
                    湛江
                    探店地点
                
            
            
    
        
            
        
    
    

    
        $(document).ready(function () {
            var koubeiid = 5190404;

        });

    


            
                新车好评
                分点来说说最让我印象深刻的几点感受吧：
1、一共试驾过几款电车，雷霆是让我觉得最接近燃油车的电车了。对于我们这种开惯了油车的人来说，电车有个很难接受的地方，那就是很多电车都是为了刻意突出动力很强，而设置得加速很突兀，没有油车那种加速的线性感。雷霆恰恰是这方面做得比较好的地方，具体驾驶体验来看，起步的时候不会很窜，踩下电门急速的过程有个缓慢的过渡，然后后段的加速又调教得比较猛，这种可温柔可猛的调教风格，个人很喜欢。
2、后排空间很大，我是打算一家五口用车，第二排是刚需，而雷霆第二排的腿部空间很宽裕，然后中间位置的地台几乎是全平，后排坐三个人跑长途一点问题都没有。
            
            
                新车槽点
                感觉风行的品牌弱一点，路上这个车看到的频率也不高，小众车咯。
            

            

    空间
        
            
            
        
        5
    
    
    空间确实是出乎我意料的，比我之前试驾过的aion v要强一些，而且第二排座椅的厚度很给力，支撑性不错。
    
    
    
    
    


    






                

    驾驶感受
        
            
            
        
        5
    
    
    上面也说了，动力调教是我很满意的地方，大厂的优势是调教方面很有经验，然后方向盘的指向也很精准，基本没有太大的虚位。
    
    






            

            




            

    续航
        
            
            
        
        5
    
    
    预算够的话，还是上高配吧，630公里续航，即使高速打个7折也能跑个400多公里了。
    
    





            
            

    外观
        
            
            
        
        4
    
    
    外观怎么说呢，挺大气的吧，但是感觉少了一些新鲜感，侧面还是比较像传统的燃油车咯
    
    
    
    
    


    





            

    内饰
        
            
            
        
        5
    
    
    对比之前看过的aion v，这个车的内饰最大的特点是新车异味要小很多，而且材质手感也都不错。设计也很简约，不会花里胡哨的，我觉得挺好。
    
    
    
    
    


    





            

    价格政策
        
            
            
        
        4
    
    
    现金优惠两万左右，保险也不强制在店里买，外面找人的话，估计还能省个1千左右的保险钱。然后上牌也可以自己来。
    
    





            
                

    智能化
        
            
            
        
        5
    
    
    有倒车影像和定速巡航，而且车机也是智能联网的，各种功能都有，日常开车够用啦。
    
    




            

            



        "
奴婢s7,2023-10-14 首次发表,"
            
                
                    1236km
                    
                    行驶里程
                
                
                
                    15.0kWh
                    百公里电耗
                
                
                
                
                
                
                
                
                
                
                

                
                
                    13.45万
                    裸车购买价
                
                
                    2023-08
                    购买时间
                
                
                    济南
                    购买地点
                
            
            
    
        
            
        
        
            
        
        
            
        
        
            
        
    
    

    
        $(document).ready(function () {
            var koubeiid = 5186070;

        });

    


            
                最满意
                东风风行是一个外观非常完美，也很高级的车子，整体给人的感觉真的很棒，而且外出的时候也很便利。
            
            
                最不满意
                最大的缺点就是噪音确实比较大，舒适性的表现比较一般。
            

            

    空间
        
            
            
        
        5
    
    
    车子的空间表现是非常好的，因为在外出的时候确实很方便，乘坐下来很舒服。
    
    






                

    驾驶感受
        
            
            
        
        5
    
    
    从动力方面来看的话，整体的使用感也很好，提速是非常快的。
    
    






            
                

    操控
        
            
            
        
        5
    
    
    方向盘的使用感和操控感都不错，外出的时候确实很便利。
    
    




            

            




            

    续航
        
            
            
        
        5
    
    
    在充电的时候还是非常快，续航的表现也很好。
    
    





            
                

    舒适性
        
            
            
        
        4
    
    
    舒适性的话就比较一般了，噪音还是挺大的，隔音和简单都挺差的。
    
    




            
            

    外观
        
            
            
        
        5
    
    
    其实我觉得外观还是不错的，很精致，而且确实很有质感。
    
    





            

    内饰
        
            
            
        
        5
    
    
    表现也不错，而且历史我觉得很有质感。
    
    





            

    性价比
        
            
            
        
        5
    
    
    车子综合性能还是不错的，价格也很合理，使用起来很好。
    
    





            

            
                



            



        "
风飞雪痕吹,2023-10-09 首次发表,"
            
                
                    
                    暂无
                    行驶里程
                
                
                
                
                
                
                
                
                
                
                
                
                

                
                
                    22.90万
                    参考价格
                
                
                    2023-10
                    探店时间
                
                
                    东莞
                    探店地点
                
            
            
    
    

    
        $(document).ready(function () {
            var koubeiid = 5179456;

        });

    


            
                新车好评
                外观不错，这车看起来就很大气很上档次的感觉。而且空间大、座椅舒适，驾驶感受也很好，整体感觉很不错，还有就是这个价格了！
            
            
                新车槽点
                内饰味道有点大，通风一会才能进去，不然有点难受。
            

            

    空间
        
            
            
        
        5
    
    
    空间是我最满意的地方，乘坐起来很舒服。我身高一米八五，体重一百六十斤，坐在驾驶座上，调整好座椅后，头顶还有一拳的距离，腿部也有伸展的空间，后排坐三个成年人一点问题都没有。
    
    
    
    
    


    
    
    
    


    






                

    驾驶感受
        
            
            
        
        5
    
    
    动力方面很充沛，起步的时候稍微有点肉，不过速度上来之后还是很不错的，超车的话很轻松的就过去了。而且方向盘很好操控，所以打方向的时候不会觉得很重。
    
    






            

            




            

    续航
        
            
            
        
        5
    
    
    续航的话，充电感觉不用很频繁，这点我是很满意的，平时在市区出行，所以很喜欢电车。
    
    





            
            

    外观
        
            
            
        
        5
    
    
    外观设计时尚、年轻。车头采用大面积进气格栅和镀铬装饰条组成，整体造型犀利且有张力。车身线条流畅，运动感强烈。
    
    
    
    
    


    





            

    内饰
        
            
            
        
        4
    
    
    内饰的做工很精细，中控台的设计也很有层次感。座椅的舒适性也不错，但是车内味道有一点到大。
    
    





            

    价格政策
        
            
            
        
        5
    
    
    性价比我觉得是比较高的，对比过其他车型，但是感觉配置都没有这个高。
    
    





            
                

    智能化
        
            
            
        
        5
    
    
    配置挺丰富的，自动驻车、上坡辅助等等功能都有。包括语音智能可以连续对话，也可以同时进行指令控制。
    
    




            

            



        "
焚天百花葬,2023-10-09 首次发表,"
            
                
                    
                    暂无
                    行驶里程
                
                
                
                
                
                
                
                
                
                
                
                
                

                
                
                    15.99万
                    参考价格
                
                
                    2023-09
                    探店时间
                
                
                    杭州
                    探店地点
                
            
            
    
    

    
        $(document).ready(function () {
            var koubeiid = 5179263;

        });

    


            
                新车好评
                它优秀的地方蛮多的，尤其我要为它高颜值的外观造型打call，整体的风格前卫时尚，看着挺高大上，车身做工以及漆面厚度也做得蛮到位的。
            
            
                新车槽点
                乘坐空间较为可观，试驾时我们对乘坐评价一致好评，只是后备箱的空间稍小了一点。
            

            

    空间
        
            
            
        
        4
    
    
    我的个子将近180，坐进车内头部空间挺充裕的，视野开阔，没有憋屈感觉，后排可移动的范围也大，车内也有着足够丰富的储物格，不过后备箱不算大，如果出门携带东西多了感觉会装不下。
    
    
    
    
    


    
    
    
    


    
    
    
    


    






                

    驾驶感受
        
            
            
        
        5
    
    
    它有着强大的动力储备，前期起步丝毫不肉，中后期的加速响应还很积极，超车时更有源源不断的动力爆发出来，操控上手没有什么难度，方向盘轻重合适，打转向时灵活精致，刹车也是轻踩就行。
    
    






            

            




            

    续航
        
            
            
        
        5
    
    
    续航上的表现听良心了，几乎能和官方公布的数据持平，相较于同级车来说很有优势，可以在后期用车中省下不小的一笔开销。
    
    





            
            

    外观
        
            
            
        
        5
    
    
    外观造型有着与众不同的风格特色，年轻人会很喜欢的，前脸设计彰显高级感的同时也提高了辨识度，两个前大灯看着也犀利有神，车身侧面力量感也足，开出去有不少的回头率。
    
    
    
    
    


    





            

    内饰
        
            
            
        
        5
    
    
    内饰风格简约大气，居家的感觉更强烈，用料厚道扎实，我也特意留意了下细节方面的做工，也没有让我失望，而中控台上的大屏幕还科技感满满。
    
    





            

    价格政策
        
            
            
        
        5
    
    
    价格方面定价本身就在一个合理的价格范围内，目前销售小姐姐说最近推出了限时优惠活动，赠送的礼品也更丰富。
    
    





            
                

    智能化
        
            
            
        
        5
    
    
    配置挺齐全，需要的辅助功能都有，能满足我日常用车的需求，中控车机系统也流畅好用。
    
    




            

            



        "
ana87md,2023-10-09 首次发表,"
            
                
                    
                    暂无
                    行驶里程
                
                
                
                
                
                
                
                
                
                
                
                
                

                
                
                    15.99万
                    参考价格
                
                
                    2023-09
                    探店时间
                
                
                    沈阳
                    探店地点
                
            
            
    
    

    
        $(document).ready(function () {
            var koubeiid = 5179207;

        });

    


            
                新车好评
                它的配置我觉得是拉满的，现在都是在比配置，我觉得谁的配置比较高，谁就更有市场竞争力，我觉得风行雷霆的配置还是比较多的。而且都是比较有逼格的配置
            
            
                新车槽点
                我觉得品牌认知度差了一点，虽然风行雷霆的产品是不错，我觉得还是差点认可度。品牌力有待加强。
            

            

    空间
        
            
            
        
        5
    
    
    空间是真的不错，我身高172左右，坐在驾驶位头部空间都还挺充足的，比我想象中还要大，副驾驶的空间也比较大，坐起来挺舒服的。
    
    
    
    
    


    
    
    
    


    
    
    
    


    






                

    驾驶感受
        
            
            
        
        5
    
    
    动力和操控我觉得在同级别是最给力的，动力表现出色，提速快，操控也是比较丝滑的。转弯半径小。
    
    
    
    
    


    
    
    
    


    
    
    
    


    






            

            




            

    续航
        
            
            
        
        5
    
    
    油耗我觉得想比其它车型它能更低，一箱油比其它品牌的车行驶距离更远一些。
    
    





            
            

    外观
        
            
            
        
        4
    
    
    我最喜欢的就是车灯的设计。融入一些中国风元素，看起来更加的亲切，轮毂也比较大，和车身比例搭。就是品牌认知度低了些。
    
    





            

    内饰
        
            
            
        
        5
    
    
    内饰的整体布局科学合理，我最喜欢的就是这块中控屏，启动后可以旋转。
    
    





            

    价格政策
        
            
            
        
        5
    
    
    目前4s店的优惠还是比较大的，我觉得我入手价格也不是太高，在我可以接受的范围内
    
    





            
                

    智能化
        
            
            
        
        5
    
    
    配置我觉得很少有车型能和风行雷霆叫板，我觉得它的科技配置和舒适性配置都是比较齐全的，而且都是标配。我不用花钱去选装，性价比也更高，所以我才选择风行的车型，它的质量也是可以的。
    
    




            

            



        "
汏噐脕荿,2023-10-06 首次发表,"
            
                
                    
                    暂无
                    行驶里程
                
                
                
                
                
                
                
                
                
                
                
                
                

                
                
                    20.49万
                    参考价格
                
                
                    2023-09
                    探店时间
                
                
                    承德
                    探店地点
                
            
            
    
    

    
        $(document).ready(function () {
            var koubeiid = 5176249;

        });

    


            
                新车好评
                从车外看到车内，最优秀的实属雷霆的外观，尤其是车尾的贯穿性尾灯，在同级车型中看上去非常的有特点，个性十足。
            
            
                新车槽点
                车身尺寸不大，空间相对也是小了一些，像我这种一个人用车的环境倒没什么，但是如果是一家人经常要使用后排的话，空间肯定还是会有些不够的。再一个就是续航，平时不出远门的话没啥问题，但是稍微去远点的地方我觉得肯定是不够的。
            

            

    空间
        
            
            
        
        4
    
    
    只用前排的话空间是不用担心的，车内垂直高度充足，头部空间非常宽裕。后尾箱是侧开的方式，把座椅放倒后很能装。只不过后排的乘坐空间有些捉襟见肘，对于成年人来说坐着不够放松。
    
    
    
    
    


    






                

    驾驶感受
        
            
            
        
        5
    
    
    动力不算强，但是起步加速有轻快感，响应也非常灵敏，动力输出十分平顺。再加上坐姿高，车身小，在车流中穿梭或者停车什么的都很好控制。
    
    






            

            




            

    续航
        
            
            
        
        4
    
    
    纯电续航550公里左右，不过我都是市区用车，要是长途高速跑的多的话，电耗增加还是挺明显的，续航也会下降不少。
    
    





            
            

    外观
        
            
            
        
        5
    
    
    前脸封闭式的设计，保险杠有一定的层次，车尾贯穿式的后尾灯野性十足，车身周围一圈还有黑色的塑料包围，看上去非常的个性。
    
    
    
    
    


    
    
    
    


    
    
    
    


    





            

    内饰
        
            
            
        
        5
    
    
    中控有车机大屏，带了全液晶的仪表，各类信息显示非常清晰，看上去一目了然，还挺有科技感的。
    
    
    
    
    


    
    
    
    


    





            

    价格政策
        
            
            
        
        5
    
    
    作为一辆纯电动车，而且是SUV，这个价格并不贵。再加上东风在三电方面质量让我放心，又有原厂的三电终身质保，价格挺到位。
    
    





            
                

    智能化
        
            
            
        
        5
    
    
    这套车机系统功能够多，导航、听歌、看视频等等都能够搞定，而且大屏可以旋转，使用下来更加跟手，不同功能下都能有一个最好的显示效果。
    
    




            

            



        "
空水漫漫1yv,2023-11-10 首次发表,"
            
                
                    1400km
                    
                    行驶里程
                
                
                
                    16.8kWh
                    百公里电耗
                
                
                
                
                
                
                
                
                
                
                

                
                
                    12.99万
                    裸车购买价
                
                
                    2023-09
                    购买时间
                
                
                    临汾
                    购买地点
                
            
            
    
        
            
        
        
            
        
        
            
        
        
            
        
    
    

    
        $(document).ready(function () {
            var koubeiid = 5211705;

        });

    


            
                最满意
                颜值挺高的，我觉得自己看起来对他的一个视觉上来说是比较满意的越看越喜欢吧，设计也挺简单大方的，虽然低调，但是看起来确实是有自己一定的设计感的，我是挺喜欢的。
            
            
                最不满意
                没有什么太大的缺点，但是小的问题也是会有的，比如说味道呀之类的小问题，但是确实造不成什么太大的影响，我觉得对我不成压力。
            

            

    空间
        
            
            
        
        5
    
    
    空间上还是很好的，因为最主要的一个表现就是空间是非常够用的一个状态，包括它整体的一个乘坐的状态呀，还有日常使用的一个感受，能给我感觉空间是比较够用的，而且是完全令人放心的所以我不觉得他有什么问题，反而是因为我比较放心的一个状态。
    
    






                

    驾驶感受
        
            
            
        
        5
    
    
    动力的效果还是很不错的，它的提速呀各方面都是没有什么问题的，所以我对他是比较满意和放心的他的爆发力和他的使用啊都是没有问题的，我觉得挺好的。
    
    






            
                

    操控
        
            
            
        
        5
    
    
    数值的表现还是挺不错的，虽然说有一段时间的不稳定，但是综合看下来我觉得还是挺不错的，比较能跟得上我对他的一个需求跟要求吧，所以我觉得还是挺好的，我挺喜欢的。
    
    




            

            




            

    续航
        
            
            
        
        5
    
    
    数值的表现还是挺不错的，虽然说有一段时间的不稳定，但是综合看下来我觉得还是挺不错的，比较能跟得上我对他的一个需求跟要求吧，所以我觉得还是挺好的，我挺喜欢的。
    
    





            
                

    舒适性
        
            
            
        
        4
    
    
    隔音效果算特别好吧，但是整体来说也不存在什么问题，所以我觉得没有什么问题。
    
    




            
            

    外观
        
            
            
        
        5
    
    
    外观的设计感还是可以的，比较的简单大方，所以我觉得还是挺不错的，我是挺喜欢他整体的一个表现的。
    
    
    
    
    


    





            

    内饰
        
            
            
        
        5
    
    
    内饰的细节什么的也都还可以，我觉得是不存在什么问题的确所以对我来说品质上呀还有细节上呀，都还是挺令我满意的。
    
    





            

    性价比
        
            
            
        
        5
    
    
    性价比还是可以的，我觉得没有什么问题，自己也是对他整体都是比较满意的。
    
    





            

            
                



            



        "
