字段1_文本,字段2,字段3
尼克ABMer,2023-04-10 首次发表,"
            
                
                    10000km
                    
                    行驶里程
                
                
                
                
                
                    5.4kWh
                    春秋电耗
                
                
                
                
                
                
                    1000公里
                    春秋续航
                
                
                
                

                
                
                    24.60万
                    裸车购买价
                
                
                    2022-08
                    购买时间
                
                
                    嘉兴
                    购买地点
                
            
            
    
        
            
        
    
    

    
        $(document).ready(function () {
            var koubeiid = 4901966;

        });

    


            
                最满意
                最满意的就是内饰的用料，真的很用心，完全没有刺鼻的气味。皮质座椅真的很舒适。
            
            
                最不满意
                车机及智能辅助方面有待提升。小魏同学语音识别不是很准确，而且车机有点卡顿哦。车机的娱乐功能比较少，希望系统可以升级哦。
            

            

    空间
        
            
            
        
        5
    
    
    我觉得后排空间还挺宽裕的，因为有次我坐在后排体验了一下，并没有感觉不适，而且后排座椅很舒服，承托性也很好。前方储物盒和储物格很多，地方足够你用，但是对于我来说有点浪费，好多我都用不上，在档把下方还有一个超大的储物空间并且还为我们准备了充电接口，实在是方便。后备箱空间不算太大，出远门想要带备胎的话估计得加装车顶行李箱。
    
    
    
    
    


    






                

    驾驶感受
        
            
            
        
        5
    
    
    我对拿铁DHT-PHEV的动力系统很是满意。对于高速辅助驾驶总体比较可靠，车道保持比较稳。目前发现一点就是开ACC的时候限速识别有点问题，走主道的时候会把下匝道的限速牌识别，希望这点可以升级。
    
    






            

            




            

    续航
        
            
            
        
        5
    
    
    拿铁DHT-PHEV可油可电，纯电续航184公里，实际可以到200左右都没问题，整体续航超过1000公里，一点都不虚。
    
    





            
            

    外观
        
            
            
        
        5
    
    
    外观方面见仁见智，萝卜青菜各有所爱。我比较喜欢设计上面的小细节，比如前后呼应，贯穿式尾灯的设计，车灯在夜间很有辨识度的。车轮毂我也很喜欢，像一朵盛开的花朵一样。
    
    
    
    
    


    
    
    
    


    
    
    
    


    





            

    内饰
        
            
            
        
        5
    
    
    车内饰真皮座椅的质感很不错，但是对腿部支撑略显不足。内部设计低调中又不失豪华，几乎手能摸到的位置都是采用了真皮包裹。内饰的两块大屏幕一块14.6英寸一块9英寸，上方的屏幕负责娱乐和驾驶有关的配置，下方的屏幕则取代了传统的空调物理按键，同时它还兼具了座椅调节功能。全景大天窗视野极好。
    
    
    
    
    


    
    
    
    


    





            

    性价比
        
            
            
        
        5
    
    
    性价比在国产车里还算不错，但是有的人认为有点小贵，可是它都是真材实料啊，每一处都是真金白银呀，所以我觉得性价比还不错。
    
    





            
                

    智能化
        
            
            
        
        5
    
    
    小魏同学的人机互动有点过于单调了，车机系统为了确保行车安全过于保守，可用的软件有点少，希望后期OTA可以升级加入更多的软件。抬头显示功能很丰富，而且这个功能还是比较实用的。360全景有点延迟，其实可以做的更好，也许是我对拿铁DHT-PHEV的要求有点高，但是没关系我们一起进步嘛。
    
    




            

            



        "
奔跑的咖啡,2022-10-30 首次发表,"
            
                
                    2513km
                    
                    行驶里程
                
                
                    7.5L
                    百公里油耗
                
                
                
                
                    23.3kWh
                    春秋电耗
                
                
                
                
                
                
                    184公里
                    春秋续航
                
                
                
                

                
                
                    24.20万
                    裸车购买价
                
                
                    2022-08
                    购买时间
                
                
                    泸州
                    购买地点
                
            
            
    
    

    
        $(document).ready(function () {
            var koubeiid = 4658709;

        });

    


            
                最满意
                1、自带的34kwh电池够大，市区纯电续航可以开到200km以上，就算高速也可以跑到150km以上，而且支持快充，从10%充到80%只需要半小时，完全能够当作一辆电车使用了。支持外放电功能，偶尔自驾露营，可兼顾“诗与远方”。这也是我买这辆车最主要的原因。2、配置齐全。基本上你能想到的配置，这个车都有了。例如NAPPA真皮座椅，座椅通风、加热、按摩，品牌音响。加强型的HUD显示，自动泊车功能，长城标配的循迹倒车功能，电动尾门、感应尾门。3、长城柠檬DHT两档变速电混系统。从技术上来讲，这套系统并不比比亚迪dmi差，而且解决了高速中后段加速问题，动力响应更积极。4、外观不拉后腿。前面几项优点，再加上一个不算丑的外观，构成了一辆各方面比较均衡的车，这也是一个很大的优点。
            
            
                最不满意
                价格的话比预期高了点。以这个价格买一个国产A级紧凑型车，感觉性价比差一点。希望换代车型能够将轴距做到2800 mm，车长做到4700 mm。另外车的人机交互人性化设计方面还有待提高。缺少备胎。
            

            

    空间
        
            
            
        
        5
    
    
    作为一台5座SUV空间还是很优秀的，前排空间完全足够，后排空间坐上去之后前腿部还剩三拳以上距离。对于我来讲非常够用。得益于较高的车身，头部空间也是非常充裕的。后备箱空间一般SUV水平。唯一遗憾的是没有放备胎的空间。
    
    
    
    车内空间
    


    
    
    
    


    






                

    驾驶感受
        
            
            
        
        5
    
    
    整体感受是一辆偏舒适型的家用SUV。当然，这个车买来就是家用的，我没有激烈驾驶过。说一下我跑山路的感觉：虽然是两驱车，但是动力完全够用，深踩油门，推背感强烈；在山区道路起伏路面，不会有动力跟不上的感觉。转向能力还行，不过急转弯的时候车辆的侧倾感还是比较明显的。方向盘操作轻盈，指向准确。
    
    
    
    非铺装路面
    


    
    
    拿铁DP侧面
    


    






            

            




            

    续航
        
            
            
        
        5
    
    
    这车纯电续航官方用的是wltc标准。我实测城市道路不开空调可以做到223km的纯电续航，用于上下班，一周一充都足够了。高速道路实测100km/h的速度行驶，秋季开启24℃两档空调，不开启ACC驾驶的情况下，基本可以做到官方标称的184km纯电续航，相同时速下开启ACC行驶也可以做到160km的纯电续航。总体来讲，还是比较不错的，匹配上快充功能。家用或外出，都可以当作纯电车使用。从8月份到10月份，我行驶了2513公里，综合计算的能耗水平为：3.38L加12.82kwh/100km，等效计算为7.52L/100km，此非表显油耗，为我每次加油或充电后计算得出，相信还是比较准确的。虽然没有预想中的那么低，但是结合其近2吨的车身，还是比较不错的，在新能源插混领域应该在中等偏上水平。
    
    





            
            

    外观
        
            
            
        
        5
    
    
    拿铁DP外观中规中矩，传承自VV系列，总体偏沉稳风格。我提的是蓝山蓝的颜色，最帅的角度是前侧方，带有小竖条的LED灯也非常有辨识感。尾部视角相较前方要差点意思，如果尾部配上贯穿式尾灯的话，应该能增色不少。
    
    
    
    拿铁DP侧颜
    


    
    
    拿铁DP侧面
    


    
    
    拿铁DP
    


    





            

    内饰
        
            
            
        
        5
    
    
    NAPPA真皮座椅，搭配全车内大面积的软包，会给人非常好的质感，也不会有廉价感。这一块比很多合资车好太多。而且，这个车主打的就是健康座舱，用料还是很扎实的，提车1个月基本就没有什么异味了。最喜欢的是中控马鞍部分的木纹材质使用，既实用，又显档次。
    
    
    
    马鞍部分材质非常好
    


    
    
    空调出风口
    


    





            

    性价比
        
            
            
        
        4
    
    
    说实在的，这个车和合资车比的话，性价比是很高的，同价位的合资车油车，都很少有配置能与之相比的，更不用说新能源车。但是，和国产车比的话，性价比不算高。价格更低的唐dmi，只有电池小了13kwh，但内饰差不了多少，但空间更大。其他品牌的话，吉利星越L插混版价格还未公布，但是预计差不了多少，但空间更大，电池更大。这款车如果在现价上优惠1-2w的话，是非常有性价比和竞争力的。
    
    





            
                

    智能化
        
            
            
        
        4
    
    
    这款车的智能配置丰富。高速智慧巡航具有非常高的可靠性。同时也配备了人脸识别，语音交互，360°全景导航等，自动泊车，循迹倒车等等。希望厂家根据用户需求，不断的改进用户体验，做到更人性化的人机交互体验。
    
    




            

            



        "
头铁DHTPHEV,2022-10-20 首次发表,"
            
                
                    1800km
                    
                    行驶里程
                
                
                    5.0L
                    百公里油耗
                
                
                
                
                    21.0kWh
                    春秋电耗
                
                
                
                
                
                
                    190公里
                    春秋续航
                
                
                
                

                
                    180公里
                    冬季续航
                
                
                    24.30万
                    裸车购买价
                
                
                    2022-07
                    购买时间
                
                
                    济南
                    购买地点
                
            
            
    
        
            
        
    
    

    
        $(document).ready(function () {
            var koubeiid = 4641348;

        });

    


            
                最满意
                不知不觉已经提车快3个月了，作为一名驾龄近15年的老司机，我开过油车，开过电车，开过增程，开过插电，车对于我来说一直都只是一个代步工具，每当媳妇想要换台新车的时候，我总是说：咱平头老百姓的车就要便宜实惠，能跑就行，不需要什么花里胡哨的功能，那些国产车功能越多坏的越快，直到我试驾了拿铁DHT-PHEV，它彻底改变了我对汽车的认知，改变了我对国产汽车的偏见！
 从坐进拿铁DHT-PHEV驾驶座的一刹那，我就被眼前满满的科技感和豪华感震撼到了，目及之处到处都是真皮软包，简约而又实用的驾驶台从手机无线充电插孔的位置，到可以缓缓打开的驾驶台储物箱，无不提现设计师的独具匠心和大道至简的设计风格，整个驾驶台没有一个按键，所有操控都可通过语音和手势实现，省出更多的空间来进行储物。水晶档把的设计即解决了普通档把日久掉色老化的问题，又避免了手掌污渍油渍的侵染，同时提升了豪华感！
 堪比笔记本电脑大小的车机主屏幕，是整个驾驶舱最亮眼的配置，只要呼唤小魏同学就可通过语音与车机进行互动，全车几乎所有的功能，都可通过语音命令进行操作！
 驾驶感受最明显的莫过于整车的隔音和亏电状况下的油耗问题！
 拿铁DHT-PHEV采用大量的优质隔音棉对整车能够产生噪音的位置进行包裹，除了使用传统隔音棉的方式外，还有能够主动降噪的喇叭！这可是黑科技，得益于这两种隔音措施，当你坐在车上时候，外面有人喊你必须落下车窗才能听的到。
 好了现在给大家谈谈最关心的拿铁DHT-PHEV亏电油耗问题，在讨论这个问题前，大家可以先了解下拿铁DHT的油耗，网上有很多大神对于这款车的油耗感到匪夷所思，接近2吨的车，油耗居然只有5L/百公里左右，这个油耗是广大车主真实的写照，不信的小伙伴可以去网上搜搜看，而拿铁DHT-PHEV是这款车的升级产品，因为增加了34度的电池包和电机，整车重量超过2吨，而小编我夏季开空调亲测油耗在6个左右，有的小伙伴甚至开出4个多的油耗，这一切都说明长城的2档DHT技术确实在油和电的智能切换上找到了最佳的配比，也难怪李总说了，长城的2档DHT是目前最好的混动技术！
            
            
                最不满意
                最不满意的地方是长时间只用电不用汽油，汽油会过期！为了不让汽油过期，临近保质期的时候，需要想尽一切办法去消耗，每隔几个月都要想办法去浪费汽油，太痛苦了！这虽然有点凡尔赛，但确实是最痛苦的事情……
 好吧，你们骂的对，我就是在炫！如果硬要说有什么不满意的地方就是车机系统不开放，自带的软件资源实在太少了，浪费了8155那么好的芯片，隔壁某迪的老司机都馋哭了，你却吧那么好的芯片运算能力白白浪费了……希望尽快放开系统，最起码允许自定义装个三、五个小程序也行啊！
 还有就是那个对外行人警示音，本身拿铁DHT-PHEV的隔音非常好，纯电行驶几乎静音，即便是启动发动机也仅能略微听到一些马达的声音，但一旦低于30公里每小时，那个讨厌的警示音就会播放！虽然这是国家强制要求的，不可以取消，但希望以后升级时可以在国家允许范围内降低音量或者更换该警示音！
            

            

    空间
        
            
            
        
        5
    
    
    
    
    
        ☆ 空间设计亮点
        储物空间丰富，驾驶舱宽敞明亮，兼顾后排空间及储物功能。
        
        
    
    
    
    


    






                

    驾驶感受
        
            
            
        
        5
    
    
    
    
    
        动力平顺性
        2档DHT切换平滑无顿挫感！起步不肉，刹车不颠！
        
        
    
    
    
    


    






            

            




            

    续航
        
            
            
        
        5
    
    
    34度电池，快充80%仅需30分钟，慢充纯电续航184公里，综合续航超过1000公里！
    
    
    
    
    


    





            
            

    外观
        
            
            
        
        5
    
    
    沉稳大气，颜值在线，延续了VV系列一贯的豪华大气，又增加了新的时尚元素！
    
    
    
    
    


    
    
    
    


    
    
    
    


    





            

    内饰
        
            
            
        
        5
    
    
    内饰豪华舒适，科技感满满！真皮座椅，按摩，通风，电动调节方向。所有物理按键高度融合至空调屏，让驾驶台不在那么冗余！
    
    
    
    
    


    
    
    
    


    
    
    
    


    





            

    性价比
        
            
            
        
        4
    
    
    这价格和配置，让同价格区间的BBA望尘莫及，而且纯电行驶一公里连1毛钱能耗都不到！亏电油耗不到6L/百公里！
    
    
    
    
    


    





            
                

    智能化
        
            
            
        
        4
    
    
    360泊车和高阶智能驾驶辅助，让小白司机也能愉快的驾驶！尽情享受驾驶的乐趣！
    
    
    
    
    


    




            

            



        "
简单并快乐83,2022-10-20 首次发表,"
            
                
                    1950km
                    
                    行驶里程
                
                
                
                
                
                    18.0kWh
                    春秋电耗
                
                
                
                
                
                
                    184公里
                    春秋续航
                
                
                
                

                
                    184公里
                    冬季续航
                
                
                    24.30万
                    裸车购买价
                
                
                    2022-08
                    购买时间
                
                
                    成都
                    购买地点
                
            
            
    
    

    
        $(document).ready(function () {
            var koubeiid = 4640836;

        });

    


            
                最满意
                2022年8月3号提车后，也在论坛里发了些帖子跟大家分享拿铁phev 。目前使用了两个多月，里程行驶了2000公里，对它有了更深入全面的了解。首先明确的是这台车真的是一台很全面的车，就是像车友们说的水桶车，而且这个水桶的技术还有点高。最满意的就是它可以作为一台纯电车来开，纯电车拥有的安静平顺它都能给你。同时，得益于插电混动，它还能给你纯电车不能给你的长续航。然后从其他方面说，内饰做工精致，用料厚道实在，就像上市发布会上说的，新车几乎没有味道。从配置上说，能想到的比如8155芯片，超越L2级别的智能驾驶辅助，全车遍布的传感器摄像头雷达，让他能更全面感知周围情况，更好辅助你安全驾驶。提车至目前已经升级过两次还是三次了，最近一次升级eps 还给了200块购物卡补贴，这点必须给魏点个赞！看着论坛里越来越多车友加入魏牌大家庭，真心为他鼓掌👏，希望魏牌越来越好！
            
            
                最不满意
                目前没有哦。要说不满意，可能就是应用市场目前还未开放，没有办法自己安装应用软件。
            

            

    空间
        
            
            
        
        5
    
    
    空间对于我来说足够用。后排空间相当充足，后排地台几乎纯平，偶尔中间坐人也不会不舒服。后备箱容积足够大，图片里看得到我放了一个大号的车载箱和一件24瓶的农夫山泉水，也只占了四分之一的地方。后排空间有两个手掌的距离。这个空间表现是非常好👍之前有一次自驾出去，车上坐三大人两小孩，空间依然很舒服。
    
    
    
    
    


    
    
    
    


    
    
    
    


    






                

    驾驶感受
        
            
            
        
        5
    
    
    因为是插电混动，基本是等同于电车，起步比较油车更直接，起步更快。加速也更快！纯电行驶速度可以一直到120公里，发动机都不会介入。开高速，系统会自动在串联并联之间做出选择，非常智能，动力表现也足够好！超车和巡航不在话下。高速上需要急加速超车时，电机和发动机并联驱动，感觉很棒。
    
    
    
    
    


    
    
    
    


    






            

            




            

    续航
        
            
            
        
        5
    
    
    官方宣称184公里，可以轻松到达，有时候还会多跑一点里程出来。目前还没有经历过冬天，但魏牌在这方面比较实诚。应该一比一还原问题不大。加上有制动动能回收系统，在高速或者长下坡路段补能效果还不错。至于充电时间，拿铁支持快充，从20到96，基本在40分钟。慢充的话，家里装了充电桩，基本五个小时充满。关键是便宜啊。几块钱充满，可以续航180多公里。
    
    
    
    
    


    
    
    
    


    





            
            

    外观
        
            
            
        
        5
    
    
    相当满意。大气，稳重。颜色选的蓝山蓝，非常满意。做工的话，毕竟是长城高端，这一点是有保证的。整体造型，相较于新势力，可能更传统一些，但是足够大气。久看也不会审美疲劳。
    
    
    
    
    


    
    
    
    


    
    
    
    


    





            

    内饰
        
            
            
        
        5
    
    
    用料足，做工精致。高档的真实加上翻毛皮，包裹性也很好。四屏联动，更方便。特别是hud,简直不要太好用，而且拿铁的是增强型抬头显示，显示的动态效果更好。这个我对比过问界M5的。拿铁的更好一些。氛围灯是多色的，支持无极调光和自定义，更个性化一些。得益于车联网，支持远程启动。夏天这个功能很好用。提前远程启动空调，在进入车辆时温度舒适，更有一键舒适模式，简单舒心
    
    
    
    
    


    
    
    
    


    
    
    
    


    





            

    性价比
        
            
            
        
        4
    
    
    应该说综合做工用料产品定位看，价格是合适的，但作为消费者，谁不想更便宜些呢？
    
    





            
                

    智能化
        
            
            
        
        5
    
    
    L2的驾驶辅助系统，盲区监测，车道保持，主动防碰撞等等，让你更有信心，更安全。语音控制识别率挺好。而且支持声音定位。有8155的加持，车里系统流畅不卡顿。只是目前魏没有放开应用软件下载。不过内置的软件已经能满足日常需要了。
    
    




            

            



        "
百度小帅66,2022-08-12 首次发表,"
            
                
                    80km
                    
                    行驶里程
                
                
                
                
                
                
                    14.0kWh
                    夏季电耗
                
                
                
                
                
                
                    184公里
                    夏季续航
                
                
                

                
                
                    24.30万
                    裸车购买价
                
                
                    2022-07
                    购买时间
                
                
                    常州
                    购买地点
                
            
            
    
        
            
        
    
    

    
        $(document).ready(function () {
            var koubeiid = 4525679;

        });

    


            
                最满意
                外观人见人爱，内饰豪华有质感，动力激情澎湃！提车三天开下来的感受真的觉得很香！不管是外观还是内饰都是我喜欢的！还有很多智能驾驶辅助的高科技，虽然对我这个有二十五年驾龄老司机来说这些配置不重要，但是既然花这个钱了，我不用但是必须要有！这车动力绝对杠杠滴，两驱版本已经足够秒杀2.0T以内任何合资车了，最主要是平时通勤啊短途啊都不用烧油，用车成本真的很低很低！七八分钱一公里！坐在车里开着空调听着小曲根本不会去考虑油钱了！你们说这车香不香吧！
            
            
                最不满意
                价格小贵！没有备胎，长途自驾有点后顾之忧，说长城汽车估计全国人民都知道，要说魏牌拿铁phev估计知道的人不多！品牌还是小众一些！不研究不懂车的人会认为花个二十几万买这车的脑子不好使！
            

            

    空间
        
            
            
        
        5
    
    
    魏牌拿铁phev有着4688*1890*1730尺寸，轴距也达到了2745，带来的就是宽敞的内部空间！我个子不高吨位不大坐进后排车内翘起个二郎腿是绰绰有余啊！头部空间更不用说了，三个小拳头吧！
    
    
    
    
    


    






                

    驾驶感受
        
            
            
        
        5
    
    
    要说到拿铁phev动力的话！两个字牛逼！！秒杀任何2.0T的合资燃油车！油门轻轻一点犹如德芙巧克力般丝滑一点没有拖泥带水的顿挫感再稍微加大一点油门那推背感就出来了此刻车子就犹如一支穿云箭给你的第一反应就是爽！加速响应快也就算了居然车内的静音效果还做的那么好！在车内除了有一点点风噪跟胎噪根本感觉不到发动机在工作！我说的是在混动模式发动机转速在2200转速的时候哦！
    
    






            

            




            

    续航
        
            
            
        
        5
    
    
    184公里的纯电续航，满油满电1200+魏牌拿铁phev做到了行业领先！👍🏻
    
    





            
            

    外观
        
            
            
        
        5
    
    
    低调内敛确有着绅士般的气质！行云流水般侧面线条我是越看越喜欢呢！云川式的全自动大灯真的挺耐看！
    
    
    
    
    


    
    
    
    


    
    
    
    


    





            

    内饰
        
            
            
        
        5
    
    
    豪华大气，细节到位！材质都是用的母婴级环保材料！没有一丝异味！
    
    
    
    
    


    
    
    
    


    





            

    性价比
        
            
            
        
        4
    
    
    预算在25个w左右的小伙伴们可以入手了啦！鞋子合不合脚只有自己穿了才知道舒不舒服！虽然价格高了那么一丢丢但是魏牌的品控不是一般般牛哦！
    
    
    
    
    


    
    
    
    


    





            
                

    智能化
        
            
            
        
        5
    
    
    这部车值得一说的就是他的驾驶智能辅助系统了！hwa高速智能辅助是全系标配哦！L2.5+级别了！全车九个摄像头总计28个雷达监测设备！不说了只有自己开上了才知道他是那么的香！
    
    
    
    
    


    
    
    
    


    




            

            



        "
宁静毛线球,2022-11-17 首次发表,"
            
                
                    4500km
                    
                    行驶里程
                
                
                
                
                
                    18.5kWh
                    春秋电耗
                
                
                
                
                
                
                    184公里
                    春秋续航
                
                
                
                

                
                
                    24.30万
                    裸车购买价
                
                
                    2022-08
                    购买时间
                
                
                    青岛
                    购买地点
                
            
            
    
        
            
        
        
            
        
        
            
        
    
    

    
        $(document).ready(function () {
            var koubeiid = 4689282;

        });

    


            
                最满意
                续航确实不虚标。配置高，颜值也能打，整体用车成本比较低。尤其是内饰，音箱，做的非常棒。车机系统比较好用。
            
            
                最不满意
                2022年8月份提的车，至今行驶了四千多公里了，已经跑了4次4S店进站维修了。提车至今有如下几个问题：大概提车2周左右时间，发现车机360非常严重，怀疑是厂家赠送的内存卡速率不行，自费更换了高速内存卡，至今只要是内存卡存满后，就会卡顿，提车至今360黑屏死机过两次。低速提示音报警喇叭有异响，低速行驶时，伴随着滴滴滴的正常声音，还有嗡嗡嗡的其他声音，因为需要更换喇叭，4S店没有备件，且低速喇叭声音太吵，后面选择跟4S店的师傅沟通，剪掉了一根喇叭线，现在低速喇叭不响了，虽然多了一个故障灯常亮，不过这个问题不需要再解决了。还有倒车的时候刹车盘异响（后面说）然后时间到了10月16日，一次天气很好的周末，和朋友相约去野炊。车上装好了买车送的桌椅板凳等等，顺路去国网充电桩冲了次电，就出现了这样的情况，车辆趴窝，无法启动，联系厂家道路救援，就是车顶上面的电话，客服竟然让我先到一个程序上绑定信息，再给我联系道路救援。。非常无语后面给4S店联系上了之后，在销售（请注意，不是售后，竟然是销售）的指导下断开了小电瓶连接线，重连之后，车辆才能正常启动，还好车上放着一套工具箱，不然就得叫救援车了，本以为事情解决了，没再理会和朋友野营去了。后面第二天还是第三天晚上，车辆没电了，找了一家充电桩去充电，这次仍然充不进去电，仍然是提示混合动力系统故障，请安全停车。但是好处是没趴窝。除了不能充电，仍然可以烧油跑。第二天随即送到4S店检修，神奇的事情发生了。竟然没有检查出来任何的问题。。折腾了一星期之后，车又开回来了。日子一天天过去了，某一天开车突然发现发动机故障灯变黄了，随即联系4S店，经过和师傅沟通后，熄火，重新启动，故障灯没有了。。暂时没管。。继续开。日子二天天过去了，又有一天，故障灯又变黄了，而且这次故障灯熄火重启之后不会消失；然后又进站维修，顺便让师傅解决一下之前没给解决的倒车刹车盘异响问题，时至今日不止倒车会异响，低速的怠速行驶车辆也会发生异响。后面和师傅沟通后，拆下刹车盘打磨，目前刹车盘异响问题解决了。2022年11月17日，和对象一起上班，她拿着钥匙去单位上班了，我本想着用蓝牙钥匙，就没有带另一把钥匙。结果又出问题了，通过使用魏的APP的车辆控制功能（App中有两种车辆远程操作方式，一种是网络，另一种是蓝牙，通过网络可以开关锁，车门等功能，使用蓝牙可以启动车辆等功能。简单说没有带钥匙只能通过蓝牙启动车辆进行蓝牙连接）尝试了一个小时，反复试过多次，无法连接蓝牙。联系客服后，建议我拆掉电瓶负极之后，再次使用蓝牙钥匙连接车辆。。这次，可以正常连接启动了。应该是车机系统又死机了。截至目前为止，360卡顿情况仍然未解决，4S店说厂家会在12月份推出一个新的软件包，更新后可能会解决问题。。混动模块问题到现在没有找到原因，不敢出远门。想退车还达不到三包标准。。买车的时候，还是建议大家慎重考虑，小问题太多了，而且谁也不会天天带着扳手出门，随时给电瓶断电解决各种奇怪的问题。
            

            

    空间
        
            
            
        
        4
    
    
    空间尚可，第二排放到之后接近纯平，座椅放倒之后，可以把头枕倒过来，可以变成一个小枕头，身高超过165的话躺着可能伸不开腿。
    
    






                

    驾驶感受
        
            
            
        
        5
    
    
    动力很舒适，加速平稳。急加速时，除了1.5T的小发动机嘶吼的声音不是很好听，动力非常够用。
    
    






            

            




            

    续航
        
            
            
        
        5
    
    
    在青岛用车，基本上市区通勤一天80-100公里左右，偶尔跑个高速出出门
    
    





            
            

    外观
        
            
            
        
        4
    
    
    外观说得过去，蓝色的颜色看起来也很好看，阳光下有渐变色的感觉。
    
    





            

    内饰
        
            
            
        
        5
    
    
    整车内饰做工非常细致，包皮也用的非常好，最关键的是整车没有异味。
    
    





            

    性价比
        
            
            
        
        3
    
    
    插混车型确实比较省钱，毕竟续航180 日常可以充电节约油费。
    
    





            
                

    智能化
        
            
            
        
        5
    
    
    功能非常多，辅助驾驶和自动泊车功能再同类和更高级的车相比做的算好的。智能化程度没有太大问题。
    
    




            

            



        "
喜欢它的气候,2023-05-23 首次发表,"
            
                
                    1580km
                    
                    行驶里程
                
                
                    6.0L
                    百公里油耗
                
                
                
                
                    22.5kWh
                    春秋电耗
                
                
                
                
                
                
                    150公里
                    春秋续航
                
                
                
                

                
                
                    26.35万
                    裸车购买价
                
                
                    2023-04
                    购买时间
                
                
                    马鞍山
                    购买地点
                
            
            
    
    

    
        $(document).ready(function () {
            var koubeiid = 4974186;

        });

    


            
                最满意
                开车让我最满意的是动力方面，提速效果方面特别好，超车也是非常给力的，并且这款车的空间也大，后排的位置相当宽裕，乘坐起来不顶头有一个舒服的座椅，让开车和乘坐的人都觉得是非常舒适的。
            
            
                最不满意
                对于这样的一台车的用车情况来看的话，我觉得就是新车在内饰材质方面味道还是有点大的，感觉有点刺鼻难闻的气味。
            

            

    空间
        
            
            
        
        5
    
    
    空间我个人觉得是非常好，乘坐起来非常舒服，前排的位置坐上坐起来不顶头，腿部有活动的空间，后排的位置也相当好，家人乘坐和朋友乘坐都夸赞坐着舒服。
    
    






                

    驾驶感受
        
            
            
        
        5
    
    
    这个车驾驶起来提速方面也是非常不错的，方向盘很舒适也很灵敏，踩油门的时候推背感的效果也特别好。
    
    






            

            




            

    续航
        
            
            
        
        5
    
    
    这是一台油电混合的车型，可以用油，也可以用电，非常方便，没有那种纯电车的续航担忧，也没有燃油车对油耗的心疼，反正就是开起来是比较省钱的，也是长久算下来，嗯非常适合家用的一台混动车。
    
    





            
            

    外观
        
            
            
        
        5
    
    
    在车的外形看上去也是挺霸气的，整个线条的一个设计，感觉都让人感觉很精神，侧面看上去比较饱满很运动，尾部和车头都比较协调，看上去很舒服的一个车。
    
    
    
    
    


    
    
    
    


    
    
    
    


    





            

    内饰
        
            
            
        
        4
    
    
    类似这样的材质看上去我觉得是有点差了，就是新车提车现在的味道还是比较大，是这个车子从设计方面我觉得是非常好看的，现在比较豪华大气，尤其是在颜色搭配上面就比较显高级。
    
    
    
    
    


    
    
    
    


    





            

    性价比
        
            
            
        
        5
    
    
    昨晚做的几个性价比方面，我个人觉得非常好，买的是顶配的，个人觉得从这个价格和实用方面来说非常值得，这个价格也和同级别的车相比较的话，这款车也确实比较有优势。
    
    





            
                

    智能化
        
            
            
        
        5
    
    
    因为我自己也比较注重配置方面，所以直接入手的顶配可以说功能方面全部非常智能，语音识别率也相当好，手机APP也可以控制车辆提前打开空调等等等的功能非常方便。
    
    




            

            



        "
肇庆车友6104797,2023-05-19 首次发表,"
            
                
                    2730km
                    
                    行驶里程
                
                
                
                
                
                
                
                
                
                
                
                
                

                
                
                    22.38万
                    裸车购买价
                
                
                    2023-04
                    购买时间
                
                
                    中山
                    购买地点
                
            
            
    
        
            
        
    
    

    
        $(document).ready(function () {
            var koubeiid = 4967983;

        });

    


            
                最满意
                最满意拿铁DHT的外观了，时尚大气又不失个性的感觉，尤其在我眼里，他算是同级别当中颜值较高的一个了，很合我眼缘。
            
            
                最不满意
                舒适性只能算是一般吧，主要是减震效果不够给力，过个减速带颠簸感比较大。
            

            

    空间
        
            
            
        
        5
    
    
    乘坐空间够大，坐在里面无论头部还是腿部，都能有充足的活动空间,车内也有很多储物格，手机也好,钱包也好，轻松存放，后备箱放三个行李箱也是可以的。
    
    
    
    
    


    
    
    
    


    






                

    驾驶感受
        
            
            
        
        5
    
    
    动力表现还是挺强的，随叫随到，驾驶体验挺爽的，起步、加速都能感受到它充沛的动力输出，反正我在高速上跑也不担心动力会不足。
    
    






            
                

    操控
        
            
            
        
        5
    
    
    操控很棒，方向盘的轻重合理，指向明确，刹车反应也够灵敏，另外驾驶辅助配置也足够全面。
    
    




            

            




            

    续航
        
            
            
        
        5
    
    
    混动模式下开下来还是很经济的，耗电量并不高，而且油耗也很低，如果驾驶习惯比较好，我估计还能更加节省
    
    





            
                

    舒适性
        
            
            
        
        4
    
    
    新车没有什么异味，不会感觉到闷和压抑，空调的制冷效果也很及时，只是减震效果确实是稍微差了那么一点。
    
    




            
            

    外观
        
            
            
        
        5
    
    
    造型设计的很帅气吸睛，符合我们全家人的审美，开这个车出去辨识度够高，也不会掉面子。
    
    
    
    
    


    
    
    
    


    
    
    
    


    





            

    内饰
        
            
            
        
        5
    
    
    内饰很精致，科技感也很强，很多地方都覆盖了软性材质， 而中控台的部分我个人也是比较喜欢的。
    
    
    
    
    


    
    
    
    


    
    
    
    


    





            

    性价比
        
            
            
        
        5
    
    
    综合性价比挺高的，我觉得很值得选择，用成本确实要比一般燃油车省钱不少。
    
    
    
    
    


    
    
    
    


    
    
    
    


    





            

            
                



            



        "
江南panda,2023-05-04 首次发表,"
            
                
                    3032km
                    
                    行驶里程
                
                
                    5.2L
                    百公里油耗
                
                
                
                
                
                
                    15.0kWh
                    冬季电耗
                
                
                
                
                
                
                     220公里
                     冬季续航
                
                

                
                
                    19.40万
                    裸车购买价
                
                
                    2023-04
                    购买时间
                
                
                    深圳
                    购买地点
                
            
            
    
        
            
        
    
    

    
        $(document).ready(function () {
            var koubeiid = 4943104;

        });

    


            
                最满意
                1.空间大，外观大气
2.L2.5级别的自动驾驶，缓解了长途疲劳
3.隔音不错，主动降噪让车内非常安静
4.燕飞利仕的音响，低音很足。音响效果非常不错
5.纯电续航达成率110%，这点是其他品牌所不具备的
6.车内味道很小，还有淡淡清香，这点非常NICE
            
            
                最不满意
                1.白瞎了燕飞利仕的音响，车机这次的QQ音乐简直是垃圾
2.后门与轮拱的位置，是灰尘的主要来源，这点有待改进
3.封闭的车机系统，非常不爽
4.按摩装置是鸡肋，隔靴抓痒
5.自带的ETC装置，只支持储蓄卡版本，不支持信用卡，这点超级不爽。
6.驾驶选择车道居中或者车道保持，会有时刻抢夺方向盘的感觉。
            

            

    空间
        
            
            
        
        5
    
    
    宽敞，透亮。最喜欢的就是全景天窗了。大晚上和女友坐车里，打开遮阳帘，实现看星星✨自由
    
    
        ☆ 空间设计亮点
        空调很大，储物空间很足。
        
        
    






                

    驾驶感受
        
            
            
        
        5
    
    
    2.5的自动驾驶，简单易用，上手快，识别率高。
    
    






            

            




            

    续航
        
            
            
        
        5
    
    
    续航还是非常不错的，达成率妥妥超过100%
    
    
        表显续航准确性
        表显的里程少，后面越跑越多，这设计，逻辑有点看不懂呀
        
        
    
    
    
    


    
        充电时间
        家用充电桩，34.5度电，大概4小时就充满了
        
        
    





            
            

    外观
        
            
            
        
        5
    
    
    外观可圈可点。
    
    
    
    
    


    
        车身做工
        做工不错，唯一要改进的就是后门与轮拱的位置，是敞开的，这是目前发现唯一一个最脏的地，特别是大雨天过后。
        
        
    
        车尾造型
        车尾非常厚重，大气。
        
        
    





            

    内饰
        
            
            
        
        5
    
    
    内饰用料很扎实，新车没啥味道。唯一不足的是我的全黑内饰，在深圳的大热天，确实有点热。
    
    
        内饰用料
        内饰不错，对得起国产车20万价格的用料。
        
        
    
        空调效果
        空调不智能。冷得很快。如果常时间在原地吹空调，会出现忽冷忽热的现象。
        
        
    
        座椅舒适性
        座椅软硬刚好。前排还有通风制冷加热的功能，这点对于在深圳的我来说，非常非常实用
        
        
    
        第二排舒适性
        座椅不错，我家人没有大个子的，乘坐非常巴适。靠背还能调节，这点非常nice
        
        
    
        ☆ 氛围灯效果
        氛围非常不错。会随着车道预警而一起预警。会随着音乐的节奏自动变幻，这点非常高级。
        
        
    
        座椅加热
        前排支持座椅加热，但是我应该用不上。
        
        
    
        座椅通风
        前排两个座椅支持座椅通风，这点非常非常好。
        
        
    





            

    性价比
        
            
            
        
        5
    
    
    性价比非常高。虽然起售价很高，但是吧，我买的时候优惠也很大。
    
    
        购车优惠
        价格全广东最低。可喜的是在之家申请了优惠，也一并给我了。大大的惊喜。
        
        
    





            
                

    智能化
        
            
            
        
        5
    
    
    配置拉满，这是国产车的特点也是优点。希望再耐用一点。
    
    
        App远程控制
        远程控制空调，每次上车前，已经把空调打开，上车就凉快，非常安逸。
        
        
    
        语音交互准确度
        语音准确率很高，唯一的就是感觉它在监听。而且这个语音吧，容易把说话的当成导航目的地自动切换了。
        
        
    
        OTA更新体验
        没更新。每次都是回去店里升级的，不知道存在的意义是啥。
        
        
    
        车机功能及流畅度
        屏幕很大，分辨率也够用。唯一不爽的是封闭的系统，不能下载自己想要的app
        
        
    
        自动泊车智能程度
        这是新手神器。体验了一把，确实非常不错
        
        
    
        面部识别便利性
        这个仁者见仁智者见智吧，我个人觉得不爽，时刻有人在盯着你。
        
        
    
        手机无线充电便利性
        充电很快，缺点是容易过热，如果里面有吹风就完美了。
        
        
    
        车载导航实用性
        车载导航是高德的，不知道为何，数据与手机版不能同步。郁闷中。
        
        
    
        360全景影像实用性
        新手神器，非常不错
        
        
    
        HUD抬显实用性
        白天有点刺眼，习惯就好。
        
        
    




            

            



        "
茂名车友6694163,2023-03-17 首次发表,"
            
                
                    3640km
                    
                    行驶里程
                
                
                
                
                
                    18.0kWh
                    春秋电耗
                
                
                
                
                
                
                    180公里
                    春秋续航
                
                
                
                

                
                
                    24.30万
                    裸车购买价
                
                
                    2022-12
                    购买时间
                
                
                    佛山
                    购买地点
                
            
            
    
        
            
        
        
            
        
        
            
        
        
            
        
    
    

    
        $(document).ready(function () {
            var koubeiid = 4866861;

        });

    


            
                最满意
                最满意的就是颜值好看，造型非常酷炫，车头造型好看，大灯辨识度高，开着非常帅气。轮毂也是非常时尚，开着运动感十足。
            
            
                最不满意
                开着没有什么问题，就是之前开轿车开习惯了刚入手的时候还有点不适应，驾驶起来没有轿车开着溜吧。
            

            

    空间
        
            
            
        
        5
    
    
    空间很大，乘坐空间大，坐着一点不压抑，头顶的空间都还有2拳的距离。车内的储物空间设计很好，门板储物格位置也够用，前后都有放水杯的位置，扶手箱容积也大，我常用的小东西都是放在里面在。
    
    






                

    驾驶感受
        
            
            
        
        5
    
    
    驾驶感受还可以，开空调效果还可以，对动力也没有什么影响，开着加速推背感也强，超车都没有什么问题。
    
    






            

            




            

    续航
        
            
            
        
        5
    
    
    续航还可以，充满电后管的时间还是蛮长的，比起燃油车费用便宜多了，尤其是市区开电耗损耗比较低，开空调的话稍稍高一点。算下来基本上比之前开的车便宜了一半，每个月费用都减少很多，开着还是挺实惠的。
    
    





            
            

    外观
        
            
            
        
        5
    
    
    外观很满意，颜值好看，车身运动感十足，开着非常帅气。
    
    





            

    内饰
        
            
            
        
        5
    
    
    内饰设计的很豪华，车内座椅材质软，前后排乘坐的舒适性也要高多了，还有前面主副驾还有座椅加热功能，冷天用着很方便。车内的隔音效果也棒，启动车子后坐在里面都感觉没有什么噪音，开着胎噪和风噪都比较小。
    
    





            

    性价比
        
            
            
        
        4
    
    
    性价比还行，购车价格也很合适，空间很大，乘坐上很有优势，出行游玩一家三口坐着也舒服。在就是品牌很好，哈弗的牌子也是知名度很高的，质量方面很棒，开着安全感十足。
    
    





            
                

    智能化
        
            
            
        
        5
    
    
    配置很高，功能我觉得够用了，实用性非常高。
    
    




            

            



        "
c灵魂py4,2023-03-17 首次发表,"
            
                
                    1386km
                    
                    行驶里程
                
                
                
                
                
                    17.0kWh
                    春秋电耗
                
                
                
                
                
                
                    150公里
                    春秋续航
                
                
                
                

                
                
                    26.30万
                    裸车购买价
                
                
                    2023-02
                    购买时间
                
                
                    黄石
                    购买地点
                
            
            
    
        
            
        
        
            
        
        
            
        
        
            
        
        
            
        
        
            
        
    
    

    
        $(document).ready(function () {
            var koubeiid = 4866849;

        });

    


            
                最满意
                最满意的就是有了属于自己的第一辆车，以后代步方便了，一家三口出行就要轻松不少了，去年眼见着要过年了，买车肯定是主要，我可不想回去了还蹭亲戚车，有自己的车了出门也方便，走亲戚一家五口来回都简单。
            
            
                最不满意
                最不满意的就是新手上手不太适应，第一辆车，自己技术也不是很好，尤其是倒车的时候心惊胆战的，好在功能够多，辅助上有点帮助。
            

            

    空间
        
            
            
        
        5
    
    
    空间够用，坐进去后没有一点拥挤感，前后乘坐都很宽松。尤其是后排显得空间超大的，坐在后面我173的个头都可以随意的翘二郎腿，膝盖隔前面都还有不少位置，出行满座下肯定够用，储物能力也不错，小点的东西常用到的东西就放扶手箱里就可以了，大点的装后备箱。
    
    






                

    驾驶感受
        
            
            
        
        5
    
    
    动力很好，提速表现很好，加速的时候也有力，开着超车非常快。
    
    






            

            




            

    续航
        
            
            
        
        5
    
    
    油耗很低，看开什么路况，跑高速可以说是最省油的。
    
    





            
            

    外观
        
            
            
        
        5
    
    
    外观很满意，造型设计很有个性，尤其是车身线条流畅，车头大灯设计也好看，开着回头率非常高。
    
    





            

    内饰
        
            
            
        
        5
    
    
    内饰设计中规中矩的，多功能方向盘看着很舒服，实用性也高，驾驶中切换歌曲以及开一些功能可以直接用多功能方向盘来控制的。
    
    





            

    性价比
        
            
            
        
        5
    
    
    性价比很高了，车子品牌不错，质量上很好，售后方面基本上不用担心。
    
    





            
                

    智能化
        
            
            
        
        5
    
    
    别的不说就配置而言绝对是非常高的，实用性也好，操作上很有帮助。最喜欢的就是360全景影像，本就是新手，倒车没有全景辅助还真不行，SUV大一些，停车周边都要观察到。
    
    




            

            



        "
荆州车友9595222,2023-03-11 首次发表,"
            
                
                    1480km
                    
                    行驶里程
                
                
                
                
                
                    17.0kWh
                    春秋电耗
                
                
                
                
                
                
                    155公里
                    春秋续航
                
                
                
                

                
                
                    26.30万
                    裸车购买价
                
                
                    2023-01
                    购买时间
                
                
                    荆州
                    购买地点
                
            
            
    
        
            
        
        
            
        
        
            
        
        
            
        
        
            
        
    
    

    
        $(document).ready(function () {
            var koubeiid = 4858100;

        });

    


            
                最满意
                最满意的就是拿铁DHT-PHEV的配置很高，外观设计很时尚，前脸的造型好看，而且实用性好，内部空间大，乘坐无忧。
            
            
                最不满意
                也没有什么不满意的，要我说这个价位的车能做到这样不错了。
            

            

    空间
        
            
            
        
        5
    
    
    空间上很理想，前后排的乘坐间距开，一家三口用车完全没有问题，就是满座五人也不会有拥挤感。后备箱容积也还可以，出行装东西够了。
    
    






                

    驾驶感受
        
            
            
        
        5
    
    
    动力够用，我就家用为主，提速方面也快，满座下开着也不吃力，正常超车也是很有自信的。车子也好开，方向盘很灵活，转向时力度很轻。
    
    






            

            




            

    续航
        
            
            
        
        5
    
    
    油耗很低，这个级别车排量也不大，居家出行够用就可以，开着也省油，每月开资要小多了。
    
    





            
            

    外观
        
            
            
        
        5
    
    
    外观很霸气，SUV看着就显大，车头设计中网还有大灯都好看，漆面的颜色也正，光泽度又高，开着回头率杠杠的。
    
    





            

    内饰
        
            
            
        
        5
    
    
    内饰很棒，座进去后的第一感很好，都很舍得用的软材质包裹，整车的座椅材质用料都很好，乘坐的舒适度也高。
    
    





            

    性价比
        
            
            
        
        4
    
    
    我用车目标还是很明确的，首选就是价位合适的，内部空间稍稍宽敞一点，所以直接看的SUV，对居家来说轿车还是没有SUV内部显得宽敞，一家老小乘坐出门都要自由一点。其次就是拿铁DHT-PHEV的外观我很喜欢，颜值对同级别车来说还是很高的，造型设计也很时尚，尤其是大灯真是炫酷。况且哈弗的品牌也不错，老牌子了不管是做工上还是质量方面我觉得都是信的过的。
    
    





            
                

    智能化
        
            
            
        
        5
    
    
    配置比预期的理想多了，本来车价就不高，没指望有这么多功能的，像语音交互，车机等等我觉得实用性都是非常高的。
    
    




            

            



        "
陈哥爱自驾,2022-09-06 首次发表,"
            
                
                    4200km
                    
                    行驶里程
                
                
                    7.0L
                    百公里油耗
                
                
                
                
                    26.0kWh
                    春秋电耗
                
                
                
                
                
                
                    155公里
                    春秋续航
                
                
                
                

                
                    148公里
                    冬季续航
                
                
                    25.00万
                    裸车购买价
                
                
                    2022-08
                    购买时间
                
                
                    福州
                    购买地点
                
            
            
    
    

    
        $(document).ready(function () {
            var koubeiid = 4570284;

        });

    


            
                最满意
                5.2秒百公里加速，配置拉满，内饰豪华，环保座仓，行驶品质好，智能化程度高，支持快充、纯电续航长、全速域能耗表现优秀，吃92号粗粮，用车成本低，同级性价比突出。目前用油较少，这里主要谈电耗，日常驾驶，可以达到官方标称纯电155公里（四驱）无压力，再佛系一点，甚至会超过官方155公里不少，百公里电耗可以轻松达到官方标称的百公里20度左右。
但我有时会小激情一下，电耗可以翻倍到接近40度/百公里。目前主要补能用家充，电费很便宜，翻倍也就2毛多一公里，不必委屈自己，想激情放飞一下的时候，地板电走起～
            
            
                最不满意
                车机交互不友好，界面功能布局不合理
举例：涉水模式、动态方向稳定辅助DTS，目前放在常用里，试问谁常用？99%的人可能一辈子都不会用到
            

            

    空间
        
            
            
        
        5
    
    
    空间同级中规中矩，足够家用，腿部空间充裕，后备箱也够用。
    
    






                

    驾驶感受
        
            
            
        
        4
    
    
    动力强劲，动力随叫随到，前段悬挂软，中后段支撑性十足。
    
    






            

            




            

    续航
        
            
            
        
        5
    
    
    可以达成官方标称续航，甚至更多，反向虚标除了长城没谁了
    
    





            
            

    外观
        
            
            
        
        3
    
    
    外管马马虎虎吧，看罗卜白菜，各有所爱，应该属于小众喜欢类型
    
    
    
    
    


    
    
    
    


    
    
    
    


    





            

    内饰
        
            
            
        
        3
    
    
    内饰豪华，用料环保，首批环保座舱认证，对儿童考虑充分，生命体征监测非常给力。
    
    
    
    
    


    
    
    
    


    
    
    
    


    





            

    性价比
        
            
            
        
        5
    
    
    同级别性价比非常高，DHT综合能耗比较低，纯电续航比较长。
    
    
    
    
    


    
    
    
    


    
    
    
    


    





            
                

    智能化
        
            
            
        
        3
    
    
    车机交互设计一般，需要升级
    
    
        OTA更新体验
        目前还没有OTA升级过
        
        
    




            

            



        "
拿铁0539,2022-08-12 首次发表,"
            
                
                    2400km
                    
                    行驶里程
                
                
                
                
                
                
                    22.0kWh
                    夏季电耗
                
                
                
                
                
                
                    180公里
                    夏季续航
                
                
                

                
                
                    24.30万
                    裸车购买价
                
                
                    2022-07
                    购买时间
                
                
                    济南
                    购买地点
                
            
            
    
        
            
        
    
    

    
        $(document).ready(function () {
            var koubeiid = 4526895;

        });

    


            
                最满意
                续航:
纯电能跑180公里，没有虚标，隔音降噪挺好，对于小的坑坑洼洼滤震不错。

动力:虽然是两驱，但是动力随叫随有，没有迟滞，这点比较满意。

内饰:软包不错，用料比较好，不到一周，车内就没有味道了。

音响效果也不错。

智能驾驶:
这方面长城不输新势力，高速上使用比较爽，但是也不能太放肆，还得看着路。

配置:
各种配置基本上拉满了，因为想尽快拿到车，所以没有选装电控悬架和流媒体后视镜。
            
            
                最不满意
                中控华而不实，那个控制空调，座椅的屏幕就是多余了，还耽误放东西，增加成本。

后备箱有点小，而且略高，隔板下面没有空间放东西，也没法把遮物帘放在隔板下面。

价格贵了，如果4驱的25万就买四驱的了。

车机还得需要优化，有时候360都卡顿，白瞎了8155车机芯片。
            

            

    空间
        
            
            
        
        4
    
    
    家里几口人，出去玩比较宽敞。
    
    
    
    
    


    
        乘坐空间
        身高174，体重90公斤，觉得比较宽敞
        
        
    
        储物空间
        前面门板放四瓶水可以，后面门板三瓶水。后备箱比h6略小。
        
        
    
        全家出游时
        我开车，后面是媳妇和孩子。所以后排空间可以。
        
        
    






                

    驾驶感受
        
            
            
        
        4
    
    
    高速提速可以，毕竟发动机是可以直驱，还有两档变速箱
    
    
        跑高速
        因为发动机直驱，所以跑高速轻松提速到120
        
        
    
        动力平顺性
        平顺，加速线性，即使发动机介入了，也很平顺。
        
        
    






            

            




            

    续航
        
            
            
        
        5
    
    
    能耗：目前跑了一箱油，其余都是纯电，安装了充电桩不舍得用油了，觉得用油太贵了。
上一箱油，大约百公里7个油，纯电市区全程空调情况下，22度/百公里。
电池续航：市区纯电续航是准确的，高速，120的速度，全程空调，大约可以跑140公里，达成率比较满意。
    
    





            
            

    外观
        
            
            
        
        5
    
    
    外观比较耐看吧
    
    
    
    
    


    
    
    
    


    
    
    
    


    
        做工车漆
        车漆比较漂亮，但是估计补漆就会有色差
        
        
    
    
    
    


    
        车灯设计
        车灯比较好看，我也不是很前卫的人，所以觉得可以的
        
        
    
    
    
    


    





            

    内饰
        
            
            
        
        4
    
    
    基本上都是软的，可以。而且都是缝线，显得有档次，但是怕是不好打理。
    
    
    
    
    


    
    
    
    


    
    
    
    


    
        手感材质
        做工也可以
        
        
    





            

    性价比
        
            
            
        
        3
    
    
    预算25，想着能上四驱，结果，有点意外，上了超大杯两驱，24.3，配置够用了，但是担心出去玩两驱有时候不够用。
轮胎不错，米其林的。
    
    
    
    
    


    
        标配配置
        中控屏幕鸡肋，华而不实
        
        
    
    
    
    


    





            
                

    智能化
        
            
            
        
        5
    
    
    这点挺好，智能化比较满意，要是能有摩卡的抬头显示更好了。
    
    
    
    
    


    




            

            



        "
耿小尛,2023-05-30 首次发表,"
            
                
                    7887km
                    
                    行驶里程
                
                
                    7.5L
                    百公里油耗
                
                
                
                
                    22.0kWh
                    春秋电耗
                
                
                
                
                
                
                    160公里
                    春秋续航
                
                
                
                

                
                    150公里
                    冬季续航
                
                
                    20.00万
                    裸车购买价
                
                
                    2023-03
                    购买时间
                
                
                    兰州
                    购买地点
                
            
            
    
    

    
        $(document).ready(function () {
            var koubeiid = 4987010;

        });

    


            
                最满意
                加速平稳提速快发动机介入没有任何感觉，180公里内不用油确实省钱，智慧巡航让我出门最为满意。
            
            
                最不满意
                底盘太硬，车机不能互联，后排座椅不能放平。
            

            

    空间
        
            
            
        
        4
    
    
    座椅还可以，后排座椅空间多少有点小。
    
    






                

    驾驶感受
        
            
            
        
        4
    
    
    加速平稳提速快，智慧巡航给力。
    
    






            

            




            

    续航
        
            
            
        
        4
    
    
    我给人感觉城市180公里纯电续航很给力，不担心跑一天用油介入。
    
    





            
            

    外观
        
            
            
        
        4
    
    
    外观前面还可以，两侧还行，后面有点传统话。
    
    





            

    内饰
        
            
            
        
        4
    
    
    做工精细挺满意
    
    





            

    性价比
        
            
            
        
        5
    
    
    第一国产车配置齐全配置最高，保养成本低，这个配置价位最低。
    
    





            
                

    智能化
        
            
            
        
        4
    
    
    车机互联功能不好，不能车机互联，地图没有充电桩指示。
    
    
        车载导航实用性
        定位不是很准，跑高速提示加油没有提示前方充电桩，对于电混车地图用的是油车地图。
        
        
    
        OTA更新体验
        没有更新过也没有任何体验，不知道什么时候更新。
        
        
    




            

            



        "
的风格让他有吧,2023-04-06 首次发表,"
            
                
                    1350km
                    
                    行驶里程
                
                
                
                
                
                    19.8kWh
                    春秋电耗
                
                
                
                
                
                
                    140公里
                    春秋续航
                
                
                
                

                
                
                    24.30万
                    裸车购买价
                
                
                    2023-03
                    购买时间
                
                
                    武汉
                    购买地点
                
            
            
    
    

    
        $(document).ready(function () {
            var koubeiid = 4896842;

        });

    


            
                最满意
                这个车确实很漂亮，开出去显得非常有气质，车子的使用成本也很低，内饰也很精致，坐在车内心情都很舒畅。
            
            
                最不满意
                暂时没有不满意的，我感觉这个车的各方面都还比较好。
            

            

    空间
        
            
            
        
        5
    
    
    这个车的乘坐空间很大，一家人日常坐在这个车内出行都是很方便的。
    
    






                

    驾驶感受
        
            
            
        
        5
    
    
    驾驶感受还是很好的，车子的马力充足，踩油门的时候车身反应也很快。
    
    






            

            




            

    续航
        
            
            
        
        5
    
    
    油耗确实很低，平均油耗还不足六升，一点压力都没有。
    
    





            
            

    外观
        
            
            
        
        5
    
    
    这个外观是我喜欢的风格，设计的非常时尚，给人的感觉很上档次。
    
    





            

    内饰
        
            
            
        
        5
    
    
    内饰的确很漂亮，很多地方都是软材质，摸起来非常的舒服。
    
    





            

    性价比
        
            
            
        
        5
    
    
    性价比这一块还是很好的，这个车的价格不算高，但是实力还是非常的强。
    
    





            
                

    智能化
        
            
            
        
        5
    
    
    这个车的配置我是非常中意的，很多智能化的配置感觉爽歪歪。
    
    




            

            



        "
你心海溺于j,2023-04-06 首次发表,"
            
                
                    2045km
                    
                    行驶里程
                
                
                
                
                
                    16.0kWh
                    春秋电耗
                
                
                
                
                
                
                    184公里
                    春秋续航
                
                
                
                

                
                
                    24.30万
                    裸车购买价
                
                
                    2023-01
                    购买时间
                
                
                    重庆
                    购买地点
                
            
            
    
    

    
        $(document).ready(function () {
            var koubeiid = 4896307;

        });

    


            
                最满意
                拿铁DHT-PHEV舒适度很高，内部的隔音效果做的很出色，启动都没有什么噪音。
            
            
                最不满意
                最不喜欢的就是外观颜色没选好，不耐脏，洗车没两天就感觉很脏了。
            

            

    空间
        
            
            
        
        5
    
    
    空间有点优势，我177的身高坐着都显得很宽敞，顶部间隔还比较大。
    
    






                

    驾驶感受
        
            
            
        
        5
    
    
    驾驶感超好，开着顺手功能又多操作上很有帮助。
    
    






            

            




            

    续航
        
            
            
        
        5
    
    
    续航很精准，油耗也是很低，综合跑平均下来6L左右。
    
    





            
            

    外观
        
            
            
        
        5
    
    
    外观帅气，车身线条流畅，特别车头设计辨识度很高。
    
    





            

    内饰
        
            
            
        
        5
    
    
    内饰颜色好看，材质用料以及搭配上都很出色，还有氛围灯车内的夜间有着温馨的效果。
    
    





            

    性价比
        
            
            
        
        5
    
    
    性价比很好，混动车油耗又低，品牌好，售后上很有保障。
    
    





            
                

    智能化
        
            
            
        
        5
    
    
    驾驶起来很轻松，支持的功能多，功能的实用性也好。
    
    




            

            



        "
舜风一起至e,2023-04-06 首次发表,"
            
                
                    2410km
                    
                    行驶里程
                
                
                
                
                
                    17.0kWh
                    春秋电耗
                
                
                
                
                
                
                    180公里
                    春秋续航
                
                
                
                

                
                
                    24.30万
                    裸车购买价
                
                
                    2023-01
                    购买时间
                
                
                    宁波
                    购买地点
                
            
            
    
    

    
        $(document).ready(function () {
            var koubeiid = 4896145;

        });

    


            
                最满意
                油耗最满意，这也是自己很庆幸的选择了混动车，比自己的预期中的费用节省不少。
            
            
                最不满意
                车子质量上没有什么问题，唯一还是我们这小城市充电桩位置少了点。
            

            

    空间
        
            
            
        
        5
    
    
    对我来说拿铁DHT-PHEV的空间很大，我前后都感受过，坐着宽敞。
    
    






                

    驾驶感受
        
            
            
        
        5
    
    
    动力就看自己怎么驾驶了，激情点大油门开着推背感十足。
    
    






            

            




            

    续航
        
            
            
        
        5
    
    
    我们这小城市就是充电桩少了点，至于车子续航还是很标准，油耗方面也节省很多。
    
    





            
            

    外观
        
            
            
        
        5
    
    
    外观挺耐看的，车头前脸设计很大气，LED灯白天夜间看着都很酷炫。
    
    





            

    内饰
        
            
            
        
        5
    
    
    内饰设计成这样挺不错的了，精致有档次，屏幕也大气，自己用着都很舒服。
    
    





            

    性价比
        
            
            
        
        5
    
    
    买车前就是看着性价比高，价格很便宜，又是混动车油耗也低，居家用很合适。
    
    





            
                

    智能化
        
            
            
        
        5
    
    
    买的配置还是很高的，需要的功能都有，全景影像，远程控制都是支持的。
    
    




            

            



        "
隐藏不心动w,2023-04-04 首次发表,"
            
                
                    4200km
                    
                    行驶里程
                
                
                
                
                
                    16.7kWh
                    春秋电耗
                
                
                
                
                
                
                    180公里
                    春秋续航
                
                
                
                

                
                
                    24.30万
                    裸车购买价
                
                
                    2022-11
                    购买时间
                
                
                    成都
                    购买地点
                
            
            
    
    

    
        $(document).ready(function () {
            var koubeiid = 4893287;

        });

    


            
                最满意
                拿铁DHT-PHEV的功能很多，操作很轻松，特别跑高速都不觉得累。
            
            
                最不满意
                用车唯独就觉得内部的储物格空间少了点，车内扶手箱和手套箱都装满了小东西。
            

            

    空间
        
            
            
        
        5
    
    
    紧凑型SUV内部的乘坐空间是很充足，不过车内的储物格还是少了点。
    
    






                

    驾驶感受
        
            
            
        
        5
    
    
    1.5T，156马力基本上够用，混合动了起步上快，开着没有迟滞感。
    
    






            

            




            

    续航
        
            
            
        
        5
    
    
    续航够用，我一般就是城区开为主，出门也不多，目前平均油耗5.8L。
    
    





            
            

    外观
        
            
            
        
        5
    
    
    外观很大气，中网和LED日间行车灯设计好看，做工上也好，车子开着很结实。
    
    





            

    内饰
        
            
            
        
        5
    
    
    内饰设计豪华，9.2英寸的液晶仪表盘看着挺上档次的。
    
    





            

    性价比
        
            
            
        
        5
    
    
    性价比很高，整体舒适性好，颜值高，内部乘坐空间很大。
    
    





            
                

    智能化
        
            
            
        
        5
    
    
    功能就全景影像，语音功能，还有远程操控，自适应巡航用的多点。
    
    




            

            



        "
没有心情去造梦,2023-03-23 首次发表,"
            
                
                    1730km
                    
                    行驶里程
                
                
                
                
                
                    17.0kWh
                    春秋电耗
                
                
                
                
                
                
                    150公里
                    春秋续航
                
                
                
                

                
                
                    26.30万
                    裸车购买价
                
                
                    2023-01
                    购买时间
                
                
                    合肥
                    购买地点
                
            
            
    
    

    
        $(document).ready(function () {
            var koubeiid = 4876007;

        });

    


            
                最满意
                拿铁DHT-PHEV的配置很丰富，功能多操控上好，新能源又省油。
            
            
                最不满意
                最不满意的就是刚上手有点不适应，老喜欢大油门。
            

            

    空间
        
            
            
        
        5
    
    
    空间很大，拿铁DHT-PHEV内部乘坐间隔开，满座下都还很宽敞。
    
    






                

    驾驶感受
        
            
            
        
        5
    
    
    驾驶感很好，起步非常快，跑高速的时候推背感也强。
    
    






            

            




            

    续航
        
            
            
        
        5
    
    
    目前开着还行，续航也很合理，充电时间不长，晚上充也不费事。
    
    





            
            

    外观
        
            
            
        
        5
    
    
    外观很帅气，车身漆面不错，厚实，亮度也高。
    
    





            

    内饰
        
            
            
        
        5
    
    
    内饰很大方，车内的软材质包裹的多，还有氛围灯设计很有档次。
    
    





            

    性价比
        
            
            
        
        5
    
    
    混动车性价比还是很高的，配置方面也高，续航也不错，最主要的性能很好。
    
    





            
                

    智能化
        
            
            
        
        5
    
    
    智能化不错，车机功能也好，还有语音交互的精准度很高。
    
    




            

            



        "
阁楼上的水人泪流,2023-03-23 首次发表,"
            
                
                    2400km
                    
                    行驶里程
                
                
                
                
                
                    18.0kWh
                    春秋电耗
                
                
                
                
                
                
                    180公里
                    春秋续航
                
                
                
                

                
                
                    24.30万
                    裸车购买价
                
                
                    2023-01
                    购买时间
                
                
                    常州
                    购买地点
                
            
            
    
    

    
        $(document).ready(function () {
            var koubeiid = 4875694;

        });

    


            
                最满意
                拿铁DHT-PHEV实用性好，出行也方便，混动车开着省油。
            
            
                最不满意
                质量上没问题，就是颜色没选好，有点不耐脏。
            

            

    空间
        
            
            
        
        5
    
    
    空间很棒，乘坐空间很大，坐着非常宽敞，后备箱居家够用。
    
    






                

    驾驶感受
        
            
            
        
        5
    
    
    驾驶感好，操控上也很轻松，方向盘很灵活，指向精准。
    
    






            

            




            

    续航
        
            
            
        
        5
    
    
    基本上没有续表，纯电模式下和续航差不多，而且充电也方便，最重要的是省油。
    
    





            
            

    外观
        
            
            
        
        5
    
    
    外观很帅气，LED日间行车灯很有特色，车身做工也好，开着回头率高。
    
    





            

    内饰
        
            
            
        
        5
    
    
    内饰的异味不大，材质用料还是比较环保的，质感也好，软材质摸着很舒服。
    
    





            

    性价比
        
            
            
        
        5
    
    
    性价比很高，价格合适，还送了点小礼品，销售服务态度不错。
    
    





            
                

    智能化
        
            
            
        
        5
    
    
    整车用着功能还可以，挺智能化的，操作上又简洁。
    
    




            

            



        "
LeoHe4226,2023-02-27 首次发表,"
            
                
                    600km
                    
                    行驶里程
                
                
                    6.0L
                    百公里油耗
                
                
                
                
                
                
                    15.0kWh
                    冬季电耗
                
                
                
                
                
                
                     184公里
                     冬季续航
                
                

                
                
                    24.30万
                    裸车购买价
                
                
                    2023-02
                    购买时间
                
                
                    深圳
                    购买地点
                
            
            
    
    

    
        $(document).ready(function () {
            var koubeiid = 4840050;

        });

    


            
                最满意
                #用车感受（参与） 先说下购车背景：坐标深圳。工作原因平时用车比较少，所以对买车也比较佛系，可有可无。之前一直不看好新能源车，纯电有续航焦虑，混动驾驶体验不大好（19年开了小半年公司的车，比亚迪秦混动，真的是有电一条龙没电一条虫）；心里想着要买一定要买燃油的，摇号摇了快5年都没中。。。奈何年底换工作，业务需要，买车成了刚需，深圳拍照竞拍需要大概3.5-4万，最终放弃燃油车入坑新能源。预算20-25w左右，要求suv、隔音好点，能上绿牌，入选的车有比亚迪唐DM、拿铁DP、问界M5，因为一些原因对比亚迪印象不大好（之前也试过朋友的比亚迪唐，高速噪音异常明显），直接PASS掉了；最终看了问界M5和拿铁dp，各有优势，在两者之间纠结，考虑还是传统大厂靠谱点，最终选了拿铁两驱超大配，黑色，棕色内饰，选装电悬。
 说 一下很多车友问的要不要加装电磁悬挂和流媒体；销售为了推销现车一直说没必要选装电悬，驾驶感受差不多；庆幸订车前看了龙叔的评测，电悬确实有必要选装上。我试驾的时候特意试了红绿灯急刹，拿铁dp悬挂是很舒适，但是刹车时点头现象很明显。现在装了电悬，选择舒适模式，刹车非常干脆，完全感受不到刹车后摇，这冲这个这5K块非常超值。至于流媒体我也建议加上（后期官方不提供加装，自己后期加装虽然只需要1K，但是需要重新走线及布置摄像头在后车窗，强迫症患者表示接受不了）。
 目前提车20多天，驾驶差不多700公里，说下整体驾驶感受。我这人喜欢安静，最喜欢的是这车的隔音和智能巡航，高速驾驶体验感拉满。另外内饰和动力不细说，相比竞品非常能打了。
            
            
                最不满意
                不过不得不吐槽下一些缺点和我踩的坑：

 1、咖啡棕内饰慎选。这个颜色是好看，但是非常不建议选，难打理，最重要是中控台反光严重！中控台反光严重！这种硬伤居然是长城这种老厂能范的，真心不懂。我是小白当初定的时候没注意这一点，光想着好看了，现在搞了个中控台垫铺上。

 2、门把手的钥匙控盖子莫名奇妙掉了，这种小概率事情居然被我碰到。4儿子说门把手卡扣断了，需要自费更换整个门把手，187块钱。。。。我TM非常无语，我重来就没碰过那个卡扣盖子，现在卡扣断了说需要自费，所以说整车5年质保是个摆设？你说是人为损坏就是人为损坏？查了下这个问题在拿铁上发生的，我不是第一个。昨天打了客服电话反映问题，客服很惊讶说我们是整车质保，会帮我反馈厂家，截至目前暂时没回复处理结果。
3、左右空调出风口反光。刚提车没发现这个问题，最近贴了车窗膜会发现金属门把手会反光到后视镜。准备买个黑色贴纸贴上。

4、后座扶手的置杯架影响放手体验，为啥不能弄个摩卡类似的伸缩杯架，或者出一个配套的盖子？

5、不要买他们推荐的那个长城安易延保服务。

以上，都是些小问题，整体来说让我再选一次，我还是会坚定的选拿铁的。
            

            

    空间
        
            
            
        
        3
    
    
    身高1.83,驾驶位座椅调到最高坐直，头顶大概半个多拳头。
    
    
    
    
    


    
        后备厢容积
        装多少东西我其实不是很在意，毕竟东西不多，在意的是放平了我躺下能不能伸直腿。实测很可惜伸不直。。。只能侧着身，也能凑合。
        
        
    
        后备箱灯
        后备箱灯太暗，而且灯的位置太低，开一段时间会自动熄灭，不支持手动开启。这点扣分
        
        
    






                

    驾驶感受
        
            
            
        
        4
    
    
    加速很快，两驱百公里7秒多很够用了。
    
    
        弯路/并线稳定性
        选了电悬，高速过弯很给力
        
        
    
        整体驾驶感受
        前几天出去喝酒，回家的时候叫了个代驾小哥，10年驾龄。
一路我喝多了没和他怎么说话，到家以后小哥临走他突然问我这是什么车啊老板，我说魏牌的拿铁，他表示没听说过，问我是今年才出的吗，开起来真的蛮舒服的。哈哈哈，能让代驾小哥这么说，看起来这车开起来确实不错。
        
        
    






            

            




            

    续航
        
            
            
        
        4
    
    
    续航满电184公里大概，不虚标，我是在深圳不太冷。冬季待进一步确认
    
    





            
            

    外观
        
            
            
        
        4
    
    
    外观选的黑色，整体满意
    
    
        车身做工
        做工整体不错，除了门把手的塑料件。。。我的20天不到坏了
        
        
    





            

    内饰
        
            
            
        
        3
    
    
    内饰整体质感其实能打五分，扣的2分在于咖啡棕仪表台和空调出风口反光严重。
    
    
    
    
    


    
    
    
    


    
    
    
    


    





            

    性价比
        
            
            
        
        5
    
    
    性价比看个人需求吧，我觉得22万还可以接受。
    
    
        购车优惠
        整车24.3w，整体优惠为1w增购、9.9享6000优惠，1.5w店补（不分期好像是1w或者没有），然后算上区里补贴1.2w(还没到账哈哈)，落地加保险上牌费合计21W。
        
        
    
        故障维修
        售后一般，20多天门把手就坏了（非人为），4s店说需要自费更换。。。已电话给官方客服，反馈至厂家看看处理结果再来补充
暂时让店里用热熔胶给我黏上凑合用着
        
        
    
    
    
    


    
    
    
    


    





            
                

    智能化
        
            
            
        
        4
    
    
    
    
    
        自动泊车智能程度
        自动停车的识别度还是不错的，新手司机强烈推荐
        
        
    
        OTA更新体验
        我的车还是1.1版本，暂时没有接到ota更新通知，这个好像是分批次提示更新的
        
        
    
        车机功能及流畅度
        流畅度和其他新势力没法比，不过整体能接受吧。提车第二天死机过一次，启动后中控屏和空调屏无反应，车能开，售后反应没遇到过类似情况，我停车出去了大概10分钟后回来又正常了，目前没有再出现过类似问题。
        
        
    




            

            



        "
尹姜坤,2022-09-27 首次发表,"
            
                
                    1700km
                    
                    行驶里程
                
                
                
                
                
                    15.9kWh
                    春秋电耗
                
                
                
                
                
                
                    159公里
                    春秋续航
                
                
                
                

                
                
                    24.30万
                    裸车购买价
                
                
                    2022-08
                    购买时间
                
                
                    武汉
                    购买地点
                
            
            
    
        
            
        
    
    

    
        $(document).ready(function () {
            var koubeiid = 4606791;

        });

    


            
                最满意
                从看车 试驾 其实对车都还是挺满意的 挑不出大毛病 唯一名字有点拗口 怕销量起不来 又停产了 提车后使用感觉 油门跟刹感觉都还挺线性的 挺灵 试驾的时候还觉得有点虚位 但自己车感觉挺好 用电的话 不开空调标184实测感觉180都可以差不多跑到 还是可以的 电池太小得经常充电 184留个百分之30去充电经常上下班家用可以接受 行驶质感自己要求不是特别高 但车感觉过弯啥也都挺稳 这点安全就行 也使用了个把月 大方面都还挺满意
            
            
                最不满意
                车机系统软件方面不够全面 开机有时间有点慢卡顿 半天才加载出来 360有时候有点延迟 这些小事也能接受 但是新车一个月正常行驶过程中 仪表盘亮了红色方向盘故障灯 转向辅助失效打方向沉重差点出事 4s店检测 4s店也承认车辆质量问题要换方向机 但是我不满意4s店拆卸更换部件方案 三包上写着车辆交付未满60天转向系统失效可以选择退换货 4s店却说不符合退车条件 我就不懂了 这是怎么不符合
            

            

    空间
        
            
            
        
        4
    
    
    空间方面基本能满足家用 储物空间也基本都有 就是中控没什么实体按键 全靠两个屏幕 后排腿长的话 不能完全腿腿 后备箱中规中矩
    
    






                

    驾驶感受
        
            
            
        
        4
    
    
    加速动力都挺满意的 转弯啥的也挺稳 油门刹车还挺线性
    
    






            

            




            

    续航
        
            
            
        
        3
    
    
    充电销售描述的不详细 有差异 但半个小时快充能从百分之20到百分之八十也可以了
    
    





            
            

    外观
        
            
            
        
        3
    
    
    刚看看起来还大气沉稳的 可是最近看大车多了 咋再看自己车感觉好小
    
    





            

    内饰
        
            
            
        
        3
    
    
    内饰颜色这些可选的不多 自己基本就选了最简单的黑色 用料基本还满意
    
    





            

    性价比
        
            
            
        
        3
    
    
    价格还是有点高 也没啥优惠 关键这到自己售后了还真是难
    
    





            
                

    智能化
        
            
            
        
        4
    
    
    智能化基本满意 就是360有什么刚开始有点卡顿 开机卡顿时长过长有待优化 要不白瞎了8155芯片
    
    




            

            



        "
骡子的小瓜瓜1988,2023-05-24 首次发表,"
            
                
                    6520km
                    
                    行驶里程
                
                
                
                
                
                
                
                    19.0kWh
                    冬季电耗
                
                
                
                
                
                
                     180公里
                     冬季续航
                
                

                
                
                    24.30万
                    裸车购买价
                
                
                    2022-11
                    购买时间
                
                
                    深圳
                    购买地点
                
            
            
    
        
            
        
        
            
        
        
            
        
        
            
        
        
            
        
        
            
        
        
            
        
        
            
        
        
            
        
    
    

    
        $(document).ready(function () {
            var koubeiid = 4977563;

        });

    


            
                最满意
                买拿铁DHT-PHEV就是为了不限号，并且还经济，原来有一辆油车总是限号被拍，拍一次就罚款100，所以才换了这个混动，纯电的也不行，有续航焦虑，拿铁DHT-PHEV没有续航焦虑，纯市区上班代步一般充满电情况下，可以使用一周左右，没有电了可以烧油，基本市区代步不会出现亏电的现象，还有就是市区代步基本很少用到油，太经济了，哈哈。
            
            
                最不满意
                新车买车的时候味道比较大，不知道大家的怎么样，都说新车都有味道，但是我感觉我的车有味道的时间比较长，不知道是不是我不经常开窗的缘故吗，基本很少开窗，都是空调。感觉开窗开车风太大，我开车比较快。
            

            

    空间
        
            
            
        
        5
    
    
    总的来说车空间还是很大的，4米8的车长，你想想这个车长空间肯定够用了，我的身高是一米七8，体重180斤，不算太胖。前排的坐姿我做好了之后，头部也还有很大的空间，腿部空间也还比较宽敞，后排基本满载三个人后也不会显得拥挤，比较轴距在那摆着呢。后备箱就不用说了吧，很多紧凑的SUV后备箱都很大，别说咱这中型SUV了，没事出去露营或者野外自驾游，后面都是塞满，很能放东西。
    
    






                

    驾驶感受
        
            
            
        
        5
    
    
    混动车来说动力还是不错的，起步很快，中后期的加速感觉还不错。稍微一踩油门，就能感受到明显的推背感。给人一种轻松的感觉。偶尔踩一下油门，会有一种推背感，这让我很满意。而且这辆车和其他燃油车不同的是，它没有任何的滞涩感。整辆车无论是加速还是超车，整个过程都非常顺畅，没有丝毫的顿挫感，尤其是在纯电动状态下。操控性也不错，方向盘沉而稳重。
    
    






            

            




            

    续航
        
            
            
        
        5
    
    
    基本市区上班的话来回大概30公里，充满电情况下基本满足一周的用车，如果不跑长途的话基本用不到油，基本差不多纯电续航到180公里左右，充电的话大概需要25元左右，太省钱了，如果满油满电的跑长途应该可以到900公里以上，续航还是不错的
    
    





            
            

    外观
        
            
            
        
        4
    
    
    这个外观很喜欢，侧面看起来非常的有安全感，前面也很霸气，而且开这个车在街上很难遇到同款，感觉还是很开心的。还要这个21寸的大轮毂，看着就很运动。大灯非常的修长犀利，很有神。
    
    





            

    内饰
        
            
            
        
        4
    
    
    内饰做工还算可以，这个水晶档把显得很有个性啊，还有就是这个车机很不错，虽然很多功能我可能用不到，但是导航等功能用着还是很顺畅的
    
    





            

    性价比
        
            
            
        
        5
    
    
    性价比来说我感觉还行吧，因为就是自己喜欢这个车，配置价格都是可以接受的，没有和别的车对比过，萝卜青菜各有所爱，所以符合自己心意的车就可以了。
    
    





            
                

    智能化
        
            
            
        
        5
    
    
    360全景影像还是很不错的，倒车的时候没有死角看的很清楚，并且启动车的时候可以观察周围一些盲区是不是有障碍物或者孩子，这个还是很不错的配置
    
    




            

            



        "
bluesse,2023-05-23 首次发表,"
            
                
                    5000km
                    
                    行驶里程
                
                
                
                
                
                
                
                    20.0kWh
                    冬季电耗
                
                
                
                
                
                
                     180公里
                     冬季续航
                
                

                
                
                    24.20万
                    裸车购买价
                
                
                    2022-10
                    购买时间
                
                
                    常州
                    购买地点
                
            
            
    
        
            
        
    
    

    
        $(document).ready(function () {
            var koubeiid = 4975264;

        });

    


            
                最满意
                提车已经半年多了，当初换车的时候就是为了孩子上学，其实最早的时候媳妇就要换车，我一直犹豫，因为这次肯定换个大点的SUV了，老家的路太费底盘啊，普通轿车有时候得小心翼翼才行，所以一直想换个大的SUV，并且还得是绿牌的，不然送孩子限号也不行啊，所以最后选了拿铁DHT-PHEV，这个续航太满意了，基本在市区纯电180公里绝对没有问题的，基本上一周不用充电，主要是是支持快充啊，还有就是我最喜欢的外放电功能，因为经常和一些朋友出去烧烤，露营啥的，有这个方便多了，哈哈，还有就是抬头显，这个方便媳妇了，媳妇有时候高速总是爱低头看时速表，这下方便多了，注视开车前方就都能看到了。
            
            
                最不满意
                就是回老家的时候有点烂路，感觉这个减震有点硬，不如轿车舒服，原来也问过别人，说SUV底盘高，都这样，即使百万的路虎过这种烂路也是有颠簸感的。
            

            

    空间
        
            
            
        
        4
    
    
    作为家用SUV来说，空间还是不错的，将近4.7米的车长，前排空间完全够用，后排我做进去后还有大概不到3拳的距离，对于我来说家用足够了，车身很高，所以头部空间不用担心绝对的充裕，后备箱的空间和一般SUV一样，露营或者装个大件一般都没有问题，主要是后排还可以放倒，绝对的满足家用，就是后备箱没有放备胎的地方，有点小遗憾啊。储物空间很丰富，基本一些小件东西都能放，总体来说这个空间对于家庭代步绝对的够用了
    
    
    
    后排的空间够用了
    


    
    
    后备箱空间看看，很能放东西啊
    


    
    
    
    


    






                

    驾驶感受
        
            
            
        
        5
    
    
    现在已经开了大概5000公里了，总体来说就是偏舒适的家用SUV，在高速的时候偶尔激烈驾驶过，那推背感太强了，上次去山西走过一段山路，虽然是两驱车，但是动力来说还算是给力，狠踩油门在山路上很顺畅，没有动力卡顿的现象，方向盘操控不错，但是大家尽量不要急转弯，因为SUV的车高底盘高决定了它急速转弯时候会有侧倾的，这个和轿车不一样，毕竟轿车底盘低比较稳。就是减震硬一点，走一些坑洼路面时候，会有颠簸的感觉，所以一般情况下遇到这种路面都是低俗通过，这样会好一点。
    
    






            

            




            

    续航
        
            
            
        
        5
    
    
    续航这个我只说说我的情况，因为每个人开车习惯以及地方不一样，所以续航肯定有差异的，平时市区代步都是纯电，基本可以达到180公里左右，所以基本上班一周充电一次就够，电和油都满的情况下大概900公里绝对没有问题的，有的车主说可以开到1000公里，总的来说续航还是不错的
    
    
        充电时间
        快充80%的电差不多半小时就可以了，所以还是很快的
        
        
    





            
            

    外观
        
            
            
        
        4
    
    
    外观只能说是萝卜蔬菜各有所爱了，我的感觉就是运动气息很浓，车很敦实，还是比较耐看的那种，19寸的大轮毂，多辐式造型特别的帅气
    
    
    
    
    


    
    
    
    


    
    
    提车时候的拍照
    


    





            

    内饰
        
            
            
        
        5
    
    
    内饰不多说了，国产车的做工现在就是比合资的强，中控是上下双液晶屏，还有水晶档把，各处都看着很高级，还可以实现四屏联动，并且还有HUD抬头显，这内饰做的还真不错。
    
    
    
    水晶档把很漂亮
    


    
    
    晚上的中控
    


    
    
    
    


    





            

    性价比
        
            
            
        
        5
    
    
    性价比来说还算可以，合资车这个价格的配置都不能和拿铁DP相比，差太多了，和国产车来说基本不相上下，总的来说看个人喜好了，喜欢哪个就入手哪个
    
    





            
                

    智能化
        
            
            
        
        5
    
    
    智慧巡航特别的喜欢，开长途的时候经常用一下，还有360全景影像，这个一般都是刚起步的时候最有用，可以观察一下周围环境，还有倒车的时候都比较方便。
    
    
    
    
    


    
    
    
    


    
    
    
    


    




            

            



        "
爱咖啡爱拿铁,2023-04-07 首次发表,"
            
                
                    3800km
                    
                    行驶里程
                
                
                
                
                
                    14.0kWh
                    春秋电耗
                
                
                
                
                
                
                    5公里
                    春秋续航
                
                
                
                

                
                
                    24.20万
                    裸车购买价
                
                
                    2023-03
                    购买时间
                
                
                    嘉兴
                    购买地点
                
            
            
    
        
            
        
        
            
        
    
    

    
        $(document).ready(function () {
            var koubeiid = 4897283;

        });

    


            
                最满意
                最满意的当然是油耗了，冬天的座椅和方向盘加热对我来说简直太好用了，因为我是一个极度怕冷的人，在寒冷的冬天的大早晨，我提前把方向盘和座椅加热都打开，一进车里就能感受到温暖简直太幸福了。
            
            
                最不满意
                车机的系统有待提升，这么豪华的大屏幕里面的系统不太豪华啊。
            

            

    空间
        
            
            
        
        5
    
    
    空间对我来说简直太宽敞了，储物空间有点太多了，前排的储物格就超级多，扶手旁边的储物格还超级深，感觉不能放太小太细碎的东西，要不然容易找不到，前面有好多储物空间都用不上哈哈。后备箱空间我觉得挺好啊，放行李箱2-3个没问题。
    
    
    
    
    


    
    
    
    


    
    
    
    


    






                

    驾驶感受
        
            
            
        
        5
    
    
    纯电模式这一脚油下去，发动机就会直接介入，也就是说当你需要急加速或者超车的时候，拿铁PHEV的动力可以瞬间提升上来，加速体验超级棒。纯电模式可以全程锁电，禁止发动机启动，对于那些喜欢安静的小伙伴很友好，静谧性很好。另外它的纯电续航184KM，真的很省钱啊。
    
    






            

            




            

    续航
        
            
            
        
        5
    
    
    冬天的续航真的很好，我上下班再也不用心疼油费了，随便开。哦对了拿铁PHEV还有对外放电功能，虽然这个功能我目前还没有用到，但是我有点小期待哦，马上就到了可以露营的季节了，一定要用用感受一下。
    
    





            
            

    外观
        
            
            
        
        5
    
    
    外观设计很大气，超大的进气格栅显得前脸很饱满。三条竖线设计把前大灯分隔成一个回字，造型很独特。下方是黑色造型的雾灯，给人一种视觉上的冲击感。中网的做工真的是太精致了，细节绝对经得起推敲。WEY的专属车标在前脸的正中间，很帅气。
    
    
    
    
    


    
    
    
    


    





            

    内饰
        
            
            
        
        5
    
    
    中控两块大屏幕像一个小电脑一样，大的屏幕主要是一些车机系统的功能还有娱乐的功能，反应很灵敏，体现了弄弄的科技感。内饰用料很高档，触手可及的地方都是软质包裹，菱形打孔式设计，增加 了透气性，后排遮阳帘自带隐私感，整个内饰就是很豪华很大气的感觉，用料也超级良心，几乎没有什么刺鼻的气味。
    
    
    
    
    


    
    
    
    


    
    
    
    


    





            

    性价比
        
            
            
        
        5
    
    
    总的来说性价比很好呀，我自己感觉是很值得，因为我喜欢所以觉得值，这个就见仁见智了。
    
    





            
                

    智能化
        
            
            
        
        5
    
    
    我很喜欢车内的智能化和科技感，语音识别，可以和小魏同学对话，很有趣。HUD抬头显示这个功能也太有科技感了，而且还很实用，我这个新手小白可以很好的利用这个功能。
    
    




            

            



        "
简先生1673,2022-10-21 首次发表,"
            
                
                    2800km
                    
                    行驶里程
                
                
                    6.0L
                    百公里油耗
                
                
                
                
                    18.0kWh
                    春秋电耗
                
                
                
                
                
                
                    190公里
                    春秋续航
                
                
                
                

                
                    175公里
                    冬季续航
                
                
                    24.20万
                    裸车购买价
                
                
                    2022-08
                    购买时间
                
                
                    武汉
                    购买地点
                
            
            
    
        
            
        
    
    

    
        $(document).ready(function () {
            var koubeiid = 4641573;

        });

    


            
                最满意
                最开始是因为有孩子了，准备换个大点的车，开始看的是摩卡phev，但是试驾的时候感觉中型suv在市区开，还是有点太大，路上有点不方便。后来了解过程中拿铁phev上市了，觉得无论续航还是驾驶感受都很满意。上路后，这台车子最让我中意的一个点就是hwa高速公路辅助驾驶，跟随前车的同时，还可以保持在车道中间行驶，拨杆还可以变道，基本上扶着方向盘看着路就行，这可比以前跑高速轻松太多了.另外最满意的就是hud抬头显示，开车不用在经常低头看仪表盘了。这是我选车最重要的一个配置。为了一点，选车看车的时候去除了太多的选项。
            
            
                最不满意
                另外就是手表钥匙，新车出来三个月了，手表还不上市
            

            

    空间
        
            
            
        
        4
    
    
    前排宽敞最舒服。后备箱满足家用，但是能在大点就好了，目前放了一个储物箱在车尾，稍微有点挤。
    
    
    
    
    


    
    
    
    


    
    
    
    


    
        ☆ 空间设计亮点
        主驾座椅记忆真的不错，上车青松，启动后座椅自动恢复到设置的舒服位置，熄火后自动回退，轻松下车。\n副驾老板健，前排不坐人做后排的时候轻松调节副驾座椅
        
        
    
        乘坐空间
        作为一辆紧凑型车，这个车空间足够宽敞。比我原来的逍客大多了。
        
        
    
        第二排空间
        第二排座椅挺宽敞，后排坐三个人一点也不觉得挤。即使装上了儿童座椅，也还轻松坐两个人。五座车，一家三口，加上父母舒服出行。
        
        
    
    
    
    


    
    
    
    


    
    
    
    


    






                

    驾驶感受
        
            
            
        
        4
    
    
    电车加速真的够快，红绿灯起步永远是第一个。车辆有点大，有时候掉头不能一把过
    
    
        起步/加速动力
        提速快，一直使用的是标准模式，起步超车没有任何加速延迟。倒车感觉速度有点快，需要带刹车
        
        
    
        跑高速
        高速表现非常不错。最低100最高120的情况下，超车没有任何问题。高速电耗也很不错。长途驾驶不用担心续航焦虑，电用完了也不用在服务器排队充电。
        
        
    






            

            




            

    续航
        
            
            
        
        4
    
    
    在武汉夏天高温，开空调一点也不含糊。制冷效果棒，即使开空调，续航也不会减少多少。毕竟宣传的是实际续航而不是虚标。实际驾驶感觉有点反向虚标。每天上下班实际路程35公里，可以开5天还有电。作为一辆插混车型，纯电184公里，完全够平时上下班使用，也不用频繁充电，使用很方便。
    
    
    
    
    


    
    
    
    


    
        充电时间
        已经安装了充电桩，每周自己充电桩慢充的话四个半小时。同时这辆车也支持快充，0到80%只要半个小时，到了80%后充电功率会降低，我一般这个时候就不充了，完全充满的话大概一个小时。
        
        
    
    
    
    


    
        电池衰减
        目前才行驶不到3000公里。官方给的质保是质保期内衰减20%免费更换，超过了是免费修复
        
        
    





            
            

    外观
        
            
            
        
        5
    
    
    线上看车型的时候我就相中了拿铁DP蓝山蓝，线下看到实车，果然是熟悉的感觉——颜色低调又有一些小个性。颜值这一关，拿铁PHEV完全没话说。
    
    
    
    
    


    
    
    
    


    
    
    
    


    





            

    内饰
        
            
            
        
        5
    
    
    外观内饰是最满意的地方，低调奢华。黑色内饰非常有质感
    
    
        内饰用料
        内饰用料十足。隔音，环保，母婴及用料，对家人更贴心。
        
        
    
        ☆ 氛围灯效果
        氛围灯呼吸模式，自动调节变色，跟随音乐变换
        
        
    
    
    
    


    
        ☆ 车联网
        目前车联网使用最多就是导航和音乐。基础流量导航之类的终身免费，包括车辆控制类的。娱乐类的，QQ音乐，视频这些三年流量免费。
        
        
    
        ☆ 语音控制
        语音控制识别率还算可以，常用类的导航和控制空调比较方面
        
        
    





            

    性价比
        
            
            
        
        4
    
    
    新车没有优惠，只送了一些东西。性价比看怎么比。拿铁可以算的上国产豪化车了，跟BBA比那是性价比十足。但是这个价格对大部分人来说有点偏高
    
    





            
                

    智能化
        
            
            
        
        4
    
    
    这辆车的智能功能配置十足。就是车机比较封闭，需要等待厂家优化更新。
    
    
        App远程控制
        远程控制功能很实用。需要夏天暴晒后需要提前通风、开空调降温，手机都可以一键操作。偶尔碰到没法开车门上车鄂时候，手机可以控车辆开进开出。\n另外手机可以作为蓝牙钥匙，平时不带车钥匙都行。原来有厂家专属的手表，但是现在没有货了，希望早点重新上架。
        
        
    
    
    
    


    
        HUD抬显实用性
        必须要推荐抬头显示。选车的时候我是把这个功能作为必须来挑车的。有这个功能实在太方便了。开车的时候不用低头看仪表盘，不用担心不小心超速了。
        
        
    
    
    
    


    
        车载导航实用性
        车载导航更新快。大显示屏操作方便，看的方便。
        
        
    
    
    
    


    
        儿童功能丰富
        这台车的儿童关爱功能，也是我当初快速下订的一个重要理由。比如后排的儿童安全座舱，启动那个儿童睡眠模式，能让我家宝宝睡得安稳舒服。还有儿童电子锁主驾可以一键开启、生命体征监测这样的功能都很走心，不怕玩得太投入把孩子落在车里了（开个玩笑，哈哈）
        
        
    
    
    
    


    
        360全景影像实用性
        360对车身比较大的真的更实用，前后左右，四个角都可以兼顾到。唯一不足的就是刚启动的时候会有卡顿
        
        
    




            

            



        "
有意义的事儿9949,2023-06-03 首次发表,"
            
                
                    5720km
                    
                    行驶里程
                
                
                    5.7L
                    百公里油耗
                
                
                
                
                
                    22.0kWh
                    夏季电耗
                
                
                
                
                
                
                    170公里
                    夏季续航
                
                
                

                
                
                    26.50万
                    裸车购买价
                
                
                    2023-02
                    购买时间
                
                
                    南宁
                    购买地点
                
            
            
    
    

    
        $(document).ready(function () {
            var koubeiid = 4992229;

        });

    


            
                最满意
                这个车的很多地方其实都很不错，有一点就要说最关键的了，就是这套混动系统，长城的这套插电混动系统算是目前国内比较靠谱的，用着也很不错，这么大的车，在几乎没电的情况下，油耗能做到5L左右，要是勤充电，还能更低。
            
            
                最不满意
                这个车最让我不满意的就是底盘，实在是太软了，再加上动力又强，提速很快，开在路上感觉忽忽悠悠的，很容易晕车，别说坐车了，自己开都能开晕。再有一点就是隔音，跑在路上的风噪路噪很大，挺吵的，感觉这个价位的国产车还可以做得更好。
            

            

    空间
        
            
            
        
        5
    
    
    其实以这个车的体量来说，后排空间不算大，就是普普通通的家用车水平，胜在配置丰富，还带座椅加热。
    
    






                

    驾驶感受
        
            
            
        
        4
    
    
    开上手第一个感觉就是这车真快，1.5T发动机再加上前后的双电机，官方的破百成绩是5秒2，这么大的SUV有这个提速成绩还挺吓人的，还有就是底盘太软了，坐车很容易晕车，尤其是在山路上。
    
    






            

            




            

    续航
        
            
            
        
        5
    
    
    油电混合续航还是挺不错，短途可以用纯电行驶，充电也是很方便，带快充这件事真的挺重要的，反正对于我这种家里没地方充电的人来说太重要了。
    
    
    
    
    


    
    
    
    


    





            
            

    外观
        
            
            
        
        5
    
    
    还非常不错的，绿牌照也非常有高辨识度，这个车子的从车头看上去也都比较有气势感。
    
    
    
    
    


    





            

    内饰
        
            
            
        
        5
    
    
    内饰的设计，感觉比同价位的比亚迪要高级，这个紫色也很大胆。
    
    
    
    
    


    





            

    性价比
        
            
            
        
        5
    
    
    长城魏牌在做车方面都比较好，这台车价格方面也是不算贵，感觉性价比也是挺好的。
    
    
    
    
    


    
    
    
    


    





            
                

    智能化
        
            
            
        
        5
    
    
    再说说配置，我这是四驱的大顶配，配置太丰富了，辅助驾驶、自动泊车、方向盘加热、座椅加热按摩通风，连后排座椅都有加热。
    
    




            

            



        "
河边的人和景,2023-06-02 首次发表,"
            
                
                    1600km
                    
                    行驶里程
                
                
                    5.0L
                    百公里油耗
                
                
                
                
                
                    22.0kWh
                    夏季电耗
                
                
                
                
                
                
                    180公里
                    夏季续航
                
                
                

                
                
                    22.10万
                    裸车购买价
                
                
                    2023-05
                    购买时间
                
                
                    南宁
                    购买地点
                
            
            
    
    

    
        $(document).ready(function () {
            var koubeiid = 4990519;

        });

    


            
                最满意
                拿铁算是上市没多久就很喜欢的车型了，当时网上的评价都是除了售价和车机没有缺点了，开过的才明白值，没开过的觉得同价位有其他更好的选择。确实是售价超出预算了，后面就慢慢淡出了，直到5月份看到网友的购车经历，才决定区4s店看看，然后就马上下定了。满意的首先就是外形看上去确实是比较大气，还有就是这个车的空间表现的也是挺不错的。
            
            
                最不满意
                遇到的问题，一是手机蓝牙连接上以后，还是只能听见小魏同学和车机系统声音，接打电话的时候都没声，这个应该是设置问题，后面看看能不能解决。
            

            

    空间
        
            
            
        
        5
    
    
    空间很好，家人乘坐在第2排位置的时候，腿部也有活动的余地，并且这个车的后备箱装载能力也是挺不错。
    
    






                

    驾驶感受
        
            
            
        
        5
    
    
    开过同事的别克和小鹏，也去试驾体验过秦，驱逐舰，海豹，领克06等等，作为一个小白驾驶上除了轿车和suv的区别外，感受不出啥了，但让我下定决心说这车可以买的一个点就是，在试驾的时候女朋友好几次在后排睡着了。
    
    






            

            




            

    续航
        
            
            
        
        5
    
    
    日常驾驶短途的话可以用纯电去行驶，车的油耗也就是在四升左右，充电也比较方便，家下面都有充电桩。
    
    





            
            

    外观
        
            
            
        
        5
    
    
    外观上是我比较喜欢，拿铁这个车头很有辨识度，全家都挺喜欢这个车的外形。
    
    
    
    
    


    
    
    
    


    
    
    
    


    





            

    内饰
        
            
            
        
        5
    
    
    内饰也是挺不错的，因为这个价格方面也不算高，给到了一个品质和做工都挺不错。
    
    





            

    性价比
        
            
            
        
        5
    
    
    这是第一辆车，拿铁的品控，机械素质，内饰等等众多内容没法用比较专业和详细的表达，大家在网上能找到更好的，对我来讲就是够用了，而且很好。试驾的时候4s店人员介绍的非常详细，性价比上挺好了。
    
    





            
                

    智能化
        
            
            
        
        4
    
    
    然后买的是低配的，不过在配置方面确实是挺不错，很多智能的功能，自己还没有摸索的熟练。启动太快了，平时是好事，倒车的时候就很累，同事也吐槽说倒车速度太快了，得一直踩着刹车，想微调一下都得小心翼翼。还有HUD显示的限速和车机高德地图语音上的不一直，有时候不知道该相信谁，这太搞了。
    
    




            

            



        "
陪你到腻gi6,2023-05-27 首次发表,"
            
                
                    2500km
                    
                    行驶里程
                
                
                    5.6L
                    百公里油耗
                
                
                
                
                
                
                    22.0kWh
                    冬季电耗
                
                
                
                
                
                
                     0公里
                     冬季续航
                
                

                
                
                    26.30万
                    裸车购买价
                
                
                    2023-01
                    购买时间
                
                
                    贵阳
                    购买地点
                
            
            
    
        
            
        
        
            
        
        
            
        
    
    

    
        $(document).ready(function () {
            var koubeiid = 4981870;

        });

    


            
                最满意
                我觉得这个车子大部分都没有问题吧，包括它的颜值什么的，其实都挺不错的，我觉得这些地方挺让我心动的，所以觉得挺适合的一个车子。
            
            
                最不满意
                没有什么特别大的问题，多多少少有一些小细节上让我不太满意的，但是都不会造成太大的影响。
            

            

    空间
        
            
            
        
        5
    
    
    空间上是比较宽敞的一个车子，比较的宽松好用，而且基本上也没有什么太大的问题，所以在我看来的话，空间上绝对是比较充裕，而且很好用的一个状态。
    
    






                

    驾驶感受
        
            
            
        
        4
    
    
    效果什么的也没有什么特别大的问题，整体给我的感觉还是不错的，就是隔音挺一般的，但是其他地方不错，我觉得也还可以接受吧。
    
    






            

            




            

    续航
        
            
            
        
        5
    
    
    数值相对来说还是比较稳定的，所以我觉得也没有什么特别大的问题，各方面也都是比较好接受的吧，我觉得还行。
    
    





            
            

    外观
        
            
            
        
        5
    
    
    设计风格什么的都还是比较不错的，然后也是我比较喜欢的一个类型吧，当然了，每个车子在外形方面也做不到每个人都会去喜欢的，这也是所谓的罗卜白菜各有所爱，但是目前这款车子我看上去就是挺顺眼的，我比较喜欢这个造型，我也觉得它的轮毂的设计还有这个车子的一个线条都比较大气的，我买的是黑颜色的，车漆的质感方面也比较好，尤其就是洗完车以后感觉车漆也比较亮，看上去非常威武霸气，整体感觉非常好。
    
    





            

    内饰
        
            
            
        
        5
    
    
    也没有什么特别大的问题，整体来说的话，品质啊，表现啊什么的，各方面都是没有什么问题的。
    
    





            

    性价比
        
            
            
        
        5
    
    
    性价比还是可以的，基本上都是没什么问题的，所以我自己也非常的放心，也是可以接受的。
    
    





            
                

    智能化
        
            
            
        
        5
    
    
    多多少少都还是比较充裕的一个表现，所以我认为是比较好用的，我自己也非常的放心。
    
    




            

            



        "
永州车友8318596,2023-05-26 首次发表,"
            
                
                    1800km
                    
                    行驶里程
                
                
                    5.0L
                    百公里油耗
                
                
                
                
                    16.8kWh
                    春秋电耗
                
                
                
                
                
                
                    0公里
                    春秋续航
                
                
                
                

                
                
                    26.38万
                    裸车购买价
                
                
                    2023-04
                    购买时间
                
                
                    长沙
                    购买地点
                
            
            
    
        
            
        
        
            
        
        
            
        
        
            
        
    
    

    
        $(document).ready(function () {
            var koubeiid = 4980272;

        });

    


            
                最满意
                我觉得这个车子的颜值挺不错的，看起来最起码给人的感觉是非常舒服，顺眼的，而且品质手感各方面用起来也还可以。
            
            
                最不满意
                没有什么特别大的问题上有一些小细节上面的问题吧，但是整体都还是可以的，也非常的适合，我觉得是没什么问题的。
            

            

    空间
        
            
            
        
        5
    
    
    空间上也没有什么特别大的问题，整体的表现也比较不错，整个车子用起来都是非常合适的，所以也非常的方便。
    
    






                

    驾驶感受
        
            
            
        
        4
    
    
    效果什么都还都可以吧，没有什么特别大的问题，所以在我看来的话，用起来还是非常方便的，只是隔音效果一般，会影响到一些驾驶感受，但是其他地方都还可以，所以也非常的满意。
    
    






            

            




            

    续航
        
            
            
        
        5
    
    
    数值什么的也都没有什么特别大的问题，在我看来的话还是比较能接受的一个表现吧，所以就也比较能接受，虽然刚开始的时候都不太稳定，但是现在还行。
    
    





            
            

    外观
        
            
            
        
        5
    
    
    外观设计感都还是比较不错的，简单大方，而且用起来的感受也非常不错。
    
    





            

    内饰
        
            
            
        
        5
    
    
    内饰的布局和设计我都还挺满意的，没有什么特别大的问题，我比较觉得不错。
    
    





            

    性价比
        
            
            
        
        5
    
    
    性价比还是挺不错的，非常的踏实给人的感觉也是比较可以接受的，因为我也是觉得这个车子用起来都比较好用，就是油耗方面也不是特别高，平时加92号汽油都是可以的，后期在用车成本上面也不是特别多，另外就是这个车子的空间也是比较好用的，非常适合我们家的一个出行，后排的位置都比较大，家人乘坐着也觉得很舒适，对比了很多车型，最后也是觉得这台车的性价比更高一点，所以才选择了这台车。
    
    





            
                

    智能化
        
            
            
        
        5
    
    
    配置还行吧，反正这个地方用起来适合，感觉还可以。
    
    




            

            



        "
驻马店小仙,2023-05-22 首次发表,"
            
                
                    7100km
                    
                    行驶里程
                
                
                    6.0L
                    百公里油耗
                
                
                
                
                    20.0kWh
                    春秋电耗
                
                
                
                
                
                
                    175公里
                    春秋续航
                
                
                
                

                
                
                    20.80万
                    裸车购买价
                
                
                    2022-12
                    购买时间
                
                
                    洛阳
                    购买地点
                
            
            
    
    

    
        $(document).ready(function () {
            var koubeiid = 4972434;

        });

    


            
                最满意
                在行驶的时候动力方面的表现特别好，车开起来比较有劲，提速的效果都特别赞，还有就是我幸好买了一台混动车，真的是比较节省了，也不会有燃油车那种油耗高而产生烦恼，也不会有像纯电车那样在高速上行驶，突然没电，又要去充电的忧愁，像这种混动车的续航也可以达到170公里以上了，整体来说也不错的，充一次电也可以短途代步行驶都是比较好的，用油的话油耗方面也不高，百公里油耗也就是五六升，这样确实是相当不错的。
            
            
                最不满意
                开车也没有行驶多长时间，唯一的一个大问题就是走烂路的时候，车内的异响比较大。
            

            

    空间
        
            
            
        
        5
    
    
    开车的空间还是挺不错的，乘坐起来第一前排位置和后排位置都相当宽裕，我觉得设计的是相当合理的，后备箱也比较大。
    
    






                

    驾驶感受
        
            
            
        
        5
    
    
    起来动力方面是我比较满意的，虽然车也比较大，但是这款车开起来都比较好开的，方向盘转向很，轻起步刹起步的时候提速效果方面都特别好。
    
    






            

            




            

    续航
        
            
            
        
        5
    
    
    我主要是以纯电为主，因为这款混动车它的纯电续航也可以达到170公里以上了，如果在没电的情况下我会切换到燃油模式，这样的话油画也不会过高，还还挺省油，还是挺适合家用的一台混动车。
    
    





            
            

    外观
        
            
            
        
        5
    
    
    外形看上去非常大气，车身的造型比较有气势感，尾部很饱满。
    
    
    
    
    


    





            

    内饰
        
            
            
        
        4
    
    
    内饰特别特别温馨很时尚，但是就是喜欢走车速快的时候走不好的路况，车内异响反正挺大的。
    
    
    
    
    


    
    
    
    


    
    
    
    


    





            

    性价比
        
            
            
        
        5
    
    
    车状态不错，用车也挺划算的，而且这个车子现在使用着用车成本方面不够。
    
    





            
                

    智能化
        
            
            
        
        5
    
    
    这方面相当不错的，这个车也是比较智能，首先就是语音识别率相当不错，呼叫反应很快。
    
    




            

            



        "
阳江车友8877963,2023-05-21 首次发表,"
            
                
                    2630km
                    
                    行驶里程
                
                
                
                
                
                
                
                    19.6kWh
                    冬季电耗
                
                
                
                
                
                
                     170公里
                     冬季续航
                
                

                
                
                    22.68万
                    裸车购买价
                
                
                    2023-04
                    购买时间
                
                
                    东莞
                    购买地点
                
            
            
    
        
            
        
    
    

    
        $(document).ready(function () {
            var koubeiid = 4972137;

        });

    


            
                最满意
                车子反应快，开着非常的灵活，在市区复杂的环境中，也能游仞有余，从容不追地开着。更难得的是他的用车成本还比较经济，油耗，电耗都不高，产出的动力还非常的好，让人开着舒心，用着省心。
            
            
                最不满意
                车确实是好车，开着舒服，也比较经济，但我买的时候，价格还是有些高的，各种各样的优惠，我也没享受到。
            

            

    空间
        
            
            
        
        5
    
    
    车内空间谈不上多宽大，但也不拥挤，够用就好，放小物件的地方还是比较多的，用着也比较顺手，后备厢比较平整，也比较高，实用空间好，很能装东西的。
    
    
    
    
    


    
    
    
    


    
    
    
    


    






                

    驾驶感受
        
            
            
        
        5
    
    
    车子动力充足，转向反应也灵活，在车多拥挤的情况下也能从容地跟车与变道，当然我能如此自信，也与他良好刹车性能有关。
    
    






            

            




            

    续航
        
            
            
        
        5
    
    
    主要是在市区里跑，继航是不用担心的，而且比较省油，也比较省电，充一次电就能跑好久，再说还有燃油动力来协助。
    
    





            
            

    外观
        
            
            
        
        5
    
    
    比较精致的外观，有着细致的做工，也有着流线的造型，说不出有那里特别的好看，但望着有种恰到好处的美。
    
    
    
    
    


    
    
    
    


    
    
    
    


    





            

    内饰
        
            
            
        
        5
    
    
    简洁的布局，大大的中控屏，还有那用心的拼色设计，给营造出了一个舒心的车内环境，感觉挺好的。
    
    
    
    
    


    
    
    
    


    
    
    
    


    





            

    性价比
        
            
            
        
        4
    
    
    车子比较实用，开着也很省心，至今我也是很认可他的，只是后来好多优惠政策我没享受到，导致最终的落地价格高了点。
    
    
    
    
    


    
    
    
    


    
    
    
    


    





            
                

    智能化
        
            
            
        
        5
    
    
    因为职业的原因，我经常需要到处跑，有了道路交通标识识别功能，在陌生的路况下，也能从容地应对。
    
    




            

            



        "
瑶冰魄pb,2023-05-21 首次发表,"
            
                
                    250km
                    
                    行驶里程
                
                
                    4.0L
                    百公里油耗
                
                
                
                
                
                    22.0kWh
                    夏季电耗
                
                
                
                
                
                
                    150公里
                    夏季续航
                
                
                

                
                
                    26.30万
                    裸车购买价
                
                
                    2022-11
                    购买时间
                
                
                    台州
                    购买地点
                
            
            
    
    

    
        $(document).ready(function () {
            var koubeiid = 4970861;

        });

    


            
                最满意
                优点当然挺多的，本身也是一辆非常适合自己的车子，包括他的风格设计啊各方面，其实都是没有问题的，个人觉得是比较好的一个表现。
            
            
                最不满意
                虽然说缺点也会有吧，但是真正意义上来说并没有什么特别大的问题，用起来的时候合适的地方，当然也是比较合适。
            

            

    空间
        
            
            
        
        5
    
    
    空间上整体还是比较合适的，因为基本上没有什么特别大的问题，空间的表现都是非常宽敞的，然后也非常的好用。
    
    






                

    驾驶感受
        
            
            
        
        5
    
    
    效果什么的也都还可以吧，因为感觉都是比较不错的吧，挺到位。
    
    






            
                

    操控
        
            
            
        
        5
    
    
    
    
    




            

            




            

    续航
        
            
            
        
        5
    
    
    确实有时候感觉挺不稳定的，但是基本上还好处于一个比较稳定的状态吧，我就觉得没有什么特别大的问题。
    
    





            
                

    舒适性
        
            
            
        
        4
    
    
    
    
    




            
            

    外观
        
            
            
        
        5
    
    
    外观设计本身就是一辆挺不错的车子，也比较的简单大方，所以我认为是可以接受的。
    
    
    
    
    


    
    
    
    


    
    
    
    


    





            

    内饰
        
            
            
        
        5
    
    
    内饰我觉得比较好，简单大方，然后自己也比较喜欢，主要是因为整体的品质什么的都很好，所以也是比较放心的，做工方面比较好，而且用起来手感方面要都挺好的，方向盘也不错，所以我对这款车的内饰也很知足很满意了。
    
    





            

    性价比
        
            
            
        
        5
    
    
    性价比还是我认为是没有什么特别大问题的，基本也都是适合自己，满意自己的情况多一点。
    
    
    
    
    


    
    
    
    


    





            
                

    智能化
        
            
            
        
        5
    
    
    这款车的配置各方面还是不错的，中控屏幕用起来也比较好用，触屏的时候就像手机一样还挺灵敏，也比较流畅，也支持语音，让他打开音乐打开空调识别的开始很精准的，就开车的时候都动动嘴就可以了，不用再点触屏就操作了，但是比较方便挺安全的，这个功能都是很实用的一个配置。
    
    




            

            



        "
梅州车友7998972,2023-05-20 首次发表,"
            
                
                    2870km
                    
                    行驶里程
                
                
                
                
                
                
                
                
                
                
                
                
                

                
                
                    22.68万
                    裸车购买价
                
                
                    2023-04
                    购买时间
                
                
                    广州
                    购买地点
                
            
            
    
        
            
        
    
    

    
        $(document).ready(function () {
            var koubeiid = 4969191;

        });

    


            
                最满意
                最满意动力表现了，满满的推背感，跑在高速上感觉也很强劲，在路上很容易超车。
            
            
                最不满意
                后备箱方面比较一般，没那么能装东西，自驾游时，东西一多，只能勉强凑合够用。
            

            

    空间
        
            
            
        
        4
    
    
    前排和后排都能提供足够的宽敞空间，满载没有拥挤感，只是后备箱容积不算大，能放的东西有限。
    
    
    
    
    


    
    
    
    


    
    
    
    


    






                

    驾驶感受
        
            
            
        
        5
    
    
    动力挺令我惊讶的，起步平稳，提速反应积极， 在不同路段上都给我提供很充沛的动力。
    
    






            
                

    操控
        
            
            
        
        5
    
    
    操控蛮不错的，方向盘握感顺手，刹车很灵敏，制动距离很短，这让我感觉心里是很踏实的。
    
    




            

            




            

    续航
        
            
            
        
        5
    
    
    可油可电，买车这么久还没有为续航担心过，日常纯电就足够我通勤代步开了，空调也是随便开，不用瞻前顾后，图的就是一个经济性。
    
    





            
                

    舒适性
        
            
            
        
        5
    
    
    座椅填充物饱满，感觉像坐在沙发上似的，减震表现也很出色， 走烂路的时候车也不会太颠簸。
    
    




            
            

    外观
        
            
            
        
        5
    
    
    外观看上去很霸气，前脸的大灯足够犀利，侧脸看上去也很耐看，车尾的设计也足够精致，此外车漆还很厚实。
    
    
    
    
    


    
    
    
    


    
    
    
    


    





            

    内饰
        
            
            
        
        5
    
    
    内饰的用料方面很到位，手感细腻，做工也没有明显的毛刺和瑕疵，中控屏既科技智能，又很彰显档次。
    
    
    
    
    


    
    
    
    


    





            

    性价比
        
            
            
        
        5
    
    
    性价比很高了，配置很齐全，各种功能实用性挺强的，而且驾驶体验也很好，后期还很省用车成本，入手不亏。
    
    
    
    
    


    
    
    
    


    





            

            
                



            



        "
商丘车友2987411,2023-05-17 首次发表,"
            
                
                    4500km
                    
                    行驶里程
                
                
                    4.5L
                    百公里油耗
                
                
                    18.5kWh
                    百公里电耗
                
                
                
                
                
                
                
                
                
                
                

                
                
                    26.38万
                    裸车购买价
                
                
                    2022-11
                    购买时间
                
                
                    洛阳
                    购买地点
                
            
            
    
        
            
        
        
            
        
        
            
        
        
            
        
    
    

    
        $(document).ready(function () {
            var koubeiid = 4964222;

        });

    


            
                最满意
                用着本身还是挺不错的，各方面从颜值和品质来说都是很好的，我自己用着对于方方面面都是挺不错的。
            
            
                最不满意
                确实会有一点小缺点，当然也是会存在一些让人觉得不太舒服的地方，例如刚回来时候的新车异味一样，会让人觉得不太舒服，所以还是挺令人不太舒服的。
            

            

    空间
        
            
            
        
        5
    
    
    空间是很充裕的，用着的时候在乘坐方面就是很宽松的，前排后排之前的距离都是很宽松的，坐着的时候都有一定剩余量的空间，所以用着还是很不错的，很宽松，用着很踏实。
    
    






                

    驾驶感受
        
            
            
        
        5
    
    
    基本上也是没什么问题的，用着是很合适的，不论是平时的一个使用，还是各方面的一个使用都是很合适，所以我认为挺不错的。
    
    






            
                

    操控
        
            
            
        
        5
    
    
    手感是挺简单的，用着也是挺适合的，轻快灵活，上手是非常轻快的，很灵活轻松。
    
    




            

            




            

    续航
        
            
            
        
        5
    
    
    能耗这个数值的表现基本上也还不错，虽然刚开始确实有一些不太稳定的表现，但是经过时间的一个沉淀，数值还是比较稳定的，所以也算是越来越稳定的，也比较能接受。
    
    





            
                

    舒适性
        
            
            
        
        4
    
    
    舒适性还是挺不错的，座椅的软硬都是很舒适很不错的，就是隔音效果不是特别不好，所以有点不是很满意他的情况。
    
    




            
            

    外观
        
            
            
        
        5
    
    
    外观的设计感还可以，我对于设计感是没什么特别大的要求的，所以还是比较简单的，我自己也是比较满意的。
    
    





            

    内饰
        
            
            
        
        5
    
    
    内饰的品质还不算，配置什么的也都还可以，所以我还是比较满意的，毕竟整体都没什么太大问题，还是比较适合的。
    
    





            

    性价比
        
            
            
        
        5
    
    
    性价比还是挺好的，整体的一个品质和配置各方面的都算不错，是很具有性价比的一个车子，所以也还算是挺不错的。
    
    





            

            
                



            



        "
婧miwns,2023-05-15 首次发表,"
            
                
                    5100km
                    
                    行驶里程
                
                
                    6.5L
                    百公里油耗
                
                
                
                
                    20.0kWh
                    春秋电耗
                
                
                
                
                
                
                    170公里
                    春秋续航
                
                
                
                

                
                
                    23.95万
                    裸车购买价
                
                
                    2022-12
                    购买时间
                
                
                    宁德
                    购买地点
                
            
            
    
    

    
        $(document).ready(function () {
            var koubeiid = 4960191;

        });

    


            
                最满意
                车的外形比较霸气，还有就是续航也比较好，可以支持快充和慢充，油耗才5点多升，纯电续航也可以达到180公里，这个车子无论是在动力方面还是配置方面都非常优秀。
            
            
                最不满意
                车的内饰的音响效果是有点差，我感觉杂音比较多，可能就是行驶速度快的时候有一点轮胎噪音的影响，所以有些影响音乐音质。
            

            

    空间
        
            
            
        
        5
    
    
    空间很好，我1米85乘坐都觉得还是挺舒服的，后备箱也很大。
    
    






                

    驾驶感受
        
            
            
        
        5
    
    
    NVH效果非常好，对比我家的老起亚，那简直天上地下，从低速到高速都有不错的Nvh性能。
    
    






            

            




            

    续航
        
            
            
        
        5
    
    
    续航没有虚标，我个人脚法比较暴力。纯电模式下喜欢地板油起步，运动模式，动能回收强，空调随机情况下，基本184续航能跑170。我开的比较猛，我媳妇开百公里电耗不到16。
    
    





            
            

    外观
        
            
            
        
        5
    
    
    外观而言个人是很喜欢的，我家人也说大气，我长期出差，车子现在主要是我媳妇开，她也非常喜欢黑色。
    
    
    
    
    


    
    
    
    


    





            

    内饰
        
            
            
        
        4
    
    
    不是很惊艳但是很实在，触手可及的都是皮质包裹很可以了，氛围灯我觉得效果一般，没有想象中那么好看。音响效果一般，我做过我兄弟的A7L，我觉得他的那个更好点。听说这个缝线久了皮也会皱，不知道有啥好的解决办法。
    
    
    
    
    


    
    
    
    


    





            

    性价比
        
            
            
        
        5
    
    
    性价比很好，这个价格是买一台这么高续航的混动车，可油可电，驾驶也比较舒服。
    
    





            
                

    智能化
        
            
            
        
        5
    
    
    360很实用，没有他我媳妇车都不会停。并线辅助有用，主动刹车还没触发过。后视镜加热好评，倒车自动下翻好评，座椅加热好评。
    
    




            

            



        "
焦作心心念念不忘,2023-05-14 首次发表,"
            
                
                    1700km
                    
                    行驶里程
                
                
                    6.2L
                    百公里油耗
                
                
                
                
                    22.0kWh
                    春秋电耗
                
                
                
                
                
                
                    175公里
                    春秋续航
                
                
                
                

                
                
                    24.68万
                    裸车购买价
                
                
                    2023-04
                    购买时间
                
                
                    郑州
                    购买地点
                
            
            
    
    

    
        $(document).ready(function () {
            var koubeiid = 4959964;

        });

    


            
                最满意
                电车优势在于停车后，可以肆无忌惮的用空调，看一场电影，睡个小觉，确实实现了之前预计的生活场景，十年后再看纯电来得及 哈哈！！！
            
            
                最不满意
                整体车子我还是很满意的，除了售前售后的态度不行，我是郑州这边，车子不好砍价的。
            

            

    空间
        
            
            
        
        5
    
    
    挺好的，按照我们家里面的乘坐确实是挺不错的，后排的空间都很好。
    
    






                

    驾驶感受
        
            
            
        
        5
    
    
    悬架偏软，之前开的德系，还需要适应。轮胎是惊喜，用的米其林，一条一千多。
    
    






            

            




            

    续航
        
            
            
        
        5
    
    
    已经非常好了，纯电行驶可以达到将近180公里，开空调也不担心什么，油耗也就是5点多升。
    
    





            
            

    外观
        
            
            
        
        5
    
    
    这真的是非常好看，这都是很霸气，设计挺运动，非常喜欢这个造型。
    
    
    
    
    


    





            

    内饰
        
            
            
        
        5
    
    
    这个内饰给我的感觉特别好，就是我感觉坐进去一下就显得比较高级了，这个材质材质方面用的都是特别好的，空间也大，手感摸起来都特别舒服，大屏幕也好看，显示的也比较清楚，还是挺上档次的，空起还可以放些物品，而且多了实体按键。
    
    
    
    
    


    
    
    
    


    
    
    
    


    





            

    性价比
        
            
            
        
        4
    
    
    最打动我的点就是近180的纯电里程，远程不焦虑，平时上下班往返20多公里，加上周末用车，一周充一次电足够，符合自己家用车场景。也看过其他品牌，同纯电里程对比拿铁性价比无敌。
    
    





            
                

    智能化
        
            
            
        
        5
    
    
    智能化方面也确实是不错，很好用，另外我觉得这个车子的车机功能用起来都很好用，行驶起来也都比较稳，语音识别率也很高，不太肯讲普通话都能识别出来，这个车的智能巡航也非常好，真的要点赞一下了，在高速上开车也特别轻松，完全也没有压力。
    
    




            

            



        "
Sasa911125,2023-04-30 首次发表,"
            
                
                    5454km
                    
                    行驶里程
                
                
                    5.2L
                    百公里油耗
                
                
                
                
                
                
                    20.0kWh
                    冬季电耗
                
                
                
                
                
                
                     125公里
                     冬季续航
                
                

                
                
                    26.30万
                    裸车购买价
                
                
                    2022-08
                    购买时间
                
                
                    大连
                    购买地点
                
            
            
    
        
            
        
    
    

    
        $(document).ready(function () {
            var koubeiid = 4939867;

        });

    


            
                最满意
                首先介绍下自己，我是莎莎，多辆WEY车子的车主，不是因为有多喜欢，是因为没有开过其他品牌的车子，所以一直不敢换其他品牌车子，要说为什么选择拿铁P,是因为想要一辆新能源汽车，首选省钱是真的，然后可以不限号，在大连很多路段是限号的，但是目前来说，新能源汽车不限号，而且有置换补贴，所以跟家里商量选择了拿铁P。
            
            
                最不满意
                其实我想吐槽的就是每次去加油，都要解锁一次油箱 最尴尬的是，我第一次去加油的时候，怎么都按不开，在加油站给店里打电话问到的，在主驾驶那块有个按钮解锁，加油站大哥以为我偷的车呢。
            

            

    空间
        
            
            
        
        4
    
    
    空间的位置对于我来说还是可以的，我身高1米69，体重110斤，无论是坐在驾驶位置上还是副驾驶还是后排，都是有很大的空余空间的。有的时候中午我喜欢在车上午睡，把整个座椅调到仰卧的角度睡觉，也是可以满足的。但是我的第1辆车是VV7，对于VV7相对比较，嗯，它的空间还是略微小一些，但平时我是上下班开，偶尔会带孩子出去玩也是够用的，因为不会拉很多货物嘛，也是可以的。
    
    






                

    驾驶感受
        
            
            
        
        5
    
    
    拿铁p这一位是我的第1辆新能源汽车也是我的第1辆电车，嗯，我一直开始觉得开电车我晕车，因为他太静音了，感觉不到发动机的声音，但是我开到拿铁P的时候驾驶感受还是不错的，整个空间的隔音效果是非常好的，方向盘的操控也是很稳的，尤其是在高速上行驶的时候很稳,分享一下一件很尴尬的事情，刚开拿铁P的时候，我总是忘记熄火，经常停车忘记了熄火，因为实在是太静音了，现在已经慢慢适应了电车的静音
    
    






            

            




            

    续航
        
            
            
        
        4
    
    
    续航我就是会给他4分的表现，满分5分的情况下。在大连这样冬季不算冷的情况下，正常续航充满电的话是155公里，但是我测了一个整个冬天它的续航下来大概是120左右，其实已经算是理想的了，可能是我太追求完美了吧，我一般都是在单位充电，都是使用的慢充，这样也节省了我很大的一部分用车的成本。
    
    





            
            

    外观
        
            
            
        
        5
    
    
    外观来说都是家族式的设计，我已经看的很习惯了。现在行驶在马路上遇见车友的时候我都会滴滴，因为很有辨识度，一眼就看出来了我们的车友。
    
    
    
    
    


    





            

    内饰
        
            
            
        
        5
    
    
    内饰来说整个座椅包裹的还是不错的，整个内饰的设计还是比较时尚，比较豪华的一个设计。整个门都是软包围的，感觉档次感拉满了。
    
    
    
    
    


    





            

    性价比
        
            
            
        
        4
    
    
    提车的时候是没有任何优惠的，但是店里送了很多精品，总体来说性价比，我觉得还是不错的。
    
    





            
                

    智能化
        
            
            
        
        5
    
    
    我最常用的功能就是远程开启空调，冬天的时候我都会提前10分钟开启空调，开启座椅加热跟方向盘加热，这样我下楼的时候整个车还是温暖的，这个空调享用的速度还是很快的，这一点是值得表扬的。他的车机系统是小魏同学，有的时候可能也是我的普通话不标准吧，小魏同学总是听不清我的指令，但是在他能听清的情况下，他的指令响应速度还是很快的。
    
    




            

            



        "
衢州车友4822731,2023-03-15 首次发表,"
            
                
                    1860km
                    
                    行驶里程
                
                
                
                
                
                    8.1kWh
                    春秋电耗
                
                
                
                
                
                
                    167公里
                    春秋续航
                
                
                
                

                
                
                    24.10万
                    裸车购买价
                
                
                    2023-01
                    购买时间
                
                
                    广州
                    购买地点
                
            
            
    
        
            
        
        
            
        
        
            
        
    
    

    
        $(document).ready(function () {
            var koubeiid = 4864141;

        });

    


            
                最满意
                前面的设计还是比较大气的，看上去挺豪华，挺气派的，无论是什么时候我都愿意开这个车出门儿。
            
            
                最不满意
                一辆车有满意的地方，就会有不满意的地方，反正这个车不满意的地方，我暂时没有什么想说的，因为我觉得压根儿就不重要。
            

            

    空间
        
            
            
        
        5
    
    
    坐在这个车里面的时候就会觉得后排的空间比较大，后面坐三个人完全不会觉得拥挤，还会觉得很宽敞。
    
    






                

    驾驶感受
        
            
            
        
        5
    
    
    第一次开这个车的时候，我就觉得这样的驾驶感受仿佛是为自己量身定做的，一般，提速的时候压根儿没什么顿挫感，这一点就可以秒杀很多同级别的车。就算是新手来开这个车，也会觉得比较好操作，这就是这个车比较成功的地方。
    
    






            

            




            

    续航
        
            
            
        
        5
    
    
    充电太方便了，我们那边现在到处都有充电桩，然后充一次电可以管很长的时间，我觉得每个月可以节约不少的油钱。
    
    





            
            

    外观
        
            
            
        
        5
    
    
    外观的设计倒是没有什么太多的特色，不过这样的设计还算是时尚的，很多人都会喜欢这样的款式，我老爸都喜欢。
    
    





            

    内饰
        
            
            
        
        5
    
    
    主要是觉得这个车的内饰的用料比较好用，手摸上去都能够感觉得到，全部都是比较好的材料，这一点还是挺重要的。
    
    





            

    性价比
        
            
            
        
        4
    
    
    我当时买车的时候，专门儿拿这个车去和同级别的车做了一些对比，然后我发现这个车的性价比确实要高一点的。然后优惠力度也大，所以买这个车你会觉得买的很开心。
    
    





            
                

    智能化
        
            
            
        
        5
    
    
    配置真的就不用多说了，只要用过这个车的人基本上都会夸奖说这个车的配置高，其实我也是这么想的。以前没见到过的配置，在这个车上我都见到了，这点是不错的。
    
    




            

            



        "
0444531,2023-03-13 首次发表,"
            
                
                    3225km
                    
                    行驶里程
                
                
                
                
                
                    15.2kWh
                    春秋电耗
                
                
                
                
                
                
                    150公里
                    春秋续航
                
                
                
                

                
                
                    23.20万
                    裸车购买价
                
                
                    2022-11
                    购买时间
                
                
                    丽水
                    购买地点
                
            
            
    
        
            
        
        
            
        
        
            
        
        
            
        
    
    

    
        $(document).ready(function () {
            var koubeiid = 4860859;

        });

    


            
                最满意
                拿铁DHT-PHEV的豪华感是从内而外都有的。这个车型的外观设计就非常的优雅，车轮也很大，底盘也抬的比较高。作为一台城市SUV，它兼具了豪华感与舒适性，车内同样有很好的做工和用料，座椅的包裹性好，有很好的背部支撑和腿部支撑。舒适度完全是没有问题的。另外，车内的整体氛围感都是偏豪华感一些的，从做工用料都不错。这台车还是插电式混合动力的，不仅能够纯电使用，混合动力的油耗也是非常低的，综合续航里程很差。
            
            
                最不满意
                都特别满意，不管是外观还是内饰。我自己看车的时间比较久，所以对这台车型还是比较了解的。后期用车也比较顺心。
            

            

    空间
        
            
            
        
        5
    
    
    空间尺寸大，家用SUV能有这样的尺寸就够了，不需要特别大的。何况我平时都用不完这个车内的位置。
    
    






                

    驾驶感受
        
            
            
        
        5
    
    
    转向清晰，混动车型的驾驶也是很轻松的，油门，刹车就可以了。车上的很多功能配置，只要能看见的，基本上都能用语音来控制。而且识别度还比较高，车机很流畅，几块屏幕都比较好用。
    
    






            

            




            

    续航
        
            
            
        
        5
    
    
    油耗当然不高，混动模式下油耗4.8L吧。关键是还可以纯电行驶。充电也比较方便。
    
    





            
            

    外观
        
            
            
        
        5
    
    
    外观造型看着还是非常时尚的，而且整车的做工都很精致。
    
    





            

    内饰
        
            
            
        
        4
    
    
    内饰也保持了非常高的设计水准，三块屏幕都有各自的功能，而且触控比较灵敏。很多地方都是皮质包裹的，很少见到硬塑料的位置。不管是操作的便利性还是使用舒适度都挺好的。
    
    





            

    性价比
        
            
            
        
        5
    
    
    当然很高，价格方面就是它的优势，插电式混合动力的车型对比了比亚迪。这台车更具有性价比。
    
    





            
                

    智能化
        
            
            
        
        5
    
    
    由于是混动车型，所以我平时在车上看电影，听歌的时候就会更加的放心一些，因为电池的容量很大。还有一点就是车技也非常流畅，平时用的功能都很多。
    
    




            

            



        "
对事不对人pji,2023-03-13 首次发表,"
            
                
                    2115km
                    
                    行驶里程
                
                
                
                
                
                    8.3kWh
                    春秋电耗
                
                
                
                
                
                
                    168公里
                    春秋续航
                
                
                
                

                
                
                    24.10万
                    裸车购买价
                
                
                    2023-01
                    购买时间
                
                
                    郑州
                    购买地点
                
            
            
    
        
            
        
        
            
        
        
            
        
        
            
        
        
            
        
    
    

    
        $(document).ready(function () {
            var koubeiid = 4860155;

        });

    


            
                最满意
                价格不算贵，你和其他的车一对比，行李就会有数了。
            
            
                最不满意
                不满意的地方我真的暂时还想不到，可能刚开始对于这个车都是充满了喜悦之情吧，看到这个车就会觉得发自内心的喜欢，根本就想不到会有什么缺点。
            

            

    空间
        
            
            
        
        4
    
    
    后排座位的空间是真的大，坐在后面不自觉的就会觉得很宽敞。
    
    






                

    驾驶感受
        
            
            
        
        5
    
    
    当时我会觉得这个车有点大，可能提速没有那么快，但实际上自己也是想错了，无论是什么时候，这个车的提速的确没有让自己失望过。平常我就是比较喜欢睡懒觉的，然后有时候要迟到了，但是开着这个车，平常在路上超车什么的真的都太容易了。所以我很喜欢这个车的驾驶感受，而且开这个车开习惯了，开时间长了再让我开其他的车，我真的会觉得不太习惯。
    
    






            

            




            

    续航
        
            
            
        
        5
    
    
    充电其实是一件比较简单的事情，而且这种车比纯油车要环保一点。
    
    





            
            

    外观
        
            
            
        
        5
    
    
    尾部的造型设计是自己比较喜欢的，反正我就会觉得开起来很舒服，很自在。
    
    





            

    内饰
        
            
            
        
        5
    
    
    这种内饰的设计真的是很不错的，用手摸上去都能够感觉得到，全部都是比较好的材料。还有一点想夸奖的是这个车的档杆的设计，这种档杆的设计看上去好看，操作起来也会方便，真是一举两得的事情。
    
    





            

    性价比
        
            
            
        
        5
    
    
    我对于价格是比较敏感的，首先我就会看价格，看这个车的价格高不高，然后实际上这个车的价格确实达到了自己心目中的要求。当时那边的销售还给我送了很多的礼品。别提我心里有多开心了，那个时候我就觉得自己是占到了便宜的。
    
    





            
                

    智能化
        
            
            
        
        5
    
    
    整体的配置是真的很高的，反正有很多我想要的配置，这个车是全部都有的。
    
    




            

            



        "
明不在意,2023-03-12 首次发表,"
            
                
                    3600km
                    
                    行驶里程
                
                
                
                
                
                    15.5kWh
                    春秋电耗
                
                
                
                
                
                
                    145公里
                    春秋续航
                
                
                
                

                
                
                    21.50万
                    裸车购买价
                
                
                    2022-11
                    购买时间
                
                
                    南平
                    购买地点
                
            
            
    
        
            
        
        
            
        
        
            
        
        
            
        
        
            
        
    
    

    
        $(document).ready(function () {
            var koubeiid = 4859071;

        });

    


            
                最满意
                车身设计非常优雅。内饰也有不错的豪华感，同价格的合资品牌没有这样的品质。另外这车是插电式混动的，加油充电都能用车，而且纯电的续航并不差，用了几次，续航都有140公里左右了，真的很实在，而且车的充电时间也很快，大概补电20多分钟就满了。真的省钱又方便。
            
            
                最不满意
                都挺满意的，混动车型油耗也比较低，每天开车堵车的情况下也不太担心了。我买车也有一段时间了。有时出门上高速，基本都是来回才加油充电，综合续航很高，家人也很满意这台车。
            

            

    空间
        
            
            
        
        5
    
    
    车身长度接近4米7了，空间很大了， 当然是没有问题，我自己用车心里清楚。后排腿部都还有20多公分，活动距离比较大。
    
    






                

    驾驶感受
        
            
            
        
        5
    
    
    这车还是挺好开的。有无钥匙进入，有一键启动，这些基础的就是最实用的东西。而且方向盘也比较灵活，电子助力不会特别重。还有车道保持和主动刹车。
    
    






            

            




            

    续航
        
            
            
        
        5
    
    
    城区油耗大概都不到5L。所以有时候堵车，我才是没有担心油耗的，况且它还可以用纯电用。
    
    





            
            

    外观
        
            
            
        
        5
    
    
    外观造型还不错。这个车标就非常的高级，看起来像旗杆一样。中网的面积也很大，非常有个性。
    
    





            

    内饰
        
            
            
        
        5
    
    
    内饰简洁，有三块屏幕。实体按键非常少。但是操控的难度却很低，新车内部的气味小。听说用的都是环保材料。
    
    





            

    性价比
        
            
            
        
        4
    
    
    性价比很不错了，低价格，高配置，这就是这台车型的优势了。我用车的时间还是比较多，高速城区都有，还是选个油耗低的车型更好些。
    
    





            
                

    智能化
        
            
            
        
        5
    
    
    有很多好用的，实用的功能。科技辅助功能也没有缺席。总体来说都很满意。
    
    




            

            



        "
rywC宵c6,2023-03-10 首次发表,"
            
                
                    1522km
                    
                    行驶里程
                
                
                
                
                
                    10.8kWh
                    春秋电耗
                
                
                
                
                
                
                    167公里
                    春秋续航
                
                
                
                

                
                
                    24.10万
                    裸车购买价
                
                
                    2023-01
                    购买时间
                
                
                    北京
                    购买地点
                
            
            
    
        
            
        
        
            
        
        
            
        
        
            
        
    
    

    
        $(document).ready(function () {
            var koubeiid = 4856479;

        });

    


            
                最满意
                我觉得这个车的价格是真的很实在，当时看到这个车的时候，我就在心里想，这么好的车价格一定是非常贵的，可能会超出自己的预算，但当我知道价格之后，我确实是很惊讶的。因为压根儿就没有超出自己的预算，我还会觉得这个车很值得自己去买。
            
            
                最不满意
                一辆车有满意的地方就会有不满意的地方，这我都是可以接受的，因为再贵的车也会有缺点嘛，不过这个车的缺点我暂时还不想说，因为我对于这个车基本上都是非常满意的。
            

            

    空间
        
            
            
        
        5
    
    
    就是觉得这个车后排的空间比较大，反正我们平时还挺喜欢出去玩的，出去玩的时候，家人坐在后排睡觉都是睡得很安心的，因为他们都说空间大一点也不压抑，但是如果说空间小的话，那么睡在后排可能又是不一样的感觉了。还有我们公司每次聚餐的时候，大家也愿意坐我的车，都说我的车空间坐着比较大。
    
    






                

    驾驶感受
        
            
            
        
        5
    
    
    整体的驾驶感受确实是比较好的，不管是前期的提速还是后期的提速，总能够满足自己的需求。
    
    






            

            




            

    续航
        
            
            
        
        5
    
    
    当时我觉得充电的车特别麻烦，我都不想买的，但等到我自己真正用了之后，我发现这样的车是真的香，因为充电方便，而且电耗也比较低，每个月真的可以节约不少的油钱呢。
    
    





            
            

    外观
        
            
            
        
        4
    
    
    前脸的设计还是比较漂亮的，看着就是那种很大气的感觉。
    
    





            

    内饰
        
            
            
        
        5
    
    
    这种内饰的设计就是自己喜欢的，因为我觉得摸着很舒服，用的都是一些非常软的材料，我就喜欢这样的材料。
    
    





            

    性价比
        
            
            
        
        5
    
    
    价格是很实在的，如果我觉得价格贵的话，我当时也不会去买的。
    
    





            
                

    智能化
        
            
            
        
        5
    
    
    只要你开这个车，你就能感受到配置有多么的高了。
    
    




            

            



        "
上饶车友5533006,2023-03-02 首次发表,"
            
                
                    1890km
                    
                    行驶里程
                
                
                
                
                
                    10.8kWh
                    春秋电耗
                
                
                
                
                
                
                    168公里
                    春秋续航
                
                
                
                

                
                
                    23.10万
                    裸车购买价
                
                
                    2023-01
                    购买时间
                
                
                    广州
                    购买地点
                
            
            
    
        
            
        
        
            
        
        
            
        
    
    

    
        $(document).ready(function () {
            var koubeiid = 4845119;

        });

    


            
                最满意
                品牌确实是非常突出的，当时大家知道了，我买了长城的车都是比较认可的，然后我也会认为自己的选择没有错。现在开这个车我也会觉得很舒服，从来都没有后悔过，那就说明自己的选择是对的。
            
            
                最不满意
                对于这个车不满意的点，我真的还没找到，等我找到了，后面再来慢慢儿的说一说吧。
            

            

    空间
        
            
            
        
        4
    
    
    比较喜欢的是这个车后排的空间，坐在后面你会觉得空间特别大，给到自己比较大的安全感。
    
    






                

    驾驶感受
        
            
            
        
        5
    
    
    第一次开这个车的时候，我就觉得这样的驾驶感受就是自己想要的，开起来真的一点压力都没有。之前把这个车借给我的朋友开，我朋友也会夸奖说这个车的操控很好，开起来舒服。
    
    






            

            




            

    续航
        
            
            
        
        5
    
    
    充电是特别方便的，而且我觉得这样的车比较环保，现在到处都有充电桩，所以买这种车是一举两得的事情。
    
    





            
            

    外观
        
            
            
        
        5
    
    
    当时看到这种外观的时候，真的就不想再去看其他的车了，因为这个车的外观设计非常符合自己心目中的要求，特别是前脸的设计很霸气，整个车身看起来就是比较大气的感觉。
    
    





            

    内饰
        
            
            
        
        5
    
    
    车里面的屏幕是比较大的，屏幕的分辨率很高，在操作的时候你会觉得很方便，触屏是比较灵敏的，整个的色彩搭配都是自己想要的样子。还有就是内饰的用料是比较好的材料，用手摸得到的地方基本上都是特别软的材料，可以看得出来厂家在这些方面的用心。
    
    





            

    性价比
        
            
            
        
        5
    
    
    价格就不用说了，因为很多人都会认为这个车的性价比是比较高的，反正配置也高，所以你会觉得买这个车买的划算，我心里就是这么想的。
    
    





            
                

    智能化
        
            
            
        
        5
    
    
    整体的配置确实是非常高的，买了这个车之后，我压根儿就不想再去看其他的车了，这个车里面有很多的配置是自己之前都没有见过的，用起来也会觉得很高科技，为自己带来了不少的方便。
    
    




            

            



        "
秒杀你y,2022-11-19 首次发表,"
            
                
                    1800km
                    
                    行驶里程
                
                
                
                
                
                    21.2kWh
                    春秋电耗
                
                
                
                
                
                
                    170公里
                    春秋续航
                
                
                
                

                
                
                    24.30万
                    裸车购买价
                
                
                    2022-10
                    购买时间
                
                
                    佛山
                    购买地点
                
            
            
    
        
            
        
        
            
        
        
            
        
        
            
        
        
            
        
        
            
        
    
    

    
        $(document).ready(function () {
            var koubeiid = 4694208;

        });

    


            
                最满意
                拿铁DHT PHEV这台车的外观实在是让我太喜欢了，第一次看到这个车的时候就让我眼睛一亮，然后就赶紧试驾，没想到驾驶感受也是非常的好，家人也都对这款车的认可度很高，所以就选择了这个车。
            
            
                最不满意
                没什么不满意的地方，新车各方面的表现都挺好。
            

            

    空间
        
            
            
        
        5
    
    
    乘坐空间足够，车身4668mm，车宽1890mm，车高1730mm，轴距2745mm，就这个尺寸还是非常有优势的，坐在车内葛优躺都没问题。我们家人的个子都算是中等身材，坐在这个车内都还比较宽松，没有感到拥挤，后备箱也是很大的，一家人出去玩坐这个车很方便。
    
    






                

    驾驶感受
        
            
            
        
        5
    
    
    车子的起步很轻快，转弯的时候车身也很稳，开这个车的时候隔音效果也很好，基本听不到风噪和胎噪，驾驶舒适度很高。车子在满载的时候爬坡也很有劲，车子动力非常的充沛。
    
    






            

            




            

    续航
        
            
            
        
        5
    
    
    这个车的油耗很低，我平常跑的堵车路段也不多，所以油耗只有4.8L。没事的时候就充电，也比较方便，也不会有续航焦虑。
    
    





            
            

    外观
        
            
            
        
        5
    
    
    外形确实好看，这个车是的线条是很流畅的，造型非常的吸引我。车子的前脸很大气，两个大灯看起来非常的有质感。
    
    





            

    内饰
        
            
            
        
        5
    
    
    内饰造型好看，用料也比较好，记得我哥当时买福特车的时候我坐进去就感觉气味很大，我这个车一点异味也没有，确实很环保。
    
    





            

    性价比
        
            
            
        
        5
    
    
    性价比很高，这个车适合我们这种刚上班的年轻人，油耗低、颜值高。
    
    





            
                

    智能化
        
            
            
        
        5
    
    
    配置不用多说了，我非常满意，车机系统反应也很快。
    
    




            

            



        "
不要迷恋爷p,2022-10-22 首次发表,"
            
                
                    1300km
                    
                    行驶里程
                
                
                
                
                
                    12.8kWh
                    春秋电耗
                
                
                
                
                
                
                    163公里
                    春秋续航
                
                
                
                

                
                
                    26.10万
                    裸车购买价
                
                
                    2022-09
                    购买时间
                
                
                    安庆
                    购买地点
                
            
            
    
        
            
        
        
            
        
        
            
        
    
    

    
        $(document).ready(function () {
            var koubeiid = 4643702;

        });

    


            
                最满意
                空间是特别大的，坐在后排压根不需要太操心，因为可以翘起二郎腿，也可以来个葛优躺，反正这个车的空间一直都给到自己非常大的自信。
            
            
                最不满意
                我真的觉得这个车到处都会让自己满意，很难找出来有什么让自己不太满意的地方。
            

            

    空间
        
            
            
        
        5
    
    
    我当时买车的时候也是看中了这个车的空间的，当时我们一家人一起去看的，就会觉得坐在后面很舒服，很自在。
    
    






                

    驾驶感受
        
            
            
        
        5
    
    
    整体的驾驶感受是偏向于运动感的，反正只要你愿意提速，速度很快就提起来了，而且发动机都没有什么声音，隔音效果也比较好，这一点是我比较享受的。平常我们走的基本上都是城区路段，走城区里面就会觉得这个车的舒适性是非常好的，完全不会感到颠簸。
    
    






            

            




            

    续航
        
            
            
        
        5
    
    
    充一次电可以说是管一个星期了，因为我平常开的也没有那么多，我觉得跟加油相比也不麻烦，想想这个车可以为自己节约不少的油钱，心里就很开心。
    
    





            
            

    外观
        
            
            
        
        5
    
    
    车灯很大气，比较犀利，三个竖形的这种LED的光源看上去就是比较霸气的。
    
    





            

    内饰
        
            
            
        
        5
    
    
    坐在这个车里面，最大的感受就是太豪华了。
    
    





            

    性价比
        
            
            
        
        5
    
    
    其实买车都会关注价格的，我当然也是不例外的，因为车不是衣服，买了不能穿就可以不要了，车要开很多年的，所以要认真对比对比来对比去，我发现这个车比同级别的价位都要低一些，所以我就愿意去买。
    
    





            
                

    智能化
        
            
            
        
        5
    
    
    不管是哪一方面的配置，这个车的配置都是很高的，反正会让自己觉得满意。
    
    




            

            



        "
温州车友2557011,2022-10-21 首次发表,"
            
                
                    1559km
                    
                    行驶里程
                
                
                
                
                
                    15.0kWh
                    春秋电耗
                
                
                
                
                
                
                    108公里
                    春秋续航
                
                
                
                

                
                
                    24.30万
                    裸车购买价
                
                
                    2022-10
                    购买时间
                
                
                    温州
                    购买地点
                
            
            
    
        
            
        
        
            
        
        
            
        
        
            
        
    
    

    
        $(document).ready(function () {
            var koubeiid = 4643261;

        });

    


            
                最满意
                要说最满意的地方，那肯定就是这个车的经济性了。比起一般的燃油车来说要省油太多，最近这段时间经常跑拥堵的市区，我一般就用纯电了，从家用的角度上来说，这个车真的是完全符合我的要求了。
            
            
                最不满意
                不满意的地方肯定也是有的，现在来说就是感觉隔音效果并不是特别的好，如果跑高速的话，风造和拍照都是比较明显的。
            

            

    空间
        
            
            
        
        5
    
    
    空间大大的，坐在车里面不会有任何拥挤的感觉，并且这个车的宽度也很给力，后排坐下三个成年人，不会出现人之间挨的很紧的现象。
    
    






                

    驾驶感受
        
            
            
        
        4
    
    
    动力性的还是相当有劲儿的，深踩油门之后一种穿出去的感觉瞬间就有了，并且这个车的操控还很灵敏。方向盘指向特别的精确，没有虚位!就是车速快了之后，风噪和胎噪也就跟着上来了，这一点我觉得不是特别满意。
    
    






            

            




            

    续航
        
            
            
        
        5
    
    
    这段时间还是在社区里面跑的比较多，好在这个车是新能源的，所以油耗不会很高，一般跑市区的话，纯电行驶就可以。
    
    





            
            

    外观
        
            
            
        
        5
    
    
    外观设计完全符合我的审美观，即时尚又大气，而且还很有档次的感觉。
    
    





            

    内饰
        
            
            
        
        5
    
    
    中控台设计比较简洁，各种功能一目了然的，在开车的过程当中去操控。会觉得非常的顺手，另外这个车的内饰用料还很良心。不少地方都有软性材质覆盖，所以视觉效果和手感都很不错。
    
    





            

    性价比
        
            
            
        
        5
    
    
    选择这个车肯定是因为感觉他值得，价格合适配置齐全。
    
    





            
                

    智能化
        
            
            
        
        5
    
    
    配置方面该有的都有了，实用性都是很不错的。
    
    




            

            



        "
拍拍等待之y,2022-10-21 首次发表,"
            
                
                    3700km
                    
                    行驶里程
                
                
                
                
                
                    12.8kWh
                    春秋电耗
                
                
                
                
                
                
                    168公里
                    春秋续航
                
                
                
                

                
                
                    24.10万
                    裸车购买价
                
                
                    2022-06
                    购买时间
                
                
                    成都
                    购买地点
                
            
            
    
        
            
        
        
            
        
        
            
        
        
            
        
    
    

    
        $(document).ready(function () {
            var koubeiid = 4641733;

        });

    


            
                最满意
                这个车的配置是比较高的，和很多其他的车相比，我就觉得这样的配置还是蛮符合自己的心理预期的。
            
            
                最不满意
                我暂时还没有发现，这个车有什么自己不能接受的缺点。
            

            

    空间
        
            
            
        
        5
    
    
    整体的空间当然是比较大的，后备箱的空间是非常大的。反正我还是挺喜欢坐在这个车里面的，平时如果说有人开车的话，我就会坐在后面享受一下，反正后排的空间也大，来个葛优躺，休息一下不要太舒服。
    
    






                

    驾驶感受
        
            
            
        
        5
    
    
    和很多其他的车相比，这个车的驾驶感受就是比较好的。我记得一开始开这个车的时候，我就是比较幸运的，因为我觉得开起来很舒服。
    
    






            

            




            

    续航
        
            
            
        
        5
    
    
    我觉得充电的车开着比油车爽太多了，因为充电可以省不少的费用，而且我觉得也是比较环保的。
    
    





            
            

    外观
        
            
            
        
        5
    
    
    外观的造型比较大气，腰线的设计比较饱满吧，喜欢开着这个车出门因为我觉得很霸气，让自己很有面子，外观值得赞一个。
    
    





            

    内饰
        
            
            
        
        5
    
    
    坐在这个车里面的整体感受是比较好的，而且行车质感是挺棒的，基本上听不到外面的什么声音，就算是走那种颠簸路段，坐在这个车里面的舒适感也是比较好的。
    
    





            

    性价比
        
            
            
        
        5
    
    
    价格确实是不贵的，本身定价就没有那么高，再加上当时我买车的时候也给我优惠了不少。
    
    





            
                

    智能化
        
            
            
        
        5
    
    
    整体的配置当然是比较高的，特别是智能系统比较全面，反正语音控制系统是非常棒的，可以不用动手，直接用嘴巴操控就可以了。再加上这个车的仪表盘是液晶的，看上去显示特别清晰，充满着科技感。
    
    




            

            



        "
龙爱百敬复秀,2022-10-21 首次发表,"
            
                
                    1833km
                    
                    行驶里程
                
                
                
                
                
                    15.0kWh
                    春秋电耗
                
                
                
                
                
                
                    105公里
                    春秋续航
                
                
                
                

                
                
                    24.30万
                    裸车购买价
                
                
                    2022-10
                    购买时间
                
                
                    石家庄
                    购买地点
                
            
            
    
        
            
        
        
            
        
        
            
        
    
    

    
        $(document).ready(function () {
            var koubeiid = 4641667;

        });

    


            
                最满意
                作为一个颜值控来说，感觉这个车的外观特别有吸引力，无论是犀利的前脸还是车身流畅的线条都让我各种的爱不释手，百看不厌。
            
            
                最不满意
                人无完人，车无完车嘛，所以缺点肯定也是有的，现在就是感觉这个车内饰是颜色有点儿单调，要是多一些选择的话，那肯定就更吸引年轻人了。
            

            

    空间
        
            
            
        
        5
    
    
    前排座椅调整好位置，后排的人坐着还有很充足的活动空间，空间这方面是完全不用担心的
    
    






                

    驾驶感受
        
            
            
        
        5
    
    
    操控非常的灵敏，方向盘转向特别的轻盈，在市区里面单手操控都觉得很轻松。另外刹车的调教也是比较灵敏的，在急刹车的情况下车身可以稳稳的停住，点头现象并不是特别明显
    
    






            

            




            

    续航
        
            
            
        
        5
    
    
    现在混动模式下，综合油耗保持在百公里4升左右，还是很符合我的预期的，毕竟这是一台新能源车，怎么开都是要比燃油车经济省油的，纯电模式就更不用说了吧！特别适合市区用
    
    





            
            

    外观
        
            
            
        
        5
    
    
    外观看起来特别的有气场，年轻人开出去回头率杠杠的，另外车身的颜色也非常的正点，在阳光的照射下还有点儿发光的感觉。
    
    





            

    内饰
        
            
            
        
        4
    
    
    中控台设计简洁大方，用料还是比较考究的，很多地方都覆盖了软性材质，唯一让我觉得美中不足的地方，就是颜色搭配的稍微有点儿单调，如果能够丰富的话，那就更完美了。
    
    





            

    性价比
        
            
            
        
        5
    
    
    性价比还是可以的，虽然说也并不算是特别的便宜，但是对比大部分同级车来说已经算是很不错了。
    
    





            
                

    智能化
        
            
            
        
        5
    
    
    配置还是挺齐全的，用起来增添了不少的便利性和安全性。
    
    




            

            



        "
crab181415,2022-10-20 首次发表,"
            
                
                    3200km
                    
                    行驶里程
                
                
                
                
                
                    22.0kWh
                    春秋电耗
                
                
                
                
                
                
                    184公里
                    春秋续航
                
                
                
                

                
                
                    24.30万
                    裸车购买价
                
                
                    2022-08
                    购买时间
                
                
                    长春
                    购买地点
                
            
            
    
    

    
        $(document).ready(function () {
            var koubeiid = 4641248;

        });

    


            
                最满意
                想用一杯latte把你灌醉，好让你能多爱我一点
自从8月份提车以来，我真的被它灌醉！外观大气上档次，回头率很高！内饰高端不张扬，座椅柔软舒适，真的让我非常陶醉！
随叫随到的动力输出，让人家只能看到我的尾灯！还有它的燃油经济性，想想到现在我已经近3个半月没有去过加油站！
良好的空间表现及静谧性，真的是让驾驶员在享受驾驶过程
当你拥有这样一台车，你怎能不爱？每次我都兴致勃勃的去开车，恋恋不舍的熄火！
这杯拿铁，你值得拥有
            
            
                最不满意
                提车满油满电交付，2个半月过去了，跑了3000多公里，至今油表显示还有455公里的续航，决定不充电，亏电跑完吧！不然真的担心汽油会过期，多么痛的领悟
            

            

    空间
        
            
            
        
        4
    
    
    虽然是紧凑型suv，但是空间表现是要强于问界的，而且整车有着非常丰富的储物空间。如果说哪里不满意，我觉得后备箱稍微小了那么一丢丢！
    
    






                

    驾驶感受
        
            
            
        
        5
    
    
    整车提速非常线性，根本体现不是2挡
    
    
    
    
    


    
        起步/加速动力
        起步就没服过谁，秒杀BBA！动力真的是随叫随到
        
        
    
    
    
    


    






            

            




            

    续航
        
            
            
        
        5
    
    
    反向续航，真的可以有哦，我能满电跑出190公里，而且是开空调听歌的情况！
    
    
    
    
    


    





            
            

    外观
        
            
            
        
        5
    
    
    中规中矩的家族设计，开出去回头率还是很高的，希望借鉴一下时下流行的贯穿灯光就更完美了
    
    
    
    
    


    





            

    内饰
        
            
            
        
        5
    
    
    如厂家宣传所讲，拿铁的用料很扎实，新车没有味道。内饰配置非常丰富。无线充电，抬头显示，氛围灯，前后排座椅加热，方向盘加热，都是我喜欢的
    
    
    
    
    


    





            

    性价比
        
            
            
        
        5
    
    
    怎么说呢，拿铁真的是六边形战士，上得了厅堂，下得了厨房
    
    





            
                

    智能化
        
            
            
        
        4
    
    
    拿铁的智能控制还是很准确的，但是车机系统需要提升，
也是当前诟病较多的地方
    
    




            

            



        "
拳击的欢乐w,2022-10-20 首次发表,"
            
                
                    1880km
                    
                    行驶里程
                
                
                
                
                
                    19.5kWh
                    春秋电耗
                
                
                
                
                
                
                    170公里
                    春秋续航
                
                
                
                

                
                
                    24.30万
                    裸车购买价
                
                
                    2022-09
                    购买时间
                
                
                    三明
                    购买地点
                
            
            
    
        
            
        
        
            
        
        
            
        
    
    

    
        $(document).ready(function () {
            var koubeiid = 4639972;

        });

    


            
                最满意
                现在的车型实在是太多了，选车的时候真的是看花了眼。好在我的目标还算是比较明确的，就是想选一台混动的新能源车型。直接就把很多车型都排除掉了。备选的车型当中基本上也都是国产的，因为我的预算如果买合资肯定买不到这么大空间的，我想要空间大一点的新能源车，就是这么简单。
            
            
                最不满意
                拿铁这款车型虽然也有一些小的缺点，但是我觉得不足以影响我对它的喜爱。因为我买车之前有很多人让我不要买国产车型，但是我觉得都是对国产车有偏见的。通过我的用车情况来说，我觉得拿铁这个车型已经做的非常好了，没有什么小毛病。
            

            

    空间
        
            
            
        
        5
    
    
    正如看到的这样，车子的外观就是非常大的，长宽高的尺寸够用。作为一个五口之家来说前后排的座椅空间都可以，一家老少都可以有自己舒适的空间。而且后备箱也能装下很多行李。
    
    






                

    驾驶感受
        
            
            
        
        5
    
    
    科技辅助功能多的车自然就会开的非常省心，就比如这台拿铁。标配的安全辅助功能就比较丰富。开了自适应巡航之后，车子跟车非常的顺畅。
    
    






            

            




            

    续航
        
            
            
        
        5
    
    
    续航里程充足。纯电也能用。充电也非常的快速。这样的航里程让我出远门都非常的有信心了。已经在计划着下一次的自驾游。
    
    





            
            

    外观
        
            
            
        
        5
    
    
    魏牌的车型设计都非常的有个性。特别是日间行车灯的造型。以及整车的流线型的车身也是非常的有时尚感的。
    
    





            

    内饰
        
            
            
        
        5
    
    
    内饰设计很简洁，车机优化值得点赞。手机连接之后非常的顺畅，没有什么卡顿的现象。
    
    





            

    性价比
        
            
            
        
        5
    
    
    之所以选择国产车型，就是因为他们的配置更高，性价比更好。
    
    





            
                

    智能化
        
            
            
        
        5
    
    
    全系标配的全功能就比较多，家用车型还是更注重安全，更让人放心。
    
    




            

            



        "
我是你兽大人x,2022-10-20 首次发表,"
            
                
                    1100km
                    
                    行驶里程
                
                
                
                
                
                    13.1kWh
                    春秋电耗
                
                
                
                
                
                
                    163公里
                    春秋续航
                
                
                
                

                
                
                    23.10万
                    裸车购买价
                
                
                    2022-09
                    购买时间
                
                
                    桂林
                    购买地点
                
            
            
    
        
            
        
        
            
        
        
            
        
        
            
        
    
    

    
        $(document).ready(function () {
            var koubeiid = 4639808;

        });

    


            
                最满意
                开起来真的是很舒服，坐在上面有种开豪华车的感觉，行驶感受是非常棒的。
            
            
                最不满意
                我老婆说这个车全部都是优点，基本上看不到缺点，我和她的看法基本上是一致的。
            

            

    空间
        
            
            
        
        5
    
    
    坐在后排跷起二郎腿，都完全没有任何关系的，这样的感觉真的就是自己想要的那种，简直是太棒了啊。
    
    






                

    驾驶感受
        
            
            
        
        5
    
    
    我觉得这个车开起来很舒服，很自在，从来都没有觉得不好。在刹车的时候是比较灵敏的，所以开这个车的安全感还是很高的，然后再加上方向盘的大小是刚刚好的，一只手掌控也会觉得没有什么问题，开起来一点压力都没有。
    
    






            

            




            

    续航
        
            
            
        
        5
    
    
    当时我说我要买这个车的时候，很多人都不同意，也不理解，说这种充电的车是特别麻烦的，要是半路上没电了，就烦大了，但实际上我不是这样想的，我觉得充电是非常省事的，然后每个月也可以节约不少的油费。充一次电可以管时间长。然后每个月可以省下的油费，也是一笔不小的开销了。
    
    





            
            

    外观
        
            
            
        
        5
    
    
    外观的设计还是蛮有个性的，反正我觉得充满了时尚的气息。
    
    





            

    内饰
        
            
            
        
        5
    
    
    坐在这个车里面的感受真的是太棒了，方向盘摸着也会觉得很舒服，整体的内饰的这种设计就是自己想要的。
    
    





            

    性价比
        
            
            
        
        5
    
    
    我一直都觉得这个车的价格不高，因为本身定价就没有那么高，反正是大家都看好的价格。
    
    





            
                

    智能化
        
            
            
        
        5
    
    
    配置真的就不用说了，因为我每次开这个车的时候，大家都会夸奖，说这个车的配置高，听到这样的夸奖，心里也还是挺开心的。
    
    




            

            



        "
鱼儿起飞wf,2022-10-18 首次发表,"
            
                
                    1100km
                    
                    行驶里程
                
                
                
                
                
                    13.7kWh
                    春秋电耗
                
                
                
                
                
                
                    169公里
                    春秋续航
                
                
                
                

                
                
                    24.00万
                    裸车购买价
                
                
                    2022-09
                    购买时间
                
                
                    成都
                    购买地点
                
            
            
    
        
            
        
        
            
        
        
            
        
        
            
        
    
    

    
        $(document).ready(function () {
            var koubeiid = 4636837;

        });

    


            
                最满意
                外观的设计真的是很独特的，反正我老婆说这个车的外观有点普通，但是我和他的看法是不一样的，还好平时这个车都是我开的多，所以只要我喜欢就行了。
            
            
                最不满意
                暂时还没有发现有什么特别不满意的地方，因为我觉得只要买这个车，一定是对这个车各个方面都满意才会买的，反正我当时买车的时候就是这样的一种想法，而且我也不喜欢听别人的意见，我觉得买车主要是自己开，听别人的意见根本就没有用，因为每个人的意见都是不一样的。
            

            

    空间
        
            
            
        
        5
    
    
    无论是前排的空间还是后排的空间，这个车在空间上倒是从来都没有让自己失望过。
    
    






                

    驾驶感受
        
            
            
        
        5
    
    
    对于一辆车的操控好不好，或者说驾驶感受好不好，我没有一个什么太大的概念，我只知道这个车开起来很自在，反正我喜欢开这样的车，而且我觉得开起来没有什么压力，有时候我喜欢跑长途，就算开的时间很长，也不会特别累的。
    
    






            

            




            

    续航
        
            
            
        
        5
    
    
    充电真的是特别方便，现在很多高速上全部都有充电桩，快充也方便。而且这个车的续航里程也是比较长的，我觉得跟加油是一个道理。
    
    





            
            

    外观
        
            
            
        
        5
    
    
    外观的造型就是独特的，反正我觉得有一种与众不同的感觉。
    
    





            

    内饰
        
            
            
        
        5
    
    
    我喜欢坐在这个车里面，这个车的内饰设计比较漂亮，而且座椅的设计也是很不错的，摸上去很软，很舒服，坐上去包裹性也很强。
    
    





            

    性价比
        
            
            
        
        5
    
    
    从来没觉得这个车的价格高过，我觉得花钱买到了质量好的车。
    
    





            
                

    智能化
        
            
            
        
        5
    
    
    整体的配置就是自己想要的，基本上该有的配置全部都有，这一点就已经非常不错了。
    
    




            

            



        "
老去时光c,2022-10-17 首次发表,"
            
                
                    990km
                    
                    行驶里程
                
                
                
                
                
                    13.1kWh
                    春秋电耗
                
                
                
                
                
                
                    168公里
                    春秋续航
                
                
                
                

                
                
                    23.10万
                    裸车购买价
                
                
                    2022-09
                    购买时间
                
                
                    荆州
                    购买地点
                
            
            
    
        
            
        
        
            
        
        
            
        
        
            
        
    
    

    
        $(document).ready(function () {
            var koubeiid = 4634839;

        });

    


            
                最满意
                新车都在里面闻不到什么味道，所以我觉得这一点做的特别好，说明厂家比较用心吧。
            
            
                最不满意
                只要我看中的车，我就不会觉得这个车有什么缺点呢。
            

            

    空间
        
            
            
        
        5
    
    
    从这个车的外面就可以看得出来，这个车的空间是比较大的，实际上也没有让自己失望。
    
    






                

    驾驶感受
        
            
            
        
        5
    
    
    第一次开这个车的时候，我是非常担心的，因为我觉得这个车有点大，我怕我可能会操作不好，但实际上和我想象中的完全不一样。第一次试驾这车的时候，我就会觉得视线比较开阔，而且开起来很有安全感，这个车的底盘也是比较棒的。稳定性很高，基本上没有松散的感觉，所以开这个车你会觉得操控起来的感觉简直是太棒了。
    
    






            

            




            

    续航
        
            
            
        
        5
    
    
    现在很多人对于这种电动车有一些误解，觉得充电很麻烦，但实际上并不是这样的，这个车对于我来说就是很方便的，充电特别方便，而且续航里程很不错。
    
    





            
            

    外观
        
            
            
        
        5
    
    
    和很多其他的车相比，这个车的外观可能更符合自己的心意。
    
    





            

    内饰
        
            
            
        
        5
    
    
    每个人对于内饰的看法是不一样的，我个人是觉得这个车的内饰设计真的是很时尚，然后再加上这个车的内饰的用料又是比较好的。所以整体给这个车的内饰打分的话，我当然会打一个比较高的分数。
    
    





            

    性价比
        
            
            
        
        5
    
    
    和很多其他的车相比，这个车的性价比就是非常高的，这一点是不用否认的。
    
    





            
                

    智能化
        
            
            
        
        5
    
    
    反正我买了这个车之后，我就从来没有听说过别人说这个车的配置不高的，一直都是夸奖，说这个车的配置非常高，对于这一点我也是觉得非常值得骄傲的。
    
    




            

            



        "
你没心b,2022-10-16 首次发表,"
            
                
                    460km
                    
                    行驶里程
                
                
                
                
                
                    12.9kWh
                    春秋电耗
                
                
                
                
                
                
                    163公里
                    春秋续航
                
                
                
                

                
                
                    21.10万
                    裸车购买价
                
                
                    2022-09
                    购买时间
                
                
                    长沙
                    购买地点
                
            
            
    
        
            
        
        
            
        
        
            
        
        
            
        
        
            
        
    
    

    
        $(document).ready(function () {
            var koubeiid = 4632986;

        });

    


            
                最满意
                后排的空间是特别大的，后面坐三个人完全不会觉得拥挤。
            
            
                最不满意
                开这个车当然是对这个车满心都是欢喜，就看不到这个车有什么缺点了。
            

            

    空间
        
            
            
        
        5
    
    
    每个人对于空间的感受是不一样的，我就觉得这个车的空间和自己想象中的是一模一样的，坐在里面会觉得宽敞，从来都不会有压抑的感觉。
    
    






                

    驾驶感受
        
            
            
        
        5
    
    
    驾驶感受真的太棒了，操控起来会觉得很轻松，最主要的是这个车的发动机都没有什么声音，反正非常符合自己的驾驶习惯。反正就算是走颠簸路段开这个车也是非常好，轻松驾驭的。然后底盘是比较扎实的，从来都不会有松散的感觉。
    
    






            

            




            

    续航
        
            
            
        
        5
    
    
    充一次电真的可以管很长时间，而且我觉得这种车真的太环保了。
    
    





            
            

    外观
        
            
            
        
        5
    
    
    外观的造型是比较大气的款式，这样的款式我觉得就算看时间长了也不会觉得腻，就是自己喜欢的造型。
    
    





            

    内饰
        
            
            
        
        5
    
    
    我觉得这个车里面的屏幕是比较大气的，然后操作起来也会觉得很方便，反正整体的内饰设计就是比较高档的。
    
    





            

    性价比
        
            
            
        
        5
    
    
    和很多其他的车相比，这个车的性价比就是很高的了。价格比较实在，而且优惠力度也大，我觉得是普通老百姓都能够接受的起的价格，这种车就是很实在的。反正买了这个车之后，我从来都没有后悔过，我觉得自己买这个车就是占到了便宜。
    
    





            
                

    智能化
        
            
            
        
        5
    
    
    整体的配置还算是可以的，和很多其他的车相比，这个车的配置就是自己想要的。配置高的车开起来也会觉得很顺心，有些自己没有想到的配置，这个车竟然都有，用起来的时候就会觉得有这些配置真香。
    
    




            

            



        "
灿烂的大笑o,2022-10-15 首次发表,"
            
                
                    1300km
                    
                    行驶里程
                
                
                
                
                
                    13.1kWh
                    春秋电耗
                
                
                
                
                
                
                    171公里
                    春秋续航
                
                
                
                

                
                
                    23.90万
                    裸车购买价
                
                
                    2022-09
                    购买时间
                
                
                    十堰
                    购买地点
                
            
            
    
        
            
        
        
            
        
        
            
        
        
            
        
    
    

    
        $(document).ready(function () {
            var koubeiid = 4631628;

        });

    


            
                最满意
                外观设计的非常漂亮，反正第一眼看到这个车的时候，我就有这样的想法，而且我觉得开这样的车出门儿真的是非常有吸引力的。
            
            
                最不满意
                如果说特别喜欢这个车的话，看到这个车基本上全部都是优点，对于这个车我就是这样的感觉。
            

            

    空间
        
            
            
        
        5
    
    
    从外观上来看就能够知道这个车的空间是非常大的，实际上也果然没有让自己失望。买车一定要买空间大的车，用的时候就会觉得比较实用了。
    
    






                

    驾驶感受
        
            
            
        
        5
    
    
    整体的驾驶感受真的是比较好的，前期的爆发力很强。在换挡的时候几乎感觉不到任何的顿挫感，开这个车操控简直是一流的感受。
    
    






            

            




            

    续航
        
            
            
        
        5
    
    
    很多人买充电的车，担心找不到充电桩，其实我觉得完全没有必要担心这个问题，因为现在到处都是充电桩，而且这个车的充一次电，续航里程很高，可以管很长的时间。
    
    





            
            

    外观
        
            
            
        
        5
    
    
    最开始我就觉得这个车的外观，设计的比较符合大众的审美观。不知道别人是怎么看的，第一眼我就爱上了这样的外观设计。
    
    





            

    内饰
        
            
            
        
        5
    
    
    还是非常喜欢坐在这个车里面的，因为我觉得座椅很软，然后内饰里面所有的用料都是我比较看好的。
    
    





            

    性价比
        
            
            
        
        5
    
    
    价格可以说是非常公道了，而且我一直都认为长城的车性价比都是非常高的。
    
    





            
                

    智能化
        
            
            
        
        5
    
    
    液晶仪表盘看上去太炫酷了，表显也是特别清晰的，就是有科技感的设计。我女儿都夸奖，说这个车的配置真高啊，听到她的夸奖我心里更开心了，因为她很少夸奖什么的，说明这次我的眼光是很棒的，嘿嘿。
    
    




            

            



        "
祢看卟非主流,2022-10-15 首次发表,"
            
                
                    765km
                    
                    行驶里程
                
                
                
                
                
                    22.0kWh
                    春秋电耗
                
                
                
                
                
                
                    170公里
                    春秋续航
                
                
                
                

                
                
                    24.30万
                    裸车购买价
                
                
                    2022-10
                    购买时间
                
                
                    宿迁
                    购买地点
                
            
            
    
        
            
        
        
            
        
    
    

    
        $(document).ready(function () {
            var koubeiid = 4630352;

        });

    


            
                最满意
                用上混动车型才知道它是多么的好用，现在的政策好，而且这车油耗也比较省。各种路况都试过，油耗都不会很高。我觉得是非常适合家用的。
            
            
                最不满意
                新能源的国产车型当中我也对比了比亚迪。但是拿铁的这个造型也让我更喜欢些，外观和内饰都非常的好看，目前来说也没有什么不满意的，车内的空间大动力好，油耗还很低。
            

            

    空间
        
            
            
        
        5
    
    
    挺大的，四米六的车身长度，后排的位置非常好用，因为空间很大，活动起来也不会有什么局限性。也能安装儿童的安全座椅，平时出门的时候就会更加的方便，后备箱也能放下很多玩具，小孩子的单车都可以放在车上。
    
    






                

    驾驶感受
        
            
            
        
        5
    
    
    驾驶这么高科技的车型真的挺方便的，因为它的辅助功能很多，在城区行驶，车道辅助就非常的好用。而且这个方向盘的转动也比较轻便。也很准确。
    
    






            

            




            

    续航
        
            
            
        
        5
    
    
    也能纯电开，续航还不错，而且混动车型就更加不用担心续航了，以后出远门也会非常的安心。平时的油耗也比较低的。
    
    





            
            

    外观
        
            
            
        
        5
    
    
    外观造型很好看，和魏牌的其他车型都有相似点。灯光也很帅气，辨识度很高。
    
    
    
    
    


    





            

    内饰
        
            
            
        
        5
    
    
    造型也非常的有科技感，中控屏幕大，而且灵敏度很好，车机非常流畅。材料用的也还不错，没有什么气味，而且隔音很棒，城区行驶基本是听不到什么噪音的。
    
    
    
    
    


    





            

    性价比
        
            
            
        
        5
    
    
    这车配置高，价格还行，政策不错，油耗也很低，性价比好。
    
    





            
                

    智能化
        
            
            
        
        5
    
    
    配置挺多的。很多的安全辅助功能，这车非常的适合家用。开车有这么多的辅助功能，也非常的安心。
    
    




            

            



        "
彪记快递吗m,2022-10-14 首次发表,"
            
                
                    196km
                    
                    行驶里程
                
                
                
                
                
                    12.8kWh
                    春秋电耗
                
                
                
                
                
                
                    168公里
                    春秋续航
                
                
                
                

                
                
                    24.10万
                    裸车购买价
                
                
                    2022-10
                    购买时间
                
                
                    广州
                    购买地点
                
            
            
    
        
            
        
        
            
        
        
            
        
        
            
        
    
    

    
        $(document).ready(function () {
            var koubeiid = 4629938;

        });

    


            
                最满意
                这个车的内饰的设计真的是非常的漂亮，每天坐在这个车里面都会有一个非常好的心情。
            
            
                最不满意
                我姑娘就夸奖说这个车没有缺点，是非常漂亮的车，我和姑娘的看法是一样的。
            

            

    空间
        
            
            
        
        5
    
    
    每个人对于这个车的空间可能都会夸奖吧，因为每次我们大家一起出去玩的时候，可能都会愿意坐我的车，觉得我的车空间大，坐着舒服。平常我没有什么事的时候，我也喜欢坐在后排，因为我觉得坐在后面会让自己很放松。一辆车的空间大，给我带来了太多的方便了。
    
    






                

    驾驶感受
        
            
            
        
        5
    
    
    这个车开起来真的是没有什么压力的，而且我会觉得操控非常的轻松，比较好掌控，方向盘的大小也是刚刚好，两只手掌控着会觉得很轻松，很自在跑长途也不会觉得累。
    
    






            

            




            

    续航
        
            
            
        
        5
    
    
    混动车型的车就是觉得油耗低，所以我才会考虑去买的，而且这个车的油耗真的给到了自己非常大的惊喜，我觉得每个月为自己省了不少的油钱。
    
    





            
            

    外观
        
            
            
        
        5
    
    
    外观的设计虽然说没有别人描述的那么漂亮，那么夸张，但是我觉得对于我来说已经是非常好看的外观呢，主要是觉得这种外观设计的比较经典，就算是看时间长了也不会觉得过时，这一点还是非常重要的。
    
    





            

    内饰
        
            
            
        
        5
    
    
    主要是觉得这个车的内饰的用料用的比较好，然后整体的设计也是自己心满意足的。
    
    





            

    性价比
        
            
            
        
        5
    
    
    从我买这个车的一刻起，我就从来都没觉得这个车的价格高过，而且我会觉得自己买到了非常值得的车，性价比是比较高的。
    
    





            
                

    智能化
        
            
            
        
        5
    
    
    和很多其他的车相比，这个车的配置可以说是更高了。因为长城的车配置真的从来都没有让自己失望过，一直都觉得这样的配置就是自己想要的。
    
    




            

            



        "
清远车友4253536,2022-10-14 首次发表,"
            
                
                    2100km
                    
                    行驶里程
                
                
                
                
                
                    20.0kWh
                    春秋电耗
                
                
                
                
                
                
                    170公里
                    春秋续航
                
                
                
                

                
                
                    24.30万
                    裸车购买价
                
                
                    2022-09
                    购买时间
                
                
                    清远
                    购买地点
                
            
            
    
        
            
        
        
            
        
        
            
        
        
            
        
    
    

    
        $(document).ready(function () {
            var koubeiid = 4628885;

        });

    


            
                最满意
                这个车的外观是我喜欢的风格，车子的内饰也很漂亮，使用成本也很低。
            
            
                最不满意
                新车开起来各方面都很好，没有让我感觉不满意的地方。
            

            

    空间
        
            
            
        
        5
    
    
    乘坐空间还是很宽敞的，坐在车内不会感觉拥挤，车子的前后位子都很大。车内的一些储物格设计的很合理，使用过程中感觉很方便，手套箱和扶手箱的位子都很大，后尾箱的容积也很大，想要出门自驾游也是很方便的。
    
    






                

    驾驶感受
        
            
            
        
        5
    
    
    驾驶感受也是很好的，转向很轻，打起来很轻松，指向很明确，加速也很明显。
    
    






            

            




            

    续航
        
            
            
        
        5
    
    
    油耗表现非常的好，混动车型让人一点压力也没有。满油满电的状态下可以跑很长的时间，我现在基本上每天都充电，所以加一箱油可以跑很长时间，在使用成本这一块我是完全不用担心的。
    
    





            
            

    外观
        
            
            
        
        5
    
    
    外观确实很大气，这个前脸很动感，车身的线条也非常流畅。
    
    





            

    内饰
        
            
            
        
        5
    
    
    内饰很精致，看起来就觉得上档次，尾部造型也很饱满。大屏幕看起来就是非常的酷炫，感觉科技感十足，而且这个方向盘的造型我也是非常的喜欢，握在手里的手感很好。
    
    





            

    性价比
        
            
            
        
        5
    
    
    性价比还是很高的，买这个车我感觉还是非常划算的。整车五年十五万公里的质保也让人买的很放心，车子的品控做的好，所以才敢给出这样的承诺。
    
    





            
                

    智能化
        
            
            
        
        5
    
    
    这个车的配置也很丰富，用起来也非常的顺手。安全配置可以说是一应俱全，而且很多的配置都是自动的，主动刹车、碰撞预警等等，这样的配置让我非常满意，可以极大概率减少追尾的发生。
    
    




            

            



        "
要一起幸福s,2022-08-23 首次发表,"
            
                
                    1450km
                    
                    行驶里程
                
                
                
                
                
                
                    17.0kWh
                    夏季电耗
                
                
                
                
                
                
                    140公里
                    夏季续航
                
                
                

                
                
                    26.30万
                    裸车购买价
                
                
                    2022-07
                    购买时间
                
                
                    金华
                    购买地点
                
            
            
    
        
            
        
        
            
        
        
            
        
        
            
        
    
    

    
        $(document).ready(function () {
            var koubeiid = 4546677;

        });

    


            
                最满意
                用车中最满意的就是拿铁DHT-PHEV的动力很好，混动系统起步上相当快，自己轻轻一脚油门都觉得很有爆发力，满座起步上一点没有延迟，油门给多少跑多少，超车也不在话下，轻松超，爬坡什么的毫无压力感。空间也是我很满意的，前后轴距比较大，乘坐的舒适感很好，开着又没有什么噪音，行驶觉得非常享受。
            
            
                最不满意
                用车最不满意的就是自己充电上没有那么方便，自己没有车位，安装不是很方便。都是找的附近位置充的。
            

            

    空间
        
            
            
        
        5
    
    
    空间很宽敞，居家来说拿铁DHT-PHEV的空间绝对够用，一家老小乘坐都没有一点拥挤感，后排甚至还可以多坐一个人，出行也没有什么好顾虑的，后备箱可以轻松放个三个行李箱。
    
    






                

    驾驶感受
        
            
            
        
        5
    
    
    车身重量在这，动力上没有一点影像，开着平顺性也好。
    
    






            

            




            

    续航
        
            
            
        
        5
    
    
    续航不错，上次加油到现在都差不多跑了两个多星期了，算算每月最多也就是加两次油就可以了，跑的少一次都够用。每月费用是可以节省不少。
    
    





            
            

    外观
        
            
            
        
        5
    
    
    外观很大气，车灯做得很好看，LED日间行车灯也是别有风味，开启后非常的酷炫。
    
    





            

    内饰
        
            
            
        
        5
    
    
    内饰比我预期的都要好多了，中控设计很有档次，档杆也很顺手，车内开着也没有什么异响，舒适感明显高多了。
    
    





            

    性价比
        
            
            
        
        4
    
    
    性价比还可以，价格上也很有优势，便宜，配置够用，自己要是有车位装个充电桩就方便了。
    
    





            
                

    智能化
        
            
            
        
        5
    
    
    拿铁DHT-PHEV还是挺智能化的，开着轻松，功能的实用性也好。
    
    




            

            



        "
平凡的路p,2022-08-19 首次发表,"
            
                
                    1020km
                    
                    行驶里程
                
                
                
                
                
                
                    17.0kWh
                    夏季电耗
                
                
                
                
                
                
                    140公里
                    夏季续航
                
                
                

                
                
                    26.30万
                    裸车购买价
                
                
                    2022-07
                    购买时间
                
                
                    达州
                    购买地点
                
            
            
    
        
            
        
        
            
        
        
            
        
        
            
        
        
            
        
    
    

    
        $(document).ready(function () {
            var koubeiid = 4539023;

        });

    


            
                最满意
                买车最满意的就是拿铁DHT-PHEV的功能相当多，配置来说非常的丰富，我平常高速就跑的多，有自适应巡航了真能让我舒适多了，开着也放松多了，又不担心超速，开着也安全。内部的空间也大，车内乘坐宽敞，没有一点拥挤的感受。
            
            
                最不满意
                刚上手还有一点不适应，以前都是开的小轿车，开习惯了换成SUV就觉得有点大，间距把控还是不够熟悉，多开段时间估计就好了。
            

            

    空间
        
            
            
        
        5
    
    
    空间很大，我172的身高坐着都觉得很宽敞，座椅我都要往前面调整一下，而且腿部两侧以及顶部的容积还比较宽敞，坐着没有一点压抑感，后排坐满三个人肯定是够的。
    
    






                

    驾驶感受
        
            
            
        
        5
    
    
    拿铁DHT-PHEV的驾驶感很好，我开车就喜欢动力强劲一点的，开着带劲很有激情感，车子推背感十足，开着很有爆发力。
    
    






            

            




            

    续航
        
            
            
        
        5
    
    
    续航还行，满电加一箱油都够我跑上大半个月了，比之以前非常上不知节省了多少，混动车还是没有买错。
    
    





            
            

    外观
        
            
            
        
        5
    
    
    外观设计很漂亮，车身造型肯定是影响的关键，造型拉风，车漆亮度高，颜色看着很有档次。
    
    





            

    内饰
        
            
            
        
        5
    
    
    内饰设计很豪华了，仪表盘以及中控屏幕设计都很不错，质感肯定是有的，科技感也是满满的。
    
    





            

    性价比
        
            
            
        
        4
    
    
    性价比不错了，配置都是够用的，至于价格我觉得能优惠多少是多少，越低越好，谁也不会嫌价格低。
    
    





            
                

    智能化
        
            
            
        
        5
    
    
    智能化不错，配置很高了，自适应巡航功能好用，还有车机反应也快。
    
    




            

            



        "
咸宁车友9503819,2022-08-19 首次发表,"
            
                
                    1720km
                    
                    行驶里程
                
                
                
                
                
                    21.0kWh
                    春秋电耗
                
                
                
                
                
                
                    170公里
                    春秋续航
                
                
                
                

                
                
                    24.30万
                    裸车购买价
                
                
                    2022-06
                    购买时间
                
                
                    咸宁
                    购买地点
                
            
            
    
        
            
        
        
            
        
        
            
        
        
            
        
        
            
        
    
    

    
        $(document).ready(function () {
            var koubeiid = 4538466;

        });

    


            
                最满意
                这个车的颜值还是非常高的，车子的性能也很好，整体的性价比是非常高的。配置也是非常的丰富，不管是安全性的配置还是舒适性的配置都是非常的齐全，用起来都是非常的方便，车子的行驶质感也很好，开起来非常的安静，坐在车内感觉非常的舒服。这些点都是让我觉得非常满意的地方。
            
            
                最不满意
                暂时没有遇到什么不满意的地方，整体感受都是很好的。
            

            

    空间
        
            
            
        
        5
    
    
    乘坐空间还是可以的，前后排的位子都是很大的，我身高175，坐在前后排都是没问题的。这个车的储物格设计的也很多，平常使用感觉非常的方便。真的是非常适合家用。
    
    






                

    驾驶感受
        
            
            
        
        5
    
    
    车子的提速是很快的，加速很顺畅，动力的平顺性是很好的。转向也是非常的精准，开起来感觉非常的顺手，转弯的时候感觉这个车的支撑性也很好。
    
    






            

            




            

    续航
        
            
            
        
        5
    
    
    这个续航还是非常不错的，满电满油的情况下续航是非常长的，开这个车不会有续航里程。现在油价很高，买一个靠谱的新能源车是非常好的一个选择。
    
    





            
            

    外观
        
            
            
        
        5
    
    
    外观是很好看的，车子的造型是很好看的，车身的漆面很有质感，家族式的前脸也是非常的帅气，这个造型开出去还是非常有味的。
    
    





            

    内饰
        
            
            
        
        4
    
    
    内饰还是非常漂亮的，做工非常的精致，用料也是非常的扎实。
    
    





            

    性价比
        
            
            
        
        5
    
    
    这个车的性价比是很高的，价格合适，车子的性能也很强。
    
    





            
                

    智能化
        
            
            
        
        5
    
    
    智能化的配置很丰富，用起来都是很不错的，车机系统也很顺手。
    
    




            

            



        "
华光流年x,2022-08-17 首次发表,"
            
                
                    1058km
                    
                    行驶里程
                
                
                
                
                
                    17.5kWh
                    春秋电耗
                
                
                
                
                
                
                    145公里
                    春秋续航
                
                
                
                

                
                
                    24.30万
                    裸车购买价
                
                
                    2022-07
                    购买时间
                
                
                    三门峡
                    购买地点
                
            
            
    
        
            
        
        
            
        
    
    

    
        $(document).ready(function () {
            var koubeiid = 4534119;

        });

    


            
                最满意
                1.混动油耗低，这是很值得说的优点，而且电池的质保时间长。2.造型好看，内外的设计感都很好。3.功能强大，应有尽有的功能。
            
            
                最不满意
                提车的时间长了些，我就是交了钱就想提车的那种人。
            

            

    空间
        
            
            
        
        5
    
    
    紧凑型SUV的正常水平，不是很充裕，但是也绝对不会显小。我平时也带家人出门，实测后排坐三个成年人也是很简单的，且拿铁DHT-PHEV的车也很高的，我身高183坐在后排头顶还有蛮多的空间，大的天窗也是能增加车内的视觉空间的。后排的座椅也是可以放倒的，增加了车内的储物空间。
    
    






                

    驾驶感受
        
            
            
        
        5
    
    
    虽然功能很多，但是有些功能用过一次之后也就知道了，车机比较好用，分辨率高，反应的速度也很快。
    
    






            

            




            

    续航
        
            
            
        
        5
    
    
    可以纯电用车，官方数据是184KM，但是这夏天肯定是达不到的，好在充电方便，电费便宜。
    
    





            
            

    外观
        
            
            
        
        5
    
    
    魏牌家族式的前脸造型，有些张扬，但是不至于很夸张，大灯造型狠高级，颜值特别高，日间行车灯的辨识度也是很高的。
    
    
    
    
    


    





            

    内饰
        
            
            
        
        5
    
    
    第一次见这内饰也是很惊艳的，有些豪华车的感觉了，屏幕上集成了很多的功能，但是用起来且很顺手，电子档杆也是很小巧精致的。
    
    
    
    
    


    
    
    
    


    





            

    性价比
        
            
            
        
        5
    
    
    这车我是分期买的，首付不多就能提车。综合对比了其他的国产车型，拿铁DHT-PHEV的配置挺多，价格还算是比较便宜的，所以这车的性价比很好了。这车买回来之后家人也是很满意的。
    
    





            
                

    智能化
        
            
            
        
        5
    
    
    有自动泊车，还有遥控泊车，挺好用的，特别适合女司机。360的影像也时候很清晰的，前后左右看的清清楚楚。
    
    




            

            



        "
白头之约r,2022-08-16 首次发表,"
            
                
                    1500km
                    
                    行驶里程
                
                
                
                
                
                
                    18.0kWh
                    夏季电耗
                
                
                
                
                
                
                    150公里
                    夏季续航
                
                
                

                
                
                    24.30万
                    裸车购买价
                
                
                    2022-07
                    购买时间
                
                
                    扬州
                    购买地点
                
            
            
    
        
            
        
        
            
        
        
            
        
        
            
        
        
            
        
        
            
        
    
    

    
        $(document).ready(function () {
            var koubeiid = 4533329;

        });

    


            
                最满意
                买的两驱的超大杯，功能配置直接拉满，我能想到的一些功能都有了。甚至还有一些我没有接触过的功能。就算是在国产品牌当中，这样的配置也是非常有优势的。我特别喜欢的透明底盘，抬头显示，自适应巡航，这些功能。
            
            
                最不满意
                新车需要熟悉，刚开始不是特别习惯。开了一段时间之后，慢慢的也掌握了车身的大小。
            

            

    空间
        
            
            
        
        5
    
    
    空间还是挺大的，紧凑型SUV能有这样的空间已经不错了，车身长度也是接近4米7。而且我很少把一些杂物放在车上，后排和后备箱经常也是空着的。
    
    






                

    驾驶感受
        
            
            
        
        5
    
    
    有了强大的功能，开这车也是轻轻松松的。自适应巡航就很好用，低速高速我都愿意开着这个功能，驾驶起来就省心多了，还能防住那些突然闯出来的人。
    
    






            

            




            

    续航
        
            
            
        
        5
    
    
    混动车型的油耗真的挺低的，而且这车还能用纯电跑，刚买车的时候几天都没用过油，真省钱啊。
    
    





            
            

    外观
        
            
            
        
        5
    
    
    外观还是那么的大气，车头的设计真给力啊，看着很气势，而且与众不同。所有的灯光都是LED的。
    
    





            

    内饰
        
            
            
        
        5
    
    
    内饰三个大屏幕，豪华感很强了，而且各司其职。前排的座椅有按摩的功能，后排的座椅还能加热。而且这车的材料用的也不错，刚提车时有点气味，过了几天就消散了。关门之后车内的噪音就很小了，没啥异响和异味，开车真舒服。
    
    





            

    性价比
        
            
            
        
        5
    
    
    性价比真好啊，如果是个合资车做到这样的配置，估计要百万了吧。这车的配置高，使用着也没什么问题。都说担心国产的质量，但是首任车主的质保时间是很长，这让我打消了顾虑啊。
    
    





            
                

    智能化
        
            
            
        
        5
    
    
    透明底盘，自适应续航，车道保持，抬头显示这些功能真的很好用。
    
    




            

            



        "
被判孤身k,2022-08-16 首次发表,"
            
                
                    1030km
                    
                    行驶里程
                
                
                
                
                
                
                    17.0kWh
                    夏季电耗
                
                
                
                
                
                
                    135公里
                    夏季续航
                
                
                

                
                
                    26.30万
                    裸车购买价
                
                
                    2022-07
                    购买时间
                
                
                    长春
                    购买地点
                
            
            
    
        
            
        
        
            
        
        
            
        
    
    

    
        $(document).ready(function () {
            var koubeiid = 4533264;

        });

    


            
                最满意
                对于这个车我最满意的还是它的外观设计非常的大气，车身的造型给我的第一眼就是很有个性化，车头布局很好看，LED日间行车灯很有个性，大灯显得很帅气，尤其是夜间开着照明的效果也好，晚上出勤，很有安全感。
            
            
                最不满意
                我个人认为不满意的地方还是他的内饰颜色少了一点没有老婆喜欢的颜色。
            

            

    空间
        
            
            
        
        5
    
    
    空间设计相当的棒，后排的空间还是非常宽敞的，我每次坐在后面第一感觉就是大，完全能轻松跷二郎腿，整体舒适度来说高了不少。
    
    






                

    驾驶感受
        
            
            
        
        5
    
    
    这个车的动力非常棒，因为是混动车，在起步上的优势相当的大，加速可以说推背感十足，爆发力杠杠的，自己开着，基本上没有担心过动力方面问题。
    
    






            

            




            

    续航
        
            
            
        
        5
    
    
    混动车非常的省油，我也是冲着这一点所选择的这个车，毕竟现在油价也不算低，能开一辆省油的车，还是开支要小很多。
    
    





            
            

    外观
        
            
            
        
        5
    
    
    这个车的外观我觉得设计非常的棒，它的整体造型比较时尚，特别是他的LED日间行车灯看起来非常的有吸引力。造型上很运动，开着自己有面子，出行上开着都觉得很有自信感。
    
    





            

    内饰
        
            
            
        
        4
    
    
    内饰设计也是偏时尚化一点，但是要我说还是有一点小问题，就是它的内饰颜色太少了一点，主要是没有老婆喜欢的颜色。
    
    





            

    性价比
        
            
            
        
        5
    
    
    这个车的性价比还是非常高，在这个价位的混动车来说，功能以及配置还有造型上绝对是最好的。
    
    





            
                

    智能化
        
            
            
        
        5
    
    
    前面也说了，这个车的配置是最为丰富的，支持的功能很多，讲究实用为主。
    
    




            

            



        "
精明女人i,2022-08-16 首次发表,"
            
                
                    950km
                    
                    行驶里程
                
                
                
                
                
                
                    17.0kWh
                    夏季电耗
                
                
                
                
                
                
                    140公里
                    夏季续航
                
                
                

                
                
                    26.30万
                    裸车购买价
                
                
                    2022-07
                    购买时间
                
                
                    赣州
                    购买地点
                
            
            
    
    

    
        $(document).ready(function () {
            var koubeiid = 4533193;

        });

    


            
                最满意
                最满意的还是这个车的空间非常大，我买车的第一选择还是看的空间，毕竟一家人出行肯定是优先做考虑的。第二点就是这个车的续航能力不错，混动车油耗来说也比较低，每个月的开支可以说少了很多，比起以前开燃油车要便宜多了。每个月的开支少很多，可以补贴一下家用了。
            
            
                最不满意
                最不满意的我觉得还是这个车底盘确实还有一点高，每次上车下车还是有一点不方便，特别年纪大点的要扶着上。
            

            

    空间
        
            
            
        
        5
    
    
    买车开始还没有觉得这个车的空间有这么大，自己都是驾驶位还没怎么坐在后排，但是父母在坐过这个车后，第一感觉就是非常的好，而且他的腿部空间非常的充足，以及头顶的间隔也比较大。
    
    






                

    驾驶感受
        
            
            
        
        5
    
    
    我很满意这个车的动力，因为我平时出差也比较多，跑高速跑的比较勤，动力弱一点的，开着也比较费劲，但是这个车不同，跑高速非常的给力，超车什么的都很迅速。
    
    






            

            




            

    续航
        
            
            
        
        5
    
    
    这个车也是相当省油的，每个月的费用现在可以节省不少。
    
    





            
            

    外观
        
            
            
        
        5
    
    
    外观还是看个人的喜好吧，我个人反正是挺喜欢这个车的，我觉得他的车身设计非常的有运动感。
    
    
    
    
    


    
    
    
    


    
    
    
    


    





            

    内饰
        
            
            
        
        5
    
    
    内饰设计挺精致的，第一眼看着就觉得挺有豪华的。
    
    





            

    性价比
        
            
            
        
        4
    
    
    性价比还可以，我觉得价位挺合适的，这个级别的性能很好。
    
    
    
    
    


    





            
                

    智能化
        
            
            
        
        5
    
    
    配置相当的丰富，基本上我用到的功能都有，而且科技感也很强。
    
    




            

            



        "
寂寞荒凉无比s,2022-08-15 首次发表,"
            
                
                    1720km
                    
                    行驶里程
                
                
                
                
                
                    21.0kWh
                    春秋电耗
                
                
                
                
                
                
                    140公里
                    春秋续航
                
                
                
                

                
                
                    26.30万
                    裸车购买价
                
                
                    2022-08
                    购买时间
                
                
                    西安
                    购买地点
                
            
            
    
        
            
        
        
            
        
        
            
        
        
            
        
        
            
        
        
            
        
    
    

    
        $(document).ready(function () {
            var koubeiid = 4531283;

        });

    


            
                最满意
                这个车让我最满意的地方就是它的动力非常的强劲，别看是1.5T的跑起来加速爆发力都是非常强劲的。开着可以说推背感十足，尤其是跑高速的时候非常的有力量。
            
            
                最不满意
                这个车开起来还是挺不错，质量也没有什么问题，就是新车缘故，刚上手有点不适应。
            

            

    空间
        
            
            
        
        5
    
    
    既然选这个车，肯定是也是考虑过它的空间方面，一家老小乘坐反正是没有一点拥挤，而且它的后排设计相当的好，腿部之间的间隔还是比较大的，满座一下三个人也很轻松。
    
    






                

    驾驶感受
        
            
            
        
        5
    
    
    动力绝对够用，混动车起步优势非常的大，而且超车的时候也很有爆发力，推背感非常的强，开着很有激情感。
    
    






            

            




            

    续航
        
            
            
        
        5
    
    
    续航还可以，这个车在市区跑完全没有什么问题。而且费用也低比较实惠。
    
    





            
            

    外观
        
            
            
        
        5
    
    
    外观我觉得是这个车最有特色的地方，它的前脸设计整体看上去就觉得挺有时尚运动感的，车身肌肉感也很足，块头很大，看着就觉得很有爆发力。车身的漆面做工也好，亮度来说非常的高。
    
    





            

    内饰
        
            
            
        
        5
    
    
    内部的设计挺有质感的，光明眼看上去就觉得他的中控设计非常豪华，它的档杆以及按键搭配都很合理，尤其是车内的材质用料都是非常有档次的，手感好，摸着非常舒服，唯一就是避免不了的，车内还是也没有什么异味，开着舒服。
    
    





            

    性价比
        
            
            
        
        5
    
    
    乘车的性价比来说非常的高，我买这个车也是多半看的性价比，因为它的价格比较合适，而且配置功能方面都很高。
    
    





            
                

    智能化
        
            
            
        
        5
    
    
    这个车很有科技感，它的功能比较多，也是挺智能化的，开着很有帮助。
    
    




            

            



        "
赣州车友0956614,2022-08-14 首次发表,"
            
                
                    980km
                    
                    行驶里程
                
                
                
                
                
                
                    13.5kWh
                    夏季电耗
                
                
                
                
                
                
                    179公里
                    夏季续航
                
                
                

                
                
                    26.10万
                    裸车购买价
                
                
                    2022-07
                    购买时间
                
                
                    南昌
                    购买地点
                
            
            
    
        
            
        
        
            
        
        
            
        
        
            
        
    
    

    
        $(document).ready(function () {
            var koubeiid = 4529536;

        });

    


            
                最满意
                外观的设计比较漂亮吧，然后也不显得那么庸俗。
            
            
                最不满意
                我当时是觉得这个车哪哪都会让人满意的，用了之后就会发现，这个车的回头率没有那么高。
            

            

    空间
        
            
            
        
        5
    
    
    不管是前排的空间还是后排的空间，这个车的空间真的从来都没有让自己失望。
    
    






                

    驾驶感受
        
            
            
        
        5
    
    
    我还是蛮喜欢开这个车的，因为我觉得方向盘开起来是比较灵活的，而且视野也比较开阔。
    
    






            

            




            

    续航
        
            
            
        
        5
    
    
    没有仔细算过电耗到底是多少，但是我觉得电耗是不高的。当时买这样的车的时候，我就担心不好充电，但等到我买了之后，我发现其实充电也是非常方便的，而且现在到处都有充电桩，特别是高速上是非常多的，走到哪里想充电都很方便，很自由，所以完全不需要担心这个问题，而且这个车又环保。这样对于我来说就是非常好的结果了。反正你只要觉得电耗是你能够接受的话，那么就不高。
    
    





            
            

    外观
        
            
            
        
        4
    
    
    我个人还是蛮喜欢这种外观设计的，但是我老婆说这种外观设计可能就是稍微有一点普通，开在街上的回头率没有那么高。
    
    





            

    内饰
        
            
            
        
        5
    
    
    这个车里面的用的材料都是比较好的，因为可以感觉得到，摸上去都是比较软的材料，而且都闻不到什么塑料的味道。
    
    





            

    性价比
        
            
            
        
        5
    
    
    每个人对于价格当然会有一些自己的想法了，不过我个人认为这个车的价格确实是不高的。主要是因为当时给我优惠了，而且还赠送了非常多的东西，我想这些东西我到外面去买也要花钱的。相当于为自己节约了不少的钱，所以在我看来性价比就是很高的。
    
    





            
                

    智能化
        
            
            
        
        5
    
    
    反正有很多自己想要的配置，这个车基本上都有，所以我就会感到很欣慰。
    
    




            

            



        "
清远车友2856432,2022-08-13 首次发表,"
            
                
                    730km
                    
                    行驶里程
                
                
                
                
                
                
                    13.6kWh
                    夏季电耗
                
                
                
                
                
                
                    179公里
                    夏季续航
                
                
                

                
                
                    25.90万
                    裸车购买价
                
                
                    2022-07
                    购买时间
                
                
                    安庆
                    购买地点
                
            
            
    
        
            
        
        
            
        
        
            
        
        
            
        
        
            
        
        
            
        
        
            
        
        
            
        
    
    

    
        $(document).ready(function () {
            var koubeiid = 4528608;

        });

    


            
                最满意
                空间挺大的了，坐在这个车里面会觉得很宽敞，完全没有压抑的感觉，这种坐着就比较舒服。
            
            
                最不满意
                当时买车的时候我是比较激动的，在我看来的话，这个车基本上就是十全十美的，但实际上我明白，再好的车也会有一些自己的缺点的，只要这些缺点你觉得无所谓，可以接受就行了，反正这个车开了一段时间，暂时我还没有发现有什么缺点，不过后期可能也会有，但是我也不会担心的，因为我觉得有缺点也是正常的现象。其实这个车用到现在，我并没有发现有什么特别大的缺点，唯一觉得不太满意的就是这个车的内饰可以选择的颜色可能会稍微少了一点。
            

            

    空间
        
            
            
        
        4
    
    
    我比较喜欢的是后排的空间，因为我觉得坐在后面还是挺舒服，挺自在的。
    
    






                

    驾驶感受
        
            
            
        
        5
    
    
    现在的年轻人对于动力的要求可能都是比较高的，还好这个车的动力基本上都能够满足自己的提速要求。
    
    






            

            




            

    续航
        
            
            
        
        5
    
    
    刚开始买车的时候还是非常小心翼翼的，后面就随便开了，因为我发现了电耗压根儿就不高。
    
    





            
            

    外观
        
            
            
        
        5
    
    
    外观的设计虽然普通，但是我觉得这种外观设计也是值得大家欣赏的。
    
    





            

    内饰
        
            
            
        
        5
    
    
    我个人还是比较喜欢这个车里面的灯杆的设计，不仅美观，而且操作起来也是特别顺手的。
    
    





            

    性价比
        
            
            
        
        5
    
    
    价格就不用说了，这个车的性价比一直都是公认的比较高，配置多，定价也是低的。
    
    





            
                

    智能化
        
            
            
        
        5
    
    
    我真的有特意拿这个车去和同级别的车做了一下对比，但对比来对比去，我还是觉得这个车的配置要高一些的。
    
    




            

            



        "
梦幻d,2023-03-23 首次发表,"
            
                
                    6500km
                    
                    行驶里程
                
                
                
                
                
                    15.8kWh
                    春秋电耗
                
                
                
                
                
                
                    175公里
                    春秋续航
                
                
                
                

                
                
                    23.30万
                    裸车购买价
                
                
                    2022-10
                    购买时间
                
                
                    金华
                    购买地点
                
            
            
    
    

    
        $(document).ready(function () {
            var koubeiid = 4876014;

        });

    


            
                最满意
                以前想买一个纯电动的车。但是总觉得充电并不是很方便，最终选择了混动。这车也可以当做电车来使用，挺方便的。
            
            
                最不满意
                没什么不满意，如果价格能再优惠几万块钱，那就更好了，但是这也不可能。
            

            

    空间
        
            
            
        
        5
    
    
    空间还挺大。我185坐在后排头顶一拳多，虽然不太多了，但是也不会压抑，储物空间就更好了，电动后备箱打开之后内部很规整。
    
    






                

    驾驶感受
        
            
            
        
        5
    
    
    车的尺寸还挺大的，所以转向需要更大的位置。操控可以很简单，因为有自适应巡航，在城区和高速都能用。
    
    






            

            




            

    续航
        
            
            
        
        5
    
    
    纯电模式下也可以达到官方数据那么多。而且每行驶1km，续航里程就少1km，很真实，很准确。这样让我开车就会更加有信心。
    
    





            
            

    外观
        
            
            
        
        5
    
    
    外观造型还挺大气的，车头日间行车灯非常的有高级感，像爪子的形状。而且前后的灯形呼应，车身流畅。
    
    





            

    内饰
        
            
            
        
        5
    
    
    内饰用料就非常不错。座椅很柔软，而且坐垫很长，支撑性特别棒。隔音效果不错，关上车门之后再听歌真的很享受。
    
    





            

    性价比
        
            
            
        
        5
    
    
    买新能源的车型就是看中了它的政策比较好，而且现在买混动车更方便一些，续航里程很高，也可以当做电车。
    
    





            
                

    智能化
        
            
            
        
        5
    
    
    配置特别多。全速自适应巡航是最完美的一个功能。可以实现跟车自动刹车和自动加速。
    
    




            

            



        "
福州车友3654203,2022-10-21 首次发表,"
            
                
                    1008km
                    
                    行驶里程
                
                
                
                
                
                    15.0kWh
                    春秋电耗
                
                
                
                
                
                
                    108公里
                    春秋续航
                
                
                
                

                
                
                    24.30万
                    裸车购买价
                
                
                    2022-10
                    购买时间
                
                
                    福州
                    购买地点
                
            
            
    
        
            
        
        
            
        
        
            
        
        
            
        
    
    

    
        $(document).ready(function () {
            var koubeiid = 4641951;

        });

    


            
                最满意
                不知不觉的用车也有一段时间了，目前来说个人对这个车最满意的地方就是它的操控感了，所以说是一辆SUV车型，但是加起来还是挺轻松的。底盘软件动力充足，方向盘指向还很准确。
            
            
                最不满意
                不满意的地方当然也有，现在就是觉得这个车的减震稍微有点儿硬。在走一些不平坦的道路时会觉得不太舒服。
            

            

    空间
        
            
            
        
        5
    
    
    从日常家用的角度上来看，这个车的空间绝对算是比较宽敞的，前排座椅调整好位置，后排的人坐着也有很充足的活动空间。车内坐下五个成年人，一点儿也不会觉得拥挤，偶尔带着全家人一起出去玩儿，他们也都觉得很舒服
    
    
        乘坐空间
        我身高173，一般般，坐在车里不顶头不压抑，后排也可以轻松翘起二郎腿
        
        
    






                

    驾驶感受
        
            
            
        
        4
    
    
    这个车底盘高高的，视野很好，偶尔自驾游感觉非常的轻松。日常在市区里面开的话，车速比较慢，方向盘就特别的轻盈，单手掌控都没有什么问题。不足之处就是减震稍微有点儿硬，不太适合走那些烂路。有时候就会觉得有点颠簸
    
    






            

            




            

    续航
        
            
            
        
        5
    
    
    百公里耗电量大概是15kw左右。夏天开空调的情况下也不会有太大的影响，续航这方面是完全不用担心的，非常省油，很赞
    
    





            
            

    外观
        
            
            
        
        5
    
    
    一个人一个审美，个人的话，感觉这个车的颜值是非常高的。喜欢他犀利的前脸，造型看起来特别的有范儿，年轻人开，不要太合适。
    
    





            

    内饰
        
            
            
        
        5
    
    
    中控台的设计比较简洁，虽然没有什么华丽的装饰，带给人一种很清爽，很舒服的感觉，大屏很给力，功能很齐全
    
    





            

    性价比
        
            
            
        
        5
    
    
    价格在我的预算范围之内，关键是各方面的表现都很均衡，没有大的短板，所以我感觉还是挺值得选择的。
    
    





            
                

    智能化
        
            
            
        
        5
    
    
    这车全系都有标配前后驻车雷达，360全景影像等配置，都是很实用的东西。
    
    




            

            



        "
三个大不溜,2022-09-23 首次发表,"
            
                
                    643km
                    
                    行驶里程
                
                
                    6.5L
                    百公里油耗
                
                
                    22.0kWh
                    百公里电耗
                
                
                
                
                
                
                
                
                
                
                

                
                
                    22.90万
                    裸车购买价
                
                
                    2022-09
                    购买时间
                
                
                    荆州
                    购买地点
                
            
            
    
    

    
        $(document).ready(function () {
            var koubeiid = 4599055;

        });

    


            
                最满意
                拿铁的品控比较不错，基本摸得到看得到的地方都是皮质，服务也非常好。魏派安全性能毋庸置疑，基本算得上是公路坦克，前段时间刷到vv7高速翻车视频，车上零死亡，可以称作“公路坦克”了吧，代表着长城对车内人员安全的着重性，且拿铁全车高强度钢达到75%，对比vv7有过之无不及。看到此地无银对拿铁phev全车的拆解视频，了解到此车的用料及做工，是我选择的最主要原因，平常开车比较多，基本每天有八分之一的时间在车上，这么令人放心的用料，很难令人不去选择他。再就是纯电184km非常吸引我，基本可以做到日常零油耗，送的4000油卡不知道何时才能用完！
 偶尔在外面吃饭，停别人店门口，都会有人赞赏，说这个车真大气，真好看。
            
            
                最不满意
                馈电油耗稍微对不起最好的混动称号，可能是这台1.5的发动机电气化还是稍有不足，热效率不高，不是完全体的柠檬混动。品牌力稍有不足，馈电行驶质感略差。经常被别人认成林肯，咋那么一看确实像哈哈。还是希望长城的营销做的再高一点，突出卖点，找准切入点，突出跟哈弗品牌的不同，不要在被人说是精装哈弗！
            

            

    空间
        
            
            
        
        5
    
    
    空间不错，可以满足全家人出行。
    
    
    
    
    


    
        ☆ 空间设计亮点
        中控扶手箱下面镂空，可以放很多东西。
        
        
    
    
    
    


    






                

    驾驶感受
        
            
            
        
        4
    
    
    后段加速也比较有劲。
    
    
        起步/加速动力
        起步只要踩油门，除了新能源基本是第一。
        
        
    






            
                

    操控
        
            
            
        
        4
    
    
    油门比较线性，随踩随有。
    
    
        ☆ 车道保持辅助系统
        这套hwa辅助系统，应该是国产第一梯队了吧，无论是车道保持，还是全域自适应巡航，都非常棒，还可以做到自动变道，第一次使用，真是惊呆了我。
        
        
    
        ☆ 主动刹车
        相当灵敏，不然我新车就要倒车撞人了
        
        
    
        方向盘操控感
        转向三级可调，但是貌似变化不大！
        
        
    
        刹车表现
        刹车还不错，比较有信心。
        
        
    




            

            




            

    续航
        
            
            
        
        4
    
    
    满油满电情况下900公里应该是可以达到的，纯电续航稍微温柔点，基本跑个200公里不是问题！
    
    
        充电时间
        家充大概五个小时，直充大概一个多小时一点就充满了，去商场吃个饭的功夫，也省了停车费！
        
        
    





            
                

    舒适性
        
            
            
        
        5
    
    
    基本没异味，舒适性很不错。空调制冷效果太好了，基本24度就冻得不行。
    
    
        ☆ PM2.5过滤装
        每次上车，车内空气非常清新，这个配置非常好。
        
        
    




            
            

    外观
        
            
            
        
        5
    
    
    有魏派的设计风格，但是三款车型令人傻傻分不清楚。
    
    
        车身做工
        做工非常好，油漆也非常厚，在路上被石子溅到车上，基本没有痕迹。
        
        
    





            

    内饰
        
            
            
        
        5
    
    
    座椅很柔软，有包裹性！
    
    
        ☆ 语音控制
        识别准确率相当高。
        
        
    
        ☆ 氛围灯效果
        氛围灯好看，颜色很多，有随动功能，可以跟着音乐自动切换。
        
        
    





            

    性价比
        
            
            
        
        2
    
    
    考虑性价比的人就不要选择这个车了，这个车比较适合新青年，有主见，有格调的人选择。
    
    





            

            
                



            



        "
